SAVEDIR set to /project/lgagliardi/helenclifford/practice_rcc/sharc4/methaniminium/tutorial_reproduction/traj/Singlet_2/TRAJ_00002/restart
Scratchdir set to /scratch/midway3/helenclifford/sharc_scratch/methaniminium_tutorial/traj/Singlet_2/TRAJ_00002/QM
WARNING: 'no-douglas-kroll' not in template keywords: paddingstates, density_calculation_methods, tCI, basis, baslib, basis_per_element, basis_per_atom, nactel, ras1, ras2, ras3, inactive, roots, origin, origin_pos, isotope_elements, isotope_masses, method, functional, ipea, cort_or_dort, imaginary, frozen, gradaccudefault, gradaccumax, pcmset, pcmstate, iterations, cholesky_accu, rasscf_thrs, rasscf_levshift, rasscf_sxdamp, rasscf_noqune, rasscf_convergence_mults, rasscf_guess_jobiph, rasscf_guess_mult, rasscf_guess_step, mclr_iterations, mclr_cgs
WARNING: 'cholesky' not in template keywords: paddingstates, density_calculation_methods, tCI, basis, baslib, basis_per_element, basis_per_atom, nactel, ras1, ras2, ras3, inactive, roots, origin, origin_pos, isotope_elements, isotope_masses, method, functional, ipea, cort_or_dort, imaginary, frozen, gradaccudefault, gradaccumax, pcmset, pcmstate, iterations, cholesky_accu, rasscf_thrs, rasscf_levshift, rasscf_sxdamp, rasscf_noqune, rasscf_convergence_mults, rasscf_guess_jobiph, rasscf_guess_mult, rasscf_guess_step, mclr_iterations, mclr_cgs
paddingstates not specified setting default, [0, 0, 0]
Starting job execution
['gateway']
['seward']
['copy', '/project/lgagliardi/helenclifford/practice_rcc/sharc4/methaniminium/tutorial_reproduction/traj/Singlet_2/TRAJ_00002/QM/MOLCAS.1.RasOrb.init', 'INPORB']
['rasscf', 1, 4, False, True]
['copy', 'MOLCAS.rasscf.h5', 'MOLCAS.1.rasscf.h5']
['copy', 'MOLCAS.JobIph', 'MOLCAS.1.JobIph']
['copy', '/project/lgagliardi/helenclifford/practice_rcc/sharc4/methaniminium/tutorial_reproduction/traj/Singlet_2/TRAJ_00002/QM/MOLCAS.3.RasOrb.init', 'INPORB']
['rasscf', 3, 3, False, True]
['copy', 'MOLCAS.rasscf.h5', 'MOLCAS.3.rasscf.h5']
['copy', 'MOLCAS.JobIph', 'MOLCAS.3.JobIph']
['link', 'MOLCAS.1.JobIph', 'JOB001']
['rassi', 'dm', [4]]
['copy', 'MOLCAS.rassi.h5', 'MOLCAS.rassi.1.h5']
['link', 'MOLCAS.3.JobIph', 'JOB001']
['rassi', 'dm', [3]]
['copy', 'MOLCAS.rassi.h5', 'MOLCAS.rassi.3.h5']
['link', 'MOLCAS.1.JobIph', 'JOB001']
['link', 'MOLCAS.3.JobIph', 'JOB002']
['rassi', 'soc', [4, 3]]
['copy', '$master_path/MOLCAS.1.JobIph', 'JOBOLD']
['rasscf', 1, 4, True, False]
['mclr', 0.0001, 'sala=2']
['alaska']
['copy', '$master_path/MOLCAS.3.JobIph', 'JOBOLD']
['rasscf', 3, 3, True, False]
['mclr', 0.0001, 'sala=3']
['alaska']
['copy', '$master_path/MOLCAS.3.JobIph', 'JOBOLD']
['rasscf', 3, 3, True, False]
['mclr', 0.0001, 'sala=1']
['alaska']
['copy', '$master_path/MOLCAS.1.JobIph', 'JOBOLD']
['rasscf', 1, 4, True, False]
['mclr', 0.0001, 'sala=1']
['alaska']
['copy', '$master_path/MOLCAS.1.JobIph', 'JOBOLD']
['rasscf', 1, 4, True, False]
['mclr', 0.0001, 'sala=3']
['alaska']
['copy', '$master_path/MOLCAS.3.JobIph', 'JOBOLD']
['rasscf', 3, 3, True, False]
['mclr', 0.0001, 'sala=2']
['alaska']
['copy', '$master_path/MOLCAS.1.JobIph', 'JOBOLD']
['rasscf', 1, 4, True, False]
['mclr', 0.0001, 'sala=4']
['alaska']
All jobs finished:
job: master          code: 0    runtime: 0:00:10.937436
job: grad_1_2        code: 0    runtime: 0:00:05.732919
job: grad_3_3        code: 0    runtime: 0:00:05.057944
job: grad_3_1        code: 0    runtime: 0:00:05.457218
job: grad_1_1        code: 0    runtime: 0:00:05.116539
job: grad_1_3        code: 0    runtime: 0:00:04.846536
job: grad_3_2        code: 0    runtime: 0:00:04.811435
job: grad_1_4        code: 0    runtime: 0:00:05.429309

mkdir: cannot create directory '/project/lgagliardi/helenclifford/practice_rcc/sharc4/methaniminium/tutorial_reproduction/traj/Singlet_2/TRAJ_00002/restart': File exists
Starting job execution
['gateway']
['seward']
['copy', '/project/lgagliardi/helenclifford/practice_rcc/sharc4/methaniminium/tutorial_reproduction/traj/Singlet_2/TRAJ_00002/restart/MOLCAS.1.JobIph.0', 'JOBOLD']
['rasscf', 1, 4, True, False]
['copy', 'MOLCAS.rasscf.h5', 'MOLCAS.1.rasscf.h5']
['copy', 'MOLCAS.JobIph', 'MOLCAS.1.JobIph']
['copy', '/project/lgagliardi/helenclifford/practice_rcc/sharc4/methaniminium/tutorial_reproduction/traj/Singlet_2/TRAJ_00002/restart/MOLCAS.3.JobIph.0', 'JOBOLD']
['rasscf', 3, 3, True, False]
['copy', 'MOLCAS.rasscf.h5', 'MOLCAS.3.rasscf.h5']
['copy', 'MOLCAS.JobIph', 'MOLCAS.3.JobIph']
['link', 'MOLCAS.1.JobIph', 'JOB001']
['rassi', 'dm', [4]]
['copy', 'MOLCAS.rassi.h5', 'MOLCAS.rassi.1.h5']
['link', 'MOLCAS.3.JobIph', 'JOB001']
['rassi', 'dm', [3]]
['copy', 'MOLCAS.rassi.h5', 'MOLCAS.rassi.3.h5']
['copy', '/project/lgagliardi/helenclifford/practice_rcc/sharc4/methaniminium/tutorial_reproduction/traj/Singlet_2/TRAJ_00002/restart/MOLCAS.1.JobIph.0', 'JOB001']
['link', 'MOLCAS.1.JobIph', 'JOB002']
['rassi', 'overlap', [4, 4]]
['copy', 'MOLCAS.rassi.h5', 'MOLCAS.rassi.ovlp.1.h5']
['copy', '/project/lgagliardi/helenclifford/practice_rcc/sharc4/methaniminium/tutorial_reproduction/traj/Singlet_2/TRAJ_00002/restart/MOLCAS.3.JobIph.0', 'JOB001']
['link', 'MOLCAS.3.JobIph', 'JOB002']
['rassi', 'overlap', [3, 3]]
['copy', 'MOLCAS.rassi.h5', 'MOLCAS.rassi.ovlp.3.h5']
['link', 'MOLCAS.1.JobIph', 'JOB001']
['link', 'MOLCAS.3.JobIph', 'JOB002']
['rassi', 'soc', [4, 3]]
['copy', '$master_path/MOLCAS.3.JobIph', 'JOBOLD']
['rasscf', 3, 3, True, False]
['mclr', 0.0001, 'sala=3']
['alaska']
['copy', '$master_path/MOLCAS.1.JobIph', 'JOBOLD']
['rasscf', 1, 4, True, False]
['mclr', 0.0001, 'sala=3']
['alaska']
All jobs finished:
job: master          code: 0    runtime: 0:00:12.152299
job: grad_3_3        code: 0    runtime: 0:00:05.301601
job: grad_1_3        code: 0    runtime: 0:00:05.527954

Starting job execution
['gateway']
['seward']
['copy', '/project/lgagliardi/helenclifford/practice_rcc/sharc4/methaniminium/tutorial_reproduction/traj/Singlet_2/TRAJ_00002/restart/MOLCAS.1.JobIph.1', 'JOBOLD']
['rasscf', 1, 4, True, False]
['copy', 'MOLCAS.rasscf.h5', 'MOLCAS.1.rasscf.h5']
['copy', 'MOLCAS.JobIph', 'MOLCAS.1.JobIph']
['copy', '/project/lgagliardi/helenclifford/practice_rcc/sharc4/methaniminium/tutorial_reproduction/traj/Singlet_2/TRAJ_00002/restart/MOLCAS.3.JobIph.1', 'JOBOLD']
['rasscf', 3, 3, True, False]
['copy', 'MOLCAS.rasscf.h5', 'MOLCAS.3.rasscf.h5']
['copy', 'MOLCAS.JobIph', 'MOLCAS.3.JobIph']
['link', 'MOLCAS.1.JobIph', 'JOB001']
['rassi', 'dm', [4]]
['copy', 'MOLCAS.rassi.h5', 'MOLCAS.rassi.1.h5']
['link', 'MOLCAS.3.JobIph', 'JOB001']
['rassi', 'dm', [3]]
['copy', 'MOLCAS.rassi.h5', 'MOLCAS.rassi.3.h5']
['copy', '/project/lgagliardi/helenclifford/practice_rcc/sharc4/methaniminium/tutorial_reproduction/traj/Singlet_2/TRAJ_00002/restart/MOLCAS.1.JobIph.1', 'JOB001']
['link', 'MOLCAS.1.JobIph', 'JOB002']
['rassi', 'overlap', [4, 4]]
['copy', 'MOLCAS.rassi.h5', 'MOLCAS.rassi.ovlp.1.h5']
['copy', '/project/lgagliardi/helenclifford/practice_rcc/sharc4/methaniminium/tutorial_reproduction/traj/Singlet_2/TRAJ_00002/restart/MOLCAS.3.JobIph.1', 'JOB001']
['link', 'MOLCAS.3.JobIph', 'JOB002']
['rassi', 'overlap', [3, 3]]
['copy', 'MOLCAS.rassi.h5', 'MOLCAS.rassi.ovlp.3.h5']
['link', 'MOLCAS.1.JobIph', 'JOB001']
['link', 'MOLCAS.3.JobIph', 'JOB002']
['rassi', 'soc', [4, 3]]
['copy', '$master_path/MOLCAS.3.JobIph', 'JOBOLD']
['rasscf', 3, 3, True, False]
['mclr', 0.0001, 'sala=3']
['alaska']
['copy', '$master_path/MOLCAS.1.JobIph', 'JOBOLD']
['rasscf', 1, 4, True, False]
['mclr', 0.0001, 'sala=3']
['alaska']
All jobs finished:
job: master          code: 0    runtime: 0:00:13.249232
job: grad_3_3        code: 0    runtime: 0:00:05.501785
job: grad_1_3        code: 0    runtime: 0:00:05.742104

Starting job execution
['gateway']
['seward']
['copy', '/project/lgagliardi/helenclifford/practice_rcc/sharc4/methaniminium/tutorial_reproduction/traj/Singlet_2/TRAJ_00002/restart/MOLCAS.1.JobIph.2', 'JOBOLD']
['rasscf', 1, 4, True, False]
['copy', 'MOLCAS.rasscf.h5', 'MOLCAS.1.rasscf.h5']
['copy', 'MOLCAS.JobIph', 'MOLCAS.1.JobIph']
['copy', '/project/lgagliardi/helenclifford/practice_rcc/sharc4/methaniminium/tutorial_reproduction/traj/Singlet_2/TRAJ_00002/restart/MOLCAS.3.JobIph.2', 'JOBOLD']
['rasscf', 3, 3, True, False]
['copy', 'MOLCAS.rasscf.h5', 'MOLCAS.3.rasscf.h5']
['copy', 'MOLCAS.JobIph', 'MOLCAS.3.JobIph']
['link', 'MOLCAS.1.JobIph', 'JOB001']
['rassi', 'dm', [4]]
['copy', 'MOLCAS.rassi.h5', 'MOLCAS.rassi.1.h5']
['link', 'MOLCAS.3.JobIph', 'JOB001']
['rassi', 'dm', [3]]
['copy', 'MOLCAS.rassi.h5', 'MOLCAS.rassi.3.h5']
['copy', '/project/lgagliardi/helenclifford/practice_rcc/sharc4/methaniminium/tutorial_reproduction/traj/Singlet_2/TRAJ_00002/restart/MOLCAS.1.JobIph.2', 'JOB001']
['link', 'MOLCAS.1.JobIph', 'JOB002']
['rassi', 'overlap', [4, 4]]
['copy', 'MOLCAS.rassi.h5', 'MOLCAS.rassi.ovlp.1.h5']
['copy', '/project/lgagliardi/helenclifford/practice_rcc/sharc4/methaniminium/tutorial_reproduction/traj/Singlet_2/TRAJ_00002/restart/MOLCAS.3.JobIph.2', 'JOB001']
['link', 'MOLCAS.3.JobIph', 'JOB002']
['rassi', 'overlap', [3, 3]]
['copy', 'MOLCAS.rassi.h5', 'MOLCAS.rassi.ovlp.3.h5']
['link', 'MOLCAS.1.JobIph', 'JOB001']
['link', 'MOLCAS.3.JobIph', 'JOB002']
['rassi', 'soc', [4, 3]]
['copy', '$master_path/MOLCAS.3.JobIph', 'JOBOLD']
['rasscf', 3, 3, True, False]
['mclr', 0.0001, 'sala=3']
['alaska']
['copy', '$master_path/MOLCAS.1.JobIph', 'JOBOLD']
['rasscf', 1, 4, True, False]
['mclr', 0.0001, 'sala=3']
['alaska']
All jobs finished:
job: master          code: 0    runtime: 0:00:12.707727
job: grad_3_3        code: 0    runtime: 0:00:05.243210
job: grad_1_3        code: 0    runtime: 0:00:05.455632

Starting job execution
['gateway']
['seward']
['copy', '/project/lgagliardi/helenclifford/practice_rcc/sharc4/methaniminium/tutorial_reproduction/traj/Singlet_2/TRAJ_00002/restart/MOLCAS.1.JobIph.3', 'JOBOLD']
['rasscf', 1, 4, True, False]
['copy', 'MOLCAS.rasscf.h5', 'MOLCAS.1.rasscf.h5']
['copy', 'MOLCAS.JobIph', 'MOLCAS.1.JobIph']
['copy', '/project/lgagliardi/helenclifford/practice_rcc/sharc4/methaniminium/tutorial_reproduction/traj/Singlet_2/TRAJ_00002/restart/MOLCAS.3.JobIph.3', 'JOBOLD']
['rasscf', 3, 3, True, False]
['copy', 'MOLCAS.rasscf.h5', 'MOLCAS.3.rasscf.h5']
['copy', 'MOLCAS.JobIph', 'MOLCAS.3.JobIph']
['link', 'MOLCAS.1.JobIph', 'JOB001']
['rassi', 'dm', [4]]
['copy', 'MOLCAS.rassi.h5', 'MOLCAS.rassi.1.h5']
['link', 'MOLCAS.3.JobIph', 'JOB001']
['rassi', 'dm', [3]]
['copy', 'MOLCAS.rassi.h5', 'MOLCAS.rassi.3.h5']
['copy', '/project/lgagliardi/helenclifford/practice_rcc/sharc4/methaniminium/tutorial_reproduction/traj/Singlet_2/TRAJ_00002/restart/MOLCAS.1.JobIph.3', 'JOB001']
['link', 'MOLCAS.1.JobIph', 'JOB002']
['rassi', 'overlap', [4, 4]]
['copy', 'MOLCAS.rassi.h5', 'MOLCAS.rassi.ovlp.1.h5']
['copy', '/project/lgagliardi/helenclifford/practice_rcc/sharc4/methaniminium/tutorial_reproduction/traj/Singlet_2/TRAJ_00002/restart/MOLCAS.3.JobIph.3', 'JOB001']
['link', 'MOLCAS.3.JobIph', 'JOB002']
['rassi', 'overlap', [3, 3]]
['copy', 'MOLCAS.rassi.h5', 'MOLCAS.rassi.ovlp.3.h5']
['link', 'MOLCAS.1.JobIph', 'JOB001']
['link', 'MOLCAS.3.JobIph', 'JOB002']
['rassi', 'soc', [4, 3]]
['copy', '$master_path/MOLCAS.3.JobIph', 'JOBOLD']
['rasscf', 3, 3, True, False]
['mclr', 0.0001, 'sala=3']
['alaska']
['copy', '$master_path/MOLCAS.1.JobIph', 'JOBOLD']
['rasscf', 1, 4, True, False]
['mclr', 0.0001, 'sala=3']
['alaska']
All jobs finished:
job: master          code: 0    runtime: 0:00:12.764843
job: grad_3_3        code: 0    runtime: 0:00:05.141364
job: grad_1_3        code: 0    runtime: 0:00:05.205700

Starting job execution
['gateway']
['seward']
['copy', '/project/lgagliardi/helenclifford/practice_rcc/sharc4/methaniminium/tutorial_reproduction/traj/Singlet_2/TRAJ_00002/restart/MOLCAS.1.JobIph.4', 'JOBOLD']
['rasscf', 1, 4, True, False]
['copy', 'MOLCAS.rasscf.h5', 'MOLCAS.1.rasscf.h5']
['copy', 'MOLCAS.JobIph', 'MOLCAS.1.JobIph']
['copy', '/project/lgagliardi/helenclifford/practice_rcc/sharc4/methaniminium/tutorial_reproduction/traj/Singlet_2/TRAJ_00002/restart/MOLCAS.3.JobIph.4', 'JOBOLD']
['rasscf', 3, 3, True, False]
['copy', 'MOLCAS.rasscf.h5', 'MOLCAS.3.rasscf.h5']
['copy', 'MOLCAS.JobIph', 'MOLCAS.3.JobIph']
['link', 'MOLCAS.1.JobIph', 'JOB001']
['rassi', 'dm', [4]]
['copy', 'MOLCAS.rassi.h5', 'MOLCAS.rassi.1.h5']
['link', 'MOLCAS.3.JobIph', 'JOB001']
['rassi', 'dm', [3]]
['copy', 'MOLCAS.rassi.h5', 'MOLCAS.rassi.3.h5']
['copy', '/project/lgagliardi/helenclifford/practice_rcc/sharc4/methaniminium/tutorial_reproduction/traj/Singlet_2/TRAJ_00002/restart/MOLCAS.1.JobIph.4', 'JOB001']
['link', 'MOLCAS.1.JobIph', 'JOB002']
['rassi', 'overlap', [4, 4]]
['copy', 'MOLCAS.rassi.h5', 'MOLCAS.rassi.ovlp.1.h5']
['copy', '/project/lgagliardi/helenclifford/practice_rcc/sharc4/methaniminium/tutorial_reproduction/traj/Singlet_2/TRAJ_00002/restart/MOLCAS.3.JobIph.4', 'JOB001']
['link', 'MOLCAS.3.JobIph', 'JOB002']
['rassi', 'overlap', [3, 3]]
['copy', 'MOLCAS.rassi.h5', 'MOLCAS.rassi.ovlp.3.h5']
['link', 'MOLCAS.1.JobIph', 'JOB001']
['link', 'MOLCAS.3.JobIph', 'JOB002']
['rassi', 'soc', [4, 3]]
['copy', '$master_path/MOLCAS.1.JobIph', 'JOBOLD']
['rasscf', 1, 4, True, False]
['mclr', 0.0001, 'sala=3']
['alaska']
All jobs finished:
job: master          code: 0    runtime: 0:00:11.692820
job: grad_1_3        code: 0    runtime: 0:00:05.058884

Starting job execution
['gateway']
['seward']
['copy', '/project/lgagliardi/helenclifford/practice_rcc/sharc4/methaniminium/tutorial_reproduction/traj/Singlet_2/TRAJ_00002/restart/MOLCAS.1.JobIph.5', 'JOBOLD']
['rasscf', 1, 4, True, False]
['copy', 'MOLCAS.rasscf.h5', 'MOLCAS.1.rasscf.h5']
['copy', 'MOLCAS.JobIph', 'MOLCAS.1.JobIph']
['copy', '/project/lgagliardi/helenclifford/practice_rcc/sharc4/methaniminium/tutorial_reproduction/traj/Singlet_2/TRAJ_00002/restart/MOLCAS.3.JobIph.5', 'JOBOLD']
['rasscf', 3, 3, True, False]
['copy', 'MOLCAS.rasscf.h5', 'MOLCAS.3.rasscf.h5']
['copy', 'MOLCAS.JobIph', 'MOLCAS.3.JobIph']
['link', 'MOLCAS.1.JobIph', 'JOB001']
['rassi', 'dm', [4]]
['copy', 'MOLCAS.rassi.h5', 'MOLCAS.rassi.1.h5']
['link', 'MOLCAS.3.JobIph', 'JOB001']
['rassi', 'dm', [3]]
['copy', 'MOLCAS.rassi.h5', 'MOLCAS.rassi.3.h5']
['copy', '/project/lgagliardi/helenclifford/practice_rcc/sharc4/methaniminium/tutorial_reproduction/traj/Singlet_2/TRAJ_00002/restart/MOLCAS.1.JobIph.5', 'JOB001']
['link', 'MOLCAS.1.JobIph', 'JOB002']
['rassi', 'overlap', [4, 4]]
['copy', 'MOLCAS.rassi.h5', 'MOLCAS.rassi.ovlp.1.h5']
['copy', '/project/lgagliardi/helenclifford/practice_rcc/sharc4/methaniminium/tutorial_reproduction/traj/Singlet_2/TRAJ_00002/restart/MOLCAS.3.JobIph.5', 'JOB001']
['link', 'MOLCAS.3.JobIph', 'JOB002']
['rassi', 'overlap', [3, 3]]
['copy', 'MOLCAS.rassi.h5', 'MOLCAS.rassi.ovlp.3.h5']
['link', 'MOLCAS.1.JobIph', 'JOB001']
['link', 'MOLCAS.3.JobIph', 'JOB002']
['rassi', 'soc', [4, 3]]
['copy', '$master_path/MOLCAS.1.JobIph', 'JOBOLD']
['rasscf', 1, 4, True, False]
['mclr', 0.0001, 'sala=3']
['alaska']
All jobs finished:
job: master          code: 0    runtime: 0:00:13.068017
job: grad_1_3        code: 0    runtime: 0:00:05.523003

Starting job execution
['gateway']
['seward']
['copy', '/project/lgagliardi/helenclifford/practice_rcc/sharc4/methaniminium/tutorial_reproduction/traj/Singlet_2/TRAJ_00002/restart/MOLCAS.1.JobIph.6', 'JOBOLD']
['rasscf', 1, 4, True, False]
['copy', 'MOLCAS.rasscf.h5', 'MOLCAS.1.rasscf.h5']
['copy', 'MOLCAS.JobIph', 'MOLCAS.1.JobIph']
['copy', '/project/lgagliardi/helenclifford/practice_rcc/sharc4/methaniminium/tutorial_reproduction/traj/Singlet_2/TRAJ_00002/restart/MOLCAS.3.JobIph.6', 'JOBOLD']
['rasscf', 3, 3, True, False]
['copy', 'MOLCAS.rasscf.h5', 'MOLCAS.3.rasscf.h5']
['copy', 'MOLCAS.JobIph', 'MOLCAS.3.JobIph']
['link', 'MOLCAS.1.JobIph', 'JOB001']
['rassi', 'dm', [4]]
['copy', 'MOLCAS.rassi.h5', 'MOLCAS.rassi.1.h5']
['link', 'MOLCAS.3.JobIph', 'JOB001']
['rassi', 'dm', [3]]
['copy', 'MOLCAS.rassi.h5', 'MOLCAS.rassi.3.h5']
['copy', '/project/lgagliardi/helenclifford/practice_rcc/sharc4/methaniminium/tutorial_reproduction/traj/Singlet_2/TRAJ_00002/restart/MOLCAS.1.JobIph.6', 'JOB001']
['link', 'MOLCAS.1.JobIph', 'JOB002']
['rassi', 'overlap', [4, 4]]
['copy', 'MOLCAS.rassi.h5', 'MOLCAS.rassi.ovlp.1.h5']
['copy', '/project/lgagliardi/helenclifford/practice_rcc/sharc4/methaniminium/tutorial_reproduction/traj/Singlet_2/TRAJ_00002/restart/MOLCAS.3.JobIph.6', 'JOB001']
['link', 'MOLCAS.3.JobIph', 'JOB002']
['rassi', 'overlap', [3, 3]]
['copy', 'MOLCAS.rassi.h5', 'MOLCAS.rassi.ovlp.3.h5']
['link', 'MOLCAS.1.JobIph', 'JOB001']
['link', 'MOLCAS.3.JobIph', 'JOB002']
['rassi', 'soc', [4, 3]]
['copy', '$master_path/MOLCAS.1.JobIph', 'JOBOLD']
['rasscf', 1, 4, True, False]
['mclr', 0.0001, 'sala=3']
['alaska']
All jobs finished:
job: master          code: 0    runtime: 0:00:11.992025
job: grad_1_3        code: 0    runtime: 0:00:05.585797

Starting job execution
['gateway']
['seward']
['copy', '/project/lgagliardi/helenclifford/practice_rcc/sharc4/methaniminium/tutorial_reproduction/traj/Singlet_2/TRAJ_00002/restart/MOLCAS.1.JobIph.7', 'JOBOLD']
['rasscf', 1, 4, True, False]
['copy', 'MOLCAS.rasscf.h5', 'MOLCAS.1.rasscf.h5']
['copy', 'MOLCAS.JobIph', 'MOLCAS.1.JobIph']
['copy', '/project/lgagliardi/helenclifford/practice_rcc/sharc4/methaniminium/tutorial_reproduction/traj/Singlet_2/TRAJ_00002/restart/MOLCAS.3.JobIph.7', 'JOBOLD']
['rasscf', 3, 3, True, False]
['copy', 'MOLCAS.rasscf.h5', 'MOLCAS.3.rasscf.h5']
['copy', 'MOLCAS.JobIph', 'MOLCAS.3.JobIph']
['link', 'MOLCAS.1.JobIph', 'JOB001']
['rassi', 'dm', [4]]
['copy', 'MOLCAS.rassi.h5', 'MOLCAS.rassi.1.h5']
['link', 'MOLCAS.3.JobIph', 'JOB001']
['rassi', 'dm', [3]]
['copy', 'MOLCAS.rassi.h5', 'MOLCAS.rassi.3.h5']
['copy', '/project/lgagliardi/helenclifford/practice_rcc/sharc4/methaniminium/tutorial_reproduction/traj/Singlet_2/TRAJ_00002/restart/MOLCAS.1.JobIph.7', 'JOB001']
['link', 'MOLCAS.1.JobIph', 'JOB002']
['rassi', 'overlap', [4, 4]]
['copy', 'MOLCAS.rassi.h5', 'MOLCAS.rassi.ovlp.1.h5']
['copy', '/project/lgagliardi/helenclifford/practice_rcc/sharc4/methaniminium/tutorial_reproduction/traj/Singlet_2/TRAJ_00002/restart/MOLCAS.3.JobIph.7', 'JOB001']
['link', 'MOLCAS.3.JobIph', 'JOB002']
['rassi', 'overlap', [3, 3]]
['copy', 'MOLCAS.rassi.h5', 'MOLCAS.rassi.ovlp.3.h5']
['link', 'MOLCAS.1.JobIph', 'JOB001']
['link', 'MOLCAS.3.JobIph', 'JOB002']
['rassi', 'soc', [4, 3]]
['copy', '$master_path/MOLCAS.1.JobIph', 'JOBOLD']
['rasscf', 1, 4, True, False]
['mclr', 0.0001, 'sala=3']
['alaska']
All jobs finished:
job: master          code: 0    runtime: 0:00:09.606623
job: grad_1_3        code: 0    runtime: 0:00:07.414241

Starting job execution
['gateway']
['seward']
['copy', '/project/lgagliardi/helenclifford/practice_rcc/sharc4/methaniminium/tutorial_reproduction/traj/Singlet_2/TRAJ_00002/restart/MOLCAS.1.JobIph.8', 'JOBOLD']
['rasscf', 1, 4, True, False]
['copy', 'MOLCAS.rasscf.h5', 'MOLCAS.1.rasscf.h5']
['copy', 'MOLCAS.JobIph', 'MOLCAS.1.JobIph']
['copy', '/project/lgagliardi/helenclifford/practice_rcc/sharc4/methaniminium/tutorial_reproduction/traj/Singlet_2/TRAJ_00002/restart/MOLCAS.3.JobIph.8', 'JOBOLD']
['rasscf', 3, 3, True, False]
['copy', 'MOLCAS.rasscf.h5', 'MOLCAS.3.rasscf.h5']
['copy', 'MOLCAS.JobIph', 'MOLCAS.3.JobIph']
['link', 'MOLCAS.1.JobIph', 'JOB001']
['rassi', 'dm', [4]]
['copy', 'MOLCAS.rassi.h5', 'MOLCAS.rassi.1.h5']
['link', 'MOLCAS.3.JobIph', 'JOB001']
['rassi', 'dm', [3]]
['copy', 'MOLCAS.rassi.h5', 'MOLCAS.rassi.3.h5']
['copy', '/project/lgagliardi/helenclifford/practice_rcc/sharc4/methaniminium/tutorial_reproduction/traj/Singlet_2/TRAJ_00002/restart/MOLCAS.1.JobIph.7', 'JOB001']
['link', 'MOLCAS.1.JobIph', 'JOB002']
['rassi', 'overlap', [4, 4]]
['copy', 'MOLCAS.rassi.h5', 'MOLCAS.rassi.ovlp.1.h5']
['copy', '/project/lgagliardi/helenclifford/practice_rcc/sharc4/methaniminium/tutorial_reproduction/traj/Singlet_2/TRAJ_00002/restart/MOLCAS.3.JobIph.7', 'JOB001']
['link', 'MOLCAS.3.JobIph', 'JOB002']
['rassi', 'overlap', [3, 3]]
['copy', 'MOLCAS.rassi.h5', 'MOLCAS.rassi.ovlp.3.h5']
['link', 'MOLCAS.1.JobIph', 'JOB001']
['link', 'MOLCAS.3.JobIph', 'JOB002']
['rassi', 'soc', [4, 3]]
['copy', '$master_path/MOLCAS.1.JobIph', 'JOBOLD']
['rasscf', 1, 4, True, False]
['mclr', 0.0001, 'sala=2']
['alaska']
['copy', '$master_path/MOLCAS.1.JobIph', 'JOBOLD']
['rasscf', 1, 4, True, False]
['mclr', 0.0001, 'sala=3']
['alaska']
All jobs finished:
job: master          code: 0    runtime: 0:00:10.376471
job: grad_1_2        code: 0    runtime: 0:00:06.186268
job: grad_1_3        code: 0    runtime: 0:00:05.686746

Starting job execution
['gateway']
['seward']
['copy', '/project/lgagliardi/helenclifford/practice_rcc/sharc4/methaniminium/tutorial_reproduction/traj/Singlet_2/TRAJ_00002/restart/MOLCAS.1.JobIph.8', 'JOBOLD']
['rasscf', 1, 4, True, False]
['copy', 'MOLCAS.rasscf.h5', 'MOLCAS.1.rasscf.h5']
['copy', 'MOLCAS.JobIph', 'MOLCAS.1.JobIph']
['copy', '/project/lgagliardi/helenclifford/practice_rcc/sharc4/methaniminium/tutorial_reproduction/traj/Singlet_2/TRAJ_00002/restart/MOLCAS.3.JobIph.8', 'JOBOLD']
['rasscf', 3, 3, True, False]
['copy', 'MOLCAS.rasscf.h5', 'MOLCAS.3.rasscf.h5']
['copy', 'MOLCAS.JobIph', 'MOLCAS.3.JobIph']
['link', 'MOLCAS.1.JobIph', 'JOB001']
['rassi', 'dm', [4]]
['copy', 'MOLCAS.rassi.h5', 'MOLCAS.rassi.1.h5']
['link', 'MOLCAS.3.JobIph', 'JOB001']
['rassi', 'dm', [3]]
['copy', 'MOLCAS.rassi.h5', 'MOLCAS.rassi.3.h5']
['copy', '/project/lgagliardi/helenclifford/practice_rcc/sharc4/methaniminium/tutorial_reproduction/traj/Singlet_2/TRAJ_00002/restart/MOLCAS.1.JobIph.8', 'JOB001']
['link', 'MOLCAS.1.JobIph', 'JOB002']
['rassi', 'overlap', [4, 4]]
['copy', 'MOLCAS.rassi.h5', 'MOLCAS.rassi.ovlp.1.h5']
['copy', '/project/lgagliardi/helenclifford/practice_rcc/sharc4/methaniminium/tutorial_reproduction/traj/Singlet_2/TRAJ_00002/restart/MOLCAS.3.JobIph.8', 'JOB001']
['link', 'MOLCAS.3.JobIph', 'JOB002']
['rassi', 'overlap', [3, 3]]
['copy', 'MOLCAS.rassi.h5', 'MOLCAS.rassi.ovlp.3.h5']
['link', 'MOLCAS.1.JobIph', 'JOB001']
['link', 'MOLCAS.3.JobIph', 'JOB002']
['rassi', 'soc', [4, 3]]
['copy', '$master_path/MOLCAS.1.JobIph', 'JOBOLD']
['rasscf', 1, 4, True, False]
['mclr', 0.0001, 'sala=2']
['alaska']
['copy', '$master_path/MOLCAS.1.JobIph', 'JOBOLD']
['rasscf', 1, 4, True, False]
['mclr', 0.0001, 'sala=3']
['alaska']
All jobs finished:
job: master          code: 0    runtime: 0:00:11.934161
job: grad_1_2        code: 0    runtime: 0:00:05.081597
job: grad_1_3        code: 0    runtime: 0:00:04.981984

Starting job execution
['gateway']
['seward']
['copy', '/project/lgagliardi/helenclifford/practice_rcc/sharc4/methaniminium/tutorial_reproduction/traj/Singlet_2/TRAJ_00002/restart/MOLCAS.1.JobIph.9', 'JOBOLD']
['rasscf', 1, 4, True, False]
['copy', 'MOLCAS.rasscf.h5', 'MOLCAS.1.rasscf.h5']
['copy', 'MOLCAS.JobIph', 'MOLCAS.1.JobIph']
['copy', '/project/lgagliardi/helenclifford/practice_rcc/sharc4/methaniminium/tutorial_reproduction/traj/Singlet_2/TRAJ_00002/restart/MOLCAS.3.JobIph.9', 'JOBOLD']
['rasscf', 3, 3, True, False]
['copy', 'MOLCAS.rasscf.h5', 'MOLCAS.3.rasscf.h5']
['copy', 'MOLCAS.JobIph', 'MOLCAS.3.JobIph']
['link', 'MOLCAS.1.JobIph', 'JOB001']
['rassi', 'dm', [4]]
['copy', 'MOLCAS.rassi.h5', 'MOLCAS.rassi.1.h5']
['link', 'MOLCAS.3.JobIph', 'JOB001']
['rassi', 'dm', [3]]
['copy', 'MOLCAS.rassi.h5', 'MOLCAS.rassi.3.h5']
['copy', '/project/lgagliardi/helenclifford/practice_rcc/sharc4/methaniminium/tutorial_reproduction/traj/Singlet_2/TRAJ_00002/restart/MOLCAS.1.JobIph.9', 'JOB001']
['link', 'MOLCAS.1.JobIph', 'JOB002']
['rassi', 'overlap', [4, 4]]
['copy', 'MOLCAS.rassi.h5', 'MOLCAS.rassi.ovlp.1.h5']
['copy', '/project/lgagliardi/helenclifford/practice_rcc/sharc4/methaniminium/tutorial_reproduction/traj/Singlet_2/TRAJ_00002/restart/MOLCAS.3.JobIph.9', 'JOB001']
['link', 'MOLCAS.3.JobIph', 'JOB002']
['rassi', 'overlap', [3, 3]]
['copy', 'MOLCAS.rassi.h5', 'MOLCAS.rassi.ovlp.3.h5']
['link', 'MOLCAS.1.JobIph', 'JOB001']
['link', 'MOLCAS.3.JobIph', 'JOB002']
['rassi', 'soc', [4, 3]]
['copy', '$master_path/MOLCAS.1.JobIph', 'JOBOLD']
['rasscf', 1, 4, True, False]
['mclr', 0.0001, 'sala=2']
['alaska']
All jobs finished:
job: master          code: 0    runtime: 0:00:12.732995
job: grad_1_2        code: 0    runtime: 0:00:05.347622

Starting job execution
['gateway']
['seward']
['copy', '/project/lgagliardi/helenclifford/practice_rcc/sharc4/methaniminium/tutorial_reproduction/traj/Singlet_2/TRAJ_00002/restart/MOLCAS.1.JobIph.10', 'JOBOLD']
['rasscf', 1, 4, True, False]
['copy', 'MOLCAS.rasscf.h5', 'MOLCAS.1.rasscf.h5']
['copy', 'MOLCAS.JobIph', 'MOLCAS.1.JobIph']
['copy', '/project/lgagliardi/helenclifford/practice_rcc/sharc4/methaniminium/tutorial_reproduction/traj/Singlet_2/TRAJ_00002/restart/MOLCAS.3.JobIph.10', 'JOBOLD']
['rasscf', 3, 3, True, False]
['copy', 'MOLCAS.rasscf.h5', 'MOLCAS.3.rasscf.h5']
['copy', 'MOLCAS.JobIph', 'MOLCAS.3.JobIph']
['link', 'MOLCAS.1.JobIph', 'JOB001']
['rassi', 'dm', [4]]
['copy', 'MOLCAS.rassi.h5', 'MOLCAS.rassi.1.h5']
['link', 'MOLCAS.3.JobIph', 'JOB001']
['rassi', 'dm', [3]]
['copy', 'MOLCAS.rassi.h5', 'MOLCAS.rassi.3.h5']
['copy', '/project/lgagliardi/helenclifford/practice_rcc/sharc4/methaniminium/tutorial_reproduction/traj/Singlet_2/TRAJ_00002/restart/MOLCAS.1.JobIph.10', 'JOB001']
['link', 'MOLCAS.1.JobIph', 'JOB002']
['rassi', 'overlap', [4, 4]]
['copy', 'MOLCAS.rassi.h5', 'MOLCAS.rassi.ovlp.1.h5']
['copy', '/project/lgagliardi/helenclifford/practice_rcc/sharc4/methaniminium/tutorial_reproduction/traj/Singlet_2/TRAJ_00002/restart/MOLCAS.3.JobIph.10', 'JOB001']
['link', 'MOLCAS.3.JobIph', 'JOB002']
['rassi', 'overlap', [3, 3]]
['copy', 'MOLCAS.rassi.h5', 'MOLCAS.rassi.ovlp.3.h5']
['link', 'MOLCAS.1.JobIph', 'JOB001']
['link', 'MOLCAS.3.JobIph', 'JOB002']
['rassi', 'soc', [4, 3]]
['copy', '$master_path/MOLCAS.1.JobIph', 'JOBOLD']
['rasscf', 1, 4, True, False]
['mclr', 0.0001, 'sala=2']
['alaska']
All jobs finished:
job: master          code: 0    runtime: 0:00:11.655816
job: grad_1_2        code: 0    runtime: 0:00:04.977850

Starting job execution
['gateway']
['seward']
['copy', '/project/lgagliardi/helenclifford/practice_rcc/sharc4/methaniminium/tutorial_reproduction/traj/Singlet_2/TRAJ_00002/restart/MOLCAS.1.JobIph.11', 'JOBOLD']
['rasscf', 1, 4, True, False]
['copy', 'MOLCAS.rasscf.h5', 'MOLCAS.1.rasscf.h5']
['copy', 'MOLCAS.JobIph', 'MOLCAS.1.JobIph']
['copy', '/project/lgagliardi/helenclifford/practice_rcc/sharc4/methaniminium/tutorial_reproduction/traj/Singlet_2/TRAJ_00002/restart/MOLCAS.3.JobIph.11', 'JOBOLD']
['rasscf', 3, 3, True, False]
['copy', 'MOLCAS.rasscf.h5', 'MOLCAS.3.rasscf.h5']
['copy', 'MOLCAS.JobIph', 'MOLCAS.3.JobIph']
['link', 'MOLCAS.1.JobIph', 'JOB001']
['rassi', 'dm', [4]]
['copy', 'MOLCAS.rassi.h5', 'MOLCAS.rassi.1.h5']
['link', 'MOLCAS.3.JobIph', 'JOB001']
['rassi', 'dm', [3]]
['copy', 'MOLCAS.rassi.h5', 'MOLCAS.rassi.3.h5']
['copy', '/project/lgagliardi/helenclifford/practice_rcc/sharc4/methaniminium/tutorial_reproduction/traj/Singlet_2/TRAJ_00002/restart/MOLCAS.1.JobIph.10', 'JOB001']
['link', 'MOLCAS.1.JobIph', 'JOB002']
['rassi', 'overlap', [4, 4]]
['copy', 'MOLCAS.rassi.h5', 'MOLCAS.rassi.ovlp.1.h5']
['copy', '/project/lgagliardi/helenclifford/practice_rcc/sharc4/methaniminium/tutorial_reproduction/traj/Singlet_2/TRAJ_00002/restart/MOLCAS.3.JobIph.10', 'JOB001']
['link', 'MOLCAS.3.JobIph', 'JOB002']
['rassi', 'overlap', [3, 3]]
['copy', 'MOLCAS.rassi.h5', 'MOLCAS.rassi.ovlp.3.h5']
['link', 'MOLCAS.1.JobIph', 'JOB001']
['link', 'MOLCAS.3.JobIph', 'JOB002']
['rassi', 'soc', [4, 3]]
['copy', '$master_path/MOLCAS.3.JobIph', 'JOBOLD']
['rasscf', 3, 3, True, False]
['mclr', 0.0001, 'sala=2']
['alaska']
['copy', '$master_path/MOLCAS.1.JobIph', 'JOBOLD']
['rasscf', 1, 4, True, False]
['mclr', 0.0001, 'sala=2']
['alaska']
All jobs finished:
job: master          code: 0    runtime: 0:00:12.496794
job: grad_3_2        code: 0    runtime: 0:00:05.329073
job: grad_1_2        code: 0    runtime: 0:00:05.101419

Starting job execution
['gateway']
['seward']
['copy', '/project/lgagliardi/helenclifford/practice_rcc/sharc4/methaniminium/tutorial_reproduction/traj/Singlet_2/TRAJ_00002/restart/MOLCAS.1.JobIph.11', 'JOBOLD']
['rasscf', 1, 4, True, False]
['copy', 'MOLCAS.rasscf.h5', 'MOLCAS.1.rasscf.h5']
['copy', 'MOLCAS.JobIph', 'MOLCAS.1.JobIph']
['copy', '/project/lgagliardi/helenclifford/practice_rcc/sharc4/methaniminium/tutorial_reproduction/traj/Singlet_2/TRAJ_00002/restart/MOLCAS.3.JobIph.11', 'JOBOLD']
['rasscf', 3, 3, True, False]
['copy', 'MOLCAS.rasscf.h5', 'MOLCAS.3.rasscf.h5']
['copy', 'MOLCAS.JobIph', 'MOLCAS.3.JobIph']
['link', 'MOLCAS.1.JobIph', 'JOB001']
['rassi', 'dm', [4]]
['copy', 'MOLCAS.rassi.h5', 'MOLCAS.rassi.1.h5']
['link', 'MOLCAS.3.JobIph', 'JOB001']
['rassi', 'dm', [3]]
['copy', 'MOLCAS.rassi.h5', 'MOLCAS.rassi.3.h5']
['copy', '/project/lgagliardi/helenclifford/practice_rcc/sharc4/methaniminium/tutorial_reproduction/traj/Singlet_2/TRAJ_00002/restart/MOLCAS.1.JobIph.11', 'JOB001']
['link', 'MOLCAS.1.JobIph', 'JOB002']
['rassi', 'overlap', [4, 4]]
['copy', 'MOLCAS.rassi.h5', 'MOLCAS.rassi.ovlp.1.h5']
['copy', '/project/lgagliardi/helenclifford/practice_rcc/sharc4/methaniminium/tutorial_reproduction/traj/Singlet_2/TRAJ_00002/restart/MOLCAS.3.JobIph.11', 'JOB001']
['link', 'MOLCAS.3.JobIph', 'JOB002']
['rassi', 'overlap', [3, 3]]
['copy', 'MOLCAS.rassi.h5', 'MOLCAS.rassi.ovlp.3.h5']
['link', 'MOLCAS.1.JobIph', 'JOB001']
['link', 'MOLCAS.3.JobIph', 'JOB002']
['rassi', 'soc', [4, 3]]
['copy', '$master_path/MOLCAS.3.JobIph', 'JOBOLD']
['rasscf', 3, 3, True, False]
['mclr', 0.0001, 'sala=2']
['alaska']
['copy', '$master_path/MOLCAS.1.JobIph', 'JOBOLD']
['rasscf', 1, 4, True, False]
['mclr', 0.0001, 'sala=2']
['alaska']
All jobs finished:
job: master          code: 0    runtime: 0:00:14.527473
job: grad_3_2        code: 0    runtime: 0:00:05.295468
job: grad_1_2        code: 0    runtime: 0:00:04.993219

Starting job execution
['gateway']
['seward']
['copy', '/project/lgagliardi/helenclifford/practice_rcc/sharc4/methaniminium/tutorial_reproduction/traj/Singlet_2/TRAJ_00002/restart/MOLCAS.1.JobIph.12', 'JOBOLD']
['rasscf', 1, 4, True, False]
['copy', 'MOLCAS.rasscf.h5', 'MOLCAS.1.rasscf.h5']
['copy', 'MOLCAS.JobIph', 'MOLCAS.1.JobIph']
['copy', '/project/lgagliardi/helenclifford/practice_rcc/sharc4/methaniminium/tutorial_reproduction/traj/Singlet_2/TRAJ_00002/restart/MOLCAS.3.JobIph.12', 'JOBOLD']
['rasscf', 3, 3, True, False]
['copy', 'MOLCAS.rasscf.h5', 'MOLCAS.3.rasscf.h5']
['copy', 'MOLCAS.JobIph', 'MOLCAS.3.JobIph']
['link', 'MOLCAS.1.JobIph', 'JOB001']
['rassi', 'dm', [4]]
['copy', 'MOLCAS.rassi.h5', 'MOLCAS.rassi.1.h5']
['link', 'MOLCAS.3.JobIph', 'JOB001']
['rassi', 'dm', [3]]
['copy', 'MOLCAS.rassi.h5', 'MOLCAS.rassi.3.h5']
['copy', '/project/lgagliardi/helenclifford/practice_rcc/sharc4/methaniminium/tutorial_reproduction/traj/Singlet_2/TRAJ_00002/restart/MOLCAS.1.JobIph.12', 'JOB001']
['link', 'MOLCAS.1.JobIph', 'JOB002']
['rassi', 'overlap', [4, 4]]
['copy', 'MOLCAS.rassi.h5', 'MOLCAS.rassi.ovlp.1.h5']
['copy', '/project/lgagliardi/helenclifford/practice_rcc/sharc4/methaniminium/tutorial_reproduction/traj/Singlet_2/TRAJ_00002/restart/MOLCAS.3.JobIph.12', 'JOB001']
['link', 'MOLCAS.3.JobIph', 'JOB002']
['rassi', 'overlap', [3, 3]]
['copy', 'MOLCAS.rassi.h5', 'MOLCAS.rassi.ovlp.3.h5']
['link', 'MOLCAS.1.JobIph', 'JOB001']
['link', 'MOLCAS.3.JobIph', 'JOB002']
['rassi', 'soc', [4, 3]]
['copy', '$master_path/MOLCAS.1.JobIph', 'JOBOLD']
['rasscf', 1, 4, True, False]
['mclr', 0.0001, 'sala=2']
['alaska']
All jobs finished:
job: master          code: 0    runtime: 0:00:11.885354
job: grad_1_2        code: 0    runtime: 0:00:05.434162

Starting job execution
['gateway']
['seward']
['copy', '/project/lgagliardi/helenclifford/practice_rcc/sharc4/methaniminium/tutorial_reproduction/traj/Singlet_2/TRAJ_00002/restart/MOLCAS.1.JobIph.13', 'JOBOLD']
['rasscf', 1, 4, True, False]
['copy', 'MOLCAS.rasscf.h5', 'MOLCAS.1.rasscf.h5']
['copy', 'MOLCAS.JobIph', 'MOLCAS.1.JobIph']
['copy', '/project/lgagliardi/helenclifford/practice_rcc/sharc4/methaniminium/tutorial_reproduction/traj/Singlet_2/TRAJ_00002/restart/MOLCAS.3.JobIph.13', 'JOBOLD']
['rasscf', 3, 3, True, False]
['copy', 'MOLCAS.rasscf.h5', 'MOLCAS.3.rasscf.h5']
['copy', 'MOLCAS.JobIph', 'MOLCAS.3.JobIph']
['link', 'MOLCAS.1.JobIph', 'JOB001']
['rassi', 'dm', [4]]
['copy', 'MOLCAS.rassi.h5', 'MOLCAS.rassi.1.h5']
['link', 'MOLCAS.3.JobIph', 'JOB001']
['rassi', 'dm', [3]]
['copy', 'MOLCAS.rassi.h5', 'MOLCAS.rassi.3.h5']
['copy', '/project/lgagliardi/helenclifford/practice_rcc/sharc4/methaniminium/tutorial_reproduction/traj/Singlet_2/TRAJ_00002/restart/MOLCAS.1.JobIph.13', 'JOB001']
['link', 'MOLCAS.1.JobIph', 'JOB002']
['rassi', 'overlap', [4, 4]]
['copy', 'MOLCAS.rassi.h5', 'MOLCAS.rassi.ovlp.1.h5']
['copy', '/project/lgagliardi/helenclifford/practice_rcc/sharc4/methaniminium/tutorial_reproduction/traj/Singlet_2/TRAJ_00002/restart/MOLCAS.3.JobIph.13', 'JOB001']
['link', 'MOLCAS.3.JobIph', 'JOB002']
['rassi', 'overlap', [3, 3]]
['copy', 'MOLCAS.rassi.h5', 'MOLCAS.rassi.ovlp.3.h5']
['link', 'MOLCAS.1.JobIph', 'JOB001']
['link', 'MOLCAS.3.JobIph', 'JOB002']
['rassi', 'soc', [4, 3]]
['copy', '$master_path/MOLCAS.1.JobIph', 'JOBOLD']
['rasscf', 1, 4, True, False]
['mclr', 0.0001, 'sala=2']
['alaska']
All jobs finished:
job: master          code: 0    runtime: 0:00:11.753874
job: grad_1_2        code: 0    runtime: 0:00:04.975509

Starting job execution
['gateway']
['seward']
['copy', '/project/lgagliardi/helenclifford/practice_rcc/sharc4/methaniminium/tutorial_reproduction/traj/Singlet_2/TRAJ_00002/restart/MOLCAS.1.JobIph.14', 'JOBOLD']
['rasscf', 1, 4, True, False]
['copy', 'MOLCAS.rasscf.h5', 'MOLCAS.1.rasscf.h5']
['copy', 'MOLCAS.JobIph', 'MOLCAS.1.JobIph']
['copy', '/project/lgagliardi/helenclifford/practice_rcc/sharc4/methaniminium/tutorial_reproduction/traj/Singlet_2/TRAJ_00002/restart/MOLCAS.3.JobIph.14', 'JOBOLD']
['rasscf', 3, 3, True, False]
['copy', 'MOLCAS.rasscf.h5', 'MOLCAS.3.rasscf.h5']
['copy', 'MOLCAS.JobIph', 'MOLCAS.3.JobIph']
['link', 'MOLCAS.1.JobIph', 'JOB001']
['rassi', 'dm', [4]]
['copy', 'MOLCAS.rassi.h5', 'MOLCAS.rassi.1.h5']
['link', 'MOLCAS.3.JobIph', 'JOB001']
['rassi', 'dm', [3]]
['copy', 'MOLCAS.rassi.h5', 'MOLCAS.rassi.3.h5']
['copy', '/project/lgagliardi/helenclifford/practice_rcc/sharc4/methaniminium/tutorial_reproduction/traj/Singlet_2/TRAJ_00002/restart/MOLCAS.1.JobIph.14', 'JOB001']
['link', 'MOLCAS.1.JobIph', 'JOB002']
['rassi', 'overlap', [4, 4]]
['copy', 'MOLCAS.rassi.h5', 'MOLCAS.rassi.ovlp.1.h5']
['copy', '/project/lgagliardi/helenclifford/practice_rcc/sharc4/methaniminium/tutorial_reproduction/traj/Singlet_2/TRAJ_00002/restart/MOLCAS.3.JobIph.14', 'JOB001']
['link', 'MOLCAS.3.JobIph', 'JOB002']
['rassi', 'overlap', [3, 3]]
['copy', 'MOLCAS.rassi.h5', 'MOLCAS.rassi.ovlp.3.h5']
['link', 'MOLCAS.1.JobIph', 'JOB001']
['link', 'MOLCAS.3.JobIph', 'JOB002']
['rassi', 'soc', [4, 3]]
['copy', '$master_path/MOLCAS.1.JobIph', 'JOBOLD']
['rasscf', 1, 4, True, False]
['mclr', 0.0001, 'sala=2']
['alaska']
All jobs finished:
job: master          code: 0    runtime: 0:00:11.284653
job: grad_1_2        code: 0    runtime: 0:00:06.073747

Starting job execution
['gateway']
['seward']
['copy', '/project/lgagliardi/helenclifford/practice_rcc/sharc4/methaniminium/tutorial_reproduction/traj/Singlet_2/TRAJ_00002/restart/MOLCAS.1.JobIph.15', 'JOBOLD']
['rasscf', 1, 4, True, False]
['copy', 'MOLCAS.rasscf.h5', 'MOLCAS.1.rasscf.h5']
['copy', 'MOLCAS.JobIph', 'MOLCAS.1.JobIph']
['copy', '/project/lgagliardi/helenclifford/practice_rcc/sharc4/methaniminium/tutorial_reproduction/traj/Singlet_2/TRAJ_00002/restart/MOLCAS.3.JobIph.15', 'JOBOLD']
['rasscf', 3, 3, True, False]
['copy', 'MOLCAS.rasscf.h5', 'MOLCAS.3.rasscf.h5']
['copy', 'MOLCAS.JobIph', 'MOLCAS.3.JobIph']
['link', 'MOLCAS.1.JobIph', 'JOB001']
['rassi', 'dm', [4]]
['copy', 'MOLCAS.rassi.h5', 'MOLCAS.rassi.1.h5']
['link', 'MOLCAS.3.JobIph', 'JOB001']
['rassi', 'dm', [3]]
['copy', 'MOLCAS.rassi.h5', 'MOLCAS.rassi.3.h5']
['copy', '/project/lgagliardi/helenclifford/practice_rcc/sharc4/methaniminium/tutorial_reproduction/traj/Singlet_2/TRAJ_00002/restart/MOLCAS.1.JobIph.15', 'JOB001']
['link', 'MOLCAS.1.JobIph', 'JOB002']
['rassi', 'overlap', [4, 4]]
['copy', 'MOLCAS.rassi.h5', 'MOLCAS.rassi.ovlp.1.h5']
['copy', '/project/lgagliardi/helenclifford/practice_rcc/sharc4/methaniminium/tutorial_reproduction/traj/Singlet_2/TRAJ_00002/restart/MOLCAS.3.JobIph.15', 'JOB001']
['link', 'MOLCAS.3.JobIph', 'JOB002']
['rassi', 'overlap', [3, 3]]
['copy', 'MOLCAS.rassi.h5', 'MOLCAS.rassi.ovlp.3.h5']
['link', 'MOLCAS.1.JobIph', 'JOB001']
['link', 'MOLCAS.3.JobIph', 'JOB002']
['rassi', 'soc', [4, 3]]
['copy', '$master_path/MOLCAS.1.JobIph', 'JOBOLD']
['rasscf', 1, 4, True, False]
['mclr', 0.0001, 'sala=2']
['alaska']
All jobs finished:
job: master          code: 0    runtime: 0:00:12.282256
job: grad_1_2        code: 0    runtime: 0:00:05.192431

Starting job execution
['gateway']
['seward']
['copy', '/project/lgagliardi/helenclifford/practice_rcc/sharc4/methaniminium/tutorial_reproduction/traj/Singlet_2/TRAJ_00002/restart/MOLCAS.1.JobIph.16', 'JOBOLD']
['rasscf', 1, 4, True, False]
['copy', 'MOLCAS.rasscf.h5', 'MOLCAS.1.rasscf.h5']
['copy', 'MOLCAS.JobIph', 'MOLCAS.1.JobIph']
['copy', '/project/lgagliardi/helenclifford/practice_rcc/sharc4/methaniminium/tutorial_reproduction/traj/Singlet_2/TRAJ_00002/restart/MOLCAS.3.JobIph.16', 'JOBOLD']
['rasscf', 3, 3, True, False]
['copy', 'MOLCAS.rasscf.h5', 'MOLCAS.3.rasscf.h5']
['copy', 'MOLCAS.JobIph', 'MOLCAS.3.JobIph']
['link', 'MOLCAS.1.JobIph', 'JOB001']
['rassi', 'dm', [4]]
['copy', 'MOLCAS.rassi.h5', 'MOLCAS.rassi.1.h5']
['link', 'MOLCAS.3.JobIph', 'JOB001']
['rassi', 'dm', [3]]
['copy', 'MOLCAS.rassi.h5', 'MOLCAS.rassi.3.h5']
['copy', '/project/lgagliardi/helenclifford/practice_rcc/sharc4/methaniminium/tutorial_reproduction/traj/Singlet_2/TRAJ_00002/restart/MOLCAS.1.JobIph.16', 'JOB001']
['link', 'MOLCAS.1.JobIph', 'JOB002']
['rassi', 'overlap', [4, 4]]
['copy', 'MOLCAS.rassi.h5', 'MOLCAS.rassi.ovlp.1.h5']
['copy', '/project/lgagliardi/helenclifford/practice_rcc/sharc4/methaniminium/tutorial_reproduction/traj/Singlet_2/TRAJ_00002/restart/MOLCAS.3.JobIph.16', 'JOB001']
['link', 'MOLCAS.3.JobIph', 'JOB002']
['rassi', 'overlap', [3, 3]]
['copy', 'MOLCAS.rassi.h5', 'MOLCAS.rassi.ovlp.3.h5']
['link', 'MOLCAS.1.JobIph', 'JOB001']
['link', 'MOLCAS.3.JobIph', 'JOB002']
['rassi', 'soc', [4, 3]]
['copy', '$master_path/MOLCAS.1.JobIph', 'JOBOLD']
['rasscf', 1, 4, True, False]
['mclr', 0.0001, 'sala=2']
['alaska']
All jobs finished:
job: master          code: 0    runtime: 0:00:12.415772
job: grad_1_2        code: 0    runtime: 0:00:05.121199

Starting job execution
['gateway']
['seward']
['copy', '/project/lgagliardi/helenclifford/practice_rcc/sharc4/methaniminium/tutorial_reproduction/traj/Singlet_2/TRAJ_00002/restart/MOLCAS.1.JobIph.17', 'JOBOLD']
['rasscf', 1, 4, True, False]
['copy', 'MOLCAS.rasscf.h5', 'MOLCAS.1.rasscf.h5']
['copy', 'MOLCAS.JobIph', 'MOLCAS.1.JobIph']
['copy', '/project/lgagliardi/helenclifford/practice_rcc/sharc4/methaniminium/tutorial_reproduction/traj/Singlet_2/TRAJ_00002/restart/MOLCAS.3.JobIph.17', 'JOBOLD']
['rasscf', 3, 3, True, False]
['copy', 'MOLCAS.rasscf.h5', 'MOLCAS.3.rasscf.h5']
['copy', 'MOLCAS.JobIph', 'MOLCAS.3.JobIph']
['link', 'MOLCAS.1.JobIph', 'JOB001']
['rassi', 'dm', [4]]
['copy', 'MOLCAS.rassi.h5', 'MOLCAS.rassi.1.h5']
['link', 'MOLCAS.3.JobIph', 'JOB001']
['rassi', 'dm', [3]]
['copy', 'MOLCAS.rassi.h5', 'MOLCAS.rassi.3.h5']
['copy', '/project/lgagliardi/helenclifford/practice_rcc/sharc4/methaniminium/tutorial_reproduction/traj/Singlet_2/TRAJ_00002/restart/MOLCAS.1.JobIph.17', 'JOB001']
['link', 'MOLCAS.1.JobIph', 'JOB002']
['rassi', 'overlap', [4, 4]]
['copy', 'MOLCAS.rassi.h5', 'MOLCAS.rassi.ovlp.1.h5']
['copy', '/project/lgagliardi/helenclifford/practice_rcc/sharc4/methaniminium/tutorial_reproduction/traj/Singlet_2/TRAJ_00002/restart/MOLCAS.3.JobIph.17', 'JOB001']
['link', 'MOLCAS.3.JobIph', 'JOB002']
['rassi', 'overlap', [3, 3]]
['copy', 'MOLCAS.rassi.h5', 'MOLCAS.rassi.ovlp.3.h5']
['link', 'MOLCAS.1.JobIph', 'JOB001']
['link', 'MOLCAS.3.JobIph', 'JOB002']
['rassi', 'soc', [4, 3]]
['copy', '$master_path/MOLCAS.1.JobIph', 'JOBOLD']
['rasscf', 1, 4, True, False]
['mclr', 0.0001, 'sala=2']
['alaska']
All jobs finished:
job: master          code: 0    runtime: 0:00:11.410933
job: grad_1_2        code: 0    runtime: 0:00:05.057407

Starting job execution
['gateway']
['seward']
['copy', '/project/lgagliardi/helenclifford/practice_rcc/sharc4/methaniminium/tutorial_reproduction/traj/Singlet_2/TRAJ_00002/restart/MOLCAS.1.JobIph.18', 'JOBOLD']
['rasscf', 1, 4, True, False]
['copy', 'MOLCAS.rasscf.h5', 'MOLCAS.1.rasscf.h5']
['copy', 'MOLCAS.JobIph', 'MOLCAS.1.JobIph']
['copy', '/project/lgagliardi/helenclifford/practice_rcc/sharc4/methaniminium/tutorial_reproduction/traj/Singlet_2/TRAJ_00002/restart/MOLCAS.3.JobIph.18', 'JOBOLD']
['rasscf', 3, 3, True, False]
['copy', 'MOLCAS.rasscf.h5', 'MOLCAS.3.rasscf.h5']
['copy', 'MOLCAS.JobIph', 'MOLCAS.3.JobIph']
['link', 'MOLCAS.1.JobIph', 'JOB001']
['rassi', 'dm', [4]]
['copy', 'MOLCAS.rassi.h5', 'MOLCAS.rassi.1.h5']
['link', 'MOLCAS.3.JobIph', 'JOB001']
['rassi', 'dm', [3]]
['copy', 'MOLCAS.rassi.h5', 'MOLCAS.rassi.3.h5']
['copy', '/project/lgagliardi/helenclifford/practice_rcc/sharc4/methaniminium/tutorial_reproduction/traj/Singlet_2/TRAJ_00002/restart/MOLCAS.1.JobIph.18', 'JOB001']
['link', 'MOLCAS.1.JobIph', 'JOB002']
['rassi', 'overlap', [4, 4]]
['copy', 'MOLCAS.rassi.h5', 'MOLCAS.rassi.ovlp.1.h5']
['copy', '/project/lgagliardi/helenclifford/practice_rcc/sharc4/methaniminium/tutorial_reproduction/traj/Singlet_2/TRAJ_00002/restart/MOLCAS.3.JobIph.18', 'JOB001']
['link', 'MOLCAS.3.JobIph', 'JOB002']
['rassi', 'overlap', [3, 3]]
['copy', 'MOLCAS.rassi.h5', 'MOLCAS.rassi.ovlp.3.h5']
['link', 'MOLCAS.1.JobIph', 'JOB001']
['link', 'MOLCAS.3.JobIph', 'JOB002']
['rassi', 'soc', [4, 3]]
['copy', '$master_path/MOLCAS.1.JobIph', 'JOBOLD']
['rasscf', 1, 4, True, False]
['mclr', 0.0001, 'sala=2']
['alaska']
All jobs finished:
job: master          code: 0    runtime: 0:00:19.115582
job: grad_1_2        code: 0    runtime: 0:00:09.486716

Starting job execution
['gateway']
['seward']
['copy', '/project/lgagliardi/helenclifford/practice_rcc/sharc4/methaniminium/tutorial_reproduction/traj/Singlet_2/TRAJ_00002/restart/MOLCAS.1.JobIph.19', 'JOBOLD']
['rasscf', 1, 4, True, False]
['copy', 'MOLCAS.rasscf.h5', 'MOLCAS.1.rasscf.h5']
['copy', 'MOLCAS.JobIph', 'MOLCAS.1.JobIph']
['copy', '/project/lgagliardi/helenclifford/practice_rcc/sharc4/methaniminium/tutorial_reproduction/traj/Singlet_2/TRAJ_00002/restart/MOLCAS.3.JobIph.19', 'JOBOLD']
['rasscf', 3, 3, True, False]
['copy', 'MOLCAS.rasscf.h5', 'MOLCAS.3.rasscf.h5']
['copy', 'MOLCAS.JobIph', 'MOLCAS.3.JobIph']
['link', 'MOLCAS.1.JobIph', 'JOB001']
['rassi', 'dm', [4]]
['copy', 'MOLCAS.rassi.h5', 'MOLCAS.rassi.1.h5']
['link', 'MOLCAS.3.JobIph', 'JOB001']
['rassi', 'dm', [3]]
['copy', 'MOLCAS.rassi.h5', 'MOLCAS.rassi.3.h5']
['copy', '/project/lgagliardi/helenclifford/practice_rcc/sharc4/methaniminium/tutorial_reproduction/traj/Singlet_2/TRAJ_00002/restart/MOLCAS.1.JobIph.19', 'JOB001']
['link', 'MOLCAS.1.JobIph', 'JOB002']
['rassi', 'overlap', [4, 4]]
['copy', 'MOLCAS.rassi.h5', 'MOLCAS.rassi.ovlp.1.h5']
['copy', '/project/lgagliardi/helenclifford/practice_rcc/sharc4/methaniminium/tutorial_reproduction/traj/Singlet_2/TRAJ_00002/restart/MOLCAS.3.JobIph.19', 'JOB001']
['link', 'MOLCAS.3.JobIph', 'JOB002']
['rassi', 'overlap', [3, 3]]
['copy', 'MOLCAS.rassi.h5', 'MOLCAS.rassi.ovlp.3.h5']
['link', 'MOLCAS.1.JobIph', 'JOB001']
['link', 'MOLCAS.3.JobIph', 'JOB002']
['rassi', 'soc', [4, 3]]
['copy', '$master_path/MOLCAS.1.JobIph', 'JOBOLD']
['rasscf', 1, 4, True, False]
['mclr', 0.0001, 'sala=2']
['alaska']
All jobs finished:
job: master          code: 0    runtime: 0:00:12.418904
job: grad_1_2        code: 0    runtime: 0:00:05.062241

Starting job execution
['gateway']
['seward']
['copy', '/project/lgagliardi/helenclifford/practice_rcc/sharc4/methaniminium/tutorial_reproduction/traj/Singlet_2/TRAJ_00002/restart/MOLCAS.1.JobIph.20', 'JOBOLD']
['rasscf', 1, 4, True, False]
['copy', 'MOLCAS.rasscf.h5', 'MOLCAS.1.rasscf.h5']
['copy', 'MOLCAS.JobIph', 'MOLCAS.1.JobIph']
['copy', '/project/lgagliardi/helenclifford/practice_rcc/sharc4/methaniminium/tutorial_reproduction/traj/Singlet_2/TRAJ_00002/restart/MOLCAS.3.JobIph.20', 'JOBOLD']
['rasscf', 3, 3, True, False]
['copy', 'MOLCAS.rasscf.h5', 'MOLCAS.3.rasscf.h5']
['copy', 'MOLCAS.JobIph', 'MOLCAS.3.JobIph']
['link', 'MOLCAS.1.JobIph', 'JOB001']
['rassi', 'dm', [4]]
['copy', 'MOLCAS.rassi.h5', 'MOLCAS.rassi.1.h5']
['link', 'MOLCAS.3.JobIph', 'JOB001']
['rassi', 'dm', [3]]
['copy', 'MOLCAS.rassi.h5', 'MOLCAS.rassi.3.h5']
['copy', '/project/lgagliardi/helenclifford/practice_rcc/sharc4/methaniminium/tutorial_reproduction/traj/Singlet_2/TRAJ_00002/restart/MOLCAS.1.JobIph.20', 'JOB001']
['link', 'MOLCAS.1.JobIph', 'JOB002']
['rassi', 'overlap', [4, 4]]
['copy', 'MOLCAS.rassi.h5', 'MOLCAS.rassi.ovlp.1.h5']
['copy', '/project/lgagliardi/helenclifford/practice_rcc/sharc4/methaniminium/tutorial_reproduction/traj/Singlet_2/TRAJ_00002/restart/MOLCAS.3.JobIph.20', 'JOB001']
['link', 'MOLCAS.3.JobIph', 'JOB002']
['rassi', 'overlap', [3, 3]]
['copy', 'MOLCAS.rassi.h5', 'MOLCAS.rassi.ovlp.3.h5']
['link', 'MOLCAS.1.JobIph', 'JOB001']
['link', 'MOLCAS.3.JobIph', 'JOB002']
['rassi', 'soc', [4, 3]]
['copy', '$master_path/MOLCAS.1.JobIph', 'JOBOLD']
['rasscf', 1, 4, True, False]
['mclr', 0.0001, 'sala=2']
['alaska']
All jobs finished:
job: master          code: 0    runtime: 0:00:11.760192
job: grad_1_2        code: 0    runtime: 0:00:05.032719

Starting job execution
['gateway']
['seward']
['copy', '/project/lgagliardi/helenclifford/practice_rcc/sharc4/methaniminium/tutorial_reproduction/traj/Singlet_2/TRAJ_00002/restart/MOLCAS.1.JobIph.21', 'JOBOLD']
['rasscf', 1, 4, True, False]
['copy', 'MOLCAS.rasscf.h5', 'MOLCAS.1.rasscf.h5']
['copy', 'MOLCAS.JobIph', 'MOLCAS.1.JobIph']
['copy', '/project/lgagliardi/helenclifford/practice_rcc/sharc4/methaniminium/tutorial_reproduction/traj/Singlet_2/TRAJ_00002/restart/MOLCAS.3.JobIph.21', 'JOBOLD']
['rasscf', 3, 3, True, False]
['copy', 'MOLCAS.rasscf.h5', 'MOLCAS.3.rasscf.h5']
['copy', 'MOLCAS.JobIph', 'MOLCAS.3.JobIph']
['link', 'MOLCAS.1.JobIph', 'JOB001']
['rassi', 'dm', [4]]
['copy', 'MOLCAS.rassi.h5', 'MOLCAS.rassi.1.h5']
['link', 'MOLCAS.3.JobIph', 'JOB001']
['rassi', 'dm', [3]]
['copy', 'MOLCAS.rassi.h5', 'MOLCAS.rassi.3.h5']
['copy', '/project/lgagliardi/helenclifford/practice_rcc/sharc4/methaniminium/tutorial_reproduction/traj/Singlet_2/TRAJ_00002/restart/MOLCAS.1.JobIph.21', 'JOB001']
['link', 'MOLCAS.1.JobIph', 'JOB002']
['rassi', 'overlap', [4, 4]]
['copy', 'MOLCAS.rassi.h5', 'MOLCAS.rassi.ovlp.1.h5']
['copy', '/project/lgagliardi/helenclifford/practice_rcc/sharc4/methaniminium/tutorial_reproduction/traj/Singlet_2/TRAJ_00002/restart/MOLCAS.3.JobIph.21', 'JOB001']
['link', 'MOLCAS.3.JobIph', 'JOB002']
['rassi', 'overlap', [3, 3]]
['copy', 'MOLCAS.rassi.h5', 'MOLCAS.rassi.ovlp.3.h5']
['link', 'MOLCAS.1.JobIph', 'JOB001']
['link', 'MOLCAS.3.JobIph', 'JOB002']
['rassi', 'soc', [4, 3]]
['copy', '$master_path/MOLCAS.1.JobIph', 'JOBOLD']
['rasscf', 1, 4, True, False]
['mclr', 0.0001, 'sala=2']
['alaska']
All jobs finished:
job: master          code: 0    runtime: 0:00:11.887956
job: grad_1_2        code: 0    runtime: 0:00:05.546386

Starting job execution
['gateway']
['seward']
['copy', '/project/lgagliardi/helenclifford/practice_rcc/sharc4/methaniminium/tutorial_reproduction/traj/Singlet_2/TRAJ_00002/restart/MOLCAS.1.JobIph.22', 'JOBOLD']
['rasscf', 1, 4, True, False]
['copy', 'MOLCAS.rasscf.h5', 'MOLCAS.1.rasscf.h5']
['copy', 'MOLCAS.JobIph', 'MOLCAS.1.JobIph']
['copy', '/project/lgagliardi/helenclifford/practice_rcc/sharc4/methaniminium/tutorial_reproduction/traj/Singlet_2/TRAJ_00002/restart/MOLCAS.3.JobIph.22', 'JOBOLD']
['rasscf', 3, 3, True, False]
['copy', 'MOLCAS.rasscf.h5', 'MOLCAS.3.rasscf.h5']
['copy', 'MOLCAS.JobIph', 'MOLCAS.3.JobIph']
['link', 'MOLCAS.1.JobIph', 'JOB001']
['rassi', 'dm', [4]]
['copy', 'MOLCAS.rassi.h5', 'MOLCAS.rassi.1.h5']
['link', 'MOLCAS.3.JobIph', 'JOB001']
['rassi', 'dm', [3]]
['copy', 'MOLCAS.rassi.h5', 'MOLCAS.rassi.3.h5']
['copy', '/project/lgagliardi/helenclifford/practice_rcc/sharc4/methaniminium/tutorial_reproduction/traj/Singlet_2/TRAJ_00002/restart/MOLCAS.1.JobIph.22', 'JOB001']
['link', 'MOLCAS.1.JobIph', 'JOB002']
['rassi', 'overlap', [4, 4]]
['copy', 'MOLCAS.rassi.h5', 'MOLCAS.rassi.ovlp.1.h5']
['copy', '/project/lgagliardi/helenclifford/practice_rcc/sharc4/methaniminium/tutorial_reproduction/traj/Singlet_2/TRAJ_00002/restart/MOLCAS.3.JobIph.22', 'JOB001']
['link', 'MOLCAS.3.JobIph', 'JOB002']
['rassi', 'overlap', [3, 3]]
['copy', 'MOLCAS.rassi.h5', 'MOLCAS.rassi.ovlp.3.h5']
['link', 'MOLCAS.1.JobIph', 'JOB001']
['link', 'MOLCAS.3.JobIph', 'JOB002']
['rassi', 'soc', [4, 3]]
['copy', '$master_path/MOLCAS.1.JobIph', 'JOBOLD']
['rasscf', 1, 4, True, False]
['mclr', 0.0001, 'sala=2']
['alaska']
All jobs finished:
job: master          code: 0    runtime: 0:00:13.719404
job: grad_1_2        code: 0    runtime: 0:00:05.641239

Starting job execution
['gateway']
['seward']
['copy', '/project/lgagliardi/helenclifford/practice_rcc/sharc4/methaniminium/tutorial_reproduction/traj/Singlet_2/TRAJ_00002/restart/MOLCAS.1.JobIph.23', 'JOBOLD']
['rasscf', 1, 4, True, False]
['copy', 'MOLCAS.rasscf.h5', 'MOLCAS.1.rasscf.h5']
['copy', 'MOLCAS.JobIph', 'MOLCAS.1.JobIph']
['copy', '/project/lgagliardi/helenclifford/practice_rcc/sharc4/methaniminium/tutorial_reproduction/traj/Singlet_2/TRAJ_00002/restart/MOLCAS.3.JobIph.23', 'JOBOLD']
['rasscf', 3, 3, True, False]
['copy', 'MOLCAS.rasscf.h5', 'MOLCAS.3.rasscf.h5']
['copy', 'MOLCAS.JobIph', 'MOLCAS.3.JobIph']
['link', 'MOLCAS.1.JobIph', 'JOB001']
['rassi', 'dm', [4]]
['copy', 'MOLCAS.rassi.h5', 'MOLCAS.rassi.1.h5']
['link', 'MOLCAS.3.JobIph', 'JOB001']
['rassi', 'dm', [3]]
['copy', 'MOLCAS.rassi.h5', 'MOLCAS.rassi.3.h5']
['copy', '/project/lgagliardi/helenclifford/practice_rcc/sharc4/methaniminium/tutorial_reproduction/traj/Singlet_2/TRAJ_00002/restart/MOLCAS.1.JobIph.23', 'JOB001']
['link', 'MOLCAS.1.JobIph', 'JOB002']
['rassi', 'overlap', [4, 4]]
['copy', 'MOLCAS.rassi.h5', 'MOLCAS.rassi.ovlp.1.h5']
['copy', '/project/lgagliardi/helenclifford/practice_rcc/sharc4/methaniminium/tutorial_reproduction/traj/Singlet_2/TRAJ_00002/restart/MOLCAS.3.JobIph.23', 'JOB001']
['link', 'MOLCAS.3.JobIph', 'JOB002']
['rassi', 'overlap', [3, 3]]
['copy', 'MOLCAS.rassi.h5', 'MOLCAS.rassi.ovlp.3.h5']
['link', 'MOLCAS.1.JobIph', 'JOB001']
['link', 'MOLCAS.3.JobIph', 'JOB002']
['rassi', 'soc', [4, 3]]
['copy', '$master_path/MOLCAS.1.JobIph', 'JOBOLD']
['rasscf', 1, 4, True, False]
['mclr', 0.0001, 'sala=2']
['alaska']
All jobs finished:
job: master          code: 0    runtime: 0:00:13.598116
job: grad_1_2        code: 0    runtime: 0:00:05.804573

Starting job execution
['gateway']
['seward']
['copy', '/project/lgagliardi/helenclifford/practice_rcc/sharc4/methaniminium/tutorial_reproduction/traj/Singlet_2/TRAJ_00002/restart/MOLCAS.1.JobIph.24', 'JOBOLD']
['rasscf', 1, 4, True, False]
['copy', 'MOLCAS.rasscf.h5', 'MOLCAS.1.rasscf.h5']
['copy', 'MOLCAS.JobIph', 'MOLCAS.1.JobIph']
['copy', '/project/lgagliardi/helenclifford/practice_rcc/sharc4/methaniminium/tutorial_reproduction/traj/Singlet_2/TRAJ_00002/restart/MOLCAS.3.JobIph.24', 'JOBOLD']
['rasscf', 3, 3, True, False]
['copy', 'MOLCAS.rasscf.h5', 'MOLCAS.3.rasscf.h5']
['copy', 'MOLCAS.JobIph', 'MOLCAS.3.JobIph']
['link', 'MOLCAS.1.JobIph', 'JOB001']
['rassi', 'dm', [4]]
['copy', 'MOLCAS.rassi.h5', 'MOLCAS.rassi.1.h5']
['link', 'MOLCAS.3.JobIph', 'JOB001']
['rassi', 'dm', [3]]
['copy', 'MOLCAS.rassi.h5', 'MOLCAS.rassi.3.h5']
['copy', '/project/lgagliardi/helenclifford/practice_rcc/sharc4/methaniminium/tutorial_reproduction/traj/Singlet_2/TRAJ_00002/restart/MOLCAS.1.JobIph.24', 'JOB001']
['link', 'MOLCAS.1.JobIph', 'JOB002']
['rassi', 'overlap', [4, 4]]
['copy', 'MOLCAS.rassi.h5', 'MOLCAS.rassi.ovlp.1.h5']
['copy', '/project/lgagliardi/helenclifford/practice_rcc/sharc4/methaniminium/tutorial_reproduction/traj/Singlet_2/TRAJ_00002/restart/MOLCAS.3.JobIph.24', 'JOB001']
['link', 'MOLCAS.3.JobIph', 'JOB002']
['rassi', 'overlap', [3, 3]]
['copy', 'MOLCAS.rassi.h5', 'MOLCAS.rassi.ovlp.3.h5']
['link', 'MOLCAS.1.JobIph', 'JOB001']
['link', 'MOLCAS.3.JobIph', 'JOB002']
['rassi', 'soc', [4, 3]]
['copy', '$master_path/MOLCAS.1.JobIph', 'JOBOLD']
['rasscf', 1, 4, True, False]
['mclr', 0.0001, 'sala=2']
['alaska']
All jobs finished:
job: master          code: 0    runtime: 0:00:17.980369
job: grad_1_2        code: 0    runtime: 0:00:05.517144

Starting job execution
['gateway']
['seward']
['copy', '/project/lgagliardi/helenclifford/practice_rcc/sharc4/methaniminium/tutorial_reproduction/traj/Singlet_2/TRAJ_00002/restart/MOLCAS.1.JobIph.25', 'JOBOLD']
['rasscf', 1, 4, True, False]
['copy', 'MOLCAS.rasscf.h5', 'MOLCAS.1.rasscf.h5']
['copy', 'MOLCAS.JobIph', 'MOLCAS.1.JobIph']
['copy', '/project/lgagliardi/helenclifford/practice_rcc/sharc4/methaniminium/tutorial_reproduction/traj/Singlet_2/TRAJ_00002/restart/MOLCAS.3.JobIph.25', 'JOBOLD']
['rasscf', 3, 3, True, False]
['copy', 'MOLCAS.rasscf.h5', 'MOLCAS.3.rasscf.h5']
['copy', 'MOLCAS.JobIph', 'MOLCAS.3.JobIph']
['link', 'MOLCAS.1.JobIph', 'JOB001']
['rassi', 'dm', [4]]
['copy', 'MOLCAS.rassi.h5', 'MOLCAS.rassi.1.h5']
['link', 'MOLCAS.3.JobIph', 'JOB001']
['rassi', 'dm', [3]]
['copy', 'MOLCAS.rassi.h5', 'MOLCAS.rassi.3.h5']
['copy', '/project/lgagliardi/helenclifford/practice_rcc/sharc4/methaniminium/tutorial_reproduction/traj/Singlet_2/TRAJ_00002/restart/MOLCAS.1.JobIph.25', 'JOB001']
['link', 'MOLCAS.1.JobIph', 'JOB002']
['rassi', 'overlap', [4, 4]]
['copy', 'MOLCAS.rassi.h5', 'MOLCAS.rassi.ovlp.1.h5']
['copy', '/project/lgagliardi/helenclifford/practice_rcc/sharc4/methaniminium/tutorial_reproduction/traj/Singlet_2/TRAJ_00002/restart/MOLCAS.3.JobIph.25', 'JOB001']
['link', 'MOLCAS.3.JobIph', 'JOB002']
['rassi', 'overlap', [3, 3]]
['copy', 'MOLCAS.rassi.h5', 'MOLCAS.rassi.ovlp.3.h5']
['link', 'MOLCAS.1.JobIph', 'JOB001']
['link', 'MOLCAS.3.JobIph', 'JOB002']
['rassi', 'soc', [4, 3]]
['copy', '$master_path/MOLCAS.1.JobIph', 'JOBOLD']
['rasscf', 1, 4, True, False]
['mclr', 0.0001, 'sala=2']
['alaska']
All jobs finished:
job: master          code: 0    runtime: 0:00:12.477977
job: grad_1_2        code: 0    runtime: 0:00:05.561407

Starting job execution
['gateway']
['seward']
['copy', '/project/lgagliardi/helenclifford/practice_rcc/sharc4/methaniminium/tutorial_reproduction/traj/Singlet_2/TRAJ_00002/restart/MOLCAS.1.JobIph.26', 'JOBOLD']
['rasscf', 1, 4, True, False]
['copy', 'MOLCAS.rasscf.h5', 'MOLCAS.1.rasscf.h5']
['copy', 'MOLCAS.JobIph', 'MOLCAS.1.JobIph']
['copy', '/project/lgagliardi/helenclifford/practice_rcc/sharc4/methaniminium/tutorial_reproduction/traj/Singlet_2/TRAJ_00002/restart/MOLCAS.3.JobIph.26', 'JOBOLD']
['rasscf', 3, 3, True, False]
['copy', 'MOLCAS.rasscf.h5', 'MOLCAS.3.rasscf.h5']
['copy', 'MOLCAS.JobIph', 'MOLCAS.3.JobIph']
['link', 'MOLCAS.1.JobIph', 'JOB001']
['rassi', 'dm', [4]]
['copy', 'MOLCAS.rassi.h5', 'MOLCAS.rassi.1.h5']
['link', 'MOLCAS.3.JobIph', 'JOB001']
['rassi', 'dm', [3]]
['copy', 'MOLCAS.rassi.h5', 'MOLCAS.rassi.3.h5']
['copy', '/project/lgagliardi/helenclifford/practice_rcc/sharc4/methaniminium/tutorial_reproduction/traj/Singlet_2/TRAJ_00002/restart/MOLCAS.1.JobIph.26', 'JOB001']
['link', 'MOLCAS.1.JobIph', 'JOB002']
['rassi', 'overlap', [4, 4]]
['copy', 'MOLCAS.rassi.h5', 'MOLCAS.rassi.ovlp.1.h5']
['copy', '/project/lgagliardi/helenclifford/practice_rcc/sharc4/methaniminium/tutorial_reproduction/traj/Singlet_2/TRAJ_00002/restart/MOLCAS.3.JobIph.26', 'JOB001']
['link', 'MOLCAS.3.JobIph', 'JOB002']
['rassi', 'overlap', [3, 3]]
['copy', 'MOLCAS.rassi.h5', 'MOLCAS.rassi.ovlp.3.h5']
['link', 'MOLCAS.1.JobIph', 'JOB001']
['link', 'MOLCAS.3.JobIph', 'JOB002']
['rassi', 'soc', [4, 3]]
['copy', '$master_path/MOLCAS.1.JobIph', 'JOBOLD']
['rasscf', 1, 4, True, False]
['mclr', 0.0001, 'sala=2']
['alaska']
All jobs finished:
job: master          code: 0    runtime: 0:00:12.673914
job: grad_1_2        code: 0    runtime: 0:00:05.780055

Starting job execution
['gateway']
['seward']
['copy', '/project/lgagliardi/helenclifford/practice_rcc/sharc4/methaniminium/tutorial_reproduction/traj/Singlet_2/TRAJ_00002/restart/MOLCAS.1.JobIph.27', 'JOBOLD']
['rasscf', 1, 4, True, False]
['copy', 'MOLCAS.rasscf.h5', 'MOLCAS.1.rasscf.h5']
['copy', 'MOLCAS.JobIph', 'MOLCAS.1.JobIph']
['copy', '/project/lgagliardi/helenclifford/practice_rcc/sharc4/methaniminium/tutorial_reproduction/traj/Singlet_2/TRAJ_00002/restart/MOLCAS.3.JobIph.27', 'JOBOLD']
['rasscf', 3, 3, True, False]
['copy', 'MOLCAS.rasscf.h5', 'MOLCAS.3.rasscf.h5']
['copy', 'MOLCAS.JobIph', 'MOLCAS.3.JobIph']
['link', 'MOLCAS.1.JobIph', 'JOB001']
['rassi', 'dm', [4]]
['copy', 'MOLCAS.rassi.h5', 'MOLCAS.rassi.1.h5']
['link', 'MOLCAS.3.JobIph', 'JOB001']
['rassi', 'dm', [3]]
['copy', 'MOLCAS.rassi.h5', 'MOLCAS.rassi.3.h5']
['copy', '/project/lgagliardi/helenclifford/practice_rcc/sharc4/methaniminium/tutorial_reproduction/traj/Singlet_2/TRAJ_00002/restart/MOLCAS.1.JobIph.27', 'JOB001']
['link', 'MOLCAS.1.JobIph', 'JOB002']
['rassi', 'overlap', [4, 4]]
['copy', 'MOLCAS.rassi.h5', 'MOLCAS.rassi.ovlp.1.h5']
['copy', '/project/lgagliardi/helenclifford/practice_rcc/sharc4/methaniminium/tutorial_reproduction/traj/Singlet_2/TRAJ_00002/restart/MOLCAS.3.JobIph.27', 'JOB001']
['link', 'MOLCAS.3.JobIph', 'JOB002']
['rassi', 'overlap', [3, 3]]
['copy', 'MOLCAS.rassi.h5', 'MOLCAS.rassi.ovlp.3.h5']
['link', 'MOLCAS.1.JobIph', 'JOB001']
['link', 'MOLCAS.3.JobIph', 'JOB002']
['rassi', 'soc', [4, 3]]
['copy', '$master_path/MOLCAS.1.JobIph', 'JOBOLD']
['rasscf', 1, 4, True, False]
['mclr', 0.0001, 'sala=2']
['alaska']
All jobs finished:
job: master          code: 0    runtime: 0:00:12.698206
job: grad_1_2        code: 0    runtime: 0:00:05.485983

Starting job execution
['gateway']
['seward']
['copy', '/project/lgagliardi/helenclifford/practice_rcc/sharc4/methaniminium/tutorial_reproduction/traj/Singlet_2/TRAJ_00002/restart/MOLCAS.1.JobIph.28', 'JOBOLD']
['rasscf', 1, 4, True, False]
['copy', 'MOLCAS.rasscf.h5', 'MOLCAS.1.rasscf.h5']
['copy', 'MOLCAS.JobIph', 'MOLCAS.1.JobIph']
['copy', '/project/lgagliardi/helenclifford/practice_rcc/sharc4/methaniminium/tutorial_reproduction/traj/Singlet_2/TRAJ_00002/restart/MOLCAS.3.JobIph.28', 'JOBOLD']
['rasscf', 3, 3, True, False]
['copy', 'MOLCAS.rasscf.h5', 'MOLCAS.3.rasscf.h5']
['copy', 'MOLCAS.JobIph', 'MOLCAS.3.JobIph']
['link', 'MOLCAS.1.JobIph', 'JOB001']
['rassi', 'dm', [4]]
['copy', 'MOLCAS.rassi.h5', 'MOLCAS.rassi.1.h5']
['link', 'MOLCAS.3.JobIph', 'JOB001']
['rassi', 'dm', [3]]
['copy', 'MOLCAS.rassi.h5', 'MOLCAS.rassi.3.h5']
['copy', '/project/lgagliardi/helenclifford/practice_rcc/sharc4/methaniminium/tutorial_reproduction/traj/Singlet_2/TRAJ_00002/restart/MOLCAS.1.JobIph.28', 'JOB001']
['link', 'MOLCAS.1.JobIph', 'JOB002']
['rassi', 'overlap', [4, 4]]
['copy', 'MOLCAS.rassi.h5', 'MOLCAS.rassi.ovlp.1.h5']
['copy', '/project/lgagliardi/helenclifford/practice_rcc/sharc4/methaniminium/tutorial_reproduction/traj/Singlet_2/TRAJ_00002/restart/MOLCAS.3.JobIph.28', 'JOB001']
['link', 'MOLCAS.3.JobIph', 'JOB002']
['rassi', 'overlap', [3, 3]]
['copy', 'MOLCAS.rassi.h5', 'MOLCAS.rassi.ovlp.3.h5']
['link', 'MOLCAS.1.JobIph', 'JOB001']
['link', 'MOLCAS.3.JobIph', 'JOB002']
['rassi', 'soc', [4, 3]]
['copy', '$master_path/MOLCAS.1.JobIph', 'JOBOLD']
['rasscf', 1, 4, True, False]
['mclr', 0.0001, 'sala=2']
['alaska']
All jobs finished:
job: master          code: 0    runtime: 0:00:12.605404
job: grad_1_2        code: 0    runtime: 0:00:05.883177

Starting job execution
['gateway']
['seward']
['copy', '/project/lgagliardi/helenclifford/practice_rcc/sharc4/methaniminium/tutorial_reproduction/traj/Singlet_2/TRAJ_00002/restart/MOLCAS.1.JobIph.29', 'JOBOLD']
['rasscf', 1, 4, True, False]
['copy', 'MOLCAS.rasscf.h5', 'MOLCAS.1.rasscf.h5']
['copy', 'MOLCAS.JobIph', 'MOLCAS.1.JobIph']
['copy', '/project/lgagliardi/helenclifford/practice_rcc/sharc4/methaniminium/tutorial_reproduction/traj/Singlet_2/TRAJ_00002/restart/MOLCAS.3.JobIph.29', 'JOBOLD']
['rasscf', 3, 3, True, False]
['copy', 'MOLCAS.rasscf.h5', 'MOLCAS.3.rasscf.h5']
['copy', 'MOLCAS.JobIph', 'MOLCAS.3.JobIph']
['link', 'MOLCAS.1.JobIph', 'JOB001']
['rassi', 'dm', [4]]
['copy', 'MOLCAS.rassi.h5', 'MOLCAS.rassi.1.h5']
['link', 'MOLCAS.3.JobIph', 'JOB001']
['rassi', 'dm', [3]]
['copy', 'MOLCAS.rassi.h5', 'MOLCAS.rassi.3.h5']
['copy', '/project/lgagliardi/helenclifford/practice_rcc/sharc4/methaniminium/tutorial_reproduction/traj/Singlet_2/TRAJ_00002/restart/MOLCAS.1.JobIph.29', 'JOB001']
['link', 'MOLCAS.1.JobIph', 'JOB002']
['rassi', 'overlap', [4, 4]]
['copy', 'MOLCAS.rassi.h5', 'MOLCAS.rassi.ovlp.1.h5']
['copy', '/project/lgagliardi/helenclifford/practice_rcc/sharc4/methaniminium/tutorial_reproduction/traj/Singlet_2/TRAJ_00002/restart/MOLCAS.3.JobIph.29', 'JOB001']
['link', 'MOLCAS.3.JobIph', 'JOB002']
['rassi', 'overlap', [3, 3]]
['copy', 'MOLCAS.rassi.h5', 'MOLCAS.rassi.ovlp.3.h5']
['link', 'MOLCAS.1.JobIph', 'JOB001']
['link', 'MOLCAS.3.JobIph', 'JOB002']
['rassi', 'soc', [4, 3]]
['copy', '$master_path/MOLCAS.1.JobIph', 'JOBOLD']
['rasscf', 1, 4, True, False]
['mclr', 0.0001, 'sala=2']
['alaska']
All jobs finished:
job: master          code: 0    runtime: 0:00:12.577448
job: grad_1_2        code: 0    runtime: 0:00:05.603158

Starting job execution
['gateway']
['seward']
['copy', '/project/lgagliardi/helenclifford/practice_rcc/sharc4/methaniminium/tutorial_reproduction/traj/Singlet_2/TRAJ_00002/restart/MOLCAS.1.JobIph.30', 'JOBOLD']
['rasscf', 1, 4, True, False]
['copy', 'MOLCAS.rasscf.h5', 'MOLCAS.1.rasscf.h5']
['copy', 'MOLCAS.JobIph', 'MOLCAS.1.JobIph']
['copy', '/project/lgagliardi/helenclifford/practice_rcc/sharc4/methaniminium/tutorial_reproduction/traj/Singlet_2/TRAJ_00002/restart/MOLCAS.3.JobIph.30', 'JOBOLD']
['rasscf', 3, 3, True, False]
['copy', 'MOLCAS.rasscf.h5', 'MOLCAS.3.rasscf.h5']
['copy', 'MOLCAS.JobIph', 'MOLCAS.3.JobIph']
['link', 'MOLCAS.1.JobIph', 'JOB001']
['rassi', 'dm', [4]]
['copy', 'MOLCAS.rassi.h5', 'MOLCAS.rassi.1.h5']
['link', 'MOLCAS.3.JobIph', 'JOB001']
['rassi', 'dm', [3]]
['copy', 'MOLCAS.rassi.h5', 'MOLCAS.rassi.3.h5']
['copy', '/project/lgagliardi/helenclifford/practice_rcc/sharc4/methaniminium/tutorial_reproduction/traj/Singlet_2/TRAJ_00002/restart/MOLCAS.1.JobIph.30', 'JOB001']
['link', 'MOLCAS.1.JobIph', 'JOB002']
['rassi', 'overlap', [4, 4]]
['copy', 'MOLCAS.rassi.h5', 'MOLCAS.rassi.ovlp.1.h5']
['copy', '/project/lgagliardi/helenclifford/practice_rcc/sharc4/methaniminium/tutorial_reproduction/traj/Singlet_2/TRAJ_00002/restart/MOLCAS.3.JobIph.30', 'JOB001']
['link', 'MOLCAS.3.JobIph', 'JOB002']
['rassi', 'overlap', [3, 3]]
['copy', 'MOLCAS.rassi.h5', 'MOLCAS.rassi.ovlp.3.h5']
['link', 'MOLCAS.1.JobIph', 'JOB001']
['link', 'MOLCAS.3.JobIph', 'JOB002']
['rassi', 'soc', [4, 3]]
['copy', '$master_path/MOLCAS.1.JobIph', 'JOBOLD']
['rasscf', 1, 4, True, False]
['mclr', 0.0001, 'sala=2']
['alaska']
All jobs finished:
job: master          code: 0    runtime: 0:00:12.851387
job: grad_1_2        code: 0    runtime: 0:00:05.682903

Starting job execution
['gateway']
['seward']
['copy', '/project/lgagliardi/helenclifford/practice_rcc/sharc4/methaniminium/tutorial_reproduction/traj/Singlet_2/TRAJ_00002/restart/MOLCAS.1.JobIph.31', 'JOBOLD']
['rasscf', 1, 4, True, False]
['copy', 'MOLCAS.rasscf.h5', 'MOLCAS.1.rasscf.h5']
['copy', 'MOLCAS.JobIph', 'MOLCAS.1.JobIph']
['copy', '/project/lgagliardi/helenclifford/practice_rcc/sharc4/methaniminium/tutorial_reproduction/traj/Singlet_2/TRAJ_00002/restart/MOLCAS.3.JobIph.31', 'JOBOLD']
['rasscf', 3, 3, True, False]
['copy', 'MOLCAS.rasscf.h5', 'MOLCAS.3.rasscf.h5']
['copy', 'MOLCAS.JobIph', 'MOLCAS.3.JobIph']
['link', 'MOLCAS.1.JobIph', 'JOB001']
['rassi', 'dm', [4]]
['copy', 'MOLCAS.rassi.h5', 'MOLCAS.rassi.1.h5']
['link', 'MOLCAS.3.JobIph', 'JOB001']
['rassi', 'dm', [3]]
['copy', 'MOLCAS.rassi.h5', 'MOLCAS.rassi.3.h5']
['copy', '/project/lgagliardi/helenclifford/practice_rcc/sharc4/methaniminium/tutorial_reproduction/traj/Singlet_2/TRAJ_00002/restart/MOLCAS.1.JobIph.31', 'JOB001']
['link', 'MOLCAS.1.JobIph', 'JOB002']
['rassi', 'overlap', [4, 4]]
['copy', 'MOLCAS.rassi.h5', 'MOLCAS.rassi.ovlp.1.h5']
['copy', '/project/lgagliardi/helenclifford/practice_rcc/sharc4/methaniminium/tutorial_reproduction/traj/Singlet_2/TRAJ_00002/restart/MOLCAS.3.JobIph.31', 'JOB001']
['link', 'MOLCAS.3.JobIph', 'JOB002']
['rassi', 'overlap', [3, 3]]
['copy', 'MOLCAS.rassi.h5', 'MOLCAS.rassi.ovlp.3.h5']
['link', 'MOLCAS.1.JobIph', 'JOB001']
['link', 'MOLCAS.3.JobIph', 'JOB002']
['rassi', 'soc', [4, 3]]
['copy', '$master_path/MOLCAS.1.JobIph', 'JOBOLD']
['rasscf', 1, 4, True, False]
['mclr', 0.0001, 'sala=2']
['alaska']
All jobs finished:
job: master          code: 0    runtime: 0:00:12.678695
job: grad_1_2        code: 0    runtime: 0:00:05.461307

Starting job execution
['gateway']
['seward']
['copy', '/project/lgagliardi/helenclifford/practice_rcc/sharc4/methaniminium/tutorial_reproduction/traj/Singlet_2/TRAJ_00002/restart/MOLCAS.1.JobIph.32', 'JOBOLD']
['rasscf', 1, 4, True, False]
['copy', 'MOLCAS.rasscf.h5', 'MOLCAS.1.rasscf.h5']
['copy', 'MOLCAS.JobIph', 'MOLCAS.1.JobIph']
['copy', '/project/lgagliardi/helenclifford/practice_rcc/sharc4/methaniminium/tutorial_reproduction/traj/Singlet_2/TRAJ_00002/restart/MOLCAS.3.JobIph.32', 'JOBOLD']
['rasscf', 3, 3, True, False]
['copy', 'MOLCAS.rasscf.h5', 'MOLCAS.3.rasscf.h5']
['copy', 'MOLCAS.JobIph', 'MOLCAS.3.JobIph']
['link', 'MOLCAS.1.JobIph', 'JOB001']
['rassi', 'dm', [4]]
['copy', 'MOLCAS.rassi.h5', 'MOLCAS.rassi.1.h5']
['link', 'MOLCAS.3.JobIph', 'JOB001']
['rassi', 'dm', [3]]
['copy', 'MOLCAS.rassi.h5', 'MOLCAS.rassi.3.h5']
['copy', '/project/lgagliardi/helenclifford/practice_rcc/sharc4/methaniminium/tutorial_reproduction/traj/Singlet_2/TRAJ_00002/restart/MOLCAS.1.JobIph.32', 'JOB001']
['link', 'MOLCAS.1.JobIph', 'JOB002']
['rassi', 'overlap', [4, 4]]
['copy', 'MOLCAS.rassi.h5', 'MOLCAS.rassi.ovlp.1.h5']
['copy', '/project/lgagliardi/helenclifford/practice_rcc/sharc4/methaniminium/tutorial_reproduction/traj/Singlet_2/TRAJ_00002/restart/MOLCAS.3.JobIph.32', 'JOB001']
['link', 'MOLCAS.3.JobIph', 'JOB002']
['rassi', 'overlap', [3, 3]]
['copy', 'MOLCAS.rassi.h5', 'MOLCAS.rassi.ovlp.3.h5']
['link', 'MOLCAS.1.JobIph', 'JOB001']
['link', 'MOLCAS.3.JobIph', 'JOB002']
['rassi', 'soc', [4, 3]]
['copy', '$master_path/MOLCAS.1.JobIph', 'JOBOLD']
['rasscf', 1, 4, True, False]
['mclr', 0.0001, 'sala=2']
['alaska']
All jobs finished:
job: master          code: 0    runtime: 0:00:14.995469
job: grad_1_2        code: 0    runtime: 0:00:06.210847

Starting job execution
['gateway']
['seward']
['copy', '/project/lgagliardi/helenclifford/practice_rcc/sharc4/methaniminium/tutorial_reproduction/traj/Singlet_2/TRAJ_00002/restart/MOLCAS.1.JobIph.33', 'JOBOLD']
['rasscf', 1, 4, True, False]
['copy', 'MOLCAS.rasscf.h5', 'MOLCAS.1.rasscf.h5']
['copy', 'MOLCAS.JobIph', 'MOLCAS.1.JobIph']
['copy', '/project/lgagliardi/helenclifford/practice_rcc/sharc4/methaniminium/tutorial_reproduction/traj/Singlet_2/TRAJ_00002/restart/MOLCAS.3.JobIph.33', 'JOBOLD']
['rasscf', 3, 3, True, False]
['copy', 'MOLCAS.rasscf.h5', 'MOLCAS.3.rasscf.h5']
['copy', 'MOLCAS.JobIph', 'MOLCAS.3.JobIph']
['link', 'MOLCAS.1.JobIph', 'JOB001']
['rassi', 'dm', [4]]
['copy', 'MOLCAS.rassi.h5', 'MOLCAS.rassi.1.h5']
['link', 'MOLCAS.3.JobIph', 'JOB001']
['rassi', 'dm', [3]]
['copy', 'MOLCAS.rassi.h5', 'MOLCAS.rassi.3.h5']
['copy', '/project/lgagliardi/helenclifford/practice_rcc/sharc4/methaniminium/tutorial_reproduction/traj/Singlet_2/TRAJ_00002/restart/MOLCAS.1.JobIph.32', 'JOB001']
['link', 'MOLCAS.1.JobIph', 'JOB002']
['rassi', 'overlap', [4, 4]]
['copy', 'MOLCAS.rassi.h5', 'MOLCAS.rassi.ovlp.1.h5']
['copy', '/project/lgagliardi/helenclifford/practice_rcc/sharc4/methaniminium/tutorial_reproduction/traj/Singlet_2/TRAJ_00002/restart/MOLCAS.3.JobIph.32', 'JOB001']
['link', 'MOLCAS.3.JobIph', 'JOB002']
['rassi', 'overlap', [3, 3]]
['copy', 'MOLCAS.rassi.h5', 'MOLCAS.rassi.ovlp.3.h5']
['link', 'MOLCAS.1.JobIph', 'JOB001']
['link', 'MOLCAS.3.JobIph', 'JOB002']
['rassi', 'soc', [4, 3]]
['copy', '$master_path/MOLCAS.1.JobIph', 'JOBOLD']
['rasscf', 1, 4, True, False]
['mclr', 0.0001, 'sala=1']
['alaska']
All jobs finished:
job: master          code: 0    runtime: 0:00:11.394089
job: grad_1_1        code: 0    runtime: 0:00:05.881628

Starting job execution
['gateway']
['seward']
['copy', '/project/lgagliardi/helenclifford/practice_rcc/sharc4/methaniminium/tutorial_reproduction/traj/Singlet_2/TRAJ_00002/restart/MOLCAS.1.JobIph.33', 'JOBOLD']
['rasscf', 1, 4, True, False]
['copy', 'MOLCAS.rasscf.h5', 'MOLCAS.1.rasscf.h5']
['copy', 'MOLCAS.JobIph', 'MOLCAS.1.JobIph']
['copy', '/project/lgagliardi/helenclifford/practice_rcc/sharc4/methaniminium/tutorial_reproduction/traj/Singlet_2/TRAJ_00002/restart/MOLCAS.3.JobIph.33', 'JOBOLD']
['rasscf', 3, 3, True, False]
['copy', 'MOLCAS.rasscf.h5', 'MOLCAS.3.rasscf.h5']
['copy', 'MOLCAS.JobIph', 'MOLCAS.3.JobIph']
['link', 'MOLCAS.1.JobIph', 'JOB001']
['rassi', 'dm', [4]]
['copy', 'MOLCAS.rassi.h5', 'MOLCAS.rassi.1.h5']
['link', 'MOLCAS.3.JobIph', 'JOB001']
['rassi', 'dm', [3]]
['copy', 'MOLCAS.rassi.h5', 'MOLCAS.rassi.3.h5']
['copy', '/project/lgagliardi/helenclifford/practice_rcc/sharc4/methaniminium/tutorial_reproduction/traj/Singlet_2/TRAJ_00002/restart/MOLCAS.1.JobIph.33', 'JOB001']
['link', 'MOLCAS.1.JobIph', 'JOB002']
['rassi', 'overlap', [4, 4]]
['copy', 'MOLCAS.rassi.h5', 'MOLCAS.rassi.ovlp.1.h5']
['copy', '/project/lgagliardi/helenclifford/practice_rcc/sharc4/methaniminium/tutorial_reproduction/traj/Singlet_2/TRAJ_00002/restart/MOLCAS.3.JobIph.33', 'JOB001']
['link', 'MOLCAS.3.JobIph', 'JOB002']
['rassi', 'overlap', [3, 3]]
['copy', 'MOLCAS.rassi.h5', 'MOLCAS.rassi.ovlp.3.h5']
['link', 'MOLCAS.1.JobIph', 'JOB001']
['link', 'MOLCAS.3.JobIph', 'JOB002']
['rassi', 'soc', [4, 3]]
['copy', '$master_path/MOLCAS.1.JobIph', 'JOBOLD']
['rasscf', 1, 4, True, False]
['mclr', 0.0001, 'sala=1']
['alaska']
All jobs finished:
job: master          code: 0    runtime: 0:00:13.105891
job: grad_1_1        code: 0    runtime: 0:00:06.205757

Starting job execution
['gateway']
['seward']
['copy', '/project/lgagliardi/helenclifford/practice_rcc/sharc4/methaniminium/tutorial_reproduction/traj/Singlet_2/TRAJ_00002/restart/MOLCAS.1.JobIph.34', 'JOBOLD']
['rasscf', 1, 4, True, False]
['copy', 'MOLCAS.rasscf.h5', 'MOLCAS.1.rasscf.h5']
['copy', 'MOLCAS.JobIph', 'MOLCAS.1.JobIph']
['copy', '/project/lgagliardi/helenclifford/practice_rcc/sharc4/methaniminium/tutorial_reproduction/traj/Singlet_2/TRAJ_00002/restart/MOLCAS.3.JobIph.34', 'JOBOLD']
['rasscf', 3, 3, True, False]
['copy', 'MOLCAS.rasscf.h5', 'MOLCAS.3.rasscf.h5']
['copy', 'MOLCAS.JobIph', 'MOLCAS.3.JobIph']
['link', 'MOLCAS.1.JobIph', 'JOB001']
['rassi', 'dm', [4]]
['copy', 'MOLCAS.rassi.h5', 'MOLCAS.rassi.1.h5']
['link', 'MOLCAS.3.JobIph', 'JOB001']
['rassi', 'dm', [3]]
['copy', 'MOLCAS.rassi.h5', 'MOLCAS.rassi.3.h5']
['copy', '/project/lgagliardi/helenclifford/practice_rcc/sharc4/methaniminium/tutorial_reproduction/traj/Singlet_2/TRAJ_00002/restart/MOLCAS.1.JobIph.34', 'JOB001']
['link', 'MOLCAS.1.JobIph', 'JOB002']
['rassi', 'overlap', [4, 4]]
['copy', 'MOLCAS.rassi.h5', 'MOLCAS.rassi.ovlp.1.h5']
['copy', '/project/lgagliardi/helenclifford/practice_rcc/sharc4/methaniminium/tutorial_reproduction/traj/Singlet_2/TRAJ_00002/restart/MOLCAS.3.JobIph.34', 'JOB001']
['link', 'MOLCAS.3.JobIph', 'JOB002']
['rassi', 'overlap', [3, 3]]
['copy', 'MOLCAS.rassi.h5', 'MOLCAS.rassi.ovlp.3.h5']
['link', 'MOLCAS.1.JobIph', 'JOB001']
['link', 'MOLCAS.3.JobIph', 'JOB002']
['rassi', 'soc', [4, 3]]
['copy', '$master_path/MOLCAS.1.JobIph', 'JOBOLD']
['rasscf', 1, 4, True, False]
['mclr', 0.0001, 'sala=1']
['alaska']
All jobs finished:
job: master          code: 0    runtime: 0:00:13.650075
job: grad_1_1        code: 0    runtime: 0:00:05.948919

Starting job execution
['gateway']
['seward']
['copy', '/project/lgagliardi/helenclifford/practice_rcc/sharc4/methaniminium/tutorial_reproduction/traj/Singlet_2/TRAJ_00002/restart/MOLCAS.1.JobIph.35', 'JOBOLD']
['rasscf', 1, 4, True, False]
['copy', 'MOLCAS.rasscf.h5', 'MOLCAS.1.rasscf.h5']
['copy', 'MOLCAS.JobIph', 'MOLCAS.1.JobIph']
['copy', '/project/lgagliardi/helenclifford/practice_rcc/sharc4/methaniminium/tutorial_reproduction/traj/Singlet_2/TRAJ_00002/restart/MOLCAS.3.JobIph.35', 'JOBOLD']
['rasscf', 3, 3, True, False]
['copy', 'MOLCAS.rasscf.h5', 'MOLCAS.3.rasscf.h5']
['copy', 'MOLCAS.JobIph', 'MOLCAS.3.JobIph']
['link', 'MOLCAS.1.JobIph', 'JOB001']
['rassi', 'dm', [4]]
['copy', 'MOLCAS.rassi.h5', 'MOLCAS.rassi.1.h5']
['link', 'MOLCAS.3.JobIph', 'JOB001']
['rassi', 'dm', [3]]
['copy', 'MOLCAS.rassi.h5', 'MOLCAS.rassi.3.h5']
['copy', '/project/lgagliardi/helenclifford/practice_rcc/sharc4/methaniminium/tutorial_reproduction/traj/Singlet_2/TRAJ_00002/restart/MOLCAS.1.JobIph.35', 'JOB001']
['link', 'MOLCAS.1.JobIph', 'JOB002']
['rassi', 'overlap', [4, 4]]
['copy', 'MOLCAS.rassi.h5', 'MOLCAS.rassi.ovlp.1.h5']
['copy', '/project/lgagliardi/helenclifford/practice_rcc/sharc4/methaniminium/tutorial_reproduction/traj/Singlet_2/TRAJ_00002/restart/MOLCAS.3.JobIph.35', 'JOB001']
['link', 'MOLCAS.3.JobIph', 'JOB002']
['rassi', 'overlap', [3, 3]]
['copy', 'MOLCAS.rassi.h5', 'MOLCAS.rassi.ovlp.3.h5']
['link', 'MOLCAS.1.JobIph', 'JOB001']
['link', 'MOLCAS.3.JobIph', 'JOB002']
['rassi', 'soc', [4, 3]]
['copy', '$master_path/MOLCAS.1.JobIph', 'JOBOLD']
['rasscf', 1, 4, True, False]
['mclr', 0.0001, 'sala=1']
['alaska']
All jobs finished:
job: master          code: 0    runtime: 0:00:13.990991
job: grad_1_1        code: 0    runtime: 0:00:06.069481

Starting job execution
['gateway']
['seward']
['copy', '/project/lgagliardi/helenclifford/practice_rcc/sharc4/methaniminium/tutorial_reproduction/traj/Singlet_2/TRAJ_00002/restart/MOLCAS.1.JobIph.36', 'JOBOLD']
['rasscf', 1, 4, True, False]
['copy', 'MOLCAS.rasscf.h5', 'MOLCAS.1.rasscf.h5']
['copy', 'MOLCAS.JobIph', 'MOLCAS.1.JobIph']
['copy', '/project/lgagliardi/helenclifford/practice_rcc/sharc4/methaniminium/tutorial_reproduction/traj/Singlet_2/TRAJ_00002/restart/MOLCAS.3.JobIph.36', 'JOBOLD']
['rasscf', 3, 3, True, False]
['copy', 'MOLCAS.rasscf.h5', 'MOLCAS.3.rasscf.h5']
['copy', 'MOLCAS.JobIph', 'MOLCAS.3.JobIph']
['link', 'MOLCAS.1.JobIph', 'JOB001']
['rassi', 'dm', [4]]
['copy', 'MOLCAS.rassi.h5', 'MOLCAS.rassi.1.h5']
['link', 'MOLCAS.3.JobIph', 'JOB001']
['rassi', 'dm', [3]]
['copy', 'MOLCAS.rassi.h5', 'MOLCAS.rassi.3.h5']
['copy', '/project/lgagliardi/helenclifford/practice_rcc/sharc4/methaniminium/tutorial_reproduction/traj/Singlet_2/TRAJ_00002/restart/MOLCAS.1.JobIph.36', 'JOB001']
['link', 'MOLCAS.1.JobIph', 'JOB002']
['rassi', 'overlap', [4, 4]]
['copy', 'MOLCAS.rassi.h5', 'MOLCAS.rassi.ovlp.1.h5']
['copy', '/project/lgagliardi/helenclifford/practice_rcc/sharc4/methaniminium/tutorial_reproduction/traj/Singlet_2/TRAJ_00002/restart/MOLCAS.3.JobIph.36', 'JOB001']
['link', 'MOLCAS.3.JobIph', 'JOB002']
['rassi', 'overlap', [3, 3]]
['copy', 'MOLCAS.rassi.h5', 'MOLCAS.rassi.ovlp.3.h5']
['link', 'MOLCAS.1.JobIph', 'JOB001']
['link', 'MOLCAS.3.JobIph', 'JOB002']
['rassi', 'soc', [4, 3]]
['copy', '$master_path/MOLCAS.1.JobIph', 'JOBOLD']
['rasscf', 1, 4, True, False]
['mclr', 0.0001, 'sala=1']
['alaska']
All jobs finished:
job: master          code: 0    runtime: 0:00:13.949398
job: grad_1_1        code: 0    runtime: 0:00:05.641614

Starting job execution
['gateway']
['seward']
['copy', '/project/lgagliardi/helenclifford/practice_rcc/sharc4/methaniminium/tutorial_reproduction/traj/Singlet_2/TRAJ_00002/restart/MOLCAS.1.JobIph.37', 'JOBOLD']
['rasscf', 1, 4, True, False]
['copy', 'MOLCAS.rasscf.h5', 'MOLCAS.1.rasscf.h5']
['copy', 'MOLCAS.JobIph', 'MOLCAS.1.JobIph']
['copy', '/project/lgagliardi/helenclifford/practice_rcc/sharc4/methaniminium/tutorial_reproduction/traj/Singlet_2/TRAJ_00002/restart/MOLCAS.3.JobIph.37', 'JOBOLD']
['rasscf', 3, 3, True, False]
['copy', 'MOLCAS.rasscf.h5', 'MOLCAS.3.rasscf.h5']
['copy', 'MOLCAS.JobIph', 'MOLCAS.3.JobIph']
['link', 'MOLCAS.1.JobIph', 'JOB001']
['rassi', 'dm', [4]]
['copy', 'MOLCAS.rassi.h5', 'MOLCAS.rassi.1.h5']
['link', 'MOLCAS.3.JobIph', 'JOB001']
['rassi', 'dm', [3]]
['copy', 'MOLCAS.rassi.h5', 'MOLCAS.rassi.3.h5']
['copy', '/project/lgagliardi/helenclifford/practice_rcc/sharc4/methaniminium/tutorial_reproduction/traj/Singlet_2/TRAJ_00002/restart/MOLCAS.1.JobIph.37', 'JOB001']
['link', 'MOLCAS.1.JobIph', 'JOB002']
['rassi', 'overlap', [4, 4]]
['copy', 'MOLCAS.rassi.h5', 'MOLCAS.rassi.ovlp.1.h5']
['copy', '/project/lgagliardi/helenclifford/practice_rcc/sharc4/methaniminium/tutorial_reproduction/traj/Singlet_2/TRAJ_00002/restart/MOLCAS.3.JobIph.37', 'JOB001']
['link', 'MOLCAS.3.JobIph', 'JOB002']
['rassi', 'overlap', [3, 3]]
['copy', 'MOLCAS.rassi.h5', 'MOLCAS.rassi.ovlp.3.h5']
['link', 'MOLCAS.1.JobIph', 'JOB001']
['link', 'MOLCAS.3.JobIph', 'JOB002']
['rassi', 'soc', [4, 3]]
['copy', '$master_path/MOLCAS.1.JobIph', 'JOBOLD']
['rasscf', 1, 4, True, False]
['mclr', 0.0001, 'sala=1']
['alaska']
All jobs finished:
job: master          code: 0    runtime: 0:00:13.400299
job: grad_1_1        code: 0    runtime: 0:00:05.171412

Starting job execution
['gateway']
['seward']
['copy', '/project/lgagliardi/helenclifford/practice_rcc/sharc4/methaniminium/tutorial_reproduction/traj/Singlet_2/TRAJ_00002/restart/MOLCAS.1.JobIph.38', 'JOBOLD']
['rasscf', 1, 4, True, False]
['copy', 'MOLCAS.rasscf.h5', 'MOLCAS.1.rasscf.h5']
['copy', 'MOLCAS.JobIph', 'MOLCAS.1.JobIph']
['copy', '/project/lgagliardi/helenclifford/practice_rcc/sharc4/methaniminium/tutorial_reproduction/traj/Singlet_2/TRAJ_00002/restart/MOLCAS.3.JobIph.38', 'JOBOLD']
['rasscf', 3, 3, True, False]
['copy', 'MOLCAS.rasscf.h5', 'MOLCAS.3.rasscf.h5']
['copy', 'MOLCAS.JobIph', 'MOLCAS.3.JobIph']
['link', 'MOLCAS.1.JobIph', 'JOB001']
['rassi', 'dm', [4]]
['copy', 'MOLCAS.rassi.h5', 'MOLCAS.rassi.1.h5']
['link', 'MOLCAS.3.JobIph', 'JOB001']
['rassi', 'dm', [3]]
['copy', 'MOLCAS.rassi.h5', 'MOLCAS.rassi.3.h5']
['copy', '/project/lgagliardi/helenclifford/practice_rcc/sharc4/methaniminium/tutorial_reproduction/traj/Singlet_2/TRAJ_00002/restart/MOLCAS.1.JobIph.38', 'JOB001']
['link', 'MOLCAS.1.JobIph', 'JOB002']
['rassi', 'overlap', [4, 4]]
['copy', 'MOLCAS.rassi.h5', 'MOLCAS.rassi.ovlp.1.h5']
['copy', '/project/lgagliardi/helenclifford/practice_rcc/sharc4/methaniminium/tutorial_reproduction/traj/Singlet_2/TRAJ_00002/restart/MOLCAS.3.JobIph.38', 'JOB001']
['link', 'MOLCAS.3.JobIph', 'JOB002']
['rassi', 'overlap', [3, 3]]
['copy', 'MOLCAS.rassi.h5', 'MOLCAS.rassi.ovlp.3.h5']
['link', 'MOLCAS.1.JobIph', 'JOB001']
['link', 'MOLCAS.3.JobIph', 'JOB002']
['rassi', 'soc', [4, 3]]
['copy', '$master_path/MOLCAS.1.JobIph', 'JOBOLD']
['rasscf', 1, 4, True, False]
['mclr', 0.0001, 'sala=1']
['alaska']
All jobs finished:
job: master          code: 0    runtime: 0:00:14.946120
job: grad_1_1        code: 0    runtime: 0:00:05.766823

Starting job execution
['gateway']
['seward']
['copy', '/project/lgagliardi/helenclifford/practice_rcc/sharc4/methaniminium/tutorial_reproduction/traj/Singlet_2/TRAJ_00002/restart/MOLCAS.1.JobIph.39', 'JOBOLD']
['rasscf', 1, 4, True, False]
['copy', 'MOLCAS.rasscf.h5', 'MOLCAS.1.rasscf.h5']
['copy', 'MOLCAS.JobIph', 'MOLCAS.1.JobIph']
['copy', '/project/lgagliardi/helenclifford/practice_rcc/sharc4/methaniminium/tutorial_reproduction/traj/Singlet_2/TRAJ_00002/restart/MOLCAS.3.JobIph.39', 'JOBOLD']
['rasscf', 3, 3, True, False]
['copy', 'MOLCAS.rasscf.h5', 'MOLCAS.3.rasscf.h5']
['copy', 'MOLCAS.JobIph', 'MOLCAS.3.JobIph']
['link', 'MOLCAS.1.JobIph', 'JOB001']
['rassi', 'dm', [4]]
['copy', 'MOLCAS.rassi.h5', 'MOLCAS.rassi.1.h5']
['link', 'MOLCAS.3.JobIph', 'JOB001']
['rassi', 'dm', [3]]
['copy', 'MOLCAS.rassi.h5', 'MOLCAS.rassi.3.h5']
['copy', '/project/lgagliardi/helenclifford/practice_rcc/sharc4/methaniminium/tutorial_reproduction/traj/Singlet_2/TRAJ_00002/restart/MOLCAS.1.JobIph.38', 'JOB001']
['link', 'MOLCAS.1.JobIph', 'JOB002']
['rassi', 'overlap', [4, 4]]
['copy', 'MOLCAS.rassi.h5', 'MOLCAS.rassi.ovlp.1.h5']
['copy', '/project/lgagliardi/helenclifford/practice_rcc/sharc4/methaniminium/tutorial_reproduction/traj/Singlet_2/TRAJ_00002/restart/MOLCAS.3.JobIph.38', 'JOB001']
['link', 'MOLCAS.3.JobIph', 'JOB002']
['rassi', 'overlap', [3, 3]]
['copy', 'MOLCAS.rassi.h5', 'MOLCAS.rassi.ovlp.3.h5']
['link', 'MOLCAS.1.JobIph', 'JOB001']
['link', 'MOLCAS.3.JobIph', 'JOB002']
['rassi', 'soc', [4, 3]]
['copy', '$master_path/MOLCAS.3.JobIph', 'JOBOLD']
['rasscf', 3, 3, True, False]
['mclr', 0.0001, 'sala=1']
['alaska']
['copy', '$master_path/MOLCAS.1.JobIph', 'JOBOLD']
['rasscf', 1, 4, True, False]
['mclr', 0.0001, 'sala=1']
['alaska']
All jobs finished:
job: master          code: 0    runtime: 0:00:10.988465
job: grad_3_1        code: 0    runtime: 0:00:05.413680
job: grad_1_1        code: 0    runtime: 0:00:06.311387

Starting job execution
['gateway']
['seward']
['copy', '/project/lgagliardi/helenclifford/practice_rcc/sharc4/methaniminium/tutorial_reproduction/traj/Singlet_2/TRAJ_00002/restart/MOLCAS.1.JobIph.39', 'JOBOLD']
['rasscf', 1, 4, True, False]
['copy', 'MOLCAS.rasscf.h5', 'MOLCAS.1.rasscf.h5']
['copy', 'MOLCAS.JobIph', 'MOLCAS.1.JobIph']
['copy', '/project/lgagliardi/helenclifford/practice_rcc/sharc4/methaniminium/tutorial_reproduction/traj/Singlet_2/TRAJ_00002/restart/MOLCAS.3.JobIph.39', 'JOBOLD']
['rasscf', 3, 3, True, False]
['copy', 'MOLCAS.rasscf.h5', 'MOLCAS.3.rasscf.h5']
['copy', 'MOLCAS.JobIph', 'MOLCAS.3.JobIph']
['link', 'MOLCAS.1.JobIph', 'JOB001']
['rassi', 'dm', [4]]
['copy', 'MOLCAS.rassi.h5', 'MOLCAS.rassi.1.h5']
['link', 'MOLCAS.3.JobIph', 'JOB001']
['rassi', 'dm', [3]]
['copy', 'MOLCAS.rassi.h5', 'MOLCAS.rassi.3.h5']
['copy', '/project/lgagliardi/helenclifford/practice_rcc/sharc4/methaniminium/tutorial_reproduction/traj/Singlet_2/TRAJ_00002/restart/MOLCAS.1.JobIph.39', 'JOB001']
['link', 'MOLCAS.1.JobIph', 'JOB002']
['rassi', 'overlap', [4, 4]]
['copy', 'MOLCAS.rassi.h5', 'MOLCAS.rassi.ovlp.1.h5']
['copy', '/project/lgagliardi/helenclifford/practice_rcc/sharc4/methaniminium/tutorial_reproduction/traj/Singlet_2/TRAJ_00002/restart/MOLCAS.3.JobIph.39', 'JOB001']
['link', 'MOLCAS.3.JobIph', 'JOB002']
['rassi', 'overlap', [3, 3]]
['copy', 'MOLCAS.rassi.h5', 'MOLCAS.rassi.ovlp.3.h5']
['link', 'MOLCAS.1.JobIph', 'JOB001']
['link', 'MOLCAS.3.JobIph', 'JOB002']
['rassi', 'soc', [4, 3]]
['copy', '$master_path/MOLCAS.3.JobIph', 'JOBOLD']
['rasscf', 3, 3, True, False]
['mclr', 0.0001, 'sala=1']
['alaska']
['copy', '$master_path/MOLCAS.1.JobIph', 'JOBOLD']
['rasscf', 1, 4, True, False]
['mclr', 0.0001, 'sala=1']
['alaska']
All jobs finished:
job: master          code: 0    runtime: 0:00:12.488225
job: grad_3_1        code: 0    runtime: 0:00:05.105480
job: grad_1_1        code: 0    runtime: 0:00:07.169973

Starting job execution
['gateway']
['seward']
['copy', '/project/lgagliardi/helenclifford/practice_rcc/sharc4/methaniminium/tutorial_reproduction/traj/Singlet_2/TRAJ_00002/restart/MOLCAS.1.JobIph.40', 'JOBOLD']
['rasscf', 1, 4, True, False]
['copy', 'MOLCAS.rasscf.h5', 'MOLCAS.1.rasscf.h5']
['copy', 'MOLCAS.JobIph', 'MOLCAS.1.JobIph']
['copy', '/project/lgagliardi/helenclifford/practice_rcc/sharc4/methaniminium/tutorial_reproduction/traj/Singlet_2/TRAJ_00002/restart/MOLCAS.3.JobIph.40', 'JOBOLD']
['rasscf', 3, 3, True, False]
['copy', 'MOLCAS.rasscf.h5', 'MOLCAS.3.rasscf.h5']
['copy', 'MOLCAS.JobIph', 'MOLCAS.3.JobIph']
['link', 'MOLCAS.1.JobIph', 'JOB001']
['rassi', 'dm', [4]]
['copy', 'MOLCAS.rassi.h5', 'MOLCAS.rassi.1.h5']
['link', 'MOLCAS.3.JobIph', 'JOB001']
['rassi', 'dm', [3]]
['copy', 'MOLCAS.rassi.h5', 'MOLCAS.rassi.3.h5']
['copy', '/project/lgagliardi/helenclifford/practice_rcc/sharc4/methaniminium/tutorial_reproduction/traj/Singlet_2/TRAJ_00002/restart/MOLCAS.1.JobIph.40', 'JOB001']
['link', 'MOLCAS.1.JobIph', 'JOB002']
['rassi', 'overlap', [4, 4]]
['copy', 'MOLCAS.rassi.h5', 'MOLCAS.rassi.ovlp.1.h5']
['copy', '/project/lgagliardi/helenclifford/practice_rcc/sharc4/methaniminium/tutorial_reproduction/traj/Singlet_2/TRAJ_00002/restart/MOLCAS.3.JobIph.40', 'JOB001']
['link', 'MOLCAS.3.JobIph', 'JOB002']
['rassi', 'overlap', [3, 3]]
['copy', 'MOLCAS.rassi.h5', 'MOLCAS.rassi.ovlp.3.h5']
['link', 'MOLCAS.1.JobIph', 'JOB001']
['link', 'MOLCAS.3.JobIph', 'JOB002']
['rassi', 'soc', [4, 3]]
['copy', '$master_path/MOLCAS.3.JobIph', 'JOBOLD']
['rasscf', 3, 3, True, False]
['mclr', 0.0001, 'sala=1']
['alaska']
['copy', '$master_path/MOLCAS.1.JobIph', 'JOBOLD']
['rasscf', 1, 4, True, False]
['mclr', 0.0001, 'sala=1']
['alaska']
All jobs finished:
job: master          code: 0    runtime: 0:00:15.048932
job: grad_3_1        code: 0    runtime: 0:00:05.558477
job: grad_1_1        code: 0    runtime: 0:00:05.351252

Starting job execution
['gateway']
['seward']
['copy', '/project/lgagliardi/helenclifford/practice_rcc/sharc4/methaniminium/tutorial_reproduction/traj/Singlet_2/TRAJ_00002/restart/MOLCAS.1.JobIph.41', 'JOBOLD']
['rasscf', 1, 4, True, False]
['copy', 'MOLCAS.rasscf.h5', 'MOLCAS.1.rasscf.h5']
['copy', 'MOLCAS.JobIph', 'MOLCAS.1.JobIph']
['copy', '/project/lgagliardi/helenclifford/practice_rcc/sharc4/methaniminium/tutorial_reproduction/traj/Singlet_2/TRAJ_00002/restart/MOLCAS.3.JobIph.41', 'JOBOLD']
['rasscf', 3, 3, True, False]
['copy', 'MOLCAS.rasscf.h5', 'MOLCAS.3.rasscf.h5']
['copy', 'MOLCAS.JobIph', 'MOLCAS.3.JobIph']
['link', 'MOLCAS.1.JobIph', 'JOB001']
['rassi', 'dm', [4]]
['copy', 'MOLCAS.rassi.h5', 'MOLCAS.rassi.1.h5']
['link', 'MOLCAS.3.JobIph', 'JOB001']
['rassi', 'dm', [3]]
['copy', 'MOLCAS.rassi.h5', 'MOLCAS.rassi.3.h5']
['copy', '/project/lgagliardi/helenclifford/practice_rcc/sharc4/methaniminium/tutorial_reproduction/traj/Singlet_2/TRAJ_00002/restart/MOLCAS.1.JobIph.41', 'JOB001']
['link', 'MOLCAS.1.JobIph', 'JOB002']
['rassi', 'overlap', [4, 4]]
['copy', 'MOLCAS.rassi.h5', 'MOLCAS.rassi.ovlp.1.h5']
['copy', '/project/lgagliardi/helenclifford/practice_rcc/sharc4/methaniminium/tutorial_reproduction/traj/Singlet_2/TRAJ_00002/restart/MOLCAS.3.JobIph.41', 'JOB001']
['link', 'MOLCAS.3.JobIph', 'JOB002']
['rassi', 'overlap', [3, 3]]
['copy', 'MOLCAS.rassi.h5', 'MOLCAS.rassi.ovlp.3.h5']
['link', 'MOLCAS.1.JobIph', 'JOB001']
['link', 'MOLCAS.3.JobIph', 'JOB002']
['rassi', 'soc', [4, 3]]
['copy', '$master_path/MOLCAS.3.JobIph', 'JOBOLD']
['rasscf', 3, 3, True, False]
['mclr', 0.0001, 'sala=1']
['alaska']
['copy', '$master_path/MOLCAS.1.JobIph', 'JOBOLD']
['rasscf', 1, 4, True, False]
['mclr', 0.0001, 'sala=1']
['alaska']
All jobs finished:
job: master          code: 0    runtime: 0:00:12.559698
job: grad_3_1        code: 0    runtime: 0:00:07.627166
job: grad_1_1        code: 0    runtime: 0:00:05.580771

Starting job execution
['gateway']
['seward']
['copy', '/project/lgagliardi/helenclifford/practice_rcc/sharc4/methaniminium/tutorial_reproduction/traj/Singlet_2/TRAJ_00002/restart/MOLCAS.1.JobIph.42', 'JOBOLD']
['rasscf', 1, 4, True, False]
['copy', 'MOLCAS.rasscf.h5', 'MOLCAS.1.rasscf.h5']
['copy', 'MOLCAS.JobIph', 'MOLCAS.1.JobIph']
['copy', '/project/lgagliardi/helenclifford/practice_rcc/sharc4/methaniminium/tutorial_reproduction/traj/Singlet_2/TRAJ_00002/restart/MOLCAS.3.JobIph.42', 'JOBOLD']
['rasscf', 3, 3, True, False]
['copy', 'MOLCAS.rasscf.h5', 'MOLCAS.3.rasscf.h5']
['copy', 'MOLCAS.JobIph', 'MOLCAS.3.JobIph']
['link', 'MOLCAS.1.JobIph', 'JOB001']
['rassi', 'dm', [4]]
['copy', 'MOLCAS.rassi.h5', 'MOLCAS.rassi.1.h5']
['link', 'MOLCAS.3.JobIph', 'JOB001']
['rassi', 'dm', [3]]
['copy', 'MOLCAS.rassi.h5', 'MOLCAS.rassi.3.h5']
['copy', '/project/lgagliardi/helenclifford/practice_rcc/sharc4/methaniminium/tutorial_reproduction/traj/Singlet_2/TRAJ_00002/restart/MOLCAS.1.JobIph.42', 'JOB001']
['link', 'MOLCAS.1.JobIph', 'JOB002']
['rassi', 'overlap', [4, 4]]
['copy', 'MOLCAS.rassi.h5', 'MOLCAS.rassi.ovlp.1.h5']
['copy', '/project/lgagliardi/helenclifford/practice_rcc/sharc4/methaniminium/tutorial_reproduction/traj/Singlet_2/TRAJ_00002/restart/MOLCAS.3.JobIph.42', 'JOB001']
['link', 'MOLCAS.3.JobIph', 'JOB002']
['rassi', 'overlap', [3, 3]]
['copy', 'MOLCAS.rassi.h5', 'MOLCAS.rassi.ovlp.3.h5']
['link', 'MOLCAS.1.JobIph', 'JOB001']
['link', 'MOLCAS.3.JobIph', 'JOB002']
['rassi', 'soc', [4, 3]]
['copy', '$master_path/MOLCAS.3.JobIph', 'JOBOLD']
['rasscf', 3, 3, True, False]
['mclr', 0.0001, 'sala=1']
['alaska']
['copy', '$master_path/MOLCAS.1.JobIph', 'JOBOLD']
['rasscf', 1, 4, True, False]
['mclr', 0.0001, 'sala=1']
['alaska']
All jobs finished:
job: master          code: 0    runtime: 0:00:13.011382
job: grad_3_1        code: 0    runtime: 0:00:05.446555
job: grad_1_1        code: 0    runtime: 0:00:05.822013

Starting job execution
['gateway']
['seward']
['copy', '/project/lgagliardi/helenclifford/practice_rcc/sharc4/methaniminium/tutorial_reproduction/traj/Singlet_2/TRAJ_00002/restart/MOLCAS.1.JobIph.43', 'JOBOLD']
['rasscf', 1, 4, True, False]
['copy', 'MOLCAS.rasscf.h5', 'MOLCAS.1.rasscf.h5']
['copy', 'MOLCAS.JobIph', 'MOLCAS.1.JobIph']
['copy', '/project/lgagliardi/helenclifford/practice_rcc/sharc4/methaniminium/tutorial_reproduction/traj/Singlet_2/TRAJ_00002/restart/MOLCAS.3.JobIph.43', 'JOBOLD']
['rasscf', 3, 3, True, False]
['copy', 'MOLCAS.rasscf.h5', 'MOLCAS.3.rasscf.h5']
['copy', 'MOLCAS.JobIph', 'MOLCAS.3.JobIph']
['link', 'MOLCAS.1.JobIph', 'JOB001']
['rassi', 'dm', [4]]
['copy', 'MOLCAS.rassi.h5', 'MOLCAS.rassi.1.h5']
['link', 'MOLCAS.3.JobIph', 'JOB001']
['rassi', 'dm', [3]]
['copy', 'MOLCAS.rassi.h5', 'MOLCAS.rassi.3.h5']
['copy', '/project/lgagliardi/helenclifford/practice_rcc/sharc4/methaniminium/tutorial_reproduction/traj/Singlet_2/TRAJ_00002/restart/MOLCAS.1.JobIph.43', 'JOB001']
['link', 'MOLCAS.1.JobIph', 'JOB002']
['rassi', 'overlap', [4, 4]]
['copy', 'MOLCAS.rassi.h5', 'MOLCAS.rassi.ovlp.1.h5']
['copy', '/project/lgagliardi/helenclifford/practice_rcc/sharc4/methaniminium/tutorial_reproduction/traj/Singlet_2/TRAJ_00002/restart/MOLCAS.3.JobIph.43', 'JOB001']
['link', 'MOLCAS.3.JobIph', 'JOB002']
['rassi', 'overlap', [3, 3]]
['copy', 'MOLCAS.rassi.h5', 'MOLCAS.rassi.ovlp.3.h5']
['link', 'MOLCAS.1.JobIph', 'JOB001']
['link', 'MOLCAS.3.JobIph', 'JOB002']
['rassi', 'soc', [4, 3]]
['copy', '$master_path/MOLCAS.3.JobIph', 'JOBOLD']
['rasscf', 3, 3, True, False]
['mclr', 0.0001, 'sala=1']
['alaska']
['copy', '$master_path/MOLCAS.1.JobIph', 'JOBOLD']
['rasscf', 1, 4, True, False]
['mclr', 0.0001, 'sala=1']
['alaska']
All jobs finished:
job: master          code: 0    runtime: 0:00:13.083862
job: grad_3_1        code: 0    runtime: 0:00:05.373210
job: grad_1_1        code: 0    runtime: 0:00:05.282156

Starting job execution
['gateway']
['seward']
['copy', '/project/lgagliardi/helenclifford/practice_rcc/sharc4/methaniminium/tutorial_reproduction/traj/Singlet_2/TRAJ_00002/restart/MOLCAS.1.JobIph.44', 'JOBOLD']
['rasscf', 1, 4, True, False]
['copy', 'MOLCAS.rasscf.h5', 'MOLCAS.1.rasscf.h5']
['copy', 'MOLCAS.JobIph', 'MOLCAS.1.JobIph']
['copy', '/project/lgagliardi/helenclifford/practice_rcc/sharc4/methaniminium/tutorial_reproduction/traj/Singlet_2/TRAJ_00002/restart/MOLCAS.3.JobIph.44', 'JOBOLD']
['rasscf', 3, 3, True, False]
['copy', 'MOLCAS.rasscf.h5', 'MOLCAS.3.rasscf.h5']
['copy', 'MOLCAS.JobIph', 'MOLCAS.3.JobIph']
['link', 'MOLCAS.1.JobIph', 'JOB001']
['rassi', 'dm', [4]]
['copy', 'MOLCAS.rassi.h5', 'MOLCAS.rassi.1.h5']
['link', 'MOLCAS.3.JobIph', 'JOB001']
['rassi', 'dm', [3]]
['copy', 'MOLCAS.rassi.h5', 'MOLCAS.rassi.3.h5']
['copy', '/project/lgagliardi/helenclifford/practice_rcc/sharc4/methaniminium/tutorial_reproduction/traj/Singlet_2/TRAJ_00002/restart/MOLCAS.1.JobIph.44', 'JOB001']
['link', 'MOLCAS.1.JobIph', 'JOB002']
['rassi', 'overlap', [4, 4]]
['copy', 'MOLCAS.rassi.h5', 'MOLCAS.rassi.ovlp.1.h5']
['copy', '/project/lgagliardi/helenclifford/practice_rcc/sharc4/methaniminium/tutorial_reproduction/traj/Singlet_2/TRAJ_00002/restart/MOLCAS.3.JobIph.44', 'JOB001']
['link', 'MOLCAS.3.JobIph', 'JOB002']
['rassi', 'overlap', [3, 3]]
['copy', 'MOLCAS.rassi.h5', 'MOLCAS.rassi.ovlp.3.h5']
['link', 'MOLCAS.1.JobIph', 'JOB001']
['link', 'MOLCAS.3.JobIph', 'JOB002']
['rassi', 'soc', [4, 3]]
['copy', '$master_path/MOLCAS.1.JobIph', 'JOBOLD']
['rasscf', 1, 4, True, False]
['mclr', 0.0001, 'sala=1']
['alaska']
All jobs finished:
job: master          code: 0    runtime: 0:00:12.593847
job: grad_1_1        code: 0    runtime: 0:00:05.654135

Starting job execution
['gateway']
['seward']
['copy', '/project/lgagliardi/helenclifford/practice_rcc/sharc4/methaniminium/tutorial_reproduction/traj/Singlet_2/TRAJ_00002/restart/MOLCAS.1.JobIph.45', 'JOBOLD']
['rasscf', 1, 4, True, False]
['copy', 'MOLCAS.rasscf.h5', 'MOLCAS.1.rasscf.h5']
['copy', 'MOLCAS.JobIph', 'MOLCAS.1.JobIph']
['copy', '/project/lgagliardi/helenclifford/practice_rcc/sharc4/methaniminium/tutorial_reproduction/traj/Singlet_2/TRAJ_00002/restart/MOLCAS.3.JobIph.45', 'JOBOLD']
['rasscf', 3, 3, True, False]
['copy', 'MOLCAS.rasscf.h5', 'MOLCAS.3.rasscf.h5']
['copy', 'MOLCAS.JobIph', 'MOLCAS.3.JobIph']
['link', 'MOLCAS.1.JobIph', 'JOB001']
['rassi', 'dm', [4]]
['copy', 'MOLCAS.rassi.h5', 'MOLCAS.rassi.1.h5']
['link', 'MOLCAS.3.JobIph', 'JOB001']
['rassi', 'dm', [3]]
['copy', 'MOLCAS.rassi.h5', 'MOLCAS.rassi.3.h5']
['copy', '/project/lgagliardi/helenclifford/practice_rcc/sharc4/methaniminium/tutorial_reproduction/traj/Singlet_2/TRAJ_00002/restart/MOLCAS.1.JobIph.45', 'JOB001']
['link', 'MOLCAS.1.JobIph', 'JOB002']
['rassi', 'overlap', [4, 4]]
['copy', 'MOLCAS.rassi.h5', 'MOLCAS.rassi.ovlp.1.h5']
['copy', '/project/lgagliardi/helenclifford/practice_rcc/sharc4/methaniminium/tutorial_reproduction/traj/Singlet_2/TRAJ_00002/restart/MOLCAS.3.JobIph.45', 'JOB001']
['link', 'MOLCAS.3.JobIph', 'JOB002']
['rassi', 'overlap', [3, 3]]
['copy', 'MOLCAS.rassi.h5', 'MOLCAS.rassi.ovlp.3.h5']
['link', 'MOLCAS.1.JobIph', 'JOB001']
['link', 'MOLCAS.3.JobIph', 'JOB002']
['rassi', 'soc', [4, 3]]
['copy', '$master_path/MOLCAS.1.JobIph', 'JOBOLD']
['rasscf', 1, 4, True, False]
['mclr', 0.0001, 'sala=1']
['alaska']
All jobs finished:
job: master          code: 0    runtime: 0:00:12.410018
job: grad_1_1        code: 0    runtime: 0:00:05.399139

Starting job execution
['gateway']
['seward']
['copy', '/project/lgagliardi/helenclifford/practice_rcc/sharc4/methaniminium/tutorial_reproduction/traj/Singlet_2/TRAJ_00002/restart/MOLCAS.1.JobIph.46', 'JOBOLD']
['rasscf', 1, 4, True, False]
['copy', 'MOLCAS.rasscf.h5', 'MOLCAS.1.rasscf.h5']
['copy', 'MOLCAS.JobIph', 'MOLCAS.1.JobIph']
['copy', '/project/lgagliardi/helenclifford/practice_rcc/sharc4/methaniminium/tutorial_reproduction/traj/Singlet_2/TRAJ_00002/restart/MOLCAS.3.JobIph.46', 'JOBOLD']
['rasscf', 3, 3, True, False]
['copy', 'MOLCAS.rasscf.h5', 'MOLCAS.3.rasscf.h5']
['copy', 'MOLCAS.JobIph', 'MOLCAS.3.JobIph']
['link', 'MOLCAS.1.JobIph', 'JOB001']
['rassi', 'dm', [4]]
['copy', 'MOLCAS.rassi.h5', 'MOLCAS.rassi.1.h5']
['link', 'MOLCAS.3.JobIph', 'JOB001']
['rassi', 'dm', [3]]
['copy', 'MOLCAS.rassi.h5', 'MOLCAS.rassi.3.h5']
['copy', '/project/lgagliardi/helenclifford/practice_rcc/sharc4/methaniminium/tutorial_reproduction/traj/Singlet_2/TRAJ_00002/restart/MOLCAS.1.JobIph.46', 'JOB001']
['link', 'MOLCAS.1.JobIph', 'JOB002']
['rassi', 'overlap', [4, 4]]
['copy', 'MOLCAS.rassi.h5', 'MOLCAS.rassi.ovlp.1.h5']
['copy', '/project/lgagliardi/helenclifford/practice_rcc/sharc4/methaniminium/tutorial_reproduction/traj/Singlet_2/TRAJ_00002/restart/MOLCAS.3.JobIph.46', 'JOB001']
['link', 'MOLCAS.3.JobIph', 'JOB002']
['rassi', 'overlap', [3, 3]]
['copy', 'MOLCAS.rassi.h5', 'MOLCAS.rassi.ovlp.3.h5']
['link', 'MOLCAS.1.JobIph', 'JOB001']
['link', 'MOLCAS.3.JobIph', 'JOB002']
['rassi', 'soc', [4, 3]]
['copy', '$master_path/MOLCAS.1.JobIph', 'JOBOLD']
['rasscf', 1, 4, True, False]
['mclr', 0.0001, 'sala=1']
['alaska']
All jobs finished:
job: master          code: 0    runtime: 0:00:12.176692
job: grad_1_1        code: 0    runtime: 0:00:05.479833

Starting job execution
['gateway']
['seward']
['copy', '/project/lgagliardi/helenclifford/practice_rcc/sharc4/methaniminium/tutorial_reproduction/traj/Singlet_2/TRAJ_00002/restart/MOLCAS.1.JobIph.47', 'JOBOLD']
['rasscf', 1, 4, True, False]
['copy', 'MOLCAS.rasscf.h5', 'MOLCAS.1.rasscf.h5']
['copy', 'MOLCAS.JobIph', 'MOLCAS.1.JobIph']
['copy', '/project/lgagliardi/helenclifford/practice_rcc/sharc4/methaniminium/tutorial_reproduction/traj/Singlet_2/TRAJ_00002/restart/MOLCAS.3.JobIph.47', 'JOBOLD']
['rasscf', 3, 3, True, False]
['copy', 'MOLCAS.rasscf.h5', 'MOLCAS.3.rasscf.h5']
['copy', 'MOLCAS.JobIph', 'MOLCAS.3.JobIph']
['link', 'MOLCAS.1.JobIph', 'JOB001']
['rassi', 'dm', [4]]
['copy', 'MOLCAS.rassi.h5', 'MOLCAS.rassi.1.h5']
['link', 'MOLCAS.3.JobIph', 'JOB001']
['rassi', 'dm', [3]]
['copy', 'MOLCAS.rassi.h5', 'MOLCAS.rassi.3.h5']
['copy', '/project/lgagliardi/helenclifford/practice_rcc/sharc4/methaniminium/tutorial_reproduction/traj/Singlet_2/TRAJ_00002/restart/MOLCAS.1.JobIph.46', 'JOB001']
['link', 'MOLCAS.1.JobIph', 'JOB002']
['rassi', 'overlap', [4, 4]]
['copy', 'MOLCAS.rassi.h5', 'MOLCAS.rassi.ovlp.1.h5']
['copy', '/project/lgagliardi/helenclifford/practice_rcc/sharc4/methaniminium/tutorial_reproduction/traj/Singlet_2/TRAJ_00002/restart/MOLCAS.3.JobIph.46', 'JOB001']
['link', 'MOLCAS.3.JobIph', 'JOB002']
['rassi', 'overlap', [3, 3]]
['copy', 'MOLCAS.rassi.h5', 'MOLCAS.rassi.ovlp.3.h5']
['link', 'MOLCAS.1.JobIph', 'JOB001']
['link', 'MOLCAS.3.JobIph', 'JOB002']
['rassi', 'soc', [4, 3]]
['copy', '$master_path/MOLCAS.3.JobIph', 'JOBOLD']
['rasscf', 3, 3, True, False]
['mclr', 0.0001, 'sala=1']
['alaska']
['copy', '$master_path/MOLCAS.1.JobIph', 'JOBOLD']
['rasscf', 1, 4, True, False]
['mclr', 0.0001, 'sala=1']
['alaska']
All jobs finished:
job: master          code: 0    runtime: 0:00:11.451943
job: grad_3_1        code: 0    runtime: 0:00:05.293762
job: grad_1_1        code: 0    runtime: 0:00:05.503019

Starting job execution
['gateway']
['seward']
['copy', '/project/lgagliardi/helenclifford/practice_rcc/sharc4/methaniminium/tutorial_reproduction/traj/Singlet_2/TRAJ_00002/restart/MOLCAS.1.JobIph.47', 'JOBOLD']
['rasscf', 1, 4, True, False]
['copy', 'MOLCAS.rasscf.h5', 'MOLCAS.1.rasscf.h5']
['copy', 'MOLCAS.JobIph', 'MOLCAS.1.JobIph']
['copy', '/project/lgagliardi/helenclifford/practice_rcc/sharc4/methaniminium/tutorial_reproduction/traj/Singlet_2/TRAJ_00002/restart/MOLCAS.3.JobIph.47', 'JOBOLD']
['rasscf', 3, 3, True, False]
['copy', 'MOLCAS.rasscf.h5', 'MOLCAS.3.rasscf.h5']
['copy', 'MOLCAS.JobIph', 'MOLCAS.3.JobIph']
['link', 'MOLCAS.1.JobIph', 'JOB001']
['rassi', 'dm', [4]]
['copy', 'MOLCAS.rassi.h5', 'MOLCAS.rassi.1.h5']
['link', 'MOLCAS.3.JobIph', 'JOB001']
['rassi', 'dm', [3]]
['copy', 'MOLCAS.rassi.h5', 'MOLCAS.rassi.3.h5']
['copy', '/project/lgagliardi/helenclifford/practice_rcc/sharc4/methaniminium/tutorial_reproduction/traj/Singlet_2/TRAJ_00002/restart/MOLCAS.1.JobIph.47', 'JOB001']
['link', 'MOLCAS.1.JobIph', 'JOB002']
['rassi', 'overlap', [4, 4]]
['copy', 'MOLCAS.rassi.h5', 'MOLCAS.rassi.ovlp.1.h5']
['copy', '/project/lgagliardi/helenclifford/practice_rcc/sharc4/methaniminium/tutorial_reproduction/traj/Singlet_2/TRAJ_00002/restart/MOLCAS.3.JobIph.47', 'JOB001']
['link', 'MOLCAS.3.JobIph', 'JOB002']
['rassi', 'overlap', [3, 3]]
['copy', 'MOLCAS.rassi.h5', 'MOLCAS.rassi.ovlp.3.h5']
['link', 'MOLCAS.1.JobIph', 'JOB001']
['link', 'MOLCAS.3.JobIph', 'JOB002']
['rassi', 'soc', [4, 3]]
['copy', '$master_path/MOLCAS.3.JobIph', 'JOBOLD']
['rasscf', 3, 3, True, False]
['mclr', 0.0001, 'sala=1']
['alaska']
['copy', '$master_path/MOLCAS.1.JobIph', 'JOBOLD']
['rasscf', 1, 4, True, False]
['mclr', 0.0001, 'sala=1']
['alaska']
All jobs finished:
job: master          code: 0    runtime: 0:00:13.219556
job: grad_3_1        code: 0    runtime: 0:00:05.209981
job: grad_1_1        code: 0    runtime: 0:00:05.311118

Starting job execution
['gateway']
['seward']
['copy', '/project/lgagliardi/helenclifford/practice_rcc/sharc4/methaniminium/tutorial_reproduction/traj/Singlet_2/TRAJ_00002/restart/MOLCAS.1.JobIph.48', 'JOBOLD']
['rasscf', 1, 4, True, False]
['copy', 'MOLCAS.rasscf.h5', 'MOLCAS.1.rasscf.h5']
['copy', 'MOLCAS.JobIph', 'MOLCAS.1.JobIph']
['copy', '/project/lgagliardi/helenclifford/practice_rcc/sharc4/methaniminium/tutorial_reproduction/traj/Singlet_2/TRAJ_00002/restart/MOLCAS.3.JobIph.48', 'JOBOLD']
['rasscf', 3, 3, True, False]
['copy', 'MOLCAS.rasscf.h5', 'MOLCAS.3.rasscf.h5']
['copy', 'MOLCAS.JobIph', 'MOLCAS.3.JobIph']
['link', 'MOLCAS.1.JobIph', 'JOB001']
['rassi', 'dm', [4]]
['copy', 'MOLCAS.rassi.h5', 'MOLCAS.rassi.1.h5']
['link', 'MOLCAS.3.JobIph', 'JOB001']
['rassi', 'dm', [3]]
['copy', 'MOLCAS.rassi.h5', 'MOLCAS.rassi.3.h5']
['copy', '/project/lgagliardi/helenclifford/practice_rcc/sharc4/methaniminium/tutorial_reproduction/traj/Singlet_2/TRAJ_00002/restart/MOLCAS.1.JobIph.48', 'JOB001']
['link', 'MOLCAS.1.JobIph', 'JOB002']
['rassi', 'overlap', [4, 4]]
['copy', 'MOLCAS.rassi.h5', 'MOLCAS.rassi.ovlp.1.h5']
['copy', '/project/lgagliardi/helenclifford/practice_rcc/sharc4/methaniminium/tutorial_reproduction/traj/Singlet_2/TRAJ_00002/restart/MOLCAS.3.JobIph.48', 'JOB001']
['link', 'MOLCAS.3.JobIph', 'JOB002']
['rassi', 'overlap', [3, 3]]
['copy', 'MOLCAS.rassi.h5', 'MOLCAS.rassi.ovlp.3.h5']
['link', 'MOLCAS.1.JobIph', 'JOB001']
['link', 'MOLCAS.3.JobIph', 'JOB002']
['rassi', 'soc', [4, 3]]
['copy', '$master_path/MOLCAS.3.JobIph', 'JOBOLD']
['rasscf', 3, 3, True, False]
['mclr', 0.0001, 'sala=1']
['alaska']
['copy', '$master_path/MOLCAS.1.JobIph', 'JOBOLD']
['rasscf', 1, 4, True, False]
['mclr', 0.0001, 'sala=1']
['alaska']
All jobs finished:
job: master          code: 0    runtime: 0:00:12.851575
job: grad_3_1        code: 0    runtime: 0:00:05.428085
job: grad_1_1        code: 0    runtime: 0:00:05.683381

Starting job execution
['gateway']
['seward']
['copy', '/project/lgagliardi/helenclifford/practice_rcc/sharc4/methaniminium/tutorial_reproduction/traj/Singlet_2/TRAJ_00002/restart/MOLCAS.1.JobIph.49', 'JOBOLD']
['rasscf', 1, 4, True, False]
['copy', 'MOLCAS.rasscf.h5', 'MOLCAS.1.rasscf.h5']
['copy', 'MOLCAS.JobIph', 'MOLCAS.1.JobIph']
['copy', '/project/lgagliardi/helenclifford/practice_rcc/sharc4/methaniminium/tutorial_reproduction/traj/Singlet_2/TRAJ_00002/restart/MOLCAS.3.JobIph.49', 'JOBOLD']
['rasscf', 3, 3, True, False]
['copy', 'MOLCAS.rasscf.h5', 'MOLCAS.3.rasscf.h5']
['copy', 'MOLCAS.JobIph', 'MOLCAS.3.JobIph']
['link', 'MOLCAS.1.JobIph', 'JOB001']
['rassi', 'dm', [4]]
['copy', 'MOLCAS.rassi.h5', 'MOLCAS.rassi.1.h5']
['link', 'MOLCAS.3.JobIph', 'JOB001']
['rassi', 'dm', [3]]
['copy', 'MOLCAS.rassi.h5', 'MOLCAS.rassi.3.h5']
['copy', '/project/lgagliardi/helenclifford/practice_rcc/sharc4/methaniminium/tutorial_reproduction/traj/Singlet_2/TRAJ_00002/restart/MOLCAS.1.JobIph.49', 'JOB001']
['link', 'MOLCAS.1.JobIph', 'JOB002']
['rassi', 'overlap', [4, 4]]
['copy', 'MOLCAS.rassi.h5', 'MOLCAS.rassi.ovlp.1.h5']
['copy', '/project/lgagliardi/helenclifford/practice_rcc/sharc4/methaniminium/tutorial_reproduction/traj/Singlet_2/TRAJ_00002/restart/MOLCAS.3.JobIph.49', 'JOB001']
['link', 'MOLCAS.3.JobIph', 'JOB002']
['rassi', 'overlap', [3, 3]]
['copy', 'MOLCAS.rassi.h5', 'MOLCAS.rassi.ovlp.3.h5']
['link', 'MOLCAS.1.JobIph', 'JOB001']
['link', 'MOLCAS.3.JobIph', 'JOB002']
['rassi', 'soc', [4, 3]]
['copy', '$master_path/MOLCAS.3.JobIph', 'JOBOLD']
['rasscf', 3, 3, True, False]
['mclr', 0.0001, 'sala=1']
['alaska']
['copy', '$master_path/MOLCAS.1.JobIph', 'JOBOLD']
['rasscf', 1, 4, True, False]
['mclr', 0.0001, 'sala=1']
['alaska']
All jobs finished:
job: master          code: 0    runtime: 0:00:13.269110
job: grad_3_1        code: 0    runtime: 0:00:05.680200
job: grad_1_1        code: 0    runtime: 0:00:05.481730

Starting job execution
['gateway']
['seward']
['copy', '/project/lgagliardi/helenclifford/practice_rcc/sharc4/methaniminium/tutorial_reproduction/traj/Singlet_2/TRAJ_00002/restart/MOLCAS.1.JobIph.50', 'JOBOLD']
['rasscf', 1, 4, True, False]
['copy', 'MOLCAS.rasscf.h5', 'MOLCAS.1.rasscf.h5']
['copy', 'MOLCAS.JobIph', 'MOLCAS.1.JobIph']
['copy', '/project/lgagliardi/helenclifford/practice_rcc/sharc4/methaniminium/tutorial_reproduction/traj/Singlet_2/TRAJ_00002/restart/MOLCAS.3.JobIph.50', 'JOBOLD']
['rasscf', 3, 3, True, False]
['copy', 'MOLCAS.rasscf.h5', 'MOLCAS.3.rasscf.h5']
['copy', 'MOLCAS.JobIph', 'MOLCAS.3.JobIph']
['link', 'MOLCAS.1.JobIph', 'JOB001']
['rassi', 'dm', [4]]
['copy', 'MOLCAS.rassi.h5', 'MOLCAS.rassi.1.h5']
['link', 'MOLCAS.3.JobIph', 'JOB001']
['rassi', 'dm', [3]]
['copy', 'MOLCAS.rassi.h5', 'MOLCAS.rassi.3.h5']
['copy', '/project/lgagliardi/helenclifford/practice_rcc/sharc4/methaniminium/tutorial_reproduction/traj/Singlet_2/TRAJ_00002/restart/MOLCAS.1.JobIph.50', 'JOB001']
['link', 'MOLCAS.1.JobIph', 'JOB002']
['rassi', 'overlap', [4, 4]]
['copy', 'MOLCAS.rassi.h5', 'MOLCAS.rassi.ovlp.1.h5']
['copy', '/project/lgagliardi/helenclifford/practice_rcc/sharc4/methaniminium/tutorial_reproduction/traj/Singlet_2/TRAJ_00002/restart/MOLCAS.3.JobIph.50', 'JOB001']
['link', 'MOLCAS.3.JobIph', 'JOB002']
['rassi', 'overlap', [3, 3]]
['copy', 'MOLCAS.rassi.h5', 'MOLCAS.rassi.ovlp.3.h5']
['link', 'MOLCAS.1.JobIph', 'JOB001']
['link', 'MOLCAS.3.JobIph', 'JOB002']
['rassi', 'soc', [4, 3]]
['copy', '$master_path/MOLCAS.3.JobIph', 'JOBOLD']
['rasscf', 3, 3, True, False]
['mclr', 0.0001, 'sala=1']
['alaska']
['copy', '$master_path/MOLCAS.1.JobIph', 'JOBOLD']
['rasscf', 1, 4, True, False]
['mclr', 0.0001, 'sala=1']
['alaska']
All jobs finished:
job: master          code: 0    runtime: 0:00:12.861120
job: grad_3_1        code: 0    runtime: 0:00:05.217321
job: grad_1_1        code: 0    runtime: 0:00:05.533349

Starting job execution
['gateway']
['seward']
['copy', '/project/lgagliardi/helenclifford/practice_rcc/sharc4/methaniminium/tutorial_reproduction/traj/Singlet_2/TRAJ_00002/restart/MOLCAS.1.JobIph.51', 'JOBOLD']
['rasscf', 1, 4, True, False]
['copy', 'MOLCAS.rasscf.h5', 'MOLCAS.1.rasscf.h5']
['copy', 'MOLCAS.JobIph', 'MOLCAS.1.JobIph']
['copy', '/project/lgagliardi/helenclifford/practice_rcc/sharc4/methaniminium/tutorial_reproduction/traj/Singlet_2/TRAJ_00002/restart/MOLCAS.3.JobIph.51', 'JOBOLD']
['rasscf', 3, 3, True, False]
['copy', 'MOLCAS.rasscf.h5', 'MOLCAS.3.rasscf.h5']
['copy', 'MOLCAS.JobIph', 'MOLCAS.3.JobIph']
['link', 'MOLCAS.1.JobIph', 'JOB001']
['rassi', 'dm', [4]]
['copy', 'MOLCAS.rassi.h5', 'MOLCAS.rassi.1.h5']
['link', 'MOLCAS.3.JobIph', 'JOB001']
['rassi', 'dm', [3]]
['copy', 'MOLCAS.rassi.h5', 'MOLCAS.rassi.3.h5']
['copy', '/project/lgagliardi/helenclifford/practice_rcc/sharc4/methaniminium/tutorial_reproduction/traj/Singlet_2/TRAJ_00002/restart/MOLCAS.1.JobIph.51', 'JOB001']
['link', 'MOLCAS.1.JobIph', 'JOB002']
['rassi', 'overlap', [4, 4]]
['copy', 'MOLCAS.rassi.h5', 'MOLCAS.rassi.ovlp.1.h5']
['copy', '/project/lgagliardi/helenclifford/practice_rcc/sharc4/methaniminium/tutorial_reproduction/traj/Singlet_2/TRAJ_00002/restart/MOLCAS.3.JobIph.51', 'JOB001']
['link', 'MOLCAS.3.JobIph', 'JOB002']
['rassi', 'overlap', [3, 3]]
['copy', 'MOLCAS.rassi.h5', 'MOLCAS.rassi.ovlp.3.h5']
['link', 'MOLCAS.1.JobIph', 'JOB001']
['link', 'MOLCAS.3.JobIph', 'JOB002']
['rassi', 'soc', [4, 3]]
['copy', '$master_path/MOLCAS.3.JobIph', 'JOBOLD']
['rasscf', 3, 3, True, False]
['mclr', 0.0001, 'sala=1']
['alaska']
['copy', '$master_path/MOLCAS.1.JobIph', 'JOBOLD']
['rasscf', 1, 4, True, False]
['mclr', 0.0001, 'sala=1']
['alaska']
All jobs finished:
job: master          code: 0    runtime: 0:00:12.651609
job: grad_3_1        code: 0    runtime: 0:00:05.082209
job: grad_1_1        code: 0    runtime: 0:00:05.352005

Starting job execution
['gateway']
['seward']
['copy', '/project/lgagliardi/helenclifford/practice_rcc/sharc4/methaniminium/tutorial_reproduction/traj/Singlet_2/TRAJ_00002/restart/MOLCAS.1.JobIph.52', 'JOBOLD']
['rasscf', 1, 4, True, False]
['copy', 'MOLCAS.rasscf.h5', 'MOLCAS.1.rasscf.h5']
['copy', 'MOLCAS.JobIph', 'MOLCAS.1.JobIph']
['copy', '/project/lgagliardi/helenclifford/practice_rcc/sharc4/methaniminium/tutorial_reproduction/traj/Singlet_2/TRAJ_00002/restart/MOLCAS.3.JobIph.52', 'JOBOLD']
['rasscf', 3, 3, True, False]
['copy', 'MOLCAS.rasscf.h5', 'MOLCAS.3.rasscf.h5']
['copy', 'MOLCAS.JobIph', 'MOLCAS.3.JobIph']
['link', 'MOLCAS.1.JobIph', 'JOB001']
['rassi', 'dm', [4]]
['copy', 'MOLCAS.rassi.h5', 'MOLCAS.rassi.1.h5']
['link', 'MOLCAS.3.JobIph', 'JOB001']
['rassi', 'dm', [3]]
['copy', 'MOLCAS.rassi.h5', 'MOLCAS.rassi.3.h5']
['copy', '/project/lgagliardi/helenclifford/practice_rcc/sharc4/methaniminium/tutorial_reproduction/traj/Singlet_2/TRAJ_00002/restart/MOLCAS.1.JobIph.52', 'JOB001']
['link', 'MOLCAS.1.JobIph', 'JOB002']
['rassi', 'overlap', [4, 4]]
['copy', 'MOLCAS.rassi.h5', 'MOLCAS.rassi.ovlp.1.h5']
['copy', '/project/lgagliardi/helenclifford/practice_rcc/sharc4/methaniminium/tutorial_reproduction/traj/Singlet_2/TRAJ_00002/restart/MOLCAS.3.JobIph.52', 'JOB001']
['link', 'MOLCAS.3.JobIph', 'JOB002']
['rassi', 'overlap', [3, 3]]
['copy', 'MOLCAS.rassi.h5', 'MOLCAS.rassi.ovlp.3.h5']
['link', 'MOLCAS.1.JobIph', 'JOB001']
['link', 'MOLCAS.3.JobIph', 'JOB002']
['rassi', 'soc', [4, 3]]
['copy', '$master_path/MOLCAS.3.JobIph', 'JOBOLD']
['rasscf', 3, 3, True, False]
['mclr', 0.0001, 'sala=1']
['alaska']
['copy', '$master_path/MOLCAS.1.JobIph', 'JOBOLD']
['rasscf', 1, 4, True, False]
['mclr', 0.0001, 'sala=1']
['alaska']
All jobs finished:
job: master          code: 0    runtime: 0:00:12.350547
job: grad_3_1        code: 0    runtime: 0:00:05.353212
job: grad_1_1        code: 0    runtime: 0:00:05.504263

Starting job execution
['gateway']
['seward']
['copy', '/project/lgagliardi/helenclifford/practice_rcc/sharc4/methaniminium/tutorial_reproduction/traj/Singlet_2/TRAJ_00002/restart/MOLCAS.1.JobIph.53', 'JOBOLD']
['rasscf', 1, 4, True, False]
['copy', 'MOLCAS.rasscf.h5', 'MOLCAS.1.rasscf.h5']
['copy', 'MOLCAS.JobIph', 'MOLCAS.1.JobIph']
['copy', '/project/lgagliardi/helenclifford/practice_rcc/sharc4/methaniminium/tutorial_reproduction/traj/Singlet_2/TRAJ_00002/restart/MOLCAS.3.JobIph.53', 'JOBOLD']
['rasscf', 3, 3, True, False]
['copy', 'MOLCAS.rasscf.h5', 'MOLCAS.3.rasscf.h5']
['copy', 'MOLCAS.JobIph', 'MOLCAS.3.JobIph']
['link', 'MOLCAS.1.JobIph', 'JOB001']
['rassi', 'dm', [4]]
['copy', 'MOLCAS.rassi.h5', 'MOLCAS.rassi.1.h5']
['link', 'MOLCAS.3.JobIph', 'JOB001']
['rassi', 'dm', [3]]
['copy', 'MOLCAS.rassi.h5', 'MOLCAS.rassi.3.h5']
['copy', '/project/lgagliardi/helenclifford/practice_rcc/sharc4/methaniminium/tutorial_reproduction/traj/Singlet_2/TRAJ_00002/restart/MOLCAS.1.JobIph.53', 'JOB001']
['link', 'MOLCAS.1.JobIph', 'JOB002']
['rassi', 'overlap', [4, 4]]
['copy', 'MOLCAS.rassi.h5', 'MOLCAS.rassi.ovlp.1.h5']
['copy', '/project/lgagliardi/helenclifford/practice_rcc/sharc4/methaniminium/tutorial_reproduction/traj/Singlet_2/TRAJ_00002/restart/MOLCAS.3.JobIph.53', 'JOB001']
['link', 'MOLCAS.3.JobIph', 'JOB002']
['rassi', 'overlap', [3, 3]]
['copy', 'MOLCAS.rassi.h5', 'MOLCAS.rassi.ovlp.3.h5']
['link', 'MOLCAS.1.JobIph', 'JOB001']
['link', 'MOLCAS.3.JobIph', 'JOB002']
['rassi', 'soc', [4, 3]]
['copy', '$master_path/MOLCAS.3.JobIph', 'JOBOLD']
['rasscf', 3, 3, True, False]
['mclr', 0.0001, 'sala=1']
['alaska']
['copy', '$master_path/MOLCAS.1.JobIph', 'JOBOLD']
['rasscf', 1, 4, True, False]
['mclr', 0.0001, 'sala=1']
['alaska']
All jobs finished:
job: master          code: 0    runtime: 0:00:12.688907
job: grad_3_1        code: 0    runtime: 0:00:05.538806
job: grad_1_1        code: 0    runtime: 0:00:05.901637

Starting job execution
['gateway']
['seward']
['copy', '/project/lgagliardi/helenclifford/practice_rcc/sharc4/methaniminium/tutorial_reproduction/traj/Singlet_2/TRAJ_00002/restart/MOLCAS.1.JobIph.54', 'JOBOLD']
['rasscf', 1, 4, True, False]
['copy', 'MOLCAS.rasscf.h5', 'MOLCAS.1.rasscf.h5']
['copy', 'MOLCAS.JobIph', 'MOLCAS.1.JobIph']
['copy', '/project/lgagliardi/helenclifford/practice_rcc/sharc4/methaniminium/tutorial_reproduction/traj/Singlet_2/TRAJ_00002/restart/MOLCAS.3.JobIph.54', 'JOBOLD']
['rasscf', 3, 3, True, False]
['copy', 'MOLCAS.rasscf.h5', 'MOLCAS.3.rasscf.h5']
['copy', 'MOLCAS.JobIph', 'MOLCAS.3.JobIph']
['link', 'MOLCAS.1.JobIph', 'JOB001']
['rassi', 'dm', [4]]
['copy', 'MOLCAS.rassi.h5', 'MOLCAS.rassi.1.h5']
['link', 'MOLCAS.3.JobIph', 'JOB001']
['rassi', 'dm', [3]]
['copy', 'MOLCAS.rassi.h5', 'MOLCAS.rassi.3.h5']
['copy', '/project/lgagliardi/helenclifford/practice_rcc/sharc4/methaniminium/tutorial_reproduction/traj/Singlet_2/TRAJ_00002/restart/MOLCAS.1.JobIph.54', 'JOB001']
['link', 'MOLCAS.1.JobIph', 'JOB002']
['rassi', 'overlap', [4, 4]]
['copy', 'MOLCAS.rassi.h5', 'MOLCAS.rassi.ovlp.1.h5']
['copy', '/project/lgagliardi/helenclifford/practice_rcc/sharc4/methaniminium/tutorial_reproduction/traj/Singlet_2/TRAJ_00002/restart/MOLCAS.3.JobIph.54', 'JOB001']
['link', 'MOLCAS.3.JobIph', 'JOB002']
['rassi', 'overlap', [3, 3]]
['copy', 'MOLCAS.rassi.h5', 'MOLCAS.rassi.ovlp.3.h5']
['link', 'MOLCAS.1.JobIph', 'JOB001']
['link', 'MOLCAS.3.JobIph', 'JOB002']
['rassi', 'soc', [4, 3]]
['copy', '$master_path/MOLCAS.3.JobIph', 'JOBOLD']
['rasscf', 3, 3, True, False]
['mclr', 0.0001, 'sala=1']
['alaska']
['copy', '$master_path/MOLCAS.1.JobIph', 'JOBOLD']
['rasscf', 1, 4, True, False]
['mclr', 0.0001, 'sala=1']
['alaska']
All jobs finished:
job: master          code: 0    runtime: 0:00:12.805271
job: grad_3_1        code: 0    runtime: 0:00:05.217217
job: grad_1_1        code: 0    runtime: 0:00:05.727152

Starting job execution
['gateway']
['seward']
['copy', '/project/lgagliardi/helenclifford/practice_rcc/sharc4/methaniminium/tutorial_reproduction/traj/Singlet_2/TRAJ_00002/restart/MOLCAS.1.JobIph.55', 'JOBOLD']
['rasscf', 1, 4, True, False]
['copy', 'MOLCAS.rasscf.h5', 'MOLCAS.1.rasscf.h5']
['copy', 'MOLCAS.JobIph', 'MOLCAS.1.JobIph']
['copy', '/project/lgagliardi/helenclifford/practice_rcc/sharc4/methaniminium/tutorial_reproduction/traj/Singlet_2/TRAJ_00002/restart/MOLCAS.3.JobIph.55', 'JOBOLD']
['rasscf', 3, 3, True, False]
['copy', 'MOLCAS.rasscf.h5', 'MOLCAS.3.rasscf.h5']
['copy', 'MOLCAS.JobIph', 'MOLCAS.3.JobIph']
['link', 'MOLCAS.1.JobIph', 'JOB001']
['rassi', 'dm', [4]]
['copy', 'MOLCAS.rassi.h5', 'MOLCAS.rassi.1.h5']
['link', 'MOLCAS.3.JobIph', 'JOB001']
['rassi', 'dm', [3]]
['copy', 'MOLCAS.rassi.h5', 'MOLCAS.rassi.3.h5']
['copy', '/project/lgagliardi/helenclifford/practice_rcc/sharc4/methaniminium/tutorial_reproduction/traj/Singlet_2/TRAJ_00002/restart/MOLCAS.1.JobIph.55', 'JOB001']
['link', 'MOLCAS.1.JobIph', 'JOB002']
['rassi', 'overlap', [4, 4]]
['copy', 'MOLCAS.rassi.h5', 'MOLCAS.rassi.ovlp.1.h5']
['copy', '/project/lgagliardi/helenclifford/practice_rcc/sharc4/methaniminium/tutorial_reproduction/traj/Singlet_2/TRAJ_00002/restart/MOLCAS.3.JobIph.55', 'JOB001']
['link', 'MOLCAS.3.JobIph', 'JOB002']
['rassi', 'overlap', [3, 3]]
['copy', 'MOLCAS.rassi.h5', 'MOLCAS.rassi.ovlp.3.h5']
['link', 'MOLCAS.1.JobIph', 'JOB001']
['link', 'MOLCAS.3.JobIph', 'JOB002']
['rassi', 'soc', [4, 3]]
['copy', '$master_path/MOLCAS.1.JobIph', 'JOBOLD']
['rasscf', 1, 4, True, False]
['mclr', 0.0001, 'sala=1']
['alaska']
All jobs finished:
job: master          code: 0    runtime: 0:00:13.212028
job: grad_1_1        code: 0    runtime: 0:00:05.718067

Starting job execution
['gateway']
['seward']
['copy', '/project/lgagliardi/helenclifford/practice_rcc/sharc4/methaniminium/tutorial_reproduction/traj/Singlet_2/TRAJ_00002/restart/MOLCAS.1.JobIph.56', 'JOBOLD']
['rasscf', 1, 4, True, False]
['copy', 'MOLCAS.rasscf.h5', 'MOLCAS.1.rasscf.h5']
['copy', 'MOLCAS.JobIph', 'MOLCAS.1.JobIph']
['copy', '/project/lgagliardi/helenclifford/practice_rcc/sharc4/methaniminium/tutorial_reproduction/traj/Singlet_2/TRAJ_00002/restart/MOLCAS.3.JobIph.56', 'JOBOLD']
['rasscf', 3, 3, True, False]
['copy', 'MOLCAS.rasscf.h5', 'MOLCAS.3.rasscf.h5']
['copy', 'MOLCAS.JobIph', 'MOLCAS.3.JobIph']
['link', 'MOLCAS.1.JobIph', 'JOB001']
['rassi', 'dm', [4]]
['copy', 'MOLCAS.rassi.h5', 'MOLCAS.rassi.1.h5']
['link', 'MOLCAS.3.JobIph', 'JOB001']
['rassi', 'dm', [3]]
['copy', 'MOLCAS.rassi.h5', 'MOLCAS.rassi.3.h5']
['copy', '/project/lgagliardi/helenclifford/practice_rcc/sharc4/methaniminium/tutorial_reproduction/traj/Singlet_2/TRAJ_00002/restart/MOLCAS.1.JobIph.56', 'JOB001']
['link', 'MOLCAS.1.JobIph', 'JOB002']
['rassi', 'overlap', [4, 4]]
['copy', 'MOLCAS.rassi.h5', 'MOLCAS.rassi.ovlp.1.h5']
['copy', '/project/lgagliardi/helenclifford/practice_rcc/sharc4/methaniminium/tutorial_reproduction/traj/Singlet_2/TRAJ_00002/restart/MOLCAS.3.JobIph.56', 'JOB001']
['link', 'MOLCAS.3.JobIph', 'JOB002']
['rassi', 'overlap', [3, 3]]
['copy', 'MOLCAS.rassi.h5', 'MOLCAS.rassi.ovlp.3.h5']
['link', 'MOLCAS.1.JobIph', 'JOB001']
['link', 'MOLCAS.3.JobIph', 'JOB002']
['rassi', 'soc', [4, 3]]
['copy', '$master_path/MOLCAS.1.JobIph', 'JOBOLD']
['rasscf', 1, 4, True, False]
['mclr', 0.0001, 'sala=1']
['alaska']
All jobs finished:
job: master          code: 0    runtime: 0:00:13.053056
job: grad_1_1        code: 0    runtime: 0:00:05.446903

Starting job execution
['gateway']
['seward']
['copy', '/project/lgagliardi/helenclifford/practice_rcc/sharc4/methaniminium/tutorial_reproduction/traj/Singlet_2/TRAJ_00002/restart/MOLCAS.1.JobIph.57', 'JOBOLD']
['rasscf', 1, 4, True, False]
['copy', 'MOLCAS.rasscf.h5', 'MOLCAS.1.rasscf.h5']
['copy', 'MOLCAS.JobIph', 'MOLCAS.1.JobIph']
['copy', '/project/lgagliardi/helenclifford/practice_rcc/sharc4/methaniminium/tutorial_reproduction/traj/Singlet_2/TRAJ_00002/restart/MOLCAS.3.JobIph.57', 'JOBOLD']
['rasscf', 3, 3, True, False]
['copy', 'MOLCAS.rasscf.h5', 'MOLCAS.3.rasscf.h5']
['copy', 'MOLCAS.JobIph', 'MOLCAS.3.JobIph']
['link', 'MOLCAS.1.JobIph', 'JOB001']
['rassi', 'dm', [4]]
['copy', 'MOLCAS.rassi.h5', 'MOLCAS.rassi.1.h5']
['link', 'MOLCAS.3.JobIph', 'JOB001']
['rassi', 'dm', [3]]
['copy', 'MOLCAS.rassi.h5', 'MOLCAS.rassi.3.h5']
['copy', '/project/lgagliardi/helenclifford/practice_rcc/sharc4/methaniminium/tutorial_reproduction/traj/Singlet_2/TRAJ_00002/restart/MOLCAS.1.JobIph.57', 'JOB001']
['link', 'MOLCAS.1.JobIph', 'JOB002']
['rassi', 'overlap', [4, 4]]
['copy', 'MOLCAS.rassi.h5', 'MOLCAS.rassi.ovlp.1.h5']
['copy', '/project/lgagliardi/helenclifford/practice_rcc/sharc4/methaniminium/tutorial_reproduction/traj/Singlet_2/TRAJ_00002/restart/MOLCAS.3.JobIph.57', 'JOB001']
['link', 'MOLCAS.3.JobIph', 'JOB002']
['rassi', 'overlap', [3, 3]]
['copy', 'MOLCAS.rassi.h5', 'MOLCAS.rassi.ovlp.3.h5']
['link', 'MOLCAS.1.JobIph', 'JOB001']
['link', 'MOLCAS.3.JobIph', 'JOB002']
['rassi', 'soc', [4, 3]]
['copy', '$master_path/MOLCAS.1.JobIph', 'JOBOLD']
['rasscf', 1, 4, True, False]
['mclr', 0.0001, 'sala=1']
['alaska']
All jobs finished:
job: master          code: 0    runtime: 0:00:12.910650
job: grad_1_1        code: 0    runtime: 0:00:05.450655

Starting job execution
['gateway']
['seward']
['copy', '/project/lgagliardi/helenclifford/practice_rcc/sharc4/methaniminium/tutorial_reproduction/traj/Singlet_2/TRAJ_00002/restart/MOLCAS.1.JobIph.58', 'JOBOLD']
['rasscf', 1, 4, True, False]
['copy', 'MOLCAS.rasscf.h5', 'MOLCAS.1.rasscf.h5']
['copy', 'MOLCAS.JobIph', 'MOLCAS.1.JobIph']
['copy', '/project/lgagliardi/helenclifford/practice_rcc/sharc4/methaniminium/tutorial_reproduction/traj/Singlet_2/TRAJ_00002/restart/MOLCAS.3.JobIph.58', 'JOBOLD']
['rasscf', 3, 3, True, False]
['copy', 'MOLCAS.rasscf.h5', 'MOLCAS.3.rasscf.h5']
['copy', 'MOLCAS.JobIph', 'MOLCAS.3.JobIph']
['link', 'MOLCAS.1.JobIph', 'JOB001']
['rassi', 'dm', [4]]
['copy', 'MOLCAS.rassi.h5', 'MOLCAS.rassi.1.h5']
['link', 'MOLCAS.3.JobIph', 'JOB001']
['rassi', 'dm', [3]]
['copy', 'MOLCAS.rassi.h5', 'MOLCAS.rassi.3.h5']
['copy', '/project/lgagliardi/helenclifford/practice_rcc/sharc4/methaniminium/tutorial_reproduction/traj/Singlet_2/TRAJ_00002/restart/MOLCAS.1.JobIph.58', 'JOB001']
['link', 'MOLCAS.1.JobIph', 'JOB002']
['rassi', 'overlap', [4, 4]]
['copy', 'MOLCAS.rassi.h5', 'MOLCAS.rassi.ovlp.1.h5']
['copy', '/project/lgagliardi/helenclifford/practice_rcc/sharc4/methaniminium/tutorial_reproduction/traj/Singlet_2/TRAJ_00002/restart/MOLCAS.3.JobIph.58', 'JOB001']
['link', 'MOLCAS.3.JobIph', 'JOB002']
['rassi', 'overlap', [3, 3]]
['copy', 'MOLCAS.rassi.h5', 'MOLCAS.rassi.ovlp.3.h5']
['link', 'MOLCAS.1.JobIph', 'JOB001']
['link', 'MOLCAS.3.JobIph', 'JOB002']
['rassi', 'soc', [4, 3]]
['copy', '$master_path/MOLCAS.1.JobIph', 'JOBOLD']
['rasscf', 1, 4, True, False]
['mclr', 0.0001, 'sala=1']
['alaska']
All jobs finished:
job: master          code: 0    runtime: 0:00:12.733681
job: grad_1_1        code: 0    runtime: 0:00:05.446843

Starting job execution
['gateway']
['seward']
['copy', '/project/lgagliardi/helenclifford/practice_rcc/sharc4/methaniminium/tutorial_reproduction/traj/Singlet_2/TRAJ_00002/restart/MOLCAS.1.JobIph.59', 'JOBOLD']
['rasscf', 1, 4, True, False]
['copy', 'MOLCAS.rasscf.h5', 'MOLCAS.1.rasscf.h5']
['copy', 'MOLCAS.JobIph', 'MOLCAS.1.JobIph']
['copy', '/project/lgagliardi/helenclifford/practice_rcc/sharc4/methaniminium/tutorial_reproduction/traj/Singlet_2/TRAJ_00002/restart/MOLCAS.3.JobIph.59', 'JOBOLD']
['rasscf', 3, 3, True, False]
['copy', 'MOLCAS.rasscf.h5', 'MOLCAS.3.rasscf.h5']
['copy', 'MOLCAS.JobIph', 'MOLCAS.3.JobIph']
['link', 'MOLCAS.1.JobIph', 'JOB001']
['rassi', 'dm', [4]]
['copy', 'MOLCAS.rassi.h5', 'MOLCAS.rassi.1.h5']
['link', 'MOLCAS.3.JobIph', 'JOB001']
['rassi', 'dm', [3]]
['copy', 'MOLCAS.rassi.h5', 'MOLCAS.rassi.3.h5']
['copy', '/project/lgagliardi/helenclifford/practice_rcc/sharc4/methaniminium/tutorial_reproduction/traj/Singlet_2/TRAJ_00002/restart/MOLCAS.1.JobIph.59', 'JOB001']
['link', 'MOLCAS.1.JobIph', 'JOB002']
['rassi', 'overlap', [4, 4]]
['copy', 'MOLCAS.rassi.h5', 'MOLCAS.rassi.ovlp.1.h5']
['copy', '/project/lgagliardi/helenclifford/practice_rcc/sharc4/methaniminium/tutorial_reproduction/traj/Singlet_2/TRAJ_00002/restart/MOLCAS.3.JobIph.59', 'JOB001']
['link', 'MOLCAS.3.JobIph', 'JOB002']
['rassi', 'overlap', [3, 3]]
['copy', 'MOLCAS.rassi.h5', 'MOLCAS.rassi.ovlp.3.h5']
['link', 'MOLCAS.1.JobIph', 'JOB001']
['link', 'MOLCAS.3.JobIph', 'JOB002']
['rassi', 'soc', [4, 3]]
['copy', '$master_path/MOLCAS.1.JobIph', 'JOBOLD']
['rasscf', 1, 4, True, False]
['mclr', 0.0001, 'sala=1']
['alaska']
All jobs finished:
job: master          code: 0    runtime: 0:00:12.524443
job: grad_1_1        code: 0    runtime: 0:00:05.072967

Starting job execution
['gateway']
['seward']
['copy', '/project/lgagliardi/helenclifford/practice_rcc/sharc4/methaniminium/tutorial_reproduction/traj/Singlet_2/TRAJ_00002/restart/MOLCAS.1.JobIph.60', 'JOBOLD']
['rasscf', 1, 4, True, False]
['copy', 'MOLCAS.rasscf.h5', 'MOLCAS.1.rasscf.h5']
['copy', 'MOLCAS.JobIph', 'MOLCAS.1.JobIph']
['copy', '/project/lgagliardi/helenclifford/practice_rcc/sharc4/methaniminium/tutorial_reproduction/traj/Singlet_2/TRAJ_00002/restart/MOLCAS.3.JobIph.60', 'JOBOLD']
['rasscf', 3, 3, True, False]
['copy', 'MOLCAS.rasscf.h5', 'MOLCAS.3.rasscf.h5']
['copy', 'MOLCAS.JobIph', 'MOLCAS.3.JobIph']
['link', 'MOLCAS.1.JobIph', 'JOB001']
['rassi', 'dm', [4]]
['copy', 'MOLCAS.rassi.h5', 'MOLCAS.rassi.1.h5']
['link', 'MOLCAS.3.JobIph', 'JOB001']
['rassi', 'dm', [3]]
['copy', 'MOLCAS.rassi.h5', 'MOLCAS.rassi.3.h5']
['copy', '/project/lgagliardi/helenclifford/practice_rcc/sharc4/methaniminium/tutorial_reproduction/traj/Singlet_2/TRAJ_00002/restart/MOLCAS.1.JobIph.60', 'JOB001']
['link', 'MOLCAS.1.JobIph', 'JOB002']
['rassi', 'overlap', [4, 4]]
['copy', 'MOLCAS.rassi.h5', 'MOLCAS.rassi.ovlp.1.h5']
['copy', '/project/lgagliardi/helenclifford/practice_rcc/sharc4/methaniminium/tutorial_reproduction/traj/Singlet_2/TRAJ_00002/restart/MOLCAS.3.JobIph.60', 'JOB001']
['link', 'MOLCAS.3.JobIph', 'JOB002']
['rassi', 'overlap', [3, 3]]
['copy', 'MOLCAS.rassi.h5', 'MOLCAS.rassi.ovlp.3.h5']
['link', 'MOLCAS.1.JobIph', 'JOB001']
['link', 'MOLCAS.3.JobIph', 'JOB002']
['rassi', 'soc', [4, 3]]
['copy', '$master_path/MOLCAS.1.JobIph', 'JOBOLD']
['rasscf', 1, 4, True, False]
['mclr', 0.0001, 'sala=1']
['alaska']
All jobs finished:
job: master          code: 0    runtime: 0:00:12.064576
job: grad_1_1        code: 0    runtime: 0:00:05.740619

Starting job execution
['gateway']
['seward']
['copy', '/project/lgagliardi/helenclifford/practice_rcc/sharc4/methaniminium/tutorial_reproduction/traj/Singlet_2/TRAJ_00002/restart/MOLCAS.1.JobIph.61', 'JOBOLD']
['rasscf', 1, 4, True, False]
['copy', 'MOLCAS.rasscf.h5', 'MOLCAS.1.rasscf.h5']
['copy', 'MOLCAS.JobIph', 'MOLCAS.1.JobIph']
['copy', '/project/lgagliardi/helenclifford/practice_rcc/sharc4/methaniminium/tutorial_reproduction/traj/Singlet_2/TRAJ_00002/restart/MOLCAS.3.JobIph.61', 'JOBOLD']
['rasscf', 3, 3, True, False]
['copy', 'MOLCAS.rasscf.h5', 'MOLCAS.3.rasscf.h5']
['copy', 'MOLCAS.JobIph', 'MOLCAS.3.JobIph']
['link', 'MOLCAS.1.JobIph', 'JOB001']
['rassi', 'dm', [4]]
['copy', 'MOLCAS.rassi.h5', 'MOLCAS.rassi.1.h5']
['link', 'MOLCAS.3.JobIph', 'JOB001']
['rassi', 'dm', [3]]
['copy', 'MOLCAS.rassi.h5', 'MOLCAS.rassi.3.h5']
['copy', '/project/lgagliardi/helenclifford/practice_rcc/sharc4/methaniminium/tutorial_reproduction/traj/Singlet_2/TRAJ_00002/restart/MOLCAS.1.JobIph.61', 'JOB001']
['link', 'MOLCAS.1.JobIph', 'JOB002']
['rassi', 'overlap', [4, 4]]
['copy', 'MOLCAS.rassi.h5', 'MOLCAS.rassi.ovlp.1.h5']
['copy', '/project/lgagliardi/helenclifford/practice_rcc/sharc4/methaniminium/tutorial_reproduction/traj/Singlet_2/TRAJ_00002/restart/MOLCAS.3.JobIph.61', 'JOB001']
['link', 'MOLCAS.3.JobIph', 'JOB002']
['rassi', 'overlap', [3, 3]]
['copy', 'MOLCAS.rassi.h5', 'MOLCAS.rassi.ovlp.3.h5']
['link', 'MOLCAS.1.JobIph', 'JOB001']
['link', 'MOLCAS.3.JobIph', 'JOB002']
['rassi', 'soc', [4, 3]]
['copy', '$master_path/MOLCAS.1.JobIph', 'JOBOLD']
['rasscf', 1, 4, True, False]
['mclr', 0.0001, 'sala=1']
['alaska']
All jobs finished:
job: master          code: 0    runtime: 0:00:15.766531
job: grad_1_1        code: 0    runtime: 0:00:05.566236

Starting job execution
['gateway']
['seward']
['copy', '/project/lgagliardi/helenclifford/practice_rcc/sharc4/methaniminium/tutorial_reproduction/traj/Singlet_2/TRAJ_00002/restart/MOLCAS.1.JobIph.62', 'JOBOLD']
['rasscf', 1, 4, True, False]
['copy', 'MOLCAS.rasscf.h5', 'MOLCAS.1.rasscf.h5']
['copy', 'MOLCAS.JobIph', 'MOLCAS.1.JobIph']
['copy', '/project/lgagliardi/helenclifford/practice_rcc/sharc4/methaniminium/tutorial_reproduction/traj/Singlet_2/TRAJ_00002/restart/MOLCAS.3.JobIph.62', 'JOBOLD']
['rasscf', 3, 3, True, False]
['copy', 'MOLCAS.rasscf.h5', 'MOLCAS.3.rasscf.h5']
['copy', 'MOLCAS.JobIph', 'MOLCAS.3.JobIph']
['link', 'MOLCAS.1.JobIph', 'JOB001']
['rassi', 'dm', [4]]
['copy', 'MOLCAS.rassi.h5', 'MOLCAS.rassi.1.h5']
['link', 'MOLCAS.3.JobIph', 'JOB001']
['rassi', 'dm', [3]]
['copy', 'MOLCAS.rassi.h5', 'MOLCAS.rassi.3.h5']
['copy', '/project/lgagliardi/helenclifford/practice_rcc/sharc4/methaniminium/tutorial_reproduction/traj/Singlet_2/TRAJ_00002/restart/MOLCAS.1.JobIph.62', 'JOB001']
['link', 'MOLCAS.1.JobIph', 'JOB002']
['rassi', 'overlap', [4, 4]]
['copy', 'MOLCAS.rassi.h5', 'MOLCAS.rassi.ovlp.1.h5']
['copy', '/project/lgagliardi/helenclifford/practice_rcc/sharc4/methaniminium/tutorial_reproduction/traj/Singlet_2/TRAJ_00002/restart/MOLCAS.3.JobIph.62', 'JOB001']
['link', 'MOLCAS.3.JobIph', 'JOB002']
['rassi', 'overlap', [3, 3]]
['copy', 'MOLCAS.rassi.h5', 'MOLCAS.rassi.ovlp.3.h5']
['link', 'MOLCAS.1.JobIph', 'JOB001']
['link', 'MOLCAS.3.JobIph', 'JOB002']
['rassi', 'soc', [4, 3]]
['copy', '$master_path/MOLCAS.1.JobIph', 'JOBOLD']
['rasscf', 1, 4, True, False]
['mclr', 0.0001, 'sala=1']
['alaska']
All jobs finished:
job: master          code: 0    runtime: 0:00:13.932472
job: grad_1_1        code: 0    runtime: 0:00:05.196495

Starting job execution
['gateway']
['seward']
['copy', '/project/lgagliardi/helenclifford/practice_rcc/sharc4/methaniminium/tutorial_reproduction/traj/Singlet_2/TRAJ_00002/restart/MOLCAS.1.JobIph.63', 'JOBOLD']
['rasscf', 1, 4, True, False]
['copy', 'MOLCAS.rasscf.h5', 'MOLCAS.1.rasscf.h5']
['copy', 'MOLCAS.JobIph', 'MOLCAS.1.JobIph']
['copy', '/project/lgagliardi/helenclifford/practice_rcc/sharc4/methaniminium/tutorial_reproduction/traj/Singlet_2/TRAJ_00002/restart/MOLCAS.3.JobIph.63', 'JOBOLD']
['rasscf', 3, 3, True, False]
['copy', 'MOLCAS.rasscf.h5', 'MOLCAS.3.rasscf.h5']
['copy', 'MOLCAS.JobIph', 'MOLCAS.3.JobIph']
['link', 'MOLCAS.1.JobIph', 'JOB001']
['rassi', 'dm', [4]]
['copy', 'MOLCAS.rassi.h5', 'MOLCAS.rassi.1.h5']
['link', 'MOLCAS.3.JobIph', 'JOB001']
['rassi', 'dm', [3]]
['copy', 'MOLCAS.rassi.h5', 'MOLCAS.rassi.3.h5']
['copy', '/project/lgagliardi/helenclifford/practice_rcc/sharc4/methaniminium/tutorial_reproduction/traj/Singlet_2/TRAJ_00002/restart/MOLCAS.1.JobIph.63', 'JOB001']
['link', 'MOLCAS.1.JobIph', 'JOB002']
['rassi', 'overlap', [4, 4]]
['copy', 'MOLCAS.rassi.h5', 'MOLCAS.rassi.ovlp.1.h5']
['copy', '/project/lgagliardi/helenclifford/practice_rcc/sharc4/methaniminium/tutorial_reproduction/traj/Singlet_2/TRAJ_00002/restart/MOLCAS.3.JobIph.63', 'JOB001']
['link', 'MOLCAS.3.JobIph', 'JOB002']
['rassi', 'overlap', [3, 3]]
['copy', 'MOLCAS.rassi.h5', 'MOLCAS.rassi.ovlp.3.h5']
['link', 'MOLCAS.1.JobIph', 'JOB001']
['link', 'MOLCAS.3.JobIph', 'JOB002']
['rassi', 'soc', [4, 3]]
['copy', '$master_path/MOLCAS.1.JobIph', 'JOBOLD']
['rasscf', 1, 4, True, False]
['mclr', 0.0001, 'sala=1']
['alaska']
All jobs finished:
job: master          code: 0    runtime: 0:00:12.192885
job: grad_1_1        code: 0    runtime: 0:00:07.911762

Starting job execution
['gateway']
['seward']
['copy', '/project/lgagliardi/helenclifford/practice_rcc/sharc4/methaniminium/tutorial_reproduction/traj/Singlet_2/TRAJ_00002/restart/MOLCAS.1.JobIph.64', 'JOBOLD']
['rasscf', 1, 4, True, False]
['copy', 'MOLCAS.rasscf.h5', 'MOLCAS.1.rasscf.h5']
['copy', 'MOLCAS.JobIph', 'MOLCAS.1.JobIph']
['copy', '/project/lgagliardi/helenclifford/practice_rcc/sharc4/methaniminium/tutorial_reproduction/traj/Singlet_2/TRAJ_00002/restart/MOLCAS.3.JobIph.64', 'JOBOLD']
['rasscf', 3, 3, True, False]
['copy', 'MOLCAS.rasscf.h5', 'MOLCAS.3.rasscf.h5']
['copy', 'MOLCAS.JobIph', 'MOLCAS.3.JobIph']
['link', 'MOLCAS.1.JobIph', 'JOB001']
['rassi', 'dm', [4]]
['copy', 'MOLCAS.rassi.h5', 'MOLCAS.rassi.1.h5']
['link', 'MOLCAS.3.JobIph', 'JOB001']
['rassi', 'dm', [3]]
['copy', 'MOLCAS.rassi.h5', 'MOLCAS.rassi.3.h5']
['copy', '/project/lgagliardi/helenclifford/practice_rcc/sharc4/methaniminium/tutorial_reproduction/traj/Singlet_2/TRAJ_00002/restart/MOLCAS.1.JobIph.64', 'JOB001']
['link', 'MOLCAS.1.JobIph', 'JOB002']
['rassi', 'overlap', [4, 4]]
['copy', 'MOLCAS.rassi.h5', 'MOLCAS.rassi.ovlp.1.h5']
['copy', '/project/lgagliardi/helenclifford/practice_rcc/sharc4/methaniminium/tutorial_reproduction/traj/Singlet_2/TRAJ_00002/restart/MOLCAS.3.JobIph.64', 'JOB001']
['link', 'MOLCAS.3.JobIph', 'JOB002']
['rassi', 'overlap', [3, 3]]
['copy', 'MOLCAS.rassi.h5', 'MOLCAS.rassi.ovlp.3.h5']
['link', 'MOLCAS.1.JobIph', 'JOB001']
['link', 'MOLCAS.3.JobIph', 'JOB002']
['rassi', 'soc', [4, 3]]
['copy', '$master_path/MOLCAS.1.JobIph', 'JOBOLD']
['rasscf', 1, 4, True, False]
['mclr', 0.0001, 'sala=1']
['alaska']
All jobs finished:
job: master          code: 0    runtime: 0:00:13.324988
job: grad_1_1        code: 0    runtime: 0:00:06.097762

Starting job execution
['gateway']
['seward']
['copy', '/project/lgagliardi/helenclifford/practice_rcc/sharc4/methaniminium/tutorial_reproduction/traj/Singlet_2/TRAJ_00002/restart/MOLCAS.1.JobIph.65', 'JOBOLD']
['rasscf', 1, 4, True, False]
['copy', 'MOLCAS.rasscf.h5', 'MOLCAS.1.rasscf.h5']
['copy', 'MOLCAS.JobIph', 'MOLCAS.1.JobIph']
['copy', '/project/lgagliardi/helenclifford/practice_rcc/sharc4/methaniminium/tutorial_reproduction/traj/Singlet_2/TRAJ_00002/restart/MOLCAS.3.JobIph.65', 'JOBOLD']
['rasscf', 3, 3, True, False]
['copy', 'MOLCAS.rasscf.h5', 'MOLCAS.3.rasscf.h5']
['copy', 'MOLCAS.JobIph', 'MOLCAS.3.JobIph']
['link', 'MOLCAS.1.JobIph', 'JOB001']
['rassi', 'dm', [4]]
['copy', 'MOLCAS.rassi.h5', 'MOLCAS.rassi.1.h5']
['link', 'MOLCAS.3.JobIph', 'JOB001']
['rassi', 'dm', [3]]
['copy', 'MOLCAS.rassi.h5', 'MOLCAS.rassi.3.h5']
['copy', '/project/lgagliardi/helenclifford/practice_rcc/sharc4/methaniminium/tutorial_reproduction/traj/Singlet_2/TRAJ_00002/restart/MOLCAS.1.JobIph.65', 'JOB001']
['link', 'MOLCAS.1.JobIph', 'JOB002']
['rassi', 'overlap', [4, 4]]
['copy', 'MOLCAS.rassi.h5', 'MOLCAS.rassi.ovlp.1.h5']
['copy', '/project/lgagliardi/helenclifford/practice_rcc/sharc4/methaniminium/tutorial_reproduction/traj/Singlet_2/TRAJ_00002/restart/MOLCAS.3.JobIph.65', 'JOB001']
['link', 'MOLCAS.3.JobIph', 'JOB002']
['rassi', 'overlap', [3, 3]]
['copy', 'MOLCAS.rassi.h5', 'MOLCAS.rassi.ovlp.3.h5']
['link', 'MOLCAS.1.JobIph', 'JOB001']
['link', 'MOLCAS.3.JobIph', 'JOB002']
['rassi', 'soc', [4, 3]]
['copy', '$master_path/MOLCAS.1.JobIph', 'JOBOLD']
['rasscf', 1, 4, True, False]
['mclr', 0.0001, 'sala=1']
['alaska']
All jobs finished:
job: master          code: 0    runtime: 0:00:14.325906
job: grad_1_1        code: 0    runtime: 0:00:06.109650

Starting job execution
['gateway']
['seward']
['copy', '/project/lgagliardi/helenclifford/practice_rcc/sharc4/methaniminium/tutorial_reproduction/traj/Singlet_2/TRAJ_00002/restart/MOLCAS.1.JobIph.66', 'JOBOLD']
['rasscf', 1, 4, True, False]
['copy', 'MOLCAS.rasscf.h5', 'MOLCAS.1.rasscf.h5']
['copy', 'MOLCAS.JobIph', 'MOLCAS.1.JobIph']
['copy', '/project/lgagliardi/helenclifford/practice_rcc/sharc4/methaniminium/tutorial_reproduction/traj/Singlet_2/TRAJ_00002/restart/MOLCAS.3.JobIph.66', 'JOBOLD']
['rasscf', 3, 3, True, False]
['copy', 'MOLCAS.rasscf.h5', 'MOLCAS.3.rasscf.h5']
['copy', 'MOLCAS.JobIph', 'MOLCAS.3.JobIph']
['link', 'MOLCAS.1.JobIph', 'JOB001']
['rassi', 'dm', [4]]
['copy', 'MOLCAS.rassi.h5', 'MOLCAS.rassi.1.h5']
['link', 'MOLCAS.3.JobIph', 'JOB001']
['rassi', 'dm', [3]]
['copy', 'MOLCAS.rassi.h5', 'MOLCAS.rassi.3.h5']
['copy', '/project/lgagliardi/helenclifford/practice_rcc/sharc4/methaniminium/tutorial_reproduction/traj/Singlet_2/TRAJ_00002/restart/MOLCAS.1.JobIph.66', 'JOB001']
['link', 'MOLCAS.1.JobIph', 'JOB002']
['rassi', 'overlap', [4, 4]]
['copy', 'MOLCAS.rassi.h5', 'MOLCAS.rassi.ovlp.1.h5']
['copy', '/project/lgagliardi/helenclifford/practice_rcc/sharc4/methaniminium/tutorial_reproduction/traj/Singlet_2/TRAJ_00002/restart/MOLCAS.3.JobIph.66', 'JOB001']
['link', 'MOLCAS.3.JobIph', 'JOB002']
['rassi', 'overlap', [3, 3]]
['copy', 'MOLCAS.rassi.h5', 'MOLCAS.rassi.ovlp.3.h5']
['link', 'MOLCAS.1.JobIph', 'JOB001']
['link', 'MOLCAS.3.JobIph', 'JOB002']
['rassi', 'soc', [4, 3]]
['copy', '$master_path/MOLCAS.1.JobIph', 'JOBOLD']
['rasscf', 1, 4, True, False]
['mclr', 0.0001, 'sala=1']
['alaska']
All jobs finished:
job: master          code: 0    runtime: 0:00:13.570603
job: grad_1_1        code: 0    runtime: 0:00:05.797314

Starting job execution
['gateway']
['seward']
['copy', '/project/lgagliardi/helenclifford/practice_rcc/sharc4/methaniminium/tutorial_reproduction/traj/Singlet_2/TRAJ_00002/restart/MOLCAS.1.JobIph.67', 'JOBOLD']
['rasscf', 1, 4, True, False]
['copy', 'MOLCAS.rasscf.h5', 'MOLCAS.1.rasscf.h5']
['copy', 'MOLCAS.JobIph', 'MOLCAS.1.JobIph']
['copy', '/project/lgagliardi/helenclifford/practice_rcc/sharc4/methaniminium/tutorial_reproduction/traj/Singlet_2/TRAJ_00002/restart/MOLCAS.3.JobIph.67', 'JOBOLD']
['rasscf', 3, 3, True, False]
['copy', 'MOLCAS.rasscf.h5', 'MOLCAS.3.rasscf.h5']
['copy', 'MOLCAS.JobIph', 'MOLCAS.3.JobIph']
['link', 'MOLCAS.1.JobIph', 'JOB001']
['rassi', 'dm', [4]]
['copy', 'MOLCAS.rassi.h5', 'MOLCAS.rassi.1.h5']
['link', 'MOLCAS.3.JobIph', 'JOB001']
['rassi', 'dm', [3]]
['copy', 'MOLCAS.rassi.h5', 'MOLCAS.rassi.3.h5']
['copy', '/project/lgagliardi/helenclifford/practice_rcc/sharc4/methaniminium/tutorial_reproduction/traj/Singlet_2/TRAJ_00002/restart/MOLCAS.1.JobIph.67', 'JOB001']
['link', 'MOLCAS.1.JobIph', 'JOB002']
['rassi', 'overlap', [4, 4]]
['copy', 'MOLCAS.rassi.h5', 'MOLCAS.rassi.ovlp.1.h5']
['copy', '/project/lgagliardi/helenclifford/practice_rcc/sharc4/methaniminium/tutorial_reproduction/traj/Singlet_2/TRAJ_00002/restart/MOLCAS.3.JobIph.67', 'JOB001']
['link', 'MOLCAS.3.JobIph', 'JOB002']
['rassi', 'overlap', [3, 3]]
['copy', 'MOLCAS.rassi.h5', 'MOLCAS.rassi.ovlp.3.h5']
['link', 'MOLCAS.1.JobIph', 'JOB001']
['link', 'MOLCAS.3.JobIph', 'JOB002']
['rassi', 'soc', [4, 3]]
['copy', '$master_path/MOLCAS.1.JobIph', 'JOBOLD']
['rasscf', 1, 4, True, False]
['mclr', 0.0001, 'sala=1']
['alaska']
All jobs finished:
job: master          code: 0    runtime: 0:00:14.400940
job: grad_1_1        code: 0    runtime: 0:00:05.588627

Starting job execution
['gateway']
['seward']
['copy', '/project/lgagliardi/helenclifford/practice_rcc/sharc4/methaniminium/tutorial_reproduction/traj/Singlet_2/TRAJ_00002/restart/MOLCAS.1.JobIph.68', 'JOBOLD']
['rasscf', 1, 4, True, False]
['copy', 'MOLCAS.rasscf.h5', 'MOLCAS.1.rasscf.h5']
['copy', 'MOLCAS.JobIph', 'MOLCAS.1.JobIph']
['copy', '/project/lgagliardi/helenclifford/practice_rcc/sharc4/methaniminium/tutorial_reproduction/traj/Singlet_2/TRAJ_00002/restart/MOLCAS.3.JobIph.68', 'JOBOLD']
['rasscf', 3, 3, True, False]
['copy', 'MOLCAS.rasscf.h5', 'MOLCAS.3.rasscf.h5']
['copy', 'MOLCAS.JobIph', 'MOLCAS.3.JobIph']
['link', 'MOLCAS.1.JobIph', 'JOB001']
['rassi', 'dm', [4]]
['copy', 'MOLCAS.rassi.h5', 'MOLCAS.rassi.1.h5']
['link', 'MOLCAS.3.JobIph', 'JOB001']
['rassi', 'dm', [3]]
['copy', 'MOLCAS.rassi.h5', 'MOLCAS.rassi.3.h5']
['copy', '/project/lgagliardi/helenclifford/practice_rcc/sharc4/methaniminium/tutorial_reproduction/traj/Singlet_2/TRAJ_00002/restart/MOLCAS.1.JobIph.68', 'JOB001']
['link', 'MOLCAS.1.JobIph', 'JOB002']
['rassi', 'overlap', [4, 4]]
['copy', 'MOLCAS.rassi.h5', 'MOLCAS.rassi.ovlp.1.h5']
['copy', '/project/lgagliardi/helenclifford/practice_rcc/sharc4/methaniminium/tutorial_reproduction/traj/Singlet_2/TRAJ_00002/restart/MOLCAS.3.JobIph.68', 'JOB001']
['link', 'MOLCAS.3.JobIph', 'JOB002']
['rassi', 'overlap', [3, 3]]
['copy', 'MOLCAS.rassi.h5', 'MOLCAS.rassi.ovlp.3.h5']
['link', 'MOLCAS.1.JobIph', 'JOB001']
['link', 'MOLCAS.3.JobIph', 'JOB002']
['rassi', 'soc', [4, 3]]
['copy', '$master_path/MOLCAS.1.JobIph', 'JOBOLD']
['rasscf', 1, 4, True, False]
['mclr', 0.0001, 'sala=1']
['alaska']
All jobs finished:
job: master          code: 0    runtime: 0:00:13.845733
job: grad_1_1        code: 0    runtime: 0:00:05.933045

Starting job execution
['gateway']
['seward']
['copy', '/project/lgagliardi/helenclifford/practice_rcc/sharc4/methaniminium/tutorial_reproduction/traj/Singlet_2/TRAJ_00002/restart/MOLCAS.1.JobIph.69', 'JOBOLD']
['rasscf', 1, 4, True, False]
['copy', 'MOLCAS.rasscf.h5', 'MOLCAS.1.rasscf.h5']
['copy', 'MOLCAS.JobIph', 'MOLCAS.1.JobIph']
['copy', '/project/lgagliardi/helenclifford/practice_rcc/sharc4/methaniminium/tutorial_reproduction/traj/Singlet_2/TRAJ_00002/restart/MOLCAS.3.JobIph.69', 'JOBOLD']
['rasscf', 3, 3, True, False]
['copy', 'MOLCAS.rasscf.h5', 'MOLCAS.3.rasscf.h5']
['copy', 'MOLCAS.JobIph', 'MOLCAS.3.JobIph']
['link', 'MOLCAS.1.JobIph', 'JOB001']
['rassi', 'dm', [4]]
['copy', 'MOLCAS.rassi.h5', 'MOLCAS.rassi.1.h5']
['link', 'MOLCAS.3.JobIph', 'JOB001']
['rassi', 'dm', [3]]
['copy', 'MOLCAS.rassi.h5', 'MOLCAS.rassi.3.h5']
['copy', '/project/lgagliardi/helenclifford/practice_rcc/sharc4/methaniminium/tutorial_reproduction/traj/Singlet_2/TRAJ_00002/restart/MOLCAS.1.JobIph.69', 'JOB001']
['link', 'MOLCAS.1.JobIph', 'JOB002']
['rassi', 'overlap', [4, 4]]
['copy', 'MOLCAS.rassi.h5', 'MOLCAS.rassi.ovlp.1.h5']
['copy', '/project/lgagliardi/helenclifford/practice_rcc/sharc4/methaniminium/tutorial_reproduction/traj/Singlet_2/TRAJ_00002/restart/MOLCAS.3.JobIph.69', 'JOB001']
['link', 'MOLCAS.3.JobIph', 'JOB002']
['rassi', 'overlap', [3, 3]]
['copy', 'MOLCAS.rassi.h5', 'MOLCAS.rassi.ovlp.3.h5']
['link', 'MOLCAS.1.JobIph', 'JOB001']
['link', 'MOLCAS.3.JobIph', 'JOB002']
['rassi', 'soc', [4, 3]]
['copy', '$master_path/MOLCAS.1.JobIph', 'JOBOLD']
['rasscf', 1, 4, True, False]
['mclr', 0.0001, 'sala=1']
['alaska']
All jobs finished:
job: master          code: 0    runtime: 0:00:12.903449
job: grad_1_1        code: 0    runtime: 0:00:05.232558

Starting job execution
['gateway']
['seward']
['copy', '/project/lgagliardi/helenclifford/practice_rcc/sharc4/methaniminium/tutorial_reproduction/traj/Singlet_2/TRAJ_00002/restart/MOLCAS.1.JobIph.70', 'JOBOLD']
['rasscf', 1, 4, True, False]
['copy', 'MOLCAS.rasscf.h5', 'MOLCAS.1.rasscf.h5']
['copy', 'MOLCAS.JobIph', 'MOLCAS.1.JobIph']
['copy', '/project/lgagliardi/helenclifford/practice_rcc/sharc4/methaniminium/tutorial_reproduction/traj/Singlet_2/TRAJ_00002/restart/MOLCAS.3.JobIph.70', 'JOBOLD']
['rasscf', 3, 3, True, False]
['copy', 'MOLCAS.rasscf.h5', 'MOLCAS.3.rasscf.h5']
['copy', 'MOLCAS.JobIph', 'MOLCAS.3.JobIph']
['link', 'MOLCAS.1.JobIph', 'JOB001']
['rassi', 'dm', [4]]
['copy', 'MOLCAS.rassi.h5', 'MOLCAS.rassi.1.h5']
['link', 'MOLCAS.3.JobIph', 'JOB001']
['rassi', 'dm', [3]]
['copy', 'MOLCAS.rassi.h5', 'MOLCAS.rassi.3.h5']
['copy', '/project/lgagliardi/helenclifford/practice_rcc/sharc4/methaniminium/tutorial_reproduction/traj/Singlet_2/TRAJ_00002/restart/MOLCAS.1.JobIph.70', 'JOB001']
['link', 'MOLCAS.1.JobIph', 'JOB002']
['rassi', 'overlap', [4, 4]]
['copy', 'MOLCAS.rassi.h5', 'MOLCAS.rassi.ovlp.1.h5']
['copy', '/project/lgagliardi/helenclifford/practice_rcc/sharc4/methaniminium/tutorial_reproduction/traj/Singlet_2/TRAJ_00002/restart/MOLCAS.3.JobIph.70', 'JOB001']
['link', 'MOLCAS.3.JobIph', 'JOB002']
['rassi', 'overlap', [3, 3]]
['copy', 'MOLCAS.rassi.h5', 'MOLCAS.rassi.ovlp.3.h5']
['link', 'MOLCAS.1.JobIph', 'JOB001']
['link', 'MOLCAS.3.JobIph', 'JOB002']
['rassi', 'soc', [4, 3]]
['copy', '$master_path/MOLCAS.1.JobIph', 'JOBOLD']
['rasscf', 1, 4, True, False]
['mclr', 0.0001, 'sala=1']
['alaska']
All jobs finished:
job: master          code: 0    runtime: 0:00:16.016112
job: grad_1_1        code: 0    runtime: 0:00:05.523604

Starting job execution
['gateway']
['seward']
['copy', '/project/lgagliardi/helenclifford/practice_rcc/sharc4/methaniminium/tutorial_reproduction/traj/Singlet_2/TRAJ_00002/restart/MOLCAS.1.JobIph.71', 'JOBOLD']
['rasscf', 1, 4, True, False]
['copy', 'MOLCAS.rasscf.h5', 'MOLCAS.1.rasscf.h5']
['copy', 'MOLCAS.JobIph', 'MOLCAS.1.JobIph']
['copy', '/project/lgagliardi/helenclifford/practice_rcc/sharc4/methaniminium/tutorial_reproduction/traj/Singlet_2/TRAJ_00002/restart/MOLCAS.3.JobIph.71', 'JOBOLD']
['rasscf', 3, 3, True, False]
['copy', 'MOLCAS.rasscf.h5', 'MOLCAS.3.rasscf.h5']
['copy', 'MOLCAS.JobIph', 'MOLCAS.3.JobIph']
['link', 'MOLCAS.1.JobIph', 'JOB001']
['rassi', 'dm', [4]]
['copy', 'MOLCAS.rassi.h5', 'MOLCAS.rassi.1.h5']
['link', 'MOLCAS.3.JobIph', 'JOB001']
['rassi', 'dm', [3]]
['copy', 'MOLCAS.rassi.h5', 'MOLCAS.rassi.3.h5']
['copy', '/project/lgagliardi/helenclifford/practice_rcc/sharc4/methaniminium/tutorial_reproduction/traj/Singlet_2/TRAJ_00002/restart/MOLCAS.1.JobIph.71', 'JOB001']
['link', 'MOLCAS.1.JobIph', 'JOB002']
['rassi', 'overlap', [4, 4]]
['copy', 'MOLCAS.rassi.h5', 'MOLCAS.rassi.ovlp.1.h5']
['copy', '/project/lgagliardi/helenclifford/practice_rcc/sharc4/methaniminium/tutorial_reproduction/traj/Singlet_2/TRAJ_00002/restart/MOLCAS.3.JobIph.71', 'JOB001']
['link', 'MOLCAS.3.JobIph', 'JOB002']
['rassi', 'overlap', [3, 3]]
['copy', 'MOLCAS.rassi.h5', 'MOLCAS.rassi.ovlp.3.h5']
['link', 'MOLCAS.1.JobIph', 'JOB001']
['link', 'MOLCAS.3.JobIph', 'JOB002']
['rassi', 'soc', [4, 3]]
['copy', '$master_path/MOLCAS.1.JobIph', 'JOBOLD']
['rasscf', 1, 4, True, False]
['mclr', 0.0001, 'sala=1']
['alaska']
All jobs finished:
job: master          code: 0    runtime: 0:00:13.476103
job: grad_1_1        code: 0    runtime: 0:00:06.152756

Starting job execution
['gateway']
['seward']
['copy', '/project/lgagliardi/helenclifford/practice_rcc/sharc4/methaniminium/tutorial_reproduction/traj/Singlet_2/TRAJ_00002/restart/MOLCAS.1.JobIph.72', 'JOBOLD']
['rasscf', 1, 4, True, False]
['copy', 'MOLCAS.rasscf.h5', 'MOLCAS.1.rasscf.h5']
['copy', 'MOLCAS.JobIph', 'MOLCAS.1.JobIph']
['copy', '/project/lgagliardi/helenclifford/practice_rcc/sharc4/methaniminium/tutorial_reproduction/traj/Singlet_2/TRAJ_00002/restart/MOLCAS.3.JobIph.72', 'JOBOLD']
['rasscf', 3, 3, True, False]
['copy', 'MOLCAS.rasscf.h5', 'MOLCAS.3.rasscf.h5']
['copy', 'MOLCAS.JobIph', 'MOLCAS.3.JobIph']
['link', 'MOLCAS.1.JobIph', 'JOB001']
['rassi', 'dm', [4]]
['copy', 'MOLCAS.rassi.h5', 'MOLCAS.rassi.1.h5']
['link', 'MOLCAS.3.JobIph', 'JOB001']
['rassi', 'dm', [3]]
['copy', 'MOLCAS.rassi.h5', 'MOLCAS.rassi.3.h5']
['copy', '/project/lgagliardi/helenclifford/practice_rcc/sharc4/methaniminium/tutorial_reproduction/traj/Singlet_2/TRAJ_00002/restart/MOLCAS.1.JobIph.72', 'JOB001']
['link', 'MOLCAS.1.JobIph', 'JOB002']
['rassi', 'overlap', [4, 4]]
['copy', 'MOLCAS.rassi.h5', 'MOLCAS.rassi.ovlp.1.h5']
['copy', '/project/lgagliardi/helenclifford/practice_rcc/sharc4/methaniminium/tutorial_reproduction/traj/Singlet_2/TRAJ_00002/restart/MOLCAS.3.JobIph.72', 'JOB001']
['link', 'MOLCAS.3.JobIph', 'JOB002']
['rassi', 'overlap', [3, 3]]
['copy', 'MOLCAS.rassi.h5', 'MOLCAS.rassi.ovlp.3.h5']
['link', 'MOLCAS.1.JobIph', 'JOB001']
['link', 'MOLCAS.3.JobIph', 'JOB002']
['rassi', 'soc', [4, 3]]
['copy', '$master_path/MOLCAS.1.JobIph', 'JOBOLD']
['rasscf', 1, 4, True, False]
['mclr', 0.0001, 'sala=1']
['alaska']
All jobs finished:
job: master          code: 0    runtime: 0:00:13.097798
job: grad_1_1        code: 0    runtime: 0:00:04.957231

Starting job execution
['gateway']
['seward']
['copy', '/project/lgagliardi/helenclifford/practice_rcc/sharc4/methaniminium/tutorial_reproduction/traj/Singlet_2/TRAJ_00002/restart/MOLCAS.1.JobIph.73', 'JOBOLD']
['rasscf', 1, 4, True, False]
['copy', 'MOLCAS.rasscf.h5', 'MOLCAS.1.rasscf.h5']
['copy', 'MOLCAS.JobIph', 'MOLCAS.1.JobIph']
['copy', '/project/lgagliardi/helenclifford/practice_rcc/sharc4/methaniminium/tutorial_reproduction/traj/Singlet_2/TRAJ_00002/restart/MOLCAS.3.JobIph.73', 'JOBOLD']
['rasscf', 3, 3, True, False]
['copy', 'MOLCAS.rasscf.h5', 'MOLCAS.3.rasscf.h5']
['copy', 'MOLCAS.JobIph', 'MOLCAS.3.JobIph']
['link', 'MOLCAS.1.JobIph', 'JOB001']
['rassi', 'dm', [4]]
['copy', 'MOLCAS.rassi.h5', 'MOLCAS.rassi.1.h5']
['link', 'MOLCAS.3.JobIph', 'JOB001']
['rassi', 'dm', [3]]
['copy', 'MOLCAS.rassi.h5', 'MOLCAS.rassi.3.h5']
['copy', '/project/lgagliardi/helenclifford/practice_rcc/sharc4/methaniminium/tutorial_reproduction/traj/Singlet_2/TRAJ_00002/restart/MOLCAS.1.JobIph.73', 'JOB001']
['link', 'MOLCAS.1.JobIph', 'JOB002']
['rassi', 'overlap', [4, 4]]
['copy', 'MOLCAS.rassi.h5', 'MOLCAS.rassi.ovlp.1.h5']
['copy', '/project/lgagliardi/helenclifford/practice_rcc/sharc4/methaniminium/tutorial_reproduction/traj/Singlet_2/TRAJ_00002/restart/MOLCAS.3.JobIph.73', 'JOB001']
['link', 'MOLCAS.3.JobIph', 'JOB002']
['rassi', 'overlap', [3, 3]]
['copy', 'MOLCAS.rassi.h5', 'MOLCAS.rassi.ovlp.3.h5']
['link', 'MOLCAS.1.JobIph', 'JOB001']
['link', 'MOLCAS.3.JobIph', 'JOB002']
['rassi', 'soc', [4, 3]]
['copy', '$master_path/MOLCAS.1.JobIph', 'JOBOLD']
['rasscf', 1, 4, True, False]
['mclr', 0.0001, 'sala=1']
['alaska']
All jobs finished:
job: master          code: 0    runtime: 0:00:13.024443
job: grad_1_1        code: 0    runtime: 0:00:06.939196

Starting job execution
['gateway']
['seward']
['copy', '/project/lgagliardi/helenclifford/practice_rcc/sharc4/methaniminium/tutorial_reproduction/traj/Singlet_2/TRAJ_00002/restart/MOLCAS.1.JobIph.74', 'JOBOLD']
['rasscf', 1, 4, True, False]
['copy', 'MOLCAS.rasscf.h5', 'MOLCAS.1.rasscf.h5']
['copy', 'MOLCAS.JobIph', 'MOLCAS.1.JobIph']
['copy', '/project/lgagliardi/helenclifford/practice_rcc/sharc4/methaniminium/tutorial_reproduction/traj/Singlet_2/TRAJ_00002/restart/MOLCAS.3.JobIph.74', 'JOBOLD']
['rasscf', 3, 3, True, False]
['copy', 'MOLCAS.rasscf.h5', 'MOLCAS.3.rasscf.h5']
['copy', 'MOLCAS.JobIph', 'MOLCAS.3.JobIph']
['link', 'MOLCAS.1.JobIph', 'JOB001']
['rassi', 'dm', [4]]
['copy', 'MOLCAS.rassi.h5', 'MOLCAS.rassi.1.h5']
['link', 'MOLCAS.3.JobIph', 'JOB001']
['rassi', 'dm', [3]]
['copy', 'MOLCAS.rassi.h5', 'MOLCAS.rassi.3.h5']
['copy', '/project/lgagliardi/helenclifford/practice_rcc/sharc4/methaniminium/tutorial_reproduction/traj/Singlet_2/TRAJ_00002/restart/MOLCAS.1.JobIph.74', 'JOB001']
['link', 'MOLCAS.1.JobIph', 'JOB002']
['rassi', 'overlap', [4, 4]]
['copy', 'MOLCAS.rassi.h5', 'MOLCAS.rassi.ovlp.1.h5']
['copy', '/project/lgagliardi/helenclifford/practice_rcc/sharc4/methaniminium/tutorial_reproduction/traj/Singlet_2/TRAJ_00002/restart/MOLCAS.3.JobIph.74', 'JOB001']
['link', 'MOLCAS.3.JobIph', 'JOB002']
['rassi', 'overlap', [3, 3]]
['copy', 'MOLCAS.rassi.h5', 'MOLCAS.rassi.ovlp.3.h5']
['link', 'MOLCAS.1.JobIph', 'JOB001']
['link', 'MOLCAS.3.JobIph', 'JOB002']
['rassi', 'soc', [4, 3]]
['copy', '$master_path/MOLCAS.1.JobIph', 'JOBOLD']
['rasscf', 1, 4, True, False]
['mclr', 0.0001, 'sala=1']
['alaska']
All jobs finished:
job: master          code: 0    runtime: 0:00:12.509127
job: grad_1_1        code: 0    runtime: 0:00:05.176005

Starting job execution
['gateway']
['seward']
['copy', '/project/lgagliardi/helenclifford/practice_rcc/sharc4/methaniminium/tutorial_reproduction/traj/Singlet_2/TRAJ_00002/restart/MOLCAS.1.JobIph.75', 'JOBOLD']
['rasscf', 1, 4, True, False]
['copy', 'MOLCAS.rasscf.h5', 'MOLCAS.1.rasscf.h5']
['copy', 'MOLCAS.JobIph', 'MOLCAS.1.JobIph']
['copy', '/project/lgagliardi/helenclifford/practice_rcc/sharc4/methaniminium/tutorial_reproduction/traj/Singlet_2/TRAJ_00002/restart/MOLCAS.3.JobIph.75', 'JOBOLD']
['rasscf', 3, 3, True, False]
['copy', 'MOLCAS.rasscf.h5', 'MOLCAS.3.rasscf.h5']
['copy', 'MOLCAS.JobIph', 'MOLCAS.3.JobIph']
['link', 'MOLCAS.1.JobIph', 'JOB001']
['rassi', 'dm', [4]]
['copy', 'MOLCAS.rassi.h5', 'MOLCAS.rassi.1.h5']
['link', 'MOLCAS.3.JobIph', 'JOB001']
['rassi', 'dm', [3]]
['copy', 'MOLCAS.rassi.h5', 'MOLCAS.rassi.3.h5']
['copy', '/project/lgagliardi/helenclifford/practice_rcc/sharc4/methaniminium/tutorial_reproduction/traj/Singlet_2/TRAJ_00002/restart/MOLCAS.1.JobIph.75', 'JOB001']
['link', 'MOLCAS.1.JobIph', 'JOB002']
['rassi', 'overlap', [4, 4]]
['copy', 'MOLCAS.rassi.h5', 'MOLCAS.rassi.ovlp.1.h5']
['copy', '/project/lgagliardi/helenclifford/practice_rcc/sharc4/methaniminium/tutorial_reproduction/traj/Singlet_2/TRAJ_00002/restart/MOLCAS.3.JobIph.75', 'JOB001']
['link', 'MOLCAS.3.JobIph', 'JOB002']
['rassi', 'overlap', [3, 3]]
['copy', 'MOLCAS.rassi.h5', 'MOLCAS.rassi.ovlp.3.h5']
['link', 'MOLCAS.1.JobIph', 'JOB001']
['link', 'MOLCAS.3.JobIph', 'JOB002']
['rassi', 'soc', [4, 3]]
['copy', '$master_path/MOLCAS.1.JobIph', 'JOBOLD']
['rasscf', 1, 4, True, False]
['mclr', 0.0001, 'sala=1']
['alaska']
All jobs finished:
job: master          code: 0    runtime: 0:00:10.098942
job: grad_1_1        code: 0    runtime: 0:00:05.015509

Starting job execution
['gateway']
['seward']
['copy', '/project/lgagliardi/helenclifford/practice_rcc/sharc4/methaniminium/tutorial_reproduction/traj/Singlet_2/TRAJ_00002/restart/MOLCAS.1.JobIph.76', 'JOBOLD']
['rasscf', 1, 4, True, False]
['copy', 'MOLCAS.rasscf.h5', 'MOLCAS.1.rasscf.h5']
['copy', 'MOLCAS.JobIph', 'MOLCAS.1.JobIph']
['copy', '/project/lgagliardi/helenclifford/practice_rcc/sharc4/methaniminium/tutorial_reproduction/traj/Singlet_2/TRAJ_00002/restart/MOLCAS.3.JobIph.76', 'JOBOLD']
['rasscf', 3, 3, True, False]
['copy', 'MOLCAS.rasscf.h5', 'MOLCAS.3.rasscf.h5']
['copy', 'MOLCAS.JobIph', 'MOLCAS.3.JobIph']
['link', 'MOLCAS.1.JobIph', 'JOB001']
['rassi', 'dm', [4]]
['copy', 'MOLCAS.rassi.h5', 'MOLCAS.rassi.1.h5']
['link', 'MOLCAS.3.JobIph', 'JOB001']
['rassi', 'dm', [3]]
['copy', 'MOLCAS.rassi.h5', 'MOLCAS.rassi.3.h5']
['copy', '/project/lgagliardi/helenclifford/practice_rcc/sharc4/methaniminium/tutorial_reproduction/traj/Singlet_2/TRAJ_00002/restart/MOLCAS.1.JobIph.76', 'JOB001']
['link', 'MOLCAS.1.JobIph', 'JOB002']
['rassi', 'overlap', [4, 4]]
['copy', 'MOLCAS.rassi.h5', 'MOLCAS.rassi.ovlp.1.h5']
['copy', '/project/lgagliardi/helenclifford/practice_rcc/sharc4/methaniminium/tutorial_reproduction/traj/Singlet_2/TRAJ_00002/restart/MOLCAS.3.JobIph.76', 'JOB001']
['link', 'MOLCAS.3.JobIph', 'JOB002']
['rassi', 'overlap', [3, 3]]
['copy', 'MOLCAS.rassi.h5', 'MOLCAS.rassi.ovlp.3.h5']
['link', 'MOLCAS.1.JobIph', 'JOB001']
['link', 'MOLCAS.3.JobIph', 'JOB002']
['rassi', 'soc', [4, 3]]
['copy', '$master_path/MOLCAS.1.JobIph', 'JOBOLD']
['rasscf', 1, 4, True, False]
['mclr', 0.0001, 'sala=1']
['alaska']
All jobs finished:
job: master          code: 0    runtime: 0:00:12.753690
job: grad_1_1        code: 0    runtime: 0:00:05.099497

Starting job execution
['gateway']
['seward']
['copy', '/project/lgagliardi/helenclifford/practice_rcc/sharc4/methaniminium/tutorial_reproduction/traj/Singlet_2/TRAJ_00002/restart/MOLCAS.1.JobIph.77', 'JOBOLD']
['rasscf', 1, 4, True, False]
['copy', 'MOLCAS.rasscf.h5', 'MOLCAS.1.rasscf.h5']
['copy', 'MOLCAS.JobIph', 'MOLCAS.1.JobIph']
['copy', '/project/lgagliardi/helenclifford/practice_rcc/sharc4/methaniminium/tutorial_reproduction/traj/Singlet_2/TRAJ_00002/restart/MOLCAS.3.JobIph.77', 'JOBOLD']
['rasscf', 3, 3, True, False]
['copy', 'MOLCAS.rasscf.h5', 'MOLCAS.3.rasscf.h5']
['copy', 'MOLCAS.JobIph', 'MOLCAS.3.JobIph']
['link', 'MOLCAS.1.JobIph', 'JOB001']
['rassi', 'dm', [4]]
['copy', 'MOLCAS.rassi.h5', 'MOLCAS.rassi.1.h5']
['link', 'MOLCAS.3.JobIph', 'JOB001']
['rassi', 'dm', [3]]
['copy', 'MOLCAS.rassi.h5', 'MOLCAS.rassi.3.h5']
['copy', '/project/lgagliardi/helenclifford/practice_rcc/sharc4/methaniminium/tutorial_reproduction/traj/Singlet_2/TRAJ_00002/restart/MOLCAS.1.JobIph.77', 'JOB001']
['link', 'MOLCAS.1.JobIph', 'JOB002']
['rassi', 'overlap', [4, 4]]
['copy', 'MOLCAS.rassi.h5', 'MOLCAS.rassi.ovlp.1.h5']
['copy', '/project/lgagliardi/helenclifford/practice_rcc/sharc4/methaniminium/tutorial_reproduction/traj/Singlet_2/TRAJ_00002/restart/MOLCAS.3.JobIph.77', 'JOB001']
['link', 'MOLCAS.3.JobIph', 'JOB002']
['rassi', 'overlap', [3, 3]]
['copy', 'MOLCAS.rassi.h5', 'MOLCAS.rassi.ovlp.3.h5']
['link', 'MOLCAS.1.JobIph', 'JOB001']
['link', 'MOLCAS.3.JobIph', 'JOB002']
['rassi', 'soc', [4, 3]]
['copy', '$master_path/MOLCAS.1.JobIph', 'JOBOLD']
['rasscf', 1, 4, True, False]
['mclr', 0.0001, 'sala=1']
['alaska']
All jobs finished:
job: master          code: 0    runtime: 0:00:12.052699
job: grad_1_1        code: 0    runtime: 0:00:05.469120

Starting job execution
['gateway']
['seward']
['copy', '/project/lgagliardi/helenclifford/practice_rcc/sharc4/methaniminium/tutorial_reproduction/traj/Singlet_2/TRAJ_00002/restart/MOLCAS.1.JobIph.78', 'JOBOLD']
['rasscf', 1, 4, True, False]
['copy', 'MOLCAS.rasscf.h5', 'MOLCAS.1.rasscf.h5']
['copy', 'MOLCAS.JobIph', 'MOLCAS.1.JobIph']
['copy', '/project/lgagliardi/helenclifford/practice_rcc/sharc4/methaniminium/tutorial_reproduction/traj/Singlet_2/TRAJ_00002/restart/MOLCAS.3.JobIph.78', 'JOBOLD']
['rasscf', 3, 3, True, False]
['copy', 'MOLCAS.rasscf.h5', 'MOLCAS.3.rasscf.h5']
['copy', 'MOLCAS.JobIph', 'MOLCAS.3.JobIph']
['link', 'MOLCAS.1.JobIph', 'JOB001']
['rassi', 'dm', [4]]
['copy', 'MOLCAS.rassi.h5', 'MOLCAS.rassi.1.h5']
['link', 'MOLCAS.3.JobIph', 'JOB001']
['rassi', 'dm', [3]]
['copy', 'MOLCAS.rassi.h5', 'MOLCAS.rassi.3.h5']
['copy', '/project/lgagliardi/helenclifford/practice_rcc/sharc4/methaniminium/tutorial_reproduction/traj/Singlet_2/TRAJ_00002/restart/MOLCAS.1.JobIph.78', 'JOB001']
['link', 'MOLCAS.1.JobIph', 'JOB002']
['rassi', 'overlap', [4, 4]]
['copy', 'MOLCAS.rassi.h5', 'MOLCAS.rassi.ovlp.1.h5']
['copy', '/project/lgagliardi/helenclifford/practice_rcc/sharc4/methaniminium/tutorial_reproduction/traj/Singlet_2/TRAJ_00002/restart/MOLCAS.3.JobIph.78', 'JOB001']
['link', 'MOLCAS.3.JobIph', 'JOB002']
['rassi', 'overlap', [3, 3]]
['copy', 'MOLCAS.rassi.h5', 'MOLCAS.rassi.ovlp.3.h5']
['link', 'MOLCAS.1.JobIph', 'JOB001']
['link', 'MOLCAS.3.JobIph', 'JOB002']
['rassi', 'soc', [4, 3]]
['copy', '$master_path/MOLCAS.1.JobIph', 'JOBOLD']
['rasscf', 1, 4, True, False]
['mclr', 0.0001, 'sala=1']
['alaska']
All jobs finished:
job: master          code: 0    runtime: 0:00:10.107891
job: grad_1_1        code: 0    runtime: 0:00:07.696967

Starting job execution
['gateway']
['seward']
['copy', '/project/lgagliardi/helenclifford/practice_rcc/sharc4/methaniminium/tutorial_reproduction/traj/Singlet_2/TRAJ_00002/restart/MOLCAS.1.JobIph.79', 'JOBOLD']
['rasscf', 1, 4, True, False]
['copy', 'MOLCAS.rasscf.h5', 'MOLCAS.1.rasscf.h5']
['copy', 'MOLCAS.JobIph', 'MOLCAS.1.JobIph']
['copy', '/project/lgagliardi/helenclifford/practice_rcc/sharc4/methaniminium/tutorial_reproduction/traj/Singlet_2/TRAJ_00002/restart/MOLCAS.3.JobIph.79', 'JOBOLD']
['rasscf', 3, 3, True, False]
['copy', 'MOLCAS.rasscf.h5', 'MOLCAS.3.rasscf.h5']
['copy', 'MOLCAS.JobIph', 'MOLCAS.3.JobIph']
['link', 'MOLCAS.1.JobIph', 'JOB001']
['rassi', 'dm', [4]]
['copy', 'MOLCAS.rassi.h5', 'MOLCAS.rassi.1.h5']
['link', 'MOLCAS.3.JobIph', 'JOB001']
['rassi', 'dm', [3]]
['copy', 'MOLCAS.rassi.h5', 'MOLCAS.rassi.3.h5']
['copy', '/project/lgagliardi/helenclifford/practice_rcc/sharc4/methaniminium/tutorial_reproduction/traj/Singlet_2/TRAJ_00002/restart/MOLCAS.1.JobIph.79', 'JOB001']
['link', 'MOLCAS.1.JobIph', 'JOB002']
['rassi', 'overlap', [4, 4]]
['copy', 'MOLCAS.rassi.h5', 'MOLCAS.rassi.ovlp.1.h5']
['copy', '/project/lgagliardi/helenclifford/practice_rcc/sharc4/methaniminium/tutorial_reproduction/traj/Singlet_2/TRAJ_00002/restart/MOLCAS.3.JobIph.79', 'JOB001']
['link', 'MOLCAS.3.JobIph', 'JOB002']
['rassi', 'overlap', [3, 3]]
['copy', 'MOLCAS.rassi.h5', 'MOLCAS.rassi.ovlp.3.h5']
['link', 'MOLCAS.1.JobIph', 'JOB001']
['link', 'MOLCAS.3.JobIph', 'JOB002']
['rassi', 'soc', [4, 3]]
['copy', '$master_path/MOLCAS.1.JobIph', 'JOBOLD']
['rasscf', 1, 4, True, False]
['mclr', 0.0001, 'sala=1']
['alaska']
All jobs finished:
job: master          code: 0    runtime: 0:00:11.864298
job: grad_1_1        code: 0    runtime: 0:00:04.889986

Starting job execution
['gateway']
['seward']
['copy', '/project/lgagliardi/helenclifford/practice_rcc/sharc4/methaniminium/tutorial_reproduction/traj/Singlet_2/TRAJ_00002/restart/MOLCAS.1.JobIph.80', 'JOBOLD']
['rasscf', 1, 4, True, False]
['copy', 'MOLCAS.rasscf.h5', 'MOLCAS.1.rasscf.h5']
['copy', 'MOLCAS.JobIph', 'MOLCAS.1.JobIph']
['copy', '/project/lgagliardi/helenclifford/practice_rcc/sharc4/methaniminium/tutorial_reproduction/traj/Singlet_2/TRAJ_00002/restart/MOLCAS.3.JobIph.80', 'JOBOLD']
['rasscf', 3, 3, True, False]
['copy', 'MOLCAS.rasscf.h5', 'MOLCAS.3.rasscf.h5']
['copy', 'MOLCAS.JobIph', 'MOLCAS.3.JobIph']
['link', 'MOLCAS.1.JobIph', 'JOB001']
['rassi', 'dm', [4]]
['copy', 'MOLCAS.rassi.h5', 'MOLCAS.rassi.1.h5']
['link', 'MOLCAS.3.JobIph', 'JOB001']
['rassi', 'dm', [3]]
['copy', 'MOLCAS.rassi.h5', 'MOLCAS.rassi.3.h5']
['copy', '/project/lgagliardi/helenclifford/practice_rcc/sharc4/methaniminium/tutorial_reproduction/traj/Singlet_2/TRAJ_00002/restart/MOLCAS.1.JobIph.80', 'JOB001']
['link', 'MOLCAS.1.JobIph', 'JOB002']
['rassi', 'overlap', [4, 4]]
['copy', 'MOLCAS.rassi.h5', 'MOLCAS.rassi.ovlp.1.h5']
['copy', '/project/lgagliardi/helenclifford/practice_rcc/sharc4/methaniminium/tutorial_reproduction/traj/Singlet_2/TRAJ_00002/restart/MOLCAS.3.JobIph.80', 'JOB001']
['link', 'MOLCAS.3.JobIph', 'JOB002']
['rassi', 'overlap', [3, 3]]
['copy', 'MOLCAS.rassi.h5', 'MOLCAS.rassi.ovlp.3.h5']
['link', 'MOLCAS.1.JobIph', 'JOB001']
['link', 'MOLCAS.3.JobIph', 'JOB002']
['rassi', 'soc', [4, 3]]
['copy', '$master_path/MOLCAS.1.JobIph', 'JOBOLD']
['rasscf', 1, 4, True, False]
['mclr', 0.0001, 'sala=1']
['alaska']
All jobs finished:
job: master          code: 0    runtime: 0:00:12.288568
job: grad_1_1        code: 0    runtime: 0:00:05.376598

Starting job execution
['gateway']
['seward']
['copy', '/project/lgagliardi/helenclifford/practice_rcc/sharc4/methaniminium/tutorial_reproduction/traj/Singlet_2/TRAJ_00002/restart/MOLCAS.1.JobIph.81', 'JOBOLD']
['rasscf', 1, 4, True, False]
['copy', 'MOLCAS.rasscf.h5', 'MOLCAS.1.rasscf.h5']
['copy', 'MOLCAS.JobIph', 'MOLCAS.1.JobIph']
['copy', '/project/lgagliardi/helenclifford/practice_rcc/sharc4/methaniminium/tutorial_reproduction/traj/Singlet_2/TRAJ_00002/restart/MOLCAS.3.JobIph.81', 'JOBOLD']
['rasscf', 3, 3, True, False]
['copy', 'MOLCAS.rasscf.h5', 'MOLCAS.3.rasscf.h5']
['copy', 'MOLCAS.JobIph', 'MOLCAS.3.JobIph']
['link', 'MOLCAS.1.JobIph', 'JOB001']
['rassi', 'dm', [4]]
['copy', 'MOLCAS.rassi.h5', 'MOLCAS.rassi.1.h5']
['link', 'MOLCAS.3.JobIph', 'JOB001']
['rassi', 'dm', [3]]
['copy', 'MOLCAS.rassi.h5', 'MOLCAS.rassi.3.h5']
['copy', '/project/lgagliardi/helenclifford/practice_rcc/sharc4/methaniminium/tutorial_reproduction/traj/Singlet_2/TRAJ_00002/restart/MOLCAS.1.JobIph.81', 'JOB001']
['link', 'MOLCAS.1.JobIph', 'JOB002']
['rassi', 'overlap', [4, 4]]
['copy', 'MOLCAS.rassi.h5', 'MOLCAS.rassi.ovlp.1.h5']
['copy', '/project/lgagliardi/helenclifford/practice_rcc/sharc4/methaniminium/tutorial_reproduction/traj/Singlet_2/TRAJ_00002/restart/MOLCAS.3.JobIph.81', 'JOB001']
['link', 'MOLCAS.3.JobIph', 'JOB002']
['rassi', 'overlap', [3, 3]]
['copy', 'MOLCAS.rassi.h5', 'MOLCAS.rassi.ovlp.3.h5']
['link', 'MOLCAS.1.JobIph', 'JOB001']
['link', 'MOLCAS.3.JobIph', 'JOB002']
['rassi', 'soc', [4, 3]]
['copy', '$master_path/MOLCAS.1.JobIph', 'JOBOLD']
['rasscf', 1, 4, True, False]
['mclr', 0.0001, 'sala=1']
['alaska']
All jobs finished:
job: master          code: 0    runtime: 0:00:12.396215
job: grad_1_1        code: 0    runtime: 0:00:04.897974

Starting job execution
['gateway']
['seward']
['copy', '/project/lgagliardi/helenclifford/practice_rcc/sharc4/methaniminium/tutorial_reproduction/traj/Singlet_2/TRAJ_00002/restart/MOLCAS.1.JobIph.82', 'JOBOLD']
['rasscf', 1, 4, True, False]
['copy', 'MOLCAS.rasscf.h5', 'MOLCAS.1.rasscf.h5']
['copy', 'MOLCAS.JobIph', 'MOLCAS.1.JobIph']
['copy', '/project/lgagliardi/helenclifford/practice_rcc/sharc4/methaniminium/tutorial_reproduction/traj/Singlet_2/TRAJ_00002/restart/MOLCAS.3.JobIph.82', 'JOBOLD']
['rasscf', 3, 3, True, False]
['copy', 'MOLCAS.rasscf.h5', 'MOLCAS.3.rasscf.h5']
['copy', 'MOLCAS.JobIph', 'MOLCAS.3.JobIph']
['link', 'MOLCAS.1.JobIph', 'JOB001']
['rassi', 'dm', [4]]
['copy', 'MOLCAS.rassi.h5', 'MOLCAS.rassi.1.h5']
['link', 'MOLCAS.3.JobIph', 'JOB001']
['rassi', 'dm', [3]]
['copy', 'MOLCAS.rassi.h5', 'MOLCAS.rassi.3.h5']
['copy', '/project/lgagliardi/helenclifford/practice_rcc/sharc4/methaniminium/tutorial_reproduction/traj/Singlet_2/TRAJ_00002/restart/MOLCAS.1.JobIph.82', 'JOB001']
['link', 'MOLCAS.1.JobIph', 'JOB002']
['rassi', 'overlap', [4, 4]]
['copy', 'MOLCAS.rassi.h5', 'MOLCAS.rassi.ovlp.1.h5']
['copy', '/project/lgagliardi/helenclifford/practice_rcc/sharc4/methaniminium/tutorial_reproduction/traj/Singlet_2/TRAJ_00002/restart/MOLCAS.3.JobIph.82', 'JOB001']
['link', 'MOLCAS.3.JobIph', 'JOB002']
['rassi', 'overlap', [3, 3]]
['copy', 'MOLCAS.rassi.h5', 'MOLCAS.rassi.ovlp.3.h5']
['link', 'MOLCAS.1.JobIph', 'JOB001']
['link', 'MOLCAS.3.JobIph', 'JOB002']
['rassi', 'soc', [4, 3]]
['copy', '$master_path/MOLCAS.1.JobIph', 'JOBOLD']
['rasscf', 1, 4, True, False]
['mclr', 0.0001, 'sala=1']
['alaska']
All jobs finished:
job: master          code: 0    runtime: 0:00:12.034830
job: grad_1_1        code: 0    runtime: 0:00:04.919410

Starting job execution
['gateway']
['seward']
['copy', '/project/lgagliardi/helenclifford/practice_rcc/sharc4/methaniminium/tutorial_reproduction/traj/Singlet_2/TRAJ_00002/restart/MOLCAS.1.JobIph.83', 'JOBOLD']
['rasscf', 1, 4, True, False]
['copy', 'MOLCAS.rasscf.h5', 'MOLCAS.1.rasscf.h5']
['copy', 'MOLCAS.JobIph', 'MOLCAS.1.JobIph']
['copy', '/project/lgagliardi/helenclifford/practice_rcc/sharc4/methaniminium/tutorial_reproduction/traj/Singlet_2/TRAJ_00002/restart/MOLCAS.3.JobIph.83', 'JOBOLD']
['rasscf', 3, 3, True, False]
['copy', 'MOLCAS.rasscf.h5', 'MOLCAS.3.rasscf.h5']
['copy', 'MOLCAS.JobIph', 'MOLCAS.3.JobIph']
['link', 'MOLCAS.1.JobIph', 'JOB001']
['rassi', 'dm', [4]]
['copy', 'MOLCAS.rassi.h5', 'MOLCAS.rassi.1.h5']
['link', 'MOLCAS.3.JobIph', 'JOB001']
['rassi', 'dm', [3]]
['copy', 'MOLCAS.rassi.h5', 'MOLCAS.rassi.3.h5']
['copy', '/project/lgagliardi/helenclifford/practice_rcc/sharc4/methaniminium/tutorial_reproduction/traj/Singlet_2/TRAJ_00002/restart/MOLCAS.1.JobIph.83', 'JOB001']
['link', 'MOLCAS.1.JobIph', 'JOB002']
['rassi', 'overlap', [4, 4]]
['copy', 'MOLCAS.rassi.h5', 'MOLCAS.rassi.ovlp.1.h5']
['copy', '/project/lgagliardi/helenclifford/practice_rcc/sharc4/methaniminium/tutorial_reproduction/traj/Singlet_2/TRAJ_00002/restart/MOLCAS.3.JobIph.83', 'JOB001']
['link', 'MOLCAS.3.JobIph', 'JOB002']
['rassi', 'overlap', [3, 3]]
['copy', 'MOLCAS.rassi.h5', 'MOLCAS.rassi.ovlp.3.h5']
['link', 'MOLCAS.1.JobIph', 'JOB001']
['link', 'MOLCAS.3.JobIph', 'JOB002']
['rassi', 'soc', [4, 3]]
['copy', '$master_path/MOLCAS.1.JobIph', 'JOBOLD']
['rasscf', 1, 4, True, False]
['mclr', 0.0001, 'sala=1']
['alaska']
All jobs finished:
job: master          code: 0    runtime: 0:00:11.766421
job: grad_1_1        code: 0    runtime: 0:00:05.078018

Starting job execution
['gateway']
['seward']
['copy', '/project/lgagliardi/helenclifford/practice_rcc/sharc4/methaniminium/tutorial_reproduction/traj/Singlet_2/TRAJ_00002/restart/MOLCAS.1.JobIph.84', 'JOBOLD']
['rasscf', 1, 4, True, False]
['copy', 'MOLCAS.rasscf.h5', 'MOLCAS.1.rasscf.h5']
['copy', 'MOLCAS.JobIph', 'MOLCAS.1.JobIph']
['copy', '/project/lgagliardi/helenclifford/practice_rcc/sharc4/methaniminium/tutorial_reproduction/traj/Singlet_2/TRAJ_00002/restart/MOLCAS.3.JobIph.84', 'JOBOLD']
['rasscf', 3, 3, True, False]
['copy', 'MOLCAS.rasscf.h5', 'MOLCAS.3.rasscf.h5']
['copy', 'MOLCAS.JobIph', 'MOLCAS.3.JobIph']
['link', 'MOLCAS.1.JobIph', 'JOB001']
['rassi', 'dm', [4]]
['copy', 'MOLCAS.rassi.h5', 'MOLCAS.rassi.1.h5']
['link', 'MOLCAS.3.JobIph', 'JOB001']
['rassi', 'dm', [3]]
['copy', 'MOLCAS.rassi.h5', 'MOLCAS.rassi.3.h5']
['copy', '/project/lgagliardi/helenclifford/practice_rcc/sharc4/methaniminium/tutorial_reproduction/traj/Singlet_2/TRAJ_00002/restart/MOLCAS.1.JobIph.84', 'JOB001']
['link', 'MOLCAS.1.JobIph', 'JOB002']
['rassi', 'overlap', [4, 4]]
['copy', 'MOLCAS.rassi.h5', 'MOLCAS.rassi.ovlp.1.h5']
['copy', '/project/lgagliardi/helenclifford/practice_rcc/sharc4/methaniminium/tutorial_reproduction/traj/Singlet_2/TRAJ_00002/restart/MOLCAS.3.JobIph.84', 'JOB001']
['link', 'MOLCAS.3.JobIph', 'JOB002']
['rassi', 'overlap', [3, 3]]
['copy', 'MOLCAS.rassi.h5', 'MOLCAS.rassi.ovlp.3.h5']
['link', 'MOLCAS.1.JobIph', 'JOB001']
['link', 'MOLCAS.3.JobIph', 'JOB002']
['rassi', 'soc', [4, 3]]
['copy', '$master_path/MOLCAS.1.JobIph', 'JOBOLD']
['rasscf', 1, 4, True, False]
['mclr', 0.0001, 'sala=1']
['alaska']
All jobs finished:
job: master          code: 0    runtime: 0:00:12.151921
job: grad_1_1        code: 0    runtime: 0:00:04.904684

Starting job execution
['gateway']
['seward']
['copy', '/project/lgagliardi/helenclifford/practice_rcc/sharc4/methaniminium/tutorial_reproduction/traj/Singlet_2/TRAJ_00002/restart/MOLCAS.1.JobIph.85', 'JOBOLD']
['rasscf', 1, 4, True, False]
['copy', 'MOLCAS.rasscf.h5', 'MOLCAS.1.rasscf.h5']
['copy', 'MOLCAS.JobIph', 'MOLCAS.1.JobIph']
['copy', '/project/lgagliardi/helenclifford/practice_rcc/sharc4/methaniminium/tutorial_reproduction/traj/Singlet_2/TRAJ_00002/restart/MOLCAS.3.JobIph.85', 'JOBOLD']
['rasscf', 3, 3, True, False]
['copy', 'MOLCAS.rasscf.h5', 'MOLCAS.3.rasscf.h5']
['copy', 'MOLCAS.JobIph', 'MOLCAS.3.JobIph']
['link', 'MOLCAS.1.JobIph', 'JOB001']
['rassi', 'dm', [4]]
['copy', 'MOLCAS.rassi.h5', 'MOLCAS.rassi.1.h5']
['link', 'MOLCAS.3.JobIph', 'JOB001']
['rassi', 'dm', [3]]
['copy', 'MOLCAS.rassi.h5', 'MOLCAS.rassi.3.h5']
['copy', '/project/lgagliardi/helenclifford/practice_rcc/sharc4/methaniminium/tutorial_reproduction/traj/Singlet_2/TRAJ_00002/restart/MOLCAS.1.JobIph.84', 'JOB001']
['link', 'MOLCAS.1.JobIph', 'JOB002']
['rassi', 'overlap', [4, 4]]
['copy', 'MOLCAS.rassi.h5', 'MOLCAS.rassi.ovlp.1.h5']
['copy', '/project/lgagliardi/helenclifford/practice_rcc/sharc4/methaniminium/tutorial_reproduction/traj/Singlet_2/TRAJ_00002/restart/MOLCAS.3.JobIph.84', 'JOB001']
['link', 'MOLCAS.3.JobIph', 'JOB002']
['rassi', 'overlap', [3, 3]]
['copy', 'MOLCAS.rassi.h5', 'MOLCAS.rassi.ovlp.3.h5']
['link', 'MOLCAS.1.JobIph', 'JOB001']
['link', 'MOLCAS.3.JobIph', 'JOB002']
['rassi', 'soc', [4, 3]]
['copy', '$master_path/MOLCAS.3.JobIph', 'JOBOLD']
['rasscf', 3, 3, True, False]
['mclr', 0.0001, 'sala=1']
['alaska']
['copy', '$master_path/MOLCAS.1.JobIph', 'JOBOLD']
['rasscf', 1, 4, True, False]
['mclr', 0.0001, 'sala=1']
['alaska']
All jobs finished:
job: master          code: 0    runtime: 0:00:10.341725
job: grad_3_1        code: 0    runtime: 0:00:05.184968
job: grad_1_1        code: 0    runtime: 0:00:05.671581

Starting job execution
['gateway']
['seward']
['copy', '/project/lgagliardi/helenclifford/practice_rcc/sharc4/methaniminium/tutorial_reproduction/traj/Singlet_2/TRAJ_00002/restart/MOLCAS.1.JobIph.85', 'JOBOLD']
['rasscf', 1, 4, True, False]
['copy', 'MOLCAS.rasscf.h5', 'MOLCAS.1.rasscf.h5']
['copy', 'MOLCAS.JobIph', 'MOLCAS.1.JobIph']
['copy', '/project/lgagliardi/helenclifford/practice_rcc/sharc4/methaniminium/tutorial_reproduction/traj/Singlet_2/TRAJ_00002/restart/MOLCAS.3.JobIph.85', 'JOBOLD']
['rasscf', 3, 3, True, False]
['copy', 'MOLCAS.rasscf.h5', 'MOLCAS.3.rasscf.h5']
['copy', 'MOLCAS.JobIph', 'MOLCAS.3.JobIph']
['link', 'MOLCAS.1.JobIph', 'JOB001']
['rassi', 'dm', [4]]
['copy', 'MOLCAS.rassi.h5', 'MOLCAS.rassi.1.h5']
['link', 'MOLCAS.3.JobIph', 'JOB001']
['rassi', 'dm', [3]]
['copy', 'MOLCAS.rassi.h5', 'MOLCAS.rassi.3.h5']
['copy', '/project/lgagliardi/helenclifford/practice_rcc/sharc4/methaniminium/tutorial_reproduction/traj/Singlet_2/TRAJ_00002/restart/MOLCAS.1.JobIph.85', 'JOB001']
['link', 'MOLCAS.1.JobIph', 'JOB002']
['rassi', 'overlap', [4, 4]]
['copy', 'MOLCAS.rassi.h5', 'MOLCAS.rassi.ovlp.1.h5']
['copy', '/project/lgagliardi/helenclifford/practice_rcc/sharc4/methaniminium/tutorial_reproduction/traj/Singlet_2/TRAJ_00002/restart/MOLCAS.3.JobIph.85', 'JOB001']
['link', 'MOLCAS.3.JobIph', 'JOB002']
['rassi', 'overlap', [3, 3]]
['copy', 'MOLCAS.rassi.h5', 'MOLCAS.rassi.ovlp.3.h5']
['link', 'MOLCAS.1.JobIph', 'JOB001']
['link', 'MOLCAS.3.JobIph', 'JOB002']
['rassi', 'soc', [4, 3]]
['copy', '$master_path/MOLCAS.3.JobIph', 'JOBOLD']
['rasscf', 3, 3, True, False]
['mclr', 0.0001, 'sala=1']
['alaska']
['copy', '$master_path/MOLCAS.1.JobIph', 'JOBOLD']
['rasscf', 1, 4, True, False]
['mclr', 0.0001, 'sala=1']
['alaska']
All jobs finished:
job: master          code: 0    runtime: 0:00:12.548695
job: grad_3_1        code: 0    runtime: 0:00:04.734300
job: grad_1_1        code: 0    runtime: 0:00:05.159849

Starting job execution
['gateway']
['seward']
['copy', '/project/lgagliardi/helenclifford/practice_rcc/sharc4/methaniminium/tutorial_reproduction/traj/Singlet_2/TRAJ_00002/restart/MOLCAS.1.JobIph.86', 'JOBOLD']
['rasscf', 1, 4, True, False]
['copy', 'MOLCAS.rasscf.h5', 'MOLCAS.1.rasscf.h5']
['copy', 'MOLCAS.JobIph', 'MOLCAS.1.JobIph']
['copy', '/project/lgagliardi/helenclifford/practice_rcc/sharc4/methaniminium/tutorial_reproduction/traj/Singlet_2/TRAJ_00002/restart/MOLCAS.3.JobIph.86', 'JOBOLD']
['rasscf', 3, 3, True, False]
['copy', 'MOLCAS.rasscf.h5', 'MOLCAS.3.rasscf.h5']
['copy', 'MOLCAS.JobIph', 'MOLCAS.3.JobIph']
['link', 'MOLCAS.1.JobIph', 'JOB001']
['rassi', 'dm', [4]]
['copy', 'MOLCAS.rassi.h5', 'MOLCAS.rassi.1.h5']
['link', 'MOLCAS.3.JobIph', 'JOB001']
['rassi', 'dm', [3]]
['copy', 'MOLCAS.rassi.h5', 'MOLCAS.rassi.3.h5']
['copy', '/project/lgagliardi/helenclifford/practice_rcc/sharc4/methaniminium/tutorial_reproduction/traj/Singlet_2/TRAJ_00002/restart/MOLCAS.1.JobIph.86', 'JOB001']
['link', 'MOLCAS.1.JobIph', 'JOB002']
['rassi', 'overlap', [4, 4]]
['copy', 'MOLCAS.rassi.h5', 'MOLCAS.rassi.ovlp.1.h5']
['copy', '/project/lgagliardi/helenclifford/practice_rcc/sharc4/methaniminium/tutorial_reproduction/traj/Singlet_2/TRAJ_00002/restart/MOLCAS.3.JobIph.86', 'JOB001']
['link', 'MOLCAS.3.JobIph', 'JOB002']
['rassi', 'overlap', [3, 3]]
['copy', 'MOLCAS.rassi.h5', 'MOLCAS.rassi.ovlp.3.h5']
['link', 'MOLCAS.1.JobIph', 'JOB001']
['link', 'MOLCAS.3.JobIph', 'JOB002']
['rassi', 'soc', [4, 3]]
['copy', '$master_path/MOLCAS.1.JobIph', 'JOBOLD']
['rasscf', 1, 4, True, False]
['mclr', 0.0001, 'sala=1']
['alaska']
All jobs finished:
job: master          code: 0    runtime: 0:00:11.817484
job: grad_1_1        code: 0    runtime: 0:00:04.773426

Starting job execution
['gateway']
['seward']
['copy', '/project/lgagliardi/helenclifford/practice_rcc/sharc4/methaniminium/tutorial_reproduction/traj/Singlet_2/TRAJ_00002/restart/MOLCAS.1.JobIph.87', 'JOBOLD']
['rasscf', 1, 4, True, False]
['copy', 'MOLCAS.rasscf.h5', 'MOLCAS.1.rasscf.h5']
['copy', 'MOLCAS.JobIph', 'MOLCAS.1.JobIph']
['copy', '/project/lgagliardi/helenclifford/practice_rcc/sharc4/methaniminium/tutorial_reproduction/traj/Singlet_2/TRAJ_00002/restart/MOLCAS.3.JobIph.87', 'JOBOLD']
['rasscf', 3, 3, True, False]
['copy', 'MOLCAS.rasscf.h5', 'MOLCAS.3.rasscf.h5']
['copy', 'MOLCAS.JobIph', 'MOLCAS.3.JobIph']
['link', 'MOLCAS.1.JobIph', 'JOB001']
['rassi', 'dm', [4]]
['copy', 'MOLCAS.rassi.h5', 'MOLCAS.rassi.1.h5']
['link', 'MOLCAS.3.JobIph', 'JOB001']
['rassi', 'dm', [3]]
['copy', 'MOLCAS.rassi.h5', 'MOLCAS.rassi.3.h5']
['copy', '/project/lgagliardi/helenclifford/practice_rcc/sharc4/methaniminium/tutorial_reproduction/traj/Singlet_2/TRAJ_00002/restart/MOLCAS.1.JobIph.87', 'JOB001']
['link', 'MOLCAS.1.JobIph', 'JOB002']
['rassi', 'overlap', [4, 4]]
['copy', 'MOLCAS.rassi.h5', 'MOLCAS.rassi.ovlp.1.h5']
['copy', '/project/lgagliardi/helenclifford/practice_rcc/sharc4/methaniminium/tutorial_reproduction/traj/Singlet_2/TRAJ_00002/restart/MOLCAS.3.JobIph.87', 'JOB001']
['link', 'MOLCAS.3.JobIph', 'JOB002']
['rassi', 'overlap', [3, 3]]
['copy', 'MOLCAS.rassi.h5', 'MOLCAS.rassi.ovlp.3.h5']
['link', 'MOLCAS.1.JobIph', 'JOB001']
['link', 'MOLCAS.3.JobIph', 'JOB002']
['rassi', 'soc', [4, 3]]
['copy', '$master_path/MOLCAS.1.JobIph', 'JOBOLD']
['rasscf', 1, 4, True, False]
['mclr', 0.0001, 'sala=1']
['alaska']
All jobs finished:
job: master          code: 0    runtime: 0:00:11.544625
job: grad_1_1        code: 0    runtime: 0:00:05.437643

Starting job execution
['gateway']
['seward']
['copy', '/project/lgagliardi/helenclifford/practice_rcc/sharc4/methaniminium/tutorial_reproduction/traj/Singlet_2/TRAJ_00002/restart/MOLCAS.1.JobIph.88', 'JOBOLD']
['rasscf', 1, 4, True, False]
['copy', 'MOLCAS.rasscf.h5', 'MOLCAS.1.rasscf.h5']
['copy', 'MOLCAS.JobIph', 'MOLCAS.1.JobIph']
['copy', '/project/lgagliardi/helenclifford/practice_rcc/sharc4/methaniminium/tutorial_reproduction/traj/Singlet_2/TRAJ_00002/restart/MOLCAS.3.JobIph.88', 'JOBOLD']
['rasscf', 3, 3, True, False]
['copy', 'MOLCAS.rasscf.h5', 'MOLCAS.3.rasscf.h5']
['copy', 'MOLCAS.JobIph', 'MOLCAS.3.JobIph']
['link', 'MOLCAS.1.JobIph', 'JOB001']
['rassi', 'dm', [4]]
['copy', 'MOLCAS.rassi.h5', 'MOLCAS.rassi.1.h5']
['link', 'MOLCAS.3.JobIph', 'JOB001']
['rassi', 'dm', [3]]
['copy', 'MOLCAS.rassi.h5', 'MOLCAS.rassi.3.h5']
['copy', '/project/lgagliardi/helenclifford/practice_rcc/sharc4/methaniminium/tutorial_reproduction/traj/Singlet_2/TRAJ_00002/restart/MOLCAS.1.JobIph.88', 'JOB001']
['link', 'MOLCAS.1.JobIph', 'JOB002']
['rassi', 'overlap', [4, 4]]
['copy', 'MOLCAS.rassi.h5', 'MOLCAS.rassi.ovlp.1.h5']
['copy', '/project/lgagliardi/helenclifford/practice_rcc/sharc4/methaniminium/tutorial_reproduction/traj/Singlet_2/TRAJ_00002/restart/MOLCAS.3.JobIph.88', 'JOB001']
['link', 'MOLCAS.3.JobIph', 'JOB002']
['rassi', 'overlap', [3, 3]]
['copy', 'MOLCAS.rassi.h5', 'MOLCAS.rassi.ovlp.3.h5']
['link', 'MOLCAS.1.JobIph', 'JOB001']
['link', 'MOLCAS.3.JobIph', 'JOB002']
['rassi', 'soc', [4, 3]]
['copy', '$master_path/MOLCAS.1.JobIph', 'JOBOLD']
['rasscf', 1, 4, True, False]
['mclr', 0.0001, 'sala=1']
['alaska']
All jobs finished:
job: master          code: 0    runtime: 0:00:12.346405
job: grad_1_1        code: 0    runtime: 0:00:05.092266

Starting job execution
['gateway']
['seward']
['copy', '/project/lgagliardi/helenclifford/practice_rcc/sharc4/methaniminium/tutorial_reproduction/traj/Singlet_2/TRAJ_00002/restart/MOLCAS.1.JobIph.89', 'JOBOLD']
['rasscf', 1, 4, True, False]
['copy', 'MOLCAS.rasscf.h5', 'MOLCAS.1.rasscf.h5']
['copy', 'MOLCAS.JobIph', 'MOLCAS.1.JobIph']
['copy', '/project/lgagliardi/helenclifford/practice_rcc/sharc4/methaniminium/tutorial_reproduction/traj/Singlet_2/TRAJ_00002/restart/MOLCAS.3.JobIph.89', 'JOBOLD']
['rasscf', 3, 3, True, False]
['copy', 'MOLCAS.rasscf.h5', 'MOLCAS.3.rasscf.h5']
['copy', 'MOLCAS.JobIph', 'MOLCAS.3.JobIph']
['link', 'MOLCAS.1.JobIph', 'JOB001']
['rassi', 'dm', [4]]
['copy', 'MOLCAS.rassi.h5', 'MOLCAS.rassi.1.h5']
['link', 'MOLCAS.3.JobIph', 'JOB001']
['rassi', 'dm', [3]]
['copy', 'MOLCAS.rassi.h5', 'MOLCAS.rassi.3.h5']
['copy', '/project/lgagliardi/helenclifford/practice_rcc/sharc4/methaniminium/tutorial_reproduction/traj/Singlet_2/TRAJ_00002/restart/MOLCAS.1.JobIph.89', 'JOB001']
['link', 'MOLCAS.1.JobIph', 'JOB002']
['rassi', 'overlap', [4, 4]]
['copy', 'MOLCAS.rassi.h5', 'MOLCAS.rassi.ovlp.1.h5']
['copy', '/project/lgagliardi/helenclifford/practice_rcc/sharc4/methaniminium/tutorial_reproduction/traj/Singlet_2/TRAJ_00002/restart/MOLCAS.3.JobIph.89', 'JOB001']
['link', 'MOLCAS.3.JobIph', 'JOB002']
['rassi', 'overlap', [3, 3]]
['copy', 'MOLCAS.rassi.h5', 'MOLCAS.rassi.ovlp.3.h5']
['link', 'MOLCAS.1.JobIph', 'JOB001']
['link', 'MOLCAS.3.JobIph', 'JOB002']
['rassi', 'soc', [4, 3]]
['copy', '$master_path/MOLCAS.1.JobIph', 'JOBOLD']
['rasscf', 1, 4, True, False]
['mclr', 0.0001, 'sala=1']
['alaska']
All jobs finished:
job: master          code: 0    runtime: 0:00:12.073676
job: grad_1_1        code: 0    runtime: 0:00:04.984746

Starting job execution
['gateway']
['seward']
['copy', '/project/lgagliardi/helenclifford/practice_rcc/sharc4/methaniminium/tutorial_reproduction/traj/Singlet_2/TRAJ_00002/restart/MOLCAS.1.JobIph.90', 'JOBOLD']
['rasscf', 1, 4, True, False]
['copy', 'MOLCAS.rasscf.h5', 'MOLCAS.1.rasscf.h5']
['copy', 'MOLCAS.JobIph', 'MOLCAS.1.JobIph']
['copy', '/project/lgagliardi/helenclifford/practice_rcc/sharc4/methaniminium/tutorial_reproduction/traj/Singlet_2/TRAJ_00002/restart/MOLCAS.3.JobIph.90', 'JOBOLD']
['rasscf', 3, 3, True, False]
['copy', 'MOLCAS.rasscf.h5', 'MOLCAS.3.rasscf.h5']
['copy', 'MOLCAS.JobIph', 'MOLCAS.3.JobIph']
['link', 'MOLCAS.1.JobIph', 'JOB001']
['rassi', 'dm', [4]]
['copy', 'MOLCAS.rassi.h5', 'MOLCAS.rassi.1.h5']
['link', 'MOLCAS.3.JobIph', 'JOB001']
['rassi', 'dm', [3]]
['copy', 'MOLCAS.rassi.h5', 'MOLCAS.rassi.3.h5']
['copy', '/project/lgagliardi/helenclifford/practice_rcc/sharc4/methaniminium/tutorial_reproduction/traj/Singlet_2/TRAJ_00002/restart/MOLCAS.1.JobIph.90', 'JOB001']
['link', 'MOLCAS.1.JobIph', 'JOB002']
['rassi', 'overlap', [4, 4]]
['copy', 'MOLCAS.rassi.h5', 'MOLCAS.rassi.ovlp.1.h5']
['copy', '/project/lgagliardi/helenclifford/practice_rcc/sharc4/methaniminium/tutorial_reproduction/traj/Singlet_2/TRAJ_00002/restart/MOLCAS.3.JobIph.90', 'JOB001']
['link', 'MOLCAS.3.JobIph', 'JOB002']
['rassi', 'overlap', [3, 3]]
['copy', 'MOLCAS.rassi.h5', 'MOLCAS.rassi.ovlp.3.h5']
['link', 'MOLCAS.1.JobIph', 'JOB001']
['link', 'MOLCAS.3.JobIph', 'JOB002']
['rassi', 'soc', [4, 3]]
['copy', '$master_path/MOLCAS.1.JobIph', 'JOBOLD']
['rasscf', 1, 4, True, False]
['mclr', 0.0001, 'sala=1']
['alaska']
All jobs finished:
job: master          code: 0    runtime: 0:00:11.565013
job: grad_1_1        code: 0    runtime: 0:00:05.571909

Starting job execution
['gateway']
['seward']
['copy', '/project/lgagliardi/helenclifford/practice_rcc/sharc4/methaniminium/tutorial_reproduction/traj/Singlet_2/TRAJ_00002/restart/MOLCAS.1.JobIph.91', 'JOBOLD']
['rasscf', 1, 4, True, False]
['copy', 'MOLCAS.rasscf.h5', 'MOLCAS.1.rasscf.h5']
['copy', 'MOLCAS.JobIph', 'MOLCAS.1.JobIph']
['copy', '/project/lgagliardi/helenclifford/practice_rcc/sharc4/methaniminium/tutorial_reproduction/traj/Singlet_2/TRAJ_00002/restart/MOLCAS.3.JobIph.91', 'JOBOLD']
['rasscf', 3, 3, True, False]
['copy', 'MOLCAS.rasscf.h5', 'MOLCAS.3.rasscf.h5']
['copy', 'MOLCAS.JobIph', 'MOLCAS.3.JobIph']
['link', 'MOLCAS.1.JobIph', 'JOB001']
['rassi', 'dm', [4]]
['copy', 'MOLCAS.rassi.h5', 'MOLCAS.rassi.1.h5']
['link', 'MOLCAS.3.JobIph', 'JOB001']
['rassi', 'dm', [3]]
['copy', 'MOLCAS.rassi.h5', 'MOLCAS.rassi.3.h5']
['copy', '/project/lgagliardi/helenclifford/practice_rcc/sharc4/methaniminium/tutorial_reproduction/traj/Singlet_2/TRAJ_00002/restart/MOLCAS.1.JobIph.91', 'JOB001']
['link', 'MOLCAS.1.JobIph', 'JOB002']
['rassi', 'overlap', [4, 4]]
['copy', 'MOLCAS.rassi.h5', 'MOLCAS.rassi.ovlp.1.h5']
['copy', '/project/lgagliardi/helenclifford/practice_rcc/sharc4/methaniminium/tutorial_reproduction/traj/Singlet_2/TRAJ_00002/restart/MOLCAS.3.JobIph.91', 'JOB001']
['link', 'MOLCAS.3.JobIph', 'JOB002']
['rassi', 'overlap', [3, 3]]
['copy', 'MOLCAS.rassi.h5', 'MOLCAS.rassi.ovlp.3.h5']
['link', 'MOLCAS.1.JobIph', 'JOB001']
['link', 'MOLCAS.3.JobIph', 'JOB002']
['rassi', 'soc', [4, 3]]
['copy', '$master_path/MOLCAS.1.JobIph', 'JOBOLD']
['rasscf', 1, 4, True, False]
['mclr', 0.0001, 'sala=1']
['alaska']
All jobs finished:
job: master          code: 0    runtime: 0:00:11.985019
job: grad_1_1        code: 0    runtime: 0:00:05.148635

Starting job execution
['gateway']
['seward']
['copy', '/project/lgagliardi/helenclifford/practice_rcc/sharc4/methaniminium/tutorial_reproduction/traj/Singlet_2/TRAJ_00002/restart/MOLCAS.1.JobIph.92', 'JOBOLD']
['rasscf', 1, 4, True, False]
['copy', 'MOLCAS.rasscf.h5', 'MOLCAS.1.rasscf.h5']
['copy', 'MOLCAS.JobIph', 'MOLCAS.1.JobIph']
['copy', '/project/lgagliardi/helenclifford/practice_rcc/sharc4/methaniminium/tutorial_reproduction/traj/Singlet_2/TRAJ_00002/restart/MOLCAS.3.JobIph.92', 'JOBOLD']
['rasscf', 3, 3, True, False]
['copy', 'MOLCAS.rasscf.h5', 'MOLCAS.3.rasscf.h5']
['copy', 'MOLCAS.JobIph', 'MOLCAS.3.JobIph']
['link', 'MOLCAS.1.JobIph', 'JOB001']
['rassi', 'dm', [4]]
['copy', 'MOLCAS.rassi.h5', 'MOLCAS.rassi.1.h5']
['link', 'MOLCAS.3.JobIph', 'JOB001']
['rassi', 'dm', [3]]
['copy', 'MOLCAS.rassi.h5', 'MOLCAS.rassi.3.h5']
['copy', '/project/lgagliardi/helenclifford/practice_rcc/sharc4/methaniminium/tutorial_reproduction/traj/Singlet_2/TRAJ_00002/restart/MOLCAS.1.JobIph.92', 'JOB001']
['link', 'MOLCAS.1.JobIph', 'JOB002']
['rassi', 'overlap', [4, 4]]
['copy', 'MOLCAS.rassi.h5', 'MOLCAS.rassi.ovlp.1.h5']
['copy', '/project/lgagliardi/helenclifford/practice_rcc/sharc4/methaniminium/tutorial_reproduction/traj/Singlet_2/TRAJ_00002/restart/MOLCAS.3.JobIph.92', 'JOB001']
['link', 'MOLCAS.3.JobIph', 'JOB002']
['rassi', 'overlap', [3, 3]]
['copy', 'MOLCAS.rassi.h5', 'MOLCAS.rassi.ovlp.3.h5']
['link', 'MOLCAS.1.JobIph', 'JOB001']
['link', 'MOLCAS.3.JobIph', 'JOB002']
['rassi', 'soc', [4, 3]]
['copy', '$master_path/MOLCAS.1.JobIph', 'JOBOLD']
['rasscf', 1, 4, True, False]
['mclr', 0.0001, 'sala=1']
['alaska']
All jobs finished:
job: master          code: 0    runtime: 0:00:12.033323
job: grad_1_1        code: 0    runtime: 0:00:05.275215

Starting job execution
['gateway']
['seward']
['copy', '/project/lgagliardi/helenclifford/practice_rcc/sharc4/methaniminium/tutorial_reproduction/traj/Singlet_2/TRAJ_00002/restart/MOLCAS.1.JobIph.93', 'JOBOLD']
['rasscf', 1, 4, True, False]
['copy', 'MOLCAS.rasscf.h5', 'MOLCAS.1.rasscf.h5']
['copy', 'MOLCAS.JobIph', 'MOLCAS.1.JobIph']
['copy', '/project/lgagliardi/helenclifford/practice_rcc/sharc4/methaniminium/tutorial_reproduction/traj/Singlet_2/TRAJ_00002/restart/MOLCAS.3.JobIph.93', 'JOBOLD']
['rasscf', 3, 3, True, False]
['copy', 'MOLCAS.rasscf.h5', 'MOLCAS.3.rasscf.h5']
['copy', 'MOLCAS.JobIph', 'MOLCAS.3.JobIph']
['link', 'MOLCAS.1.JobIph', 'JOB001']
['rassi', 'dm', [4]]
['copy', 'MOLCAS.rassi.h5', 'MOLCAS.rassi.1.h5']
['link', 'MOLCAS.3.JobIph', 'JOB001']
['rassi', 'dm', [3]]
['copy', 'MOLCAS.rassi.h5', 'MOLCAS.rassi.3.h5']
['copy', '/project/lgagliardi/helenclifford/practice_rcc/sharc4/methaniminium/tutorial_reproduction/traj/Singlet_2/TRAJ_00002/restart/MOLCAS.1.JobIph.93', 'JOB001']
['link', 'MOLCAS.1.JobIph', 'JOB002']
['rassi', 'overlap', [4, 4]]
['copy', 'MOLCAS.rassi.h5', 'MOLCAS.rassi.ovlp.1.h5']
['copy', '/project/lgagliardi/helenclifford/practice_rcc/sharc4/methaniminium/tutorial_reproduction/traj/Singlet_2/TRAJ_00002/restart/MOLCAS.3.JobIph.93', 'JOB001']
['link', 'MOLCAS.3.JobIph', 'JOB002']
['rassi', 'overlap', [3, 3]]
['copy', 'MOLCAS.rassi.h5', 'MOLCAS.rassi.ovlp.3.h5']
['link', 'MOLCAS.1.JobIph', 'JOB001']
['link', 'MOLCAS.3.JobIph', 'JOB002']
['rassi', 'soc', [4, 3]]
['copy', '$master_path/MOLCAS.1.JobIph', 'JOBOLD']
['rasscf', 1, 4, True, False]
['mclr', 0.0001, 'sala=1']
['alaska']
All jobs finished:
job: master          code: 0    runtime: 0:00:12.027419
job: grad_1_1        code: 0    runtime: 0:00:07.431751

Starting job execution
['gateway']
['seward']
['copy', '/project/lgagliardi/helenclifford/practice_rcc/sharc4/methaniminium/tutorial_reproduction/traj/Singlet_2/TRAJ_00002/restart/MOLCAS.1.JobIph.94', 'JOBOLD']
['rasscf', 1, 4, True, False]
['copy', 'MOLCAS.rasscf.h5', 'MOLCAS.1.rasscf.h5']
['copy', 'MOLCAS.JobIph', 'MOLCAS.1.JobIph']
['copy', '/project/lgagliardi/helenclifford/practice_rcc/sharc4/methaniminium/tutorial_reproduction/traj/Singlet_2/TRAJ_00002/restart/MOLCAS.3.JobIph.94', 'JOBOLD']
['rasscf', 3, 3, True, False]
['copy', 'MOLCAS.rasscf.h5', 'MOLCAS.3.rasscf.h5']
['copy', 'MOLCAS.JobIph', 'MOLCAS.3.JobIph']
['link', 'MOLCAS.1.JobIph', 'JOB001']
['rassi', 'dm', [4]]
['copy', 'MOLCAS.rassi.h5', 'MOLCAS.rassi.1.h5']
['link', 'MOLCAS.3.JobIph', 'JOB001']
['rassi', 'dm', [3]]
['copy', 'MOLCAS.rassi.h5', 'MOLCAS.rassi.3.h5']
['copy', '/project/lgagliardi/helenclifford/practice_rcc/sharc4/methaniminium/tutorial_reproduction/traj/Singlet_2/TRAJ_00002/restart/MOLCAS.1.JobIph.94', 'JOB001']
['link', 'MOLCAS.1.JobIph', 'JOB002']
['rassi', 'overlap', [4, 4]]
['copy', 'MOLCAS.rassi.h5', 'MOLCAS.rassi.ovlp.1.h5']
['copy', '/project/lgagliardi/helenclifford/practice_rcc/sharc4/methaniminium/tutorial_reproduction/traj/Singlet_2/TRAJ_00002/restart/MOLCAS.3.JobIph.94', 'JOB001']
['link', 'MOLCAS.3.JobIph', 'JOB002']
['rassi', 'overlap', [3, 3]]
['copy', 'MOLCAS.rassi.h5', 'MOLCAS.rassi.ovlp.3.h5']
['link', 'MOLCAS.1.JobIph', 'JOB001']
['link', 'MOLCAS.3.JobIph', 'JOB002']
['rassi', 'soc', [4, 3]]
['copy', '$master_path/MOLCAS.1.JobIph', 'JOBOLD']
['rasscf', 1, 4, True, False]
['mclr', 0.0001, 'sala=1']
['alaska']
All jobs finished:
job: master          code: 0    runtime: 0:00:11.878773
job: grad_1_1        code: 0    runtime: 0:00:05.104236

Starting job execution
['gateway']
['seward']
['copy', '/project/lgagliardi/helenclifford/practice_rcc/sharc4/methaniminium/tutorial_reproduction/traj/Singlet_2/TRAJ_00002/restart/MOLCAS.1.JobIph.95', 'JOBOLD']
['rasscf', 1, 4, True, False]
['copy', 'MOLCAS.rasscf.h5', 'MOLCAS.1.rasscf.h5']
['copy', 'MOLCAS.JobIph', 'MOLCAS.1.JobIph']
['copy', '/project/lgagliardi/helenclifford/practice_rcc/sharc4/methaniminium/tutorial_reproduction/traj/Singlet_2/TRAJ_00002/restart/MOLCAS.3.JobIph.95', 'JOBOLD']
['rasscf', 3, 3, True, False]
['copy', 'MOLCAS.rasscf.h5', 'MOLCAS.3.rasscf.h5']
['copy', 'MOLCAS.JobIph', 'MOLCAS.3.JobIph']
['link', 'MOLCAS.1.JobIph', 'JOB001']
['rassi', 'dm', [4]]
['copy', 'MOLCAS.rassi.h5', 'MOLCAS.rassi.1.h5']
['link', 'MOLCAS.3.JobIph', 'JOB001']
['rassi', 'dm', [3]]
['copy', 'MOLCAS.rassi.h5', 'MOLCAS.rassi.3.h5']
['copy', '/project/lgagliardi/helenclifford/practice_rcc/sharc4/methaniminium/tutorial_reproduction/traj/Singlet_2/TRAJ_00002/restart/MOLCAS.1.JobIph.95', 'JOB001']
['link', 'MOLCAS.1.JobIph', 'JOB002']
['rassi', 'overlap', [4, 4]]
['copy', 'MOLCAS.rassi.h5', 'MOLCAS.rassi.ovlp.1.h5']
['copy', '/project/lgagliardi/helenclifford/practice_rcc/sharc4/methaniminium/tutorial_reproduction/traj/Singlet_2/TRAJ_00002/restart/MOLCAS.3.JobIph.95', 'JOB001']
['link', 'MOLCAS.3.JobIph', 'JOB002']
['rassi', 'overlap', [3, 3]]
['copy', 'MOLCAS.rassi.h5', 'MOLCAS.rassi.ovlp.3.h5']
['link', 'MOLCAS.1.JobIph', 'JOB001']
['link', 'MOLCAS.3.JobIph', 'JOB002']
['rassi', 'soc', [4, 3]]
['copy', '$master_path/MOLCAS.1.JobIph', 'JOBOLD']
['rasscf', 1, 4, True, False]
['mclr', 0.0001, 'sala=1']
['alaska']
All jobs finished:
job: master          code: 0    runtime: 0:00:12.283994
job: grad_1_1        code: 0    runtime: 0:00:04.909001

Starting job execution
['gateway']
['seward']
['copy', '/project/lgagliardi/helenclifford/practice_rcc/sharc4/methaniminium/tutorial_reproduction/traj/Singlet_2/TRAJ_00002/restart/MOLCAS.1.JobIph.96', 'JOBOLD']
['rasscf', 1, 4, True, False]
['copy', 'MOLCAS.rasscf.h5', 'MOLCAS.1.rasscf.h5']
['copy', 'MOLCAS.JobIph', 'MOLCAS.1.JobIph']
['copy', '/project/lgagliardi/helenclifford/practice_rcc/sharc4/methaniminium/tutorial_reproduction/traj/Singlet_2/TRAJ_00002/restart/MOLCAS.3.JobIph.96', 'JOBOLD']
['rasscf', 3, 3, True, False]
['copy', 'MOLCAS.rasscf.h5', 'MOLCAS.3.rasscf.h5']
['copy', 'MOLCAS.JobIph', 'MOLCAS.3.JobIph']
['link', 'MOLCAS.1.JobIph', 'JOB001']
['rassi', 'dm', [4]]
['copy', 'MOLCAS.rassi.h5', 'MOLCAS.rassi.1.h5']
['link', 'MOLCAS.3.JobIph', 'JOB001']
['rassi', 'dm', [3]]
['copy', 'MOLCAS.rassi.h5', 'MOLCAS.rassi.3.h5']
['copy', '/project/lgagliardi/helenclifford/practice_rcc/sharc4/methaniminium/tutorial_reproduction/traj/Singlet_2/TRAJ_00002/restart/MOLCAS.1.JobIph.96', 'JOB001']
['link', 'MOLCAS.1.JobIph', 'JOB002']
['rassi', 'overlap', [4, 4]]
['copy', 'MOLCAS.rassi.h5', 'MOLCAS.rassi.ovlp.1.h5']
['copy', '/project/lgagliardi/helenclifford/practice_rcc/sharc4/methaniminium/tutorial_reproduction/traj/Singlet_2/TRAJ_00002/restart/MOLCAS.3.JobIph.96', 'JOB001']
['link', 'MOLCAS.3.JobIph', 'JOB002']
['rassi', 'overlap', [3, 3]]
['copy', 'MOLCAS.rassi.h5', 'MOLCAS.rassi.ovlp.3.h5']
['link', 'MOLCAS.1.JobIph', 'JOB001']
['link', 'MOLCAS.3.JobIph', 'JOB002']
['rassi', 'soc', [4, 3]]
['copy', '$master_path/MOLCAS.1.JobIph', 'JOBOLD']
['rasscf', 1, 4, True, False]
['mclr', 0.0001, 'sala=1']
['alaska']
All jobs finished:
job: master          code: 0    runtime: 0:00:12.008210
job: grad_1_1        code: 0    runtime: 0:00:04.951262

Starting job execution
['gateway']
['seward']
['copy', '/project/lgagliardi/helenclifford/practice_rcc/sharc4/methaniminium/tutorial_reproduction/traj/Singlet_2/TRAJ_00002/restart/MOLCAS.1.JobIph.97', 'JOBOLD']
['rasscf', 1, 4, True, False]
['copy', 'MOLCAS.rasscf.h5', 'MOLCAS.1.rasscf.h5']
['copy', 'MOLCAS.JobIph', 'MOLCAS.1.JobIph']
['copy', '/project/lgagliardi/helenclifford/practice_rcc/sharc4/methaniminium/tutorial_reproduction/traj/Singlet_2/TRAJ_00002/restart/MOLCAS.3.JobIph.97', 'JOBOLD']
['rasscf', 3, 3, True, False]
['copy', 'MOLCAS.rasscf.h5', 'MOLCAS.3.rasscf.h5']
['copy', 'MOLCAS.JobIph', 'MOLCAS.3.JobIph']
['link', 'MOLCAS.1.JobIph', 'JOB001']
['rassi', 'dm', [4]]
['copy', 'MOLCAS.rassi.h5', 'MOLCAS.rassi.1.h5']
['link', 'MOLCAS.3.JobIph', 'JOB001']
['rassi', 'dm', [3]]
['copy', 'MOLCAS.rassi.h5', 'MOLCAS.rassi.3.h5']
['copy', '/project/lgagliardi/helenclifford/practice_rcc/sharc4/methaniminium/tutorial_reproduction/traj/Singlet_2/TRAJ_00002/restart/MOLCAS.1.JobIph.97', 'JOB001']
['link', 'MOLCAS.1.JobIph', 'JOB002']
['rassi', 'overlap', [4, 4]]
['copy', 'MOLCAS.rassi.h5', 'MOLCAS.rassi.ovlp.1.h5']
['copy', '/project/lgagliardi/helenclifford/practice_rcc/sharc4/methaniminium/tutorial_reproduction/traj/Singlet_2/TRAJ_00002/restart/MOLCAS.3.JobIph.97', 'JOB001']
['link', 'MOLCAS.3.JobIph', 'JOB002']
['rassi', 'overlap', [3, 3]]
['copy', 'MOLCAS.rassi.h5', 'MOLCAS.rassi.ovlp.3.h5']
['link', 'MOLCAS.1.JobIph', 'JOB001']
['link', 'MOLCAS.3.JobIph', 'JOB002']
['rassi', 'soc', [4, 3]]
['copy', '$master_path/MOLCAS.1.JobIph', 'JOBOLD']
['rasscf', 1, 4, True, False]
['mclr', 0.0001, 'sala=1']
['alaska']
All jobs finished:
job: master          code: 0    runtime: 0:00:12.948203
job: grad_1_1        code: 0    runtime: 0:00:05.524227

Starting job execution
['gateway']
['seward']
['copy', '/project/lgagliardi/helenclifford/practice_rcc/sharc4/methaniminium/tutorial_reproduction/traj/Singlet_2/TRAJ_00002/restart/MOLCAS.1.JobIph.98', 'JOBOLD']
['rasscf', 1, 4, True, False]
['copy', 'MOLCAS.rasscf.h5', 'MOLCAS.1.rasscf.h5']
['copy', 'MOLCAS.JobIph', 'MOLCAS.1.JobIph']
['copy', '/project/lgagliardi/helenclifford/practice_rcc/sharc4/methaniminium/tutorial_reproduction/traj/Singlet_2/TRAJ_00002/restart/MOLCAS.3.JobIph.98', 'JOBOLD']
['rasscf', 3, 3, True, False]
['copy', 'MOLCAS.rasscf.h5', 'MOLCAS.3.rasscf.h5']
['copy', 'MOLCAS.JobIph', 'MOLCAS.3.JobIph']
['link', 'MOLCAS.1.JobIph', 'JOB001']
['rassi', 'dm', [4]]
['copy', 'MOLCAS.rassi.h5', 'MOLCAS.rassi.1.h5']
['link', 'MOLCAS.3.JobIph', 'JOB001']
['rassi', 'dm', [3]]
['copy', 'MOLCAS.rassi.h5', 'MOLCAS.rassi.3.h5']
['copy', '/project/lgagliardi/helenclifford/practice_rcc/sharc4/methaniminium/tutorial_reproduction/traj/Singlet_2/TRAJ_00002/restart/MOLCAS.1.JobIph.98', 'JOB001']
['link', 'MOLCAS.1.JobIph', 'JOB002']
['rassi', 'overlap', [4, 4]]
['copy', 'MOLCAS.rassi.h5', 'MOLCAS.rassi.ovlp.1.h5']
['copy', '/project/lgagliardi/helenclifford/practice_rcc/sharc4/methaniminium/tutorial_reproduction/traj/Singlet_2/TRAJ_00002/restart/MOLCAS.3.JobIph.98', 'JOB001']
['link', 'MOLCAS.3.JobIph', 'JOB002']
['rassi', 'overlap', [3, 3]]
['copy', 'MOLCAS.rassi.h5', 'MOLCAS.rassi.ovlp.3.h5']
['link', 'MOLCAS.1.JobIph', 'JOB001']
['link', 'MOLCAS.3.JobIph', 'JOB002']
['rassi', 'soc', [4, 3]]
['copy', '$master_path/MOLCAS.1.JobIph', 'JOBOLD']
['rasscf', 1, 4, True, False]
['mclr', 0.0001, 'sala=1']
['alaska']
All jobs finished:
job: master          code: 0    runtime: 0:00:12.387460
job: grad_1_1        code: 0    runtime: 0:00:13.852363

Starting job execution
['gateway']
['seward']
['copy', '/project/lgagliardi/helenclifford/practice_rcc/sharc4/methaniminium/tutorial_reproduction/traj/Singlet_2/TRAJ_00002/restart/MOLCAS.1.JobIph.99', 'JOBOLD']
['rasscf', 1, 4, True, False]
['copy', 'MOLCAS.rasscf.h5', 'MOLCAS.1.rasscf.h5']
['copy', 'MOLCAS.JobIph', 'MOLCAS.1.JobIph']
['copy', '/project/lgagliardi/helenclifford/practice_rcc/sharc4/methaniminium/tutorial_reproduction/traj/Singlet_2/TRAJ_00002/restart/MOLCAS.3.JobIph.99', 'JOBOLD']
['rasscf', 3, 3, True, False]
['copy', 'MOLCAS.rasscf.h5', 'MOLCAS.3.rasscf.h5']
['copy', 'MOLCAS.JobIph', 'MOLCAS.3.JobIph']
['link', 'MOLCAS.1.JobIph', 'JOB001']
['rassi', 'dm', [4]]
['copy', 'MOLCAS.rassi.h5', 'MOLCAS.rassi.1.h5']
['link', 'MOLCAS.3.JobIph', 'JOB001']
['rassi', 'dm', [3]]
['copy', 'MOLCAS.rassi.h5', 'MOLCAS.rassi.3.h5']
['copy', '/project/lgagliardi/helenclifford/practice_rcc/sharc4/methaniminium/tutorial_reproduction/traj/Singlet_2/TRAJ_00002/restart/MOLCAS.1.JobIph.99', 'JOB001']
['link', 'MOLCAS.1.JobIph', 'JOB002']
['rassi', 'overlap', [4, 4]]
['copy', 'MOLCAS.rassi.h5', 'MOLCAS.rassi.ovlp.1.h5']
['copy', '/project/lgagliardi/helenclifford/practice_rcc/sharc4/methaniminium/tutorial_reproduction/traj/Singlet_2/TRAJ_00002/restart/MOLCAS.3.JobIph.99', 'JOB001']
['link', 'MOLCAS.3.JobIph', 'JOB002']
['rassi', 'overlap', [3, 3]]
['copy', 'MOLCAS.rassi.h5', 'MOLCAS.rassi.ovlp.3.h5']
['link', 'MOLCAS.1.JobIph', 'JOB001']
['link', 'MOLCAS.3.JobIph', 'JOB002']
['rassi', 'soc', [4, 3]]
['copy', '$master_path/MOLCAS.1.JobIph', 'JOBOLD']
['rasscf', 1, 4, True, False]
['mclr', 0.0001, 'sala=1']
['alaska']
All jobs finished:
job: master          code: 0    runtime: 0:00:13.065332
job: grad_1_1        code: 0    runtime: 0:00:05.216599

Starting job execution
['gateway']
['seward']
['copy', '/project/lgagliardi/helenclifford/practice_rcc/sharc4/methaniminium/tutorial_reproduction/traj/Singlet_2/TRAJ_00002/restart/MOLCAS.1.JobIph.100', 'JOBOLD']
['rasscf', 1, 4, True, False]
['copy', 'MOLCAS.rasscf.h5', 'MOLCAS.1.rasscf.h5']
['copy', 'MOLCAS.JobIph', 'MOLCAS.1.JobIph']
['copy', '/project/lgagliardi/helenclifford/practice_rcc/sharc4/methaniminium/tutorial_reproduction/traj/Singlet_2/TRAJ_00002/restart/MOLCAS.3.JobIph.100', 'JOBOLD']
['rasscf', 3, 3, True, False]
['copy', 'MOLCAS.rasscf.h5', 'MOLCAS.3.rasscf.h5']
['copy', 'MOLCAS.JobIph', 'MOLCAS.3.JobIph']
['link', 'MOLCAS.1.JobIph', 'JOB001']
['rassi', 'dm', [4]]
['copy', 'MOLCAS.rassi.h5', 'MOLCAS.rassi.1.h5']
['link', 'MOLCAS.3.JobIph', 'JOB001']
['rassi', 'dm', [3]]
['copy', 'MOLCAS.rassi.h5', 'MOLCAS.rassi.3.h5']
['copy', '/project/lgagliardi/helenclifford/practice_rcc/sharc4/methaniminium/tutorial_reproduction/traj/Singlet_2/TRAJ_00002/restart/MOLCAS.1.JobIph.99', 'JOB001']
['link', 'MOLCAS.1.JobIph', 'JOB002']
['rassi', 'overlap', [4, 4]]
['copy', 'MOLCAS.rassi.h5', 'MOLCAS.rassi.ovlp.1.h5']
['copy', '/project/lgagliardi/helenclifford/practice_rcc/sharc4/methaniminium/tutorial_reproduction/traj/Singlet_2/TRAJ_00002/restart/MOLCAS.3.JobIph.99', 'JOB001']
['link', 'MOLCAS.3.JobIph', 'JOB002']
['rassi', 'overlap', [3, 3]]
['copy', 'MOLCAS.rassi.h5', 'MOLCAS.rassi.ovlp.3.h5']
['link', 'MOLCAS.1.JobIph', 'JOB001']
['link', 'MOLCAS.3.JobIph', 'JOB002']
['rassi', 'soc', [4, 3]]
['copy', '$master_path/MOLCAS.3.JobIph', 'JOBOLD']
['rasscf', 3, 3, True, False]
['mclr', 0.0001, 'sala=1']
['alaska']
['copy', '$master_path/MOLCAS.1.JobIph', 'JOBOLD']
['rasscf', 1, 4, True, False]
['mclr', 0.0001, 'sala=1']
['alaska']
All jobs finished:
job: master          code: 0    runtime: 0:00:11.140245
job: grad_3_1        code: 0    runtime: 0:00:05.056962
job: grad_1_1        code: 0    runtime: 0:00:05.347360

Starting job execution
['gateway']
['seward']
['copy', '/project/lgagliardi/helenclifford/practice_rcc/sharc4/methaniminium/tutorial_reproduction/traj/Singlet_2/TRAJ_00002/restart/MOLCAS.1.JobIph.100', 'JOBOLD']
['rasscf', 1, 4, True, False]
['copy', 'MOLCAS.rasscf.h5', 'MOLCAS.1.rasscf.h5']
['copy', 'MOLCAS.JobIph', 'MOLCAS.1.JobIph']
['copy', '/project/lgagliardi/helenclifford/practice_rcc/sharc4/methaniminium/tutorial_reproduction/traj/Singlet_2/TRAJ_00002/restart/MOLCAS.3.JobIph.100', 'JOBOLD']
['rasscf', 3, 3, True, False]
['copy', 'MOLCAS.rasscf.h5', 'MOLCAS.3.rasscf.h5']
['copy', 'MOLCAS.JobIph', 'MOLCAS.3.JobIph']
['link', 'MOLCAS.1.JobIph', 'JOB001']
['rassi', 'dm', [4]]
['copy', 'MOLCAS.rassi.h5', 'MOLCAS.rassi.1.h5']
['link', 'MOLCAS.3.JobIph', 'JOB001']
['rassi', 'dm', [3]]
['copy', 'MOLCAS.rassi.h5', 'MOLCAS.rassi.3.h5']
['copy', '/project/lgagliardi/helenclifford/practice_rcc/sharc4/methaniminium/tutorial_reproduction/traj/Singlet_2/TRAJ_00002/restart/MOLCAS.1.JobIph.100', 'JOB001']
['link', 'MOLCAS.1.JobIph', 'JOB002']
['rassi', 'overlap', [4, 4]]
['copy', 'MOLCAS.rassi.h5', 'MOLCAS.rassi.ovlp.1.h5']
['copy', '/project/lgagliardi/helenclifford/practice_rcc/sharc4/methaniminium/tutorial_reproduction/traj/Singlet_2/TRAJ_00002/restart/MOLCAS.3.JobIph.100', 'JOB001']
['link', 'MOLCAS.3.JobIph', 'JOB002']
['rassi', 'overlap', [3, 3]]
['copy', 'MOLCAS.rassi.h5', 'MOLCAS.rassi.ovlp.3.h5']
['link', 'MOLCAS.1.JobIph', 'JOB001']
['link', 'MOLCAS.3.JobIph', 'JOB002']
['rassi', 'soc', [4, 3]]
['copy', '$master_path/MOLCAS.3.JobIph', 'JOBOLD']
['rasscf', 3, 3, True, False]
['mclr', 0.0001, 'sala=1']
['alaska']
['copy', '$master_path/MOLCAS.1.JobIph', 'JOBOLD']
['rasscf', 1, 4, True, False]
['mclr', 0.0001, 'sala=1']
['alaska']
All jobs finished:
job: master          code: 0    runtime: 0:00:12.924650
job: grad_3_1        code: 0    runtime: 0:00:05.378375
job: grad_1_1        code: 0    runtime: 0:00:05.223401

Starting job execution
['gateway']
['seward']
['copy', '/project/lgagliardi/helenclifford/practice_rcc/sharc4/methaniminium/tutorial_reproduction/traj/Singlet_2/TRAJ_00002/restart/MOLCAS.1.JobIph.101', 'JOBOLD']
['rasscf', 1, 4, True, False]
['copy', 'MOLCAS.rasscf.h5', 'MOLCAS.1.rasscf.h5']
['copy', 'MOLCAS.JobIph', 'MOLCAS.1.JobIph']
['copy', '/project/lgagliardi/helenclifford/practice_rcc/sharc4/methaniminium/tutorial_reproduction/traj/Singlet_2/TRAJ_00002/restart/MOLCAS.3.JobIph.101', 'JOBOLD']
['rasscf', 3, 3, True, False]
['copy', 'MOLCAS.rasscf.h5', 'MOLCAS.3.rasscf.h5']
['copy', 'MOLCAS.JobIph', 'MOLCAS.3.JobIph']
['link', 'MOLCAS.1.JobIph', 'JOB001']
['rassi', 'dm', [4]]
['copy', 'MOLCAS.rassi.h5', 'MOLCAS.rassi.1.h5']
['link', 'MOLCAS.3.JobIph', 'JOB001']
['rassi', 'dm', [3]]
['copy', 'MOLCAS.rassi.h5', 'MOLCAS.rassi.3.h5']
['copy', '/project/lgagliardi/helenclifford/practice_rcc/sharc4/methaniminium/tutorial_reproduction/traj/Singlet_2/TRAJ_00002/restart/MOLCAS.1.JobIph.101', 'JOB001']
['link', 'MOLCAS.1.JobIph', 'JOB002']
['rassi', 'overlap', [4, 4]]
['copy', 'MOLCAS.rassi.h5', 'MOLCAS.rassi.ovlp.1.h5']
['copy', '/project/lgagliardi/helenclifford/practice_rcc/sharc4/methaniminium/tutorial_reproduction/traj/Singlet_2/TRAJ_00002/restart/MOLCAS.3.JobIph.101', 'JOB001']
['link', 'MOLCAS.3.JobIph', 'JOB002']
['rassi', 'overlap', [3, 3]]
['copy', 'MOLCAS.rassi.h5', 'MOLCAS.rassi.ovlp.3.h5']
['link', 'MOLCAS.1.JobIph', 'JOB001']
['link', 'MOLCAS.3.JobIph', 'JOB002']
['rassi', 'soc', [4, 3]]
['copy', '$master_path/MOLCAS.1.JobIph', 'JOBOLD']
['rasscf', 1, 4, True, False]
['mclr', 0.0001, 'sala=1']
['alaska']
All jobs finished:
job: master          code: 0    runtime: 0:00:13.754780
job: grad_1_1        code: 0    runtime: 0:00:05.718924

Starting job execution
['gateway']
['seward']
['copy', '/project/lgagliardi/helenclifford/practice_rcc/sharc4/methaniminium/tutorial_reproduction/traj/Singlet_2/TRAJ_00002/restart/MOLCAS.1.JobIph.102', 'JOBOLD']
['rasscf', 1, 4, True, False]
['copy', 'MOLCAS.rasscf.h5', 'MOLCAS.1.rasscf.h5']
['copy', 'MOLCAS.JobIph', 'MOLCAS.1.JobIph']
['copy', '/project/lgagliardi/helenclifford/practice_rcc/sharc4/methaniminium/tutorial_reproduction/traj/Singlet_2/TRAJ_00002/restart/MOLCAS.3.JobIph.102', 'JOBOLD']
['rasscf', 3, 3, True, False]
['copy', 'MOLCAS.rasscf.h5', 'MOLCAS.3.rasscf.h5']
['copy', 'MOLCAS.JobIph', 'MOLCAS.3.JobIph']
['link', 'MOLCAS.1.JobIph', 'JOB001']
['rassi', 'dm', [4]]
['copy', 'MOLCAS.rassi.h5', 'MOLCAS.rassi.1.h5']
['link', 'MOLCAS.3.JobIph', 'JOB001']
['rassi', 'dm', [3]]
['copy', 'MOLCAS.rassi.h5', 'MOLCAS.rassi.3.h5']
['copy', '/project/lgagliardi/helenclifford/practice_rcc/sharc4/methaniminium/tutorial_reproduction/traj/Singlet_2/TRAJ_00002/restart/MOLCAS.1.JobIph.102', 'JOB001']
['link', 'MOLCAS.1.JobIph', 'JOB002']
['rassi', 'overlap', [4, 4]]
['copy', 'MOLCAS.rassi.h5', 'MOLCAS.rassi.ovlp.1.h5']
['copy', '/project/lgagliardi/helenclifford/practice_rcc/sharc4/methaniminium/tutorial_reproduction/traj/Singlet_2/TRAJ_00002/restart/MOLCAS.3.JobIph.102', 'JOB001']
['link', 'MOLCAS.3.JobIph', 'JOB002']
['rassi', 'overlap', [3, 3]]
['copy', 'MOLCAS.rassi.h5', 'MOLCAS.rassi.ovlp.3.h5']
['link', 'MOLCAS.1.JobIph', 'JOB001']
['link', 'MOLCAS.3.JobIph', 'JOB002']
['rassi', 'soc', [4, 3]]
['copy', '$master_path/MOLCAS.1.JobIph', 'JOBOLD']
['rasscf', 1, 4, True, False]
['mclr', 0.0001, 'sala=1']
['alaska']
All jobs finished:
job: master          code: 0    runtime: 0:00:12.765955
job: grad_1_1        code: 0    runtime: 0:00:06.107966

Starting job execution
['gateway']
['seward']
['copy', '/project/lgagliardi/helenclifford/practice_rcc/sharc4/methaniminium/tutorial_reproduction/traj/Singlet_2/TRAJ_00002/restart/MOLCAS.1.JobIph.103', 'JOBOLD']
['rasscf', 1, 4, True, False]
['copy', 'MOLCAS.rasscf.h5', 'MOLCAS.1.rasscf.h5']
['copy', 'MOLCAS.JobIph', 'MOLCAS.1.JobIph']
['copy', '/project/lgagliardi/helenclifford/practice_rcc/sharc4/methaniminium/tutorial_reproduction/traj/Singlet_2/TRAJ_00002/restart/MOLCAS.3.JobIph.103', 'JOBOLD']
['rasscf', 3, 3, True, False]
['copy', 'MOLCAS.rasscf.h5', 'MOLCAS.3.rasscf.h5']
['copy', 'MOLCAS.JobIph', 'MOLCAS.3.JobIph']
['link', 'MOLCAS.1.JobIph', 'JOB001']
['rassi', 'dm', [4]]
['copy', 'MOLCAS.rassi.h5', 'MOLCAS.rassi.1.h5']
['link', 'MOLCAS.3.JobIph', 'JOB001']
['rassi', 'dm', [3]]
['copy', 'MOLCAS.rassi.h5', 'MOLCAS.rassi.3.h5']
['copy', '/project/lgagliardi/helenclifford/practice_rcc/sharc4/methaniminium/tutorial_reproduction/traj/Singlet_2/TRAJ_00002/restart/MOLCAS.1.JobIph.103', 'JOB001']
['link', 'MOLCAS.1.JobIph', 'JOB002']
['rassi', 'overlap', [4, 4]]
['copy', 'MOLCAS.rassi.h5', 'MOLCAS.rassi.ovlp.1.h5']
['copy', '/project/lgagliardi/helenclifford/practice_rcc/sharc4/methaniminium/tutorial_reproduction/traj/Singlet_2/TRAJ_00002/restart/MOLCAS.3.JobIph.103', 'JOB001']
['link', 'MOLCAS.3.JobIph', 'JOB002']
['rassi', 'overlap', [3, 3]]
['copy', 'MOLCAS.rassi.h5', 'MOLCAS.rassi.ovlp.3.h5']
['link', 'MOLCAS.1.JobIph', 'JOB001']
['link', 'MOLCAS.3.JobIph', 'JOB002']
['rassi', 'soc', [4, 3]]
['copy', '$master_path/MOLCAS.1.JobIph', 'JOBOLD']
['rasscf', 1, 4, True, False]
['mclr', 0.0001, 'sala=1']
['alaska']
All jobs finished:
job: master          code: 0    runtime: 0:00:13.568775
job: grad_1_1        code: 0    runtime: 0:00:04.915690

Starting job execution
['gateway']
['seward']
['copy', '/project/lgagliardi/helenclifford/practice_rcc/sharc4/methaniminium/tutorial_reproduction/traj/Singlet_2/TRAJ_00002/restart/MOLCAS.1.JobIph.104', 'JOBOLD']
['rasscf', 1, 4, True, False]
['copy', 'MOLCAS.rasscf.h5', 'MOLCAS.1.rasscf.h5']
['copy', 'MOLCAS.JobIph', 'MOLCAS.1.JobIph']
['copy', '/project/lgagliardi/helenclifford/practice_rcc/sharc4/methaniminium/tutorial_reproduction/traj/Singlet_2/TRAJ_00002/restart/MOLCAS.3.JobIph.104', 'JOBOLD']
['rasscf', 3, 3, True, False]
['copy', 'MOLCAS.rasscf.h5', 'MOLCAS.3.rasscf.h5']
['copy', 'MOLCAS.JobIph', 'MOLCAS.3.JobIph']
['link', 'MOLCAS.1.JobIph', 'JOB001']
['rassi', 'dm', [4]]
['copy', 'MOLCAS.rassi.h5', 'MOLCAS.rassi.1.h5']
['link', 'MOLCAS.3.JobIph', 'JOB001']
['rassi', 'dm', [3]]
['copy', 'MOLCAS.rassi.h5', 'MOLCAS.rassi.3.h5']
['copy', '/project/lgagliardi/helenclifford/practice_rcc/sharc4/methaniminium/tutorial_reproduction/traj/Singlet_2/TRAJ_00002/restart/MOLCAS.1.JobIph.104', 'JOB001']
['link', 'MOLCAS.1.JobIph', 'JOB002']
['rassi', 'overlap', [4, 4]]
['copy', 'MOLCAS.rassi.h5', 'MOLCAS.rassi.ovlp.1.h5']
['copy', '/project/lgagliardi/helenclifford/practice_rcc/sharc4/methaniminium/tutorial_reproduction/traj/Singlet_2/TRAJ_00002/restart/MOLCAS.3.JobIph.104', 'JOB001']
['link', 'MOLCAS.3.JobIph', 'JOB002']
['rassi', 'overlap', [3, 3]]
['copy', 'MOLCAS.rassi.h5', 'MOLCAS.rassi.ovlp.3.h5']
['link', 'MOLCAS.1.JobIph', 'JOB001']
['link', 'MOLCAS.3.JobIph', 'JOB002']
['rassi', 'soc', [4, 3]]
['copy', '$master_path/MOLCAS.1.JobIph', 'JOBOLD']
['rasscf', 1, 4, True, False]
['mclr', 0.0001, 'sala=1']
['alaska']
All jobs finished:
job: master          code: 0    runtime: 0:00:13.148058
job: grad_1_1        code: 0    runtime: 0:00:05.539194

Starting job execution
['gateway']
['seward']
['copy', '/project/lgagliardi/helenclifford/practice_rcc/sharc4/methaniminium/tutorial_reproduction/traj/Singlet_2/TRAJ_00002/restart/MOLCAS.1.JobIph.105', 'JOBOLD']
['rasscf', 1, 4, True, False]
['copy', 'MOLCAS.rasscf.h5', 'MOLCAS.1.rasscf.h5']
['copy', 'MOLCAS.JobIph', 'MOLCAS.1.JobIph']
['copy', '/project/lgagliardi/helenclifford/practice_rcc/sharc4/methaniminium/tutorial_reproduction/traj/Singlet_2/TRAJ_00002/restart/MOLCAS.3.JobIph.105', 'JOBOLD']
['rasscf', 3, 3, True, False]
['copy', 'MOLCAS.rasscf.h5', 'MOLCAS.3.rasscf.h5']
['copy', 'MOLCAS.JobIph', 'MOLCAS.3.JobIph']
['link', 'MOLCAS.1.JobIph', 'JOB001']
['rassi', 'dm', [4]]
['copy', 'MOLCAS.rassi.h5', 'MOLCAS.rassi.1.h5']
['link', 'MOLCAS.3.JobIph', 'JOB001']
['rassi', 'dm', [3]]
['copy', 'MOLCAS.rassi.h5', 'MOLCAS.rassi.3.h5']
['copy', '/project/lgagliardi/helenclifford/practice_rcc/sharc4/methaniminium/tutorial_reproduction/traj/Singlet_2/TRAJ_00002/restart/MOLCAS.1.JobIph.105', 'JOB001']
['link', 'MOLCAS.1.JobIph', 'JOB002']
['rassi', 'overlap', [4, 4]]
['copy', 'MOLCAS.rassi.h5', 'MOLCAS.rassi.ovlp.1.h5']
['copy', '/project/lgagliardi/helenclifford/practice_rcc/sharc4/methaniminium/tutorial_reproduction/traj/Singlet_2/TRAJ_00002/restart/MOLCAS.3.JobIph.105', 'JOB001']
['link', 'MOLCAS.3.JobIph', 'JOB002']
['rassi', 'overlap', [3, 3]]
['copy', 'MOLCAS.rassi.h5', 'MOLCAS.rassi.ovlp.3.h5']
['link', 'MOLCAS.1.JobIph', 'JOB001']
['link', 'MOLCAS.3.JobIph', 'JOB002']
['rassi', 'soc', [4, 3]]
['copy', '$master_path/MOLCAS.1.JobIph', 'JOBOLD']
['rasscf', 1, 4, True, False]
['mclr', 0.0001, 'sala=1']
['alaska']
All jobs finished:
job: master          code: 0    runtime: 0:00:12.894359
job: grad_1_1        code: 0    runtime: 0:00:04.968713

Starting job execution
['gateway']
['seward']
['copy', '/project/lgagliardi/helenclifford/practice_rcc/sharc4/methaniminium/tutorial_reproduction/traj/Singlet_2/TRAJ_00002/restart/MOLCAS.1.JobIph.106', 'JOBOLD']
['rasscf', 1, 4, True, False]
['copy', 'MOLCAS.rasscf.h5', 'MOLCAS.1.rasscf.h5']
['copy', 'MOLCAS.JobIph', 'MOLCAS.1.JobIph']
['copy', '/project/lgagliardi/helenclifford/practice_rcc/sharc4/methaniminium/tutorial_reproduction/traj/Singlet_2/TRAJ_00002/restart/MOLCAS.3.JobIph.106', 'JOBOLD']
['rasscf', 3, 3, True, False]
['copy', 'MOLCAS.rasscf.h5', 'MOLCAS.3.rasscf.h5']
['copy', 'MOLCAS.JobIph', 'MOLCAS.3.JobIph']
['link', 'MOLCAS.1.JobIph', 'JOB001']
['rassi', 'dm', [4]]
['copy', 'MOLCAS.rassi.h5', 'MOLCAS.rassi.1.h5']
['link', 'MOLCAS.3.JobIph', 'JOB001']
['rassi', 'dm', [3]]
['copy', 'MOLCAS.rassi.h5', 'MOLCAS.rassi.3.h5']
['copy', '/project/lgagliardi/helenclifford/practice_rcc/sharc4/methaniminium/tutorial_reproduction/traj/Singlet_2/TRAJ_00002/restart/MOLCAS.1.JobIph.106', 'JOB001']
['link', 'MOLCAS.1.JobIph', 'JOB002']
['rassi', 'overlap', [4, 4]]
['copy', 'MOLCAS.rassi.h5', 'MOLCAS.rassi.ovlp.1.h5']
['copy', '/project/lgagliardi/helenclifford/practice_rcc/sharc4/methaniminium/tutorial_reproduction/traj/Singlet_2/TRAJ_00002/restart/MOLCAS.3.JobIph.106', 'JOB001']
['link', 'MOLCAS.3.JobIph', 'JOB002']
['rassi', 'overlap', [3, 3]]
['copy', 'MOLCAS.rassi.h5', 'MOLCAS.rassi.ovlp.3.h5']
['link', 'MOLCAS.1.JobIph', 'JOB001']
['link', 'MOLCAS.3.JobIph', 'JOB002']
['rassi', 'soc', [4, 3]]
['copy', '$master_path/MOLCAS.1.JobIph', 'JOBOLD']
['rasscf', 1, 4, True, False]
['mclr', 0.0001, 'sala=1']
['alaska']
All jobs finished:
job: master          code: 0    runtime: 0:00:12.911316
job: grad_1_1        code: 0    runtime: 0:00:05.433111

Starting job execution
['gateway']
['seward']
['copy', '/project/lgagliardi/helenclifford/practice_rcc/sharc4/methaniminium/tutorial_reproduction/traj/Singlet_2/TRAJ_00002/restart/MOLCAS.1.JobIph.107', 'JOBOLD']
['rasscf', 1, 4, True, False]
['copy', 'MOLCAS.rasscf.h5', 'MOLCAS.1.rasscf.h5']
['copy', 'MOLCAS.JobIph', 'MOLCAS.1.JobIph']
['copy', '/project/lgagliardi/helenclifford/practice_rcc/sharc4/methaniminium/tutorial_reproduction/traj/Singlet_2/TRAJ_00002/restart/MOLCAS.3.JobIph.107', 'JOBOLD']
['rasscf', 3, 3, True, False]
['copy', 'MOLCAS.rasscf.h5', 'MOLCAS.3.rasscf.h5']
['copy', 'MOLCAS.JobIph', 'MOLCAS.3.JobIph']
['link', 'MOLCAS.1.JobIph', 'JOB001']
['rassi', 'dm', [4]]
['copy', 'MOLCAS.rassi.h5', 'MOLCAS.rassi.1.h5']
['link', 'MOLCAS.3.JobIph', 'JOB001']
['rassi', 'dm', [3]]
['copy', 'MOLCAS.rassi.h5', 'MOLCAS.rassi.3.h5']
['copy', '/project/lgagliardi/helenclifford/practice_rcc/sharc4/methaniminium/tutorial_reproduction/traj/Singlet_2/TRAJ_00002/restart/MOLCAS.1.JobIph.107', 'JOB001']
['link', 'MOLCAS.1.JobIph', 'JOB002']
['rassi', 'overlap', [4, 4]]
['copy', 'MOLCAS.rassi.h5', 'MOLCAS.rassi.ovlp.1.h5']
['copy', '/project/lgagliardi/helenclifford/practice_rcc/sharc4/methaniminium/tutorial_reproduction/traj/Singlet_2/TRAJ_00002/restart/MOLCAS.3.JobIph.107', 'JOB001']
['link', 'MOLCAS.3.JobIph', 'JOB002']
['rassi', 'overlap', [3, 3]]
['copy', 'MOLCAS.rassi.h5', 'MOLCAS.rassi.ovlp.3.h5']
['link', 'MOLCAS.1.JobIph', 'JOB001']
['link', 'MOLCAS.3.JobIph', 'JOB002']
['rassi', 'soc', [4, 3]]
['copy', '$master_path/MOLCAS.1.JobIph', 'JOBOLD']
['rasscf', 1, 4, True, False]
['mclr', 0.0001, 'sala=1']
['alaska']
All jobs finished:
job: master          code: 0    runtime: 0:00:12.079521
job: grad_1_1        code: 0    runtime: 0:00:05.114485

Starting job execution
['gateway']
['seward']
['copy', '/project/lgagliardi/helenclifford/practice_rcc/sharc4/methaniminium/tutorial_reproduction/traj/Singlet_2/TRAJ_00002/restart/MOLCAS.1.JobIph.108', 'JOBOLD']
['rasscf', 1, 4, True, False]
['copy', 'MOLCAS.rasscf.h5', 'MOLCAS.1.rasscf.h5']
['copy', 'MOLCAS.JobIph', 'MOLCAS.1.JobIph']
['copy', '/project/lgagliardi/helenclifford/practice_rcc/sharc4/methaniminium/tutorial_reproduction/traj/Singlet_2/TRAJ_00002/restart/MOLCAS.3.JobIph.108', 'JOBOLD']
['rasscf', 3, 3, True, False]
['copy', 'MOLCAS.rasscf.h5', 'MOLCAS.3.rasscf.h5']
['copy', 'MOLCAS.JobIph', 'MOLCAS.3.JobIph']
['link', 'MOLCAS.1.JobIph', 'JOB001']
['rassi', 'dm', [4]]
['copy', 'MOLCAS.rassi.h5', 'MOLCAS.rassi.1.h5']
['link', 'MOLCAS.3.JobIph', 'JOB001']
['rassi', 'dm', [3]]
['copy', 'MOLCAS.rassi.h5', 'MOLCAS.rassi.3.h5']
['copy', '/project/lgagliardi/helenclifford/practice_rcc/sharc4/methaniminium/tutorial_reproduction/traj/Singlet_2/TRAJ_00002/restart/MOLCAS.1.JobIph.108', 'JOB001']
['link', 'MOLCAS.1.JobIph', 'JOB002']
['rassi', 'overlap', [4, 4]]
['copy', 'MOLCAS.rassi.h5', 'MOLCAS.rassi.ovlp.1.h5']
['copy', '/project/lgagliardi/helenclifford/practice_rcc/sharc4/methaniminium/tutorial_reproduction/traj/Singlet_2/TRAJ_00002/restart/MOLCAS.3.JobIph.108', 'JOB001']
['link', 'MOLCAS.3.JobIph', 'JOB002']
['rassi', 'overlap', [3, 3]]
['copy', 'MOLCAS.rassi.h5', 'MOLCAS.rassi.ovlp.3.h5']
['link', 'MOLCAS.1.JobIph', 'JOB001']
['link', 'MOLCAS.3.JobIph', 'JOB002']
['rassi', 'soc', [4, 3]]
['copy', '$master_path/MOLCAS.1.JobIph', 'JOBOLD']
['rasscf', 1, 4, True, False]
['mclr', 0.0001, 'sala=1']
['alaska']
All jobs finished:
job: master          code: 0    runtime: 0:00:11.682826
job: grad_1_1        code: 0    runtime: 0:00:05.477669

Starting job execution
['gateway']
['seward']
['copy', '/project/lgagliardi/helenclifford/practice_rcc/sharc4/methaniminium/tutorial_reproduction/traj/Singlet_2/TRAJ_00002/restart/MOLCAS.1.JobIph.109', 'JOBOLD']
['rasscf', 1, 4, True, False]
['copy', 'MOLCAS.rasscf.h5', 'MOLCAS.1.rasscf.h5']
['copy', 'MOLCAS.JobIph', 'MOLCAS.1.JobIph']
['copy', '/project/lgagliardi/helenclifford/practice_rcc/sharc4/methaniminium/tutorial_reproduction/traj/Singlet_2/TRAJ_00002/restart/MOLCAS.3.JobIph.109', 'JOBOLD']
['rasscf', 3, 3, True, False]
['copy', 'MOLCAS.rasscf.h5', 'MOLCAS.3.rasscf.h5']
['copy', 'MOLCAS.JobIph', 'MOLCAS.3.JobIph']
['link', 'MOLCAS.1.JobIph', 'JOB001']
['rassi', 'dm', [4]]
['copy', 'MOLCAS.rassi.h5', 'MOLCAS.rassi.1.h5']
['link', 'MOLCAS.3.JobIph', 'JOB001']
['rassi', 'dm', [3]]
['copy', 'MOLCAS.rassi.h5', 'MOLCAS.rassi.3.h5']
['copy', '/project/lgagliardi/helenclifford/practice_rcc/sharc4/methaniminium/tutorial_reproduction/traj/Singlet_2/TRAJ_00002/restart/MOLCAS.1.JobIph.109', 'JOB001']
['link', 'MOLCAS.1.JobIph', 'JOB002']
['rassi', 'overlap', [4, 4]]
['copy', 'MOLCAS.rassi.h5', 'MOLCAS.rassi.ovlp.1.h5']
['copy', '/project/lgagliardi/helenclifford/practice_rcc/sharc4/methaniminium/tutorial_reproduction/traj/Singlet_2/TRAJ_00002/restart/MOLCAS.3.JobIph.109', 'JOB001']
['link', 'MOLCAS.3.JobIph', 'JOB002']
['rassi', 'overlap', [3, 3]]
['copy', 'MOLCAS.rassi.h5', 'MOLCAS.rassi.ovlp.3.h5']
['link', 'MOLCAS.1.JobIph', 'JOB001']
['link', 'MOLCAS.3.JobIph', 'JOB002']
['rassi', 'soc', [4, 3]]
['copy', '$master_path/MOLCAS.1.JobIph', 'JOBOLD']
['rasscf', 1, 4, True, False]
['mclr', 0.0001, 'sala=1']
['alaska']
All jobs finished:
job: master          code: 0    runtime: 0:00:12.303009
job: grad_1_1        code: 0    runtime: 0:00:05.383629

Starting job execution
['gateway']
['seward']
['copy', '/project/lgagliardi/helenclifford/practice_rcc/sharc4/methaniminium/tutorial_reproduction/traj/Singlet_2/TRAJ_00002/restart/MOLCAS.1.JobIph.110', 'JOBOLD']
['rasscf', 1, 4, True, False]
['copy', 'MOLCAS.rasscf.h5', 'MOLCAS.1.rasscf.h5']
['copy', 'MOLCAS.JobIph', 'MOLCAS.1.JobIph']
['copy', '/project/lgagliardi/helenclifford/practice_rcc/sharc4/methaniminium/tutorial_reproduction/traj/Singlet_2/TRAJ_00002/restart/MOLCAS.3.JobIph.110', 'JOBOLD']
['rasscf', 3, 3, True, False]
['copy', 'MOLCAS.rasscf.h5', 'MOLCAS.3.rasscf.h5']
['copy', 'MOLCAS.JobIph', 'MOLCAS.3.JobIph']
['link', 'MOLCAS.1.JobIph', 'JOB001']
['rassi', 'dm', [4]]
['copy', 'MOLCAS.rassi.h5', 'MOLCAS.rassi.1.h5']
['link', 'MOLCAS.3.JobIph', 'JOB001']
['rassi', 'dm', [3]]
['copy', 'MOLCAS.rassi.h5', 'MOLCAS.rassi.3.h5']
['copy', '/project/lgagliardi/helenclifford/practice_rcc/sharc4/methaniminium/tutorial_reproduction/traj/Singlet_2/TRAJ_00002/restart/MOLCAS.1.JobIph.110', 'JOB001']
['link', 'MOLCAS.1.JobIph', 'JOB002']
['rassi', 'overlap', [4, 4]]
['copy', 'MOLCAS.rassi.h5', 'MOLCAS.rassi.ovlp.1.h5']
['copy', '/project/lgagliardi/helenclifford/practice_rcc/sharc4/methaniminium/tutorial_reproduction/traj/Singlet_2/TRAJ_00002/restart/MOLCAS.3.JobIph.110', 'JOB001']
['link', 'MOLCAS.3.JobIph', 'JOB002']
['rassi', 'overlap', [3, 3]]
['copy', 'MOLCAS.rassi.h5', 'MOLCAS.rassi.ovlp.3.h5']
['link', 'MOLCAS.1.JobIph', 'JOB001']
['link', 'MOLCAS.3.JobIph', 'JOB002']
['rassi', 'soc', [4, 3]]
['copy', '$master_path/MOLCAS.1.JobIph', 'JOBOLD']
['rasscf', 1, 4, True, False]
['mclr', 0.0001, 'sala=1']
['alaska']
All jobs finished:
job: master          code: 0    runtime: 0:00:12.643965
job: grad_1_1        code: 0    runtime: 0:00:07.209712

Starting job execution
['gateway']
['seward']
['copy', '/project/lgagliardi/helenclifford/practice_rcc/sharc4/methaniminium/tutorial_reproduction/traj/Singlet_2/TRAJ_00002/restart/MOLCAS.1.JobIph.111', 'JOBOLD']
['rasscf', 1, 4, True, False]
['copy', 'MOLCAS.rasscf.h5', 'MOLCAS.1.rasscf.h5']
['copy', 'MOLCAS.JobIph', 'MOLCAS.1.JobIph']
['copy', '/project/lgagliardi/helenclifford/practice_rcc/sharc4/methaniminium/tutorial_reproduction/traj/Singlet_2/TRAJ_00002/restart/MOLCAS.3.JobIph.111', 'JOBOLD']
['rasscf', 3, 3, True, False]
['copy', 'MOLCAS.rasscf.h5', 'MOLCAS.3.rasscf.h5']
['copy', 'MOLCAS.JobIph', 'MOLCAS.3.JobIph']
['link', 'MOLCAS.1.JobIph', 'JOB001']
['rassi', 'dm', [4]]
['copy', 'MOLCAS.rassi.h5', 'MOLCAS.rassi.1.h5']
['link', 'MOLCAS.3.JobIph', 'JOB001']
['rassi', 'dm', [3]]
['copy', 'MOLCAS.rassi.h5', 'MOLCAS.rassi.3.h5']
['copy', '/project/lgagliardi/helenclifford/practice_rcc/sharc4/methaniminium/tutorial_reproduction/traj/Singlet_2/TRAJ_00002/restart/MOLCAS.1.JobIph.111', 'JOB001']
['link', 'MOLCAS.1.JobIph', 'JOB002']
['rassi', 'overlap', [4, 4]]
['copy', 'MOLCAS.rassi.h5', 'MOLCAS.rassi.ovlp.1.h5']
['copy', '/project/lgagliardi/helenclifford/practice_rcc/sharc4/methaniminium/tutorial_reproduction/traj/Singlet_2/TRAJ_00002/restart/MOLCAS.3.JobIph.111', 'JOB001']
['link', 'MOLCAS.3.JobIph', 'JOB002']
['rassi', 'overlap', [3, 3]]
['copy', 'MOLCAS.rassi.h5', 'MOLCAS.rassi.ovlp.3.h5']
['link', 'MOLCAS.1.JobIph', 'JOB001']
['link', 'MOLCAS.3.JobIph', 'JOB002']
['rassi', 'soc', [4, 3]]
['copy', '$master_path/MOLCAS.1.JobIph', 'JOBOLD']
['rasscf', 1, 4, True, False]
['mclr', 0.0001, 'sala=1']
['alaska']
All jobs finished:
job: master          code: 0    runtime: 0:00:11.345955
job: grad_1_1        code: 0    runtime: 0:00:05.643808

Starting job execution
['gateway']
['seward']
['copy', '/project/lgagliardi/helenclifford/practice_rcc/sharc4/methaniminium/tutorial_reproduction/traj/Singlet_2/TRAJ_00002/restart/MOLCAS.1.JobIph.112', 'JOBOLD']
['rasscf', 1, 4, True, False]
['copy', 'MOLCAS.rasscf.h5', 'MOLCAS.1.rasscf.h5']
['copy', 'MOLCAS.JobIph', 'MOLCAS.1.JobIph']
['copy', '/project/lgagliardi/helenclifford/practice_rcc/sharc4/methaniminium/tutorial_reproduction/traj/Singlet_2/TRAJ_00002/restart/MOLCAS.3.JobIph.112', 'JOBOLD']
['rasscf', 3, 3, True, False]
['copy', 'MOLCAS.rasscf.h5', 'MOLCAS.3.rasscf.h5']
['copy', 'MOLCAS.JobIph', 'MOLCAS.3.JobIph']
['link', 'MOLCAS.1.JobIph', 'JOB001']
['rassi', 'dm', [4]]
['copy', 'MOLCAS.rassi.h5', 'MOLCAS.rassi.1.h5']
['link', 'MOLCAS.3.JobIph', 'JOB001']
['rassi', 'dm', [3]]
['copy', 'MOLCAS.rassi.h5', 'MOLCAS.rassi.3.h5']
['copy', '/project/lgagliardi/helenclifford/practice_rcc/sharc4/methaniminium/tutorial_reproduction/traj/Singlet_2/TRAJ_00002/restart/MOLCAS.1.JobIph.112', 'JOB001']
['link', 'MOLCAS.1.JobIph', 'JOB002']
['rassi', 'overlap', [4, 4]]
['copy', 'MOLCAS.rassi.h5', 'MOLCAS.rassi.ovlp.1.h5']
['copy', '/project/lgagliardi/helenclifford/practice_rcc/sharc4/methaniminium/tutorial_reproduction/traj/Singlet_2/TRAJ_00002/restart/MOLCAS.3.JobIph.112', 'JOB001']
['link', 'MOLCAS.3.JobIph', 'JOB002']
['rassi', 'overlap', [3, 3]]
['copy', 'MOLCAS.rassi.h5', 'MOLCAS.rassi.ovlp.3.h5']
['link', 'MOLCAS.1.JobIph', 'JOB001']
['link', 'MOLCAS.3.JobIph', 'JOB002']
['rassi', 'soc', [4, 3]]
['copy', '$master_path/MOLCAS.1.JobIph', 'JOBOLD']
['rasscf', 1, 4, True, False]
['mclr', 0.0001, 'sala=1']
['alaska']
All jobs finished:
job: master          code: 0    runtime: 0:00:13.078645
job: grad_1_1        code: 0    runtime: 0:00:05.062058

Starting job execution
['gateway']
['seward']
['copy', '/project/lgagliardi/helenclifford/practice_rcc/sharc4/methaniminium/tutorial_reproduction/traj/Singlet_2/TRAJ_00002/restart/MOLCAS.1.JobIph.113', 'JOBOLD']
['rasscf', 1, 4, True, False]
['copy', 'MOLCAS.rasscf.h5', 'MOLCAS.1.rasscf.h5']
['copy', 'MOLCAS.JobIph', 'MOLCAS.1.JobIph']
['copy', '/project/lgagliardi/helenclifford/practice_rcc/sharc4/methaniminium/tutorial_reproduction/traj/Singlet_2/TRAJ_00002/restart/MOLCAS.3.JobIph.113', 'JOBOLD']
['rasscf', 3, 3, True, False]
['copy', 'MOLCAS.rasscf.h5', 'MOLCAS.3.rasscf.h5']
['copy', 'MOLCAS.JobIph', 'MOLCAS.3.JobIph']
['link', 'MOLCAS.1.JobIph', 'JOB001']
['rassi', 'dm', [4]]
['copy', 'MOLCAS.rassi.h5', 'MOLCAS.rassi.1.h5']
['link', 'MOLCAS.3.JobIph', 'JOB001']
['rassi', 'dm', [3]]
['copy', 'MOLCAS.rassi.h5', 'MOLCAS.rassi.3.h5']
['copy', '/project/lgagliardi/helenclifford/practice_rcc/sharc4/methaniminium/tutorial_reproduction/traj/Singlet_2/TRAJ_00002/restart/MOLCAS.1.JobIph.113', 'JOB001']
['link', 'MOLCAS.1.JobIph', 'JOB002']
['rassi', 'overlap', [4, 4]]
['copy', 'MOLCAS.rassi.h5', 'MOLCAS.rassi.ovlp.1.h5']
['copy', '/project/lgagliardi/helenclifford/practice_rcc/sharc4/methaniminium/tutorial_reproduction/traj/Singlet_2/TRAJ_00002/restart/MOLCAS.3.JobIph.113', 'JOB001']
['link', 'MOLCAS.3.JobIph', 'JOB002']
['rassi', 'overlap', [3, 3]]
['copy', 'MOLCAS.rassi.h5', 'MOLCAS.rassi.ovlp.3.h5']
['link', 'MOLCAS.1.JobIph', 'JOB001']
['link', 'MOLCAS.3.JobIph', 'JOB002']
['rassi', 'soc', [4, 3]]
['copy', '$master_path/MOLCAS.1.JobIph', 'JOBOLD']
['rasscf', 1, 4, True, False]
['mclr', 0.0001, 'sala=1']
['alaska']
All jobs finished:
job: master          code: 0    runtime: 0:00:12.100871
job: grad_1_1        code: 0    runtime: 0:00:05.163118

Starting job execution
['gateway']
['seward']
['copy', '/project/lgagliardi/helenclifford/practice_rcc/sharc4/methaniminium/tutorial_reproduction/traj/Singlet_2/TRAJ_00002/restart/MOLCAS.1.JobIph.114', 'JOBOLD']
['rasscf', 1, 4, True, False]
['copy', 'MOLCAS.rasscf.h5', 'MOLCAS.1.rasscf.h5']
['copy', 'MOLCAS.JobIph', 'MOLCAS.1.JobIph']
['copy', '/project/lgagliardi/helenclifford/practice_rcc/sharc4/methaniminium/tutorial_reproduction/traj/Singlet_2/TRAJ_00002/restart/MOLCAS.3.JobIph.114', 'JOBOLD']
['rasscf', 3, 3, True, False]
['copy', 'MOLCAS.rasscf.h5', 'MOLCAS.3.rasscf.h5']
['copy', 'MOLCAS.JobIph', 'MOLCAS.3.JobIph']
['link', 'MOLCAS.1.JobIph', 'JOB001']
['rassi', 'dm', [4]]
['copy', 'MOLCAS.rassi.h5', 'MOLCAS.rassi.1.h5']
['link', 'MOLCAS.3.JobIph', 'JOB001']
['rassi', 'dm', [3]]
['copy', 'MOLCAS.rassi.h5', 'MOLCAS.rassi.3.h5']
['copy', '/project/lgagliardi/helenclifford/practice_rcc/sharc4/methaniminium/tutorial_reproduction/traj/Singlet_2/TRAJ_00002/restart/MOLCAS.1.JobIph.114', 'JOB001']
['link', 'MOLCAS.1.JobIph', 'JOB002']
['rassi', 'overlap', [4, 4]]
['copy', 'MOLCAS.rassi.h5', 'MOLCAS.rassi.ovlp.1.h5']
['copy', '/project/lgagliardi/helenclifford/practice_rcc/sharc4/methaniminium/tutorial_reproduction/traj/Singlet_2/TRAJ_00002/restart/MOLCAS.3.JobIph.114', 'JOB001']
['link', 'MOLCAS.3.JobIph', 'JOB002']
['rassi', 'overlap', [3, 3]]
['copy', 'MOLCAS.rassi.h5', 'MOLCAS.rassi.ovlp.3.h5']
['link', 'MOLCAS.1.JobIph', 'JOB001']
['link', 'MOLCAS.3.JobIph', 'JOB002']
['rassi', 'soc', [4, 3]]
['copy', '$master_path/MOLCAS.1.JobIph', 'JOBOLD']
['rasscf', 1, 4, True, False]
['mclr', 0.0001, 'sala=1']
['alaska']
All jobs finished:
job: master          code: 0    runtime: 0:00:11.944249
job: grad_1_1        code: 0    runtime: 0:00:05.082646

Starting job execution
['gateway']
['seward']
['copy', '/project/lgagliardi/helenclifford/practice_rcc/sharc4/methaniminium/tutorial_reproduction/traj/Singlet_2/TRAJ_00002/restart/MOLCAS.1.JobIph.115', 'JOBOLD']
['rasscf', 1, 4, True, False]
['copy', 'MOLCAS.rasscf.h5', 'MOLCAS.1.rasscf.h5']
['copy', 'MOLCAS.JobIph', 'MOLCAS.1.JobIph']
['copy', '/project/lgagliardi/helenclifford/practice_rcc/sharc4/methaniminium/tutorial_reproduction/traj/Singlet_2/TRAJ_00002/restart/MOLCAS.3.JobIph.115', 'JOBOLD']
['rasscf', 3, 3, True, False]
['copy', 'MOLCAS.rasscf.h5', 'MOLCAS.3.rasscf.h5']
['copy', 'MOLCAS.JobIph', 'MOLCAS.3.JobIph']
['link', 'MOLCAS.1.JobIph', 'JOB001']
['rassi', 'dm', [4]]
['copy', 'MOLCAS.rassi.h5', 'MOLCAS.rassi.1.h5']
['link', 'MOLCAS.3.JobIph', 'JOB001']
['rassi', 'dm', [3]]
['copy', 'MOLCAS.rassi.h5', 'MOLCAS.rassi.3.h5']
['copy', '/project/lgagliardi/helenclifford/practice_rcc/sharc4/methaniminium/tutorial_reproduction/traj/Singlet_2/TRAJ_00002/restart/MOLCAS.1.JobIph.115', 'JOB001']
['link', 'MOLCAS.1.JobIph', 'JOB002']
['rassi', 'overlap', [4, 4]]
['copy', 'MOLCAS.rassi.h5', 'MOLCAS.rassi.ovlp.1.h5']
['copy', '/project/lgagliardi/helenclifford/practice_rcc/sharc4/methaniminium/tutorial_reproduction/traj/Singlet_2/TRAJ_00002/restart/MOLCAS.3.JobIph.115', 'JOB001']
['link', 'MOLCAS.3.JobIph', 'JOB002']
['rassi', 'overlap', [3, 3]]
['copy', 'MOLCAS.rassi.h5', 'MOLCAS.rassi.ovlp.3.h5']
['link', 'MOLCAS.1.JobIph', 'JOB001']
['link', 'MOLCAS.3.JobIph', 'JOB002']
['rassi', 'soc', [4, 3]]
['copy', '$master_path/MOLCAS.1.JobIph', 'JOBOLD']
['rasscf', 1, 4, True, False]
['mclr', 0.0001, 'sala=1']
['alaska']
All jobs finished:
job: master          code: 0    runtime: 0:00:12.927260
job: grad_1_1        code: 0    runtime: 0:00:04.763046

Starting job execution
['gateway']
['seward']
['copy', '/project/lgagliardi/helenclifford/practice_rcc/sharc4/methaniminium/tutorial_reproduction/traj/Singlet_2/TRAJ_00002/restart/MOLCAS.1.JobIph.116', 'JOBOLD']
['rasscf', 1, 4, True, False]
['copy', 'MOLCAS.rasscf.h5', 'MOLCAS.1.rasscf.h5']
['copy', 'MOLCAS.JobIph', 'MOLCAS.1.JobIph']
['copy', '/project/lgagliardi/helenclifford/practice_rcc/sharc4/methaniminium/tutorial_reproduction/traj/Singlet_2/TRAJ_00002/restart/MOLCAS.3.JobIph.116', 'JOBOLD']
['rasscf', 3, 3, True, False]
['copy', 'MOLCAS.rasscf.h5', 'MOLCAS.3.rasscf.h5']
['copy', 'MOLCAS.JobIph', 'MOLCAS.3.JobIph']
['link', 'MOLCAS.1.JobIph', 'JOB001']
['rassi', 'dm', [4]]
['copy', 'MOLCAS.rassi.h5', 'MOLCAS.rassi.1.h5']
['link', 'MOLCAS.3.JobIph', 'JOB001']
['rassi', 'dm', [3]]
['copy', 'MOLCAS.rassi.h5', 'MOLCAS.rassi.3.h5']
['copy', '/project/lgagliardi/helenclifford/practice_rcc/sharc4/methaniminium/tutorial_reproduction/traj/Singlet_2/TRAJ_00002/restart/MOLCAS.1.JobIph.116', 'JOB001']
['link', 'MOLCAS.1.JobIph', 'JOB002']
['rassi', 'overlap', [4, 4]]
['copy', 'MOLCAS.rassi.h5', 'MOLCAS.rassi.ovlp.1.h5']
['copy', '/project/lgagliardi/helenclifford/practice_rcc/sharc4/methaniminium/tutorial_reproduction/traj/Singlet_2/TRAJ_00002/restart/MOLCAS.3.JobIph.116', 'JOB001']
['link', 'MOLCAS.3.JobIph', 'JOB002']
['rassi', 'overlap', [3, 3]]
['copy', 'MOLCAS.rassi.h5', 'MOLCAS.rassi.ovlp.3.h5']
['link', 'MOLCAS.1.JobIph', 'JOB001']
['link', 'MOLCAS.3.JobIph', 'JOB002']
['rassi', 'soc', [4, 3]]
['copy', '$master_path/MOLCAS.1.JobIph', 'JOBOLD']
['rasscf', 1, 4, True, False]
['mclr', 0.0001, 'sala=1']
['alaska']
All jobs finished:
job: master          code: 0    runtime: 0:00:11.488720
job: grad_1_1        code: 0    runtime: 0:00:06.037271

Starting job execution
['gateway']
['seward']
['copy', '/project/lgagliardi/helenclifford/practice_rcc/sharc4/methaniminium/tutorial_reproduction/traj/Singlet_2/TRAJ_00002/restart/MOLCAS.1.JobIph.117', 'JOBOLD']
['rasscf', 1, 4, True, False]
['copy', 'MOLCAS.rasscf.h5', 'MOLCAS.1.rasscf.h5']
['copy', 'MOLCAS.JobIph', 'MOLCAS.1.JobIph']
['copy', '/project/lgagliardi/helenclifford/practice_rcc/sharc4/methaniminium/tutorial_reproduction/traj/Singlet_2/TRAJ_00002/restart/MOLCAS.3.JobIph.117', 'JOBOLD']
['rasscf', 3, 3, True, False]
['copy', 'MOLCAS.rasscf.h5', 'MOLCAS.3.rasscf.h5']
['copy', 'MOLCAS.JobIph', 'MOLCAS.3.JobIph']
['link', 'MOLCAS.1.JobIph', 'JOB001']
['rassi', 'dm', [4]]
['copy', 'MOLCAS.rassi.h5', 'MOLCAS.rassi.1.h5']
['link', 'MOLCAS.3.JobIph', 'JOB001']
['rassi', 'dm', [3]]
['copy', 'MOLCAS.rassi.h5', 'MOLCAS.rassi.3.h5']
['copy', '/project/lgagliardi/helenclifford/practice_rcc/sharc4/methaniminium/tutorial_reproduction/traj/Singlet_2/TRAJ_00002/restart/MOLCAS.1.JobIph.117', 'JOB001']
['link', 'MOLCAS.1.JobIph', 'JOB002']
['rassi', 'overlap', [4, 4]]
['copy', 'MOLCAS.rassi.h5', 'MOLCAS.rassi.ovlp.1.h5']
['copy', '/project/lgagliardi/helenclifford/practice_rcc/sharc4/methaniminium/tutorial_reproduction/traj/Singlet_2/TRAJ_00002/restart/MOLCAS.3.JobIph.117', 'JOB001']
['link', 'MOLCAS.3.JobIph', 'JOB002']
['rassi', 'overlap', [3, 3]]
['copy', 'MOLCAS.rassi.h5', 'MOLCAS.rassi.ovlp.3.h5']
['link', 'MOLCAS.1.JobIph', 'JOB001']
['link', 'MOLCAS.3.JobIph', 'JOB002']
['rassi', 'soc', [4, 3]]
['copy', '$master_path/MOLCAS.1.JobIph', 'JOBOLD']
['rasscf', 1, 4, True, False]
['mclr', 0.0001, 'sala=1']
['alaska']
All jobs finished:
job: master          code: 0    runtime: 0:00:12.399523
job: grad_1_1        code: 0    runtime: 0:00:05.616226

Starting job execution
['gateway']
['seward']
['copy', '/project/lgagliardi/helenclifford/practice_rcc/sharc4/methaniminium/tutorial_reproduction/traj/Singlet_2/TRAJ_00002/restart/MOLCAS.1.JobIph.118', 'JOBOLD']
['rasscf', 1, 4, True, False]
['copy', 'MOLCAS.rasscf.h5', 'MOLCAS.1.rasscf.h5']
['copy', 'MOLCAS.JobIph', 'MOLCAS.1.JobIph']
['copy', '/project/lgagliardi/helenclifford/practice_rcc/sharc4/methaniminium/tutorial_reproduction/traj/Singlet_2/TRAJ_00002/restart/MOLCAS.3.JobIph.118', 'JOBOLD']
['rasscf', 3, 3, True, False]
['copy', 'MOLCAS.rasscf.h5', 'MOLCAS.3.rasscf.h5']
['copy', 'MOLCAS.JobIph', 'MOLCAS.3.JobIph']
['link', 'MOLCAS.1.JobIph', 'JOB001']
['rassi', 'dm', [4]]
['copy', 'MOLCAS.rassi.h5', 'MOLCAS.rassi.1.h5']
['link', 'MOLCAS.3.JobIph', 'JOB001']
['rassi', 'dm', [3]]
['copy', 'MOLCAS.rassi.h5', 'MOLCAS.rassi.3.h5']
['copy', '/project/lgagliardi/helenclifford/practice_rcc/sharc4/methaniminium/tutorial_reproduction/traj/Singlet_2/TRAJ_00002/restart/MOLCAS.1.JobIph.118', 'JOB001']
['link', 'MOLCAS.1.JobIph', 'JOB002']
['rassi', 'overlap', [4, 4]]
['copy', 'MOLCAS.rassi.h5', 'MOLCAS.rassi.ovlp.1.h5']
['copy', '/project/lgagliardi/helenclifford/practice_rcc/sharc4/methaniminium/tutorial_reproduction/traj/Singlet_2/TRAJ_00002/restart/MOLCAS.3.JobIph.118', 'JOB001']
['link', 'MOLCAS.3.JobIph', 'JOB002']
['rassi', 'overlap', [3, 3]]
['copy', 'MOLCAS.rassi.h5', 'MOLCAS.rassi.ovlp.3.h5']
['link', 'MOLCAS.1.JobIph', 'JOB001']
['link', 'MOLCAS.3.JobIph', 'JOB002']
['rassi', 'soc', [4, 3]]
['copy', '$master_path/MOLCAS.1.JobIph', 'JOBOLD']
['rasscf', 1, 4, True, False]
['mclr', 0.0001, 'sala=1']
['alaska']
All jobs finished:
job: master          code: 0    runtime: 0:00:12.873512
job: grad_1_1        code: 0    runtime: 0:00:05.557959

Starting job execution
['gateway']
['seward']
['copy', '/project/lgagliardi/helenclifford/practice_rcc/sharc4/methaniminium/tutorial_reproduction/traj/Singlet_2/TRAJ_00002/restart/MOLCAS.1.JobIph.119', 'JOBOLD']
['rasscf', 1, 4, True, False]
['copy', 'MOLCAS.rasscf.h5', 'MOLCAS.1.rasscf.h5']
['copy', 'MOLCAS.JobIph', 'MOLCAS.1.JobIph']
['copy', '/project/lgagliardi/helenclifford/practice_rcc/sharc4/methaniminium/tutorial_reproduction/traj/Singlet_2/TRAJ_00002/restart/MOLCAS.3.JobIph.119', 'JOBOLD']
['rasscf', 3, 3, True, False]
['copy', 'MOLCAS.rasscf.h5', 'MOLCAS.3.rasscf.h5']
['copy', 'MOLCAS.JobIph', 'MOLCAS.3.JobIph']
['link', 'MOLCAS.1.JobIph', 'JOB001']
['rassi', 'dm', [4]]
['copy', 'MOLCAS.rassi.h5', 'MOLCAS.rassi.1.h5']
['link', 'MOLCAS.3.JobIph', 'JOB001']
['rassi', 'dm', [3]]
['copy', 'MOLCAS.rassi.h5', 'MOLCAS.rassi.3.h5']
['copy', '/project/lgagliardi/helenclifford/practice_rcc/sharc4/methaniminium/tutorial_reproduction/traj/Singlet_2/TRAJ_00002/restart/MOLCAS.1.JobIph.119', 'JOB001']
['link', 'MOLCAS.1.JobIph', 'JOB002']
['rassi', 'overlap', [4, 4]]
['copy', 'MOLCAS.rassi.h5', 'MOLCAS.rassi.ovlp.1.h5']
['copy', '/project/lgagliardi/helenclifford/practice_rcc/sharc4/methaniminium/tutorial_reproduction/traj/Singlet_2/TRAJ_00002/restart/MOLCAS.3.JobIph.119', 'JOB001']
['link', 'MOLCAS.3.JobIph', 'JOB002']
['rassi', 'overlap', [3, 3]]
['copy', 'MOLCAS.rassi.h5', 'MOLCAS.rassi.ovlp.3.h5']
['link', 'MOLCAS.1.JobIph', 'JOB001']
['link', 'MOLCAS.3.JobIph', 'JOB002']
['rassi', 'soc', [4, 3]]
['copy', '$master_path/MOLCAS.1.JobIph', 'JOBOLD']
['rasscf', 1, 4, True, False]
['mclr', 0.0001, 'sala=1']
['alaska']
All jobs finished:
job: master          code: 0    runtime: 0:00:12.538455
job: grad_1_1        code: 0    runtime: 0:00:05.965795

Starting job execution
['gateway']
['seward']
['copy', '/project/lgagliardi/helenclifford/practice_rcc/sharc4/methaniminium/tutorial_reproduction/traj/Singlet_2/TRAJ_00002/restart/MOLCAS.1.JobIph.120', 'JOBOLD']
['rasscf', 1, 4, True, False]
['copy', 'MOLCAS.rasscf.h5', 'MOLCAS.1.rasscf.h5']
['copy', 'MOLCAS.JobIph', 'MOLCAS.1.JobIph']
['copy', '/project/lgagliardi/helenclifford/practice_rcc/sharc4/methaniminium/tutorial_reproduction/traj/Singlet_2/TRAJ_00002/restart/MOLCAS.3.JobIph.120', 'JOBOLD']
['rasscf', 3, 3, True, False]
['copy', 'MOLCAS.rasscf.h5', 'MOLCAS.3.rasscf.h5']
['copy', 'MOLCAS.JobIph', 'MOLCAS.3.JobIph']
['link', 'MOLCAS.1.JobIph', 'JOB001']
['rassi', 'dm', [4]]
['copy', 'MOLCAS.rassi.h5', 'MOLCAS.rassi.1.h5']
['link', 'MOLCAS.3.JobIph', 'JOB001']
['rassi', 'dm', [3]]
['copy', 'MOLCAS.rassi.h5', 'MOLCAS.rassi.3.h5']
['copy', '/project/lgagliardi/helenclifford/practice_rcc/sharc4/methaniminium/tutorial_reproduction/traj/Singlet_2/TRAJ_00002/restart/MOLCAS.1.JobIph.120', 'JOB001']
['link', 'MOLCAS.1.JobIph', 'JOB002']
['rassi', 'overlap', [4, 4]]
['copy', 'MOLCAS.rassi.h5', 'MOLCAS.rassi.ovlp.1.h5']
['copy', '/project/lgagliardi/helenclifford/practice_rcc/sharc4/methaniminium/tutorial_reproduction/traj/Singlet_2/TRAJ_00002/restart/MOLCAS.3.JobIph.120', 'JOB001']
['link', 'MOLCAS.3.JobIph', 'JOB002']
['rassi', 'overlap', [3, 3]]
['copy', 'MOLCAS.rassi.h5', 'MOLCAS.rassi.ovlp.3.h5']
['link', 'MOLCAS.1.JobIph', 'JOB001']
['link', 'MOLCAS.3.JobIph', 'JOB002']
['rassi', 'soc', [4, 3]]
['copy', '$master_path/MOLCAS.1.JobIph', 'JOBOLD']
['rasscf', 1, 4, True, False]
['mclr', 0.0001, 'sala=1']
['alaska']
All jobs finished:
job: master          code: 0    runtime: 0:00:12.328652
job: grad_1_1        code: 0    runtime: 0:00:05.617843

Starting job execution
['gateway']
['seward']
['copy', '/project/lgagliardi/helenclifford/practice_rcc/sharc4/methaniminium/tutorial_reproduction/traj/Singlet_2/TRAJ_00002/restart/MOLCAS.1.JobIph.121', 'JOBOLD']
['rasscf', 1, 4, True, False]
['copy', 'MOLCAS.rasscf.h5', 'MOLCAS.1.rasscf.h5']
['copy', 'MOLCAS.JobIph', 'MOLCAS.1.JobIph']
['copy', '/project/lgagliardi/helenclifford/practice_rcc/sharc4/methaniminium/tutorial_reproduction/traj/Singlet_2/TRAJ_00002/restart/MOLCAS.3.JobIph.121', 'JOBOLD']
['rasscf', 3, 3, True, False]
['copy', 'MOLCAS.rasscf.h5', 'MOLCAS.3.rasscf.h5']
['copy', 'MOLCAS.JobIph', 'MOLCAS.3.JobIph']
['link', 'MOLCAS.1.JobIph', 'JOB001']
['rassi', 'dm', [4]]
['copy', 'MOLCAS.rassi.h5', 'MOLCAS.rassi.1.h5']
['link', 'MOLCAS.3.JobIph', 'JOB001']
['rassi', 'dm', [3]]
['copy', 'MOLCAS.rassi.h5', 'MOLCAS.rassi.3.h5']
['copy', '/project/lgagliardi/helenclifford/practice_rcc/sharc4/methaniminium/tutorial_reproduction/traj/Singlet_2/TRAJ_00002/restart/MOLCAS.1.JobIph.120', 'JOB001']
['link', 'MOLCAS.1.JobIph', 'JOB002']
['rassi', 'overlap', [4, 4]]
['copy', 'MOLCAS.rassi.h5', 'MOLCAS.rassi.ovlp.1.h5']
['copy', '/project/lgagliardi/helenclifford/practice_rcc/sharc4/methaniminium/tutorial_reproduction/traj/Singlet_2/TRAJ_00002/restart/MOLCAS.3.JobIph.120', 'JOB001']
['link', 'MOLCAS.3.JobIph', 'JOB002']
['rassi', 'overlap', [3, 3]]
['copy', 'MOLCAS.rassi.h5', 'MOLCAS.rassi.ovlp.3.h5']
['link', 'MOLCAS.1.JobIph', 'JOB001']
['link', 'MOLCAS.3.JobIph', 'JOB002']
['rassi', 'soc', [4, 3]]
['copy', '$master_path/MOLCAS.3.JobIph', 'JOBOLD']
['rasscf', 3, 3, True, False]
['mclr', 0.0001, 'sala=1']
['alaska']
['copy', '$master_path/MOLCAS.1.JobIph', 'JOBOLD']
['rasscf', 1, 4, True, False]
['mclr', 0.0001, 'sala=1']
['alaska']
All jobs finished:
job: master          code: 0    runtime: 0:00:11.293256
job: grad_3_1        code: 0    runtime: 0:00:05.689466
job: grad_1_1        code: 0    runtime: 0:00:05.682139

Starting job execution
['gateway']
['seward']
['copy', '/project/lgagliardi/helenclifford/practice_rcc/sharc4/methaniminium/tutorial_reproduction/traj/Singlet_2/TRAJ_00002/restart/MOLCAS.1.JobIph.121', 'JOBOLD']
['rasscf', 1, 4, True, False]
['copy', 'MOLCAS.rasscf.h5', 'MOLCAS.1.rasscf.h5']
['copy', 'MOLCAS.JobIph', 'MOLCAS.1.JobIph']
['copy', '/project/lgagliardi/helenclifford/practice_rcc/sharc4/methaniminium/tutorial_reproduction/traj/Singlet_2/TRAJ_00002/restart/MOLCAS.3.JobIph.121', 'JOBOLD']
['rasscf', 3, 3, True, False]
['copy', 'MOLCAS.rasscf.h5', 'MOLCAS.3.rasscf.h5']
['copy', 'MOLCAS.JobIph', 'MOLCAS.3.JobIph']
['link', 'MOLCAS.1.JobIph', 'JOB001']
['rassi', 'dm', [4]]
['copy', 'MOLCAS.rassi.h5', 'MOLCAS.rassi.1.h5']
['link', 'MOLCAS.3.JobIph', 'JOB001']
['rassi', 'dm', [3]]
['copy', 'MOLCAS.rassi.h5', 'MOLCAS.rassi.3.h5']
['copy', '/project/lgagliardi/helenclifford/practice_rcc/sharc4/methaniminium/tutorial_reproduction/traj/Singlet_2/TRAJ_00002/restart/MOLCAS.1.JobIph.121', 'JOB001']
['link', 'MOLCAS.1.JobIph', 'JOB002']
['rassi', 'overlap', [4, 4]]
['copy', 'MOLCAS.rassi.h5', 'MOLCAS.rassi.ovlp.1.h5']
['copy', '/project/lgagliardi/helenclifford/practice_rcc/sharc4/methaniminium/tutorial_reproduction/traj/Singlet_2/TRAJ_00002/restart/MOLCAS.3.JobIph.121', 'JOB001']
['link', 'MOLCAS.3.JobIph', 'JOB002']
['rassi', 'overlap', [3, 3]]
['copy', 'MOLCAS.rassi.h5', 'MOLCAS.rassi.ovlp.3.h5']
['link', 'MOLCAS.1.JobIph', 'JOB001']
['link', 'MOLCAS.3.JobIph', 'JOB002']
['rassi', 'soc', [4, 3]]
['copy', '$master_path/MOLCAS.3.JobIph', 'JOBOLD']
['rasscf', 3, 3, True, False]
['mclr', 0.0001, 'sala=1']
['alaska']
['copy', '$master_path/MOLCAS.1.JobIph', 'JOBOLD']
['rasscf', 1, 4, True, False]
['mclr', 0.0001, 'sala=1']
['alaska']
All jobs finished:
job: master          code: 0    runtime: 0:00:12.617884
job: grad_3_1        code: 0    runtime: 0:00:05.658355
job: grad_1_1        code: 0    runtime: 0:00:05.696561

Starting job execution
['gateway']
['seward']
['copy', '/project/lgagliardi/helenclifford/practice_rcc/sharc4/methaniminium/tutorial_reproduction/traj/Singlet_2/TRAJ_00002/restart/MOLCAS.1.JobIph.122', 'JOBOLD']
['rasscf', 1, 4, True, False]
['copy', 'MOLCAS.rasscf.h5', 'MOLCAS.1.rasscf.h5']
['copy', 'MOLCAS.JobIph', 'MOLCAS.1.JobIph']
['copy', '/project/lgagliardi/helenclifford/practice_rcc/sharc4/methaniminium/tutorial_reproduction/traj/Singlet_2/TRAJ_00002/restart/MOLCAS.3.JobIph.122', 'JOBOLD']
['rasscf', 3, 3, True, False]
['copy', 'MOLCAS.rasscf.h5', 'MOLCAS.3.rasscf.h5']
['copy', 'MOLCAS.JobIph', 'MOLCAS.3.JobIph']
['link', 'MOLCAS.1.JobIph', 'JOB001']
['rassi', 'dm', [4]]
['copy', 'MOLCAS.rassi.h5', 'MOLCAS.rassi.1.h5']
['link', 'MOLCAS.3.JobIph', 'JOB001']
['rassi', 'dm', [3]]
['copy', 'MOLCAS.rassi.h5', 'MOLCAS.rassi.3.h5']
['copy', '/project/lgagliardi/helenclifford/practice_rcc/sharc4/methaniminium/tutorial_reproduction/traj/Singlet_2/TRAJ_00002/restart/MOLCAS.1.JobIph.122', 'JOB001']
['link', 'MOLCAS.1.JobIph', 'JOB002']
['rassi', 'overlap', [4, 4]]
['copy', 'MOLCAS.rassi.h5', 'MOLCAS.rassi.ovlp.1.h5']
['copy', '/project/lgagliardi/helenclifford/practice_rcc/sharc4/methaniminium/tutorial_reproduction/traj/Singlet_2/TRAJ_00002/restart/MOLCAS.3.JobIph.122', 'JOB001']
['link', 'MOLCAS.3.JobIph', 'JOB002']
['rassi', 'overlap', [3, 3]]
['copy', 'MOLCAS.rassi.h5', 'MOLCAS.rassi.ovlp.3.h5']
['link', 'MOLCAS.1.JobIph', 'JOB001']
['link', 'MOLCAS.3.JobIph', 'JOB002']
['rassi', 'soc', [4, 3]]
['copy', '$master_path/MOLCAS.3.JobIph', 'JOBOLD']
['rasscf', 3, 3, True, False]
['mclr', 0.0001, 'sala=1']
['alaska']
['copy', '$master_path/MOLCAS.1.JobIph', 'JOBOLD']
['rasscf', 1, 4, True, False]
['mclr', 0.0001, 'sala=1']
['alaska']
All jobs finished:
job: master          code: 0    runtime: 0:00:12.504891
job: grad_3_1        code: 0    runtime: 0:00:05.626291
job: grad_1_1        code: 0    runtime: 0:00:05.304524

Starting job execution
['gateway']
['seward']
['copy', '/project/lgagliardi/helenclifford/practice_rcc/sharc4/methaniminium/tutorial_reproduction/traj/Singlet_2/TRAJ_00002/restart/MOLCAS.1.JobIph.123', 'JOBOLD']
['rasscf', 1, 4, True, False]
['copy', 'MOLCAS.rasscf.h5', 'MOLCAS.1.rasscf.h5']
['copy', 'MOLCAS.JobIph', 'MOLCAS.1.JobIph']
['copy', '/project/lgagliardi/helenclifford/practice_rcc/sharc4/methaniminium/tutorial_reproduction/traj/Singlet_2/TRAJ_00002/restart/MOLCAS.3.JobIph.123', 'JOBOLD']
['rasscf', 3, 3, True, False]
['copy', 'MOLCAS.rasscf.h5', 'MOLCAS.3.rasscf.h5']
['copy', 'MOLCAS.JobIph', 'MOLCAS.3.JobIph']
['link', 'MOLCAS.1.JobIph', 'JOB001']
['rassi', 'dm', [4]]
['copy', 'MOLCAS.rassi.h5', 'MOLCAS.rassi.1.h5']
['link', 'MOLCAS.3.JobIph', 'JOB001']
['rassi', 'dm', [3]]
['copy', 'MOLCAS.rassi.h5', 'MOLCAS.rassi.3.h5']
['copy', '/project/lgagliardi/helenclifford/practice_rcc/sharc4/methaniminium/tutorial_reproduction/traj/Singlet_2/TRAJ_00002/restart/MOLCAS.1.JobIph.123', 'JOB001']
['link', 'MOLCAS.1.JobIph', 'JOB002']
['rassi', 'overlap', [4, 4]]
['copy', 'MOLCAS.rassi.h5', 'MOLCAS.rassi.ovlp.1.h5']
['copy', '/project/lgagliardi/helenclifford/practice_rcc/sharc4/methaniminium/tutorial_reproduction/traj/Singlet_2/TRAJ_00002/restart/MOLCAS.3.JobIph.123', 'JOB001']
['link', 'MOLCAS.3.JobIph', 'JOB002']
['rassi', 'overlap', [3, 3]]
['copy', 'MOLCAS.rassi.h5', 'MOLCAS.rassi.ovlp.3.h5']
['link', 'MOLCAS.1.JobIph', 'JOB001']
['link', 'MOLCAS.3.JobIph', 'JOB002']
['rassi', 'soc', [4, 3]]
['copy', '$master_path/MOLCAS.3.JobIph', 'JOBOLD']
['rasscf', 3, 3, True, False]
['mclr', 0.0001, 'sala=1']
['alaska']
['copy', '$master_path/MOLCAS.1.JobIph', 'JOBOLD']
['rasscf', 1, 4, True, False]
['mclr', 0.0001, 'sala=1']
['alaska']
All jobs finished:
job: master          code: 0    runtime: 0:00:12.180747
job: grad_3_1        code: 0    runtime: 0:00:05.233313
job: grad_1_1        code: 0    runtime: 0:00:05.733506

Starting job execution
['gateway']
['seward']
['copy', '/project/lgagliardi/helenclifford/practice_rcc/sharc4/methaniminium/tutorial_reproduction/traj/Singlet_2/TRAJ_00002/restart/MOLCAS.1.JobIph.124', 'JOBOLD']
['rasscf', 1, 4, True, False]
['copy', 'MOLCAS.rasscf.h5', 'MOLCAS.1.rasscf.h5']
['copy', 'MOLCAS.JobIph', 'MOLCAS.1.JobIph']
['copy', '/project/lgagliardi/helenclifford/practice_rcc/sharc4/methaniminium/tutorial_reproduction/traj/Singlet_2/TRAJ_00002/restart/MOLCAS.3.JobIph.124', 'JOBOLD']
['rasscf', 3, 3, True, False]
['copy', 'MOLCAS.rasscf.h5', 'MOLCAS.3.rasscf.h5']
['copy', 'MOLCAS.JobIph', 'MOLCAS.3.JobIph']
['link', 'MOLCAS.1.JobIph', 'JOB001']
['rassi', 'dm', [4]]
['copy', 'MOLCAS.rassi.h5', 'MOLCAS.rassi.1.h5']
['link', 'MOLCAS.3.JobIph', 'JOB001']
['rassi', 'dm', [3]]
['copy', 'MOLCAS.rassi.h5', 'MOLCAS.rassi.3.h5']
['copy', '/project/lgagliardi/helenclifford/practice_rcc/sharc4/methaniminium/tutorial_reproduction/traj/Singlet_2/TRAJ_00002/restart/MOLCAS.1.JobIph.124', 'JOB001']
['link', 'MOLCAS.1.JobIph', 'JOB002']
['rassi', 'overlap', [4, 4]]
['copy', 'MOLCAS.rassi.h5', 'MOLCAS.rassi.ovlp.1.h5']
['copy', '/project/lgagliardi/helenclifford/practice_rcc/sharc4/methaniminium/tutorial_reproduction/traj/Singlet_2/TRAJ_00002/restart/MOLCAS.3.JobIph.124', 'JOB001']
['link', 'MOLCAS.3.JobIph', 'JOB002']
['rassi', 'overlap', [3, 3]]
['copy', 'MOLCAS.rassi.h5', 'MOLCAS.rassi.ovlp.3.h5']
['link', 'MOLCAS.1.JobIph', 'JOB001']
['link', 'MOLCAS.3.JobIph', 'JOB002']
['rassi', 'soc', [4, 3]]
['copy', '$master_path/MOLCAS.1.JobIph', 'JOBOLD']
['rasscf', 1, 4, True, False]
['mclr', 0.0001, 'sala=1']
['alaska']
All jobs finished:
job: master          code: 0    runtime: 0:00:12.381855
job: grad_1_1        code: 0    runtime: 0:00:05.694483

Starting job execution
['gateway']
['seward']
['copy', '/project/lgagliardi/helenclifford/practice_rcc/sharc4/methaniminium/tutorial_reproduction/traj/Singlet_2/TRAJ_00002/restart/MOLCAS.1.JobIph.125', 'JOBOLD']
['rasscf', 1, 4, True, False]
['copy', 'MOLCAS.rasscf.h5', 'MOLCAS.1.rasscf.h5']
['copy', 'MOLCAS.JobIph', 'MOLCAS.1.JobIph']
['copy', '/project/lgagliardi/helenclifford/practice_rcc/sharc4/methaniminium/tutorial_reproduction/traj/Singlet_2/TRAJ_00002/restart/MOLCAS.3.JobIph.125', 'JOBOLD']
['rasscf', 3, 3, True, False]
['copy', 'MOLCAS.rasscf.h5', 'MOLCAS.3.rasscf.h5']
['copy', 'MOLCAS.JobIph', 'MOLCAS.3.JobIph']
['link', 'MOLCAS.1.JobIph', 'JOB001']
['rassi', 'dm', [4]]
['copy', 'MOLCAS.rassi.h5', 'MOLCAS.rassi.1.h5']
['link', 'MOLCAS.3.JobIph', 'JOB001']
['rassi', 'dm', [3]]
['copy', 'MOLCAS.rassi.h5', 'MOLCAS.rassi.3.h5']
['copy', '/project/lgagliardi/helenclifford/practice_rcc/sharc4/methaniminium/tutorial_reproduction/traj/Singlet_2/TRAJ_00002/restart/MOLCAS.1.JobIph.125', 'JOB001']
['link', 'MOLCAS.1.JobIph', 'JOB002']
['rassi', 'overlap', [4, 4]]
['copy', 'MOLCAS.rassi.h5', 'MOLCAS.rassi.ovlp.1.h5']
['copy', '/project/lgagliardi/helenclifford/practice_rcc/sharc4/methaniminium/tutorial_reproduction/traj/Singlet_2/TRAJ_00002/restart/MOLCAS.3.JobIph.125', 'JOB001']
['link', 'MOLCAS.3.JobIph', 'JOB002']
['rassi', 'overlap', [3, 3]]
['copy', 'MOLCAS.rassi.h5', 'MOLCAS.rassi.ovlp.3.h5']
['link', 'MOLCAS.1.JobIph', 'JOB001']
['link', 'MOLCAS.3.JobIph', 'JOB002']
['rassi', 'soc', [4, 3]]
['copy', '$master_path/MOLCAS.1.JobIph', 'JOBOLD']
['rasscf', 1, 4, True, False]
['mclr', 0.0001, 'sala=1']
['alaska']
All jobs finished:
job: master          code: 0    runtime: 0:00:12.167505
job: grad_1_1        code: 0    runtime: 0:00:05.299169

Starting job execution
['gateway']
['seward']
['copy', '/project/lgagliardi/helenclifford/practice_rcc/sharc4/methaniminium/tutorial_reproduction/traj/Singlet_2/TRAJ_00002/restart/MOLCAS.1.JobIph.126', 'JOBOLD']
['rasscf', 1, 4, True, False]
['copy', 'MOLCAS.rasscf.h5', 'MOLCAS.1.rasscf.h5']
['copy', 'MOLCAS.JobIph', 'MOLCAS.1.JobIph']
['copy', '/project/lgagliardi/helenclifford/practice_rcc/sharc4/methaniminium/tutorial_reproduction/traj/Singlet_2/TRAJ_00002/restart/MOLCAS.3.JobIph.126', 'JOBOLD']
['rasscf', 3, 3, True, False]
['copy', 'MOLCAS.rasscf.h5', 'MOLCAS.3.rasscf.h5']
['copy', 'MOLCAS.JobIph', 'MOLCAS.3.JobIph']
['link', 'MOLCAS.1.JobIph', 'JOB001']
['rassi', 'dm', [4]]
['copy', 'MOLCAS.rassi.h5', 'MOLCAS.rassi.1.h5']
['link', 'MOLCAS.3.JobIph', 'JOB001']
['rassi', 'dm', [3]]
['copy', 'MOLCAS.rassi.h5', 'MOLCAS.rassi.3.h5']
['copy', '/project/lgagliardi/helenclifford/practice_rcc/sharc4/methaniminium/tutorial_reproduction/traj/Singlet_2/TRAJ_00002/restart/MOLCAS.1.JobIph.126', 'JOB001']
['link', 'MOLCAS.1.JobIph', 'JOB002']
['rassi', 'overlap', [4, 4]]
['copy', 'MOLCAS.rassi.h5', 'MOLCAS.rassi.ovlp.1.h5']
['copy', '/project/lgagliardi/helenclifford/practice_rcc/sharc4/methaniminium/tutorial_reproduction/traj/Singlet_2/TRAJ_00002/restart/MOLCAS.3.JobIph.126', 'JOB001']
['link', 'MOLCAS.3.JobIph', 'JOB002']
['rassi', 'overlap', [3, 3]]
['copy', 'MOLCAS.rassi.h5', 'MOLCAS.rassi.ovlp.3.h5']
['link', 'MOLCAS.1.JobIph', 'JOB001']
['link', 'MOLCAS.3.JobIph', 'JOB002']
['rassi', 'soc', [4, 3]]
['copy', '$master_path/MOLCAS.1.JobIph', 'JOBOLD']
['rasscf', 1, 4, True, False]
['mclr', 0.0001, 'sala=1']
['alaska']
All jobs finished:
job: master          code: 0    runtime: 0:00:12.627831
job: grad_1_1        code: 0    runtime: 0:00:05.548151

Starting job execution
['gateway']
['seward']
['copy', '/project/lgagliardi/helenclifford/practice_rcc/sharc4/methaniminium/tutorial_reproduction/traj/Singlet_2/TRAJ_00002/restart/MOLCAS.1.JobIph.127', 'JOBOLD']
['rasscf', 1, 4, True, False]
['copy', 'MOLCAS.rasscf.h5', 'MOLCAS.1.rasscf.h5']
['copy', 'MOLCAS.JobIph', 'MOLCAS.1.JobIph']
['copy', '/project/lgagliardi/helenclifford/practice_rcc/sharc4/methaniminium/tutorial_reproduction/traj/Singlet_2/TRAJ_00002/restart/MOLCAS.3.JobIph.127', 'JOBOLD']
['rasscf', 3, 3, True, False]
['copy', 'MOLCAS.rasscf.h5', 'MOLCAS.3.rasscf.h5']
['copy', 'MOLCAS.JobIph', 'MOLCAS.3.JobIph']
['link', 'MOLCAS.1.JobIph', 'JOB001']
['rassi', 'dm', [4]]
['copy', 'MOLCAS.rassi.h5', 'MOLCAS.rassi.1.h5']
['link', 'MOLCAS.3.JobIph', 'JOB001']
['rassi', 'dm', [3]]
['copy', 'MOLCAS.rassi.h5', 'MOLCAS.rassi.3.h5']
['copy', '/project/lgagliardi/helenclifford/practice_rcc/sharc4/methaniminium/tutorial_reproduction/traj/Singlet_2/TRAJ_00002/restart/MOLCAS.1.JobIph.127', 'JOB001']
['link', 'MOLCAS.1.JobIph', 'JOB002']
['rassi', 'overlap', [4, 4]]
['copy', 'MOLCAS.rassi.h5', 'MOLCAS.rassi.ovlp.1.h5']
['copy', '/project/lgagliardi/helenclifford/practice_rcc/sharc4/methaniminium/tutorial_reproduction/traj/Singlet_2/TRAJ_00002/restart/MOLCAS.3.JobIph.127', 'JOB001']
['link', 'MOLCAS.3.JobIph', 'JOB002']
['rassi', 'overlap', [3, 3]]
['copy', 'MOLCAS.rassi.h5', 'MOLCAS.rassi.ovlp.3.h5']
['link', 'MOLCAS.1.JobIph', 'JOB001']
['link', 'MOLCAS.3.JobIph', 'JOB002']
['rassi', 'soc', [4, 3]]
['copy', '$master_path/MOLCAS.1.JobIph', 'JOBOLD']
['rasscf', 1, 4, True, False]
['mclr', 0.0001, 'sala=1']
['alaska']
All jobs finished:
job: master          code: 0    runtime: 0:00:12.402901
job: grad_1_1        code: 0    runtime: 0:00:05.461815

Starting job execution
['gateway']
['seward']
['copy', '/project/lgagliardi/helenclifford/practice_rcc/sharc4/methaniminium/tutorial_reproduction/traj/Singlet_2/TRAJ_00002/restart/MOLCAS.1.JobIph.128', 'JOBOLD']
['rasscf', 1, 4, True, False]
['copy', 'MOLCAS.rasscf.h5', 'MOLCAS.1.rasscf.h5']
['copy', 'MOLCAS.JobIph', 'MOLCAS.1.JobIph']
['copy', '/project/lgagliardi/helenclifford/practice_rcc/sharc4/methaniminium/tutorial_reproduction/traj/Singlet_2/TRAJ_00002/restart/MOLCAS.3.JobIph.128', 'JOBOLD']
['rasscf', 3, 3, True, False]
['copy', 'MOLCAS.rasscf.h5', 'MOLCAS.3.rasscf.h5']
['copy', 'MOLCAS.JobIph', 'MOLCAS.3.JobIph']
['link', 'MOLCAS.1.JobIph', 'JOB001']
['rassi', 'dm', [4]]
['copy', 'MOLCAS.rassi.h5', 'MOLCAS.rassi.1.h5']
['link', 'MOLCAS.3.JobIph', 'JOB001']
['rassi', 'dm', [3]]
['copy', 'MOLCAS.rassi.h5', 'MOLCAS.rassi.3.h5']
['copy', '/project/lgagliardi/helenclifford/practice_rcc/sharc4/methaniminium/tutorial_reproduction/traj/Singlet_2/TRAJ_00002/restart/MOLCAS.1.JobIph.128', 'JOB001']
['link', 'MOLCAS.1.JobIph', 'JOB002']
['rassi', 'overlap', [4, 4]]
['copy', 'MOLCAS.rassi.h5', 'MOLCAS.rassi.ovlp.1.h5']
['copy', '/project/lgagliardi/helenclifford/practice_rcc/sharc4/methaniminium/tutorial_reproduction/traj/Singlet_2/TRAJ_00002/restart/MOLCAS.3.JobIph.128', 'JOB001']
['link', 'MOLCAS.3.JobIph', 'JOB002']
['rassi', 'overlap', [3, 3]]
['copy', 'MOLCAS.rassi.h5', 'MOLCAS.rassi.ovlp.3.h5']
['link', 'MOLCAS.1.JobIph', 'JOB001']
['link', 'MOLCAS.3.JobIph', 'JOB002']
['rassi', 'soc', [4, 3]]
['copy', '$master_path/MOLCAS.1.JobIph', 'JOBOLD']
['rasscf', 1, 4, True, False]
['mclr', 0.0001, 'sala=1']
['alaska']
All jobs finished:
job: master          code: 0    runtime: 0:00:12.484558
job: grad_1_1        code: 0    runtime: 0:00:05.246459

Starting job execution
['gateway']
['seward']
['copy', '/project/lgagliardi/helenclifford/practice_rcc/sharc4/methaniminium/tutorial_reproduction/traj/Singlet_2/TRAJ_00002/restart/MOLCAS.1.JobIph.129', 'JOBOLD']
['rasscf', 1, 4, True, False]
['copy', 'MOLCAS.rasscf.h5', 'MOLCAS.1.rasscf.h5']
['copy', 'MOLCAS.JobIph', 'MOLCAS.1.JobIph']
['copy', '/project/lgagliardi/helenclifford/practice_rcc/sharc4/methaniminium/tutorial_reproduction/traj/Singlet_2/TRAJ_00002/restart/MOLCAS.3.JobIph.129', 'JOBOLD']
['rasscf', 3, 3, True, False]
['copy', 'MOLCAS.rasscf.h5', 'MOLCAS.3.rasscf.h5']
['copy', 'MOLCAS.JobIph', 'MOLCAS.3.JobIph']
['link', 'MOLCAS.1.JobIph', 'JOB001']
['rassi', 'dm', [4]]
['copy', 'MOLCAS.rassi.h5', 'MOLCAS.rassi.1.h5']
['link', 'MOLCAS.3.JobIph', 'JOB001']
['rassi', 'dm', [3]]
['copy', 'MOLCAS.rassi.h5', 'MOLCAS.rassi.3.h5']
['copy', '/project/lgagliardi/helenclifford/practice_rcc/sharc4/methaniminium/tutorial_reproduction/traj/Singlet_2/TRAJ_00002/restart/MOLCAS.1.JobIph.129', 'JOB001']
['link', 'MOLCAS.1.JobIph', 'JOB002']
['rassi', 'overlap', [4, 4]]
['copy', 'MOLCAS.rassi.h5', 'MOLCAS.rassi.ovlp.1.h5']
['copy', '/project/lgagliardi/helenclifford/practice_rcc/sharc4/methaniminium/tutorial_reproduction/traj/Singlet_2/TRAJ_00002/restart/MOLCAS.3.JobIph.129', 'JOB001']
['link', 'MOLCAS.3.JobIph', 'JOB002']
['rassi', 'overlap', [3, 3]]
['copy', 'MOLCAS.rassi.h5', 'MOLCAS.rassi.ovlp.3.h5']
['link', 'MOLCAS.1.JobIph', 'JOB001']
['link', 'MOLCAS.3.JobIph', 'JOB002']
['rassi', 'soc', [4, 3]]
['copy', '$master_path/MOLCAS.1.JobIph', 'JOBOLD']
['rasscf', 1, 4, True, False]
['mclr', 0.0001, 'sala=1']
['alaska']
All jobs finished:
job: master          code: 0    runtime: 0:00:12.473958
job: grad_1_1        code: 0    runtime: 0:00:05.326729

Starting job execution
['gateway']
['seward']
['copy', '/project/lgagliardi/helenclifford/practice_rcc/sharc4/methaniminium/tutorial_reproduction/traj/Singlet_2/TRAJ_00002/restart/MOLCAS.1.JobIph.130', 'JOBOLD']
['rasscf', 1, 4, True, False]
['copy', 'MOLCAS.rasscf.h5', 'MOLCAS.1.rasscf.h5']
['copy', 'MOLCAS.JobIph', 'MOLCAS.1.JobIph']
['copy', '/project/lgagliardi/helenclifford/practice_rcc/sharc4/methaniminium/tutorial_reproduction/traj/Singlet_2/TRAJ_00002/restart/MOLCAS.3.JobIph.130', 'JOBOLD']
['rasscf', 3, 3, True, False]
['copy', 'MOLCAS.rasscf.h5', 'MOLCAS.3.rasscf.h5']
['copy', 'MOLCAS.JobIph', 'MOLCAS.3.JobIph']
['link', 'MOLCAS.1.JobIph', 'JOB001']
['rassi', 'dm', [4]]
['copy', 'MOLCAS.rassi.h5', 'MOLCAS.rassi.1.h5']
['link', 'MOLCAS.3.JobIph', 'JOB001']
['rassi', 'dm', [3]]
['copy', 'MOLCAS.rassi.h5', 'MOLCAS.rassi.3.h5']
['copy', '/project/lgagliardi/helenclifford/practice_rcc/sharc4/methaniminium/tutorial_reproduction/traj/Singlet_2/TRAJ_00002/restart/MOLCAS.1.JobIph.130', 'JOB001']
['link', 'MOLCAS.1.JobIph', 'JOB002']
['rassi', 'overlap', [4, 4]]
['copy', 'MOLCAS.rassi.h5', 'MOLCAS.rassi.ovlp.1.h5']
['copy', '/project/lgagliardi/helenclifford/practice_rcc/sharc4/methaniminium/tutorial_reproduction/traj/Singlet_2/TRAJ_00002/restart/MOLCAS.3.JobIph.130', 'JOB001']
['link', 'MOLCAS.3.JobIph', 'JOB002']
['rassi', 'overlap', [3, 3]]
['copy', 'MOLCAS.rassi.h5', 'MOLCAS.rassi.ovlp.3.h5']
['link', 'MOLCAS.1.JobIph', 'JOB001']
['link', 'MOLCAS.3.JobIph', 'JOB002']
['rassi', 'soc', [4, 3]]
['copy', '$master_path/MOLCAS.1.JobIph', 'JOBOLD']
['rasscf', 1, 4, True, False]
['mclr', 0.0001, 'sala=1']
['alaska']
All jobs finished:
job: master          code: 0    runtime: 0:00:12.870553
job: grad_1_1        code: 0    runtime: 0:00:05.742919

Starting job execution
['gateway']
['seward']
['copy', '/project/lgagliardi/helenclifford/practice_rcc/sharc4/methaniminium/tutorial_reproduction/traj/Singlet_2/TRAJ_00002/restart/MOLCAS.1.JobIph.131', 'JOBOLD']
['rasscf', 1, 4, True, False]
['copy', 'MOLCAS.rasscf.h5', 'MOLCAS.1.rasscf.h5']
['copy', 'MOLCAS.JobIph', 'MOLCAS.1.JobIph']
['copy', '/project/lgagliardi/helenclifford/practice_rcc/sharc4/methaniminium/tutorial_reproduction/traj/Singlet_2/TRAJ_00002/restart/MOLCAS.3.JobIph.131', 'JOBOLD']
['rasscf', 3, 3, True, False]
['copy', 'MOLCAS.rasscf.h5', 'MOLCAS.3.rasscf.h5']
['copy', 'MOLCAS.JobIph', 'MOLCAS.3.JobIph']
['link', 'MOLCAS.1.JobIph', 'JOB001']
['rassi', 'dm', [4]]
['copy', 'MOLCAS.rassi.h5', 'MOLCAS.rassi.1.h5']
['link', 'MOLCAS.3.JobIph', 'JOB001']
['rassi', 'dm', [3]]
['copy', 'MOLCAS.rassi.h5', 'MOLCAS.rassi.3.h5']
['copy', '/project/lgagliardi/helenclifford/practice_rcc/sharc4/methaniminium/tutorial_reproduction/traj/Singlet_2/TRAJ_00002/restart/MOLCAS.1.JobIph.131', 'JOB001']
['link', 'MOLCAS.1.JobIph', 'JOB002']
['rassi', 'overlap', [4, 4]]
['copy', 'MOLCAS.rassi.h5', 'MOLCAS.rassi.ovlp.1.h5']
['copy', '/project/lgagliardi/helenclifford/practice_rcc/sharc4/methaniminium/tutorial_reproduction/traj/Singlet_2/TRAJ_00002/restart/MOLCAS.3.JobIph.131', 'JOB001']
['link', 'MOLCAS.3.JobIph', 'JOB002']
['rassi', 'overlap', [3, 3]]
['copy', 'MOLCAS.rassi.h5', 'MOLCAS.rassi.ovlp.3.h5']
['link', 'MOLCAS.1.JobIph', 'JOB001']
['link', 'MOLCAS.3.JobIph', 'JOB002']
['rassi', 'soc', [4, 3]]
['copy', '$master_path/MOLCAS.1.JobIph', 'JOBOLD']
['rasscf', 1, 4, True, False]
['mclr', 0.0001, 'sala=1']
['alaska']
All jobs finished:
job: master          code: 0    runtime: 0:00:13.072398
job: grad_1_1        code: 0    runtime: 0:00:05.208350

Starting job execution
['gateway']
['seward']
['copy', '/project/lgagliardi/helenclifford/practice_rcc/sharc4/methaniminium/tutorial_reproduction/traj/Singlet_2/TRAJ_00002/restart/MOLCAS.1.JobIph.132', 'JOBOLD']
['rasscf', 1, 4, True, False]
['copy', 'MOLCAS.rasscf.h5', 'MOLCAS.1.rasscf.h5']
['copy', 'MOLCAS.JobIph', 'MOLCAS.1.JobIph']
['copy', '/project/lgagliardi/helenclifford/practice_rcc/sharc4/methaniminium/tutorial_reproduction/traj/Singlet_2/TRAJ_00002/restart/MOLCAS.3.JobIph.132', 'JOBOLD']
['rasscf', 3, 3, True, False]
['copy', 'MOLCAS.rasscf.h5', 'MOLCAS.3.rasscf.h5']
['copy', 'MOLCAS.JobIph', 'MOLCAS.3.JobIph']
['link', 'MOLCAS.1.JobIph', 'JOB001']
['rassi', 'dm', [4]]
['copy', 'MOLCAS.rassi.h5', 'MOLCAS.rassi.1.h5']
['link', 'MOLCAS.3.JobIph', 'JOB001']
['rassi', 'dm', [3]]
['copy', 'MOLCAS.rassi.h5', 'MOLCAS.rassi.3.h5']
['copy', '/project/lgagliardi/helenclifford/practice_rcc/sharc4/methaniminium/tutorial_reproduction/traj/Singlet_2/TRAJ_00002/restart/MOLCAS.1.JobIph.132', 'JOB001']
['link', 'MOLCAS.1.JobIph', 'JOB002']
['rassi', 'overlap', [4, 4]]
['copy', 'MOLCAS.rassi.h5', 'MOLCAS.rassi.ovlp.1.h5']
['copy', '/project/lgagliardi/helenclifford/practice_rcc/sharc4/methaniminium/tutorial_reproduction/traj/Singlet_2/TRAJ_00002/restart/MOLCAS.3.JobIph.132', 'JOB001']
['link', 'MOLCAS.3.JobIph', 'JOB002']
['rassi', 'overlap', [3, 3]]
['copy', 'MOLCAS.rassi.h5', 'MOLCAS.rassi.ovlp.3.h5']
['link', 'MOLCAS.1.JobIph', 'JOB001']
['link', 'MOLCAS.3.JobIph', 'JOB002']
['rassi', 'soc', [4, 3]]
['copy', '$master_path/MOLCAS.1.JobIph', 'JOBOLD']
['rasscf', 1, 4, True, False]
['mclr', 0.0001, 'sala=1']
['alaska']
All jobs finished:
job: master          code: 0    runtime: 0:00:12.374357
job: grad_1_1        code: 0    runtime: 0:00:05.719935

Starting job execution
['gateway']
['seward']
['copy', '/project/lgagliardi/helenclifford/practice_rcc/sharc4/methaniminium/tutorial_reproduction/traj/Singlet_2/TRAJ_00002/restart/MOLCAS.1.JobIph.133', 'JOBOLD']
['rasscf', 1, 4, True, False]
['copy', 'MOLCAS.rasscf.h5', 'MOLCAS.1.rasscf.h5']
['copy', 'MOLCAS.JobIph', 'MOLCAS.1.JobIph']
['copy', '/project/lgagliardi/helenclifford/practice_rcc/sharc4/methaniminium/tutorial_reproduction/traj/Singlet_2/TRAJ_00002/restart/MOLCAS.3.JobIph.133', 'JOBOLD']
['rasscf', 3, 3, True, False]
['copy', 'MOLCAS.rasscf.h5', 'MOLCAS.3.rasscf.h5']
['copy', 'MOLCAS.JobIph', 'MOLCAS.3.JobIph']
['link', 'MOLCAS.1.JobIph', 'JOB001']
['rassi', 'dm', [4]]
['copy', 'MOLCAS.rassi.h5', 'MOLCAS.rassi.1.h5']
['link', 'MOLCAS.3.JobIph', 'JOB001']
['rassi', 'dm', [3]]
['copy', 'MOLCAS.rassi.h5', 'MOLCAS.rassi.3.h5']
['copy', '/project/lgagliardi/helenclifford/practice_rcc/sharc4/methaniminium/tutorial_reproduction/traj/Singlet_2/TRAJ_00002/restart/MOLCAS.1.JobIph.133', 'JOB001']
['link', 'MOLCAS.1.JobIph', 'JOB002']
['rassi', 'overlap', [4, 4]]
['copy', 'MOLCAS.rassi.h5', 'MOLCAS.rassi.ovlp.1.h5']
['copy', '/project/lgagliardi/helenclifford/practice_rcc/sharc4/methaniminium/tutorial_reproduction/traj/Singlet_2/TRAJ_00002/restart/MOLCAS.3.JobIph.133', 'JOB001']
['link', 'MOLCAS.3.JobIph', 'JOB002']
['rassi', 'overlap', [3, 3]]
['copy', 'MOLCAS.rassi.h5', 'MOLCAS.rassi.ovlp.3.h5']
['link', 'MOLCAS.1.JobIph', 'JOB001']
['link', 'MOLCAS.3.JobIph', 'JOB002']
['rassi', 'soc', [4, 3]]
['copy', '$master_path/MOLCAS.1.JobIph', 'JOBOLD']
['rasscf', 1, 4, True, False]
['mclr', 0.0001, 'sala=1']
['alaska']
All jobs finished:
job: master          code: 0    runtime: 0:00:14.178355
job: grad_1_1        code: 0    runtime: 0:00:06.327378

Starting job execution
['gateway']
['seward']
['copy', '/project/lgagliardi/helenclifford/practice_rcc/sharc4/methaniminium/tutorial_reproduction/traj/Singlet_2/TRAJ_00002/restart/MOLCAS.1.JobIph.134', 'JOBOLD']
['rasscf', 1, 4, True, False]
['copy', 'MOLCAS.rasscf.h5', 'MOLCAS.1.rasscf.h5']
['copy', 'MOLCAS.JobIph', 'MOLCAS.1.JobIph']
['copy', '/project/lgagliardi/helenclifford/practice_rcc/sharc4/methaniminium/tutorial_reproduction/traj/Singlet_2/TRAJ_00002/restart/MOLCAS.3.JobIph.134', 'JOBOLD']
['rasscf', 3, 3, True, False]
['copy', 'MOLCAS.rasscf.h5', 'MOLCAS.3.rasscf.h5']
['copy', 'MOLCAS.JobIph', 'MOLCAS.3.JobIph']
['link', 'MOLCAS.1.JobIph', 'JOB001']
['rassi', 'dm', [4]]
['copy', 'MOLCAS.rassi.h5', 'MOLCAS.rassi.1.h5']
['link', 'MOLCAS.3.JobIph', 'JOB001']
['rassi', 'dm', [3]]
['copy', 'MOLCAS.rassi.h5', 'MOLCAS.rassi.3.h5']
['copy', '/project/lgagliardi/helenclifford/practice_rcc/sharc4/methaniminium/tutorial_reproduction/traj/Singlet_2/TRAJ_00002/restart/MOLCAS.1.JobIph.134', 'JOB001']
['link', 'MOLCAS.1.JobIph', 'JOB002']
['rassi', 'overlap', [4, 4]]
['copy', 'MOLCAS.rassi.h5', 'MOLCAS.rassi.ovlp.1.h5']
['copy', '/project/lgagliardi/helenclifford/practice_rcc/sharc4/methaniminium/tutorial_reproduction/traj/Singlet_2/TRAJ_00002/restart/MOLCAS.3.JobIph.134', 'JOB001']
['link', 'MOLCAS.3.JobIph', 'JOB002']
['rassi', 'overlap', [3, 3]]
['copy', 'MOLCAS.rassi.h5', 'MOLCAS.rassi.ovlp.3.h5']
['link', 'MOLCAS.1.JobIph', 'JOB001']
['link', 'MOLCAS.3.JobIph', 'JOB002']
['rassi', 'soc', [4, 3]]
['copy', '$master_path/MOLCAS.1.JobIph', 'JOBOLD']
['rasscf', 1, 4, True, False]
['mclr', 0.0001, 'sala=1']
['alaska']
All jobs finished:
job: master          code: 0    runtime: 0:00:15.517205
job: grad_1_1        code: 0    runtime: 0:00:05.881845

Starting job execution
['gateway']
['seward']
['copy', '/project/lgagliardi/helenclifford/practice_rcc/sharc4/methaniminium/tutorial_reproduction/traj/Singlet_2/TRAJ_00002/restart/MOLCAS.1.JobIph.135', 'JOBOLD']
['rasscf', 1, 4, True, False]
['copy', 'MOLCAS.rasscf.h5', 'MOLCAS.1.rasscf.h5']
['copy', 'MOLCAS.JobIph', 'MOLCAS.1.JobIph']
['copy', '/project/lgagliardi/helenclifford/practice_rcc/sharc4/methaniminium/tutorial_reproduction/traj/Singlet_2/TRAJ_00002/restart/MOLCAS.3.JobIph.135', 'JOBOLD']
['rasscf', 3, 3, True, False]
['copy', 'MOLCAS.rasscf.h5', 'MOLCAS.3.rasscf.h5']
['copy', 'MOLCAS.JobIph', 'MOLCAS.3.JobIph']
['link', 'MOLCAS.1.JobIph', 'JOB001']
['rassi', 'dm', [4]]
['copy', 'MOLCAS.rassi.h5', 'MOLCAS.rassi.1.h5']
['link', 'MOLCAS.3.JobIph', 'JOB001']
['rassi', 'dm', [3]]
['copy', 'MOLCAS.rassi.h5', 'MOLCAS.rassi.3.h5']
['copy', '/project/lgagliardi/helenclifford/practice_rcc/sharc4/methaniminium/tutorial_reproduction/traj/Singlet_2/TRAJ_00002/restart/MOLCAS.1.JobIph.134', 'JOB001']
['link', 'MOLCAS.1.JobIph', 'JOB002']
['rassi', 'overlap', [4, 4]]
['copy', 'MOLCAS.rassi.h5', 'MOLCAS.rassi.ovlp.1.h5']
['copy', '/project/lgagliardi/helenclifford/practice_rcc/sharc4/methaniminium/tutorial_reproduction/traj/Singlet_2/TRAJ_00002/restart/MOLCAS.3.JobIph.134', 'JOB001']
['link', 'MOLCAS.3.JobIph', 'JOB002']
['rassi', 'overlap', [3, 3]]
['copy', 'MOLCAS.rassi.h5', 'MOLCAS.rassi.ovlp.3.h5']
['link', 'MOLCAS.1.JobIph', 'JOB001']
['link', 'MOLCAS.3.JobIph', 'JOB002']
['rassi', 'soc', [4, 3]]
['copy', '$master_path/MOLCAS.3.JobIph', 'JOBOLD']
['rasscf', 3, 3, True, False]
['mclr', 0.0001, 'sala=1']
['alaska']
['copy', '$master_path/MOLCAS.1.JobIph', 'JOBOLD']
['rasscf', 1, 4, True, False]
['mclr', 0.0001, 'sala=1']
['alaska']
All jobs finished:
job: master          code: 0    runtime: 0:00:12.886489
job: grad_3_1        code: 0    runtime: 0:00:05.992364
job: grad_1_1        code: 0    runtime: 0:00:05.896438

Starting job execution
['gateway']
['seward']
['copy', '/project/lgagliardi/helenclifford/practice_rcc/sharc4/methaniminium/tutorial_reproduction/traj/Singlet_2/TRAJ_00002/restart/MOLCAS.1.JobIph.135', 'JOBOLD']
['rasscf', 1, 4, True, False]
['copy', 'MOLCAS.rasscf.h5', 'MOLCAS.1.rasscf.h5']
['copy', 'MOLCAS.JobIph', 'MOLCAS.1.JobIph']
['copy', '/project/lgagliardi/helenclifford/practice_rcc/sharc4/methaniminium/tutorial_reproduction/traj/Singlet_2/TRAJ_00002/restart/MOLCAS.3.JobIph.135', 'JOBOLD']
['rasscf', 3, 3, True, False]
['copy', 'MOLCAS.rasscf.h5', 'MOLCAS.3.rasscf.h5']
['copy', 'MOLCAS.JobIph', 'MOLCAS.3.JobIph']
['link', 'MOLCAS.1.JobIph', 'JOB001']
['rassi', 'dm', [4]]
['copy', 'MOLCAS.rassi.h5', 'MOLCAS.rassi.1.h5']
['link', 'MOLCAS.3.JobIph', 'JOB001']
['rassi', 'dm', [3]]
['copy', 'MOLCAS.rassi.h5', 'MOLCAS.rassi.3.h5']
['copy', '/project/lgagliardi/helenclifford/practice_rcc/sharc4/methaniminium/tutorial_reproduction/traj/Singlet_2/TRAJ_00002/restart/MOLCAS.1.JobIph.135', 'JOB001']
['link', 'MOLCAS.1.JobIph', 'JOB002']
['rassi', 'overlap', [4, 4]]
['copy', 'MOLCAS.rassi.h5', 'MOLCAS.rassi.ovlp.1.h5']
['copy', '/project/lgagliardi/helenclifford/practice_rcc/sharc4/methaniminium/tutorial_reproduction/traj/Singlet_2/TRAJ_00002/restart/MOLCAS.3.JobIph.135', 'JOB001']
['link', 'MOLCAS.3.JobIph', 'JOB002']
['rassi', 'overlap', [3, 3]]
['copy', 'MOLCAS.rassi.h5', 'MOLCAS.rassi.ovlp.3.h5']
['link', 'MOLCAS.1.JobIph', 'JOB001']
['link', 'MOLCAS.3.JobIph', 'JOB002']
['rassi', 'soc', [4, 3]]
['copy', '$master_path/MOLCAS.3.JobIph', 'JOBOLD']
['rasscf', 3, 3, True, False]
['mclr', 0.0001, 'sala=1']
['alaska']
['copy', '$master_path/MOLCAS.1.JobIph', 'JOBOLD']
['rasscf', 1, 4, True, False]
['mclr', 0.0001, 'sala=1']
['alaska']
All jobs finished:
job: master          code: 0    runtime: 0:00:13.707641
job: grad_3_1        code: 0    runtime: 0:00:06.000277
job: grad_1_1        code: 0    runtime: 0:00:05.965354

Starting job execution
['gateway']
['seward']
['copy', '/project/lgagliardi/helenclifford/practice_rcc/sharc4/methaniminium/tutorial_reproduction/traj/Singlet_2/TRAJ_00002/restart/MOLCAS.1.JobIph.136', 'JOBOLD']
['rasscf', 1, 4, True, False]
['copy', 'MOLCAS.rasscf.h5', 'MOLCAS.1.rasscf.h5']
['copy', 'MOLCAS.JobIph', 'MOLCAS.1.JobIph']
['copy', '/project/lgagliardi/helenclifford/practice_rcc/sharc4/methaniminium/tutorial_reproduction/traj/Singlet_2/TRAJ_00002/restart/MOLCAS.3.JobIph.136', 'JOBOLD']
['rasscf', 3, 3, True, False]
['copy', 'MOLCAS.rasscf.h5', 'MOLCAS.3.rasscf.h5']
['copy', 'MOLCAS.JobIph', 'MOLCAS.3.JobIph']
['link', 'MOLCAS.1.JobIph', 'JOB001']
['rassi', 'dm', [4]]
['copy', 'MOLCAS.rassi.h5', 'MOLCAS.rassi.1.h5']
['link', 'MOLCAS.3.JobIph', 'JOB001']
['rassi', 'dm', [3]]
['copy', 'MOLCAS.rassi.h5', 'MOLCAS.rassi.3.h5']
['copy', '/project/lgagliardi/helenclifford/practice_rcc/sharc4/methaniminium/tutorial_reproduction/traj/Singlet_2/TRAJ_00002/restart/MOLCAS.1.JobIph.136', 'JOB001']
['link', 'MOLCAS.1.JobIph', 'JOB002']
['rassi', 'overlap', [4, 4]]
['copy', 'MOLCAS.rassi.h5', 'MOLCAS.rassi.ovlp.1.h5']
['copy', '/project/lgagliardi/helenclifford/practice_rcc/sharc4/methaniminium/tutorial_reproduction/traj/Singlet_2/TRAJ_00002/restart/MOLCAS.3.JobIph.136', 'JOB001']
['link', 'MOLCAS.3.JobIph', 'JOB002']
['rassi', 'overlap', [3, 3]]
['copy', 'MOLCAS.rassi.h5', 'MOLCAS.rassi.ovlp.3.h5']
['link', 'MOLCAS.1.JobIph', 'JOB001']
['link', 'MOLCAS.3.JobIph', 'JOB002']
['rassi', 'soc', [4, 3]]
['copy', '$master_path/MOLCAS.1.JobIph', 'JOBOLD']
['rasscf', 1, 4, True, False]
['mclr', 0.0001, 'sala=1']
['alaska']
All jobs finished:
job: master          code: 0    runtime: 0:00:12.681746
job: grad_1_1        code: 0    runtime: 0:00:05.941953

Starting job execution
['gateway']
['seward']
['copy', '/project/lgagliardi/helenclifford/practice_rcc/sharc4/methaniminium/tutorial_reproduction/traj/Singlet_2/TRAJ_00002/restart/MOLCAS.1.JobIph.137', 'JOBOLD']
['rasscf', 1, 4, True, False]
['copy', 'MOLCAS.rasscf.h5', 'MOLCAS.1.rasscf.h5']
['copy', 'MOLCAS.JobIph', 'MOLCAS.1.JobIph']
['copy', '/project/lgagliardi/helenclifford/practice_rcc/sharc4/methaniminium/tutorial_reproduction/traj/Singlet_2/TRAJ_00002/restart/MOLCAS.3.JobIph.137', 'JOBOLD']
['rasscf', 3, 3, True, False]
['copy', 'MOLCAS.rasscf.h5', 'MOLCAS.3.rasscf.h5']
['copy', 'MOLCAS.JobIph', 'MOLCAS.3.JobIph']
['link', 'MOLCAS.1.JobIph', 'JOB001']
['rassi', 'dm', [4]]
['copy', 'MOLCAS.rassi.h5', 'MOLCAS.rassi.1.h5']
['link', 'MOLCAS.3.JobIph', 'JOB001']
['rassi', 'dm', [3]]
['copy', 'MOLCAS.rassi.h5', 'MOLCAS.rassi.3.h5']
['copy', '/project/lgagliardi/helenclifford/practice_rcc/sharc4/methaniminium/tutorial_reproduction/traj/Singlet_2/TRAJ_00002/restart/MOLCAS.1.JobIph.137', 'JOB001']
['link', 'MOLCAS.1.JobIph', 'JOB002']
['rassi', 'overlap', [4, 4]]
['copy', 'MOLCAS.rassi.h5', 'MOLCAS.rassi.ovlp.1.h5']
['copy', '/project/lgagliardi/helenclifford/practice_rcc/sharc4/methaniminium/tutorial_reproduction/traj/Singlet_2/TRAJ_00002/restart/MOLCAS.3.JobIph.137', 'JOB001']
['link', 'MOLCAS.3.JobIph', 'JOB002']
['rassi', 'overlap', [3, 3]]
['copy', 'MOLCAS.rassi.h5', 'MOLCAS.rassi.ovlp.3.h5']
['link', 'MOLCAS.1.JobIph', 'JOB001']
['link', 'MOLCAS.3.JobIph', 'JOB002']
['rassi', 'soc', [4, 3]]
['copy', '$master_path/MOLCAS.1.JobIph', 'JOBOLD']
['rasscf', 1, 4, True, False]
['mclr', 0.0001, 'sala=1']
['alaska']
All jobs finished:
job: master          code: 0    runtime: 0:00:12.455700
job: grad_1_1        code: 0    runtime: 0:00:05.276454

Starting job execution
['gateway']
['seward']
['copy', '/project/lgagliardi/helenclifford/practice_rcc/sharc4/methaniminium/tutorial_reproduction/traj/Singlet_2/TRAJ_00002/restart/MOLCAS.1.JobIph.138', 'JOBOLD']
['rasscf', 1, 4, True, False]
['copy', 'MOLCAS.rasscf.h5', 'MOLCAS.1.rasscf.h5']
['copy', 'MOLCAS.JobIph', 'MOLCAS.1.JobIph']
['copy', '/project/lgagliardi/helenclifford/practice_rcc/sharc4/methaniminium/tutorial_reproduction/traj/Singlet_2/TRAJ_00002/restart/MOLCAS.3.JobIph.138', 'JOBOLD']
['rasscf', 3, 3, True, False]
['copy', 'MOLCAS.rasscf.h5', 'MOLCAS.3.rasscf.h5']
['copy', 'MOLCAS.JobIph', 'MOLCAS.3.JobIph']
['link', 'MOLCAS.1.JobIph', 'JOB001']
['rassi', 'dm', [4]]
['copy', 'MOLCAS.rassi.h5', 'MOLCAS.rassi.1.h5']
['link', 'MOLCAS.3.JobIph', 'JOB001']
['rassi', 'dm', [3]]
['copy', 'MOLCAS.rassi.h5', 'MOLCAS.rassi.3.h5']
['copy', '/project/lgagliardi/helenclifford/practice_rcc/sharc4/methaniminium/tutorial_reproduction/traj/Singlet_2/TRAJ_00002/restart/MOLCAS.1.JobIph.138', 'JOB001']
['link', 'MOLCAS.1.JobIph', 'JOB002']
['rassi', 'overlap', [4, 4]]
['copy', 'MOLCAS.rassi.h5', 'MOLCAS.rassi.ovlp.1.h5']
['copy', '/project/lgagliardi/helenclifford/practice_rcc/sharc4/methaniminium/tutorial_reproduction/traj/Singlet_2/TRAJ_00002/restart/MOLCAS.3.JobIph.138', 'JOB001']
['link', 'MOLCAS.3.JobIph', 'JOB002']
['rassi', 'overlap', [3, 3]]
['copy', 'MOLCAS.rassi.h5', 'MOLCAS.rassi.ovlp.3.h5']
['link', 'MOLCAS.1.JobIph', 'JOB001']
['link', 'MOLCAS.3.JobIph', 'JOB002']
['rassi', 'soc', [4, 3]]
['copy', '$master_path/MOLCAS.1.JobIph', 'JOBOLD']
['rasscf', 1, 4, True, False]
['mclr', 0.0001, 'sala=1']
['alaska']
All jobs finished:
job: master          code: 0    runtime: 0:00:13.054379
job: grad_1_1        code: 0    runtime: 0:00:05.954496

Starting job execution
['gateway']
['seward']
['copy', '/project/lgagliardi/helenclifford/practice_rcc/sharc4/methaniminium/tutorial_reproduction/traj/Singlet_2/TRAJ_00002/restart/MOLCAS.1.JobIph.139', 'JOBOLD']
['rasscf', 1, 4, True, False]
['copy', 'MOLCAS.rasscf.h5', 'MOLCAS.1.rasscf.h5']
['copy', 'MOLCAS.JobIph', 'MOLCAS.1.JobIph']
['copy', '/project/lgagliardi/helenclifford/practice_rcc/sharc4/methaniminium/tutorial_reproduction/traj/Singlet_2/TRAJ_00002/restart/MOLCAS.3.JobIph.139', 'JOBOLD']
['rasscf', 3, 3, True, False]
['copy', 'MOLCAS.rasscf.h5', 'MOLCAS.3.rasscf.h5']
['copy', 'MOLCAS.JobIph', 'MOLCAS.3.JobIph']
['link', 'MOLCAS.1.JobIph', 'JOB001']
['rassi', 'dm', [4]]
['copy', 'MOLCAS.rassi.h5', 'MOLCAS.rassi.1.h5']
['link', 'MOLCAS.3.JobIph', 'JOB001']
['rassi', 'dm', [3]]
['copy', 'MOLCAS.rassi.h5', 'MOLCAS.rassi.3.h5']
['copy', '/project/lgagliardi/helenclifford/practice_rcc/sharc4/methaniminium/tutorial_reproduction/traj/Singlet_2/TRAJ_00002/restart/MOLCAS.1.JobIph.139', 'JOB001']
['link', 'MOLCAS.1.JobIph', 'JOB002']
['rassi', 'overlap', [4, 4]]
['copy', 'MOLCAS.rassi.h5', 'MOLCAS.rassi.ovlp.1.h5']
['copy', '/project/lgagliardi/helenclifford/practice_rcc/sharc4/methaniminium/tutorial_reproduction/traj/Singlet_2/TRAJ_00002/restart/MOLCAS.3.JobIph.139', 'JOB001']
['link', 'MOLCAS.3.JobIph', 'JOB002']
['rassi', 'overlap', [3, 3]]
['copy', 'MOLCAS.rassi.h5', 'MOLCAS.rassi.ovlp.3.h5']
['link', 'MOLCAS.1.JobIph', 'JOB001']
['link', 'MOLCAS.3.JobIph', 'JOB002']
['rassi', 'soc', [4, 3]]
['copy', '$master_path/MOLCAS.1.JobIph', 'JOBOLD']
['rasscf', 1, 4, True, False]
['mclr', 0.0001, 'sala=1']
['alaska']
All jobs finished:
job: master          code: 0    runtime: 0:00:13.658811
job: grad_1_1        code: 0    runtime: 0:00:04.948686

Starting job execution
['gateway']
['seward']
['copy', '/project/lgagliardi/helenclifford/practice_rcc/sharc4/methaniminium/tutorial_reproduction/traj/Singlet_2/TRAJ_00002/restart/MOLCAS.1.JobIph.140', 'JOBOLD']
['rasscf', 1, 4, True, False]
['copy', 'MOLCAS.rasscf.h5', 'MOLCAS.1.rasscf.h5']
['copy', 'MOLCAS.JobIph', 'MOLCAS.1.JobIph']
['copy', '/project/lgagliardi/helenclifford/practice_rcc/sharc4/methaniminium/tutorial_reproduction/traj/Singlet_2/TRAJ_00002/restart/MOLCAS.3.JobIph.140', 'JOBOLD']
['rasscf', 3, 3, True, False]
['copy', 'MOLCAS.rasscf.h5', 'MOLCAS.3.rasscf.h5']
['copy', 'MOLCAS.JobIph', 'MOLCAS.3.JobIph']
['link', 'MOLCAS.1.JobIph', 'JOB001']
['rassi', 'dm', [4]]
['copy', 'MOLCAS.rassi.h5', 'MOLCAS.rassi.1.h5']
['link', 'MOLCAS.3.JobIph', 'JOB001']
['rassi', 'dm', [3]]
['copy', 'MOLCAS.rassi.h5', 'MOLCAS.rassi.3.h5']
['copy', '/project/lgagliardi/helenclifford/practice_rcc/sharc4/methaniminium/tutorial_reproduction/traj/Singlet_2/TRAJ_00002/restart/MOLCAS.1.JobIph.140', 'JOB001']
['link', 'MOLCAS.1.JobIph', 'JOB002']
['rassi', 'overlap', [4, 4]]
['copy', 'MOLCAS.rassi.h5', 'MOLCAS.rassi.ovlp.1.h5']
['copy', '/project/lgagliardi/helenclifford/practice_rcc/sharc4/methaniminium/tutorial_reproduction/traj/Singlet_2/TRAJ_00002/restart/MOLCAS.3.JobIph.140', 'JOB001']
['link', 'MOLCAS.3.JobIph', 'JOB002']
['rassi', 'overlap', [3, 3]]
['copy', 'MOLCAS.rassi.h5', 'MOLCAS.rassi.ovlp.3.h5']
['link', 'MOLCAS.1.JobIph', 'JOB001']
['link', 'MOLCAS.3.JobIph', 'JOB002']
['rassi', 'soc', [4, 3]]
['copy', '$master_path/MOLCAS.1.JobIph', 'JOBOLD']
['rasscf', 1, 4, True, False]
['mclr', 0.0001, 'sala=1']
['alaska']
All jobs finished:
job: master          code: 0    runtime: 0:00:13.254344
job: grad_1_1        code: 0    runtime: 0:00:06.809140

Starting job execution
['gateway']
['seward']
['copy', '/project/lgagliardi/helenclifford/practice_rcc/sharc4/methaniminium/tutorial_reproduction/traj/Singlet_2/TRAJ_00002/restart/MOLCAS.1.JobIph.141', 'JOBOLD']
['rasscf', 1, 4, True, False]
['copy', 'MOLCAS.rasscf.h5', 'MOLCAS.1.rasscf.h5']
['copy', 'MOLCAS.JobIph', 'MOLCAS.1.JobIph']
['copy', '/project/lgagliardi/helenclifford/practice_rcc/sharc4/methaniminium/tutorial_reproduction/traj/Singlet_2/TRAJ_00002/restart/MOLCAS.3.JobIph.141', 'JOBOLD']
['rasscf', 3, 3, True, False]
['copy', 'MOLCAS.rasscf.h5', 'MOLCAS.3.rasscf.h5']
['copy', 'MOLCAS.JobIph', 'MOLCAS.3.JobIph']
['link', 'MOLCAS.1.JobIph', 'JOB001']
['rassi', 'dm', [4]]
['copy', 'MOLCAS.rassi.h5', 'MOLCAS.rassi.1.h5']
['link', 'MOLCAS.3.JobIph', 'JOB001']
['rassi', 'dm', [3]]
['copy', 'MOLCAS.rassi.h5', 'MOLCAS.rassi.3.h5']
['copy', '/project/lgagliardi/helenclifford/practice_rcc/sharc4/methaniminium/tutorial_reproduction/traj/Singlet_2/TRAJ_00002/restart/MOLCAS.1.JobIph.141', 'JOB001']
['link', 'MOLCAS.1.JobIph', 'JOB002']
['rassi', 'overlap', [4, 4]]
['copy', 'MOLCAS.rassi.h5', 'MOLCAS.rassi.ovlp.1.h5']
['copy', '/project/lgagliardi/helenclifford/practice_rcc/sharc4/methaniminium/tutorial_reproduction/traj/Singlet_2/TRAJ_00002/restart/MOLCAS.3.JobIph.141', 'JOB001']
['link', 'MOLCAS.3.JobIph', 'JOB002']
['rassi', 'overlap', [3, 3]]
['copy', 'MOLCAS.rassi.h5', 'MOLCAS.rassi.ovlp.3.h5']
['link', 'MOLCAS.1.JobIph', 'JOB001']
['link', 'MOLCAS.3.JobIph', 'JOB002']
['rassi', 'soc', [4, 3]]
['copy', '$master_path/MOLCAS.1.JobIph', 'JOBOLD']
['rasscf', 1, 4, True, False]
['mclr', 0.0001, 'sala=1']
['alaska']
All jobs finished:
job: master          code: 0    runtime: 0:00:15.321727
job: grad_1_1        code: 0    runtime: 0:00:05.176864

Starting job execution
['gateway']
['seward']
['copy', '/project/lgagliardi/helenclifford/practice_rcc/sharc4/methaniminium/tutorial_reproduction/traj/Singlet_2/TRAJ_00002/restart/MOLCAS.1.JobIph.142', 'JOBOLD']
['rasscf', 1, 4, True, False]
['copy', 'MOLCAS.rasscf.h5', 'MOLCAS.1.rasscf.h5']
['copy', 'MOLCAS.JobIph', 'MOLCAS.1.JobIph']
['copy', '/project/lgagliardi/helenclifford/practice_rcc/sharc4/methaniminium/tutorial_reproduction/traj/Singlet_2/TRAJ_00002/restart/MOLCAS.3.JobIph.142', 'JOBOLD']
['rasscf', 3, 3, True, False]
['copy', 'MOLCAS.rasscf.h5', 'MOLCAS.3.rasscf.h5']
['copy', 'MOLCAS.JobIph', 'MOLCAS.3.JobIph']
['link', 'MOLCAS.1.JobIph', 'JOB001']
['rassi', 'dm', [4]]
['copy', 'MOLCAS.rassi.h5', 'MOLCAS.rassi.1.h5']
['link', 'MOLCAS.3.JobIph', 'JOB001']
['rassi', 'dm', [3]]
['copy', 'MOLCAS.rassi.h5', 'MOLCAS.rassi.3.h5']
['copy', '/project/lgagliardi/helenclifford/practice_rcc/sharc4/methaniminium/tutorial_reproduction/traj/Singlet_2/TRAJ_00002/restart/MOLCAS.1.JobIph.142', 'JOB001']
['link', 'MOLCAS.1.JobIph', 'JOB002']
['rassi', 'overlap', [4, 4]]
['copy', 'MOLCAS.rassi.h5', 'MOLCAS.rassi.ovlp.1.h5']
['copy', '/project/lgagliardi/helenclifford/practice_rcc/sharc4/methaniminium/tutorial_reproduction/traj/Singlet_2/TRAJ_00002/restart/MOLCAS.3.JobIph.142', 'JOB001']
['link', 'MOLCAS.3.JobIph', 'JOB002']
['rassi', 'overlap', [3, 3]]
['copy', 'MOLCAS.rassi.h5', 'MOLCAS.rassi.ovlp.3.h5']
['link', 'MOLCAS.1.JobIph', 'JOB001']
['link', 'MOLCAS.3.JobIph', 'JOB002']
['rassi', 'soc', [4, 3]]
['copy', '$master_path/MOLCAS.1.JobIph', 'JOBOLD']
['rasscf', 1, 4, True, False]
['mclr', 0.0001, 'sala=1']
['alaska']
All jobs finished:
job: master          code: 0    runtime: 0:00:12.097502
job: grad_1_1        code: 0    runtime: 0:00:05.548815

Starting job execution
['gateway']
['seward']
['copy', '/project/lgagliardi/helenclifford/practice_rcc/sharc4/methaniminium/tutorial_reproduction/traj/Singlet_2/TRAJ_00002/restart/MOLCAS.1.JobIph.143', 'JOBOLD']
['rasscf', 1, 4, True, False]
['copy', 'MOLCAS.rasscf.h5', 'MOLCAS.1.rasscf.h5']
['copy', 'MOLCAS.JobIph', 'MOLCAS.1.JobIph']
['copy', '/project/lgagliardi/helenclifford/practice_rcc/sharc4/methaniminium/tutorial_reproduction/traj/Singlet_2/TRAJ_00002/restart/MOLCAS.3.JobIph.143', 'JOBOLD']
['rasscf', 3, 3, True, False]
['copy', 'MOLCAS.rasscf.h5', 'MOLCAS.3.rasscf.h5']
['copy', 'MOLCAS.JobIph', 'MOLCAS.3.JobIph']
['link', 'MOLCAS.1.JobIph', 'JOB001']
['rassi', 'dm', [4]]
['copy', 'MOLCAS.rassi.h5', 'MOLCAS.rassi.1.h5']
['link', 'MOLCAS.3.JobIph', 'JOB001']
['rassi', 'dm', [3]]
['copy', 'MOLCAS.rassi.h5', 'MOLCAS.rassi.3.h5']
['copy', '/project/lgagliardi/helenclifford/practice_rcc/sharc4/methaniminium/tutorial_reproduction/traj/Singlet_2/TRAJ_00002/restart/MOLCAS.1.JobIph.143', 'JOB001']
['link', 'MOLCAS.1.JobIph', 'JOB002']
['rassi', 'overlap', [4, 4]]
['copy', 'MOLCAS.rassi.h5', 'MOLCAS.rassi.ovlp.1.h5']
['copy', '/project/lgagliardi/helenclifford/practice_rcc/sharc4/methaniminium/tutorial_reproduction/traj/Singlet_2/TRAJ_00002/restart/MOLCAS.3.JobIph.143', 'JOB001']
['link', 'MOLCAS.3.JobIph', 'JOB002']
['rassi', 'overlap', [3, 3]]
['copy', 'MOLCAS.rassi.h5', 'MOLCAS.rassi.ovlp.3.h5']
['link', 'MOLCAS.1.JobIph', 'JOB001']
['link', 'MOLCAS.3.JobIph', 'JOB002']
['rassi', 'soc', [4, 3]]
['copy', '$master_path/MOLCAS.1.JobIph', 'JOBOLD']
['rasscf', 1, 4, True, False]
['mclr', 0.0001, 'sala=1']
['alaska']
All jobs finished:
job: master          code: 0    runtime: 0:00:14.307984
job: grad_1_1        code: 0    runtime: 0:00:04.895965

Starting job execution
['gateway']
['seward']
['copy', '/project/lgagliardi/helenclifford/practice_rcc/sharc4/methaniminium/tutorial_reproduction/traj/Singlet_2/TRAJ_00002/restart/MOLCAS.1.JobIph.144', 'JOBOLD']
['rasscf', 1, 4, True, False]
['copy', 'MOLCAS.rasscf.h5', 'MOLCAS.1.rasscf.h5']
['copy', 'MOLCAS.JobIph', 'MOLCAS.1.JobIph']
['copy', '/project/lgagliardi/helenclifford/practice_rcc/sharc4/methaniminium/tutorial_reproduction/traj/Singlet_2/TRAJ_00002/restart/MOLCAS.3.JobIph.144', 'JOBOLD']
['rasscf', 3, 3, True, False]
['copy', 'MOLCAS.rasscf.h5', 'MOLCAS.3.rasscf.h5']
['copy', 'MOLCAS.JobIph', 'MOLCAS.3.JobIph']
['link', 'MOLCAS.1.JobIph', 'JOB001']
['rassi', 'dm', [4]]
['copy', 'MOLCAS.rassi.h5', 'MOLCAS.rassi.1.h5']
['link', 'MOLCAS.3.JobIph', 'JOB001']
['rassi', 'dm', [3]]
['copy', 'MOLCAS.rassi.h5', 'MOLCAS.rassi.3.h5']
['copy', '/project/lgagliardi/helenclifford/practice_rcc/sharc4/methaniminium/tutorial_reproduction/traj/Singlet_2/TRAJ_00002/restart/MOLCAS.1.JobIph.144', 'JOB001']
['link', 'MOLCAS.1.JobIph', 'JOB002']
['rassi', 'overlap', [4, 4]]
['copy', 'MOLCAS.rassi.h5', 'MOLCAS.rassi.ovlp.1.h5']
['copy', '/project/lgagliardi/helenclifford/practice_rcc/sharc4/methaniminium/tutorial_reproduction/traj/Singlet_2/TRAJ_00002/restart/MOLCAS.3.JobIph.144', 'JOB001']
['link', 'MOLCAS.3.JobIph', 'JOB002']
['rassi', 'overlap', [3, 3]]
['copy', 'MOLCAS.rassi.h5', 'MOLCAS.rassi.ovlp.3.h5']
['link', 'MOLCAS.1.JobIph', 'JOB001']
['link', 'MOLCAS.3.JobIph', 'JOB002']
['rassi', 'soc', [4, 3]]
['copy', '$master_path/MOLCAS.1.JobIph', 'JOBOLD']
['rasscf', 1, 4, True, False]
['mclr', 0.0001, 'sala=1']
['alaska']
All jobs finished:
job: master          code: 0    runtime: 0:00:15.000583
job: grad_1_1        code: 0    runtime: 0:00:05.916690

Starting job execution
['gateway']
['seward']
['copy', '/project/lgagliardi/helenclifford/practice_rcc/sharc4/methaniminium/tutorial_reproduction/traj/Singlet_2/TRAJ_00002/restart/MOLCAS.1.JobIph.145', 'JOBOLD']
['rasscf', 1, 4, True, False]
['copy', 'MOLCAS.rasscf.h5', 'MOLCAS.1.rasscf.h5']
['copy', 'MOLCAS.JobIph', 'MOLCAS.1.JobIph']
['copy', '/project/lgagliardi/helenclifford/practice_rcc/sharc4/methaniminium/tutorial_reproduction/traj/Singlet_2/TRAJ_00002/restart/MOLCAS.3.JobIph.145', 'JOBOLD']
['rasscf', 3, 3, True, False]
['copy', 'MOLCAS.rasscf.h5', 'MOLCAS.3.rasscf.h5']
['copy', 'MOLCAS.JobIph', 'MOLCAS.3.JobIph']
['link', 'MOLCAS.1.JobIph', 'JOB001']
['rassi', 'dm', [4]]
['copy', 'MOLCAS.rassi.h5', 'MOLCAS.rassi.1.h5']
['link', 'MOLCAS.3.JobIph', 'JOB001']
['rassi', 'dm', [3]]
['copy', 'MOLCAS.rassi.h5', 'MOLCAS.rassi.3.h5']
['copy', '/project/lgagliardi/helenclifford/practice_rcc/sharc4/methaniminium/tutorial_reproduction/traj/Singlet_2/TRAJ_00002/restart/MOLCAS.1.JobIph.145', 'JOB001']
['link', 'MOLCAS.1.JobIph', 'JOB002']
['rassi', 'overlap', [4, 4]]
['copy', 'MOLCAS.rassi.h5', 'MOLCAS.rassi.ovlp.1.h5']
['copy', '/project/lgagliardi/helenclifford/practice_rcc/sharc4/methaniminium/tutorial_reproduction/traj/Singlet_2/TRAJ_00002/restart/MOLCAS.3.JobIph.145', 'JOB001']
['link', 'MOLCAS.3.JobIph', 'JOB002']
['rassi', 'overlap', [3, 3]]
['copy', 'MOLCAS.rassi.h5', 'MOLCAS.rassi.ovlp.3.h5']
['link', 'MOLCAS.1.JobIph', 'JOB001']
['link', 'MOLCAS.3.JobIph', 'JOB002']
['rassi', 'soc', [4, 3]]
['copy', '$master_path/MOLCAS.1.JobIph', 'JOBOLD']
['rasscf', 1, 4, True, False]
['mclr', 0.0001, 'sala=1']
['alaska']
All jobs finished:
job: master          code: 0    runtime: 0:00:11.923889
job: grad_1_1        code: 0    runtime: 0:00:06.927045

Starting job execution
['gateway']
['seward']
['copy', '/project/lgagliardi/helenclifford/practice_rcc/sharc4/methaniminium/tutorial_reproduction/traj/Singlet_2/TRAJ_00002/restart/MOLCAS.1.JobIph.146', 'JOBOLD']
['rasscf', 1, 4, True, False]
['copy', 'MOLCAS.rasscf.h5', 'MOLCAS.1.rasscf.h5']
['copy', 'MOLCAS.JobIph', 'MOLCAS.1.JobIph']
['copy', '/project/lgagliardi/helenclifford/practice_rcc/sharc4/methaniminium/tutorial_reproduction/traj/Singlet_2/TRAJ_00002/restart/MOLCAS.3.JobIph.146', 'JOBOLD']
['rasscf', 3, 3, True, False]
['copy', 'MOLCAS.rasscf.h5', 'MOLCAS.3.rasscf.h5']
['copy', 'MOLCAS.JobIph', 'MOLCAS.3.JobIph']
['link', 'MOLCAS.1.JobIph', 'JOB001']
['rassi', 'dm', [4]]
['copy', 'MOLCAS.rassi.h5', 'MOLCAS.rassi.1.h5']
['link', 'MOLCAS.3.JobIph', 'JOB001']
['rassi', 'dm', [3]]
['copy', 'MOLCAS.rassi.h5', 'MOLCAS.rassi.3.h5']
['copy', '/project/lgagliardi/helenclifford/practice_rcc/sharc4/methaniminium/tutorial_reproduction/traj/Singlet_2/TRAJ_00002/restart/MOLCAS.1.JobIph.146', 'JOB001']
['link', 'MOLCAS.1.JobIph', 'JOB002']
['rassi', 'overlap', [4, 4]]
['copy', 'MOLCAS.rassi.h5', 'MOLCAS.rassi.ovlp.1.h5']
['copy', '/project/lgagliardi/helenclifford/practice_rcc/sharc4/methaniminium/tutorial_reproduction/traj/Singlet_2/TRAJ_00002/restart/MOLCAS.3.JobIph.146', 'JOB001']
['link', 'MOLCAS.3.JobIph', 'JOB002']
['rassi', 'overlap', [3, 3]]
['copy', 'MOLCAS.rassi.h5', 'MOLCAS.rassi.ovlp.3.h5']
['link', 'MOLCAS.1.JobIph', 'JOB001']
['link', 'MOLCAS.3.JobIph', 'JOB002']
['rassi', 'soc', [4, 3]]
['copy', '$master_path/MOLCAS.1.JobIph', 'JOBOLD']
['rasscf', 1, 4, True, False]
['mclr', 0.0001, 'sala=1']
['alaska']
All jobs finished:
job: master          code: 0    runtime: 0:00:15.746871
job: grad_1_1        code: 0    runtime: 0:00:05.295012

Starting job execution
['gateway']
['seward']
['copy', '/project/lgagliardi/helenclifford/practice_rcc/sharc4/methaniminium/tutorial_reproduction/traj/Singlet_2/TRAJ_00002/restart/MOLCAS.1.JobIph.147', 'JOBOLD']
['rasscf', 1, 4, True, False]
['copy', 'MOLCAS.rasscf.h5', 'MOLCAS.1.rasscf.h5']
['copy', 'MOLCAS.JobIph', 'MOLCAS.1.JobIph']
['copy', '/project/lgagliardi/helenclifford/practice_rcc/sharc4/methaniminium/tutorial_reproduction/traj/Singlet_2/TRAJ_00002/restart/MOLCAS.3.JobIph.147', 'JOBOLD']
['rasscf', 3, 3, True, False]
['copy', 'MOLCAS.rasscf.h5', 'MOLCAS.3.rasscf.h5']
['copy', 'MOLCAS.JobIph', 'MOLCAS.3.JobIph']
['link', 'MOLCAS.1.JobIph', 'JOB001']
['rassi', 'dm', [4]]
['copy', 'MOLCAS.rassi.h5', 'MOLCAS.rassi.1.h5']
['link', 'MOLCAS.3.JobIph', 'JOB001']
['rassi', 'dm', [3]]
['copy', 'MOLCAS.rassi.h5', 'MOLCAS.rassi.3.h5']
['copy', '/project/lgagliardi/helenclifford/practice_rcc/sharc4/methaniminium/tutorial_reproduction/traj/Singlet_2/TRAJ_00002/restart/MOLCAS.1.JobIph.147', 'JOB001']
['link', 'MOLCAS.1.JobIph', 'JOB002']
['rassi', 'overlap', [4, 4]]
['copy', 'MOLCAS.rassi.h5', 'MOLCAS.rassi.ovlp.1.h5']
['copy', '/project/lgagliardi/helenclifford/practice_rcc/sharc4/methaniminium/tutorial_reproduction/traj/Singlet_2/TRAJ_00002/restart/MOLCAS.3.JobIph.147', 'JOB001']
['link', 'MOLCAS.3.JobIph', 'JOB002']
['rassi', 'overlap', [3, 3]]
['copy', 'MOLCAS.rassi.h5', 'MOLCAS.rassi.ovlp.3.h5']
['link', 'MOLCAS.1.JobIph', 'JOB001']
['link', 'MOLCAS.3.JobIph', 'JOB002']
['rassi', 'soc', [4, 3]]
['copy', '$master_path/MOLCAS.1.JobIph', 'JOBOLD']
['rasscf', 1, 4, True, False]
['mclr', 0.0001, 'sala=1']
['alaska']
All jobs finished:
job: master          code: 0    runtime: 0:00:13.957355
job: grad_1_1        code: 0    runtime: 0:00:05.680515

Starting job execution
['gateway']
['seward']
['copy', '/project/lgagliardi/helenclifford/practice_rcc/sharc4/methaniminium/tutorial_reproduction/traj/Singlet_2/TRAJ_00002/restart/MOLCAS.1.JobIph.148', 'JOBOLD']
['rasscf', 1, 4, True, False]
['copy', 'MOLCAS.rasscf.h5', 'MOLCAS.1.rasscf.h5']
['copy', 'MOLCAS.JobIph', 'MOLCAS.1.JobIph']
['copy', '/project/lgagliardi/helenclifford/practice_rcc/sharc4/methaniminium/tutorial_reproduction/traj/Singlet_2/TRAJ_00002/restart/MOLCAS.3.JobIph.148', 'JOBOLD']
['rasscf', 3, 3, True, False]
['copy', 'MOLCAS.rasscf.h5', 'MOLCAS.3.rasscf.h5']
['copy', 'MOLCAS.JobIph', 'MOLCAS.3.JobIph']
['link', 'MOLCAS.1.JobIph', 'JOB001']
['rassi', 'dm', [4]]
['copy', 'MOLCAS.rassi.h5', 'MOLCAS.rassi.1.h5']
['link', 'MOLCAS.3.JobIph', 'JOB001']
['rassi', 'dm', [3]]
['copy', 'MOLCAS.rassi.h5', 'MOLCAS.rassi.3.h5']
['copy', '/project/lgagliardi/helenclifford/practice_rcc/sharc4/methaniminium/tutorial_reproduction/traj/Singlet_2/TRAJ_00002/restart/MOLCAS.1.JobIph.148', 'JOB001']
['link', 'MOLCAS.1.JobIph', 'JOB002']
['rassi', 'overlap', [4, 4]]
['copy', 'MOLCAS.rassi.h5', 'MOLCAS.rassi.ovlp.1.h5']
['copy', '/project/lgagliardi/helenclifford/practice_rcc/sharc4/methaniminium/tutorial_reproduction/traj/Singlet_2/TRAJ_00002/restart/MOLCAS.3.JobIph.148', 'JOB001']
['link', 'MOLCAS.3.JobIph', 'JOB002']
['rassi', 'overlap', [3, 3]]
['copy', 'MOLCAS.rassi.h5', 'MOLCAS.rassi.ovlp.3.h5']
['link', 'MOLCAS.1.JobIph', 'JOB001']
['link', 'MOLCAS.3.JobIph', 'JOB002']
['rassi', 'soc', [4, 3]]
['copy', '$master_path/MOLCAS.1.JobIph', 'JOBOLD']
['rasscf', 1, 4, True, False]
['mclr', 0.0001, 'sala=1']
['alaska']
All jobs finished:
job: master          code: 0    runtime: 0:00:12.114672
job: grad_1_1        code: 0    runtime: 0:00:05.419059

Starting job execution
['gateway']
['seward']
['copy', '/project/lgagliardi/helenclifford/practice_rcc/sharc4/methaniminium/tutorial_reproduction/traj/Singlet_2/TRAJ_00002/restart/MOLCAS.1.JobIph.149', 'JOBOLD']
['rasscf', 1, 4, True, False]
['copy', 'MOLCAS.rasscf.h5', 'MOLCAS.1.rasscf.h5']
['copy', 'MOLCAS.JobIph', 'MOLCAS.1.JobIph']
['copy', '/project/lgagliardi/helenclifford/practice_rcc/sharc4/methaniminium/tutorial_reproduction/traj/Singlet_2/TRAJ_00002/restart/MOLCAS.3.JobIph.149', 'JOBOLD']
['rasscf', 3, 3, True, False]
['copy', 'MOLCAS.rasscf.h5', 'MOLCAS.3.rasscf.h5']
['copy', 'MOLCAS.JobIph', 'MOLCAS.3.JobIph']
['link', 'MOLCAS.1.JobIph', 'JOB001']
['rassi', 'dm', [4]]
['copy', 'MOLCAS.rassi.h5', 'MOLCAS.rassi.1.h5']
['link', 'MOLCAS.3.JobIph', 'JOB001']
['rassi', 'dm', [3]]
['copy', 'MOLCAS.rassi.h5', 'MOLCAS.rassi.3.h5']
['copy', '/project/lgagliardi/helenclifford/practice_rcc/sharc4/methaniminium/tutorial_reproduction/traj/Singlet_2/TRAJ_00002/restart/MOLCAS.1.JobIph.149', 'JOB001']
['link', 'MOLCAS.1.JobIph', 'JOB002']
['rassi', 'overlap', [4, 4]]
['copy', 'MOLCAS.rassi.h5', 'MOLCAS.rassi.ovlp.1.h5']
['copy', '/project/lgagliardi/helenclifford/practice_rcc/sharc4/methaniminium/tutorial_reproduction/traj/Singlet_2/TRAJ_00002/restart/MOLCAS.3.JobIph.149', 'JOB001']
['link', 'MOLCAS.3.JobIph', 'JOB002']
['rassi', 'overlap', [3, 3]]
['copy', 'MOLCAS.rassi.h5', 'MOLCAS.rassi.ovlp.3.h5']
['link', 'MOLCAS.1.JobIph', 'JOB001']
['link', 'MOLCAS.3.JobIph', 'JOB002']
['rassi', 'soc', [4, 3]]
['copy', '$master_path/MOLCAS.1.JobIph', 'JOBOLD']
['rasscf', 1, 4, True, False]
['mclr', 0.0001, 'sala=1']
['alaska']
All jobs finished:
job: master          code: 0    runtime: 0:00:13.172221
job: grad_1_1        code: 0    runtime: 0:00:05.435124

Starting job execution
['gateway']
['seward']
['copy', '/project/lgagliardi/helenclifford/practice_rcc/sharc4/methaniminium/tutorial_reproduction/traj/Singlet_2/TRAJ_00002/restart/MOLCAS.1.JobIph.150', 'JOBOLD']
['rasscf', 1, 4, True, False]
['copy', 'MOLCAS.rasscf.h5', 'MOLCAS.1.rasscf.h5']
['copy', 'MOLCAS.JobIph', 'MOLCAS.1.JobIph']
['copy', '/project/lgagliardi/helenclifford/practice_rcc/sharc4/methaniminium/tutorial_reproduction/traj/Singlet_2/TRAJ_00002/restart/MOLCAS.3.JobIph.150', 'JOBOLD']
['rasscf', 3, 3, True, False]
['copy', 'MOLCAS.rasscf.h5', 'MOLCAS.3.rasscf.h5']
['copy', 'MOLCAS.JobIph', 'MOLCAS.3.JobIph']
['link', 'MOLCAS.1.JobIph', 'JOB001']
['rassi', 'dm', [4]]
['copy', 'MOLCAS.rassi.h5', 'MOLCAS.rassi.1.h5']
['link', 'MOLCAS.3.JobIph', 'JOB001']
['rassi', 'dm', [3]]
['copy', 'MOLCAS.rassi.h5', 'MOLCAS.rassi.3.h5']
['copy', '/project/lgagliardi/helenclifford/practice_rcc/sharc4/methaniminium/tutorial_reproduction/traj/Singlet_2/TRAJ_00002/restart/MOLCAS.1.JobIph.150', 'JOB001']
['link', 'MOLCAS.1.JobIph', 'JOB002']
['rassi', 'overlap', [4, 4]]
['copy', 'MOLCAS.rassi.h5', 'MOLCAS.rassi.ovlp.1.h5']
['copy', '/project/lgagliardi/helenclifford/practice_rcc/sharc4/methaniminium/tutorial_reproduction/traj/Singlet_2/TRAJ_00002/restart/MOLCAS.3.JobIph.150', 'JOB001']
['link', 'MOLCAS.3.JobIph', 'JOB002']
['rassi', 'overlap', [3, 3]]
['copy', 'MOLCAS.rassi.h5', 'MOLCAS.rassi.ovlp.3.h5']
['link', 'MOLCAS.1.JobIph', 'JOB001']
['link', 'MOLCAS.3.JobIph', 'JOB002']
['rassi', 'soc', [4, 3]]
['copy', '$master_path/MOLCAS.1.JobIph', 'JOBOLD']
['rasscf', 1, 4, True, False]
['mclr', 0.0001, 'sala=1']
['alaska']
All jobs finished:
job: master          code: 0    runtime: 0:00:13.039064
job: grad_1_1        code: 0    runtime: 0:00:05.693223

Starting job execution
['gateway']
['seward']
['copy', '/project/lgagliardi/helenclifford/practice_rcc/sharc4/methaniminium/tutorial_reproduction/traj/Singlet_2/TRAJ_00002/restart/MOLCAS.1.JobIph.151', 'JOBOLD']
['rasscf', 1, 4, True, False]
['copy', 'MOLCAS.rasscf.h5', 'MOLCAS.1.rasscf.h5']
['copy', 'MOLCAS.JobIph', 'MOLCAS.1.JobIph']
['copy', '/project/lgagliardi/helenclifford/practice_rcc/sharc4/methaniminium/tutorial_reproduction/traj/Singlet_2/TRAJ_00002/restart/MOLCAS.3.JobIph.151', 'JOBOLD']
['rasscf', 3, 3, True, False]
['copy', 'MOLCAS.rasscf.h5', 'MOLCAS.3.rasscf.h5']
['copy', 'MOLCAS.JobIph', 'MOLCAS.3.JobIph']
['link', 'MOLCAS.1.JobIph', 'JOB001']
['rassi', 'dm', [4]]
['copy', 'MOLCAS.rassi.h5', 'MOLCAS.rassi.1.h5']
['link', 'MOLCAS.3.JobIph', 'JOB001']
['rassi', 'dm', [3]]
['copy', 'MOLCAS.rassi.h5', 'MOLCAS.rassi.3.h5']
['copy', '/project/lgagliardi/helenclifford/practice_rcc/sharc4/methaniminium/tutorial_reproduction/traj/Singlet_2/TRAJ_00002/restart/MOLCAS.1.JobIph.151', 'JOB001']
['link', 'MOLCAS.1.JobIph', 'JOB002']
['rassi', 'overlap', [4, 4]]
['copy', 'MOLCAS.rassi.h5', 'MOLCAS.rassi.ovlp.1.h5']
['copy', '/project/lgagliardi/helenclifford/practice_rcc/sharc4/methaniminium/tutorial_reproduction/traj/Singlet_2/TRAJ_00002/restart/MOLCAS.3.JobIph.151', 'JOB001']
['link', 'MOLCAS.3.JobIph', 'JOB002']
['rassi', 'overlap', [3, 3]]
['copy', 'MOLCAS.rassi.h5', 'MOLCAS.rassi.ovlp.3.h5']
['link', 'MOLCAS.1.JobIph', 'JOB001']
['link', 'MOLCAS.3.JobIph', 'JOB002']
['rassi', 'soc', [4, 3]]
['copy', '$master_path/MOLCAS.1.JobIph', 'JOBOLD']
['rasscf', 1, 4, True, False]
['mclr', 0.0001, 'sala=1']
['alaska']
All jobs finished:
job: master          code: 0    runtime: 0:00:13.227965
job: grad_1_1        code: 0    runtime: 0:00:05.628806

Starting job execution
['gateway']
['seward']
['copy', '/project/lgagliardi/helenclifford/practice_rcc/sharc4/methaniminium/tutorial_reproduction/traj/Singlet_2/TRAJ_00002/restart/MOLCAS.1.JobIph.152', 'JOBOLD']
['rasscf', 1, 4, True, False]
['copy', 'MOLCAS.rasscf.h5', 'MOLCAS.1.rasscf.h5']
['copy', 'MOLCAS.JobIph', 'MOLCAS.1.JobIph']
['copy', '/project/lgagliardi/helenclifford/practice_rcc/sharc4/methaniminium/tutorial_reproduction/traj/Singlet_2/TRAJ_00002/restart/MOLCAS.3.JobIph.152', 'JOBOLD']
['rasscf', 3, 3, True, False]
['copy', 'MOLCAS.rasscf.h5', 'MOLCAS.3.rasscf.h5']
['copy', 'MOLCAS.JobIph', 'MOLCAS.3.JobIph']
['link', 'MOLCAS.1.JobIph', 'JOB001']
['rassi', 'dm', [4]]
['copy', 'MOLCAS.rassi.h5', 'MOLCAS.rassi.1.h5']
['link', 'MOLCAS.3.JobIph', 'JOB001']
['rassi', 'dm', [3]]
['copy', 'MOLCAS.rassi.h5', 'MOLCAS.rassi.3.h5']
['copy', '/project/lgagliardi/helenclifford/practice_rcc/sharc4/methaniminium/tutorial_reproduction/traj/Singlet_2/TRAJ_00002/restart/MOLCAS.1.JobIph.152', 'JOB001']
['link', 'MOLCAS.1.JobIph', 'JOB002']
['rassi', 'overlap', [4, 4]]
['copy', 'MOLCAS.rassi.h5', 'MOLCAS.rassi.ovlp.1.h5']
['copy', '/project/lgagliardi/helenclifford/practice_rcc/sharc4/methaniminium/tutorial_reproduction/traj/Singlet_2/TRAJ_00002/restart/MOLCAS.3.JobIph.152', 'JOB001']
['link', 'MOLCAS.3.JobIph', 'JOB002']
['rassi', 'overlap', [3, 3]]
['copy', 'MOLCAS.rassi.h5', 'MOLCAS.rassi.ovlp.3.h5']
['link', 'MOLCAS.1.JobIph', 'JOB001']
['link', 'MOLCAS.3.JobIph', 'JOB002']
['rassi', 'soc', [4, 3]]
['copy', '$master_path/MOLCAS.1.JobIph', 'JOBOLD']
['rasscf', 1, 4, True, False]
['mclr', 0.0001, 'sala=1']
['alaska']
All jobs finished:
job: master          code: 0    runtime: 0:00:13.204722
job: grad_1_1        code: 0    runtime: 0:00:05.375100

Starting job execution
['gateway']
['seward']
['copy', '/project/lgagliardi/helenclifford/practice_rcc/sharc4/methaniminium/tutorial_reproduction/traj/Singlet_2/TRAJ_00002/restart/MOLCAS.1.JobIph.153', 'JOBOLD']
['rasscf', 1, 4, True, False]
['copy', 'MOLCAS.rasscf.h5', 'MOLCAS.1.rasscf.h5']
['copy', 'MOLCAS.JobIph', 'MOLCAS.1.JobIph']
['copy', '/project/lgagliardi/helenclifford/practice_rcc/sharc4/methaniminium/tutorial_reproduction/traj/Singlet_2/TRAJ_00002/restart/MOLCAS.3.JobIph.153', 'JOBOLD']
['rasscf', 3, 3, True, False]
['copy', 'MOLCAS.rasscf.h5', 'MOLCAS.3.rasscf.h5']
['copy', 'MOLCAS.JobIph', 'MOLCAS.3.JobIph']
['link', 'MOLCAS.1.JobIph', 'JOB001']
['rassi', 'dm', [4]]
['copy', 'MOLCAS.rassi.h5', 'MOLCAS.rassi.1.h5']
['link', 'MOLCAS.3.JobIph', 'JOB001']
['rassi', 'dm', [3]]
['copy', 'MOLCAS.rassi.h5', 'MOLCAS.rassi.3.h5']
['copy', '/project/lgagliardi/helenclifford/practice_rcc/sharc4/methaniminium/tutorial_reproduction/traj/Singlet_2/TRAJ_00002/restart/MOLCAS.1.JobIph.153', 'JOB001']
['link', 'MOLCAS.1.JobIph', 'JOB002']
['rassi', 'overlap', [4, 4]]
['copy', 'MOLCAS.rassi.h5', 'MOLCAS.rassi.ovlp.1.h5']
['copy', '/project/lgagliardi/helenclifford/practice_rcc/sharc4/methaniminium/tutorial_reproduction/traj/Singlet_2/TRAJ_00002/restart/MOLCAS.3.JobIph.153', 'JOB001']
['link', 'MOLCAS.3.JobIph', 'JOB002']
['rassi', 'overlap', [3, 3]]
['copy', 'MOLCAS.rassi.h5', 'MOLCAS.rassi.ovlp.3.h5']
['link', 'MOLCAS.1.JobIph', 'JOB001']
['link', 'MOLCAS.3.JobIph', 'JOB002']
['rassi', 'soc', [4, 3]]
['copy', '$master_path/MOLCAS.1.JobIph', 'JOBOLD']
['rasscf', 1, 4, True, False]
['mclr', 0.0001, 'sala=1']
['alaska']
All jobs finished:
job: master          code: 0    runtime: 0:00:13.290866
job: grad_1_1        code: 0    runtime: 0:00:05.696774

Starting job execution
['gateway']
['seward']
['copy', '/project/lgagliardi/helenclifford/practice_rcc/sharc4/methaniminium/tutorial_reproduction/traj/Singlet_2/TRAJ_00002/restart/MOLCAS.1.JobIph.154', 'JOBOLD']
['rasscf', 1, 4, True, False]
['copy', 'MOLCAS.rasscf.h5', 'MOLCAS.1.rasscf.h5']
['copy', 'MOLCAS.JobIph', 'MOLCAS.1.JobIph']
['copy', '/project/lgagliardi/helenclifford/practice_rcc/sharc4/methaniminium/tutorial_reproduction/traj/Singlet_2/TRAJ_00002/restart/MOLCAS.3.JobIph.154', 'JOBOLD']
['rasscf', 3, 3, True, False]
['copy', 'MOLCAS.rasscf.h5', 'MOLCAS.3.rasscf.h5']
['copy', 'MOLCAS.JobIph', 'MOLCAS.3.JobIph']
['link', 'MOLCAS.1.JobIph', 'JOB001']
['rassi', 'dm', [4]]
['copy', 'MOLCAS.rassi.h5', 'MOLCAS.rassi.1.h5']
['link', 'MOLCAS.3.JobIph', 'JOB001']
['rassi', 'dm', [3]]
['copy', 'MOLCAS.rassi.h5', 'MOLCAS.rassi.3.h5']
['copy', '/project/lgagliardi/helenclifford/practice_rcc/sharc4/methaniminium/tutorial_reproduction/traj/Singlet_2/TRAJ_00002/restart/MOLCAS.1.JobIph.154', 'JOB001']
['link', 'MOLCAS.1.JobIph', 'JOB002']
['rassi', 'overlap', [4, 4]]
['copy', 'MOLCAS.rassi.h5', 'MOLCAS.rassi.ovlp.1.h5']
['copy', '/project/lgagliardi/helenclifford/practice_rcc/sharc4/methaniminium/tutorial_reproduction/traj/Singlet_2/TRAJ_00002/restart/MOLCAS.3.JobIph.154', 'JOB001']
['link', 'MOLCAS.3.JobIph', 'JOB002']
['rassi', 'overlap', [3, 3]]
['copy', 'MOLCAS.rassi.h5', 'MOLCAS.rassi.ovlp.3.h5']
['link', 'MOLCAS.1.JobIph', 'JOB001']
['link', 'MOLCAS.3.JobIph', 'JOB002']
['rassi', 'soc', [4, 3]]
['copy', '$master_path/MOLCAS.1.JobIph', 'JOBOLD']
['rasscf', 1, 4, True, False]
['mclr', 0.0001, 'sala=1']
['alaska']
All jobs finished:
job: master          code: 0    runtime: 0:00:13.301054
job: grad_1_1        code: 0    runtime: 0:00:05.442945

Starting job execution
['gateway']
['seward']
['copy', '/project/lgagliardi/helenclifford/practice_rcc/sharc4/methaniminium/tutorial_reproduction/traj/Singlet_2/TRAJ_00002/restart/MOLCAS.1.JobIph.155', 'JOBOLD']
['rasscf', 1, 4, True, False]
['copy', 'MOLCAS.rasscf.h5', 'MOLCAS.1.rasscf.h5']
['copy', 'MOLCAS.JobIph', 'MOLCAS.1.JobIph']
['copy', '/project/lgagliardi/helenclifford/practice_rcc/sharc4/methaniminium/tutorial_reproduction/traj/Singlet_2/TRAJ_00002/restart/MOLCAS.3.JobIph.155', 'JOBOLD']
['rasscf', 3, 3, True, False]
['copy', 'MOLCAS.rasscf.h5', 'MOLCAS.3.rasscf.h5']
['copy', 'MOLCAS.JobIph', 'MOLCAS.3.JobIph']
['link', 'MOLCAS.1.JobIph', 'JOB001']
['rassi', 'dm', [4]]
['copy', 'MOLCAS.rassi.h5', 'MOLCAS.rassi.1.h5']
['link', 'MOLCAS.3.JobIph', 'JOB001']
['rassi', 'dm', [3]]
['copy', 'MOLCAS.rassi.h5', 'MOLCAS.rassi.3.h5']
['copy', '/project/lgagliardi/helenclifford/practice_rcc/sharc4/methaniminium/tutorial_reproduction/traj/Singlet_2/TRAJ_00002/restart/MOLCAS.1.JobIph.155', 'JOB001']
['link', 'MOLCAS.1.JobIph', 'JOB002']
['rassi', 'overlap', [4, 4]]
['copy', 'MOLCAS.rassi.h5', 'MOLCAS.rassi.ovlp.1.h5']
['copy', '/project/lgagliardi/helenclifford/practice_rcc/sharc4/methaniminium/tutorial_reproduction/traj/Singlet_2/TRAJ_00002/restart/MOLCAS.3.JobIph.155', 'JOB001']
['link', 'MOLCAS.3.JobIph', 'JOB002']
['rassi', 'overlap', [3, 3]]
['copy', 'MOLCAS.rassi.h5', 'MOLCAS.rassi.ovlp.3.h5']
['link', 'MOLCAS.1.JobIph', 'JOB001']
['link', 'MOLCAS.3.JobIph', 'JOB002']
['rassi', 'soc', [4, 3]]
['copy', '$master_path/MOLCAS.1.JobIph', 'JOBOLD']
['rasscf', 1, 4, True, False]
['mclr', 0.0001, 'sala=1']
['alaska']
All jobs finished:
job: master          code: 0    runtime: 0:00:13.110417
job: grad_1_1        code: 0    runtime: 0:00:05.435072

Starting job execution
['gateway']
['seward']
['copy', '/project/lgagliardi/helenclifford/practice_rcc/sharc4/methaniminium/tutorial_reproduction/traj/Singlet_2/TRAJ_00002/restart/MOLCAS.1.JobIph.156', 'JOBOLD']
['rasscf', 1, 4, True, False]
['copy', 'MOLCAS.rasscf.h5', 'MOLCAS.1.rasscf.h5']
['copy', 'MOLCAS.JobIph', 'MOLCAS.1.JobIph']
['copy', '/project/lgagliardi/helenclifford/practice_rcc/sharc4/methaniminium/tutorial_reproduction/traj/Singlet_2/TRAJ_00002/restart/MOLCAS.3.JobIph.156', 'JOBOLD']
['rasscf', 3, 3, True, False]
['copy', 'MOLCAS.rasscf.h5', 'MOLCAS.3.rasscf.h5']
['copy', 'MOLCAS.JobIph', 'MOLCAS.3.JobIph']
['link', 'MOLCAS.1.JobIph', 'JOB001']
['rassi', 'dm', [4]]
['copy', 'MOLCAS.rassi.h5', 'MOLCAS.rassi.1.h5']
['link', 'MOLCAS.3.JobIph', 'JOB001']
['rassi', 'dm', [3]]
['copy', 'MOLCAS.rassi.h5', 'MOLCAS.rassi.3.h5']
['copy', '/project/lgagliardi/helenclifford/practice_rcc/sharc4/methaniminium/tutorial_reproduction/traj/Singlet_2/TRAJ_00002/restart/MOLCAS.1.JobIph.156', 'JOB001']
['link', 'MOLCAS.1.JobIph', 'JOB002']
['rassi', 'overlap', [4, 4]]
['copy', 'MOLCAS.rassi.h5', 'MOLCAS.rassi.ovlp.1.h5']
['copy', '/project/lgagliardi/helenclifford/practice_rcc/sharc4/methaniminium/tutorial_reproduction/traj/Singlet_2/TRAJ_00002/restart/MOLCAS.3.JobIph.156', 'JOB001']
['link', 'MOLCAS.3.JobIph', 'JOB002']
['rassi', 'overlap', [3, 3]]
['copy', 'MOLCAS.rassi.h5', 'MOLCAS.rassi.ovlp.3.h5']
['link', 'MOLCAS.1.JobIph', 'JOB001']
['link', 'MOLCAS.3.JobIph', 'JOB002']
['rassi', 'soc', [4, 3]]
['copy', '$master_path/MOLCAS.1.JobIph', 'JOBOLD']
['rasscf', 1, 4, True, False]
['mclr', 0.0001, 'sala=1']
['alaska']
All jobs finished:
job: master          code: 0    runtime: 0:00:13.217396
job: grad_1_1        code: 0    runtime: 0:00:05.177242

Starting job execution
['gateway']
['seward']
['copy', '/project/lgagliardi/helenclifford/practice_rcc/sharc4/methaniminium/tutorial_reproduction/traj/Singlet_2/TRAJ_00002/restart/MOLCAS.1.JobIph.157', 'JOBOLD']
['rasscf', 1, 4, True, False]
['copy', 'MOLCAS.rasscf.h5', 'MOLCAS.1.rasscf.h5']
['copy', 'MOLCAS.JobIph', 'MOLCAS.1.JobIph']
['copy', '/project/lgagliardi/helenclifford/practice_rcc/sharc4/methaniminium/tutorial_reproduction/traj/Singlet_2/TRAJ_00002/restart/MOLCAS.3.JobIph.157', 'JOBOLD']
['rasscf', 3, 3, True, False]
['copy', 'MOLCAS.rasscf.h5', 'MOLCAS.3.rasscf.h5']
['copy', 'MOLCAS.JobIph', 'MOLCAS.3.JobIph']
['link', 'MOLCAS.1.JobIph', 'JOB001']
['rassi', 'dm', [4]]
['copy', 'MOLCAS.rassi.h5', 'MOLCAS.rassi.1.h5']
['link', 'MOLCAS.3.JobIph', 'JOB001']
['rassi', 'dm', [3]]
['copy', 'MOLCAS.rassi.h5', 'MOLCAS.rassi.3.h5']
['copy', '/project/lgagliardi/helenclifford/practice_rcc/sharc4/methaniminium/tutorial_reproduction/traj/Singlet_2/TRAJ_00002/restart/MOLCAS.1.JobIph.157', 'JOB001']
['link', 'MOLCAS.1.JobIph', 'JOB002']
['rassi', 'overlap', [4, 4]]
['copy', 'MOLCAS.rassi.h5', 'MOLCAS.rassi.ovlp.1.h5']
['copy', '/project/lgagliardi/helenclifford/practice_rcc/sharc4/methaniminium/tutorial_reproduction/traj/Singlet_2/TRAJ_00002/restart/MOLCAS.3.JobIph.157', 'JOB001']
['link', 'MOLCAS.3.JobIph', 'JOB002']
['rassi', 'overlap', [3, 3]]
['copy', 'MOLCAS.rassi.h5', 'MOLCAS.rassi.ovlp.3.h5']
['link', 'MOLCAS.1.JobIph', 'JOB001']
['link', 'MOLCAS.3.JobIph', 'JOB002']
['rassi', 'soc', [4, 3]]
['copy', '$master_path/MOLCAS.1.JobIph', 'JOBOLD']
['rasscf', 1, 4, True, False]
['mclr', 0.0001, 'sala=1']
['alaska']
All jobs finished:
job: master          code: 0    runtime: 0:00:12.942685
job: grad_1_1        code: 0    runtime: 0:00:05.562322

Starting job execution
['gateway']
['seward']
['copy', '/project/lgagliardi/helenclifford/practice_rcc/sharc4/methaniminium/tutorial_reproduction/traj/Singlet_2/TRAJ_00002/restart/MOLCAS.1.JobIph.158', 'JOBOLD']
['rasscf', 1, 4, True, False]
['copy', 'MOLCAS.rasscf.h5', 'MOLCAS.1.rasscf.h5']
['copy', 'MOLCAS.JobIph', 'MOLCAS.1.JobIph']
['copy', '/project/lgagliardi/helenclifford/practice_rcc/sharc4/methaniminium/tutorial_reproduction/traj/Singlet_2/TRAJ_00002/restart/MOLCAS.3.JobIph.158', 'JOBOLD']
['rasscf', 3, 3, True, False]
['copy', 'MOLCAS.rasscf.h5', 'MOLCAS.3.rasscf.h5']
['copy', 'MOLCAS.JobIph', 'MOLCAS.3.JobIph']
['link', 'MOLCAS.1.JobIph', 'JOB001']
['rassi', 'dm', [4]]
['copy', 'MOLCAS.rassi.h5', 'MOLCAS.rassi.1.h5']
['link', 'MOLCAS.3.JobIph', 'JOB001']
['rassi', 'dm', [3]]
['copy', 'MOLCAS.rassi.h5', 'MOLCAS.rassi.3.h5']
['copy', '/project/lgagliardi/helenclifford/practice_rcc/sharc4/methaniminium/tutorial_reproduction/traj/Singlet_2/TRAJ_00002/restart/MOLCAS.1.JobIph.158', 'JOB001']
['link', 'MOLCAS.1.JobIph', 'JOB002']
['rassi', 'overlap', [4, 4]]
['copy', 'MOLCAS.rassi.h5', 'MOLCAS.rassi.ovlp.1.h5']
['copy', '/project/lgagliardi/helenclifford/practice_rcc/sharc4/methaniminium/tutorial_reproduction/traj/Singlet_2/TRAJ_00002/restart/MOLCAS.3.JobIph.158', 'JOB001']
['link', 'MOLCAS.3.JobIph', 'JOB002']
['rassi', 'overlap', [3, 3]]
['copy', 'MOLCAS.rassi.h5', 'MOLCAS.rassi.ovlp.3.h5']
['link', 'MOLCAS.1.JobIph', 'JOB001']
['link', 'MOLCAS.3.JobIph', 'JOB002']
['rassi', 'soc', [4, 3]]
['copy', '$master_path/MOLCAS.1.JobIph', 'JOBOLD']
['rasscf', 1, 4, True, False]
['mclr', 0.0001, 'sala=1']
['alaska']
All jobs finished:
job: master          code: 0    runtime: 0:00:13.786650
job: grad_1_1        code: 0    runtime: 0:00:05.565840

Starting job execution
['gateway']
['seward']
['copy', '/project/lgagliardi/helenclifford/practice_rcc/sharc4/methaniminium/tutorial_reproduction/traj/Singlet_2/TRAJ_00002/restart/MOLCAS.1.JobIph.159', 'JOBOLD']
['rasscf', 1, 4, True, False]
['copy', 'MOLCAS.rasscf.h5', 'MOLCAS.1.rasscf.h5']
['copy', 'MOLCAS.JobIph', 'MOLCAS.1.JobIph']
['copy', '/project/lgagliardi/helenclifford/practice_rcc/sharc4/methaniminium/tutorial_reproduction/traj/Singlet_2/TRAJ_00002/restart/MOLCAS.3.JobIph.159', 'JOBOLD']
['rasscf', 3, 3, True, False]
['copy', 'MOLCAS.rasscf.h5', 'MOLCAS.3.rasscf.h5']
['copy', 'MOLCAS.JobIph', 'MOLCAS.3.JobIph']
['link', 'MOLCAS.1.JobIph', 'JOB001']
['rassi', 'dm', [4]]
['copy', 'MOLCAS.rassi.h5', 'MOLCAS.rassi.1.h5']
['link', 'MOLCAS.3.JobIph', 'JOB001']
['rassi', 'dm', [3]]
['copy', 'MOLCAS.rassi.h5', 'MOLCAS.rassi.3.h5']
['copy', '/project/lgagliardi/helenclifford/practice_rcc/sharc4/methaniminium/tutorial_reproduction/traj/Singlet_2/TRAJ_00002/restart/MOLCAS.1.JobIph.159', 'JOB001']
['link', 'MOLCAS.1.JobIph', 'JOB002']
['rassi', 'overlap', [4, 4]]
['copy', 'MOLCAS.rassi.h5', 'MOLCAS.rassi.ovlp.1.h5']
['copy', '/project/lgagliardi/helenclifford/practice_rcc/sharc4/methaniminium/tutorial_reproduction/traj/Singlet_2/TRAJ_00002/restart/MOLCAS.3.JobIph.159', 'JOB001']
['link', 'MOLCAS.3.JobIph', 'JOB002']
['rassi', 'overlap', [3, 3]]
['copy', 'MOLCAS.rassi.h5', 'MOLCAS.rassi.ovlp.3.h5']
['link', 'MOLCAS.1.JobIph', 'JOB001']
['link', 'MOLCAS.3.JobIph', 'JOB002']
['rassi', 'soc', [4, 3]]
['copy', '$master_path/MOLCAS.1.JobIph', 'JOBOLD']
['rasscf', 1, 4, True, False]
['mclr', 0.0001, 'sala=1']
['alaska']
All jobs finished:
job: master          code: 0    runtime: 0:00:14.437765
job: grad_1_1        code: 0    runtime: 0:00:05.640761

Starting job execution
['gateway']
['seward']
['copy', '/project/lgagliardi/helenclifford/practice_rcc/sharc4/methaniminium/tutorial_reproduction/traj/Singlet_2/TRAJ_00002/restart/MOLCAS.1.JobIph.160', 'JOBOLD']
['rasscf', 1, 4, True, False]
['copy', 'MOLCAS.rasscf.h5', 'MOLCAS.1.rasscf.h5']
['copy', 'MOLCAS.JobIph', 'MOLCAS.1.JobIph']
['copy', '/project/lgagliardi/helenclifford/practice_rcc/sharc4/methaniminium/tutorial_reproduction/traj/Singlet_2/TRAJ_00002/restart/MOLCAS.3.JobIph.160', 'JOBOLD']
['rasscf', 3, 3, True, False]
['copy', 'MOLCAS.rasscf.h5', 'MOLCAS.3.rasscf.h5']
['copy', 'MOLCAS.JobIph', 'MOLCAS.3.JobIph']
['link', 'MOLCAS.1.JobIph', 'JOB001']
['rassi', 'dm', [4]]
['copy', 'MOLCAS.rassi.h5', 'MOLCAS.rassi.1.h5']
['link', 'MOLCAS.3.JobIph', 'JOB001']
['rassi', 'dm', [3]]
['copy', 'MOLCAS.rassi.h5', 'MOLCAS.rassi.3.h5']
['copy', '/project/lgagliardi/helenclifford/practice_rcc/sharc4/methaniminium/tutorial_reproduction/traj/Singlet_2/TRAJ_00002/restart/MOLCAS.1.JobIph.160', 'JOB001']
['link', 'MOLCAS.1.JobIph', 'JOB002']
['rassi', 'overlap', [4, 4]]
['copy', 'MOLCAS.rassi.h5', 'MOLCAS.rassi.ovlp.1.h5']
['copy', '/project/lgagliardi/helenclifford/practice_rcc/sharc4/methaniminium/tutorial_reproduction/traj/Singlet_2/TRAJ_00002/restart/MOLCAS.3.JobIph.160', 'JOB001']
['link', 'MOLCAS.3.JobIph', 'JOB002']
['rassi', 'overlap', [3, 3]]
['copy', 'MOLCAS.rassi.h5', 'MOLCAS.rassi.ovlp.3.h5']
['link', 'MOLCAS.1.JobIph', 'JOB001']
['link', 'MOLCAS.3.JobIph', 'JOB002']
['rassi', 'soc', [4, 3]]
['copy', '$master_path/MOLCAS.1.JobIph', 'JOBOLD']
['rasscf', 1, 4, True, False]
['mclr', 0.0001, 'sala=1']
['alaska']
All jobs finished:
job: master          code: 0    runtime: 0:00:13.883802
job: grad_1_1        code: 0    runtime: 0:00:05.647597

Starting job execution
['gateway']
['seward']
['copy', '/project/lgagliardi/helenclifford/practice_rcc/sharc4/methaniminium/tutorial_reproduction/traj/Singlet_2/TRAJ_00002/restart/MOLCAS.1.JobIph.161', 'JOBOLD']
['rasscf', 1, 4, True, False]
['copy', 'MOLCAS.rasscf.h5', 'MOLCAS.1.rasscf.h5']
['copy', 'MOLCAS.JobIph', 'MOLCAS.1.JobIph']
['copy', '/project/lgagliardi/helenclifford/practice_rcc/sharc4/methaniminium/tutorial_reproduction/traj/Singlet_2/TRAJ_00002/restart/MOLCAS.3.JobIph.161', 'JOBOLD']
['rasscf', 3, 3, True, False]
['copy', 'MOLCAS.rasscf.h5', 'MOLCAS.3.rasscf.h5']
['copy', 'MOLCAS.JobIph', 'MOLCAS.3.JobIph']
['link', 'MOLCAS.1.JobIph', 'JOB001']
['rassi', 'dm', [4]]
['copy', 'MOLCAS.rassi.h5', 'MOLCAS.rassi.1.h5']
['link', 'MOLCAS.3.JobIph', 'JOB001']
['rassi', 'dm', [3]]
['copy', 'MOLCAS.rassi.h5', 'MOLCAS.rassi.3.h5']
['copy', '/project/lgagliardi/helenclifford/practice_rcc/sharc4/methaniminium/tutorial_reproduction/traj/Singlet_2/TRAJ_00002/restart/MOLCAS.1.JobIph.161', 'JOB001']
['link', 'MOLCAS.1.JobIph', 'JOB002']
['rassi', 'overlap', [4, 4]]
['copy', 'MOLCAS.rassi.h5', 'MOLCAS.rassi.ovlp.1.h5']
['copy', '/project/lgagliardi/helenclifford/practice_rcc/sharc4/methaniminium/tutorial_reproduction/traj/Singlet_2/TRAJ_00002/restart/MOLCAS.3.JobIph.161', 'JOB001']
['link', 'MOLCAS.3.JobIph', 'JOB002']
['rassi', 'overlap', [3, 3]]
['copy', 'MOLCAS.rassi.h5', 'MOLCAS.rassi.ovlp.3.h5']
['link', 'MOLCAS.1.JobIph', 'JOB001']
['link', 'MOLCAS.3.JobIph', 'JOB002']
['rassi', 'soc', [4, 3]]
['copy', '$master_path/MOLCAS.1.JobIph', 'JOBOLD']
['rasscf', 1, 4, True, False]
['mclr', 0.0001, 'sala=1']
['alaska']
All jobs finished:
job: master          code: 0    runtime: 0:00:13.686173
job: grad_1_1        code: 0    runtime: 0:00:06.195204

Starting job execution
['gateway']
['seward']
['copy', '/project/lgagliardi/helenclifford/practice_rcc/sharc4/methaniminium/tutorial_reproduction/traj/Singlet_2/TRAJ_00002/restart/MOLCAS.1.JobIph.162', 'JOBOLD']
['rasscf', 1, 4, True, False]
['copy', 'MOLCAS.rasscf.h5', 'MOLCAS.1.rasscf.h5']
['copy', 'MOLCAS.JobIph', 'MOLCAS.1.JobIph']
['copy', '/project/lgagliardi/helenclifford/practice_rcc/sharc4/methaniminium/tutorial_reproduction/traj/Singlet_2/TRAJ_00002/restart/MOLCAS.3.JobIph.162', 'JOBOLD']
['rasscf', 3, 3, True, False]
['copy', 'MOLCAS.rasscf.h5', 'MOLCAS.3.rasscf.h5']
['copy', 'MOLCAS.JobIph', 'MOLCAS.3.JobIph']
['link', 'MOLCAS.1.JobIph', 'JOB001']
['rassi', 'dm', [4]]
['copy', 'MOLCAS.rassi.h5', 'MOLCAS.rassi.1.h5']
['link', 'MOLCAS.3.JobIph', 'JOB001']
['rassi', 'dm', [3]]
['copy', 'MOLCAS.rassi.h5', 'MOLCAS.rassi.3.h5']
['copy', '/project/lgagliardi/helenclifford/practice_rcc/sharc4/methaniminium/tutorial_reproduction/traj/Singlet_2/TRAJ_00002/restart/MOLCAS.1.JobIph.162', 'JOB001']
['link', 'MOLCAS.1.JobIph', 'JOB002']
['rassi', 'overlap', [4, 4]]
['copy', 'MOLCAS.rassi.h5', 'MOLCAS.rassi.ovlp.1.h5']
['copy', '/project/lgagliardi/helenclifford/practice_rcc/sharc4/methaniminium/tutorial_reproduction/traj/Singlet_2/TRAJ_00002/restart/MOLCAS.3.JobIph.162', 'JOB001']
['link', 'MOLCAS.3.JobIph', 'JOB002']
['rassi', 'overlap', [3, 3]]
['copy', 'MOLCAS.rassi.h5', 'MOLCAS.rassi.ovlp.3.h5']
['link', 'MOLCAS.1.JobIph', 'JOB001']
['link', 'MOLCAS.3.JobIph', 'JOB002']
['rassi', 'soc', [4, 3]]
['copy', '$master_path/MOLCAS.1.JobIph', 'JOBOLD']
['rasscf', 1, 4, True, False]
['mclr', 0.0001, 'sala=1']
['alaska']
All jobs finished:
job: master          code: 0    runtime: 0:00:13.162126
job: grad_1_1        code: 0    runtime: 0:00:05.378359

Starting job execution
['gateway']
['seward']
['copy', '/project/lgagliardi/helenclifford/practice_rcc/sharc4/methaniminium/tutorial_reproduction/traj/Singlet_2/TRAJ_00002/restart/MOLCAS.1.JobIph.163', 'JOBOLD']
['rasscf', 1, 4, True, False]
['copy', 'MOLCAS.rasscf.h5', 'MOLCAS.1.rasscf.h5']
['copy', 'MOLCAS.JobIph', 'MOLCAS.1.JobIph']
['copy', '/project/lgagliardi/helenclifford/practice_rcc/sharc4/methaniminium/tutorial_reproduction/traj/Singlet_2/TRAJ_00002/restart/MOLCAS.3.JobIph.163', 'JOBOLD']
['rasscf', 3, 3, True, False]
['copy', 'MOLCAS.rasscf.h5', 'MOLCAS.3.rasscf.h5']
['copy', 'MOLCAS.JobIph', 'MOLCAS.3.JobIph']
['link', 'MOLCAS.1.JobIph', 'JOB001']
['rassi', 'dm', [4]]
['copy', 'MOLCAS.rassi.h5', 'MOLCAS.rassi.1.h5']
['link', 'MOLCAS.3.JobIph', 'JOB001']
['rassi', 'dm', [3]]
['copy', 'MOLCAS.rassi.h5', 'MOLCAS.rassi.3.h5']
['copy', '/project/lgagliardi/helenclifford/practice_rcc/sharc4/methaniminium/tutorial_reproduction/traj/Singlet_2/TRAJ_00002/restart/MOLCAS.1.JobIph.163', 'JOB001']
['link', 'MOLCAS.1.JobIph', 'JOB002']
['rassi', 'overlap', [4, 4]]
['copy', 'MOLCAS.rassi.h5', 'MOLCAS.rassi.ovlp.1.h5']
['copy', '/project/lgagliardi/helenclifford/practice_rcc/sharc4/methaniminium/tutorial_reproduction/traj/Singlet_2/TRAJ_00002/restart/MOLCAS.3.JobIph.163', 'JOB001']
['link', 'MOLCAS.3.JobIph', 'JOB002']
['rassi', 'overlap', [3, 3]]
['copy', 'MOLCAS.rassi.h5', 'MOLCAS.rassi.ovlp.3.h5']
['link', 'MOLCAS.1.JobIph', 'JOB001']
['link', 'MOLCAS.3.JobIph', 'JOB002']
['rassi', 'soc', [4, 3]]
['copy', '$master_path/MOLCAS.1.JobIph', 'JOBOLD']
['rasscf', 1, 4, True, False]
['mclr', 0.0001, 'sala=1']
['alaska']
All jobs finished:
job: master          code: 0    runtime: 0:00:13.211379
job: grad_1_1        code: 0    runtime: 0:00:07.011000

Starting job execution
['gateway']
['seward']
['copy', '/project/lgagliardi/helenclifford/practice_rcc/sharc4/methaniminium/tutorial_reproduction/traj/Singlet_2/TRAJ_00002/restart/MOLCAS.1.JobIph.164', 'JOBOLD']
['rasscf', 1, 4, True, False]
['copy', 'MOLCAS.rasscf.h5', 'MOLCAS.1.rasscf.h5']
['copy', 'MOLCAS.JobIph', 'MOLCAS.1.JobIph']
['copy', '/project/lgagliardi/helenclifford/practice_rcc/sharc4/methaniminium/tutorial_reproduction/traj/Singlet_2/TRAJ_00002/restart/MOLCAS.3.JobIph.164', 'JOBOLD']
['rasscf', 3, 3, True, False]
['copy', 'MOLCAS.rasscf.h5', 'MOLCAS.3.rasscf.h5']
['copy', 'MOLCAS.JobIph', 'MOLCAS.3.JobIph']
['link', 'MOLCAS.1.JobIph', 'JOB001']
['rassi', 'dm', [4]]
['copy', 'MOLCAS.rassi.h5', 'MOLCAS.rassi.1.h5']
['link', 'MOLCAS.3.JobIph', 'JOB001']
['rassi', 'dm', [3]]
['copy', 'MOLCAS.rassi.h5', 'MOLCAS.rassi.3.h5']
['copy', '/project/lgagliardi/helenclifford/practice_rcc/sharc4/methaniminium/tutorial_reproduction/traj/Singlet_2/TRAJ_00002/restart/MOLCAS.1.JobIph.164', 'JOB001']
['link', 'MOLCAS.1.JobIph', 'JOB002']
['rassi', 'overlap', [4, 4]]
['copy', 'MOLCAS.rassi.h5', 'MOLCAS.rassi.ovlp.1.h5']
['copy', '/project/lgagliardi/helenclifford/practice_rcc/sharc4/methaniminium/tutorial_reproduction/traj/Singlet_2/TRAJ_00002/restart/MOLCAS.3.JobIph.164', 'JOB001']
['link', 'MOLCAS.3.JobIph', 'JOB002']
['rassi', 'overlap', [3, 3]]
['copy', 'MOLCAS.rassi.h5', 'MOLCAS.rassi.ovlp.3.h5']
['link', 'MOLCAS.1.JobIph', 'JOB001']
['link', 'MOLCAS.3.JobIph', 'JOB002']
['rassi', 'soc', [4, 3]]
['copy', '$master_path/MOLCAS.1.JobIph', 'JOBOLD']
['rasscf', 1, 4, True, False]
['mclr', 0.0001, 'sala=1']
['alaska']
All jobs finished:
job: master          code: 0    runtime: 0:00:13.319433
job: grad_1_1        code: 0    runtime: 0:00:05.962278

Starting job execution
['gateway']
['seward']
['copy', '/project/lgagliardi/helenclifford/practice_rcc/sharc4/methaniminium/tutorial_reproduction/traj/Singlet_2/TRAJ_00002/restart/MOLCAS.1.JobIph.165', 'JOBOLD']
['rasscf', 1, 4, True, False]
['copy', 'MOLCAS.rasscf.h5', 'MOLCAS.1.rasscf.h5']
['copy', 'MOLCAS.JobIph', 'MOLCAS.1.JobIph']
['copy', '/project/lgagliardi/helenclifford/practice_rcc/sharc4/methaniminium/tutorial_reproduction/traj/Singlet_2/TRAJ_00002/restart/MOLCAS.3.JobIph.165', 'JOBOLD']
['rasscf', 3, 3, True, False]
['copy', 'MOLCAS.rasscf.h5', 'MOLCAS.3.rasscf.h5']
['copy', 'MOLCAS.JobIph', 'MOLCAS.3.JobIph']
['link', 'MOLCAS.1.JobIph', 'JOB001']
['rassi', 'dm', [4]]
['copy', 'MOLCAS.rassi.h5', 'MOLCAS.rassi.1.h5']
['link', 'MOLCAS.3.JobIph', 'JOB001']
['rassi', 'dm', [3]]
['copy', 'MOLCAS.rassi.h5', 'MOLCAS.rassi.3.h5']
['copy', '/project/lgagliardi/helenclifford/practice_rcc/sharc4/methaniminium/tutorial_reproduction/traj/Singlet_2/TRAJ_00002/restart/MOLCAS.1.JobIph.165', 'JOB001']
['link', 'MOLCAS.1.JobIph', 'JOB002']
['rassi', 'overlap', [4, 4]]
['copy', 'MOLCAS.rassi.h5', 'MOLCAS.rassi.ovlp.1.h5']
['copy', '/project/lgagliardi/helenclifford/practice_rcc/sharc4/methaniminium/tutorial_reproduction/traj/Singlet_2/TRAJ_00002/restart/MOLCAS.3.JobIph.165', 'JOB001']
['link', 'MOLCAS.3.JobIph', 'JOB002']
['rassi', 'overlap', [3, 3]]
['copy', 'MOLCAS.rassi.h5', 'MOLCAS.rassi.ovlp.3.h5']
['link', 'MOLCAS.1.JobIph', 'JOB001']
['link', 'MOLCAS.3.JobIph', 'JOB002']
['rassi', 'soc', [4, 3]]
['copy', '$master_path/MOLCAS.1.JobIph', 'JOBOLD']
['rasscf', 1, 4, True, False]
['mclr', 0.0001, 'sala=1']
['alaska']
All jobs finished:
job: master          code: 0    runtime: 0:00:13.243781
job: grad_1_1        code: 0    runtime: 0:00:05.790423

Starting job execution
['gateway']
['seward']
['copy', '/project/lgagliardi/helenclifford/practice_rcc/sharc4/methaniminium/tutorial_reproduction/traj/Singlet_2/TRAJ_00002/restart/MOLCAS.1.JobIph.166', 'JOBOLD']
['rasscf', 1, 4, True, False]
['copy', 'MOLCAS.rasscf.h5', 'MOLCAS.1.rasscf.h5']
['copy', 'MOLCAS.JobIph', 'MOLCAS.1.JobIph']
['copy', '/project/lgagliardi/helenclifford/practice_rcc/sharc4/methaniminium/tutorial_reproduction/traj/Singlet_2/TRAJ_00002/restart/MOLCAS.3.JobIph.166', 'JOBOLD']
['rasscf', 3, 3, True, False]
['copy', 'MOLCAS.rasscf.h5', 'MOLCAS.3.rasscf.h5']
['copy', 'MOLCAS.JobIph', 'MOLCAS.3.JobIph']
['link', 'MOLCAS.1.JobIph', 'JOB001']
['rassi', 'dm', [4]]
['copy', 'MOLCAS.rassi.h5', 'MOLCAS.rassi.1.h5']
['link', 'MOLCAS.3.JobIph', 'JOB001']
['rassi', 'dm', [3]]
['copy', 'MOLCAS.rassi.h5', 'MOLCAS.rassi.3.h5']
['copy', '/project/lgagliardi/helenclifford/practice_rcc/sharc4/methaniminium/tutorial_reproduction/traj/Singlet_2/TRAJ_00002/restart/MOLCAS.1.JobIph.166', 'JOB001']
['link', 'MOLCAS.1.JobIph', 'JOB002']
['rassi', 'overlap', [4, 4]]
['copy', 'MOLCAS.rassi.h5', 'MOLCAS.rassi.ovlp.1.h5']
['copy', '/project/lgagliardi/helenclifford/practice_rcc/sharc4/methaniminium/tutorial_reproduction/traj/Singlet_2/TRAJ_00002/restart/MOLCAS.3.JobIph.166', 'JOB001']
['link', 'MOLCAS.3.JobIph', 'JOB002']
['rassi', 'overlap', [3, 3]]
['copy', 'MOLCAS.rassi.h5', 'MOLCAS.rassi.ovlp.3.h5']
['link', 'MOLCAS.1.JobIph', 'JOB001']
['link', 'MOLCAS.3.JobIph', 'JOB002']
['rassi', 'soc', [4, 3]]
['copy', '$master_path/MOLCAS.1.JobIph', 'JOBOLD']
['rasscf', 1, 4, True, False]
['mclr', 0.0001, 'sala=1']
['alaska']
All jobs finished:
job: master          code: 0    runtime: 0:00:12.255312
job: grad_1_1        code: 0    runtime: 0:00:05.536202

Starting job execution
['gateway']
['seward']
['copy', '/project/lgagliardi/helenclifford/practice_rcc/sharc4/methaniminium/tutorial_reproduction/traj/Singlet_2/TRAJ_00002/restart/MOLCAS.1.JobIph.167', 'JOBOLD']
['rasscf', 1, 4, True, False]
['copy', 'MOLCAS.rasscf.h5', 'MOLCAS.1.rasscf.h5']
['copy', 'MOLCAS.JobIph', 'MOLCAS.1.JobIph']
['copy', '/project/lgagliardi/helenclifford/practice_rcc/sharc4/methaniminium/tutorial_reproduction/traj/Singlet_2/TRAJ_00002/restart/MOLCAS.3.JobIph.167', 'JOBOLD']
['rasscf', 3, 3, True, False]
['copy', 'MOLCAS.rasscf.h5', 'MOLCAS.3.rasscf.h5']
['copy', 'MOLCAS.JobIph', 'MOLCAS.3.JobIph']
['link', 'MOLCAS.1.JobIph', 'JOB001']
['rassi', 'dm', [4]]
['copy', 'MOLCAS.rassi.h5', 'MOLCAS.rassi.1.h5']
['link', 'MOLCAS.3.JobIph', 'JOB001']
['rassi', 'dm', [3]]
['copy', 'MOLCAS.rassi.h5', 'MOLCAS.rassi.3.h5']
['copy', '/project/lgagliardi/helenclifford/practice_rcc/sharc4/methaniminium/tutorial_reproduction/traj/Singlet_2/TRAJ_00002/restart/MOLCAS.1.JobIph.167', 'JOB001']
['link', 'MOLCAS.1.JobIph', 'JOB002']
['rassi', 'overlap', [4, 4]]
['copy', 'MOLCAS.rassi.h5', 'MOLCAS.rassi.ovlp.1.h5']
['copy', '/project/lgagliardi/helenclifford/practice_rcc/sharc4/methaniminium/tutorial_reproduction/traj/Singlet_2/TRAJ_00002/restart/MOLCAS.3.JobIph.167', 'JOB001']
['link', 'MOLCAS.3.JobIph', 'JOB002']
['rassi', 'overlap', [3, 3]]
['copy', 'MOLCAS.rassi.h5', 'MOLCAS.rassi.ovlp.3.h5']
['link', 'MOLCAS.1.JobIph', 'JOB001']
['link', 'MOLCAS.3.JobIph', 'JOB002']
['rassi', 'soc', [4, 3]]
['copy', '$master_path/MOLCAS.1.JobIph', 'JOBOLD']
['rasscf', 1, 4, True, False]
['mclr', 0.0001, 'sala=1']
['alaska']
All jobs finished:
job: master          code: 0    runtime: 0:00:13.058748
job: grad_1_1        code: 0    runtime: 0:00:05.708441

Starting job execution
['gateway']
['seward']
['copy', '/project/lgagliardi/helenclifford/practice_rcc/sharc4/methaniminium/tutorial_reproduction/traj/Singlet_2/TRAJ_00002/restart/MOLCAS.1.JobIph.168', 'JOBOLD']
['rasscf', 1, 4, True, False]
['copy', 'MOLCAS.rasscf.h5', 'MOLCAS.1.rasscf.h5']
['copy', 'MOLCAS.JobIph', 'MOLCAS.1.JobIph']
['copy', '/project/lgagliardi/helenclifford/practice_rcc/sharc4/methaniminium/tutorial_reproduction/traj/Singlet_2/TRAJ_00002/restart/MOLCAS.3.JobIph.168', 'JOBOLD']
['rasscf', 3, 3, True, False]
['copy', 'MOLCAS.rasscf.h5', 'MOLCAS.3.rasscf.h5']
['copy', 'MOLCAS.JobIph', 'MOLCAS.3.JobIph']
['link', 'MOLCAS.1.JobIph', 'JOB001']
['rassi', 'dm', [4]]
['copy', 'MOLCAS.rassi.h5', 'MOLCAS.rassi.1.h5']
['link', 'MOLCAS.3.JobIph', 'JOB001']
['rassi', 'dm', [3]]
['copy', 'MOLCAS.rassi.h5', 'MOLCAS.rassi.3.h5']
['copy', '/project/lgagliardi/helenclifford/practice_rcc/sharc4/methaniminium/tutorial_reproduction/traj/Singlet_2/TRAJ_00002/restart/MOLCAS.1.JobIph.168', 'JOB001']
['link', 'MOLCAS.1.JobIph', 'JOB002']
['rassi', 'overlap', [4, 4]]
['copy', 'MOLCAS.rassi.h5', 'MOLCAS.rassi.ovlp.1.h5']
['copy', '/project/lgagliardi/helenclifford/practice_rcc/sharc4/methaniminium/tutorial_reproduction/traj/Singlet_2/TRAJ_00002/restart/MOLCAS.3.JobIph.168', 'JOB001']
['link', 'MOLCAS.3.JobIph', 'JOB002']
['rassi', 'overlap', [3, 3]]
['copy', 'MOLCAS.rassi.h5', 'MOLCAS.rassi.ovlp.3.h5']
['link', 'MOLCAS.1.JobIph', 'JOB001']
['link', 'MOLCAS.3.JobIph', 'JOB002']
['rassi', 'soc', [4, 3]]
['copy', '$master_path/MOLCAS.1.JobIph', 'JOBOLD']
['rasscf', 1, 4, True, False]
['mclr', 0.0001, 'sala=1']
['alaska']
All jobs finished:
job: master          code: 0    runtime: 0:00:11.552435
job: grad_1_1        code: 0    runtime: 0:00:07.355075

Starting job execution
['gateway']
['seward']
['copy', '/project/lgagliardi/helenclifford/practice_rcc/sharc4/methaniminium/tutorial_reproduction/traj/Singlet_2/TRAJ_00002/restart/MOLCAS.1.JobIph.169', 'JOBOLD']
['rasscf', 1, 4, True, False]
['copy', 'MOLCAS.rasscf.h5', 'MOLCAS.1.rasscf.h5']
['copy', 'MOLCAS.JobIph', 'MOLCAS.1.JobIph']
['copy', '/project/lgagliardi/helenclifford/practice_rcc/sharc4/methaniminium/tutorial_reproduction/traj/Singlet_2/TRAJ_00002/restart/MOLCAS.3.JobIph.169', 'JOBOLD']
['rasscf', 3, 3, True, False]
['copy', 'MOLCAS.rasscf.h5', 'MOLCAS.3.rasscf.h5']
['copy', 'MOLCAS.JobIph', 'MOLCAS.3.JobIph']
['link', 'MOLCAS.1.JobIph', 'JOB001']
['rassi', 'dm', [4]]
['copy', 'MOLCAS.rassi.h5', 'MOLCAS.rassi.1.h5']
['link', 'MOLCAS.3.JobIph', 'JOB001']
['rassi', 'dm', [3]]
['copy', 'MOLCAS.rassi.h5', 'MOLCAS.rassi.3.h5']
['copy', '/project/lgagliardi/helenclifford/practice_rcc/sharc4/methaniminium/tutorial_reproduction/traj/Singlet_2/TRAJ_00002/restart/MOLCAS.1.JobIph.169', 'JOB001']
['link', 'MOLCAS.1.JobIph', 'JOB002']
['rassi', 'overlap', [4, 4]]
['copy', 'MOLCAS.rassi.h5', 'MOLCAS.rassi.ovlp.1.h5']
['copy', '/project/lgagliardi/helenclifford/practice_rcc/sharc4/methaniminium/tutorial_reproduction/traj/Singlet_2/TRAJ_00002/restart/MOLCAS.3.JobIph.169', 'JOB001']
['link', 'MOLCAS.3.JobIph', 'JOB002']
['rassi', 'overlap', [3, 3]]
['copy', 'MOLCAS.rassi.h5', 'MOLCAS.rassi.ovlp.3.h5']
['link', 'MOLCAS.1.JobIph', 'JOB001']
['link', 'MOLCAS.3.JobIph', 'JOB002']
['rassi', 'soc', [4, 3]]
['copy', '$master_path/MOLCAS.1.JobIph', 'JOBOLD']
['rasscf', 1, 4, True, False]
['mclr', 0.0001, 'sala=1']
['alaska']
All jobs finished:
job: master          code: 0    runtime: 0:00:11.999141
job: grad_1_1        code: 0    runtime: 0:00:07.695860

Starting job execution
['gateway']
['seward']
['copy', '/project/lgagliardi/helenclifford/practice_rcc/sharc4/methaniminium/tutorial_reproduction/traj/Singlet_2/TRAJ_00002/restart/MOLCAS.1.JobIph.170', 'JOBOLD']
['rasscf', 1, 4, True, False]
['copy', 'MOLCAS.rasscf.h5', 'MOLCAS.1.rasscf.h5']
['copy', 'MOLCAS.JobIph', 'MOLCAS.1.JobIph']
['copy', '/project/lgagliardi/helenclifford/practice_rcc/sharc4/methaniminium/tutorial_reproduction/traj/Singlet_2/TRAJ_00002/restart/MOLCAS.3.JobIph.170', 'JOBOLD']
['rasscf', 3, 3, True, False]
['copy', 'MOLCAS.rasscf.h5', 'MOLCAS.3.rasscf.h5']
['copy', 'MOLCAS.JobIph', 'MOLCAS.3.JobIph']
['link', 'MOLCAS.1.JobIph', 'JOB001']
['rassi', 'dm', [4]]
['copy', 'MOLCAS.rassi.h5', 'MOLCAS.rassi.1.h5']
['link', 'MOLCAS.3.JobIph', 'JOB001']
['rassi', 'dm', [3]]
['copy', 'MOLCAS.rassi.h5', 'MOLCAS.rassi.3.h5']
['copy', '/project/lgagliardi/helenclifford/practice_rcc/sharc4/methaniminium/tutorial_reproduction/traj/Singlet_2/TRAJ_00002/restart/MOLCAS.1.JobIph.170', 'JOB001']
['link', 'MOLCAS.1.JobIph', 'JOB002']
['rassi', 'overlap', [4, 4]]
['copy', 'MOLCAS.rassi.h5', 'MOLCAS.rassi.ovlp.1.h5']
['copy', '/project/lgagliardi/helenclifford/practice_rcc/sharc4/methaniminium/tutorial_reproduction/traj/Singlet_2/TRAJ_00002/restart/MOLCAS.3.JobIph.170', 'JOB001']
['link', 'MOLCAS.3.JobIph', 'JOB002']
['rassi', 'overlap', [3, 3]]
['copy', 'MOLCAS.rassi.h5', 'MOLCAS.rassi.ovlp.3.h5']
['link', 'MOLCAS.1.JobIph', 'JOB001']
['link', 'MOLCAS.3.JobIph', 'JOB002']
['rassi', 'soc', [4, 3]]
['copy', '$master_path/MOLCAS.1.JobIph', 'JOBOLD']
['rasscf', 1, 4, True, False]
['mclr', 0.0001, 'sala=1']
['alaska']
All jobs finished:
job: master          code: 0    runtime: 0:00:12.287649
job: grad_1_1        code: 0    runtime: 0:00:05.516250

Starting job execution
['gateway']
['seward']
['copy', '/project/lgagliardi/helenclifford/practice_rcc/sharc4/methaniminium/tutorial_reproduction/traj/Singlet_2/TRAJ_00002/restart/MOLCAS.1.JobIph.171', 'JOBOLD']
['rasscf', 1, 4, True, False]
['copy', 'MOLCAS.rasscf.h5', 'MOLCAS.1.rasscf.h5']
['copy', 'MOLCAS.JobIph', 'MOLCAS.1.JobIph']
['copy', '/project/lgagliardi/helenclifford/practice_rcc/sharc4/methaniminium/tutorial_reproduction/traj/Singlet_2/TRAJ_00002/restart/MOLCAS.3.JobIph.171', 'JOBOLD']
['rasscf', 3, 3, True, False]
['copy', 'MOLCAS.rasscf.h5', 'MOLCAS.3.rasscf.h5']
['copy', 'MOLCAS.JobIph', 'MOLCAS.3.JobIph']
['link', 'MOLCAS.1.JobIph', 'JOB001']
['rassi', 'dm', [4]]
['copy', 'MOLCAS.rassi.h5', 'MOLCAS.rassi.1.h5']
['link', 'MOLCAS.3.JobIph', 'JOB001']
['rassi', 'dm', [3]]
['copy', 'MOLCAS.rassi.h5', 'MOLCAS.rassi.3.h5']
['copy', '/project/lgagliardi/helenclifford/practice_rcc/sharc4/methaniminium/tutorial_reproduction/traj/Singlet_2/TRAJ_00002/restart/MOLCAS.1.JobIph.171', 'JOB001']
['link', 'MOLCAS.1.JobIph', 'JOB002']
['rassi', 'overlap', [4, 4]]
['copy', 'MOLCAS.rassi.h5', 'MOLCAS.rassi.ovlp.1.h5']
['copy', '/project/lgagliardi/helenclifford/practice_rcc/sharc4/methaniminium/tutorial_reproduction/traj/Singlet_2/TRAJ_00002/restart/MOLCAS.3.JobIph.171', 'JOB001']
['link', 'MOLCAS.3.JobIph', 'JOB002']
['rassi', 'overlap', [3, 3]]
['copy', 'MOLCAS.rassi.h5', 'MOLCAS.rassi.ovlp.3.h5']
['link', 'MOLCAS.1.JobIph', 'JOB001']
['link', 'MOLCAS.3.JobIph', 'JOB002']
['rassi', 'soc', [4, 3]]
['copy', '$master_path/MOLCAS.1.JobIph', 'JOBOLD']
['rasscf', 1, 4, True, False]
['mclr', 0.0001, 'sala=1']
['alaska']
All jobs finished:
job: master          code: 0    runtime: 0:00:12.562199
job: grad_1_1        code: 0    runtime: 0:00:06.102495

Starting job execution
['gateway']
['seward']
['copy', '/project/lgagliardi/helenclifford/practice_rcc/sharc4/methaniminium/tutorial_reproduction/traj/Singlet_2/TRAJ_00002/restart/MOLCAS.1.JobIph.172', 'JOBOLD']
['rasscf', 1, 4, True, False]
['copy', 'MOLCAS.rasscf.h5', 'MOLCAS.1.rasscf.h5']
['copy', 'MOLCAS.JobIph', 'MOLCAS.1.JobIph']
['copy', '/project/lgagliardi/helenclifford/practice_rcc/sharc4/methaniminium/tutorial_reproduction/traj/Singlet_2/TRAJ_00002/restart/MOLCAS.3.JobIph.172', 'JOBOLD']
['rasscf', 3, 3, True, False]
['copy', 'MOLCAS.rasscf.h5', 'MOLCAS.3.rasscf.h5']
['copy', 'MOLCAS.JobIph', 'MOLCAS.3.JobIph']
['link', 'MOLCAS.1.JobIph', 'JOB001']
['rassi', 'dm', [4]]
['copy', 'MOLCAS.rassi.h5', 'MOLCAS.rassi.1.h5']
['link', 'MOLCAS.3.JobIph', 'JOB001']
['rassi', 'dm', [3]]
['copy', 'MOLCAS.rassi.h5', 'MOLCAS.rassi.3.h5']
['copy', '/project/lgagliardi/helenclifford/practice_rcc/sharc4/methaniminium/tutorial_reproduction/traj/Singlet_2/TRAJ_00002/restart/MOLCAS.1.JobIph.172', 'JOB001']
['link', 'MOLCAS.1.JobIph', 'JOB002']
['rassi', 'overlap', [4, 4]]
['copy', 'MOLCAS.rassi.h5', 'MOLCAS.rassi.ovlp.1.h5']
['copy', '/project/lgagliardi/helenclifford/practice_rcc/sharc4/methaniminium/tutorial_reproduction/traj/Singlet_2/TRAJ_00002/restart/MOLCAS.3.JobIph.172', 'JOB001']
['link', 'MOLCAS.3.JobIph', 'JOB002']
['rassi', 'overlap', [3, 3]]
['copy', 'MOLCAS.rassi.h5', 'MOLCAS.rassi.ovlp.3.h5']
['link', 'MOLCAS.1.JobIph', 'JOB001']
['link', 'MOLCAS.3.JobIph', 'JOB002']
['rassi', 'soc', [4, 3]]
['copy', '$master_path/MOLCAS.1.JobIph', 'JOBOLD']
['rasscf', 1, 4, True, False]
['mclr', 0.0001, 'sala=1']
['alaska']
All jobs finished:
job: master          code: 0    runtime: 0:00:13.280347
job: grad_1_1        code: 0    runtime: 0:00:06.635774

Starting job execution
['gateway']
['seward']
['copy', '/project/lgagliardi/helenclifford/practice_rcc/sharc4/methaniminium/tutorial_reproduction/traj/Singlet_2/TRAJ_00002/restart/MOLCAS.1.JobIph.173', 'JOBOLD']
['rasscf', 1, 4, True, False]
['copy', 'MOLCAS.rasscf.h5', 'MOLCAS.1.rasscf.h5']
['copy', 'MOLCAS.JobIph', 'MOLCAS.1.JobIph']
['copy', '/project/lgagliardi/helenclifford/practice_rcc/sharc4/methaniminium/tutorial_reproduction/traj/Singlet_2/TRAJ_00002/restart/MOLCAS.3.JobIph.173', 'JOBOLD']
['rasscf', 3, 3, True, False]
['copy', 'MOLCAS.rasscf.h5', 'MOLCAS.3.rasscf.h5']
['copy', 'MOLCAS.JobIph', 'MOLCAS.3.JobIph']
['link', 'MOLCAS.1.JobIph', 'JOB001']
['rassi', 'dm', [4]]
['copy', 'MOLCAS.rassi.h5', 'MOLCAS.rassi.1.h5']
['link', 'MOLCAS.3.JobIph', 'JOB001']
['rassi', 'dm', [3]]
['copy', 'MOLCAS.rassi.h5', 'MOLCAS.rassi.3.h5']
['copy', '/project/lgagliardi/helenclifford/practice_rcc/sharc4/methaniminium/tutorial_reproduction/traj/Singlet_2/TRAJ_00002/restart/MOLCAS.1.JobIph.173', 'JOB001']
['link', 'MOLCAS.1.JobIph', 'JOB002']
['rassi', 'overlap', [4, 4]]
['copy', 'MOLCAS.rassi.h5', 'MOLCAS.rassi.ovlp.1.h5']
['copy', '/project/lgagliardi/helenclifford/practice_rcc/sharc4/methaniminium/tutorial_reproduction/traj/Singlet_2/TRAJ_00002/restart/MOLCAS.3.JobIph.173', 'JOB001']
['link', 'MOLCAS.3.JobIph', 'JOB002']
['rassi', 'overlap', [3, 3]]
['copy', 'MOLCAS.rassi.h5', 'MOLCAS.rassi.ovlp.3.h5']
['link', 'MOLCAS.1.JobIph', 'JOB001']
['link', 'MOLCAS.3.JobIph', 'JOB002']
['rassi', 'soc', [4, 3]]
['copy', '$master_path/MOLCAS.1.JobIph', 'JOBOLD']
['rasscf', 1, 4, True, False]
['mclr', 0.0001, 'sala=1']
['alaska']
All jobs finished:
job: master          code: 0    runtime: 0:00:13.815066
job: grad_1_1        code: 0    runtime: 0:00:05.561484

Starting job execution
['gateway']
['seward']
['copy', '/project/lgagliardi/helenclifford/practice_rcc/sharc4/methaniminium/tutorial_reproduction/traj/Singlet_2/TRAJ_00002/restart/MOLCAS.1.JobIph.174', 'JOBOLD']
['rasscf', 1, 4, True, False]
['copy', 'MOLCAS.rasscf.h5', 'MOLCAS.1.rasscf.h5']
['copy', 'MOLCAS.JobIph', 'MOLCAS.1.JobIph']
['copy', '/project/lgagliardi/helenclifford/practice_rcc/sharc4/methaniminium/tutorial_reproduction/traj/Singlet_2/TRAJ_00002/restart/MOLCAS.3.JobIph.174', 'JOBOLD']
['rasscf', 3, 3, True, False]
['copy', 'MOLCAS.rasscf.h5', 'MOLCAS.3.rasscf.h5']
['copy', 'MOLCAS.JobIph', 'MOLCAS.3.JobIph']
['link', 'MOLCAS.1.JobIph', 'JOB001']
['rassi', 'dm', [4]]
['copy', 'MOLCAS.rassi.h5', 'MOLCAS.rassi.1.h5']
['link', 'MOLCAS.3.JobIph', 'JOB001']
['rassi', 'dm', [3]]
['copy', 'MOLCAS.rassi.h5', 'MOLCAS.rassi.3.h5']
['copy', '/project/lgagliardi/helenclifford/practice_rcc/sharc4/methaniminium/tutorial_reproduction/traj/Singlet_2/TRAJ_00002/restart/MOLCAS.1.JobIph.174', 'JOB001']
['link', 'MOLCAS.1.JobIph', 'JOB002']
['rassi', 'overlap', [4, 4]]
['copy', 'MOLCAS.rassi.h5', 'MOLCAS.rassi.ovlp.1.h5']
['copy', '/project/lgagliardi/helenclifford/practice_rcc/sharc4/methaniminium/tutorial_reproduction/traj/Singlet_2/TRAJ_00002/restart/MOLCAS.3.JobIph.174', 'JOB001']
['link', 'MOLCAS.3.JobIph', 'JOB002']
['rassi', 'overlap', [3, 3]]
['copy', 'MOLCAS.rassi.h5', 'MOLCAS.rassi.ovlp.3.h5']
['link', 'MOLCAS.1.JobIph', 'JOB001']
['link', 'MOLCAS.3.JobIph', 'JOB002']
['rassi', 'soc', [4, 3]]
['copy', '$master_path/MOLCAS.1.JobIph', 'JOBOLD']
['rasscf', 1, 4, True, False]
['mclr', 0.0001, 'sala=1']
['alaska']
All jobs finished:
job: master          code: 0    runtime: 0:00:11.602797
job: grad_1_1        code: 0    runtime: 0:00:07.084623

Starting job execution
['gateway']
['seward']
['copy', '/project/lgagliardi/helenclifford/practice_rcc/sharc4/methaniminium/tutorial_reproduction/traj/Singlet_2/TRAJ_00002/restart/MOLCAS.1.JobIph.175', 'JOBOLD']
['rasscf', 1, 4, True, False]
['copy', 'MOLCAS.rasscf.h5', 'MOLCAS.1.rasscf.h5']
['copy', 'MOLCAS.JobIph', 'MOLCAS.1.JobIph']
['copy', '/project/lgagliardi/helenclifford/practice_rcc/sharc4/methaniminium/tutorial_reproduction/traj/Singlet_2/TRAJ_00002/restart/MOLCAS.3.JobIph.175', 'JOBOLD']
['rasscf', 3, 3, True, False]
['copy', 'MOLCAS.rasscf.h5', 'MOLCAS.3.rasscf.h5']
['copy', 'MOLCAS.JobIph', 'MOLCAS.3.JobIph']
['link', 'MOLCAS.1.JobIph', 'JOB001']
['rassi', 'dm', [4]]
['copy', 'MOLCAS.rassi.h5', 'MOLCAS.rassi.1.h5']
['link', 'MOLCAS.3.JobIph', 'JOB001']
['rassi', 'dm', [3]]
['copy', 'MOLCAS.rassi.h5', 'MOLCAS.rassi.3.h5']
['copy', '/project/lgagliardi/helenclifford/practice_rcc/sharc4/methaniminium/tutorial_reproduction/traj/Singlet_2/TRAJ_00002/restart/MOLCAS.1.JobIph.175', 'JOB001']
['link', 'MOLCAS.1.JobIph', 'JOB002']
['rassi', 'overlap', [4, 4]]
['copy', 'MOLCAS.rassi.h5', 'MOLCAS.rassi.ovlp.1.h5']
['copy', '/project/lgagliardi/helenclifford/practice_rcc/sharc4/methaniminium/tutorial_reproduction/traj/Singlet_2/TRAJ_00002/restart/MOLCAS.3.JobIph.175', 'JOB001']
['link', 'MOLCAS.3.JobIph', 'JOB002']
['rassi', 'overlap', [3, 3]]
['copy', 'MOLCAS.rassi.h5', 'MOLCAS.rassi.ovlp.3.h5']
['link', 'MOLCAS.1.JobIph', 'JOB001']
['link', 'MOLCAS.3.JobIph', 'JOB002']
['rassi', 'soc', [4, 3]]
['copy', '$master_path/MOLCAS.1.JobIph', 'JOBOLD']
['rasscf', 1, 4, True, False]
['mclr', 0.0001, 'sala=1']
['alaska']
All jobs finished:
job: master          code: 0    runtime: 0:00:13.406174
job: grad_1_1        code: 0    runtime: 0:00:06.136726

Starting job execution
['gateway']
['seward']
['copy', '/project/lgagliardi/helenclifford/practice_rcc/sharc4/methaniminium/tutorial_reproduction/traj/Singlet_2/TRAJ_00002/restart/MOLCAS.1.JobIph.176', 'JOBOLD']
['rasscf', 1, 4, True, False]
['copy', 'MOLCAS.rasscf.h5', 'MOLCAS.1.rasscf.h5']
['copy', 'MOLCAS.JobIph', 'MOLCAS.1.JobIph']
['copy', '/project/lgagliardi/helenclifford/practice_rcc/sharc4/methaniminium/tutorial_reproduction/traj/Singlet_2/TRAJ_00002/restart/MOLCAS.3.JobIph.176', 'JOBOLD']
['rasscf', 3, 3, True, False]
['copy', 'MOLCAS.rasscf.h5', 'MOLCAS.3.rasscf.h5']
['copy', 'MOLCAS.JobIph', 'MOLCAS.3.JobIph']
['link', 'MOLCAS.1.JobIph', 'JOB001']
['rassi', 'dm', [4]]
['copy', 'MOLCAS.rassi.h5', 'MOLCAS.rassi.1.h5']
['link', 'MOLCAS.3.JobIph', 'JOB001']
['rassi', 'dm', [3]]
['copy', 'MOLCAS.rassi.h5', 'MOLCAS.rassi.3.h5']
['copy', '/project/lgagliardi/helenclifford/practice_rcc/sharc4/methaniminium/tutorial_reproduction/traj/Singlet_2/TRAJ_00002/restart/MOLCAS.1.JobIph.176', 'JOB001']
['link', 'MOLCAS.1.JobIph', 'JOB002']
['rassi', 'overlap', [4, 4]]
['copy', 'MOLCAS.rassi.h5', 'MOLCAS.rassi.ovlp.1.h5']
['copy', '/project/lgagliardi/helenclifford/practice_rcc/sharc4/methaniminium/tutorial_reproduction/traj/Singlet_2/TRAJ_00002/restart/MOLCAS.3.JobIph.176', 'JOB001']
['link', 'MOLCAS.3.JobIph', 'JOB002']
['rassi', 'overlap', [3, 3]]
['copy', 'MOLCAS.rassi.h5', 'MOLCAS.rassi.ovlp.3.h5']
['link', 'MOLCAS.1.JobIph', 'JOB001']
['link', 'MOLCAS.3.JobIph', 'JOB002']
['rassi', 'soc', [4, 3]]
['copy', '$master_path/MOLCAS.1.JobIph', 'JOBOLD']
['rasscf', 1, 4, True, False]
['mclr', 0.0001, 'sala=1']
['alaska']
All jobs finished:
job: master          code: 0    runtime: 0:00:13.165387
job: grad_1_1        code: 0    runtime: 0:00:05.893428

Starting job execution
['gateway']
['seward']
['copy', '/project/lgagliardi/helenclifford/practice_rcc/sharc4/methaniminium/tutorial_reproduction/traj/Singlet_2/TRAJ_00002/restart/MOLCAS.1.JobIph.177', 'JOBOLD']
['rasscf', 1, 4, True, False]
['copy', 'MOLCAS.rasscf.h5', 'MOLCAS.1.rasscf.h5']
['copy', 'MOLCAS.JobIph', 'MOLCAS.1.JobIph']
['copy', '/project/lgagliardi/helenclifford/practice_rcc/sharc4/methaniminium/tutorial_reproduction/traj/Singlet_2/TRAJ_00002/restart/MOLCAS.3.JobIph.177', 'JOBOLD']
['rasscf', 3, 3, True, False]
['copy', 'MOLCAS.rasscf.h5', 'MOLCAS.3.rasscf.h5']
['copy', 'MOLCAS.JobIph', 'MOLCAS.3.JobIph']
['link', 'MOLCAS.1.JobIph', 'JOB001']
['rassi', 'dm', [4]]
['copy', 'MOLCAS.rassi.h5', 'MOLCAS.rassi.1.h5']
['link', 'MOLCAS.3.JobIph', 'JOB001']
['rassi', 'dm', [3]]
['copy', 'MOLCAS.rassi.h5', 'MOLCAS.rassi.3.h5']
['copy', '/project/lgagliardi/helenclifford/practice_rcc/sharc4/methaniminium/tutorial_reproduction/traj/Singlet_2/TRAJ_00002/restart/MOLCAS.1.JobIph.177', 'JOB001']
['link', 'MOLCAS.1.JobIph', 'JOB002']
['rassi', 'overlap', [4, 4]]
['copy', 'MOLCAS.rassi.h5', 'MOLCAS.rassi.ovlp.1.h5']
['copy', '/project/lgagliardi/helenclifford/practice_rcc/sharc4/methaniminium/tutorial_reproduction/traj/Singlet_2/TRAJ_00002/restart/MOLCAS.3.JobIph.177', 'JOB001']
['link', 'MOLCAS.3.JobIph', 'JOB002']
['rassi', 'overlap', [3, 3]]
['copy', 'MOLCAS.rassi.h5', 'MOLCAS.rassi.ovlp.3.h5']
['link', 'MOLCAS.1.JobIph', 'JOB001']
['link', 'MOLCAS.3.JobIph', 'JOB002']
['rassi', 'soc', [4, 3]]
['copy', '$master_path/MOLCAS.1.JobIph', 'JOBOLD']
['rasscf', 1, 4, True, False]
['mclr', 0.0001, 'sala=1']
['alaska']
All jobs finished:
job: master          code: 0    runtime: 0:00:13.249382
job: grad_1_1        code: 0    runtime: 0:00:07.066114

Starting job execution
['gateway']
['seward']
['copy', '/project/lgagliardi/helenclifford/practice_rcc/sharc4/methaniminium/tutorial_reproduction/traj/Singlet_2/TRAJ_00002/restart/MOLCAS.1.JobIph.178', 'JOBOLD']
['rasscf', 1, 4, True, False]
['copy', 'MOLCAS.rasscf.h5', 'MOLCAS.1.rasscf.h5']
['copy', 'MOLCAS.JobIph', 'MOLCAS.1.JobIph']
['copy', '/project/lgagliardi/helenclifford/practice_rcc/sharc4/methaniminium/tutorial_reproduction/traj/Singlet_2/TRAJ_00002/restart/MOLCAS.3.JobIph.178', 'JOBOLD']
['rasscf', 3, 3, True, False]
['copy', 'MOLCAS.rasscf.h5', 'MOLCAS.3.rasscf.h5']
['copy', 'MOLCAS.JobIph', 'MOLCAS.3.JobIph']
['link', 'MOLCAS.1.JobIph', 'JOB001']
['rassi', 'dm', [4]]
['copy', 'MOLCAS.rassi.h5', 'MOLCAS.rassi.1.h5']
['link', 'MOLCAS.3.JobIph', 'JOB001']
['rassi', 'dm', [3]]
['copy', 'MOLCAS.rassi.h5', 'MOLCAS.rassi.3.h5']
['copy', '/project/lgagliardi/helenclifford/practice_rcc/sharc4/methaniminium/tutorial_reproduction/traj/Singlet_2/TRAJ_00002/restart/MOLCAS.1.JobIph.178', 'JOB001']
['link', 'MOLCAS.1.JobIph', 'JOB002']
['rassi', 'overlap', [4, 4]]
['copy', 'MOLCAS.rassi.h5', 'MOLCAS.rassi.ovlp.1.h5']
['copy', '/project/lgagliardi/helenclifford/practice_rcc/sharc4/methaniminium/tutorial_reproduction/traj/Singlet_2/TRAJ_00002/restart/MOLCAS.3.JobIph.178', 'JOB001']
['link', 'MOLCAS.3.JobIph', 'JOB002']
['rassi', 'overlap', [3, 3]]
['copy', 'MOLCAS.rassi.h5', 'MOLCAS.rassi.ovlp.3.h5']
['link', 'MOLCAS.1.JobIph', 'JOB001']
['link', 'MOLCAS.3.JobIph', 'JOB002']
['rassi', 'soc', [4, 3]]
['copy', '$master_path/MOLCAS.1.JobIph', 'JOBOLD']
['rasscf', 1, 4, True, False]
['mclr', 0.0001, 'sala=1']
['alaska']
All jobs finished:
job: master          code: 0    runtime: 0:00:13.873999
job: grad_1_1        code: 0    runtime: 0:00:05.278578

Starting job execution
['gateway']
['seward']
['copy', '/project/lgagliardi/helenclifford/practice_rcc/sharc4/methaniminium/tutorial_reproduction/traj/Singlet_2/TRAJ_00002/restart/MOLCAS.1.JobIph.179', 'JOBOLD']
['rasscf', 1, 4, True, False]
['copy', 'MOLCAS.rasscf.h5', 'MOLCAS.1.rasscf.h5']
['copy', 'MOLCAS.JobIph', 'MOLCAS.1.JobIph']
['copy', '/project/lgagliardi/helenclifford/practice_rcc/sharc4/methaniminium/tutorial_reproduction/traj/Singlet_2/TRAJ_00002/restart/MOLCAS.3.JobIph.179', 'JOBOLD']
['rasscf', 3, 3, True, False]
['copy', 'MOLCAS.rasscf.h5', 'MOLCAS.3.rasscf.h5']
['copy', 'MOLCAS.JobIph', 'MOLCAS.3.JobIph']
['link', 'MOLCAS.1.JobIph', 'JOB001']
['rassi', 'dm', [4]]
['copy', 'MOLCAS.rassi.h5', 'MOLCAS.rassi.1.h5']
['link', 'MOLCAS.3.JobIph', 'JOB001']
['rassi', 'dm', [3]]
['copy', 'MOLCAS.rassi.h5', 'MOLCAS.rassi.3.h5']
['copy', '/project/lgagliardi/helenclifford/practice_rcc/sharc4/methaniminium/tutorial_reproduction/traj/Singlet_2/TRAJ_00002/restart/MOLCAS.1.JobIph.179', 'JOB001']
['link', 'MOLCAS.1.JobIph', 'JOB002']
['rassi', 'overlap', [4, 4]]
['copy', 'MOLCAS.rassi.h5', 'MOLCAS.rassi.ovlp.1.h5']
['copy', '/project/lgagliardi/helenclifford/practice_rcc/sharc4/methaniminium/tutorial_reproduction/traj/Singlet_2/TRAJ_00002/restart/MOLCAS.3.JobIph.179', 'JOB001']
['link', 'MOLCAS.3.JobIph', 'JOB002']
['rassi', 'overlap', [3, 3]]
['copy', 'MOLCAS.rassi.h5', 'MOLCAS.rassi.ovlp.3.h5']
['link', 'MOLCAS.1.JobIph', 'JOB001']
['link', 'MOLCAS.3.JobIph', 'JOB002']
['rassi', 'soc', [4, 3]]
['copy', '$master_path/MOLCAS.1.JobIph', 'JOBOLD']
['rasscf', 1, 4, True, False]
['mclr', 0.0001, 'sala=1']
['alaska']
All jobs finished:
job: master          code: 0    runtime: 0:00:13.204202
job: grad_1_1        code: 0    runtime: 0:00:05.443485

Starting job execution
['gateway']
['seward']
['copy', '/project/lgagliardi/helenclifford/practice_rcc/sharc4/methaniminium/tutorial_reproduction/traj/Singlet_2/TRAJ_00002/restart/MOLCAS.1.JobIph.180', 'JOBOLD']
['rasscf', 1, 4, True, False]
['copy', 'MOLCAS.rasscf.h5', 'MOLCAS.1.rasscf.h5']
['copy', 'MOLCAS.JobIph', 'MOLCAS.1.JobIph']
['copy', '/project/lgagliardi/helenclifford/practice_rcc/sharc4/methaniminium/tutorial_reproduction/traj/Singlet_2/TRAJ_00002/restart/MOLCAS.3.JobIph.180', 'JOBOLD']
['rasscf', 3, 3, True, False]
['copy', 'MOLCAS.rasscf.h5', 'MOLCAS.3.rasscf.h5']
['copy', 'MOLCAS.JobIph', 'MOLCAS.3.JobIph']
['link', 'MOLCAS.1.JobIph', 'JOB001']
['rassi', 'dm', [4]]
['copy', 'MOLCAS.rassi.h5', 'MOLCAS.rassi.1.h5']
['link', 'MOLCAS.3.JobIph', 'JOB001']
['rassi', 'dm', [3]]
['copy', 'MOLCAS.rassi.h5', 'MOLCAS.rassi.3.h5']
['copy', '/project/lgagliardi/helenclifford/practice_rcc/sharc4/methaniminium/tutorial_reproduction/traj/Singlet_2/TRAJ_00002/restart/MOLCAS.1.JobIph.180', 'JOB001']
['link', 'MOLCAS.1.JobIph', 'JOB002']
['rassi', 'overlap', [4, 4]]
['copy', 'MOLCAS.rassi.h5', 'MOLCAS.rassi.ovlp.1.h5']
['copy', '/project/lgagliardi/helenclifford/practice_rcc/sharc4/methaniminium/tutorial_reproduction/traj/Singlet_2/TRAJ_00002/restart/MOLCAS.3.JobIph.180', 'JOB001']
['link', 'MOLCAS.3.JobIph', 'JOB002']
['rassi', 'overlap', [3, 3]]
['copy', 'MOLCAS.rassi.h5', 'MOLCAS.rassi.ovlp.3.h5']
['link', 'MOLCAS.1.JobIph', 'JOB001']
['link', 'MOLCAS.3.JobIph', 'JOB002']
['rassi', 'soc', [4, 3]]
['copy', '$master_path/MOLCAS.1.JobIph', 'JOBOLD']
['rasscf', 1, 4, True, False]
['mclr', 0.0001, 'sala=1']
['alaska']
All jobs finished:
job: master          code: 0    runtime: 0:00:13.932119
job: grad_1_1        code: 0    runtime: 0:00:05.671390

Starting job execution
['gateway']
['seward']
['copy', '/project/lgagliardi/helenclifford/practice_rcc/sharc4/methaniminium/tutorial_reproduction/traj/Singlet_2/TRAJ_00002/restart/MOLCAS.1.JobIph.181', 'JOBOLD']
['rasscf', 1, 4, True, False]
['copy', 'MOLCAS.rasscf.h5', 'MOLCAS.1.rasscf.h5']
['copy', 'MOLCAS.JobIph', 'MOLCAS.1.JobIph']
['copy', '/project/lgagliardi/helenclifford/practice_rcc/sharc4/methaniminium/tutorial_reproduction/traj/Singlet_2/TRAJ_00002/restart/MOLCAS.3.JobIph.181', 'JOBOLD']
['rasscf', 3, 3, True, False]
['copy', 'MOLCAS.rasscf.h5', 'MOLCAS.3.rasscf.h5']
['copy', 'MOLCAS.JobIph', 'MOLCAS.3.JobIph']
['link', 'MOLCAS.1.JobIph', 'JOB001']
['rassi', 'dm', [4]]
['copy', 'MOLCAS.rassi.h5', 'MOLCAS.rassi.1.h5']
['link', 'MOLCAS.3.JobIph', 'JOB001']
['rassi', 'dm', [3]]
['copy', 'MOLCAS.rassi.h5', 'MOLCAS.rassi.3.h5']
['copy', '/project/lgagliardi/helenclifford/practice_rcc/sharc4/methaniminium/tutorial_reproduction/traj/Singlet_2/TRAJ_00002/restart/MOLCAS.1.JobIph.181', 'JOB001']
['link', 'MOLCAS.1.JobIph', 'JOB002']
['rassi', 'overlap', [4, 4]]
['copy', 'MOLCAS.rassi.h5', 'MOLCAS.rassi.ovlp.1.h5']
['copy', '/project/lgagliardi/helenclifford/practice_rcc/sharc4/methaniminium/tutorial_reproduction/traj/Singlet_2/TRAJ_00002/restart/MOLCAS.3.JobIph.181', 'JOB001']
['link', 'MOLCAS.3.JobIph', 'JOB002']
['rassi', 'overlap', [3, 3]]
['copy', 'MOLCAS.rassi.h5', 'MOLCAS.rassi.ovlp.3.h5']
['link', 'MOLCAS.1.JobIph', 'JOB001']
['link', 'MOLCAS.3.JobIph', 'JOB002']
['rassi', 'soc', [4, 3]]
['copy', '$master_path/MOLCAS.1.JobIph', 'JOBOLD']
['rasscf', 1, 4, True, False]
['mclr', 0.0001, 'sala=1']
['alaska']
All jobs finished:
job: master          code: 0    runtime: 0:00:14.299925
job: grad_1_1        code: 0    runtime: 0:00:05.253547

Starting job execution
['gateway']
['seward']
['copy', '/project/lgagliardi/helenclifford/practice_rcc/sharc4/methaniminium/tutorial_reproduction/traj/Singlet_2/TRAJ_00002/restart/MOLCAS.1.JobIph.182', 'JOBOLD']
['rasscf', 1, 4, True, False]
['copy', 'MOLCAS.rasscf.h5', 'MOLCAS.1.rasscf.h5']
['copy', 'MOLCAS.JobIph', 'MOLCAS.1.JobIph']
['copy', '/project/lgagliardi/helenclifford/practice_rcc/sharc4/methaniminium/tutorial_reproduction/traj/Singlet_2/TRAJ_00002/restart/MOLCAS.3.JobIph.182', 'JOBOLD']
['rasscf', 3, 3, True, False]
['copy', 'MOLCAS.rasscf.h5', 'MOLCAS.3.rasscf.h5']
['copy', 'MOLCAS.JobIph', 'MOLCAS.3.JobIph']
['link', 'MOLCAS.1.JobIph', 'JOB001']
['rassi', 'dm', [4]]
['copy', 'MOLCAS.rassi.h5', 'MOLCAS.rassi.1.h5']
['link', 'MOLCAS.3.JobIph', 'JOB001']
['rassi', 'dm', [3]]
['copy', 'MOLCAS.rassi.h5', 'MOLCAS.rassi.3.h5']
['copy', '/project/lgagliardi/helenclifford/practice_rcc/sharc4/methaniminium/tutorial_reproduction/traj/Singlet_2/TRAJ_00002/restart/MOLCAS.1.JobIph.182', 'JOB001']
['link', 'MOLCAS.1.JobIph', 'JOB002']
['rassi', 'overlap', [4, 4]]
['copy', 'MOLCAS.rassi.h5', 'MOLCAS.rassi.ovlp.1.h5']
['copy', '/project/lgagliardi/helenclifford/practice_rcc/sharc4/methaniminium/tutorial_reproduction/traj/Singlet_2/TRAJ_00002/restart/MOLCAS.3.JobIph.182', 'JOB001']
['link', 'MOLCAS.3.JobIph', 'JOB002']
['rassi', 'overlap', [3, 3]]
['copy', 'MOLCAS.rassi.h5', 'MOLCAS.rassi.ovlp.3.h5']
['link', 'MOLCAS.1.JobIph', 'JOB001']
['link', 'MOLCAS.3.JobIph', 'JOB002']
['rassi', 'soc', [4, 3]]
['copy', '$master_path/MOLCAS.1.JobIph', 'JOBOLD']
['rasscf', 1, 4, True, False]
['mclr', 0.0001, 'sala=1']
['alaska']
All jobs finished:
job: master          code: 0    runtime: 0:00:13.121565
job: grad_1_1        code: 0    runtime: 0:00:05.553233

Starting job execution
['gateway']
['seward']
['copy', '/project/lgagliardi/helenclifford/practice_rcc/sharc4/methaniminium/tutorial_reproduction/traj/Singlet_2/TRAJ_00002/restart/MOLCAS.1.JobIph.183', 'JOBOLD']
['rasscf', 1, 4, True, False]
['copy', 'MOLCAS.rasscf.h5', 'MOLCAS.1.rasscf.h5']
['copy', 'MOLCAS.JobIph', 'MOLCAS.1.JobIph']
['copy', '/project/lgagliardi/helenclifford/practice_rcc/sharc4/methaniminium/tutorial_reproduction/traj/Singlet_2/TRAJ_00002/restart/MOLCAS.3.JobIph.183', 'JOBOLD']
['rasscf', 3, 3, True, False]
['copy', 'MOLCAS.rasscf.h5', 'MOLCAS.3.rasscf.h5']
['copy', 'MOLCAS.JobIph', 'MOLCAS.3.JobIph']
['link', 'MOLCAS.1.JobIph', 'JOB001']
['rassi', 'dm', [4]]
['copy', 'MOLCAS.rassi.h5', 'MOLCAS.rassi.1.h5']
['link', 'MOLCAS.3.JobIph', 'JOB001']
['rassi', 'dm', [3]]
['copy', 'MOLCAS.rassi.h5', 'MOLCAS.rassi.3.h5']
['copy', '/project/lgagliardi/helenclifford/practice_rcc/sharc4/methaniminium/tutorial_reproduction/traj/Singlet_2/TRAJ_00002/restart/MOLCAS.1.JobIph.183', 'JOB001']
['link', 'MOLCAS.1.JobIph', 'JOB002']
['rassi', 'overlap', [4, 4]]
['copy', 'MOLCAS.rassi.h5', 'MOLCAS.rassi.ovlp.1.h5']
['copy', '/project/lgagliardi/helenclifford/practice_rcc/sharc4/methaniminium/tutorial_reproduction/traj/Singlet_2/TRAJ_00002/restart/MOLCAS.3.JobIph.183', 'JOB001']
['link', 'MOLCAS.3.JobIph', 'JOB002']
['rassi', 'overlap', [3, 3]]
['copy', 'MOLCAS.rassi.h5', 'MOLCAS.rassi.ovlp.3.h5']
['link', 'MOLCAS.1.JobIph', 'JOB001']
['link', 'MOLCAS.3.JobIph', 'JOB002']
['rassi', 'soc', [4, 3]]
['copy', '$master_path/MOLCAS.1.JobIph', 'JOBOLD']
['rasscf', 1, 4, True, False]
['mclr', 0.0001, 'sala=1']
['alaska']
All jobs finished:
job: master          code: 0    runtime: 0:00:12.521079
job: grad_1_1        code: 0    runtime: 0:00:05.247507

Starting job execution
['gateway']
['seward']
['copy', '/project/lgagliardi/helenclifford/practice_rcc/sharc4/methaniminium/tutorial_reproduction/traj/Singlet_2/TRAJ_00002/restart/MOLCAS.1.JobIph.184', 'JOBOLD']
['rasscf', 1, 4, True, False]
['copy', 'MOLCAS.rasscf.h5', 'MOLCAS.1.rasscf.h5']
['copy', 'MOLCAS.JobIph', 'MOLCAS.1.JobIph']
['copy', '/project/lgagliardi/helenclifford/practice_rcc/sharc4/methaniminium/tutorial_reproduction/traj/Singlet_2/TRAJ_00002/restart/MOLCAS.3.JobIph.184', 'JOBOLD']
['rasscf', 3, 3, True, False]
['copy', 'MOLCAS.rasscf.h5', 'MOLCAS.3.rasscf.h5']
['copy', 'MOLCAS.JobIph', 'MOLCAS.3.JobIph']
['link', 'MOLCAS.1.JobIph', 'JOB001']
['rassi', 'dm', [4]]
['copy', 'MOLCAS.rassi.h5', 'MOLCAS.rassi.1.h5']
['link', 'MOLCAS.3.JobIph', 'JOB001']
['rassi', 'dm', [3]]
['copy', 'MOLCAS.rassi.h5', 'MOLCAS.rassi.3.h5']
['copy', '/project/lgagliardi/helenclifford/practice_rcc/sharc4/methaniminium/tutorial_reproduction/traj/Singlet_2/TRAJ_00002/restart/MOLCAS.1.JobIph.184', 'JOB001']
['link', 'MOLCAS.1.JobIph', 'JOB002']
['rassi', 'overlap', [4, 4]]
['copy', 'MOLCAS.rassi.h5', 'MOLCAS.rassi.ovlp.1.h5']
['copy', '/project/lgagliardi/helenclifford/practice_rcc/sharc4/methaniminium/tutorial_reproduction/traj/Singlet_2/TRAJ_00002/restart/MOLCAS.3.JobIph.184', 'JOB001']
['link', 'MOLCAS.3.JobIph', 'JOB002']
['rassi', 'overlap', [3, 3]]
['copy', 'MOLCAS.rassi.h5', 'MOLCAS.rassi.ovlp.3.h5']
['link', 'MOLCAS.1.JobIph', 'JOB001']
['link', 'MOLCAS.3.JobIph', 'JOB002']
['rassi', 'soc', [4, 3]]
['copy', '$master_path/MOLCAS.1.JobIph', 'JOBOLD']
['rasscf', 1, 4, True, False]
['mclr', 0.0001, 'sala=1']
['alaska']
All jobs finished:
job: master          code: 0    runtime: 0:00:12.551129
job: grad_1_1        code: 0    runtime: 0:00:06.091769

Starting job execution
['gateway']
['seward']
['copy', '/project/lgagliardi/helenclifford/practice_rcc/sharc4/methaniminium/tutorial_reproduction/traj/Singlet_2/TRAJ_00002/restart/MOLCAS.1.JobIph.185', 'JOBOLD']
['rasscf', 1, 4, True, False]
['copy', 'MOLCAS.rasscf.h5', 'MOLCAS.1.rasscf.h5']
['copy', 'MOLCAS.JobIph', 'MOLCAS.1.JobIph']
['copy', '/project/lgagliardi/helenclifford/practice_rcc/sharc4/methaniminium/tutorial_reproduction/traj/Singlet_2/TRAJ_00002/restart/MOLCAS.3.JobIph.185', 'JOBOLD']
['rasscf', 3, 3, True, False]
['copy', 'MOLCAS.rasscf.h5', 'MOLCAS.3.rasscf.h5']
['copy', 'MOLCAS.JobIph', 'MOLCAS.3.JobIph']
['link', 'MOLCAS.1.JobIph', 'JOB001']
['rassi', 'dm', [4]]
['copy', 'MOLCAS.rassi.h5', 'MOLCAS.rassi.1.h5']
['link', 'MOLCAS.3.JobIph', 'JOB001']
['rassi', 'dm', [3]]
['copy', 'MOLCAS.rassi.h5', 'MOLCAS.rassi.3.h5']
['copy', '/project/lgagliardi/helenclifford/practice_rcc/sharc4/methaniminium/tutorial_reproduction/traj/Singlet_2/TRAJ_00002/restart/MOLCAS.1.JobIph.185', 'JOB001']
['link', 'MOLCAS.1.JobIph', 'JOB002']
['rassi', 'overlap', [4, 4]]
['copy', 'MOLCAS.rassi.h5', 'MOLCAS.rassi.ovlp.1.h5']
['copy', '/project/lgagliardi/helenclifford/practice_rcc/sharc4/methaniminium/tutorial_reproduction/traj/Singlet_2/TRAJ_00002/restart/MOLCAS.3.JobIph.185', 'JOB001']
['link', 'MOLCAS.3.JobIph', 'JOB002']
['rassi', 'overlap', [3, 3]]
['copy', 'MOLCAS.rassi.h5', 'MOLCAS.rassi.ovlp.3.h5']
['link', 'MOLCAS.1.JobIph', 'JOB001']
['link', 'MOLCAS.3.JobIph', 'JOB002']
['rassi', 'soc', [4, 3]]
['copy', '$master_path/MOLCAS.1.JobIph', 'JOBOLD']
['rasscf', 1, 4, True, False]
['mclr', 0.0001, 'sala=1']
['alaska']
All jobs finished:
job: master          code: 0    runtime: 0:00:13.198527
job: grad_1_1        code: 0    runtime: 0:00:05.724478

Starting job execution
['gateway']
['seward']
['copy', '/project/lgagliardi/helenclifford/practice_rcc/sharc4/methaniminium/tutorial_reproduction/traj/Singlet_2/TRAJ_00002/restart/MOLCAS.1.JobIph.186', 'JOBOLD']
['rasscf', 1, 4, True, False]
['copy', 'MOLCAS.rasscf.h5', 'MOLCAS.1.rasscf.h5']
['copy', 'MOLCAS.JobIph', 'MOLCAS.1.JobIph']
['copy', '/project/lgagliardi/helenclifford/practice_rcc/sharc4/methaniminium/tutorial_reproduction/traj/Singlet_2/TRAJ_00002/restart/MOLCAS.3.JobIph.186', 'JOBOLD']
['rasscf', 3, 3, True, False]
['copy', 'MOLCAS.rasscf.h5', 'MOLCAS.3.rasscf.h5']
['copy', 'MOLCAS.JobIph', 'MOLCAS.3.JobIph']
['link', 'MOLCAS.1.JobIph', 'JOB001']
['rassi', 'dm', [4]]
['copy', 'MOLCAS.rassi.h5', 'MOLCAS.rassi.1.h5']
['link', 'MOLCAS.3.JobIph', 'JOB001']
['rassi', 'dm', [3]]
['copy', 'MOLCAS.rassi.h5', 'MOLCAS.rassi.3.h5']
['copy', '/project/lgagliardi/helenclifford/practice_rcc/sharc4/methaniminium/tutorial_reproduction/traj/Singlet_2/TRAJ_00002/restart/MOLCAS.1.JobIph.186', 'JOB001']
['link', 'MOLCAS.1.JobIph', 'JOB002']
['rassi', 'overlap', [4, 4]]
['copy', 'MOLCAS.rassi.h5', 'MOLCAS.rassi.ovlp.1.h5']
['copy', '/project/lgagliardi/helenclifford/practice_rcc/sharc4/methaniminium/tutorial_reproduction/traj/Singlet_2/TRAJ_00002/restart/MOLCAS.3.JobIph.186', 'JOB001']
['link', 'MOLCAS.3.JobIph', 'JOB002']
['rassi', 'overlap', [3, 3]]
['copy', 'MOLCAS.rassi.h5', 'MOLCAS.rassi.ovlp.3.h5']
['link', 'MOLCAS.1.JobIph', 'JOB001']
['link', 'MOLCAS.3.JobIph', 'JOB002']
['rassi', 'soc', [4, 3]]
['copy', '$master_path/MOLCAS.1.JobIph', 'JOBOLD']
['rasscf', 1, 4, True, False]
['mclr', 0.0001, 'sala=1']
['alaska']
All jobs finished:
job: master          code: 0    runtime: 0:00:11.782822
job: grad_1_1        code: 0    runtime: 0:00:07.896540

Starting job execution
['gateway']
['seward']
['copy', '/project/lgagliardi/helenclifford/practice_rcc/sharc4/methaniminium/tutorial_reproduction/traj/Singlet_2/TRAJ_00002/restart/MOLCAS.1.JobIph.187', 'JOBOLD']
['rasscf', 1, 4, True, False]
['copy', 'MOLCAS.rasscf.h5', 'MOLCAS.1.rasscf.h5']
['copy', 'MOLCAS.JobIph', 'MOLCAS.1.JobIph']
['copy', '/project/lgagliardi/helenclifford/practice_rcc/sharc4/methaniminium/tutorial_reproduction/traj/Singlet_2/TRAJ_00002/restart/MOLCAS.3.JobIph.187', 'JOBOLD']
['rasscf', 3, 3, True, False]
['copy', 'MOLCAS.rasscf.h5', 'MOLCAS.3.rasscf.h5']
['copy', 'MOLCAS.JobIph', 'MOLCAS.3.JobIph']
['link', 'MOLCAS.1.JobIph', 'JOB001']
['rassi', 'dm', [4]]
['copy', 'MOLCAS.rassi.h5', 'MOLCAS.rassi.1.h5']
['link', 'MOLCAS.3.JobIph', 'JOB001']
['rassi', 'dm', [3]]
['copy', 'MOLCAS.rassi.h5', 'MOLCAS.rassi.3.h5']
['copy', '/project/lgagliardi/helenclifford/practice_rcc/sharc4/methaniminium/tutorial_reproduction/traj/Singlet_2/TRAJ_00002/restart/MOLCAS.1.JobIph.187', 'JOB001']
['link', 'MOLCAS.1.JobIph', 'JOB002']
['rassi', 'overlap', [4, 4]]
['copy', 'MOLCAS.rassi.h5', 'MOLCAS.rassi.ovlp.1.h5']
['copy', '/project/lgagliardi/helenclifford/practice_rcc/sharc4/methaniminium/tutorial_reproduction/traj/Singlet_2/TRAJ_00002/restart/MOLCAS.3.JobIph.187', 'JOB001']
['link', 'MOLCAS.3.JobIph', 'JOB002']
['rassi', 'overlap', [3, 3]]
['copy', 'MOLCAS.rassi.h5', 'MOLCAS.rassi.ovlp.3.h5']
['link', 'MOLCAS.1.JobIph', 'JOB001']
['link', 'MOLCAS.3.JobIph', 'JOB002']
['rassi', 'soc', [4, 3]]
['copy', '$master_path/MOLCAS.1.JobIph', 'JOBOLD']
['rasscf', 1, 4, True, False]
['mclr', 0.0001, 'sala=1']
['alaska']
All jobs finished:
job: master          code: 0    runtime: 0:00:13.266225
job: grad_1_1        code: 0    runtime: 0:00:06.534528

Starting job execution
['gateway']
['seward']
['copy', '/project/lgagliardi/helenclifford/practice_rcc/sharc4/methaniminium/tutorial_reproduction/traj/Singlet_2/TRAJ_00002/restart/MOLCAS.1.JobIph.188', 'JOBOLD']
['rasscf', 1, 4, True, False]
['copy', 'MOLCAS.rasscf.h5', 'MOLCAS.1.rasscf.h5']
['copy', 'MOLCAS.JobIph', 'MOLCAS.1.JobIph']
['copy', '/project/lgagliardi/helenclifford/practice_rcc/sharc4/methaniminium/tutorial_reproduction/traj/Singlet_2/TRAJ_00002/restart/MOLCAS.3.JobIph.188', 'JOBOLD']
['rasscf', 3, 3, True, False]
['copy', 'MOLCAS.rasscf.h5', 'MOLCAS.3.rasscf.h5']
['copy', 'MOLCAS.JobIph', 'MOLCAS.3.JobIph']
['link', 'MOLCAS.1.JobIph', 'JOB001']
['rassi', 'dm', [4]]
['copy', 'MOLCAS.rassi.h5', 'MOLCAS.rassi.1.h5']
['link', 'MOLCAS.3.JobIph', 'JOB001']
['rassi', 'dm', [3]]
['copy', 'MOLCAS.rassi.h5', 'MOLCAS.rassi.3.h5']
['copy', '/project/lgagliardi/helenclifford/practice_rcc/sharc4/methaniminium/tutorial_reproduction/traj/Singlet_2/TRAJ_00002/restart/MOLCAS.1.JobIph.188', 'JOB001']
['link', 'MOLCAS.1.JobIph', 'JOB002']
['rassi', 'overlap', [4, 4]]
['copy', 'MOLCAS.rassi.h5', 'MOLCAS.rassi.ovlp.1.h5']
['copy', '/project/lgagliardi/helenclifford/practice_rcc/sharc4/methaniminium/tutorial_reproduction/traj/Singlet_2/TRAJ_00002/restart/MOLCAS.3.JobIph.188', 'JOB001']
['link', 'MOLCAS.3.JobIph', 'JOB002']
['rassi', 'overlap', [3, 3]]
['copy', 'MOLCAS.rassi.h5', 'MOLCAS.rassi.ovlp.3.h5']
['link', 'MOLCAS.1.JobIph', 'JOB001']
['link', 'MOLCAS.3.JobIph', 'JOB002']
['rassi', 'soc', [4, 3]]
['copy', '$master_path/MOLCAS.1.JobIph', 'JOBOLD']
['rasscf', 1, 4, True, False]
['mclr', 0.0001, 'sala=1']
['alaska']
All jobs finished:
job: master          code: 0    runtime: 0:00:13.044117
job: grad_1_1        code: 0    runtime: 0:00:05.588758

Starting job execution
['gateway']
['seward']
['copy', '/project/lgagliardi/helenclifford/practice_rcc/sharc4/methaniminium/tutorial_reproduction/traj/Singlet_2/TRAJ_00002/restart/MOLCAS.1.JobIph.189', 'JOBOLD']
['rasscf', 1, 4, True, False]
['copy', 'MOLCAS.rasscf.h5', 'MOLCAS.1.rasscf.h5']
['copy', 'MOLCAS.JobIph', 'MOLCAS.1.JobIph']
['copy', '/project/lgagliardi/helenclifford/practice_rcc/sharc4/methaniminium/tutorial_reproduction/traj/Singlet_2/TRAJ_00002/restart/MOLCAS.3.JobIph.189', 'JOBOLD']
['rasscf', 3, 3, True, False]
['copy', 'MOLCAS.rasscf.h5', 'MOLCAS.3.rasscf.h5']
['copy', 'MOLCAS.JobIph', 'MOLCAS.3.JobIph']
['link', 'MOLCAS.1.JobIph', 'JOB001']
['rassi', 'dm', [4]]
['copy', 'MOLCAS.rassi.h5', 'MOLCAS.rassi.1.h5']
['link', 'MOLCAS.3.JobIph', 'JOB001']
['rassi', 'dm', [3]]
['copy', 'MOLCAS.rassi.h5', 'MOLCAS.rassi.3.h5']
['copy', '/project/lgagliardi/helenclifford/practice_rcc/sharc4/methaniminium/tutorial_reproduction/traj/Singlet_2/TRAJ_00002/restart/MOLCAS.1.JobIph.189', 'JOB001']
['link', 'MOLCAS.1.JobIph', 'JOB002']
['rassi', 'overlap', [4, 4]]
['copy', 'MOLCAS.rassi.h5', 'MOLCAS.rassi.ovlp.1.h5']
['copy', '/project/lgagliardi/helenclifford/practice_rcc/sharc4/methaniminium/tutorial_reproduction/traj/Singlet_2/TRAJ_00002/restart/MOLCAS.3.JobIph.189', 'JOB001']
['link', 'MOLCAS.3.JobIph', 'JOB002']
['rassi', 'overlap', [3, 3]]
['copy', 'MOLCAS.rassi.h5', 'MOLCAS.rassi.ovlp.3.h5']
['link', 'MOLCAS.1.JobIph', 'JOB001']
['link', 'MOLCAS.3.JobIph', 'JOB002']
['rassi', 'soc', [4, 3]]
['copy', '$master_path/MOLCAS.1.JobIph', 'JOBOLD']
['rasscf', 1, 4, True, False]
['mclr', 0.0001, 'sala=1']
['alaska']
All jobs finished:
job: master          code: 0    runtime: 0:00:12.088903
job: grad_1_1        code: 0    runtime: 0:00:07.676893

Starting job execution
['gateway']
['seward']
['copy', '/project/lgagliardi/helenclifford/practice_rcc/sharc4/methaniminium/tutorial_reproduction/traj/Singlet_2/TRAJ_00002/restart/MOLCAS.1.JobIph.190', 'JOBOLD']
['rasscf', 1, 4, True, False]
['copy', 'MOLCAS.rasscf.h5', 'MOLCAS.1.rasscf.h5']
['copy', 'MOLCAS.JobIph', 'MOLCAS.1.JobIph']
['copy', '/project/lgagliardi/helenclifford/practice_rcc/sharc4/methaniminium/tutorial_reproduction/traj/Singlet_2/TRAJ_00002/restart/MOLCAS.3.JobIph.190', 'JOBOLD']
['rasscf', 3, 3, True, False]
['copy', 'MOLCAS.rasscf.h5', 'MOLCAS.3.rasscf.h5']
['copy', 'MOLCAS.JobIph', 'MOLCAS.3.JobIph']
['link', 'MOLCAS.1.JobIph', 'JOB001']
['rassi', 'dm', [4]]
['copy', 'MOLCAS.rassi.h5', 'MOLCAS.rassi.1.h5']
['link', 'MOLCAS.3.JobIph', 'JOB001']
['rassi', 'dm', [3]]
['copy', 'MOLCAS.rassi.h5', 'MOLCAS.rassi.3.h5']
['copy', '/project/lgagliardi/helenclifford/practice_rcc/sharc4/methaniminium/tutorial_reproduction/traj/Singlet_2/TRAJ_00002/restart/MOLCAS.1.JobIph.190', 'JOB001']
['link', 'MOLCAS.1.JobIph', 'JOB002']
['rassi', 'overlap', [4, 4]]
['copy', 'MOLCAS.rassi.h5', 'MOLCAS.rassi.ovlp.1.h5']
['copy', '/project/lgagliardi/helenclifford/practice_rcc/sharc4/methaniminium/tutorial_reproduction/traj/Singlet_2/TRAJ_00002/restart/MOLCAS.3.JobIph.190', 'JOB001']
['link', 'MOLCAS.3.JobIph', 'JOB002']
['rassi', 'overlap', [3, 3]]
['copy', 'MOLCAS.rassi.h5', 'MOLCAS.rassi.ovlp.3.h5']
['link', 'MOLCAS.1.JobIph', 'JOB001']
['link', 'MOLCAS.3.JobIph', 'JOB002']
['rassi', 'soc', [4, 3]]
['copy', '$master_path/MOLCAS.1.JobIph', 'JOBOLD']
['rasscf', 1, 4, True, False]
['mclr', 0.0001, 'sala=1']
['alaska']
All jobs finished:
job: master          code: 0    runtime: 0:00:13.049693
job: grad_1_1        code: 0    runtime: 0:00:07.144485

Starting job execution
['gateway']
['seward']
['copy', '/project/lgagliardi/helenclifford/practice_rcc/sharc4/methaniminium/tutorial_reproduction/traj/Singlet_2/TRAJ_00002/restart/MOLCAS.1.JobIph.191', 'JOBOLD']
['rasscf', 1, 4, True, False]
['copy', 'MOLCAS.rasscf.h5', 'MOLCAS.1.rasscf.h5']
['copy', 'MOLCAS.JobIph', 'MOLCAS.1.JobIph']
['copy', '/project/lgagliardi/helenclifford/practice_rcc/sharc4/methaniminium/tutorial_reproduction/traj/Singlet_2/TRAJ_00002/restart/MOLCAS.3.JobIph.191', 'JOBOLD']
['rasscf', 3, 3, True, False]
['copy', 'MOLCAS.rasscf.h5', 'MOLCAS.3.rasscf.h5']
['copy', 'MOLCAS.JobIph', 'MOLCAS.3.JobIph']
['link', 'MOLCAS.1.JobIph', 'JOB001']
['rassi', 'dm', [4]]
['copy', 'MOLCAS.rassi.h5', 'MOLCAS.rassi.1.h5']
['link', 'MOLCAS.3.JobIph', 'JOB001']
['rassi', 'dm', [3]]
['copy', 'MOLCAS.rassi.h5', 'MOLCAS.rassi.3.h5']
['copy', '/project/lgagliardi/helenclifford/practice_rcc/sharc4/methaniminium/tutorial_reproduction/traj/Singlet_2/TRAJ_00002/restart/MOLCAS.1.JobIph.191', 'JOB001']
['link', 'MOLCAS.1.JobIph', 'JOB002']
['rassi', 'overlap', [4, 4]]
['copy', 'MOLCAS.rassi.h5', 'MOLCAS.rassi.ovlp.1.h5']
['copy', '/project/lgagliardi/helenclifford/practice_rcc/sharc4/methaniminium/tutorial_reproduction/traj/Singlet_2/TRAJ_00002/restart/MOLCAS.3.JobIph.191', 'JOB001']
['link', 'MOLCAS.3.JobIph', 'JOB002']
['rassi', 'overlap', [3, 3]]
['copy', 'MOLCAS.rassi.h5', 'MOLCAS.rassi.ovlp.3.h5']
['link', 'MOLCAS.1.JobIph', 'JOB001']
['link', 'MOLCAS.3.JobIph', 'JOB002']
['rassi', 'soc', [4, 3]]
['copy', '$master_path/MOLCAS.1.JobIph', 'JOBOLD']
['rasscf', 1, 4, True, False]
['mclr', 0.0001, 'sala=1']
['alaska']
All jobs finished:
job: master          code: 0    runtime: 0:00:12.894636
job: grad_1_1        code: 0    runtime: 0:00:05.760307

Starting job execution
['gateway']
['seward']
['copy', '/project/lgagliardi/helenclifford/practice_rcc/sharc4/methaniminium/tutorial_reproduction/traj/Singlet_2/TRAJ_00002/restart/MOLCAS.1.JobIph.192', 'JOBOLD']
['rasscf', 1, 4, True, False]
['copy', 'MOLCAS.rasscf.h5', 'MOLCAS.1.rasscf.h5']
['copy', 'MOLCAS.JobIph', 'MOLCAS.1.JobIph']
['copy', '/project/lgagliardi/helenclifford/practice_rcc/sharc4/methaniminium/tutorial_reproduction/traj/Singlet_2/TRAJ_00002/restart/MOLCAS.3.JobIph.192', 'JOBOLD']
['rasscf', 3, 3, True, False]
['copy', 'MOLCAS.rasscf.h5', 'MOLCAS.3.rasscf.h5']
['copy', 'MOLCAS.JobIph', 'MOLCAS.3.JobIph']
['link', 'MOLCAS.1.JobIph', 'JOB001']
['rassi', 'dm', [4]]
['copy', 'MOLCAS.rassi.h5', 'MOLCAS.rassi.1.h5']
['link', 'MOLCAS.3.JobIph', 'JOB001']
['rassi', 'dm', [3]]
['copy', 'MOLCAS.rassi.h5', 'MOLCAS.rassi.3.h5']
['copy', '/project/lgagliardi/helenclifford/practice_rcc/sharc4/methaniminium/tutorial_reproduction/traj/Singlet_2/TRAJ_00002/restart/MOLCAS.1.JobIph.192', 'JOB001']
['link', 'MOLCAS.1.JobIph', 'JOB002']
['rassi', 'overlap', [4, 4]]
['copy', 'MOLCAS.rassi.h5', 'MOLCAS.rassi.ovlp.1.h5']
['copy', '/project/lgagliardi/helenclifford/practice_rcc/sharc4/methaniminium/tutorial_reproduction/traj/Singlet_2/TRAJ_00002/restart/MOLCAS.3.JobIph.192', 'JOB001']
['link', 'MOLCAS.3.JobIph', 'JOB002']
['rassi', 'overlap', [3, 3]]
['copy', 'MOLCAS.rassi.h5', 'MOLCAS.rassi.ovlp.3.h5']
['link', 'MOLCAS.1.JobIph', 'JOB001']
['link', 'MOLCAS.3.JobIph', 'JOB002']
['rassi', 'soc', [4, 3]]
['copy', '$master_path/MOLCAS.1.JobIph', 'JOBOLD']
['rasscf', 1, 4, True, False]
['mclr', 0.0001, 'sala=1']
['alaska']
All jobs finished:
job: master          code: 0    runtime: 0:00:12.209700
job: grad_1_1        code: 0    runtime: 0:00:05.425924

Starting job execution
['gateway']
['seward']
['copy', '/project/lgagliardi/helenclifford/practice_rcc/sharc4/methaniminium/tutorial_reproduction/traj/Singlet_2/TRAJ_00002/restart/MOLCAS.1.JobIph.193', 'JOBOLD']
['rasscf', 1, 4, True, False]
['copy', 'MOLCAS.rasscf.h5', 'MOLCAS.1.rasscf.h5']
['copy', 'MOLCAS.JobIph', 'MOLCAS.1.JobIph']
['copy', '/project/lgagliardi/helenclifford/practice_rcc/sharc4/methaniminium/tutorial_reproduction/traj/Singlet_2/TRAJ_00002/restart/MOLCAS.3.JobIph.193', 'JOBOLD']
['rasscf', 3, 3, True, False]
['copy', 'MOLCAS.rasscf.h5', 'MOLCAS.3.rasscf.h5']
['copy', 'MOLCAS.JobIph', 'MOLCAS.3.JobIph']
['link', 'MOLCAS.1.JobIph', 'JOB001']
['rassi', 'dm', [4]]
['copy', 'MOLCAS.rassi.h5', 'MOLCAS.rassi.1.h5']
['link', 'MOLCAS.3.JobIph', 'JOB001']
['rassi', 'dm', [3]]
['copy', 'MOLCAS.rassi.h5', 'MOLCAS.rassi.3.h5']
['copy', '/project/lgagliardi/helenclifford/practice_rcc/sharc4/methaniminium/tutorial_reproduction/traj/Singlet_2/TRAJ_00002/restart/MOLCAS.1.JobIph.193', 'JOB001']
['link', 'MOLCAS.1.JobIph', 'JOB002']
['rassi', 'overlap', [4, 4]]
['copy', 'MOLCAS.rassi.h5', 'MOLCAS.rassi.ovlp.1.h5']
['copy', '/project/lgagliardi/helenclifford/practice_rcc/sharc4/methaniminium/tutorial_reproduction/traj/Singlet_2/TRAJ_00002/restart/MOLCAS.3.JobIph.193', 'JOB001']
['link', 'MOLCAS.3.JobIph', 'JOB002']
['rassi', 'overlap', [3, 3]]
['copy', 'MOLCAS.rassi.h5', 'MOLCAS.rassi.ovlp.3.h5']
['link', 'MOLCAS.1.JobIph', 'JOB001']
['link', 'MOLCAS.3.JobIph', 'JOB002']
['rassi', 'soc', [4, 3]]
['copy', '$master_path/MOLCAS.1.JobIph', 'JOBOLD']
['rasscf', 1, 4, True, False]
['mclr', 0.0001, 'sala=1']
['alaska']
All jobs finished:
job: master          code: 0    runtime: 0:00:13.039504
job: grad_1_1        code: 0    runtime: 0:00:05.439717

Starting job execution
['gateway']
['seward']
['copy', '/project/lgagliardi/helenclifford/practice_rcc/sharc4/methaniminium/tutorial_reproduction/traj/Singlet_2/TRAJ_00002/restart/MOLCAS.1.JobIph.194', 'JOBOLD']
['rasscf', 1, 4, True, False]
['copy', 'MOLCAS.rasscf.h5', 'MOLCAS.1.rasscf.h5']
['copy', 'MOLCAS.JobIph', 'MOLCAS.1.JobIph']
['copy', '/project/lgagliardi/helenclifford/practice_rcc/sharc4/methaniminium/tutorial_reproduction/traj/Singlet_2/TRAJ_00002/restart/MOLCAS.3.JobIph.194', 'JOBOLD']
['rasscf', 3, 3, True, False]
['copy', 'MOLCAS.rasscf.h5', 'MOLCAS.3.rasscf.h5']
['copy', 'MOLCAS.JobIph', 'MOLCAS.3.JobIph']
['link', 'MOLCAS.1.JobIph', 'JOB001']
['rassi', 'dm', [4]]
['copy', 'MOLCAS.rassi.h5', 'MOLCAS.rassi.1.h5']
['link', 'MOLCAS.3.JobIph', 'JOB001']
['rassi', 'dm', [3]]
['copy', 'MOLCAS.rassi.h5', 'MOLCAS.rassi.3.h5']
['copy', '/project/lgagliardi/helenclifford/practice_rcc/sharc4/methaniminium/tutorial_reproduction/traj/Singlet_2/TRAJ_00002/restart/MOLCAS.1.JobIph.194', 'JOB001']
['link', 'MOLCAS.1.JobIph', 'JOB002']
['rassi', 'overlap', [4, 4]]
['copy', 'MOLCAS.rassi.h5', 'MOLCAS.rassi.ovlp.1.h5']
['copy', '/project/lgagliardi/helenclifford/practice_rcc/sharc4/methaniminium/tutorial_reproduction/traj/Singlet_2/TRAJ_00002/restart/MOLCAS.3.JobIph.194', 'JOB001']
['link', 'MOLCAS.3.JobIph', 'JOB002']
['rassi', 'overlap', [3, 3]]
['copy', 'MOLCAS.rassi.h5', 'MOLCAS.rassi.ovlp.3.h5']
['link', 'MOLCAS.1.JobIph', 'JOB001']
['link', 'MOLCAS.3.JobIph', 'JOB002']
['rassi', 'soc', [4, 3]]
['copy', '$master_path/MOLCAS.1.JobIph', 'JOBOLD']
['rasscf', 1, 4, True, False]
['mclr', 0.0001, 'sala=1']
['alaska']
All jobs finished:
job: master          code: 0    runtime: 0:00:13.147970
job: grad_1_1        code: 0    runtime: 0:00:05.554482

Starting job execution
['gateway']
['seward']
['copy', '/project/lgagliardi/helenclifford/practice_rcc/sharc4/methaniminium/tutorial_reproduction/traj/Singlet_2/TRAJ_00002/restart/MOLCAS.1.JobIph.195', 'JOBOLD']
['rasscf', 1, 4, True, False]
['copy', 'MOLCAS.rasscf.h5', 'MOLCAS.1.rasscf.h5']
['copy', 'MOLCAS.JobIph', 'MOLCAS.1.JobIph']
['copy', '/project/lgagliardi/helenclifford/practice_rcc/sharc4/methaniminium/tutorial_reproduction/traj/Singlet_2/TRAJ_00002/restart/MOLCAS.3.JobIph.195', 'JOBOLD']
['rasscf', 3, 3, True, False]
['copy', 'MOLCAS.rasscf.h5', 'MOLCAS.3.rasscf.h5']
['copy', 'MOLCAS.JobIph', 'MOLCAS.3.JobIph']
['link', 'MOLCAS.1.JobIph', 'JOB001']
['rassi', 'dm', [4]]
['copy', 'MOLCAS.rassi.h5', 'MOLCAS.rassi.1.h5']
['link', 'MOLCAS.3.JobIph', 'JOB001']
['rassi', 'dm', [3]]
['copy', 'MOLCAS.rassi.h5', 'MOLCAS.rassi.3.h5']
['copy', '/project/lgagliardi/helenclifford/practice_rcc/sharc4/methaniminium/tutorial_reproduction/traj/Singlet_2/TRAJ_00002/restart/MOLCAS.1.JobIph.195', 'JOB001']
['link', 'MOLCAS.1.JobIph', 'JOB002']
['rassi', 'overlap', [4, 4]]
['copy', 'MOLCAS.rassi.h5', 'MOLCAS.rassi.ovlp.1.h5']
['copy', '/project/lgagliardi/helenclifford/practice_rcc/sharc4/methaniminium/tutorial_reproduction/traj/Singlet_2/TRAJ_00002/restart/MOLCAS.3.JobIph.195', 'JOB001']
['link', 'MOLCAS.3.JobIph', 'JOB002']
['rassi', 'overlap', [3, 3]]
['copy', 'MOLCAS.rassi.h5', 'MOLCAS.rassi.ovlp.3.h5']
['link', 'MOLCAS.1.JobIph', 'JOB001']
['link', 'MOLCAS.3.JobIph', 'JOB002']
['rassi', 'soc', [4, 3]]
['copy', '$master_path/MOLCAS.1.JobIph', 'JOBOLD']
['rasscf', 1, 4, True, False]
['mclr', 0.0001, 'sala=1']
['alaska']
All jobs finished:
job: master          code: 0    runtime: 0:00:13.536451
job: grad_1_1        code: 0    runtime: 0:00:05.594677

Starting job execution
['gateway']
['seward']
['copy', '/project/lgagliardi/helenclifford/practice_rcc/sharc4/methaniminium/tutorial_reproduction/traj/Singlet_2/TRAJ_00002/restart/MOLCAS.1.JobIph.196', 'JOBOLD']
['rasscf', 1, 4, True, False]
['copy', 'MOLCAS.rasscf.h5', 'MOLCAS.1.rasscf.h5']
['copy', 'MOLCAS.JobIph', 'MOLCAS.1.JobIph']
['copy', '/project/lgagliardi/helenclifford/practice_rcc/sharc4/methaniminium/tutorial_reproduction/traj/Singlet_2/TRAJ_00002/restart/MOLCAS.3.JobIph.196', 'JOBOLD']
['rasscf', 3, 3, True, False]
['copy', 'MOLCAS.rasscf.h5', 'MOLCAS.3.rasscf.h5']
['copy', 'MOLCAS.JobIph', 'MOLCAS.3.JobIph']
['link', 'MOLCAS.1.JobIph', 'JOB001']
['rassi', 'dm', [4]]
['copy', 'MOLCAS.rassi.h5', 'MOLCAS.rassi.1.h5']
['link', 'MOLCAS.3.JobIph', 'JOB001']
['rassi', 'dm', [3]]
['copy', 'MOLCAS.rassi.h5', 'MOLCAS.rassi.3.h5']
['copy', '/project/lgagliardi/helenclifford/practice_rcc/sharc4/methaniminium/tutorial_reproduction/traj/Singlet_2/TRAJ_00002/restart/MOLCAS.1.JobIph.196', 'JOB001']
['link', 'MOLCAS.1.JobIph', 'JOB002']
['rassi', 'overlap', [4, 4]]
['copy', 'MOLCAS.rassi.h5', 'MOLCAS.rassi.ovlp.1.h5']
['copy', '/project/lgagliardi/helenclifford/practice_rcc/sharc4/methaniminium/tutorial_reproduction/traj/Singlet_2/TRAJ_00002/restart/MOLCAS.3.JobIph.196', 'JOB001']
['link', 'MOLCAS.3.JobIph', 'JOB002']
['rassi', 'overlap', [3, 3]]
['copy', 'MOLCAS.rassi.h5', 'MOLCAS.rassi.ovlp.3.h5']
['link', 'MOLCAS.1.JobIph', 'JOB001']
['link', 'MOLCAS.3.JobIph', 'JOB002']
['rassi', 'soc', [4, 3]]
['copy', '$master_path/MOLCAS.1.JobIph', 'JOBOLD']
['rasscf', 1, 4, True, False]
['mclr', 0.0001, 'sala=1']
['alaska']
All jobs finished:
job: master          code: 0    runtime: 0:00:13.238649
job: grad_1_1        code: 0    runtime: 0:00:05.836313

Starting job execution
['gateway']
['seward']
['copy', '/project/lgagliardi/helenclifford/practice_rcc/sharc4/methaniminium/tutorial_reproduction/traj/Singlet_2/TRAJ_00002/restart/MOLCAS.1.JobIph.197', 'JOBOLD']
['rasscf', 1, 4, True, False]
['copy', 'MOLCAS.rasscf.h5', 'MOLCAS.1.rasscf.h5']
['copy', 'MOLCAS.JobIph', 'MOLCAS.1.JobIph']
['copy', '/project/lgagliardi/helenclifford/practice_rcc/sharc4/methaniminium/tutorial_reproduction/traj/Singlet_2/TRAJ_00002/restart/MOLCAS.3.JobIph.197', 'JOBOLD']
['rasscf', 3, 3, True, False]
['copy', 'MOLCAS.rasscf.h5', 'MOLCAS.3.rasscf.h5']
['copy', 'MOLCAS.JobIph', 'MOLCAS.3.JobIph']
['link', 'MOLCAS.1.JobIph', 'JOB001']
['rassi', 'dm', [4]]
['copy', 'MOLCAS.rassi.h5', 'MOLCAS.rassi.1.h5']
['link', 'MOLCAS.3.JobIph', 'JOB001']
['rassi', 'dm', [3]]
['copy', 'MOLCAS.rassi.h5', 'MOLCAS.rassi.3.h5']
['copy', '/project/lgagliardi/helenclifford/practice_rcc/sharc4/methaniminium/tutorial_reproduction/traj/Singlet_2/TRAJ_00002/restart/MOLCAS.1.JobIph.197', 'JOB001']
['link', 'MOLCAS.1.JobIph', 'JOB002']
['rassi', 'overlap', [4, 4]]
['copy', 'MOLCAS.rassi.h5', 'MOLCAS.rassi.ovlp.1.h5']
['copy', '/project/lgagliardi/helenclifford/practice_rcc/sharc4/methaniminium/tutorial_reproduction/traj/Singlet_2/TRAJ_00002/restart/MOLCAS.3.JobIph.197', 'JOB001']
['link', 'MOLCAS.3.JobIph', 'JOB002']
['rassi', 'overlap', [3, 3]]
['copy', 'MOLCAS.rassi.h5', 'MOLCAS.rassi.ovlp.3.h5']
['link', 'MOLCAS.1.JobIph', 'JOB001']
['link', 'MOLCAS.3.JobIph', 'JOB002']
['rassi', 'soc', [4, 3]]
['copy', '$master_path/MOLCAS.1.JobIph', 'JOBOLD']
['rasscf', 1, 4, True, False]
['mclr', 0.0001, 'sala=1']
['alaska']
All jobs finished:
job: master          code: 0    runtime: 0:00:13.414646
job: grad_1_1        code: 0    runtime: 0:00:05.638423

Starting job execution
['gateway']
['seward']
['copy', '/project/lgagliardi/helenclifford/practice_rcc/sharc4/methaniminium/tutorial_reproduction/traj/Singlet_2/TRAJ_00002/restart/MOLCAS.1.JobIph.198', 'JOBOLD']
['rasscf', 1, 4, True, False]
['copy', 'MOLCAS.rasscf.h5', 'MOLCAS.1.rasscf.h5']
['copy', 'MOLCAS.JobIph', 'MOLCAS.1.JobIph']
['copy', '/project/lgagliardi/helenclifford/practice_rcc/sharc4/methaniminium/tutorial_reproduction/traj/Singlet_2/TRAJ_00002/restart/MOLCAS.3.JobIph.198', 'JOBOLD']
['rasscf', 3, 3, True, False]
['copy', 'MOLCAS.rasscf.h5', 'MOLCAS.3.rasscf.h5']
['copy', 'MOLCAS.JobIph', 'MOLCAS.3.JobIph']
['link', 'MOLCAS.1.JobIph', 'JOB001']
['rassi', 'dm', [4]]
['copy', 'MOLCAS.rassi.h5', 'MOLCAS.rassi.1.h5']
['link', 'MOLCAS.3.JobIph', 'JOB001']
['rassi', 'dm', [3]]
['copy', 'MOLCAS.rassi.h5', 'MOLCAS.rassi.3.h5']
['copy', '/project/lgagliardi/helenclifford/practice_rcc/sharc4/methaniminium/tutorial_reproduction/traj/Singlet_2/TRAJ_00002/restart/MOLCAS.1.JobIph.198', 'JOB001']
['link', 'MOLCAS.1.JobIph', 'JOB002']
['rassi', 'overlap', [4, 4]]
['copy', 'MOLCAS.rassi.h5', 'MOLCAS.rassi.ovlp.1.h5']
['copy', '/project/lgagliardi/helenclifford/practice_rcc/sharc4/methaniminium/tutorial_reproduction/traj/Singlet_2/TRAJ_00002/restart/MOLCAS.3.JobIph.198', 'JOB001']
['link', 'MOLCAS.3.JobIph', 'JOB002']
['rassi', 'overlap', [3, 3]]
['copy', 'MOLCAS.rassi.h5', 'MOLCAS.rassi.ovlp.3.h5']
['link', 'MOLCAS.1.JobIph', 'JOB001']
['link', 'MOLCAS.3.JobIph', 'JOB002']
['rassi', 'soc', [4, 3]]
['copy', '$master_path/MOLCAS.1.JobIph', 'JOBOLD']
['rasscf', 1, 4, True, False]
['mclr', 0.0001, 'sala=1']
['alaska']
All jobs finished:
job: master          code: 0    runtime: 0:00:13.288092
job: grad_1_1        code: 0    runtime: 0:00:05.646073

Starting job execution
['gateway']
['seward']
['copy', '/project/lgagliardi/helenclifford/practice_rcc/sharc4/methaniminium/tutorial_reproduction/traj/Singlet_2/TRAJ_00002/restart/MOLCAS.1.JobIph.199', 'JOBOLD']
['rasscf', 1, 4, True, False]
['copy', 'MOLCAS.rasscf.h5', 'MOLCAS.1.rasscf.h5']
['copy', 'MOLCAS.JobIph', 'MOLCAS.1.JobIph']
['copy', '/project/lgagliardi/helenclifford/practice_rcc/sharc4/methaniminium/tutorial_reproduction/traj/Singlet_2/TRAJ_00002/restart/MOLCAS.3.JobIph.199', 'JOBOLD']
['rasscf', 3, 3, True, False]
['copy', 'MOLCAS.rasscf.h5', 'MOLCAS.3.rasscf.h5']
['copy', 'MOLCAS.JobIph', 'MOLCAS.3.JobIph']
['link', 'MOLCAS.1.JobIph', 'JOB001']
['rassi', 'dm', [4]]
['copy', 'MOLCAS.rassi.h5', 'MOLCAS.rassi.1.h5']
['link', 'MOLCAS.3.JobIph', 'JOB001']
['rassi', 'dm', [3]]
['copy', 'MOLCAS.rassi.h5', 'MOLCAS.rassi.3.h5']
['copy', '/project/lgagliardi/helenclifford/practice_rcc/sharc4/methaniminium/tutorial_reproduction/traj/Singlet_2/TRAJ_00002/restart/MOLCAS.1.JobIph.199', 'JOB001']
['link', 'MOLCAS.1.JobIph', 'JOB002']
['rassi', 'overlap', [4, 4]]
['copy', 'MOLCAS.rassi.h5', 'MOLCAS.rassi.ovlp.1.h5']
['copy', '/project/lgagliardi/helenclifford/practice_rcc/sharc4/methaniminium/tutorial_reproduction/traj/Singlet_2/TRAJ_00002/restart/MOLCAS.3.JobIph.199', 'JOB001']
['link', 'MOLCAS.3.JobIph', 'JOB002']
['rassi', 'overlap', [3, 3]]
['copy', 'MOLCAS.rassi.h5', 'MOLCAS.rassi.ovlp.3.h5']
['link', 'MOLCAS.1.JobIph', 'JOB001']
['link', 'MOLCAS.3.JobIph', 'JOB002']
['rassi', 'soc', [4, 3]]
['copy', '$master_path/MOLCAS.1.JobIph', 'JOBOLD']
['rasscf', 1, 4, True, False]
['mclr', 0.0001, 'sala=1']
['alaska']
All jobs finished:
job: master          code: 0    runtime: 0:00:12.932386
job: grad_1_1        code: 0    runtime: 0:00:05.387706

Timing per step (SHARC_MOLCAS): 20526.733342125 ms
Timing per step full 21864.01639068 ms
Timing: 4372803.278136 ms
Timing: 4428684.282703 ms
