
                                ,._gz,                                        ,._\
                               .g@@@p                                       ._Q@$+
                            ,.Q@@@@@f                                    ._Q@@@+  
                           .g@@@@@@@I                                 ._g@@@@F!   
                       ,,_zQ@@@@@@@@Q_,                            ,_zQ@@@@$+     
                .__ggQ@@@@@@@@@@@@@@@@@L_.              ,         _Q@@@@@@v       
       , __zg@@@@@@@@@@@@@@@@@@@@@@@@@@@@@@@@@QQz_z_zzQ@@L,    .zQ@@@@@@F`        
   .__gQ@@@@@@@@@@@@@@@@@@@@@@@@@@@@@@@@@@@@@@@@@@@@@@@@@@Q\__zQ@@@@@@$+          
  G@@@@@@@@@@@@@@@@@@@@@@@@@@@@@@@@@@@@@@@@@@@@@@@@@@@@@@@@@@@@@@@@@@D            
    =4A@@@@@@@@@@@@@@@@@@@@@@@@@@@@@@@@@@@@@@@@@@@@@@@@@@@@@@A@$@@@@@L,           
        =vVAA@$@@@@@@@@@@@@@@@@@@@@@@@@@@@@@@@@@@@@p=VX@@@B*   <V@$@@@Q_,         
                   @@@@@@@@@@P^^^^^^--`     -q@@$=`     =4V`       =X@@@@_        
                   1@@@@@@@$!                  ^`                       -`        
                   -q@@@@@@]                                                      
                    ($@@@@$`                                                      
                     4@@@@p                                                       
                      d@@@p                                                       
                       d@@b                                                       
                        =4!                                                       

 
 EXECUTION INFORMATION:
 Start date: Mon Jul 27 16:25:23 2026
 Run host: midway3-0543.rcc.local
 Run directory: 
 /project/lgagliardi/helenclifford/practice_rcc/sharc4/methaniminium/tutorial_re
 production/traj/Singlet_2/TRAJ_00007
 
 BUILD INFORMATION:
 Build date: Sun Jun 21 23:24:23 CDT 2026
 Build host: midway3-amd1.rcc.local
 Build directory: /project/lgagliardi/helenclifford/practice_rcc/sharc4/source
 Compiler: /software/intel/oneapi_hpc_2023.1/compiler/2023.1.0/linux/bin/ifx
 PYSHARC activated: true
 
<<<<<<<<<<<<<<<<<<<<<<<<<<<<<<<<============================>>>>>>>>>>>>>>>>>>>>>>>>>>>>>>>>
<<<<<<<<<<<<<<<<<<<<<<<<<<<<<<<<   Program SHARC started    >>>>>>>>>>>>>>>>>>>>>>>>>>>>>>>>
<<<<<<<<<<<<<<<<<<<<<<<<<<<<<<<<============================>>>>>>>>>>>>>>>>>>>>>>>>>>>>>>>>
 
 Version: 4.0 (April 1, 2025)
 
 Print level:            2
 
 =============================================================
                          Input File
 =============================================================
 printlevel 2
 geomfile "geom"
 veloc external
 velocfile "veloc"
 nstates 4 0 3
 actstates 4 0 3
 charge 1 0 1
 state 3 mch
 coeff auto
 rngseed -1729
 ezero -94.4129639185
 tmax 100.000000
 stepsize 0.500000
 nsubsteps 25
 integrator fvv
 method tsh
 surf diagonal
 coupling overlap
 nogradcorrect 
 ekincorrect parallel_vel
 reflect_frustrated none
 decoherence_scheme edc
 decoherence_param 0.1
 hopping_procedure sharc
 notrack_phase 
 grad_select 
 eselect 0.100000
 select_directly 
 write_overlap 
 output_format ascii
 output_dat_steps 1
 
 =============================================================
                             Restart
 =============================================================
 NO RESTART requested. Setting up the initial data from input files...
 
<<<<<<<<<<<<<<<<<<<<<<<<<<<<<<<<============================>>>>>>>>>>>>>>>>>>>>>>>>>>>>>>>>
<<<<<<<<<<<<<<<<<<<<<<<<<<<<<<<<   Initializing Dynamics    >>>>>>>>>>>>>>>>>>>>>>>>>>>>>>>>
<<<<<<<<<<<<<<<<<<<<<<<<<<<<<<<<============================>>>>>>>>>>>>>>>>>>>>>>>>>>>>>>>>
                                                                    Mon Jul 27 16:25:23 2026
 
Saving output data in ASCII format (output.dat)
Use data_extractor.x
 
 =============================================================
                  Number of States and Atoms
 =============================================================
 Keyword NSTATES found.
   4 Singlet
   0 Doublet
   3 Triplet
Total number of states:    13
 
charges set to:    1    0    1 
 Dynamics is constrained to a subset of active states.
 States (T=active, F=frozen): T T T T T T T T T T T T T
 
Total number of atoms from "geom":       6
 
 =============================================================
                           Allocation
 =============================================================
Allocation with nstates=      13 and natom=       6 successful.
 
 =============================================================
                        Simulation Time
 =============================================================
Using fixed stepsize Velocity-Verlet integrator
Found nsteps=    200 and stepsize=     0.500 fs.
This makes a total simulation time of    100.000 fs.
The electronic wavefunction will be propagated using a   0.0200 fs step.
 
 
 =============================================================
                        Dynamics options
 =============================================================
Doing Trajectory Surface Hopping Dynamics.
Doing SHARC dynamics (on diagonal surfaces).
No Zero Point Energy correction scheme employed
Using OVERLAPS as wavefunction coupling.
Doing LOCAL DIABATISATION propagation.
Correction to the kinetic energy after surface hop parallel to velocity vector.
 
Gradients are included for Delta E <     0.100 eV.
Gradients are calculated in the first QM calculation.
Calculating wavefunction overlaps.
Calculating spin-orbit couplings.
 
Writing overlap matrix.
Not writing gradients.
Not writing magnetic dipole moments.
Not writing electric quadrupole moments.
Not writing nonadiabatic couplings.
Not writing property vectors.
Not writing property matrices.
 
First,   writing to output.dat every      1 steps if step is >=      0
Then,    writing to output.dat every      1 steps if step is >=      0
Finally, writing to output.dat every      1 steps if step is >=      0
 
Current working directory is
        /project/lgagliardi/helenclifford/practice_rcc/sharc4/methaniminium/tutorial_reproduction/traj/Singlet_2/TRAJ_00007
 
Shift to the diagonal energies is   -94.412963918
Scaling factor to the Hamiltonian and gradients is  1.000
SOC scaling factor is  1.000
 
Random number seed is      -1729
 
Damping factor for kinetic energy is  1.000
 
Decoherence is 1 (EDC by Granucci, Persico, Zoccante)
Decoherence constant is  0.100 Hartree
 
Phase tracking of MCH-diagonal transformation matrix (U) is OFF
 
Surface Hopping procedure is SHARC (Mai, Marquetand, Gonzalez)
 
 =============================================================
                             Geometry
 =============================================================
Reading from geometry file: "geom"
 Geometry (Bohr):
El         x         y         z      #         mass
C     0.0096   -0.0483    0.0796      6.    12.000000
N    -0.0027   -0.0040    2.4352      7.    14.003074
H     1.6994    0.3551   -0.6505      1.     1.007825
H     1.4729   -0.0518    3.3068      1.     1.007825
H    -1.4958    0.2262    3.7596      1.     1.007825
H    -1.7539    0.1008   -1.0012      1.     1.007825
 
Reading velocities from file "veloc"
 Velocities (Bohr/atu):
El     dx/dt     dy/dt     dz/dt
C  -0.000254 -0.000111 -0.000200
N  -0.000001 -0.000177  0.000118
H   0.000547  0.000918  0.003113
H   0.000825  0.001250  0.001511
H   0.002660  0.000910 -0.004603
H  -0.000993  0.000701  0.000725
 
 Atom mask (only active):
           1 C  T
           2 N  T
           3 H  T
           4 H  T
           5 H  T
           6 H  T
 Atom mask will be used for kinetic energy adjustment.
 Atom mask will be used for kinetic energy in EDC decoherence.
 Atom mask for dynamics (only active, not frozen):
           1 C  T
           2 N  T
           3 H  T
           4 H  T
           5 H  T
           6 H  T
 =============================================================
                Initial State and Coefficients
 =============================================================
 
Setting state and coefficients for SHARC dynamics.
 
Initial state is    3 in the MCH basis. 
Initial coefficients will be set automatically.
 
 Coefficients (MCH):
  #      Real(c)      Imag(c)
  1  0.000000000  0.000000000
  2  0.000000000  0.000000000
  3  1.000000000  0.000000000
  4  0.000000000  0.000000000
  5  0.000000000  0.000000000
  6  0.000000000  0.000000000
  7  0.000000000  0.000000000
  8  0.000000000  0.000000000
  9  0.000000000  0.000000000
 10  0.000000000  0.000000000
 11  0.000000000  0.000000000
 12  0.000000000  0.000000000
 13  0.000000000  0.000000000
 
 Coefficients will be transformed after the initial energy calculation.
 
 =============================================================
                        Laser Field
 =============================================================
No laser field will be applied.
 
 =============================================================
                        Thermostat
 =============================================================
No thermostat will be applied.
 
 =============================================================
                   Memory-heavy Allocations
 =============================================================
 =============================================================
                      Finalizing Input
 =============================================================
Trajectory input checksum is  1415138021
 
<<<<<<<<<<<<<<<<<<<<<<<<<<<<<<<<======================================>>>>>>>>>>>>>>>>>>>>>>>>>>>>>>>>
<<<<<<<<<<<<<<<<<<<<<<<<<<<<<<<<     Entering timestep          0     >>>>>>>>>>>>>>>>>>>>>>>>>>>>>>>>
<<<<<<<<<<<<<<<<<<<<<<<<<<<<<<<<  Trajectory time in fs       0.0000  >>>>>>>>>>>>>>>>>>>>>>>>>>>>>>>>
<<<<<<<<<<<<<<<<<<<<<<<<<<<<<<<<======================================>>>>>>>>>>>>>>>>>>>>>>>>>>>>>>>>
                                                        Start time: Mon Jul 27 16:25:23 2026
 
 =============================================================
              Initializing states and coefficients
 =============================================================
Initial state is    3 in the MCH basis. 
Initial state is    9 in the DIAG basis. 
 Coefficients (MCH):
  #      Real(c)      Imag(c)
  1  0.000000000  0.000000000
  2  0.000000000  0.000000000
  3  1.000000000  0.000000000
  4  0.000000000  0.000000000
  5  0.000000000  0.000000000
  6  0.000000000  0.000000000
  7  0.000000000  0.000000000
  8  0.000000000  0.000000000
  9  0.000000000  0.000000000
 10  0.000000000  0.000000000
 11  0.000000000  0.000000000
 12  0.000000000  0.000000000
 13  0.000000000  0.000000000
 Coefficients (diag):
  #      Real(c)      Imag(c)
  1 -0.000000027 -0.000000000
  2  0.000041159  0.000000000
  3  0.000009642 -0.000000000
  4 -0.000032110  0.000000000
  5  0.000029965  0.000000000
  6 -0.000184362  0.000000000
  7  0.000080084  0.000000000
  8  0.000000191 -0.000000000
  9  0.999995384  0.000000000
 10 -0.000045095  0.000000000
 11  0.000449684  0.000000000
 12 -0.002997224 -0.000000000
 13  0.000000022  0.000000000
<<<<<<<<<<<<<<<<<<<<<<<<<<<<<<<<======================================>>>>>>>>>>>>>>>>>>>>>>>>>>>>>>>>
<<<<<<<<<<<<<<<<<<<<<<<<<<<<<<<<     Entering timestep          1     >>>>>>>>>>>>>>>>>>>>>>>>>>>>>>>>
<<<<<<<<<<<<<<<<<<<<<<<<<<<<<<<<  Trajectory time in fs       0.5000  >>>>>>>>>>>>>>>>>>>>>>>>>>>>>>>>
<<<<<<<<<<<<<<<<<<<<<<<<<<<<<<<<======================================>>>>>>>>>>>>>>>>>>>>>>>>>>>>>>>>
                                                        Start time: Mon Jul 27 16:27:09 2026
 
<<<<<<<<<<<<<<<<<<<<<<<<<<<<<<<<======================================>>>>>>>>>>>>>>>>>>>>>>>>>>>>>>>>
<<<<<<<<<<<<<<<<<<<<<<<<<<<<<<<<     Entering timestep          2     >>>>>>>>>>>>>>>>>>>>>>>>>>>>>>>>
<<<<<<<<<<<<<<<<<<<<<<<<<<<<<<<<  Trajectory time in fs       1.0000  >>>>>>>>>>>>>>>>>>>>>>>>>>>>>>>>
<<<<<<<<<<<<<<<<<<<<<<<<<<<<<<<<======================================>>>>>>>>>>>>>>>>>>>>>>>>>>>>>>>>
                                                        Start time: Mon Jul 27 16:27:43 2026
 
<<<<<<<<<<<<<<<<<<<<<<<<<<<<<<<<======================================>>>>>>>>>>>>>>>>>>>>>>>>>>>>>>>>
<<<<<<<<<<<<<<<<<<<<<<<<<<<<<<<<     Entering timestep          3     >>>>>>>>>>>>>>>>>>>>>>>>>>>>>>>>
<<<<<<<<<<<<<<<<<<<<<<<<<<<<<<<<  Trajectory time in fs       1.5000  >>>>>>>>>>>>>>>>>>>>>>>>>>>>>>>>
<<<<<<<<<<<<<<<<<<<<<<<<<<<<<<<<======================================>>>>>>>>>>>>>>>>>>>>>>>>>>>>>>>>
                                                        Start time: Mon Jul 27 16:28:54 2026
 
<<<<<<<<<<<<<<<<<<<<<<<<<<<<<<<<======================================>>>>>>>>>>>>>>>>>>>>>>>>>>>>>>>>
<<<<<<<<<<<<<<<<<<<<<<<<<<<<<<<<     Entering timestep          4     >>>>>>>>>>>>>>>>>>>>>>>>>>>>>>>>
<<<<<<<<<<<<<<<<<<<<<<<<<<<<<<<<  Trajectory time in fs       2.0000  >>>>>>>>>>>>>>>>>>>>>>>>>>>>>>>>
<<<<<<<<<<<<<<<<<<<<<<<<<<<<<<<<======================================>>>>>>>>>>>>>>>>>>>>>>>>>>>>>>>>
                                                        Start time: Mon Jul 27 16:29:42 2026
 
<<<<<<<<<<<<<<<<<<<<<<<<<<<<<<<<======================================>>>>>>>>>>>>>>>>>>>>>>>>>>>>>>>>
<<<<<<<<<<<<<<<<<<<<<<<<<<<<<<<<     Entering timestep          5     >>>>>>>>>>>>>>>>>>>>>>>>>>>>>>>>
<<<<<<<<<<<<<<<<<<<<<<<<<<<<<<<<  Trajectory time in fs       2.5000  >>>>>>>>>>>>>>>>>>>>>>>>>>>>>>>>
<<<<<<<<<<<<<<<<<<<<<<<<<<<<<<<<======================================>>>>>>>>>>>>>>>>>>>>>>>>>>>>>>>>
                                                        Start time: Mon Jul 27 16:30:17 2026
 
<<<<<<<<<<<<<<<<<<<<<<<<<<<<<<<<======================================>>>>>>>>>>>>>>>>>>>>>>>>>>>>>>>>
<<<<<<<<<<<<<<<<<<<<<<<<<<<<<<<<     Entering timestep          6     >>>>>>>>>>>>>>>>>>>>>>>>>>>>>>>>
<<<<<<<<<<<<<<<<<<<<<<<<<<<<<<<<  Trajectory time in fs       3.0000  >>>>>>>>>>>>>>>>>>>>>>>>>>>>>>>>
<<<<<<<<<<<<<<<<<<<<<<<<<<<<<<<<======================================>>>>>>>>>>>>>>>>>>>>>>>>>>>>>>>>
                                                        Start time: Mon Jul 27 16:30:53 2026
 
<<<<<<<<<<<<<<<<<<<<<<<<<<<<<<<<======================================>>>>>>>>>>>>>>>>>>>>>>>>>>>>>>>>
<<<<<<<<<<<<<<<<<<<<<<<<<<<<<<<<     Entering timestep          7     >>>>>>>>>>>>>>>>>>>>>>>>>>>>>>>>
<<<<<<<<<<<<<<<<<<<<<<<<<<<<<<<<  Trajectory time in fs       3.5000  >>>>>>>>>>>>>>>>>>>>>>>>>>>>>>>>
<<<<<<<<<<<<<<<<<<<<<<<<<<<<<<<<======================================>>>>>>>>>>>>>>>>>>>>>>>>>>>>>>>>
                                                        Start time: Mon Jul 27 16:31:21 2026
 
<<<<<<<<<<<<<<<<<<<<<<<<<<<<<<<<======================================>>>>>>>>>>>>>>>>>>>>>>>>>>>>>>>>
<<<<<<<<<<<<<<<<<<<<<<<<<<<<<<<<     Entering timestep          8     >>>>>>>>>>>>>>>>>>>>>>>>>>>>>>>>
<<<<<<<<<<<<<<<<<<<<<<<<<<<<<<<<  Trajectory time in fs       4.0000  >>>>>>>>>>>>>>>>>>>>>>>>>>>>>>>>
<<<<<<<<<<<<<<<<<<<<<<<<<<<<<<<<======================================>>>>>>>>>>>>>>>>>>>>>>>>>>>>>>>>
                                                        Start time: Mon Jul 27 16:31:52 2026
 
<<<<<<<<<<<<<<<<<<<<<<<<<<<<<<<<======================================>>>>>>>>>>>>>>>>>>>>>>>>>>>>>>>>
<<<<<<<<<<<<<<<<<<<<<<<<<<<<<<<<     Entering timestep          9     >>>>>>>>>>>>>>>>>>>>>>>>>>>>>>>>
<<<<<<<<<<<<<<<<<<<<<<<<<<<<<<<<  Trajectory time in fs       4.5000  >>>>>>>>>>>>>>>>>>>>>>>>>>>>>>>>
<<<<<<<<<<<<<<<<<<<<<<<<<<<<<<<<======================================>>>>>>>>>>>>>>>>>>>>>>>>>>>>>>>>
                                                        Start time: Mon Jul 27 16:32:22 2026
 
<<<<<<<<<<<<<<<<<<<<<<<<<<<<<<<<======================================>>>>>>>>>>>>>>>>>>>>>>>>>>>>>>>>
<<<<<<<<<<<<<<<<<<<<<<<<<<<<<<<<     Entering timestep         10     >>>>>>>>>>>>>>>>>>>>>>>>>>>>>>>>
<<<<<<<<<<<<<<<<<<<<<<<<<<<<<<<<  Trajectory time in fs       5.0000  >>>>>>>>>>>>>>>>>>>>>>>>>>>>>>>>
<<<<<<<<<<<<<<<<<<<<<<<<<<<<<<<<======================================>>>>>>>>>>>>>>>>>>>>>>>>>>>>>>>>
                                                        Start time: Mon Jul 27 16:32:53 2026
 
<<<<<<<<<<<<<<<<<<<<<<<<<<<<<<<<======================================>>>>>>>>>>>>>>>>>>>>>>>>>>>>>>>>
<<<<<<<<<<<<<<<<<<<<<<<<<<<<<<<<     Entering timestep         11     >>>>>>>>>>>>>>>>>>>>>>>>>>>>>>>>
<<<<<<<<<<<<<<<<<<<<<<<<<<<<<<<<  Trajectory time in fs       5.5000  >>>>>>>>>>>>>>>>>>>>>>>>>>>>>>>>
<<<<<<<<<<<<<<<<<<<<<<<<<<<<<<<<======================================>>>>>>>>>>>>>>>>>>>>>>>>>>>>>>>>
                                                        Start time: Mon Jul 27 16:34:04 2026
 
<<<<<<<<<<<<<<<<<<<<<<<<<<<<<<<<======================================>>>>>>>>>>>>>>>>>>>>>>>>>>>>>>>>
<<<<<<<<<<<<<<<<<<<<<<<<<<<<<<<<     Entering timestep         12     >>>>>>>>>>>>>>>>>>>>>>>>>>>>>>>>
<<<<<<<<<<<<<<<<<<<<<<<<<<<<<<<<  Trajectory time in fs       6.0000  >>>>>>>>>>>>>>>>>>>>>>>>>>>>>>>>
<<<<<<<<<<<<<<<<<<<<<<<<<<<<<<<<======================================>>>>>>>>>>>>>>>>>>>>>>>>>>>>>>>>
                                                        Start time: Mon Jul 27 16:34:44 2026
 
<<<<<<<<<<<<<<<<<<<<<<<<<<<<<<<<======================================>>>>>>>>>>>>>>>>>>>>>>>>>>>>>>>>
<<<<<<<<<<<<<<<<<<<<<<<<<<<<<<<<     Entering timestep         13     >>>>>>>>>>>>>>>>>>>>>>>>>>>>>>>>
<<<<<<<<<<<<<<<<<<<<<<<<<<<<<<<<  Trajectory time in fs       6.5000  >>>>>>>>>>>>>>>>>>>>>>>>>>>>>>>>
<<<<<<<<<<<<<<<<<<<<<<<<<<<<<<<<======================================>>>>>>>>>>>>>>>>>>>>>>>>>>>>>>>>
                                                        Start time: Mon Jul 27 16:35:20 2026
 
<<<<<<<<<<<<<<<<<<<<<<<<<<<<<<<<======================================>>>>>>>>>>>>>>>>>>>>>>>>>>>>>>>>
<<<<<<<<<<<<<<<<<<<<<<<<<<<<<<<<     Entering timestep         14     >>>>>>>>>>>>>>>>>>>>>>>>>>>>>>>>
<<<<<<<<<<<<<<<<<<<<<<<<<<<<<<<<  Trajectory time in fs       7.0000  >>>>>>>>>>>>>>>>>>>>>>>>>>>>>>>>
<<<<<<<<<<<<<<<<<<<<<<<<<<<<<<<<======================================>>>>>>>>>>>>>>>>>>>>>>>>>>>>>>>>
                                                        Start time: Mon Jul 27 16:35:56 2026
 
<<<<<<<<<<<<<<<<<<<<<<<<<<<<<<<<======================================>>>>>>>>>>>>>>>>>>>>>>>>>>>>>>>>
<<<<<<<<<<<<<<<<<<<<<<<<<<<<<<<<     Entering timestep         15     >>>>>>>>>>>>>>>>>>>>>>>>>>>>>>>>
<<<<<<<<<<<<<<<<<<<<<<<<<<<<<<<<  Trajectory time in fs       7.5000  >>>>>>>>>>>>>>>>>>>>>>>>>>>>>>>>
<<<<<<<<<<<<<<<<<<<<<<<<<<<<<<<<======================================>>>>>>>>>>>>>>>>>>>>>>>>>>>>>>>>
                                                        Start time: Mon Jul 27 16:36:28 2026
 
<<<<<<<<<<<<<<<<<<<<<<<<<<<<<<<<======================================>>>>>>>>>>>>>>>>>>>>>>>>>>>>>>>>
<<<<<<<<<<<<<<<<<<<<<<<<<<<<<<<<     Entering timestep         16     >>>>>>>>>>>>>>>>>>>>>>>>>>>>>>>>
<<<<<<<<<<<<<<<<<<<<<<<<<<<<<<<<  Trajectory time in fs       8.0000  >>>>>>>>>>>>>>>>>>>>>>>>>>>>>>>>
<<<<<<<<<<<<<<<<<<<<<<<<<<<<<<<<======================================>>>>>>>>>>>>>>>>>>>>>>>>>>>>>>>>
                                                        Start time: Mon Jul 27 16:37:01 2026
 
<<<<<<<<<<<<<<<<<<<<<<<<<<<<<<<<======================================>>>>>>>>>>>>>>>>>>>>>>>>>>>>>>>>
<<<<<<<<<<<<<<<<<<<<<<<<<<<<<<<<     Entering timestep         17     >>>>>>>>>>>>>>>>>>>>>>>>>>>>>>>>
<<<<<<<<<<<<<<<<<<<<<<<<<<<<<<<<  Trajectory time in fs       8.5000  >>>>>>>>>>>>>>>>>>>>>>>>>>>>>>>>
<<<<<<<<<<<<<<<<<<<<<<<<<<<<<<<<======================================>>>>>>>>>>>>>>>>>>>>>>>>>>>>>>>>
                                                        Start time: Mon Jul 27 16:37:29 2026
 
<<<<<<<<<<<<<<<<<<<<<<<<<<<<<<<<======================================>>>>>>>>>>>>>>>>>>>>>>>>>>>>>>>>
<<<<<<<<<<<<<<<<<<<<<<<<<<<<<<<<     Entering timestep         18     >>>>>>>>>>>>>>>>>>>>>>>>>>>>>>>>
<<<<<<<<<<<<<<<<<<<<<<<<<<<<<<<<  Trajectory time in fs       9.0000  >>>>>>>>>>>>>>>>>>>>>>>>>>>>>>>>
<<<<<<<<<<<<<<<<<<<<<<<<<<<<<<<<======================================>>>>>>>>>>>>>>>>>>>>>>>>>>>>>>>>
                                                        Start time: Mon Jul 27 16:38:00 2026
 
<<<<<<<<<<<<<<<<<<<<<<<<<<<<<<<<======================================>>>>>>>>>>>>>>>>>>>>>>>>>>>>>>>>
<<<<<<<<<<<<<<<<<<<<<<<<<<<<<<<<     Entering timestep         19     >>>>>>>>>>>>>>>>>>>>>>>>>>>>>>>>
<<<<<<<<<<<<<<<<<<<<<<<<<<<<<<<<  Trajectory time in fs       9.5000  >>>>>>>>>>>>>>>>>>>>>>>>>>>>>>>>
<<<<<<<<<<<<<<<<<<<<<<<<<<<<<<<<======================================>>>>>>>>>>>>>>>>>>>>>>>>>>>>>>>>
                                                        Start time: Mon Jul 27 16:38:30 2026
 
<<<<<<<<<<<<<<<<<<<<<<<<<<<<<<<<======================================>>>>>>>>>>>>>>>>>>>>>>>>>>>>>>>>
<<<<<<<<<<<<<<<<<<<<<<<<<<<<<<<<     Entering timestep         20     >>>>>>>>>>>>>>>>>>>>>>>>>>>>>>>>
<<<<<<<<<<<<<<<<<<<<<<<<<<<<<<<<  Trajectory time in fs      10.0000  >>>>>>>>>>>>>>>>>>>>>>>>>>>>>>>>
<<<<<<<<<<<<<<<<<<<<<<<<<<<<<<<<======================================>>>>>>>>>>>>>>>>>>>>>>>>>>>>>>>>
                                                        Start time: Mon Jul 27 16:39:01 2026
 
<<<<<<<<<<<<<<<<<<<<<<<<<<<<<<<<======================================>>>>>>>>>>>>>>>>>>>>>>>>>>>>>>>>
<<<<<<<<<<<<<<<<<<<<<<<<<<<<<<<<     Entering timestep         21     >>>>>>>>>>>>>>>>>>>>>>>>>>>>>>>>
<<<<<<<<<<<<<<<<<<<<<<<<<<<<<<<<  Trajectory time in fs      10.5000  >>>>>>>>>>>>>>>>>>>>>>>>>>>>>>>>
<<<<<<<<<<<<<<<<<<<<<<<<<<<<<<<<======================================>>>>>>>>>>>>>>>>>>>>>>>>>>>>>>>>
                                                        Start time: Mon Jul 27 16:39:33 2026
 
<<<<<<<<<<<<<<<<<<<<<<<<<<<<<<<<======================================>>>>>>>>>>>>>>>>>>>>>>>>>>>>>>>>
<<<<<<<<<<<<<<<<<<<<<<<<<<<<<<<<     Entering timestep         22     >>>>>>>>>>>>>>>>>>>>>>>>>>>>>>>>
<<<<<<<<<<<<<<<<<<<<<<<<<<<<<<<<  Trajectory time in fs      11.0000  >>>>>>>>>>>>>>>>>>>>>>>>>>>>>>>>
<<<<<<<<<<<<<<<<<<<<<<<<<<<<<<<<======================================>>>>>>>>>>>>>>>>>>>>>>>>>>>>>>>>
                                                        Start time: Mon Jul 27 16:40:01 2026
 
<<<<<<<<<<<<<<<<<<<<<<<<<<<<<<<<======================================>>>>>>>>>>>>>>>>>>>>>>>>>>>>>>>>
<<<<<<<<<<<<<<<<<<<<<<<<<<<<<<<<     Entering timestep         23     >>>>>>>>>>>>>>>>>>>>>>>>>>>>>>>>
<<<<<<<<<<<<<<<<<<<<<<<<<<<<<<<<  Trajectory time in fs      11.5000  >>>>>>>>>>>>>>>>>>>>>>>>>>>>>>>>
<<<<<<<<<<<<<<<<<<<<<<<<<<<<<<<<======================================>>>>>>>>>>>>>>>>>>>>>>>>>>>>>>>>
                                                        Start time: Mon Jul 27 16:40:38 2026
 
<<<<<<<<<<<<<<<<<<<<<<<<<<<<<<<<======================================>>>>>>>>>>>>>>>>>>>>>>>>>>>>>>>>
<<<<<<<<<<<<<<<<<<<<<<<<<<<<<<<<     Entering timestep         24     >>>>>>>>>>>>>>>>>>>>>>>>>>>>>>>>
<<<<<<<<<<<<<<<<<<<<<<<<<<<<<<<<  Trajectory time in fs      12.0000  >>>>>>>>>>>>>>>>>>>>>>>>>>>>>>>>
<<<<<<<<<<<<<<<<<<<<<<<<<<<<<<<<======================================>>>>>>>>>>>>>>>>>>>>>>>>>>>>>>>>
                                                        Start time: Mon Jul 27 16:41:13 2026
 
<<<<<<<<<<<<<<<<<<<<<<<<<<<<<<<<======================================>>>>>>>>>>>>>>>>>>>>>>>>>>>>>>>>
<<<<<<<<<<<<<<<<<<<<<<<<<<<<<<<<     Entering timestep         25     >>>>>>>>>>>>>>>>>>>>>>>>>>>>>>>>
<<<<<<<<<<<<<<<<<<<<<<<<<<<<<<<<  Trajectory time in fs      12.5000  >>>>>>>>>>>>>>>>>>>>>>>>>>>>>>>>
<<<<<<<<<<<<<<<<<<<<<<<<<<<<<<<<======================================>>>>>>>>>>>>>>>>>>>>>>>>>>>>>>>>
                                                        Start time: Mon Jul 27 16:41:46 2026
 
<<<<<<<<<<<<<<<<<<<<<<<<<<<<<<<<======================================>>>>>>>>>>>>>>>>>>>>>>>>>>>>>>>>
<<<<<<<<<<<<<<<<<<<<<<<<<<<<<<<<     Entering timestep         26     >>>>>>>>>>>>>>>>>>>>>>>>>>>>>>>>
<<<<<<<<<<<<<<<<<<<<<<<<<<<<<<<<  Trajectory time in fs      13.0000  >>>>>>>>>>>>>>>>>>>>>>>>>>>>>>>>
<<<<<<<<<<<<<<<<<<<<<<<<<<<<<<<<======================================>>>>>>>>>>>>>>>>>>>>>>>>>>>>>>>>
                                                        Start time: Mon Jul 27 16:42:32 2026
 
<<<<<<<<<<<<<<<<<<<<<<<<<<<<<<<<======================================>>>>>>>>>>>>>>>>>>>>>>>>>>>>>>>>
<<<<<<<<<<<<<<<<<<<<<<<<<<<<<<<<     Entering timestep         27     >>>>>>>>>>>>>>>>>>>>>>>>>>>>>>>>
<<<<<<<<<<<<<<<<<<<<<<<<<<<<<<<<  Trajectory time in fs      13.5000  >>>>>>>>>>>>>>>>>>>>>>>>>>>>>>>>
<<<<<<<<<<<<<<<<<<<<<<<<<<<<<<<<======================================>>>>>>>>>>>>>>>>>>>>>>>>>>>>>>>>
                                                        Start time: Mon Jul 27 16:43:11 2026
 
<<<<<<<<<<<<<<<<<<<<<<<<<<<<<<<<======================================>>>>>>>>>>>>>>>>>>>>>>>>>>>>>>>>
<<<<<<<<<<<<<<<<<<<<<<<<<<<<<<<<     Entering timestep         28     >>>>>>>>>>>>>>>>>>>>>>>>>>>>>>>>
<<<<<<<<<<<<<<<<<<<<<<<<<<<<<<<<  Trajectory time in fs      14.0000  >>>>>>>>>>>>>>>>>>>>>>>>>>>>>>>>
<<<<<<<<<<<<<<<<<<<<<<<<<<<<<<<<======================================>>>>>>>>>>>>>>>>>>>>>>>>>>>>>>>>
                                                        Start time: Mon Jul 27 16:43:42 2026
 
<<<<<<<<<<<<<<<<<<<<<<<<<<<<<<<<======================================>>>>>>>>>>>>>>>>>>>>>>>>>>>>>>>>
<<<<<<<<<<<<<<<<<<<<<<<<<<<<<<<<     Entering timestep         29     >>>>>>>>>>>>>>>>>>>>>>>>>>>>>>>>
<<<<<<<<<<<<<<<<<<<<<<<<<<<<<<<<  Trajectory time in fs      14.5000  >>>>>>>>>>>>>>>>>>>>>>>>>>>>>>>>
<<<<<<<<<<<<<<<<<<<<<<<<<<<<<<<<======================================>>>>>>>>>>>>>>>>>>>>>>>>>>>>>>>>
                                                        Start time: Mon Jul 27 16:44:16 2026
 
<<<<<<<<<<<<<<<<<<<<<<<<<<<<<<<<======================================>>>>>>>>>>>>>>>>>>>>>>>>>>>>>>>>
<<<<<<<<<<<<<<<<<<<<<<<<<<<<<<<<     Entering timestep         30     >>>>>>>>>>>>>>>>>>>>>>>>>>>>>>>>
<<<<<<<<<<<<<<<<<<<<<<<<<<<<<<<<  Trajectory time in fs      15.0000  >>>>>>>>>>>>>>>>>>>>>>>>>>>>>>>>
<<<<<<<<<<<<<<<<<<<<<<<<<<<<<<<<======================================>>>>>>>>>>>>>>>>>>>>>>>>>>>>>>>>
                                                        Start time: Mon Jul 27 16:44:52 2026
 
<<<<<<<<<<<<<<<<<<<<<<<<<<<<<<<<======================================>>>>>>>>>>>>>>>>>>>>>>>>>>>>>>>>
<<<<<<<<<<<<<<<<<<<<<<<<<<<<<<<<     Entering timestep         31     >>>>>>>>>>>>>>>>>>>>>>>>>>>>>>>>
<<<<<<<<<<<<<<<<<<<<<<<<<<<<<<<<  Trajectory time in fs      15.5000  >>>>>>>>>>>>>>>>>>>>>>>>>>>>>>>>
<<<<<<<<<<<<<<<<<<<<<<<<<<<<<<<<======================================>>>>>>>>>>>>>>>>>>>>>>>>>>>>>>>>
                                                        Start time: Mon Jul 27 16:45:23 2026
 
<<<<<<<<<<<<<<<<<<<<<<<<<<<<<<<<======================================>>>>>>>>>>>>>>>>>>>>>>>>>>>>>>>>
<<<<<<<<<<<<<<<<<<<<<<<<<<<<<<<<     Entering timestep         32     >>>>>>>>>>>>>>>>>>>>>>>>>>>>>>>>
<<<<<<<<<<<<<<<<<<<<<<<<<<<<<<<<  Trajectory time in fs      16.0000  >>>>>>>>>>>>>>>>>>>>>>>>>>>>>>>>
<<<<<<<<<<<<<<<<<<<<<<<<<<<<<<<<======================================>>>>>>>>>>>>>>>>>>>>>>>>>>>>>>>>
                                                        Start time: Mon Jul 27 16:45:59 2026
 
<<<<<<<<<<<<<<<<<<<<<<<<<<<<<<<<======================================>>>>>>>>>>>>>>>>>>>>>>>>>>>>>>>>
<<<<<<<<<<<<<<<<<<<<<<<<<<<<<<<<     Entering timestep         33     >>>>>>>>>>>>>>>>>>>>>>>>>>>>>>>>
<<<<<<<<<<<<<<<<<<<<<<<<<<<<<<<<  Trajectory time in fs      16.5000  >>>>>>>>>>>>>>>>>>>>>>>>>>>>>>>>
<<<<<<<<<<<<<<<<<<<<<<<<<<<<<<<<======================================>>>>>>>>>>>>>>>>>>>>>>>>>>>>>>>>
                                                        Start time: Mon Jul 27 16:46:35 2026
 
<<<<<<<<<<<<<<<<<<<<<<<<<<<<<<<<======================================>>>>>>>>>>>>>>>>>>>>>>>>>>>>>>>>
<<<<<<<<<<<<<<<<<<<<<<<<<<<<<<<<     Entering timestep         34     >>>>>>>>>>>>>>>>>>>>>>>>>>>>>>>>
<<<<<<<<<<<<<<<<<<<<<<<<<<<<<<<<  Trajectory time in fs      17.0000  >>>>>>>>>>>>>>>>>>>>>>>>>>>>>>>>
<<<<<<<<<<<<<<<<<<<<<<<<<<<<<<<<======================================>>>>>>>>>>>>>>>>>>>>>>>>>>>>>>>>
                                                        Start time: Mon Jul 27 16:47:12 2026
 
<<<<<<<<<<<<<<<<<<<<<<<<<<<<<<<<======================================>>>>>>>>>>>>>>>>>>>>>>>>>>>>>>>>
<<<<<<<<<<<<<<<<<<<<<<<<<<<<<<<<     Entering timestep         35     >>>>>>>>>>>>>>>>>>>>>>>>>>>>>>>>
<<<<<<<<<<<<<<<<<<<<<<<<<<<<<<<<  Trajectory time in fs      17.5000  >>>>>>>>>>>>>>>>>>>>>>>>>>>>>>>>
<<<<<<<<<<<<<<<<<<<<<<<<<<<<<<<<======================================>>>>>>>>>>>>>>>>>>>>>>>>>>>>>>>>
                                                        Start time: Mon Jul 27 16:47:39 2026
 
<<<<<<<<<<<<<<<<<<<<<<<<<<<<<<<<======================================>>>>>>>>>>>>>>>>>>>>>>>>>>>>>>>>
<<<<<<<<<<<<<<<<<<<<<<<<<<<<<<<<     Entering timestep         36     >>>>>>>>>>>>>>>>>>>>>>>>>>>>>>>>
<<<<<<<<<<<<<<<<<<<<<<<<<<<<<<<<  Trajectory time in fs      18.0000  >>>>>>>>>>>>>>>>>>>>>>>>>>>>>>>>
<<<<<<<<<<<<<<<<<<<<<<<<<<<<<<<<======================================>>>>>>>>>>>>>>>>>>>>>>>>>>>>>>>>
                                                        Start time: Mon Jul 27 16:48:54 2026
 
<<<<<<<<<<<<<<<<<<<<<<<<<<<<<<<<======================================>>>>>>>>>>>>>>>>>>>>>>>>>>>>>>>>
<<<<<<<<<<<<<<<<<<<<<<<<<<<<<<<<     Entering timestep         37     >>>>>>>>>>>>>>>>>>>>>>>>>>>>>>>>
<<<<<<<<<<<<<<<<<<<<<<<<<<<<<<<<  Trajectory time in fs      18.5000  >>>>>>>>>>>>>>>>>>>>>>>>>>>>>>>>
<<<<<<<<<<<<<<<<<<<<<<<<<<<<<<<<======================================>>>>>>>>>>>>>>>>>>>>>>>>>>>>>>>>
                                                        Start time: Mon Jul 27 16:49:32 2026
 
<<<<<<<<<<<<<<<<<<<<<<<<<<<<<<<<======================================>>>>>>>>>>>>>>>>>>>>>>>>>>>>>>>>
<<<<<<<<<<<<<<<<<<<<<<<<<<<<<<<<     Entering timestep         38     >>>>>>>>>>>>>>>>>>>>>>>>>>>>>>>>
<<<<<<<<<<<<<<<<<<<<<<<<<<<<<<<<  Trajectory time in fs      19.0000  >>>>>>>>>>>>>>>>>>>>>>>>>>>>>>>>
<<<<<<<<<<<<<<<<<<<<<<<<<<<<<<<<======================================>>>>>>>>>>>>>>>>>>>>>>>>>>>>>>>>
                                                        Start time: Mon Jul 27 16:50:04 2026
 
<<<<<<<<<<<<<<<<<<<<<<<<<<<<<<<<======================================>>>>>>>>>>>>>>>>>>>>>>>>>>>>>>>>
<<<<<<<<<<<<<<<<<<<<<<<<<<<<<<<<     Entering timestep         39     >>>>>>>>>>>>>>>>>>>>>>>>>>>>>>>>
<<<<<<<<<<<<<<<<<<<<<<<<<<<<<<<<  Trajectory time in fs      19.5000  >>>>>>>>>>>>>>>>>>>>>>>>>>>>>>>>
<<<<<<<<<<<<<<<<<<<<<<<<<<<<<<<<======================================>>>>>>>>>>>>>>>>>>>>>>>>>>>>>>>>
                                                        Start time: Mon Jul 27 16:50:40 2026
 
<<<<<<<<<<<<<<<<<<<<<<<<<<<<<<<<======================================>>>>>>>>>>>>>>>>>>>>>>>>>>>>>>>>
<<<<<<<<<<<<<<<<<<<<<<<<<<<<<<<<     Entering timestep         40     >>>>>>>>>>>>>>>>>>>>>>>>>>>>>>>>
<<<<<<<<<<<<<<<<<<<<<<<<<<<<<<<<  Trajectory time in fs      20.0000  >>>>>>>>>>>>>>>>>>>>>>>>>>>>>>>>
<<<<<<<<<<<<<<<<<<<<<<<<<<<<<<<<======================================>>>>>>>>>>>>>>>>>>>>>>>>>>>>>>>>
                                                        Start time: Mon Jul 27 16:51:54 2026
 
<<<<<<<<<<<<<<<<<<<<<<<<<<<<<<<<======================================>>>>>>>>>>>>>>>>>>>>>>>>>>>>>>>>
<<<<<<<<<<<<<<<<<<<<<<<<<<<<<<<<     Entering timestep         41     >>>>>>>>>>>>>>>>>>>>>>>>>>>>>>>>
<<<<<<<<<<<<<<<<<<<<<<<<<<<<<<<<  Trajectory time in fs      20.5000  >>>>>>>>>>>>>>>>>>>>>>>>>>>>>>>>
<<<<<<<<<<<<<<<<<<<<<<<<<<<<<<<<======================================>>>>>>>>>>>>>>>>>>>>>>>>>>>>>>>>
                                                        Start time: Mon Jul 27 16:52:36 2026
 
<<<<<<<<<<<<<<<<<<<<<<<<<<<<<<<<======================================>>>>>>>>>>>>>>>>>>>>>>>>>>>>>>>>
<<<<<<<<<<<<<<<<<<<<<<<<<<<<<<<<     Entering timestep         42     >>>>>>>>>>>>>>>>>>>>>>>>>>>>>>>>
<<<<<<<<<<<<<<<<<<<<<<<<<<<<<<<<  Trajectory time in fs      21.0000  >>>>>>>>>>>>>>>>>>>>>>>>>>>>>>>>
<<<<<<<<<<<<<<<<<<<<<<<<<<<<<<<<======================================>>>>>>>>>>>>>>>>>>>>>>>>>>>>>>>>
                                                        Start time: Mon Jul 27 16:53:17 2026
 
<<<<<<<<<<<<<<<<<<<<<<<<<<<<<<<<======================================>>>>>>>>>>>>>>>>>>>>>>>>>>>>>>>>
<<<<<<<<<<<<<<<<<<<<<<<<<<<<<<<<     Entering timestep         43     >>>>>>>>>>>>>>>>>>>>>>>>>>>>>>>>
<<<<<<<<<<<<<<<<<<<<<<<<<<<<<<<<  Trajectory time in fs      21.5000  >>>>>>>>>>>>>>>>>>>>>>>>>>>>>>>>
<<<<<<<<<<<<<<<<<<<<<<<<<<<<<<<<======================================>>>>>>>>>>>>>>>>>>>>>>>>>>>>>>>>
                                                        Start time: Mon Jul 27 16:53:48 2026
 
<<<<<<<<<<<<<<<<<<<<<<<<<<<<<<<<======================================>>>>>>>>>>>>>>>>>>>>>>>>>>>>>>>>
<<<<<<<<<<<<<<<<<<<<<<<<<<<<<<<<     Entering timestep         44     >>>>>>>>>>>>>>>>>>>>>>>>>>>>>>>>
<<<<<<<<<<<<<<<<<<<<<<<<<<<<<<<<  Trajectory time in fs      22.0000  >>>>>>>>>>>>>>>>>>>>>>>>>>>>>>>>
<<<<<<<<<<<<<<<<<<<<<<<<<<<<<<<<======================================>>>>>>>>>>>>>>>>>>>>>>>>>>>>>>>>
                                                        Start time: Mon Jul 27 16:54:19 2026
 
<<<<<<<<<<<<<<<<<<<<<<<<<<<<<<<<======================================>>>>>>>>>>>>>>>>>>>>>>>>>>>>>>>>
<<<<<<<<<<<<<<<<<<<<<<<<<<<<<<<<     Entering timestep         45     >>>>>>>>>>>>>>>>>>>>>>>>>>>>>>>>
<<<<<<<<<<<<<<<<<<<<<<<<<<<<<<<<  Trajectory time in fs      22.5000  >>>>>>>>>>>>>>>>>>>>>>>>>>>>>>>>
<<<<<<<<<<<<<<<<<<<<<<<<<<<<<<<<======================================>>>>>>>>>>>>>>>>>>>>>>>>>>>>>>>>
                                                        Start time: Mon Jul 27 16:54:46 2026
 
<<<<<<<<<<<<<<<<<<<<<<<<<<<<<<<<======================================>>>>>>>>>>>>>>>>>>>>>>>>>>>>>>>>
<<<<<<<<<<<<<<<<<<<<<<<<<<<<<<<<     Entering timestep         46     >>>>>>>>>>>>>>>>>>>>>>>>>>>>>>>>
<<<<<<<<<<<<<<<<<<<<<<<<<<<<<<<<  Trajectory time in fs      23.0000  >>>>>>>>>>>>>>>>>>>>>>>>>>>>>>>>
<<<<<<<<<<<<<<<<<<<<<<<<<<<<<<<<======================================>>>>>>>>>>>>>>>>>>>>>>>>>>>>>>>>
                                                        Start time: Mon Jul 27 16:55:18 2026
 
<<<<<<<<<<<<<<<<<<<<<<<<<<<<<<<<======================================>>>>>>>>>>>>>>>>>>>>>>>>>>>>>>>>
<<<<<<<<<<<<<<<<<<<<<<<<<<<<<<<<     Entering timestep         47     >>>>>>>>>>>>>>>>>>>>>>>>>>>>>>>>
<<<<<<<<<<<<<<<<<<<<<<<<<<<<<<<<  Trajectory time in fs      23.5000  >>>>>>>>>>>>>>>>>>>>>>>>>>>>>>>>
<<<<<<<<<<<<<<<<<<<<<<<<<<<<<<<<======================================>>>>>>>>>>>>>>>>>>>>>>>>>>>>>>>>
                                                        Start time: Mon Jul 27 16:55:46 2026
 
<<<<<<<<<<<<<<<<<<<<<<<<<<<<<<<<======================================>>>>>>>>>>>>>>>>>>>>>>>>>>>>>>>>
<<<<<<<<<<<<<<<<<<<<<<<<<<<<<<<<     Entering timestep         48     >>>>>>>>>>>>>>>>>>>>>>>>>>>>>>>>
<<<<<<<<<<<<<<<<<<<<<<<<<<<<<<<<  Trajectory time in fs      24.0000  >>>>>>>>>>>>>>>>>>>>>>>>>>>>>>>>
<<<<<<<<<<<<<<<<<<<<<<<<<<<<<<<<======================================>>>>>>>>>>>>>>>>>>>>>>>>>>>>>>>>
                                                        Start time: Mon Jul 27 16:56:13 2026
 
<<<<<<<<<<<<<<<<<<<<<<<<<<<<<<<<======================================>>>>>>>>>>>>>>>>>>>>>>>>>>>>>>>>
<<<<<<<<<<<<<<<<<<<<<<<<<<<<<<<<     Entering timestep         49     >>>>>>>>>>>>>>>>>>>>>>>>>>>>>>>>
<<<<<<<<<<<<<<<<<<<<<<<<<<<<<<<<  Trajectory time in fs      24.5000  >>>>>>>>>>>>>>>>>>>>>>>>>>>>>>>>
<<<<<<<<<<<<<<<<<<<<<<<<<<<<<<<<======================================>>>>>>>>>>>>>>>>>>>>>>>>>>>>>>>>
                                                        Start time: Mon Jul 27 16:56:35 2026
 
<<<<<<<<<<<<<<<<<<<<<<<<<<<<<<<<======================================>>>>>>>>>>>>>>>>>>>>>>>>>>>>>>>>
<<<<<<<<<<<<<<<<<<<<<<<<<<<<<<<<     Entering timestep         50     >>>>>>>>>>>>>>>>>>>>>>>>>>>>>>>>
<<<<<<<<<<<<<<<<<<<<<<<<<<<<<<<<  Trajectory time in fs      25.0000  >>>>>>>>>>>>>>>>>>>>>>>>>>>>>>>>
<<<<<<<<<<<<<<<<<<<<<<<<<<<<<<<<======================================>>>>>>>>>>>>>>>>>>>>>>>>>>>>>>>>
                                                        Start time: Mon Jul 27 16:57:17 2026
 
<<<<<<<<<<<<<<<<<<<<<<<<<<<<<<<<======================================>>>>>>>>>>>>>>>>>>>>>>>>>>>>>>>>
<<<<<<<<<<<<<<<<<<<<<<<<<<<<<<<<     Entering timestep         51     >>>>>>>>>>>>>>>>>>>>>>>>>>>>>>>>
<<<<<<<<<<<<<<<<<<<<<<<<<<<<<<<<  Trajectory time in fs      25.5000  >>>>>>>>>>>>>>>>>>>>>>>>>>>>>>>>
<<<<<<<<<<<<<<<<<<<<<<<<<<<<<<<<======================================>>>>>>>>>>>>>>>>>>>>>>>>>>>>>>>>
                                                        Start time: Mon Jul 27 16:57:46 2026
 
<<<<<<<<<<<<<<<<<<<<<<<<<<<<<<<<======================================>>>>>>>>>>>>>>>>>>>>>>>>>>>>>>>>
<<<<<<<<<<<<<<<<<<<<<<<<<<<<<<<<     Entering timestep         52     >>>>>>>>>>>>>>>>>>>>>>>>>>>>>>>>
<<<<<<<<<<<<<<<<<<<<<<<<<<<<<<<<  Trajectory time in fs      26.0000  >>>>>>>>>>>>>>>>>>>>>>>>>>>>>>>>
<<<<<<<<<<<<<<<<<<<<<<<<<<<<<<<<======================================>>>>>>>>>>>>>>>>>>>>>>>>>>>>>>>>
                                                        Start time: Mon Jul 27 16:58:26 2026
 
<<<<<<<<<<<<<<<<<<<<<<<<<<<<<<<<======================================>>>>>>>>>>>>>>>>>>>>>>>>>>>>>>>>
<<<<<<<<<<<<<<<<<<<<<<<<<<<<<<<<     Entering timestep         53     >>>>>>>>>>>>>>>>>>>>>>>>>>>>>>>>
<<<<<<<<<<<<<<<<<<<<<<<<<<<<<<<<  Trajectory time in fs      26.5000  >>>>>>>>>>>>>>>>>>>>>>>>>>>>>>>>
<<<<<<<<<<<<<<<<<<<<<<<<<<<<<<<<======================================>>>>>>>>>>>>>>>>>>>>>>>>>>>>>>>>
                                                        Start time: Mon Jul 27 16:59:04 2026
 
<<<<<<<<<<<<<<<<<<<<<<<<<<<<<<<<======================================>>>>>>>>>>>>>>>>>>>>>>>>>>>>>>>>
<<<<<<<<<<<<<<<<<<<<<<<<<<<<<<<<     Entering timestep         54     >>>>>>>>>>>>>>>>>>>>>>>>>>>>>>>>
<<<<<<<<<<<<<<<<<<<<<<<<<<<<<<<<  Trajectory time in fs      27.0000  >>>>>>>>>>>>>>>>>>>>>>>>>>>>>>>>
<<<<<<<<<<<<<<<<<<<<<<<<<<<<<<<<======================================>>>>>>>>>>>>>>>>>>>>>>>>>>>>>>>>
                                                        Start time: Mon Jul 27 16:59:33 2026
 
<<<<<<<<<<<<<<<<<<<<<<<<<<<<<<<<======================================>>>>>>>>>>>>>>>>>>>>>>>>>>>>>>>>
<<<<<<<<<<<<<<<<<<<<<<<<<<<<<<<<     Entering timestep         55     >>>>>>>>>>>>>>>>>>>>>>>>>>>>>>>>
<<<<<<<<<<<<<<<<<<<<<<<<<<<<<<<<  Trajectory time in fs      27.5000  >>>>>>>>>>>>>>>>>>>>>>>>>>>>>>>>
<<<<<<<<<<<<<<<<<<<<<<<<<<<<<<<<======================================>>>>>>>>>>>>>>>>>>>>>>>>>>>>>>>>
                                                        Start time: Mon Jul 27 17:00:42 2026
 
<<<<<<<<<<<<<<<<<<<<<<<<<<<<<<<<======================================>>>>>>>>>>>>>>>>>>>>>>>>>>>>>>>>
<<<<<<<<<<<<<<<<<<<<<<<<<<<<<<<<     Entering timestep         56     >>>>>>>>>>>>>>>>>>>>>>>>>>>>>>>>
<<<<<<<<<<<<<<<<<<<<<<<<<<<<<<<<  Trajectory time in fs      28.0000  >>>>>>>>>>>>>>>>>>>>>>>>>>>>>>>>
<<<<<<<<<<<<<<<<<<<<<<<<<<<<<<<<======================================>>>>>>>>>>>>>>>>>>>>>>>>>>>>>>>>
                                                        Start time: Mon Jul 27 17:01:26 2026
 
<<<<<<<<<<<<<<<<<<<<<<<<<<<<<<<<======================================>>>>>>>>>>>>>>>>>>>>>>>>>>>>>>>>
<<<<<<<<<<<<<<<<<<<<<<<<<<<<<<<<     Entering timestep         57     >>>>>>>>>>>>>>>>>>>>>>>>>>>>>>>>
<<<<<<<<<<<<<<<<<<<<<<<<<<<<<<<<  Trajectory time in fs      28.5000  >>>>>>>>>>>>>>>>>>>>>>>>>>>>>>>>
<<<<<<<<<<<<<<<<<<<<<<<<<<<<<<<<======================================>>>>>>>>>>>>>>>>>>>>>>>>>>>>>>>>
                                                        Start time: Mon Jul 27 17:02:04 2026
 
<<<<<<<<<<<<<<<<<<<<<<<<<<<<<<<<======================================>>>>>>>>>>>>>>>>>>>>>>>>>>>>>>>>
<<<<<<<<<<<<<<<<<<<<<<<<<<<<<<<<     Entering timestep         58     >>>>>>>>>>>>>>>>>>>>>>>>>>>>>>>>
<<<<<<<<<<<<<<<<<<<<<<<<<<<<<<<<  Trajectory time in fs      29.0000  >>>>>>>>>>>>>>>>>>>>>>>>>>>>>>>>
<<<<<<<<<<<<<<<<<<<<<<<<<<<<<<<<======================================>>>>>>>>>>>>>>>>>>>>>>>>>>>>>>>>
                                                        Start time: Mon Jul 27 17:02:43 2026
 
<<<<<<<<<<<<<<<<<<<<<<<<<<<<<<<<======================================>>>>>>>>>>>>>>>>>>>>>>>>>>>>>>>>
<<<<<<<<<<<<<<<<<<<<<<<<<<<<<<<<     Entering timestep         59     >>>>>>>>>>>>>>>>>>>>>>>>>>>>>>>>
<<<<<<<<<<<<<<<<<<<<<<<<<<<<<<<<  Trajectory time in fs      29.5000  >>>>>>>>>>>>>>>>>>>>>>>>>>>>>>>>
<<<<<<<<<<<<<<<<<<<<<<<<<<<<<<<<======================================>>>>>>>>>>>>>>>>>>>>>>>>>>>>>>>>
                                                        Start time: Mon Jul 27 17:03:26 2026
 
<<<<<<<<<<<<<<<<<<<<<<<<<<<<<<<<======================================>>>>>>>>>>>>>>>>>>>>>>>>>>>>>>>>
<<<<<<<<<<<<<<<<<<<<<<<<<<<<<<<<     Entering timestep         60     >>>>>>>>>>>>>>>>>>>>>>>>>>>>>>>>
<<<<<<<<<<<<<<<<<<<<<<<<<<<<<<<<  Trajectory time in fs      30.0000  >>>>>>>>>>>>>>>>>>>>>>>>>>>>>>>>
<<<<<<<<<<<<<<<<<<<<<<<<<<<<<<<<======================================>>>>>>>>>>>>>>>>>>>>>>>>>>>>>>>>
                                                        Start time: Mon Jul 27 17:03:58 2026
 
<<<<<<<<<<<<<<<<<<<<<<<<<<<<<<<<======================================>>>>>>>>>>>>>>>>>>>>>>>>>>>>>>>>
<<<<<<<<<<<<<<<<<<<<<<<<<<<<<<<<     Entering timestep         61     >>>>>>>>>>>>>>>>>>>>>>>>>>>>>>>>
<<<<<<<<<<<<<<<<<<<<<<<<<<<<<<<<  Trajectory time in fs      30.5000  >>>>>>>>>>>>>>>>>>>>>>>>>>>>>>>>
<<<<<<<<<<<<<<<<<<<<<<<<<<<<<<<<======================================>>>>>>>>>>>>>>>>>>>>>>>>>>>>>>>>
                                                        Start time: Mon Jul 27 17:04:27 2026
 
<<<<<<<<<<<<<<<<<<<<<<<<<<<<<<<<======================================>>>>>>>>>>>>>>>>>>>>>>>>>>>>>>>>
<<<<<<<<<<<<<<<<<<<<<<<<<<<<<<<<     Entering timestep         62     >>>>>>>>>>>>>>>>>>>>>>>>>>>>>>>>
<<<<<<<<<<<<<<<<<<<<<<<<<<<<<<<<  Trajectory time in fs      31.0000  >>>>>>>>>>>>>>>>>>>>>>>>>>>>>>>>
<<<<<<<<<<<<<<<<<<<<<<<<<<<<<<<<======================================>>>>>>>>>>>>>>>>>>>>>>>>>>>>>>>>
                                                        Start time: Mon Jul 27 17:05:04 2026
 
<<<<<<<<<<<<<<<<<<<<<<<<<<<<<<<<======================================>>>>>>>>>>>>>>>>>>>>>>>>>>>>>>>>
<<<<<<<<<<<<<<<<<<<<<<<<<<<<<<<<     Entering timestep         63     >>>>>>>>>>>>>>>>>>>>>>>>>>>>>>>>
<<<<<<<<<<<<<<<<<<<<<<<<<<<<<<<<  Trajectory time in fs      31.5000  >>>>>>>>>>>>>>>>>>>>>>>>>>>>>>>>
<<<<<<<<<<<<<<<<<<<<<<<<<<<<<<<<======================================>>>>>>>>>>>>>>>>>>>>>>>>>>>>>>>>
                                                        Start time: Mon Jul 27 17:05:38 2026
 
<<<<<<<<<<<<<<<<<<<<<<<<<<<<<<<<======================================>>>>>>>>>>>>>>>>>>>>>>>>>>>>>>>>
<<<<<<<<<<<<<<<<<<<<<<<<<<<<<<<<     Entering timestep         64     >>>>>>>>>>>>>>>>>>>>>>>>>>>>>>>>
<<<<<<<<<<<<<<<<<<<<<<<<<<<<<<<<  Trajectory time in fs      32.0000  >>>>>>>>>>>>>>>>>>>>>>>>>>>>>>>>
<<<<<<<<<<<<<<<<<<<<<<<<<<<<<<<<======================================>>>>>>>>>>>>>>>>>>>>>>>>>>>>>>>>
                                                        Start time: Mon Jul 27 17:06:14 2026
 
<<<<<<<<<<<<<<<<<<<<<<<<<<<<<<<<======================================>>>>>>>>>>>>>>>>>>>>>>>>>>>>>>>>
<<<<<<<<<<<<<<<<<<<<<<<<<<<<<<<<     Entering timestep         65     >>>>>>>>>>>>>>>>>>>>>>>>>>>>>>>>
<<<<<<<<<<<<<<<<<<<<<<<<<<<<<<<<  Trajectory time in fs      32.5000  >>>>>>>>>>>>>>>>>>>>>>>>>>>>>>>>
<<<<<<<<<<<<<<<<<<<<<<<<<<<<<<<<======================================>>>>>>>>>>>>>>>>>>>>>>>>>>>>>>>>
                                                        Start time: Mon Jul 27 17:06:47 2026
 
<<<<<<<<<<<<<<<<<<<<<<<<<<<<<<<<======================================>>>>>>>>>>>>>>>>>>>>>>>>>>>>>>>>
<<<<<<<<<<<<<<<<<<<<<<<<<<<<<<<<     Entering timestep         66     >>>>>>>>>>>>>>>>>>>>>>>>>>>>>>>>
<<<<<<<<<<<<<<<<<<<<<<<<<<<<<<<<  Trajectory time in fs      33.0000  >>>>>>>>>>>>>>>>>>>>>>>>>>>>>>>>
<<<<<<<<<<<<<<<<<<<<<<<<<<<<<<<<======================================>>>>>>>>>>>>>>>>>>>>>>>>>>>>>>>>
                                                        Start time: Mon Jul 27 17:07:20 2026
 
<<<<<<<<<<<<<<<<<<<<<<<<<<<<<<<<======================================>>>>>>>>>>>>>>>>>>>>>>>>>>>>>>>>
<<<<<<<<<<<<<<<<<<<<<<<<<<<<<<<<     Entering timestep         67     >>>>>>>>>>>>>>>>>>>>>>>>>>>>>>>>
<<<<<<<<<<<<<<<<<<<<<<<<<<<<<<<<  Trajectory time in fs      33.5000  >>>>>>>>>>>>>>>>>>>>>>>>>>>>>>>>
<<<<<<<<<<<<<<<<<<<<<<<<<<<<<<<<======================================>>>>>>>>>>>>>>>>>>>>>>>>>>>>>>>>
                                                        Start time: Mon Jul 27 17:07:51 2026
 
<<<<<<<<<<<<<<<<<<<<<<<<<<<<<<<<======================================>>>>>>>>>>>>>>>>>>>>>>>>>>>>>>>>
<<<<<<<<<<<<<<<<<<<<<<<<<<<<<<<<     Entering timestep         68     >>>>>>>>>>>>>>>>>>>>>>>>>>>>>>>>
<<<<<<<<<<<<<<<<<<<<<<<<<<<<<<<<  Trajectory time in fs      34.0000  >>>>>>>>>>>>>>>>>>>>>>>>>>>>>>>>
<<<<<<<<<<<<<<<<<<<<<<<<<<<<<<<<======================================>>>>>>>>>>>>>>>>>>>>>>>>>>>>>>>>
                                                        Start time: Mon Jul 27 17:08:25 2026
 
<<<<<<<<<<<<<<<<<<<<<<<<<<<<<<<<======================================>>>>>>>>>>>>>>>>>>>>>>>>>>>>>>>>
<<<<<<<<<<<<<<<<<<<<<<<<<<<<<<<<     Entering timestep         69     >>>>>>>>>>>>>>>>>>>>>>>>>>>>>>>>
<<<<<<<<<<<<<<<<<<<<<<<<<<<<<<<<  Trajectory time in fs      34.5000  >>>>>>>>>>>>>>>>>>>>>>>>>>>>>>>>
<<<<<<<<<<<<<<<<<<<<<<<<<<<<<<<<======================================>>>>>>>>>>>>>>>>>>>>>>>>>>>>>>>>
                                                        Start time: Mon Jul 27 17:09:31 2026
 
<<<<<<<<<<<<<<<<<<<<<<<<<<<<<<<<======================================>>>>>>>>>>>>>>>>>>>>>>>>>>>>>>>>
<<<<<<<<<<<<<<<<<<<<<<<<<<<<<<<<     Entering timestep         70     >>>>>>>>>>>>>>>>>>>>>>>>>>>>>>>>
<<<<<<<<<<<<<<<<<<<<<<<<<<<<<<<<  Trajectory time in fs      35.0000  >>>>>>>>>>>>>>>>>>>>>>>>>>>>>>>>
<<<<<<<<<<<<<<<<<<<<<<<<<<<<<<<<======================================>>>>>>>>>>>>>>>>>>>>>>>>>>>>>>>>
                                                        Start time: Mon Jul 27 17:10:25 2026
 
<<<<<<<<<<<<<<<<<<<<<<<<<<<<<<<<======================================>>>>>>>>>>>>>>>>>>>>>>>>>>>>>>>>
<<<<<<<<<<<<<<<<<<<<<<<<<<<<<<<<     Entering timestep         71     >>>>>>>>>>>>>>>>>>>>>>>>>>>>>>>>
<<<<<<<<<<<<<<<<<<<<<<<<<<<<<<<<  Trajectory time in fs      35.5000  >>>>>>>>>>>>>>>>>>>>>>>>>>>>>>>>
<<<<<<<<<<<<<<<<<<<<<<<<<<<<<<<<======================================>>>>>>>>>>>>>>>>>>>>>>>>>>>>>>>>
                                                        Start time: Mon Jul 27 17:11:01 2026
 
<<<<<<<<<<<<<<<<<<<<<<<<<<<<<<<<======================================>>>>>>>>>>>>>>>>>>>>>>>>>>>>>>>>
<<<<<<<<<<<<<<<<<<<<<<<<<<<<<<<<     Entering timestep         72     >>>>>>>>>>>>>>>>>>>>>>>>>>>>>>>>
<<<<<<<<<<<<<<<<<<<<<<<<<<<<<<<<  Trajectory time in fs      36.0000  >>>>>>>>>>>>>>>>>>>>>>>>>>>>>>>>
<<<<<<<<<<<<<<<<<<<<<<<<<<<<<<<<======================================>>>>>>>>>>>>>>>>>>>>>>>>>>>>>>>>
                                                        Start time: Mon Jul 27 17:11:37 2026
 
<<<<<<<<<<<<<<<<<<<<<<<<<<<<<<<<======================================>>>>>>>>>>>>>>>>>>>>>>>>>>>>>>>>
<<<<<<<<<<<<<<<<<<<<<<<<<<<<<<<<     Entering timestep         73     >>>>>>>>>>>>>>>>>>>>>>>>>>>>>>>>
<<<<<<<<<<<<<<<<<<<<<<<<<<<<<<<<  Trajectory time in fs      36.5000  >>>>>>>>>>>>>>>>>>>>>>>>>>>>>>>>
<<<<<<<<<<<<<<<<<<<<<<<<<<<<<<<<======================================>>>>>>>>>>>>>>>>>>>>>>>>>>>>>>>>
                                                        Start time: Mon Jul 27 17:12:14 2026
 
<<<<<<<<<<<<<<<<<<<<<<<<<<<<<<<<======================================>>>>>>>>>>>>>>>>>>>>>>>>>>>>>>>>
<<<<<<<<<<<<<<<<<<<<<<<<<<<<<<<<     Entering timestep         74     >>>>>>>>>>>>>>>>>>>>>>>>>>>>>>>>
<<<<<<<<<<<<<<<<<<<<<<<<<<<<<<<<  Trajectory time in fs      37.0000  >>>>>>>>>>>>>>>>>>>>>>>>>>>>>>>>
<<<<<<<<<<<<<<<<<<<<<<<<<<<<<<<<======================================>>>>>>>>>>>>>>>>>>>>>>>>>>>>>>>>
                                                        Start time: Mon Jul 27 17:12:45 2026
 
<<<<<<<<<<<<<<<<<<<<<<<<<<<<<<<<======================================>>>>>>>>>>>>>>>>>>>>>>>>>>>>>>>>
<<<<<<<<<<<<<<<<<<<<<<<<<<<<<<<<     Entering timestep         75     >>>>>>>>>>>>>>>>>>>>>>>>>>>>>>>>
<<<<<<<<<<<<<<<<<<<<<<<<<<<<<<<<  Trajectory time in fs      37.5000  >>>>>>>>>>>>>>>>>>>>>>>>>>>>>>>>
<<<<<<<<<<<<<<<<<<<<<<<<<<<<<<<<======================================>>>>>>>>>>>>>>>>>>>>>>>>>>>>>>>>
                                                        Start time: Mon Jul 27 17:13:18 2026
 
<<<<<<<<<<<<<<<<<<<<<<<<<<<<<<<<======================================>>>>>>>>>>>>>>>>>>>>>>>>>>>>>>>>
<<<<<<<<<<<<<<<<<<<<<<<<<<<<<<<<     Entering timestep         76     >>>>>>>>>>>>>>>>>>>>>>>>>>>>>>>>
<<<<<<<<<<<<<<<<<<<<<<<<<<<<<<<<  Trajectory time in fs      38.0000  >>>>>>>>>>>>>>>>>>>>>>>>>>>>>>>>
<<<<<<<<<<<<<<<<<<<<<<<<<<<<<<<<======================================>>>>>>>>>>>>>>>>>>>>>>>>>>>>>>>>
                                                        Start time: Mon Jul 27 17:13:52 2026
 
<<<<<<<<<<<<<<<<<<<<<<<<<<<<<<<<======================================>>>>>>>>>>>>>>>>>>>>>>>>>>>>>>>>
<<<<<<<<<<<<<<<<<<<<<<<<<<<<<<<<     Entering timestep         77     >>>>>>>>>>>>>>>>>>>>>>>>>>>>>>>>
<<<<<<<<<<<<<<<<<<<<<<<<<<<<<<<<  Trajectory time in fs      38.5000  >>>>>>>>>>>>>>>>>>>>>>>>>>>>>>>>
<<<<<<<<<<<<<<<<<<<<<<<<<<<<<<<<======================================>>>>>>>>>>>>>>>>>>>>>>>>>>>>>>>>
                                                        Start time: Mon Jul 27 17:14:28 2026
 
<<<<<<<<<<<<<<<<<<<<<<<<<<<<<<<<======================================>>>>>>>>>>>>>>>>>>>>>>>>>>>>>>>>
<<<<<<<<<<<<<<<<<<<<<<<<<<<<<<<<     Entering timestep         78     >>>>>>>>>>>>>>>>>>>>>>>>>>>>>>>>
<<<<<<<<<<<<<<<<<<<<<<<<<<<<<<<<  Trajectory time in fs      39.0000  >>>>>>>>>>>>>>>>>>>>>>>>>>>>>>>>
<<<<<<<<<<<<<<<<<<<<<<<<<<<<<<<<======================================>>>>>>>>>>>>>>>>>>>>>>>>>>>>>>>>
                                                        Start time: Mon Jul 27 17:15:39 2026
 
<<<<<<<<<<<<<<<<<<<<<<<<<<<<<<<<======================================>>>>>>>>>>>>>>>>>>>>>>>>>>>>>>>>
<<<<<<<<<<<<<<<<<<<<<<<<<<<<<<<<     Entering timestep         79     >>>>>>>>>>>>>>>>>>>>>>>>>>>>>>>>
<<<<<<<<<<<<<<<<<<<<<<<<<<<<<<<<  Trajectory time in fs      39.5000  >>>>>>>>>>>>>>>>>>>>>>>>>>>>>>>>
<<<<<<<<<<<<<<<<<<<<<<<<<<<<<<<<======================================>>>>>>>>>>>>>>>>>>>>>>>>>>>>>>>>
                                                        Start time: Mon Jul 27 17:16:17 2026
 
<<<<<<<<<<<<<<<<<<<<<<<<<<<<<<<<======================================>>>>>>>>>>>>>>>>>>>>>>>>>>>>>>>>
<<<<<<<<<<<<<<<<<<<<<<<<<<<<<<<<     Entering timestep         80     >>>>>>>>>>>>>>>>>>>>>>>>>>>>>>>>
<<<<<<<<<<<<<<<<<<<<<<<<<<<<<<<<  Trajectory time in fs      40.0000  >>>>>>>>>>>>>>>>>>>>>>>>>>>>>>>>
<<<<<<<<<<<<<<<<<<<<<<<<<<<<<<<<======================================>>>>>>>>>>>>>>>>>>>>>>>>>>>>>>>>
                                                        Start time: Mon Jul 27 17:17:02 2026
 
<<<<<<<<<<<<<<<<<<<<<<<<<<<<<<<<======================================>>>>>>>>>>>>>>>>>>>>>>>>>>>>>>>>
<<<<<<<<<<<<<<<<<<<<<<<<<<<<<<<<     Entering timestep         81     >>>>>>>>>>>>>>>>>>>>>>>>>>>>>>>>
<<<<<<<<<<<<<<<<<<<<<<<<<<<<<<<<  Trajectory time in fs      40.5000  >>>>>>>>>>>>>>>>>>>>>>>>>>>>>>>>
<<<<<<<<<<<<<<<<<<<<<<<<<<<<<<<<======================================>>>>>>>>>>>>>>>>>>>>>>>>>>>>>>>>
                                                        Start time: Mon Jul 27 17:17:37 2026
 
<<<<<<<<<<<<<<<<<<<<<<<<<<<<<<<<======================================>>>>>>>>>>>>>>>>>>>>>>>>>>>>>>>>
<<<<<<<<<<<<<<<<<<<<<<<<<<<<<<<<     Entering timestep         82     >>>>>>>>>>>>>>>>>>>>>>>>>>>>>>>>
<<<<<<<<<<<<<<<<<<<<<<<<<<<<<<<<  Trajectory time in fs      41.0000  >>>>>>>>>>>>>>>>>>>>>>>>>>>>>>>>
<<<<<<<<<<<<<<<<<<<<<<<<<<<<<<<<======================================>>>>>>>>>>>>>>>>>>>>>>>>>>>>>>>>
                                                        Start time: Mon Jul 27 17:18:06 2026
 
<<<<<<<<<<<<<<<<<<<<<<<<<<<<<<<<======================================>>>>>>>>>>>>>>>>>>>>>>>>>>>>>>>>
<<<<<<<<<<<<<<<<<<<<<<<<<<<<<<<<     Entering timestep         83     >>>>>>>>>>>>>>>>>>>>>>>>>>>>>>>>
<<<<<<<<<<<<<<<<<<<<<<<<<<<<<<<<  Trajectory time in fs      41.5000  >>>>>>>>>>>>>>>>>>>>>>>>>>>>>>>>
<<<<<<<<<<<<<<<<<<<<<<<<<<<<<<<<======================================>>>>>>>>>>>>>>>>>>>>>>>>>>>>>>>>
                                                        Start time: Mon Jul 27 17:18:47 2026
 
<<<<<<<<<<<<<<<<<<<<<<<<<<<<<<<<======================================>>>>>>>>>>>>>>>>>>>>>>>>>>>>>>>>
<<<<<<<<<<<<<<<<<<<<<<<<<<<<<<<<     Entering timestep         84     >>>>>>>>>>>>>>>>>>>>>>>>>>>>>>>>
<<<<<<<<<<<<<<<<<<<<<<<<<<<<<<<<  Trajectory time in fs      42.0000  >>>>>>>>>>>>>>>>>>>>>>>>>>>>>>>>
<<<<<<<<<<<<<<<<<<<<<<<<<<<<<<<<======================================>>>>>>>>>>>>>>>>>>>>>>>>>>>>>>>>
                                                        Start time: Mon Jul 27 17:19:57 2026
 
<<<<<<<<<<<<<<<<<<<<<<<<<<<<<<<<======================================>>>>>>>>>>>>>>>>>>>>>>>>>>>>>>>>
<<<<<<<<<<<<<<<<<<<<<<<<<<<<<<<<     Entering timestep         85     >>>>>>>>>>>>>>>>>>>>>>>>>>>>>>>>
<<<<<<<<<<<<<<<<<<<<<<<<<<<<<<<<  Trajectory time in fs      42.5000  >>>>>>>>>>>>>>>>>>>>>>>>>>>>>>>>
<<<<<<<<<<<<<<<<<<<<<<<<<<<<<<<<======================================>>>>>>>>>>>>>>>>>>>>>>>>>>>>>>>>
                                                        Start time: Mon Jul 27 17:20:42 2026
 
<<<<<<<<<<<<<<<<<<<<<<<<<<<<<<<<======================================>>>>>>>>>>>>>>>>>>>>>>>>>>>>>>>>
<<<<<<<<<<<<<<<<<<<<<<<<<<<<<<<<     Entering timestep         86     >>>>>>>>>>>>>>>>>>>>>>>>>>>>>>>>
<<<<<<<<<<<<<<<<<<<<<<<<<<<<<<<<  Trajectory time in fs      43.0000  >>>>>>>>>>>>>>>>>>>>>>>>>>>>>>>>
<<<<<<<<<<<<<<<<<<<<<<<<<<<<<<<<======================================>>>>>>>>>>>>>>>>>>>>>>>>>>>>>>>>
                                                        Start time: Mon Jul 27 17:21:26 2026
 
<<<<<<<<<<<<<<<<<<<<<<<<<<<<<<<<======================================>>>>>>>>>>>>>>>>>>>>>>>>>>>>>>>>
<<<<<<<<<<<<<<<<<<<<<<<<<<<<<<<<     Entering timestep         87     >>>>>>>>>>>>>>>>>>>>>>>>>>>>>>>>
<<<<<<<<<<<<<<<<<<<<<<<<<<<<<<<<  Trajectory time in fs      43.5000  >>>>>>>>>>>>>>>>>>>>>>>>>>>>>>>>
<<<<<<<<<<<<<<<<<<<<<<<<<<<<<<<<======================================>>>>>>>>>>>>>>>>>>>>>>>>>>>>>>>>
                                                        Start time: Mon Jul 27 17:21:52 2026
 
<<<<<<<<<<<<<<<<<<<<<<<<<<<<<<<<======================================>>>>>>>>>>>>>>>>>>>>>>>>>>>>>>>>
<<<<<<<<<<<<<<<<<<<<<<<<<<<<<<<<     Entering timestep         88     >>>>>>>>>>>>>>>>>>>>>>>>>>>>>>>>
<<<<<<<<<<<<<<<<<<<<<<<<<<<<<<<<  Trajectory time in fs      44.0000  >>>>>>>>>>>>>>>>>>>>>>>>>>>>>>>>
<<<<<<<<<<<<<<<<<<<<<<<<<<<<<<<<======================================>>>>>>>>>>>>>>>>>>>>>>>>>>>>>>>>
                                                        Start time: Mon Jul 27 17:22:25 2026
 
<<<<<<<<<<<<<<<<<<<<<<<<<<<<<<<<======================================>>>>>>>>>>>>>>>>>>>>>>>>>>>>>>>>
<<<<<<<<<<<<<<<<<<<<<<<<<<<<<<<<     Entering timestep         89     >>>>>>>>>>>>>>>>>>>>>>>>>>>>>>>>
<<<<<<<<<<<<<<<<<<<<<<<<<<<<<<<<  Trajectory time in fs      44.5000  >>>>>>>>>>>>>>>>>>>>>>>>>>>>>>>>
<<<<<<<<<<<<<<<<<<<<<<<<<<<<<<<<======================================>>>>>>>>>>>>>>>>>>>>>>>>>>>>>>>>
                                                        Start time: Mon Jul 27 17:22:57 2026
 
<<<<<<<<<<<<<<<<<<<<<<<<<<<<<<<<======================================>>>>>>>>>>>>>>>>>>>>>>>>>>>>>>>>
<<<<<<<<<<<<<<<<<<<<<<<<<<<<<<<<     Entering timestep         90     >>>>>>>>>>>>>>>>>>>>>>>>>>>>>>>>
<<<<<<<<<<<<<<<<<<<<<<<<<<<<<<<<  Trajectory time in fs      45.0000  >>>>>>>>>>>>>>>>>>>>>>>>>>>>>>>>
<<<<<<<<<<<<<<<<<<<<<<<<<<<<<<<<======================================>>>>>>>>>>>>>>>>>>>>>>>>>>>>>>>>
                                                        Start time: Mon Jul 27 17:23:28 2026
 
<<<<<<<<<<<<<<<<<<<<<<<<<<<<<<<<======================================>>>>>>>>>>>>>>>>>>>>>>>>>>>>>>>>
<<<<<<<<<<<<<<<<<<<<<<<<<<<<<<<<     Entering timestep         91     >>>>>>>>>>>>>>>>>>>>>>>>>>>>>>>>
<<<<<<<<<<<<<<<<<<<<<<<<<<<<<<<<  Trajectory time in fs      45.5000  >>>>>>>>>>>>>>>>>>>>>>>>>>>>>>>>
<<<<<<<<<<<<<<<<<<<<<<<<<<<<<<<<======================================>>>>>>>>>>>>>>>>>>>>>>>>>>>>>>>>
                                                        Start time: Mon Jul 27 17:24:00 2026
 
<<<<<<<<<<<<<<<<<<<<<<<<<<<<<<<<======================================>>>>>>>>>>>>>>>>>>>>>>>>>>>>>>>>
<<<<<<<<<<<<<<<<<<<<<<<<<<<<<<<<     Entering timestep         92     >>>>>>>>>>>>>>>>>>>>>>>>>>>>>>>>
<<<<<<<<<<<<<<<<<<<<<<<<<<<<<<<<  Trajectory time in fs      46.0000  >>>>>>>>>>>>>>>>>>>>>>>>>>>>>>>>
<<<<<<<<<<<<<<<<<<<<<<<<<<<<<<<<======================================>>>>>>>>>>>>>>>>>>>>>>>>>>>>>>>>
                                                        Start time: Mon Jul 27 17:24:27 2026
 
<<<<<<<<<<<<<<<<<<<<<<<<<<<<<<<<======================================>>>>>>>>>>>>>>>>>>>>>>>>>>>>>>>>
<<<<<<<<<<<<<<<<<<<<<<<<<<<<<<<<     Entering timestep         93     >>>>>>>>>>>>>>>>>>>>>>>>>>>>>>>>
<<<<<<<<<<<<<<<<<<<<<<<<<<<<<<<<  Trajectory time in fs      46.5000  >>>>>>>>>>>>>>>>>>>>>>>>>>>>>>>>
<<<<<<<<<<<<<<<<<<<<<<<<<<<<<<<<======================================>>>>>>>>>>>>>>>>>>>>>>>>>>>>>>>>
                                                        Start time: Mon Jul 27 17:25:36 2026
 
<<<<<<<<<<<<<<<<<<<<<<<<<<<<<<<<======================================>>>>>>>>>>>>>>>>>>>>>>>>>>>>>>>>
<<<<<<<<<<<<<<<<<<<<<<<<<<<<<<<<     Entering timestep         94     >>>>>>>>>>>>>>>>>>>>>>>>>>>>>>>>
<<<<<<<<<<<<<<<<<<<<<<<<<<<<<<<<  Trajectory time in fs      47.0000  >>>>>>>>>>>>>>>>>>>>>>>>>>>>>>>>
<<<<<<<<<<<<<<<<<<<<<<<<<<<<<<<<======================================>>>>>>>>>>>>>>>>>>>>>>>>>>>>>>>>
                                                        Start time: Mon Jul 27 17:26:15 2026
 
<<<<<<<<<<<<<<<<<<<<<<<<<<<<<<<<======================================>>>>>>>>>>>>>>>>>>>>>>>>>>>>>>>>
<<<<<<<<<<<<<<<<<<<<<<<<<<<<<<<<     Entering timestep         95     >>>>>>>>>>>>>>>>>>>>>>>>>>>>>>>>
<<<<<<<<<<<<<<<<<<<<<<<<<<<<<<<<  Trajectory time in fs      47.5000  >>>>>>>>>>>>>>>>>>>>>>>>>>>>>>>>
<<<<<<<<<<<<<<<<<<<<<<<<<<<<<<<<======================================>>>>>>>>>>>>>>>>>>>>>>>>>>>>>>>>
                                                        Start time: Mon Jul 27 17:26:55 2026
 
<<<<<<<<<<<<<<<<<<<<<<<<<<<<<<<<======================================>>>>>>>>>>>>>>>>>>>>>>>>>>>>>>>>
<<<<<<<<<<<<<<<<<<<<<<<<<<<<<<<<     Entering timestep         96     >>>>>>>>>>>>>>>>>>>>>>>>>>>>>>>>
<<<<<<<<<<<<<<<<<<<<<<<<<<<<<<<<  Trajectory time in fs      48.0000  >>>>>>>>>>>>>>>>>>>>>>>>>>>>>>>>
<<<<<<<<<<<<<<<<<<<<<<<<<<<<<<<<======================================>>>>>>>>>>>>>>>>>>>>>>>>>>>>>>>>
                                                        Start time: Mon Jul 27 17:27:27 2026
 
<<<<<<<<<<<<<<<<<<<<<<<<<<<<<<<<======================================>>>>>>>>>>>>>>>>>>>>>>>>>>>>>>>>
<<<<<<<<<<<<<<<<<<<<<<<<<<<<<<<<     Entering timestep         97     >>>>>>>>>>>>>>>>>>>>>>>>>>>>>>>>
<<<<<<<<<<<<<<<<<<<<<<<<<<<<<<<<  Trajectory time in fs      48.5000  >>>>>>>>>>>>>>>>>>>>>>>>>>>>>>>>
<<<<<<<<<<<<<<<<<<<<<<<<<<<<<<<<======================================>>>>>>>>>>>>>>>>>>>>>>>>>>>>>>>>
                                                        Start time: Mon Jul 27 17:28:00 2026
 
<<<<<<<<<<<<<<<<<<<<<<<<<<<<<<<<======================================>>>>>>>>>>>>>>>>>>>>>>>>>>>>>>>>
<<<<<<<<<<<<<<<<<<<<<<<<<<<<<<<<     Entering timestep         98     >>>>>>>>>>>>>>>>>>>>>>>>>>>>>>>>
<<<<<<<<<<<<<<<<<<<<<<<<<<<<<<<<  Trajectory time in fs      49.0000  >>>>>>>>>>>>>>>>>>>>>>>>>>>>>>>>
<<<<<<<<<<<<<<<<<<<<<<<<<<<<<<<<======================================>>>>>>>>>>>>>>>>>>>>>>>>>>>>>>>>
                                                        Start time: Mon Jul 27 17:28:33 2026
 
<<<<<<<<<<<<<<<<<<<<<<<<<<<<<<<<======================================>>>>>>>>>>>>>>>>>>>>>>>>>>>>>>>>
<<<<<<<<<<<<<<<<<<<<<<<<<<<<<<<<     Entering timestep         99     >>>>>>>>>>>>>>>>>>>>>>>>>>>>>>>>
<<<<<<<<<<<<<<<<<<<<<<<<<<<<<<<<  Trajectory time in fs      49.5000  >>>>>>>>>>>>>>>>>>>>>>>>>>>>>>>>
<<<<<<<<<<<<<<<<<<<<<<<<<<<<<<<<======================================>>>>>>>>>>>>>>>>>>>>>>>>>>>>>>>>
                                                        Start time: Mon Jul 27 17:28:55 2026
 
<<<<<<<<<<<<<<<<<<<<<<<<<<<<<<<<======================================>>>>>>>>>>>>>>>>>>>>>>>>>>>>>>>>
<<<<<<<<<<<<<<<<<<<<<<<<<<<<<<<<     Entering timestep        100     >>>>>>>>>>>>>>>>>>>>>>>>>>>>>>>>
<<<<<<<<<<<<<<<<<<<<<<<<<<<<<<<<  Trajectory time in fs      50.0000  >>>>>>>>>>>>>>>>>>>>>>>>>>>>>>>>
<<<<<<<<<<<<<<<<<<<<<<<<<<<<<<<<======================================>>>>>>>>>>>>>>>>>>>>>>>>>>>>>>>>
                                                        Start time: Mon Jul 27 17:29:39 2026
 
<<<<<<<<<<<<<<<<<<<<<<<<<<<<<<<<======================================>>>>>>>>>>>>>>>>>>>>>>>>>>>>>>>>
<<<<<<<<<<<<<<<<<<<<<<<<<<<<<<<<     Entering timestep        101     >>>>>>>>>>>>>>>>>>>>>>>>>>>>>>>>
<<<<<<<<<<<<<<<<<<<<<<<<<<<<<<<<  Trajectory time in fs      50.5000  >>>>>>>>>>>>>>>>>>>>>>>>>>>>>>>>
<<<<<<<<<<<<<<<<<<<<<<<<<<<<<<<<======================================>>>>>>>>>>>>>>>>>>>>>>>>>>>>>>>>
                                                        Start time: Mon Jul 27 17:30:12 2026
 
<<<<<<<<<<<<<<<<<<<<<<<<<<<<<<<<======================================>>>>>>>>>>>>>>>>>>>>>>>>>>>>>>>>
<<<<<<<<<<<<<<<<<<<<<<<<<<<<<<<<     Entering timestep        102     >>>>>>>>>>>>>>>>>>>>>>>>>>>>>>>>
<<<<<<<<<<<<<<<<<<<<<<<<<<<<<<<<  Trajectory time in fs      51.0000  >>>>>>>>>>>>>>>>>>>>>>>>>>>>>>>>
<<<<<<<<<<<<<<<<<<<<<<<<<<<<<<<<======================================>>>>>>>>>>>>>>>>>>>>>>>>>>>>>>>>
                                                        Start time: Mon Jul 27 17:30:44 2026
 
<<<<<<<<<<<<<<<<<<<<<<<<<<<<<<<<======================================>>>>>>>>>>>>>>>>>>>>>>>>>>>>>>>>
<<<<<<<<<<<<<<<<<<<<<<<<<<<<<<<<     Entering timestep        103     >>>>>>>>>>>>>>>>>>>>>>>>>>>>>>>>
<<<<<<<<<<<<<<<<<<<<<<<<<<<<<<<<  Trajectory time in fs      51.5000  >>>>>>>>>>>>>>>>>>>>>>>>>>>>>>>>
<<<<<<<<<<<<<<<<<<<<<<<<<<<<<<<<======================================>>>>>>>>>>>>>>>>>>>>>>>>>>>>>>>>
                                                        Start time: Mon Jul 27 17:31:20 2026
 
<<<<<<<<<<<<<<<<<<<<<<<<<<<<<<<<======================================>>>>>>>>>>>>>>>>>>>>>>>>>>>>>>>>
<<<<<<<<<<<<<<<<<<<<<<<<<<<<<<<<     Entering timestep        104     >>>>>>>>>>>>>>>>>>>>>>>>>>>>>>>>
<<<<<<<<<<<<<<<<<<<<<<<<<<<<<<<<  Trajectory time in fs      52.0000  >>>>>>>>>>>>>>>>>>>>>>>>>>>>>>>>
<<<<<<<<<<<<<<<<<<<<<<<<<<<<<<<<======================================>>>>>>>>>>>>>>>>>>>>>>>>>>>>>>>>
                                                        Start time: Mon Jul 27 17:31:48 2026
 
<<<<<<<<<<<<<<<<<<<<<<<<<<<<<<<<======================================>>>>>>>>>>>>>>>>>>>>>>>>>>>>>>>>
<<<<<<<<<<<<<<<<<<<<<<<<<<<<<<<<     Entering timestep        105     >>>>>>>>>>>>>>>>>>>>>>>>>>>>>>>>
<<<<<<<<<<<<<<<<<<<<<<<<<<<<<<<<  Trajectory time in fs      52.5000  >>>>>>>>>>>>>>>>>>>>>>>>>>>>>>>>
<<<<<<<<<<<<<<<<<<<<<<<<<<<<<<<<======================================>>>>>>>>>>>>>>>>>>>>>>>>>>>>>>>>
                                                        Start time: Mon Jul 27 17:32:28 2026
 
<<<<<<<<<<<<<<<<<<<<<<<<<<<<<<<<======================================>>>>>>>>>>>>>>>>>>>>>>>>>>>>>>>>
<<<<<<<<<<<<<<<<<<<<<<<<<<<<<<<<     Entering timestep        106     >>>>>>>>>>>>>>>>>>>>>>>>>>>>>>>>
<<<<<<<<<<<<<<<<<<<<<<<<<<<<<<<<  Trajectory time in fs      53.0000  >>>>>>>>>>>>>>>>>>>>>>>>>>>>>>>>
<<<<<<<<<<<<<<<<<<<<<<<<<<<<<<<<======================================>>>>>>>>>>>>>>>>>>>>>>>>>>>>>>>>
                                                        Start time: Mon Jul 27 17:33:47 2026
 
<<<<<<<<<<<<<<<<<<<<<<<<<<<<<<<<======================================>>>>>>>>>>>>>>>>>>>>>>>>>>>>>>>>
<<<<<<<<<<<<<<<<<<<<<<<<<<<<<<<<     Entering timestep        107     >>>>>>>>>>>>>>>>>>>>>>>>>>>>>>>>
<<<<<<<<<<<<<<<<<<<<<<<<<<<<<<<<  Trajectory time in fs      53.5000  >>>>>>>>>>>>>>>>>>>>>>>>>>>>>>>>
<<<<<<<<<<<<<<<<<<<<<<<<<<<<<<<<======================================>>>>>>>>>>>>>>>>>>>>>>>>>>>>>>>>
                                                        Start time: Mon Jul 27 17:34:31 2026
 
<<<<<<<<<<<<<<<<<<<<<<<<<<<<<<<<======================================>>>>>>>>>>>>>>>>>>>>>>>>>>>>>>>>
<<<<<<<<<<<<<<<<<<<<<<<<<<<<<<<<     Entering timestep        108     >>>>>>>>>>>>>>>>>>>>>>>>>>>>>>>>
<<<<<<<<<<<<<<<<<<<<<<<<<<<<<<<<  Trajectory time in fs      54.0000  >>>>>>>>>>>>>>>>>>>>>>>>>>>>>>>>
<<<<<<<<<<<<<<<<<<<<<<<<<<<<<<<<======================================>>>>>>>>>>>>>>>>>>>>>>>>>>>>>>>>
                                                        Start time: Mon Jul 27 17:35:14 2026
 
<<<<<<<<<<<<<<<<<<<<<<<<<<<<<<<<======================================>>>>>>>>>>>>>>>>>>>>>>>>>>>>>>>>
<<<<<<<<<<<<<<<<<<<<<<<<<<<<<<<<     Entering timestep        109     >>>>>>>>>>>>>>>>>>>>>>>>>>>>>>>>
<<<<<<<<<<<<<<<<<<<<<<<<<<<<<<<<  Trajectory time in fs      54.5000  >>>>>>>>>>>>>>>>>>>>>>>>>>>>>>>>
<<<<<<<<<<<<<<<<<<<<<<<<<<<<<<<<======================================>>>>>>>>>>>>>>>>>>>>>>>>>>>>>>>>
                                                        Start time: Mon Jul 27 17:35:55 2026
 
<<<<<<<<<<<<<<<<<<<<<<<<<<<<<<<<======================================>>>>>>>>>>>>>>>>>>>>>>>>>>>>>>>>
<<<<<<<<<<<<<<<<<<<<<<<<<<<<<<<<     Entering timestep        110     >>>>>>>>>>>>>>>>>>>>>>>>>>>>>>>>
<<<<<<<<<<<<<<<<<<<<<<<<<<<<<<<<  Trajectory time in fs      55.0000  >>>>>>>>>>>>>>>>>>>>>>>>>>>>>>>>
<<<<<<<<<<<<<<<<<<<<<<<<<<<<<<<<======================================>>>>>>>>>>>>>>>>>>>>>>>>>>>>>>>>
                                                        Start time: Mon Jul 27 17:36:22 2026
 
<<<<<<<<<<<<<<<<<<<<<<<<<<<<<<<<======================================>>>>>>>>>>>>>>>>>>>>>>>>>>>>>>>>
<<<<<<<<<<<<<<<<<<<<<<<<<<<<<<<<     Entering timestep        111     >>>>>>>>>>>>>>>>>>>>>>>>>>>>>>>>
<<<<<<<<<<<<<<<<<<<<<<<<<<<<<<<<  Trajectory time in fs      55.5000  >>>>>>>>>>>>>>>>>>>>>>>>>>>>>>>>
<<<<<<<<<<<<<<<<<<<<<<<<<<<<<<<<======================================>>>>>>>>>>>>>>>>>>>>>>>>>>>>>>>>
                                                        Start time: Mon Jul 27 17:37:07 2026
 
<<<<<<<<<<<<<<<<<<<<<<<<<<<<<<<<======================================>>>>>>>>>>>>>>>>>>>>>>>>>>>>>>>>
<<<<<<<<<<<<<<<<<<<<<<<<<<<<<<<<     Entering timestep        112     >>>>>>>>>>>>>>>>>>>>>>>>>>>>>>>>
<<<<<<<<<<<<<<<<<<<<<<<<<<<<<<<<  Trajectory time in fs      56.0000  >>>>>>>>>>>>>>>>>>>>>>>>>>>>>>>>
<<<<<<<<<<<<<<<<<<<<<<<<<<<<<<<<======================================>>>>>>>>>>>>>>>>>>>>>>>>>>>>>>>>
                                                        Start time: Mon Jul 27 17:37:36 2026
 
<<<<<<<<<<<<<<<<<<<<<<<<<<<<<<<<======================================>>>>>>>>>>>>>>>>>>>>>>>>>>>>>>>>
<<<<<<<<<<<<<<<<<<<<<<<<<<<<<<<<     Entering timestep        113     >>>>>>>>>>>>>>>>>>>>>>>>>>>>>>>>
<<<<<<<<<<<<<<<<<<<<<<<<<<<<<<<<  Trajectory time in fs      56.5000  >>>>>>>>>>>>>>>>>>>>>>>>>>>>>>>>
<<<<<<<<<<<<<<<<<<<<<<<<<<<<<<<<======================================>>>>>>>>>>>>>>>>>>>>>>>>>>>>>>>>
                                                        Start time: Mon Jul 27 17:38:07 2026
 
<<<<<<<<<<<<<<<<<<<<<<<<<<<<<<<<======================================>>>>>>>>>>>>>>>>>>>>>>>>>>>>>>>>
<<<<<<<<<<<<<<<<<<<<<<<<<<<<<<<<     Entering timestep        114     >>>>>>>>>>>>>>>>>>>>>>>>>>>>>>>>
<<<<<<<<<<<<<<<<<<<<<<<<<<<<<<<<  Trajectory time in fs      57.0000  >>>>>>>>>>>>>>>>>>>>>>>>>>>>>>>>
<<<<<<<<<<<<<<<<<<<<<<<<<<<<<<<<======================================>>>>>>>>>>>>>>>>>>>>>>>>>>>>>>>>
                                                        Start time: Mon Jul 27 17:38:39 2026
 
<<<<<<<<<<<<<<<<<<<<<<<<<<<<<<<<======================================>>>>>>>>>>>>>>>>>>>>>>>>>>>>>>>>
<<<<<<<<<<<<<<<<<<<<<<<<<<<<<<<<     Entering timestep        115     >>>>>>>>>>>>>>>>>>>>>>>>>>>>>>>>
<<<<<<<<<<<<<<<<<<<<<<<<<<<<<<<<  Trajectory time in fs      57.5000  >>>>>>>>>>>>>>>>>>>>>>>>>>>>>>>>
<<<<<<<<<<<<<<<<<<<<<<<<<<<<<<<<======================================>>>>>>>>>>>>>>>>>>>>>>>>>>>>>>>>
                                                        Start time: Mon Jul 27 17:39:07 2026
 
<<<<<<<<<<<<<<<<<<<<<<<<<<<<<<<<======================================>>>>>>>>>>>>>>>>>>>>>>>>>>>>>>>>
<<<<<<<<<<<<<<<<<<<<<<<<<<<<<<<<     Entering timestep        116     >>>>>>>>>>>>>>>>>>>>>>>>>>>>>>>>
<<<<<<<<<<<<<<<<<<<<<<<<<<<<<<<<  Trajectory time in fs      58.0000  >>>>>>>>>>>>>>>>>>>>>>>>>>>>>>>>
<<<<<<<<<<<<<<<<<<<<<<<<<<<<<<<<======================================>>>>>>>>>>>>>>>>>>>>>>>>>>>>>>>>
                                                        Start time: Mon Jul 27 17:39:47 2026
 
<<<<<<<<<<<<<<<<<<<<<<<<<<<<<<<<======================================>>>>>>>>>>>>>>>>>>>>>>>>>>>>>>>>
<<<<<<<<<<<<<<<<<<<<<<<<<<<<<<<<     Entering timestep        117     >>>>>>>>>>>>>>>>>>>>>>>>>>>>>>>>
<<<<<<<<<<<<<<<<<<<<<<<<<<<<<<<<  Trajectory time in fs      58.5000  >>>>>>>>>>>>>>>>>>>>>>>>>>>>>>>>
<<<<<<<<<<<<<<<<<<<<<<<<<<<<<<<<======================================>>>>>>>>>>>>>>>>>>>>>>>>>>>>>>>>
                                                        Start time: Mon Jul 27 17:40:17 2026
 
<<<<<<<<<<<<<<<<<<<<<<<<<<<<<<<<======================================>>>>>>>>>>>>>>>>>>>>>>>>>>>>>>>>
<<<<<<<<<<<<<<<<<<<<<<<<<<<<<<<<     Entering timestep        118     >>>>>>>>>>>>>>>>>>>>>>>>>>>>>>>>
<<<<<<<<<<<<<<<<<<<<<<<<<<<<<<<<  Trajectory time in fs      59.0000  >>>>>>>>>>>>>>>>>>>>>>>>>>>>>>>>
<<<<<<<<<<<<<<<<<<<<<<<<<<<<<<<<======================================>>>>>>>>>>>>>>>>>>>>>>>>>>>>>>>>
                                                        Start time: Mon Jul 27 17:40:54 2026
 
<<<<<<<<<<<<<<<<<<<<<<<<<<<<<<<<======================================>>>>>>>>>>>>>>>>>>>>>>>>>>>>>>>>
<<<<<<<<<<<<<<<<<<<<<<<<<<<<<<<<     Entering timestep        119     >>>>>>>>>>>>>>>>>>>>>>>>>>>>>>>>
<<<<<<<<<<<<<<<<<<<<<<<<<<<<<<<<  Trajectory time in fs      59.5000  >>>>>>>>>>>>>>>>>>>>>>>>>>>>>>>>
<<<<<<<<<<<<<<<<<<<<<<<<<<<<<<<<======================================>>>>>>>>>>>>>>>>>>>>>>>>>>>>>>>>
                                                        Start time: Mon Jul 27 17:41:22 2026
 
<<<<<<<<<<<<<<<<<<<<<<<<<<<<<<<<======================================>>>>>>>>>>>>>>>>>>>>>>>>>>>>>>>>
<<<<<<<<<<<<<<<<<<<<<<<<<<<<<<<<     Entering timestep        120     >>>>>>>>>>>>>>>>>>>>>>>>>>>>>>>>
<<<<<<<<<<<<<<<<<<<<<<<<<<<<<<<<  Trajectory time in fs      60.0000  >>>>>>>>>>>>>>>>>>>>>>>>>>>>>>>>
<<<<<<<<<<<<<<<<<<<<<<<<<<<<<<<<======================================>>>>>>>>>>>>>>>>>>>>>>>>>>>>>>>>
                                                        Start time: Mon Jul 27 17:41:51 2026
 
<<<<<<<<<<<<<<<<<<<<<<<<<<<<<<<<======================================>>>>>>>>>>>>>>>>>>>>>>>>>>>>>>>>
<<<<<<<<<<<<<<<<<<<<<<<<<<<<<<<<     Entering timestep        121     >>>>>>>>>>>>>>>>>>>>>>>>>>>>>>>>
<<<<<<<<<<<<<<<<<<<<<<<<<<<<<<<<  Trajectory time in fs      60.5000  >>>>>>>>>>>>>>>>>>>>>>>>>>>>>>>>
<<<<<<<<<<<<<<<<<<<<<<<<<<<<<<<<======================================>>>>>>>>>>>>>>>>>>>>>>>>>>>>>>>>
                                                        Start time: Mon Jul 27 17:42:23 2026
 
<<<<<<<<<<<<<<<<<<<<<<<<<<<<<<<<======================================>>>>>>>>>>>>>>>>>>>>>>>>>>>>>>>>
<<<<<<<<<<<<<<<<<<<<<<<<<<<<<<<<     Entering timestep        122     >>>>>>>>>>>>>>>>>>>>>>>>>>>>>>>>
<<<<<<<<<<<<<<<<<<<<<<<<<<<<<<<<  Trajectory time in fs      61.0000  >>>>>>>>>>>>>>>>>>>>>>>>>>>>>>>>
<<<<<<<<<<<<<<<<<<<<<<<<<<<<<<<<======================================>>>>>>>>>>>>>>>>>>>>>>>>>>>>>>>>
                                                        Start time: Mon Jul 27 17:43:21 2026
 
<<<<<<<<<<<<<<<<<<<<<<<<<<<<<<<<======================================>>>>>>>>>>>>>>>>>>>>>>>>>>>>>>>>
<<<<<<<<<<<<<<<<<<<<<<<<<<<<<<<<     Entering timestep        123     >>>>>>>>>>>>>>>>>>>>>>>>>>>>>>>>
<<<<<<<<<<<<<<<<<<<<<<<<<<<<<<<<  Trajectory time in fs      61.5000  >>>>>>>>>>>>>>>>>>>>>>>>>>>>>>>>
<<<<<<<<<<<<<<<<<<<<<<<<<<<<<<<<======================================>>>>>>>>>>>>>>>>>>>>>>>>>>>>>>>>
                                                        Start time: Mon Jul 27 17:43:57 2026
 
<<<<<<<<<<<<<<<<<<<<<<<<<<<<<<<<======================================>>>>>>>>>>>>>>>>>>>>>>>>>>>>>>>>
<<<<<<<<<<<<<<<<<<<<<<<<<<<<<<<<     Entering timestep        124     >>>>>>>>>>>>>>>>>>>>>>>>>>>>>>>>
<<<<<<<<<<<<<<<<<<<<<<<<<<<<<<<<  Trajectory time in fs      62.0000  >>>>>>>>>>>>>>>>>>>>>>>>>>>>>>>>
<<<<<<<<<<<<<<<<<<<<<<<<<<<<<<<<======================================>>>>>>>>>>>>>>>>>>>>>>>>>>>>>>>>
                                                        Start time: Mon Jul 27 17:44:24 2026
 
<<<<<<<<<<<<<<<<<<<<<<<<<<<<<<<<======================================>>>>>>>>>>>>>>>>>>>>>>>>>>>>>>>>
<<<<<<<<<<<<<<<<<<<<<<<<<<<<<<<<     Entering timestep        125     >>>>>>>>>>>>>>>>>>>>>>>>>>>>>>>>
<<<<<<<<<<<<<<<<<<<<<<<<<<<<<<<<  Trajectory time in fs      62.5000  >>>>>>>>>>>>>>>>>>>>>>>>>>>>>>>>
<<<<<<<<<<<<<<<<<<<<<<<<<<<<<<<<======================================>>>>>>>>>>>>>>>>>>>>>>>>>>>>>>>>
                                                        Start time: Mon Jul 27 17:44:56 2026
 
<<<<<<<<<<<<<<<<<<<<<<<<<<<<<<<<======================================>>>>>>>>>>>>>>>>>>>>>>>>>>>>>>>>
<<<<<<<<<<<<<<<<<<<<<<<<<<<<<<<<     Entering timestep        126     >>>>>>>>>>>>>>>>>>>>>>>>>>>>>>>>
<<<<<<<<<<<<<<<<<<<<<<<<<<<<<<<<  Trajectory time in fs      63.0000  >>>>>>>>>>>>>>>>>>>>>>>>>>>>>>>>
<<<<<<<<<<<<<<<<<<<<<<<<<<<<<<<<======================================>>>>>>>>>>>>>>>>>>>>>>>>>>>>>>>>
                                                        Start time: Mon Jul 27 17:45:29 2026
 
<<<<<<<<<<<<<<<<<<<<<<<<<<<<<<<<======================================>>>>>>>>>>>>>>>>>>>>>>>>>>>>>>>>
<<<<<<<<<<<<<<<<<<<<<<<<<<<<<<<<     Entering timestep        127     >>>>>>>>>>>>>>>>>>>>>>>>>>>>>>>>
<<<<<<<<<<<<<<<<<<<<<<<<<<<<<<<<  Trajectory time in fs      63.5000  >>>>>>>>>>>>>>>>>>>>>>>>>>>>>>>>
<<<<<<<<<<<<<<<<<<<<<<<<<<<<<<<<======================================>>>>>>>>>>>>>>>>>>>>>>>>>>>>>>>>
                                                        Start time: Mon Jul 27 17:45:58 2026
 
<<<<<<<<<<<<<<<<<<<<<<<<<<<<<<<<======================================>>>>>>>>>>>>>>>>>>>>>>>>>>>>>>>>
<<<<<<<<<<<<<<<<<<<<<<<<<<<<<<<<     Entering timestep        128     >>>>>>>>>>>>>>>>>>>>>>>>>>>>>>>>
<<<<<<<<<<<<<<<<<<<<<<<<<<<<<<<<  Trajectory time in fs      64.0000  >>>>>>>>>>>>>>>>>>>>>>>>>>>>>>>>
<<<<<<<<<<<<<<<<<<<<<<<<<<<<<<<<======================================>>>>>>>>>>>>>>>>>>>>>>>>>>>>>>>>
                                                        Start time: Mon Jul 27 17:47:16 2026
 
<<<<<<<<<<<<<<<<<<<<<<<<<<<<<<<<======================================>>>>>>>>>>>>>>>>>>>>>>>>>>>>>>>>
<<<<<<<<<<<<<<<<<<<<<<<<<<<<<<<<     Entering timestep        129     >>>>>>>>>>>>>>>>>>>>>>>>>>>>>>>>
<<<<<<<<<<<<<<<<<<<<<<<<<<<<<<<<  Trajectory time in fs      64.5000  >>>>>>>>>>>>>>>>>>>>>>>>>>>>>>>>
<<<<<<<<<<<<<<<<<<<<<<<<<<<<<<<<======================================>>>>>>>>>>>>>>>>>>>>>>>>>>>>>>>>
                                                        Start time: Mon Jul 27 17:47:49 2026
 
<<<<<<<<<<<<<<<<<<<<<<<<<<<<<<<<======================================>>>>>>>>>>>>>>>>>>>>>>>>>>>>>>>>
<<<<<<<<<<<<<<<<<<<<<<<<<<<<<<<<     Entering timestep        130     >>>>>>>>>>>>>>>>>>>>>>>>>>>>>>>>
<<<<<<<<<<<<<<<<<<<<<<<<<<<<<<<<  Trajectory time in fs      65.0000  >>>>>>>>>>>>>>>>>>>>>>>>>>>>>>>>
<<<<<<<<<<<<<<<<<<<<<<<<<<<<<<<<======================================>>>>>>>>>>>>>>>>>>>>>>>>>>>>>>>>
                                                        Start time: Mon Jul 27 17:48:36 2026
 
<<<<<<<<<<<<<<<<<<<<<<<<<<<<<<<<======================================>>>>>>>>>>>>>>>>>>>>>>>>>>>>>>>>
<<<<<<<<<<<<<<<<<<<<<<<<<<<<<<<<     Entering timestep        131     >>>>>>>>>>>>>>>>>>>>>>>>>>>>>>>>
<<<<<<<<<<<<<<<<<<<<<<<<<<<<<<<<  Trajectory time in fs      65.5000  >>>>>>>>>>>>>>>>>>>>>>>>>>>>>>>>
<<<<<<<<<<<<<<<<<<<<<<<<<<<<<<<<======================================>>>>>>>>>>>>>>>>>>>>>>>>>>>>>>>>
                                                        Start time: Mon Jul 27 17:49:06 2026
 
<<<<<<<<<<<<<<<<<<<<<<<<<<<<<<<<======================================>>>>>>>>>>>>>>>>>>>>>>>>>>>>>>>>
<<<<<<<<<<<<<<<<<<<<<<<<<<<<<<<<     Entering timestep        132     >>>>>>>>>>>>>>>>>>>>>>>>>>>>>>>>
<<<<<<<<<<<<<<<<<<<<<<<<<<<<<<<<  Trajectory time in fs      66.0000  >>>>>>>>>>>>>>>>>>>>>>>>>>>>>>>>
<<<<<<<<<<<<<<<<<<<<<<<<<<<<<<<<======================================>>>>>>>>>>>>>>>>>>>>>>>>>>>>>>>>
                                                        Start time: Mon Jul 27 17:49:36 2026
 
<<<<<<<<<<<<<<<<<<<<<<<<<<<<<<<<======================================>>>>>>>>>>>>>>>>>>>>>>>>>>>>>>>>
<<<<<<<<<<<<<<<<<<<<<<<<<<<<<<<<     Entering timestep        133     >>>>>>>>>>>>>>>>>>>>>>>>>>>>>>>>
<<<<<<<<<<<<<<<<<<<<<<<<<<<<<<<<  Trajectory time in fs      66.5000  >>>>>>>>>>>>>>>>>>>>>>>>>>>>>>>>
<<<<<<<<<<<<<<<<<<<<<<<<<<<<<<<<======================================>>>>>>>>>>>>>>>>>>>>>>>>>>>>>>>>
                                                        Start time: Mon Jul 27 17:50:05 2026
 
<<<<<<<<<<<<<<<<<<<<<<<<<<<<<<<<======================================>>>>>>>>>>>>>>>>>>>>>>>>>>>>>>>>
<<<<<<<<<<<<<<<<<<<<<<<<<<<<<<<<     Entering timestep        134     >>>>>>>>>>>>>>>>>>>>>>>>>>>>>>>>
<<<<<<<<<<<<<<<<<<<<<<<<<<<<<<<<  Trajectory time in fs      67.0000  >>>>>>>>>>>>>>>>>>>>>>>>>>>>>>>>
<<<<<<<<<<<<<<<<<<<<<<<<<<<<<<<<======================================>>>>>>>>>>>>>>>>>>>>>>>>>>>>>>>>
                                                        Start time: Mon Jul 27 17:50:39 2026
 
<<<<<<<<<<<<<<<<<<<<<<<<<<<<<<<<======================================>>>>>>>>>>>>>>>>>>>>>>>>>>>>>>>>
<<<<<<<<<<<<<<<<<<<<<<<<<<<<<<<<     Entering timestep        135     >>>>>>>>>>>>>>>>>>>>>>>>>>>>>>>>
<<<<<<<<<<<<<<<<<<<<<<<<<<<<<<<<  Trajectory time in fs      67.5000  >>>>>>>>>>>>>>>>>>>>>>>>>>>>>>>>
<<<<<<<<<<<<<<<<<<<<<<<<<<<<<<<<======================================>>>>>>>>>>>>>>>>>>>>>>>>>>>>>>>>
                                                        Start time: Mon Jul 27 17:51:50 2026
 
<<<<<<<<<<<<<<<<<<<<<<<<<<<<<<<<======================================>>>>>>>>>>>>>>>>>>>>>>>>>>>>>>>>
<<<<<<<<<<<<<<<<<<<<<<<<<<<<<<<<     Entering timestep        136     >>>>>>>>>>>>>>>>>>>>>>>>>>>>>>>>
<<<<<<<<<<<<<<<<<<<<<<<<<<<<<<<<  Trajectory time in fs      68.0000  >>>>>>>>>>>>>>>>>>>>>>>>>>>>>>>>
<<<<<<<<<<<<<<<<<<<<<<<<<<<<<<<<======================================>>>>>>>>>>>>>>>>>>>>>>>>>>>>>>>>
                                                        Start time: Mon Jul 27 17:52:33 2026
 
<<<<<<<<<<<<<<<<<<<<<<<<<<<<<<<<======================================>>>>>>>>>>>>>>>>>>>>>>>>>>>>>>>>
<<<<<<<<<<<<<<<<<<<<<<<<<<<<<<<<     Entering timestep        137     >>>>>>>>>>>>>>>>>>>>>>>>>>>>>>>>
<<<<<<<<<<<<<<<<<<<<<<<<<<<<<<<<  Trajectory time in fs      68.5000  >>>>>>>>>>>>>>>>>>>>>>>>>>>>>>>>
<<<<<<<<<<<<<<<<<<<<<<<<<<<<<<<<======================================>>>>>>>>>>>>>>>>>>>>>>>>>>>>>>>>
                                                        Start time: Mon Jul 27 17:53:12 2026
 
<<<<<<<<<<<<<<<<<<<<<<<<<<<<<<<<======================================>>>>>>>>>>>>>>>>>>>>>>>>>>>>>>>>
<<<<<<<<<<<<<<<<<<<<<<<<<<<<<<<<     Entering timestep        138     >>>>>>>>>>>>>>>>>>>>>>>>>>>>>>>>
<<<<<<<<<<<<<<<<<<<<<<<<<<<<<<<<  Trajectory time in fs      69.0000  >>>>>>>>>>>>>>>>>>>>>>>>>>>>>>>>
<<<<<<<<<<<<<<<<<<<<<<<<<<<<<<<<======================================>>>>>>>>>>>>>>>>>>>>>>>>>>>>>>>>
                                                        Start time: Mon Jul 27 17:53:38 2026
 
<<<<<<<<<<<<<<<<<<<<<<<<<<<<<<<<======================================>>>>>>>>>>>>>>>>>>>>>>>>>>>>>>>>
<<<<<<<<<<<<<<<<<<<<<<<<<<<<<<<<     Entering timestep        139     >>>>>>>>>>>>>>>>>>>>>>>>>>>>>>>>
<<<<<<<<<<<<<<<<<<<<<<<<<<<<<<<<  Trajectory time in fs      69.5000  >>>>>>>>>>>>>>>>>>>>>>>>>>>>>>>>
<<<<<<<<<<<<<<<<<<<<<<<<<<<<<<<<======================================>>>>>>>>>>>>>>>>>>>>>>>>>>>>>>>>
                                                        Start time: Mon Jul 27 17:54:08 2026
 
<<<<<<<<<<<<<<<<<<<<<<<<<<<<<<<<======================================>>>>>>>>>>>>>>>>>>>>>>>>>>>>>>>>
<<<<<<<<<<<<<<<<<<<<<<<<<<<<<<<<     Entering timestep        140     >>>>>>>>>>>>>>>>>>>>>>>>>>>>>>>>
<<<<<<<<<<<<<<<<<<<<<<<<<<<<<<<<  Trajectory time in fs      70.0000  >>>>>>>>>>>>>>>>>>>>>>>>>>>>>>>>
<<<<<<<<<<<<<<<<<<<<<<<<<<<<<<<<======================================>>>>>>>>>>>>>>>>>>>>>>>>>>>>>>>>
                                                        Start time: Mon Jul 27 17:54:35 2026
 
<<<<<<<<<<<<<<<<<<<<<<<<<<<<<<<<======================================>>>>>>>>>>>>>>>>>>>>>>>>>>>>>>>>
<<<<<<<<<<<<<<<<<<<<<<<<<<<<<<<<     Entering timestep        141     >>>>>>>>>>>>>>>>>>>>>>>>>>>>>>>>
<<<<<<<<<<<<<<<<<<<<<<<<<<<<<<<<  Trajectory time in fs      70.5000  >>>>>>>>>>>>>>>>>>>>>>>>>>>>>>>>
<<<<<<<<<<<<<<<<<<<<<<<<<<<<<<<<======================================>>>>>>>>>>>>>>>>>>>>>>>>>>>>>>>>
                                                        Start time: Mon Jul 27 17:55:08 2026
 
<<<<<<<<<<<<<<<<<<<<<<<<<<<<<<<<======================================>>>>>>>>>>>>>>>>>>>>>>>>>>>>>>>>
<<<<<<<<<<<<<<<<<<<<<<<<<<<<<<<<     Entering timestep        142     >>>>>>>>>>>>>>>>>>>>>>>>>>>>>>>>
<<<<<<<<<<<<<<<<<<<<<<<<<<<<<<<<  Trajectory time in fs      71.0000  >>>>>>>>>>>>>>>>>>>>>>>>>>>>>>>>
<<<<<<<<<<<<<<<<<<<<<<<<<<<<<<<<======================================>>>>>>>>>>>>>>>>>>>>>>>>>>>>>>>>
                                                        Start time: Mon Jul 27 17:55:38 2026
 
<<<<<<<<<<<<<<<<<<<<<<<<<<<<<<<<======================================>>>>>>>>>>>>>>>>>>>>>>>>>>>>>>>>
<<<<<<<<<<<<<<<<<<<<<<<<<<<<<<<<     Entering timestep        143     >>>>>>>>>>>>>>>>>>>>>>>>>>>>>>>>
<<<<<<<<<<<<<<<<<<<<<<<<<<<<<<<<  Trajectory time in fs      71.5000  >>>>>>>>>>>>>>>>>>>>>>>>>>>>>>>>
<<<<<<<<<<<<<<<<<<<<<<<<<<<<<<<<======================================>>>>>>>>>>>>>>>>>>>>>>>>>>>>>>>>
                                                        Start time: Mon Jul 27 17:56:07 2026
 
<<<<<<<<<<<<<<<<<<<<<<<<<<<<<<<<======================================>>>>>>>>>>>>>>>>>>>>>>>>>>>>>>>>
<<<<<<<<<<<<<<<<<<<<<<<<<<<<<<<<     Entering timestep        144     >>>>>>>>>>>>>>>>>>>>>>>>>>>>>>>>
<<<<<<<<<<<<<<<<<<<<<<<<<<<<<<<<  Trajectory time in fs      72.0000  >>>>>>>>>>>>>>>>>>>>>>>>>>>>>>>>
<<<<<<<<<<<<<<<<<<<<<<<<<<<<<<<<======================================>>>>>>>>>>>>>>>>>>>>>>>>>>>>>>>>
                                                        Start time: Mon Jul 27 17:56:37 2026
 
<<<<<<<<<<<<<<<<<<<<<<<<<<<<<<<<======================================>>>>>>>>>>>>>>>>>>>>>>>>>>>>>>>>
<<<<<<<<<<<<<<<<<<<<<<<<<<<<<<<<     Entering timestep        145     >>>>>>>>>>>>>>>>>>>>>>>>>>>>>>>>
<<<<<<<<<<<<<<<<<<<<<<<<<<<<<<<<  Trajectory time in fs      72.5000  >>>>>>>>>>>>>>>>>>>>>>>>>>>>>>>>
<<<<<<<<<<<<<<<<<<<<<<<<<<<<<<<<======================================>>>>>>>>>>>>>>>>>>>>>>>>>>>>>>>>
                                                        Start time: Mon Jul 27 17:57:09 2026
 
<<<<<<<<<<<<<<<<<<<<<<<<<<<<<<<<======================================>>>>>>>>>>>>>>>>>>>>>>>>>>>>>>>>
<<<<<<<<<<<<<<<<<<<<<<<<<<<<<<<<     Entering timestep        146     >>>>>>>>>>>>>>>>>>>>>>>>>>>>>>>>
<<<<<<<<<<<<<<<<<<<<<<<<<<<<<<<<  Trajectory time in fs      73.0000  >>>>>>>>>>>>>>>>>>>>>>>>>>>>>>>>
<<<<<<<<<<<<<<<<<<<<<<<<<<<<<<<<======================================>>>>>>>>>>>>>>>>>>>>>>>>>>>>>>>>
                                                        Start time: Mon Jul 27 17:57:41 2026
 
<<<<<<<<<<<<<<<<<<<<<<<<<<<<<<<<======================================>>>>>>>>>>>>>>>>>>>>>>>>>>>>>>>>
<<<<<<<<<<<<<<<<<<<<<<<<<<<<<<<<     Entering timestep        147     >>>>>>>>>>>>>>>>>>>>>>>>>>>>>>>>
<<<<<<<<<<<<<<<<<<<<<<<<<<<<<<<<  Trajectory time in fs      73.5000  >>>>>>>>>>>>>>>>>>>>>>>>>>>>>>>>
<<<<<<<<<<<<<<<<<<<<<<<<<<<<<<<<======================================>>>>>>>>>>>>>>>>>>>>>>>>>>>>>>>>
                                                        Start time: Mon Jul 27 17:58:10 2026
 
<<<<<<<<<<<<<<<<<<<<<<<<<<<<<<<<======================================>>>>>>>>>>>>>>>>>>>>>>>>>>>>>>>>
<<<<<<<<<<<<<<<<<<<<<<<<<<<<<<<<     Entering timestep        148     >>>>>>>>>>>>>>>>>>>>>>>>>>>>>>>>
<<<<<<<<<<<<<<<<<<<<<<<<<<<<<<<<  Trajectory time in fs      74.0000  >>>>>>>>>>>>>>>>>>>>>>>>>>>>>>>>
<<<<<<<<<<<<<<<<<<<<<<<<<<<<<<<<======================================>>>>>>>>>>>>>>>>>>>>>>>>>>>>>>>>
                                                        Start time: Mon Jul 27 17:58:40 2026
 
<<<<<<<<<<<<<<<<<<<<<<<<<<<<<<<<======================================>>>>>>>>>>>>>>>>>>>>>>>>>>>>>>>>
<<<<<<<<<<<<<<<<<<<<<<<<<<<<<<<<     Entering timestep        149     >>>>>>>>>>>>>>>>>>>>>>>>>>>>>>>>
<<<<<<<<<<<<<<<<<<<<<<<<<<<<<<<<  Trajectory time in fs      74.5000  >>>>>>>>>>>>>>>>>>>>>>>>>>>>>>>>
<<<<<<<<<<<<<<<<<<<<<<<<<<<<<<<<======================================>>>>>>>>>>>>>>>>>>>>>>>>>>>>>>>>
                                                        Start time: Mon Jul 27 17:59:08 2026
 
<<<<<<<<<<<<<<<<<<<<<<<<<<<<<<<<======================================>>>>>>>>>>>>>>>>>>>>>>>>>>>>>>>>
<<<<<<<<<<<<<<<<<<<<<<<<<<<<<<<<     Entering timestep        150     >>>>>>>>>>>>>>>>>>>>>>>>>>>>>>>>
<<<<<<<<<<<<<<<<<<<<<<<<<<<<<<<<  Trajectory time in fs      75.0000  >>>>>>>>>>>>>>>>>>>>>>>>>>>>>>>>
<<<<<<<<<<<<<<<<<<<<<<<<<<<<<<<<======================================>>>>>>>>>>>>>>>>>>>>>>>>>>>>>>>>
                                                        Start time: Mon Jul 27 17:59:38 2026
 
<<<<<<<<<<<<<<<<<<<<<<<<<<<<<<<<======================================>>>>>>>>>>>>>>>>>>>>>>>>>>>>>>>>
<<<<<<<<<<<<<<<<<<<<<<<<<<<<<<<<     Entering timestep        151     >>>>>>>>>>>>>>>>>>>>>>>>>>>>>>>>
<<<<<<<<<<<<<<<<<<<<<<<<<<<<<<<<  Trajectory time in fs      75.5000  >>>>>>>>>>>>>>>>>>>>>>>>>>>>>>>>
<<<<<<<<<<<<<<<<<<<<<<<<<<<<<<<<======================================>>>>>>>>>>>>>>>>>>>>>>>>>>>>>>>>
                                                        Start time: Mon Jul 27 18:00:03 2026
 
<<<<<<<<<<<<<<<<<<<<<<<<<<<<<<<<======================================>>>>>>>>>>>>>>>>>>>>>>>>>>>>>>>>
<<<<<<<<<<<<<<<<<<<<<<<<<<<<<<<<     Entering timestep        152     >>>>>>>>>>>>>>>>>>>>>>>>>>>>>>>>
<<<<<<<<<<<<<<<<<<<<<<<<<<<<<<<<  Trajectory time in fs      76.0000  >>>>>>>>>>>>>>>>>>>>>>>>>>>>>>>>
<<<<<<<<<<<<<<<<<<<<<<<<<<<<<<<<======================================>>>>>>>>>>>>>>>>>>>>>>>>>>>>>>>>
                                                        Start time: Mon Jul 27 18:00:38 2026
 
<<<<<<<<<<<<<<<<<<<<<<<<<<<<<<<<======================================>>>>>>>>>>>>>>>>>>>>>>>>>>>>>>>>
<<<<<<<<<<<<<<<<<<<<<<<<<<<<<<<<     Entering timestep        153     >>>>>>>>>>>>>>>>>>>>>>>>>>>>>>>>
<<<<<<<<<<<<<<<<<<<<<<<<<<<<<<<<  Trajectory time in fs      76.5000  >>>>>>>>>>>>>>>>>>>>>>>>>>>>>>>>
<<<<<<<<<<<<<<<<<<<<<<<<<<<<<<<<======================================>>>>>>>>>>>>>>>>>>>>>>>>>>>>>>>>
                                                        Start time: Mon Jul 27 18:00:58 2026
 
<<<<<<<<<<<<<<<<<<<<<<<<<<<<<<<<======================================>>>>>>>>>>>>>>>>>>>>>>>>>>>>>>>>
<<<<<<<<<<<<<<<<<<<<<<<<<<<<<<<<     Entering timestep        154     >>>>>>>>>>>>>>>>>>>>>>>>>>>>>>>>
<<<<<<<<<<<<<<<<<<<<<<<<<<<<<<<<  Trajectory time in fs      77.0000  >>>>>>>>>>>>>>>>>>>>>>>>>>>>>>>>
<<<<<<<<<<<<<<<<<<<<<<<<<<<<<<<<======================================>>>>>>>>>>>>>>>>>>>>>>>>>>>>>>>>
                                                        Start time: Mon Jul 27 18:01:35 2026
 
<<<<<<<<<<<<<<<<<<<<<<<<<<<<<<<<======================================>>>>>>>>>>>>>>>>>>>>>>>>>>>>>>>>
<<<<<<<<<<<<<<<<<<<<<<<<<<<<<<<<     Entering timestep        155     >>>>>>>>>>>>>>>>>>>>>>>>>>>>>>>>
<<<<<<<<<<<<<<<<<<<<<<<<<<<<<<<<  Trajectory time in fs      77.5000  >>>>>>>>>>>>>>>>>>>>>>>>>>>>>>>>
<<<<<<<<<<<<<<<<<<<<<<<<<<<<<<<<======================================>>>>>>>>>>>>>>>>>>>>>>>>>>>>>>>>
                                                        Start time: Mon Jul 27 18:02:06 2026
 
<<<<<<<<<<<<<<<<<<<<<<<<<<<<<<<<======================================>>>>>>>>>>>>>>>>>>>>>>>>>>>>>>>>
<<<<<<<<<<<<<<<<<<<<<<<<<<<<<<<<     Entering timestep        156     >>>>>>>>>>>>>>>>>>>>>>>>>>>>>>>>
<<<<<<<<<<<<<<<<<<<<<<<<<<<<<<<<  Trajectory time in fs      78.0000  >>>>>>>>>>>>>>>>>>>>>>>>>>>>>>>>
<<<<<<<<<<<<<<<<<<<<<<<<<<<<<<<<======================================>>>>>>>>>>>>>>>>>>>>>>>>>>>>>>>>
                                                        Start time: Mon Jul 27 18:02:34 2026
 
<<<<<<<<<<<<<<<<<<<<<<<<<<<<<<<<======================================>>>>>>>>>>>>>>>>>>>>>>>>>>>>>>>>
<<<<<<<<<<<<<<<<<<<<<<<<<<<<<<<<     Entering timestep        157     >>>>>>>>>>>>>>>>>>>>>>>>>>>>>>>>
<<<<<<<<<<<<<<<<<<<<<<<<<<<<<<<<  Trajectory time in fs      78.5000  >>>>>>>>>>>>>>>>>>>>>>>>>>>>>>>>
<<<<<<<<<<<<<<<<<<<<<<<<<<<<<<<<======================================>>>>>>>>>>>>>>>>>>>>>>>>>>>>>>>>
                                                        Start time: Mon Jul 27 18:03:03 2026
 
<<<<<<<<<<<<<<<<<<<<<<<<<<<<<<<<======================================>>>>>>>>>>>>>>>>>>>>>>>>>>>>>>>>
<<<<<<<<<<<<<<<<<<<<<<<<<<<<<<<<     Entering timestep        158     >>>>>>>>>>>>>>>>>>>>>>>>>>>>>>>>
<<<<<<<<<<<<<<<<<<<<<<<<<<<<<<<<  Trajectory time in fs      79.0000  >>>>>>>>>>>>>>>>>>>>>>>>>>>>>>>>
<<<<<<<<<<<<<<<<<<<<<<<<<<<<<<<<======================================>>>>>>>>>>>>>>>>>>>>>>>>>>>>>>>>
                                                        Start time: Mon Jul 27 18:03:28 2026
 
<<<<<<<<<<<<<<<<<<<<<<<<<<<<<<<<======================================>>>>>>>>>>>>>>>>>>>>>>>>>>>>>>>>
<<<<<<<<<<<<<<<<<<<<<<<<<<<<<<<<     Entering timestep        159     >>>>>>>>>>>>>>>>>>>>>>>>>>>>>>>>
<<<<<<<<<<<<<<<<<<<<<<<<<<<<<<<<  Trajectory time in fs      79.5000  >>>>>>>>>>>>>>>>>>>>>>>>>>>>>>>>
<<<<<<<<<<<<<<<<<<<<<<<<<<<<<<<<======================================>>>>>>>>>>>>>>>>>>>>>>>>>>>>>>>>
                                                        Start time: Mon Jul 27 18:03:55 2026
 
<<<<<<<<<<<<<<<<<<<<<<<<<<<<<<<<======================================>>>>>>>>>>>>>>>>>>>>>>>>>>>>>>>>
<<<<<<<<<<<<<<<<<<<<<<<<<<<<<<<<     Entering timestep        160     >>>>>>>>>>>>>>>>>>>>>>>>>>>>>>>>
<<<<<<<<<<<<<<<<<<<<<<<<<<<<<<<<  Trajectory time in fs      80.0000  >>>>>>>>>>>>>>>>>>>>>>>>>>>>>>>>
<<<<<<<<<<<<<<<<<<<<<<<<<<<<<<<<======================================>>>>>>>>>>>>>>>>>>>>>>>>>>>>>>>>
                                                        Start time: Mon Jul 27 18:04:22 2026
 
<<<<<<<<<<<<<<<<<<<<<<<<<<<<<<<<======================================>>>>>>>>>>>>>>>>>>>>>>>>>>>>>>>>
<<<<<<<<<<<<<<<<<<<<<<<<<<<<<<<<     Entering timestep        161     >>>>>>>>>>>>>>>>>>>>>>>>>>>>>>>>
<<<<<<<<<<<<<<<<<<<<<<<<<<<<<<<<  Trajectory time in fs      80.5000  >>>>>>>>>>>>>>>>>>>>>>>>>>>>>>>>
<<<<<<<<<<<<<<<<<<<<<<<<<<<<<<<<======================================>>>>>>>>>>>>>>>>>>>>>>>>>>>>>>>>
                                                        Start time: Mon Jul 27 18:04:51 2026
 
<<<<<<<<<<<<<<<<<<<<<<<<<<<<<<<<======================================>>>>>>>>>>>>>>>>>>>>>>>>>>>>>>>>
<<<<<<<<<<<<<<<<<<<<<<<<<<<<<<<<     Entering timestep        162     >>>>>>>>>>>>>>>>>>>>>>>>>>>>>>>>
<<<<<<<<<<<<<<<<<<<<<<<<<<<<<<<<  Trajectory time in fs      81.0000  >>>>>>>>>>>>>>>>>>>>>>>>>>>>>>>>
<<<<<<<<<<<<<<<<<<<<<<<<<<<<<<<<======================================>>>>>>>>>>>>>>>>>>>>>>>>>>>>>>>>
                                                        Start time: Mon Jul 27 18:05:17 2026
 
<<<<<<<<<<<<<<<<<<<<<<<<<<<<<<<<======================================>>>>>>>>>>>>>>>>>>>>>>>>>>>>>>>>
<<<<<<<<<<<<<<<<<<<<<<<<<<<<<<<<     Entering timestep        163     >>>>>>>>>>>>>>>>>>>>>>>>>>>>>>>>
<<<<<<<<<<<<<<<<<<<<<<<<<<<<<<<<  Trajectory time in fs      81.5000  >>>>>>>>>>>>>>>>>>>>>>>>>>>>>>>>
<<<<<<<<<<<<<<<<<<<<<<<<<<<<<<<<======================================>>>>>>>>>>>>>>>>>>>>>>>>>>>>>>>>
                                                        Start time: Mon Jul 27 18:05:44 2026
 
<<<<<<<<<<<<<<<<<<<<<<<<<<<<<<<<======================================>>>>>>>>>>>>>>>>>>>>>>>>>>>>>>>>
<<<<<<<<<<<<<<<<<<<<<<<<<<<<<<<<     Entering timestep        164     >>>>>>>>>>>>>>>>>>>>>>>>>>>>>>>>
<<<<<<<<<<<<<<<<<<<<<<<<<<<<<<<<  Trajectory time in fs      82.0000  >>>>>>>>>>>>>>>>>>>>>>>>>>>>>>>>
<<<<<<<<<<<<<<<<<<<<<<<<<<<<<<<<======================================>>>>>>>>>>>>>>>>>>>>>>>>>>>>>>>>
                                                        Start time: Mon Jul 27 18:06:10 2026
 
<<<<<<<<<<<<<<<<<<<<<<<<<<<<<<<<======================================>>>>>>>>>>>>>>>>>>>>>>>>>>>>>>>>
<<<<<<<<<<<<<<<<<<<<<<<<<<<<<<<<     Entering timestep        165     >>>>>>>>>>>>>>>>>>>>>>>>>>>>>>>>
<<<<<<<<<<<<<<<<<<<<<<<<<<<<<<<<  Trajectory time in fs      82.5000  >>>>>>>>>>>>>>>>>>>>>>>>>>>>>>>>
<<<<<<<<<<<<<<<<<<<<<<<<<<<<<<<<======================================>>>>>>>>>>>>>>>>>>>>>>>>>>>>>>>>
                                                        Start time: Mon Jul 27 18:06:30 2026
 
<<<<<<<<<<<<<<<<<<<<<<<<<<<<<<<<======================================>>>>>>>>>>>>>>>>>>>>>>>>>>>>>>>>
<<<<<<<<<<<<<<<<<<<<<<<<<<<<<<<<     Entering timestep        166     >>>>>>>>>>>>>>>>>>>>>>>>>>>>>>>>
<<<<<<<<<<<<<<<<<<<<<<<<<<<<<<<<  Trajectory time in fs      83.0000  >>>>>>>>>>>>>>>>>>>>>>>>>>>>>>>>
<<<<<<<<<<<<<<<<<<<<<<<<<<<<<<<<======================================>>>>>>>>>>>>>>>>>>>>>>>>>>>>>>>>
                                                        Start time: Mon Jul 27 18:07:02 2026
 
<<<<<<<<<<<<<<<<<<<<<<<<<<<<<<<<======================================>>>>>>>>>>>>>>>>>>>>>>>>>>>>>>>>
<<<<<<<<<<<<<<<<<<<<<<<<<<<<<<<<     Entering timestep        167     >>>>>>>>>>>>>>>>>>>>>>>>>>>>>>>>
<<<<<<<<<<<<<<<<<<<<<<<<<<<<<<<<  Trajectory time in fs      83.5000  >>>>>>>>>>>>>>>>>>>>>>>>>>>>>>>>
<<<<<<<<<<<<<<<<<<<<<<<<<<<<<<<<======================================>>>>>>>>>>>>>>>>>>>>>>>>>>>>>>>>
                                                        Start time: Mon Jul 27 18:07:28 2026
 
<<<<<<<<<<<<<<<<<<<<<<<<<<<<<<<<======================================>>>>>>>>>>>>>>>>>>>>>>>>>>>>>>>>
<<<<<<<<<<<<<<<<<<<<<<<<<<<<<<<<     Entering timestep        168     >>>>>>>>>>>>>>>>>>>>>>>>>>>>>>>>
<<<<<<<<<<<<<<<<<<<<<<<<<<<<<<<<  Trajectory time in fs      84.0000  >>>>>>>>>>>>>>>>>>>>>>>>>>>>>>>>
<<<<<<<<<<<<<<<<<<<<<<<<<<<<<<<<======================================>>>>>>>>>>>>>>>>>>>>>>>>>>>>>>>>
                                                        Start time: Mon Jul 27 18:07:53 2026
 
<<<<<<<<<<<<<<<<<<<<<<<<<<<<<<<<======================================>>>>>>>>>>>>>>>>>>>>>>>>>>>>>>>>
<<<<<<<<<<<<<<<<<<<<<<<<<<<<<<<<     Entering timestep        169     >>>>>>>>>>>>>>>>>>>>>>>>>>>>>>>>
<<<<<<<<<<<<<<<<<<<<<<<<<<<<<<<<  Trajectory time in fs      84.5000  >>>>>>>>>>>>>>>>>>>>>>>>>>>>>>>>
<<<<<<<<<<<<<<<<<<<<<<<<<<<<<<<<======================================>>>>>>>>>>>>>>>>>>>>>>>>>>>>>>>>
                                                        Start time: Mon Jul 27 18:08:18 2026
 
<<<<<<<<<<<<<<<<<<<<<<<<<<<<<<<<======================================>>>>>>>>>>>>>>>>>>>>>>>>>>>>>>>>
<<<<<<<<<<<<<<<<<<<<<<<<<<<<<<<<     Entering timestep        170     >>>>>>>>>>>>>>>>>>>>>>>>>>>>>>>>
<<<<<<<<<<<<<<<<<<<<<<<<<<<<<<<<  Trajectory time in fs      85.0000  >>>>>>>>>>>>>>>>>>>>>>>>>>>>>>>>
<<<<<<<<<<<<<<<<<<<<<<<<<<<<<<<<======================================>>>>>>>>>>>>>>>>>>>>>>>>>>>>>>>>
                                                        Start time: Mon Jul 27 18:08:48 2026
 
<<<<<<<<<<<<<<<<<<<<<<<<<<<<<<<<======================================>>>>>>>>>>>>>>>>>>>>>>>>>>>>>>>>
<<<<<<<<<<<<<<<<<<<<<<<<<<<<<<<<     Entering timestep        171     >>>>>>>>>>>>>>>>>>>>>>>>>>>>>>>>
<<<<<<<<<<<<<<<<<<<<<<<<<<<<<<<<  Trajectory time in fs      85.5000  >>>>>>>>>>>>>>>>>>>>>>>>>>>>>>>>
<<<<<<<<<<<<<<<<<<<<<<<<<<<<<<<<======================================>>>>>>>>>>>>>>>>>>>>>>>>>>>>>>>>
                                                        Start time: Mon Jul 27 18:09:20 2026
 
<<<<<<<<<<<<<<<<<<<<<<<<<<<<<<<<======================================>>>>>>>>>>>>>>>>>>>>>>>>>>>>>>>>
<<<<<<<<<<<<<<<<<<<<<<<<<<<<<<<<     Entering timestep        172     >>>>>>>>>>>>>>>>>>>>>>>>>>>>>>>>
<<<<<<<<<<<<<<<<<<<<<<<<<<<<<<<<  Trajectory time in fs      86.0000  >>>>>>>>>>>>>>>>>>>>>>>>>>>>>>>>
<<<<<<<<<<<<<<<<<<<<<<<<<<<<<<<<======================================>>>>>>>>>>>>>>>>>>>>>>>>>>>>>>>>
                                                        Start time: Mon Jul 27 18:09:47 2026
 
<<<<<<<<<<<<<<<<<<<<<<<<<<<<<<<<======================================>>>>>>>>>>>>>>>>>>>>>>>>>>>>>>>>
<<<<<<<<<<<<<<<<<<<<<<<<<<<<<<<<     Entering timestep        173     >>>>>>>>>>>>>>>>>>>>>>>>>>>>>>>>
<<<<<<<<<<<<<<<<<<<<<<<<<<<<<<<<  Trajectory time in fs      86.5000  >>>>>>>>>>>>>>>>>>>>>>>>>>>>>>>>
<<<<<<<<<<<<<<<<<<<<<<<<<<<<<<<<======================================>>>>>>>>>>>>>>>>>>>>>>>>>>>>>>>>
                                                        Start time: Mon Jul 27 18:10:16 2026
 
<<<<<<<<<<<<<<<<<<<<<<<<<<<<<<<<======================================>>>>>>>>>>>>>>>>>>>>>>>>>>>>>>>>
<<<<<<<<<<<<<<<<<<<<<<<<<<<<<<<<     Entering timestep        174     >>>>>>>>>>>>>>>>>>>>>>>>>>>>>>>>
<<<<<<<<<<<<<<<<<<<<<<<<<<<<<<<<  Trajectory time in fs      87.0000  >>>>>>>>>>>>>>>>>>>>>>>>>>>>>>>>
<<<<<<<<<<<<<<<<<<<<<<<<<<<<<<<<======================================>>>>>>>>>>>>>>>>>>>>>>>>>>>>>>>>
                                                        Start time: Mon Jul 27 18:10:42 2026
 
<<<<<<<<<<<<<<<<<<<<<<<<<<<<<<<<======================================>>>>>>>>>>>>>>>>>>>>>>>>>>>>>>>>
<<<<<<<<<<<<<<<<<<<<<<<<<<<<<<<<     Entering timestep        175     >>>>>>>>>>>>>>>>>>>>>>>>>>>>>>>>
<<<<<<<<<<<<<<<<<<<<<<<<<<<<<<<<  Trajectory time in fs      87.5000  >>>>>>>>>>>>>>>>>>>>>>>>>>>>>>>>
<<<<<<<<<<<<<<<<<<<<<<<<<<<<<<<<======================================>>>>>>>>>>>>>>>>>>>>>>>>>>>>>>>>
                                                        Start time: Mon Jul 27 18:11:09 2026
 
<<<<<<<<<<<<<<<<<<<<<<<<<<<<<<<<======================================>>>>>>>>>>>>>>>>>>>>>>>>>>>>>>>>
<<<<<<<<<<<<<<<<<<<<<<<<<<<<<<<<     Entering timestep        176     >>>>>>>>>>>>>>>>>>>>>>>>>>>>>>>>
<<<<<<<<<<<<<<<<<<<<<<<<<<<<<<<<  Trajectory time in fs      88.0000  >>>>>>>>>>>>>>>>>>>>>>>>>>>>>>>>
<<<<<<<<<<<<<<<<<<<<<<<<<<<<<<<<======================================>>>>>>>>>>>>>>>>>>>>>>>>>>>>>>>>
                                                        Start time: Mon Jul 27 18:11:42 2026
 
<<<<<<<<<<<<<<<<<<<<<<<<<<<<<<<<======================================>>>>>>>>>>>>>>>>>>>>>>>>>>>>>>>>
<<<<<<<<<<<<<<<<<<<<<<<<<<<<<<<<     Entering timestep        177     >>>>>>>>>>>>>>>>>>>>>>>>>>>>>>>>
<<<<<<<<<<<<<<<<<<<<<<<<<<<<<<<<  Trajectory time in fs      88.5000  >>>>>>>>>>>>>>>>>>>>>>>>>>>>>>>>
<<<<<<<<<<<<<<<<<<<<<<<<<<<<<<<<======================================>>>>>>>>>>>>>>>>>>>>>>>>>>>>>>>>
                                                        Start time: Mon Jul 27 18:12:12 2026
 
<<<<<<<<<<<<<<<<<<<<<<<<<<<<<<<<======================================>>>>>>>>>>>>>>>>>>>>>>>>>>>>>>>>
<<<<<<<<<<<<<<<<<<<<<<<<<<<<<<<<     Entering timestep        178     >>>>>>>>>>>>>>>>>>>>>>>>>>>>>>>>
<<<<<<<<<<<<<<<<<<<<<<<<<<<<<<<<  Trajectory time in fs      89.0000  >>>>>>>>>>>>>>>>>>>>>>>>>>>>>>>>
<<<<<<<<<<<<<<<<<<<<<<<<<<<<<<<<======================================>>>>>>>>>>>>>>>>>>>>>>>>>>>>>>>>
                                                        Start time: Mon Jul 27 18:12:39 2026
 
<<<<<<<<<<<<<<<<<<<<<<<<<<<<<<<<======================================>>>>>>>>>>>>>>>>>>>>>>>>>>>>>>>>
<<<<<<<<<<<<<<<<<<<<<<<<<<<<<<<<     Entering timestep        179     >>>>>>>>>>>>>>>>>>>>>>>>>>>>>>>>
<<<<<<<<<<<<<<<<<<<<<<<<<<<<<<<<  Trajectory time in fs      89.5000  >>>>>>>>>>>>>>>>>>>>>>>>>>>>>>>>
<<<<<<<<<<<<<<<<<<<<<<<<<<<<<<<<======================================>>>>>>>>>>>>>>>>>>>>>>>>>>>>>>>>
                                                        Start time: Mon Jul 27 18:13:14 2026
 
<<<<<<<<<<<<<<<<<<<<<<<<<<<<<<<<======================================>>>>>>>>>>>>>>>>>>>>>>>>>>>>>>>>
<<<<<<<<<<<<<<<<<<<<<<<<<<<<<<<<     Entering timestep        180     >>>>>>>>>>>>>>>>>>>>>>>>>>>>>>>>
<<<<<<<<<<<<<<<<<<<<<<<<<<<<<<<<  Trajectory time in fs      90.0000  >>>>>>>>>>>>>>>>>>>>>>>>>>>>>>>>
<<<<<<<<<<<<<<<<<<<<<<<<<<<<<<<<======================================>>>>>>>>>>>>>>>>>>>>>>>>>>>>>>>>
                                                        Start time: Mon Jul 27 18:13:45 2026
 
<<<<<<<<<<<<<<<<<<<<<<<<<<<<<<<<======================================>>>>>>>>>>>>>>>>>>>>>>>>>>>>>>>>
<<<<<<<<<<<<<<<<<<<<<<<<<<<<<<<<     Entering timestep        181     >>>>>>>>>>>>>>>>>>>>>>>>>>>>>>>>
<<<<<<<<<<<<<<<<<<<<<<<<<<<<<<<<  Trajectory time in fs      90.5000  >>>>>>>>>>>>>>>>>>>>>>>>>>>>>>>>
<<<<<<<<<<<<<<<<<<<<<<<<<<<<<<<<======================================>>>>>>>>>>>>>>>>>>>>>>>>>>>>>>>>
                                                        Start time: Mon Jul 27 18:14:17 2026
 
<<<<<<<<<<<<<<<<<<<<<<<<<<<<<<<<======================================>>>>>>>>>>>>>>>>>>>>>>>>>>>>>>>>
<<<<<<<<<<<<<<<<<<<<<<<<<<<<<<<<     Entering timestep        182     >>>>>>>>>>>>>>>>>>>>>>>>>>>>>>>>
<<<<<<<<<<<<<<<<<<<<<<<<<<<<<<<<  Trajectory time in fs      91.0000  >>>>>>>>>>>>>>>>>>>>>>>>>>>>>>>>
<<<<<<<<<<<<<<<<<<<<<<<<<<<<<<<<======================================>>>>>>>>>>>>>>>>>>>>>>>>>>>>>>>>
                                                        Start time: Mon Jul 27 18:14:43 2026
 
<<<<<<<<<<<<<<<<<<<<<<<<<<<<<<<<======================================>>>>>>>>>>>>>>>>>>>>>>>>>>>>>>>>
<<<<<<<<<<<<<<<<<<<<<<<<<<<<<<<<     Entering timestep        183     >>>>>>>>>>>>>>>>>>>>>>>>>>>>>>>>
<<<<<<<<<<<<<<<<<<<<<<<<<<<<<<<<  Trajectory time in fs      91.5000  >>>>>>>>>>>>>>>>>>>>>>>>>>>>>>>>
<<<<<<<<<<<<<<<<<<<<<<<<<<<<<<<<======================================>>>>>>>>>>>>>>>>>>>>>>>>>>>>>>>>
                                                        Start time: Mon Jul 27 18:15:13 2026
 
<<<<<<<<<<<<<<<<<<<<<<<<<<<<<<<<======================================>>>>>>>>>>>>>>>>>>>>>>>>>>>>>>>>
<<<<<<<<<<<<<<<<<<<<<<<<<<<<<<<<     Entering timestep        184     >>>>>>>>>>>>>>>>>>>>>>>>>>>>>>>>
<<<<<<<<<<<<<<<<<<<<<<<<<<<<<<<<  Trajectory time in fs      92.0000  >>>>>>>>>>>>>>>>>>>>>>>>>>>>>>>>
<<<<<<<<<<<<<<<<<<<<<<<<<<<<<<<<======================================>>>>>>>>>>>>>>>>>>>>>>>>>>>>>>>>
                                                        Start time: Mon Jul 27 18:16:24 2026
 
<<<<<<<<<<<<<<<<<<<<<<<<<<<<<<<<======================================>>>>>>>>>>>>>>>>>>>>>>>>>>>>>>>>
<<<<<<<<<<<<<<<<<<<<<<<<<<<<<<<<     Entering timestep        185     >>>>>>>>>>>>>>>>>>>>>>>>>>>>>>>>
<<<<<<<<<<<<<<<<<<<<<<<<<<<<<<<<  Trajectory time in fs      92.5000  >>>>>>>>>>>>>>>>>>>>>>>>>>>>>>>>
<<<<<<<<<<<<<<<<<<<<<<<<<<<<<<<<======================================>>>>>>>>>>>>>>>>>>>>>>>>>>>>>>>>
                                                        Start time: Mon Jul 27 18:17:04 2026
 
<<<<<<<<<<<<<<<<<<<<<<<<<<<<<<<<======================================>>>>>>>>>>>>>>>>>>>>>>>>>>>>>>>>
<<<<<<<<<<<<<<<<<<<<<<<<<<<<<<<<     Entering timestep        186     >>>>>>>>>>>>>>>>>>>>>>>>>>>>>>>>
<<<<<<<<<<<<<<<<<<<<<<<<<<<<<<<<  Trajectory time in fs      93.0000  >>>>>>>>>>>>>>>>>>>>>>>>>>>>>>>>
<<<<<<<<<<<<<<<<<<<<<<<<<<<<<<<<======================================>>>>>>>>>>>>>>>>>>>>>>>>>>>>>>>>
                                                        Start time: Mon Jul 27 18:17:41 2026
 
<<<<<<<<<<<<<<<<<<<<<<<<<<<<<<<<======================================>>>>>>>>>>>>>>>>>>>>>>>>>>>>>>>>
<<<<<<<<<<<<<<<<<<<<<<<<<<<<<<<<     Entering timestep        187     >>>>>>>>>>>>>>>>>>>>>>>>>>>>>>>>
<<<<<<<<<<<<<<<<<<<<<<<<<<<<<<<<  Trajectory time in fs      93.5000  >>>>>>>>>>>>>>>>>>>>>>>>>>>>>>>>
<<<<<<<<<<<<<<<<<<<<<<<<<<<<<<<<======================================>>>>>>>>>>>>>>>>>>>>>>>>>>>>>>>>
                                                        Start time: Mon Jul 27 18:18:08 2026
 
<<<<<<<<<<<<<<<<<<<<<<<<<<<<<<<<======================================>>>>>>>>>>>>>>>>>>>>>>>>>>>>>>>>
<<<<<<<<<<<<<<<<<<<<<<<<<<<<<<<<     Entering timestep        188     >>>>>>>>>>>>>>>>>>>>>>>>>>>>>>>>
<<<<<<<<<<<<<<<<<<<<<<<<<<<<<<<<  Trajectory time in fs      94.0000  >>>>>>>>>>>>>>>>>>>>>>>>>>>>>>>>
<<<<<<<<<<<<<<<<<<<<<<<<<<<<<<<<======================================>>>>>>>>>>>>>>>>>>>>>>>>>>>>>>>>
                                                        Start time: Mon Jul 27 18:18:48 2026
 
<<<<<<<<<<<<<<<<<<<<<<<<<<<<<<<<======================================>>>>>>>>>>>>>>>>>>>>>>>>>>>>>>>>
<<<<<<<<<<<<<<<<<<<<<<<<<<<<<<<<     Entering timestep        189     >>>>>>>>>>>>>>>>>>>>>>>>>>>>>>>>
<<<<<<<<<<<<<<<<<<<<<<<<<<<<<<<<  Trajectory time in fs      94.5000  >>>>>>>>>>>>>>>>>>>>>>>>>>>>>>>>
<<<<<<<<<<<<<<<<<<<<<<<<<<<<<<<<======================================>>>>>>>>>>>>>>>>>>>>>>>>>>>>>>>>
                                                        Start time: Mon Jul 27 18:19:14 2026
 
<<<<<<<<<<<<<<<<<<<<<<<<<<<<<<<<======================================>>>>>>>>>>>>>>>>>>>>>>>>>>>>>>>>
<<<<<<<<<<<<<<<<<<<<<<<<<<<<<<<<     Entering timestep        190     >>>>>>>>>>>>>>>>>>>>>>>>>>>>>>>>
<<<<<<<<<<<<<<<<<<<<<<<<<<<<<<<<  Trajectory time in fs      95.0000  >>>>>>>>>>>>>>>>>>>>>>>>>>>>>>>>
<<<<<<<<<<<<<<<<<<<<<<<<<<<<<<<<======================================>>>>>>>>>>>>>>>>>>>>>>>>>>>>>>>>
                                                        Start time: Mon Jul 27 18:19:40 2026
 
<<<<<<<<<<<<<<<<<<<<<<<<<<<<<<<<======================================>>>>>>>>>>>>>>>>>>>>>>>>>>>>>>>>
<<<<<<<<<<<<<<<<<<<<<<<<<<<<<<<<     Entering timestep        191     >>>>>>>>>>>>>>>>>>>>>>>>>>>>>>>>
<<<<<<<<<<<<<<<<<<<<<<<<<<<<<<<<  Trajectory time in fs      95.5000  >>>>>>>>>>>>>>>>>>>>>>>>>>>>>>>>
<<<<<<<<<<<<<<<<<<<<<<<<<<<<<<<<======================================>>>>>>>>>>>>>>>>>>>>>>>>>>>>>>>>
                                                        Start time: Mon Jul 27 18:20:11 2026
 
<<<<<<<<<<<<<<<<<<<<<<<<<<<<<<<<======================================>>>>>>>>>>>>>>>>>>>>>>>>>>>>>>>>
<<<<<<<<<<<<<<<<<<<<<<<<<<<<<<<<     Entering timestep        192     >>>>>>>>>>>>>>>>>>>>>>>>>>>>>>>>
<<<<<<<<<<<<<<<<<<<<<<<<<<<<<<<<  Trajectory time in fs      96.0000  >>>>>>>>>>>>>>>>>>>>>>>>>>>>>>>>
<<<<<<<<<<<<<<<<<<<<<<<<<<<<<<<<======================================>>>>>>>>>>>>>>>>>>>>>>>>>>>>>>>>
                                                        Start time: Mon Jul 27 18:21:19 2026
 
<<<<<<<<<<<<<<<<<<<<<<<<<<<<<<<<======================================>>>>>>>>>>>>>>>>>>>>>>>>>>>>>>>>
<<<<<<<<<<<<<<<<<<<<<<<<<<<<<<<<     Entering timestep        193     >>>>>>>>>>>>>>>>>>>>>>>>>>>>>>>>
<<<<<<<<<<<<<<<<<<<<<<<<<<<<<<<<  Trajectory time in fs      96.5000  >>>>>>>>>>>>>>>>>>>>>>>>>>>>>>>>
<<<<<<<<<<<<<<<<<<<<<<<<<<<<<<<<======================================>>>>>>>>>>>>>>>>>>>>>>>>>>>>>>>>
                                                        Start time: Mon Jul 27 18:21:48 2026
 
<<<<<<<<<<<<<<<<<<<<<<<<<<<<<<<<======================================>>>>>>>>>>>>>>>>>>>>>>>>>>>>>>>>
<<<<<<<<<<<<<<<<<<<<<<<<<<<<<<<<     Entering timestep        194     >>>>>>>>>>>>>>>>>>>>>>>>>>>>>>>>
<<<<<<<<<<<<<<<<<<<<<<<<<<<<<<<<  Trajectory time in fs      97.0000  >>>>>>>>>>>>>>>>>>>>>>>>>>>>>>>>
<<<<<<<<<<<<<<<<<<<<<<<<<<<<<<<<======================================>>>>>>>>>>>>>>>>>>>>>>>>>>>>>>>>
                                                        Start time: Mon Jul 27 18:22:20 2026
 
<<<<<<<<<<<<<<<<<<<<<<<<<<<<<<<<======================================>>>>>>>>>>>>>>>>>>>>>>>>>>>>>>>>
<<<<<<<<<<<<<<<<<<<<<<<<<<<<<<<<     Entering timestep        195     >>>>>>>>>>>>>>>>>>>>>>>>>>>>>>>>
<<<<<<<<<<<<<<<<<<<<<<<<<<<<<<<<  Trajectory time in fs      97.5000  >>>>>>>>>>>>>>>>>>>>>>>>>>>>>>>>
<<<<<<<<<<<<<<<<<<<<<<<<<<<<<<<<======================================>>>>>>>>>>>>>>>>>>>>>>>>>>>>>>>>
                                                        Start time: Mon Jul 27 18:22:49 2026
 
<<<<<<<<<<<<<<<<<<<<<<<<<<<<<<<<======================================>>>>>>>>>>>>>>>>>>>>>>>>>>>>>>>>
<<<<<<<<<<<<<<<<<<<<<<<<<<<<<<<<     Entering timestep        196     >>>>>>>>>>>>>>>>>>>>>>>>>>>>>>>>
<<<<<<<<<<<<<<<<<<<<<<<<<<<<<<<<  Trajectory time in fs      98.0000  >>>>>>>>>>>>>>>>>>>>>>>>>>>>>>>>
<<<<<<<<<<<<<<<<<<<<<<<<<<<<<<<<======================================>>>>>>>>>>>>>>>>>>>>>>>>>>>>>>>>
                                                        Start time: Mon Jul 27 18:23:19 2026
 
<<<<<<<<<<<<<<<<<<<<<<<<<<<<<<<<======================================>>>>>>>>>>>>>>>>>>>>>>>>>>>>>>>>
<<<<<<<<<<<<<<<<<<<<<<<<<<<<<<<<     Entering timestep        197     >>>>>>>>>>>>>>>>>>>>>>>>>>>>>>>>
<<<<<<<<<<<<<<<<<<<<<<<<<<<<<<<<  Trajectory time in fs      98.5000  >>>>>>>>>>>>>>>>>>>>>>>>>>>>>>>>
<<<<<<<<<<<<<<<<<<<<<<<<<<<<<<<<======================================>>>>>>>>>>>>>>>>>>>>>>>>>>>>>>>>
                                                        Start time: Mon Jul 27 18:24:22 2026
 
<<<<<<<<<<<<<<<<<<<<<<<<<<<<<<<<======================================>>>>>>>>>>>>>>>>>>>>>>>>>>>>>>>>
<<<<<<<<<<<<<<<<<<<<<<<<<<<<<<<<     Entering timestep        198     >>>>>>>>>>>>>>>>>>>>>>>>>>>>>>>>
<<<<<<<<<<<<<<<<<<<<<<<<<<<<<<<<  Trajectory time in fs      99.0000  >>>>>>>>>>>>>>>>>>>>>>>>>>>>>>>>
<<<<<<<<<<<<<<<<<<<<<<<<<<<<<<<<======================================>>>>>>>>>>>>>>>>>>>>>>>>>>>>>>>>
                                                        Start time: Mon Jul 27 18:25:00 2026
 
<<<<<<<<<<<<<<<<<<<<<<<<<<<<<<<<======================================>>>>>>>>>>>>>>>>>>>>>>>>>>>>>>>>
<<<<<<<<<<<<<<<<<<<<<<<<<<<<<<<<     Entering timestep        199     >>>>>>>>>>>>>>>>>>>>>>>>>>>>>>>>
<<<<<<<<<<<<<<<<<<<<<<<<<<<<<<<<  Trajectory time in fs      99.5000  >>>>>>>>>>>>>>>>>>>>>>>>>>>>>>>>
<<<<<<<<<<<<<<<<<<<<<<<<<<<<<<<<======================================>>>>>>>>>>>>>>>>>>>>>>>>>>>>>>>>
                                                        Start time: Mon Jul 27 18:25:28 2026
 
<<<<<<<<<<<<<<<<<<<<<<<<<<<<<<<<======================================>>>>>>>>>>>>>>>>>>>>>>>>>>>>>>>>
<<<<<<<<<<<<<<<<<<<<<<<<<<<<<<<<     Entering timestep        200     >>>>>>>>>>>>>>>>>>>>>>>>>>>>>>>>
<<<<<<<<<<<<<<<<<<<<<<<<<<<<<<<<  Trajectory time in fs     100.0000  >>>>>>>>>>>>>>>>>>>>>>>>>>>>>>>>
<<<<<<<<<<<<<<<<<<<<<<<<<<<<<<<<======================================>>>>>>>>>>>>>>>>>>>>>>>>>>>>>>>>
                                                        Start time: Mon Jul 27 18:26:24 2026
 
Total wallclock time:    0 days    2 h    1 min   32 sec
 -------------------------------------------------------------------------------
 -----------
 SHARC fun fact #4: SHARC is a common misspelling of a flightless, cartilaginous
  fish belon
 ging to the superorder selachimorpha, usually referred to as "sea dogs" until t
 he 16th cen
 tury.
 -------------------------------------------------------------------------------
 -----------
