SAVEDIR set to /project/lgagliardi/helenclifford/practice_rcc/sharc4/methaniminium/tutorial_reproduction/traj/Singlet_2/TRAJ_00009/restart
Scratchdir set to /scratch/midway3/helenclifford/sharc_scratch/methaniminium_tutorial/traj/Singlet_2/TRAJ_00009/QM
WARNING: 'no-douglas-kroll' not in template keywords: paddingstates, density_calculation_methods, tCI, basis, baslib, basis_per_element, basis_per_atom, nactel, ras1, ras2, ras3, inactive, roots, origin, origin_pos, isotope_elements, isotope_masses, method, functional, ipea, cort_or_dort, imaginary, frozen, gradaccudefault, gradaccumax, pcmset, pcmstate, iterations, cholesky_accu, rasscf_thrs, rasscf_levshift, rasscf_sxdamp, rasscf_noqune, rasscf_convergence_mults, rasscf_guess_jobiph, rasscf_guess_mult, rasscf_guess_step, mclr_iterations, mclr_cgs
WARNING: 'cholesky' not in template keywords: paddingstates, density_calculation_methods, tCI, basis, baslib, basis_per_element, basis_per_atom, nactel, ras1, ras2, ras3, inactive, roots, origin, origin_pos, isotope_elements, isotope_masses, method, functional, ipea, cort_or_dort, imaginary, frozen, gradaccudefault, gradaccumax, pcmset, pcmstate, iterations, cholesky_accu, rasscf_thrs, rasscf_levshift, rasscf_sxdamp, rasscf_noqune, rasscf_convergence_mults, rasscf_guess_jobiph, rasscf_guess_mult, rasscf_guess_step, mclr_iterations, mclr_cgs
paddingstates not specified setting default, [0, 0, 0]
Starting job execution
['gateway']
['seward']
['copy', '/project/lgagliardi/helenclifford/practice_rcc/sharc4/methaniminium/tutorial_reproduction/traj/Singlet_2/TRAJ_00009/QM/MOLCAS.1.RasOrb.init', 'INPORB']
['rasscf', 1, 4, False, True]
['copy', 'MOLCAS.rasscf.h5', 'MOLCAS.1.rasscf.h5']
['copy', 'MOLCAS.JobIph', 'MOLCAS.1.JobIph']
['copy', '/project/lgagliardi/helenclifford/practice_rcc/sharc4/methaniminium/tutorial_reproduction/traj/Singlet_2/TRAJ_00009/QM/MOLCAS.3.RasOrb.init', 'INPORB']
['rasscf', 3, 3, False, True]
['copy', 'MOLCAS.rasscf.h5', 'MOLCAS.3.rasscf.h5']
['copy', 'MOLCAS.JobIph', 'MOLCAS.3.JobIph']
['link', 'MOLCAS.1.JobIph', 'JOB001']
['rassi', 'dm', [4]]
['copy', 'MOLCAS.rassi.h5', 'MOLCAS.rassi.1.h5']
['link', 'MOLCAS.3.JobIph', 'JOB001']
['rassi', 'dm', [3]]
['copy', 'MOLCAS.rassi.h5', 'MOLCAS.rassi.3.h5']
['link', 'MOLCAS.1.JobIph', 'JOB001']
['link', 'MOLCAS.3.JobIph', 'JOB002']
['rassi', 'soc', [4, 3]]
['copy', '$master_path/MOLCAS.1.JobIph', 'JOBOLD']
['rasscf', 1, 4, True, False]
['mclr', 0.0001, 'sala=2']
['alaska']
['copy', '$master_path/MOLCAS.3.JobIph', 'JOBOLD']
['rasscf', 3, 3, True, False]
['mclr', 0.0001, 'sala=3']
['alaska']
['copy', '$master_path/MOLCAS.3.JobIph', 'JOBOLD']
['rasscf', 3, 3, True, False]
['mclr', 0.0001, 'sala=1']
['alaska']
['copy', '$master_path/MOLCAS.1.JobIph', 'JOBOLD']
['rasscf', 1, 4, True, False]
['mclr', 0.0001, 'sala=1']
['alaska']
['copy', '$master_path/MOLCAS.1.JobIph', 'JOBOLD']
['rasscf', 1, 4, True, False]
['mclr', 0.0001, 'sala=3']
['alaska']
['copy', '$master_path/MOLCAS.3.JobIph', 'JOBOLD']
['rasscf', 3, 3, True, False]
['mclr', 0.0001, 'sala=2']
['alaska']
['copy', '$master_path/MOLCAS.1.JobIph', 'JOBOLD']
['rasscf', 1, 4, True, False]
['mclr', 0.0001, 'sala=4']
['alaska']
All jobs finished:
job: master          code: 0    runtime: 0:00:22.138690
job: grad_1_2        code: 0    runtime: 0:00:07.203633
job: grad_3_3        code: 0    runtime: 0:00:19.516628
job: grad_3_1        code: 0    runtime: 0:00:11.381808
job: grad_1_1        code: 0    runtime: 0:00:10.093093
job: grad_1_3        code: 0    runtime: 0:00:10.126960
job: grad_3_2        code: 0    runtime: 0:00:11.199049
job: grad_1_4        code: 0    runtime: 0:00:02.593286

mkdir: cannot create directory '/project/lgagliardi/helenclifford/practice_rcc/sharc4/methaniminium/tutorial_reproduction/traj/Singlet_2/TRAJ_00009/restart': File exists
Starting job execution
['gateway']
['seward']
['copy', '/project/lgagliardi/helenclifford/practice_rcc/sharc4/methaniminium/tutorial_reproduction/traj/Singlet_2/TRAJ_00009/restart/MOLCAS.1.JobIph.0', 'JOBOLD']
['rasscf', 1, 4, True, False]
['copy', 'MOLCAS.rasscf.h5', 'MOLCAS.1.rasscf.h5']
['copy', 'MOLCAS.JobIph', 'MOLCAS.1.JobIph']
['copy', '/project/lgagliardi/helenclifford/practice_rcc/sharc4/methaniminium/tutorial_reproduction/traj/Singlet_2/TRAJ_00009/restart/MOLCAS.3.JobIph.0', 'JOBOLD']
['rasscf', 3, 3, True, False]
['copy', 'MOLCAS.rasscf.h5', 'MOLCAS.3.rasscf.h5']
['copy', 'MOLCAS.JobIph', 'MOLCAS.3.JobIph']
['link', 'MOLCAS.1.JobIph', 'JOB001']
['rassi', 'dm', [4]]
['copy', 'MOLCAS.rassi.h5', 'MOLCAS.rassi.1.h5']
['link', 'MOLCAS.3.JobIph', 'JOB001']
['rassi', 'dm', [3]]
['copy', 'MOLCAS.rassi.h5', 'MOLCAS.rassi.3.h5']
['copy', '/project/lgagliardi/helenclifford/practice_rcc/sharc4/methaniminium/tutorial_reproduction/traj/Singlet_2/TRAJ_00009/restart/MOLCAS.1.JobIph.0', 'JOB001']
['link', 'MOLCAS.1.JobIph', 'JOB002']
['rassi', 'overlap', [4, 4]]
['copy', 'MOLCAS.rassi.h5', 'MOLCAS.rassi.ovlp.1.h5']
['copy', '/project/lgagliardi/helenclifford/practice_rcc/sharc4/methaniminium/tutorial_reproduction/traj/Singlet_2/TRAJ_00009/restart/MOLCAS.3.JobIph.0', 'JOB001']
['link', 'MOLCAS.3.JobIph', 'JOB002']
['rassi', 'overlap', [3, 3]]
['copy', 'MOLCAS.rassi.h5', 'MOLCAS.rassi.ovlp.3.h5']
['link', 'MOLCAS.1.JobIph', 'JOB001']
['link', 'MOLCAS.3.JobIph', 'JOB002']
['rassi', 'soc', [4, 3]]
['copy', '$master_path/MOLCAS.1.JobIph', 'JOBOLD']
['rasscf', 1, 4, True, False]
['mclr', 0.0001, 'sala=3']
['alaska']
All jobs finished:
job: master          code: 0    runtime: 0:00:31.117909
job: grad_1_3        code: 0    runtime: 0:00:11.618514

Starting job execution
['gateway']
['seward']
['copy', '/project/lgagliardi/helenclifford/practice_rcc/sharc4/methaniminium/tutorial_reproduction/traj/Singlet_2/TRAJ_00009/restart/MOLCAS.1.JobIph.1', 'JOBOLD']
['rasscf', 1, 4, True, False]
['copy', 'MOLCAS.rasscf.h5', 'MOLCAS.1.rasscf.h5']
['copy', 'MOLCAS.JobIph', 'MOLCAS.1.JobIph']
['copy', '/project/lgagliardi/helenclifford/practice_rcc/sharc4/methaniminium/tutorial_reproduction/traj/Singlet_2/TRAJ_00009/restart/MOLCAS.3.JobIph.1', 'JOBOLD']
['rasscf', 3, 3, True, False]
['copy', 'MOLCAS.rasscf.h5', 'MOLCAS.3.rasscf.h5']
['copy', 'MOLCAS.JobIph', 'MOLCAS.3.JobIph']
['link', 'MOLCAS.1.JobIph', 'JOB001']
['rassi', 'dm', [4]]
['copy', 'MOLCAS.rassi.h5', 'MOLCAS.rassi.1.h5']
['link', 'MOLCAS.3.JobIph', 'JOB001']
['rassi', 'dm', [3]]
['copy', 'MOLCAS.rassi.h5', 'MOLCAS.rassi.3.h5']
['copy', '/project/lgagliardi/helenclifford/practice_rcc/sharc4/methaniminium/tutorial_reproduction/traj/Singlet_2/TRAJ_00009/restart/MOLCAS.1.JobIph.1', 'JOB001']
['link', 'MOLCAS.1.JobIph', 'JOB002']
['rassi', 'overlap', [4, 4]]
['copy', 'MOLCAS.rassi.h5', 'MOLCAS.rassi.ovlp.1.h5']
['copy', '/project/lgagliardi/helenclifford/practice_rcc/sharc4/methaniminium/tutorial_reproduction/traj/Singlet_2/TRAJ_00009/restart/MOLCAS.3.JobIph.1', 'JOB001']
['link', 'MOLCAS.3.JobIph', 'JOB002']
['rassi', 'overlap', [3, 3]]
['copy', 'MOLCAS.rassi.h5', 'MOLCAS.rassi.ovlp.3.h5']
['link', 'MOLCAS.1.JobIph', 'JOB001']
['link', 'MOLCAS.3.JobIph', 'JOB002']
['rassi', 'soc', [4, 3]]
['copy', '$master_path/MOLCAS.1.JobIph', 'JOBOLD']
['rasscf', 1, 4, True, False]
['mclr', 0.0001, 'sala=3']
['alaska']
All jobs finished:
job: master          code: 0    runtime: 0:00:24.802051
job: grad_1_3        code: 0    runtime: 0:00:09.013381

Starting job execution
['gateway']
['seward']
['copy', '/project/lgagliardi/helenclifford/practice_rcc/sharc4/methaniminium/tutorial_reproduction/traj/Singlet_2/TRAJ_00009/restart/MOLCAS.1.JobIph.2', 'JOBOLD']
['rasscf', 1, 4, True, False]
['copy', 'MOLCAS.rasscf.h5', 'MOLCAS.1.rasscf.h5']
['copy', 'MOLCAS.JobIph', 'MOLCAS.1.JobIph']
['copy', '/project/lgagliardi/helenclifford/practice_rcc/sharc4/methaniminium/tutorial_reproduction/traj/Singlet_2/TRAJ_00009/restart/MOLCAS.3.JobIph.2', 'JOBOLD']
['rasscf', 3, 3, True, False]
['copy', 'MOLCAS.rasscf.h5', 'MOLCAS.3.rasscf.h5']
['copy', 'MOLCAS.JobIph', 'MOLCAS.3.JobIph']
['link', 'MOLCAS.1.JobIph', 'JOB001']
['rassi', 'dm', [4]]
['copy', 'MOLCAS.rassi.h5', 'MOLCAS.rassi.1.h5']
['link', 'MOLCAS.3.JobIph', 'JOB001']
['rassi', 'dm', [3]]
['copy', 'MOLCAS.rassi.h5', 'MOLCAS.rassi.3.h5']
['copy', '/project/lgagliardi/helenclifford/practice_rcc/sharc4/methaniminium/tutorial_reproduction/traj/Singlet_2/TRAJ_00009/restart/MOLCAS.1.JobIph.2', 'JOB001']
['link', 'MOLCAS.1.JobIph', 'JOB002']
['rassi', 'overlap', [4, 4]]
['copy', 'MOLCAS.rassi.h5', 'MOLCAS.rassi.ovlp.1.h5']
['copy', '/project/lgagliardi/helenclifford/practice_rcc/sharc4/methaniminium/tutorial_reproduction/traj/Singlet_2/TRAJ_00009/restart/MOLCAS.3.JobIph.2', 'JOB001']
['link', 'MOLCAS.3.JobIph', 'JOB002']
['rassi', 'overlap', [3, 3]]
['copy', 'MOLCAS.rassi.h5', 'MOLCAS.rassi.ovlp.3.h5']
['link', 'MOLCAS.1.JobIph', 'JOB001']
['link', 'MOLCAS.3.JobIph', 'JOB002']
['rassi', 'soc', [4, 3]]
['copy', '$master_path/MOLCAS.1.JobIph', 'JOBOLD']
['rasscf', 1, 4, True, False]
['mclr', 0.0001, 'sala=3']
['alaska']
All jobs finished:
job: master          code: 0    runtime: 0:00:17.889655
job: grad_1_3        code: 0    runtime: 0:00:17.366980

Starting job execution
['gateway']
['seward']
['copy', '/project/lgagliardi/helenclifford/practice_rcc/sharc4/methaniminium/tutorial_reproduction/traj/Singlet_2/TRAJ_00009/restart/MOLCAS.1.JobIph.3', 'JOBOLD']
['rasscf', 1, 4, True, False]
['copy', 'MOLCAS.rasscf.h5', 'MOLCAS.1.rasscf.h5']
['copy', 'MOLCAS.JobIph', 'MOLCAS.1.JobIph']
['copy', '/project/lgagliardi/helenclifford/practice_rcc/sharc4/methaniminium/tutorial_reproduction/traj/Singlet_2/TRAJ_00009/restart/MOLCAS.3.JobIph.3', 'JOBOLD']
['rasscf', 3, 3, True, False]
['copy', 'MOLCAS.rasscf.h5', 'MOLCAS.3.rasscf.h5']
['copy', 'MOLCAS.JobIph', 'MOLCAS.3.JobIph']
['link', 'MOLCAS.1.JobIph', 'JOB001']
['rassi', 'dm', [4]]
['copy', 'MOLCAS.rassi.h5', 'MOLCAS.rassi.1.h5']
['link', 'MOLCAS.3.JobIph', 'JOB001']
['rassi', 'dm', [3]]
['copy', 'MOLCAS.rassi.h5', 'MOLCAS.rassi.3.h5']
['copy', '/project/lgagliardi/helenclifford/practice_rcc/sharc4/methaniminium/tutorial_reproduction/traj/Singlet_2/TRAJ_00009/restart/MOLCAS.1.JobIph.3', 'JOB001']
['link', 'MOLCAS.1.JobIph', 'JOB002']
['rassi', 'overlap', [4, 4]]
['copy', 'MOLCAS.rassi.h5', 'MOLCAS.rassi.ovlp.1.h5']
['copy', '/project/lgagliardi/helenclifford/practice_rcc/sharc4/methaniminium/tutorial_reproduction/traj/Singlet_2/TRAJ_00009/restart/MOLCAS.3.JobIph.3', 'JOB001']
['link', 'MOLCAS.3.JobIph', 'JOB002']
['rassi', 'overlap', [3, 3]]
['copy', 'MOLCAS.rassi.h5', 'MOLCAS.rassi.ovlp.3.h5']
['link', 'MOLCAS.1.JobIph', 'JOB001']
['link', 'MOLCAS.3.JobIph', 'JOB002']
['rassi', 'soc', [4, 3]]
['copy', '$master_path/MOLCAS.1.JobIph', 'JOBOLD']
['rasscf', 1, 4, True, False]
['mclr', 0.0001, 'sala=3']
['alaska']
All jobs finished:
job: master          code: 0    runtime: 0:00:21.179089
job: grad_1_3        code: 0    runtime: 0:00:10.006567

Starting job execution
['gateway']
['seward']
['copy', '/project/lgagliardi/helenclifford/practice_rcc/sharc4/methaniminium/tutorial_reproduction/traj/Singlet_2/TRAJ_00009/restart/MOLCAS.1.JobIph.4', 'JOBOLD']
['rasscf', 1, 4, True, False]
['copy', 'MOLCAS.rasscf.h5', 'MOLCAS.1.rasscf.h5']
['copy', 'MOLCAS.JobIph', 'MOLCAS.1.JobIph']
['copy', '/project/lgagliardi/helenclifford/practice_rcc/sharc4/methaniminium/tutorial_reproduction/traj/Singlet_2/TRAJ_00009/restart/MOLCAS.3.JobIph.4', 'JOBOLD']
['rasscf', 3, 3, True, False]
['copy', 'MOLCAS.rasscf.h5', 'MOLCAS.3.rasscf.h5']
['copy', 'MOLCAS.JobIph', 'MOLCAS.3.JobIph']
['link', 'MOLCAS.1.JobIph', 'JOB001']
['rassi', 'dm', [4]]
['copy', 'MOLCAS.rassi.h5', 'MOLCAS.rassi.1.h5']
['link', 'MOLCAS.3.JobIph', 'JOB001']
['rassi', 'dm', [3]]
['copy', 'MOLCAS.rassi.h5', 'MOLCAS.rassi.3.h5']
['copy', '/project/lgagliardi/helenclifford/practice_rcc/sharc4/methaniminium/tutorial_reproduction/traj/Singlet_2/TRAJ_00009/restart/MOLCAS.1.JobIph.4', 'JOB001']
['link', 'MOLCAS.1.JobIph', 'JOB002']
['rassi', 'overlap', [4, 4]]
['copy', 'MOLCAS.rassi.h5', 'MOLCAS.rassi.ovlp.1.h5']
['copy', '/project/lgagliardi/helenclifford/practice_rcc/sharc4/methaniminium/tutorial_reproduction/traj/Singlet_2/TRAJ_00009/restart/MOLCAS.3.JobIph.4', 'JOB001']
['link', 'MOLCAS.3.JobIph', 'JOB002']
['rassi', 'overlap', [3, 3]]
['copy', 'MOLCAS.rassi.h5', 'MOLCAS.rassi.ovlp.3.h5']
['link', 'MOLCAS.1.JobIph', 'JOB001']
['link', 'MOLCAS.3.JobIph', 'JOB002']
['rassi', 'soc', [4, 3]]
['copy', '$master_path/MOLCAS.1.JobIph', 'JOBOLD']
['rasscf', 1, 4, True, False]
['mclr', 0.0001, 'sala=3']
['alaska']
All jobs finished:
job: master          code: 0    runtime: 0:00:21.599688
job: grad_1_3        code: 0    runtime: 0:00:12.183463

Starting job execution
['gateway']
['seward']
['copy', '/project/lgagliardi/helenclifford/practice_rcc/sharc4/methaniminium/tutorial_reproduction/traj/Singlet_2/TRAJ_00009/restart/MOLCAS.1.JobIph.5', 'JOBOLD']
['rasscf', 1, 4, True, False]
['copy', 'MOLCAS.rasscf.h5', 'MOLCAS.1.rasscf.h5']
['copy', 'MOLCAS.JobIph', 'MOLCAS.1.JobIph']
['copy', '/project/lgagliardi/helenclifford/practice_rcc/sharc4/methaniminium/tutorial_reproduction/traj/Singlet_2/TRAJ_00009/restart/MOLCAS.3.JobIph.5', 'JOBOLD']
['rasscf', 3, 3, True, False]
['copy', 'MOLCAS.rasscf.h5', 'MOLCAS.3.rasscf.h5']
['copy', 'MOLCAS.JobIph', 'MOLCAS.3.JobIph']
['link', 'MOLCAS.1.JobIph', 'JOB001']
['rassi', 'dm', [4]]
['copy', 'MOLCAS.rassi.h5', 'MOLCAS.rassi.1.h5']
['link', 'MOLCAS.3.JobIph', 'JOB001']
['rassi', 'dm', [3]]
['copy', 'MOLCAS.rassi.h5', 'MOLCAS.rassi.3.h5']
['copy', '/project/lgagliardi/helenclifford/practice_rcc/sharc4/methaniminium/tutorial_reproduction/traj/Singlet_2/TRAJ_00009/restart/MOLCAS.1.JobIph.5', 'JOB001']
['link', 'MOLCAS.1.JobIph', 'JOB002']
['rassi', 'overlap', [4, 4]]
['copy', 'MOLCAS.rassi.h5', 'MOLCAS.rassi.ovlp.1.h5']
['copy', '/project/lgagliardi/helenclifford/practice_rcc/sharc4/methaniminium/tutorial_reproduction/traj/Singlet_2/TRAJ_00009/restart/MOLCAS.3.JobIph.5', 'JOB001']
['link', 'MOLCAS.3.JobIph', 'JOB002']
['rassi', 'overlap', [3, 3]]
['copy', 'MOLCAS.rassi.h5', 'MOLCAS.rassi.ovlp.3.h5']
['link', 'MOLCAS.1.JobIph', 'JOB001']
['link', 'MOLCAS.3.JobIph', 'JOB002']
['rassi', 'soc', [4, 3]]
['copy', '$master_path/MOLCAS.1.JobIph', 'JOBOLD']
['rasscf', 1, 4, True, False]
['mclr', 0.0001, 'sala=3']
['alaska']
All jobs finished:
job: master          code: 0    runtime: 0:00:18.085114
job: grad_1_3        code: 0    runtime: 0:00:02.621678

Starting job execution
['gateway']
['seward']
['copy', '/project/lgagliardi/helenclifford/practice_rcc/sharc4/methaniminium/tutorial_reproduction/traj/Singlet_2/TRAJ_00009/restart/MOLCAS.1.JobIph.6', 'JOBOLD']
['rasscf', 1, 4, True, False]
['copy', 'MOLCAS.rasscf.h5', 'MOLCAS.1.rasscf.h5']
['copy', 'MOLCAS.JobIph', 'MOLCAS.1.JobIph']
['copy', '/project/lgagliardi/helenclifford/practice_rcc/sharc4/methaniminium/tutorial_reproduction/traj/Singlet_2/TRAJ_00009/restart/MOLCAS.3.JobIph.6', 'JOBOLD']
['rasscf', 3, 3, True, False]
['copy', 'MOLCAS.rasscf.h5', 'MOLCAS.3.rasscf.h5']
['copy', 'MOLCAS.JobIph', 'MOLCAS.3.JobIph']
['link', 'MOLCAS.1.JobIph', 'JOB001']
['rassi', 'dm', [4]]
['copy', 'MOLCAS.rassi.h5', 'MOLCAS.rassi.1.h5']
['link', 'MOLCAS.3.JobIph', 'JOB001']
['rassi', 'dm', [3]]
['copy', 'MOLCAS.rassi.h5', 'MOLCAS.rassi.3.h5']
['copy', '/project/lgagliardi/helenclifford/practice_rcc/sharc4/methaniminium/tutorial_reproduction/traj/Singlet_2/TRAJ_00009/restart/MOLCAS.1.JobIph.5', 'JOB001']
['link', 'MOLCAS.1.JobIph', 'JOB002']
['rassi', 'overlap', [4, 4]]
['copy', 'MOLCAS.rassi.h5', 'MOLCAS.rassi.ovlp.1.h5']
['copy', '/project/lgagliardi/helenclifford/practice_rcc/sharc4/methaniminium/tutorial_reproduction/traj/Singlet_2/TRAJ_00009/restart/MOLCAS.3.JobIph.5', 'JOB001']
['link', 'MOLCAS.3.JobIph', 'JOB002']
['rassi', 'overlap', [3, 3]]
['copy', 'MOLCAS.rassi.h5', 'MOLCAS.rassi.ovlp.3.h5']
['link', 'MOLCAS.1.JobIph', 'JOB001']
['link', 'MOLCAS.3.JobIph', 'JOB002']
['rassi', 'soc', [4, 3]]
['copy', '$master_path/MOLCAS.1.JobIph', 'JOBOLD']
['rasscf', 1, 4, True, False]
['mclr', 0.0001, 'sala=2']
['alaska']
All jobs finished:
job: master          code: 0    runtime: 0:00:27.922559
job: grad_1_2        code: 0    runtime: 0:00:07.821086

Starting job execution
['gateway']
['seward']
['copy', '/project/lgagliardi/helenclifford/practice_rcc/sharc4/methaniminium/tutorial_reproduction/traj/Singlet_2/TRAJ_00009/restart/MOLCAS.1.JobIph.6', 'JOBOLD']
['rasscf', 1, 4, True, False]
['copy', 'MOLCAS.rasscf.h5', 'MOLCAS.1.rasscf.h5']
['copy', 'MOLCAS.JobIph', 'MOLCAS.1.JobIph']
['copy', '/project/lgagliardi/helenclifford/practice_rcc/sharc4/methaniminium/tutorial_reproduction/traj/Singlet_2/TRAJ_00009/restart/MOLCAS.3.JobIph.6', 'JOBOLD']
['rasscf', 3, 3, True, False]
['copy', 'MOLCAS.rasscf.h5', 'MOLCAS.3.rasscf.h5']
['copy', 'MOLCAS.JobIph', 'MOLCAS.3.JobIph']
['link', 'MOLCAS.1.JobIph', 'JOB001']
['rassi', 'dm', [4]]
['copy', 'MOLCAS.rassi.h5', 'MOLCAS.rassi.1.h5']
['link', 'MOLCAS.3.JobIph', 'JOB001']
['rassi', 'dm', [3]]
['copy', 'MOLCAS.rassi.h5', 'MOLCAS.rassi.3.h5']
['copy', '/project/lgagliardi/helenclifford/practice_rcc/sharc4/methaniminium/tutorial_reproduction/traj/Singlet_2/TRAJ_00009/restart/MOLCAS.1.JobIph.6', 'JOB001']
['link', 'MOLCAS.1.JobIph', 'JOB002']
['rassi', 'overlap', [4, 4]]
['copy', 'MOLCAS.rassi.h5', 'MOLCAS.rassi.ovlp.1.h5']
['copy', '/project/lgagliardi/helenclifford/practice_rcc/sharc4/methaniminium/tutorial_reproduction/traj/Singlet_2/TRAJ_00009/restart/MOLCAS.3.JobIph.6', 'JOB001']
['link', 'MOLCAS.3.JobIph', 'JOB002']
['rassi', 'overlap', [3, 3]]
['copy', 'MOLCAS.rassi.h5', 'MOLCAS.rassi.ovlp.3.h5']
['link', 'MOLCAS.1.JobIph', 'JOB001']
['link', 'MOLCAS.3.JobIph', 'JOB002']
['rassi', 'soc', [4, 3]]
['copy', '$master_path/MOLCAS.1.JobIph', 'JOBOLD']
['rasscf', 1, 4, True, False]
['mclr', 0.0001, 'sala=2']
['alaska']
All jobs finished:
job: master          code: 0    runtime: 0:00:15.287813
job: grad_1_2        code: 0    runtime: 0:00:11.503174

Starting job execution
['gateway']
['seward']
['copy', '/project/lgagliardi/helenclifford/practice_rcc/sharc4/methaniminium/tutorial_reproduction/traj/Singlet_2/TRAJ_00009/restart/MOLCAS.1.JobIph.7', 'JOBOLD']
['rasscf', 1, 4, True, False]
['copy', 'MOLCAS.rasscf.h5', 'MOLCAS.1.rasscf.h5']
['copy', 'MOLCAS.JobIph', 'MOLCAS.1.JobIph']
['copy', '/project/lgagliardi/helenclifford/practice_rcc/sharc4/methaniminium/tutorial_reproduction/traj/Singlet_2/TRAJ_00009/restart/MOLCAS.3.JobIph.7', 'JOBOLD']
['rasscf', 3, 3, True, False]
['copy', 'MOLCAS.rasscf.h5', 'MOLCAS.3.rasscf.h5']
['copy', 'MOLCAS.JobIph', 'MOLCAS.3.JobIph']
['link', 'MOLCAS.1.JobIph', 'JOB001']
['rassi', 'dm', [4]]
['copy', 'MOLCAS.rassi.h5', 'MOLCAS.rassi.1.h5']
['link', 'MOLCAS.3.JobIph', 'JOB001']
['rassi', 'dm', [3]]
['copy', 'MOLCAS.rassi.h5', 'MOLCAS.rassi.3.h5']
['copy', '/project/lgagliardi/helenclifford/practice_rcc/sharc4/methaniminium/tutorial_reproduction/traj/Singlet_2/TRAJ_00009/restart/MOLCAS.1.JobIph.7', 'JOB001']
['link', 'MOLCAS.1.JobIph', 'JOB002']
['rassi', 'overlap', [4, 4]]
['copy', 'MOLCAS.rassi.h5', 'MOLCAS.rassi.ovlp.1.h5']
['copy', '/project/lgagliardi/helenclifford/practice_rcc/sharc4/methaniminium/tutorial_reproduction/traj/Singlet_2/TRAJ_00009/restart/MOLCAS.3.JobIph.7', 'JOB001']
['link', 'MOLCAS.3.JobIph', 'JOB002']
['rassi', 'overlap', [3, 3]]
['copy', 'MOLCAS.rassi.h5', 'MOLCAS.rassi.ovlp.3.h5']
['link', 'MOLCAS.1.JobIph', 'JOB001']
['link', 'MOLCAS.3.JobIph', 'JOB002']
['rassi', 'soc', [4, 3]]
['copy', '$master_path/MOLCAS.1.JobIph', 'JOBOLD']
['rasscf', 1, 4, True, False]
['mclr', 0.0001, 'sala=2']
['alaska']
All jobs finished:
job: master          code: 0    runtime: 0:00:18.574932
job: grad_1_2        code: 0    runtime: 0:00:07.965832

Starting job execution
['gateway']
['seward']
['copy', '/project/lgagliardi/helenclifford/practice_rcc/sharc4/methaniminium/tutorial_reproduction/traj/Singlet_2/TRAJ_00009/restart/MOLCAS.1.JobIph.8', 'JOBOLD']
['rasscf', 1, 4, True, False]
['copy', 'MOLCAS.rasscf.h5', 'MOLCAS.1.rasscf.h5']
['copy', 'MOLCAS.JobIph', 'MOLCAS.1.JobIph']
['copy', '/project/lgagliardi/helenclifford/practice_rcc/sharc4/methaniminium/tutorial_reproduction/traj/Singlet_2/TRAJ_00009/restart/MOLCAS.3.JobIph.8', 'JOBOLD']
['rasscf', 3, 3, True, False]
['copy', 'MOLCAS.rasscf.h5', 'MOLCAS.3.rasscf.h5']
['copy', 'MOLCAS.JobIph', 'MOLCAS.3.JobIph']
['link', 'MOLCAS.1.JobIph', 'JOB001']
['rassi', 'dm', [4]]
['copy', 'MOLCAS.rassi.h5', 'MOLCAS.rassi.1.h5']
['link', 'MOLCAS.3.JobIph', 'JOB001']
['rassi', 'dm', [3]]
['copy', 'MOLCAS.rassi.h5', 'MOLCAS.rassi.3.h5']
['copy', '/project/lgagliardi/helenclifford/practice_rcc/sharc4/methaniminium/tutorial_reproduction/traj/Singlet_2/TRAJ_00009/restart/MOLCAS.1.JobIph.8', 'JOB001']
['link', 'MOLCAS.1.JobIph', 'JOB002']
['rassi', 'overlap', [4, 4]]
['copy', 'MOLCAS.rassi.h5', 'MOLCAS.rassi.ovlp.1.h5']
['copy', '/project/lgagliardi/helenclifford/practice_rcc/sharc4/methaniminium/tutorial_reproduction/traj/Singlet_2/TRAJ_00009/restart/MOLCAS.3.JobIph.8', 'JOB001']
['link', 'MOLCAS.3.JobIph', 'JOB002']
['rassi', 'overlap', [3, 3]]
['copy', 'MOLCAS.rassi.h5', 'MOLCAS.rassi.ovlp.3.h5']
['link', 'MOLCAS.1.JobIph', 'JOB001']
['link', 'MOLCAS.3.JobIph', 'JOB002']
['rassi', 'soc', [4, 3]]
['copy', '$master_path/MOLCAS.1.JobIph', 'JOBOLD']
['rasscf', 1, 4, True, False]
['mclr', 0.0001, 'sala=2']
['alaska']
All jobs finished:
job: master          code: 0    runtime: 0:00:17.927310
job: grad_1_2        code: 0    runtime: 0:00:11.984493

Starting job execution
['gateway']
['seward']
['copy', '/project/lgagliardi/helenclifford/practice_rcc/sharc4/methaniminium/tutorial_reproduction/traj/Singlet_2/TRAJ_00009/restart/MOLCAS.1.JobIph.9', 'JOBOLD']
['rasscf', 1, 4, True, False]
['copy', 'MOLCAS.rasscf.h5', 'MOLCAS.1.rasscf.h5']
['copy', 'MOLCAS.JobIph', 'MOLCAS.1.JobIph']
['copy', '/project/lgagliardi/helenclifford/practice_rcc/sharc4/methaniminium/tutorial_reproduction/traj/Singlet_2/TRAJ_00009/restart/MOLCAS.3.JobIph.9', 'JOBOLD']
['rasscf', 3, 3, True, False]
['copy', 'MOLCAS.rasscf.h5', 'MOLCAS.3.rasscf.h5']
['copy', 'MOLCAS.JobIph', 'MOLCAS.3.JobIph']
['link', 'MOLCAS.1.JobIph', 'JOB001']
['rassi', 'dm', [4]]
['copy', 'MOLCAS.rassi.h5', 'MOLCAS.rassi.1.h5']
['link', 'MOLCAS.3.JobIph', 'JOB001']
['rassi', 'dm', [3]]
['copy', 'MOLCAS.rassi.h5', 'MOLCAS.rassi.3.h5']
['copy', '/project/lgagliardi/helenclifford/practice_rcc/sharc4/methaniminium/tutorial_reproduction/traj/Singlet_2/TRAJ_00009/restart/MOLCAS.1.JobIph.9', 'JOB001']
['link', 'MOLCAS.1.JobIph', 'JOB002']
['rassi', 'overlap', [4, 4]]
['copy', 'MOLCAS.rassi.h5', 'MOLCAS.rassi.ovlp.1.h5']
['copy', '/project/lgagliardi/helenclifford/practice_rcc/sharc4/methaniminium/tutorial_reproduction/traj/Singlet_2/TRAJ_00009/restart/MOLCAS.3.JobIph.9', 'JOB001']
['link', 'MOLCAS.3.JobIph', 'JOB002']
['rassi', 'overlap', [3, 3]]
['copy', 'MOLCAS.rassi.h5', 'MOLCAS.rassi.ovlp.3.h5']
['link', 'MOLCAS.1.JobIph', 'JOB001']
['link', 'MOLCAS.3.JobIph', 'JOB002']
['rassi', 'soc', [4, 3]]
['copy', '$master_path/MOLCAS.1.JobIph', 'JOBOLD']
['rasscf', 1, 4, True, False]
['mclr', 0.0001, 'sala=2']
['alaska']
All jobs finished:
job: master          code: 0    runtime: 0:00:13.584475
job: grad_1_2        code: 0    runtime: 0:00:07.868702

Starting job execution
['gateway']
['seward']
['copy', '/project/lgagliardi/helenclifford/practice_rcc/sharc4/methaniminium/tutorial_reproduction/traj/Singlet_2/TRAJ_00009/restart/MOLCAS.1.JobIph.10', 'JOBOLD']
['rasscf', 1, 4, True, False]
['copy', 'MOLCAS.rasscf.h5', 'MOLCAS.1.rasscf.h5']
['copy', 'MOLCAS.JobIph', 'MOLCAS.1.JobIph']
['copy', '/project/lgagliardi/helenclifford/practice_rcc/sharc4/methaniminium/tutorial_reproduction/traj/Singlet_2/TRAJ_00009/restart/MOLCAS.3.JobIph.10', 'JOBOLD']
['rasscf', 3, 3, True, False]
['copy', 'MOLCAS.rasscf.h5', 'MOLCAS.3.rasscf.h5']
['copy', 'MOLCAS.JobIph', 'MOLCAS.3.JobIph']
['link', 'MOLCAS.1.JobIph', 'JOB001']
['rassi', 'dm', [4]]
['copy', 'MOLCAS.rassi.h5', 'MOLCAS.rassi.1.h5']
['link', 'MOLCAS.3.JobIph', 'JOB001']
['rassi', 'dm', [3]]
['copy', 'MOLCAS.rassi.h5', 'MOLCAS.rassi.3.h5']
['copy', '/project/lgagliardi/helenclifford/practice_rcc/sharc4/methaniminium/tutorial_reproduction/traj/Singlet_2/TRAJ_00009/restart/MOLCAS.1.JobIph.10', 'JOB001']
['link', 'MOLCAS.1.JobIph', 'JOB002']
['rassi', 'overlap', [4, 4]]
['copy', 'MOLCAS.rassi.h5', 'MOLCAS.rassi.ovlp.1.h5']
['copy', '/project/lgagliardi/helenclifford/practice_rcc/sharc4/methaniminium/tutorial_reproduction/traj/Singlet_2/TRAJ_00009/restart/MOLCAS.3.JobIph.10', 'JOB001']
['link', 'MOLCAS.3.JobIph', 'JOB002']
['rassi', 'overlap', [3, 3]]
['copy', 'MOLCAS.rassi.h5', 'MOLCAS.rassi.ovlp.3.h5']
['link', 'MOLCAS.1.JobIph', 'JOB001']
['link', 'MOLCAS.3.JobIph', 'JOB002']
['rassi', 'soc', [4, 3]]
['copy', '$master_path/MOLCAS.1.JobIph', 'JOBOLD']
['rasscf', 1, 4, True, False]
['mclr', 0.0001, 'sala=2']
['alaska']
All jobs finished:
job: master          code: 0    runtime: 0:00:18.900379
job: grad_1_2        code: 0    runtime: 0:00:09.052683

Starting job execution
['gateway']
['seward']
['copy', '/project/lgagliardi/helenclifford/practice_rcc/sharc4/methaniminium/tutorial_reproduction/traj/Singlet_2/TRAJ_00009/restart/MOLCAS.1.JobIph.11', 'JOBOLD']
['rasscf', 1, 4, True, False]
['copy', 'MOLCAS.rasscf.h5', 'MOLCAS.1.rasscf.h5']
['copy', 'MOLCAS.JobIph', 'MOLCAS.1.JobIph']
['copy', '/project/lgagliardi/helenclifford/practice_rcc/sharc4/methaniminium/tutorial_reproduction/traj/Singlet_2/TRAJ_00009/restart/MOLCAS.3.JobIph.11', 'JOBOLD']
['rasscf', 3, 3, True, False]
['copy', 'MOLCAS.rasscf.h5', 'MOLCAS.3.rasscf.h5']
['copy', 'MOLCAS.JobIph', 'MOLCAS.3.JobIph']
['link', 'MOLCAS.1.JobIph', 'JOB001']
['rassi', 'dm', [4]]
['copy', 'MOLCAS.rassi.h5', 'MOLCAS.rassi.1.h5']
['link', 'MOLCAS.3.JobIph', 'JOB001']
['rassi', 'dm', [3]]
['copy', 'MOLCAS.rassi.h5', 'MOLCAS.rassi.3.h5']
['copy', '/project/lgagliardi/helenclifford/practice_rcc/sharc4/methaniminium/tutorial_reproduction/traj/Singlet_2/TRAJ_00009/restart/MOLCAS.1.JobIph.11', 'JOB001']
['link', 'MOLCAS.1.JobIph', 'JOB002']
['rassi', 'overlap', [4, 4]]
['copy', 'MOLCAS.rassi.h5', 'MOLCAS.rassi.ovlp.1.h5']
['copy', '/project/lgagliardi/helenclifford/practice_rcc/sharc4/methaniminium/tutorial_reproduction/traj/Singlet_2/TRAJ_00009/restart/MOLCAS.3.JobIph.11', 'JOB001']
['link', 'MOLCAS.3.JobIph', 'JOB002']
['rassi', 'overlap', [3, 3]]
['copy', 'MOLCAS.rassi.h5', 'MOLCAS.rassi.ovlp.3.h5']
['link', 'MOLCAS.1.JobIph', 'JOB001']
['link', 'MOLCAS.3.JobIph', 'JOB002']
['rassi', 'soc', [4, 3]]
['copy', '$master_path/MOLCAS.1.JobIph', 'JOBOLD']
['rasscf', 1, 4, True, False]
['mclr', 0.0001, 'sala=2']
['alaska']
All jobs finished:
job: master          code: 0    runtime: 0:00:20.252433
job: grad_1_2        code: 0    runtime: 0:00:09.090206

Starting job execution
['gateway']
['seward']
['copy', '/project/lgagliardi/helenclifford/practice_rcc/sharc4/methaniminium/tutorial_reproduction/traj/Singlet_2/TRAJ_00009/restart/MOLCAS.1.JobIph.12', 'JOBOLD']
['rasscf', 1, 4, True, False]
['copy', 'MOLCAS.rasscf.h5', 'MOLCAS.1.rasscf.h5']
['copy', 'MOLCAS.JobIph', 'MOLCAS.1.JobIph']
['copy', '/project/lgagliardi/helenclifford/practice_rcc/sharc4/methaniminium/tutorial_reproduction/traj/Singlet_2/TRAJ_00009/restart/MOLCAS.3.JobIph.12', 'JOBOLD']
['rasscf', 3, 3, True, False]
['copy', 'MOLCAS.rasscf.h5', 'MOLCAS.3.rasscf.h5']
['copy', 'MOLCAS.JobIph', 'MOLCAS.3.JobIph']
['link', 'MOLCAS.1.JobIph', 'JOB001']
['rassi', 'dm', [4]]
['copy', 'MOLCAS.rassi.h5', 'MOLCAS.rassi.1.h5']
['link', 'MOLCAS.3.JobIph', 'JOB001']
['rassi', 'dm', [3]]
['copy', 'MOLCAS.rassi.h5', 'MOLCAS.rassi.3.h5']
['copy', '/project/lgagliardi/helenclifford/practice_rcc/sharc4/methaniminium/tutorial_reproduction/traj/Singlet_2/TRAJ_00009/restart/MOLCAS.1.JobIph.12', 'JOB001']
['link', 'MOLCAS.1.JobIph', 'JOB002']
['rassi', 'overlap', [4, 4]]
['copy', 'MOLCAS.rassi.h5', 'MOLCAS.rassi.ovlp.1.h5']
['copy', '/project/lgagliardi/helenclifford/practice_rcc/sharc4/methaniminium/tutorial_reproduction/traj/Singlet_2/TRAJ_00009/restart/MOLCAS.3.JobIph.12', 'JOB001']
['link', 'MOLCAS.3.JobIph', 'JOB002']
['rassi', 'overlap', [3, 3]]
['copy', 'MOLCAS.rassi.h5', 'MOLCAS.rassi.ovlp.3.h5']
['link', 'MOLCAS.1.JobIph', 'JOB001']
['link', 'MOLCAS.3.JobIph', 'JOB002']
['rassi', 'soc', [4, 3]]
['copy', '$master_path/MOLCAS.1.JobIph', 'JOBOLD']
['rasscf', 1, 4, True, False]
['mclr', 0.0001, 'sala=2']
['alaska']
All jobs finished:
job: master          code: 0    runtime: 0:00:20.312939
job: grad_1_2        code: 0    runtime: 0:00:08.746810

Starting job execution
['gateway']
['seward']
['copy', '/project/lgagliardi/helenclifford/practice_rcc/sharc4/methaniminium/tutorial_reproduction/traj/Singlet_2/TRAJ_00009/restart/MOLCAS.1.JobIph.13', 'JOBOLD']
['rasscf', 1, 4, True, False]
['copy', 'MOLCAS.rasscf.h5', 'MOLCAS.1.rasscf.h5']
['copy', 'MOLCAS.JobIph', 'MOLCAS.1.JobIph']
['copy', '/project/lgagliardi/helenclifford/practice_rcc/sharc4/methaniminium/tutorial_reproduction/traj/Singlet_2/TRAJ_00009/restart/MOLCAS.3.JobIph.13', 'JOBOLD']
['rasscf', 3, 3, True, False]
['copy', 'MOLCAS.rasscf.h5', 'MOLCAS.3.rasscf.h5']
['copy', 'MOLCAS.JobIph', 'MOLCAS.3.JobIph']
['link', 'MOLCAS.1.JobIph', 'JOB001']
['rassi', 'dm', [4]]
['copy', 'MOLCAS.rassi.h5', 'MOLCAS.rassi.1.h5']
['link', 'MOLCAS.3.JobIph', 'JOB001']
['rassi', 'dm', [3]]
['copy', 'MOLCAS.rassi.h5', 'MOLCAS.rassi.3.h5']
['copy', '/project/lgagliardi/helenclifford/practice_rcc/sharc4/methaniminium/tutorial_reproduction/traj/Singlet_2/TRAJ_00009/restart/MOLCAS.1.JobIph.13', 'JOB001']
['link', 'MOLCAS.1.JobIph', 'JOB002']
['rassi', 'overlap', [4, 4]]
['copy', 'MOLCAS.rassi.h5', 'MOLCAS.rassi.ovlp.1.h5']
['copy', '/project/lgagliardi/helenclifford/practice_rcc/sharc4/methaniminium/tutorial_reproduction/traj/Singlet_2/TRAJ_00009/restart/MOLCAS.3.JobIph.13', 'JOB001']
['link', 'MOLCAS.3.JobIph', 'JOB002']
['rassi', 'overlap', [3, 3]]
['copy', 'MOLCAS.rassi.h5', 'MOLCAS.rassi.ovlp.3.h5']
['link', 'MOLCAS.1.JobIph', 'JOB001']
['link', 'MOLCAS.3.JobIph', 'JOB002']
['rassi', 'soc', [4, 3]]
['copy', '$master_path/MOLCAS.1.JobIph', 'JOBOLD']
['rasscf', 1, 4, True, False]
['mclr', 0.0001, 'sala=2']
['alaska']
All jobs finished:
job: master          code: 0    runtime: 0:00:20.850903
job: grad_1_2        code: 0    runtime: 0:00:05.939142

Starting job execution
['gateway']
['seward']
['copy', '/project/lgagliardi/helenclifford/practice_rcc/sharc4/methaniminium/tutorial_reproduction/traj/Singlet_2/TRAJ_00009/restart/MOLCAS.1.JobIph.14', 'JOBOLD']
['rasscf', 1, 4, True, False]
['copy', 'MOLCAS.rasscf.h5', 'MOLCAS.1.rasscf.h5']
['copy', 'MOLCAS.JobIph', 'MOLCAS.1.JobIph']
['copy', '/project/lgagliardi/helenclifford/practice_rcc/sharc4/methaniminium/tutorial_reproduction/traj/Singlet_2/TRAJ_00009/restart/MOLCAS.3.JobIph.14', 'JOBOLD']
['rasscf', 3, 3, True, False]
['copy', 'MOLCAS.rasscf.h5', 'MOLCAS.3.rasscf.h5']
['copy', 'MOLCAS.JobIph', 'MOLCAS.3.JobIph']
['link', 'MOLCAS.1.JobIph', 'JOB001']
['rassi', 'dm', [4]]
['copy', 'MOLCAS.rassi.h5', 'MOLCAS.rassi.1.h5']
['link', 'MOLCAS.3.JobIph', 'JOB001']
['rassi', 'dm', [3]]
['copy', 'MOLCAS.rassi.h5', 'MOLCAS.rassi.3.h5']
['copy', '/project/lgagliardi/helenclifford/practice_rcc/sharc4/methaniminium/tutorial_reproduction/traj/Singlet_2/TRAJ_00009/restart/MOLCAS.1.JobIph.13', 'JOB001']
['link', 'MOLCAS.1.JobIph', 'JOB002']
['rassi', 'overlap', [4, 4]]
['copy', 'MOLCAS.rassi.h5', 'MOLCAS.rassi.ovlp.1.h5']
['copy', '/project/lgagliardi/helenclifford/practice_rcc/sharc4/methaniminium/tutorial_reproduction/traj/Singlet_2/TRAJ_00009/restart/MOLCAS.3.JobIph.13', 'JOB001']
['link', 'MOLCAS.3.JobIph', 'JOB002']
['rassi', 'overlap', [3, 3]]
['copy', 'MOLCAS.rassi.h5', 'MOLCAS.rassi.ovlp.3.h5']
['link', 'MOLCAS.1.JobIph', 'JOB001']
['link', 'MOLCAS.3.JobIph', 'JOB002']
['rassi', 'soc', [4, 3]]
['copy', '$master_path/MOLCAS.3.JobIph', 'JOBOLD']
['rasscf', 3, 3, True, False]
['mclr', 0.0001, 'sala=2']
['alaska']
['copy', '$master_path/MOLCAS.1.JobIph', 'JOBOLD']
['rasscf', 1, 4, True, False]
['mclr', 0.0001, 'sala=2']
['alaska']
All jobs finished:
job: master          code: 0    runtime: 0:00:23.093329
job: grad_3_2        code: 0    runtime: 0:00:03.061324
job: grad_1_2        code: 0    runtime: 0:00:21.582482

Starting job execution
['gateway']
['seward']
['copy', '/project/lgagliardi/helenclifford/practice_rcc/sharc4/methaniminium/tutorial_reproduction/traj/Singlet_2/TRAJ_00009/restart/MOLCAS.1.JobIph.14', 'JOBOLD']
['rasscf', 1, 4, True, False]
['copy', 'MOLCAS.rasscf.h5', 'MOLCAS.1.rasscf.h5']
['copy', 'MOLCAS.JobIph', 'MOLCAS.1.JobIph']
['copy', '/project/lgagliardi/helenclifford/practice_rcc/sharc4/methaniminium/tutorial_reproduction/traj/Singlet_2/TRAJ_00009/restart/MOLCAS.3.JobIph.14', 'JOBOLD']
['rasscf', 3, 3, True, False]
['copy', 'MOLCAS.rasscf.h5', 'MOLCAS.3.rasscf.h5']
['copy', 'MOLCAS.JobIph', 'MOLCAS.3.JobIph']
['link', 'MOLCAS.1.JobIph', 'JOB001']
['rassi', 'dm', [4]]
['copy', 'MOLCAS.rassi.h5', 'MOLCAS.rassi.1.h5']
['link', 'MOLCAS.3.JobIph', 'JOB001']
['rassi', 'dm', [3]]
['copy', 'MOLCAS.rassi.h5', 'MOLCAS.rassi.3.h5']
['copy', '/project/lgagliardi/helenclifford/practice_rcc/sharc4/methaniminium/tutorial_reproduction/traj/Singlet_2/TRAJ_00009/restart/MOLCAS.1.JobIph.14', 'JOB001']
['link', 'MOLCAS.1.JobIph', 'JOB002']
['rassi', 'overlap', [4, 4]]
['copy', 'MOLCAS.rassi.h5', 'MOLCAS.rassi.ovlp.1.h5']
['copy', '/project/lgagliardi/helenclifford/practice_rcc/sharc4/methaniminium/tutorial_reproduction/traj/Singlet_2/TRAJ_00009/restart/MOLCAS.3.JobIph.14', 'JOB001']
['link', 'MOLCAS.3.JobIph', 'JOB002']
['rassi', 'overlap', [3, 3]]
['copy', 'MOLCAS.rassi.h5', 'MOLCAS.rassi.ovlp.3.h5']
['link', 'MOLCAS.1.JobIph', 'JOB001']
['link', 'MOLCAS.3.JobIph', 'JOB002']
['rassi', 'soc', [4, 3]]
['copy', '$master_path/MOLCAS.3.JobIph', 'JOBOLD']
['rasscf', 3, 3, True, False]
['mclr', 0.0001, 'sala=2']
['alaska']
['copy', '$master_path/MOLCAS.1.JobIph', 'JOBOLD']
['rasscf', 1, 4, True, False]
['mclr', 0.0001, 'sala=2']
['alaska']
All jobs finished:
job: master          code: 0    runtime: 0:00:21.039015
job: grad_3_2        code: 0    runtime: 0:00:09.864173
job: grad_1_2        code: 0    runtime: 0:00:08.513942

Starting job execution
['gateway']
['seward']
['copy', '/project/lgagliardi/helenclifford/practice_rcc/sharc4/methaniminium/tutorial_reproduction/traj/Singlet_2/TRAJ_00009/restart/MOLCAS.1.JobIph.15', 'JOBOLD']
['rasscf', 1, 4, True, False]
['copy', 'MOLCAS.rasscf.h5', 'MOLCAS.1.rasscf.h5']
['copy', 'MOLCAS.JobIph', 'MOLCAS.1.JobIph']
['copy', '/project/lgagliardi/helenclifford/practice_rcc/sharc4/methaniminium/tutorial_reproduction/traj/Singlet_2/TRAJ_00009/restart/MOLCAS.3.JobIph.15', 'JOBOLD']
['rasscf', 3, 3, True, False]
['copy', 'MOLCAS.rasscf.h5', 'MOLCAS.3.rasscf.h5']
['copy', 'MOLCAS.JobIph', 'MOLCAS.3.JobIph']
['link', 'MOLCAS.1.JobIph', 'JOB001']
['rassi', 'dm', [4]]
['copy', 'MOLCAS.rassi.h5', 'MOLCAS.rassi.1.h5']
['link', 'MOLCAS.3.JobIph', 'JOB001']
['rassi', 'dm', [3]]
['copy', 'MOLCAS.rassi.h5', 'MOLCAS.rassi.3.h5']
['copy', '/project/lgagliardi/helenclifford/practice_rcc/sharc4/methaniminium/tutorial_reproduction/traj/Singlet_2/TRAJ_00009/restart/MOLCAS.1.JobIph.15', 'JOB001']
['link', 'MOLCAS.1.JobIph', 'JOB002']
['rassi', 'overlap', [4, 4]]
['copy', 'MOLCAS.rassi.h5', 'MOLCAS.rassi.ovlp.1.h5']
['copy', '/project/lgagliardi/helenclifford/practice_rcc/sharc4/methaniminium/tutorial_reproduction/traj/Singlet_2/TRAJ_00009/restart/MOLCAS.3.JobIph.15', 'JOB001']
['link', 'MOLCAS.3.JobIph', 'JOB002']
['rassi', 'overlap', [3, 3]]
['copy', 'MOLCAS.rassi.h5', 'MOLCAS.rassi.ovlp.3.h5']
['link', 'MOLCAS.1.JobIph', 'JOB001']
['link', 'MOLCAS.3.JobIph', 'JOB002']
['rassi', 'soc', [4, 3]]
['copy', '$master_path/MOLCAS.3.JobIph', 'JOBOLD']
['rasscf', 3, 3, True, False]
['mclr', 0.0001, 'sala=2']
['alaska']
['copy', '$master_path/MOLCAS.1.JobIph', 'JOBOLD']
['rasscf', 1, 4, True, False]
['mclr', 0.0001, 'sala=2']
['alaska']
All jobs finished:
job: master          code: 0    runtime: 0:00:18.680448
job: grad_3_2        code: 0    runtime: 0:00:11.607344
job: grad_1_2        code: 0    runtime: 0:00:11.625910

Starting job execution
['gateway']
['seward']
['copy', '/project/lgagliardi/helenclifford/practice_rcc/sharc4/methaniminium/tutorial_reproduction/traj/Singlet_2/TRAJ_00009/restart/MOLCAS.1.JobIph.16', 'JOBOLD']
['rasscf', 1, 4, True, False]
['copy', 'MOLCAS.rasscf.h5', 'MOLCAS.1.rasscf.h5']
['copy', 'MOLCAS.JobIph', 'MOLCAS.1.JobIph']
['copy', '/project/lgagliardi/helenclifford/practice_rcc/sharc4/methaniminium/tutorial_reproduction/traj/Singlet_2/TRAJ_00009/restart/MOLCAS.3.JobIph.16', 'JOBOLD']
['rasscf', 3, 3, True, False]
['copy', 'MOLCAS.rasscf.h5', 'MOLCAS.3.rasscf.h5']
['copy', 'MOLCAS.JobIph', 'MOLCAS.3.JobIph']
['link', 'MOLCAS.1.JobIph', 'JOB001']
['rassi', 'dm', [4]]
['copy', 'MOLCAS.rassi.h5', 'MOLCAS.rassi.1.h5']
['link', 'MOLCAS.3.JobIph', 'JOB001']
['rassi', 'dm', [3]]
['copy', 'MOLCAS.rassi.h5', 'MOLCAS.rassi.3.h5']
['copy', '/project/lgagliardi/helenclifford/practice_rcc/sharc4/methaniminium/tutorial_reproduction/traj/Singlet_2/TRAJ_00009/restart/MOLCAS.1.JobIph.16', 'JOB001']
['link', 'MOLCAS.1.JobIph', 'JOB002']
['rassi', 'overlap', [4, 4]]
['copy', 'MOLCAS.rassi.h5', 'MOLCAS.rassi.ovlp.1.h5']
['copy', '/project/lgagliardi/helenclifford/practice_rcc/sharc4/methaniminium/tutorial_reproduction/traj/Singlet_2/TRAJ_00009/restart/MOLCAS.3.JobIph.16', 'JOB001']
['link', 'MOLCAS.3.JobIph', 'JOB002']
['rassi', 'overlap', [3, 3]]
['copy', 'MOLCAS.rassi.h5', 'MOLCAS.rassi.ovlp.3.h5']
['link', 'MOLCAS.1.JobIph', 'JOB001']
['link', 'MOLCAS.3.JobIph', 'JOB002']
['rassi', 'soc', [4, 3]]
['copy', '$master_path/MOLCAS.3.JobIph', 'JOBOLD']
['rasscf', 3, 3, True, False]
['mclr', 0.0001, 'sala=2']
['alaska']
['copy', '$master_path/MOLCAS.1.JobIph', 'JOBOLD']
['rasscf', 1, 4, True, False]
['mclr', 0.0001, 'sala=2']
['alaska']
All jobs finished:
job: master          code: 0    runtime: 0:00:15.314124
job: grad_3_2        code: 0    runtime: 0:00:11.063982
job: grad_1_2        code: 0    runtime: 0:00:08.379650

Starting job execution
['gateway']
['seward']
['copy', '/project/lgagliardi/helenclifford/practice_rcc/sharc4/methaniminium/tutorial_reproduction/traj/Singlet_2/TRAJ_00009/restart/MOLCAS.1.JobIph.17', 'JOBOLD']
['rasscf', 1, 4, True, False]
['copy', 'MOLCAS.rasscf.h5', 'MOLCAS.1.rasscf.h5']
['copy', 'MOLCAS.JobIph', 'MOLCAS.1.JobIph']
['copy', '/project/lgagliardi/helenclifford/practice_rcc/sharc4/methaniminium/tutorial_reproduction/traj/Singlet_2/TRAJ_00009/restart/MOLCAS.3.JobIph.17', 'JOBOLD']
['rasscf', 3, 3, True, False]
['copy', 'MOLCAS.rasscf.h5', 'MOLCAS.3.rasscf.h5']
['copy', 'MOLCAS.JobIph', 'MOLCAS.3.JobIph']
['link', 'MOLCAS.1.JobIph', 'JOB001']
['rassi', 'dm', [4]]
['copy', 'MOLCAS.rassi.h5', 'MOLCAS.rassi.1.h5']
['link', 'MOLCAS.3.JobIph', 'JOB001']
['rassi', 'dm', [3]]
['copy', 'MOLCAS.rassi.h5', 'MOLCAS.rassi.3.h5']
['copy', '/project/lgagliardi/helenclifford/practice_rcc/sharc4/methaniminium/tutorial_reproduction/traj/Singlet_2/TRAJ_00009/restart/MOLCAS.1.JobIph.17', 'JOB001']
['link', 'MOLCAS.1.JobIph', 'JOB002']
['rassi', 'overlap', [4, 4]]
['copy', 'MOLCAS.rassi.h5', 'MOLCAS.rassi.ovlp.1.h5']
['copy', '/project/lgagliardi/helenclifford/practice_rcc/sharc4/methaniminium/tutorial_reproduction/traj/Singlet_2/TRAJ_00009/restart/MOLCAS.3.JobIph.17', 'JOB001']
['link', 'MOLCAS.3.JobIph', 'JOB002']
['rassi', 'overlap', [3, 3]]
['copy', 'MOLCAS.rassi.h5', 'MOLCAS.rassi.ovlp.3.h5']
['link', 'MOLCAS.1.JobIph', 'JOB001']
['link', 'MOLCAS.3.JobIph', 'JOB002']
['rassi', 'soc', [4, 3]]
['copy', '$master_path/MOLCAS.3.JobIph', 'JOBOLD']
['rasscf', 3, 3, True, False]
['mclr', 0.0001, 'sala=2']
['alaska']
['copy', '$master_path/MOLCAS.1.JobIph', 'JOBOLD']
['rasscf', 1, 4, True, False]
['mclr', 0.0001, 'sala=2']
['alaska']
All jobs finished:
job: master          code: 0    runtime: 0:00:21.022170
job: grad_3_2        code: 0    runtime: 0:00:08.876368
job: grad_1_2        code: 0    runtime: 0:00:07.993016

Starting job execution
['gateway']
['seward']
['copy', '/project/lgagliardi/helenclifford/practice_rcc/sharc4/methaniminium/tutorial_reproduction/traj/Singlet_2/TRAJ_00009/restart/MOLCAS.1.JobIph.18', 'JOBOLD']
['rasscf', 1, 4, True, False]
['copy', 'MOLCAS.rasscf.h5', 'MOLCAS.1.rasscf.h5']
['copy', 'MOLCAS.JobIph', 'MOLCAS.1.JobIph']
['copy', '/project/lgagliardi/helenclifford/practice_rcc/sharc4/methaniminium/tutorial_reproduction/traj/Singlet_2/TRAJ_00009/restart/MOLCAS.3.JobIph.18', 'JOBOLD']
['rasscf', 3, 3, True, False]
['copy', 'MOLCAS.rasscf.h5', 'MOLCAS.3.rasscf.h5']
['copy', 'MOLCAS.JobIph', 'MOLCAS.3.JobIph']
['link', 'MOLCAS.1.JobIph', 'JOB001']
['rassi', 'dm', [4]]
['copy', 'MOLCAS.rassi.h5', 'MOLCAS.rassi.1.h5']
['link', 'MOLCAS.3.JobIph', 'JOB001']
['rassi', 'dm', [3]]
['copy', 'MOLCAS.rassi.h5', 'MOLCAS.rassi.3.h5']
['copy', '/project/lgagliardi/helenclifford/practice_rcc/sharc4/methaniminium/tutorial_reproduction/traj/Singlet_2/TRAJ_00009/restart/MOLCAS.1.JobIph.18', 'JOB001']
['link', 'MOLCAS.1.JobIph', 'JOB002']
['rassi', 'overlap', [4, 4]]
['copy', 'MOLCAS.rassi.h5', 'MOLCAS.rassi.ovlp.1.h5']
['copy', '/project/lgagliardi/helenclifford/practice_rcc/sharc4/methaniminium/tutorial_reproduction/traj/Singlet_2/TRAJ_00009/restart/MOLCAS.3.JobIph.18', 'JOB001']
['link', 'MOLCAS.3.JobIph', 'JOB002']
['rassi', 'overlap', [3, 3]]
['copy', 'MOLCAS.rassi.h5', 'MOLCAS.rassi.ovlp.3.h5']
['link', 'MOLCAS.1.JobIph', 'JOB001']
['link', 'MOLCAS.3.JobIph', 'JOB002']
['rassi', 'soc', [4, 3]]
['copy', '$master_path/MOLCAS.3.JobIph', 'JOBOLD']
['rasscf', 3, 3, True, False]
['mclr', 0.0001, 'sala=2']
['alaska']
['copy', '$master_path/MOLCAS.1.JobIph', 'JOBOLD']
['rasscf', 1, 4, True, False]
['mclr', 0.0001, 'sala=2']
['alaska']
All jobs finished:
job: master          code: 0    runtime: 0:00:22.146277
job: grad_3_2        code: 0    runtime: 0:00:12.435032
job: grad_1_2        code: 0    runtime: 0:00:08.787881

Starting job execution
['gateway']
['seward']
['copy', '/project/lgagliardi/helenclifford/practice_rcc/sharc4/methaniminium/tutorial_reproduction/traj/Singlet_2/TRAJ_00009/restart/MOLCAS.1.JobIph.19', 'JOBOLD']
['rasscf', 1, 4, True, False]
['copy', 'MOLCAS.rasscf.h5', 'MOLCAS.1.rasscf.h5']
['copy', 'MOLCAS.JobIph', 'MOLCAS.1.JobIph']
['copy', '/project/lgagliardi/helenclifford/practice_rcc/sharc4/methaniminium/tutorial_reproduction/traj/Singlet_2/TRAJ_00009/restart/MOLCAS.3.JobIph.19', 'JOBOLD']
['rasscf', 3, 3, True, False]
['copy', 'MOLCAS.rasscf.h5', 'MOLCAS.3.rasscf.h5']
['copy', 'MOLCAS.JobIph', 'MOLCAS.3.JobIph']
['link', 'MOLCAS.1.JobIph', 'JOB001']
['rassi', 'dm', [4]]
['copy', 'MOLCAS.rassi.h5', 'MOLCAS.rassi.1.h5']
['link', 'MOLCAS.3.JobIph', 'JOB001']
['rassi', 'dm', [3]]
['copy', 'MOLCAS.rassi.h5', 'MOLCAS.rassi.3.h5']
['copy', '/project/lgagliardi/helenclifford/practice_rcc/sharc4/methaniminium/tutorial_reproduction/traj/Singlet_2/TRAJ_00009/restart/MOLCAS.1.JobIph.19', 'JOB001']
['link', 'MOLCAS.1.JobIph', 'JOB002']
['rassi', 'overlap', [4, 4]]
['copy', 'MOLCAS.rassi.h5', 'MOLCAS.rassi.ovlp.1.h5']
['copy', '/project/lgagliardi/helenclifford/practice_rcc/sharc4/methaniminium/tutorial_reproduction/traj/Singlet_2/TRAJ_00009/restart/MOLCAS.3.JobIph.19', 'JOB001']
['link', 'MOLCAS.3.JobIph', 'JOB002']
['rassi', 'overlap', [3, 3]]
['copy', 'MOLCAS.rassi.h5', 'MOLCAS.rassi.ovlp.3.h5']
['link', 'MOLCAS.1.JobIph', 'JOB001']
['link', 'MOLCAS.3.JobIph', 'JOB002']
['rassi', 'soc', [4, 3]]
['copy', '$master_path/MOLCAS.1.JobIph', 'JOBOLD']
['rasscf', 1, 4, True, False]
['mclr', 0.0001, 'sala=2']
['alaska']
All jobs finished:
job: master          code: 0    runtime: 0:00:18.702106
job: grad_1_2        code: 0    runtime: 0:00:06.930074

Starting job execution
['gateway']
['seward']
['copy', '/project/lgagliardi/helenclifford/practice_rcc/sharc4/methaniminium/tutorial_reproduction/traj/Singlet_2/TRAJ_00009/restart/MOLCAS.1.JobIph.20', 'JOBOLD']
['rasscf', 1, 4, True, False]
['copy', 'MOLCAS.rasscf.h5', 'MOLCAS.1.rasscf.h5']
['copy', 'MOLCAS.JobIph', 'MOLCAS.1.JobIph']
['copy', '/project/lgagliardi/helenclifford/practice_rcc/sharc4/methaniminium/tutorial_reproduction/traj/Singlet_2/TRAJ_00009/restart/MOLCAS.3.JobIph.20', 'JOBOLD']
['rasscf', 3, 3, True, False]
['copy', 'MOLCAS.rasscf.h5', 'MOLCAS.3.rasscf.h5']
['copy', 'MOLCAS.JobIph', 'MOLCAS.3.JobIph']
['link', 'MOLCAS.1.JobIph', 'JOB001']
['rassi', 'dm', [4]]
['copy', 'MOLCAS.rassi.h5', 'MOLCAS.rassi.1.h5']
['link', 'MOLCAS.3.JobIph', 'JOB001']
['rassi', 'dm', [3]]
['copy', 'MOLCAS.rassi.h5', 'MOLCAS.rassi.3.h5']
['copy', '/project/lgagliardi/helenclifford/practice_rcc/sharc4/methaniminium/tutorial_reproduction/traj/Singlet_2/TRAJ_00009/restart/MOLCAS.1.JobIph.20', 'JOB001']
['link', 'MOLCAS.1.JobIph', 'JOB002']
['rassi', 'overlap', [4, 4]]
['copy', 'MOLCAS.rassi.h5', 'MOLCAS.rassi.ovlp.1.h5']
['copy', '/project/lgagliardi/helenclifford/practice_rcc/sharc4/methaniminium/tutorial_reproduction/traj/Singlet_2/TRAJ_00009/restart/MOLCAS.3.JobIph.20', 'JOB001']
['link', 'MOLCAS.3.JobIph', 'JOB002']
['rassi', 'overlap', [3, 3]]
['copy', 'MOLCAS.rassi.h5', 'MOLCAS.rassi.ovlp.3.h5']
['link', 'MOLCAS.1.JobIph', 'JOB001']
['link', 'MOLCAS.3.JobIph', 'JOB002']
['rassi', 'soc', [4, 3]]
['copy', '$master_path/MOLCAS.1.JobIph', 'JOBOLD']
['rasscf', 1, 4, True, False]
['mclr', 0.0001, 'sala=2']
['alaska']
All jobs finished:
job: master          code: 0    runtime: 0:00:19.743264
job: grad_1_2        code: 0    runtime: 0:00:14.946080

Starting job execution
['gateway']
['seward']
['copy', '/project/lgagliardi/helenclifford/practice_rcc/sharc4/methaniminium/tutorial_reproduction/traj/Singlet_2/TRAJ_00009/restart/MOLCAS.1.JobIph.21', 'JOBOLD']
['rasscf', 1, 4, True, False]
['copy', 'MOLCAS.rasscf.h5', 'MOLCAS.1.rasscf.h5']
['copy', 'MOLCAS.JobIph', 'MOLCAS.1.JobIph']
['copy', '/project/lgagliardi/helenclifford/practice_rcc/sharc4/methaniminium/tutorial_reproduction/traj/Singlet_2/TRAJ_00009/restart/MOLCAS.3.JobIph.21', 'JOBOLD']
['rasscf', 3, 3, True, False]
['copy', 'MOLCAS.rasscf.h5', 'MOLCAS.3.rasscf.h5']
['copy', 'MOLCAS.JobIph', 'MOLCAS.3.JobIph']
['link', 'MOLCAS.1.JobIph', 'JOB001']
['rassi', 'dm', [4]]
['copy', 'MOLCAS.rassi.h5', 'MOLCAS.rassi.1.h5']
['link', 'MOLCAS.3.JobIph', 'JOB001']
['rassi', 'dm', [3]]
['copy', 'MOLCAS.rassi.h5', 'MOLCAS.rassi.3.h5']
['copy', '/project/lgagliardi/helenclifford/practice_rcc/sharc4/methaniminium/tutorial_reproduction/traj/Singlet_2/TRAJ_00009/restart/MOLCAS.1.JobIph.21', 'JOB001']
['link', 'MOLCAS.1.JobIph', 'JOB002']
['rassi', 'overlap', [4, 4]]
['copy', 'MOLCAS.rassi.h5', 'MOLCAS.rassi.ovlp.1.h5']
['copy', '/project/lgagliardi/helenclifford/practice_rcc/sharc4/methaniminium/tutorial_reproduction/traj/Singlet_2/TRAJ_00009/restart/MOLCAS.3.JobIph.21', 'JOB001']
['link', 'MOLCAS.3.JobIph', 'JOB002']
['rassi', 'overlap', [3, 3]]
['copy', 'MOLCAS.rassi.h5', 'MOLCAS.rassi.ovlp.3.h5']
['link', 'MOLCAS.1.JobIph', 'JOB001']
['link', 'MOLCAS.3.JobIph', 'JOB002']
['rassi', 'soc', [4, 3]]
['copy', '$master_path/MOLCAS.1.JobIph', 'JOBOLD']
['rasscf', 1, 4, True, False]
['mclr', 0.0001, 'sala=2']
['alaska']
All jobs finished:
job: master          code: 0    runtime: 0:00:20.189982
job: grad_1_2        code: 0    runtime: 0:00:09.790901

Starting job execution
['gateway']
['seward']
['copy', '/project/lgagliardi/helenclifford/practice_rcc/sharc4/methaniminium/tutorial_reproduction/traj/Singlet_2/TRAJ_00009/restart/MOLCAS.1.JobIph.22', 'JOBOLD']
['rasscf', 1, 4, True, False]
['copy', 'MOLCAS.rasscf.h5', 'MOLCAS.1.rasscf.h5']
['copy', 'MOLCAS.JobIph', 'MOLCAS.1.JobIph']
['copy', '/project/lgagliardi/helenclifford/practice_rcc/sharc4/methaniminium/tutorial_reproduction/traj/Singlet_2/TRAJ_00009/restart/MOLCAS.3.JobIph.22', 'JOBOLD']
['rasscf', 3, 3, True, False]
['copy', 'MOLCAS.rasscf.h5', 'MOLCAS.3.rasscf.h5']
['copy', 'MOLCAS.JobIph', 'MOLCAS.3.JobIph']
['link', 'MOLCAS.1.JobIph', 'JOB001']
['rassi', 'dm', [4]]
['copy', 'MOLCAS.rassi.h5', 'MOLCAS.rassi.1.h5']
['link', 'MOLCAS.3.JobIph', 'JOB001']
['rassi', 'dm', [3]]
['copy', 'MOLCAS.rassi.h5', 'MOLCAS.rassi.3.h5']
['copy', '/project/lgagliardi/helenclifford/practice_rcc/sharc4/methaniminium/tutorial_reproduction/traj/Singlet_2/TRAJ_00009/restart/MOLCAS.1.JobIph.21', 'JOB001']
['link', 'MOLCAS.1.JobIph', 'JOB002']
['rassi', 'overlap', [4, 4]]
['copy', 'MOLCAS.rassi.h5', 'MOLCAS.rassi.ovlp.1.h5']
['copy', '/project/lgagliardi/helenclifford/practice_rcc/sharc4/methaniminium/tutorial_reproduction/traj/Singlet_2/TRAJ_00009/restart/MOLCAS.3.JobIph.21', 'JOB001']
['link', 'MOLCAS.3.JobIph', 'JOB002']
['rassi', 'overlap', [3, 3]]
['copy', 'MOLCAS.rassi.h5', 'MOLCAS.rassi.ovlp.3.h5']
['link', 'MOLCAS.1.JobIph', 'JOB001']
['link', 'MOLCAS.3.JobIph', 'JOB002']
['rassi', 'soc', [4, 3]]
['copy', '$master_path/MOLCAS.3.JobIph', 'JOBOLD']
['rasscf', 3, 3, True, False]
['mclr', 0.0001, 'sala=2']
['alaska']
['copy', '$master_path/MOLCAS.1.JobIph', 'JOBOLD']
['rasscf', 1, 4, True, False]
['mclr', 0.0001, 'sala=2']
['alaska']
All jobs finished:
job: master          code: 0    runtime: 0:00:18.509179
job: grad_3_2        code: 0    runtime: 0:00:09.752104
job: grad_1_2        code: 0    runtime: 0:00:09.940079

Starting job execution
['gateway']
['seward']
['copy', '/project/lgagliardi/helenclifford/practice_rcc/sharc4/methaniminium/tutorial_reproduction/traj/Singlet_2/TRAJ_00009/restart/MOLCAS.1.JobIph.22', 'JOBOLD']
['rasscf', 1, 4, True, False]
['copy', 'MOLCAS.rasscf.h5', 'MOLCAS.1.rasscf.h5']
['copy', 'MOLCAS.JobIph', 'MOLCAS.1.JobIph']
['copy', '/project/lgagliardi/helenclifford/practice_rcc/sharc4/methaniminium/tutorial_reproduction/traj/Singlet_2/TRAJ_00009/restart/MOLCAS.3.JobIph.22', 'JOBOLD']
['rasscf', 3, 3, True, False]
['copy', 'MOLCAS.rasscf.h5', 'MOLCAS.3.rasscf.h5']
['copy', 'MOLCAS.JobIph', 'MOLCAS.3.JobIph']
['link', 'MOLCAS.1.JobIph', 'JOB001']
['rassi', 'dm', [4]]
['copy', 'MOLCAS.rassi.h5', 'MOLCAS.rassi.1.h5']
['link', 'MOLCAS.3.JobIph', 'JOB001']
['rassi', 'dm', [3]]
['copy', 'MOLCAS.rassi.h5', 'MOLCAS.rassi.3.h5']
['copy', '/project/lgagliardi/helenclifford/practice_rcc/sharc4/methaniminium/tutorial_reproduction/traj/Singlet_2/TRAJ_00009/restart/MOLCAS.1.JobIph.22', 'JOB001']
['link', 'MOLCAS.1.JobIph', 'JOB002']
['rassi', 'overlap', [4, 4]]
['copy', 'MOLCAS.rassi.h5', 'MOLCAS.rassi.ovlp.1.h5']
['copy', '/project/lgagliardi/helenclifford/practice_rcc/sharc4/methaniminium/tutorial_reproduction/traj/Singlet_2/TRAJ_00009/restart/MOLCAS.3.JobIph.22', 'JOB001']
['link', 'MOLCAS.3.JobIph', 'JOB002']
['rassi', 'overlap', [3, 3]]
['copy', 'MOLCAS.rassi.h5', 'MOLCAS.rassi.ovlp.3.h5']
['link', 'MOLCAS.1.JobIph', 'JOB001']
['link', 'MOLCAS.3.JobIph', 'JOB002']
['rassi', 'soc', [4, 3]]
['copy', '$master_path/MOLCAS.3.JobIph', 'JOBOLD']
['rasscf', 3, 3, True, False]
['mclr', 0.0001, 'sala=2']
['alaska']
['copy', '$master_path/MOLCAS.1.JobIph', 'JOBOLD']
['rasscf', 1, 4, True, False]
['mclr', 0.0001, 'sala=2']
['alaska']
All jobs finished:
job: master          code: 0    runtime: 0:00:20.061645
job: grad_3_2        code: 0    runtime: 0:00:13.558520
job: grad_1_2        code: 0    runtime: 0:00:15.824986

Starting job execution
['gateway']
['seward']
['copy', '/project/lgagliardi/helenclifford/practice_rcc/sharc4/methaniminium/tutorial_reproduction/traj/Singlet_2/TRAJ_00009/restart/MOLCAS.1.JobIph.23', 'JOBOLD']
['rasscf', 1, 4, True, False]
['copy', 'MOLCAS.rasscf.h5', 'MOLCAS.1.rasscf.h5']
['copy', 'MOLCAS.JobIph', 'MOLCAS.1.JobIph']
['copy', '/project/lgagliardi/helenclifford/practice_rcc/sharc4/methaniminium/tutorial_reproduction/traj/Singlet_2/TRAJ_00009/restart/MOLCAS.3.JobIph.23', 'JOBOLD']
['rasscf', 3, 3, True, False]
['copy', 'MOLCAS.rasscf.h5', 'MOLCAS.3.rasscf.h5']
['copy', 'MOLCAS.JobIph', 'MOLCAS.3.JobIph']
['link', 'MOLCAS.1.JobIph', 'JOB001']
['rassi', 'dm', [4]]
['copy', 'MOLCAS.rassi.h5', 'MOLCAS.rassi.1.h5']
['link', 'MOLCAS.3.JobIph', 'JOB001']
['rassi', 'dm', [3]]
['copy', 'MOLCAS.rassi.h5', 'MOLCAS.rassi.3.h5']
['copy', '/project/lgagliardi/helenclifford/practice_rcc/sharc4/methaniminium/tutorial_reproduction/traj/Singlet_2/TRAJ_00009/restart/MOLCAS.1.JobIph.23', 'JOB001']
['link', 'MOLCAS.1.JobIph', 'JOB002']
['rassi', 'overlap', [4, 4]]
['copy', 'MOLCAS.rassi.h5', 'MOLCAS.rassi.ovlp.1.h5']
['copy', '/project/lgagliardi/helenclifford/practice_rcc/sharc4/methaniminium/tutorial_reproduction/traj/Singlet_2/TRAJ_00009/restart/MOLCAS.3.JobIph.23', 'JOB001']
['link', 'MOLCAS.3.JobIph', 'JOB002']
['rassi', 'overlap', [3, 3]]
['copy', 'MOLCAS.rassi.h5', 'MOLCAS.rassi.ovlp.3.h5']
['link', 'MOLCAS.1.JobIph', 'JOB001']
['link', 'MOLCAS.3.JobIph', 'JOB002']
['rassi', 'soc', [4, 3]]
['copy', '$master_path/MOLCAS.3.JobIph', 'JOBOLD']
['rasscf', 3, 3, True, False]
['mclr', 0.0001, 'sala=2']
['alaska']
['copy', '$master_path/MOLCAS.1.JobIph', 'JOBOLD']
['rasscf', 1, 4, True, False]
['mclr', 0.0001, 'sala=2']
['alaska']
All jobs finished:
job: master          code: 0    runtime: 0:00:17.858023
job: grad_3_2        code: 0    runtime: 0:00:13.079868
job: grad_1_2        code: 0    runtime: 0:00:13.974749

Starting job execution
['gateway']
['seward']
['copy', '/project/lgagliardi/helenclifford/practice_rcc/sharc4/methaniminium/tutorial_reproduction/traj/Singlet_2/TRAJ_00009/restart/MOLCAS.1.JobIph.24', 'JOBOLD']
['rasscf', 1, 4, True, False]
['copy', 'MOLCAS.rasscf.h5', 'MOLCAS.1.rasscf.h5']
['copy', 'MOLCAS.JobIph', 'MOLCAS.1.JobIph']
['copy', '/project/lgagliardi/helenclifford/practice_rcc/sharc4/methaniminium/tutorial_reproduction/traj/Singlet_2/TRAJ_00009/restart/MOLCAS.3.JobIph.24', 'JOBOLD']
['rasscf', 3, 3, True, False]
['copy', 'MOLCAS.rasscf.h5', 'MOLCAS.3.rasscf.h5']
['copy', 'MOLCAS.JobIph', 'MOLCAS.3.JobIph']
['link', 'MOLCAS.1.JobIph', 'JOB001']
['rassi', 'dm', [4]]
['copy', 'MOLCAS.rassi.h5', 'MOLCAS.rassi.1.h5']
['link', 'MOLCAS.3.JobIph', 'JOB001']
['rassi', 'dm', [3]]
['copy', 'MOLCAS.rassi.h5', 'MOLCAS.rassi.3.h5']
['copy', '/project/lgagliardi/helenclifford/practice_rcc/sharc4/methaniminium/tutorial_reproduction/traj/Singlet_2/TRAJ_00009/restart/MOLCAS.1.JobIph.24', 'JOB001']
['link', 'MOLCAS.1.JobIph', 'JOB002']
['rassi', 'overlap', [4, 4]]
['copy', 'MOLCAS.rassi.h5', 'MOLCAS.rassi.ovlp.1.h5']
['copy', '/project/lgagliardi/helenclifford/practice_rcc/sharc4/methaniminium/tutorial_reproduction/traj/Singlet_2/TRAJ_00009/restart/MOLCAS.3.JobIph.24', 'JOB001']
['link', 'MOLCAS.3.JobIph', 'JOB002']
['rassi', 'overlap', [3, 3]]
['copy', 'MOLCAS.rassi.h5', 'MOLCAS.rassi.ovlp.3.h5']
['link', 'MOLCAS.1.JobIph', 'JOB001']
['link', 'MOLCAS.3.JobIph', 'JOB002']
['rassi', 'soc', [4, 3]]
['copy', '$master_path/MOLCAS.3.JobIph', 'JOBOLD']
['rasscf', 3, 3, True, False]
['mclr', 0.0001, 'sala=2']
['alaska']
['copy', '$master_path/MOLCAS.1.JobIph', 'JOBOLD']
['rasscf', 1, 4, True, False]
['mclr', 0.0001, 'sala=2']
['alaska']
All jobs finished:
job: master          code: 0    runtime: 0:00:16.815582
job: grad_3_2        code: 0    runtime: 0:00:13.555977
job: grad_1_2        code: 0    runtime: 0:00:07.662458

Starting job execution
['gateway']
['seward']
['copy', '/project/lgagliardi/helenclifford/practice_rcc/sharc4/methaniminium/tutorial_reproduction/traj/Singlet_2/TRAJ_00009/restart/MOLCAS.1.JobIph.25', 'JOBOLD']
['rasscf', 1, 4, True, False]
['copy', 'MOLCAS.rasscf.h5', 'MOLCAS.1.rasscf.h5']
['copy', 'MOLCAS.JobIph', 'MOLCAS.1.JobIph']
['copy', '/project/lgagliardi/helenclifford/practice_rcc/sharc4/methaniminium/tutorial_reproduction/traj/Singlet_2/TRAJ_00009/restart/MOLCAS.3.JobIph.25', 'JOBOLD']
['rasscf', 3, 3, True, False]
['copy', 'MOLCAS.rasscf.h5', 'MOLCAS.3.rasscf.h5']
['copy', 'MOLCAS.JobIph', 'MOLCAS.3.JobIph']
['link', 'MOLCAS.1.JobIph', 'JOB001']
['rassi', 'dm', [4]]
['copy', 'MOLCAS.rassi.h5', 'MOLCAS.rassi.1.h5']
['link', 'MOLCAS.3.JobIph', 'JOB001']
['rassi', 'dm', [3]]
['copy', 'MOLCAS.rassi.h5', 'MOLCAS.rassi.3.h5']
['copy', '/project/lgagliardi/helenclifford/practice_rcc/sharc4/methaniminium/tutorial_reproduction/traj/Singlet_2/TRAJ_00009/restart/MOLCAS.1.JobIph.25', 'JOB001']
['link', 'MOLCAS.1.JobIph', 'JOB002']
['rassi', 'overlap', [4, 4]]
['copy', 'MOLCAS.rassi.h5', 'MOLCAS.rassi.ovlp.1.h5']
['copy', '/project/lgagliardi/helenclifford/practice_rcc/sharc4/methaniminium/tutorial_reproduction/traj/Singlet_2/TRAJ_00009/restart/MOLCAS.3.JobIph.25', 'JOB001']
['link', 'MOLCAS.3.JobIph', 'JOB002']
['rassi', 'overlap', [3, 3]]
['copy', 'MOLCAS.rassi.h5', 'MOLCAS.rassi.ovlp.3.h5']
['link', 'MOLCAS.1.JobIph', 'JOB001']
['link', 'MOLCAS.3.JobIph', 'JOB002']
['rassi', 'soc', [4, 3]]
['copy', '$master_path/MOLCAS.3.JobIph', 'JOBOLD']
['rasscf', 3, 3, True, False]
['mclr', 0.0001, 'sala=2']
['alaska']
['copy', '$master_path/MOLCAS.1.JobIph', 'JOBOLD']
['rasscf', 1, 4, True, False]
['mclr', 0.0001, 'sala=2']
['alaska']
All jobs finished:
job: master          code: 0    runtime: 0:00:26.095336
job: grad_3_2        code: 0    runtime: 0:00:10.560847
job: grad_1_2        code: 0    runtime: 0:00:09.137584

Starting job execution
['gateway']
['seward']
['copy', '/project/lgagliardi/helenclifford/practice_rcc/sharc4/methaniminium/tutorial_reproduction/traj/Singlet_2/TRAJ_00009/restart/MOLCAS.1.JobIph.26', 'JOBOLD']
['rasscf', 1, 4, True, False]
['copy', 'MOLCAS.rasscf.h5', 'MOLCAS.1.rasscf.h5']
['copy', 'MOLCAS.JobIph', 'MOLCAS.1.JobIph']
['copy', '/project/lgagliardi/helenclifford/practice_rcc/sharc4/methaniminium/tutorial_reproduction/traj/Singlet_2/TRAJ_00009/restart/MOLCAS.3.JobIph.26', 'JOBOLD']
['rasscf', 3, 3, True, False]
['copy', 'MOLCAS.rasscf.h5', 'MOLCAS.3.rasscf.h5']
['copy', 'MOLCAS.JobIph', 'MOLCAS.3.JobIph']
['link', 'MOLCAS.1.JobIph', 'JOB001']
['rassi', 'dm', [4]]
['copy', 'MOLCAS.rassi.h5', 'MOLCAS.rassi.1.h5']
['link', 'MOLCAS.3.JobIph', 'JOB001']
['rassi', 'dm', [3]]
['copy', 'MOLCAS.rassi.h5', 'MOLCAS.rassi.3.h5']
['copy', '/project/lgagliardi/helenclifford/practice_rcc/sharc4/methaniminium/tutorial_reproduction/traj/Singlet_2/TRAJ_00009/restart/MOLCAS.1.JobIph.26', 'JOB001']
['link', 'MOLCAS.1.JobIph', 'JOB002']
['rassi', 'overlap', [4, 4]]
['copy', 'MOLCAS.rassi.h5', 'MOLCAS.rassi.ovlp.1.h5']
['copy', '/project/lgagliardi/helenclifford/practice_rcc/sharc4/methaniminium/tutorial_reproduction/traj/Singlet_2/TRAJ_00009/restart/MOLCAS.3.JobIph.26', 'JOB001']
['link', 'MOLCAS.3.JobIph', 'JOB002']
['rassi', 'overlap', [3, 3]]
['copy', 'MOLCAS.rassi.h5', 'MOLCAS.rassi.ovlp.3.h5']
['link', 'MOLCAS.1.JobIph', 'JOB001']
['link', 'MOLCAS.3.JobIph', 'JOB002']
['rassi', 'soc', [4, 3]]
['copy', '$master_path/MOLCAS.3.JobIph', 'JOBOLD']
['rasscf', 3, 3, True, False]
['mclr', 0.0001, 'sala=2']
['alaska']
['copy', '$master_path/MOLCAS.1.JobIph', 'JOBOLD']
['rasscf', 1, 4, True, False]
['mclr', 0.0001, 'sala=2']
['alaska']
All jobs finished:
job: master          code: 0    runtime: 0:00:19.839451
job: grad_3_2        code: 0    runtime: 0:00:12.167191
job: grad_1_2        code: 0    runtime: 0:00:11.626623

Starting job execution
['gateway']
['seward']
['copy', '/project/lgagliardi/helenclifford/practice_rcc/sharc4/methaniminium/tutorial_reproduction/traj/Singlet_2/TRAJ_00009/restart/MOLCAS.1.JobIph.27', 'JOBOLD']
['rasscf', 1, 4, True, False]
['copy', 'MOLCAS.rasscf.h5', 'MOLCAS.1.rasscf.h5']
['copy', 'MOLCAS.JobIph', 'MOLCAS.1.JobIph']
['copy', '/project/lgagliardi/helenclifford/practice_rcc/sharc4/methaniminium/tutorial_reproduction/traj/Singlet_2/TRAJ_00009/restart/MOLCAS.3.JobIph.27', 'JOBOLD']
['rasscf', 3, 3, True, False]
['copy', 'MOLCAS.rasscf.h5', 'MOLCAS.3.rasscf.h5']
['copy', 'MOLCAS.JobIph', 'MOLCAS.3.JobIph']
['link', 'MOLCAS.1.JobIph', 'JOB001']
['rassi', 'dm', [4]]
['copy', 'MOLCAS.rassi.h5', 'MOLCAS.rassi.1.h5']
['link', 'MOLCAS.3.JobIph', 'JOB001']
['rassi', 'dm', [3]]
['copy', 'MOLCAS.rassi.h5', 'MOLCAS.rassi.3.h5']
['copy', '/project/lgagliardi/helenclifford/practice_rcc/sharc4/methaniminium/tutorial_reproduction/traj/Singlet_2/TRAJ_00009/restart/MOLCAS.1.JobIph.27', 'JOB001']
['link', 'MOLCAS.1.JobIph', 'JOB002']
['rassi', 'overlap', [4, 4]]
['copy', 'MOLCAS.rassi.h5', 'MOLCAS.rassi.ovlp.1.h5']
['copy', '/project/lgagliardi/helenclifford/practice_rcc/sharc4/methaniminium/tutorial_reproduction/traj/Singlet_2/TRAJ_00009/restart/MOLCAS.3.JobIph.27', 'JOB001']
['link', 'MOLCAS.3.JobIph', 'JOB002']
['rassi', 'overlap', [3, 3]]
['copy', 'MOLCAS.rassi.h5', 'MOLCAS.rassi.ovlp.3.h5']
['link', 'MOLCAS.1.JobIph', 'JOB001']
['link', 'MOLCAS.3.JobIph', 'JOB002']
['rassi', 'soc', [4, 3]]
['copy', '$master_path/MOLCAS.3.JobIph', 'JOBOLD']
['rasscf', 3, 3, True, False]
['mclr', 0.0001, 'sala=2']
['alaska']
['copy', '$master_path/MOLCAS.1.JobIph', 'JOBOLD']
['rasscf', 1, 4, True, False]
['mclr', 0.0001, 'sala=2']
['alaska']
All jobs finished:
job: master          code: 0    runtime: 0:00:16.772138
job: grad_3_2        code: 0    runtime: 0:00:17.399344
job: grad_1_2        code: 0    runtime: 0:00:08.889361

Starting job execution
['gateway']
['seward']
['copy', '/project/lgagliardi/helenclifford/practice_rcc/sharc4/methaniminium/tutorial_reproduction/traj/Singlet_2/TRAJ_00009/restart/MOLCAS.1.JobIph.28', 'JOBOLD']
['rasscf', 1, 4, True, False]
['copy', 'MOLCAS.rasscf.h5', 'MOLCAS.1.rasscf.h5']
['copy', 'MOLCAS.JobIph', 'MOLCAS.1.JobIph']
['copy', '/project/lgagliardi/helenclifford/practice_rcc/sharc4/methaniminium/tutorial_reproduction/traj/Singlet_2/TRAJ_00009/restart/MOLCAS.3.JobIph.28', 'JOBOLD']
['rasscf', 3, 3, True, False]
['copy', 'MOLCAS.rasscf.h5', 'MOLCAS.3.rasscf.h5']
['copy', 'MOLCAS.JobIph', 'MOLCAS.3.JobIph']
['link', 'MOLCAS.1.JobIph', 'JOB001']
['rassi', 'dm', [4]]
['copy', 'MOLCAS.rassi.h5', 'MOLCAS.rassi.1.h5']
['link', 'MOLCAS.3.JobIph', 'JOB001']
['rassi', 'dm', [3]]
['copy', 'MOLCAS.rassi.h5', 'MOLCAS.rassi.3.h5']
['copy', '/project/lgagliardi/helenclifford/practice_rcc/sharc4/methaniminium/tutorial_reproduction/traj/Singlet_2/TRAJ_00009/restart/MOLCAS.1.JobIph.28', 'JOB001']
['link', 'MOLCAS.1.JobIph', 'JOB002']
['rassi', 'overlap', [4, 4]]
['copy', 'MOLCAS.rassi.h5', 'MOLCAS.rassi.ovlp.1.h5']
['copy', '/project/lgagliardi/helenclifford/practice_rcc/sharc4/methaniminium/tutorial_reproduction/traj/Singlet_2/TRAJ_00009/restart/MOLCAS.3.JobIph.28', 'JOB001']
['link', 'MOLCAS.3.JobIph', 'JOB002']
['rassi', 'overlap', [3, 3]]
['copy', 'MOLCAS.rassi.h5', 'MOLCAS.rassi.ovlp.3.h5']
['link', 'MOLCAS.1.JobIph', 'JOB001']
['link', 'MOLCAS.3.JobIph', 'JOB002']
['rassi', 'soc', [4, 3]]
['copy', '$master_path/MOLCAS.1.JobIph', 'JOBOLD']
['rasscf', 1, 4, True, False]
['mclr', 0.0001, 'sala=2']
['alaska']
All jobs finished:
job: master          code: 0    runtime: 0:00:18.354614
job: grad_1_2        code: 0    runtime: 0:00:12.898316

Starting job execution
['gateway']
['seward']
['copy', '/project/lgagliardi/helenclifford/practice_rcc/sharc4/methaniminium/tutorial_reproduction/traj/Singlet_2/TRAJ_00009/restart/MOLCAS.1.JobIph.29', 'JOBOLD']
['rasscf', 1, 4, True, False]
['copy', 'MOLCAS.rasscf.h5', 'MOLCAS.1.rasscf.h5']
['copy', 'MOLCAS.JobIph', 'MOLCAS.1.JobIph']
['copy', '/project/lgagliardi/helenclifford/practice_rcc/sharc4/methaniminium/tutorial_reproduction/traj/Singlet_2/TRAJ_00009/restart/MOLCAS.3.JobIph.29', 'JOBOLD']
['rasscf', 3, 3, True, False]
['copy', 'MOLCAS.rasscf.h5', 'MOLCAS.3.rasscf.h5']
['copy', 'MOLCAS.JobIph', 'MOLCAS.3.JobIph']
['link', 'MOLCAS.1.JobIph', 'JOB001']
['rassi', 'dm', [4]]
['copy', 'MOLCAS.rassi.h5', 'MOLCAS.rassi.1.h5']
['link', 'MOLCAS.3.JobIph', 'JOB001']
['rassi', 'dm', [3]]
['copy', 'MOLCAS.rassi.h5', 'MOLCAS.rassi.3.h5']
['copy', '/project/lgagliardi/helenclifford/practice_rcc/sharc4/methaniminium/tutorial_reproduction/traj/Singlet_2/TRAJ_00009/restart/MOLCAS.1.JobIph.29', 'JOB001']
['link', 'MOLCAS.1.JobIph', 'JOB002']
['rassi', 'overlap', [4, 4]]
['copy', 'MOLCAS.rassi.h5', 'MOLCAS.rassi.ovlp.1.h5']
['copy', '/project/lgagliardi/helenclifford/practice_rcc/sharc4/methaniminium/tutorial_reproduction/traj/Singlet_2/TRAJ_00009/restart/MOLCAS.3.JobIph.29', 'JOB001']
['link', 'MOLCAS.3.JobIph', 'JOB002']
['rassi', 'overlap', [3, 3]]
['copy', 'MOLCAS.rassi.h5', 'MOLCAS.rassi.ovlp.3.h5']
['link', 'MOLCAS.1.JobIph', 'JOB001']
['link', 'MOLCAS.3.JobIph', 'JOB002']
['rassi', 'soc', [4, 3]]
['copy', '$master_path/MOLCAS.1.JobIph', 'JOBOLD']
['rasscf', 1, 4, True, False]
['mclr', 0.0001, 'sala=2']
['alaska']
All jobs finished:
job: master          code: 0    runtime: 0:00:21.994708
job: grad_1_2        code: 0    runtime: 0:00:17.199771

Starting job execution
['gateway']
['seward']
['copy', '/project/lgagliardi/helenclifford/practice_rcc/sharc4/methaniminium/tutorial_reproduction/traj/Singlet_2/TRAJ_00009/restart/MOLCAS.1.JobIph.30', 'JOBOLD']
['rasscf', 1, 4, True, False]
['copy', 'MOLCAS.rasscf.h5', 'MOLCAS.1.rasscf.h5']
['copy', 'MOLCAS.JobIph', 'MOLCAS.1.JobIph']
['copy', '/project/lgagliardi/helenclifford/practice_rcc/sharc4/methaniminium/tutorial_reproduction/traj/Singlet_2/TRAJ_00009/restart/MOLCAS.3.JobIph.30', 'JOBOLD']
['rasscf', 3, 3, True, False]
['copy', 'MOLCAS.rasscf.h5', 'MOLCAS.3.rasscf.h5']
['copy', 'MOLCAS.JobIph', 'MOLCAS.3.JobIph']
['link', 'MOLCAS.1.JobIph', 'JOB001']
['rassi', 'dm', [4]]
['copy', 'MOLCAS.rassi.h5', 'MOLCAS.rassi.1.h5']
['link', 'MOLCAS.3.JobIph', 'JOB001']
['rassi', 'dm', [3]]
['copy', 'MOLCAS.rassi.h5', 'MOLCAS.rassi.3.h5']
['copy', '/project/lgagliardi/helenclifford/practice_rcc/sharc4/methaniminium/tutorial_reproduction/traj/Singlet_2/TRAJ_00009/restart/MOLCAS.1.JobIph.30', 'JOB001']
['link', 'MOLCAS.1.JobIph', 'JOB002']
['rassi', 'overlap', [4, 4]]
['copy', 'MOLCAS.rassi.h5', 'MOLCAS.rassi.ovlp.1.h5']
['copy', '/project/lgagliardi/helenclifford/practice_rcc/sharc4/methaniminium/tutorial_reproduction/traj/Singlet_2/TRAJ_00009/restart/MOLCAS.3.JobIph.30', 'JOB001']
['link', 'MOLCAS.3.JobIph', 'JOB002']
['rassi', 'overlap', [3, 3]]
['copy', 'MOLCAS.rassi.h5', 'MOLCAS.rassi.ovlp.3.h5']
['link', 'MOLCAS.1.JobIph', 'JOB001']
['link', 'MOLCAS.3.JobIph', 'JOB002']
['rassi', 'soc', [4, 3]]
['copy', '$master_path/MOLCAS.1.JobIph', 'JOBOLD']
['rasscf', 1, 4, True, False]
['mclr', 0.0001, 'sala=2']
['alaska']
All jobs finished:
job: master          code: 0    runtime: 0:00:17.450921
job: grad_1_2        code: 0    runtime: 0:00:13.296813

Starting job execution
['gateway']
['seward']
['copy', '/project/lgagliardi/helenclifford/practice_rcc/sharc4/methaniminium/tutorial_reproduction/traj/Singlet_2/TRAJ_00009/restart/MOLCAS.1.JobIph.31', 'JOBOLD']
['rasscf', 1, 4, True, False]
['copy', 'MOLCAS.rasscf.h5', 'MOLCAS.1.rasscf.h5']
['copy', 'MOLCAS.JobIph', 'MOLCAS.1.JobIph']
['copy', '/project/lgagliardi/helenclifford/practice_rcc/sharc4/methaniminium/tutorial_reproduction/traj/Singlet_2/TRAJ_00009/restart/MOLCAS.3.JobIph.31', 'JOBOLD']
['rasscf', 3, 3, True, False]
['copy', 'MOLCAS.rasscf.h5', 'MOLCAS.3.rasscf.h5']
['copy', 'MOLCAS.JobIph', 'MOLCAS.3.JobIph']
['link', 'MOLCAS.1.JobIph', 'JOB001']
['rassi', 'dm', [4]]
['copy', 'MOLCAS.rassi.h5', 'MOLCAS.rassi.1.h5']
['link', 'MOLCAS.3.JobIph', 'JOB001']
['rassi', 'dm', [3]]
['copy', 'MOLCAS.rassi.h5', 'MOLCAS.rassi.3.h5']
['copy', '/project/lgagliardi/helenclifford/practice_rcc/sharc4/methaniminium/tutorial_reproduction/traj/Singlet_2/TRAJ_00009/restart/MOLCAS.1.JobIph.31', 'JOB001']
['link', 'MOLCAS.1.JobIph', 'JOB002']
['rassi', 'overlap', [4, 4]]
['copy', 'MOLCAS.rassi.h5', 'MOLCAS.rassi.ovlp.1.h5']
['copy', '/project/lgagliardi/helenclifford/practice_rcc/sharc4/methaniminium/tutorial_reproduction/traj/Singlet_2/TRAJ_00009/restart/MOLCAS.3.JobIph.31', 'JOB001']
['link', 'MOLCAS.3.JobIph', 'JOB002']
['rassi', 'overlap', [3, 3]]
['copy', 'MOLCAS.rassi.h5', 'MOLCAS.rassi.ovlp.3.h5']
['link', 'MOLCAS.1.JobIph', 'JOB001']
['link', 'MOLCAS.3.JobIph', 'JOB002']
['rassi', 'soc', [4, 3]]
['copy', '$master_path/MOLCAS.1.JobIph', 'JOBOLD']
['rasscf', 1, 4, True, False]
['mclr', 0.0001, 'sala=2']
['alaska']
All jobs finished:
job: master          code: 0    runtime: 0:00:21.014067
job: grad_1_2        code: 0    runtime: 0:00:13.861384

Starting job execution
['gateway']
['seward']
['copy', '/project/lgagliardi/helenclifford/practice_rcc/sharc4/methaniminium/tutorial_reproduction/traj/Singlet_2/TRAJ_00009/restart/MOLCAS.1.JobIph.32', 'JOBOLD']
['rasscf', 1, 4, True, False]
['copy', 'MOLCAS.rasscf.h5', 'MOLCAS.1.rasscf.h5']
['copy', 'MOLCAS.JobIph', 'MOLCAS.1.JobIph']
['copy', '/project/lgagliardi/helenclifford/practice_rcc/sharc4/methaniminium/tutorial_reproduction/traj/Singlet_2/TRAJ_00009/restart/MOLCAS.3.JobIph.32', 'JOBOLD']
['rasscf', 3, 3, True, False]
['copy', 'MOLCAS.rasscf.h5', 'MOLCAS.3.rasscf.h5']
['copy', 'MOLCAS.JobIph', 'MOLCAS.3.JobIph']
['link', 'MOLCAS.1.JobIph', 'JOB001']
['rassi', 'dm', [4]]
['copy', 'MOLCAS.rassi.h5', 'MOLCAS.rassi.1.h5']
['link', 'MOLCAS.3.JobIph', 'JOB001']
['rassi', 'dm', [3]]
['copy', 'MOLCAS.rassi.h5', 'MOLCAS.rassi.3.h5']
['copy', '/project/lgagliardi/helenclifford/practice_rcc/sharc4/methaniminium/tutorial_reproduction/traj/Singlet_2/TRAJ_00009/restart/MOLCAS.1.JobIph.32', 'JOB001']
['link', 'MOLCAS.1.JobIph', 'JOB002']
['rassi', 'overlap', [4, 4]]
['copy', 'MOLCAS.rassi.h5', 'MOLCAS.rassi.ovlp.1.h5']
['copy', '/project/lgagliardi/helenclifford/practice_rcc/sharc4/methaniminium/tutorial_reproduction/traj/Singlet_2/TRAJ_00009/restart/MOLCAS.3.JobIph.32', 'JOB001']
['link', 'MOLCAS.3.JobIph', 'JOB002']
['rassi', 'overlap', [3, 3]]
['copy', 'MOLCAS.rassi.h5', 'MOLCAS.rassi.ovlp.3.h5']
['link', 'MOLCAS.1.JobIph', 'JOB001']
['link', 'MOLCAS.3.JobIph', 'JOB002']
['rassi', 'soc', [4, 3]]
['copy', '$master_path/MOLCAS.1.JobIph', 'JOBOLD']
['rasscf', 1, 4, True, False]
['mclr', 0.0001, 'sala=2']
['alaska']
All jobs finished:
job: master          code: 0    runtime: 0:00:25.190660
job: grad_1_2        code: 0    runtime: 0:00:02.677913

Starting job execution
['gateway']
['seward']
['copy', '/project/lgagliardi/helenclifford/practice_rcc/sharc4/methaniminium/tutorial_reproduction/traj/Singlet_2/TRAJ_00009/restart/MOLCAS.1.JobIph.33', 'JOBOLD']
['rasscf', 1, 4, True, False]
['copy', 'MOLCAS.rasscf.h5', 'MOLCAS.1.rasscf.h5']
['copy', 'MOLCAS.JobIph', 'MOLCAS.1.JobIph']
['copy', '/project/lgagliardi/helenclifford/practice_rcc/sharc4/methaniminium/tutorial_reproduction/traj/Singlet_2/TRAJ_00009/restart/MOLCAS.3.JobIph.33', 'JOBOLD']
['rasscf', 3, 3, True, False]
['copy', 'MOLCAS.rasscf.h5', 'MOLCAS.3.rasscf.h5']
['copy', 'MOLCAS.JobIph', 'MOLCAS.3.JobIph']
['link', 'MOLCAS.1.JobIph', 'JOB001']
['rassi', 'dm', [4]]
['copy', 'MOLCAS.rassi.h5', 'MOLCAS.rassi.1.h5']
['link', 'MOLCAS.3.JobIph', 'JOB001']
['rassi', 'dm', [3]]
['copy', 'MOLCAS.rassi.h5', 'MOLCAS.rassi.3.h5']
['copy', '/project/lgagliardi/helenclifford/practice_rcc/sharc4/methaniminium/tutorial_reproduction/traj/Singlet_2/TRAJ_00009/restart/MOLCAS.1.JobIph.33', 'JOB001']
['link', 'MOLCAS.1.JobIph', 'JOB002']
['rassi', 'overlap', [4, 4]]
['copy', 'MOLCAS.rassi.h5', 'MOLCAS.rassi.ovlp.1.h5']
['copy', '/project/lgagliardi/helenclifford/practice_rcc/sharc4/methaniminium/tutorial_reproduction/traj/Singlet_2/TRAJ_00009/restart/MOLCAS.3.JobIph.33', 'JOB001']
['link', 'MOLCAS.3.JobIph', 'JOB002']
['rassi', 'overlap', [3, 3]]
['copy', 'MOLCAS.rassi.h5', 'MOLCAS.rassi.ovlp.3.h5']
['link', 'MOLCAS.1.JobIph', 'JOB001']
['link', 'MOLCAS.3.JobIph', 'JOB002']
['rassi', 'soc', [4, 3]]
['copy', '$master_path/MOLCAS.1.JobIph', 'JOBOLD']
['rasscf', 1, 4, True, False]
['mclr', 0.0001, 'sala=2']
['alaska']
All jobs finished:
job: master          code: 0    runtime: 0:00:29.591756
job: grad_1_2        code: 0    runtime: 0:00:10.068436

Starting job execution
['gateway']
['seward']
['copy', '/project/lgagliardi/helenclifford/practice_rcc/sharc4/methaniminium/tutorial_reproduction/traj/Singlet_2/TRAJ_00009/restart/MOLCAS.1.JobIph.34', 'JOBOLD']
['rasscf', 1, 4, True, False]
['copy', 'MOLCAS.rasscf.h5', 'MOLCAS.1.rasscf.h5']
['copy', 'MOLCAS.JobIph', 'MOLCAS.1.JobIph']
['copy', '/project/lgagliardi/helenclifford/practice_rcc/sharc4/methaniminium/tutorial_reproduction/traj/Singlet_2/TRAJ_00009/restart/MOLCAS.3.JobIph.34', 'JOBOLD']
['rasscf', 3, 3, True, False]
['copy', 'MOLCAS.rasscf.h5', 'MOLCAS.3.rasscf.h5']
['copy', 'MOLCAS.JobIph', 'MOLCAS.3.JobIph']
['link', 'MOLCAS.1.JobIph', 'JOB001']
['rassi', 'dm', [4]]
['copy', 'MOLCAS.rassi.h5', 'MOLCAS.rassi.1.h5']
['link', 'MOLCAS.3.JobIph', 'JOB001']
['rassi', 'dm', [3]]
['copy', 'MOLCAS.rassi.h5', 'MOLCAS.rassi.3.h5']
['copy', '/project/lgagliardi/helenclifford/practice_rcc/sharc4/methaniminium/tutorial_reproduction/traj/Singlet_2/TRAJ_00009/restart/MOLCAS.1.JobIph.34', 'JOB001']
['link', 'MOLCAS.1.JobIph', 'JOB002']
['rassi', 'overlap', [4, 4]]
['copy', 'MOLCAS.rassi.h5', 'MOLCAS.rassi.ovlp.1.h5']
['copy', '/project/lgagliardi/helenclifford/practice_rcc/sharc4/methaniminium/tutorial_reproduction/traj/Singlet_2/TRAJ_00009/restart/MOLCAS.3.JobIph.34', 'JOB001']
['link', 'MOLCAS.3.JobIph', 'JOB002']
['rassi', 'overlap', [3, 3]]
['copy', 'MOLCAS.rassi.h5', 'MOLCAS.rassi.ovlp.3.h5']
['link', 'MOLCAS.1.JobIph', 'JOB001']
['link', 'MOLCAS.3.JobIph', 'JOB002']
['rassi', 'soc', [4, 3]]
['copy', '$master_path/MOLCAS.1.JobIph', 'JOBOLD']
['rasscf', 1, 4, True, False]
['mclr', 0.0001, 'sala=2']
['alaska']
All jobs finished:
job: master          code: 0    runtime: 0:00:17.945150
job: grad_1_2        code: 0    runtime: 0:00:14.448779

Starting job execution
['gateway']
['seward']
['copy', '/project/lgagliardi/helenclifford/practice_rcc/sharc4/methaniminium/tutorial_reproduction/traj/Singlet_2/TRAJ_00009/restart/MOLCAS.1.JobIph.35', 'JOBOLD']
['rasscf', 1, 4, True, False]
['copy', 'MOLCAS.rasscf.h5', 'MOLCAS.1.rasscf.h5']
['copy', 'MOLCAS.JobIph', 'MOLCAS.1.JobIph']
['copy', '/project/lgagliardi/helenclifford/practice_rcc/sharc4/methaniminium/tutorial_reproduction/traj/Singlet_2/TRAJ_00009/restart/MOLCAS.3.JobIph.35', 'JOBOLD']
['rasscf', 3, 3, True, False]
['copy', 'MOLCAS.rasscf.h5', 'MOLCAS.3.rasscf.h5']
['copy', 'MOLCAS.JobIph', 'MOLCAS.3.JobIph']
['link', 'MOLCAS.1.JobIph', 'JOB001']
['rassi', 'dm', [4]]
['copy', 'MOLCAS.rassi.h5', 'MOLCAS.rassi.1.h5']
['link', 'MOLCAS.3.JobIph', 'JOB001']
['rassi', 'dm', [3]]
['copy', 'MOLCAS.rassi.h5', 'MOLCAS.rassi.3.h5']
['copy', '/project/lgagliardi/helenclifford/practice_rcc/sharc4/methaniminium/tutorial_reproduction/traj/Singlet_2/TRAJ_00009/restart/MOLCAS.1.JobIph.35', 'JOB001']
['link', 'MOLCAS.1.JobIph', 'JOB002']
['rassi', 'overlap', [4, 4]]
['copy', 'MOLCAS.rassi.h5', 'MOLCAS.rassi.ovlp.1.h5']
['copy', '/project/lgagliardi/helenclifford/practice_rcc/sharc4/methaniminium/tutorial_reproduction/traj/Singlet_2/TRAJ_00009/restart/MOLCAS.3.JobIph.35', 'JOB001']
['link', 'MOLCAS.3.JobIph', 'JOB002']
['rassi', 'overlap', [3, 3]]
['copy', 'MOLCAS.rassi.h5', 'MOLCAS.rassi.ovlp.3.h5']
['link', 'MOLCAS.1.JobIph', 'JOB001']
['link', 'MOLCAS.3.JobIph', 'JOB002']
['rassi', 'soc', [4, 3]]
['copy', '$master_path/MOLCAS.1.JobIph', 'JOBOLD']
['rasscf', 1, 4, True, False]
['mclr', 0.0001, 'sala=2']
['alaska']
All jobs finished:
job: master          code: 0    runtime: 0:00:18.593082
job: grad_1_2        code: 0    runtime: 0:00:06.343419

Starting job execution
['gateway']
['seward']
['copy', '/project/lgagliardi/helenclifford/practice_rcc/sharc4/methaniminium/tutorial_reproduction/traj/Singlet_2/TRAJ_00009/restart/MOLCAS.1.JobIph.36', 'JOBOLD']
['rasscf', 1, 4, True, False]
['copy', 'MOLCAS.rasscf.h5', 'MOLCAS.1.rasscf.h5']
['copy', 'MOLCAS.JobIph', 'MOLCAS.1.JobIph']
['copy', '/project/lgagliardi/helenclifford/practice_rcc/sharc4/methaniminium/tutorial_reproduction/traj/Singlet_2/TRAJ_00009/restart/MOLCAS.3.JobIph.36', 'JOBOLD']
['rasscf', 3, 3, True, False]
['copy', 'MOLCAS.rasscf.h5', 'MOLCAS.3.rasscf.h5']
['copy', 'MOLCAS.JobIph', 'MOLCAS.3.JobIph']
['link', 'MOLCAS.1.JobIph', 'JOB001']
['rassi', 'dm', [4]]
['copy', 'MOLCAS.rassi.h5', 'MOLCAS.rassi.1.h5']
['link', 'MOLCAS.3.JobIph', 'JOB001']
['rassi', 'dm', [3]]
['copy', 'MOLCAS.rassi.h5', 'MOLCAS.rassi.3.h5']
['copy', '/project/lgagliardi/helenclifford/practice_rcc/sharc4/methaniminium/tutorial_reproduction/traj/Singlet_2/TRAJ_00009/restart/MOLCAS.1.JobIph.36', 'JOB001']
['link', 'MOLCAS.1.JobIph', 'JOB002']
['rassi', 'overlap', [4, 4]]
['copy', 'MOLCAS.rassi.h5', 'MOLCAS.rassi.ovlp.1.h5']
['copy', '/project/lgagliardi/helenclifford/practice_rcc/sharc4/methaniminium/tutorial_reproduction/traj/Singlet_2/TRAJ_00009/restart/MOLCAS.3.JobIph.36', 'JOB001']
['link', 'MOLCAS.3.JobIph', 'JOB002']
['rassi', 'overlap', [3, 3]]
['copy', 'MOLCAS.rassi.h5', 'MOLCAS.rassi.ovlp.3.h5']
['link', 'MOLCAS.1.JobIph', 'JOB001']
['link', 'MOLCAS.3.JobIph', 'JOB002']
['rassi', 'soc', [4, 3]]
['copy', '$master_path/MOLCAS.1.JobIph', 'JOBOLD']
['rasscf', 1, 4, True, False]
['mclr', 0.0001, 'sala=2']
['alaska']
All jobs finished:
job: master          code: 0    runtime: 0:00:32.287187
job: grad_1_2        code: 0    runtime: 0:00:09.877082

Starting job execution
['gateway']
['seward']
['copy', '/project/lgagliardi/helenclifford/practice_rcc/sharc4/methaniminium/tutorial_reproduction/traj/Singlet_2/TRAJ_00009/restart/MOLCAS.1.JobIph.37', 'JOBOLD']
['rasscf', 1, 4, True, False]
['copy', 'MOLCAS.rasscf.h5', 'MOLCAS.1.rasscf.h5']
['copy', 'MOLCAS.JobIph', 'MOLCAS.1.JobIph']
['copy', '/project/lgagliardi/helenclifford/practice_rcc/sharc4/methaniminium/tutorial_reproduction/traj/Singlet_2/TRAJ_00009/restart/MOLCAS.3.JobIph.37', 'JOBOLD']
['rasscf', 3, 3, True, False]
['copy', 'MOLCAS.rasscf.h5', 'MOLCAS.3.rasscf.h5']
['copy', 'MOLCAS.JobIph', 'MOLCAS.3.JobIph']
['link', 'MOLCAS.1.JobIph', 'JOB001']
['rassi', 'dm', [4]]
['copy', 'MOLCAS.rassi.h5', 'MOLCAS.rassi.1.h5']
['link', 'MOLCAS.3.JobIph', 'JOB001']
['rassi', 'dm', [3]]
['copy', 'MOLCAS.rassi.h5', 'MOLCAS.rassi.3.h5']
['copy', '/project/lgagliardi/helenclifford/practice_rcc/sharc4/methaniminium/tutorial_reproduction/traj/Singlet_2/TRAJ_00009/restart/MOLCAS.1.JobIph.37', 'JOB001']
['link', 'MOLCAS.1.JobIph', 'JOB002']
['rassi', 'overlap', [4, 4]]
['copy', 'MOLCAS.rassi.h5', 'MOLCAS.rassi.ovlp.1.h5']
['copy', '/project/lgagliardi/helenclifford/practice_rcc/sharc4/methaniminium/tutorial_reproduction/traj/Singlet_2/TRAJ_00009/restart/MOLCAS.3.JobIph.37', 'JOB001']
['link', 'MOLCAS.3.JobIph', 'JOB002']
['rassi', 'overlap', [3, 3]]
['copy', 'MOLCAS.rassi.h5', 'MOLCAS.rassi.ovlp.3.h5']
['link', 'MOLCAS.1.JobIph', 'JOB001']
['link', 'MOLCAS.3.JobIph', 'JOB002']
['rassi', 'soc', [4, 3]]
['copy', '$master_path/MOLCAS.1.JobIph', 'JOBOLD']
['rasscf', 1, 4, True, False]
['mclr', 0.0001, 'sala=2']
['alaska']
All jobs finished:
job: master          code: 0    runtime: 0:00:21.268546
job: grad_1_2        code: 0    runtime: 0:00:13.160249

Starting job execution
['gateway']
['seward']
['copy', '/project/lgagliardi/helenclifford/practice_rcc/sharc4/methaniminium/tutorial_reproduction/traj/Singlet_2/TRAJ_00009/restart/MOLCAS.1.JobIph.38', 'JOBOLD']
['rasscf', 1, 4, True, False]
['copy', 'MOLCAS.rasscf.h5', 'MOLCAS.1.rasscf.h5']
['copy', 'MOLCAS.JobIph', 'MOLCAS.1.JobIph']
['copy', '/project/lgagliardi/helenclifford/practice_rcc/sharc4/methaniminium/tutorial_reproduction/traj/Singlet_2/TRAJ_00009/restart/MOLCAS.3.JobIph.38', 'JOBOLD']
['rasscf', 3, 3, True, False]
['copy', 'MOLCAS.rasscf.h5', 'MOLCAS.3.rasscf.h5']
['copy', 'MOLCAS.JobIph', 'MOLCAS.3.JobIph']
['link', 'MOLCAS.1.JobIph', 'JOB001']
['rassi', 'dm', [4]]
['copy', 'MOLCAS.rassi.h5', 'MOLCAS.rassi.1.h5']
['link', 'MOLCAS.3.JobIph', 'JOB001']
['rassi', 'dm', [3]]
['copy', 'MOLCAS.rassi.h5', 'MOLCAS.rassi.3.h5']
['copy', '/project/lgagliardi/helenclifford/practice_rcc/sharc4/methaniminium/tutorial_reproduction/traj/Singlet_2/TRAJ_00009/restart/MOLCAS.1.JobIph.38', 'JOB001']
['link', 'MOLCAS.1.JobIph', 'JOB002']
['rassi', 'overlap', [4, 4]]
['copy', 'MOLCAS.rassi.h5', 'MOLCAS.rassi.ovlp.1.h5']
['copy', '/project/lgagliardi/helenclifford/practice_rcc/sharc4/methaniminium/tutorial_reproduction/traj/Singlet_2/TRAJ_00009/restart/MOLCAS.3.JobIph.38', 'JOB001']
['link', 'MOLCAS.3.JobIph', 'JOB002']
['rassi', 'overlap', [3, 3]]
['copy', 'MOLCAS.rassi.h5', 'MOLCAS.rassi.ovlp.3.h5']
['link', 'MOLCAS.1.JobIph', 'JOB001']
['link', 'MOLCAS.3.JobIph', 'JOB002']
['rassi', 'soc', [4, 3]]
['copy', '$master_path/MOLCAS.1.JobIph', 'JOBOLD']
['rasscf', 1, 4, True, False]
['mclr', 0.0001, 'sala=2']
['alaska']
All jobs finished:
job: master          code: 0    runtime: 0:00:24.817396
job: grad_1_2        code: 0    runtime: 0:00:07.332119

Starting job execution
['gateway']
['seward']
['copy', '/project/lgagliardi/helenclifford/practice_rcc/sharc4/methaniminium/tutorial_reproduction/traj/Singlet_2/TRAJ_00009/restart/MOLCAS.1.JobIph.39', 'JOBOLD']
['rasscf', 1, 4, True, False]
['copy', 'MOLCAS.rasscf.h5', 'MOLCAS.1.rasscf.h5']
['copy', 'MOLCAS.JobIph', 'MOLCAS.1.JobIph']
['copy', '/project/lgagliardi/helenclifford/practice_rcc/sharc4/methaniminium/tutorial_reproduction/traj/Singlet_2/TRAJ_00009/restart/MOLCAS.3.JobIph.39', 'JOBOLD']
['rasscf', 3, 3, True, False]
['copy', 'MOLCAS.rasscf.h5', 'MOLCAS.3.rasscf.h5']
['copy', 'MOLCAS.JobIph', 'MOLCAS.3.JobIph']
['link', 'MOLCAS.1.JobIph', 'JOB001']
['rassi', 'dm', [4]]
['copy', 'MOLCAS.rassi.h5', 'MOLCAS.rassi.1.h5']
['link', 'MOLCAS.3.JobIph', 'JOB001']
['rassi', 'dm', [3]]
['copy', 'MOLCAS.rassi.h5', 'MOLCAS.rassi.3.h5']
['copy', '/project/lgagliardi/helenclifford/practice_rcc/sharc4/methaniminium/tutorial_reproduction/traj/Singlet_2/TRAJ_00009/restart/MOLCAS.1.JobIph.39', 'JOB001']
['link', 'MOLCAS.1.JobIph', 'JOB002']
['rassi', 'overlap', [4, 4]]
['copy', 'MOLCAS.rassi.h5', 'MOLCAS.rassi.ovlp.1.h5']
['copy', '/project/lgagliardi/helenclifford/practice_rcc/sharc4/methaniminium/tutorial_reproduction/traj/Singlet_2/TRAJ_00009/restart/MOLCAS.3.JobIph.39', 'JOB001']
['link', 'MOLCAS.3.JobIph', 'JOB002']
['rassi', 'overlap', [3, 3]]
['copy', 'MOLCAS.rassi.h5', 'MOLCAS.rassi.ovlp.3.h5']
['link', 'MOLCAS.1.JobIph', 'JOB001']
['link', 'MOLCAS.3.JobIph', 'JOB002']
['rassi', 'soc', [4, 3]]
['copy', '$master_path/MOLCAS.1.JobIph', 'JOBOLD']
['rasscf', 1, 4, True, False]
['mclr', 0.0001, 'sala=2']
['alaska']
All jobs finished:
job: master          code: 0    runtime: 0:00:26.600325
job: grad_1_2        code: 0    runtime: 0:00:09.595616

Starting job execution
['gateway']
['seward']
['copy', '/project/lgagliardi/helenclifford/practice_rcc/sharc4/methaniminium/tutorial_reproduction/traj/Singlet_2/TRAJ_00009/restart/MOLCAS.1.JobIph.40', 'JOBOLD']
['rasscf', 1, 4, True, False]
['copy', 'MOLCAS.rasscf.h5', 'MOLCAS.1.rasscf.h5']
['copy', 'MOLCAS.JobIph', 'MOLCAS.1.JobIph']
['copy', '/project/lgagliardi/helenclifford/practice_rcc/sharc4/methaniminium/tutorial_reproduction/traj/Singlet_2/TRAJ_00009/restart/MOLCAS.3.JobIph.40', 'JOBOLD']
['rasscf', 3, 3, True, False]
['copy', 'MOLCAS.rasscf.h5', 'MOLCAS.3.rasscf.h5']
['copy', 'MOLCAS.JobIph', 'MOLCAS.3.JobIph']
['link', 'MOLCAS.1.JobIph', 'JOB001']
['rassi', 'dm', [4]]
['copy', 'MOLCAS.rassi.h5', 'MOLCAS.rassi.1.h5']
['link', 'MOLCAS.3.JobIph', 'JOB001']
['rassi', 'dm', [3]]
['copy', 'MOLCAS.rassi.h5', 'MOLCAS.rassi.3.h5']
['copy', '/project/lgagliardi/helenclifford/practice_rcc/sharc4/methaniminium/tutorial_reproduction/traj/Singlet_2/TRAJ_00009/restart/MOLCAS.1.JobIph.40', 'JOB001']
['link', 'MOLCAS.1.JobIph', 'JOB002']
['rassi', 'overlap', [4, 4]]
['copy', 'MOLCAS.rassi.h5', 'MOLCAS.rassi.ovlp.1.h5']
['copy', '/project/lgagliardi/helenclifford/practice_rcc/sharc4/methaniminium/tutorial_reproduction/traj/Singlet_2/TRAJ_00009/restart/MOLCAS.3.JobIph.40', 'JOB001']
['link', 'MOLCAS.3.JobIph', 'JOB002']
['rassi', 'overlap', [3, 3]]
['copy', 'MOLCAS.rassi.h5', 'MOLCAS.rassi.ovlp.3.h5']
['link', 'MOLCAS.1.JobIph', 'JOB001']
['link', 'MOLCAS.3.JobIph', 'JOB002']
['rassi', 'soc', [4, 3]]
['copy', '$master_path/MOLCAS.1.JobIph', 'JOBOLD']
['rasscf', 1, 4, True, False]
['mclr', 0.0001, 'sala=2']
['alaska']
All jobs finished:
job: master          code: 0    runtime: 0:00:18.132057
job: grad_1_2        code: 0    runtime: 0:00:13.240341

Starting job execution
['gateway']
['seward']
['copy', '/project/lgagliardi/helenclifford/practice_rcc/sharc4/methaniminium/tutorial_reproduction/traj/Singlet_2/TRAJ_00009/restart/MOLCAS.1.JobIph.41', 'JOBOLD']
['rasscf', 1, 4, True, False]
['copy', 'MOLCAS.rasscf.h5', 'MOLCAS.1.rasscf.h5']
['copy', 'MOLCAS.JobIph', 'MOLCAS.1.JobIph']
['copy', '/project/lgagliardi/helenclifford/practice_rcc/sharc4/methaniminium/tutorial_reproduction/traj/Singlet_2/TRAJ_00009/restart/MOLCAS.3.JobIph.41', 'JOBOLD']
['rasscf', 3, 3, True, False]
['copy', 'MOLCAS.rasscf.h5', 'MOLCAS.3.rasscf.h5']
['copy', 'MOLCAS.JobIph', 'MOLCAS.3.JobIph']
['link', 'MOLCAS.1.JobIph', 'JOB001']
['rassi', 'dm', [4]]
['copy', 'MOLCAS.rassi.h5', 'MOLCAS.rassi.1.h5']
['link', 'MOLCAS.3.JobIph', 'JOB001']
['rassi', 'dm', [3]]
['copy', 'MOLCAS.rassi.h5', 'MOLCAS.rassi.3.h5']
['copy', '/project/lgagliardi/helenclifford/practice_rcc/sharc4/methaniminium/tutorial_reproduction/traj/Singlet_2/TRAJ_00009/restart/MOLCAS.1.JobIph.41', 'JOB001']
['link', 'MOLCAS.1.JobIph', 'JOB002']
['rassi', 'overlap', [4, 4]]
['copy', 'MOLCAS.rassi.h5', 'MOLCAS.rassi.ovlp.1.h5']
['copy', '/project/lgagliardi/helenclifford/practice_rcc/sharc4/methaniminium/tutorial_reproduction/traj/Singlet_2/TRAJ_00009/restart/MOLCAS.3.JobIph.41', 'JOB001']
['link', 'MOLCAS.3.JobIph', 'JOB002']
['rassi', 'overlap', [3, 3]]
['copy', 'MOLCAS.rassi.h5', 'MOLCAS.rassi.ovlp.3.h5']
['link', 'MOLCAS.1.JobIph', 'JOB001']
['link', 'MOLCAS.3.JobIph', 'JOB002']
['rassi', 'soc', [4, 3]]
['copy', '$master_path/MOLCAS.1.JobIph', 'JOBOLD']
['rasscf', 1, 4, True, False]
['mclr', 0.0001, 'sala=2']
['alaska']
All jobs finished:
job: master          code: 0    runtime: 0:00:18.519113
job: grad_1_2        code: 0    runtime: 0:00:10.788758

Starting job execution
['gateway']
['seward']
['copy', '/project/lgagliardi/helenclifford/practice_rcc/sharc4/methaniminium/tutorial_reproduction/traj/Singlet_2/TRAJ_00009/restart/MOLCAS.1.JobIph.42', 'JOBOLD']
['rasscf', 1, 4, True, False]
['copy', 'MOLCAS.rasscf.h5', 'MOLCAS.1.rasscf.h5']
['copy', 'MOLCAS.JobIph', 'MOLCAS.1.JobIph']
['copy', '/project/lgagliardi/helenclifford/practice_rcc/sharc4/methaniminium/tutorial_reproduction/traj/Singlet_2/TRAJ_00009/restart/MOLCAS.3.JobIph.42', 'JOBOLD']
['rasscf', 3, 3, True, False]
['copy', 'MOLCAS.rasscf.h5', 'MOLCAS.3.rasscf.h5']
['copy', 'MOLCAS.JobIph', 'MOLCAS.3.JobIph']
['link', 'MOLCAS.1.JobIph', 'JOB001']
['rassi', 'dm', [4]]
['copy', 'MOLCAS.rassi.h5', 'MOLCAS.rassi.1.h5']
['link', 'MOLCAS.3.JobIph', 'JOB001']
['rassi', 'dm', [3]]
['copy', 'MOLCAS.rassi.h5', 'MOLCAS.rassi.3.h5']
['copy', '/project/lgagliardi/helenclifford/practice_rcc/sharc4/methaniminium/tutorial_reproduction/traj/Singlet_2/TRAJ_00009/restart/MOLCAS.1.JobIph.42', 'JOB001']
['link', 'MOLCAS.1.JobIph', 'JOB002']
['rassi', 'overlap', [4, 4]]
['copy', 'MOLCAS.rassi.h5', 'MOLCAS.rassi.ovlp.1.h5']
['copy', '/project/lgagliardi/helenclifford/practice_rcc/sharc4/methaniminium/tutorial_reproduction/traj/Singlet_2/TRAJ_00009/restart/MOLCAS.3.JobIph.42', 'JOB001']
['link', 'MOLCAS.3.JobIph', 'JOB002']
['rassi', 'overlap', [3, 3]]
['copy', 'MOLCAS.rassi.h5', 'MOLCAS.rassi.ovlp.3.h5']
['link', 'MOLCAS.1.JobIph', 'JOB001']
['link', 'MOLCAS.3.JobIph', 'JOB002']
['rassi', 'soc', [4, 3]]
['copy', '$master_path/MOLCAS.1.JobIph', 'JOBOLD']
['rasscf', 1, 4, True, False]
['mclr', 0.0001, 'sala=2']
['alaska']
All jobs finished:
job: master          code: 0    runtime: 0:00:15.719642
job: grad_1_2        code: 0    runtime: 0:00:11.616970

Starting job execution
['gateway']
['seward']
['copy', '/project/lgagliardi/helenclifford/practice_rcc/sharc4/methaniminium/tutorial_reproduction/traj/Singlet_2/TRAJ_00009/restart/MOLCAS.1.JobIph.43', 'JOBOLD']
['rasscf', 1, 4, True, False]
['copy', 'MOLCAS.rasscf.h5', 'MOLCAS.1.rasscf.h5']
['copy', 'MOLCAS.JobIph', 'MOLCAS.1.JobIph']
['copy', '/project/lgagliardi/helenclifford/practice_rcc/sharc4/methaniminium/tutorial_reproduction/traj/Singlet_2/TRAJ_00009/restart/MOLCAS.3.JobIph.43', 'JOBOLD']
['rasscf', 3, 3, True, False]
['copy', 'MOLCAS.rasscf.h5', 'MOLCAS.3.rasscf.h5']
['copy', 'MOLCAS.JobIph', 'MOLCAS.3.JobIph']
['link', 'MOLCAS.1.JobIph', 'JOB001']
['rassi', 'dm', [4]]
['copy', 'MOLCAS.rassi.h5', 'MOLCAS.rassi.1.h5']
['link', 'MOLCAS.3.JobIph', 'JOB001']
['rassi', 'dm', [3]]
['copy', 'MOLCAS.rassi.h5', 'MOLCAS.rassi.3.h5']
['copy', '/project/lgagliardi/helenclifford/practice_rcc/sharc4/methaniminium/tutorial_reproduction/traj/Singlet_2/TRAJ_00009/restart/MOLCAS.1.JobIph.43', 'JOB001']
['link', 'MOLCAS.1.JobIph', 'JOB002']
['rassi', 'overlap', [4, 4]]
['copy', 'MOLCAS.rassi.h5', 'MOLCAS.rassi.ovlp.1.h5']
['copy', '/project/lgagliardi/helenclifford/practice_rcc/sharc4/methaniminium/tutorial_reproduction/traj/Singlet_2/TRAJ_00009/restart/MOLCAS.3.JobIph.43', 'JOB001']
['link', 'MOLCAS.3.JobIph', 'JOB002']
['rassi', 'overlap', [3, 3]]
['copy', 'MOLCAS.rassi.h5', 'MOLCAS.rassi.ovlp.3.h5']
['link', 'MOLCAS.1.JobIph', 'JOB001']
['link', 'MOLCAS.3.JobIph', 'JOB002']
['rassi', 'soc', [4, 3]]
['copy', '$master_path/MOLCAS.1.JobIph', 'JOBOLD']
['rasscf', 1, 4, True, False]
['mclr', 0.0001, 'sala=2']
['alaska']
All jobs finished:
job: master          code: 0    runtime: 0:00:17.396933
job: grad_1_2        code: 0    runtime: 0:00:13.780303

Starting job execution
['gateway']
['seward']
['copy', '/project/lgagliardi/helenclifford/practice_rcc/sharc4/methaniminium/tutorial_reproduction/traj/Singlet_2/TRAJ_00009/restart/MOLCAS.1.JobIph.44', 'JOBOLD']
['rasscf', 1, 4, True, False]
['copy', 'MOLCAS.rasscf.h5', 'MOLCAS.1.rasscf.h5']
['copy', 'MOLCAS.JobIph', 'MOLCAS.1.JobIph']
['copy', '/project/lgagliardi/helenclifford/practice_rcc/sharc4/methaniminium/tutorial_reproduction/traj/Singlet_2/TRAJ_00009/restart/MOLCAS.3.JobIph.44', 'JOBOLD']
['rasscf', 3, 3, True, False]
['copy', 'MOLCAS.rasscf.h5', 'MOLCAS.3.rasscf.h5']
['copy', 'MOLCAS.JobIph', 'MOLCAS.3.JobIph']
['link', 'MOLCAS.1.JobIph', 'JOB001']
['rassi', 'dm', [4]]
['copy', 'MOLCAS.rassi.h5', 'MOLCAS.rassi.1.h5']
['link', 'MOLCAS.3.JobIph', 'JOB001']
['rassi', 'dm', [3]]
['copy', 'MOLCAS.rassi.h5', 'MOLCAS.rassi.3.h5']
['copy', '/project/lgagliardi/helenclifford/practice_rcc/sharc4/methaniminium/tutorial_reproduction/traj/Singlet_2/TRAJ_00009/restart/MOLCAS.1.JobIph.43', 'JOB001']
['link', 'MOLCAS.1.JobIph', 'JOB002']
['rassi', 'overlap', [4, 4]]
['copy', 'MOLCAS.rassi.h5', 'MOLCAS.rassi.ovlp.1.h5']
['copy', '/project/lgagliardi/helenclifford/practice_rcc/sharc4/methaniminium/tutorial_reproduction/traj/Singlet_2/TRAJ_00009/restart/MOLCAS.3.JobIph.43', 'JOB001']
['link', 'MOLCAS.3.JobIph', 'JOB002']
['rassi', 'overlap', [3, 3]]
['copy', 'MOLCAS.rassi.h5', 'MOLCAS.rassi.ovlp.3.h5']
['link', 'MOLCAS.1.JobIph', 'JOB001']
['link', 'MOLCAS.3.JobIph', 'JOB002']
['rassi', 'soc', [4, 3]]
['copy', '$master_path/MOLCAS.3.JobIph', 'JOBOLD']
['rasscf', 3, 3, True, False]
['mclr', 0.0001, 'sala=2']
['alaska']
['copy', '$master_path/MOLCAS.1.JobIph', 'JOBOLD']
['rasscf', 1, 4, True, False]
['mclr', 0.0001, 'sala=2']
['alaska']
All jobs finished:
job: master          code: 0    runtime: 0:00:15.831419
job: grad_3_2        code: 0    runtime: 0:00:06.674934
job: grad_1_2        code: 0    runtime: 0:00:06.718277

Starting job execution
['gateway']
['seward']
['copy', '/project/lgagliardi/helenclifford/practice_rcc/sharc4/methaniminium/tutorial_reproduction/traj/Singlet_2/TRAJ_00009/restart/MOLCAS.1.JobIph.44', 'JOBOLD']
['rasscf', 1, 4, True, False]
['copy', 'MOLCAS.rasscf.h5', 'MOLCAS.1.rasscf.h5']
['copy', 'MOLCAS.JobIph', 'MOLCAS.1.JobIph']
['copy', '/project/lgagliardi/helenclifford/practice_rcc/sharc4/methaniminium/tutorial_reproduction/traj/Singlet_2/TRAJ_00009/restart/MOLCAS.3.JobIph.44', 'JOBOLD']
['rasscf', 3, 3, True, False]
['copy', 'MOLCAS.rasscf.h5', 'MOLCAS.3.rasscf.h5']
['copy', 'MOLCAS.JobIph', 'MOLCAS.3.JobIph']
['link', 'MOLCAS.1.JobIph', 'JOB001']
['rassi', 'dm', [4]]
['copy', 'MOLCAS.rassi.h5', 'MOLCAS.rassi.1.h5']
['link', 'MOLCAS.3.JobIph', 'JOB001']
['rassi', 'dm', [3]]
['copy', 'MOLCAS.rassi.h5', 'MOLCAS.rassi.3.h5']
['copy', '/project/lgagliardi/helenclifford/practice_rcc/sharc4/methaniminium/tutorial_reproduction/traj/Singlet_2/TRAJ_00009/restart/MOLCAS.1.JobIph.44', 'JOB001']
['link', 'MOLCAS.1.JobIph', 'JOB002']
['rassi', 'overlap', [4, 4]]
['copy', 'MOLCAS.rassi.h5', 'MOLCAS.rassi.ovlp.1.h5']
['copy', '/project/lgagliardi/helenclifford/practice_rcc/sharc4/methaniminium/tutorial_reproduction/traj/Singlet_2/TRAJ_00009/restart/MOLCAS.3.JobIph.44', 'JOB001']
['link', 'MOLCAS.3.JobIph', 'JOB002']
['rassi', 'overlap', [3, 3]]
['copy', 'MOLCAS.rassi.h5', 'MOLCAS.rassi.ovlp.3.h5']
['link', 'MOLCAS.1.JobIph', 'JOB001']
['link', 'MOLCAS.3.JobIph', 'JOB002']
['rassi', 'soc', [4, 3]]
['copy', '$master_path/MOLCAS.3.JobIph', 'JOBOLD']
['rasscf', 3, 3, True, False]
['mclr', 0.0001, 'sala=2']
['alaska']
['copy', '$master_path/MOLCAS.1.JobIph', 'JOBOLD']
['rasscf', 1, 4, True, False]
['mclr', 0.0001, 'sala=2']
['alaska']
All jobs finished:
job: master          code: 0    runtime: 0:00:15.326390
job: grad_3_2        code: 0    runtime: 0:00:10.885609
job: grad_1_2        code: 0    runtime: 0:00:08.867835

Starting job execution
['gateway']
['seward']
['copy', '/project/lgagliardi/helenclifford/practice_rcc/sharc4/methaniminium/tutorial_reproduction/traj/Singlet_2/TRAJ_00009/restart/MOLCAS.1.JobIph.45', 'JOBOLD']
['rasscf', 1, 4, True, False]
['copy', 'MOLCAS.rasscf.h5', 'MOLCAS.1.rasscf.h5']
['copy', 'MOLCAS.JobIph', 'MOLCAS.1.JobIph']
['copy', '/project/lgagliardi/helenclifford/practice_rcc/sharc4/methaniminium/tutorial_reproduction/traj/Singlet_2/TRAJ_00009/restart/MOLCAS.3.JobIph.45', 'JOBOLD']
['rasscf', 3, 3, True, False]
['copy', 'MOLCAS.rasscf.h5', 'MOLCAS.3.rasscf.h5']
['copy', 'MOLCAS.JobIph', 'MOLCAS.3.JobIph']
['link', 'MOLCAS.1.JobIph', 'JOB001']
['rassi', 'dm', [4]]
['copy', 'MOLCAS.rassi.h5', 'MOLCAS.rassi.1.h5']
['link', 'MOLCAS.3.JobIph', 'JOB001']
['rassi', 'dm', [3]]
['copy', 'MOLCAS.rassi.h5', 'MOLCAS.rassi.3.h5']
['copy', '/project/lgagliardi/helenclifford/practice_rcc/sharc4/methaniminium/tutorial_reproduction/traj/Singlet_2/TRAJ_00009/restart/MOLCAS.1.JobIph.45', 'JOB001']
['link', 'MOLCAS.1.JobIph', 'JOB002']
['rassi', 'overlap', [4, 4]]
['copy', 'MOLCAS.rassi.h5', 'MOLCAS.rassi.ovlp.1.h5']
['copy', '/project/lgagliardi/helenclifford/practice_rcc/sharc4/methaniminium/tutorial_reproduction/traj/Singlet_2/TRAJ_00009/restart/MOLCAS.3.JobIph.45', 'JOB001']
['link', 'MOLCAS.3.JobIph', 'JOB002']
['rassi', 'overlap', [3, 3]]
['copy', 'MOLCAS.rassi.h5', 'MOLCAS.rassi.ovlp.3.h5']
['link', 'MOLCAS.1.JobIph', 'JOB001']
['link', 'MOLCAS.3.JobIph', 'JOB002']
['rassi', 'soc', [4, 3]]
['copy', '$master_path/MOLCAS.3.JobIph', 'JOBOLD']
['rasscf', 3, 3, True, False]
['mclr', 0.0001, 'sala=2']
['alaska']
['copy', '$master_path/MOLCAS.1.JobIph', 'JOBOLD']
['rasscf', 1, 4, True, False]
['mclr', 0.0001, 'sala=2']
['alaska']
All jobs finished:
job: master          code: 0    runtime: 0:00:22.968713
job: grad_3_2        code: 0    runtime: 0:00:02.704043
job: grad_1_2        code: 0    runtime: 0:00:16.827936

Starting job execution
['gateway']
['seward']
['copy', '/project/lgagliardi/helenclifford/practice_rcc/sharc4/methaniminium/tutorial_reproduction/traj/Singlet_2/TRAJ_00009/restart/MOLCAS.1.JobIph.46', 'JOBOLD']
['rasscf', 1, 4, True, False]
['copy', 'MOLCAS.rasscf.h5', 'MOLCAS.1.rasscf.h5']
['copy', 'MOLCAS.JobIph', 'MOLCAS.1.JobIph']
['copy', '/project/lgagliardi/helenclifford/practice_rcc/sharc4/methaniminium/tutorial_reproduction/traj/Singlet_2/TRAJ_00009/restart/MOLCAS.3.JobIph.46', 'JOBOLD']
['rasscf', 3, 3, True, False]
['copy', 'MOLCAS.rasscf.h5', 'MOLCAS.3.rasscf.h5']
['copy', 'MOLCAS.JobIph', 'MOLCAS.3.JobIph']
['link', 'MOLCAS.1.JobIph', 'JOB001']
['rassi', 'dm', [4]]
['copy', 'MOLCAS.rassi.h5', 'MOLCAS.rassi.1.h5']
['link', 'MOLCAS.3.JobIph', 'JOB001']
['rassi', 'dm', [3]]
['copy', 'MOLCAS.rassi.h5', 'MOLCAS.rassi.3.h5']
['copy', '/project/lgagliardi/helenclifford/practice_rcc/sharc4/methaniminium/tutorial_reproduction/traj/Singlet_2/TRAJ_00009/restart/MOLCAS.1.JobIph.46', 'JOB001']
['link', 'MOLCAS.1.JobIph', 'JOB002']
['rassi', 'overlap', [4, 4]]
['copy', 'MOLCAS.rassi.h5', 'MOLCAS.rassi.ovlp.1.h5']
['copy', '/project/lgagliardi/helenclifford/practice_rcc/sharc4/methaniminium/tutorial_reproduction/traj/Singlet_2/TRAJ_00009/restart/MOLCAS.3.JobIph.46', 'JOB001']
['link', 'MOLCAS.3.JobIph', 'JOB002']
['rassi', 'overlap', [3, 3]]
['copy', 'MOLCAS.rassi.h5', 'MOLCAS.rassi.ovlp.3.h5']
['link', 'MOLCAS.1.JobIph', 'JOB001']
['link', 'MOLCAS.3.JobIph', 'JOB002']
['rassi', 'soc', [4, 3]]
['copy', '$master_path/MOLCAS.1.JobIph', 'JOBOLD']
['rasscf', 1, 4, True, False]
['mclr', 0.0001, 'sala=2']
['alaska']
All jobs finished:
job: master          code: 0    runtime: 0:00:18.951244
job: grad_1_2        code: 0    runtime: 0:00:11.332734

Starting job execution
['gateway']
['seward']
['copy', '/project/lgagliardi/helenclifford/practice_rcc/sharc4/methaniminium/tutorial_reproduction/traj/Singlet_2/TRAJ_00009/restart/MOLCAS.1.JobIph.47', 'JOBOLD']
['rasscf', 1, 4, True, False]
['copy', 'MOLCAS.rasscf.h5', 'MOLCAS.1.rasscf.h5']
['copy', 'MOLCAS.JobIph', 'MOLCAS.1.JobIph']
['copy', '/project/lgagliardi/helenclifford/practice_rcc/sharc4/methaniminium/tutorial_reproduction/traj/Singlet_2/TRAJ_00009/restart/MOLCAS.3.JobIph.47', 'JOBOLD']
['rasscf', 3, 3, True, False]
['copy', 'MOLCAS.rasscf.h5', 'MOLCAS.3.rasscf.h5']
['copy', 'MOLCAS.JobIph', 'MOLCAS.3.JobIph']
['link', 'MOLCAS.1.JobIph', 'JOB001']
['rassi', 'dm', [4]]
['copy', 'MOLCAS.rassi.h5', 'MOLCAS.rassi.1.h5']
['link', 'MOLCAS.3.JobIph', 'JOB001']
['rassi', 'dm', [3]]
['copy', 'MOLCAS.rassi.h5', 'MOLCAS.rassi.3.h5']
['copy', '/project/lgagliardi/helenclifford/practice_rcc/sharc4/methaniminium/tutorial_reproduction/traj/Singlet_2/TRAJ_00009/restart/MOLCAS.1.JobIph.47', 'JOB001']
['link', 'MOLCAS.1.JobIph', 'JOB002']
['rassi', 'overlap', [4, 4]]
['copy', 'MOLCAS.rassi.h5', 'MOLCAS.rassi.ovlp.1.h5']
['copy', '/project/lgagliardi/helenclifford/practice_rcc/sharc4/methaniminium/tutorial_reproduction/traj/Singlet_2/TRAJ_00009/restart/MOLCAS.3.JobIph.47', 'JOB001']
['link', 'MOLCAS.3.JobIph', 'JOB002']
['rassi', 'overlap', [3, 3]]
['copy', 'MOLCAS.rassi.h5', 'MOLCAS.rassi.ovlp.3.h5']
['link', 'MOLCAS.1.JobIph', 'JOB001']
['link', 'MOLCAS.3.JobIph', 'JOB002']
['rassi', 'soc', [4, 3]]
['copy', '$master_path/MOLCAS.1.JobIph', 'JOBOLD']
['rasscf', 1, 4, True, False]
['mclr', 0.0001, 'sala=2']
['alaska']
All jobs finished:
job: master          code: 0    runtime: 0:00:19.506198
job: grad_1_2        code: 0    runtime: 0:00:11.244205

Starting job execution
['gateway']
['seward']
['copy', '/project/lgagliardi/helenclifford/practice_rcc/sharc4/methaniminium/tutorial_reproduction/traj/Singlet_2/TRAJ_00009/restart/MOLCAS.1.JobIph.48', 'JOBOLD']
['rasscf', 1, 4, True, False]
['copy', 'MOLCAS.rasscf.h5', 'MOLCAS.1.rasscf.h5']
['copy', 'MOLCAS.JobIph', 'MOLCAS.1.JobIph']
['copy', '/project/lgagliardi/helenclifford/practice_rcc/sharc4/methaniminium/tutorial_reproduction/traj/Singlet_2/TRAJ_00009/restart/MOLCAS.3.JobIph.48', 'JOBOLD']
['rasscf', 3, 3, True, False]
['copy', 'MOLCAS.rasscf.h5', 'MOLCAS.3.rasscf.h5']
['copy', 'MOLCAS.JobIph', 'MOLCAS.3.JobIph']
['link', 'MOLCAS.1.JobIph', 'JOB001']
['rassi', 'dm', [4]]
['copy', 'MOLCAS.rassi.h5', 'MOLCAS.rassi.1.h5']
['link', 'MOLCAS.3.JobIph', 'JOB001']
['rassi', 'dm', [3]]
['copy', 'MOLCAS.rassi.h5', 'MOLCAS.rassi.3.h5']
['copy', '/project/lgagliardi/helenclifford/practice_rcc/sharc4/methaniminium/tutorial_reproduction/traj/Singlet_2/TRAJ_00009/restart/MOLCAS.1.JobIph.48', 'JOB001']
['link', 'MOLCAS.1.JobIph', 'JOB002']
['rassi', 'overlap', [4, 4]]
['copy', 'MOLCAS.rassi.h5', 'MOLCAS.rassi.ovlp.1.h5']
['copy', '/project/lgagliardi/helenclifford/practice_rcc/sharc4/methaniminium/tutorial_reproduction/traj/Singlet_2/TRAJ_00009/restart/MOLCAS.3.JobIph.48', 'JOB001']
['link', 'MOLCAS.3.JobIph', 'JOB002']
['rassi', 'overlap', [3, 3]]
['copy', 'MOLCAS.rassi.h5', 'MOLCAS.rassi.ovlp.3.h5']
['link', 'MOLCAS.1.JobIph', 'JOB001']
['link', 'MOLCAS.3.JobIph', 'JOB002']
['rassi', 'soc', [4, 3]]
['copy', '$master_path/MOLCAS.1.JobIph', 'JOBOLD']
['rasscf', 1, 4, True, False]
['mclr', 0.0001, 'sala=2']
['alaska']
All jobs finished:
job: master          code: 0    runtime: 0:00:22.065101
job: grad_1_2        code: 0    runtime: 0:00:13.026214

Starting job execution
['gateway']
['seward']
['copy', '/project/lgagliardi/helenclifford/practice_rcc/sharc4/methaniminium/tutorial_reproduction/traj/Singlet_2/TRAJ_00009/restart/MOLCAS.1.JobIph.49', 'JOBOLD']
['rasscf', 1, 4, True, False]
['copy', 'MOLCAS.rasscf.h5', 'MOLCAS.1.rasscf.h5']
['copy', 'MOLCAS.JobIph', 'MOLCAS.1.JobIph']
['copy', '/project/lgagliardi/helenclifford/practice_rcc/sharc4/methaniminium/tutorial_reproduction/traj/Singlet_2/TRAJ_00009/restart/MOLCAS.3.JobIph.49', 'JOBOLD']
['rasscf', 3, 3, True, False]
['copy', 'MOLCAS.rasscf.h5', 'MOLCAS.3.rasscf.h5']
['copy', 'MOLCAS.JobIph', 'MOLCAS.3.JobIph']
['link', 'MOLCAS.1.JobIph', 'JOB001']
['rassi', 'dm', [4]]
['copy', 'MOLCAS.rassi.h5', 'MOLCAS.rassi.1.h5']
['link', 'MOLCAS.3.JobIph', 'JOB001']
['rassi', 'dm', [3]]
['copy', 'MOLCAS.rassi.h5', 'MOLCAS.rassi.3.h5']
['copy', '/project/lgagliardi/helenclifford/practice_rcc/sharc4/methaniminium/tutorial_reproduction/traj/Singlet_2/TRAJ_00009/restart/MOLCAS.1.JobIph.49', 'JOB001']
['link', 'MOLCAS.1.JobIph', 'JOB002']
['rassi', 'overlap', [4, 4]]
['copy', 'MOLCAS.rassi.h5', 'MOLCAS.rassi.ovlp.1.h5']
['copy', '/project/lgagliardi/helenclifford/practice_rcc/sharc4/methaniminium/tutorial_reproduction/traj/Singlet_2/TRAJ_00009/restart/MOLCAS.3.JobIph.49', 'JOB001']
['link', 'MOLCAS.3.JobIph', 'JOB002']
['rassi', 'overlap', [3, 3]]
['copy', 'MOLCAS.rassi.h5', 'MOLCAS.rassi.ovlp.3.h5']
['link', 'MOLCAS.1.JobIph', 'JOB001']
['link', 'MOLCAS.3.JobIph', 'JOB002']
['rassi', 'soc', [4, 3]]
['copy', '$master_path/MOLCAS.1.JobIph', 'JOBOLD']
['rasscf', 1, 4, True, False]
['mclr', 0.0001, 'sala=2']
['alaska']
All jobs finished:
job: master          code: 0    runtime: 0:00:18.405746
job: grad_1_2        code: 0    runtime: 0:00:08.140164

Starting job execution
['gateway']
['seward']
['copy', '/project/lgagliardi/helenclifford/practice_rcc/sharc4/methaniminium/tutorial_reproduction/traj/Singlet_2/TRAJ_00009/restart/MOLCAS.1.JobIph.50', 'JOBOLD']
['rasscf', 1, 4, True, False]
['copy', 'MOLCAS.rasscf.h5', 'MOLCAS.1.rasscf.h5']
['copy', 'MOLCAS.JobIph', 'MOLCAS.1.JobIph']
['copy', '/project/lgagliardi/helenclifford/practice_rcc/sharc4/methaniminium/tutorial_reproduction/traj/Singlet_2/TRAJ_00009/restart/MOLCAS.3.JobIph.50', 'JOBOLD']
['rasscf', 3, 3, True, False]
['copy', 'MOLCAS.rasscf.h5', 'MOLCAS.3.rasscf.h5']
['copy', 'MOLCAS.JobIph', 'MOLCAS.3.JobIph']
['link', 'MOLCAS.1.JobIph', 'JOB001']
['rassi', 'dm', [4]]
['copy', 'MOLCAS.rassi.h5', 'MOLCAS.rassi.1.h5']
['link', 'MOLCAS.3.JobIph', 'JOB001']
['rassi', 'dm', [3]]
['copy', 'MOLCAS.rassi.h5', 'MOLCAS.rassi.3.h5']
['copy', '/project/lgagliardi/helenclifford/practice_rcc/sharc4/methaniminium/tutorial_reproduction/traj/Singlet_2/TRAJ_00009/restart/MOLCAS.1.JobIph.50', 'JOB001']
['link', 'MOLCAS.1.JobIph', 'JOB002']
['rassi', 'overlap', [4, 4]]
['copy', 'MOLCAS.rassi.h5', 'MOLCAS.rassi.ovlp.1.h5']
['copy', '/project/lgagliardi/helenclifford/practice_rcc/sharc4/methaniminium/tutorial_reproduction/traj/Singlet_2/TRAJ_00009/restart/MOLCAS.3.JobIph.50', 'JOB001']
['link', 'MOLCAS.3.JobIph', 'JOB002']
['rassi', 'overlap', [3, 3]]
['copy', 'MOLCAS.rassi.h5', 'MOLCAS.rassi.ovlp.3.h5']
['link', 'MOLCAS.1.JobIph', 'JOB001']
['link', 'MOLCAS.3.JobIph', 'JOB002']
['rassi', 'soc', [4, 3]]
['copy', '$master_path/MOLCAS.1.JobIph', 'JOBOLD']
['rasscf', 1, 4, True, False]
['mclr', 0.0001, 'sala=2']
['alaska']
All jobs finished:
job: master          code: 0    runtime: 0:00:26.534916
job: grad_1_2        code: 0    runtime: 0:00:07.993370

Starting job execution
['gateway']
['seward']
['copy', '/project/lgagliardi/helenclifford/practice_rcc/sharc4/methaniminium/tutorial_reproduction/traj/Singlet_2/TRAJ_00009/restart/MOLCAS.1.JobIph.51', 'JOBOLD']
['rasscf', 1, 4, True, False]
['copy', 'MOLCAS.rasscf.h5', 'MOLCAS.1.rasscf.h5']
['copy', 'MOLCAS.JobIph', 'MOLCAS.1.JobIph']
['copy', '/project/lgagliardi/helenclifford/practice_rcc/sharc4/methaniminium/tutorial_reproduction/traj/Singlet_2/TRAJ_00009/restart/MOLCAS.3.JobIph.51', 'JOBOLD']
['rasscf', 3, 3, True, False]
['copy', 'MOLCAS.rasscf.h5', 'MOLCAS.3.rasscf.h5']
['copy', 'MOLCAS.JobIph', 'MOLCAS.3.JobIph']
['link', 'MOLCAS.1.JobIph', 'JOB001']
['rassi', 'dm', [4]]
['copy', 'MOLCAS.rassi.h5', 'MOLCAS.rassi.1.h5']
['link', 'MOLCAS.3.JobIph', 'JOB001']
['rassi', 'dm', [3]]
['copy', 'MOLCAS.rassi.h5', 'MOLCAS.rassi.3.h5']
['copy', '/project/lgagliardi/helenclifford/practice_rcc/sharc4/methaniminium/tutorial_reproduction/traj/Singlet_2/TRAJ_00009/restart/MOLCAS.1.JobIph.50', 'JOB001']
['link', 'MOLCAS.1.JobIph', 'JOB002']
['rassi', 'overlap', [4, 4]]
['copy', 'MOLCAS.rassi.h5', 'MOLCAS.rassi.ovlp.1.h5']
['copy', '/project/lgagliardi/helenclifford/practice_rcc/sharc4/methaniminium/tutorial_reproduction/traj/Singlet_2/TRAJ_00009/restart/MOLCAS.3.JobIph.50', 'JOB001']
['link', 'MOLCAS.3.JobIph', 'JOB002']
['rassi', 'overlap', [3, 3]]
['copy', 'MOLCAS.rassi.h5', 'MOLCAS.rassi.ovlp.3.h5']
['link', 'MOLCAS.1.JobIph', 'JOB001']
['link', 'MOLCAS.3.JobIph', 'JOB002']
['rassi', 'soc', [4, 3]]
['copy', '$master_path/MOLCAS.3.JobIph', 'JOBOLD']
['rasscf', 3, 3, True, False]
['mclr', 0.0001, 'sala=2']
['alaska']
['copy', '$master_path/MOLCAS.1.JobIph', 'JOBOLD']
['rasscf', 1, 4, True, False]
['mclr', 0.0001, 'sala=2']
['alaska']
All jobs finished:
job: master          code: 0    runtime: 0:00:19.562830
job: grad_3_2        code: 0    runtime: 0:00:11.074704
job: grad_1_2        code: 0    runtime: 0:00:07.886811

Starting job execution
['gateway']
['seward']
['copy', '/project/lgagliardi/helenclifford/practice_rcc/sharc4/methaniminium/tutorial_reproduction/traj/Singlet_2/TRAJ_00009/restart/MOLCAS.1.JobIph.51', 'JOBOLD']
['rasscf', 1, 4, True, False]
['copy', 'MOLCAS.rasscf.h5', 'MOLCAS.1.rasscf.h5']
['copy', 'MOLCAS.JobIph', 'MOLCAS.1.JobIph']
['copy', '/project/lgagliardi/helenclifford/practice_rcc/sharc4/methaniminium/tutorial_reproduction/traj/Singlet_2/TRAJ_00009/restart/MOLCAS.3.JobIph.51', 'JOBOLD']
['rasscf', 3, 3, True, False]
['copy', 'MOLCAS.rasscf.h5', 'MOLCAS.3.rasscf.h5']
['copy', 'MOLCAS.JobIph', 'MOLCAS.3.JobIph']
['link', 'MOLCAS.1.JobIph', 'JOB001']
['rassi', 'dm', [4]]
['copy', 'MOLCAS.rassi.h5', 'MOLCAS.rassi.1.h5']
['link', 'MOLCAS.3.JobIph', 'JOB001']
['rassi', 'dm', [3]]
['copy', 'MOLCAS.rassi.h5', 'MOLCAS.rassi.3.h5']
['copy', '/project/lgagliardi/helenclifford/practice_rcc/sharc4/methaniminium/tutorial_reproduction/traj/Singlet_2/TRAJ_00009/restart/MOLCAS.1.JobIph.51', 'JOB001']
['link', 'MOLCAS.1.JobIph', 'JOB002']
['rassi', 'overlap', [4, 4]]
['copy', 'MOLCAS.rassi.h5', 'MOLCAS.rassi.ovlp.1.h5']
['copy', '/project/lgagliardi/helenclifford/practice_rcc/sharc4/methaniminium/tutorial_reproduction/traj/Singlet_2/TRAJ_00009/restart/MOLCAS.3.JobIph.51', 'JOB001']
['link', 'MOLCAS.3.JobIph', 'JOB002']
['rassi', 'overlap', [3, 3]]
['copy', 'MOLCAS.rassi.h5', 'MOLCAS.rassi.ovlp.3.h5']
['link', 'MOLCAS.1.JobIph', 'JOB001']
['link', 'MOLCAS.3.JobIph', 'JOB002']
['rassi', 'soc', [4, 3]]
['copy', '$master_path/MOLCAS.3.JobIph', 'JOBOLD']
['rasscf', 3, 3, True, False]
['mclr', 0.0001, 'sala=2']
['alaska']
['copy', '$master_path/MOLCAS.1.JobIph', 'JOBOLD']
['rasscf', 1, 4, True, False]
['mclr', 0.0001, 'sala=2']
['alaska']
All jobs finished:
job: master          code: 0    runtime: 0:00:22.871245
job: grad_3_2        code: 0    runtime: 0:00:10.141157
job: grad_1_2        code: 0    runtime: 0:00:10.415258

Starting job execution
['gateway']
['seward']
['copy', '/project/lgagliardi/helenclifford/practice_rcc/sharc4/methaniminium/tutorial_reproduction/traj/Singlet_2/TRAJ_00009/restart/MOLCAS.1.JobIph.52', 'JOBOLD']
['rasscf', 1, 4, True, False]
['copy', 'MOLCAS.rasscf.h5', 'MOLCAS.1.rasscf.h5']
['copy', 'MOLCAS.JobIph', 'MOLCAS.1.JobIph']
['copy', '/project/lgagliardi/helenclifford/practice_rcc/sharc4/methaniminium/tutorial_reproduction/traj/Singlet_2/TRAJ_00009/restart/MOLCAS.3.JobIph.52', 'JOBOLD']
['rasscf', 3, 3, True, False]
['copy', 'MOLCAS.rasscf.h5', 'MOLCAS.3.rasscf.h5']
['copy', 'MOLCAS.JobIph', 'MOLCAS.3.JobIph']
['link', 'MOLCAS.1.JobIph', 'JOB001']
['rassi', 'dm', [4]]
['copy', 'MOLCAS.rassi.h5', 'MOLCAS.rassi.1.h5']
['link', 'MOLCAS.3.JobIph', 'JOB001']
['rassi', 'dm', [3]]
['copy', 'MOLCAS.rassi.h5', 'MOLCAS.rassi.3.h5']
['copy', '/project/lgagliardi/helenclifford/practice_rcc/sharc4/methaniminium/tutorial_reproduction/traj/Singlet_2/TRAJ_00009/restart/MOLCAS.1.JobIph.52', 'JOB001']
['link', 'MOLCAS.1.JobIph', 'JOB002']
['rassi', 'overlap', [4, 4]]
['copy', 'MOLCAS.rassi.h5', 'MOLCAS.rassi.ovlp.1.h5']
['copy', '/project/lgagliardi/helenclifford/practice_rcc/sharc4/methaniminium/tutorial_reproduction/traj/Singlet_2/TRAJ_00009/restart/MOLCAS.3.JobIph.52', 'JOB001']
['link', 'MOLCAS.3.JobIph', 'JOB002']
['rassi', 'overlap', [3, 3]]
['copy', 'MOLCAS.rassi.h5', 'MOLCAS.rassi.ovlp.3.h5']
['link', 'MOLCAS.1.JobIph', 'JOB001']
['link', 'MOLCAS.3.JobIph', 'JOB002']
['rassi', 'soc', [4, 3]]
['copy', '$master_path/MOLCAS.1.JobIph', 'JOBOLD']
['rasscf', 1, 4, True, False]
['mclr', 0.0001, 'sala=2']
['alaska']
All jobs finished:
job: master          code: 0    runtime: 0:00:21.992919
job: grad_1_2        code: 0    runtime: 0:00:08.301587

Starting job execution
['gateway']
['seward']
['copy', '/project/lgagliardi/helenclifford/practice_rcc/sharc4/methaniminium/tutorial_reproduction/traj/Singlet_2/TRAJ_00009/restart/MOLCAS.1.JobIph.53', 'JOBOLD']
['rasscf', 1, 4, True, False]
['copy', 'MOLCAS.rasscf.h5', 'MOLCAS.1.rasscf.h5']
['copy', 'MOLCAS.JobIph', 'MOLCAS.1.JobIph']
['copy', '/project/lgagliardi/helenclifford/practice_rcc/sharc4/methaniminium/tutorial_reproduction/traj/Singlet_2/TRAJ_00009/restart/MOLCAS.3.JobIph.53', 'JOBOLD']
['rasscf', 3, 3, True, False]
['copy', 'MOLCAS.rasscf.h5', 'MOLCAS.3.rasscf.h5']
['copy', 'MOLCAS.JobIph', 'MOLCAS.3.JobIph']
['link', 'MOLCAS.1.JobIph', 'JOB001']
['rassi', 'dm', [4]]
['copy', 'MOLCAS.rassi.h5', 'MOLCAS.rassi.1.h5']
['link', 'MOLCAS.3.JobIph', 'JOB001']
['rassi', 'dm', [3]]
['copy', 'MOLCAS.rassi.h5', 'MOLCAS.rassi.3.h5']
['copy', '/project/lgagliardi/helenclifford/practice_rcc/sharc4/methaniminium/tutorial_reproduction/traj/Singlet_2/TRAJ_00009/restart/MOLCAS.1.JobIph.53', 'JOB001']
['link', 'MOLCAS.1.JobIph', 'JOB002']
['rassi', 'overlap', [4, 4]]
['copy', 'MOLCAS.rassi.h5', 'MOLCAS.rassi.ovlp.1.h5']
['copy', '/project/lgagliardi/helenclifford/practice_rcc/sharc4/methaniminium/tutorial_reproduction/traj/Singlet_2/TRAJ_00009/restart/MOLCAS.3.JobIph.53', 'JOB001']
['link', 'MOLCAS.3.JobIph', 'JOB002']
['rassi', 'overlap', [3, 3]]
['copy', 'MOLCAS.rassi.h5', 'MOLCAS.rassi.ovlp.3.h5']
['link', 'MOLCAS.1.JobIph', 'JOB001']
['link', 'MOLCAS.3.JobIph', 'JOB002']
['rassi', 'soc', [4, 3]]
['copy', '$master_path/MOLCAS.1.JobIph', 'JOBOLD']
['rasscf', 1, 4, True, False]
['mclr', 0.0001, 'sala=2']
['alaska']
All jobs finished:
job: master          code: 0    runtime: 0:00:21.239299
job: grad_1_2        code: 0    runtime: 0:00:10.073747

Starting job execution
['gateway']
['seward']
['copy', '/project/lgagliardi/helenclifford/practice_rcc/sharc4/methaniminium/tutorial_reproduction/traj/Singlet_2/TRAJ_00009/restart/MOLCAS.1.JobIph.54', 'JOBOLD']
['rasscf', 1, 4, True, False]
['copy', 'MOLCAS.rasscf.h5', 'MOLCAS.1.rasscf.h5']
['copy', 'MOLCAS.JobIph', 'MOLCAS.1.JobIph']
['copy', '/project/lgagliardi/helenclifford/practice_rcc/sharc4/methaniminium/tutorial_reproduction/traj/Singlet_2/TRAJ_00009/restart/MOLCAS.3.JobIph.54', 'JOBOLD']
['rasscf', 3, 3, True, False]
['copy', 'MOLCAS.rasscf.h5', 'MOLCAS.3.rasscf.h5']
['copy', 'MOLCAS.JobIph', 'MOLCAS.3.JobIph']
['link', 'MOLCAS.1.JobIph', 'JOB001']
['rassi', 'dm', [4]]
['copy', 'MOLCAS.rassi.h5', 'MOLCAS.rassi.1.h5']
['link', 'MOLCAS.3.JobIph', 'JOB001']
['rassi', 'dm', [3]]
['copy', 'MOLCAS.rassi.h5', 'MOLCAS.rassi.3.h5']
['copy', '/project/lgagliardi/helenclifford/practice_rcc/sharc4/methaniminium/tutorial_reproduction/traj/Singlet_2/TRAJ_00009/restart/MOLCAS.1.JobIph.53', 'JOB001']
['link', 'MOLCAS.1.JobIph', 'JOB002']
['rassi', 'overlap', [4, 4]]
['copy', 'MOLCAS.rassi.h5', 'MOLCAS.rassi.ovlp.1.h5']
['copy', '/project/lgagliardi/helenclifford/practice_rcc/sharc4/methaniminium/tutorial_reproduction/traj/Singlet_2/TRAJ_00009/restart/MOLCAS.3.JobIph.53', 'JOB001']
['link', 'MOLCAS.3.JobIph', 'JOB002']
['rassi', 'overlap', [3, 3]]
['copy', 'MOLCAS.rassi.h5', 'MOLCAS.rassi.ovlp.3.h5']
['link', 'MOLCAS.1.JobIph', 'JOB001']
['link', 'MOLCAS.3.JobIph', 'JOB002']
['rassi', 'soc', [4, 3]]
['copy', '$master_path/MOLCAS.1.JobIph', 'JOBOLD']
['rasscf', 1, 4, True, False]
['mclr', 0.0001, 'sala=1']
['alaska']
['copy', '$master_path/MOLCAS.3.JobIph', 'JOBOLD']
['rasscf', 3, 3, True, False]
['mclr', 0.0001, 'sala=2']
['alaska']
All jobs finished:
job: master          code: 0    runtime: 0:00:17.492550
job: grad_1_1        code: 0    runtime: 0:00:11.187908
job: grad_3_2        code: 0    runtime: 0:00:08.817075

Starting job execution
['gateway']
['seward']
['copy', '/project/lgagliardi/helenclifford/practice_rcc/sharc4/methaniminium/tutorial_reproduction/traj/Singlet_2/TRAJ_00009/restart/MOLCAS.1.JobIph.54', 'JOBOLD']
['rasscf', 1, 4, True, False]
['copy', 'MOLCAS.rasscf.h5', 'MOLCAS.1.rasscf.h5']
['copy', 'MOLCAS.JobIph', 'MOLCAS.1.JobIph']
['copy', '/project/lgagliardi/helenclifford/practice_rcc/sharc4/methaniminium/tutorial_reproduction/traj/Singlet_2/TRAJ_00009/restart/MOLCAS.3.JobIph.54', 'JOBOLD']
['rasscf', 3, 3, True, False]
['copy', 'MOLCAS.rasscf.h5', 'MOLCAS.3.rasscf.h5']
['copy', 'MOLCAS.JobIph', 'MOLCAS.3.JobIph']
['link', 'MOLCAS.1.JobIph', 'JOB001']
['rassi', 'dm', [4]]
['copy', 'MOLCAS.rassi.h5', 'MOLCAS.rassi.1.h5']
['link', 'MOLCAS.3.JobIph', 'JOB001']
['rassi', 'dm', [3]]
['copy', 'MOLCAS.rassi.h5', 'MOLCAS.rassi.3.h5']
['copy', '/project/lgagliardi/helenclifford/practice_rcc/sharc4/methaniminium/tutorial_reproduction/traj/Singlet_2/TRAJ_00009/restart/MOLCAS.1.JobIph.54', 'JOB001']
['link', 'MOLCAS.1.JobIph', 'JOB002']
['rassi', 'overlap', [4, 4]]
['copy', 'MOLCAS.rassi.h5', 'MOLCAS.rassi.ovlp.1.h5']
['copy', '/project/lgagliardi/helenclifford/practice_rcc/sharc4/methaniminium/tutorial_reproduction/traj/Singlet_2/TRAJ_00009/restart/MOLCAS.3.JobIph.54', 'JOB001']
['link', 'MOLCAS.3.JobIph', 'JOB002']
['rassi', 'overlap', [3, 3]]
['copy', 'MOLCAS.rassi.h5', 'MOLCAS.rassi.ovlp.3.h5']
['link', 'MOLCAS.1.JobIph', 'JOB001']
['link', 'MOLCAS.3.JobIph', 'JOB002']
['rassi', 'soc', [4, 3]]
['copy', '$master_path/MOLCAS.1.JobIph', 'JOBOLD']
['rasscf', 1, 4, True, False]
['mclr', 0.0001, 'sala=1']
['alaska']
['copy', '$master_path/MOLCAS.3.JobIph', 'JOBOLD']
['rasscf', 3, 3, True, False]
['mclr', 0.0001, 'sala=2']
['alaska']
All jobs finished:
job: master          code: 0    runtime: 0:00:22.262409
job: grad_1_1        code: 0    runtime: 0:00:09.634434
job: grad_3_2        code: 0    runtime: 0:00:09.382196

Starting job execution
['gateway']
['seward']
['copy', '/project/lgagliardi/helenclifford/practice_rcc/sharc4/methaniminium/tutorial_reproduction/traj/Singlet_2/TRAJ_00009/restart/MOLCAS.1.JobIph.55', 'JOBOLD']
['rasscf', 1, 4, True, False]
['copy', 'MOLCAS.rasscf.h5', 'MOLCAS.1.rasscf.h5']
['copy', 'MOLCAS.JobIph', 'MOLCAS.1.JobIph']
['copy', '/project/lgagliardi/helenclifford/practice_rcc/sharc4/methaniminium/tutorial_reproduction/traj/Singlet_2/TRAJ_00009/restart/MOLCAS.3.JobIph.55', 'JOBOLD']
['rasscf', 3, 3, True, False]
['copy', 'MOLCAS.rasscf.h5', 'MOLCAS.3.rasscf.h5']
['copy', 'MOLCAS.JobIph', 'MOLCAS.3.JobIph']
['link', 'MOLCAS.1.JobIph', 'JOB001']
['rassi', 'dm', [4]]
['copy', 'MOLCAS.rassi.h5', 'MOLCAS.rassi.1.h5']
['link', 'MOLCAS.3.JobIph', 'JOB001']
['rassi', 'dm', [3]]
['copy', 'MOLCAS.rassi.h5', 'MOLCAS.rassi.3.h5']
['copy', '/project/lgagliardi/helenclifford/practice_rcc/sharc4/methaniminium/tutorial_reproduction/traj/Singlet_2/TRAJ_00009/restart/MOLCAS.1.JobIph.55', 'JOB001']
['link', 'MOLCAS.1.JobIph', 'JOB002']
['rassi', 'overlap', [4, 4]]
['copy', 'MOLCAS.rassi.h5', 'MOLCAS.rassi.ovlp.1.h5']
['copy', '/project/lgagliardi/helenclifford/practice_rcc/sharc4/methaniminium/tutorial_reproduction/traj/Singlet_2/TRAJ_00009/restart/MOLCAS.3.JobIph.55', 'JOB001']
['link', 'MOLCAS.3.JobIph', 'JOB002']
['rassi', 'overlap', [3, 3]]
['copy', 'MOLCAS.rassi.h5', 'MOLCAS.rassi.ovlp.3.h5']
['link', 'MOLCAS.1.JobIph', 'JOB001']
['link', 'MOLCAS.3.JobIph', 'JOB002']
['rassi', 'soc', [4, 3]]
['copy', '$master_path/MOLCAS.1.JobIph', 'JOBOLD']
['rasscf', 1, 4, True, False]
['mclr', 0.0001, 'sala=1']
['alaska']
['copy', '$master_path/MOLCAS.3.JobIph', 'JOBOLD']
['rasscf', 3, 3, True, False]
['mclr', 0.0001, 'sala=2']
['alaska']
All jobs finished:
job: master          code: 0    runtime: 0:00:17.910315
job: grad_1_1        code: 0    runtime: 0:00:03.166066
job: grad_3_2        code: 0    runtime: 0:00:13.882903

Starting job execution
['gateway']
['seward']
['copy', '/project/lgagliardi/helenclifford/practice_rcc/sharc4/methaniminium/tutorial_reproduction/traj/Singlet_2/TRAJ_00009/restart/MOLCAS.1.JobIph.56', 'JOBOLD']
['rasscf', 1, 4, True, False]
['copy', 'MOLCAS.rasscf.h5', 'MOLCAS.1.rasscf.h5']
['copy', 'MOLCAS.JobIph', 'MOLCAS.1.JobIph']
['copy', '/project/lgagliardi/helenclifford/practice_rcc/sharc4/methaniminium/tutorial_reproduction/traj/Singlet_2/TRAJ_00009/restart/MOLCAS.3.JobIph.56', 'JOBOLD']
['rasscf', 3, 3, True, False]
['copy', 'MOLCAS.rasscf.h5', 'MOLCAS.3.rasscf.h5']
['copy', 'MOLCAS.JobIph', 'MOLCAS.3.JobIph']
['link', 'MOLCAS.1.JobIph', 'JOB001']
['rassi', 'dm', [4]]
['copy', 'MOLCAS.rassi.h5', 'MOLCAS.rassi.1.h5']
['link', 'MOLCAS.3.JobIph', 'JOB001']
['rassi', 'dm', [3]]
['copy', 'MOLCAS.rassi.h5', 'MOLCAS.rassi.3.h5']
['copy', '/project/lgagliardi/helenclifford/practice_rcc/sharc4/methaniminium/tutorial_reproduction/traj/Singlet_2/TRAJ_00009/restart/MOLCAS.1.JobIph.56', 'JOB001']
['link', 'MOLCAS.1.JobIph', 'JOB002']
['rassi', 'overlap', [4, 4]]
['copy', 'MOLCAS.rassi.h5', 'MOLCAS.rassi.ovlp.1.h5']
['copy', '/project/lgagliardi/helenclifford/practice_rcc/sharc4/methaniminium/tutorial_reproduction/traj/Singlet_2/TRAJ_00009/restart/MOLCAS.3.JobIph.56', 'JOB001']
['link', 'MOLCAS.3.JobIph', 'JOB002']
['rassi', 'overlap', [3, 3]]
['copy', 'MOLCAS.rassi.h5', 'MOLCAS.rassi.ovlp.3.h5']
['link', 'MOLCAS.1.JobIph', 'JOB001']
['link', 'MOLCAS.3.JobIph', 'JOB002']
['rassi', 'soc', [4, 3]]
['copy', '$master_path/MOLCAS.1.JobIph', 'JOBOLD']
['rasscf', 1, 4, True, False]
['mclr', 0.0001, 'sala=1']
['alaska']
['copy', '$master_path/MOLCAS.3.JobIph', 'JOBOLD']
['rasscf', 3, 3, True, False]
['mclr', 0.0001, 'sala=2']
['alaska']
All jobs finished:
job: master          code: 0    runtime: 0:00:26.151154
job: grad_1_1        code: 0    runtime: 0:00:09.124888
job: grad_3_2        code: 0    runtime: 0:00:11.551729

Starting job execution
['gateway']
['seward']
['copy', '/project/lgagliardi/helenclifford/practice_rcc/sharc4/methaniminium/tutorial_reproduction/traj/Singlet_2/TRAJ_00009/restart/MOLCAS.1.JobIph.57', 'JOBOLD']
['rasscf', 1, 4, True, False]
['copy', 'MOLCAS.rasscf.h5', 'MOLCAS.1.rasscf.h5']
['copy', 'MOLCAS.JobIph', 'MOLCAS.1.JobIph']
['copy', '/project/lgagliardi/helenclifford/practice_rcc/sharc4/methaniminium/tutorial_reproduction/traj/Singlet_2/TRAJ_00009/restart/MOLCAS.3.JobIph.57', 'JOBOLD']
['rasscf', 3, 3, True, False]
['copy', 'MOLCAS.rasscf.h5', 'MOLCAS.3.rasscf.h5']
['copy', 'MOLCAS.JobIph', 'MOLCAS.3.JobIph']
['link', 'MOLCAS.1.JobIph', 'JOB001']
['rassi', 'dm', [4]]
['copy', 'MOLCAS.rassi.h5', 'MOLCAS.rassi.1.h5']
['link', 'MOLCAS.3.JobIph', 'JOB001']
['rassi', 'dm', [3]]
['copy', 'MOLCAS.rassi.h5', 'MOLCAS.rassi.3.h5']
['copy', '/project/lgagliardi/helenclifford/practice_rcc/sharc4/methaniminium/tutorial_reproduction/traj/Singlet_2/TRAJ_00009/restart/MOLCAS.1.JobIph.57', 'JOB001']
['link', 'MOLCAS.1.JobIph', 'JOB002']
['rassi', 'overlap', [4, 4]]
['copy', 'MOLCAS.rassi.h5', 'MOLCAS.rassi.ovlp.1.h5']
['copy', '/project/lgagliardi/helenclifford/practice_rcc/sharc4/methaniminium/tutorial_reproduction/traj/Singlet_2/TRAJ_00009/restart/MOLCAS.3.JobIph.57', 'JOB001']
['link', 'MOLCAS.3.JobIph', 'JOB002']
['rassi', 'overlap', [3, 3]]
['copy', 'MOLCAS.rassi.h5', 'MOLCAS.rassi.ovlp.3.h5']
['link', 'MOLCAS.1.JobIph', 'JOB001']
['link', 'MOLCAS.3.JobIph', 'JOB002']
['rassi', 'soc', [4, 3]]
['copy', '$master_path/MOLCAS.1.JobIph', 'JOBOLD']
['rasscf', 1, 4, True, False]
['mclr', 0.0001, 'sala=1']
['alaska']
['copy', '$master_path/MOLCAS.3.JobIph', 'JOBOLD']
['rasscf', 3, 3, True, False]
['mclr', 0.0001, 'sala=2']
['alaska']
All jobs finished:
job: master          code: 0    runtime: 0:00:21.775941
job: grad_1_1        code: 0    runtime: 0:00:10.226086
job: grad_3_2        code: 0    runtime: 0:00:09.480055

Starting job execution
['gateway']
['seward']
['copy', '/project/lgagliardi/helenclifford/practice_rcc/sharc4/methaniminium/tutorial_reproduction/traj/Singlet_2/TRAJ_00009/restart/MOLCAS.1.JobIph.58', 'JOBOLD']
['rasscf', 1, 4, True, False]
['copy', 'MOLCAS.rasscf.h5', 'MOLCAS.1.rasscf.h5']
['copy', 'MOLCAS.JobIph', 'MOLCAS.1.JobIph']
['copy', '/project/lgagliardi/helenclifford/practice_rcc/sharc4/methaniminium/tutorial_reproduction/traj/Singlet_2/TRAJ_00009/restart/MOLCAS.3.JobIph.58', 'JOBOLD']
['rasscf', 3, 3, True, False]
['copy', 'MOLCAS.rasscf.h5', 'MOLCAS.3.rasscf.h5']
['copy', 'MOLCAS.JobIph', 'MOLCAS.3.JobIph']
['link', 'MOLCAS.1.JobIph', 'JOB001']
['rassi', 'dm', [4]]
['copy', 'MOLCAS.rassi.h5', 'MOLCAS.rassi.1.h5']
['link', 'MOLCAS.3.JobIph', 'JOB001']
['rassi', 'dm', [3]]
['copy', 'MOLCAS.rassi.h5', 'MOLCAS.rassi.3.h5']
['copy', '/project/lgagliardi/helenclifford/practice_rcc/sharc4/methaniminium/tutorial_reproduction/traj/Singlet_2/TRAJ_00009/restart/MOLCAS.1.JobIph.58', 'JOB001']
['link', 'MOLCAS.1.JobIph', 'JOB002']
['rassi', 'overlap', [4, 4]]
['copy', 'MOLCAS.rassi.h5', 'MOLCAS.rassi.ovlp.1.h5']
['copy', '/project/lgagliardi/helenclifford/practice_rcc/sharc4/methaniminium/tutorial_reproduction/traj/Singlet_2/TRAJ_00009/restart/MOLCAS.3.JobIph.58', 'JOB001']
['link', 'MOLCAS.3.JobIph', 'JOB002']
['rassi', 'overlap', [3, 3]]
['copy', 'MOLCAS.rassi.h5', 'MOLCAS.rassi.ovlp.3.h5']
['link', 'MOLCAS.1.JobIph', 'JOB001']
['link', 'MOLCAS.3.JobIph', 'JOB002']
['rassi', 'soc', [4, 3]]
['copy', '$master_path/MOLCAS.1.JobIph', 'JOBOLD']
['rasscf', 1, 4, True, False]
['mclr', 0.0001, 'sala=1']
['alaska']
All jobs finished:
job: master          code: 0    runtime: 0:00:17.365037
job: grad_1_1        code: 0    runtime: 0:00:13.383488

Starting job execution
['gateway']
['seward']
['copy', '/project/lgagliardi/helenclifford/practice_rcc/sharc4/methaniminium/tutorial_reproduction/traj/Singlet_2/TRAJ_00009/restart/MOLCAS.1.JobIph.59', 'JOBOLD']
['rasscf', 1, 4, True, False]
['copy', 'MOLCAS.rasscf.h5', 'MOLCAS.1.rasscf.h5']
['copy', 'MOLCAS.JobIph', 'MOLCAS.1.JobIph']
['copy', '/project/lgagliardi/helenclifford/practice_rcc/sharc4/methaniminium/tutorial_reproduction/traj/Singlet_2/TRAJ_00009/restart/MOLCAS.3.JobIph.59', 'JOBOLD']
['rasscf', 3, 3, True, False]
['copy', 'MOLCAS.rasscf.h5', 'MOLCAS.3.rasscf.h5']
['copy', 'MOLCAS.JobIph', 'MOLCAS.3.JobIph']
['link', 'MOLCAS.1.JobIph', 'JOB001']
['rassi', 'dm', [4]]
['copy', 'MOLCAS.rassi.h5', 'MOLCAS.rassi.1.h5']
['link', 'MOLCAS.3.JobIph', 'JOB001']
['rassi', 'dm', [3]]
['copy', 'MOLCAS.rassi.h5', 'MOLCAS.rassi.3.h5']
['copy', '/project/lgagliardi/helenclifford/practice_rcc/sharc4/methaniminium/tutorial_reproduction/traj/Singlet_2/TRAJ_00009/restart/MOLCAS.1.JobIph.59', 'JOB001']
['link', 'MOLCAS.1.JobIph', 'JOB002']
['rassi', 'overlap', [4, 4]]
['copy', 'MOLCAS.rassi.h5', 'MOLCAS.rassi.ovlp.1.h5']
['copy', '/project/lgagliardi/helenclifford/practice_rcc/sharc4/methaniminium/tutorial_reproduction/traj/Singlet_2/TRAJ_00009/restart/MOLCAS.3.JobIph.59', 'JOB001']
['link', 'MOLCAS.3.JobIph', 'JOB002']
['rassi', 'overlap', [3, 3]]
['copy', 'MOLCAS.rassi.h5', 'MOLCAS.rassi.ovlp.3.h5']
['link', 'MOLCAS.1.JobIph', 'JOB001']
['link', 'MOLCAS.3.JobIph', 'JOB002']
['rassi', 'soc', [4, 3]]
['copy', '$master_path/MOLCAS.1.JobIph', 'JOBOLD']
['rasscf', 1, 4, True, False]
['mclr', 0.0001, 'sala=1']
['alaska']
All jobs finished:
job: master          code: 0    runtime: 0:00:23.198551
job: grad_1_1        code: 0    runtime: 0:00:13.287717

Starting job execution
['gateway']
['seward']
['copy', '/project/lgagliardi/helenclifford/practice_rcc/sharc4/methaniminium/tutorial_reproduction/traj/Singlet_2/TRAJ_00009/restart/MOLCAS.1.JobIph.60', 'JOBOLD']
['rasscf', 1, 4, True, False]
['copy', 'MOLCAS.rasscf.h5', 'MOLCAS.1.rasscf.h5']
['copy', 'MOLCAS.JobIph', 'MOLCAS.1.JobIph']
['copy', '/project/lgagliardi/helenclifford/practice_rcc/sharc4/methaniminium/tutorial_reproduction/traj/Singlet_2/TRAJ_00009/restart/MOLCAS.3.JobIph.60', 'JOBOLD']
['rasscf', 3, 3, True, False]
['copy', 'MOLCAS.rasscf.h5', 'MOLCAS.3.rasscf.h5']
['copy', 'MOLCAS.JobIph', 'MOLCAS.3.JobIph']
['link', 'MOLCAS.1.JobIph', 'JOB001']
['rassi', 'dm', [4]]
['copy', 'MOLCAS.rassi.h5', 'MOLCAS.rassi.1.h5']
['link', 'MOLCAS.3.JobIph', 'JOB001']
['rassi', 'dm', [3]]
['copy', 'MOLCAS.rassi.h5', 'MOLCAS.rassi.3.h5']
['copy', '/project/lgagliardi/helenclifford/practice_rcc/sharc4/methaniminium/tutorial_reproduction/traj/Singlet_2/TRAJ_00009/restart/MOLCAS.1.JobIph.60', 'JOB001']
['link', 'MOLCAS.1.JobIph', 'JOB002']
['rassi', 'overlap', [4, 4]]
['copy', 'MOLCAS.rassi.h5', 'MOLCAS.rassi.ovlp.1.h5']
['copy', '/project/lgagliardi/helenclifford/practice_rcc/sharc4/methaniminium/tutorial_reproduction/traj/Singlet_2/TRAJ_00009/restart/MOLCAS.3.JobIph.60', 'JOB001']
['link', 'MOLCAS.3.JobIph', 'JOB002']
['rassi', 'overlap', [3, 3]]
['copy', 'MOLCAS.rassi.h5', 'MOLCAS.rassi.ovlp.3.h5']
['link', 'MOLCAS.1.JobIph', 'JOB001']
['link', 'MOLCAS.3.JobIph', 'JOB002']
['rassi', 'soc', [4, 3]]
['copy', '$master_path/MOLCAS.1.JobIph', 'JOBOLD']
['rasscf', 1, 4, True, False]
['mclr', 0.0001, 'sala=1']
['alaska']
All jobs finished:
job: master          code: 0    runtime: 0:00:21.368406
job: grad_1_1        code: 0    runtime: 0:00:04.022990

Starting job execution
['gateway']
['seward']
['copy', '/project/lgagliardi/helenclifford/practice_rcc/sharc4/methaniminium/tutorial_reproduction/traj/Singlet_2/TRAJ_00009/restart/MOLCAS.1.JobIph.61', 'JOBOLD']
['rasscf', 1, 4, True, False]
['copy', 'MOLCAS.rasscf.h5', 'MOLCAS.1.rasscf.h5']
['copy', 'MOLCAS.JobIph', 'MOLCAS.1.JobIph']
['copy', '/project/lgagliardi/helenclifford/practice_rcc/sharc4/methaniminium/tutorial_reproduction/traj/Singlet_2/TRAJ_00009/restart/MOLCAS.3.JobIph.61', 'JOBOLD']
['rasscf', 3, 3, True, False]
['copy', 'MOLCAS.rasscf.h5', 'MOLCAS.3.rasscf.h5']
['copy', 'MOLCAS.JobIph', 'MOLCAS.3.JobIph']
['link', 'MOLCAS.1.JobIph', 'JOB001']
['rassi', 'dm', [4]]
['copy', 'MOLCAS.rassi.h5', 'MOLCAS.rassi.1.h5']
['link', 'MOLCAS.3.JobIph', 'JOB001']
['rassi', 'dm', [3]]
['copy', 'MOLCAS.rassi.h5', 'MOLCAS.rassi.3.h5']
['copy', '/project/lgagliardi/helenclifford/practice_rcc/sharc4/methaniminium/tutorial_reproduction/traj/Singlet_2/TRAJ_00009/restart/MOLCAS.1.JobIph.60', 'JOB001']
['link', 'MOLCAS.1.JobIph', 'JOB002']
['rassi', 'overlap', [4, 4]]
['copy', 'MOLCAS.rassi.h5', 'MOLCAS.rassi.ovlp.1.h5']
['copy', '/project/lgagliardi/helenclifford/practice_rcc/sharc4/methaniminium/tutorial_reproduction/traj/Singlet_2/TRAJ_00009/restart/MOLCAS.3.JobIph.60', 'JOB001']
['link', 'MOLCAS.3.JobIph', 'JOB002']
['rassi', 'overlap', [3, 3]]
['copy', 'MOLCAS.rassi.h5', 'MOLCAS.rassi.ovlp.3.h5']
['link', 'MOLCAS.1.JobIph', 'JOB001']
['link', 'MOLCAS.3.JobIph', 'JOB002']
['rassi', 'soc', [4, 3]]
['copy', '$master_path/MOLCAS.3.JobIph', 'JOBOLD']
['rasscf', 3, 3, True, False]
['mclr', 0.0001, 'sala=1']
['alaska']
['copy', '$master_path/MOLCAS.1.JobIph', 'JOBOLD']
['rasscf', 1, 4, True, False]
['mclr', 0.0001, 'sala=1']
['alaska']
All jobs finished:
job: master          code: 0    runtime: 0:00:20.495621
job: grad_3_1        code: 0    runtime: 0:00:15.829455
job: grad_1_1        code: 0    runtime: 0:00:14.802361

Starting job execution
['gateway']
['seward']
['copy', '/project/lgagliardi/helenclifford/practice_rcc/sharc4/methaniminium/tutorial_reproduction/traj/Singlet_2/TRAJ_00009/restart/MOLCAS.1.JobIph.61', 'JOBOLD']
['rasscf', 1, 4, True, False]
['copy', 'MOLCAS.rasscf.h5', 'MOLCAS.1.rasscf.h5']
['copy', 'MOLCAS.JobIph', 'MOLCAS.1.JobIph']
['copy', '/project/lgagliardi/helenclifford/practice_rcc/sharc4/methaniminium/tutorial_reproduction/traj/Singlet_2/TRAJ_00009/restart/MOLCAS.3.JobIph.61', 'JOBOLD']
['rasscf', 3, 3, True, False]
['copy', 'MOLCAS.rasscf.h5', 'MOLCAS.3.rasscf.h5']
['copy', 'MOLCAS.JobIph', 'MOLCAS.3.JobIph']
['link', 'MOLCAS.1.JobIph', 'JOB001']
['rassi', 'dm', [4]]
['copy', 'MOLCAS.rassi.h5', 'MOLCAS.rassi.1.h5']
['link', 'MOLCAS.3.JobIph', 'JOB001']
['rassi', 'dm', [3]]
['copy', 'MOLCAS.rassi.h5', 'MOLCAS.rassi.3.h5']
['copy', '/project/lgagliardi/helenclifford/practice_rcc/sharc4/methaniminium/tutorial_reproduction/traj/Singlet_2/TRAJ_00009/restart/MOLCAS.1.JobIph.61', 'JOB001']
['link', 'MOLCAS.1.JobIph', 'JOB002']
['rassi', 'overlap', [4, 4]]
['copy', 'MOLCAS.rassi.h5', 'MOLCAS.rassi.ovlp.1.h5']
['copy', '/project/lgagliardi/helenclifford/practice_rcc/sharc4/methaniminium/tutorial_reproduction/traj/Singlet_2/TRAJ_00009/restart/MOLCAS.3.JobIph.61', 'JOB001']
['link', 'MOLCAS.3.JobIph', 'JOB002']
['rassi', 'overlap', [3, 3]]
['copy', 'MOLCAS.rassi.h5', 'MOLCAS.rassi.ovlp.3.h5']
['link', 'MOLCAS.1.JobIph', 'JOB001']
['link', 'MOLCAS.3.JobIph', 'JOB002']
['rassi', 'soc', [4, 3]]
['copy', '$master_path/MOLCAS.3.JobIph', 'JOBOLD']
['rasscf', 3, 3, True, False]
['mclr', 0.0001, 'sala=1']
['alaska']
['copy', '$master_path/MOLCAS.1.JobIph', 'JOBOLD']
['rasscf', 1, 4, True, False]
['mclr', 0.0001, 'sala=1']
['alaska']
All jobs finished:
job: master          code: 0    runtime: 0:00:18.462955
job: grad_3_1        code: 0    runtime: 0:00:10.683684
job: grad_1_1        code: 0    runtime: 0:00:08.579475

Starting job execution
['gateway']
['seward']
['copy', '/project/lgagliardi/helenclifford/practice_rcc/sharc4/methaniminium/tutorial_reproduction/traj/Singlet_2/TRAJ_00009/restart/MOLCAS.1.JobIph.62', 'JOBOLD']
['rasscf', 1, 4, True, False]
['copy', 'MOLCAS.rasscf.h5', 'MOLCAS.1.rasscf.h5']
['copy', 'MOLCAS.JobIph', 'MOLCAS.1.JobIph']
['copy', '/project/lgagliardi/helenclifford/practice_rcc/sharc4/methaniminium/tutorial_reproduction/traj/Singlet_2/TRAJ_00009/restart/MOLCAS.3.JobIph.62', 'JOBOLD']
['rasscf', 3, 3, True, False]
['copy', 'MOLCAS.rasscf.h5', 'MOLCAS.3.rasscf.h5']
['copy', 'MOLCAS.JobIph', 'MOLCAS.3.JobIph']
['link', 'MOLCAS.1.JobIph', 'JOB001']
['rassi', 'dm', [4]]
['copy', 'MOLCAS.rassi.h5', 'MOLCAS.rassi.1.h5']
['link', 'MOLCAS.3.JobIph', 'JOB001']
['rassi', 'dm', [3]]
['copy', 'MOLCAS.rassi.h5', 'MOLCAS.rassi.3.h5']
['copy', '/project/lgagliardi/helenclifford/practice_rcc/sharc4/methaniminium/tutorial_reproduction/traj/Singlet_2/TRAJ_00009/restart/MOLCAS.1.JobIph.62', 'JOB001']
['link', 'MOLCAS.1.JobIph', 'JOB002']
['rassi', 'overlap', [4, 4]]
['copy', 'MOLCAS.rassi.h5', 'MOLCAS.rassi.ovlp.1.h5']
['copy', '/project/lgagliardi/helenclifford/practice_rcc/sharc4/methaniminium/tutorial_reproduction/traj/Singlet_2/TRAJ_00009/restart/MOLCAS.3.JobIph.62', 'JOB001']
['link', 'MOLCAS.3.JobIph', 'JOB002']
['rassi', 'overlap', [3, 3]]
['copy', 'MOLCAS.rassi.h5', 'MOLCAS.rassi.ovlp.3.h5']
['link', 'MOLCAS.1.JobIph', 'JOB001']
['link', 'MOLCAS.3.JobIph', 'JOB002']
['rassi', 'soc', [4, 3]]
['copy', '$master_path/MOLCAS.3.JobIph', 'JOBOLD']
['rasscf', 3, 3, True, False]
['mclr', 0.0001, 'sala=1']
['alaska']
['copy', '$master_path/MOLCAS.1.JobIph', 'JOBOLD']
['rasscf', 1, 4, True, False]
['mclr', 0.0001, 'sala=1']
['alaska']
All jobs finished:
job: master          code: 0    runtime: 0:00:16.388327
job: grad_3_1        code: 0    runtime: 0:00:09.320877
job: grad_1_1        code: 0    runtime: 0:00:13.201264

Starting job execution
['gateway']
['seward']
['copy', '/project/lgagliardi/helenclifford/practice_rcc/sharc4/methaniminium/tutorial_reproduction/traj/Singlet_2/TRAJ_00009/restart/MOLCAS.1.JobIph.63', 'JOBOLD']
['rasscf', 1, 4, True, False]
['copy', 'MOLCAS.rasscf.h5', 'MOLCAS.1.rasscf.h5']
['copy', 'MOLCAS.JobIph', 'MOLCAS.1.JobIph']
['copy', '/project/lgagliardi/helenclifford/practice_rcc/sharc4/methaniminium/tutorial_reproduction/traj/Singlet_2/TRAJ_00009/restart/MOLCAS.3.JobIph.63', 'JOBOLD']
['rasscf', 3, 3, True, False]
['copy', 'MOLCAS.rasscf.h5', 'MOLCAS.3.rasscf.h5']
['copy', 'MOLCAS.JobIph', 'MOLCAS.3.JobIph']
['link', 'MOLCAS.1.JobIph', 'JOB001']
['rassi', 'dm', [4]]
['copy', 'MOLCAS.rassi.h5', 'MOLCAS.rassi.1.h5']
['link', 'MOLCAS.3.JobIph', 'JOB001']
['rassi', 'dm', [3]]
['copy', 'MOLCAS.rassi.h5', 'MOLCAS.rassi.3.h5']
['copy', '/project/lgagliardi/helenclifford/practice_rcc/sharc4/methaniminium/tutorial_reproduction/traj/Singlet_2/TRAJ_00009/restart/MOLCAS.1.JobIph.63', 'JOB001']
['link', 'MOLCAS.1.JobIph', 'JOB002']
['rassi', 'overlap', [4, 4]]
['copy', 'MOLCAS.rassi.h5', 'MOLCAS.rassi.ovlp.1.h5']
['copy', '/project/lgagliardi/helenclifford/practice_rcc/sharc4/methaniminium/tutorial_reproduction/traj/Singlet_2/TRAJ_00009/restart/MOLCAS.3.JobIph.63', 'JOB001']
['link', 'MOLCAS.3.JobIph', 'JOB002']
['rassi', 'overlap', [3, 3]]
['copy', 'MOLCAS.rassi.h5', 'MOLCAS.rassi.ovlp.3.h5']
['link', 'MOLCAS.1.JobIph', 'JOB001']
['link', 'MOLCAS.3.JobIph', 'JOB002']
['rassi', 'soc', [4, 3]]
['copy', '$master_path/MOLCAS.3.JobIph', 'JOBOLD']
['rasscf', 3, 3, True, False]
['mclr', 0.0001, 'sala=1']
['alaska']
['copy', '$master_path/MOLCAS.1.JobIph', 'JOBOLD']
['rasscf', 1, 4, True, False]
['mclr', 0.0001, 'sala=1']
['alaska']
All jobs finished:
job: master          code: 0    runtime: 0:00:34.554988
job: grad_3_1        code: 0    runtime: 0:00:11.575120
job: grad_1_1        code: 0    runtime: 0:00:08.312982

Starting job execution
['gateway']
['seward']
['copy', '/project/lgagliardi/helenclifford/practice_rcc/sharc4/methaniminium/tutorial_reproduction/traj/Singlet_2/TRAJ_00009/restart/MOLCAS.1.JobIph.64', 'JOBOLD']
['rasscf', 1, 4, True, False]
['copy', 'MOLCAS.rasscf.h5', 'MOLCAS.1.rasscf.h5']
['copy', 'MOLCAS.JobIph', 'MOLCAS.1.JobIph']
['copy', '/project/lgagliardi/helenclifford/practice_rcc/sharc4/methaniminium/tutorial_reproduction/traj/Singlet_2/TRAJ_00009/restart/MOLCAS.3.JobIph.64', 'JOBOLD']
['rasscf', 3, 3, True, False]
['copy', 'MOLCAS.rasscf.h5', 'MOLCAS.3.rasscf.h5']
['copy', 'MOLCAS.JobIph', 'MOLCAS.3.JobIph']
['link', 'MOLCAS.1.JobIph', 'JOB001']
['rassi', 'dm', [4]]
['copy', 'MOLCAS.rassi.h5', 'MOLCAS.rassi.1.h5']
['link', 'MOLCAS.3.JobIph', 'JOB001']
['rassi', 'dm', [3]]
['copy', 'MOLCAS.rassi.h5', 'MOLCAS.rassi.3.h5']
['copy', '/project/lgagliardi/helenclifford/practice_rcc/sharc4/methaniminium/tutorial_reproduction/traj/Singlet_2/TRAJ_00009/restart/MOLCAS.1.JobIph.64', 'JOB001']
['link', 'MOLCAS.1.JobIph', 'JOB002']
['rassi', 'overlap', [4, 4]]
['copy', 'MOLCAS.rassi.h5', 'MOLCAS.rassi.ovlp.1.h5']
['copy', '/project/lgagliardi/helenclifford/practice_rcc/sharc4/methaniminium/tutorial_reproduction/traj/Singlet_2/TRAJ_00009/restart/MOLCAS.3.JobIph.64', 'JOB001']
['link', 'MOLCAS.3.JobIph', 'JOB002']
['rassi', 'overlap', [3, 3]]
['copy', 'MOLCAS.rassi.h5', 'MOLCAS.rassi.ovlp.3.h5']
['link', 'MOLCAS.1.JobIph', 'JOB001']
['link', 'MOLCAS.3.JobIph', 'JOB002']
['rassi', 'soc', [4, 3]]
['copy', '$master_path/MOLCAS.1.JobIph', 'JOBOLD']
['rasscf', 1, 4, True, False]
['mclr', 0.0001, 'sala=1']
['alaska']
All jobs finished:
job: master          code: 0    runtime: 0:00:30.309092
job: grad_1_1        code: 0    runtime: 0:00:13.736366

Starting job execution
['gateway']
['seward']
['copy', '/project/lgagliardi/helenclifford/practice_rcc/sharc4/methaniminium/tutorial_reproduction/traj/Singlet_2/TRAJ_00009/restart/MOLCAS.1.JobIph.65', 'JOBOLD']
['rasscf', 1, 4, True, False]
['copy', 'MOLCAS.rasscf.h5', 'MOLCAS.1.rasscf.h5']
['copy', 'MOLCAS.JobIph', 'MOLCAS.1.JobIph']
['copy', '/project/lgagliardi/helenclifford/practice_rcc/sharc4/methaniminium/tutorial_reproduction/traj/Singlet_2/TRAJ_00009/restart/MOLCAS.3.JobIph.65', 'JOBOLD']
['rasscf', 3, 3, True, False]
['copy', 'MOLCAS.rasscf.h5', 'MOLCAS.3.rasscf.h5']
['copy', 'MOLCAS.JobIph', 'MOLCAS.3.JobIph']
['link', 'MOLCAS.1.JobIph', 'JOB001']
['rassi', 'dm', [4]]
['copy', 'MOLCAS.rassi.h5', 'MOLCAS.rassi.1.h5']
['link', 'MOLCAS.3.JobIph', 'JOB001']
['rassi', 'dm', [3]]
['copy', 'MOLCAS.rassi.h5', 'MOLCAS.rassi.3.h5']
['copy', '/project/lgagliardi/helenclifford/practice_rcc/sharc4/methaniminium/tutorial_reproduction/traj/Singlet_2/TRAJ_00009/restart/MOLCAS.1.JobIph.65', 'JOB001']
['link', 'MOLCAS.1.JobIph', 'JOB002']
['rassi', 'overlap', [4, 4]]
['copy', 'MOLCAS.rassi.h5', 'MOLCAS.rassi.ovlp.1.h5']
['copy', '/project/lgagliardi/helenclifford/practice_rcc/sharc4/methaniminium/tutorial_reproduction/traj/Singlet_2/TRAJ_00009/restart/MOLCAS.3.JobIph.65', 'JOB001']
['link', 'MOLCAS.3.JobIph', 'JOB002']
['rassi', 'overlap', [3, 3]]
['copy', 'MOLCAS.rassi.h5', 'MOLCAS.rassi.ovlp.3.h5']
['link', 'MOLCAS.1.JobIph', 'JOB001']
['link', 'MOLCAS.3.JobIph', 'JOB002']
['rassi', 'soc', [4, 3]]
['copy', '$master_path/MOLCAS.1.JobIph', 'JOBOLD']
['rasscf', 1, 4, True, False]
['mclr', 0.0001, 'sala=1']
['alaska']
All jobs finished:
job: master          code: 0    runtime: 0:00:19.549865
job: grad_1_1        code: 0    runtime: 0:00:07.323322

Starting job execution
['gateway']
['seward']
['copy', '/project/lgagliardi/helenclifford/practice_rcc/sharc4/methaniminium/tutorial_reproduction/traj/Singlet_2/TRAJ_00009/restart/MOLCAS.1.JobIph.66', 'JOBOLD']
['rasscf', 1, 4, True, False]
['copy', 'MOLCAS.rasscf.h5', 'MOLCAS.1.rasscf.h5']
['copy', 'MOLCAS.JobIph', 'MOLCAS.1.JobIph']
['copy', '/project/lgagliardi/helenclifford/practice_rcc/sharc4/methaniminium/tutorial_reproduction/traj/Singlet_2/TRAJ_00009/restart/MOLCAS.3.JobIph.66', 'JOBOLD']
['rasscf', 3, 3, True, False]
['copy', 'MOLCAS.rasscf.h5', 'MOLCAS.3.rasscf.h5']
['copy', 'MOLCAS.JobIph', 'MOLCAS.3.JobIph']
['link', 'MOLCAS.1.JobIph', 'JOB001']
['rassi', 'dm', [4]]
['copy', 'MOLCAS.rassi.h5', 'MOLCAS.rassi.1.h5']
['link', 'MOLCAS.3.JobIph', 'JOB001']
['rassi', 'dm', [3]]
['copy', 'MOLCAS.rassi.h5', 'MOLCAS.rassi.3.h5']
['copy', '/project/lgagliardi/helenclifford/practice_rcc/sharc4/methaniminium/tutorial_reproduction/traj/Singlet_2/TRAJ_00009/restart/MOLCAS.1.JobIph.66', 'JOB001']
['link', 'MOLCAS.1.JobIph', 'JOB002']
['rassi', 'overlap', [4, 4]]
['copy', 'MOLCAS.rassi.h5', 'MOLCAS.rassi.ovlp.1.h5']
['copy', '/project/lgagliardi/helenclifford/practice_rcc/sharc4/methaniminium/tutorial_reproduction/traj/Singlet_2/TRAJ_00009/restart/MOLCAS.3.JobIph.66', 'JOB001']
['link', 'MOLCAS.3.JobIph', 'JOB002']
['rassi', 'overlap', [3, 3]]
['copy', 'MOLCAS.rassi.h5', 'MOLCAS.rassi.ovlp.3.h5']
['link', 'MOLCAS.1.JobIph', 'JOB001']
['link', 'MOLCAS.3.JobIph', 'JOB002']
['rassi', 'soc', [4, 3]]
['copy', '$master_path/MOLCAS.1.JobIph', 'JOBOLD']
['rasscf', 1, 4, True, False]
['mclr', 0.0001, 'sala=1']
['alaska']
All jobs finished:
job: master          code: 0    runtime: 0:00:19.082622
job: grad_1_1        code: 0    runtime: 0:00:11.736687

Starting job execution
['gateway']
['seward']
['copy', '/project/lgagliardi/helenclifford/practice_rcc/sharc4/methaniminium/tutorial_reproduction/traj/Singlet_2/TRAJ_00009/restart/MOLCAS.1.JobIph.67', 'JOBOLD']
['rasscf', 1, 4, True, False]
['copy', 'MOLCAS.rasscf.h5', 'MOLCAS.1.rasscf.h5']
['copy', 'MOLCAS.JobIph', 'MOLCAS.1.JobIph']
['copy', '/project/lgagliardi/helenclifford/practice_rcc/sharc4/methaniminium/tutorial_reproduction/traj/Singlet_2/TRAJ_00009/restart/MOLCAS.3.JobIph.67', 'JOBOLD']
['rasscf', 3, 3, True, False]
['copy', 'MOLCAS.rasscf.h5', 'MOLCAS.3.rasscf.h5']
['copy', 'MOLCAS.JobIph', 'MOLCAS.3.JobIph']
['link', 'MOLCAS.1.JobIph', 'JOB001']
['rassi', 'dm', [4]]
['copy', 'MOLCAS.rassi.h5', 'MOLCAS.rassi.1.h5']
['link', 'MOLCAS.3.JobIph', 'JOB001']
['rassi', 'dm', [3]]
['copy', 'MOLCAS.rassi.h5', 'MOLCAS.rassi.3.h5']
['copy', '/project/lgagliardi/helenclifford/practice_rcc/sharc4/methaniminium/tutorial_reproduction/traj/Singlet_2/TRAJ_00009/restart/MOLCAS.1.JobIph.67', 'JOB001']
['link', 'MOLCAS.1.JobIph', 'JOB002']
['rassi', 'overlap', [4, 4]]
['copy', 'MOLCAS.rassi.h5', 'MOLCAS.rassi.ovlp.1.h5']
['copy', '/project/lgagliardi/helenclifford/practice_rcc/sharc4/methaniminium/tutorial_reproduction/traj/Singlet_2/TRAJ_00009/restart/MOLCAS.3.JobIph.67', 'JOB001']
['link', 'MOLCAS.3.JobIph', 'JOB002']
['rassi', 'overlap', [3, 3]]
['copy', 'MOLCAS.rassi.h5', 'MOLCAS.rassi.ovlp.3.h5']
['link', 'MOLCAS.1.JobIph', 'JOB001']
['link', 'MOLCAS.3.JobIph', 'JOB002']
['rassi', 'soc', [4, 3]]
['copy', '$master_path/MOLCAS.1.JobIph', 'JOBOLD']
['rasscf', 1, 4, True, False]
['mclr', 0.0001, 'sala=1']
['alaska']
All jobs finished:
job: master          code: 0    runtime: 0:00:20.680180
job: grad_1_1        code: 0    runtime: 0:00:11.996136

Starting job execution
['gateway']
['seward']
['copy', '/project/lgagliardi/helenclifford/practice_rcc/sharc4/methaniminium/tutorial_reproduction/traj/Singlet_2/TRAJ_00009/restart/MOLCAS.1.JobIph.68', 'JOBOLD']
['rasscf', 1, 4, True, False]
['copy', 'MOLCAS.rasscf.h5', 'MOLCAS.1.rasscf.h5']
['copy', 'MOLCAS.JobIph', 'MOLCAS.1.JobIph']
['copy', '/project/lgagliardi/helenclifford/practice_rcc/sharc4/methaniminium/tutorial_reproduction/traj/Singlet_2/TRAJ_00009/restart/MOLCAS.3.JobIph.68', 'JOBOLD']
['rasscf', 3, 3, True, False]
['copy', 'MOLCAS.rasscf.h5', 'MOLCAS.3.rasscf.h5']
['copy', 'MOLCAS.JobIph', 'MOLCAS.3.JobIph']
['link', 'MOLCAS.1.JobIph', 'JOB001']
['rassi', 'dm', [4]]
['copy', 'MOLCAS.rassi.h5', 'MOLCAS.rassi.1.h5']
['link', 'MOLCAS.3.JobIph', 'JOB001']
['rassi', 'dm', [3]]
['copy', 'MOLCAS.rassi.h5', 'MOLCAS.rassi.3.h5']
['copy', '/project/lgagliardi/helenclifford/practice_rcc/sharc4/methaniminium/tutorial_reproduction/traj/Singlet_2/TRAJ_00009/restart/MOLCAS.1.JobIph.68', 'JOB001']
['link', 'MOLCAS.1.JobIph', 'JOB002']
['rassi', 'overlap', [4, 4]]
['copy', 'MOLCAS.rassi.h5', 'MOLCAS.rassi.ovlp.1.h5']
['copy', '/project/lgagliardi/helenclifford/practice_rcc/sharc4/methaniminium/tutorial_reproduction/traj/Singlet_2/TRAJ_00009/restart/MOLCAS.3.JobIph.68', 'JOB001']
['link', 'MOLCAS.3.JobIph', 'JOB002']
['rassi', 'overlap', [3, 3]]
['copy', 'MOLCAS.rassi.h5', 'MOLCAS.rassi.ovlp.3.h5']
['link', 'MOLCAS.1.JobIph', 'JOB001']
['link', 'MOLCAS.3.JobIph', 'JOB002']
['rassi', 'soc', [4, 3]]
['copy', '$master_path/MOLCAS.1.JobIph', 'JOBOLD']
['rasscf', 1, 4, True, False]
['mclr', 0.0001, 'sala=1']
['alaska']
All jobs finished:
job: master          code: 0    runtime: 0:00:20.789260
job: grad_1_1        code: 0    runtime: 0:00:09.744166

Starting job execution
['gateway']
['seward']
['copy', '/project/lgagliardi/helenclifford/practice_rcc/sharc4/methaniminium/tutorial_reproduction/traj/Singlet_2/TRAJ_00009/restart/MOLCAS.1.JobIph.69', 'JOBOLD']
['rasscf', 1, 4, True, False]
['copy', 'MOLCAS.rasscf.h5', 'MOLCAS.1.rasscf.h5']
['copy', 'MOLCAS.JobIph', 'MOLCAS.1.JobIph']
['copy', '/project/lgagliardi/helenclifford/practice_rcc/sharc4/methaniminium/tutorial_reproduction/traj/Singlet_2/TRAJ_00009/restart/MOLCAS.3.JobIph.69', 'JOBOLD']
['rasscf', 3, 3, True, False]
['copy', 'MOLCAS.rasscf.h5', 'MOLCAS.3.rasscf.h5']
['copy', 'MOLCAS.JobIph', 'MOLCAS.3.JobIph']
['link', 'MOLCAS.1.JobIph', 'JOB001']
['rassi', 'dm', [4]]
['copy', 'MOLCAS.rassi.h5', 'MOLCAS.rassi.1.h5']
['link', 'MOLCAS.3.JobIph', 'JOB001']
['rassi', 'dm', [3]]
['copy', 'MOLCAS.rassi.h5', 'MOLCAS.rassi.3.h5']
['copy', '/project/lgagliardi/helenclifford/practice_rcc/sharc4/methaniminium/tutorial_reproduction/traj/Singlet_2/TRAJ_00009/restart/MOLCAS.1.JobIph.69', 'JOB001']
['link', 'MOLCAS.1.JobIph', 'JOB002']
['rassi', 'overlap', [4, 4]]
['copy', 'MOLCAS.rassi.h5', 'MOLCAS.rassi.ovlp.1.h5']
['copy', '/project/lgagliardi/helenclifford/practice_rcc/sharc4/methaniminium/tutorial_reproduction/traj/Singlet_2/TRAJ_00009/restart/MOLCAS.3.JobIph.69', 'JOB001']
['link', 'MOLCAS.3.JobIph', 'JOB002']
['rassi', 'overlap', [3, 3]]
['copy', 'MOLCAS.rassi.h5', 'MOLCAS.rassi.ovlp.3.h5']
['link', 'MOLCAS.1.JobIph', 'JOB001']
['link', 'MOLCAS.3.JobIph', 'JOB002']
['rassi', 'soc', [4, 3]]
['copy', '$master_path/MOLCAS.1.JobIph', 'JOBOLD']
['rasscf', 1, 4, True, False]
['mclr', 0.0001, 'sala=1']
['alaska']
All jobs finished:
job: master          code: 0    runtime: 0:00:20.904246
job: grad_1_1        code: 0    runtime: 0:00:11.063129

Starting job execution
['gateway']
['seward']
['copy', '/project/lgagliardi/helenclifford/practice_rcc/sharc4/methaniminium/tutorial_reproduction/traj/Singlet_2/TRAJ_00009/restart/MOLCAS.1.JobIph.70', 'JOBOLD']
['rasscf', 1, 4, True, False]
['copy', 'MOLCAS.rasscf.h5', 'MOLCAS.1.rasscf.h5']
['copy', 'MOLCAS.JobIph', 'MOLCAS.1.JobIph']
['copy', '/project/lgagliardi/helenclifford/practice_rcc/sharc4/methaniminium/tutorial_reproduction/traj/Singlet_2/TRAJ_00009/restart/MOLCAS.3.JobIph.70', 'JOBOLD']
['rasscf', 3, 3, True, False]
['copy', 'MOLCAS.rasscf.h5', 'MOLCAS.3.rasscf.h5']
['copy', 'MOLCAS.JobIph', 'MOLCAS.3.JobIph']
['link', 'MOLCAS.1.JobIph', 'JOB001']
['rassi', 'dm', [4]]
['copy', 'MOLCAS.rassi.h5', 'MOLCAS.rassi.1.h5']
['link', 'MOLCAS.3.JobIph', 'JOB001']
['rassi', 'dm', [3]]
['copy', 'MOLCAS.rassi.h5', 'MOLCAS.rassi.3.h5']
['copy', '/project/lgagliardi/helenclifford/practice_rcc/sharc4/methaniminium/tutorial_reproduction/traj/Singlet_2/TRAJ_00009/restart/MOLCAS.1.JobIph.70', 'JOB001']
['link', 'MOLCAS.1.JobIph', 'JOB002']
['rassi', 'overlap', [4, 4]]
['copy', 'MOLCAS.rassi.h5', 'MOLCAS.rassi.ovlp.1.h5']
['copy', '/project/lgagliardi/helenclifford/practice_rcc/sharc4/methaniminium/tutorial_reproduction/traj/Singlet_2/TRAJ_00009/restart/MOLCAS.3.JobIph.70', 'JOB001']
['link', 'MOLCAS.3.JobIph', 'JOB002']
['rassi', 'overlap', [3, 3]]
['copy', 'MOLCAS.rassi.h5', 'MOLCAS.rassi.ovlp.3.h5']
['link', 'MOLCAS.1.JobIph', 'JOB001']
['link', 'MOLCAS.3.JobIph', 'JOB002']
['rassi', 'soc', [4, 3]]
['copy', '$master_path/MOLCAS.1.JobIph', 'JOBOLD']
['rasscf', 1, 4, True, False]
['mclr', 0.0001, 'sala=1']
['alaska']
All jobs finished:
job: master          code: 0    runtime: 0:00:21.097416
job: grad_1_1        code: 0    runtime: 0:00:09.847033

Starting job execution
['gateway']
['seward']
['copy', '/project/lgagliardi/helenclifford/practice_rcc/sharc4/methaniminium/tutorial_reproduction/traj/Singlet_2/TRAJ_00009/restart/MOLCAS.1.JobIph.71', 'JOBOLD']
['rasscf', 1, 4, True, False]
['copy', 'MOLCAS.rasscf.h5', 'MOLCAS.1.rasscf.h5']
['copy', 'MOLCAS.JobIph', 'MOLCAS.1.JobIph']
['copy', '/project/lgagliardi/helenclifford/practice_rcc/sharc4/methaniminium/tutorial_reproduction/traj/Singlet_2/TRAJ_00009/restart/MOLCAS.3.JobIph.71', 'JOBOLD']
['rasscf', 3, 3, True, False]
['copy', 'MOLCAS.rasscf.h5', 'MOLCAS.3.rasscf.h5']
['copy', 'MOLCAS.JobIph', 'MOLCAS.3.JobIph']
['link', 'MOLCAS.1.JobIph', 'JOB001']
['rassi', 'dm', [4]]
['copy', 'MOLCAS.rassi.h5', 'MOLCAS.rassi.1.h5']
['link', 'MOLCAS.3.JobIph', 'JOB001']
['rassi', 'dm', [3]]
['copy', 'MOLCAS.rassi.h5', 'MOLCAS.rassi.3.h5']
['copy', '/project/lgagliardi/helenclifford/practice_rcc/sharc4/methaniminium/tutorial_reproduction/traj/Singlet_2/TRAJ_00009/restart/MOLCAS.1.JobIph.71', 'JOB001']
['link', 'MOLCAS.1.JobIph', 'JOB002']
['rassi', 'overlap', [4, 4]]
['copy', 'MOLCAS.rassi.h5', 'MOLCAS.rassi.ovlp.1.h5']
['copy', '/project/lgagliardi/helenclifford/practice_rcc/sharc4/methaniminium/tutorial_reproduction/traj/Singlet_2/TRAJ_00009/restart/MOLCAS.3.JobIph.71', 'JOB001']
['link', 'MOLCAS.3.JobIph', 'JOB002']
['rassi', 'overlap', [3, 3]]
['copy', 'MOLCAS.rassi.h5', 'MOLCAS.rassi.ovlp.3.h5']
['link', 'MOLCAS.1.JobIph', 'JOB001']
['link', 'MOLCAS.3.JobIph', 'JOB002']
['rassi', 'soc', [4, 3]]
['copy', '$master_path/MOLCAS.1.JobIph', 'JOBOLD']
['rasscf', 1, 4, True, False]
['mclr', 0.0001, 'sala=1']
['alaska']
All jobs finished:
job: master          code: 0    runtime: 0:00:24.106047
job: grad_1_1        code: 0    runtime: 0:00:10.499676

Starting job execution
['gateway']
['seward']
['copy', '/project/lgagliardi/helenclifford/practice_rcc/sharc4/methaniminium/tutorial_reproduction/traj/Singlet_2/TRAJ_00009/restart/MOLCAS.1.JobIph.72', 'JOBOLD']
['rasscf', 1, 4, True, False]
['copy', 'MOLCAS.rasscf.h5', 'MOLCAS.1.rasscf.h5']
['copy', 'MOLCAS.JobIph', 'MOLCAS.1.JobIph']
['copy', '/project/lgagliardi/helenclifford/practice_rcc/sharc4/methaniminium/tutorial_reproduction/traj/Singlet_2/TRAJ_00009/restart/MOLCAS.3.JobIph.72', 'JOBOLD']
['rasscf', 3, 3, True, False]
['copy', 'MOLCAS.rasscf.h5', 'MOLCAS.3.rasscf.h5']
['copy', 'MOLCAS.JobIph', 'MOLCAS.3.JobIph']
['link', 'MOLCAS.1.JobIph', 'JOB001']
['rassi', 'dm', [4]]
['copy', 'MOLCAS.rassi.h5', 'MOLCAS.rassi.1.h5']
['link', 'MOLCAS.3.JobIph', 'JOB001']
['rassi', 'dm', [3]]
['copy', 'MOLCAS.rassi.h5', 'MOLCAS.rassi.3.h5']
['copy', '/project/lgagliardi/helenclifford/practice_rcc/sharc4/methaniminium/tutorial_reproduction/traj/Singlet_2/TRAJ_00009/restart/MOLCAS.1.JobIph.72', 'JOB001']
['link', 'MOLCAS.1.JobIph', 'JOB002']
['rassi', 'overlap', [4, 4]]
['copy', 'MOLCAS.rassi.h5', 'MOLCAS.rassi.ovlp.1.h5']
['copy', '/project/lgagliardi/helenclifford/practice_rcc/sharc4/methaniminium/tutorial_reproduction/traj/Singlet_2/TRAJ_00009/restart/MOLCAS.3.JobIph.72', 'JOB001']
['link', 'MOLCAS.3.JobIph', 'JOB002']
['rassi', 'overlap', [3, 3]]
['copy', 'MOLCAS.rassi.h5', 'MOLCAS.rassi.ovlp.3.h5']
['link', 'MOLCAS.1.JobIph', 'JOB001']
['link', 'MOLCAS.3.JobIph', 'JOB002']
['rassi', 'soc', [4, 3]]
['copy', '$master_path/MOLCAS.1.JobIph', 'JOBOLD']
['rasscf', 1, 4, True, False]
['mclr', 0.0001, 'sala=1']
['alaska']
All jobs finished:
job: master          code: 0    runtime: 0:00:16.480952
job: grad_1_1        code: 0    runtime: 0:00:09.503395

Starting job execution
['gateway']
['seward']
['copy', '/project/lgagliardi/helenclifford/practice_rcc/sharc4/methaniminium/tutorial_reproduction/traj/Singlet_2/TRAJ_00009/restart/MOLCAS.1.JobIph.73', 'JOBOLD']
['rasscf', 1, 4, True, False]
['copy', 'MOLCAS.rasscf.h5', 'MOLCAS.1.rasscf.h5']
['copy', 'MOLCAS.JobIph', 'MOLCAS.1.JobIph']
['copy', '/project/lgagliardi/helenclifford/practice_rcc/sharc4/methaniminium/tutorial_reproduction/traj/Singlet_2/TRAJ_00009/restart/MOLCAS.3.JobIph.73', 'JOBOLD']
['rasscf', 3, 3, True, False]
['copy', 'MOLCAS.rasscf.h5', 'MOLCAS.3.rasscf.h5']
['copy', 'MOLCAS.JobIph', 'MOLCAS.3.JobIph']
['link', 'MOLCAS.1.JobIph', 'JOB001']
['rassi', 'dm', [4]]
['copy', 'MOLCAS.rassi.h5', 'MOLCAS.rassi.1.h5']
['link', 'MOLCAS.3.JobIph', 'JOB001']
['rassi', 'dm', [3]]
['copy', 'MOLCAS.rassi.h5', 'MOLCAS.rassi.3.h5']
['copy', '/project/lgagliardi/helenclifford/practice_rcc/sharc4/methaniminium/tutorial_reproduction/traj/Singlet_2/TRAJ_00009/restart/MOLCAS.1.JobIph.72', 'JOB001']
['link', 'MOLCAS.1.JobIph', 'JOB002']
['rassi', 'overlap', [4, 4]]
['copy', 'MOLCAS.rassi.h5', 'MOLCAS.rassi.ovlp.1.h5']
['copy', '/project/lgagliardi/helenclifford/practice_rcc/sharc4/methaniminium/tutorial_reproduction/traj/Singlet_2/TRAJ_00009/restart/MOLCAS.3.JobIph.72', 'JOB001']
['link', 'MOLCAS.3.JobIph', 'JOB002']
['rassi', 'overlap', [3, 3]]
['copy', 'MOLCAS.rassi.h5', 'MOLCAS.rassi.ovlp.3.h5']
['link', 'MOLCAS.1.JobIph', 'JOB001']
['link', 'MOLCAS.3.JobIph', 'JOB002']
['rassi', 'soc', [4, 3]]
['copy', '$master_path/MOLCAS.3.JobIph', 'JOBOLD']
['rasscf', 3, 3, True, False]
['mclr', 0.0001, 'sala=1']
['alaska']
['copy', '$master_path/MOLCAS.1.JobIph', 'JOBOLD']
['rasscf', 1, 4, True, False]
['mclr', 0.0001, 'sala=1']
['alaska']
All jobs finished:
job: master          code: 0    runtime: 0:00:11.716082
job: grad_3_1        code: 0    runtime: 0:00:06.902157
job: grad_1_1        code: 0    runtime: 0:00:13.514961

Starting job execution
['gateway']
['seward']
['copy', '/project/lgagliardi/helenclifford/practice_rcc/sharc4/methaniminium/tutorial_reproduction/traj/Singlet_2/TRAJ_00009/restart/MOLCAS.1.JobIph.73', 'JOBOLD']
['rasscf', 1, 4, True, False]
['copy', 'MOLCAS.rasscf.h5', 'MOLCAS.1.rasscf.h5']
['copy', 'MOLCAS.JobIph', 'MOLCAS.1.JobIph']
['copy', '/project/lgagliardi/helenclifford/practice_rcc/sharc4/methaniminium/tutorial_reproduction/traj/Singlet_2/TRAJ_00009/restart/MOLCAS.3.JobIph.73', 'JOBOLD']
['rasscf', 3, 3, True, False]
['copy', 'MOLCAS.rasscf.h5', 'MOLCAS.3.rasscf.h5']
['copy', 'MOLCAS.JobIph', 'MOLCAS.3.JobIph']
['link', 'MOLCAS.1.JobIph', 'JOB001']
['rassi', 'dm', [4]]
['copy', 'MOLCAS.rassi.h5', 'MOLCAS.rassi.1.h5']
['link', 'MOLCAS.3.JobIph', 'JOB001']
['rassi', 'dm', [3]]
['copy', 'MOLCAS.rassi.h5', 'MOLCAS.rassi.3.h5']
['copy', '/project/lgagliardi/helenclifford/practice_rcc/sharc4/methaniminium/tutorial_reproduction/traj/Singlet_2/TRAJ_00009/restart/MOLCAS.1.JobIph.73', 'JOB001']
['link', 'MOLCAS.1.JobIph', 'JOB002']
['rassi', 'overlap', [4, 4]]
['copy', 'MOLCAS.rassi.h5', 'MOLCAS.rassi.ovlp.1.h5']
['copy', '/project/lgagliardi/helenclifford/practice_rcc/sharc4/methaniminium/tutorial_reproduction/traj/Singlet_2/TRAJ_00009/restart/MOLCAS.3.JobIph.73', 'JOB001']
['link', 'MOLCAS.3.JobIph', 'JOB002']
['rassi', 'overlap', [3, 3]]
['copy', 'MOLCAS.rassi.h5', 'MOLCAS.rassi.ovlp.3.h5']
['link', 'MOLCAS.1.JobIph', 'JOB001']
['link', 'MOLCAS.3.JobIph', 'JOB002']
['rassi', 'soc', [4, 3]]
['copy', '$master_path/MOLCAS.3.JobIph', 'JOBOLD']
['rasscf', 3, 3, True, False]
['mclr', 0.0001, 'sala=1']
['alaska']
['copy', '$master_path/MOLCAS.1.JobIph', 'JOBOLD']
['rasscf', 1, 4, True, False]
['mclr', 0.0001, 'sala=1']
['alaska']
All jobs finished:
job: master          code: 0    runtime: 0:00:24.113740
job: grad_3_1        code: 0    runtime: 0:00:11.775077
job: grad_1_1        code: 0    runtime: 0:00:09.901830

Starting job execution
['gateway']
['seward']
['copy', '/project/lgagliardi/helenclifford/practice_rcc/sharc4/methaniminium/tutorial_reproduction/traj/Singlet_2/TRAJ_00009/restart/MOLCAS.1.JobIph.74', 'JOBOLD']
['rasscf', 1, 4, True, False]
['copy', 'MOLCAS.rasscf.h5', 'MOLCAS.1.rasscf.h5']
['copy', 'MOLCAS.JobIph', 'MOLCAS.1.JobIph']
['copy', '/project/lgagliardi/helenclifford/practice_rcc/sharc4/methaniminium/tutorial_reproduction/traj/Singlet_2/TRAJ_00009/restart/MOLCAS.3.JobIph.74', 'JOBOLD']
['rasscf', 3, 3, True, False]
['copy', 'MOLCAS.rasscf.h5', 'MOLCAS.3.rasscf.h5']
['copy', 'MOLCAS.JobIph', 'MOLCAS.3.JobIph']
['link', 'MOLCAS.1.JobIph', 'JOB001']
['rassi', 'dm', [4]]
['copy', 'MOLCAS.rassi.h5', 'MOLCAS.rassi.1.h5']
['link', 'MOLCAS.3.JobIph', 'JOB001']
['rassi', 'dm', [3]]
['copy', 'MOLCAS.rassi.h5', 'MOLCAS.rassi.3.h5']
['copy', '/project/lgagliardi/helenclifford/practice_rcc/sharc4/methaniminium/tutorial_reproduction/traj/Singlet_2/TRAJ_00009/restart/MOLCAS.1.JobIph.74', 'JOB001']
['link', 'MOLCAS.1.JobIph', 'JOB002']
['rassi', 'overlap', [4, 4]]
['copy', 'MOLCAS.rassi.h5', 'MOLCAS.rassi.ovlp.1.h5']
['copy', '/project/lgagliardi/helenclifford/practice_rcc/sharc4/methaniminium/tutorial_reproduction/traj/Singlet_2/TRAJ_00009/restart/MOLCAS.3.JobIph.74', 'JOB001']
['link', 'MOLCAS.3.JobIph', 'JOB002']
['rassi', 'overlap', [3, 3]]
['copy', 'MOLCAS.rassi.h5', 'MOLCAS.rassi.ovlp.3.h5']
['link', 'MOLCAS.1.JobIph', 'JOB001']
['link', 'MOLCAS.3.JobIph', 'JOB002']
['rassi', 'soc', [4, 3]]
['copy', '$master_path/MOLCAS.3.JobIph', 'JOBOLD']
['rasscf', 3, 3, True, False]
['mclr', 0.0001, 'sala=1']
['alaska']
['copy', '$master_path/MOLCAS.1.JobIph', 'JOBOLD']
['rasscf', 1, 4, True, False]
['mclr', 0.0001, 'sala=1']
['alaska']
All jobs finished:
job: master          code: 0    runtime: 0:00:22.875084
job: grad_3_1        code: 0    runtime: 0:00:11.844286
job: grad_1_1        code: 0    runtime: 0:00:09.372237

Starting job execution
['gateway']
['seward']
['copy', '/project/lgagliardi/helenclifford/practice_rcc/sharc4/methaniminium/tutorial_reproduction/traj/Singlet_2/TRAJ_00009/restart/MOLCAS.1.JobIph.75', 'JOBOLD']
['rasscf', 1, 4, True, False]
['copy', 'MOLCAS.rasscf.h5', 'MOLCAS.1.rasscf.h5']
['copy', 'MOLCAS.JobIph', 'MOLCAS.1.JobIph']
['copy', '/project/lgagliardi/helenclifford/practice_rcc/sharc4/methaniminium/tutorial_reproduction/traj/Singlet_2/TRAJ_00009/restart/MOLCAS.3.JobIph.75', 'JOBOLD']
['rasscf', 3, 3, True, False]
['copy', 'MOLCAS.rasscf.h5', 'MOLCAS.3.rasscf.h5']
['copy', 'MOLCAS.JobIph', 'MOLCAS.3.JobIph']
['link', 'MOLCAS.1.JobIph', 'JOB001']
['rassi', 'dm', [4]]
['copy', 'MOLCAS.rassi.h5', 'MOLCAS.rassi.1.h5']
['link', 'MOLCAS.3.JobIph', 'JOB001']
['rassi', 'dm', [3]]
['copy', 'MOLCAS.rassi.h5', 'MOLCAS.rassi.3.h5']
['copy', '/project/lgagliardi/helenclifford/practice_rcc/sharc4/methaniminium/tutorial_reproduction/traj/Singlet_2/TRAJ_00009/restart/MOLCAS.1.JobIph.75', 'JOB001']
['link', 'MOLCAS.1.JobIph', 'JOB002']
['rassi', 'overlap', [4, 4]]
['copy', 'MOLCAS.rassi.h5', 'MOLCAS.rassi.ovlp.1.h5']
['copy', '/project/lgagliardi/helenclifford/practice_rcc/sharc4/methaniminium/tutorial_reproduction/traj/Singlet_2/TRAJ_00009/restart/MOLCAS.3.JobIph.75', 'JOB001']
['link', 'MOLCAS.3.JobIph', 'JOB002']
['rassi', 'overlap', [3, 3]]
['copy', 'MOLCAS.rassi.h5', 'MOLCAS.rassi.ovlp.3.h5']
['link', 'MOLCAS.1.JobIph', 'JOB001']
['link', 'MOLCAS.3.JobIph', 'JOB002']
['rassi', 'soc', [4, 3]]
['copy', '$master_path/MOLCAS.3.JobIph', 'JOBOLD']
['rasscf', 3, 3, True, False]
['mclr', 0.0001, 'sala=1']
['alaska']
['copy', '$master_path/MOLCAS.1.JobIph', 'JOBOLD']
['rasscf', 1, 4, True, False]
['mclr', 0.0001, 'sala=1']
['alaska']
All jobs finished:
job: master          code: 0    runtime: 0:00:16.520763
job: grad_3_1        code: 0    runtime: 0:00:14.634700
job: grad_1_1        code: 0    runtime: 0:00:06.889585

Starting job execution
['gateway']
['seward']
['copy', '/project/lgagliardi/helenclifford/practice_rcc/sharc4/methaniminium/tutorial_reproduction/traj/Singlet_2/TRAJ_00009/restart/MOLCAS.1.JobIph.76', 'JOBOLD']
['rasscf', 1, 4, True, False]
['copy', 'MOLCAS.rasscf.h5', 'MOLCAS.1.rasscf.h5']
['copy', 'MOLCAS.JobIph', 'MOLCAS.1.JobIph']
['copy', '/project/lgagliardi/helenclifford/practice_rcc/sharc4/methaniminium/tutorial_reproduction/traj/Singlet_2/TRAJ_00009/restart/MOLCAS.3.JobIph.76', 'JOBOLD']
['rasscf', 3, 3, True, False]
['copy', 'MOLCAS.rasscf.h5', 'MOLCAS.3.rasscf.h5']
['copy', 'MOLCAS.JobIph', 'MOLCAS.3.JobIph']
['link', 'MOLCAS.1.JobIph', 'JOB001']
['rassi', 'dm', [4]]
['copy', 'MOLCAS.rassi.h5', 'MOLCAS.rassi.1.h5']
['link', 'MOLCAS.3.JobIph', 'JOB001']
['rassi', 'dm', [3]]
['copy', 'MOLCAS.rassi.h5', 'MOLCAS.rassi.3.h5']
['copy', '/project/lgagliardi/helenclifford/practice_rcc/sharc4/methaniminium/tutorial_reproduction/traj/Singlet_2/TRAJ_00009/restart/MOLCAS.1.JobIph.76', 'JOB001']
['link', 'MOLCAS.1.JobIph', 'JOB002']
['rassi', 'overlap', [4, 4]]
['copy', 'MOLCAS.rassi.h5', 'MOLCAS.rassi.ovlp.1.h5']
['copy', '/project/lgagliardi/helenclifford/practice_rcc/sharc4/methaniminium/tutorial_reproduction/traj/Singlet_2/TRAJ_00009/restart/MOLCAS.3.JobIph.76', 'JOB001']
['link', 'MOLCAS.3.JobIph', 'JOB002']
['rassi', 'overlap', [3, 3]]
['copy', 'MOLCAS.rassi.h5', 'MOLCAS.rassi.ovlp.3.h5']
['link', 'MOLCAS.1.JobIph', 'JOB001']
['link', 'MOLCAS.3.JobIph', 'JOB002']
['rassi', 'soc', [4, 3]]
['copy', '$master_path/MOLCAS.1.JobIph', 'JOBOLD']
['rasscf', 1, 4, True, False]
['mclr', 0.0001, 'sala=1']
['alaska']
All jobs finished:
job: master          code: 0    runtime: 0:00:21.212709
job: grad_1_1        code: 0    runtime: 0:00:11.882210

Starting job execution
['gateway']
['seward']
['copy', '/project/lgagliardi/helenclifford/practice_rcc/sharc4/methaniminium/tutorial_reproduction/traj/Singlet_2/TRAJ_00009/restart/MOLCAS.1.JobIph.77', 'JOBOLD']
['rasscf', 1, 4, True, False]
['copy', 'MOLCAS.rasscf.h5', 'MOLCAS.1.rasscf.h5']
['copy', 'MOLCAS.JobIph', 'MOLCAS.1.JobIph']
['copy', '/project/lgagliardi/helenclifford/practice_rcc/sharc4/methaniminium/tutorial_reproduction/traj/Singlet_2/TRAJ_00009/restart/MOLCAS.3.JobIph.77', 'JOBOLD']
['rasscf', 3, 3, True, False]
['copy', 'MOLCAS.rasscf.h5', 'MOLCAS.3.rasscf.h5']
['copy', 'MOLCAS.JobIph', 'MOLCAS.3.JobIph']
['link', 'MOLCAS.1.JobIph', 'JOB001']
['rassi', 'dm', [4]]
['copy', 'MOLCAS.rassi.h5', 'MOLCAS.rassi.1.h5']
['link', 'MOLCAS.3.JobIph', 'JOB001']
['rassi', 'dm', [3]]
['copy', 'MOLCAS.rassi.h5', 'MOLCAS.rassi.3.h5']
['copy', '/project/lgagliardi/helenclifford/practice_rcc/sharc4/methaniminium/tutorial_reproduction/traj/Singlet_2/TRAJ_00009/restart/MOLCAS.1.JobIph.77', 'JOB001']
['link', 'MOLCAS.1.JobIph', 'JOB002']
['rassi', 'overlap', [4, 4]]
['copy', 'MOLCAS.rassi.h5', 'MOLCAS.rassi.ovlp.1.h5']
['copy', '/project/lgagliardi/helenclifford/practice_rcc/sharc4/methaniminium/tutorial_reproduction/traj/Singlet_2/TRAJ_00009/restart/MOLCAS.3.JobIph.77', 'JOB001']
['link', 'MOLCAS.3.JobIph', 'JOB002']
['rassi', 'overlap', [3, 3]]
['copy', 'MOLCAS.rassi.h5', 'MOLCAS.rassi.ovlp.3.h5']
['link', 'MOLCAS.1.JobIph', 'JOB001']
['link', 'MOLCAS.3.JobIph', 'JOB002']
['rassi', 'soc', [4, 3]]
['copy', '$master_path/MOLCAS.1.JobIph', 'JOBOLD']
['rasscf', 1, 4, True, False]
['mclr', 0.0001, 'sala=1']
['alaska']
All jobs finished:
job: master          code: 0    runtime: 0:00:23.442512
job: grad_1_1        code: 0    runtime: 0:00:08.112236

Starting job execution
['gateway']
['seward']
['copy', '/project/lgagliardi/helenclifford/practice_rcc/sharc4/methaniminium/tutorial_reproduction/traj/Singlet_2/TRAJ_00009/restart/MOLCAS.1.JobIph.78', 'JOBOLD']
['rasscf', 1, 4, True, False]
['copy', 'MOLCAS.rasscf.h5', 'MOLCAS.1.rasscf.h5']
['copy', 'MOLCAS.JobIph', 'MOLCAS.1.JobIph']
['copy', '/project/lgagliardi/helenclifford/practice_rcc/sharc4/methaniminium/tutorial_reproduction/traj/Singlet_2/TRAJ_00009/restart/MOLCAS.3.JobIph.78', 'JOBOLD']
['rasscf', 3, 3, True, False]
['copy', 'MOLCAS.rasscf.h5', 'MOLCAS.3.rasscf.h5']
['copy', 'MOLCAS.JobIph', 'MOLCAS.3.JobIph']
['link', 'MOLCAS.1.JobIph', 'JOB001']
['rassi', 'dm', [4]]
['copy', 'MOLCAS.rassi.h5', 'MOLCAS.rassi.1.h5']
['link', 'MOLCAS.3.JobIph', 'JOB001']
['rassi', 'dm', [3]]
['copy', 'MOLCAS.rassi.h5', 'MOLCAS.rassi.3.h5']
['copy', '/project/lgagliardi/helenclifford/practice_rcc/sharc4/methaniminium/tutorial_reproduction/traj/Singlet_2/TRAJ_00009/restart/MOLCAS.1.JobIph.78', 'JOB001']
['link', 'MOLCAS.1.JobIph', 'JOB002']
['rassi', 'overlap', [4, 4]]
['copy', 'MOLCAS.rassi.h5', 'MOLCAS.rassi.ovlp.1.h5']
['copy', '/project/lgagliardi/helenclifford/practice_rcc/sharc4/methaniminium/tutorial_reproduction/traj/Singlet_2/TRAJ_00009/restart/MOLCAS.3.JobIph.78', 'JOB001']
['link', 'MOLCAS.3.JobIph', 'JOB002']
['rassi', 'overlap', [3, 3]]
['copy', 'MOLCAS.rassi.h5', 'MOLCAS.rassi.ovlp.3.h5']
['link', 'MOLCAS.1.JobIph', 'JOB001']
['link', 'MOLCAS.3.JobIph', 'JOB002']
['rassi', 'soc', [4, 3]]
['copy', '$master_path/MOLCAS.1.JobIph', 'JOBOLD']
['rasscf', 1, 4, True, False]
['mclr', 0.0001, 'sala=1']
['alaska']
All jobs finished:
job: master          code: 0    runtime: 0:00:21.062282
job: grad_1_1        code: 0    runtime: 0:00:08.444777

Starting job execution
['gateway']
['seward']
['copy', '/project/lgagliardi/helenclifford/practice_rcc/sharc4/methaniminium/tutorial_reproduction/traj/Singlet_2/TRAJ_00009/restart/MOLCAS.1.JobIph.79', 'JOBOLD']
['rasscf', 1, 4, True, False]
['copy', 'MOLCAS.rasscf.h5', 'MOLCAS.1.rasscf.h5']
['copy', 'MOLCAS.JobIph', 'MOLCAS.1.JobIph']
['copy', '/project/lgagliardi/helenclifford/practice_rcc/sharc4/methaniminium/tutorial_reproduction/traj/Singlet_2/TRAJ_00009/restart/MOLCAS.3.JobIph.79', 'JOBOLD']
['rasscf', 3, 3, True, False]
['copy', 'MOLCAS.rasscf.h5', 'MOLCAS.3.rasscf.h5']
['copy', 'MOLCAS.JobIph', 'MOLCAS.3.JobIph']
['link', 'MOLCAS.1.JobIph', 'JOB001']
['rassi', 'dm', [4]]
['copy', 'MOLCAS.rassi.h5', 'MOLCAS.rassi.1.h5']
['link', 'MOLCAS.3.JobIph', 'JOB001']
['rassi', 'dm', [3]]
['copy', 'MOLCAS.rassi.h5', 'MOLCAS.rassi.3.h5']
['copy', '/project/lgagliardi/helenclifford/practice_rcc/sharc4/methaniminium/tutorial_reproduction/traj/Singlet_2/TRAJ_00009/restart/MOLCAS.1.JobIph.79', 'JOB001']
['link', 'MOLCAS.1.JobIph', 'JOB002']
['rassi', 'overlap', [4, 4]]
['copy', 'MOLCAS.rassi.h5', 'MOLCAS.rassi.ovlp.1.h5']
['copy', '/project/lgagliardi/helenclifford/practice_rcc/sharc4/methaniminium/tutorial_reproduction/traj/Singlet_2/TRAJ_00009/restart/MOLCAS.3.JobIph.79', 'JOB001']
['link', 'MOLCAS.3.JobIph', 'JOB002']
['rassi', 'overlap', [3, 3]]
['copy', 'MOLCAS.rassi.h5', 'MOLCAS.rassi.ovlp.3.h5']
['link', 'MOLCAS.1.JobIph', 'JOB001']
['link', 'MOLCAS.3.JobIph', 'JOB002']
['rassi', 'soc', [4, 3]]
['copy', '$master_path/MOLCAS.1.JobIph', 'JOBOLD']
['rasscf', 1, 4, True, False]
['mclr', 0.0001, 'sala=1']
['alaska']
All jobs finished:
job: master          code: 0    runtime: 0:00:19.830300
job: grad_1_1        code: 0    runtime: 0:00:08.421033

Starting job execution
['gateway']
['seward']
['copy', '/project/lgagliardi/helenclifford/practice_rcc/sharc4/methaniminium/tutorial_reproduction/traj/Singlet_2/TRAJ_00009/restart/MOLCAS.1.JobIph.80', 'JOBOLD']
['rasscf', 1, 4, True, False]
['copy', 'MOLCAS.rasscf.h5', 'MOLCAS.1.rasscf.h5']
['copy', 'MOLCAS.JobIph', 'MOLCAS.1.JobIph']
['copy', '/project/lgagliardi/helenclifford/practice_rcc/sharc4/methaniminium/tutorial_reproduction/traj/Singlet_2/TRAJ_00009/restart/MOLCAS.3.JobIph.80', 'JOBOLD']
['rasscf', 3, 3, True, False]
['copy', 'MOLCAS.rasscf.h5', 'MOLCAS.3.rasscf.h5']
['copy', 'MOLCAS.JobIph', 'MOLCAS.3.JobIph']
['link', 'MOLCAS.1.JobIph', 'JOB001']
['rassi', 'dm', [4]]
['copy', 'MOLCAS.rassi.h5', 'MOLCAS.rassi.1.h5']
['link', 'MOLCAS.3.JobIph', 'JOB001']
['rassi', 'dm', [3]]
['copy', 'MOLCAS.rassi.h5', 'MOLCAS.rassi.3.h5']
['copy', '/project/lgagliardi/helenclifford/practice_rcc/sharc4/methaniminium/tutorial_reproduction/traj/Singlet_2/TRAJ_00009/restart/MOLCAS.1.JobIph.80', 'JOB001']
['link', 'MOLCAS.1.JobIph', 'JOB002']
['rassi', 'overlap', [4, 4]]
['copy', 'MOLCAS.rassi.h5', 'MOLCAS.rassi.ovlp.1.h5']
['copy', '/project/lgagliardi/helenclifford/practice_rcc/sharc4/methaniminium/tutorial_reproduction/traj/Singlet_2/TRAJ_00009/restart/MOLCAS.3.JobIph.80', 'JOB001']
['link', 'MOLCAS.3.JobIph', 'JOB002']
['rassi', 'overlap', [3, 3]]
['copy', 'MOLCAS.rassi.h5', 'MOLCAS.rassi.ovlp.3.h5']
['link', 'MOLCAS.1.JobIph', 'JOB001']
['link', 'MOLCAS.3.JobIph', 'JOB002']
['rassi', 'soc', [4, 3]]
['copy', '$master_path/MOLCAS.1.JobIph', 'JOBOLD']
['rasscf', 1, 4, True, False]
['mclr', 0.0001, 'sala=1']
['alaska']
All jobs finished:
job: master          code: 0    runtime: 0:00:21.142059
job: grad_1_1        code: 0    runtime: 0:00:03.636183

Starting job execution
['gateway']
['seward']
['copy', '/project/lgagliardi/helenclifford/practice_rcc/sharc4/methaniminium/tutorial_reproduction/traj/Singlet_2/TRAJ_00009/restart/MOLCAS.1.JobIph.81', 'JOBOLD']
['rasscf', 1, 4, True, False]
['copy', 'MOLCAS.rasscf.h5', 'MOLCAS.1.rasscf.h5']
['copy', 'MOLCAS.JobIph', 'MOLCAS.1.JobIph']
['copy', '/project/lgagliardi/helenclifford/practice_rcc/sharc4/methaniminium/tutorial_reproduction/traj/Singlet_2/TRAJ_00009/restart/MOLCAS.3.JobIph.81', 'JOBOLD']
['rasscf', 3, 3, True, False]
['copy', 'MOLCAS.rasscf.h5', 'MOLCAS.3.rasscf.h5']
['copy', 'MOLCAS.JobIph', 'MOLCAS.3.JobIph']
['link', 'MOLCAS.1.JobIph', 'JOB001']
['rassi', 'dm', [4]]
['copy', 'MOLCAS.rassi.h5', 'MOLCAS.rassi.1.h5']
['link', 'MOLCAS.3.JobIph', 'JOB001']
['rassi', 'dm', [3]]
['copy', 'MOLCAS.rassi.h5', 'MOLCAS.rassi.3.h5']
['copy', '/project/lgagliardi/helenclifford/practice_rcc/sharc4/methaniminium/tutorial_reproduction/traj/Singlet_2/TRAJ_00009/restart/MOLCAS.1.JobIph.81', 'JOB001']
['link', 'MOLCAS.1.JobIph', 'JOB002']
['rassi', 'overlap', [4, 4]]
['copy', 'MOLCAS.rassi.h5', 'MOLCAS.rassi.ovlp.1.h5']
['copy', '/project/lgagliardi/helenclifford/practice_rcc/sharc4/methaniminium/tutorial_reproduction/traj/Singlet_2/TRAJ_00009/restart/MOLCAS.3.JobIph.81', 'JOB001']
['link', 'MOLCAS.3.JobIph', 'JOB002']
['rassi', 'overlap', [3, 3]]
['copy', 'MOLCAS.rassi.h5', 'MOLCAS.rassi.ovlp.3.h5']
['link', 'MOLCAS.1.JobIph', 'JOB001']
['link', 'MOLCAS.3.JobIph', 'JOB002']
['rassi', 'soc', [4, 3]]
['copy', '$master_path/MOLCAS.1.JobIph', 'JOBOLD']
['rasscf', 1, 4, True, False]
['mclr', 0.0001, 'sala=1']
['alaska']
All jobs finished:
job: master          code: 0    runtime: 0:00:24.315826
job: grad_1_1        code: 0    runtime: 0:00:09.057438

Starting job execution
['gateway']
['seward']
['copy', '/project/lgagliardi/helenclifford/practice_rcc/sharc4/methaniminium/tutorial_reproduction/traj/Singlet_2/TRAJ_00009/restart/MOLCAS.1.JobIph.82', 'JOBOLD']
['rasscf', 1, 4, True, False]
['copy', 'MOLCAS.rasscf.h5', 'MOLCAS.1.rasscf.h5']
['copy', 'MOLCAS.JobIph', 'MOLCAS.1.JobIph']
['copy', '/project/lgagliardi/helenclifford/practice_rcc/sharc4/methaniminium/tutorial_reproduction/traj/Singlet_2/TRAJ_00009/restart/MOLCAS.3.JobIph.82', 'JOBOLD']
['rasscf', 3, 3, True, False]
['copy', 'MOLCAS.rasscf.h5', 'MOLCAS.3.rasscf.h5']
['copy', 'MOLCAS.JobIph', 'MOLCAS.3.JobIph']
['link', 'MOLCAS.1.JobIph', 'JOB001']
['rassi', 'dm', [4]]
['copy', 'MOLCAS.rassi.h5', 'MOLCAS.rassi.1.h5']
['link', 'MOLCAS.3.JobIph', 'JOB001']
['rassi', 'dm', [3]]
['copy', 'MOLCAS.rassi.h5', 'MOLCAS.rassi.3.h5']
['copy', '/project/lgagliardi/helenclifford/practice_rcc/sharc4/methaniminium/tutorial_reproduction/traj/Singlet_2/TRAJ_00009/restart/MOLCAS.1.JobIph.82', 'JOB001']
['link', 'MOLCAS.1.JobIph', 'JOB002']
['rassi', 'overlap', [4, 4]]
['copy', 'MOLCAS.rassi.h5', 'MOLCAS.rassi.ovlp.1.h5']
['copy', '/project/lgagliardi/helenclifford/practice_rcc/sharc4/methaniminium/tutorial_reproduction/traj/Singlet_2/TRAJ_00009/restart/MOLCAS.3.JobIph.82', 'JOB001']
['link', 'MOLCAS.3.JobIph', 'JOB002']
['rassi', 'overlap', [3, 3]]
['copy', 'MOLCAS.rassi.h5', 'MOLCAS.rassi.ovlp.3.h5']
['link', 'MOLCAS.1.JobIph', 'JOB001']
['link', 'MOLCAS.3.JobIph', 'JOB002']
['rassi', 'soc', [4, 3]]
['copy', '$master_path/MOLCAS.1.JobIph', 'JOBOLD']
['rasscf', 1, 4, True, False]
['mclr', 0.0001, 'sala=1']
['alaska']
All jobs finished:
job: master          code: 0    runtime: 0:00:21.295954
job: grad_1_1        code: 0    runtime: 0:00:10.762216

Starting job execution
['gateway']
['seward']
['copy', '/project/lgagliardi/helenclifford/practice_rcc/sharc4/methaniminium/tutorial_reproduction/traj/Singlet_2/TRAJ_00009/restart/MOLCAS.1.JobIph.83', 'JOBOLD']
['rasscf', 1, 4, True, False]
['copy', 'MOLCAS.rasscf.h5', 'MOLCAS.1.rasscf.h5']
['copy', 'MOLCAS.JobIph', 'MOLCAS.1.JobIph']
['copy', '/project/lgagliardi/helenclifford/practice_rcc/sharc4/methaniminium/tutorial_reproduction/traj/Singlet_2/TRAJ_00009/restart/MOLCAS.3.JobIph.83', 'JOBOLD']
['rasscf', 3, 3, True, False]
['copy', 'MOLCAS.rasscf.h5', 'MOLCAS.3.rasscf.h5']
['copy', 'MOLCAS.JobIph', 'MOLCAS.3.JobIph']
['link', 'MOLCAS.1.JobIph', 'JOB001']
['rassi', 'dm', [4]]
['copy', 'MOLCAS.rassi.h5', 'MOLCAS.rassi.1.h5']
['link', 'MOLCAS.3.JobIph', 'JOB001']
['rassi', 'dm', [3]]
['copy', 'MOLCAS.rassi.h5', 'MOLCAS.rassi.3.h5']
['copy', '/project/lgagliardi/helenclifford/practice_rcc/sharc4/methaniminium/tutorial_reproduction/traj/Singlet_2/TRAJ_00009/restart/MOLCAS.1.JobIph.83', 'JOB001']
['link', 'MOLCAS.1.JobIph', 'JOB002']
['rassi', 'overlap', [4, 4]]
['copy', 'MOLCAS.rassi.h5', 'MOLCAS.rassi.ovlp.1.h5']
['copy', '/project/lgagliardi/helenclifford/practice_rcc/sharc4/methaniminium/tutorial_reproduction/traj/Singlet_2/TRAJ_00009/restart/MOLCAS.3.JobIph.83', 'JOB001']
['link', 'MOLCAS.3.JobIph', 'JOB002']
['rassi', 'overlap', [3, 3]]
['copy', 'MOLCAS.rassi.h5', 'MOLCAS.rassi.ovlp.3.h5']
['link', 'MOLCAS.1.JobIph', 'JOB001']
['link', 'MOLCAS.3.JobIph', 'JOB002']
['rassi', 'soc', [4, 3]]
['copy', '$master_path/MOLCAS.1.JobIph', 'JOBOLD']
['rasscf', 1, 4, True, False]
['mclr', 0.0001, 'sala=1']
['alaska']
All jobs finished:
job: master          code: 0    runtime: 0:00:14.126377
job: grad_1_1        code: 0    runtime: 0:00:13.475843

Starting job execution
['gateway']
['seward']
['copy', '/project/lgagliardi/helenclifford/practice_rcc/sharc4/methaniminium/tutorial_reproduction/traj/Singlet_2/TRAJ_00009/restart/MOLCAS.1.JobIph.84', 'JOBOLD']
['rasscf', 1, 4, True, False]
['copy', 'MOLCAS.rasscf.h5', 'MOLCAS.1.rasscf.h5']
['copy', 'MOLCAS.JobIph', 'MOLCAS.1.JobIph']
['copy', '/project/lgagliardi/helenclifford/practice_rcc/sharc4/methaniminium/tutorial_reproduction/traj/Singlet_2/TRAJ_00009/restart/MOLCAS.3.JobIph.84', 'JOBOLD']
['rasscf', 3, 3, True, False]
['copy', 'MOLCAS.rasscf.h5', 'MOLCAS.3.rasscf.h5']
['copy', 'MOLCAS.JobIph', 'MOLCAS.3.JobIph']
['link', 'MOLCAS.1.JobIph', 'JOB001']
['rassi', 'dm', [4]]
['copy', 'MOLCAS.rassi.h5', 'MOLCAS.rassi.1.h5']
['link', 'MOLCAS.3.JobIph', 'JOB001']
['rassi', 'dm', [3]]
['copy', 'MOLCAS.rassi.h5', 'MOLCAS.rassi.3.h5']
['copy', '/project/lgagliardi/helenclifford/practice_rcc/sharc4/methaniminium/tutorial_reproduction/traj/Singlet_2/TRAJ_00009/restart/MOLCAS.1.JobIph.84', 'JOB001']
['link', 'MOLCAS.1.JobIph', 'JOB002']
['rassi', 'overlap', [4, 4]]
['copy', 'MOLCAS.rassi.h5', 'MOLCAS.rassi.ovlp.1.h5']
['copy', '/project/lgagliardi/helenclifford/practice_rcc/sharc4/methaniminium/tutorial_reproduction/traj/Singlet_2/TRAJ_00009/restart/MOLCAS.3.JobIph.84', 'JOB001']
['link', 'MOLCAS.3.JobIph', 'JOB002']
['rassi', 'overlap', [3, 3]]
['copy', 'MOLCAS.rassi.h5', 'MOLCAS.rassi.ovlp.3.h5']
['link', 'MOLCAS.1.JobIph', 'JOB001']
['link', 'MOLCAS.3.JobIph', 'JOB002']
['rassi', 'soc', [4, 3]]
['copy', '$master_path/MOLCAS.1.JobIph', 'JOBOLD']
['rasscf', 1, 4, True, False]
['mclr', 0.0001, 'sala=1']
['alaska']
All jobs finished:
job: master          code: 0    runtime: 0:00:18.667009
job: grad_1_1        code: 0    runtime: 0:00:09.345493

Starting job execution
['gateway']
['seward']
['copy', '/project/lgagliardi/helenclifford/practice_rcc/sharc4/methaniminium/tutorial_reproduction/traj/Singlet_2/TRAJ_00009/restart/MOLCAS.1.JobIph.85', 'JOBOLD']
['rasscf', 1, 4, True, False]
['copy', 'MOLCAS.rasscf.h5', 'MOLCAS.1.rasscf.h5']
['copy', 'MOLCAS.JobIph', 'MOLCAS.1.JobIph']
['copy', '/project/lgagliardi/helenclifford/practice_rcc/sharc4/methaniminium/tutorial_reproduction/traj/Singlet_2/TRAJ_00009/restart/MOLCAS.3.JobIph.85', 'JOBOLD']
['rasscf', 3, 3, True, False]
['copy', 'MOLCAS.rasscf.h5', 'MOLCAS.3.rasscf.h5']
['copy', 'MOLCAS.JobIph', 'MOLCAS.3.JobIph']
['link', 'MOLCAS.1.JobIph', 'JOB001']
['rassi', 'dm', [4]]
['copy', 'MOLCAS.rassi.h5', 'MOLCAS.rassi.1.h5']
['link', 'MOLCAS.3.JobIph', 'JOB001']
['rassi', 'dm', [3]]
['copy', 'MOLCAS.rassi.h5', 'MOLCAS.rassi.3.h5']
['copy', '/project/lgagliardi/helenclifford/practice_rcc/sharc4/methaniminium/tutorial_reproduction/traj/Singlet_2/TRAJ_00009/restart/MOLCAS.1.JobIph.84', 'JOB001']
['link', 'MOLCAS.1.JobIph', 'JOB002']
['rassi', 'overlap', [4, 4]]
['copy', 'MOLCAS.rassi.h5', 'MOLCAS.rassi.ovlp.1.h5']
['copy', '/project/lgagliardi/helenclifford/practice_rcc/sharc4/methaniminium/tutorial_reproduction/traj/Singlet_2/TRAJ_00009/restart/MOLCAS.3.JobIph.84', 'JOB001']
['link', 'MOLCAS.3.JobIph', 'JOB002']
['rassi', 'overlap', [3, 3]]
['copy', 'MOLCAS.rassi.h5', 'MOLCAS.rassi.ovlp.3.h5']
['link', 'MOLCAS.1.JobIph', 'JOB001']
['link', 'MOLCAS.3.JobIph', 'JOB002']
['rassi', 'soc', [4, 3]]
['copy', '$master_path/MOLCAS.3.JobIph', 'JOBOLD']
['rasscf', 3, 3, True, False]
['mclr', 0.0001, 'sala=1']
['alaska']
['copy', '$master_path/MOLCAS.1.JobIph', 'JOBOLD']
['rasscf', 1, 4, True, False]
['mclr', 0.0001, 'sala=1']
['alaska']
All jobs finished:
job: master          code: 0    runtime: 0:00:20.062007
job: grad_3_1        code: 0    runtime: 0:00:02.453629
job: grad_1_1        code: 0    runtime: 0:00:07.860261

Starting job execution
['gateway']
['seward']
['copy', '/project/lgagliardi/helenclifford/practice_rcc/sharc4/methaniminium/tutorial_reproduction/traj/Singlet_2/TRAJ_00009/restart/MOLCAS.1.JobIph.85', 'JOBOLD']
['rasscf', 1, 4, True, False]
['copy', 'MOLCAS.rasscf.h5', 'MOLCAS.1.rasscf.h5']
['copy', 'MOLCAS.JobIph', 'MOLCAS.1.JobIph']
['copy', '/project/lgagliardi/helenclifford/practice_rcc/sharc4/methaniminium/tutorial_reproduction/traj/Singlet_2/TRAJ_00009/restart/MOLCAS.3.JobIph.85', 'JOBOLD']
['rasscf', 3, 3, True, False]
['copy', 'MOLCAS.rasscf.h5', 'MOLCAS.3.rasscf.h5']
['copy', 'MOLCAS.JobIph', 'MOLCAS.3.JobIph']
['link', 'MOLCAS.1.JobIph', 'JOB001']
['rassi', 'dm', [4]]
['copy', 'MOLCAS.rassi.h5', 'MOLCAS.rassi.1.h5']
['link', 'MOLCAS.3.JobIph', 'JOB001']
['rassi', 'dm', [3]]
['copy', 'MOLCAS.rassi.h5', 'MOLCAS.rassi.3.h5']
['copy', '/project/lgagliardi/helenclifford/practice_rcc/sharc4/methaniminium/tutorial_reproduction/traj/Singlet_2/TRAJ_00009/restart/MOLCAS.1.JobIph.85', 'JOB001']
['link', 'MOLCAS.1.JobIph', 'JOB002']
['rassi', 'overlap', [4, 4]]
['copy', 'MOLCAS.rassi.h5', 'MOLCAS.rassi.ovlp.1.h5']
['copy', '/project/lgagliardi/helenclifford/practice_rcc/sharc4/methaniminium/tutorial_reproduction/traj/Singlet_2/TRAJ_00009/restart/MOLCAS.3.JobIph.85', 'JOB001']
['link', 'MOLCAS.3.JobIph', 'JOB002']
['rassi', 'overlap', [3, 3]]
['copy', 'MOLCAS.rassi.h5', 'MOLCAS.rassi.ovlp.3.h5']
['link', 'MOLCAS.1.JobIph', 'JOB001']
['link', 'MOLCAS.3.JobIph', 'JOB002']
['rassi', 'soc', [4, 3]]
['copy', '$master_path/MOLCAS.3.JobIph', 'JOBOLD']
['rasscf', 3, 3, True, False]
['mclr', 0.0001, 'sala=1']
['alaska']
['copy', '$master_path/MOLCAS.1.JobIph', 'JOBOLD']
['rasscf', 1, 4, True, False]
['mclr', 0.0001, 'sala=1']
['alaska']
All jobs finished:
job: master          code: 0    runtime: 0:00:17.594330
job: grad_3_1        code: 0    runtime: 0:00:08.629977
job: grad_1_1        code: 0    runtime: 0:00:09.145385

Starting job execution
['gateway']
['seward']
['copy', '/project/lgagliardi/helenclifford/practice_rcc/sharc4/methaniminium/tutorial_reproduction/traj/Singlet_2/TRAJ_00009/restart/MOLCAS.1.JobIph.86', 'JOBOLD']
['rasscf', 1, 4, True, False]
['copy', 'MOLCAS.rasscf.h5', 'MOLCAS.1.rasscf.h5']
['copy', 'MOLCAS.JobIph', 'MOLCAS.1.JobIph']
['copy', '/project/lgagliardi/helenclifford/practice_rcc/sharc4/methaniminium/tutorial_reproduction/traj/Singlet_2/TRAJ_00009/restart/MOLCAS.3.JobIph.86', 'JOBOLD']
['rasscf', 3, 3, True, False]
['copy', 'MOLCAS.rasscf.h5', 'MOLCAS.3.rasscf.h5']
['copy', 'MOLCAS.JobIph', 'MOLCAS.3.JobIph']
['link', 'MOLCAS.1.JobIph', 'JOB001']
['rassi', 'dm', [4]]
['copy', 'MOLCAS.rassi.h5', 'MOLCAS.rassi.1.h5']
['link', 'MOLCAS.3.JobIph', 'JOB001']
['rassi', 'dm', [3]]
['copy', 'MOLCAS.rassi.h5', 'MOLCAS.rassi.3.h5']
['copy', '/project/lgagliardi/helenclifford/practice_rcc/sharc4/methaniminium/tutorial_reproduction/traj/Singlet_2/TRAJ_00009/restart/MOLCAS.1.JobIph.86', 'JOB001']
['link', 'MOLCAS.1.JobIph', 'JOB002']
['rassi', 'overlap', [4, 4]]
['copy', 'MOLCAS.rassi.h5', 'MOLCAS.rassi.ovlp.1.h5']
['copy', '/project/lgagliardi/helenclifford/practice_rcc/sharc4/methaniminium/tutorial_reproduction/traj/Singlet_2/TRAJ_00009/restart/MOLCAS.3.JobIph.86', 'JOB001']
['link', 'MOLCAS.3.JobIph', 'JOB002']
['rassi', 'overlap', [3, 3]]
['copy', 'MOLCAS.rassi.h5', 'MOLCAS.rassi.ovlp.3.h5']
['link', 'MOLCAS.1.JobIph', 'JOB001']
['link', 'MOLCAS.3.JobIph', 'JOB002']
['rassi', 'soc', [4, 3]]
['copy', '$master_path/MOLCAS.3.JobIph', 'JOBOLD']
['rasscf', 3, 3, True, False]
['mclr', 0.0001, 'sala=1']
['alaska']
['copy', '$master_path/MOLCAS.1.JobIph', 'JOBOLD']
['rasscf', 1, 4, True, False]
['mclr', 0.0001, 'sala=1']
['alaska']
All jobs finished:
job: master          code: 0    runtime: 0:00:14.909148
job: grad_3_1        code: 0    runtime: 0:00:08.698173
job: grad_1_1        code: 0    runtime: 0:00:07.168510

Starting job execution
['gateway']
['seward']
['copy', '/project/lgagliardi/helenclifford/practice_rcc/sharc4/methaniminium/tutorial_reproduction/traj/Singlet_2/TRAJ_00009/restart/MOLCAS.1.JobIph.87', 'JOBOLD']
['rasscf', 1, 4, True, False]
['copy', 'MOLCAS.rasscf.h5', 'MOLCAS.1.rasscf.h5']
['copy', 'MOLCAS.JobIph', 'MOLCAS.1.JobIph']
['copy', '/project/lgagliardi/helenclifford/practice_rcc/sharc4/methaniminium/tutorial_reproduction/traj/Singlet_2/TRAJ_00009/restart/MOLCAS.3.JobIph.87', 'JOBOLD']
['rasscf', 3, 3, True, False]
['copy', 'MOLCAS.rasscf.h5', 'MOLCAS.3.rasscf.h5']
['copy', 'MOLCAS.JobIph', 'MOLCAS.3.JobIph']
['link', 'MOLCAS.1.JobIph', 'JOB001']
['rassi', 'dm', [4]]
['copy', 'MOLCAS.rassi.h5', 'MOLCAS.rassi.1.h5']
['link', 'MOLCAS.3.JobIph', 'JOB001']
['rassi', 'dm', [3]]
['copy', 'MOLCAS.rassi.h5', 'MOLCAS.rassi.3.h5']
['copy', '/project/lgagliardi/helenclifford/practice_rcc/sharc4/methaniminium/tutorial_reproduction/traj/Singlet_2/TRAJ_00009/restart/MOLCAS.1.JobIph.87', 'JOB001']
['link', 'MOLCAS.1.JobIph', 'JOB002']
['rassi', 'overlap', [4, 4]]
['copy', 'MOLCAS.rassi.h5', 'MOLCAS.rassi.ovlp.1.h5']
['copy', '/project/lgagliardi/helenclifford/practice_rcc/sharc4/methaniminium/tutorial_reproduction/traj/Singlet_2/TRAJ_00009/restart/MOLCAS.3.JobIph.87', 'JOB001']
['link', 'MOLCAS.3.JobIph', 'JOB002']
['rassi', 'overlap', [3, 3]]
['copy', 'MOLCAS.rassi.h5', 'MOLCAS.rassi.ovlp.3.h5']
['link', 'MOLCAS.1.JobIph', 'JOB001']
['link', 'MOLCAS.3.JobIph', 'JOB002']
['rassi', 'soc', [4, 3]]
['copy', '$master_path/MOLCAS.1.JobIph', 'JOBOLD']
['rasscf', 1, 4, True, False]
['mclr', 0.0001, 'sala=1']
['alaska']
All jobs finished:
job: master          code: 0    runtime: 0:00:18.870137
job: grad_1_1        code: 0    runtime: 0:00:08.873344

Starting job execution
['gateway']
['seward']
['copy', '/project/lgagliardi/helenclifford/practice_rcc/sharc4/methaniminium/tutorial_reproduction/traj/Singlet_2/TRAJ_00009/restart/MOLCAS.1.JobIph.88', 'JOBOLD']
['rasscf', 1, 4, True, False]
['copy', 'MOLCAS.rasscf.h5', 'MOLCAS.1.rasscf.h5']
['copy', 'MOLCAS.JobIph', 'MOLCAS.1.JobIph']
['copy', '/project/lgagliardi/helenclifford/practice_rcc/sharc4/methaniminium/tutorial_reproduction/traj/Singlet_2/TRAJ_00009/restart/MOLCAS.3.JobIph.88', 'JOBOLD']
['rasscf', 3, 3, True, False]
['copy', 'MOLCAS.rasscf.h5', 'MOLCAS.3.rasscf.h5']
['copy', 'MOLCAS.JobIph', 'MOLCAS.3.JobIph']
['link', 'MOLCAS.1.JobIph', 'JOB001']
['rassi', 'dm', [4]]
['copy', 'MOLCAS.rassi.h5', 'MOLCAS.rassi.1.h5']
['link', 'MOLCAS.3.JobIph', 'JOB001']
['rassi', 'dm', [3]]
['copy', 'MOLCAS.rassi.h5', 'MOLCAS.rassi.3.h5']
['copy', '/project/lgagliardi/helenclifford/practice_rcc/sharc4/methaniminium/tutorial_reproduction/traj/Singlet_2/TRAJ_00009/restart/MOLCAS.1.JobIph.88', 'JOB001']
['link', 'MOLCAS.1.JobIph', 'JOB002']
['rassi', 'overlap', [4, 4]]
['copy', 'MOLCAS.rassi.h5', 'MOLCAS.rassi.ovlp.1.h5']
['copy', '/project/lgagliardi/helenclifford/practice_rcc/sharc4/methaniminium/tutorial_reproduction/traj/Singlet_2/TRAJ_00009/restart/MOLCAS.3.JobIph.88', 'JOB001']
['link', 'MOLCAS.3.JobIph', 'JOB002']
['rassi', 'overlap', [3, 3]]
['copy', 'MOLCAS.rassi.h5', 'MOLCAS.rassi.ovlp.3.h5']
['link', 'MOLCAS.1.JobIph', 'JOB001']
['link', 'MOLCAS.3.JobIph', 'JOB002']
['rassi', 'soc', [4, 3]]
['copy', '$master_path/MOLCAS.1.JobIph', 'JOBOLD']
['rasscf', 1, 4, True, False]
['mclr', 0.0001, 'sala=1']
['alaska']
All jobs finished:
job: master          code: 0    runtime: 0:00:21.197920
job: grad_1_1        code: 0    runtime: 0:00:09.526806

Starting job execution
['gateway']
['seward']
['copy', '/project/lgagliardi/helenclifford/practice_rcc/sharc4/methaniminium/tutorial_reproduction/traj/Singlet_2/TRAJ_00009/restart/MOLCAS.1.JobIph.89', 'JOBOLD']
['rasscf', 1, 4, True, False]
['copy', 'MOLCAS.rasscf.h5', 'MOLCAS.1.rasscf.h5']
['copy', 'MOLCAS.JobIph', 'MOLCAS.1.JobIph']
['copy', '/project/lgagliardi/helenclifford/practice_rcc/sharc4/methaniminium/tutorial_reproduction/traj/Singlet_2/TRAJ_00009/restart/MOLCAS.3.JobIph.89', 'JOBOLD']
['rasscf', 3, 3, True, False]
['copy', 'MOLCAS.rasscf.h5', 'MOLCAS.3.rasscf.h5']
['copy', 'MOLCAS.JobIph', 'MOLCAS.3.JobIph']
['link', 'MOLCAS.1.JobIph', 'JOB001']
['rassi', 'dm', [4]]
['copy', 'MOLCAS.rassi.h5', 'MOLCAS.rassi.1.h5']
['link', 'MOLCAS.3.JobIph', 'JOB001']
['rassi', 'dm', [3]]
['copy', 'MOLCAS.rassi.h5', 'MOLCAS.rassi.3.h5']
['copy', '/project/lgagliardi/helenclifford/practice_rcc/sharc4/methaniminium/tutorial_reproduction/traj/Singlet_2/TRAJ_00009/restart/MOLCAS.1.JobIph.89', 'JOB001']
['link', 'MOLCAS.1.JobIph', 'JOB002']
['rassi', 'overlap', [4, 4]]
['copy', 'MOLCAS.rassi.h5', 'MOLCAS.rassi.ovlp.1.h5']
['copy', '/project/lgagliardi/helenclifford/practice_rcc/sharc4/methaniminium/tutorial_reproduction/traj/Singlet_2/TRAJ_00009/restart/MOLCAS.3.JobIph.89', 'JOB001']
['link', 'MOLCAS.3.JobIph', 'JOB002']
['rassi', 'overlap', [3, 3]]
['copy', 'MOLCAS.rassi.h5', 'MOLCAS.rassi.ovlp.3.h5']
['link', 'MOLCAS.1.JobIph', 'JOB001']
['link', 'MOLCAS.3.JobIph', 'JOB002']
['rassi', 'soc', [4, 3]]
['copy', '$master_path/MOLCAS.1.JobIph', 'JOBOLD']
['rasscf', 1, 4, True, False]
['mclr', 0.0001, 'sala=1']
['alaska']
All jobs finished:
job: master          code: 0    runtime: 0:00:21.626924
job: grad_1_1        code: 0    runtime: 0:00:08.809391

Starting job execution
['gateway']
['seward']
['copy', '/project/lgagliardi/helenclifford/practice_rcc/sharc4/methaniminium/tutorial_reproduction/traj/Singlet_2/TRAJ_00009/restart/MOLCAS.1.JobIph.90', 'JOBOLD']
['rasscf', 1, 4, True, False]
['copy', 'MOLCAS.rasscf.h5', 'MOLCAS.1.rasscf.h5']
['copy', 'MOLCAS.JobIph', 'MOLCAS.1.JobIph']
['copy', '/project/lgagliardi/helenclifford/practice_rcc/sharc4/methaniminium/tutorial_reproduction/traj/Singlet_2/TRAJ_00009/restart/MOLCAS.3.JobIph.90', 'JOBOLD']
['rasscf', 3, 3, True, False]
['copy', 'MOLCAS.rasscf.h5', 'MOLCAS.3.rasscf.h5']
['copy', 'MOLCAS.JobIph', 'MOLCAS.3.JobIph']
['link', 'MOLCAS.1.JobIph', 'JOB001']
['rassi', 'dm', [4]]
['copy', 'MOLCAS.rassi.h5', 'MOLCAS.rassi.1.h5']
['link', 'MOLCAS.3.JobIph', 'JOB001']
['rassi', 'dm', [3]]
['copy', 'MOLCAS.rassi.h5', 'MOLCAS.rassi.3.h5']
['copy', '/project/lgagliardi/helenclifford/practice_rcc/sharc4/methaniminium/tutorial_reproduction/traj/Singlet_2/TRAJ_00009/restart/MOLCAS.1.JobIph.90', 'JOB001']
['link', 'MOLCAS.1.JobIph', 'JOB002']
['rassi', 'overlap', [4, 4]]
['copy', 'MOLCAS.rassi.h5', 'MOLCAS.rassi.ovlp.1.h5']
['copy', '/project/lgagliardi/helenclifford/practice_rcc/sharc4/methaniminium/tutorial_reproduction/traj/Singlet_2/TRAJ_00009/restart/MOLCAS.3.JobIph.90', 'JOB001']
['link', 'MOLCAS.3.JobIph', 'JOB002']
['rassi', 'overlap', [3, 3]]
['copy', 'MOLCAS.rassi.h5', 'MOLCAS.rassi.ovlp.3.h5']
['link', 'MOLCAS.1.JobIph', 'JOB001']
['link', 'MOLCAS.3.JobIph', 'JOB002']
['rassi', 'soc', [4, 3]]
['copy', '$master_path/MOLCAS.1.JobIph', 'JOBOLD']
['rasscf', 1, 4, True, False]
['mclr', 0.0001, 'sala=1']
['alaska']
All jobs finished:
job: master          code: 0    runtime: 0:00:23.019184
job: grad_1_1        code: 0    runtime: 0:00:10.305964

Starting job execution
['gateway']
['seward']
['copy', '/project/lgagliardi/helenclifford/practice_rcc/sharc4/methaniminium/tutorial_reproduction/traj/Singlet_2/TRAJ_00009/restart/MOLCAS.1.JobIph.91', 'JOBOLD']
['rasscf', 1, 4, True, False]
['copy', 'MOLCAS.rasscf.h5', 'MOLCAS.1.rasscf.h5']
['copy', 'MOLCAS.JobIph', 'MOLCAS.1.JobIph']
['copy', '/project/lgagliardi/helenclifford/practice_rcc/sharc4/methaniminium/tutorial_reproduction/traj/Singlet_2/TRAJ_00009/restart/MOLCAS.3.JobIph.91', 'JOBOLD']
['rasscf', 3, 3, True, False]
['copy', 'MOLCAS.rasscf.h5', 'MOLCAS.3.rasscf.h5']
['copy', 'MOLCAS.JobIph', 'MOLCAS.3.JobIph']
['link', 'MOLCAS.1.JobIph', 'JOB001']
['rassi', 'dm', [4]]
['copy', 'MOLCAS.rassi.h5', 'MOLCAS.rassi.1.h5']
['link', 'MOLCAS.3.JobIph', 'JOB001']
['rassi', 'dm', [3]]
['copy', 'MOLCAS.rassi.h5', 'MOLCAS.rassi.3.h5']
['copy', '/project/lgagliardi/helenclifford/practice_rcc/sharc4/methaniminium/tutorial_reproduction/traj/Singlet_2/TRAJ_00009/restart/MOLCAS.1.JobIph.91', 'JOB001']
['link', 'MOLCAS.1.JobIph', 'JOB002']
['rassi', 'overlap', [4, 4]]
['copy', 'MOLCAS.rassi.h5', 'MOLCAS.rassi.ovlp.1.h5']
['copy', '/project/lgagliardi/helenclifford/practice_rcc/sharc4/methaniminium/tutorial_reproduction/traj/Singlet_2/TRAJ_00009/restart/MOLCAS.3.JobIph.91', 'JOB001']
['link', 'MOLCAS.3.JobIph', 'JOB002']
['rassi', 'overlap', [3, 3]]
['copy', 'MOLCAS.rassi.h5', 'MOLCAS.rassi.ovlp.3.h5']
['link', 'MOLCAS.1.JobIph', 'JOB001']
['link', 'MOLCAS.3.JobIph', 'JOB002']
['rassi', 'soc', [4, 3]]
['copy', '$master_path/MOLCAS.1.JobIph', 'JOBOLD']
['rasscf', 1, 4, True, False]
['mclr', 0.0001, 'sala=1']
['alaska']
All jobs finished:
job: master          code: 0    runtime: 0:00:23.543702
job: grad_1_1        code: 0    runtime: 0:00:09.511447

Starting job execution
['gateway']
['seward']
['copy', '/project/lgagliardi/helenclifford/practice_rcc/sharc4/methaniminium/tutorial_reproduction/traj/Singlet_2/TRAJ_00009/restart/MOLCAS.1.JobIph.92', 'JOBOLD']
['rasscf', 1, 4, True, False]
['copy', 'MOLCAS.rasscf.h5', 'MOLCAS.1.rasscf.h5']
['copy', 'MOLCAS.JobIph', 'MOLCAS.1.JobIph']
['copy', '/project/lgagliardi/helenclifford/practice_rcc/sharc4/methaniminium/tutorial_reproduction/traj/Singlet_2/TRAJ_00009/restart/MOLCAS.3.JobIph.92', 'JOBOLD']
['rasscf', 3, 3, True, False]
['copy', 'MOLCAS.rasscf.h5', 'MOLCAS.3.rasscf.h5']
['copy', 'MOLCAS.JobIph', 'MOLCAS.3.JobIph']
['link', 'MOLCAS.1.JobIph', 'JOB001']
['rassi', 'dm', [4]]
['copy', 'MOLCAS.rassi.h5', 'MOLCAS.rassi.1.h5']
['link', 'MOLCAS.3.JobIph', 'JOB001']
['rassi', 'dm', [3]]
['copy', 'MOLCAS.rassi.h5', 'MOLCAS.rassi.3.h5']
['copy', '/project/lgagliardi/helenclifford/practice_rcc/sharc4/methaniminium/tutorial_reproduction/traj/Singlet_2/TRAJ_00009/restart/MOLCAS.1.JobIph.92', 'JOB001']
['link', 'MOLCAS.1.JobIph', 'JOB002']
['rassi', 'overlap', [4, 4]]
['copy', 'MOLCAS.rassi.h5', 'MOLCAS.rassi.ovlp.1.h5']
['copy', '/project/lgagliardi/helenclifford/practice_rcc/sharc4/methaniminium/tutorial_reproduction/traj/Singlet_2/TRAJ_00009/restart/MOLCAS.3.JobIph.92', 'JOB001']
['link', 'MOLCAS.3.JobIph', 'JOB002']
['rassi', 'overlap', [3, 3]]
['copy', 'MOLCAS.rassi.h5', 'MOLCAS.rassi.ovlp.3.h5']
['link', 'MOLCAS.1.JobIph', 'JOB001']
['link', 'MOLCAS.3.JobIph', 'JOB002']
['rassi', 'soc', [4, 3]]
['copy', '$master_path/MOLCAS.1.JobIph', 'JOBOLD']
['rasscf', 1, 4, True, False]
['mclr', 0.0001, 'sala=1']
['alaska']
All jobs finished:
job: master          code: 0    runtime: 0:00:17.929416
job: grad_1_1        code: 0    runtime: 0:00:07.659821

Starting job execution
['gateway']
['seward']
['copy', '/project/lgagliardi/helenclifford/practice_rcc/sharc4/methaniminium/tutorial_reproduction/traj/Singlet_2/TRAJ_00009/restart/MOLCAS.1.JobIph.93', 'JOBOLD']
['rasscf', 1, 4, True, False]
['copy', 'MOLCAS.rasscf.h5', 'MOLCAS.1.rasscf.h5']
['copy', 'MOLCAS.JobIph', 'MOLCAS.1.JobIph']
['copy', '/project/lgagliardi/helenclifford/practice_rcc/sharc4/methaniminium/tutorial_reproduction/traj/Singlet_2/TRAJ_00009/restart/MOLCAS.3.JobIph.93', 'JOBOLD']
['rasscf', 3, 3, True, False]
['copy', 'MOLCAS.rasscf.h5', 'MOLCAS.3.rasscf.h5']
['copy', 'MOLCAS.JobIph', 'MOLCAS.3.JobIph']
['link', 'MOLCAS.1.JobIph', 'JOB001']
['rassi', 'dm', [4]]
['copy', 'MOLCAS.rassi.h5', 'MOLCAS.rassi.1.h5']
['link', 'MOLCAS.3.JobIph', 'JOB001']
['rassi', 'dm', [3]]
['copy', 'MOLCAS.rassi.h5', 'MOLCAS.rassi.3.h5']
['copy', '/project/lgagliardi/helenclifford/practice_rcc/sharc4/methaniminium/tutorial_reproduction/traj/Singlet_2/TRAJ_00009/restart/MOLCAS.1.JobIph.93', 'JOB001']
['link', 'MOLCAS.1.JobIph', 'JOB002']
['rassi', 'overlap', [4, 4]]
['copy', 'MOLCAS.rassi.h5', 'MOLCAS.rassi.ovlp.1.h5']
['copy', '/project/lgagliardi/helenclifford/practice_rcc/sharc4/methaniminium/tutorial_reproduction/traj/Singlet_2/TRAJ_00009/restart/MOLCAS.3.JobIph.93', 'JOB001']
['link', 'MOLCAS.3.JobIph', 'JOB002']
['rassi', 'overlap', [3, 3]]
['copy', 'MOLCAS.rassi.h5', 'MOLCAS.rassi.ovlp.3.h5']
['link', 'MOLCAS.1.JobIph', 'JOB001']
['link', 'MOLCAS.3.JobIph', 'JOB002']
['rassi', 'soc', [4, 3]]
['copy', '$master_path/MOLCAS.1.JobIph', 'JOBOLD']
['rasscf', 1, 4, True, False]
['mclr', 0.0001, 'sala=1']
['alaska']
All jobs finished:
job: master          code: 0    runtime: 0:00:20.836186
job: grad_1_1        code: 0    runtime: 0:00:11.902998

Starting job execution
['gateway']
['seward']
['copy', '/project/lgagliardi/helenclifford/practice_rcc/sharc4/methaniminium/tutorial_reproduction/traj/Singlet_2/TRAJ_00009/restart/MOLCAS.1.JobIph.94', 'JOBOLD']
['rasscf', 1, 4, True, False]
['copy', 'MOLCAS.rasscf.h5', 'MOLCAS.1.rasscf.h5']
['copy', 'MOLCAS.JobIph', 'MOLCAS.1.JobIph']
['copy', '/project/lgagliardi/helenclifford/practice_rcc/sharc4/methaniminium/tutorial_reproduction/traj/Singlet_2/TRAJ_00009/restart/MOLCAS.3.JobIph.94', 'JOBOLD']
['rasscf', 3, 3, True, False]
['copy', 'MOLCAS.rasscf.h5', 'MOLCAS.3.rasscf.h5']
['copy', 'MOLCAS.JobIph', 'MOLCAS.3.JobIph']
['link', 'MOLCAS.1.JobIph', 'JOB001']
['rassi', 'dm', [4]]
['copy', 'MOLCAS.rassi.h5', 'MOLCAS.rassi.1.h5']
['link', 'MOLCAS.3.JobIph', 'JOB001']
['rassi', 'dm', [3]]
['copy', 'MOLCAS.rassi.h5', 'MOLCAS.rassi.3.h5']
['copy', '/project/lgagliardi/helenclifford/practice_rcc/sharc4/methaniminium/tutorial_reproduction/traj/Singlet_2/TRAJ_00009/restart/MOLCAS.1.JobIph.94', 'JOB001']
['link', 'MOLCAS.1.JobIph', 'JOB002']
['rassi', 'overlap', [4, 4]]
['copy', 'MOLCAS.rassi.h5', 'MOLCAS.rassi.ovlp.1.h5']
['copy', '/project/lgagliardi/helenclifford/practice_rcc/sharc4/methaniminium/tutorial_reproduction/traj/Singlet_2/TRAJ_00009/restart/MOLCAS.3.JobIph.94', 'JOB001']
['link', 'MOLCAS.3.JobIph', 'JOB002']
['rassi', 'overlap', [3, 3]]
['copy', 'MOLCAS.rassi.h5', 'MOLCAS.rassi.ovlp.3.h5']
['link', 'MOLCAS.1.JobIph', 'JOB001']
['link', 'MOLCAS.3.JobIph', 'JOB002']
['rassi', 'soc', [4, 3]]
['copy', '$master_path/MOLCAS.1.JobIph', 'JOBOLD']
['rasscf', 1, 4, True, False]
['mclr', 0.0001, 'sala=1']
['alaska']
All jobs finished:
job: master          code: 0    runtime: 0:00:33.838001
job: grad_1_1        code: 0    runtime: 0:00:10.380919

Starting job execution
['gateway']
['seward']
['copy', '/project/lgagliardi/helenclifford/practice_rcc/sharc4/methaniminium/tutorial_reproduction/traj/Singlet_2/TRAJ_00009/restart/MOLCAS.1.JobIph.95', 'JOBOLD']
['rasscf', 1, 4, True, False]
['copy', 'MOLCAS.rasscf.h5', 'MOLCAS.1.rasscf.h5']
['copy', 'MOLCAS.JobIph', 'MOLCAS.1.JobIph']
['copy', '/project/lgagliardi/helenclifford/practice_rcc/sharc4/methaniminium/tutorial_reproduction/traj/Singlet_2/TRAJ_00009/restart/MOLCAS.3.JobIph.95', 'JOBOLD']
['rasscf', 3, 3, True, False]
['copy', 'MOLCAS.rasscf.h5', 'MOLCAS.3.rasscf.h5']
['copy', 'MOLCAS.JobIph', 'MOLCAS.3.JobIph']
['link', 'MOLCAS.1.JobIph', 'JOB001']
['rassi', 'dm', [4]]
['copy', 'MOLCAS.rassi.h5', 'MOLCAS.rassi.1.h5']
['link', 'MOLCAS.3.JobIph', 'JOB001']
['rassi', 'dm', [3]]
['copy', 'MOLCAS.rassi.h5', 'MOLCAS.rassi.3.h5']
['copy', '/project/lgagliardi/helenclifford/practice_rcc/sharc4/methaniminium/tutorial_reproduction/traj/Singlet_2/TRAJ_00009/restart/MOLCAS.1.JobIph.95', 'JOB001']
['link', 'MOLCAS.1.JobIph', 'JOB002']
['rassi', 'overlap', [4, 4]]
['copy', 'MOLCAS.rassi.h5', 'MOLCAS.rassi.ovlp.1.h5']
['copy', '/project/lgagliardi/helenclifford/practice_rcc/sharc4/methaniminium/tutorial_reproduction/traj/Singlet_2/TRAJ_00009/restart/MOLCAS.3.JobIph.95', 'JOB001']
['link', 'MOLCAS.3.JobIph', 'JOB002']
['rassi', 'overlap', [3, 3]]
['copy', 'MOLCAS.rassi.h5', 'MOLCAS.rassi.ovlp.3.h5']
['link', 'MOLCAS.1.JobIph', 'JOB001']
['link', 'MOLCAS.3.JobIph', 'JOB002']
['rassi', 'soc', [4, 3]]
['copy', '$master_path/MOLCAS.1.JobIph', 'JOBOLD']
['rasscf', 1, 4, True, False]
['mclr', 0.0001, 'sala=1']
['alaska']
All jobs finished:
job: master          code: 0    runtime: 0:00:21.612421
job: grad_1_1        code: 0    runtime: 0:00:09.003340

Starting job execution
['gateway']
['seward']
['copy', '/project/lgagliardi/helenclifford/practice_rcc/sharc4/methaniminium/tutorial_reproduction/traj/Singlet_2/TRAJ_00009/restart/MOLCAS.1.JobIph.96', 'JOBOLD']
['rasscf', 1, 4, True, False]
['copy', 'MOLCAS.rasscf.h5', 'MOLCAS.1.rasscf.h5']
['copy', 'MOLCAS.JobIph', 'MOLCAS.1.JobIph']
['copy', '/project/lgagliardi/helenclifford/practice_rcc/sharc4/methaniminium/tutorial_reproduction/traj/Singlet_2/TRAJ_00009/restart/MOLCAS.3.JobIph.96', 'JOBOLD']
['rasscf', 3, 3, True, False]
['copy', 'MOLCAS.rasscf.h5', 'MOLCAS.3.rasscf.h5']
['copy', 'MOLCAS.JobIph', 'MOLCAS.3.JobIph']
['link', 'MOLCAS.1.JobIph', 'JOB001']
['rassi', 'dm', [4]]
['copy', 'MOLCAS.rassi.h5', 'MOLCAS.rassi.1.h5']
['link', 'MOLCAS.3.JobIph', 'JOB001']
['rassi', 'dm', [3]]
['copy', 'MOLCAS.rassi.h5', 'MOLCAS.rassi.3.h5']
['copy', '/project/lgagliardi/helenclifford/practice_rcc/sharc4/methaniminium/tutorial_reproduction/traj/Singlet_2/TRAJ_00009/restart/MOLCAS.1.JobIph.95', 'JOB001']
['link', 'MOLCAS.1.JobIph', 'JOB002']
['rassi', 'overlap', [4, 4]]
['copy', 'MOLCAS.rassi.h5', 'MOLCAS.rassi.ovlp.1.h5']
['copy', '/project/lgagliardi/helenclifford/practice_rcc/sharc4/methaniminium/tutorial_reproduction/traj/Singlet_2/TRAJ_00009/restart/MOLCAS.3.JobIph.95', 'JOB001']
['link', 'MOLCAS.3.JobIph', 'JOB002']
['rassi', 'overlap', [3, 3]]
['copy', 'MOLCAS.rassi.h5', 'MOLCAS.rassi.ovlp.3.h5']
['link', 'MOLCAS.1.JobIph', 'JOB001']
['link', 'MOLCAS.3.JobIph', 'JOB002']
['rassi', 'soc', [4, 3]]
['copy', '$master_path/MOLCAS.3.JobIph', 'JOBOLD']
['rasscf', 3, 3, True, False]
['mclr', 0.0001, 'sala=1']
['alaska']
['copy', '$master_path/MOLCAS.1.JobIph', 'JOBOLD']
['rasscf', 1, 4, True, False]
['mclr', 0.0001, 'sala=1']
['alaska']
All jobs finished:
job: master          code: 0    runtime: 0:00:17.079742
job: grad_3_1        code: 0    runtime: 0:00:14.928565
job: grad_1_1        code: 0    runtime: 0:00:02.710551

Starting job execution
['gateway']
['seward']
['copy', '/project/lgagliardi/helenclifford/practice_rcc/sharc4/methaniminium/tutorial_reproduction/traj/Singlet_2/TRAJ_00009/restart/MOLCAS.1.JobIph.96', 'JOBOLD']
['rasscf', 1, 4, True, False]
['copy', 'MOLCAS.rasscf.h5', 'MOLCAS.1.rasscf.h5']
['copy', 'MOLCAS.JobIph', 'MOLCAS.1.JobIph']
['copy', '/project/lgagliardi/helenclifford/practice_rcc/sharc4/methaniminium/tutorial_reproduction/traj/Singlet_2/TRAJ_00009/restart/MOLCAS.3.JobIph.96', 'JOBOLD']
['rasscf', 3, 3, True, False]
['copy', 'MOLCAS.rasscf.h5', 'MOLCAS.3.rasscf.h5']
['copy', 'MOLCAS.JobIph', 'MOLCAS.3.JobIph']
['link', 'MOLCAS.1.JobIph', 'JOB001']
['rassi', 'dm', [4]]
['copy', 'MOLCAS.rassi.h5', 'MOLCAS.rassi.1.h5']
['link', 'MOLCAS.3.JobIph', 'JOB001']
['rassi', 'dm', [3]]
['copy', 'MOLCAS.rassi.h5', 'MOLCAS.rassi.3.h5']
['copy', '/project/lgagliardi/helenclifford/practice_rcc/sharc4/methaniminium/tutorial_reproduction/traj/Singlet_2/TRAJ_00009/restart/MOLCAS.1.JobIph.96', 'JOB001']
['link', 'MOLCAS.1.JobIph', 'JOB002']
['rassi', 'overlap', [4, 4]]
['copy', 'MOLCAS.rassi.h5', 'MOLCAS.rassi.ovlp.1.h5']
['copy', '/project/lgagliardi/helenclifford/practice_rcc/sharc4/methaniminium/tutorial_reproduction/traj/Singlet_2/TRAJ_00009/restart/MOLCAS.3.JobIph.96', 'JOB001']
['link', 'MOLCAS.3.JobIph', 'JOB002']
['rassi', 'overlap', [3, 3]]
['copy', 'MOLCAS.rassi.h5', 'MOLCAS.rassi.ovlp.3.h5']
['link', 'MOLCAS.1.JobIph', 'JOB001']
['link', 'MOLCAS.3.JobIph', 'JOB002']
['rassi', 'soc', [4, 3]]
['copy', '$master_path/MOLCAS.3.JobIph', 'JOBOLD']
['rasscf', 3, 3, True, False]
['mclr', 0.0001, 'sala=1']
['alaska']
['copy', '$master_path/MOLCAS.1.JobIph', 'JOBOLD']
['rasscf', 1, 4, True, False]
['mclr', 0.0001, 'sala=1']
['alaska']
All jobs finished:
job: master          code: 0    runtime: 0:00:25.674006
job: grad_3_1        code: 0    runtime: 0:00:07.891335
job: grad_1_1        code: 0    runtime: 0:00:10.213060

Starting job execution
['gateway']
['seward']
['copy', '/project/lgagliardi/helenclifford/practice_rcc/sharc4/methaniminium/tutorial_reproduction/traj/Singlet_2/TRAJ_00009/restart/MOLCAS.1.JobIph.97', 'JOBOLD']
['rasscf', 1, 4, True, False]
['copy', 'MOLCAS.rasscf.h5', 'MOLCAS.1.rasscf.h5']
['copy', 'MOLCAS.JobIph', 'MOLCAS.1.JobIph']
['copy', '/project/lgagliardi/helenclifford/practice_rcc/sharc4/methaniminium/tutorial_reproduction/traj/Singlet_2/TRAJ_00009/restart/MOLCAS.3.JobIph.97', 'JOBOLD']
['rasscf', 3, 3, True, False]
['copy', 'MOLCAS.rasscf.h5', 'MOLCAS.3.rasscf.h5']
['copy', 'MOLCAS.JobIph', 'MOLCAS.3.JobIph']
['link', 'MOLCAS.1.JobIph', 'JOB001']
['rassi', 'dm', [4]]
['copy', 'MOLCAS.rassi.h5', 'MOLCAS.rassi.1.h5']
['link', 'MOLCAS.3.JobIph', 'JOB001']
['rassi', 'dm', [3]]
['copy', 'MOLCAS.rassi.h5', 'MOLCAS.rassi.3.h5']
['copy', '/project/lgagliardi/helenclifford/practice_rcc/sharc4/methaniminium/tutorial_reproduction/traj/Singlet_2/TRAJ_00009/restart/MOLCAS.1.JobIph.97', 'JOB001']
['link', 'MOLCAS.1.JobIph', 'JOB002']
['rassi', 'overlap', [4, 4]]
['copy', 'MOLCAS.rassi.h5', 'MOLCAS.rassi.ovlp.1.h5']
['copy', '/project/lgagliardi/helenclifford/practice_rcc/sharc4/methaniminium/tutorial_reproduction/traj/Singlet_2/TRAJ_00009/restart/MOLCAS.3.JobIph.97', 'JOB001']
['link', 'MOLCAS.3.JobIph', 'JOB002']
['rassi', 'overlap', [3, 3]]
['copy', 'MOLCAS.rassi.h5', 'MOLCAS.rassi.ovlp.3.h5']
['link', 'MOLCAS.1.JobIph', 'JOB001']
['link', 'MOLCAS.3.JobIph', 'JOB002']
['rassi', 'soc', [4, 3]]
['copy', '$master_path/MOLCAS.1.JobIph', 'JOBOLD']
['rasscf', 1, 4, True, False]
['mclr', 0.0001, 'sala=1']
['alaska']
All jobs finished:
job: master          code: 0    runtime: 0:00:15.912632
job: grad_1_1        code: 0    runtime: 0:00:13.835679

Starting job execution
['gateway']
['seward']
['copy', '/project/lgagliardi/helenclifford/practice_rcc/sharc4/methaniminium/tutorial_reproduction/traj/Singlet_2/TRAJ_00009/restart/MOLCAS.1.JobIph.98', 'JOBOLD']
['rasscf', 1, 4, True, False]
['copy', 'MOLCAS.rasscf.h5', 'MOLCAS.1.rasscf.h5']
['copy', 'MOLCAS.JobIph', 'MOLCAS.1.JobIph']
['copy', '/project/lgagliardi/helenclifford/practice_rcc/sharc4/methaniminium/tutorial_reproduction/traj/Singlet_2/TRAJ_00009/restart/MOLCAS.3.JobIph.98', 'JOBOLD']
['rasscf', 3, 3, True, False]
['copy', 'MOLCAS.rasscf.h5', 'MOLCAS.3.rasscf.h5']
['copy', 'MOLCAS.JobIph', 'MOLCAS.3.JobIph']
['link', 'MOLCAS.1.JobIph', 'JOB001']
['rassi', 'dm', [4]]
['copy', 'MOLCAS.rassi.h5', 'MOLCAS.rassi.1.h5']
['link', 'MOLCAS.3.JobIph', 'JOB001']
['rassi', 'dm', [3]]
['copy', 'MOLCAS.rassi.h5', 'MOLCAS.rassi.3.h5']
['copy', '/project/lgagliardi/helenclifford/practice_rcc/sharc4/methaniminium/tutorial_reproduction/traj/Singlet_2/TRAJ_00009/restart/MOLCAS.1.JobIph.98', 'JOB001']
['link', 'MOLCAS.1.JobIph', 'JOB002']
['rassi', 'overlap', [4, 4]]
['copy', 'MOLCAS.rassi.h5', 'MOLCAS.rassi.ovlp.1.h5']
['copy', '/project/lgagliardi/helenclifford/practice_rcc/sharc4/methaniminium/tutorial_reproduction/traj/Singlet_2/TRAJ_00009/restart/MOLCAS.3.JobIph.98', 'JOB001']
['link', 'MOLCAS.3.JobIph', 'JOB002']
['rassi', 'overlap', [3, 3]]
['copy', 'MOLCAS.rassi.h5', 'MOLCAS.rassi.ovlp.3.h5']
['link', 'MOLCAS.1.JobIph', 'JOB001']
['link', 'MOLCAS.3.JobIph', 'JOB002']
['rassi', 'soc', [4, 3]]
['copy', '$master_path/MOLCAS.1.JobIph', 'JOBOLD']
['rasscf', 1, 4, True, False]
['mclr', 0.0001, 'sala=1']
['alaska']
All jobs finished:
job: master          code: 0    runtime: 0:00:21.507774
job: grad_1_1        code: 0    runtime: 0:00:15.285735

Starting job execution
['gateway']
['seward']
['copy', '/project/lgagliardi/helenclifford/practice_rcc/sharc4/methaniminium/tutorial_reproduction/traj/Singlet_2/TRAJ_00009/restart/MOLCAS.1.JobIph.99', 'JOBOLD']
['rasscf', 1, 4, True, False]
['copy', 'MOLCAS.rasscf.h5', 'MOLCAS.1.rasscf.h5']
['copy', 'MOLCAS.JobIph', 'MOLCAS.1.JobIph']
['copy', '/project/lgagliardi/helenclifford/practice_rcc/sharc4/methaniminium/tutorial_reproduction/traj/Singlet_2/TRAJ_00009/restart/MOLCAS.3.JobIph.99', 'JOBOLD']
['rasscf', 3, 3, True, False]
['copy', 'MOLCAS.rasscf.h5', 'MOLCAS.3.rasscf.h5']
['copy', 'MOLCAS.JobIph', 'MOLCAS.3.JobIph']
['link', 'MOLCAS.1.JobIph', 'JOB001']
['rassi', 'dm', [4]]
['copy', 'MOLCAS.rassi.h5', 'MOLCAS.rassi.1.h5']
['link', 'MOLCAS.3.JobIph', 'JOB001']
['rassi', 'dm', [3]]
['copy', 'MOLCAS.rassi.h5', 'MOLCAS.rassi.3.h5']
['copy', '/project/lgagliardi/helenclifford/practice_rcc/sharc4/methaniminium/tutorial_reproduction/traj/Singlet_2/TRAJ_00009/restart/MOLCAS.1.JobIph.99', 'JOB001']
['link', 'MOLCAS.1.JobIph', 'JOB002']
['rassi', 'overlap', [4, 4]]
['copy', 'MOLCAS.rassi.h5', 'MOLCAS.rassi.ovlp.1.h5']
['copy', '/project/lgagliardi/helenclifford/practice_rcc/sharc4/methaniminium/tutorial_reproduction/traj/Singlet_2/TRAJ_00009/restart/MOLCAS.3.JobIph.99', 'JOB001']
['link', 'MOLCAS.3.JobIph', 'JOB002']
['rassi', 'overlap', [3, 3]]
['copy', 'MOLCAS.rassi.h5', 'MOLCAS.rassi.ovlp.3.h5']
['link', 'MOLCAS.1.JobIph', 'JOB001']
['link', 'MOLCAS.3.JobIph', 'JOB002']
['rassi', 'soc', [4, 3]]
['copy', '$master_path/MOLCAS.1.JobIph', 'JOBOLD']
['rasscf', 1, 4, True, False]
['mclr', 0.0001, 'sala=1']
['alaska']
All jobs finished:
job: master          code: 0    runtime: 0:00:15.634911
job: grad_1_1        code: 0    runtime: 0:00:07.069350

Starting job execution
['gateway']
['seward']
['copy', '/project/lgagliardi/helenclifford/practice_rcc/sharc4/methaniminium/tutorial_reproduction/traj/Singlet_2/TRAJ_00009/restart/MOLCAS.1.JobIph.100', 'JOBOLD']
['rasscf', 1, 4, True, False]
['copy', 'MOLCAS.rasscf.h5', 'MOLCAS.1.rasscf.h5']
['copy', 'MOLCAS.JobIph', 'MOLCAS.1.JobIph']
['copy', '/project/lgagliardi/helenclifford/practice_rcc/sharc4/methaniminium/tutorial_reproduction/traj/Singlet_2/TRAJ_00009/restart/MOLCAS.3.JobIph.100', 'JOBOLD']
['rasscf', 3, 3, True, False]
['copy', 'MOLCAS.rasscf.h5', 'MOLCAS.3.rasscf.h5']
['copy', 'MOLCAS.JobIph', 'MOLCAS.3.JobIph']
['link', 'MOLCAS.1.JobIph', 'JOB001']
['rassi', 'dm', [4]]
['copy', 'MOLCAS.rassi.h5', 'MOLCAS.rassi.1.h5']
['link', 'MOLCAS.3.JobIph', 'JOB001']
['rassi', 'dm', [3]]
['copy', 'MOLCAS.rassi.h5', 'MOLCAS.rassi.3.h5']
['copy', '/project/lgagliardi/helenclifford/practice_rcc/sharc4/methaniminium/tutorial_reproduction/traj/Singlet_2/TRAJ_00009/restart/MOLCAS.1.JobIph.100', 'JOB001']
['link', 'MOLCAS.1.JobIph', 'JOB002']
['rassi', 'overlap', [4, 4]]
['copy', 'MOLCAS.rassi.h5', 'MOLCAS.rassi.ovlp.1.h5']
['copy', '/project/lgagliardi/helenclifford/practice_rcc/sharc4/methaniminium/tutorial_reproduction/traj/Singlet_2/TRAJ_00009/restart/MOLCAS.3.JobIph.100', 'JOB001']
['link', 'MOLCAS.3.JobIph', 'JOB002']
['rassi', 'overlap', [3, 3]]
['copy', 'MOLCAS.rassi.h5', 'MOLCAS.rassi.ovlp.3.h5']
['link', 'MOLCAS.1.JobIph', 'JOB001']
['link', 'MOLCAS.3.JobIph', 'JOB002']
['rassi', 'soc', [4, 3]]
['copy', '$master_path/MOLCAS.1.JobIph', 'JOBOLD']
['rasscf', 1, 4, True, False]
['mclr', 0.0001, 'sala=1']
['alaska']
All jobs finished:
job: master          code: 0    runtime: 0:00:21.600433
job: grad_1_1        code: 0    runtime: 0:00:08.130901

Starting job execution
['gateway']
['seward']
['copy', '/project/lgagliardi/helenclifford/practice_rcc/sharc4/methaniminium/tutorial_reproduction/traj/Singlet_2/TRAJ_00009/restart/MOLCAS.1.JobIph.101', 'JOBOLD']
['rasscf', 1, 4, True, False]
['copy', 'MOLCAS.rasscf.h5', 'MOLCAS.1.rasscf.h5']
['copy', 'MOLCAS.JobIph', 'MOLCAS.1.JobIph']
['copy', '/project/lgagliardi/helenclifford/practice_rcc/sharc4/methaniminium/tutorial_reproduction/traj/Singlet_2/TRAJ_00009/restart/MOLCAS.3.JobIph.101', 'JOBOLD']
['rasscf', 3, 3, True, False]
['copy', 'MOLCAS.rasscf.h5', 'MOLCAS.3.rasscf.h5']
['copy', 'MOLCAS.JobIph', 'MOLCAS.3.JobIph']
['link', 'MOLCAS.1.JobIph', 'JOB001']
['rassi', 'dm', [4]]
['copy', 'MOLCAS.rassi.h5', 'MOLCAS.rassi.1.h5']
['link', 'MOLCAS.3.JobIph', 'JOB001']
['rassi', 'dm', [3]]
['copy', 'MOLCAS.rassi.h5', 'MOLCAS.rassi.3.h5']
['copy', '/project/lgagliardi/helenclifford/practice_rcc/sharc4/methaniminium/tutorial_reproduction/traj/Singlet_2/TRAJ_00009/restart/MOLCAS.1.JobIph.101', 'JOB001']
['link', 'MOLCAS.1.JobIph', 'JOB002']
['rassi', 'overlap', [4, 4]]
['copy', 'MOLCAS.rassi.h5', 'MOLCAS.rassi.ovlp.1.h5']
['copy', '/project/lgagliardi/helenclifford/practice_rcc/sharc4/methaniminium/tutorial_reproduction/traj/Singlet_2/TRAJ_00009/restart/MOLCAS.3.JobIph.101', 'JOB001']
['link', 'MOLCAS.3.JobIph', 'JOB002']
['rassi', 'overlap', [3, 3]]
['copy', 'MOLCAS.rassi.h5', 'MOLCAS.rassi.ovlp.3.h5']
['link', 'MOLCAS.1.JobIph', 'JOB001']
['link', 'MOLCAS.3.JobIph', 'JOB002']
['rassi', 'soc', [4, 3]]
['copy', '$master_path/MOLCAS.1.JobIph', 'JOBOLD']
['rasscf', 1, 4, True, False]
['mclr', 0.0001, 'sala=1']
['alaska']
All jobs finished:
job: master          code: 0    runtime: 0:00:21.281443
job: grad_1_1        code: 0    runtime: 0:00:10.565748

Starting job execution
['gateway']
['seward']
['copy', '/project/lgagliardi/helenclifford/practice_rcc/sharc4/methaniminium/tutorial_reproduction/traj/Singlet_2/TRAJ_00009/restart/MOLCAS.1.JobIph.102', 'JOBOLD']
['rasscf', 1, 4, True, False]
['copy', 'MOLCAS.rasscf.h5', 'MOLCAS.1.rasscf.h5']
['copy', 'MOLCAS.JobIph', 'MOLCAS.1.JobIph']
['copy', '/project/lgagliardi/helenclifford/practice_rcc/sharc4/methaniminium/tutorial_reproduction/traj/Singlet_2/TRAJ_00009/restart/MOLCAS.3.JobIph.102', 'JOBOLD']
['rasscf', 3, 3, True, False]
['copy', 'MOLCAS.rasscf.h5', 'MOLCAS.3.rasscf.h5']
['copy', 'MOLCAS.JobIph', 'MOLCAS.3.JobIph']
['link', 'MOLCAS.1.JobIph', 'JOB001']
['rassi', 'dm', [4]]
['copy', 'MOLCAS.rassi.h5', 'MOLCAS.rassi.1.h5']
['link', 'MOLCAS.3.JobIph', 'JOB001']
['rassi', 'dm', [3]]
['copy', 'MOLCAS.rassi.h5', 'MOLCAS.rassi.3.h5']
['copy', '/project/lgagliardi/helenclifford/practice_rcc/sharc4/methaniminium/tutorial_reproduction/traj/Singlet_2/TRAJ_00009/restart/MOLCAS.1.JobIph.102', 'JOB001']
['link', 'MOLCAS.1.JobIph', 'JOB002']
['rassi', 'overlap', [4, 4]]
['copy', 'MOLCAS.rassi.h5', 'MOLCAS.rassi.ovlp.1.h5']
['copy', '/project/lgagliardi/helenclifford/practice_rcc/sharc4/methaniminium/tutorial_reproduction/traj/Singlet_2/TRAJ_00009/restart/MOLCAS.3.JobIph.102', 'JOB001']
['link', 'MOLCAS.3.JobIph', 'JOB002']
['rassi', 'overlap', [3, 3]]
['copy', 'MOLCAS.rassi.h5', 'MOLCAS.rassi.ovlp.3.h5']
['link', 'MOLCAS.1.JobIph', 'JOB001']
['link', 'MOLCAS.3.JobIph', 'JOB002']
['rassi', 'soc', [4, 3]]
['copy', '$master_path/MOLCAS.1.JobIph', 'JOBOLD']
['rasscf', 1, 4, True, False]
['mclr', 0.0001, 'sala=1']
['alaska']
All jobs finished:
job: master          code: 0    runtime: 0:00:18.541945
job: grad_1_1        code: 0    runtime: 0:00:15.452646

Starting job execution
['gateway']
['seward']
['copy', '/project/lgagliardi/helenclifford/practice_rcc/sharc4/methaniminium/tutorial_reproduction/traj/Singlet_2/TRAJ_00009/restart/MOLCAS.1.JobIph.103', 'JOBOLD']
['rasscf', 1, 4, True, False]
['copy', 'MOLCAS.rasscf.h5', 'MOLCAS.1.rasscf.h5']
['copy', 'MOLCAS.JobIph', 'MOLCAS.1.JobIph']
['copy', '/project/lgagliardi/helenclifford/practice_rcc/sharc4/methaniminium/tutorial_reproduction/traj/Singlet_2/TRAJ_00009/restart/MOLCAS.3.JobIph.103', 'JOBOLD']
['rasscf', 3, 3, True, False]
['copy', 'MOLCAS.rasscf.h5', 'MOLCAS.3.rasscf.h5']
['copy', 'MOLCAS.JobIph', 'MOLCAS.3.JobIph']
['link', 'MOLCAS.1.JobIph', 'JOB001']
['rassi', 'dm', [4]]
['copy', 'MOLCAS.rassi.h5', 'MOLCAS.rassi.1.h5']
['link', 'MOLCAS.3.JobIph', 'JOB001']
['rassi', 'dm', [3]]
['copy', 'MOLCAS.rassi.h5', 'MOLCAS.rassi.3.h5']
['copy', '/project/lgagliardi/helenclifford/practice_rcc/sharc4/methaniminium/tutorial_reproduction/traj/Singlet_2/TRAJ_00009/restart/MOLCAS.1.JobIph.103', 'JOB001']
['link', 'MOLCAS.1.JobIph', 'JOB002']
['rassi', 'overlap', [4, 4]]
['copy', 'MOLCAS.rassi.h5', 'MOLCAS.rassi.ovlp.1.h5']
['copy', '/project/lgagliardi/helenclifford/practice_rcc/sharc4/methaniminium/tutorial_reproduction/traj/Singlet_2/TRAJ_00009/restart/MOLCAS.3.JobIph.103', 'JOB001']
['link', 'MOLCAS.3.JobIph', 'JOB002']
['rassi', 'overlap', [3, 3]]
['copy', 'MOLCAS.rassi.h5', 'MOLCAS.rassi.ovlp.3.h5']
['link', 'MOLCAS.1.JobIph', 'JOB001']
['link', 'MOLCAS.3.JobIph', 'JOB002']
['rassi', 'soc', [4, 3]]
['copy', '$master_path/MOLCAS.1.JobIph', 'JOBOLD']
['rasscf', 1, 4, True, False]
['mclr', 0.0001, 'sala=1']
['alaska']
All jobs finished:
job: master          code: 0    runtime: 0:00:19.027006
job: grad_1_1        code: 0    runtime: 0:00:02.748427

Starting job execution
['gateway']
['seward']
['copy', '/project/lgagliardi/helenclifford/practice_rcc/sharc4/methaniminium/tutorial_reproduction/traj/Singlet_2/TRAJ_00009/restart/MOLCAS.1.JobIph.104', 'JOBOLD']
['rasscf', 1, 4, True, False]
['copy', 'MOLCAS.rasscf.h5', 'MOLCAS.1.rasscf.h5']
['copy', 'MOLCAS.JobIph', 'MOLCAS.1.JobIph']
['copy', '/project/lgagliardi/helenclifford/practice_rcc/sharc4/methaniminium/tutorial_reproduction/traj/Singlet_2/TRAJ_00009/restart/MOLCAS.3.JobIph.104', 'JOBOLD']
['rasscf', 3, 3, True, False]
['copy', 'MOLCAS.rasscf.h5', 'MOLCAS.3.rasscf.h5']
['copy', 'MOLCAS.JobIph', 'MOLCAS.3.JobIph']
['link', 'MOLCAS.1.JobIph', 'JOB001']
['rassi', 'dm', [4]]
['copy', 'MOLCAS.rassi.h5', 'MOLCAS.rassi.1.h5']
['link', 'MOLCAS.3.JobIph', 'JOB001']
['rassi', 'dm', [3]]
['copy', 'MOLCAS.rassi.h5', 'MOLCAS.rassi.3.h5']
['copy', '/project/lgagliardi/helenclifford/practice_rcc/sharc4/methaniminium/tutorial_reproduction/traj/Singlet_2/TRAJ_00009/restart/MOLCAS.1.JobIph.104', 'JOB001']
['link', 'MOLCAS.1.JobIph', 'JOB002']
['rassi', 'overlap', [4, 4]]
['copy', 'MOLCAS.rassi.h5', 'MOLCAS.rassi.ovlp.1.h5']
['copy', '/project/lgagliardi/helenclifford/practice_rcc/sharc4/methaniminium/tutorial_reproduction/traj/Singlet_2/TRAJ_00009/restart/MOLCAS.3.JobIph.104', 'JOB001']
['link', 'MOLCAS.3.JobIph', 'JOB002']
['rassi', 'overlap', [3, 3]]
['copy', 'MOLCAS.rassi.h5', 'MOLCAS.rassi.ovlp.3.h5']
['link', 'MOLCAS.1.JobIph', 'JOB001']
['link', 'MOLCAS.3.JobIph', 'JOB002']
['rassi', 'soc', [4, 3]]
['copy', '$master_path/MOLCAS.1.JobIph', 'JOBOLD']
['rasscf', 1, 4, True, False]
['mclr', 0.0001, 'sala=1']
['alaska']
All jobs finished:
job: master          code: 0    runtime: 0:00:24.321870
job: grad_1_1        code: 0    runtime: 0:00:14.832210

Starting job execution
['gateway']
['seward']
['copy', '/project/lgagliardi/helenclifford/practice_rcc/sharc4/methaniminium/tutorial_reproduction/traj/Singlet_2/TRAJ_00009/restart/MOLCAS.1.JobIph.105', 'JOBOLD']
['rasscf', 1, 4, True, False]
['copy', 'MOLCAS.rasscf.h5', 'MOLCAS.1.rasscf.h5']
['copy', 'MOLCAS.JobIph', 'MOLCAS.1.JobIph']
['copy', '/project/lgagliardi/helenclifford/practice_rcc/sharc4/methaniminium/tutorial_reproduction/traj/Singlet_2/TRAJ_00009/restart/MOLCAS.3.JobIph.105', 'JOBOLD']
['rasscf', 3, 3, True, False]
['copy', 'MOLCAS.rasscf.h5', 'MOLCAS.3.rasscf.h5']
['copy', 'MOLCAS.JobIph', 'MOLCAS.3.JobIph']
['link', 'MOLCAS.1.JobIph', 'JOB001']
['rassi', 'dm', [4]]
['copy', 'MOLCAS.rassi.h5', 'MOLCAS.rassi.1.h5']
['link', 'MOLCAS.3.JobIph', 'JOB001']
['rassi', 'dm', [3]]
['copy', 'MOLCAS.rassi.h5', 'MOLCAS.rassi.3.h5']
['copy', '/project/lgagliardi/helenclifford/practice_rcc/sharc4/methaniminium/tutorial_reproduction/traj/Singlet_2/TRAJ_00009/restart/MOLCAS.1.JobIph.105', 'JOB001']
['link', 'MOLCAS.1.JobIph', 'JOB002']
['rassi', 'overlap', [4, 4]]
['copy', 'MOLCAS.rassi.h5', 'MOLCAS.rassi.ovlp.1.h5']
['copy', '/project/lgagliardi/helenclifford/practice_rcc/sharc4/methaniminium/tutorial_reproduction/traj/Singlet_2/TRAJ_00009/restart/MOLCAS.3.JobIph.105', 'JOB001']
['link', 'MOLCAS.3.JobIph', 'JOB002']
['rassi', 'overlap', [3, 3]]
['copy', 'MOLCAS.rassi.h5', 'MOLCAS.rassi.ovlp.3.h5']
['link', 'MOLCAS.1.JobIph', 'JOB001']
['link', 'MOLCAS.3.JobIph', 'JOB002']
['rassi', 'soc', [4, 3]]
['copy', '$master_path/MOLCAS.1.JobIph', 'JOBOLD']
['rasscf', 1, 4, True, False]
['mclr', 0.0001, 'sala=1']
['alaska']
All jobs finished:
job: master          code: 0    runtime: 0:00:21.322286
job: grad_1_1        code: 0    runtime: 0:00:15.756083

Starting job execution
['gateway']
['seward']
['copy', '/project/lgagliardi/helenclifford/practice_rcc/sharc4/methaniminium/tutorial_reproduction/traj/Singlet_2/TRAJ_00009/restart/MOLCAS.1.JobIph.106', 'JOBOLD']
['rasscf', 1, 4, True, False]
['copy', 'MOLCAS.rasscf.h5', 'MOLCAS.1.rasscf.h5']
['copy', 'MOLCAS.JobIph', 'MOLCAS.1.JobIph']
['copy', '/project/lgagliardi/helenclifford/practice_rcc/sharc4/methaniminium/tutorial_reproduction/traj/Singlet_2/TRAJ_00009/restart/MOLCAS.3.JobIph.106', 'JOBOLD']
['rasscf', 3, 3, True, False]
['copy', 'MOLCAS.rasscf.h5', 'MOLCAS.3.rasscf.h5']
['copy', 'MOLCAS.JobIph', 'MOLCAS.3.JobIph']
['link', 'MOLCAS.1.JobIph', 'JOB001']
['rassi', 'dm', [4]]
['copy', 'MOLCAS.rassi.h5', 'MOLCAS.rassi.1.h5']
['link', 'MOLCAS.3.JobIph', 'JOB001']
['rassi', 'dm', [3]]
['copy', 'MOLCAS.rassi.h5', 'MOLCAS.rassi.3.h5']
['copy', '/project/lgagliardi/helenclifford/practice_rcc/sharc4/methaniminium/tutorial_reproduction/traj/Singlet_2/TRAJ_00009/restart/MOLCAS.1.JobIph.106', 'JOB001']
['link', 'MOLCAS.1.JobIph', 'JOB002']
['rassi', 'overlap', [4, 4]]
['copy', 'MOLCAS.rassi.h5', 'MOLCAS.rassi.ovlp.1.h5']
['copy', '/project/lgagliardi/helenclifford/practice_rcc/sharc4/methaniminium/tutorial_reproduction/traj/Singlet_2/TRAJ_00009/restart/MOLCAS.3.JobIph.106', 'JOB001']
['link', 'MOLCAS.3.JobIph', 'JOB002']
['rassi', 'overlap', [3, 3]]
['copy', 'MOLCAS.rassi.h5', 'MOLCAS.rassi.ovlp.3.h5']
['link', 'MOLCAS.1.JobIph', 'JOB001']
['link', 'MOLCAS.3.JobIph', 'JOB002']
['rassi', 'soc', [4, 3]]
['copy', '$master_path/MOLCAS.1.JobIph', 'JOBOLD']
['rasscf', 1, 4, True, False]
['mclr', 0.0001, 'sala=1']
['alaska']
All jobs finished:
job: master          code: 0    runtime: 0:00:18.682794
job: grad_1_1        code: 0    runtime: 0:00:17.462323

Starting job execution
['gateway']
['seward']
['copy', '/project/lgagliardi/helenclifford/practice_rcc/sharc4/methaniminium/tutorial_reproduction/traj/Singlet_2/TRAJ_00009/restart/MOLCAS.1.JobIph.107', 'JOBOLD']
['rasscf', 1, 4, True, False]
['copy', 'MOLCAS.rasscf.h5', 'MOLCAS.1.rasscf.h5']
['copy', 'MOLCAS.JobIph', 'MOLCAS.1.JobIph']
['copy', '/project/lgagliardi/helenclifford/practice_rcc/sharc4/methaniminium/tutorial_reproduction/traj/Singlet_2/TRAJ_00009/restart/MOLCAS.3.JobIph.107', 'JOBOLD']
['rasscf', 3, 3, True, False]
['copy', 'MOLCAS.rasscf.h5', 'MOLCAS.3.rasscf.h5']
['copy', 'MOLCAS.JobIph', 'MOLCAS.3.JobIph']
['link', 'MOLCAS.1.JobIph', 'JOB001']
['rassi', 'dm', [4]]
['copy', 'MOLCAS.rassi.h5', 'MOLCAS.rassi.1.h5']
['link', 'MOLCAS.3.JobIph', 'JOB001']
['rassi', 'dm', [3]]
['copy', 'MOLCAS.rassi.h5', 'MOLCAS.rassi.3.h5']
['copy', '/project/lgagliardi/helenclifford/practice_rcc/sharc4/methaniminium/tutorial_reproduction/traj/Singlet_2/TRAJ_00009/restart/MOLCAS.1.JobIph.107', 'JOB001']
['link', 'MOLCAS.1.JobIph', 'JOB002']
['rassi', 'overlap', [4, 4]]
['copy', 'MOLCAS.rassi.h5', 'MOLCAS.rassi.ovlp.1.h5']
['copy', '/project/lgagliardi/helenclifford/practice_rcc/sharc4/methaniminium/tutorial_reproduction/traj/Singlet_2/TRAJ_00009/restart/MOLCAS.3.JobIph.107', 'JOB001']
['link', 'MOLCAS.3.JobIph', 'JOB002']
['rassi', 'overlap', [3, 3]]
['copy', 'MOLCAS.rassi.h5', 'MOLCAS.rassi.ovlp.3.h5']
['link', 'MOLCAS.1.JobIph', 'JOB001']
['link', 'MOLCAS.3.JobIph', 'JOB002']
['rassi', 'soc', [4, 3]]
['copy', '$master_path/MOLCAS.1.JobIph', 'JOBOLD']
['rasscf', 1, 4, True, False]
['mclr', 0.0001, 'sala=1']
['alaska']
All jobs finished:
job: master          code: 0    runtime: 0:00:30.401796
job: grad_1_1        code: 0    runtime: 0:00:10.245380

Starting job execution
['gateway']
['seward']
['copy', '/project/lgagliardi/helenclifford/practice_rcc/sharc4/methaniminium/tutorial_reproduction/traj/Singlet_2/TRAJ_00009/restart/MOLCAS.1.JobIph.108', 'JOBOLD']
['rasscf', 1, 4, True, False]
['copy', 'MOLCAS.rasscf.h5', 'MOLCAS.1.rasscf.h5']
['copy', 'MOLCAS.JobIph', 'MOLCAS.1.JobIph']
['copy', '/project/lgagliardi/helenclifford/practice_rcc/sharc4/methaniminium/tutorial_reproduction/traj/Singlet_2/TRAJ_00009/restart/MOLCAS.3.JobIph.108', 'JOBOLD']
['rasscf', 3, 3, True, False]
['copy', 'MOLCAS.rasscf.h5', 'MOLCAS.3.rasscf.h5']
['copy', 'MOLCAS.JobIph', 'MOLCAS.3.JobIph']
['link', 'MOLCAS.1.JobIph', 'JOB001']
['rassi', 'dm', [4]]
['copy', 'MOLCAS.rassi.h5', 'MOLCAS.rassi.1.h5']
['link', 'MOLCAS.3.JobIph', 'JOB001']
['rassi', 'dm', [3]]
['copy', 'MOLCAS.rassi.h5', 'MOLCAS.rassi.3.h5']
['copy', '/project/lgagliardi/helenclifford/practice_rcc/sharc4/methaniminium/tutorial_reproduction/traj/Singlet_2/TRAJ_00009/restart/MOLCAS.1.JobIph.108', 'JOB001']
['link', 'MOLCAS.1.JobIph', 'JOB002']
['rassi', 'overlap', [4, 4]]
['copy', 'MOLCAS.rassi.h5', 'MOLCAS.rassi.ovlp.1.h5']
['copy', '/project/lgagliardi/helenclifford/practice_rcc/sharc4/methaniminium/tutorial_reproduction/traj/Singlet_2/TRAJ_00009/restart/MOLCAS.3.JobIph.108', 'JOB001']
['link', 'MOLCAS.3.JobIph', 'JOB002']
['rassi', 'overlap', [3, 3]]
['copy', 'MOLCAS.rassi.h5', 'MOLCAS.rassi.ovlp.3.h5']
['link', 'MOLCAS.1.JobIph', 'JOB001']
['link', 'MOLCAS.3.JobIph', 'JOB002']
['rassi', 'soc', [4, 3]]
['copy', '$master_path/MOLCAS.1.JobIph', 'JOBOLD']
['rasscf', 1, 4, True, False]
['mclr', 0.0001, 'sala=1']
['alaska']
All jobs finished:
job: master          code: 0    runtime: 0:00:22.442024
job: grad_1_1        code: 0    runtime: 0:00:11.387328

Starting job execution
['gateway']
['seward']
['copy', '/project/lgagliardi/helenclifford/practice_rcc/sharc4/methaniminium/tutorial_reproduction/traj/Singlet_2/TRAJ_00009/restart/MOLCAS.1.JobIph.109', 'JOBOLD']
['rasscf', 1, 4, True, False]
['copy', 'MOLCAS.rasscf.h5', 'MOLCAS.1.rasscf.h5']
['copy', 'MOLCAS.JobIph', 'MOLCAS.1.JobIph']
['copy', '/project/lgagliardi/helenclifford/practice_rcc/sharc4/methaniminium/tutorial_reproduction/traj/Singlet_2/TRAJ_00009/restart/MOLCAS.3.JobIph.109', 'JOBOLD']
['rasscf', 3, 3, True, False]
['copy', 'MOLCAS.rasscf.h5', 'MOLCAS.3.rasscf.h5']
['copy', 'MOLCAS.JobIph', 'MOLCAS.3.JobIph']
['link', 'MOLCAS.1.JobIph', 'JOB001']
['rassi', 'dm', [4]]
['copy', 'MOLCAS.rassi.h5', 'MOLCAS.rassi.1.h5']
['link', 'MOLCAS.3.JobIph', 'JOB001']
['rassi', 'dm', [3]]
['copy', 'MOLCAS.rassi.h5', 'MOLCAS.rassi.3.h5']
['copy', '/project/lgagliardi/helenclifford/practice_rcc/sharc4/methaniminium/tutorial_reproduction/traj/Singlet_2/TRAJ_00009/restart/MOLCAS.1.JobIph.109', 'JOB001']
['link', 'MOLCAS.1.JobIph', 'JOB002']
['rassi', 'overlap', [4, 4]]
['copy', 'MOLCAS.rassi.h5', 'MOLCAS.rassi.ovlp.1.h5']
['copy', '/project/lgagliardi/helenclifford/practice_rcc/sharc4/methaniminium/tutorial_reproduction/traj/Singlet_2/TRAJ_00009/restart/MOLCAS.3.JobIph.109', 'JOB001']
['link', 'MOLCAS.3.JobIph', 'JOB002']
['rassi', 'overlap', [3, 3]]
['copy', 'MOLCAS.rassi.h5', 'MOLCAS.rassi.ovlp.3.h5']
['link', 'MOLCAS.1.JobIph', 'JOB001']
['link', 'MOLCAS.3.JobIph', 'JOB002']
['rassi', 'soc', [4, 3]]
['copy', '$master_path/MOLCAS.1.JobIph', 'JOBOLD']
['rasscf', 1, 4, True, False]
['mclr', 0.0001, 'sala=1']
['alaska']
All jobs finished:
job: master          code: 0    runtime: 0:00:22.908296
job: grad_1_1        code: 0    runtime: 0:00:11.887717

Starting job execution
['gateway']
['seward']
['copy', '/project/lgagliardi/helenclifford/practice_rcc/sharc4/methaniminium/tutorial_reproduction/traj/Singlet_2/TRAJ_00009/restart/MOLCAS.1.JobIph.110', 'JOBOLD']
['rasscf', 1, 4, True, False]
['copy', 'MOLCAS.rasscf.h5', 'MOLCAS.1.rasscf.h5']
['copy', 'MOLCAS.JobIph', 'MOLCAS.1.JobIph']
['copy', '/project/lgagliardi/helenclifford/practice_rcc/sharc4/methaniminium/tutorial_reproduction/traj/Singlet_2/TRAJ_00009/restart/MOLCAS.3.JobIph.110', 'JOBOLD']
['rasscf', 3, 3, True, False]
['copy', 'MOLCAS.rasscf.h5', 'MOLCAS.3.rasscf.h5']
['copy', 'MOLCAS.JobIph', 'MOLCAS.3.JobIph']
['link', 'MOLCAS.1.JobIph', 'JOB001']
['rassi', 'dm', [4]]
['copy', 'MOLCAS.rassi.h5', 'MOLCAS.rassi.1.h5']
['link', 'MOLCAS.3.JobIph', 'JOB001']
['rassi', 'dm', [3]]
['copy', 'MOLCAS.rassi.h5', 'MOLCAS.rassi.3.h5']
['copy', '/project/lgagliardi/helenclifford/practice_rcc/sharc4/methaniminium/tutorial_reproduction/traj/Singlet_2/TRAJ_00009/restart/MOLCAS.1.JobIph.110', 'JOB001']
['link', 'MOLCAS.1.JobIph', 'JOB002']
['rassi', 'overlap', [4, 4]]
['copy', 'MOLCAS.rassi.h5', 'MOLCAS.rassi.ovlp.1.h5']
['copy', '/project/lgagliardi/helenclifford/practice_rcc/sharc4/methaniminium/tutorial_reproduction/traj/Singlet_2/TRAJ_00009/restart/MOLCAS.3.JobIph.110', 'JOB001']
['link', 'MOLCAS.3.JobIph', 'JOB002']
['rassi', 'overlap', [3, 3]]
['copy', 'MOLCAS.rassi.h5', 'MOLCAS.rassi.ovlp.3.h5']
['link', 'MOLCAS.1.JobIph', 'JOB001']
['link', 'MOLCAS.3.JobIph', 'JOB002']
['rassi', 'soc', [4, 3]]
['copy', '$master_path/MOLCAS.1.JobIph', 'JOBOLD']
['rasscf', 1, 4, True, False]
['mclr', 0.0001, 'sala=1']
['alaska']
All jobs finished:
job: master          code: 0    runtime: 0:00:20.448124
job: grad_1_1        code: 0    runtime: 0:00:10.021302

Starting job execution
['gateway']
['seward']
['copy', '/project/lgagliardi/helenclifford/practice_rcc/sharc4/methaniminium/tutorial_reproduction/traj/Singlet_2/TRAJ_00009/restart/MOLCAS.1.JobIph.111', 'JOBOLD']
['rasscf', 1, 4, True, False]
['copy', 'MOLCAS.rasscf.h5', 'MOLCAS.1.rasscf.h5']
['copy', 'MOLCAS.JobIph', 'MOLCAS.1.JobIph']
['copy', '/project/lgagliardi/helenclifford/practice_rcc/sharc4/methaniminium/tutorial_reproduction/traj/Singlet_2/TRAJ_00009/restart/MOLCAS.3.JobIph.111', 'JOBOLD']
['rasscf', 3, 3, True, False]
['copy', 'MOLCAS.rasscf.h5', 'MOLCAS.3.rasscf.h5']
['copy', 'MOLCAS.JobIph', 'MOLCAS.3.JobIph']
['link', 'MOLCAS.1.JobIph', 'JOB001']
['rassi', 'dm', [4]]
['copy', 'MOLCAS.rassi.h5', 'MOLCAS.rassi.1.h5']
['link', 'MOLCAS.3.JobIph', 'JOB001']
['rassi', 'dm', [3]]
['copy', 'MOLCAS.rassi.h5', 'MOLCAS.rassi.3.h5']
['copy', '/project/lgagliardi/helenclifford/practice_rcc/sharc4/methaniminium/tutorial_reproduction/traj/Singlet_2/TRAJ_00009/restart/MOLCAS.1.JobIph.111', 'JOB001']
['link', 'MOLCAS.1.JobIph', 'JOB002']
['rassi', 'overlap', [4, 4]]
['copy', 'MOLCAS.rassi.h5', 'MOLCAS.rassi.ovlp.1.h5']
['copy', '/project/lgagliardi/helenclifford/practice_rcc/sharc4/methaniminium/tutorial_reproduction/traj/Singlet_2/TRAJ_00009/restart/MOLCAS.3.JobIph.111', 'JOB001']
['link', 'MOLCAS.3.JobIph', 'JOB002']
['rassi', 'overlap', [3, 3]]
['copy', 'MOLCAS.rassi.h5', 'MOLCAS.rassi.ovlp.3.h5']
['link', 'MOLCAS.1.JobIph', 'JOB001']
['link', 'MOLCAS.3.JobIph', 'JOB002']
['rassi', 'soc', [4, 3]]
['copy', '$master_path/MOLCAS.1.JobIph', 'JOBOLD']
['rasscf', 1, 4, True, False]
['mclr', 0.0001, 'sala=1']
['alaska']
All jobs finished:
job: master          code: 0    runtime: 0:00:19.101617
job: grad_1_1        code: 0    runtime: 0:00:08.222628

Starting job execution
['gateway']
['seward']
['copy', '/project/lgagliardi/helenclifford/practice_rcc/sharc4/methaniminium/tutorial_reproduction/traj/Singlet_2/TRAJ_00009/restart/MOLCAS.1.JobIph.112', 'JOBOLD']
['rasscf', 1, 4, True, False]
['copy', 'MOLCAS.rasscf.h5', 'MOLCAS.1.rasscf.h5']
['copy', 'MOLCAS.JobIph', 'MOLCAS.1.JobIph']
['copy', '/project/lgagliardi/helenclifford/practice_rcc/sharc4/methaniminium/tutorial_reproduction/traj/Singlet_2/TRAJ_00009/restart/MOLCAS.3.JobIph.112', 'JOBOLD']
['rasscf', 3, 3, True, False]
['copy', 'MOLCAS.rasscf.h5', 'MOLCAS.3.rasscf.h5']
['copy', 'MOLCAS.JobIph', 'MOLCAS.3.JobIph']
['link', 'MOLCAS.1.JobIph', 'JOB001']
['rassi', 'dm', [4]]
['copy', 'MOLCAS.rassi.h5', 'MOLCAS.rassi.1.h5']
['link', 'MOLCAS.3.JobIph', 'JOB001']
['rassi', 'dm', [3]]
['copy', 'MOLCAS.rassi.h5', 'MOLCAS.rassi.3.h5']
['copy', '/project/lgagliardi/helenclifford/practice_rcc/sharc4/methaniminium/tutorial_reproduction/traj/Singlet_2/TRAJ_00009/restart/MOLCAS.1.JobIph.112', 'JOB001']
['link', 'MOLCAS.1.JobIph', 'JOB002']
['rassi', 'overlap', [4, 4]]
['copy', 'MOLCAS.rassi.h5', 'MOLCAS.rassi.ovlp.1.h5']
['copy', '/project/lgagliardi/helenclifford/practice_rcc/sharc4/methaniminium/tutorial_reproduction/traj/Singlet_2/TRAJ_00009/restart/MOLCAS.3.JobIph.112', 'JOB001']
['link', 'MOLCAS.3.JobIph', 'JOB002']
['rassi', 'overlap', [3, 3]]
['copy', 'MOLCAS.rassi.h5', 'MOLCAS.rassi.ovlp.3.h5']
['link', 'MOLCAS.1.JobIph', 'JOB001']
['link', 'MOLCAS.3.JobIph', 'JOB002']
['rassi', 'soc', [4, 3]]
['copy', '$master_path/MOLCAS.1.JobIph', 'JOBOLD']
['rasscf', 1, 4, True, False]
['mclr', 0.0001, 'sala=1']
['alaska']
All jobs finished:
job: master          code: 0    runtime: 0:00:16.506414
job: grad_1_1        code: 0    runtime: 0:00:07.310689

Starting job execution
['gateway']
['seward']
['copy', '/project/lgagliardi/helenclifford/practice_rcc/sharc4/methaniminium/tutorial_reproduction/traj/Singlet_2/TRAJ_00009/restart/MOLCAS.1.JobIph.113', 'JOBOLD']
['rasscf', 1, 4, True, False]
['copy', 'MOLCAS.rasscf.h5', 'MOLCAS.1.rasscf.h5']
['copy', 'MOLCAS.JobIph', 'MOLCAS.1.JobIph']
['copy', '/project/lgagliardi/helenclifford/practice_rcc/sharc4/methaniminium/tutorial_reproduction/traj/Singlet_2/TRAJ_00009/restart/MOLCAS.3.JobIph.113', 'JOBOLD']
['rasscf', 3, 3, True, False]
['copy', 'MOLCAS.rasscf.h5', 'MOLCAS.3.rasscf.h5']
['copy', 'MOLCAS.JobIph', 'MOLCAS.3.JobIph']
['link', 'MOLCAS.1.JobIph', 'JOB001']
['rassi', 'dm', [4]]
['copy', 'MOLCAS.rassi.h5', 'MOLCAS.rassi.1.h5']
['link', 'MOLCAS.3.JobIph', 'JOB001']
['rassi', 'dm', [3]]
['copy', 'MOLCAS.rassi.h5', 'MOLCAS.rassi.3.h5']
['copy', '/project/lgagliardi/helenclifford/practice_rcc/sharc4/methaniminium/tutorial_reproduction/traj/Singlet_2/TRAJ_00009/restart/MOLCAS.1.JobIph.113', 'JOB001']
['link', 'MOLCAS.1.JobIph', 'JOB002']
['rassi', 'overlap', [4, 4]]
['copy', 'MOLCAS.rassi.h5', 'MOLCAS.rassi.ovlp.1.h5']
['copy', '/project/lgagliardi/helenclifford/practice_rcc/sharc4/methaniminium/tutorial_reproduction/traj/Singlet_2/TRAJ_00009/restart/MOLCAS.3.JobIph.113', 'JOB001']
['link', 'MOLCAS.3.JobIph', 'JOB002']
['rassi', 'overlap', [3, 3]]
['copy', 'MOLCAS.rassi.h5', 'MOLCAS.rassi.ovlp.3.h5']
['link', 'MOLCAS.1.JobIph', 'JOB001']
['link', 'MOLCAS.3.JobIph', 'JOB002']
['rassi', 'soc', [4, 3]]
['copy', '$master_path/MOLCAS.1.JobIph', 'JOBOLD']
['rasscf', 1, 4, True, False]
['mclr', 0.0001, 'sala=1']
['alaska']
All jobs finished:
job: master          code: 0    runtime: 0:00:19.175437
job: grad_1_1        code: 0    runtime: 0:00:08.496067

Starting job execution
['gateway']
['seward']
['copy', '/project/lgagliardi/helenclifford/practice_rcc/sharc4/methaniminium/tutorial_reproduction/traj/Singlet_2/TRAJ_00009/restart/MOLCAS.1.JobIph.114', 'JOBOLD']
['rasscf', 1, 4, True, False]
['copy', 'MOLCAS.rasscf.h5', 'MOLCAS.1.rasscf.h5']
['copy', 'MOLCAS.JobIph', 'MOLCAS.1.JobIph']
['copy', '/project/lgagliardi/helenclifford/practice_rcc/sharc4/methaniminium/tutorial_reproduction/traj/Singlet_2/TRAJ_00009/restart/MOLCAS.3.JobIph.114', 'JOBOLD']
['rasscf', 3, 3, True, False]
['copy', 'MOLCAS.rasscf.h5', 'MOLCAS.3.rasscf.h5']
['copy', 'MOLCAS.JobIph', 'MOLCAS.3.JobIph']
['link', 'MOLCAS.1.JobIph', 'JOB001']
['rassi', 'dm', [4]]
['copy', 'MOLCAS.rassi.h5', 'MOLCAS.rassi.1.h5']
['link', 'MOLCAS.3.JobIph', 'JOB001']
['rassi', 'dm', [3]]
['copy', 'MOLCAS.rassi.h5', 'MOLCAS.rassi.3.h5']
['copy', '/project/lgagliardi/helenclifford/practice_rcc/sharc4/methaniminium/tutorial_reproduction/traj/Singlet_2/TRAJ_00009/restart/MOLCAS.1.JobIph.114', 'JOB001']
['link', 'MOLCAS.1.JobIph', 'JOB002']
['rassi', 'overlap', [4, 4]]
['copy', 'MOLCAS.rassi.h5', 'MOLCAS.rassi.ovlp.1.h5']
['copy', '/project/lgagliardi/helenclifford/practice_rcc/sharc4/methaniminium/tutorial_reproduction/traj/Singlet_2/TRAJ_00009/restart/MOLCAS.3.JobIph.114', 'JOB001']
['link', 'MOLCAS.3.JobIph', 'JOB002']
['rassi', 'overlap', [3, 3]]
['copy', 'MOLCAS.rassi.h5', 'MOLCAS.rassi.ovlp.3.h5']
['link', 'MOLCAS.1.JobIph', 'JOB001']
['link', 'MOLCAS.3.JobIph', 'JOB002']
['rassi', 'soc', [4, 3]]
['copy', '$master_path/MOLCAS.1.JobIph', 'JOBOLD']
['rasscf', 1, 4, True, False]
['mclr', 0.0001, 'sala=1']
['alaska']
All jobs finished:
job: master          code: 0    runtime: 0:00:19.289859
job: grad_1_1        code: 0    runtime: 0:00:10.635978

Starting job execution
['gateway']
['seward']
['copy', '/project/lgagliardi/helenclifford/practice_rcc/sharc4/methaniminium/tutorial_reproduction/traj/Singlet_2/TRAJ_00009/restart/MOLCAS.1.JobIph.115', 'JOBOLD']
['rasscf', 1, 4, True, False]
['copy', 'MOLCAS.rasscf.h5', 'MOLCAS.1.rasscf.h5']
['copy', 'MOLCAS.JobIph', 'MOLCAS.1.JobIph']
['copy', '/project/lgagliardi/helenclifford/practice_rcc/sharc4/methaniminium/tutorial_reproduction/traj/Singlet_2/TRAJ_00009/restart/MOLCAS.3.JobIph.115', 'JOBOLD']
['rasscf', 3, 3, True, False]
['copy', 'MOLCAS.rasscf.h5', 'MOLCAS.3.rasscf.h5']
['copy', 'MOLCAS.JobIph', 'MOLCAS.3.JobIph']
['link', 'MOLCAS.1.JobIph', 'JOB001']
['rassi', 'dm', [4]]
['copy', 'MOLCAS.rassi.h5', 'MOLCAS.rassi.1.h5']
['link', 'MOLCAS.3.JobIph', 'JOB001']
['rassi', 'dm', [3]]
['copy', 'MOLCAS.rassi.h5', 'MOLCAS.rassi.3.h5']
['copy', '/project/lgagliardi/helenclifford/practice_rcc/sharc4/methaniminium/tutorial_reproduction/traj/Singlet_2/TRAJ_00009/restart/MOLCAS.1.JobIph.115', 'JOB001']
['link', 'MOLCAS.1.JobIph', 'JOB002']
['rassi', 'overlap', [4, 4]]
['copy', 'MOLCAS.rassi.h5', 'MOLCAS.rassi.ovlp.1.h5']
['copy', '/project/lgagliardi/helenclifford/practice_rcc/sharc4/methaniminium/tutorial_reproduction/traj/Singlet_2/TRAJ_00009/restart/MOLCAS.3.JobIph.115', 'JOB001']
['link', 'MOLCAS.3.JobIph', 'JOB002']
['rassi', 'overlap', [3, 3]]
['copy', 'MOLCAS.rassi.h5', 'MOLCAS.rassi.ovlp.3.h5']
['link', 'MOLCAS.1.JobIph', 'JOB001']
['link', 'MOLCAS.3.JobIph', 'JOB002']
['rassi', 'soc', [4, 3]]
['copy', '$master_path/MOLCAS.1.JobIph', 'JOBOLD']
['rasscf', 1, 4, True, False]
['mclr', 0.0001, 'sala=1']
['alaska']
All jobs finished:
job: master          code: 0    runtime: 0:00:15.087163
job: grad_1_1        code: 0    runtime: 0:00:06.564434

Starting job execution
['gateway']
['seward']
['copy', '/project/lgagliardi/helenclifford/practice_rcc/sharc4/methaniminium/tutorial_reproduction/traj/Singlet_2/TRAJ_00009/restart/MOLCAS.1.JobIph.116', 'JOBOLD']
['rasscf', 1, 4, True, False]
['copy', 'MOLCAS.rasscf.h5', 'MOLCAS.1.rasscf.h5']
['copy', 'MOLCAS.JobIph', 'MOLCAS.1.JobIph']
['copy', '/project/lgagliardi/helenclifford/practice_rcc/sharc4/methaniminium/tutorial_reproduction/traj/Singlet_2/TRAJ_00009/restart/MOLCAS.3.JobIph.116', 'JOBOLD']
['rasscf', 3, 3, True, False]
['copy', 'MOLCAS.rasscf.h5', 'MOLCAS.3.rasscf.h5']
['copy', 'MOLCAS.JobIph', 'MOLCAS.3.JobIph']
['link', 'MOLCAS.1.JobIph', 'JOB001']
['rassi', 'dm', [4]]
['copy', 'MOLCAS.rassi.h5', 'MOLCAS.rassi.1.h5']
['link', 'MOLCAS.3.JobIph', 'JOB001']
['rassi', 'dm', [3]]
['copy', 'MOLCAS.rassi.h5', 'MOLCAS.rassi.3.h5']
['copy', '/project/lgagliardi/helenclifford/practice_rcc/sharc4/methaniminium/tutorial_reproduction/traj/Singlet_2/TRAJ_00009/restart/MOLCAS.1.JobIph.116', 'JOB001']
['link', 'MOLCAS.1.JobIph', 'JOB002']
['rassi', 'overlap', [4, 4]]
['copy', 'MOLCAS.rassi.h5', 'MOLCAS.rassi.ovlp.1.h5']
['copy', '/project/lgagliardi/helenclifford/practice_rcc/sharc4/methaniminium/tutorial_reproduction/traj/Singlet_2/TRAJ_00009/restart/MOLCAS.3.JobIph.116', 'JOB001']
['link', 'MOLCAS.3.JobIph', 'JOB002']
['rassi', 'overlap', [3, 3]]
['copy', 'MOLCAS.rassi.h5', 'MOLCAS.rassi.ovlp.3.h5']
['link', 'MOLCAS.1.JobIph', 'JOB001']
['link', 'MOLCAS.3.JobIph', 'JOB002']
['rassi', 'soc', [4, 3]]
['copy', '$master_path/MOLCAS.1.JobIph', 'JOBOLD']
['rasscf', 1, 4, True, False]
['mclr', 0.0001, 'sala=1']
['alaska']
All jobs finished:
job: master          code: 0    runtime: 0:00:20.184976
job: grad_1_1        code: 0    runtime: 0:00:07.883741

Starting job execution
['gateway']
['seward']
['copy', '/project/lgagliardi/helenclifford/practice_rcc/sharc4/methaniminium/tutorial_reproduction/traj/Singlet_2/TRAJ_00009/restart/MOLCAS.1.JobIph.117', 'JOBOLD']
['rasscf', 1, 4, True, False]
['copy', 'MOLCAS.rasscf.h5', 'MOLCAS.1.rasscf.h5']
['copy', 'MOLCAS.JobIph', 'MOLCAS.1.JobIph']
['copy', '/project/lgagliardi/helenclifford/practice_rcc/sharc4/methaniminium/tutorial_reproduction/traj/Singlet_2/TRAJ_00009/restart/MOLCAS.3.JobIph.117', 'JOBOLD']
['rasscf', 3, 3, True, False]
['copy', 'MOLCAS.rasscf.h5', 'MOLCAS.3.rasscf.h5']
['copy', 'MOLCAS.JobIph', 'MOLCAS.3.JobIph']
['link', 'MOLCAS.1.JobIph', 'JOB001']
['rassi', 'dm', [4]]
['copy', 'MOLCAS.rassi.h5', 'MOLCAS.rassi.1.h5']
['link', 'MOLCAS.3.JobIph', 'JOB001']
['rassi', 'dm', [3]]
['copy', 'MOLCAS.rassi.h5', 'MOLCAS.rassi.3.h5']
['copy', '/project/lgagliardi/helenclifford/practice_rcc/sharc4/methaniminium/tutorial_reproduction/traj/Singlet_2/TRAJ_00009/restart/MOLCAS.1.JobIph.117', 'JOB001']
['link', 'MOLCAS.1.JobIph', 'JOB002']
['rassi', 'overlap', [4, 4]]
['copy', 'MOLCAS.rassi.h5', 'MOLCAS.rassi.ovlp.1.h5']
['copy', '/project/lgagliardi/helenclifford/practice_rcc/sharc4/methaniminium/tutorial_reproduction/traj/Singlet_2/TRAJ_00009/restart/MOLCAS.3.JobIph.117', 'JOB001']
['link', 'MOLCAS.3.JobIph', 'JOB002']
['rassi', 'overlap', [3, 3]]
['copy', 'MOLCAS.rassi.h5', 'MOLCAS.rassi.ovlp.3.h5']
['link', 'MOLCAS.1.JobIph', 'JOB001']
['link', 'MOLCAS.3.JobIph', 'JOB002']
['rassi', 'soc', [4, 3]]
['copy', '$master_path/MOLCAS.1.JobIph', 'JOBOLD']
['rasscf', 1, 4, True, False]
['mclr', 0.0001, 'sala=1']
['alaska']
All jobs finished:
job: master          code: 0    runtime: 0:00:19.089554
job: grad_1_1        code: 0    runtime: 0:00:09.875404

Starting job execution
['gateway']
['seward']
['copy', '/project/lgagliardi/helenclifford/practice_rcc/sharc4/methaniminium/tutorial_reproduction/traj/Singlet_2/TRAJ_00009/restart/MOLCAS.1.JobIph.118', 'JOBOLD']
['rasscf', 1, 4, True, False]
['copy', 'MOLCAS.rasscf.h5', 'MOLCAS.1.rasscf.h5']
['copy', 'MOLCAS.JobIph', 'MOLCAS.1.JobIph']
['copy', '/project/lgagliardi/helenclifford/practice_rcc/sharc4/methaniminium/tutorial_reproduction/traj/Singlet_2/TRAJ_00009/restart/MOLCAS.3.JobIph.118', 'JOBOLD']
['rasscf', 3, 3, True, False]
['copy', 'MOLCAS.rasscf.h5', 'MOLCAS.3.rasscf.h5']
['copy', 'MOLCAS.JobIph', 'MOLCAS.3.JobIph']
['link', 'MOLCAS.1.JobIph', 'JOB001']
['rassi', 'dm', [4]]
['copy', 'MOLCAS.rassi.h5', 'MOLCAS.rassi.1.h5']
['link', 'MOLCAS.3.JobIph', 'JOB001']
['rassi', 'dm', [3]]
['copy', 'MOLCAS.rassi.h5', 'MOLCAS.rassi.3.h5']
['copy', '/project/lgagliardi/helenclifford/practice_rcc/sharc4/methaniminium/tutorial_reproduction/traj/Singlet_2/TRAJ_00009/restart/MOLCAS.1.JobIph.118', 'JOB001']
['link', 'MOLCAS.1.JobIph', 'JOB002']
['rassi', 'overlap', [4, 4]]
['copy', 'MOLCAS.rassi.h5', 'MOLCAS.rassi.ovlp.1.h5']
['copy', '/project/lgagliardi/helenclifford/practice_rcc/sharc4/methaniminium/tutorial_reproduction/traj/Singlet_2/TRAJ_00009/restart/MOLCAS.3.JobIph.118', 'JOB001']
['link', 'MOLCAS.3.JobIph', 'JOB002']
['rassi', 'overlap', [3, 3]]
['copy', 'MOLCAS.rassi.h5', 'MOLCAS.rassi.ovlp.3.h5']
['link', 'MOLCAS.1.JobIph', 'JOB001']
['link', 'MOLCAS.3.JobIph', 'JOB002']
['rassi', 'soc', [4, 3]]
['copy', '$master_path/MOLCAS.1.JobIph', 'JOBOLD']
['rasscf', 1, 4, True, False]
['mclr', 0.0001, 'sala=1']
['alaska']
All jobs finished:
job: master          code: 0    runtime: 0:00:16.130677
job: grad_1_1        code: 0    runtime: 0:00:14.917857

Starting job execution
['gateway']
['seward']
['copy', '/project/lgagliardi/helenclifford/practice_rcc/sharc4/methaniminium/tutorial_reproduction/traj/Singlet_2/TRAJ_00009/restart/MOLCAS.1.JobIph.119', 'JOBOLD']
['rasscf', 1, 4, True, False]
['copy', 'MOLCAS.rasscf.h5', 'MOLCAS.1.rasscf.h5']
['copy', 'MOLCAS.JobIph', 'MOLCAS.1.JobIph']
['copy', '/project/lgagliardi/helenclifford/practice_rcc/sharc4/methaniminium/tutorial_reproduction/traj/Singlet_2/TRAJ_00009/restart/MOLCAS.3.JobIph.119', 'JOBOLD']
['rasscf', 3, 3, True, False]
['copy', 'MOLCAS.rasscf.h5', 'MOLCAS.3.rasscf.h5']
['copy', 'MOLCAS.JobIph', 'MOLCAS.3.JobIph']
['link', 'MOLCAS.1.JobIph', 'JOB001']
['rassi', 'dm', [4]]
['copy', 'MOLCAS.rassi.h5', 'MOLCAS.rassi.1.h5']
['link', 'MOLCAS.3.JobIph', 'JOB001']
['rassi', 'dm', [3]]
['copy', 'MOLCAS.rassi.h5', 'MOLCAS.rassi.3.h5']
['copy', '/project/lgagliardi/helenclifford/practice_rcc/sharc4/methaniminium/tutorial_reproduction/traj/Singlet_2/TRAJ_00009/restart/MOLCAS.1.JobIph.119', 'JOB001']
['link', 'MOLCAS.1.JobIph', 'JOB002']
['rassi', 'overlap', [4, 4]]
['copy', 'MOLCAS.rassi.h5', 'MOLCAS.rassi.ovlp.1.h5']
['copy', '/project/lgagliardi/helenclifford/practice_rcc/sharc4/methaniminium/tutorial_reproduction/traj/Singlet_2/TRAJ_00009/restart/MOLCAS.3.JobIph.119', 'JOB001']
['link', 'MOLCAS.3.JobIph', 'JOB002']
['rassi', 'overlap', [3, 3]]
['copy', 'MOLCAS.rassi.h5', 'MOLCAS.rassi.ovlp.3.h5']
['link', 'MOLCAS.1.JobIph', 'JOB001']
['link', 'MOLCAS.3.JobIph', 'JOB002']
['rassi', 'soc', [4, 3]]
['copy', '$master_path/MOLCAS.1.JobIph', 'JOBOLD']
['rasscf', 1, 4, True, False]
['mclr', 0.0001, 'sala=1']
['alaska']
All jobs finished:
job: master          code: 0    runtime: 0:00:17.460435
job: grad_1_1        code: 0    runtime: 0:00:09.417833

Starting job execution
['gateway']
['seward']
['copy', '/project/lgagliardi/helenclifford/practice_rcc/sharc4/methaniminium/tutorial_reproduction/traj/Singlet_2/TRAJ_00009/restart/MOLCAS.1.JobIph.120', 'JOBOLD']
['rasscf', 1, 4, True, False]
['copy', 'MOLCAS.rasscf.h5', 'MOLCAS.1.rasscf.h5']
['copy', 'MOLCAS.JobIph', 'MOLCAS.1.JobIph']
['copy', '/project/lgagliardi/helenclifford/practice_rcc/sharc4/methaniminium/tutorial_reproduction/traj/Singlet_2/TRAJ_00009/restart/MOLCAS.3.JobIph.120', 'JOBOLD']
['rasscf', 3, 3, True, False]
['copy', 'MOLCAS.rasscf.h5', 'MOLCAS.3.rasscf.h5']
['copy', 'MOLCAS.JobIph', 'MOLCAS.3.JobIph']
['link', 'MOLCAS.1.JobIph', 'JOB001']
['rassi', 'dm', [4]]
['copy', 'MOLCAS.rassi.h5', 'MOLCAS.rassi.1.h5']
['link', 'MOLCAS.3.JobIph', 'JOB001']
['rassi', 'dm', [3]]
['copy', 'MOLCAS.rassi.h5', 'MOLCAS.rassi.3.h5']
['copy', '/project/lgagliardi/helenclifford/practice_rcc/sharc4/methaniminium/tutorial_reproduction/traj/Singlet_2/TRAJ_00009/restart/MOLCAS.1.JobIph.120', 'JOB001']
['link', 'MOLCAS.1.JobIph', 'JOB002']
['rassi', 'overlap', [4, 4]]
['copy', 'MOLCAS.rassi.h5', 'MOLCAS.rassi.ovlp.1.h5']
['copy', '/project/lgagliardi/helenclifford/practice_rcc/sharc4/methaniminium/tutorial_reproduction/traj/Singlet_2/TRAJ_00009/restart/MOLCAS.3.JobIph.120', 'JOB001']
['link', 'MOLCAS.3.JobIph', 'JOB002']
['rassi', 'overlap', [3, 3]]
['copy', 'MOLCAS.rassi.h5', 'MOLCAS.rassi.ovlp.3.h5']
['link', 'MOLCAS.1.JobIph', 'JOB001']
['link', 'MOLCAS.3.JobIph', 'JOB002']
['rassi', 'soc', [4, 3]]
['copy', '$master_path/MOLCAS.1.JobIph', 'JOBOLD']
['rasscf', 1, 4, True, False]
['mclr', 0.0001, 'sala=1']
['alaska']
All jobs finished:
job: master          code: 0    runtime: 0:00:19.689394
job: grad_1_1        code: 0    runtime: 0:00:10.273746

Starting job execution
['gateway']
['seward']
['copy', '/project/lgagliardi/helenclifford/practice_rcc/sharc4/methaniminium/tutorial_reproduction/traj/Singlet_2/TRAJ_00009/restart/MOLCAS.1.JobIph.121', 'JOBOLD']
['rasscf', 1, 4, True, False]
['copy', 'MOLCAS.rasscf.h5', 'MOLCAS.1.rasscf.h5']
['copy', 'MOLCAS.JobIph', 'MOLCAS.1.JobIph']
['copy', '/project/lgagliardi/helenclifford/practice_rcc/sharc4/methaniminium/tutorial_reproduction/traj/Singlet_2/TRAJ_00009/restart/MOLCAS.3.JobIph.121', 'JOBOLD']
['rasscf', 3, 3, True, False]
['copy', 'MOLCAS.rasscf.h5', 'MOLCAS.3.rasscf.h5']
['copy', 'MOLCAS.JobIph', 'MOLCAS.3.JobIph']
['link', 'MOLCAS.1.JobIph', 'JOB001']
['rassi', 'dm', [4]]
['copy', 'MOLCAS.rassi.h5', 'MOLCAS.rassi.1.h5']
['link', 'MOLCAS.3.JobIph', 'JOB001']
['rassi', 'dm', [3]]
['copy', 'MOLCAS.rassi.h5', 'MOLCAS.rassi.3.h5']
['copy', '/project/lgagliardi/helenclifford/practice_rcc/sharc4/methaniminium/tutorial_reproduction/traj/Singlet_2/TRAJ_00009/restart/MOLCAS.1.JobIph.121', 'JOB001']
['link', 'MOLCAS.1.JobIph', 'JOB002']
['rassi', 'overlap', [4, 4]]
['copy', 'MOLCAS.rassi.h5', 'MOLCAS.rassi.ovlp.1.h5']
['copy', '/project/lgagliardi/helenclifford/practice_rcc/sharc4/methaniminium/tutorial_reproduction/traj/Singlet_2/TRAJ_00009/restart/MOLCAS.3.JobIph.121', 'JOB001']
['link', 'MOLCAS.3.JobIph', 'JOB002']
['rassi', 'overlap', [3, 3]]
['copy', 'MOLCAS.rassi.h5', 'MOLCAS.rassi.ovlp.3.h5']
['link', 'MOLCAS.1.JobIph', 'JOB001']
['link', 'MOLCAS.3.JobIph', 'JOB002']
['rassi', 'soc', [4, 3]]
['copy', '$master_path/MOLCAS.1.JobIph', 'JOBOLD']
['rasscf', 1, 4, True, False]
['mclr', 0.0001, 'sala=1']
['alaska']
All jobs finished:
job: master          code: 0    runtime: 0:00:22.888526
job: grad_1_1        code: 0    runtime: 0:00:10.460588

Starting job execution
['gateway']
['seward']
['copy', '/project/lgagliardi/helenclifford/practice_rcc/sharc4/methaniminium/tutorial_reproduction/traj/Singlet_2/TRAJ_00009/restart/MOLCAS.1.JobIph.122', 'JOBOLD']
['rasscf', 1, 4, True, False]
['copy', 'MOLCAS.rasscf.h5', 'MOLCAS.1.rasscf.h5']
['copy', 'MOLCAS.JobIph', 'MOLCAS.1.JobIph']
['copy', '/project/lgagliardi/helenclifford/practice_rcc/sharc4/methaniminium/tutorial_reproduction/traj/Singlet_2/TRAJ_00009/restart/MOLCAS.3.JobIph.122', 'JOBOLD']
['rasscf', 3, 3, True, False]
['copy', 'MOLCAS.rasscf.h5', 'MOLCAS.3.rasscf.h5']
['copy', 'MOLCAS.JobIph', 'MOLCAS.3.JobIph']
['link', 'MOLCAS.1.JobIph', 'JOB001']
['rassi', 'dm', [4]]
['copy', 'MOLCAS.rassi.h5', 'MOLCAS.rassi.1.h5']
['link', 'MOLCAS.3.JobIph', 'JOB001']
['rassi', 'dm', [3]]
['copy', 'MOLCAS.rassi.h5', 'MOLCAS.rassi.3.h5']
['copy', '/project/lgagliardi/helenclifford/practice_rcc/sharc4/methaniminium/tutorial_reproduction/traj/Singlet_2/TRAJ_00009/restart/MOLCAS.1.JobIph.122', 'JOB001']
['link', 'MOLCAS.1.JobIph', 'JOB002']
['rassi', 'overlap', [4, 4]]
['copy', 'MOLCAS.rassi.h5', 'MOLCAS.rassi.ovlp.1.h5']
['copy', '/project/lgagliardi/helenclifford/practice_rcc/sharc4/methaniminium/tutorial_reproduction/traj/Singlet_2/TRAJ_00009/restart/MOLCAS.3.JobIph.122', 'JOB001']
['link', 'MOLCAS.3.JobIph', 'JOB002']
['rassi', 'overlap', [3, 3]]
['copy', 'MOLCAS.rassi.h5', 'MOLCAS.rassi.ovlp.3.h5']
['link', 'MOLCAS.1.JobIph', 'JOB001']
['link', 'MOLCAS.3.JobIph', 'JOB002']
['rassi', 'soc', [4, 3]]
['copy', '$master_path/MOLCAS.1.JobIph', 'JOBOLD']
['rasscf', 1, 4, True, False]
['mclr', 0.0001, 'sala=1']
['alaska']
All jobs finished:
job: master          code: 0    runtime: 0:00:18.985623
job: grad_1_1        code: 0    runtime: 0:00:07.053604

Starting job execution
['gateway']
['seward']
['copy', '/project/lgagliardi/helenclifford/practice_rcc/sharc4/methaniminium/tutorial_reproduction/traj/Singlet_2/TRAJ_00009/restart/MOLCAS.1.JobIph.123', 'JOBOLD']
['rasscf', 1, 4, True, False]
['copy', 'MOLCAS.rasscf.h5', 'MOLCAS.1.rasscf.h5']
['copy', 'MOLCAS.JobIph', 'MOLCAS.1.JobIph']
['copy', '/project/lgagliardi/helenclifford/practice_rcc/sharc4/methaniminium/tutorial_reproduction/traj/Singlet_2/TRAJ_00009/restart/MOLCAS.3.JobIph.123', 'JOBOLD']
['rasscf', 3, 3, True, False]
['copy', 'MOLCAS.rasscf.h5', 'MOLCAS.3.rasscf.h5']
['copy', 'MOLCAS.JobIph', 'MOLCAS.3.JobIph']
['link', 'MOLCAS.1.JobIph', 'JOB001']
['rassi', 'dm', [4]]
['copy', 'MOLCAS.rassi.h5', 'MOLCAS.rassi.1.h5']
['link', 'MOLCAS.3.JobIph', 'JOB001']
['rassi', 'dm', [3]]
['copy', 'MOLCAS.rassi.h5', 'MOLCAS.rassi.3.h5']
['copy', '/project/lgagliardi/helenclifford/practice_rcc/sharc4/methaniminium/tutorial_reproduction/traj/Singlet_2/TRAJ_00009/restart/MOLCAS.1.JobIph.123', 'JOB001']
['link', 'MOLCAS.1.JobIph', 'JOB002']
['rassi', 'overlap', [4, 4]]
['copy', 'MOLCAS.rassi.h5', 'MOLCAS.rassi.ovlp.1.h5']
['copy', '/project/lgagliardi/helenclifford/practice_rcc/sharc4/methaniminium/tutorial_reproduction/traj/Singlet_2/TRAJ_00009/restart/MOLCAS.3.JobIph.123', 'JOB001']
['link', 'MOLCAS.3.JobIph', 'JOB002']
['rassi', 'overlap', [3, 3]]
['copy', 'MOLCAS.rassi.h5', 'MOLCAS.rassi.ovlp.3.h5']
['link', 'MOLCAS.1.JobIph', 'JOB001']
['link', 'MOLCAS.3.JobIph', 'JOB002']
['rassi', 'soc', [4, 3]]
['copy', '$master_path/MOLCAS.1.JobIph', 'JOBOLD']
['rasscf', 1, 4, True, False]
['mclr', 0.0001, 'sala=1']
['alaska']
All jobs finished:
job: master          code: 0    runtime: 0:00:17.780584
job: grad_1_1        code: 0    runtime: 0:00:12.164018

Starting job execution
['gateway']
['seward']
['copy', '/project/lgagliardi/helenclifford/practice_rcc/sharc4/methaniminium/tutorial_reproduction/traj/Singlet_2/TRAJ_00009/restart/MOLCAS.1.JobIph.124', 'JOBOLD']
['rasscf', 1, 4, True, False]
['copy', 'MOLCAS.rasscf.h5', 'MOLCAS.1.rasscf.h5']
['copy', 'MOLCAS.JobIph', 'MOLCAS.1.JobIph']
['copy', '/project/lgagliardi/helenclifford/practice_rcc/sharc4/methaniminium/tutorial_reproduction/traj/Singlet_2/TRAJ_00009/restart/MOLCAS.3.JobIph.124', 'JOBOLD']
['rasscf', 3, 3, True, False]
['copy', 'MOLCAS.rasscf.h5', 'MOLCAS.3.rasscf.h5']
['copy', 'MOLCAS.JobIph', 'MOLCAS.3.JobIph']
['link', 'MOLCAS.1.JobIph', 'JOB001']
['rassi', 'dm', [4]]
['copy', 'MOLCAS.rassi.h5', 'MOLCAS.rassi.1.h5']
['link', 'MOLCAS.3.JobIph', 'JOB001']
['rassi', 'dm', [3]]
['copy', 'MOLCAS.rassi.h5', 'MOLCAS.rassi.3.h5']
['copy', '/project/lgagliardi/helenclifford/practice_rcc/sharc4/methaniminium/tutorial_reproduction/traj/Singlet_2/TRAJ_00009/restart/MOLCAS.1.JobIph.123', 'JOB001']
['link', 'MOLCAS.1.JobIph', 'JOB002']
['rassi', 'overlap', [4, 4]]
['copy', 'MOLCAS.rassi.h5', 'MOLCAS.rassi.ovlp.1.h5']
['copy', '/project/lgagliardi/helenclifford/practice_rcc/sharc4/methaniminium/tutorial_reproduction/traj/Singlet_2/TRAJ_00009/restart/MOLCAS.3.JobIph.123', 'JOB001']
['link', 'MOLCAS.3.JobIph', 'JOB002']
['rassi', 'overlap', [3, 3]]
['copy', 'MOLCAS.rassi.h5', 'MOLCAS.rassi.ovlp.3.h5']
['link', 'MOLCAS.1.JobIph', 'JOB001']
['link', 'MOLCAS.3.JobIph', 'JOB002']
['rassi', 'soc', [4, 3]]
['copy', '$master_path/MOLCAS.3.JobIph', 'JOBOLD']
['rasscf', 3, 3, True, False]
['mclr', 0.0001, 'sala=1']
['alaska']
['copy', '$master_path/MOLCAS.1.JobIph', 'JOBOLD']
['rasscf', 1, 4, True, False]
['mclr', 0.0001, 'sala=1']
['alaska']
All jobs finished:
job: master          code: 0    runtime: 0:00:16.361482
job: grad_3_1        code: 0    runtime: 0:00:09.045489
job: grad_1_1        code: 0    runtime: 0:00:09.743524

Starting job execution
['gateway']
['seward']
['copy', '/project/lgagliardi/helenclifford/practice_rcc/sharc4/methaniminium/tutorial_reproduction/traj/Singlet_2/TRAJ_00009/restart/MOLCAS.1.JobIph.124', 'JOBOLD']
['rasscf', 1, 4, True, False]
['copy', 'MOLCAS.rasscf.h5', 'MOLCAS.1.rasscf.h5']
['copy', 'MOLCAS.JobIph', 'MOLCAS.1.JobIph']
['copy', '/project/lgagliardi/helenclifford/practice_rcc/sharc4/methaniminium/tutorial_reproduction/traj/Singlet_2/TRAJ_00009/restart/MOLCAS.3.JobIph.124', 'JOBOLD']
['rasscf', 3, 3, True, False]
['copy', 'MOLCAS.rasscf.h5', 'MOLCAS.3.rasscf.h5']
['copy', 'MOLCAS.JobIph', 'MOLCAS.3.JobIph']
['link', 'MOLCAS.1.JobIph', 'JOB001']
['rassi', 'dm', [4]]
['copy', 'MOLCAS.rassi.h5', 'MOLCAS.rassi.1.h5']
['link', 'MOLCAS.3.JobIph', 'JOB001']
['rassi', 'dm', [3]]
['copy', 'MOLCAS.rassi.h5', 'MOLCAS.rassi.3.h5']
['copy', '/project/lgagliardi/helenclifford/practice_rcc/sharc4/methaniminium/tutorial_reproduction/traj/Singlet_2/TRAJ_00009/restart/MOLCAS.1.JobIph.124', 'JOB001']
['link', 'MOLCAS.1.JobIph', 'JOB002']
['rassi', 'overlap', [4, 4]]
['copy', 'MOLCAS.rassi.h5', 'MOLCAS.rassi.ovlp.1.h5']
['copy', '/project/lgagliardi/helenclifford/practice_rcc/sharc4/methaniminium/tutorial_reproduction/traj/Singlet_2/TRAJ_00009/restart/MOLCAS.3.JobIph.124', 'JOB001']
['link', 'MOLCAS.3.JobIph', 'JOB002']
['rassi', 'overlap', [3, 3]]
['copy', 'MOLCAS.rassi.h5', 'MOLCAS.rassi.ovlp.3.h5']
['link', 'MOLCAS.1.JobIph', 'JOB001']
['link', 'MOLCAS.3.JobIph', 'JOB002']
['rassi', 'soc', [4, 3]]
['copy', '$master_path/MOLCAS.3.JobIph', 'JOBOLD']
['rasscf', 3, 3, True, False]
['mclr', 0.0001, 'sala=1']
['alaska']
['copy', '$master_path/MOLCAS.1.JobIph', 'JOBOLD']
['rasscf', 1, 4, True, False]
['mclr', 0.0001, 'sala=1']
['alaska']
All jobs finished:
job: master          code: 0    runtime: 0:00:21.500430
job: grad_3_1        code: 0    runtime: 0:00:08.588021
job: grad_1_1        code: 0    runtime: 0:00:10.718886

Starting job execution
['gateway']
['seward']
['copy', '/project/lgagliardi/helenclifford/practice_rcc/sharc4/methaniminium/tutorial_reproduction/traj/Singlet_2/TRAJ_00009/restart/MOLCAS.1.JobIph.125', 'JOBOLD']
['rasscf', 1, 4, True, False]
['copy', 'MOLCAS.rasscf.h5', 'MOLCAS.1.rasscf.h5']
['copy', 'MOLCAS.JobIph', 'MOLCAS.1.JobIph']
['copy', '/project/lgagliardi/helenclifford/practice_rcc/sharc4/methaniminium/tutorial_reproduction/traj/Singlet_2/TRAJ_00009/restart/MOLCAS.3.JobIph.125', 'JOBOLD']
['rasscf', 3, 3, True, False]
['copy', 'MOLCAS.rasscf.h5', 'MOLCAS.3.rasscf.h5']
['copy', 'MOLCAS.JobIph', 'MOLCAS.3.JobIph']
['link', 'MOLCAS.1.JobIph', 'JOB001']
['rassi', 'dm', [4]]
['copy', 'MOLCAS.rassi.h5', 'MOLCAS.rassi.1.h5']
['link', 'MOLCAS.3.JobIph', 'JOB001']
['rassi', 'dm', [3]]
['copy', 'MOLCAS.rassi.h5', 'MOLCAS.rassi.3.h5']
['copy', '/project/lgagliardi/helenclifford/practice_rcc/sharc4/methaniminium/tutorial_reproduction/traj/Singlet_2/TRAJ_00009/restart/MOLCAS.1.JobIph.125', 'JOB001']
['link', 'MOLCAS.1.JobIph', 'JOB002']
['rassi', 'overlap', [4, 4]]
['copy', 'MOLCAS.rassi.h5', 'MOLCAS.rassi.ovlp.1.h5']
['copy', '/project/lgagliardi/helenclifford/practice_rcc/sharc4/methaniminium/tutorial_reproduction/traj/Singlet_2/TRAJ_00009/restart/MOLCAS.3.JobIph.125', 'JOB001']
['link', 'MOLCAS.3.JobIph', 'JOB002']
['rassi', 'overlap', [3, 3]]
['copy', 'MOLCAS.rassi.h5', 'MOLCAS.rassi.ovlp.3.h5']
['link', 'MOLCAS.1.JobIph', 'JOB001']
['link', 'MOLCAS.3.JobIph', 'JOB002']
['rassi', 'soc', [4, 3]]
['copy', '$master_path/MOLCAS.1.JobIph', 'JOBOLD']
['rasscf', 1, 4, True, False]
['mclr', 0.0001, 'sala=1']
['alaska']
All jobs finished:
job: master          code: 0    runtime: 0:00:22.268869
job: grad_1_1        code: 0    runtime: 0:00:02.898101

Starting job execution
['gateway']
['seward']
['copy', '/project/lgagliardi/helenclifford/practice_rcc/sharc4/methaniminium/tutorial_reproduction/traj/Singlet_2/TRAJ_00009/restart/MOLCAS.1.JobIph.126', 'JOBOLD']
['rasscf', 1, 4, True, False]
['copy', 'MOLCAS.rasscf.h5', 'MOLCAS.1.rasscf.h5']
['copy', 'MOLCAS.JobIph', 'MOLCAS.1.JobIph']
['copy', '/project/lgagliardi/helenclifford/practice_rcc/sharc4/methaniminium/tutorial_reproduction/traj/Singlet_2/TRAJ_00009/restart/MOLCAS.3.JobIph.126', 'JOBOLD']
['rasscf', 3, 3, True, False]
['copy', 'MOLCAS.rasscf.h5', 'MOLCAS.3.rasscf.h5']
['copy', 'MOLCAS.JobIph', 'MOLCAS.3.JobIph']
['link', 'MOLCAS.1.JobIph', 'JOB001']
['rassi', 'dm', [4]]
['copy', 'MOLCAS.rassi.h5', 'MOLCAS.rassi.1.h5']
['link', 'MOLCAS.3.JobIph', 'JOB001']
['rassi', 'dm', [3]]
['copy', 'MOLCAS.rassi.h5', 'MOLCAS.rassi.3.h5']
['copy', '/project/lgagliardi/helenclifford/practice_rcc/sharc4/methaniminium/tutorial_reproduction/traj/Singlet_2/TRAJ_00009/restart/MOLCAS.1.JobIph.126', 'JOB001']
['link', 'MOLCAS.1.JobIph', 'JOB002']
['rassi', 'overlap', [4, 4]]
['copy', 'MOLCAS.rassi.h5', 'MOLCAS.rassi.ovlp.1.h5']
['copy', '/project/lgagliardi/helenclifford/practice_rcc/sharc4/methaniminium/tutorial_reproduction/traj/Singlet_2/TRAJ_00009/restart/MOLCAS.3.JobIph.126', 'JOB001']
['link', 'MOLCAS.3.JobIph', 'JOB002']
['rassi', 'overlap', [3, 3]]
['copy', 'MOLCAS.rassi.h5', 'MOLCAS.rassi.ovlp.3.h5']
['link', 'MOLCAS.1.JobIph', 'JOB001']
['link', 'MOLCAS.3.JobIph', 'JOB002']
['rassi', 'soc', [4, 3]]
['copy', '$master_path/MOLCAS.1.JobIph', 'JOBOLD']
['rasscf', 1, 4, True, False]
['mclr', 0.0001, 'sala=1']
['alaska']
All jobs finished:
job: master          code: 0    runtime: 0:00:24.231069
job: grad_1_1        code: 0    runtime: 0:00:08.405001

Starting job execution
['gateway']
['seward']
['copy', '/project/lgagliardi/helenclifford/practice_rcc/sharc4/methaniminium/tutorial_reproduction/traj/Singlet_2/TRAJ_00009/restart/MOLCAS.1.JobIph.127', 'JOBOLD']
['rasscf', 1, 4, True, False]
['copy', 'MOLCAS.rasscf.h5', 'MOLCAS.1.rasscf.h5']
['copy', 'MOLCAS.JobIph', 'MOLCAS.1.JobIph']
['copy', '/project/lgagliardi/helenclifford/practice_rcc/sharc4/methaniminium/tutorial_reproduction/traj/Singlet_2/TRAJ_00009/restart/MOLCAS.3.JobIph.127', 'JOBOLD']
['rasscf', 3, 3, True, False]
['copy', 'MOLCAS.rasscf.h5', 'MOLCAS.3.rasscf.h5']
['copy', 'MOLCAS.JobIph', 'MOLCAS.3.JobIph']
['link', 'MOLCAS.1.JobIph', 'JOB001']
['rassi', 'dm', [4]]
['copy', 'MOLCAS.rassi.h5', 'MOLCAS.rassi.1.h5']
['link', 'MOLCAS.3.JobIph', 'JOB001']
['rassi', 'dm', [3]]
['copy', 'MOLCAS.rassi.h5', 'MOLCAS.rassi.3.h5']
['copy', '/project/lgagliardi/helenclifford/practice_rcc/sharc4/methaniminium/tutorial_reproduction/traj/Singlet_2/TRAJ_00009/restart/MOLCAS.1.JobIph.127', 'JOB001']
['link', 'MOLCAS.1.JobIph', 'JOB002']
['rassi', 'overlap', [4, 4]]
['copy', 'MOLCAS.rassi.h5', 'MOLCAS.rassi.ovlp.1.h5']
['copy', '/project/lgagliardi/helenclifford/practice_rcc/sharc4/methaniminium/tutorial_reproduction/traj/Singlet_2/TRAJ_00009/restart/MOLCAS.3.JobIph.127', 'JOB001']
['link', 'MOLCAS.3.JobIph', 'JOB002']
['rassi', 'overlap', [3, 3]]
['copy', 'MOLCAS.rassi.h5', 'MOLCAS.rassi.ovlp.3.h5']
['link', 'MOLCAS.1.JobIph', 'JOB001']
['link', 'MOLCAS.3.JobIph', 'JOB002']
['rassi', 'soc', [4, 3]]
['copy', '$master_path/MOLCAS.1.JobIph', 'JOBOLD']
['rasscf', 1, 4, True, False]
['mclr', 0.0001, 'sala=1']
['alaska']
All jobs finished:
job: master          code: 0    runtime: 0:00:15.847904
job: grad_1_1        code: 0    runtime: 0:00:12.653316

Starting job execution
['gateway']
['seward']
['copy', '/project/lgagliardi/helenclifford/practice_rcc/sharc4/methaniminium/tutorial_reproduction/traj/Singlet_2/TRAJ_00009/restart/MOLCAS.1.JobIph.128', 'JOBOLD']
['rasscf', 1, 4, True, False]
['copy', 'MOLCAS.rasscf.h5', 'MOLCAS.1.rasscf.h5']
['copy', 'MOLCAS.JobIph', 'MOLCAS.1.JobIph']
['copy', '/project/lgagliardi/helenclifford/practice_rcc/sharc4/methaniminium/tutorial_reproduction/traj/Singlet_2/TRAJ_00009/restart/MOLCAS.3.JobIph.128', 'JOBOLD']
['rasscf', 3, 3, True, False]
['copy', 'MOLCAS.rasscf.h5', 'MOLCAS.3.rasscf.h5']
['copy', 'MOLCAS.JobIph', 'MOLCAS.3.JobIph']
['link', 'MOLCAS.1.JobIph', 'JOB001']
['rassi', 'dm', [4]]
['copy', 'MOLCAS.rassi.h5', 'MOLCAS.rassi.1.h5']
['link', 'MOLCAS.3.JobIph', 'JOB001']
['rassi', 'dm', [3]]
['copy', 'MOLCAS.rassi.h5', 'MOLCAS.rassi.3.h5']
['copy', '/project/lgagliardi/helenclifford/practice_rcc/sharc4/methaniminium/tutorial_reproduction/traj/Singlet_2/TRAJ_00009/restart/MOLCAS.1.JobIph.128', 'JOB001']
['link', 'MOLCAS.1.JobIph', 'JOB002']
['rassi', 'overlap', [4, 4]]
['copy', 'MOLCAS.rassi.h5', 'MOLCAS.rassi.ovlp.1.h5']
['copy', '/project/lgagliardi/helenclifford/practice_rcc/sharc4/methaniminium/tutorial_reproduction/traj/Singlet_2/TRAJ_00009/restart/MOLCAS.3.JobIph.128', 'JOB001']
['link', 'MOLCAS.3.JobIph', 'JOB002']
['rassi', 'overlap', [3, 3]]
['copy', 'MOLCAS.rassi.h5', 'MOLCAS.rassi.ovlp.3.h5']
['link', 'MOLCAS.1.JobIph', 'JOB001']
['link', 'MOLCAS.3.JobIph', 'JOB002']
['rassi', 'soc', [4, 3]]
['copy', '$master_path/MOLCAS.1.JobIph', 'JOBOLD']
['rasscf', 1, 4, True, False]
['mclr', 0.0001, 'sala=1']
['alaska']
All jobs finished:
job: master          code: 0    runtime: 0:00:24.513603
job: grad_1_1        code: 0    runtime: 0:00:08.437081

Starting job execution
['gateway']
['seward']
['copy', '/project/lgagliardi/helenclifford/practice_rcc/sharc4/methaniminium/tutorial_reproduction/traj/Singlet_2/TRAJ_00009/restart/MOLCAS.1.JobIph.129', 'JOBOLD']
['rasscf', 1, 4, True, False]
['copy', 'MOLCAS.rasscf.h5', 'MOLCAS.1.rasscf.h5']
['copy', 'MOLCAS.JobIph', 'MOLCAS.1.JobIph']
['copy', '/project/lgagliardi/helenclifford/practice_rcc/sharc4/methaniminium/tutorial_reproduction/traj/Singlet_2/TRAJ_00009/restart/MOLCAS.3.JobIph.129', 'JOBOLD']
['rasscf', 3, 3, True, False]
['copy', 'MOLCAS.rasscf.h5', 'MOLCAS.3.rasscf.h5']
['copy', 'MOLCAS.JobIph', 'MOLCAS.3.JobIph']
['link', 'MOLCAS.1.JobIph', 'JOB001']
['rassi', 'dm', [4]]
['copy', 'MOLCAS.rassi.h5', 'MOLCAS.rassi.1.h5']
['link', 'MOLCAS.3.JobIph', 'JOB001']
['rassi', 'dm', [3]]
['copy', 'MOLCAS.rassi.h5', 'MOLCAS.rassi.3.h5']
['copy', '/project/lgagliardi/helenclifford/practice_rcc/sharc4/methaniminium/tutorial_reproduction/traj/Singlet_2/TRAJ_00009/restart/MOLCAS.1.JobIph.129', 'JOB001']
['link', 'MOLCAS.1.JobIph', 'JOB002']
['rassi', 'overlap', [4, 4]]
['copy', 'MOLCAS.rassi.h5', 'MOLCAS.rassi.ovlp.1.h5']
['copy', '/project/lgagliardi/helenclifford/practice_rcc/sharc4/methaniminium/tutorial_reproduction/traj/Singlet_2/TRAJ_00009/restart/MOLCAS.3.JobIph.129', 'JOB001']
['link', 'MOLCAS.3.JobIph', 'JOB002']
['rassi', 'overlap', [3, 3]]
['copy', 'MOLCAS.rassi.h5', 'MOLCAS.rassi.ovlp.3.h5']
['link', 'MOLCAS.1.JobIph', 'JOB001']
['link', 'MOLCAS.3.JobIph', 'JOB002']
['rassi', 'soc', [4, 3]]
['copy', '$master_path/MOLCAS.1.JobIph', 'JOBOLD']
['rasscf', 1, 4, True, False]
['mclr', 0.0001, 'sala=1']
['alaska']
All jobs finished:
job: master          code: 0    runtime: 0:00:18.386112
job: grad_1_1        code: 0    runtime: 0:00:12.661158

Starting job execution
['gateway']
['seward']
['copy', '/project/lgagliardi/helenclifford/practice_rcc/sharc4/methaniminium/tutorial_reproduction/traj/Singlet_2/TRAJ_00009/restart/MOLCAS.1.JobIph.130', 'JOBOLD']
['rasscf', 1, 4, True, False]
['copy', 'MOLCAS.rasscf.h5', 'MOLCAS.1.rasscf.h5']
['copy', 'MOLCAS.JobIph', 'MOLCAS.1.JobIph']
['copy', '/project/lgagliardi/helenclifford/practice_rcc/sharc4/methaniminium/tutorial_reproduction/traj/Singlet_2/TRAJ_00009/restart/MOLCAS.3.JobIph.130', 'JOBOLD']
['rasscf', 3, 3, True, False]
['copy', 'MOLCAS.rasscf.h5', 'MOLCAS.3.rasscf.h5']
['copy', 'MOLCAS.JobIph', 'MOLCAS.3.JobIph']
['link', 'MOLCAS.1.JobIph', 'JOB001']
['rassi', 'dm', [4]]
['copy', 'MOLCAS.rassi.h5', 'MOLCAS.rassi.1.h5']
['link', 'MOLCAS.3.JobIph', 'JOB001']
['rassi', 'dm', [3]]
['copy', 'MOLCAS.rassi.h5', 'MOLCAS.rassi.3.h5']
['copy', '/project/lgagliardi/helenclifford/practice_rcc/sharc4/methaniminium/tutorial_reproduction/traj/Singlet_2/TRAJ_00009/restart/MOLCAS.1.JobIph.130', 'JOB001']
['link', 'MOLCAS.1.JobIph', 'JOB002']
['rassi', 'overlap', [4, 4]]
['copy', 'MOLCAS.rassi.h5', 'MOLCAS.rassi.ovlp.1.h5']
['copy', '/project/lgagliardi/helenclifford/practice_rcc/sharc4/methaniminium/tutorial_reproduction/traj/Singlet_2/TRAJ_00009/restart/MOLCAS.3.JobIph.130', 'JOB001']
['link', 'MOLCAS.3.JobIph', 'JOB002']
['rassi', 'overlap', [3, 3]]
['copy', 'MOLCAS.rassi.h5', 'MOLCAS.rassi.ovlp.3.h5']
['link', 'MOLCAS.1.JobIph', 'JOB001']
['link', 'MOLCAS.3.JobIph', 'JOB002']
['rassi', 'soc', [4, 3]]
['copy', '$master_path/MOLCAS.1.JobIph', 'JOBOLD']
['rasscf', 1, 4, True, False]
['mclr', 0.0001, 'sala=1']
['alaska']
All jobs finished:
job: master          code: 0    runtime: 0:00:20.782123
job: grad_1_1        code: 0    runtime: 0:00:14.095349

Starting job execution
['gateway']
['seward']
['copy', '/project/lgagliardi/helenclifford/practice_rcc/sharc4/methaniminium/tutorial_reproduction/traj/Singlet_2/TRAJ_00009/restart/MOLCAS.1.JobIph.131', 'JOBOLD']
['rasscf', 1, 4, True, False]
['copy', 'MOLCAS.rasscf.h5', 'MOLCAS.1.rasscf.h5']
['copy', 'MOLCAS.JobIph', 'MOLCAS.1.JobIph']
['copy', '/project/lgagliardi/helenclifford/practice_rcc/sharc4/methaniminium/tutorial_reproduction/traj/Singlet_2/TRAJ_00009/restart/MOLCAS.3.JobIph.131', 'JOBOLD']
['rasscf', 3, 3, True, False]
['copy', 'MOLCAS.rasscf.h5', 'MOLCAS.3.rasscf.h5']
['copy', 'MOLCAS.JobIph', 'MOLCAS.3.JobIph']
['link', 'MOLCAS.1.JobIph', 'JOB001']
['rassi', 'dm', [4]]
['copy', 'MOLCAS.rassi.h5', 'MOLCAS.rassi.1.h5']
['link', 'MOLCAS.3.JobIph', 'JOB001']
['rassi', 'dm', [3]]
['copy', 'MOLCAS.rassi.h5', 'MOLCAS.rassi.3.h5']
['copy', '/project/lgagliardi/helenclifford/practice_rcc/sharc4/methaniminium/tutorial_reproduction/traj/Singlet_2/TRAJ_00009/restart/MOLCAS.1.JobIph.130', 'JOB001']
['link', 'MOLCAS.1.JobIph', 'JOB002']
['rassi', 'overlap', [4, 4]]
['copy', 'MOLCAS.rassi.h5', 'MOLCAS.rassi.ovlp.1.h5']
['copy', '/project/lgagliardi/helenclifford/practice_rcc/sharc4/methaniminium/tutorial_reproduction/traj/Singlet_2/TRAJ_00009/restart/MOLCAS.3.JobIph.130', 'JOB001']
['link', 'MOLCAS.3.JobIph', 'JOB002']
['rassi', 'overlap', [3, 3]]
['copy', 'MOLCAS.rassi.h5', 'MOLCAS.rassi.ovlp.3.h5']
['link', 'MOLCAS.1.JobIph', 'JOB001']
['link', 'MOLCAS.3.JobIph', 'JOB002']
['rassi', 'soc', [4, 3]]
['copy', '$master_path/MOLCAS.3.JobIph', 'JOBOLD']
['rasscf', 3, 3, True, False]
['mclr', 0.0001, 'sala=1']
['alaska']
['copy', '$master_path/MOLCAS.1.JobIph', 'JOBOLD']
['rasscf', 1, 4, True, False]
['mclr', 0.0001, 'sala=1']
['alaska']
All jobs finished:
job: master          code: 0    runtime: 0:00:18.489896
job: grad_3_1        code: 0    runtime: 0:00:09.426916
job: grad_1_1        code: 0    runtime: 0:00:09.597011

Starting job execution
['gateway']
['seward']
['copy', '/project/lgagliardi/helenclifford/practice_rcc/sharc4/methaniminium/tutorial_reproduction/traj/Singlet_2/TRAJ_00009/restart/MOLCAS.1.JobIph.131', 'JOBOLD']
['rasscf', 1, 4, True, False]
['copy', 'MOLCAS.rasscf.h5', 'MOLCAS.1.rasscf.h5']
['copy', 'MOLCAS.JobIph', 'MOLCAS.1.JobIph']
['copy', '/project/lgagliardi/helenclifford/practice_rcc/sharc4/methaniminium/tutorial_reproduction/traj/Singlet_2/TRAJ_00009/restart/MOLCAS.3.JobIph.131', 'JOBOLD']
['rasscf', 3, 3, True, False]
['copy', 'MOLCAS.rasscf.h5', 'MOLCAS.3.rasscf.h5']
['copy', 'MOLCAS.JobIph', 'MOLCAS.3.JobIph']
['link', 'MOLCAS.1.JobIph', 'JOB001']
['rassi', 'dm', [4]]
['copy', 'MOLCAS.rassi.h5', 'MOLCAS.rassi.1.h5']
['link', 'MOLCAS.3.JobIph', 'JOB001']
['rassi', 'dm', [3]]
['copy', 'MOLCAS.rassi.h5', 'MOLCAS.rassi.3.h5']
['copy', '/project/lgagliardi/helenclifford/practice_rcc/sharc4/methaniminium/tutorial_reproduction/traj/Singlet_2/TRAJ_00009/restart/MOLCAS.1.JobIph.131', 'JOB001']
['link', 'MOLCAS.1.JobIph', 'JOB002']
['rassi', 'overlap', [4, 4]]
['copy', 'MOLCAS.rassi.h5', 'MOLCAS.rassi.ovlp.1.h5']
['copy', '/project/lgagliardi/helenclifford/practice_rcc/sharc4/methaniminium/tutorial_reproduction/traj/Singlet_2/TRAJ_00009/restart/MOLCAS.3.JobIph.131', 'JOB001']
['link', 'MOLCAS.3.JobIph', 'JOB002']
['rassi', 'overlap', [3, 3]]
['copy', 'MOLCAS.rassi.h5', 'MOLCAS.rassi.ovlp.3.h5']
['link', 'MOLCAS.1.JobIph', 'JOB001']
['link', 'MOLCAS.3.JobIph', 'JOB002']
['rassi', 'soc', [4, 3]]
['copy', '$master_path/MOLCAS.3.JobIph', 'JOBOLD']
['rasscf', 3, 3, True, False]
['mclr', 0.0001, 'sala=1']
['alaska']
['copy', '$master_path/MOLCAS.1.JobIph', 'JOBOLD']
['rasscf', 1, 4, True, False]
['mclr', 0.0001, 'sala=1']
['alaska']
All jobs finished:
job: master          code: 0    runtime: 0:00:17.442764
job: grad_3_1        code: 0    runtime: 0:00:12.736376
job: grad_1_1        code: 0    runtime: 0:00:08.845451

Starting job execution
['gateway']
['seward']
['copy', '/project/lgagliardi/helenclifford/practice_rcc/sharc4/methaniminium/tutorial_reproduction/traj/Singlet_2/TRAJ_00009/restart/MOLCAS.1.JobIph.132', 'JOBOLD']
['rasscf', 1, 4, True, False]
['copy', 'MOLCAS.rasscf.h5', 'MOLCAS.1.rasscf.h5']
['copy', 'MOLCAS.JobIph', 'MOLCAS.1.JobIph']
['copy', '/project/lgagliardi/helenclifford/practice_rcc/sharc4/methaniminium/tutorial_reproduction/traj/Singlet_2/TRAJ_00009/restart/MOLCAS.3.JobIph.132', 'JOBOLD']
['rasscf', 3, 3, True, False]
['copy', 'MOLCAS.rasscf.h5', 'MOLCAS.3.rasscf.h5']
['copy', 'MOLCAS.JobIph', 'MOLCAS.3.JobIph']
['link', 'MOLCAS.1.JobIph', 'JOB001']
['rassi', 'dm', [4]]
['copy', 'MOLCAS.rassi.h5', 'MOLCAS.rassi.1.h5']
['link', 'MOLCAS.3.JobIph', 'JOB001']
['rassi', 'dm', [3]]
['copy', 'MOLCAS.rassi.h5', 'MOLCAS.rassi.3.h5']
['copy', '/project/lgagliardi/helenclifford/practice_rcc/sharc4/methaniminium/tutorial_reproduction/traj/Singlet_2/TRAJ_00009/restart/MOLCAS.1.JobIph.132', 'JOB001']
['link', 'MOLCAS.1.JobIph', 'JOB002']
['rassi', 'overlap', [4, 4]]
['copy', 'MOLCAS.rassi.h5', 'MOLCAS.rassi.ovlp.1.h5']
['copy', '/project/lgagliardi/helenclifford/practice_rcc/sharc4/methaniminium/tutorial_reproduction/traj/Singlet_2/TRAJ_00009/restart/MOLCAS.3.JobIph.132', 'JOB001']
['link', 'MOLCAS.3.JobIph', 'JOB002']
['rassi', 'overlap', [3, 3]]
['copy', 'MOLCAS.rassi.h5', 'MOLCAS.rassi.ovlp.3.h5']
['link', 'MOLCAS.1.JobIph', 'JOB001']
['link', 'MOLCAS.3.JobIph', 'JOB002']
['rassi', 'soc', [4, 3]]
['copy', '$master_path/MOLCAS.1.JobIph', 'JOBOLD']
['rasscf', 1, 4, True, False]
['mclr', 0.0001, 'sala=1']
['alaska']
All jobs finished:
job: master          code: 0    runtime: 0:00:20.803921
job: grad_1_1        code: 0    runtime: 0:00:08.319415

Starting job execution
['gateway']
['seward']
['copy', '/project/lgagliardi/helenclifford/practice_rcc/sharc4/methaniminium/tutorial_reproduction/traj/Singlet_2/TRAJ_00009/restart/MOLCAS.1.JobIph.133', 'JOBOLD']
['rasscf', 1, 4, True, False]
['copy', 'MOLCAS.rasscf.h5', 'MOLCAS.1.rasscf.h5']
['copy', 'MOLCAS.JobIph', 'MOLCAS.1.JobIph']
['copy', '/project/lgagliardi/helenclifford/practice_rcc/sharc4/methaniminium/tutorial_reproduction/traj/Singlet_2/TRAJ_00009/restart/MOLCAS.3.JobIph.133', 'JOBOLD']
['rasscf', 3, 3, True, False]
['copy', 'MOLCAS.rasscf.h5', 'MOLCAS.3.rasscf.h5']
['copy', 'MOLCAS.JobIph', 'MOLCAS.3.JobIph']
['link', 'MOLCAS.1.JobIph', 'JOB001']
['rassi', 'dm', [4]]
['copy', 'MOLCAS.rassi.h5', 'MOLCAS.rassi.1.h5']
['link', 'MOLCAS.3.JobIph', 'JOB001']
['rassi', 'dm', [3]]
['copy', 'MOLCAS.rassi.h5', 'MOLCAS.rassi.3.h5']
['copy', '/project/lgagliardi/helenclifford/practice_rcc/sharc4/methaniminium/tutorial_reproduction/traj/Singlet_2/TRAJ_00009/restart/MOLCAS.1.JobIph.133', 'JOB001']
['link', 'MOLCAS.1.JobIph', 'JOB002']
['rassi', 'overlap', [4, 4]]
['copy', 'MOLCAS.rassi.h5', 'MOLCAS.rassi.ovlp.1.h5']
['copy', '/project/lgagliardi/helenclifford/practice_rcc/sharc4/methaniminium/tutorial_reproduction/traj/Singlet_2/TRAJ_00009/restart/MOLCAS.3.JobIph.133', 'JOB001']
['link', 'MOLCAS.3.JobIph', 'JOB002']
['rassi', 'overlap', [3, 3]]
['copy', 'MOLCAS.rassi.h5', 'MOLCAS.rassi.ovlp.3.h5']
['link', 'MOLCAS.1.JobIph', 'JOB001']
['link', 'MOLCAS.3.JobIph', 'JOB002']
['rassi', 'soc', [4, 3]]
['copy', '$master_path/MOLCAS.1.JobIph', 'JOBOLD']
['rasscf', 1, 4, True, False]
['mclr', 0.0001, 'sala=1']
['alaska']
All jobs finished:
job: master          code: 0    runtime: 0:00:16.629967
job: grad_1_1        code: 0    runtime: 0:00:13.750419

Starting job execution
['gateway']
['seward']
['copy', '/project/lgagliardi/helenclifford/practice_rcc/sharc4/methaniminium/tutorial_reproduction/traj/Singlet_2/TRAJ_00009/restart/MOLCAS.1.JobIph.134', 'JOBOLD']
['rasscf', 1, 4, True, False]
['copy', 'MOLCAS.rasscf.h5', 'MOLCAS.1.rasscf.h5']
['copy', 'MOLCAS.JobIph', 'MOLCAS.1.JobIph']
['copy', '/project/lgagliardi/helenclifford/practice_rcc/sharc4/methaniminium/tutorial_reproduction/traj/Singlet_2/TRAJ_00009/restart/MOLCAS.3.JobIph.134', 'JOBOLD']
['rasscf', 3, 3, True, False]
['copy', 'MOLCAS.rasscf.h5', 'MOLCAS.3.rasscf.h5']
['copy', 'MOLCAS.JobIph', 'MOLCAS.3.JobIph']
['link', 'MOLCAS.1.JobIph', 'JOB001']
['rassi', 'dm', [4]]
['copy', 'MOLCAS.rassi.h5', 'MOLCAS.rassi.1.h5']
['link', 'MOLCAS.3.JobIph', 'JOB001']
['rassi', 'dm', [3]]
['copy', 'MOLCAS.rassi.h5', 'MOLCAS.rassi.3.h5']
['copy', '/project/lgagliardi/helenclifford/practice_rcc/sharc4/methaniminium/tutorial_reproduction/traj/Singlet_2/TRAJ_00009/restart/MOLCAS.1.JobIph.134', 'JOB001']
['link', 'MOLCAS.1.JobIph', 'JOB002']
['rassi', 'overlap', [4, 4]]
['copy', 'MOLCAS.rassi.h5', 'MOLCAS.rassi.ovlp.1.h5']
['copy', '/project/lgagliardi/helenclifford/practice_rcc/sharc4/methaniminium/tutorial_reproduction/traj/Singlet_2/TRAJ_00009/restart/MOLCAS.3.JobIph.134', 'JOB001']
['link', 'MOLCAS.3.JobIph', 'JOB002']
['rassi', 'overlap', [3, 3]]
['copy', 'MOLCAS.rassi.h5', 'MOLCAS.rassi.ovlp.3.h5']
['link', 'MOLCAS.1.JobIph', 'JOB001']
['link', 'MOLCAS.3.JobIph', 'JOB002']
['rassi', 'soc', [4, 3]]
['copy', '$master_path/MOLCAS.1.JobIph', 'JOBOLD']
['rasscf', 1, 4, True, False]
['mclr', 0.0001, 'sala=1']
['alaska']
All jobs finished:
job: master          code: 0    runtime: 0:00:16.583015
job: grad_1_1        code: 0    runtime: 0:00:07.620077

Starting job execution
['gateway']
['seward']
['copy', '/project/lgagliardi/helenclifford/practice_rcc/sharc4/methaniminium/tutorial_reproduction/traj/Singlet_2/TRAJ_00009/restart/MOLCAS.1.JobIph.135', 'JOBOLD']
['rasscf', 1, 4, True, False]
['copy', 'MOLCAS.rasscf.h5', 'MOLCAS.1.rasscf.h5']
['copy', 'MOLCAS.JobIph', 'MOLCAS.1.JobIph']
['copy', '/project/lgagliardi/helenclifford/practice_rcc/sharc4/methaniminium/tutorial_reproduction/traj/Singlet_2/TRAJ_00009/restart/MOLCAS.3.JobIph.135', 'JOBOLD']
['rasscf', 3, 3, True, False]
['copy', 'MOLCAS.rasscf.h5', 'MOLCAS.3.rasscf.h5']
['copy', 'MOLCAS.JobIph', 'MOLCAS.3.JobIph']
['link', 'MOLCAS.1.JobIph', 'JOB001']
['rassi', 'dm', [4]]
['copy', 'MOLCAS.rassi.h5', 'MOLCAS.rassi.1.h5']
['link', 'MOLCAS.3.JobIph', 'JOB001']
['rassi', 'dm', [3]]
['copy', 'MOLCAS.rassi.h5', 'MOLCAS.rassi.3.h5']
['copy', '/project/lgagliardi/helenclifford/practice_rcc/sharc4/methaniminium/tutorial_reproduction/traj/Singlet_2/TRAJ_00009/restart/MOLCAS.1.JobIph.135', 'JOB001']
['link', 'MOLCAS.1.JobIph', 'JOB002']
['rassi', 'overlap', [4, 4]]
['copy', 'MOLCAS.rassi.h5', 'MOLCAS.rassi.ovlp.1.h5']
['copy', '/project/lgagliardi/helenclifford/practice_rcc/sharc4/methaniminium/tutorial_reproduction/traj/Singlet_2/TRAJ_00009/restart/MOLCAS.3.JobIph.135', 'JOB001']
['link', 'MOLCAS.3.JobIph', 'JOB002']
['rassi', 'overlap', [3, 3]]
['copy', 'MOLCAS.rassi.h5', 'MOLCAS.rassi.ovlp.3.h5']
['link', 'MOLCAS.1.JobIph', 'JOB001']
['link', 'MOLCAS.3.JobIph', 'JOB002']
['rassi', 'soc', [4, 3]]
['copy', '$master_path/MOLCAS.1.JobIph', 'JOBOLD']
['rasscf', 1, 4, True, False]
['mclr', 0.0001, 'sala=1']
['alaska']
All jobs finished:
job: master          code: 0    runtime: 0:00:14.580901
job: grad_1_1        code: 0    runtime: 0:00:07.465127

Starting job execution
['gateway']
['seward']
['copy', '/project/lgagliardi/helenclifford/practice_rcc/sharc4/methaniminium/tutorial_reproduction/traj/Singlet_2/TRAJ_00009/restart/MOLCAS.1.JobIph.136', 'JOBOLD']
['rasscf', 1, 4, True, False]
['copy', 'MOLCAS.rasscf.h5', 'MOLCAS.1.rasscf.h5']
['copy', 'MOLCAS.JobIph', 'MOLCAS.1.JobIph']
['copy', '/project/lgagliardi/helenclifford/practice_rcc/sharc4/methaniminium/tutorial_reproduction/traj/Singlet_2/TRAJ_00009/restart/MOLCAS.3.JobIph.136', 'JOBOLD']
['rasscf', 3, 3, True, False]
['copy', 'MOLCAS.rasscf.h5', 'MOLCAS.3.rasscf.h5']
['copy', 'MOLCAS.JobIph', 'MOLCAS.3.JobIph']
['link', 'MOLCAS.1.JobIph', 'JOB001']
['rassi', 'dm', [4]]
['copy', 'MOLCAS.rassi.h5', 'MOLCAS.rassi.1.h5']
['link', 'MOLCAS.3.JobIph', 'JOB001']
['rassi', 'dm', [3]]
['copy', 'MOLCAS.rassi.h5', 'MOLCAS.rassi.3.h5']
['copy', '/project/lgagliardi/helenclifford/practice_rcc/sharc4/methaniminium/tutorial_reproduction/traj/Singlet_2/TRAJ_00009/restart/MOLCAS.1.JobIph.136', 'JOB001']
['link', 'MOLCAS.1.JobIph', 'JOB002']
['rassi', 'overlap', [4, 4]]
['copy', 'MOLCAS.rassi.h5', 'MOLCAS.rassi.ovlp.1.h5']
['copy', '/project/lgagliardi/helenclifford/practice_rcc/sharc4/methaniminium/tutorial_reproduction/traj/Singlet_2/TRAJ_00009/restart/MOLCAS.3.JobIph.136', 'JOB001']
['link', 'MOLCAS.3.JobIph', 'JOB002']
['rassi', 'overlap', [3, 3]]
['copy', 'MOLCAS.rassi.h5', 'MOLCAS.rassi.ovlp.3.h5']
['link', 'MOLCAS.1.JobIph', 'JOB001']
['link', 'MOLCAS.3.JobIph', 'JOB002']
['rassi', 'soc', [4, 3]]
['copy', '$master_path/MOLCAS.1.JobIph', 'JOBOLD']
['rasscf', 1, 4, True, False]
['mclr', 0.0001, 'sala=1']
['alaska']
All jobs finished:
job: master          code: 0    runtime: 0:00:18.998906
job: grad_1_1        code: 0    runtime: 0:00:10.508029

Starting job execution
['gateway']
['seward']
['copy', '/project/lgagliardi/helenclifford/practice_rcc/sharc4/methaniminium/tutorial_reproduction/traj/Singlet_2/TRAJ_00009/restart/MOLCAS.1.JobIph.137', 'JOBOLD']
['rasscf', 1, 4, True, False]
['copy', 'MOLCAS.rasscf.h5', 'MOLCAS.1.rasscf.h5']
['copy', 'MOLCAS.JobIph', 'MOLCAS.1.JobIph']
['copy', '/project/lgagliardi/helenclifford/practice_rcc/sharc4/methaniminium/tutorial_reproduction/traj/Singlet_2/TRAJ_00009/restart/MOLCAS.3.JobIph.137', 'JOBOLD']
['rasscf', 3, 3, True, False]
['copy', 'MOLCAS.rasscf.h5', 'MOLCAS.3.rasscf.h5']
['copy', 'MOLCAS.JobIph', 'MOLCAS.3.JobIph']
['link', 'MOLCAS.1.JobIph', 'JOB001']
['rassi', 'dm', [4]]
['copy', 'MOLCAS.rassi.h5', 'MOLCAS.rassi.1.h5']
['link', 'MOLCAS.3.JobIph', 'JOB001']
['rassi', 'dm', [3]]
['copy', 'MOLCAS.rassi.h5', 'MOLCAS.rassi.3.h5']
['copy', '/project/lgagliardi/helenclifford/practice_rcc/sharc4/methaniminium/tutorial_reproduction/traj/Singlet_2/TRAJ_00009/restart/MOLCAS.1.JobIph.137', 'JOB001']
['link', 'MOLCAS.1.JobIph', 'JOB002']
['rassi', 'overlap', [4, 4]]
['copy', 'MOLCAS.rassi.h5', 'MOLCAS.rassi.ovlp.1.h5']
['copy', '/project/lgagliardi/helenclifford/practice_rcc/sharc4/methaniminium/tutorial_reproduction/traj/Singlet_2/TRAJ_00009/restart/MOLCAS.3.JobIph.137', 'JOB001']
['link', 'MOLCAS.3.JobIph', 'JOB002']
['rassi', 'overlap', [3, 3]]
['copy', 'MOLCAS.rassi.h5', 'MOLCAS.rassi.ovlp.3.h5']
['link', 'MOLCAS.1.JobIph', 'JOB001']
['link', 'MOLCAS.3.JobIph', 'JOB002']
['rassi', 'soc', [4, 3]]
['copy', '$master_path/MOLCAS.1.JobIph', 'JOBOLD']
['rasscf', 1, 4, True, False]
['mclr', 0.0001, 'sala=1']
['alaska']
All jobs finished:
job: master          code: 0    runtime: 0:00:21.181359
job: grad_1_1        code: 0    runtime: 0:00:13.802687

Starting job execution
['gateway']
['seward']
['copy', '/project/lgagliardi/helenclifford/practice_rcc/sharc4/methaniminium/tutorial_reproduction/traj/Singlet_2/TRAJ_00009/restart/MOLCAS.1.JobIph.138', 'JOBOLD']
['rasscf', 1, 4, True, False]
['copy', 'MOLCAS.rasscf.h5', 'MOLCAS.1.rasscf.h5']
['copy', 'MOLCAS.JobIph', 'MOLCAS.1.JobIph']
['copy', '/project/lgagliardi/helenclifford/practice_rcc/sharc4/methaniminium/tutorial_reproduction/traj/Singlet_2/TRAJ_00009/restart/MOLCAS.3.JobIph.138', 'JOBOLD']
['rasscf', 3, 3, True, False]
['copy', 'MOLCAS.rasscf.h5', 'MOLCAS.3.rasscf.h5']
['copy', 'MOLCAS.JobIph', 'MOLCAS.3.JobIph']
['link', 'MOLCAS.1.JobIph', 'JOB001']
['rassi', 'dm', [4]]
['copy', 'MOLCAS.rassi.h5', 'MOLCAS.rassi.1.h5']
['link', 'MOLCAS.3.JobIph', 'JOB001']
['rassi', 'dm', [3]]
['copy', 'MOLCAS.rassi.h5', 'MOLCAS.rassi.3.h5']
['copy', '/project/lgagliardi/helenclifford/practice_rcc/sharc4/methaniminium/tutorial_reproduction/traj/Singlet_2/TRAJ_00009/restart/MOLCAS.1.JobIph.138', 'JOB001']
['link', 'MOLCAS.1.JobIph', 'JOB002']
['rassi', 'overlap', [4, 4]]
['copy', 'MOLCAS.rassi.h5', 'MOLCAS.rassi.ovlp.1.h5']
['copy', '/project/lgagliardi/helenclifford/practice_rcc/sharc4/methaniminium/tutorial_reproduction/traj/Singlet_2/TRAJ_00009/restart/MOLCAS.3.JobIph.138', 'JOB001']
['link', 'MOLCAS.3.JobIph', 'JOB002']
['rassi', 'overlap', [3, 3]]
['copy', 'MOLCAS.rassi.h5', 'MOLCAS.rassi.ovlp.3.h5']
['link', 'MOLCAS.1.JobIph', 'JOB001']
['link', 'MOLCAS.3.JobIph', 'JOB002']
['rassi', 'soc', [4, 3]]
['copy', '$master_path/MOLCAS.1.JobIph', 'JOBOLD']
['rasscf', 1, 4, True, False]
['mclr', 0.0001, 'sala=1']
['alaska']
All jobs finished:
job: master          code: 0    runtime: 0:00:15.831755
job: grad_1_1        code: 0    runtime: 0:00:07.246044

Starting job execution
['gateway']
['seward']
['copy', '/project/lgagliardi/helenclifford/practice_rcc/sharc4/methaniminium/tutorial_reproduction/traj/Singlet_2/TRAJ_00009/restart/MOLCAS.1.JobIph.139', 'JOBOLD']
['rasscf', 1, 4, True, False]
['copy', 'MOLCAS.rasscf.h5', 'MOLCAS.1.rasscf.h5']
['copy', 'MOLCAS.JobIph', 'MOLCAS.1.JobIph']
['copy', '/project/lgagliardi/helenclifford/practice_rcc/sharc4/methaniminium/tutorial_reproduction/traj/Singlet_2/TRAJ_00009/restart/MOLCAS.3.JobIph.139', 'JOBOLD']
['rasscf', 3, 3, True, False]
['copy', 'MOLCAS.rasscf.h5', 'MOLCAS.3.rasscf.h5']
['copy', 'MOLCAS.JobIph', 'MOLCAS.3.JobIph']
['link', 'MOLCAS.1.JobIph', 'JOB001']
['rassi', 'dm', [4]]
['copy', 'MOLCAS.rassi.h5', 'MOLCAS.rassi.1.h5']
['link', 'MOLCAS.3.JobIph', 'JOB001']
['rassi', 'dm', [3]]
['copy', 'MOLCAS.rassi.h5', 'MOLCAS.rassi.3.h5']
['copy', '/project/lgagliardi/helenclifford/practice_rcc/sharc4/methaniminium/tutorial_reproduction/traj/Singlet_2/TRAJ_00009/restart/MOLCAS.1.JobIph.139', 'JOB001']
['link', 'MOLCAS.1.JobIph', 'JOB002']
['rassi', 'overlap', [4, 4]]
['copy', 'MOLCAS.rassi.h5', 'MOLCAS.rassi.ovlp.1.h5']
['copy', '/project/lgagliardi/helenclifford/practice_rcc/sharc4/methaniminium/tutorial_reproduction/traj/Singlet_2/TRAJ_00009/restart/MOLCAS.3.JobIph.139', 'JOB001']
['link', 'MOLCAS.3.JobIph', 'JOB002']
['rassi', 'overlap', [3, 3]]
['copy', 'MOLCAS.rassi.h5', 'MOLCAS.rassi.ovlp.3.h5']
['link', 'MOLCAS.1.JobIph', 'JOB001']
['link', 'MOLCAS.3.JobIph', 'JOB002']
['rassi', 'soc', [4, 3]]
['copy', '$master_path/MOLCAS.1.JobIph', 'JOBOLD']
['rasscf', 1, 4, True, False]
['mclr', 0.0001, 'sala=1']
['alaska']
All jobs finished:
job: master          code: 0    runtime: 0:00:18.129930
job: grad_1_1        code: 0    runtime: 0:00:09.719612

Starting job execution
['gateway']
['seward']
['copy', '/project/lgagliardi/helenclifford/practice_rcc/sharc4/methaniminium/tutorial_reproduction/traj/Singlet_2/TRAJ_00009/restart/MOLCAS.1.JobIph.140', 'JOBOLD']
['rasscf', 1, 4, True, False]
['copy', 'MOLCAS.rasscf.h5', 'MOLCAS.1.rasscf.h5']
['copy', 'MOLCAS.JobIph', 'MOLCAS.1.JobIph']
['copy', '/project/lgagliardi/helenclifford/practice_rcc/sharc4/methaniminium/tutorial_reproduction/traj/Singlet_2/TRAJ_00009/restart/MOLCAS.3.JobIph.140', 'JOBOLD']
['rasscf', 3, 3, True, False]
['copy', 'MOLCAS.rasscf.h5', 'MOLCAS.3.rasscf.h5']
['copy', 'MOLCAS.JobIph', 'MOLCAS.3.JobIph']
['link', 'MOLCAS.1.JobIph', 'JOB001']
['rassi', 'dm', [4]]
['copy', 'MOLCAS.rassi.h5', 'MOLCAS.rassi.1.h5']
['link', 'MOLCAS.3.JobIph', 'JOB001']
['rassi', 'dm', [3]]
['copy', 'MOLCAS.rassi.h5', 'MOLCAS.rassi.3.h5']
['copy', '/project/lgagliardi/helenclifford/practice_rcc/sharc4/methaniminium/tutorial_reproduction/traj/Singlet_2/TRAJ_00009/restart/MOLCAS.1.JobIph.140', 'JOB001']
['link', 'MOLCAS.1.JobIph', 'JOB002']
['rassi', 'overlap', [4, 4]]
['copy', 'MOLCAS.rassi.h5', 'MOLCAS.rassi.ovlp.1.h5']
['copy', '/project/lgagliardi/helenclifford/practice_rcc/sharc4/methaniminium/tutorial_reproduction/traj/Singlet_2/TRAJ_00009/restart/MOLCAS.3.JobIph.140', 'JOB001']
['link', 'MOLCAS.3.JobIph', 'JOB002']
['rassi', 'overlap', [3, 3]]
['copy', 'MOLCAS.rassi.h5', 'MOLCAS.rassi.ovlp.3.h5']
['link', 'MOLCAS.1.JobIph', 'JOB001']
['link', 'MOLCAS.3.JobIph', 'JOB002']
['rassi', 'soc', [4, 3]]
['copy', '$master_path/MOLCAS.1.JobIph', 'JOBOLD']
['rasscf', 1, 4, True, False]
['mclr', 0.0001, 'sala=1']
['alaska']
All jobs finished:
job: master          code: 0    runtime: 0:00:18.402182
job: grad_1_1        code: 0    runtime: 0:00:08.859349

Starting job execution
['gateway']
['seward']
['copy', '/project/lgagliardi/helenclifford/practice_rcc/sharc4/methaniminium/tutorial_reproduction/traj/Singlet_2/TRAJ_00009/restart/MOLCAS.1.JobIph.141', 'JOBOLD']
['rasscf', 1, 4, True, False]
['copy', 'MOLCAS.rasscf.h5', 'MOLCAS.1.rasscf.h5']
['copy', 'MOLCAS.JobIph', 'MOLCAS.1.JobIph']
['copy', '/project/lgagliardi/helenclifford/practice_rcc/sharc4/methaniminium/tutorial_reproduction/traj/Singlet_2/TRAJ_00009/restart/MOLCAS.3.JobIph.141', 'JOBOLD']
['rasscf', 3, 3, True, False]
['copy', 'MOLCAS.rasscf.h5', 'MOLCAS.3.rasscf.h5']
['copy', 'MOLCAS.JobIph', 'MOLCAS.3.JobIph']
['link', 'MOLCAS.1.JobIph', 'JOB001']
['rassi', 'dm', [4]]
['copy', 'MOLCAS.rassi.h5', 'MOLCAS.rassi.1.h5']
['link', 'MOLCAS.3.JobIph', 'JOB001']
['rassi', 'dm', [3]]
['copy', 'MOLCAS.rassi.h5', 'MOLCAS.rassi.3.h5']
['copy', '/project/lgagliardi/helenclifford/practice_rcc/sharc4/methaniminium/tutorial_reproduction/traj/Singlet_2/TRAJ_00009/restart/MOLCAS.1.JobIph.141', 'JOB001']
['link', 'MOLCAS.1.JobIph', 'JOB002']
['rassi', 'overlap', [4, 4]]
['copy', 'MOLCAS.rassi.h5', 'MOLCAS.rassi.ovlp.1.h5']
['copy', '/project/lgagliardi/helenclifford/practice_rcc/sharc4/methaniminium/tutorial_reproduction/traj/Singlet_2/TRAJ_00009/restart/MOLCAS.3.JobIph.141', 'JOB001']
['link', 'MOLCAS.3.JobIph', 'JOB002']
['rassi', 'overlap', [3, 3]]
['copy', 'MOLCAS.rassi.h5', 'MOLCAS.rassi.ovlp.3.h5']
['link', 'MOLCAS.1.JobIph', 'JOB001']
['link', 'MOLCAS.3.JobIph', 'JOB002']
['rassi', 'soc', [4, 3]]
['copy', '$master_path/MOLCAS.1.JobIph', 'JOBOLD']
['rasscf', 1, 4, True, False]
['mclr', 0.0001, 'sala=1']
['alaska']
All jobs finished:
job: master          code: 0    runtime: 0:00:25.318977
job: grad_1_1        code: 0    runtime: 0:00:06.950182

Starting job execution
['gateway']
['seward']
['copy', '/project/lgagliardi/helenclifford/practice_rcc/sharc4/methaniminium/tutorial_reproduction/traj/Singlet_2/TRAJ_00009/restart/MOLCAS.1.JobIph.142', 'JOBOLD']
['rasscf', 1, 4, True, False]
['copy', 'MOLCAS.rasscf.h5', 'MOLCAS.1.rasscf.h5']
['copy', 'MOLCAS.JobIph', 'MOLCAS.1.JobIph']
['copy', '/project/lgagliardi/helenclifford/practice_rcc/sharc4/methaniminium/tutorial_reproduction/traj/Singlet_2/TRAJ_00009/restart/MOLCAS.3.JobIph.142', 'JOBOLD']
['rasscf', 3, 3, True, False]
['copy', 'MOLCAS.rasscf.h5', 'MOLCAS.3.rasscf.h5']
['copy', 'MOLCAS.JobIph', 'MOLCAS.3.JobIph']
['link', 'MOLCAS.1.JobIph', 'JOB001']
['rassi', 'dm', [4]]
['copy', 'MOLCAS.rassi.h5', 'MOLCAS.rassi.1.h5']
['link', 'MOLCAS.3.JobIph', 'JOB001']
['rassi', 'dm', [3]]
['copy', 'MOLCAS.rassi.h5', 'MOLCAS.rassi.3.h5']
['copy', '/project/lgagliardi/helenclifford/practice_rcc/sharc4/methaniminium/tutorial_reproduction/traj/Singlet_2/TRAJ_00009/restart/MOLCAS.1.JobIph.142', 'JOB001']
['link', 'MOLCAS.1.JobIph', 'JOB002']
['rassi', 'overlap', [4, 4]]
['copy', 'MOLCAS.rassi.h5', 'MOLCAS.rassi.ovlp.1.h5']
['copy', '/project/lgagliardi/helenclifford/practice_rcc/sharc4/methaniminium/tutorial_reproduction/traj/Singlet_2/TRAJ_00009/restart/MOLCAS.3.JobIph.142', 'JOB001']
['link', 'MOLCAS.3.JobIph', 'JOB002']
['rassi', 'overlap', [3, 3]]
['copy', 'MOLCAS.rassi.h5', 'MOLCAS.rassi.ovlp.3.h5']
['link', 'MOLCAS.1.JobIph', 'JOB001']
['link', 'MOLCAS.3.JobIph', 'JOB002']
['rassi', 'soc', [4, 3]]
['copy', '$master_path/MOLCAS.1.JobIph', 'JOBOLD']
['rasscf', 1, 4, True, False]
['mclr', 0.0001, 'sala=1']
['alaska']
All jobs finished:
job: master          code: 0    runtime: 0:00:18.098360
job: grad_1_1        code: 0    runtime: 0:00:15.089901

Starting job execution
['gateway']
['seward']
['copy', '/project/lgagliardi/helenclifford/practice_rcc/sharc4/methaniminium/tutorial_reproduction/traj/Singlet_2/TRAJ_00009/restart/MOLCAS.1.JobIph.143', 'JOBOLD']
['rasscf', 1, 4, True, False]
['copy', 'MOLCAS.rasscf.h5', 'MOLCAS.1.rasscf.h5']
['copy', 'MOLCAS.JobIph', 'MOLCAS.1.JobIph']
['copy', '/project/lgagliardi/helenclifford/practice_rcc/sharc4/methaniminium/tutorial_reproduction/traj/Singlet_2/TRAJ_00009/restart/MOLCAS.3.JobIph.143', 'JOBOLD']
['rasscf', 3, 3, True, False]
['copy', 'MOLCAS.rasscf.h5', 'MOLCAS.3.rasscf.h5']
['copy', 'MOLCAS.JobIph', 'MOLCAS.3.JobIph']
['link', 'MOLCAS.1.JobIph', 'JOB001']
['rassi', 'dm', [4]]
['copy', 'MOLCAS.rassi.h5', 'MOLCAS.rassi.1.h5']
['link', 'MOLCAS.3.JobIph', 'JOB001']
['rassi', 'dm', [3]]
['copy', 'MOLCAS.rassi.h5', 'MOLCAS.rassi.3.h5']
['copy', '/project/lgagliardi/helenclifford/practice_rcc/sharc4/methaniminium/tutorial_reproduction/traj/Singlet_2/TRAJ_00009/restart/MOLCAS.1.JobIph.143', 'JOB001']
['link', 'MOLCAS.1.JobIph', 'JOB002']
['rassi', 'overlap', [4, 4]]
['copy', 'MOLCAS.rassi.h5', 'MOLCAS.rassi.ovlp.1.h5']
['copy', '/project/lgagliardi/helenclifford/practice_rcc/sharc4/methaniminium/tutorial_reproduction/traj/Singlet_2/TRAJ_00009/restart/MOLCAS.3.JobIph.143', 'JOB001']
['link', 'MOLCAS.3.JobIph', 'JOB002']
['rassi', 'overlap', [3, 3]]
['copy', 'MOLCAS.rassi.h5', 'MOLCAS.rassi.ovlp.3.h5']
['link', 'MOLCAS.1.JobIph', 'JOB001']
['link', 'MOLCAS.3.JobIph', 'JOB002']
['rassi', 'soc', [4, 3]]
['copy', '$master_path/MOLCAS.1.JobIph', 'JOBOLD']
['rasscf', 1, 4, True, False]
['mclr', 0.0001, 'sala=1']
['alaska']
All jobs finished:
job: master          code: 0    runtime: 0:00:15.719658
job: grad_1_1        code: 0    runtime: 0:00:06.543368

Starting job execution
['gateway']
['seward']
['copy', '/project/lgagliardi/helenclifford/practice_rcc/sharc4/methaniminium/tutorial_reproduction/traj/Singlet_2/TRAJ_00009/restart/MOLCAS.1.JobIph.144', 'JOBOLD']
['rasscf', 1, 4, True, False]
['copy', 'MOLCAS.rasscf.h5', 'MOLCAS.1.rasscf.h5']
['copy', 'MOLCAS.JobIph', 'MOLCAS.1.JobIph']
['copy', '/project/lgagliardi/helenclifford/practice_rcc/sharc4/methaniminium/tutorial_reproduction/traj/Singlet_2/TRAJ_00009/restart/MOLCAS.3.JobIph.144', 'JOBOLD']
['rasscf', 3, 3, True, False]
['copy', 'MOLCAS.rasscf.h5', 'MOLCAS.3.rasscf.h5']
['copy', 'MOLCAS.JobIph', 'MOLCAS.3.JobIph']
['link', 'MOLCAS.1.JobIph', 'JOB001']
['rassi', 'dm', [4]]
['copy', 'MOLCAS.rassi.h5', 'MOLCAS.rassi.1.h5']
['link', 'MOLCAS.3.JobIph', 'JOB001']
['rassi', 'dm', [3]]
['copy', 'MOLCAS.rassi.h5', 'MOLCAS.rassi.3.h5']
['copy', '/project/lgagliardi/helenclifford/practice_rcc/sharc4/methaniminium/tutorial_reproduction/traj/Singlet_2/TRAJ_00009/restart/MOLCAS.1.JobIph.144', 'JOB001']
['link', 'MOLCAS.1.JobIph', 'JOB002']
['rassi', 'overlap', [4, 4]]
['copy', 'MOLCAS.rassi.h5', 'MOLCAS.rassi.ovlp.1.h5']
['copy', '/project/lgagliardi/helenclifford/practice_rcc/sharc4/methaniminium/tutorial_reproduction/traj/Singlet_2/TRAJ_00009/restart/MOLCAS.3.JobIph.144', 'JOB001']
['link', 'MOLCAS.3.JobIph', 'JOB002']
['rassi', 'overlap', [3, 3]]
['copy', 'MOLCAS.rassi.h5', 'MOLCAS.rassi.ovlp.3.h5']
['link', 'MOLCAS.1.JobIph', 'JOB001']
['link', 'MOLCAS.3.JobIph', 'JOB002']
['rassi', 'soc', [4, 3]]
['copy', '$master_path/MOLCAS.1.JobIph', 'JOBOLD']
['rasscf', 1, 4, True, False]
['mclr', 0.0001, 'sala=1']
['alaska']
All jobs finished:
job: master          code: 0    runtime: 0:00:19.566851
job: grad_1_1        code: 0    runtime: 0:00:10.327637

Starting job execution
['gateway']
['seward']
['copy', '/project/lgagliardi/helenclifford/practice_rcc/sharc4/methaniminium/tutorial_reproduction/traj/Singlet_2/TRAJ_00009/restart/MOLCAS.1.JobIph.145', 'JOBOLD']
['rasscf', 1, 4, True, False]
['copy', 'MOLCAS.rasscf.h5', 'MOLCAS.1.rasscf.h5']
['copy', 'MOLCAS.JobIph', 'MOLCAS.1.JobIph']
['copy', '/project/lgagliardi/helenclifford/practice_rcc/sharc4/methaniminium/tutorial_reproduction/traj/Singlet_2/TRAJ_00009/restart/MOLCAS.3.JobIph.145', 'JOBOLD']
['rasscf', 3, 3, True, False]
['copy', 'MOLCAS.rasscf.h5', 'MOLCAS.3.rasscf.h5']
['copy', 'MOLCAS.JobIph', 'MOLCAS.3.JobIph']
['link', 'MOLCAS.1.JobIph', 'JOB001']
['rassi', 'dm', [4]]
['copy', 'MOLCAS.rassi.h5', 'MOLCAS.rassi.1.h5']
['link', 'MOLCAS.3.JobIph', 'JOB001']
['rassi', 'dm', [3]]
['copy', 'MOLCAS.rassi.h5', 'MOLCAS.rassi.3.h5']
['copy', '/project/lgagliardi/helenclifford/practice_rcc/sharc4/methaniminium/tutorial_reproduction/traj/Singlet_2/TRAJ_00009/restart/MOLCAS.1.JobIph.145', 'JOB001']
['link', 'MOLCAS.1.JobIph', 'JOB002']
['rassi', 'overlap', [4, 4]]
['copy', 'MOLCAS.rassi.h5', 'MOLCAS.rassi.ovlp.1.h5']
['copy', '/project/lgagliardi/helenclifford/practice_rcc/sharc4/methaniminium/tutorial_reproduction/traj/Singlet_2/TRAJ_00009/restart/MOLCAS.3.JobIph.145', 'JOB001']
['link', 'MOLCAS.3.JobIph', 'JOB002']
['rassi', 'overlap', [3, 3]]
['copy', 'MOLCAS.rassi.h5', 'MOLCAS.rassi.ovlp.3.h5']
['link', 'MOLCAS.1.JobIph', 'JOB001']
['link', 'MOLCAS.3.JobIph', 'JOB002']
['rassi', 'soc', [4, 3]]
['copy', '$master_path/MOLCAS.1.JobIph', 'JOBOLD']
['rasscf', 1, 4, True, False]
['mclr', 0.0001, 'sala=1']
['alaska']
All jobs finished:
job: master          code: 0    runtime: 0:00:18.357214
job: grad_1_1        code: 0    runtime: 0:00:10.400928

Starting job execution
['gateway']
['seward']
['copy', '/project/lgagliardi/helenclifford/practice_rcc/sharc4/methaniminium/tutorial_reproduction/traj/Singlet_2/TRAJ_00009/restart/MOLCAS.1.JobIph.146', 'JOBOLD']
['rasscf', 1, 4, True, False]
['copy', 'MOLCAS.rasscf.h5', 'MOLCAS.1.rasscf.h5']
['copy', 'MOLCAS.JobIph', 'MOLCAS.1.JobIph']
['copy', '/project/lgagliardi/helenclifford/practice_rcc/sharc4/methaniminium/tutorial_reproduction/traj/Singlet_2/TRAJ_00009/restart/MOLCAS.3.JobIph.146', 'JOBOLD']
['rasscf', 3, 3, True, False]
['copy', 'MOLCAS.rasscf.h5', 'MOLCAS.3.rasscf.h5']
['copy', 'MOLCAS.JobIph', 'MOLCAS.3.JobIph']
['link', 'MOLCAS.1.JobIph', 'JOB001']
['rassi', 'dm', [4]]
['copy', 'MOLCAS.rassi.h5', 'MOLCAS.rassi.1.h5']
['link', 'MOLCAS.3.JobIph', 'JOB001']
['rassi', 'dm', [3]]
['copy', 'MOLCAS.rassi.h5', 'MOLCAS.rassi.3.h5']
['copy', '/project/lgagliardi/helenclifford/practice_rcc/sharc4/methaniminium/tutorial_reproduction/traj/Singlet_2/TRAJ_00009/restart/MOLCAS.1.JobIph.146', 'JOB001']
['link', 'MOLCAS.1.JobIph', 'JOB002']
['rassi', 'overlap', [4, 4]]
['copy', 'MOLCAS.rassi.h5', 'MOLCAS.rassi.ovlp.1.h5']
['copy', '/project/lgagliardi/helenclifford/practice_rcc/sharc4/methaniminium/tutorial_reproduction/traj/Singlet_2/TRAJ_00009/restart/MOLCAS.3.JobIph.146', 'JOB001']
['link', 'MOLCAS.3.JobIph', 'JOB002']
['rassi', 'overlap', [3, 3]]
['copy', 'MOLCAS.rassi.h5', 'MOLCAS.rassi.ovlp.3.h5']
['link', 'MOLCAS.1.JobIph', 'JOB001']
['link', 'MOLCAS.3.JobIph', 'JOB002']
['rassi', 'soc', [4, 3]]
['copy', '$master_path/MOLCAS.1.JobIph', 'JOBOLD']
['rasscf', 1, 4, True, False]
['mclr', 0.0001, 'sala=1']
['alaska']
All jobs finished:
job: master          code: 0    runtime: 0:00:17.719919
job: grad_1_1        code: 0    runtime: 0:00:08.926197

Starting job execution
['gateway']
['seward']
['copy', '/project/lgagliardi/helenclifford/practice_rcc/sharc4/methaniminium/tutorial_reproduction/traj/Singlet_2/TRAJ_00009/restart/MOLCAS.1.JobIph.147', 'JOBOLD']
['rasscf', 1, 4, True, False]
['copy', 'MOLCAS.rasscf.h5', 'MOLCAS.1.rasscf.h5']
['copy', 'MOLCAS.JobIph', 'MOLCAS.1.JobIph']
['copy', '/project/lgagliardi/helenclifford/practice_rcc/sharc4/methaniminium/tutorial_reproduction/traj/Singlet_2/TRAJ_00009/restart/MOLCAS.3.JobIph.147', 'JOBOLD']
['rasscf', 3, 3, True, False]
['copy', 'MOLCAS.rasscf.h5', 'MOLCAS.3.rasscf.h5']
['copy', 'MOLCAS.JobIph', 'MOLCAS.3.JobIph']
['link', 'MOLCAS.1.JobIph', 'JOB001']
['rassi', 'dm', [4]]
['copy', 'MOLCAS.rassi.h5', 'MOLCAS.rassi.1.h5']
['link', 'MOLCAS.3.JobIph', 'JOB001']
['rassi', 'dm', [3]]
['copy', 'MOLCAS.rassi.h5', 'MOLCAS.rassi.3.h5']
['copy', '/project/lgagliardi/helenclifford/practice_rcc/sharc4/methaniminium/tutorial_reproduction/traj/Singlet_2/TRAJ_00009/restart/MOLCAS.1.JobIph.147', 'JOB001']
['link', 'MOLCAS.1.JobIph', 'JOB002']
['rassi', 'overlap', [4, 4]]
['copy', 'MOLCAS.rassi.h5', 'MOLCAS.rassi.ovlp.1.h5']
['copy', '/project/lgagliardi/helenclifford/practice_rcc/sharc4/methaniminium/tutorial_reproduction/traj/Singlet_2/TRAJ_00009/restart/MOLCAS.3.JobIph.147', 'JOB001']
['link', 'MOLCAS.3.JobIph', 'JOB002']
['rassi', 'overlap', [3, 3]]
['copy', 'MOLCAS.rassi.h5', 'MOLCAS.rassi.ovlp.3.h5']
['link', 'MOLCAS.1.JobIph', 'JOB001']
['link', 'MOLCAS.3.JobIph', 'JOB002']
['rassi', 'soc', [4, 3]]
['copy', '$master_path/MOLCAS.1.JobIph', 'JOBOLD']
['rasscf', 1, 4, True, False]
['mclr', 0.0001, 'sala=1']
['alaska']
All jobs finished:
job: master          code: 0    runtime: 0:00:21.210544
job: grad_1_1        code: 0    runtime: 0:00:10.967975

Starting job execution
['gateway']
['seward']
['copy', '/project/lgagliardi/helenclifford/practice_rcc/sharc4/methaniminium/tutorial_reproduction/traj/Singlet_2/TRAJ_00009/restart/MOLCAS.1.JobIph.148', 'JOBOLD']
['rasscf', 1, 4, True, False]
['copy', 'MOLCAS.rasscf.h5', 'MOLCAS.1.rasscf.h5']
['copy', 'MOLCAS.JobIph', 'MOLCAS.1.JobIph']
['copy', '/project/lgagliardi/helenclifford/practice_rcc/sharc4/methaniminium/tutorial_reproduction/traj/Singlet_2/TRAJ_00009/restart/MOLCAS.3.JobIph.148', 'JOBOLD']
['rasscf', 3, 3, True, False]
['copy', 'MOLCAS.rasscf.h5', 'MOLCAS.3.rasscf.h5']
['copy', 'MOLCAS.JobIph', 'MOLCAS.3.JobIph']
['link', 'MOLCAS.1.JobIph', 'JOB001']
['rassi', 'dm', [4]]
['copy', 'MOLCAS.rassi.h5', 'MOLCAS.rassi.1.h5']
['link', 'MOLCAS.3.JobIph', 'JOB001']
['rassi', 'dm', [3]]
['copy', 'MOLCAS.rassi.h5', 'MOLCAS.rassi.3.h5']
['copy', '/project/lgagliardi/helenclifford/practice_rcc/sharc4/methaniminium/tutorial_reproduction/traj/Singlet_2/TRAJ_00009/restart/MOLCAS.1.JobIph.148', 'JOB001']
['link', 'MOLCAS.1.JobIph', 'JOB002']
['rassi', 'overlap', [4, 4]]
['copy', 'MOLCAS.rassi.h5', 'MOLCAS.rassi.ovlp.1.h5']
['copy', '/project/lgagliardi/helenclifford/practice_rcc/sharc4/methaniminium/tutorial_reproduction/traj/Singlet_2/TRAJ_00009/restart/MOLCAS.3.JobIph.148', 'JOB001']
['link', 'MOLCAS.3.JobIph', 'JOB002']
['rassi', 'overlap', [3, 3]]
['copy', 'MOLCAS.rassi.h5', 'MOLCAS.rassi.ovlp.3.h5']
['link', 'MOLCAS.1.JobIph', 'JOB001']
['link', 'MOLCAS.3.JobIph', 'JOB002']
['rassi', 'soc', [4, 3]]
['copy', '$master_path/MOLCAS.1.JobIph', 'JOBOLD']
['rasscf', 1, 4, True, False]
['mclr', 0.0001, 'sala=1']
['alaska']
All jobs finished:
job: master          code: 0    runtime: 0:00:15.686682
job: grad_1_1        code: 0    runtime: 0:00:07.304594

Starting job execution
['gateway']
['seward']
['copy', '/project/lgagliardi/helenclifford/practice_rcc/sharc4/methaniminium/tutorial_reproduction/traj/Singlet_2/TRAJ_00009/restart/MOLCAS.1.JobIph.149', 'JOBOLD']
['rasscf', 1, 4, True, False]
['copy', 'MOLCAS.rasscf.h5', 'MOLCAS.1.rasscf.h5']
['copy', 'MOLCAS.JobIph', 'MOLCAS.1.JobIph']
['copy', '/project/lgagliardi/helenclifford/practice_rcc/sharc4/methaniminium/tutorial_reproduction/traj/Singlet_2/TRAJ_00009/restart/MOLCAS.3.JobIph.149', 'JOBOLD']
['rasscf', 3, 3, True, False]
['copy', 'MOLCAS.rasscf.h5', 'MOLCAS.3.rasscf.h5']
['copy', 'MOLCAS.JobIph', 'MOLCAS.3.JobIph']
['link', 'MOLCAS.1.JobIph', 'JOB001']
['rassi', 'dm', [4]]
['copy', 'MOLCAS.rassi.h5', 'MOLCAS.rassi.1.h5']
['link', 'MOLCAS.3.JobIph', 'JOB001']
['rassi', 'dm', [3]]
['copy', 'MOLCAS.rassi.h5', 'MOLCAS.rassi.3.h5']
['copy', '/project/lgagliardi/helenclifford/practice_rcc/sharc4/methaniminium/tutorial_reproduction/traj/Singlet_2/TRAJ_00009/restart/MOLCAS.1.JobIph.149', 'JOB001']
['link', 'MOLCAS.1.JobIph', 'JOB002']
['rassi', 'overlap', [4, 4]]
['copy', 'MOLCAS.rassi.h5', 'MOLCAS.rassi.ovlp.1.h5']
['copy', '/project/lgagliardi/helenclifford/practice_rcc/sharc4/methaniminium/tutorial_reproduction/traj/Singlet_2/TRAJ_00009/restart/MOLCAS.3.JobIph.149', 'JOB001']
['link', 'MOLCAS.3.JobIph', 'JOB002']
['rassi', 'overlap', [3, 3]]
['copy', 'MOLCAS.rassi.h5', 'MOLCAS.rassi.ovlp.3.h5']
['link', 'MOLCAS.1.JobIph', 'JOB001']
['link', 'MOLCAS.3.JobIph', 'JOB002']
['rassi', 'soc', [4, 3]]
['copy', '$master_path/MOLCAS.1.JobIph', 'JOBOLD']
['rasscf', 1, 4, True, False]
['mclr', 0.0001, 'sala=1']
['alaska']
All jobs finished:
job: master          code: 0    runtime: 0:00:18.426018
job: grad_1_1        code: 0    runtime: 0:00:11.478815

Starting job execution
['gateway']
['seward']
['copy', '/project/lgagliardi/helenclifford/practice_rcc/sharc4/methaniminium/tutorial_reproduction/traj/Singlet_2/TRAJ_00009/restart/MOLCAS.1.JobIph.150', 'JOBOLD']
['rasscf', 1, 4, True, False]
['copy', 'MOLCAS.rasscf.h5', 'MOLCAS.1.rasscf.h5']
['copy', 'MOLCAS.JobIph', 'MOLCAS.1.JobIph']
['copy', '/project/lgagliardi/helenclifford/practice_rcc/sharc4/methaniminium/tutorial_reproduction/traj/Singlet_2/TRAJ_00009/restart/MOLCAS.3.JobIph.150', 'JOBOLD']
['rasscf', 3, 3, True, False]
['copy', 'MOLCAS.rasscf.h5', 'MOLCAS.3.rasscf.h5']
['copy', 'MOLCAS.JobIph', 'MOLCAS.3.JobIph']
['link', 'MOLCAS.1.JobIph', 'JOB001']
['rassi', 'dm', [4]]
['copy', 'MOLCAS.rassi.h5', 'MOLCAS.rassi.1.h5']
['link', 'MOLCAS.3.JobIph', 'JOB001']
['rassi', 'dm', [3]]
['copy', 'MOLCAS.rassi.h5', 'MOLCAS.rassi.3.h5']
['copy', '/project/lgagliardi/helenclifford/practice_rcc/sharc4/methaniminium/tutorial_reproduction/traj/Singlet_2/TRAJ_00009/restart/MOLCAS.1.JobIph.150', 'JOB001']
['link', 'MOLCAS.1.JobIph', 'JOB002']
['rassi', 'overlap', [4, 4]]
['copy', 'MOLCAS.rassi.h5', 'MOLCAS.rassi.ovlp.1.h5']
['copy', '/project/lgagliardi/helenclifford/practice_rcc/sharc4/methaniminium/tutorial_reproduction/traj/Singlet_2/TRAJ_00009/restart/MOLCAS.3.JobIph.150', 'JOB001']
['link', 'MOLCAS.3.JobIph', 'JOB002']
['rassi', 'overlap', [3, 3]]
['copy', 'MOLCAS.rassi.h5', 'MOLCAS.rassi.ovlp.3.h5']
['link', 'MOLCAS.1.JobIph', 'JOB001']
['link', 'MOLCAS.3.JobIph', 'JOB002']
['rassi', 'soc', [4, 3]]
['copy', '$master_path/MOLCAS.1.JobIph', 'JOBOLD']
['rasscf', 1, 4, True, False]
['mclr', 0.0001, 'sala=1']
['alaska']
All jobs finished:
job: master          code: 0    runtime: 0:00:17.431562
job: grad_1_1        code: 0    runtime: 0:00:09.053108

Starting job execution
['gateway']
['seward']
['copy', '/project/lgagliardi/helenclifford/practice_rcc/sharc4/methaniminium/tutorial_reproduction/traj/Singlet_2/TRAJ_00009/restart/MOLCAS.1.JobIph.151', 'JOBOLD']
['rasscf', 1, 4, True, False]
['copy', 'MOLCAS.rasscf.h5', 'MOLCAS.1.rasscf.h5']
['copy', 'MOLCAS.JobIph', 'MOLCAS.1.JobIph']
['copy', '/project/lgagliardi/helenclifford/practice_rcc/sharc4/methaniminium/tutorial_reproduction/traj/Singlet_2/TRAJ_00009/restart/MOLCAS.3.JobIph.151', 'JOBOLD']
['rasscf', 3, 3, True, False]
['copy', 'MOLCAS.rasscf.h5', 'MOLCAS.3.rasscf.h5']
['copy', 'MOLCAS.JobIph', 'MOLCAS.3.JobIph']
['link', 'MOLCAS.1.JobIph', 'JOB001']
['rassi', 'dm', [4]]
['copy', 'MOLCAS.rassi.h5', 'MOLCAS.rassi.1.h5']
['link', 'MOLCAS.3.JobIph', 'JOB001']
['rassi', 'dm', [3]]
['copy', 'MOLCAS.rassi.h5', 'MOLCAS.rassi.3.h5']
['copy', '/project/lgagliardi/helenclifford/practice_rcc/sharc4/methaniminium/tutorial_reproduction/traj/Singlet_2/TRAJ_00009/restart/MOLCAS.1.JobIph.151', 'JOB001']
['link', 'MOLCAS.1.JobIph', 'JOB002']
['rassi', 'overlap', [4, 4]]
['copy', 'MOLCAS.rassi.h5', 'MOLCAS.rassi.ovlp.1.h5']
['copy', '/project/lgagliardi/helenclifford/practice_rcc/sharc4/methaniminium/tutorial_reproduction/traj/Singlet_2/TRAJ_00009/restart/MOLCAS.3.JobIph.151', 'JOB001']
['link', 'MOLCAS.3.JobIph', 'JOB002']
['rassi', 'overlap', [3, 3]]
['copy', 'MOLCAS.rassi.h5', 'MOLCAS.rassi.ovlp.3.h5']
['link', 'MOLCAS.1.JobIph', 'JOB001']
['link', 'MOLCAS.3.JobIph', 'JOB002']
['rassi', 'soc', [4, 3]]
['copy', '$master_path/MOLCAS.1.JobIph', 'JOBOLD']
['rasscf', 1, 4, True, False]
['mclr', 0.0001, 'sala=1']
['alaska']
All jobs finished:
job: master          code: 0    runtime: 0:00:21.787895
job: grad_1_1        code: 0    runtime: 0:00:05.580815

Starting job execution
['gateway']
['seward']
['copy', '/project/lgagliardi/helenclifford/practice_rcc/sharc4/methaniminium/tutorial_reproduction/traj/Singlet_2/TRAJ_00009/restart/MOLCAS.1.JobIph.152', 'JOBOLD']
['rasscf', 1, 4, True, False]
['copy', 'MOLCAS.rasscf.h5', 'MOLCAS.1.rasscf.h5']
['copy', 'MOLCAS.JobIph', 'MOLCAS.1.JobIph']
['copy', '/project/lgagliardi/helenclifford/practice_rcc/sharc4/methaniminium/tutorial_reproduction/traj/Singlet_2/TRAJ_00009/restart/MOLCAS.3.JobIph.152', 'JOBOLD']
['rasscf', 3, 3, True, False]
['copy', 'MOLCAS.rasscf.h5', 'MOLCAS.3.rasscf.h5']
['copy', 'MOLCAS.JobIph', 'MOLCAS.3.JobIph']
['link', 'MOLCAS.1.JobIph', 'JOB001']
['rassi', 'dm', [4]]
['copy', 'MOLCAS.rassi.h5', 'MOLCAS.rassi.1.h5']
['link', 'MOLCAS.3.JobIph', 'JOB001']
['rassi', 'dm', [3]]
['copy', 'MOLCAS.rassi.h5', 'MOLCAS.rassi.3.h5']
['copy', '/project/lgagliardi/helenclifford/practice_rcc/sharc4/methaniminium/tutorial_reproduction/traj/Singlet_2/TRAJ_00009/restart/MOLCAS.1.JobIph.152', 'JOB001']
['link', 'MOLCAS.1.JobIph', 'JOB002']
['rassi', 'overlap', [4, 4]]
['copy', 'MOLCAS.rassi.h5', 'MOLCAS.rassi.ovlp.1.h5']
['copy', '/project/lgagliardi/helenclifford/practice_rcc/sharc4/methaniminium/tutorial_reproduction/traj/Singlet_2/TRAJ_00009/restart/MOLCAS.3.JobIph.152', 'JOB001']
['link', 'MOLCAS.3.JobIph', 'JOB002']
['rassi', 'overlap', [3, 3]]
['copy', 'MOLCAS.rassi.h5', 'MOLCAS.rassi.ovlp.3.h5']
['link', 'MOLCAS.1.JobIph', 'JOB001']
['link', 'MOLCAS.3.JobIph', 'JOB002']
['rassi', 'soc', [4, 3]]
['copy', '$master_path/MOLCAS.1.JobIph', 'JOBOLD']
['rasscf', 1, 4, True, False]
['mclr', 0.0001, 'sala=1']
['alaska']
All jobs finished:
job: master          code: 0    runtime: 0:00:20.662735
job: grad_1_1        code: 0    runtime: 0:00:11.619385

Starting job execution
['gateway']
['seward']
['copy', '/project/lgagliardi/helenclifford/practice_rcc/sharc4/methaniminium/tutorial_reproduction/traj/Singlet_2/TRAJ_00009/restart/MOLCAS.1.JobIph.153', 'JOBOLD']
['rasscf', 1, 4, True, False]
['copy', 'MOLCAS.rasscf.h5', 'MOLCAS.1.rasscf.h5']
['copy', 'MOLCAS.JobIph', 'MOLCAS.1.JobIph']
['copy', '/project/lgagliardi/helenclifford/practice_rcc/sharc4/methaniminium/tutorial_reproduction/traj/Singlet_2/TRAJ_00009/restart/MOLCAS.3.JobIph.153', 'JOBOLD']
['rasscf', 3, 3, True, False]
['copy', 'MOLCAS.rasscf.h5', 'MOLCAS.3.rasscf.h5']
['copy', 'MOLCAS.JobIph', 'MOLCAS.3.JobIph']
['link', 'MOLCAS.1.JobIph', 'JOB001']
['rassi', 'dm', [4]]
['copy', 'MOLCAS.rassi.h5', 'MOLCAS.rassi.1.h5']
['link', 'MOLCAS.3.JobIph', 'JOB001']
['rassi', 'dm', [3]]
['copy', 'MOLCAS.rassi.h5', 'MOLCAS.rassi.3.h5']
['copy', '/project/lgagliardi/helenclifford/practice_rcc/sharc4/methaniminium/tutorial_reproduction/traj/Singlet_2/TRAJ_00009/restart/MOLCAS.1.JobIph.153', 'JOB001']
['link', 'MOLCAS.1.JobIph', 'JOB002']
['rassi', 'overlap', [4, 4]]
['copy', 'MOLCAS.rassi.h5', 'MOLCAS.rassi.ovlp.1.h5']
['copy', '/project/lgagliardi/helenclifford/practice_rcc/sharc4/methaniminium/tutorial_reproduction/traj/Singlet_2/TRAJ_00009/restart/MOLCAS.3.JobIph.153', 'JOB001']
['link', 'MOLCAS.3.JobIph', 'JOB002']
['rassi', 'overlap', [3, 3]]
['copy', 'MOLCAS.rassi.h5', 'MOLCAS.rassi.ovlp.3.h5']
['link', 'MOLCAS.1.JobIph', 'JOB001']
['link', 'MOLCAS.3.JobIph', 'JOB002']
['rassi', 'soc', [4, 3]]
['copy', '$master_path/MOLCAS.1.JobIph', 'JOBOLD']
['rasscf', 1, 4, True, False]
['mclr', 0.0001, 'sala=1']
['alaska']
All jobs finished:
job: master          code: 0    runtime: 0:00:18.164291
job: grad_1_1        code: 0    runtime: 0:00:07.950822

Starting job execution
['gateway']
['seward']
['copy', '/project/lgagliardi/helenclifford/practice_rcc/sharc4/methaniminium/tutorial_reproduction/traj/Singlet_2/TRAJ_00009/restart/MOLCAS.1.JobIph.154', 'JOBOLD']
['rasscf', 1, 4, True, False]
['copy', 'MOLCAS.rasscf.h5', 'MOLCAS.1.rasscf.h5']
['copy', 'MOLCAS.JobIph', 'MOLCAS.1.JobIph']
['copy', '/project/lgagliardi/helenclifford/practice_rcc/sharc4/methaniminium/tutorial_reproduction/traj/Singlet_2/TRAJ_00009/restart/MOLCAS.3.JobIph.154', 'JOBOLD']
['rasscf', 3, 3, True, False]
['copy', 'MOLCAS.rasscf.h5', 'MOLCAS.3.rasscf.h5']
['copy', 'MOLCAS.JobIph', 'MOLCAS.3.JobIph']
['link', 'MOLCAS.1.JobIph', 'JOB001']
['rassi', 'dm', [4]]
['copy', 'MOLCAS.rassi.h5', 'MOLCAS.rassi.1.h5']
['link', 'MOLCAS.3.JobIph', 'JOB001']
['rassi', 'dm', [3]]
['copy', 'MOLCAS.rassi.h5', 'MOLCAS.rassi.3.h5']
['copy', '/project/lgagliardi/helenclifford/practice_rcc/sharc4/methaniminium/tutorial_reproduction/traj/Singlet_2/TRAJ_00009/restart/MOLCAS.1.JobIph.154', 'JOB001']
['link', 'MOLCAS.1.JobIph', 'JOB002']
['rassi', 'overlap', [4, 4]]
['copy', 'MOLCAS.rassi.h5', 'MOLCAS.rassi.ovlp.1.h5']
['copy', '/project/lgagliardi/helenclifford/practice_rcc/sharc4/methaniminium/tutorial_reproduction/traj/Singlet_2/TRAJ_00009/restart/MOLCAS.3.JobIph.154', 'JOB001']
['link', 'MOLCAS.3.JobIph', 'JOB002']
['rassi', 'overlap', [3, 3]]
['copy', 'MOLCAS.rassi.h5', 'MOLCAS.rassi.ovlp.3.h5']
['link', 'MOLCAS.1.JobIph', 'JOB001']
['link', 'MOLCAS.3.JobIph', 'JOB002']
['rassi', 'soc', [4, 3]]
['copy', '$master_path/MOLCAS.1.JobIph', 'JOBOLD']
['rasscf', 1, 4, True, False]
['mclr', 0.0001, 'sala=1']
['alaska']
All jobs finished:
job: master          code: 0    runtime: 0:00:19.417576
job: grad_1_1        code: 0    runtime: 0:00:08.762274

Starting job execution
['gateway']
['seward']
['copy', '/project/lgagliardi/helenclifford/practice_rcc/sharc4/methaniminium/tutorial_reproduction/traj/Singlet_2/TRAJ_00009/restart/MOLCAS.1.JobIph.155', 'JOBOLD']
['rasscf', 1, 4, True, False]
['copy', 'MOLCAS.rasscf.h5', 'MOLCAS.1.rasscf.h5']
['copy', 'MOLCAS.JobIph', 'MOLCAS.1.JobIph']
['copy', '/project/lgagliardi/helenclifford/practice_rcc/sharc4/methaniminium/tutorial_reproduction/traj/Singlet_2/TRAJ_00009/restart/MOLCAS.3.JobIph.155', 'JOBOLD']
['rasscf', 3, 3, True, False]
['copy', 'MOLCAS.rasscf.h5', 'MOLCAS.3.rasscf.h5']
['copy', 'MOLCAS.JobIph', 'MOLCAS.3.JobIph']
['link', 'MOLCAS.1.JobIph', 'JOB001']
['rassi', 'dm', [4]]
['copy', 'MOLCAS.rassi.h5', 'MOLCAS.rassi.1.h5']
['link', 'MOLCAS.3.JobIph', 'JOB001']
['rassi', 'dm', [3]]
['copy', 'MOLCAS.rassi.h5', 'MOLCAS.rassi.3.h5']
['copy', '/project/lgagliardi/helenclifford/practice_rcc/sharc4/methaniminium/tutorial_reproduction/traj/Singlet_2/TRAJ_00009/restart/MOLCAS.1.JobIph.155', 'JOB001']
['link', 'MOLCAS.1.JobIph', 'JOB002']
['rassi', 'overlap', [4, 4]]
['copy', 'MOLCAS.rassi.h5', 'MOLCAS.rassi.ovlp.1.h5']
['copy', '/project/lgagliardi/helenclifford/practice_rcc/sharc4/methaniminium/tutorial_reproduction/traj/Singlet_2/TRAJ_00009/restart/MOLCAS.3.JobIph.155', 'JOB001']
['link', 'MOLCAS.3.JobIph', 'JOB002']
['rassi', 'overlap', [3, 3]]
['copy', 'MOLCAS.rassi.h5', 'MOLCAS.rassi.ovlp.3.h5']
['link', 'MOLCAS.1.JobIph', 'JOB001']
['link', 'MOLCAS.3.JobIph', 'JOB002']
['rassi', 'soc', [4, 3]]
['copy', '$master_path/MOLCAS.1.JobIph', 'JOBOLD']
['rasscf', 1, 4, True, False]
['mclr', 0.0001, 'sala=1']
['alaska']
All jobs finished:
job: master          code: 0    runtime: 0:00:17.028809
job: grad_1_1        code: 0    runtime: 0:00:08.123145

Starting job execution
['gateway']
['seward']
['copy', '/project/lgagliardi/helenclifford/practice_rcc/sharc4/methaniminium/tutorial_reproduction/traj/Singlet_2/TRAJ_00009/restart/MOLCAS.1.JobIph.156', 'JOBOLD']
['rasscf', 1, 4, True, False]
['copy', 'MOLCAS.rasscf.h5', 'MOLCAS.1.rasscf.h5']
['copy', 'MOLCAS.JobIph', 'MOLCAS.1.JobIph']
['copy', '/project/lgagliardi/helenclifford/practice_rcc/sharc4/methaniminium/tutorial_reproduction/traj/Singlet_2/TRAJ_00009/restart/MOLCAS.3.JobIph.156', 'JOBOLD']
['rasscf', 3, 3, True, False]
['copy', 'MOLCAS.rasscf.h5', 'MOLCAS.3.rasscf.h5']
['copy', 'MOLCAS.JobIph', 'MOLCAS.3.JobIph']
['link', 'MOLCAS.1.JobIph', 'JOB001']
['rassi', 'dm', [4]]
['copy', 'MOLCAS.rassi.h5', 'MOLCAS.rassi.1.h5']
['link', 'MOLCAS.3.JobIph', 'JOB001']
['rassi', 'dm', [3]]
['copy', 'MOLCAS.rassi.h5', 'MOLCAS.rassi.3.h5']
['copy', '/project/lgagliardi/helenclifford/practice_rcc/sharc4/methaniminium/tutorial_reproduction/traj/Singlet_2/TRAJ_00009/restart/MOLCAS.1.JobIph.156', 'JOB001']
['link', 'MOLCAS.1.JobIph', 'JOB002']
['rassi', 'overlap', [4, 4]]
['copy', 'MOLCAS.rassi.h5', 'MOLCAS.rassi.ovlp.1.h5']
['copy', '/project/lgagliardi/helenclifford/practice_rcc/sharc4/methaniminium/tutorial_reproduction/traj/Singlet_2/TRAJ_00009/restart/MOLCAS.3.JobIph.156', 'JOB001']
['link', 'MOLCAS.3.JobIph', 'JOB002']
['rassi', 'overlap', [3, 3]]
['copy', 'MOLCAS.rassi.h5', 'MOLCAS.rassi.ovlp.3.h5']
['link', 'MOLCAS.1.JobIph', 'JOB001']
['link', 'MOLCAS.3.JobIph', 'JOB002']
['rassi', 'soc', [4, 3]]
['copy', '$master_path/MOLCAS.1.JobIph', 'JOBOLD']
['rasscf', 1, 4, True, False]
['mclr', 0.0001, 'sala=1']
['alaska']
All jobs finished:
job: master          code: 0    runtime: 0:00:16.349620
job: grad_1_1        code: 0    runtime: 0:00:11.089892

Starting job execution
['gateway']
['seward']
['copy', '/project/lgagliardi/helenclifford/practice_rcc/sharc4/methaniminium/tutorial_reproduction/traj/Singlet_2/TRAJ_00009/restart/MOLCAS.1.JobIph.157', 'JOBOLD']
['rasscf', 1, 4, True, False]
['copy', 'MOLCAS.rasscf.h5', 'MOLCAS.1.rasscf.h5']
['copy', 'MOLCAS.JobIph', 'MOLCAS.1.JobIph']
['copy', '/project/lgagliardi/helenclifford/practice_rcc/sharc4/methaniminium/tutorial_reproduction/traj/Singlet_2/TRAJ_00009/restart/MOLCAS.3.JobIph.157', 'JOBOLD']
['rasscf', 3, 3, True, False]
['copy', 'MOLCAS.rasscf.h5', 'MOLCAS.3.rasscf.h5']
['copy', 'MOLCAS.JobIph', 'MOLCAS.3.JobIph']
['link', 'MOLCAS.1.JobIph', 'JOB001']
['rassi', 'dm', [4]]
['copy', 'MOLCAS.rassi.h5', 'MOLCAS.rassi.1.h5']
['link', 'MOLCAS.3.JobIph', 'JOB001']
['rassi', 'dm', [3]]
['copy', 'MOLCAS.rassi.h5', 'MOLCAS.rassi.3.h5']
['copy', '/project/lgagliardi/helenclifford/practice_rcc/sharc4/methaniminium/tutorial_reproduction/traj/Singlet_2/TRAJ_00009/restart/MOLCAS.1.JobIph.157', 'JOB001']
['link', 'MOLCAS.1.JobIph', 'JOB002']
['rassi', 'overlap', [4, 4]]
['copy', 'MOLCAS.rassi.h5', 'MOLCAS.rassi.ovlp.1.h5']
['copy', '/project/lgagliardi/helenclifford/practice_rcc/sharc4/methaniminium/tutorial_reproduction/traj/Singlet_2/TRAJ_00009/restart/MOLCAS.3.JobIph.157', 'JOB001']
['link', 'MOLCAS.3.JobIph', 'JOB002']
['rassi', 'overlap', [3, 3]]
['copy', 'MOLCAS.rassi.h5', 'MOLCAS.rassi.ovlp.3.h5']
['link', 'MOLCAS.1.JobIph', 'JOB001']
['link', 'MOLCAS.3.JobIph', 'JOB002']
['rassi', 'soc', [4, 3]]
['copy', '$master_path/MOLCAS.1.JobIph', 'JOBOLD']
['rasscf', 1, 4, True, False]
['mclr', 0.0001, 'sala=1']
['alaska']
All jobs finished:
job: master          code: 0    runtime: 0:00:13.455096
job: grad_1_1        code: 0    runtime: 0:00:10.546568

Starting job execution
['gateway']
['seward']
['copy', '/project/lgagliardi/helenclifford/practice_rcc/sharc4/methaniminium/tutorial_reproduction/traj/Singlet_2/TRAJ_00009/restart/MOLCAS.1.JobIph.158', 'JOBOLD']
['rasscf', 1, 4, True, False]
['copy', 'MOLCAS.rasscf.h5', 'MOLCAS.1.rasscf.h5']
['copy', 'MOLCAS.JobIph', 'MOLCAS.1.JobIph']
['copy', '/project/lgagliardi/helenclifford/practice_rcc/sharc4/methaniminium/tutorial_reproduction/traj/Singlet_2/TRAJ_00009/restart/MOLCAS.3.JobIph.158', 'JOBOLD']
['rasscf', 3, 3, True, False]
['copy', 'MOLCAS.rasscf.h5', 'MOLCAS.3.rasscf.h5']
['copy', 'MOLCAS.JobIph', 'MOLCAS.3.JobIph']
['link', 'MOLCAS.1.JobIph', 'JOB001']
['rassi', 'dm', [4]]
['copy', 'MOLCAS.rassi.h5', 'MOLCAS.rassi.1.h5']
['link', 'MOLCAS.3.JobIph', 'JOB001']
['rassi', 'dm', [3]]
['copy', 'MOLCAS.rassi.h5', 'MOLCAS.rassi.3.h5']
['copy', '/project/lgagliardi/helenclifford/practice_rcc/sharc4/methaniminium/tutorial_reproduction/traj/Singlet_2/TRAJ_00009/restart/MOLCAS.1.JobIph.158', 'JOB001']
['link', 'MOLCAS.1.JobIph', 'JOB002']
['rassi', 'overlap', [4, 4]]
['copy', 'MOLCAS.rassi.h5', 'MOLCAS.rassi.ovlp.1.h5']
['copy', '/project/lgagliardi/helenclifford/practice_rcc/sharc4/methaniminium/tutorial_reproduction/traj/Singlet_2/TRAJ_00009/restart/MOLCAS.3.JobIph.158', 'JOB001']
['link', 'MOLCAS.3.JobIph', 'JOB002']
['rassi', 'overlap', [3, 3]]
['copy', 'MOLCAS.rassi.h5', 'MOLCAS.rassi.ovlp.3.h5']
['link', 'MOLCAS.1.JobIph', 'JOB001']
['link', 'MOLCAS.3.JobIph', 'JOB002']
['rassi', 'soc', [4, 3]]
['copy', '$master_path/MOLCAS.1.JobIph', 'JOBOLD']
['rasscf', 1, 4, True, False]
['mclr', 0.0001, 'sala=1']
['alaska']
All jobs finished:
job: master          code: 0    runtime: 0:00:17.946201
job: grad_1_1        code: 0    runtime: 0:00:08.588276

Starting job execution
['gateway']
['seward']
['copy', '/project/lgagliardi/helenclifford/practice_rcc/sharc4/methaniminium/tutorial_reproduction/traj/Singlet_2/TRAJ_00009/restart/MOLCAS.1.JobIph.159', 'JOBOLD']
['rasscf', 1, 4, True, False]
['copy', 'MOLCAS.rasscf.h5', 'MOLCAS.1.rasscf.h5']
['copy', 'MOLCAS.JobIph', 'MOLCAS.1.JobIph']
['copy', '/project/lgagliardi/helenclifford/practice_rcc/sharc4/methaniminium/tutorial_reproduction/traj/Singlet_2/TRAJ_00009/restart/MOLCAS.3.JobIph.159', 'JOBOLD']
['rasscf', 3, 3, True, False]
['copy', 'MOLCAS.rasscf.h5', 'MOLCAS.3.rasscf.h5']
['copy', 'MOLCAS.JobIph', 'MOLCAS.3.JobIph']
['link', 'MOLCAS.1.JobIph', 'JOB001']
['rassi', 'dm', [4]]
['copy', 'MOLCAS.rassi.h5', 'MOLCAS.rassi.1.h5']
['link', 'MOLCAS.3.JobIph', 'JOB001']
['rassi', 'dm', [3]]
['copy', 'MOLCAS.rassi.h5', 'MOLCAS.rassi.3.h5']
['copy', '/project/lgagliardi/helenclifford/practice_rcc/sharc4/methaniminium/tutorial_reproduction/traj/Singlet_2/TRAJ_00009/restart/MOLCAS.1.JobIph.159', 'JOB001']
['link', 'MOLCAS.1.JobIph', 'JOB002']
['rassi', 'overlap', [4, 4]]
['copy', 'MOLCAS.rassi.h5', 'MOLCAS.rassi.ovlp.1.h5']
['copy', '/project/lgagliardi/helenclifford/practice_rcc/sharc4/methaniminium/tutorial_reproduction/traj/Singlet_2/TRAJ_00009/restart/MOLCAS.3.JobIph.159', 'JOB001']
['link', 'MOLCAS.3.JobIph', 'JOB002']
['rassi', 'overlap', [3, 3]]
['copy', 'MOLCAS.rassi.h5', 'MOLCAS.rassi.ovlp.3.h5']
['link', 'MOLCAS.1.JobIph', 'JOB001']
['link', 'MOLCAS.3.JobIph', 'JOB002']
['rassi', 'soc', [4, 3]]
['copy', '$master_path/MOLCAS.1.JobIph', 'JOBOLD']
['rasscf', 1, 4, True, False]
['mclr', 0.0001, 'sala=1']
['alaska']
All jobs finished:
job: master          code: 0    runtime: 0:00:17.765247
job: grad_1_1        code: 0    runtime: 0:00:08.538726

Starting job execution
['gateway']
['seward']
['copy', '/project/lgagliardi/helenclifford/practice_rcc/sharc4/methaniminium/tutorial_reproduction/traj/Singlet_2/TRAJ_00009/restart/MOLCAS.1.JobIph.160', 'JOBOLD']
['rasscf', 1, 4, True, False]
['copy', 'MOLCAS.rasscf.h5', 'MOLCAS.1.rasscf.h5']
['copy', 'MOLCAS.JobIph', 'MOLCAS.1.JobIph']
['copy', '/project/lgagliardi/helenclifford/practice_rcc/sharc4/methaniminium/tutorial_reproduction/traj/Singlet_2/TRAJ_00009/restart/MOLCAS.3.JobIph.160', 'JOBOLD']
['rasscf', 3, 3, True, False]
['copy', 'MOLCAS.rasscf.h5', 'MOLCAS.3.rasscf.h5']
['copy', 'MOLCAS.JobIph', 'MOLCAS.3.JobIph']
['link', 'MOLCAS.1.JobIph', 'JOB001']
['rassi', 'dm', [4]]
['copy', 'MOLCAS.rassi.h5', 'MOLCAS.rassi.1.h5']
['link', 'MOLCAS.3.JobIph', 'JOB001']
['rassi', 'dm', [3]]
['copy', 'MOLCAS.rassi.h5', 'MOLCAS.rassi.3.h5']
['copy', '/project/lgagliardi/helenclifford/practice_rcc/sharc4/methaniminium/tutorial_reproduction/traj/Singlet_2/TRAJ_00009/restart/MOLCAS.1.JobIph.160', 'JOB001']
['link', 'MOLCAS.1.JobIph', 'JOB002']
['rassi', 'overlap', [4, 4]]
['copy', 'MOLCAS.rassi.h5', 'MOLCAS.rassi.ovlp.1.h5']
['copy', '/project/lgagliardi/helenclifford/practice_rcc/sharc4/methaniminium/tutorial_reproduction/traj/Singlet_2/TRAJ_00009/restart/MOLCAS.3.JobIph.160', 'JOB001']
['link', 'MOLCAS.3.JobIph', 'JOB002']
['rassi', 'overlap', [3, 3]]
['copy', 'MOLCAS.rassi.h5', 'MOLCAS.rassi.ovlp.3.h5']
['link', 'MOLCAS.1.JobIph', 'JOB001']
['link', 'MOLCAS.3.JobIph', 'JOB002']
['rassi', 'soc', [4, 3]]
['copy', '$master_path/MOLCAS.1.JobIph', 'JOBOLD']
['rasscf', 1, 4, True, False]
['mclr', 0.0001, 'sala=1']
['alaska']
All jobs finished:
job: master          code: 0    runtime: 0:00:18.297722
job: grad_1_1        code: 0    runtime: 0:00:08.268718

Starting job execution
['gateway']
['seward']
['copy', '/project/lgagliardi/helenclifford/practice_rcc/sharc4/methaniminium/tutorial_reproduction/traj/Singlet_2/TRAJ_00009/restart/MOLCAS.1.JobIph.161', 'JOBOLD']
['rasscf', 1, 4, True, False]
['copy', 'MOLCAS.rasscf.h5', 'MOLCAS.1.rasscf.h5']
['copy', 'MOLCAS.JobIph', 'MOLCAS.1.JobIph']
['copy', '/project/lgagliardi/helenclifford/practice_rcc/sharc4/methaniminium/tutorial_reproduction/traj/Singlet_2/TRAJ_00009/restart/MOLCAS.3.JobIph.161', 'JOBOLD']
['rasscf', 3, 3, True, False]
['copy', 'MOLCAS.rasscf.h5', 'MOLCAS.3.rasscf.h5']
['copy', 'MOLCAS.JobIph', 'MOLCAS.3.JobIph']
['link', 'MOLCAS.1.JobIph', 'JOB001']
['rassi', 'dm', [4]]
['copy', 'MOLCAS.rassi.h5', 'MOLCAS.rassi.1.h5']
['link', 'MOLCAS.3.JobIph', 'JOB001']
['rassi', 'dm', [3]]
['copy', 'MOLCAS.rassi.h5', 'MOLCAS.rassi.3.h5']
['copy', '/project/lgagliardi/helenclifford/practice_rcc/sharc4/methaniminium/tutorial_reproduction/traj/Singlet_2/TRAJ_00009/restart/MOLCAS.1.JobIph.161', 'JOB001']
['link', 'MOLCAS.1.JobIph', 'JOB002']
['rassi', 'overlap', [4, 4]]
['copy', 'MOLCAS.rassi.h5', 'MOLCAS.rassi.ovlp.1.h5']
['copy', '/project/lgagliardi/helenclifford/practice_rcc/sharc4/methaniminium/tutorial_reproduction/traj/Singlet_2/TRAJ_00009/restart/MOLCAS.3.JobIph.161', 'JOB001']
['link', 'MOLCAS.3.JobIph', 'JOB002']
['rassi', 'overlap', [3, 3]]
['copy', 'MOLCAS.rassi.h5', 'MOLCAS.rassi.ovlp.3.h5']
['link', 'MOLCAS.1.JobIph', 'JOB001']
['link', 'MOLCAS.3.JobIph', 'JOB002']
['rassi', 'soc', [4, 3]]
['copy', '$master_path/MOLCAS.1.JobIph', 'JOBOLD']
['rasscf', 1, 4, True, False]
['mclr', 0.0001, 'sala=1']
['alaska']
All jobs finished:
job: master          code: 0    runtime: 0:00:16.057189
job: grad_1_1        code: 0    runtime: 0:00:10.238938

Starting job execution
['gateway']
['seward']
['copy', '/project/lgagliardi/helenclifford/practice_rcc/sharc4/methaniminium/tutorial_reproduction/traj/Singlet_2/TRAJ_00009/restart/MOLCAS.1.JobIph.162', 'JOBOLD']
['rasscf', 1, 4, True, False]
['copy', 'MOLCAS.rasscf.h5', 'MOLCAS.1.rasscf.h5']
['copy', 'MOLCAS.JobIph', 'MOLCAS.1.JobIph']
['copy', '/project/lgagliardi/helenclifford/practice_rcc/sharc4/methaniminium/tutorial_reproduction/traj/Singlet_2/TRAJ_00009/restart/MOLCAS.3.JobIph.162', 'JOBOLD']
['rasscf', 3, 3, True, False]
['copy', 'MOLCAS.rasscf.h5', 'MOLCAS.3.rasscf.h5']
['copy', 'MOLCAS.JobIph', 'MOLCAS.3.JobIph']
['link', 'MOLCAS.1.JobIph', 'JOB001']
['rassi', 'dm', [4]]
['copy', 'MOLCAS.rassi.h5', 'MOLCAS.rassi.1.h5']
['link', 'MOLCAS.3.JobIph', 'JOB001']
['rassi', 'dm', [3]]
['copy', 'MOLCAS.rassi.h5', 'MOLCAS.rassi.3.h5']
['copy', '/project/lgagliardi/helenclifford/practice_rcc/sharc4/methaniminium/tutorial_reproduction/traj/Singlet_2/TRAJ_00009/restart/MOLCAS.1.JobIph.162', 'JOB001']
['link', 'MOLCAS.1.JobIph', 'JOB002']
['rassi', 'overlap', [4, 4]]
['copy', 'MOLCAS.rassi.h5', 'MOLCAS.rassi.ovlp.1.h5']
['copy', '/project/lgagliardi/helenclifford/practice_rcc/sharc4/methaniminium/tutorial_reproduction/traj/Singlet_2/TRAJ_00009/restart/MOLCAS.3.JobIph.162', 'JOB001']
['link', 'MOLCAS.3.JobIph', 'JOB002']
['rassi', 'overlap', [3, 3]]
['copy', 'MOLCAS.rassi.h5', 'MOLCAS.rassi.ovlp.3.h5']
['link', 'MOLCAS.1.JobIph', 'JOB001']
['link', 'MOLCAS.3.JobIph', 'JOB002']
['rassi', 'soc', [4, 3]]
['copy', '$master_path/MOLCAS.1.JobIph', 'JOBOLD']
['rasscf', 1, 4, True, False]
['mclr', 0.0001, 'sala=1']
['alaska']
All jobs finished:
job: master          code: 0    runtime: 0:00:18.720027
job: grad_1_1        code: 0    runtime: 0:00:09.425638

Starting job execution
['gateway']
['seward']
['copy', '/project/lgagliardi/helenclifford/practice_rcc/sharc4/methaniminium/tutorial_reproduction/traj/Singlet_2/TRAJ_00009/restart/MOLCAS.1.JobIph.163', 'JOBOLD']
['rasscf', 1, 4, True, False]
['copy', 'MOLCAS.rasscf.h5', 'MOLCAS.1.rasscf.h5']
['copy', 'MOLCAS.JobIph', 'MOLCAS.1.JobIph']
['copy', '/project/lgagliardi/helenclifford/practice_rcc/sharc4/methaniminium/tutorial_reproduction/traj/Singlet_2/TRAJ_00009/restart/MOLCAS.3.JobIph.163', 'JOBOLD']
['rasscf', 3, 3, True, False]
['copy', 'MOLCAS.rasscf.h5', 'MOLCAS.3.rasscf.h5']
['copy', 'MOLCAS.JobIph', 'MOLCAS.3.JobIph']
['link', 'MOLCAS.1.JobIph', 'JOB001']
['rassi', 'dm', [4]]
['copy', 'MOLCAS.rassi.h5', 'MOLCAS.rassi.1.h5']
['link', 'MOLCAS.3.JobIph', 'JOB001']
['rassi', 'dm', [3]]
['copy', 'MOLCAS.rassi.h5', 'MOLCAS.rassi.3.h5']
['copy', '/project/lgagliardi/helenclifford/practice_rcc/sharc4/methaniminium/tutorial_reproduction/traj/Singlet_2/TRAJ_00009/restart/MOLCAS.1.JobIph.163', 'JOB001']
['link', 'MOLCAS.1.JobIph', 'JOB002']
['rassi', 'overlap', [4, 4]]
['copy', 'MOLCAS.rassi.h5', 'MOLCAS.rassi.ovlp.1.h5']
['copy', '/project/lgagliardi/helenclifford/practice_rcc/sharc4/methaniminium/tutorial_reproduction/traj/Singlet_2/TRAJ_00009/restart/MOLCAS.3.JobIph.163', 'JOB001']
['link', 'MOLCAS.3.JobIph', 'JOB002']
['rassi', 'overlap', [3, 3]]
['copy', 'MOLCAS.rassi.h5', 'MOLCAS.rassi.ovlp.3.h5']
['link', 'MOLCAS.1.JobIph', 'JOB001']
['link', 'MOLCAS.3.JobIph', 'JOB002']
['rassi', 'soc', [4, 3]]
['copy', '$master_path/MOLCAS.1.JobIph', 'JOBOLD']
['rasscf', 1, 4, True, False]
['mclr', 0.0001, 'sala=1']
['alaska']
All jobs finished:
job: master          code: 0    runtime: 0:00:14.251625
job: grad_1_1        code: 0    runtime: 0:00:06.358697

Starting job execution
['gateway']
['seward']
['copy', '/project/lgagliardi/helenclifford/practice_rcc/sharc4/methaniminium/tutorial_reproduction/traj/Singlet_2/TRAJ_00009/restart/MOLCAS.1.JobIph.164', 'JOBOLD']
['rasscf', 1, 4, True, False]
['copy', 'MOLCAS.rasscf.h5', 'MOLCAS.1.rasscf.h5']
['copy', 'MOLCAS.JobIph', 'MOLCAS.1.JobIph']
['copy', '/project/lgagliardi/helenclifford/practice_rcc/sharc4/methaniminium/tutorial_reproduction/traj/Singlet_2/TRAJ_00009/restart/MOLCAS.3.JobIph.164', 'JOBOLD']
['rasscf', 3, 3, True, False]
['copy', 'MOLCAS.rasscf.h5', 'MOLCAS.3.rasscf.h5']
['copy', 'MOLCAS.JobIph', 'MOLCAS.3.JobIph']
['link', 'MOLCAS.1.JobIph', 'JOB001']
['rassi', 'dm', [4]]
['copy', 'MOLCAS.rassi.h5', 'MOLCAS.rassi.1.h5']
['link', 'MOLCAS.3.JobIph', 'JOB001']
['rassi', 'dm', [3]]
['copy', 'MOLCAS.rassi.h5', 'MOLCAS.rassi.3.h5']
['copy', '/project/lgagliardi/helenclifford/practice_rcc/sharc4/methaniminium/tutorial_reproduction/traj/Singlet_2/TRAJ_00009/restart/MOLCAS.1.JobIph.164', 'JOB001']
['link', 'MOLCAS.1.JobIph', 'JOB002']
['rassi', 'overlap', [4, 4]]
['copy', 'MOLCAS.rassi.h5', 'MOLCAS.rassi.ovlp.1.h5']
['copy', '/project/lgagliardi/helenclifford/practice_rcc/sharc4/methaniminium/tutorial_reproduction/traj/Singlet_2/TRAJ_00009/restart/MOLCAS.3.JobIph.164', 'JOB001']
['link', 'MOLCAS.3.JobIph', 'JOB002']
['rassi', 'overlap', [3, 3]]
['copy', 'MOLCAS.rassi.h5', 'MOLCAS.rassi.ovlp.3.h5']
['link', 'MOLCAS.1.JobIph', 'JOB001']
['link', 'MOLCAS.3.JobIph', 'JOB002']
['rassi', 'soc', [4, 3]]
['copy', '$master_path/MOLCAS.1.JobIph', 'JOBOLD']
['rasscf', 1, 4, True, False]
['mclr', 0.0001, 'sala=1']
['alaska']
All jobs finished:
job: master          code: 0    runtime: 0:00:16.937579
job: grad_1_1        code: 0    runtime: 0:00:07.536618

Starting job execution
['gateway']
['seward']
['copy', '/project/lgagliardi/helenclifford/practice_rcc/sharc4/methaniminium/tutorial_reproduction/traj/Singlet_2/TRAJ_00009/restart/MOLCAS.1.JobIph.165', 'JOBOLD']
['rasscf', 1, 4, True, False]
['copy', 'MOLCAS.rasscf.h5', 'MOLCAS.1.rasscf.h5']
['copy', 'MOLCAS.JobIph', 'MOLCAS.1.JobIph']
['copy', '/project/lgagliardi/helenclifford/practice_rcc/sharc4/methaniminium/tutorial_reproduction/traj/Singlet_2/TRAJ_00009/restart/MOLCAS.3.JobIph.165', 'JOBOLD']
['rasscf', 3, 3, True, False]
['copy', 'MOLCAS.rasscf.h5', 'MOLCAS.3.rasscf.h5']
['copy', 'MOLCAS.JobIph', 'MOLCAS.3.JobIph']
['link', 'MOLCAS.1.JobIph', 'JOB001']
['rassi', 'dm', [4]]
['copy', 'MOLCAS.rassi.h5', 'MOLCAS.rassi.1.h5']
['link', 'MOLCAS.3.JobIph', 'JOB001']
['rassi', 'dm', [3]]
['copy', 'MOLCAS.rassi.h5', 'MOLCAS.rassi.3.h5']
['copy', '/project/lgagliardi/helenclifford/practice_rcc/sharc4/methaniminium/tutorial_reproduction/traj/Singlet_2/TRAJ_00009/restart/MOLCAS.1.JobIph.165', 'JOB001']
['link', 'MOLCAS.1.JobIph', 'JOB002']
['rassi', 'overlap', [4, 4]]
['copy', 'MOLCAS.rassi.h5', 'MOLCAS.rassi.ovlp.1.h5']
['copy', '/project/lgagliardi/helenclifford/practice_rcc/sharc4/methaniminium/tutorial_reproduction/traj/Singlet_2/TRAJ_00009/restart/MOLCAS.3.JobIph.165', 'JOB001']
['link', 'MOLCAS.3.JobIph', 'JOB002']
['rassi', 'overlap', [3, 3]]
['copy', 'MOLCAS.rassi.h5', 'MOLCAS.rassi.ovlp.3.h5']
['link', 'MOLCAS.1.JobIph', 'JOB001']
['link', 'MOLCAS.3.JobIph', 'JOB002']
['rassi', 'soc', [4, 3]]
['copy', '$master_path/MOLCAS.1.JobIph', 'JOBOLD']
['rasscf', 1, 4, True, False]
['mclr', 0.0001, 'sala=1']
['alaska']
All jobs finished:
job: master          code: 0    runtime: 0:00:17.063619
job: grad_1_1        code: 0    runtime: 0:00:02.603106

Starting job execution
['gateway']
['seward']
['copy', '/project/lgagliardi/helenclifford/practice_rcc/sharc4/methaniminium/tutorial_reproduction/traj/Singlet_2/TRAJ_00009/restart/MOLCAS.1.JobIph.166', 'JOBOLD']
['rasscf', 1, 4, True, False]
['copy', 'MOLCAS.rasscf.h5', 'MOLCAS.1.rasscf.h5']
['copy', 'MOLCAS.JobIph', 'MOLCAS.1.JobIph']
['copy', '/project/lgagliardi/helenclifford/practice_rcc/sharc4/methaniminium/tutorial_reproduction/traj/Singlet_2/TRAJ_00009/restart/MOLCAS.3.JobIph.166', 'JOBOLD']
['rasscf', 3, 3, True, False]
['copy', 'MOLCAS.rasscf.h5', 'MOLCAS.3.rasscf.h5']
['copy', 'MOLCAS.JobIph', 'MOLCAS.3.JobIph']
['link', 'MOLCAS.1.JobIph', 'JOB001']
['rassi', 'dm', [4]]
['copy', 'MOLCAS.rassi.h5', 'MOLCAS.rassi.1.h5']
['link', 'MOLCAS.3.JobIph', 'JOB001']
['rassi', 'dm', [3]]
['copy', 'MOLCAS.rassi.h5', 'MOLCAS.rassi.3.h5']
['copy', '/project/lgagliardi/helenclifford/practice_rcc/sharc4/methaniminium/tutorial_reproduction/traj/Singlet_2/TRAJ_00009/restart/MOLCAS.1.JobIph.166', 'JOB001']
['link', 'MOLCAS.1.JobIph', 'JOB002']
['rassi', 'overlap', [4, 4]]
['copy', 'MOLCAS.rassi.h5', 'MOLCAS.rassi.ovlp.1.h5']
['copy', '/project/lgagliardi/helenclifford/practice_rcc/sharc4/methaniminium/tutorial_reproduction/traj/Singlet_2/TRAJ_00009/restart/MOLCAS.3.JobIph.166', 'JOB001']
['link', 'MOLCAS.3.JobIph', 'JOB002']
['rassi', 'overlap', [3, 3]]
['copy', 'MOLCAS.rassi.h5', 'MOLCAS.rassi.ovlp.3.h5']
['link', 'MOLCAS.1.JobIph', 'JOB001']
['link', 'MOLCAS.3.JobIph', 'JOB002']
['rassi', 'soc', [4, 3]]
['copy', '$master_path/MOLCAS.1.JobIph', 'JOBOLD']
['rasscf', 1, 4, True, False]
['mclr', 0.0001, 'sala=1']
['alaska']
All jobs finished:
job: master          code: 0    runtime: 0:00:22.928487
job: grad_1_1        code: 0    runtime: 0:00:09.308266

Starting job execution
['gateway']
['seward']
['copy', '/project/lgagliardi/helenclifford/practice_rcc/sharc4/methaniminium/tutorial_reproduction/traj/Singlet_2/TRAJ_00009/restart/MOLCAS.1.JobIph.167', 'JOBOLD']
['rasscf', 1, 4, True, False]
['copy', 'MOLCAS.rasscf.h5', 'MOLCAS.1.rasscf.h5']
['copy', 'MOLCAS.JobIph', 'MOLCAS.1.JobIph']
['copy', '/project/lgagliardi/helenclifford/practice_rcc/sharc4/methaniminium/tutorial_reproduction/traj/Singlet_2/TRAJ_00009/restart/MOLCAS.3.JobIph.167', 'JOBOLD']
['rasscf', 3, 3, True, False]
['copy', 'MOLCAS.rasscf.h5', 'MOLCAS.3.rasscf.h5']
['copy', 'MOLCAS.JobIph', 'MOLCAS.3.JobIph']
['link', 'MOLCAS.1.JobIph', 'JOB001']
['rassi', 'dm', [4]]
['copy', 'MOLCAS.rassi.h5', 'MOLCAS.rassi.1.h5']
['link', 'MOLCAS.3.JobIph', 'JOB001']
['rassi', 'dm', [3]]
['copy', 'MOLCAS.rassi.h5', 'MOLCAS.rassi.3.h5']
['copy', '/project/lgagliardi/helenclifford/practice_rcc/sharc4/methaniminium/tutorial_reproduction/traj/Singlet_2/TRAJ_00009/restart/MOLCAS.1.JobIph.167', 'JOB001']
['link', 'MOLCAS.1.JobIph', 'JOB002']
['rassi', 'overlap', [4, 4]]
['copy', 'MOLCAS.rassi.h5', 'MOLCAS.rassi.ovlp.1.h5']
['copy', '/project/lgagliardi/helenclifford/practice_rcc/sharc4/methaniminium/tutorial_reproduction/traj/Singlet_2/TRAJ_00009/restart/MOLCAS.3.JobIph.167', 'JOB001']
['link', 'MOLCAS.3.JobIph', 'JOB002']
['rassi', 'overlap', [3, 3]]
['copy', 'MOLCAS.rassi.h5', 'MOLCAS.rassi.ovlp.3.h5']
['link', 'MOLCAS.1.JobIph', 'JOB001']
['link', 'MOLCAS.3.JobIph', 'JOB002']
['rassi', 'soc', [4, 3]]
['copy', '$master_path/MOLCAS.1.JobIph', 'JOBOLD']
['rasscf', 1, 4, True, False]
['mclr', 0.0001, 'sala=1']
['alaska']
All jobs finished:
job: master          code: 0    runtime: 0:00:14.378498
job: grad_1_1        code: 0    runtime: 0:00:13.067323

Starting job execution
['gateway']
['seward']
['copy', '/project/lgagliardi/helenclifford/practice_rcc/sharc4/methaniminium/tutorial_reproduction/traj/Singlet_2/TRAJ_00009/restart/MOLCAS.1.JobIph.168', 'JOBOLD']
['rasscf', 1, 4, True, False]
['copy', 'MOLCAS.rasscf.h5', 'MOLCAS.1.rasscf.h5']
['copy', 'MOLCAS.JobIph', 'MOLCAS.1.JobIph']
['copy', '/project/lgagliardi/helenclifford/practice_rcc/sharc4/methaniminium/tutorial_reproduction/traj/Singlet_2/TRAJ_00009/restart/MOLCAS.3.JobIph.168', 'JOBOLD']
['rasscf', 3, 3, True, False]
['copy', 'MOLCAS.rasscf.h5', 'MOLCAS.3.rasscf.h5']
['copy', 'MOLCAS.JobIph', 'MOLCAS.3.JobIph']
['link', 'MOLCAS.1.JobIph', 'JOB001']
['rassi', 'dm', [4]]
['copy', 'MOLCAS.rassi.h5', 'MOLCAS.rassi.1.h5']
['link', 'MOLCAS.3.JobIph', 'JOB001']
['rassi', 'dm', [3]]
['copy', 'MOLCAS.rassi.h5', 'MOLCAS.rassi.3.h5']
['copy', '/project/lgagliardi/helenclifford/practice_rcc/sharc4/methaniminium/tutorial_reproduction/traj/Singlet_2/TRAJ_00009/restart/MOLCAS.1.JobIph.168', 'JOB001']
['link', 'MOLCAS.1.JobIph', 'JOB002']
['rassi', 'overlap', [4, 4]]
['copy', 'MOLCAS.rassi.h5', 'MOLCAS.rassi.ovlp.1.h5']
['copy', '/project/lgagliardi/helenclifford/practice_rcc/sharc4/methaniminium/tutorial_reproduction/traj/Singlet_2/TRAJ_00009/restart/MOLCAS.3.JobIph.168', 'JOB001']
['link', 'MOLCAS.3.JobIph', 'JOB002']
['rassi', 'overlap', [3, 3]]
['copy', 'MOLCAS.rassi.h5', 'MOLCAS.rassi.ovlp.3.h5']
['link', 'MOLCAS.1.JobIph', 'JOB001']
['link', 'MOLCAS.3.JobIph', 'JOB002']
['rassi', 'soc', [4, 3]]
['copy', '$master_path/MOLCAS.1.JobIph', 'JOBOLD']
['rasscf', 1, 4, True, False]
['mclr', 0.0001, 'sala=1']
['alaska']
All jobs finished:
job: master          code: 0    runtime: 0:00:13.788643
job: grad_1_1        code: 0    runtime: 0:00:12.168857

Starting job execution
['gateway']
['seward']
['copy', '/project/lgagliardi/helenclifford/practice_rcc/sharc4/methaniminium/tutorial_reproduction/traj/Singlet_2/TRAJ_00009/restart/MOLCAS.1.JobIph.169', 'JOBOLD']
['rasscf', 1, 4, True, False]
['copy', 'MOLCAS.rasscf.h5', 'MOLCAS.1.rasscf.h5']
['copy', 'MOLCAS.JobIph', 'MOLCAS.1.JobIph']
['copy', '/project/lgagliardi/helenclifford/practice_rcc/sharc4/methaniminium/tutorial_reproduction/traj/Singlet_2/TRAJ_00009/restart/MOLCAS.3.JobIph.169', 'JOBOLD']
['rasscf', 3, 3, True, False]
['copy', 'MOLCAS.rasscf.h5', 'MOLCAS.3.rasscf.h5']
['copy', 'MOLCAS.JobIph', 'MOLCAS.3.JobIph']
['link', 'MOLCAS.1.JobIph', 'JOB001']
['rassi', 'dm', [4]]
['copy', 'MOLCAS.rassi.h5', 'MOLCAS.rassi.1.h5']
['link', 'MOLCAS.3.JobIph', 'JOB001']
['rassi', 'dm', [3]]
['copy', 'MOLCAS.rassi.h5', 'MOLCAS.rassi.3.h5']
['copy', '/project/lgagliardi/helenclifford/practice_rcc/sharc4/methaniminium/tutorial_reproduction/traj/Singlet_2/TRAJ_00009/restart/MOLCAS.1.JobIph.169', 'JOB001']
['link', 'MOLCAS.1.JobIph', 'JOB002']
['rassi', 'overlap', [4, 4]]
['copy', 'MOLCAS.rassi.h5', 'MOLCAS.rassi.ovlp.1.h5']
['copy', '/project/lgagliardi/helenclifford/practice_rcc/sharc4/methaniminium/tutorial_reproduction/traj/Singlet_2/TRAJ_00009/restart/MOLCAS.3.JobIph.169', 'JOB001']
['link', 'MOLCAS.3.JobIph', 'JOB002']
['rassi', 'overlap', [3, 3]]
['copy', 'MOLCAS.rassi.h5', 'MOLCAS.rassi.ovlp.3.h5']
['link', 'MOLCAS.1.JobIph', 'JOB001']
['link', 'MOLCAS.3.JobIph', 'JOB002']
['rassi', 'soc', [4, 3]]
['copy', '$master_path/MOLCAS.1.JobIph', 'JOBOLD']
['rasscf', 1, 4, True, False]
['mclr', 0.0001, 'sala=1']
['alaska']
All jobs finished:
job: master          code: 0    runtime: 0:00:18.369489
job: grad_1_1        code: 0    runtime: 0:00:08.176342

Starting job execution
['gateway']
['seward']
['copy', '/project/lgagliardi/helenclifford/practice_rcc/sharc4/methaniminium/tutorial_reproduction/traj/Singlet_2/TRAJ_00009/restart/MOLCAS.1.JobIph.170', 'JOBOLD']
['rasscf', 1, 4, True, False]
['copy', 'MOLCAS.rasscf.h5', 'MOLCAS.1.rasscf.h5']
['copy', 'MOLCAS.JobIph', 'MOLCAS.1.JobIph']
['copy', '/project/lgagliardi/helenclifford/practice_rcc/sharc4/methaniminium/tutorial_reproduction/traj/Singlet_2/TRAJ_00009/restart/MOLCAS.3.JobIph.170', 'JOBOLD']
['rasscf', 3, 3, True, False]
['copy', 'MOLCAS.rasscf.h5', 'MOLCAS.3.rasscf.h5']
['copy', 'MOLCAS.JobIph', 'MOLCAS.3.JobIph']
['link', 'MOLCAS.1.JobIph', 'JOB001']
['rassi', 'dm', [4]]
['copy', 'MOLCAS.rassi.h5', 'MOLCAS.rassi.1.h5']
['link', 'MOLCAS.3.JobIph', 'JOB001']
['rassi', 'dm', [3]]
['copy', 'MOLCAS.rassi.h5', 'MOLCAS.rassi.3.h5']
['copy', '/project/lgagliardi/helenclifford/practice_rcc/sharc4/methaniminium/tutorial_reproduction/traj/Singlet_2/TRAJ_00009/restart/MOLCAS.1.JobIph.170', 'JOB001']
['link', 'MOLCAS.1.JobIph', 'JOB002']
['rassi', 'overlap', [4, 4]]
['copy', 'MOLCAS.rassi.h5', 'MOLCAS.rassi.ovlp.1.h5']
['copy', '/project/lgagliardi/helenclifford/practice_rcc/sharc4/methaniminium/tutorial_reproduction/traj/Singlet_2/TRAJ_00009/restart/MOLCAS.3.JobIph.170', 'JOB001']
['link', 'MOLCAS.3.JobIph', 'JOB002']
['rassi', 'overlap', [3, 3]]
['copy', 'MOLCAS.rassi.h5', 'MOLCAS.rassi.ovlp.3.h5']
['link', 'MOLCAS.1.JobIph', 'JOB001']
['link', 'MOLCAS.3.JobIph', 'JOB002']
['rassi', 'soc', [4, 3]]
['copy', '$master_path/MOLCAS.1.JobIph', 'JOBOLD']
['rasscf', 1, 4, True, False]
['mclr', 0.0001, 'sala=1']
['alaska']
All jobs finished:
job: master          code: 0    runtime: 0:00:14.548756
job: grad_1_1        code: 0    runtime: 0:00:09.334931

Starting job execution
['gateway']
['seward']
['copy', '/project/lgagliardi/helenclifford/practice_rcc/sharc4/methaniminium/tutorial_reproduction/traj/Singlet_2/TRAJ_00009/restart/MOLCAS.1.JobIph.171', 'JOBOLD']
['rasscf', 1, 4, True, False]
['copy', 'MOLCAS.rasscf.h5', 'MOLCAS.1.rasscf.h5']
['copy', 'MOLCAS.JobIph', 'MOLCAS.1.JobIph']
['copy', '/project/lgagliardi/helenclifford/practice_rcc/sharc4/methaniminium/tutorial_reproduction/traj/Singlet_2/TRAJ_00009/restart/MOLCAS.3.JobIph.171', 'JOBOLD']
['rasscf', 3, 3, True, False]
['copy', 'MOLCAS.rasscf.h5', 'MOLCAS.3.rasscf.h5']
['copy', 'MOLCAS.JobIph', 'MOLCAS.3.JobIph']
['link', 'MOLCAS.1.JobIph', 'JOB001']
['rassi', 'dm', [4]]
['copy', 'MOLCAS.rassi.h5', 'MOLCAS.rassi.1.h5']
['link', 'MOLCAS.3.JobIph', 'JOB001']
['rassi', 'dm', [3]]
['copy', 'MOLCAS.rassi.h5', 'MOLCAS.rassi.3.h5']
['copy', '/project/lgagliardi/helenclifford/practice_rcc/sharc4/methaniminium/tutorial_reproduction/traj/Singlet_2/TRAJ_00009/restart/MOLCAS.1.JobIph.171', 'JOB001']
['link', 'MOLCAS.1.JobIph', 'JOB002']
['rassi', 'overlap', [4, 4]]
['copy', 'MOLCAS.rassi.h5', 'MOLCAS.rassi.ovlp.1.h5']
['copy', '/project/lgagliardi/helenclifford/practice_rcc/sharc4/methaniminium/tutorial_reproduction/traj/Singlet_2/TRAJ_00009/restart/MOLCAS.3.JobIph.171', 'JOB001']
['link', 'MOLCAS.3.JobIph', 'JOB002']
['rassi', 'overlap', [3, 3]]
['copy', 'MOLCAS.rassi.h5', 'MOLCAS.rassi.ovlp.3.h5']
['link', 'MOLCAS.1.JobIph', 'JOB001']
['link', 'MOLCAS.3.JobIph', 'JOB002']
['rassi', 'soc', [4, 3]]
['copy', '$master_path/MOLCAS.1.JobIph', 'JOBOLD']
['rasscf', 1, 4, True, False]
['mclr', 0.0001, 'sala=1']
['alaska']
All jobs finished:
job: master          code: 0    runtime: 0:00:17.730766
job: grad_1_1        code: 0    runtime: 0:00:08.209378

Starting job execution
['gateway']
['seward']
['copy', '/project/lgagliardi/helenclifford/practice_rcc/sharc4/methaniminium/tutorial_reproduction/traj/Singlet_2/TRAJ_00009/restart/MOLCAS.1.JobIph.172', 'JOBOLD']
['rasscf', 1, 4, True, False]
['copy', 'MOLCAS.rasscf.h5', 'MOLCAS.1.rasscf.h5']
['copy', 'MOLCAS.JobIph', 'MOLCAS.1.JobIph']
['copy', '/project/lgagliardi/helenclifford/practice_rcc/sharc4/methaniminium/tutorial_reproduction/traj/Singlet_2/TRAJ_00009/restart/MOLCAS.3.JobIph.172', 'JOBOLD']
['rasscf', 3, 3, True, False]
['copy', 'MOLCAS.rasscf.h5', 'MOLCAS.3.rasscf.h5']
['copy', 'MOLCAS.JobIph', 'MOLCAS.3.JobIph']
['link', 'MOLCAS.1.JobIph', 'JOB001']
['rassi', 'dm', [4]]
['copy', 'MOLCAS.rassi.h5', 'MOLCAS.rassi.1.h5']
['link', 'MOLCAS.3.JobIph', 'JOB001']
['rassi', 'dm', [3]]
['copy', 'MOLCAS.rassi.h5', 'MOLCAS.rassi.3.h5']
['copy', '/project/lgagliardi/helenclifford/practice_rcc/sharc4/methaniminium/tutorial_reproduction/traj/Singlet_2/TRAJ_00009/restart/MOLCAS.1.JobIph.172', 'JOB001']
['link', 'MOLCAS.1.JobIph', 'JOB002']
['rassi', 'overlap', [4, 4]]
['copy', 'MOLCAS.rassi.h5', 'MOLCAS.rassi.ovlp.1.h5']
['copy', '/project/lgagliardi/helenclifford/practice_rcc/sharc4/methaniminium/tutorial_reproduction/traj/Singlet_2/TRAJ_00009/restart/MOLCAS.3.JobIph.172', 'JOB001']
['link', 'MOLCAS.3.JobIph', 'JOB002']
['rassi', 'overlap', [3, 3]]
['copy', 'MOLCAS.rassi.h5', 'MOLCAS.rassi.ovlp.3.h5']
['link', 'MOLCAS.1.JobIph', 'JOB001']
['link', 'MOLCAS.3.JobIph', 'JOB002']
['rassi', 'soc', [4, 3]]
['copy', '$master_path/MOLCAS.1.JobIph', 'JOBOLD']
['rasscf', 1, 4, True, False]
['mclr', 0.0001, 'sala=1']
['alaska']
All jobs finished:
job: master          code: 0    runtime: 0:00:20.596256
job: grad_1_1        code: 0    runtime: 0:00:09.897331

Starting job execution
['gateway']
['seward']
['copy', '/project/lgagliardi/helenclifford/practice_rcc/sharc4/methaniminium/tutorial_reproduction/traj/Singlet_2/TRAJ_00009/restart/MOLCAS.1.JobIph.173', 'JOBOLD']
['rasscf', 1, 4, True, False]
['copy', 'MOLCAS.rasscf.h5', 'MOLCAS.1.rasscf.h5']
['copy', 'MOLCAS.JobIph', 'MOLCAS.1.JobIph']
['copy', '/project/lgagliardi/helenclifford/practice_rcc/sharc4/methaniminium/tutorial_reproduction/traj/Singlet_2/TRAJ_00009/restart/MOLCAS.3.JobIph.173', 'JOBOLD']
['rasscf', 3, 3, True, False]
['copy', 'MOLCAS.rasscf.h5', 'MOLCAS.3.rasscf.h5']
['copy', 'MOLCAS.JobIph', 'MOLCAS.3.JobIph']
['link', 'MOLCAS.1.JobIph', 'JOB001']
['rassi', 'dm', [4]]
['copy', 'MOLCAS.rassi.h5', 'MOLCAS.rassi.1.h5']
['link', 'MOLCAS.3.JobIph', 'JOB001']
['rassi', 'dm', [3]]
['copy', 'MOLCAS.rassi.h5', 'MOLCAS.rassi.3.h5']
['copy', '/project/lgagliardi/helenclifford/practice_rcc/sharc4/methaniminium/tutorial_reproduction/traj/Singlet_2/TRAJ_00009/restart/MOLCAS.1.JobIph.173', 'JOB001']
['link', 'MOLCAS.1.JobIph', 'JOB002']
['rassi', 'overlap', [4, 4]]
['copy', 'MOLCAS.rassi.h5', 'MOLCAS.rassi.ovlp.1.h5']
['copy', '/project/lgagliardi/helenclifford/practice_rcc/sharc4/methaniminium/tutorial_reproduction/traj/Singlet_2/TRAJ_00009/restart/MOLCAS.3.JobIph.173', 'JOB001']
['link', 'MOLCAS.3.JobIph', 'JOB002']
['rassi', 'overlap', [3, 3]]
['copy', 'MOLCAS.rassi.h5', 'MOLCAS.rassi.ovlp.3.h5']
['link', 'MOLCAS.1.JobIph', 'JOB001']
['link', 'MOLCAS.3.JobIph', 'JOB002']
['rassi', 'soc', [4, 3]]
['copy', '$master_path/MOLCAS.1.JobIph', 'JOBOLD']
['rasscf', 1, 4, True, False]
['mclr', 0.0001, 'sala=1']
['alaska']
All jobs finished:
job: master          code: 0    runtime: 0:00:15.689784
job: grad_1_1        code: 0    runtime: 0:00:08.844563

Starting job execution
['gateway']
['seward']
['copy', '/project/lgagliardi/helenclifford/practice_rcc/sharc4/methaniminium/tutorial_reproduction/traj/Singlet_2/TRAJ_00009/restart/MOLCAS.1.JobIph.174', 'JOBOLD']
['rasscf', 1, 4, True, False]
['copy', 'MOLCAS.rasscf.h5', 'MOLCAS.1.rasscf.h5']
['copy', 'MOLCAS.JobIph', 'MOLCAS.1.JobIph']
['copy', '/project/lgagliardi/helenclifford/practice_rcc/sharc4/methaniminium/tutorial_reproduction/traj/Singlet_2/TRAJ_00009/restart/MOLCAS.3.JobIph.174', 'JOBOLD']
['rasscf', 3, 3, True, False]
['copy', 'MOLCAS.rasscf.h5', 'MOLCAS.3.rasscf.h5']
['copy', 'MOLCAS.JobIph', 'MOLCAS.3.JobIph']
['link', 'MOLCAS.1.JobIph', 'JOB001']
['rassi', 'dm', [4]]
['copy', 'MOLCAS.rassi.h5', 'MOLCAS.rassi.1.h5']
['link', 'MOLCAS.3.JobIph', 'JOB001']
['rassi', 'dm', [3]]
['copy', 'MOLCAS.rassi.h5', 'MOLCAS.rassi.3.h5']
['copy', '/project/lgagliardi/helenclifford/practice_rcc/sharc4/methaniminium/tutorial_reproduction/traj/Singlet_2/TRAJ_00009/restart/MOLCAS.1.JobIph.174', 'JOB001']
['link', 'MOLCAS.1.JobIph', 'JOB002']
['rassi', 'overlap', [4, 4]]
['copy', 'MOLCAS.rassi.h5', 'MOLCAS.rassi.ovlp.1.h5']
['copy', '/project/lgagliardi/helenclifford/practice_rcc/sharc4/methaniminium/tutorial_reproduction/traj/Singlet_2/TRAJ_00009/restart/MOLCAS.3.JobIph.174', 'JOB001']
['link', 'MOLCAS.3.JobIph', 'JOB002']
['rassi', 'overlap', [3, 3]]
['copy', 'MOLCAS.rassi.h5', 'MOLCAS.rassi.ovlp.3.h5']
['link', 'MOLCAS.1.JobIph', 'JOB001']
['link', 'MOLCAS.3.JobIph', 'JOB002']
['rassi', 'soc', [4, 3]]
['copy', '$master_path/MOLCAS.1.JobIph', 'JOBOLD']
['rasscf', 1, 4, True, False]
['mclr', 0.0001, 'sala=1']
['alaska']
All jobs finished:
job: master          code: 0    runtime: 0:00:18.153465
job: grad_1_1        code: 0    runtime: 0:00:08.439282

Starting job execution
['gateway']
['seward']
['copy', '/project/lgagliardi/helenclifford/practice_rcc/sharc4/methaniminium/tutorial_reproduction/traj/Singlet_2/TRAJ_00009/restart/MOLCAS.1.JobIph.175', 'JOBOLD']
['rasscf', 1, 4, True, False]
['copy', 'MOLCAS.rasscf.h5', 'MOLCAS.1.rasscf.h5']
['copy', 'MOLCAS.JobIph', 'MOLCAS.1.JobIph']
['copy', '/project/lgagliardi/helenclifford/practice_rcc/sharc4/methaniminium/tutorial_reproduction/traj/Singlet_2/TRAJ_00009/restart/MOLCAS.3.JobIph.175', 'JOBOLD']
['rasscf', 3, 3, True, False]
['copy', 'MOLCAS.rasscf.h5', 'MOLCAS.3.rasscf.h5']
['copy', 'MOLCAS.JobIph', 'MOLCAS.3.JobIph']
['link', 'MOLCAS.1.JobIph', 'JOB001']
['rassi', 'dm', [4]]
['copy', 'MOLCAS.rassi.h5', 'MOLCAS.rassi.1.h5']
['link', 'MOLCAS.3.JobIph', 'JOB001']
['rassi', 'dm', [3]]
['copy', 'MOLCAS.rassi.h5', 'MOLCAS.rassi.3.h5']
['copy', '/project/lgagliardi/helenclifford/practice_rcc/sharc4/methaniminium/tutorial_reproduction/traj/Singlet_2/TRAJ_00009/restart/MOLCAS.1.JobIph.175', 'JOB001']
['link', 'MOLCAS.1.JobIph', 'JOB002']
['rassi', 'overlap', [4, 4]]
['copy', 'MOLCAS.rassi.h5', 'MOLCAS.rassi.ovlp.1.h5']
['copy', '/project/lgagliardi/helenclifford/practice_rcc/sharc4/methaniminium/tutorial_reproduction/traj/Singlet_2/TRAJ_00009/restart/MOLCAS.3.JobIph.175', 'JOB001']
['link', 'MOLCAS.3.JobIph', 'JOB002']
['rassi', 'overlap', [3, 3]]
['copy', 'MOLCAS.rassi.h5', 'MOLCAS.rassi.ovlp.3.h5']
['link', 'MOLCAS.1.JobIph', 'JOB001']
['link', 'MOLCAS.3.JobIph', 'JOB002']
['rassi', 'soc', [4, 3]]
['copy', '$master_path/MOLCAS.1.JobIph', 'JOBOLD']
['rasscf', 1, 4, True, False]
['mclr', 0.0001, 'sala=1']
['alaska']
All jobs finished:
job: master          code: 0    runtime: 0:00:21.397780
job: grad_1_1        code: 0    runtime: 0:00:11.037564

Starting job execution
['gateway']
['seward']
['copy', '/project/lgagliardi/helenclifford/practice_rcc/sharc4/methaniminium/tutorial_reproduction/traj/Singlet_2/TRAJ_00009/restart/MOLCAS.1.JobIph.176', 'JOBOLD']
['rasscf', 1, 4, True, False]
['copy', 'MOLCAS.rasscf.h5', 'MOLCAS.1.rasscf.h5']
['copy', 'MOLCAS.JobIph', 'MOLCAS.1.JobIph']
['copy', '/project/lgagliardi/helenclifford/practice_rcc/sharc4/methaniminium/tutorial_reproduction/traj/Singlet_2/TRAJ_00009/restart/MOLCAS.3.JobIph.176', 'JOBOLD']
['rasscf', 3, 3, True, False]
['copy', 'MOLCAS.rasscf.h5', 'MOLCAS.3.rasscf.h5']
['copy', 'MOLCAS.JobIph', 'MOLCAS.3.JobIph']
['link', 'MOLCAS.1.JobIph', 'JOB001']
['rassi', 'dm', [4]]
['copy', 'MOLCAS.rassi.h5', 'MOLCAS.rassi.1.h5']
['link', 'MOLCAS.3.JobIph', 'JOB001']
['rassi', 'dm', [3]]
['copy', 'MOLCAS.rassi.h5', 'MOLCAS.rassi.3.h5']
['copy', '/project/lgagliardi/helenclifford/practice_rcc/sharc4/methaniminium/tutorial_reproduction/traj/Singlet_2/TRAJ_00009/restart/MOLCAS.1.JobIph.176', 'JOB001']
['link', 'MOLCAS.1.JobIph', 'JOB002']
['rassi', 'overlap', [4, 4]]
['copy', 'MOLCAS.rassi.h5', 'MOLCAS.rassi.ovlp.1.h5']
['copy', '/project/lgagliardi/helenclifford/practice_rcc/sharc4/methaniminium/tutorial_reproduction/traj/Singlet_2/TRAJ_00009/restart/MOLCAS.3.JobIph.176', 'JOB001']
['link', 'MOLCAS.3.JobIph', 'JOB002']
['rassi', 'overlap', [3, 3]]
['copy', 'MOLCAS.rassi.h5', 'MOLCAS.rassi.ovlp.3.h5']
['link', 'MOLCAS.1.JobIph', 'JOB001']
['link', 'MOLCAS.3.JobIph', 'JOB002']
['rassi', 'soc', [4, 3]]
['copy', '$master_path/MOLCAS.1.JobIph', 'JOBOLD']
['rasscf', 1, 4, True, False]
['mclr', 0.0001, 'sala=1']
['alaska']
All jobs finished:
job: master          code: 0    runtime: 0:00:22.491105
job: grad_1_1        code: 0    runtime: 0:00:08.608044

Starting job execution
['gateway']
['seward']
['copy', '/project/lgagliardi/helenclifford/practice_rcc/sharc4/methaniminium/tutorial_reproduction/traj/Singlet_2/TRAJ_00009/restart/MOLCAS.1.JobIph.177', 'JOBOLD']
['rasscf', 1, 4, True, False]
['copy', 'MOLCAS.rasscf.h5', 'MOLCAS.1.rasscf.h5']
['copy', 'MOLCAS.JobIph', 'MOLCAS.1.JobIph']
['copy', '/project/lgagliardi/helenclifford/practice_rcc/sharc4/methaniminium/tutorial_reproduction/traj/Singlet_2/TRAJ_00009/restart/MOLCAS.3.JobIph.177', 'JOBOLD']
['rasscf', 3, 3, True, False]
['copy', 'MOLCAS.rasscf.h5', 'MOLCAS.3.rasscf.h5']
['copy', 'MOLCAS.JobIph', 'MOLCAS.3.JobIph']
['link', 'MOLCAS.1.JobIph', 'JOB001']
['rassi', 'dm', [4]]
['copy', 'MOLCAS.rassi.h5', 'MOLCAS.rassi.1.h5']
['link', 'MOLCAS.3.JobIph', 'JOB001']
['rassi', 'dm', [3]]
['copy', 'MOLCAS.rassi.h5', 'MOLCAS.rassi.3.h5']
['copy', '/project/lgagliardi/helenclifford/practice_rcc/sharc4/methaniminium/tutorial_reproduction/traj/Singlet_2/TRAJ_00009/restart/MOLCAS.1.JobIph.177', 'JOB001']
['link', 'MOLCAS.1.JobIph', 'JOB002']
['rassi', 'overlap', [4, 4]]
['copy', 'MOLCAS.rassi.h5', 'MOLCAS.rassi.ovlp.1.h5']
['copy', '/project/lgagliardi/helenclifford/practice_rcc/sharc4/methaniminium/tutorial_reproduction/traj/Singlet_2/TRAJ_00009/restart/MOLCAS.3.JobIph.177', 'JOB001']
['link', 'MOLCAS.3.JobIph', 'JOB002']
['rassi', 'overlap', [3, 3]]
['copy', 'MOLCAS.rassi.h5', 'MOLCAS.rassi.ovlp.3.h5']
['link', 'MOLCAS.1.JobIph', 'JOB001']
['link', 'MOLCAS.3.JobIph', 'JOB002']
['rassi', 'soc', [4, 3]]
['copy', '$master_path/MOLCAS.1.JobIph', 'JOBOLD']
['rasscf', 1, 4, True, False]
['mclr', 0.0001, 'sala=1']
['alaska']
All jobs finished:
job: master          code: 0    runtime: 0:00:15.478887
job: grad_1_1        code: 0    runtime: 0:00:10.826370

Starting job execution
['gateway']
['seward']
['copy', '/project/lgagliardi/helenclifford/practice_rcc/sharc4/methaniminium/tutorial_reproduction/traj/Singlet_2/TRAJ_00009/restart/MOLCAS.1.JobIph.178', 'JOBOLD']
['rasscf', 1, 4, True, False]
['copy', 'MOLCAS.rasscf.h5', 'MOLCAS.1.rasscf.h5']
['copy', 'MOLCAS.JobIph', 'MOLCAS.1.JobIph']
['copy', '/project/lgagliardi/helenclifford/practice_rcc/sharc4/methaniminium/tutorial_reproduction/traj/Singlet_2/TRAJ_00009/restart/MOLCAS.3.JobIph.178', 'JOBOLD']
['rasscf', 3, 3, True, False]
['copy', 'MOLCAS.rasscf.h5', 'MOLCAS.3.rasscf.h5']
['copy', 'MOLCAS.JobIph', 'MOLCAS.3.JobIph']
['link', 'MOLCAS.1.JobIph', 'JOB001']
['rassi', 'dm', [4]]
['copy', 'MOLCAS.rassi.h5', 'MOLCAS.rassi.1.h5']
['link', 'MOLCAS.3.JobIph', 'JOB001']
['rassi', 'dm', [3]]
['copy', 'MOLCAS.rassi.h5', 'MOLCAS.rassi.3.h5']
['copy', '/project/lgagliardi/helenclifford/practice_rcc/sharc4/methaniminium/tutorial_reproduction/traj/Singlet_2/TRAJ_00009/restart/MOLCAS.1.JobIph.178', 'JOB001']
['link', 'MOLCAS.1.JobIph', 'JOB002']
['rassi', 'overlap', [4, 4]]
['copy', 'MOLCAS.rassi.h5', 'MOLCAS.rassi.ovlp.1.h5']
['copy', '/project/lgagliardi/helenclifford/practice_rcc/sharc4/methaniminium/tutorial_reproduction/traj/Singlet_2/TRAJ_00009/restart/MOLCAS.3.JobIph.178', 'JOB001']
['link', 'MOLCAS.3.JobIph', 'JOB002']
['rassi', 'overlap', [3, 3]]
['copy', 'MOLCAS.rassi.h5', 'MOLCAS.rassi.ovlp.3.h5']
['link', 'MOLCAS.1.JobIph', 'JOB001']
['link', 'MOLCAS.3.JobIph', 'JOB002']
['rassi', 'soc', [4, 3]]
['copy', '$master_path/MOLCAS.1.JobIph', 'JOBOLD']
['rasscf', 1, 4, True, False]
['mclr', 0.0001, 'sala=1']
['alaska']
All jobs finished:
job: master          code: 0    runtime: 0:00:17.360343
job: grad_1_1        code: 0    runtime: 0:00:08.895352

Starting job execution
['gateway']
['seward']
['copy', '/project/lgagliardi/helenclifford/practice_rcc/sharc4/methaniminium/tutorial_reproduction/traj/Singlet_2/TRAJ_00009/restart/MOLCAS.1.JobIph.179', 'JOBOLD']
['rasscf', 1, 4, True, False]
['copy', 'MOLCAS.rasscf.h5', 'MOLCAS.1.rasscf.h5']
['copy', 'MOLCAS.JobIph', 'MOLCAS.1.JobIph']
['copy', '/project/lgagliardi/helenclifford/practice_rcc/sharc4/methaniminium/tutorial_reproduction/traj/Singlet_2/TRAJ_00009/restart/MOLCAS.3.JobIph.179', 'JOBOLD']
['rasscf', 3, 3, True, False]
['copy', 'MOLCAS.rasscf.h5', 'MOLCAS.3.rasscf.h5']
['copy', 'MOLCAS.JobIph', 'MOLCAS.3.JobIph']
['link', 'MOLCAS.1.JobIph', 'JOB001']
['rassi', 'dm', [4]]
['copy', 'MOLCAS.rassi.h5', 'MOLCAS.rassi.1.h5']
['link', 'MOLCAS.3.JobIph', 'JOB001']
['rassi', 'dm', [3]]
['copy', 'MOLCAS.rassi.h5', 'MOLCAS.rassi.3.h5']
['copy', '/project/lgagliardi/helenclifford/practice_rcc/sharc4/methaniminium/tutorial_reproduction/traj/Singlet_2/TRAJ_00009/restart/MOLCAS.1.JobIph.179', 'JOB001']
['link', 'MOLCAS.1.JobIph', 'JOB002']
['rassi', 'overlap', [4, 4]]
['copy', 'MOLCAS.rassi.h5', 'MOLCAS.rassi.ovlp.1.h5']
['copy', '/project/lgagliardi/helenclifford/practice_rcc/sharc4/methaniminium/tutorial_reproduction/traj/Singlet_2/TRAJ_00009/restart/MOLCAS.3.JobIph.179', 'JOB001']
['link', 'MOLCAS.3.JobIph', 'JOB002']
['rassi', 'overlap', [3, 3]]
['copy', 'MOLCAS.rassi.h5', 'MOLCAS.rassi.ovlp.3.h5']
['link', 'MOLCAS.1.JobIph', 'JOB001']
['link', 'MOLCAS.3.JobIph', 'JOB002']
['rassi', 'soc', [4, 3]]
['copy', '$master_path/MOLCAS.1.JobIph', 'JOBOLD']
['rasscf', 1, 4, True, False]
['mclr', 0.0001, 'sala=1']
['alaska']
All jobs finished:
job: master          code: 0    runtime: 0:00:17.544445
job: grad_1_1        code: 0    runtime: 0:00:08.695919

Starting job execution
['gateway']
['seward']
['copy', '/project/lgagliardi/helenclifford/practice_rcc/sharc4/methaniminium/tutorial_reproduction/traj/Singlet_2/TRAJ_00009/restart/MOLCAS.1.JobIph.180', 'JOBOLD']
['rasscf', 1, 4, True, False]
['copy', 'MOLCAS.rasscf.h5', 'MOLCAS.1.rasscf.h5']
['copy', 'MOLCAS.JobIph', 'MOLCAS.1.JobIph']
['copy', '/project/lgagliardi/helenclifford/practice_rcc/sharc4/methaniminium/tutorial_reproduction/traj/Singlet_2/TRAJ_00009/restart/MOLCAS.3.JobIph.180', 'JOBOLD']
['rasscf', 3, 3, True, False]
['copy', 'MOLCAS.rasscf.h5', 'MOLCAS.3.rasscf.h5']
['copy', 'MOLCAS.JobIph', 'MOLCAS.3.JobIph']
['link', 'MOLCAS.1.JobIph', 'JOB001']
['rassi', 'dm', [4]]
['copy', 'MOLCAS.rassi.h5', 'MOLCAS.rassi.1.h5']
['link', 'MOLCAS.3.JobIph', 'JOB001']
['rassi', 'dm', [3]]
['copy', 'MOLCAS.rassi.h5', 'MOLCAS.rassi.3.h5']
['copy', '/project/lgagliardi/helenclifford/practice_rcc/sharc4/methaniminium/tutorial_reproduction/traj/Singlet_2/TRAJ_00009/restart/MOLCAS.1.JobIph.180', 'JOB001']
['link', 'MOLCAS.1.JobIph', 'JOB002']
['rassi', 'overlap', [4, 4]]
['copy', 'MOLCAS.rassi.h5', 'MOLCAS.rassi.ovlp.1.h5']
['copy', '/project/lgagliardi/helenclifford/practice_rcc/sharc4/methaniminium/tutorial_reproduction/traj/Singlet_2/TRAJ_00009/restart/MOLCAS.3.JobIph.180', 'JOB001']
['link', 'MOLCAS.3.JobIph', 'JOB002']
['rassi', 'overlap', [3, 3]]
['copy', 'MOLCAS.rassi.h5', 'MOLCAS.rassi.ovlp.3.h5']
['link', 'MOLCAS.1.JobIph', 'JOB001']
['link', 'MOLCAS.3.JobIph', 'JOB002']
['rassi', 'soc', [4, 3]]
['copy', '$master_path/MOLCAS.1.JobIph', 'JOBOLD']
['rasscf', 1, 4, True, False]
['mclr', 0.0001, 'sala=1']
['alaska']
All jobs finished:
job: master          code: 0    runtime: 0:00:22.250067
job: grad_1_1        code: 0    runtime: 0:00:12.119790

Starting job execution
['gateway']
['seward']
['copy', '/project/lgagliardi/helenclifford/practice_rcc/sharc4/methaniminium/tutorial_reproduction/traj/Singlet_2/TRAJ_00009/restart/MOLCAS.1.JobIph.181', 'JOBOLD']
['rasscf', 1, 4, True, False]
['copy', 'MOLCAS.rasscf.h5', 'MOLCAS.1.rasscf.h5']
['copy', 'MOLCAS.JobIph', 'MOLCAS.1.JobIph']
['copy', '/project/lgagliardi/helenclifford/practice_rcc/sharc4/methaniminium/tutorial_reproduction/traj/Singlet_2/TRAJ_00009/restart/MOLCAS.3.JobIph.181', 'JOBOLD']
['rasscf', 3, 3, True, False]
['copy', 'MOLCAS.rasscf.h5', 'MOLCAS.3.rasscf.h5']
['copy', 'MOLCAS.JobIph', 'MOLCAS.3.JobIph']
['link', 'MOLCAS.1.JobIph', 'JOB001']
['rassi', 'dm', [4]]
['copy', 'MOLCAS.rassi.h5', 'MOLCAS.rassi.1.h5']
['link', 'MOLCAS.3.JobIph', 'JOB001']
['rassi', 'dm', [3]]
['copy', 'MOLCAS.rassi.h5', 'MOLCAS.rassi.3.h5']
['copy', '/project/lgagliardi/helenclifford/practice_rcc/sharc4/methaniminium/tutorial_reproduction/traj/Singlet_2/TRAJ_00009/restart/MOLCAS.1.JobIph.181', 'JOB001']
['link', 'MOLCAS.1.JobIph', 'JOB002']
['rassi', 'overlap', [4, 4]]
['copy', 'MOLCAS.rassi.h5', 'MOLCAS.rassi.ovlp.1.h5']
['copy', '/project/lgagliardi/helenclifford/practice_rcc/sharc4/methaniminium/tutorial_reproduction/traj/Singlet_2/TRAJ_00009/restart/MOLCAS.3.JobIph.181', 'JOB001']
['link', 'MOLCAS.3.JobIph', 'JOB002']
['rassi', 'overlap', [3, 3]]
['copy', 'MOLCAS.rassi.h5', 'MOLCAS.rassi.ovlp.3.h5']
['link', 'MOLCAS.1.JobIph', 'JOB001']
['link', 'MOLCAS.3.JobIph', 'JOB002']
['rassi', 'soc', [4, 3]]
['copy', '$master_path/MOLCAS.1.JobIph', 'JOBOLD']
['rasscf', 1, 4, True, False]
['mclr', 0.0001, 'sala=1']
['alaska']
All jobs finished:
job: master          code: 0    runtime: 0:00:17.994884
job: grad_1_1        code: 0    runtime: 0:00:08.276826

Starting job execution
['gateway']
['seward']
['copy', '/project/lgagliardi/helenclifford/practice_rcc/sharc4/methaniminium/tutorial_reproduction/traj/Singlet_2/TRAJ_00009/restart/MOLCAS.1.JobIph.182', 'JOBOLD']
['rasscf', 1, 4, True, False]
['copy', 'MOLCAS.rasscf.h5', 'MOLCAS.1.rasscf.h5']
['copy', 'MOLCAS.JobIph', 'MOLCAS.1.JobIph']
['copy', '/project/lgagliardi/helenclifford/practice_rcc/sharc4/methaniminium/tutorial_reproduction/traj/Singlet_2/TRAJ_00009/restart/MOLCAS.3.JobIph.182', 'JOBOLD']
['rasscf', 3, 3, True, False]
['copy', 'MOLCAS.rasscf.h5', 'MOLCAS.3.rasscf.h5']
['copy', 'MOLCAS.JobIph', 'MOLCAS.3.JobIph']
['link', 'MOLCAS.1.JobIph', 'JOB001']
['rassi', 'dm', [4]]
['copy', 'MOLCAS.rassi.h5', 'MOLCAS.rassi.1.h5']
['link', 'MOLCAS.3.JobIph', 'JOB001']
['rassi', 'dm', [3]]
['copy', 'MOLCAS.rassi.h5', 'MOLCAS.rassi.3.h5']
['copy', '/project/lgagliardi/helenclifford/practice_rcc/sharc4/methaniminium/tutorial_reproduction/traj/Singlet_2/TRAJ_00009/restart/MOLCAS.1.JobIph.182', 'JOB001']
['link', 'MOLCAS.1.JobIph', 'JOB002']
['rassi', 'overlap', [4, 4]]
['copy', 'MOLCAS.rassi.h5', 'MOLCAS.rassi.ovlp.1.h5']
['copy', '/project/lgagliardi/helenclifford/practice_rcc/sharc4/methaniminium/tutorial_reproduction/traj/Singlet_2/TRAJ_00009/restart/MOLCAS.3.JobIph.182', 'JOB001']
['link', 'MOLCAS.3.JobIph', 'JOB002']
['rassi', 'overlap', [3, 3]]
['copy', 'MOLCAS.rassi.h5', 'MOLCAS.rassi.ovlp.3.h5']
['link', 'MOLCAS.1.JobIph', 'JOB001']
['link', 'MOLCAS.3.JobIph', 'JOB002']
['rassi', 'soc', [4, 3]]
['copy', '$master_path/MOLCAS.1.JobIph', 'JOBOLD']
['rasscf', 1, 4, True, False]
['mclr', 0.0001, 'sala=1']
['alaska']
All jobs finished:
job: master          code: 0    runtime: 0:00:19.984730
job: grad_1_1        code: 0    runtime: 0:00:08.988414

Starting job execution
['gateway']
['seward']
['copy', '/project/lgagliardi/helenclifford/practice_rcc/sharc4/methaniminium/tutorial_reproduction/traj/Singlet_2/TRAJ_00009/restart/MOLCAS.1.JobIph.183', 'JOBOLD']
['rasscf', 1, 4, True, False]
['copy', 'MOLCAS.rasscf.h5', 'MOLCAS.1.rasscf.h5']
['copy', 'MOLCAS.JobIph', 'MOLCAS.1.JobIph']
['copy', '/project/lgagliardi/helenclifford/practice_rcc/sharc4/methaniminium/tutorial_reproduction/traj/Singlet_2/TRAJ_00009/restart/MOLCAS.3.JobIph.183', 'JOBOLD']
['rasscf', 3, 3, True, False]
['copy', 'MOLCAS.rasscf.h5', 'MOLCAS.3.rasscf.h5']
['copy', 'MOLCAS.JobIph', 'MOLCAS.3.JobIph']
['link', 'MOLCAS.1.JobIph', 'JOB001']
['rassi', 'dm', [4]]
['copy', 'MOLCAS.rassi.h5', 'MOLCAS.rassi.1.h5']
['link', 'MOLCAS.3.JobIph', 'JOB001']
['rassi', 'dm', [3]]
['copy', 'MOLCAS.rassi.h5', 'MOLCAS.rassi.3.h5']
['copy', '/project/lgagliardi/helenclifford/practice_rcc/sharc4/methaniminium/tutorial_reproduction/traj/Singlet_2/TRAJ_00009/restart/MOLCAS.1.JobIph.183', 'JOB001']
['link', 'MOLCAS.1.JobIph', 'JOB002']
['rassi', 'overlap', [4, 4]]
['copy', 'MOLCAS.rassi.h5', 'MOLCAS.rassi.ovlp.1.h5']
['copy', '/project/lgagliardi/helenclifford/practice_rcc/sharc4/methaniminium/tutorial_reproduction/traj/Singlet_2/TRAJ_00009/restart/MOLCAS.3.JobIph.183', 'JOB001']
['link', 'MOLCAS.3.JobIph', 'JOB002']
['rassi', 'overlap', [3, 3]]
['copy', 'MOLCAS.rassi.h5', 'MOLCAS.rassi.ovlp.3.h5']
['link', 'MOLCAS.1.JobIph', 'JOB001']
['link', 'MOLCAS.3.JobIph', 'JOB002']
['rassi', 'soc', [4, 3]]
['copy', '$master_path/MOLCAS.1.JobIph', 'JOBOLD']
['rasscf', 1, 4, True, False]
['mclr', 0.0001, 'sala=1']
['alaska']
All jobs finished:
job: master          code: 0    runtime: 0:00:16.030534
job: grad_1_1        code: 0    runtime: 0:00:12.172041

Starting job execution
['gateway']
['seward']
['copy', '/project/lgagliardi/helenclifford/practice_rcc/sharc4/methaniminium/tutorial_reproduction/traj/Singlet_2/TRAJ_00009/restart/MOLCAS.1.JobIph.184', 'JOBOLD']
['rasscf', 1, 4, True, False]
['copy', 'MOLCAS.rasscf.h5', 'MOLCAS.1.rasscf.h5']
['copy', 'MOLCAS.JobIph', 'MOLCAS.1.JobIph']
['copy', '/project/lgagliardi/helenclifford/practice_rcc/sharc4/methaniminium/tutorial_reproduction/traj/Singlet_2/TRAJ_00009/restart/MOLCAS.3.JobIph.184', 'JOBOLD']
['rasscf', 3, 3, True, False]
['copy', 'MOLCAS.rasscf.h5', 'MOLCAS.3.rasscf.h5']
['copy', 'MOLCAS.JobIph', 'MOLCAS.3.JobIph']
['link', 'MOLCAS.1.JobIph', 'JOB001']
['rassi', 'dm', [4]]
['copy', 'MOLCAS.rassi.h5', 'MOLCAS.rassi.1.h5']
['link', 'MOLCAS.3.JobIph', 'JOB001']
['rassi', 'dm', [3]]
['copy', 'MOLCAS.rassi.h5', 'MOLCAS.rassi.3.h5']
['copy', '/project/lgagliardi/helenclifford/practice_rcc/sharc4/methaniminium/tutorial_reproduction/traj/Singlet_2/TRAJ_00009/restart/MOLCAS.1.JobIph.183', 'JOB001']
['link', 'MOLCAS.1.JobIph', 'JOB002']
['rassi', 'overlap', [4, 4]]
['copy', 'MOLCAS.rassi.h5', 'MOLCAS.rassi.ovlp.1.h5']
['copy', '/project/lgagliardi/helenclifford/practice_rcc/sharc4/methaniminium/tutorial_reproduction/traj/Singlet_2/TRAJ_00009/restart/MOLCAS.3.JobIph.183', 'JOB001']
['link', 'MOLCAS.3.JobIph', 'JOB002']
['rassi', 'overlap', [3, 3]]
['copy', 'MOLCAS.rassi.h5', 'MOLCAS.rassi.ovlp.3.h5']
['link', 'MOLCAS.1.JobIph', 'JOB001']
['link', 'MOLCAS.3.JobIph', 'JOB002']
['rassi', 'soc', [4, 3]]
['copy', '$master_path/MOLCAS.3.JobIph', 'JOBOLD']
['rasscf', 3, 3, True, False]
['mclr', 0.0001, 'sala=1']
['alaska']
['copy', '$master_path/MOLCAS.1.JobIph', 'JOBOLD']
['rasscf', 1, 4, True, False]
['mclr', 0.0001, 'sala=1']
['alaska']
All jobs finished:
job: master          code: 0    runtime: 0:00:13.294989
job: grad_3_1        code: 0    runtime: 0:00:08.508157
job: grad_1_1        code: 0    runtime: 0:00:15.172237

Starting job execution
['gateway']
['seward']
['copy', '/project/lgagliardi/helenclifford/practice_rcc/sharc4/methaniminium/tutorial_reproduction/traj/Singlet_2/TRAJ_00009/restart/MOLCAS.1.JobIph.184', 'JOBOLD']
['rasscf', 1, 4, True, False]
['copy', 'MOLCAS.rasscf.h5', 'MOLCAS.1.rasscf.h5']
['copy', 'MOLCAS.JobIph', 'MOLCAS.1.JobIph']
['copy', '/project/lgagliardi/helenclifford/practice_rcc/sharc4/methaniminium/tutorial_reproduction/traj/Singlet_2/TRAJ_00009/restart/MOLCAS.3.JobIph.184', 'JOBOLD']
['rasscf', 3, 3, True, False]
['copy', 'MOLCAS.rasscf.h5', 'MOLCAS.3.rasscf.h5']
['copy', 'MOLCAS.JobIph', 'MOLCAS.3.JobIph']
['link', 'MOLCAS.1.JobIph', 'JOB001']
['rassi', 'dm', [4]]
['copy', 'MOLCAS.rassi.h5', 'MOLCAS.rassi.1.h5']
['link', 'MOLCAS.3.JobIph', 'JOB001']
['rassi', 'dm', [3]]
['copy', 'MOLCAS.rassi.h5', 'MOLCAS.rassi.3.h5']
['copy', '/project/lgagliardi/helenclifford/practice_rcc/sharc4/methaniminium/tutorial_reproduction/traj/Singlet_2/TRAJ_00009/restart/MOLCAS.1.JobIph.184', 'JOB001']
['link', 'MOLCAS.1.JobIph', 'JOB002']
['rassi', 'overlap', [4, 4]]
['copy', 'MOLCAS.rassi.h5', 'MOLCAS.rassi.ovlp.1.h5']
['copy', '/project/lgagliardi/helenclifford/practice_rcc/sharc4/methaniminium/tutorial_reproduction/traj/Singlet_2/TRAJ_00009/restart/MOLCAS.3.JobIph.184', 'JOB001']
['link', 'MOLCAS.3.JobIph', 'JOB002']
['rassi', 'overlap', [3, 3]]
['copy', 'MOLCAS.rassi.h5', 'MOLCAS.rassi.ovlp.3.h5']
['link', 'MOLCAS.1.JobIph', 'JOB001']
['link', 'MOLCAS.3.JobIph', 'JOB002']
['rassi', 'soc', [4, 3]]
['copy', '$master_path/MOLCAS.3.JobIph', 'JOBOLD']
['rasscf', 3, 3, True, False]
['mclr', 0.0001, 'sala=1']
['alaska']
['copy', '$master_path/MOLCAS.1.JobIph', 'JOBOLD']
['rasscf', 1, 4, True, False]
['mclr', 0.0001, 'sala=1']
['alaska']
All jobs finished:
job: master          code: 0    runtime: 0:00:20.297309
job: grad_3_1        code: 0    runtime: 0:00:11.988771
job: grad_1_1        code: 0    runtime: 0:00:09.393100

Starting job execution
['gateway']
['seward']
['copy', '/project/lgagliardi/helenclifford/practice_rcc/sharc4/methaniminium/tutorial_reproduction/traj/Singlet_2/TRAJ_00009/restart/MOLCAS.1.JobIph.185', 'JOBOLD']
['rasscf', 1, 4, True, False]
['copy', 'MOLCAS.rasscf.h5', 'MOLCAS.1.rasscf.h5']
['copy', 'MOLCAS.JobIph', 'MOLCAS.1.JobIph']
['copy', '/project/lgagliardi/helenclifford/practice_rcc/sharc4/methaniminium/tutorial_reproduction/traj/Singlet_2/TRAJ_00009/restart/MOLCAS.3.JobIph.185', 'JOBOLD']
['rasscf', 3, 3, True, False]
['copy', 'MOLCAS.rasscf.h5', 'MOLCAS.3.rasscf.h5']
['copy', 'MOLCAS.JobIph', 'MOLCAS.3.JobIph']
['link', 'MOLCAS.1.JobIph', 'JOB001']
['rassi', 'dm', [4]]
['copy', 'MOLCAS.rassi.h5', 'MOLCAS.rassi.1.h5']
['link', 'MOLCAS.3.JobIph', 'JOB001']
['rassi', 'dm', [3]]
['copy', 'MOLCAS.rassi.h5', 'MOLCAS.rassi.3.h5']
['copy', '/project/lgagliardi/helenclifford/practice_rcc/sharc4/methaniminium/tutorial_reproduction/traj/Singlet_2/TRAJ_00009/restart/MOLCAS.1.JobIph.185', 'JOB001']
['link', 'MOLCAS.1.JobIph', 'JOB002']
['rassi', 'overlap', [4, 4]]
['copy', 'MOLCAS.rassi.h5', 'MOLCAS.rassi.ovlp.1.h5']
['copy', '/project/lgagliardi/helenclifford/practice_rcc/sharc4/methaniminium/tutorial_reproduction/traj/Singlet_2/TRAJ_00009/restart/MOLCAS.3.JobIph.185', 'JOB001']
['link', 'MOLCAS.3.JobIph', 'JOB002']
['rassi', 'overlap', [3, 3]]
['copy', 'MOLCAS.rassi.h5', 'MOLCAS.rassi.ovlp.3.h5']
['link', 'MOLCAS.1.JobIph', 'JOB001']
['link', 'MOLCAS.3.JobIph', 'JOB002']
['rassi', 'soc', [4, 3]]
['copy', '$master_path/MOLCAS.1.JobIph', 'JOBOLD']
['rasscf', 1, 4, True, False]
['mclr', 0.0001, 'sala=1']
['alaska']
All jobs finished:
job: master          code: 0    runtime: 0:00:14.043586
job: grad_1_1        code: 0    runtime: 0:00:11.196456

Starting job execution
['gateway']
['seward']
['copy', '/project/lgagliardi/helenclifford/practice_rcc/sharc4/methaniminium/tutorial_reproduction/traj/Singlet_2/TRAJ_00009/restart/MOLCAS.1.JobIph.186', 'JOBOLD']
['rasscf', 1, 4, True, False]
['copy', 'MOLCAS.rasscf.h5', 'MOLCAS.1.rasscf.h5']
['copy', 'MOLCAS.JobIph', 'MOLCAS.1.JobIph']
['copy', '/project/lgagliardi/helenclifford/practice_rcc/sharc4/methaniminium/tutorial_reproduction/traj/Singlet_2/TRAJ_00009/restart/MOLCAS.3.JobIph.186', 'JOBOLD']
['rasscf', 3, 3, True, False]
['copy', 'MOLCAS.rasscf.h5', 'MOLCAS.3.rasscf.h5']
['copy', 'MOLCAS.JobIph', 'MOLCAS.3.JobIph']
['link', 'MOLCAS.1.JobIph', 'JOB001']
['rassi', 'dm', [4]]
['copy', 'MOLCAS.rassi.h5', 'MOLCAS.rassi.1.h5']
['link', 'MOLCAS.3.JobIph', 'JOB001']
['rassi', 'dm', [3]]
['copy', 'MOLCAS.rassi.h5', 'MOLCAS.rassi.3.h5']
['copy', '/project/lgagliardi/helenclifford/practice_rcc/sharc4/methaniminium/tutorial_reproduction/traj/Singlet_2/TRAJ_00009/restart/MOLCAS.1.JobIph.186', 'JOB001']
['link', 'MOLCAS.1.JobIph', 'JOB002']
['rassi', 'overlap', [4, 4]]
['copy', 'MOLCAS.rassi.h5', 'MOLCAS.rassi.ovlp.1.h5']
['copy', '/project/lgagliardi/helenclifford/practice_rcc/sharc4/methaniminium/tutorial_reproduction/traj/Singlet_2/TRAJ_00009/restart/MOLCAS.3.JobIph.186', 'JOB001']
['link', 'MOLCAS.3.JobIph', 'JOB002']
['rassi', 'overlap', [3, 3]]
['copy', 'MOLCAS.rassi.h5', 'MOLCAS.rassi.ovlp.3.h5']
['link', 'MOLCAS.1.JobIph', 'JOB001']
['link', 'MOLCAS.3.JobIph', 'JOB002']
['rassi', 'soc', [4, 3]]
['copy', '$master_path/MOLCAS.1.JobIph', 'JOBOLD']
['rasscf', 1, 4, True, False]
['mclr', 0.0001, 'sala=1']
['alaska']
All jobs finished:
job: master          code: 0    runtime: 0:00:18.851142
job: grad_1_1        code: 0    runtime: 0:00:09.162521

Starting job execution
['gateway']
['seward']
['copy', '/project/lgagliardi/helenclifford/practice_rcc/sharc4/methaniminium/tutorial_reproduction/traj/Singlet_2/TRAJ_00009/restart/MOLCAS.1.JobIph.187', 'JOBOLD']
['rasscf', 1, 4, True, False]
['copy', 'MOLCAS.rasscf.h5', 'MOLCAS.1.rasscf.h5']
['copy', 'MOLCAS.JobIph', 'MOLCAS.1.JobIph']
['copy', '/project/lgagliardi/helenclifford/practice_rcc/sharc4/methaniminium/tutorial_reproduction/traj/Singlet_2/TRAJ_00009/restart/MOLCAS.3.JobIph.187', 'JOBOLD']
['rasscf', 3, 3, True, False]
['copy', 'MOLCAS.rasscf.h5', 'MOLCAS.3.rasscf.h5']
['copy', 'MOLCAS.JobIph', 'MOLCAS.3.JobIph']
['link', 'MOLCAS.1.JobIph', 'JOB001']
['rassi', 'dm', [4]]
['copy', 'MOLCAS.rassi.h5', 'MOLCAS.rassi.1.h5']
['link', 'MOLCAS.3.JobIph', 'JOB001']
['rassi', 'dm', [3]]
['copy', 'MOLCAS.rassi.h5', 'MOLCAS.rassi.3.h5']
['copy', '/project/lgagliardi/helenclifford/practice_rcc/sharc4/methaniminium/tutorial_reproduction/traj/Singlet_2/TRAJ_00009/restart/MOLCAS.1.JobIph.187', 'JOB001']
['link', 'MOLCAS.1.JobIph', 'JOB002']
['rassi', 'overlap', [4, 4]]
['copy', 'MOLCAS.rassi.h5', 'MOLCAS.rassi.ovlp.1.h5']
['copy', '/project/lgagliardi/helenclifford/practice_rcc/sharc4/methaniminium/tutorial_reproduction/traj/Singlet_2/TRAJ_00009/restart/MOLCAS.3.JobIph.187', 'JOB001']
['link', 'MOLCAS.3.JobIph', 'JOB002']
['rassi', 'overlap', [3, 3]]
['copy', 'MOLCAS.rassi.h5', 'MOLCAS.rassi.ovlp.3.h5']
['link', 'MOLCAS.1.JobIph', 'JOB001']
['link', 'MOLCAS.3.JobIph', 'JOB002']
['rassi', 'soc', [4, 3]]
['copy', '$master_path/MOLCAS.1.JobIph', 'JOBOLD']
['rasscf', 1, 4, True, False]
['mclr', 0.0001, 'sala=1']
['alaska']
All jobs finished:
job: master          code: 0    runtime: 0:00:16.800326
job: grad_1_1        code: 0    runtime: 0:00:11.317285

Starting job execution
['gateway']
['seward']
['copy', '/project/lgagliardi/helenclifford/practice_rcc/sharc4/methaniminium/tutorial_reproduction/traj/Singlet_2/TRAJ_00009/restart/MOLCAS.1.JobIph.188', 'JOBOLD']
['rasscf', 1, 4, True, False]
['copy', 'MOLCAS.rasscf.h5', 'MOLCAS.1.rasscf.h5']
['copy', 'MOLCAS.JobIph', 'MOLCAS.1.JobIph']
['copy', '/project/lgagliardi/helenclifford/practice_rcc/sharc4/methaniminium/tutorial_reproduction/traj/Singlet_2/TRAJ_00009/restart/MOLCAS.3.JobIph.188', 'JOBOLD']
['rasscf', 3, 3, True, False]
['copy', 'MOLCAS.rasscf.h5', 'MOLCAS.3.rasscf.h5']
['copy', 'MOLCAS.JobIph', 'MOLCAS.3.JobIph']
['link', 'MOLCAS.1.JobIph', 'JOB001']
['rassi', 'dm', [4]]
['copy', 'MOLCAS.rassi.h5', 'MOLCAS.rassi.1.h5']
['link', 'MOLCAS.3.JobIph', 'JOB001']
['rassi', 'dm', [3]]
['copy', 'MOLCAS.rassi.h5', 'MOLCAS.rassi.3.h5']
['copy', '/project/lgagliardi/helenclifford/practice_rcc/sharc4/methaniminium/tutorial_reproduction/traj/Singlet_2/TRAJ_00009/restart/MOLCAS.1.JobIph.188', 'JOB001']
['link', 'MOLCAS.1.JobIph', 'JOB002']
['rassi', 'overlap', [4, 4]]
['copy', 'MOLCAS.rassi.h5', 'MOLCAS.rassi.ovlp.1.h5']
['copy', '/project/lgagliardi/helenclifford/practice_rcc/sharc4/methaniminium/tutorial_reproduction/traj/Singlet_2/TRAJ_00009/restart/MOLCAS.3.JobIph.188', 'JOB001']
['link', 'MOLCAS.3.JobIph', 'JOB002']
['rassi', 'overlap', [3, 3]]
['copy', 'MOLCAS.rassi.h5', 'MOLCAS.rassi.ovlp.3.h5']
['link', 'MOLCAS.1.JobIph', 'JOB001']
['link', 'MOLCAS.3.JobIph', 'JOB002']
['rassi', 'soc', [4, 3]]
['copy', '$master_path/MOLCAS.1.JobIph', 'JOBOLD']
['rasscf', 1, 4, True, False]
['mclr', 0.0001, 'sala=1']
['alaska']
All jobs finished:
job: master          code: 0    runtime: 0:00:25.703635
job: grad_1_1        code: 0    runtime: 0:00:07.883427

Starting job execution
['gateway']
['seward']
['copy', '/project/lgagliardi/helenclifford/practice_rcc/sharc4/methaniminium/tutorial_reproduction/traj/Singlet_2/TRAJ_00009/restart/MOLCAS.1.JobIph.189', 'JOBOLD']
['rasscf', 1, 4, True, False]
['copy', 'MOLCAS.rasscf.h5', 'MOLCAS.1.rasscf.h5']
['copy', 'MOLCAS.JobIph', 'MOLCAS.1.JobIph']
['copy', '/project/lgagliardi/helenclifford/practice_rcc/sharc4/methaniminium/tutorial_reproduction/traj/Singlet_2/TRAJ_00009/restart/MOLCAS.3.JobIph.189', 'JOBOLD']
['rasscf', 3, 3, True, False]
['copy', 'MOLCAS.rasscf.h5', 'MOLCAS.3.rasscf.h5']
['copy', 'MOLCAS.JobIph', 'MOLCAS.3.JobIph']
['link', 'MOLCAS.1.JobIph', 'JOB001']
['rassi', 'dm', [4]]
['copy', 'MOLCAS.rassi.h5', 'MOLCAS.rassi.1.h5']
['link', 'MOLCAS.3.JobIph', 'JOB001']
['rassi', 'dm', [3]]
['copy', 'MOLCAS.rassi.h5', 'MOLCAS.rassi.3.h5']
['copy', '/project/lgagliardi/helenclifford/practice_rcc/sharc4/methaniminium/tutorial_reproduction/traj/Singlet_2/TRAJ_00009/restart/MOLCAS.1.JobIph.189', 'JOB001']
['link', 'MOLCAS.1.JobIph', 'JOB002']
['rassi', 'overlap', [4, 4]]
['copy', 'MOLCAS.rassi.h5', 'MOLCAS.rassi.ovlp.1.h5']
['copy', '/project/lgagliardi/helenclifford/practice_rcc/sharc4/methaniminium/tutorial_reproduction/traj/Singlet_2/TRAJ_00009/restart/MOLCAS.3.JobIph.189', 'JOB001']
['link', 'MOLCAS.3.JobIph', 'JOB002']
['rassi', 'overlap', [3, 3]]
['copy', 'MOLCAS.rassi.h5', 'MOLCAS.rassi.ovlp.3.h5']
['link', 'MOLCAS.1.JobIph', 'JOB001']
['link', 'MOLCAS.3.JobIph', 'JOB002']
['rassi', 'soc', [4, 3]]
['copy', '$master_path/MOLCAS.1.JobIph', 'JOBOLD']
['rasscf', 1, 4, True, False]
['mclr', 0.0001, 'sala=1']
['alaska']
All jobs finished:
job: master          code: 0    runtime: 0:00:22.782971
job: grad_1_1        code: 0    runtime: 0:00:06.901688

Starting job execution
['gateway']
['seward']
['copy', '/project/lgagliardi/helenclifford/practice_rcc/sharc4/methaniminium/tutorial_reproduction/traj/Singlet_2/TRAJ_00009/restart/MOLCAS.1.JobIph.190', 'JOBOLD']
['rasscf', 1, 4, True, False]
['copy', 'MOLCAS.rasscf.h5', 'MOLCAS.1.rasscf.h5']
['copy', 'MOLCAS.JobIph', 'MOLCAS.1.JobIph']
['copy', '/project/lgagliardi/helenclifford/practice_rcc/sharc4/methaniminium/tutorial_reproduction/traj/Singlet_2/TRAJ_00009/restart/MOLCAS.3.JobIph.190', 'JOBOLD']
['rasscf', 3, 3, True, False]
['copy', 'MOLCAS.rasscf.h5', 'MOLCAS.3.rasscf.h5']
['copy', 'MOLCAS.JobIph', 'MOLCAS.3.JobIph']
['link', 'MOLCAS.1.JobIph', 'JOB001']
['rassi', 'dm', [4]]
['copy', 'MOLCAS.rassi.h5', 'MOLCAS.rassi.1.h5']
['link', 'MOLCAS.3.JobIph', 'JOB001']
['rassi', 'dm', [3]]
['copy', 'MOLCAS.rassi.h5', 'MOLCAS.rassi.3.h5']
['copy', '/project/lgagliardi/helenclifford/practice_rcc/sharc4/methaniminium/tutorial_reproduction/traj/Singlet_2/TRAJ_00009/restart/MOLCAS.1.JobIph.190', 'JOB001']
['link', 'MOLCAS.1.JobIph', 'JOB002']
['rassi', 'overlap', [4, 4]]
['copy', 'MOLCAS.rassi.h5', 'MOLCAS.rassi.ovlp.1.h5']
['copy', '/project/lgagliardi/helenclifford/practice_rcc/sharc4/methaniminium/tutorial_reproduction/traj/Singlet_2/TRAJ_00009/restart/MOLCAS.3.JobIph.190', 'JOB001']
['link', 'MOLCAS.3.JobIph', 'JOB002']
['rassi', 'overlap', [3, 3]]
['copy', 'MOLCAS.rassi.h5', 'MOLCAS.rassi.ovlp.3.h5']
['link', 'MOLCAS.1.JobIph', 'JOB001']
['link', 'MOLCAS.3.JobIph', 'JOB002']
['rassi', 'soc', [4, 3]]
['copy', '$master_path/MOLCAS.1.JobIph', 'JOBOLD']
['rasscf', 1, 4, True, False]
['mclr', 0.0001, 'sala=1']
['alaska']
All jobs finished:
job: master          code: 0    runtime: 0:00:20.650820
job: grad_1_1        code: 0    runtime: 0:00:08.664607

Starting job execution
['gateway']
['seward']
['copy', '/project/lgagliardi/helenclifford/practice_rcc/sharc4/methaniminium/tutorial_reproduction/traj/Singlet_2/TRAJ_00009/restart/MOLCAS.1.JobIph.191', 'JOBOLD']
['rasscf', 1, 4, True, False]
['copy', 'MOLCAS.rasscf.h5', 'MOLCAS.1.rasscf.h5']
['copy', 'MOLCAS.JobIph', 'MOLCAS.1.JobIph']
['copy', '/project/lgagliardi/helenclifford/practice_rcc/sharc4/methaniminium/tutorial_reproduction/traj/Singlet_2/TRAJ_00009/restart/MOLCAS.3.JobIph.191', 'JOBOLD']
['rasscf', 3, 3, True, False]
['copy', 'MOLCAS.rasscf.h5', 'MOLCAS.3.rasscf.h5']
['copy', 'MOLCAS.JobIph', 'MOLCAS.3.JobIph']
['link', 'MOLCAS.1.JobIph', 'JOB001']
['rassi', 'dm', [4]]
['copy', 'MOLCAS.rassi.h5', 'MOLCAS.rassi.1.h5']
['link', 'MOLCAS.3.JobIph', 'JOB001']
['rassi', 'dm', [3]]
['copy', 'MOLCAS.rassi.h5', 'MOLCAS.rassi.3.h5']
['copy', '/project/lgagliardi/helenclifford/practice_rcc/sharc4/methaniminium/tutorial_reproduction/traj/Singlet_2/TRAJ_00009/restart/MOLCAS.1.JobIph.191', 'JOB001']
['link', 'MOLCAS.1.JobIph', 'JOB002']
['rassi', 'overlap', [4, 4]]
['copy', 'MOLCAS.rassi.h5', 'MOLCAS.rassi.ovlp.1.h5']
['copy', '/project/lgagliardi/helenclifford/practice_rcc/sharc4/methaniminium/tutorial_reproduction/traj/Singlet_2/TRAJ_00009/restart/MOLCAS.3.JobIph.191', 'JOB001']
['link', 'MOLCAS.3.JobIph', 'JOB002']
['rassi', 'overlap', [3, 3]]
['copy', 'MOLCAS.rassi.h5', 'MOLCAS.rassi.ovlp.3.h5']
['link', 'MOLCAS.1.JobIph', 'JOB001']
['link', 'MOLCAS.3.JobIph', 'JOB002']
['rassi', 'soc', [4, 3]]
['copy', '$master_path/MOLCAS.1.JobIph', 'JOBOLD']
['rasscf', 1, 4, True, False]
['mclr', 0.0001, 'sala=1']
['alaska']
All jobs finished:
job: master          code: 0    runtime: 0:00:18.942479
job: grad_1_1        code: 0    runtime: 0:00:02.680723

Starting job execution
['gateway']
['seward']
['copy', '/project/lgagliardi/helenclifford/practice_rcc/sharc4/methaniminium/tutorial_reproduction/traj/Singlet_2/TRAJ_00009/restart/MOLCAS.1.JobIph.192', 'JOBOLD']
['rasscf', 1, 4, True, False]
['copy', 'MOLCAS.rasscf.h5', 'MOLCAS.1.rasscf.h5']
['copy', 'MOLCAS.JobIph', 'MOLCAS.1.JobIph']
['copy', '/project/lgagliardi/helenclifford/practice_rcc/sharc4/methaniminium/tutorial_reproduction/traj/Singlet_2/TRAJ_00009/restart/MOLCAS.3.JobIph.192', 'JOBOLD']
['rasscf', 3, 3, True, False]
['copy', 'MOLCAS.rasscf.h5', 'MOLCAS.3.rasscf.h5']
['copy', 'MOLCAS.JobIph', 'MOLCAS.3.JobIph']
['link', 'MOLCAS.1.JobIph', 'JOB001']
['rassi', 'dm', [4]]
['copy', 'MOLCAS.rassi.h5', 'MOLCAS.rassi.1.h5']
['link', 'MOLCAS.3.JobIph', 'JOB001']
['rassi', 'dm', [3]]
['copy', 'MOLCAS.rassi.h5', 'MOLCAS.rassi.3.h5']
['copy', '/project/lgagliardi/helenclifford/practice_rcc/sharc4/methaniminium/tutorial_reproduction/traj/Singlet_2/TRAJ_00009/restart/MOLCAS.1.JobIph.192', 'JOB001']
['link', 'MOLCAS.1.JobIph', 'JOB002']
['rassi', 'overlap', [4, 4]]
['copy', 'MOLCAS.rassi.h5', 'MOLCAS.rassi.ovlp.1.h5']
['copy', '/project/lgagliardi/helenclifford/practice_rcc/sharc4/methaniminium/tutorial_reproduction/traj/Singlet_2/TRAJ_00009/restart/MOLCAS.3.JobIph.192', 'JOB001']
['link', 'MOLCAS.3.JobIph', 'JOB002']
['rassi', 'overlap', [3, 3]]
['copy', 'MOLCAS.rassi.h5', 'MOLCAS.rassi.ovlp.3.h5']
['link', 'MOLCAS.1.JobIph', 'JOB001']
['link', 'MOLCAS.3.JobIph', 'JOB002']
['rassi', 'soc', [4, 3]]
['copy', '$master_path/MOLCAS.1.JobIph', 'JOBOLD']
['rasscf', 1, 4, True, False]
['mclr', 0.0001, 'sala=1']
['alaska']
All jobs finished:
job: master          code: 0    runtime: 0:00:22.178077
job: grad_1_1        code: 0    runtime: 0:00:11.704265

Starting job execution
['gateway']
['seward']
['copy', '/project/lgagliardi/helenclifford/practice_rcc/sharc4/methaniminium/tutorial_reproduction/traj/Singlet_2/TRAJ_00009/restart/MOLCAS.1.JobIph.193', 'JOBOLD']
['rasscf', 1, 4, True, False]
['copy', 'MOLCAS.rasscf.h5', 'MOLCAS.1.rasscf.h5']
['copy', 'MOLCAS.JobIph', 'MOLCAS.1.JobIph']
['copy', '/project/lgagliardi/helenclifford/practice_rcc/sharc4/methaniminium/tutorial_reproduction/traj/Singlet_2/TRAJ_00009/restart/MOLCAS.3.JobIph.193', 'JOBOLD']
['rasscf', 3, 3, True, False]
['copy', 'MOLCAS.rasscf.h5', 'MOLCAS.3.rasscf.h5']
['copy', 'MOLCAS.JobIph', 'MOLCAS.3.JobIph']
['link', 'MOLCAS.1.JobIph', 'JOB001']
['rassi', 'dm', [4]]
['copy', 'MOLCAS.rassi.h5', 'MOLCAS.rassi.1.h5']
['link', 'MOLCAS.3.JobIph', 'JOB001']
['rassi', 'dm', [3]]
['copy', 'MOLCAS.rassi.h5', 'MOLCAS.rassi.3.h5']
['copy', '/project/lgagliardi/helenclifford/practice_rcc/sharc4/methaniminium/tutorial_reproduction/traj/Singlet_2/TRAJ_00009/restart/MOLCAS.1.JobIph.193', 'JOB001']
['link', 'MOLCAS.1.JobIph', 'JOB002']
['rassi', 'overlap', [4, 4]]
['copy', 'MOLCAS.rassi.h5', 'MOLCAS.rassi.ovlp.1.h5']
['copy', '/project/lgagliardi/helenclifford/practice_rcc/sharc4/methaniminium/tutorial_reproduction/traj/Singlet_2/TRAJ_00009/restart/MOLCAS.3.JobIph.193', 'JOB001']
['link', 'MOLCAS.3.JobIph', 'JOB002']
['rassi', 'overlap', [3, 3]]
['copy', 'MOLCAS.rassi.h5', 'MOLCAS.rassi.ovlp.3.h5']
['link', 'MOLCAS.1.JobIph', 'JOB001']
['link', 'MOLCAS.3.JobIph', 'JOB002']
['rassi', 'soc', [4, 3]]
['copy', '$master_path/MOLCAS.1.JobIph', 'JOBOLD']
['rasscf', 1, 4, True, False]
['mclr', 0.0001, 'sala=1']
['alaska']
All jobs finished:
job: master          code: 0    runtime: 0:00:16.565419
job: grad_1_1        code: 0    runtime: 0:00:08.764281

Starting job execution
['gateway']
['seward']
['copy', '/project/lgagliardi/helenclifford/practice_rcc/sharc4/methaniminium/tutorial_reproduction/traj/Singlet_2/TRAJ_00009/restart/MOLCAS.1.JobIph.194', 'JOBOLD']
['rasscf', 1, 4, True, False]
['copy', 'MOLCAS.rasscf.h5', 'MOLCAS.1.rasscf.h5']
['copy', 'MOLCAS.JobIph', 'MOLCAS.1.JobIph']
['copy', '/project/lgagliardi/helenclifford/practice_rcc/sharc4/methaniminium/tutorial_reproduction/traj/Singlet_2/TRAJ_00009/restart/MOLCAS.3.JobIph.194', 'JOBOLD']
['rasscf', 3, 3, True, False]
['copy', 'MOLCAS.rasscf.h5', 'MOLCAS.3.rasscf.h5']
['copy', 'MOLCAS.JobIph', 'MOLCAS.3.JobIph']
['link', 'MOLCAS.1.JobIph', 'JOB001']
['rassi', 'dm', [4]]
['copy', 'MOLCAS.rassi.h5', 'MOLCAS.rassi.1.h5']
['link', 'MOLCAS.3.JobIph', 'JOB001']
['rassi', 'dm', [3]]
['copy', 'MOLCAS.rassi.h5', 'MOLCAS.rassi.3.h5']
['copy', '/project/lgagliardi/helenclifford/practice_rcc/sharc4/methaniminium/tutorial_reproduction/traj/Singlet_2/TRAJ_00009/restart/MOLCAS.1.JobIph.194', 'JOB001']
['link', 'MOLCAS.1.JobIph', 'JOB002']
['rassi', 'overlap', [4, 4]]
['copy', 'MOLCAS.rassi.h5', 'MOLCAS.rassi.ovlp.1.h5']
['copy', '/project/lgagliardi/helenclifford/practice_rcc/sharc4/methaniminium/tutorial_reproduction/traj/Singlet_2/TRAJ_00009/restart/MOLCAS.3.JobIph.194', 'JOB001']
['link', 'MOLCAS.3.JobIph', 'JOB002']
['rassi', 'overlap', [3, 3]]
['copy', 'MOLCAS.rassi.h5', 'MOLCAS.rassi.ovlp.3.h5']
['link', 'MOLCAS.1.JobIph', 'JOB001']
['link', 'MOLCAS.3.JobIph', 'JOB002']
['rassi', 'soc', [4, 3]]
['copy', '$master_path/MOLCAS.1.JobIph', 'JOBOLD']
['rasscf', 1, 4, True, False]
['mclr', 0.0001, 'sala=1']
['alaska']
All jobs finished:
job: master          code: 0    runtime: 0:00:16.636277
job: grad_1_1        code: 0    runtime: 0:00:06.216264

Starting job execution
['gateway']
['seward']
['copy', '/project/lgagliardi/helenclifford/practice_rcc/sharc4/methaniminium/tutorial_reproduction/traj/Singlet_2/TRAJ_00009/restart/MOLCAS.1.JobIph.195', 'JOBOLD']
['rasscf', 1, 4, True, False]
['copy', 'MOLCAS.rasscf.h5', 'MOLCAS.1.rasscf.h5']
['copy', 'MOLCAS.JobIph', 'MOLCAS.1.JobIph']
['copy', '/project/lgagliardi/helenclifford/practice_rcc/sharc4/methaniminium/tutorial_reproduction/traj/Singlet_2/TRAJ_00009/restart/MOLCAS.3.JobIph.195', 'JOBOLD']
['rasscf', 3, 3, True, False]
['copy', 'MOLCAS.rasscf.h5', 'MOLCAS.3.rasscf.h5']
['copy', 'MOLCAS.JobIph', 'MOLCAS.3.JobIph']
['link', 'MOLCAS.1.JobIph', 'JOB001']
['rassi', 'dm', [4]]
['copy', 'MOLCAS.rassi.h5', 'MOLCAS.rassi.1.h5']
['link', 'MOLCAS.3.JobIph', 'JOB001']
['rassi', 'dm', [3]]
['copy', 'MOLCAS.rassi.h5', 'MOLCAS.rassi.3.h5']
['copy', '/project/lgagliardi/helenclifford/practice_rcc/sharc4/methaniminium/tutorial_reproduction/traj/Singlet_2/TRAJ_00009/restart/MOLCAS.1.JobIph.195', 'JOB001']
['link', 'MOLCAS.1.JobIph', 'JOB002']
['rassi', 'overlap', [4, 4]]
['copy', 'MOLCAS.rassi.h5', 'MOLCAS.rassi.ovlp.1.h5']
['copy', '/project/lgagliardi/helenclifford/practice_rcc/sharc4/methaniminium/tutorial_reproduction/traj/Singlet_2/TRAJ_00009/restart/MOLCAS.3.JobIph.195', 'JOB001']
['link', 'MOLCAS.3.JobIph', 'JOB002']
['rassi', 'overlap', [3, 3]]
['copy', 'MOLCAS.rassi.h5', 'MOLCAS.rassi.ovlp.3.h5']
['link', 'MOLCAS.1.JobIph', 'JOB001']
['link', 'MOLCAS.3.JobIph', 'JOB002']
['rassi', 'soc', [4, 3]]
['copy', '$master_path/MOLCAS.1.JobIph', 'JOBOLD']
['rasscf', 1, 4, True, False]
['mclr', 0.0001, 'sala=1']
['alaska']
All jobs finished:
job: master          code: 0    runtime: 0:00:24.140273
job: grad_1_1        code: 0    runtime: 0:00:08.789839

Starting job execution
['gateway']
['seward']
['copy', '/project/lgagliardi/helenclifford/practice_rcc/sharc4/methaniminium/tutorial_reproduction/traj/Singlet_2/TRAJ_00009/restart/MOLCAS.1.JobIph.196', 'JOBOLD']
['rasscf', 1, 4, True, False]
['copy', 'MOLCAS.rasscf.h5', 'MOLCAS.1.rasscf.h5']
['copy', 'MOLCAS.JobIph', 'MOLCAS.1.JobIph']
['copy', '/project/lgagliardi/helenclifford/practice_rcc/sharc4/methaniminium/tutorial_reproduction/traj/Singlet_2/TRAJ_00009/restart/MOLCAS.3.JobIph.196', 'JOBOLD']
['rasscf', 3, 3, True, False]
['copy', 'MOLCAS.rasscf.h5', 'MOLCAS.3.rasscf.h5']
['copy', 'MOLCAS.JobIph', 'MOLCAS.3.JobIph']
['link', 'MOLCAS.1.JobIph', 'JOB001']
['rassi', 'dm', [4]]
['copy', 'MOLCAS.rassi.h5', 'MOLCAS.rassi.1.h5']
['link', 'MOLCAS.3.JobIph', 'JOB001']
['rassi', 'dm', [3]]
['copy', 'MOLCAS.rassi.h5', 'MOLCAS.rassi.3.h5']
['copy', '/project/lgagliardi/helenclifford/practice_rcc/sharc4/methaniminium/tutorial_reproduction/traj/Singlet_2/TRAJ_00009/restart/MOLCAS.1.JobIph.196', 'JOB001']
['link', 'MOLCAS.1.JobIph', 'JOB002']
['rassi', 'overlap', [4, 4]]
['copy', 'MOLCAS.rassi.h5', 'MOLCAS.rassi.ovlp.1.h5']
['copy', '/project/lgagliardi/helenclifford/practice_rcc/sharc4/methaniminium/tutorial_reproduction/traj/Singlet_2/TRAJ_00009/restart/MOLCAS.3.JobIph.196', 'JOB001']
['link', 'MOLCAS.3.JobIph', 'JOB002']
['rassi', 'overlap', [3, 3]]
['copy', 'MOLCAS.rassi.h5', 'MOLCAS.rassi.ovlp.3.h5']
['link', 'MOLCAS.1.JobIph', 'JOB001']
['link', 'MOLCAS.3.JobIph', 'JOB002']
['rassi', 'soc', [4, 3]]
['copy', '$master_path/MOLCAS.1.JobIph', 'JOBOLD']
['rasscf', 1, 4, True, False]
['mclr', 0.0001, 'sala=1']
['alaska']
All jobs finished:
job: master          code: 0    runtime: 0:00:19.327997
job: grad_1_1        code: 0    runtime: 0:00:10.146066

Starting job execution
['gateway']
['seward']
['copy', '/project/lgagliardi/helenclifford/practice_rcc/sharc4/methaniminium/tutorial_reproduction/traj/Singlet_2/TRAJ_00009/restart/MOLCAS.1.JobIph.197', 'JOBOLD']
['rasscf', 1, 4, True, False]
['copy', 'MOLCAS.rasscf.h5', 'MOLCAS.1.rasscf.h5']
['copy', 'MOLCAS.JobIph', 'MOLCAS.1.JobIph']
['copy', '/project/lgagliardi/helenclifford/practice_rcc/sharc4/methaniminium/tutorial_reproduction/traj/Singlet_2/TRAJ_00009/restart/MOLCAS.3.JobIph.197', 'JOBOLD']
['rasscf', 3, 3, True, False]
['copy', 'MOLCAS.rasscf.h5', 'MOLCAS.3.rasscf.h5']
['copy', 'MOLCAS.JobIph', 'MOLCAS.3.JobIph']
['link', 'MOLCAS.1.JobIph', 'JOB001']
['rassi', 'dm', [4]]
['copy', 'MOLCAS.rassi.h5', 'MOLCAS.rassi.1.h5']
['link', 'MOLCAS.3.JobIph', 'JOB001']
['rassi', 'dm', [3]]
['copy', 'MOLCAS.rassi.h5', 'MOLCAS.rassi.3.h5']
['copy', '/project/lgagliardi/helenclifford/practice_rcc/sharc4/methaniminium/tutorial_reproduction/traj/Singlet_2/TRAJ_00009/restart/MOLCAS.1.JobIph.197', 'JOB001']
['link', 'MOLCAS.1.JobIph', 'JOB002']
['rassi', 'overlap', [4, 4]]
['copy', 'MOLCAS.rassi.h5', 'MOLCAS.rassi.ovlp.1.h5']
['copy', '/project/lgagliardi/helenclifford/practice_rcc/sharc4/methaniminium/tutorial_reproduction/traj/Singlet_2/TRAJ_00009/restart/MOLCAS.3.JobIph.197', 'JOB001']
['link', 'MOLCAS.3.JobIph', 'JOB002']
['rassi', 'overlap', [3, 3]]
['copy', 'MOLCAS.rassi.h5', 'MOLCAS.rassi.ovlp.3.h5']
['link', 'MOLCAS.1.JobIph', 'JOB001']
['link', 'MOLCAS.3.JobIph', 'JOB002']
['rassi', 'soc', [4, 3]]
['copy', '$master_path/MOLCAS.1.JobIph', 'JOBOLD']
['rasscf', 1, 4, True, False]
['mclr', 0.0001, 'sala=1']
['alaska']
All jobs finished:
job: master          code: 0    runtime: 0:00:23.834448
job: grad_1_1        code: 0    runtime: 0:00:11.745640

Starting job execution
['gateway']
['seward']
['copy', '/project/lgagliardi/helenclifford/practice_rcc/sharc4/methaniminium/tutorial_reproduction/traj/Singlet_2/TRAJ_00009/restart/MOLCAS.1.JobIph.198', 'JOBOLD']
['rasscf', 1, 4, True, False]
['copy', 'MOLCAS.rasscf.h5', 'MOLCAS.1.rasscf.h5']
['copy', 'MOLCAS.JobIph', 'MOLCAS.1.JobIph']
['copy', '/project/lgagliardi/helenclifford/practice_rcc/sharc4/methaniminium/tutorial_reproduction/traj/Singlet_2/TRAJ_00009/restart/MOLCAS.3.JobIph.198', 'JOBOLD']
['rasscf', 3, 3, True, False]
['copy', 'MOLCAS.rasscf.h5', 'MOLCAS.3.rasscf.h5']
['copy', 'MOLCAS.JobIph', 'MOLCAS.3.JobIph']
['link', 'MOLCAS.1.JobIph', 'JOB001']
['rassi', 'dm', [4]]
['copy', 'MOLCAS.rassi.h5', 'MOLCAS.rassi.1.h5']
['link', 'MOLCAS.3.JobIph', 'JOB001']
['rassi', 'dm', [3]]
['copy', 'MOLCAS.rassi.h5', 'MOLCAS.rassi.3.h5']
['copy', '/project/lgagliardi/helenclifford/practice_rcc/sharc4/methaniminium/tutorial_reproduction/traj/Singlet_2/TRAJ_00009/restart/MOLCAS.1.JobIph.198', 'JOB001']
['link', 'MOLCAS.1.JobIph', 'JOB002']
['rassi', 'overlap', [4, 4]]
['copy', 'MOLCAS.rassi.h5', 'MOLCAS.rassi.ovlp.1.h5']
['copy', '/project/lgagliardi/helenclifford/practice_rcc/sharc4/methaniminium/tutorial_reproduction/traj/Singlet_2/TRAJ_00009/restart/MOLCAS.3.JobIph.198', 'JOB001']
['link', 'MOLCAS.3.JobIph', 'JOB002']
['rassi', 'overlap', [3, 3]]
['copy', 'MOLCAS.rassi.h5', 'MOLCAS.rassi.ovlp.3.h5']
['link', 'MOLCAS.1.JobIph', 'JOB001']
['link', 'MOLCAS.3.JobIph', 'JOB002']
['rassi', 'soc', [4, 3]]
['copy', '$master_path/MOLCAS.1.JobIph', 'JOBOLD']
['rasscf', 1, 4, True, False]
['mclr', 0.0001, 'sala=1']
['alaska']
All jobs finished:
job: master          code: 0    runtime: 0:00:19.280102
job: grad_1_1        code: 0    runtime: 0:00:09.941232

Starting job execution
['gateway']
['seward']
['copy', '/project/lgagliardi/helenclifford/practice_rcc/sharc4/methaniminium/tutorial_reproduction/traj/Singlet_2/TRAJ_00009/restart/MOLCAS.1.JobIph.199', 'JOBOLD']
['rasscf', 1, 4, True, False]
['copy', 'MOLCAS.rasscf.h5', 'MOLCAS.1.rasscf.h5']
['copy', 'MOLCAS.JobIph', 'MOLCAS.1.JobIph']
['copy', '/project/lgagliardi/helenclifford/practice_rcc/sharc4/methaniminium/tutorial_reproduction/traj/Singlet_2/TRAJ_00009/restart/MOLCAS.3.JobIph.199', 'JOBOLD']
['rasscf', 3, 3, True, False]
['copy', 'MOLCAS.rasscf.h5', 'MOLCAS.3.rasscf.h5']
['copy', 'MOLCAS.JobIph', 'MOLCAS.3.JobIph']
['link', 'MOLCAS.1.JobIph', 'JOB001']
['rassi', 'dm', [4]]
['copy', 'MOLCAS.rassi.h5', 'MOLCAS.rassi.1.h5']
['link', 'MOLCAS.3.JobIph', 'JOB001']
['rassi', 'dm', [3]]
['copy', 'MOLCAS.rassi.h5', 'MOLCAS.rassi.3.h5']
['copy', '/project/lgagliardi/helenclifford/practice_rcc/sharc4/methaniminium/tutorial_reproduction/traj/Singlet_2/TRAJ_00009/restart/MOLCAS.1.JobIph.199', 'JOB001']
['link', 'MOLCAS.1.JobIph', 'JOB002']
['rassi', 'overlap', [4, 4]]
['copy', 'MOLCAS.rassi.h5', 'MOLCAS.rassi.ovlp.1.h5']
['copy', '/project/lgagliardi/helenclifford/practice_rcc/sharc4/methaniminium/tutorial_reproduction/traj/Singlet_2/TRAJ_00009/restart/MOLCAS.3.JobIph.199', 'JOB001']
['link', 'MOLCAS.3.JobIph', 'JOB002']
['rassi', 'overlap', [3, 3]]
['copy', 'MOLCAS.rassi.h5', 'MOLCAS.rassi.ovlp.3.h5']
['link', 'MOLCAS.1.JobIph', 'JOB001']
['link', 'MOLCAS.3.JobIph', 'JOB002']
['rassi', 'soc', [4, 3]]
['copy', '$master_path/MOLCAS.1.JobIph', 'JOBOLD']
['rasscf', 1, 4, True, False]
['mclr', 0.0001, 'sala=1']
['alaska']
All jobs finished:
job: master          code: 0    runtime: 0:00:18.504989
job: grad_1_1        code: 0    runtime: 0:00:08.891182

Timing per step (SHARC_MOLCAS): 33048.94306801 ms
Timing per step full 35787.810428685 ms
Timing: 7157562.085736999 ms
Timing: 7254129.36669 ms
