SAVEDIR set to /project/lgagliardi/helenclifford/practice_rcc/sharc4/methaniminium/tutorial_reproduction/traj/Singlet_2/TRAJ_00006/restart
Scratchdir set to /scratch/midway3/helenclifford/sharc_scratch/methaniminium_tutorial/traj/Singlet_2/TRAJ_00006/QM
WARNING: 'no-douglas-kroll' not in template keywords: paddingstates, density_calculation_methods, tCI, basis, baslib, basis_per_element, basis_per_atom, nactel, ras1, ras2, ras3, inactive, roots, origin, origin_pos, isotope_elements, isotope_masses, method, functional, ipea, cort_or_dort, imaginary, frozen, gradaccudefault, gradaccumax, pcmset, pcmstate, iterations, cholesky_accu, rasscf_thrs, rasscf_levshift, rasscf_sxdamp, rasscf_noqune, rasscf_convergence_mults, rasscf_guess_jobiph, rasscf_guess_mult, rasscf_guess_step, mclr_iterations, mclr_cgs
WARNING: 'cholesky' not in template keywords: paddingstates, density_calculation_methods, tCI, basis, baslib, basis_per_element, basis_per_atom, nactel, ras1, ras2, ras3, inactive, roots, origin, origin_pos, isotope_elements, isotope_masses, method, functional, ipea, cort_or_dort, imaginary, frozen, gradaccudefault, gradaccumax, pcmset, pcmstate, iterations, cholesky_accu, rasscf_thrs, rasscf_levshift, rasscf_sxdamp, rasscf_noqune, rasscf_convergence_mults, rasscf_guess_jobiph, rasscf_guess_mult, rasscf_guess_step, mclr_iterations, mclr_cgs
paddingstates not specified setting default, [0, 0, 0]
Starting job execution
['gateway']
['seward']
['copy', '/project/lgagliardi/helenclifford/practice_rcc/sharc4/methaniminium/tutorial_reproduction/traj/Singlet_2/TRAJ_00006/QM/MOLCAS.1.RasOrb.init', 'INPORB']
['rasscf', 1, 4, False, True]
['copy', 'MOLCAS.rasscf.h5', 'MOLCAS.1.rasscf.h5']
['copy', 'MOLCAS.JobIph', 'MOLCAS.1.JobIph']
['copy', '/project/lgagliardi/helenclifford/practice_rcc/sharc4/methaniminium/tutorial_reproduction/traj/Singlet_2/TRAJ_00006/QM/MOLCAS.3.RasOrb.init', 'INPORB']
['rasscf', 3, 3, False, True]
['copy', 'MOLCAS.rasscf.h5', 'MOLCAS.3.rasscf.h5']
['copy', 'MOLCAS.JobIph', 'MOLCAS.3.JobIph']
['link', 'MOLCAS.1.JobIph', 'JOB001']
['rassi', 'dm', [4]]
['copy', 'MOLCAS.rassi.h5', 'MOLCAS.rassi.1.h5']
['link', 'MOLCAS.3.JobIph', 'JOB001']
['rassi', 'dm', [3]]
['copy', 'MOLCAS.rassi.h5', 'MOLCAS.rassi.3.h5']
['link', 'MOLCAS.1.JobIph', 'JOB001']
['link', 'MOLCAS.3.JobIph', 'JOB002']
['rassi', 'soc', [4, 3]]
['copy', '$master_path/MOLCAS.1.JobIph', 'JOBOLD']
['rasscf', 1, 4, True, False]
['mclr', 0.0001, 'sala=2']
['alaska']
['copy', '$master_path/MOLCAS.3.JobIph', 'JOBOLD']
['rasscf', 3, 3, True, False]
['mclr', 0.0001, 'sala=3']
['alaska']
['copy', '$master_path/MOLCAS.3.JobIph', 'JOBOLD']
['rasscf', 3, 3, True, False]
['mclr', 0.0001, 'sala=1']
['alaska']
['copy', '$master_path/MOLCAS.1.JobIph', 'JOBOLD']
['rasscf', 1, 4, True, False]
['mclr', 0.0001, 'sala=1']
['alaska']
['copy', '$master_path/MOLCAS.1.JobIph', 'JOBOLD']
['rasscf', 1, 4, True, False]
['mclr', 0.0001, 'sala=3']
['alaska']
['copy', '$master_path/MOLCAS.3.JobIph', 'JOBOLD']
['rasscf', 3, 3, True, False]
['mclr', 0.0001, 'sala=2']
['alaska']
['copy', '$master_path/MOLCAS.1.JobIph', 'JOBOLD']
['rasscf', 1, 4, True, False]
['mclr', 0.0001, 'sala=4']
['alaska']
All jobs finished:
job: master          code: 0    runtime: 0:00:23.257746
job: grad_1_2        code: 0    runtime: 0:00:06.545762
job: grad_3_3        code: 0    runtime: 0:00:19.332971
job: grad_3_1        code: 0    runtime: 0:00:11.957919
job: grad_1_1        code: 0    runtime: 0:00:09.623118
job: grad_1_3        code: 0    runtime: 0:00:13.446993
job: grad_3_2        code: 0    runtime: 0:00:09.625947
job: grad_1_4        code: 0    runtime: 0:00:10.837022

mkdir: cannot create directory '/project/lgagliardi/helenclifford/practice_rcc/sharc4/methaniminium/tutorial_reproduction/traj/Singlet_2/TRAJ_00006/restart': File exists
Starting job execution
['gateway']
['seward']
['copy', '/project/lgagliardi/helenclifford/practice_rcc/sharc4/methaniminium/tutorial_reproduction/traj/Singlet_2/TRAJ_00006/restart/MOLCAS.1.JobIph.0', 'JOBOLD']
['rasscf', 1, 4, True, False]
['copy', 'MOLCAS.rasscf.h5', 'MOLCAS.1.rasscf.h5']
['copy', 'MOLCAS.JobIph', 'MOLCAS.1.JobIph']
['copy', '/project/lgagliardi/helenclifford/practice_rcc/sharc4/methaniminium/tutorial_reproduction/traj/Singlet_2/TRAJ_00006/restart/MOLCAS.3.JobIph.0', 'JOBOLD']
['rasscf', 3, 3, True, False]
['copy', 'MOLCAS.rasscf.h5', 'MOLCAS.3.rasscf.h5']
['copy', 'MOLCAS.JobIph', 'MOLCAS.3.JobIph']
['link', 'MOLCAS.1.JobIph', 'JOB001']
['rassi', 'dm', [4]]
['copy', 'MOLCAS.rassi.h5', 'MOLCAS.rassi.1.h5']
['link', 'MOLCAS.3.JobIph', 'JOB001']
['rassi', 'dm', [3]]
['copy', 'MOLCAS.rassi.h5', 'MOLCAS.rassi.3.h5']
['copy', '/project/lgagliardi/helenclifford/practice_rcc/sharc4/methaniminium/tutorial_reproduction/traj/Singlet_2/TRAJ_00006/restart/MOLCAS.1.JobIph.0', 'JOB001']
['link', 'MOLCAS.1.JobIph', 'JOB002']
['rassi', 'overlap', [4, 4]]
['copy', 'MOLCAS.rassi.h5', 'MOLCAS.rassi.ovlp.1.h5']
['copy', '/project/lgagliardi/helenclifford/practice_rcc/sharc4/methaniminium/tutorial_reproduction/traj/Singlet_2/TRAJ_00006/restart/MOLCAS.3.JobIph.0', 'JOB001']
['link', 'MOLCAS.3.JobIph', 'JOB002']
['rassi', 'overlap', [3, 3]]
['copy', 'MOLCAS.rassi.h5', 'MOLCAS.rassi.ovlp.3.h5']
['link', 'MOLCAS.1.JobIph', 'JOB001']
['link', 'MOLCAS.3.JobIph', 'JOB002']
['rassi', 'soc', [4, 3]]
['copy', '$master_path/MOLCAS.3.JobIph', 'JOBOLD']
['rasscf', 3, 3, True, False]
['mclr', 0.0001, 'sala=3']
['alaska']
['copy', '$master_path/MOLCAS.1.JobIph', 'JOBOLD']
['rasscf', 1, 4, True, False]
['mclr', 0.0001, 'sala=3']
['alaska']
All jobs finished:
job: master          code: 0    runtime: 0:00:17.710537
job: grad_3_3        code: 0    runtime: 0:00:14.830095
job: grad_1_3        code: 0    runtime: 0:00:12.899171

Starting job execution
['gateway']
['seward']
['copy', '/project/lgagliardi/helenclifford/practice_rcc/sharc4/methaniminium/tutorial_reproduction/traj/Singlet_2/TRAJ_00006/restart/MOLCAS.1.JobIph.1', 'JOBOLD']
['rasscf', 1, 4, True, False]
['copy', 'MOLCAS.rasscf.h5', 'MOLCAS.1.rasscf.h5']
['copy', 'MOLCAS.JobIph', 'MOLCAS.1.JobIph']
['copy', '/project/lgagliardi/helenclifford/practice_rcc/sharc4/methaniminium/tutorial_reproduction/traj/Singlet_2/TRAJ_00006/restart/MOLCAS.3.JobIph.1', 'JOBOLD']
['rasscf', 3, 3, True, False]
['copy', 'MOLCAS.rasscf.h5', 'MOLCAS.3.rasscf.h5']
['copy', 'MOLCAS.JobIph', 'MOLCAS.3.JobIph']
['link', 'MOLCAS.1.JobIph', 'JOB001']
['rassi', 'dm', [4]]
['copy', 'MOLCAS.rassi.h5', 'MOLCAS.rassi.1.h5']
['link', 'MOLCAS.3.JobIph', 'JOB001']
['rassi', 'dm', [3]]
['copy', 'MOLCAS.rassi.h5', 'MOLCAS.rassi.3.h5']
['copy', '/project/lgagliardi/helenclifford/practice_rcc/sharc4/methaniminium/tutorial_reproduction/traj/Singlet_2/TRAJ_00006/restart/MOLCAS.1.JobIph.1', 'JOB001']
['link', 'MOLCAS.1.JobIph', 'JOB002']
['rassi', 'overlap', [4, 4]]
['copy', 'MOLCAS.rassi.h5', 'MOLCAS.rassi.ovlp.1.h5']
['copy', '/project/lgagliardi/helenclifford/practice_rcc/sharc4/methaniminium/tutorial_reproduction/traj/Singlet_2/TRAJ_00006/restart/MOLCAS.3.JobIph.1', 'JOB001']
['link', 'MOLCAS.3.JobIph', 'JOB002']
['rassi', 'overlap', [3, 3]]
['copy', 'MOLCAS.rassi.h5', 'MOLCAS.rassi.ovlp.3.h5']
['link', 'MOLCAS.1.JobIph', 'JOB001']
['link', 'MOLCAS.3.JobIph', 'JOB002']
['rassi', 'soc', [4, 3]]
['copy', '$master_path/MOLCAS.3.JobIph', 'JOBOLD']
['rasscf', 3, 3, True, False]
['mclr', 0.0001, 'sala=3']
['alaska']
['copy', '$master_path/MOLCAS.1.JobIph', 'JOBOLD']
['rasscf', 1, 4, True, False]
['mclr', 0.0001, 'sala=3']
['alaska']
All jobs finished:
job: master          code: 0    runtime: 0:00:21.219429
job: grad_3_3        code: 0    runtime: 0:00:09.383484
job: grad_1_3        code: 0    runtime: 0:00:08.646679

Starting job execution
['gateway']
['seward']
['copy', '/project/lgagliardi/helenclifford/practice_rcc/sharc4/methaniminium/tutorial_reproduction/traj/Singlet_2/TRAJ_00006/restart/MOLCAS.1.JobIph.2', 'JOBOLD']
['rasscf', 1, 4, True, False]
['copy', 'MOLCAS.rasscf.h5', 'MOLCAS.1.rasscf.h5']
['copy', 'MOLCAS.JobIph', 'MOLCAS.1.JobIph']
['copy', '/project/lgagliardi/helenclifford/practice_rcc/sharc4/methaniminium/tutorial_reproduction/traj/Singlet_2/TRAJ_00006/restart/MOLCAS.3.JobIph.2', 'JOBOLD']
['rasscf', 3, 3, True, False]
['copy', 'MOLCAS.rasscf.h5', 'MOLCAS.3.rasscf.h5']
['copy', 'MOLCAS.JobIph', 'MOLCAS.3.JobIph']
['link', 'MOLCAS.1.JobIph', 'JOB001']
['rassi', 'dm', [4]]
['copy', 'MOLCAS.rassi.h5', 'MOLCAS.rassi.1.h5']
['link', 'MOLCAS.3.JobIph', 'JOB001']
['rassi', 'dm', [3]]
['copy', 'MOLCAS.rassi.h5', 'MOLCAS.rassi.3.h5']
['copy', '/project/lgagliardi/helenclifford/practice_rcc/sharc4/methaniminium/tutorial_reproduction/traj/Singlet_2/TRAJ_00006/restart/MOLCAS.1.JobIph.2', 'JOB001']
['link', 'MOLCAS.1.JobIph', 'JOB002']
['rassi', 'overlap', [4, 4]]
['copy', 'MOLCAS.rassi.h5', 'MOLCAS.rassi.ovlp.1.h5']
['copy', '/project/lgagliardi/helenclifford/practice_rcc/sharc4/methaniminium/tutorial_reproduction/traj/Singlet_2/TRAJ_00006/restart/MOLCAS.3.JobIph.2', 'JOB001']
['link', 'MOLCAS.3.JobIph', 'JOB002']
['rassi', 'overlap', [3, 3]]
['copy', 'MOLCAS.rassi.h5', 'MOLCAS.rassi.ovlp.3.h5']
['link', 'MOLCAS.1.JobIph', 'JOB001']
['link', 'MOLCAS.3.JobIph', 'JOB002']
['rassi', 'soc', [4, 3]]
['copy', '$master_path/MOLCAS.3.JobIph', 'JOBOLD']
['rasscf', 3, 3, True, False]
['mclr', 0.0001, 'sala=3']
['alaska']
['copy', '$master_path/MOLCAS.1.JobIph', 'JOBOLD']
['rasscf', 1, 4, True, False]
['mclr', 0.0001, 'sala=3']
['alaska']
All jobs finished:
job: master          code: 0    runtime: 0:00:25.705332
job: grad_3_3        code: 0    runtime: 0:00:02.389331
job: grad_1_3        code: 0    runtime: 0:00:16.712224

Starting job execution
['gateway']
['seward']
['copy', '/project/lgagliardi/helenclifford/practice_rcc/sharc4/methaniminium/tutorial_reproduction/traj/Singlet_2/TRAJ_00006/restart/MOLCAS.1.JobIph.3', 'JOBOLD']
['rasscf', 1, 4, True, False]
['copy', 'MOLCAS.rasscf.h5', 'MOLCAS.1.rasscf.h5']
['copy', 'MOLCAS.JobIph', 'MOLCAS.1.JobIph']
['copy', '/project/lgagliardi/helenclifford/practice_rcc/sharc4/methaniminium/tutorial_reproduction/traj/Singlet_2/TRAJ_00006/restart/MOLCAS.3.JobIph.3', 'JOBOLD']
['rasscf', 3, 3, True, False]
['copy', 'MOLCAS.rasscf.h5', 'MOLCAS.3.rasscf.h5']
['copy', 'MOLCAS.JobIph', 'MOLCAS.3.JobIph']
['link', 'MOLCAS.1.JobIph', 'JOB001']
['rassi', 'dm', [4]]
['copy', 'MOLCAS.rassi.h5', 'MOLCAS.rassi.1.h5']
['link', 'MOLCAS.3.JobIph', 'JOB001']
['rassi', 'dm', [3]]
['copy', 'MOLCAS.rassi.h5', 'MOLCAS.rassi.3.h5']
['copy', '/project/lgagliardi/helenclifford/practice_rcc/sharc4/methaniminium/tutorial_reproduction/traj/Singlet_2/TRAJ_00006/restart/MOLCAS.1.JobIph.3', 'JOB001']
['link', 'MOLCAS.1.JobIph', 'JOB002']
['rassi', 'overlap', [4, 4]]
['copy', 'MOLCAS.rassi.h5', 'MOLCAS.rassi.ovlp.1.h5']
['copy', '/project/lgagliardi/helenclifford/practice_rcc/sharc4/methaniminium/tutorial_reproduction/traj/Singlet_2/TRAJ_00006/restart/MOLCAS.3.JobIph.3', 'JOB001']
['link', 'MOLCAS.3.JobIph', 'JOB002']
['rassi', 'overlap', [3, 3]]
['copy', 'MOLCAS.rassi.h5', 'MOLCAS.rassi.ovlp.3.h5']
['link', 'MOLCAS.1.JobIph', 'JOB001']
['link', 'MOLCAS.3.JobIph', 'JOB002']
['rassi', 'soc', [4, 3]]
['copy', '$master_path/MOLCAS.3.JobIph', 'JOBOLD']
['rasscf', 3, 3, True, False]
['mclr', 0.0001, 'sala=3']
['alaska']
['copy', '$master_path/MOLCAS.1.JobIph', 'JOBOLD']
['rasscf', 1, 4, True, False]
['mclr', 0.0001, 'sala=3']
['alaska']
All jobs finished:
job: master          code: 0    runtime: 0:00:23.271014
job: grad_3_3        code: 0    runtime: 0:00:11.756079
job: grad_1_3        code: 0    runtime: 0:00:10.272436

Starting job execution
['gateway']
['seward']
['copy', '/project/lgagliardi/helenclifford/practice_rcc/sharc4/methaniminium/tutorial_reproduction/traj/Singlet_2/TRAJ_00006/restart/MOLCAS.1.JobIph.4', 'JOBOLD']
['rasscf', 1, 4, True, False]
['copy', 'MOLCAS.rasscf.h5', 'MOLCAS.1.rasscf.h5']
['copy', 'MOLCAS.JobIph', 'MOLCAS.1.JobIph']
['copy', '/project/lgagliardi/helenclifford/practice_rcc/sharc4/methaniminium/tutorial_reproduction/traj/Singlet_2/TRAJ_00006/restart/MOLCAS.3.JobIph.4', 'JOBOLD']
['rasscf', 3, 3, True, False]
['copy', 'MOLCAS.rasscf.h5', 'MOLCAS.3.rasscf.h5']
['copy', 'MOLCAS.JobIph', 'MOLCAS.3.JobIph']
['link', 'MOLCAS.1.JobIph', 'JOB001']
['rassi', 'dm', [4]]
['copy', 'MOLCAS.rassi.h5', 'MOLCAS.rassi.1.h5']
['link', 'MOLCAS.3.JobIph', 'JOB001']
['rassi', 'dm', [3]]
['copy', 'MOLCAS.rassi.h5', 'MOLCAS.rassi.3.h5']
['copy', '/project/lgagliardi/helenclifford/practice_rcc/sharc4/methaniminium/tutorial_reproduction/traj/Singlet_2/TRAJ_00006/restart/MOLCAS.1.JobIph.4', 'JOB001']
['link', 'MOLCAS.1.JobIph', 'JOB002']
['rassi', 'overlap', [4, 4]]
['copy', 'MOLCAS.rassi.h5', 'MOLCAS.rassi.ovlp.1.h5']
['copy', '/project/lgagliardi/helenclifford/practice_rcc/sharc4/methaniminium/tutorial_reproduction/traj/Singlet_2/TRAJ_00006/restart/MOLCAS.3.JobIph.4', 'JOB001']
['link', 'MOLCAS.3.JobIph', 'JOB002']
['rassi', 'overlap', [3, 3]]
['copy', 'MOLCAS.rassi.h5', 'MOLCAS.rassi.ovlp.3.h5']
['link', 'MOLCAS.1.JobIph', 'JOB001']
['link', 'MOLCAS.3.JobIph', 'JOB002']
['rassi', 'soc', [4, 3]]
['copy', '$master_path/MOLCAS.1.JobIph', 'JOBOLD']
['rasscf', 1, 4, True, False]
['mclr', 0.0001, 'sala=3']
['alaska']
All jobs finished:
job: master          code: 0    runtime: 0:00:15.863343
job: grad_1_3        code: 0    runtime: 0:00:12.777358

Starting job execution
['gateway']
['seward']
['copy', '/project/lgagliardi/helenclifford/practice_rcc/sharc4/methaniminium/tutorial_reproduction/traj/Singlet_2/TRAJ_00006/restart/MOLCAS.1.JobIph.5', 'JOBOLD']
['rasscf', 1, 4, True, False]
['copy', 'MOLCAS.rasscf.h5', 'MOLCAS.1.rasscf.h5']
['copy', 'MOLCAS.JobIph', 'MOLCAS.1.JobIph']
['copy', '/project/lgagliardi/helenclifford/practice_rcc/sharc4/methaniminium/tutorial_reproduction/traj/Singlet_2/TRAJ_00006/restart/MOLCAS.3.JobIph.5', 'JOBOLD']
['rasscf', 3, 3, True, False]
['copy', 'MOLCAS.rasscf.h5', 'MOLCAS.3.rasscf.h5']
['copy', 'MOLCAS.JobIph', 'MOLCAS.3.JobIph']
['link', 'MOLCAS.1.JobIph', 'JOB001']
['rassi', 'dm', [4]]
['copy', 'MOLCAS.rassi.h5', 'MOLCAS.rassi.1.h5']
['link', 'MOLCAS.3.JobIph', 'JOB001']
['rassi', 'dm', [3]]
['copy', 'MOLCAS.rassi.h5', 'MOLCAS.rassi.3.h5']
['copy', '/project/lgagliardi/helenclifford/practice_rcc/sharc4/methaniminium/tutorial_reproduction/traj/Singlet_2/TRAJ_00006/restart/MOLCAS.1.JobIph.4', 'JOB001']
['link', 'MOLCAS.1.JobIph', 'JOB002']
['rassi', 'overlap', [4, 4]]
['copy', 'MOLCAS.rassi.h5', 'MOLCAS.rassi.ovlp.1.h5']
['copy', '/project/lgagliardi/helenclifford/practice_rcc/sharc4/methaniminium/tutorial_reproduction/traj/Singlet_2/TRAJ_00006/restart/MOLCAS.3.JobIph.4', 'JOB001']
['link', 'MOLCAS.3.JobIph', 'JOB002']
['rassi', 'overlap', [3, 3]]
['copy', 'MOLCAS.rassi.h5', 'MOLCAS.rassi.ovlp.3.h5']
['link', 'MOLCAS.1.JobIph', 'JOB001']
['link', 'MOLCAS.3.JobIph', 'JOB002']
['rassi', 'soc', [4, 3]]
['copy', '$master_path/MOLCAS.3.JobIph', 'JOBOLD']
['rasscf', 3, 3, True, False]
['mclr', 0.0001, 'sala=3']
['alaska']
['copy', '$master_path/MOLCAS.1.JobIph', 'JOBOLD']
['rasscf', 1, 4, True, False]
['mclr', 0.0001, 'sala=3']
['alaska']
All jobs finished:
job: master          code: 0    runtime: 0:00:19.570288
job: grad_3_3        code: 0    runtime: 0:00:08.644698
job: grad_1_3        code: 0    runtime: 0:00:08.040285

Starting job execution
['gateway']
['seward']
['copy', '/project/lgagliardi/helenclifford/practice_rcc/sharc4/methaniminium/tutorial_reproduction/traj/Singlet_2/TRAJ_00006/restart/MOLCAS.1.JobIph.5', 'JOBOLD']
['rasscf', 1, 4, True, False]
['copy', 'MOLCAS.rasscf.h5', 'MOLCAS.1.rasscf.h5']
['copy', 'MOLCAS.JobIph', 'MOLCAS.1.JobIph']
['copy', '/project/lgagliardi/helenclifford/practice_rcc/sharc4/methaniminium/tutorial_reproduction/traj/Singlet_2/TRAJ_00006/restart/MOLCAS.3.JobIph.5', 'JOBOLD']
['rasscf', 3, 3, True, False]
['copy', 'MOLCAS.rasscf.h5', 'MOLCAS.3.rasscf.h5']
['copy', 'MOLCAS.JobIph', 'MOLCAS.3.JobIph']
['link', 'MOLCAS.1.JobIph', 'JOB001']
['rassi', 'dm', [4]]
['copy', 'MOLCAS.rassi.h5', 'MOLCAS.rassi.1.h5']
['link', 'MOLCAS.3.JobIph', 'JOB001']
['rassi', 'dm', [3]]
['copy', 'MOLCAS.rassi.h5', 'MOLCAS.rassi.3.h5']
['copy', '/project/lgagliardi/helenclifford/practice_rcc/sharc4/methaniminium/tutorial_reproduction/traj/Singlet_2/TRAJ_00006/restart/MOLCAS.1.JobIph.5', 'JOB001']
['link', 'MOLCAS.1.JobIph', 'JOB002']
['rassi', 'overlap', [4, 4]]
['copy', 'MOLCAS.rassi.h5', 'MOLCAS.rassi.ovlp.1.h5']
['copy', '/project/lgagliardi/helenclifford/practice_rcc/sharc4/methaniminium/tutorial_reproduction/traj/Singlet_2/TRAJ_00006/restart/MOLCAS.3.JobIph.5', 'JOB001']
['link', 'MOLCAS.3.JobIph', 'JOB002']
['rassi', 'overlap', [3, 3]]
['copy', 'MOLCAS.rassi.h5', 'MOLCAS.rassi.ovlp.3.h5']
['link', 'MOLCAS.1.JobIph', 'JOB001']
['link', 'MOLCAS.3.JobIph', 'JOB002']
['rassi', 'soc', [4, 3]]
['copy', '$master_path/MOLCAS.3.JobIph', 'JOBOLD']
['rasscf', 3, 3, True, False]
['mclr', 0.0001, 'sala=3']
['alaska']
['copy', '$master_path/MOLCAS.1.JobIph', 'JOBOLD']
['rasscf', 1, 4, True, False]
['mclr', 0.0001, 'sala=3']
['alaska']
All jobs finished:
job: master          code: 0    runtime: 0:00:18.799795
job: grad_3_3        code: 0    runtime: 0:00:09.424748
job: grad_1_3        code: 0    runtime: 0:00:08.675717

Starting job execution
['gateway']
['seward']
['copy', '/project/lgagliardi/helenclifford/practice_rcc/sharc4/methaniminium/tutorial_reproduction/traj/Singlet_2/TRAJ_00006/restart/MOLCAS.1.JobIph.6', 'JOBOLD']
['rasscf', 1, 4, True, False]
['copy', 'MOLCAS.rasscf.h5', 'MOLCAS.1.rasscf.h5']
['copy', 'MOLCAS.JobIph', 'MOLCAS.1.JobIph']
['copy', '/project/lgagliardi/helenclifford/practice_rcc/sharc4/methaniminium/tutorial_reproduction/traj/Singlet_2/TRAJ_00006/restart/MOLCAS.3.JobIph.6', 'JOBOLD']
['rasscf', 3, 3, True, False]
['copy', 'MOLCAS.rasscf.h5', 'MOLCAS.3.rasscf.h5']
['copy', 'MOLCAS.JobIph', 'MOLCAS.3.JobIph']
['link', 'MOLCAS.1.JobIph', 'JOB001']
['rassi', 'dm', [4]]
['copy', 'MOLCAS.rassi.h5', 'MOLCAS.rassi.1.h5']
['link', 'MOLCAS.3.JobIph', 'JOB001']
['rassi', 'dm', [3]]
['copy', 'MOLCAS.rassi.h5', 'MOLCAS.rassi.3.h5']
['copy', '/project/lgagliardi/helenclifford/practice_rcc/sharc4/methaniminium/tutorial_reproduction/traj/Singlet_2/TRAJ_00006/restart/MOLCAS.1.JobIph.5', 'JOB001']
['link', 'MOLCAS.1.JobIph', 'JOB002']
['rassi', 'overlap', [4, 4]]
['copy', 'MOLCAS.rassi.h5', 'MOLCAS.rassi.ovlp.1.h5']
['copy', '/project/lgagliardi/helenclifford/practice_rcc/sharc4/methaniminium/tutorial_reproduction/traj/Singlet_2/TRAJ_00006/restart/MOLCAS.3.JobIph.5', 'JOB001']
['link', 'MOLCAS.3.JobIph', 'JOB002']
['rassi', 'overlap', [3, 3]]
['copy', 'MOLCAS.rassi.h5', 'MOLCAS.rassi.ovlp.3.h5']
['link', 'MOLCAS.1.JobIph', 'JOB001']
['link', 'MOLCAS.3.JobIph', 'JOB002']
['rassi', 'soc', [4, 3]]
['copy', '$master_path/MOLCAS.1.JobIph', 'JOBOLD']
['rasscf', 1, 4, True, False]
['mclr', 0.0001, 'sala=2']
['alaska']
All jobs finished:
job: master          code: 0    runtime: 0:00:18.493106
job: grad_1_2        code: 0    runtime: 0:00:02.808014

Starting job execution
['gateway']
['seward']
['copy', '/project/lgagliardi/helenclifford/practice_rcc/sharc4/methaniminium/tutorial_reproduction/traj/Singlet_2/TRAJ_00006/restart/MOLCAS.1.JobIph.6', 'JOBOLD']
['rasscf', 1, 4, True, False]
['copy', 'MOLCAS.rasscf.h5', 'MOLCAS.1.rasscf.h5']
['copy', 'MOLCAS.JobIph', 'MOLCAS.1.JobIph']
['copy', '/project/lgagliardi/helenclifford/practice_rcc/sharc4/methaniminium/tutorial_reproduction/traj/Singlet_2/TRAJ_00006/restart/MOLCAS.3.JobIph.6', 'JOBOLD']
['rasscf', 3, 3, True, False]
['copy', 'MOLCAS.rasscf.h5', 'MOLCAS.3.rasscf.h5']
['copy', 'MOLCAS.JobIph', 'MOLCAS.3.JobIph']
['link', 'MOLCAS.1.JobIph', 'JOB001']
['rassi', 'dm', [4]]
['copy', 'MOLCAS.rassi.h5', 'MOLCAS.rassi.1.h5']
['link', 'MOLCAS.3.JobIph', 'JOB001']
['rassi', 'dm', [3]]
['copy', 'MOLCAS.rassi.h5', 'MOLCAS.rassi.3.h5']
['copy', '/project/lgagliardi/helenclifford/practice_rcc/sharc4/methaniminium/tutorial_reproduction/traj/Singlet_2/TRAJ_00006/restart/MOLCAS.1.JobIph.6', 'JOB001']
['link', 'MOLCAS.1.JobIph', 'JOB002']
['rassi', 'overlap', [4, 4]]
['copy', 'MOLCAS.rassi.h5', 'MOLCAS.rassi.ovlp.1.h5']
['copy', '/project/lgagliardi/helenclifford/practice_rcc/sharc4/methaniminium/tutorial_reproduction/traj/Singlet_2/TRAJ_00006/restart/MOLCAS.3.JobIph.6', 'JOB001']
['link', 'MOLCAS.3.JobIph', 'JOB002']
['rassi', 'overlap', [3, 3]]
['copy', 'MOLCAS.rassi.h5', 'MOLCAS.rassi.ovlp.3.h5']
['link', 'MOLCAS.1.JobIph', 'JOB001']
['link', 'MOLCAS.3.JobIph', 'JOB002']
['rassi', 'soc', [4, 3]]
['copy', '$master_path/MOLCAS.1.JobIph', 'JOBOLD']
['rasscf', 1, 4, True, False]
['mclr', 0.0001, 'sala=2']
['alaska']
All jobs finished:
job: master          code: 0    runtime: 0:00:19.026547
job: grad_1_2        code: 0    runtime: 0:00:10.467987

Starting job execution
['gateway']
['seward']
['copy', '/project/lgagliardi/helenclifford/practice_rcc/sharc4/methaniminium/tutorial_reproduction/traj/Singlet_2/TRAJ_00006/restart/MOLCAS.1.JobIph.7', 'JOBOLD']
['rasscf', 1, 4, True, False]
['copy', 'MOLCAS.rasscf.h5', 'MOLCAS.1.rasscf.h5']
['copy', 'MOLCAS.JobIph', 'MOLCAS.1.JobIph']
['copy', '/project/lgagliardi/helenclifford/practice_rcc/sharc4/methaniminium/tutorial_reproduction/traj/Singlet_2/TRAJ_00006/restart/MOLCAS.3.JobIph.7', 'JOBOLD']
['rasscf', 3, 3, True, False]
['copy', 'MOLCAS.rasscf.h5', 'MOLCAS.3.rasscf.h5']
['copy', 'MOLCAS.JobIph', 'MOLCAS.3.JobIph']
['link', 'MOLCAS.1.JobIph', 'JOB001']
['rassi', 'dm', [4]]
['copy', 'MOLCAS.rassi.h5', 'MOLCAS.rassi.1.h5']
['link', 'MOLCAS.3.JobIph', 'JOB001']
['rassi', 'dm', [3]]
['copy', 'MOLCAS.rassi.h5', 'MOLCAS.rassi.3.h5']
['copy', '/project/lgagliardi/helenclifford/practice_rcc/sharc4/methaniminium/tutorial_reproduction/traj/Singlet_2/TRAJ_00006/restart/MOLCAS.1.JobIph.7', 'JOB001']
['link', 'MOLCAS.1.JobIph', 'JOB002']
['rassi', 'overlap', [4, 4]]
['copy', 'MOLCAS.rassi.h5', 'MOLCAS.rassi.ovlp.1.h5']
['copy', '/project/lgagliardi/helenclifford/practice_rcc/sharc4/methaniminium/tutorial_reproduction/traj/Singlet_2/TRAJ_00006/restart/MOLCAS.3.JobIph.7', 'JOB001']
['link', 'MOLCAS.3.JobIph', 'JOB002']
['rassi', 'overlap', [3, 3]]
['copy', 'MOLCAS.rassi.h5', 'MOLCAS.rassi.ovlp.3.h5']
['link', 'MOLCAS.1.JobIph', 'JOB001']
['link', 'MOLCAS.3.JobIph', 'JOB002']
['rassi', 'soc', [4, 3]]
['copy', '$master_path/MOLCAS.1.JobIph', 'JOBOLD']
['rasscf', 1, 4, True, False]
['mclr', 0.0001, 'sala=2']
['alaska']
All jobs finished:
job: master          code: 0    runtime: 0:00:17.804050
job: grad_1_2        code: 0    runtime: 0:00:09.985186

Starting job execution
['gateway']
['seward']
['copy', '/project/lgagliardi/helenclifford/practice_rcc/sharc4/methaniminium/tutorial_reproduction/traj/Singlet_2/TRAJ_00006/restart/MOLCAS.1.JobIph.8', 'JOBOLD']
['rasscf', 1, 4, True, False]
['copy', 'MOLCAS.rasscf.h5', 'MOLCAS.1.rasscf.h5']
['copy', 'MOLCAS.JobIph', 'MOLCAS.1.JobIph']
['copy', '/project/lgagliardi/helenclifford/practice_rcc/sharc4/methaniminium/tutorial_reproduction/traj/Singlet_2/TRAJ_00006/restart/MOLCAS.3.JobIph.8', 'JOBOLD']
['rasscf', 3, 3, True, False]
['copy', 'MOLCAS.rasscf.h5', 'MOLCAS.3.rasscf.h5']
['copy', 'MOLCAS.JobIph', 'MOLCAS.3.JobIph']
['link', 'MOLCAS.1.JobIph', 'JOB001']
['rassi', 'dm', [4]]
['copy', 'MOLCAS.rassi.h5', 'MOLCAS.rassi.1.h5']
['link', 'MOLCAS.3.JobIph', 'JOB001']
['rassi', 'dm', [3]]
['copy', 'MOLCAS.rassi.h5', 'MOLCAS.rassi.3.h5']
['copy', '/project/lgagliardi/helenclifford/practice_rcc/sharc4/methaniminium/tutorial_reproduction/traj/Singlet_2/TRAJ_00006/restart/MOLCAS.1.JobIph.8', 'JOB001']
['link', 'MOLCAS.1.JobIph', 'JOB002']
['rassi', 'overlap', [4, 4]]
['copy', 'MOLCAS.rassi.h5', 'MOLCAS.rassi.ovlp.1.h5']
['copy', '/project/lgagliardi/helenclifford/practice_rcc/sharc4/methaniminium/tutorial_reproduction/traj/Singlet_2/TRAJ_00006/restart/MOLCAS.3.JobIph.8', 'JOB001']
['link', 'MOLCAS.3.JobIph', 'JOB002']
['rassi', 'overlap', [3, 3]]
['copy', 'MOLCAS.rassi.h5', 'MOLCAS.rassi.ovlp.3.h5']
['link', 'MOLCAS.1.JobIph', 'JOB001']
['link', 'MOLCAS.3.JobIph', 'JOB002']
['rassi', 'soc', [4, 3]]
['copy', '$master_path/MOLCAS.1.JobIph', 'JOBOLD']
['rasscf', 1, 4, True, False]
['mclr', 0.0001, 'sala=2']
['alaska']
All jobs finished:
job: master          code: 0    runtime: 0:00:18.834861
job: grad_1_2        code: 0    runtime: 0:00:11.728198

Starting job execution
['gateway']
['seward']
['copy', '/project/lgagliardi/helenclifford/practice_rcc/sharc4/methaniminium/tutorial_reproduction/traj/Singlet_2/TRAJ_00006/restart/MOLCAS.1.JobIph.9', 'JOBOLD']
['rasscf', 1, 4, True, False]
['copy', 'MOLCAS.rasscf.h5', 'MOLCAS.1.rasscf.h5']
['copy', 'MOLCAS.JobIph', 'MOLCAS.1.JobIph']
['copy', '/project/lgagliardi/helenclifford/practice_rcc/sharc4/methaniminium/tutorial_reproduction/traj/Singlet_2/TRAJ_00006/restart/MOLCAS.3.JobIph.9', 'JOBOLD']
['rasscf', 3, 3, True, False]
['copy', 'MOLCAS.rasscf.h5', 'MOLCAS.3.rasscf.h5']
['copy', 'MOLCAS.JobIph', 'MOLCAS.3.JobIph']
['link', 'MOLCAS.1.JobIph', 'JOB001']
['rassi', 'dm', [4]]
['copy', 'MOLCAS.rassi.h5', 'MOLCAS.rassi.1.h5']
['link', 'MOLCAS.3.JobIph', 'JOB001']
['rassi', 'dm', [3]]
['copy', 'MOLCAS.rassi.h5', 'MOLCAS.rassi.3.h5']
['copy', '/project/lgagliardi/helenclifford/practice_rcc/sharc4/methaniminium/tutorial_reproduction/traj/Singlet_2/TRAJ_00006/restart/MOLCAS.1.JobIph.9', 'JOB001']
['link', 'MOLCAS.1.JobIph', 'JOB002']
['rassi', 'overlap', [4, 4]]
['copy', 'MOLCAS.rassi.h5', 'MOLCAS.rassi.ovlp.1.h5']
['copy', '/project/lgagliardi/helenclifford/practice_rcc/sharc4/methaniminium/tutorial_reproduction/traj/Singlet_2/TRAJ_00006/restart/MOLCAS.3.JobIph.9', 'JOB001']
['link', 'MOLCAS.3.JobIph', 'JOB002']
['rassi', 'overlap', [3, 3]]
['copy', 'MOLCAS.rassi.h5', 'MOLCAS.rassi.ovlp.3.h5']
['link', 'MOLCAS.1.JobIph', 'JOB001']
['link', 'MOLCAS.3.JobIph', 'JOB002']
['rassi', 'soc', [4, 3]]
['copy', '$master_path/MOLCAS.1.JobIph', 'JOBOLD']
['rasscf', 1, 4, True, False]
['mclr', 0.0001, 'sala=2']
['alaska']
All jobs finished:
job: master          code: 0    runtime: 0:00:18.748402
job: grad_1_2        code: 0    runtime: 0:00:10.205396

Starting job execution
['gateway']
['seward']
['copy', '/project/lgagliardi/helenclifford/practice_rcc/sharc4/methaniminium/tutorial_reproduction/traj/Singlet_2/TRAJ_00006/restart/MOLCAS.1.JobIph.10', 'JOBOLD']
['rasscf', 1, 4, True, False]
['copy', 'MOLCAS.rasscf.h5', 'MOLCAS.1.rasscf.h5']
['copy', 'MOLCAS.JobIph', 'MOLCAS.1.JobIph']
['copy', '/project/lgagliardi/helenclifford/practice_rcc/sharc4/methaniminium/tutorial_reproduction/traj/Singlet_2/TRAJ_00006/restart/MOLCAS.3.JobIph.10', 'JOBOLD']
['rasscf', 3, 3, True, False]
['copy', 'MOLCAS.rasscf.h5', 'MOLCAS.3.rasscf.h5']
['copy', 'MOLCAS.JobIph', 'MOLCAS.3.JobIph']
['link', 'MOLCAS.1.JobIph', 'JOB001']
['rassi', 'dm', [4]]
['copy', 'MOLCAS.rassi.h5', 'MOLCAS.rassi.1.h5']
['link', 'MOLCAS.3.JobIph', 'JOB001']
['rassi', 'dm', [3]]
['copy', 'MOLCAS.rassi.h5', 'MOLCAS.rassi.3.h5']
['copy', '/project/lgagliardi/helenclifford/practice_rcc/sharc4/methaniminium/tutorial_reproduction/traj/Singlet_2/TRAJ_00006/restart/MOLCAS.1.JobIph.10', 'JOB001']
['link', 'MOLCAS.1.JobIph', 'JOB002']
['rassi', 'overlap', [4, 4]]
['copy', 'MOLCAS.rassi.h5', 'MOLCAS.rassi.ovlp.1.h5']
['copy', '/project/lgagliardi/helenclifford/practice_rcc/sharc4/methaniminium/tutorial_reproduction/traj/Singlet_2/TRAJ_00006/restart/MOLCAS.3.JobIph.10', 'JOB001']
['link', 'MOLCAS.3.JobIph', 'JOB002']
['rassi', 'overlap', [3, 3]]
['copy', 'MOLCAS.rassi.h5', 'MOLCAS.rassi.ovlp.3.h5']
['link', 'MOLCAS.1.JobIph', 'JOB001']
['link', 'MOLCAS.3.JobIph', 'JOB002']
['rassi', 'soc', [4, 3]]
['copy', '$master_path/MOLCAS.1.JobIph', 'JOBOLD']
['rasscf', 1, 4, True, False]
['mclr', 0.0001, 'sala=2']
['alaska']
All jobs finished:
job: master          code: 0    runtime: 0:00:18.197099
job: grad_1_2        code: 0    runtime: 0:00:11.631842

Starting job execution
['gateway']
['seward']
['copy', '/project/lgagliardi/helenclifford/practice_rcc/sharc4/methaniminium/tutorial_reproduction/traj/Singlet_2/TRAJ_00006/restart/MOLCAS.1.JobIph.11', 'JOBOLD']
['rasscf', 1, 4, True, False]
['copy', 'MOLCAS.rasscf.h5', 'MOLCAS.1.rasscf.h5']
['copy', 'MOLCAS.JobIph', 'MOLCAS.1.JobIph']
['copy', '/project/lgagliardi/helenclifford/practice_rcc/sharc4/methaniminium/tutorial_reproduction/traj/Singlet_2/TRAJ_00006/restart/MOLCAS.3.JobIph.11', 'JOBOLD']
['rasscf', 3, 3, True, False]
['copy', 'MOLCAS.rasscf.h5', 'MOLCAS.3.rasscf.h5']
['copy', 'MOLCAS.JobIph', 'MOLCAS.3.JobIph']
['link', 'MOLCAS.1.JobIph', 'JOB001']
['rassi', 'dm', [4]]
['copy', 'MOLCAS.rassi.h5', 'MOLCAS.rassi.1.h5']
['link', 'MOLCAS.3.JobIph', 'JOB001']
['rassi', 'dm', [3]]
['copy', 'MOLCAS.rassi.h5', 'MOLCAS.rassi.3.h5']
['copy', '/project/lgagliardi/helenclifford/practice_rcc/sharc4/methaniminium/tutorial_reproduction/traj/Singlet_2/TRAJ_00006/restart/MOLCAS.1.JobIph.10', 'JOB001']
['link', 'MOLCAS.1.JobIph', 'JOB002']
['rassi', 'overlap', [4, 4]]
['copy', 'MOLCAS.rassi.h5', 'MOLCAS.rassi.ovlp.1.h5']
['copy', '/project/lgagliardi/helenclifford/practice_rcc/sharc4/methaniminium/tutorial_reproduction/traj/Singlet_2/TRAJ_00006/restart/MOLCAS.3.JobIph.10', 'JOB001']
['link', 'MOLCAS.3.JobIph', 'JOB002']
['rassi', 'overlap', [3, 3]]
['copy', 'MOLCAS.rassi.h5', 'MOLCAS.rassi.ovlp.3.h5']
['link', 'MOLCAS.1.JobIph', 'JOB001']
['link', 'MOLCAS.3.JobIph', 'JOB002']
['rassi', 'soc', [4, 3]]
['copy', '$master_path/MOLCAS.3.JobIph', 'JOBOLD']
['rasscf', 3, 3, True, False]
['mclr', 0.0001, 'sala=2']
['alaska']
['copy', '$master_path/MOLCAS.1.JobIph', 'JOBOLD']
['rasscf', 1, 4, True, False]
['mclr', 0.0001, 'sala=2']
['alaska']
All jobs finished:
job: master          code: 0    runtime: 0:00:20.106932
job: grad_3_2        code: 0    runtime: 0:00:07.644705
job: grad_1_2        code: 0    runtime: 0:00:03.020369

Starting job execution
['gateway']
['seward']
['copy', '/project/lgagliardi/helenclifford/practice_rcc/sharc4/methaniminium/tutorial_reproduction/traj/Singlet_2/TRAJ_00006/restart/MOLCAS.1.JobIph.11', 'JOBOLD']
['rasscf', 1, 4, True, False]
['copy', 'MOLCAS.rasscf.h5', 'MOLCAS.1.rasscf.h5']
['copy', 'MOLCAS.JobIph', 'MOLCAS.1.JobIph']
['copy', '/project/lgagliardi/helenclifford/practice_rcc/sharc4/methaniminium/tutorial_reproduction/traj/Singlet_2/TRAJ_00006/restart/MOLCAS.3.JobIph.11', 'JOBOLD']
['rasscf', 3, 3, True, False]
['copy', 'MOLCAS.rasscf.h5', 'MOLCAS.3.rasscf.h5']
['copy', 'MOLCAS.JobIph', 'MOLCAS.3.JobIph']
['link', 'MOLCAS.1.JobIph', 'JOB001']
['rassi', 'dm', [4]]
['copy', 'MOLCAS.rassi.h5', 'MOLCAS.rassi.1.h5']
['link', 'MOLCAS.3.JobIph', 'JOB001']
['rassi', 'dm', [3]]
['copy', 'MOLCAS.rassi.h5', 'MOLCAS.rassi.3.h5']
['copy', '/project/lgagliardi/helenclifford/practice_rcc/sharc4/methaniminium/tutorial_reproduction/traj/Singlet_2/TRAJ_00006/restart/MOLCAS.1.JobIph.11', 'JOB001']
['link', 'MOLCAS.1.JobIph', 'JOB002']
['rassi', 'overlap', [4, 4]]
['copy', 'MOLCAS.rassi.h5', 'MOLCAS.rassi.ovlp.1.h5']
['copy', '/project/lgagliardi/helenclifford/practice_rcc/sharc4/methaniminium/tutorial_reproduction/traj/Singlet_2/TRAJ_00006/restart/MOLCAS.3.JobIph.11', 'JOB001']
['link', 'MOLCAS.3.JobIph', 'JOB002']
['rassi', 'overlap', [3, 3]]
['copy', 'MOLCAS.rassi.h5', 'MOLCAS.rassi.ovlp.3.h5']
['link', 'MOLCAS.1.JobIph', 'JOB001']
['link', 'MOLCAS.3.JobIph', 'JOB002']
['rassi', 'soc', [4, 3]]
['copy', '$master_path/MOLCAS.3.JobIph', 'JOBOLD']
['rasscf', 3, 3, True, False]
['mclr', 0.0001, 'sala=2']
['alaska']
['copy', '$master_path/MOLCAS.1.JobIph', 'JOBOLD']
['rasscf', 1, 4, True, False]
['mclr', 0.0001, 'sala=2']
['alaska']
All jobs finished:
job: master          code: 0    runtime: 0:00:33.932428
job: grad_3_2        code: 0    runtime: 0:00:08.705983
job: grad_1_2        code: 0    runtime: 0:00:08.923623

Starting job execution
['gateway']
['seward']
['copy', '/project/lgagliardi/helenclifford/practice_rcc/sharc4/methaniminium/tutorial_reproduction/traj/Singlet_2/TRAJ_00006/restart/MOLCAS.1.JobIph.12', 'JOBOLD']
['rasscf', 1, 4, True, False]
['copy', 'MOLCAS.rasscf.h5', 'MOLCAS.1.rasscf.h5']
['copy', 'MOLCAS.JobIph', 'MOLCAS.1.JobIph']
['copy', '/project/lgagliardi/helenclifford/practice_rcc/sharc4/methaniminium/tutorial_reproduction/traj/Singlet_2/TRAJ_00006/restart/MOLCAS.3.JobIph.12', 'JOBOLD']
['rasscf', 3, 3, True, False]
['copy', 'MOLCAS.rasscf.h5', 'MOLCAS.3.rasscf.h5']
['copy', 'MOLCAS.JobIph', 'MOLCAS.3.JobIph']
['link', 'MOLCAS.1.JobIph', 'JOB001']
['rassi', 'dm', [4]]
['copy', 'MOLCAS.rassi.h5', 'MOLCAS.rassi.1.h5']
['link', 'MOLCAS.3.JobIph', 'JOB001']
['rassi', 'dm', [3]]
['copy', 'MOLCAS.rassi.h5', 'MOLCAS.rassi.3.h5']
['copy', '/project/lgagliardi/helenclifford/practice_rcc/sharc4/methaniminium/tutorial_reproduction/traj/Singlet_2/TRAJ_00006/restart/MOLCAS.1.JobIph.12', 'JOB001']
['link', 'MOLCAS.1.JobIph', 'JOB002']
['rassi', 'overlap', [4, 4]]
['copy', 'MOLCAS.rassi.h5', 'MOLCAS.rassi.ovlp.1.h5']
['copy', '/project/lgagliardi/helenclifford/practice_rcc/sharc4/methaniminium/tutorial_reproduction/traj/Singlet_2/TRAJ_00006/restart/MOLCAS.3.JobIph.12', 'JOB001']
['link', 'MOLCAS.3.JobIph', 'JOB002']
['rassi', 'overlap', [3, 3]]
['copy', 'MOLCAS.rassi.h5', 'MOLCAS.rassi.ovlp.3.h5']
['link', 'MOLCAS.1.JobIph', 'JOB001']
['link', 'MOLCAS.3.JobIph', 'JOB002']
['rassi', 'soc', [4, 3]]
['copy', '$master_path/MOLCAS.3.JobIph', 'JOBOLD']
['rasscf', 3, 3, True, False]
['mclr', 0.0001, 'sala=2']
['alaska']
['copy', '$master_path/MOLCAS.1.JobIph', 'JOBOLD']
['rasscf', 1, 4, True, False]
['mclr', 0.0001, 'sala=2']
['alaska']
All jobs finished:
job: master          code: 0    runtime: 0:00:21.169964
job: grad_3_2        code: 0    runtime: 0:00:09.945578
job: grad_1_2        code: 0    runtime: 0:00:16.151619

Starting job execution
['gateway']
['seward']
['copy', '/project/lgagliardi/helenclifford/practice_rcc/sharc4/methaniminium/tutorial_reproduction/traj/Singlet_2/TRAJ_00006/restart/MOLCAS.1.JobIph.13', 'JOBOLD']
['rasscf', 1, 4, True, False]
['copy', 'MOLCAS.rasscf.h5', 'MOLCAS.1.rasscf.h5']
['copy', 'MOLCAS.JobIph', 'MOLCAS.1.JobIph']
['copy', '/project/lgagliardi/helenclifford/practice_rcc/sharc4/methaniminium/tutorial_reproduction/traj/Singlet_2/TRAJ_00006/restart/MOLCAS.3.JobIph.13', 'JOBOLD']
['rasscf', 3, 3, True, False]
['copy', 'MOLCAS.rasscf.h5', 'MOLCAS.3.rasscf.h5']
['copy', 'MOLCAS.JobIph', 'MOLCAS.3.JobIph']
['link', 'MOLCAS.1.JobIph', 'JOB001']
['rassi', 'dm', [4]]
['copy', 'MOLCAS.rassi.h5', 'MOLCAS.rassi.1.h5']
['link', 'MOLCAS.3.JobIph', 'JOB001']
['rassi', 'dm', [3]]
['copy', 'MOLCAS.rassi.h5', 'MOLCAS.rassi.3.h5']
['copy', '/project/lgagliardi/helenclifford/practice_rcc/sharc4/methaniminium/tutorial_reproduction/traj/Singlet_2/TRAJ_00006/restart/MOLCAS.1.JobIph.13', 'JOB001']
['link', 'MOLCAS.1.JobIph', 'JOB002']
['rassi', 'overlap', [4, 4]]
['copy', 'MOLCAS.rassi.h5', 'MOLCAS.rassi.ovlp.1.h5']
['copy', '/project/lgagliardi/helenclifford/practice_rcc/sharc4/methaniminium/tutorial_reproduction/traj/Singlet_2/TRAJ_00006/restart/MOLCAS.3.JobIph.13', 'JOB001']
['link', 'MOLCAS.3.JobIph', 'JOB002']
['rassi', 'overlap', [3, 3]]
['copy', 'MOLCAS.rassi.h5', 'MOLCAS.rassi.ovlp.3.h5']
['link', 'MOLCAS.1.JobIph', 'JOB001']
['link', 'MOLCAS.3.JobIph', 'JOB002']
['rassi', 'soc', [4, 3]]
['copy', '$master_path/MOLCAS.3.JobIph', 'JOBOLD']
['rasscf', 3, 3, True, False]
['mclr', 0.0001, 'sala=2']
['alaska']
['copy', '$master_path/MOLCAS.1.JobIph', 'JOBOLD']
['rasscf', 1, 4, True, False]
['mclr', 0.0001, 'sala=2']
['alaska']
All jobs finished:
job: master          code: 0    runtime: 0:00:16.815918
job: grad_3_2        code: 0    runtime: 0:00:12.907335
job: grad_1_2        code: 0    runtime: 0:00:07.484110

Starting job execution
['gateway']
['seward']
['copy', '/project/lgagliardi/helenclifford/practice_rcc/sharc4/methaniminium/tutorial_reproduction/traj/Singlet_2/TRAJ_00006/restart/MOLCAS.1.JobIph.14', 'JOBOLD']
['rasscf', 1, 4, True, False]
['copy', 'MOLCAS.rasscf.h5', 'MOLCAS.1.rasscf.h5']
['copy', 'MOLCAS.JobIph', 'MOLCAS.1.JobIph']
['copy', '/project/lgagliardi/helenclifford/practice_rcc/sharc4/methaniminium/tutorial_reproduction/traj/Singlet_2/TRAJ_00006/restart/MOLCAS.3.JobIph.14', 'JOBOLD']
['rasscf', 3, 3, True, False]
['copy', 'MOLCAS.rasscf.h5', 'MOLCAS.3.rasscf.h5']
['copy', 'MOLCAS.JobIph', 'MOLCAS.3.JobIph']
['link', 'MOLCAS.1.JobIph', 'JOB001']
['rassi', 'dm', [4]]
['copy', 'MOLCAS.rassi.h5', 'MOLCAS.rassi.1.h5']
['link', 'MOLCAS.3.JobIph', 'JOB001']
['rassi', 'dm', [3]]
['copy', 'MOLCAS.rassi.h5', 'MOLCAS.rassi.3.h5']
['copy', '/project/lgagliardi/helenclifford/practice_rcc/sharc4/methaniminium/tutorial_reproduction/traj/Singlet_2/TRAJ_00006/restart/MOLCAS.1.JobIph.14', 'JOB001']
['link', 'MOLCAS.1.JobIph', 'JOB002']
['rassi', 'overlap', [4, 4]]
['copy', 'MOLCAS.rassi.h5', 'MOLCAS.rassi.ovlp.1.h5']
['copy', '/project/lgagliardi/helenclifford/practice_rcc/sharc4/methaniminium/tutorial_reproduction/traj/Singlet_2/TRAJ_00006/restart/MOLCAS.3.JobIph.14', 'JOB001']
['link', 'MOLCAS.3.JobIph', 'JOB002']
['rassi', 'overlap', [3, 3]]
['copy', 'MOLCAS.rassi.h5', 'MOLCAS.rassi.ovlp.3.h5']
['link', 'MOLCAS.1.JobIph', 'JOB001']
['link', 'MOLCAS.3.JobIph', 'JOB002']
['rassi', 'soc', [4, 3]]
['copy', '$master_path/MOLCAS.3.JobIph', 'JOBOLD']
['rasscf', 3, 3, True, False]
['mclr', 0.0001, 'sala=2']
['alaska']
['copy', '$master_path/MOLCAS.1.JobIph', 'JOBOLD']
['rasscf', 1, 4, True, False]
['mclr', 0.0001, 'sala=2']
['alaska']
All jobs finished:
job: master          code: 0    runtime: 0:00:24.439745
job: grad_3_2        code: 0    runtime: 0:00:13.131789
job: grad_1_2        code: 0    runtime: 0:00:08.557119

Starting job execution
['gateway']
['seward']
['copy', '/project/lgagliardi/helenclifford/practice_rcc/sharc4/methaniminium/tutorial_reproduction/traj/Singlet_2/TRAJ_00006/restart/MOLCAS.1.JobIph.15', 'JOBOLD']
['rasscf', 1, 4, True, False]
['copy', 'MOLCAS.rasscf.h5', 'MOLCAS.1.rasscf.h5']
['copy', 'MOLCAS.JobIph', 'MOLCAS.1.JobIph']
['copy', '/project/lgagliardi/helenclifford/practice_rcc/sharc4/methaniminium/tutorial_reproduction/traj/Singlet_2/TRAJ_00006/restart/MOLCAS.3.JobIph.15', 'JOBOLD']
['rasscf', 3, 3, True, False]
['copy', 'MOLCAS.rasscf.h5', 'MOLCAS.3.rasscf.h5']
['copy', 'MOLCAS.JobIph', 'MOLCAS.3.JobIph']
['link', 'MOLCAS.1.JobIph', 'JOB001']
['rassi', 'dm', [4]]
['copy', 'MOLCAS.rassi.h5', 'MOLCAS.rassi.1.h5']
['link', 'MOLCAS.3.JobIph', 'JOB001']
['rassi', 'dm', [3]]
['copy', 'MOLCAS.rassi.h5', 'MOLCAS.rassi.3.h5']
['copy', '/project/lgagliardi/helenclifford/practice_rcc/sharc4/methaniminium/tutorial_reproduction/traj/Singlet_2/TRAJ_00006/restart/MOLCAS.1.JobIph.15', 'JOB001']
['link', 'MOLCAS.1.JobIph', 'JOB002']
['rassi', 'overlap', [4, 4]]
['copy', 'MOLCAS.rassi.h5', 'MOLCAS.rassi.ovlp.1.h5']
['copy', '/project/lgagliardi/helenclifford/practice_rcc/sharc4/methaniminium/tutorial_reproduction/traj/Singlet_2/TRAJ_00006/restart/MOLCAS.3.JobIph.15', 'JOB001']
['link', 'MOLCAS.3.JobIph', 'JOB002']
['rassi', 'overlap', [3, 3]]
['copy', 'MOLCAS.rassi.h5', 'MOLCAS.rassi.ovlp.3.h5']
['link', 'MOLCAS.1.JobIph', 'JOB001']
['link', 'MOLCAS.3.JobIph', 'JOB002']
['rassi', 'soc', [4, 3]]
['copy', '$master_path/MOLCAS.3.JobIph', 'JOBOLD']
['rasscf', 3, 3, True, False]
['mclr', 0.0001, 'sala=2']
['alaska']
['copy', '$master_path/MOLCAS.1.JobIph', 'JOBOLD']
['rasscf', 1, 4, True, False]
['mclr', 0.0001, 'sala=2']
['alaska']
All jobs finished:
job: master          code: 0    runtime: 0:00:26.791412
job: grad_3_2        code: 0    runtime: 0:00:09.635330
job: grad_1_2        code: 0    runtime: 0:00:07.843228

Starting job execution
['gateway']
['seward']
['copy', '/project/lgagliardi/helenclifford/practice_rcc/sharc4/methaniminium/tutorial_reproduction/traj/Singlet_2/TRAJ_00006/restart/MOLCAS.1.JobIph.16', 'JOBOLD']
['rasscf', 1, 4, True, False]
['copy', 'MOLCAS.rasscf.h5', 'MOLCAS.1.rasscf.h5']
['copy', 'MOLCAS.JobIph', 'MOLCAS.1.JobIph']
['copy', '/project/lgagliardi/helenclifford/practice_rcc/sharc4/methaniminium/tutorial_reproduction/traj/Singlet_2/TRAJ_00006/restart/MOLCAS.3.JobIph.16', 'JOBOLD']
['rasscf', 3, 3, True, False]
['copy', 'MOLCAS.rasscf.h5', 'MOLCAS.3.rasscf.h5']
['copy', 'MOLCAS.JobIph', 'MOLCAS.3.JobIph']
['link', 'MOLCAS.1.JobIph', 'JOB001']
['rassi', 'dm', [4]]
['copy', 'MOLCAS.rassi.h5', 'MOLCAS.rassi.1.h5']
['link', 'MOLCAS.3.JobIph', 'JOB001']
['rassi', 'dm', [3]]
['copy', 'MOLCAS.rassi.h5', 'MOLCAS.rassi.3.h5']
['copy', '/project/lgagliardi/helenclifford/practice_rcc/sharc4/methaniminium/tutorial_reproduction/traj/Singlet_2/TRAJ_00006/restart/MOLCAS.1.JobIph.16', 'JOB001']
['link', 'MOLCAS.1.JobIph', 'JOB002']
['rassi', 'overlap', [4, 4]]
['copy', 'MOLCAS.rassi.h5', 'MOLCAS.rassi.ovlp.1.h5']
['copy', '/project/lgagliardi/helenclifford/practice_rcc/sharc4/methaniminium/tutorial_reproduction/traj/Singlet_2/TRAJ_00006/restart/MOLCAS.3.JobIph.16', 'JOB001']
['link', 'MOLCAS.3.JobIph', 'JOB002']
['rassi', 'overlap', [3, 3]]
['copy', 'MOLCAS.rassi.h5', 'MOLCAS.rassi.ovlp.3.h5']
['link', 'MOLCAS.1.JobIph', 'JOB001']
['link', 'MOLCAS.3.JobIph', 'JOB002']
['rassi', 'soc', [4, 3]]
['copy', '$master_path/MOLCAS.3.JobIph', 'JOBOLD']
['rasscf', 3, 3, True, False]
['mclr', 0.0001, 'sala=2']
['alaska']
['copy', '$master_path/MOLCAS.1.JobIph', 'JOBOLD']
['rasscf', 1, 4, True, False]
['mclr', 0.0001, 'sala=2']
['alaska']
All jobs finished:
job: master          code: 0    runtime: 0:00:19.908723
job: grad_3_2        code: 0    runtime: 0:00:09.121197
job: grad_1_2        code: 0    runtime: 0:00:11.717059

Starting job execution
['gateway']
['seward']
['copy', '/project/lgagliardi/helenclifford/practice_rcc/sharc4/methaniminium/tutorial_reproduction/traj/Singlet_2/TRAJ_00006/restart/MOLCAS.1.JobIph.17', 'JOBOLD']
['rasscf', 1, 4, True, False]
['copy', 'MOLCAS.rasscf.h5', 'MOLCAS.1.rasscf.h5']
['copy', 'MOLCAS.JobIph', 'MOLCAS.1.JobIph']
['copy', '/project/lgagliardi/helenclifford/practice_rcc/sharc4/methaniminium/tutorial_reproduction/traj/Singlet_2/TRAJ_00006/restart/MOLCAS.3.JobIph.17', 'JOBOLD']
['rasscf', 3, 3, True, False]
['copy', 'MOLCAS.rasscf.h5', 'MOLCAS.3.rasscf.h5']
['copy', 'MOLCAS.JobIph', 'MOLCAS.3.JobIph']
['link', 'MOLCAS.1.JobIph', 'JOB001']
['rassi', 'dm', [4]]
['copy', 'MOLCAS.rassi.h5', 'MOLCAS.rassi.1.h5']
['link', 'MOLCAS.3.JobIph', 'JOB001']
['rassi', 'dm', [3]]
['copy', 'MOLCAS.rassi.h5', 'MOLCAS.rassi.3.h5']
['copy', '/project/lgagliardi/helenclifford/practice_rcc/sharc4/methaniminium/tutorial_reproduction/traj/Singlet_2/TRAJ_00006/restart/MOLCAS.1.JobIph.17', 'JOB001']
['link', 'MOLCAS.1.JobIph', 'JOB002']
['rassi', 'overlap', [4, 4]]
['copy', 'MOLCAS.rassi.h5', 'MOLCAS.rassi.ovlp.1.h5']
['copy', '/project/lgagliardi/helenclifford/practice_rcc/sharc4/methaniminium/tutorial_reproduction/traj/Singlet_2/TRAJ_00006/restart/MOLCAS.3.JobIph.17', 'JOB001']
['link', 'MOLCAS.3.JobIph', 'JOB002']
['rassi', 'overlap', [3, 3]]
['copy', 'MOLCAS.rassi.h5', 'MOLCAS.rassi.ovlp.3.h5']
['link', 'MOLCAS.1.JobIph', 'JOB001']
['link', 'MOLCAS.3.JobIph', 'JOB002']
['rassi', 'soc', [4, 3]]
['copy', '$master_path/MOLCAS.3.JobIph', 'JOBOLD']
['rasscf', 3, 3, True, False]
['mclr', 0.0001, 'sala=2']
['alaska']
['copy', '$master_path/MOLCAS.1.JobIph', 'JOBOLD']
['rasscf', 1, 4, True, False]
['mclr', 0.0001, 'sala=2']
['alaska']
All jobs finished:
job: master          code: 0    runtime: 0:00:16.552359
job: grad_3_2        code: 0    runtime: 0:00:12.061725
job: grad_1_2        code: 0    runtime: 0:00:11.779899

Starting job execution
['gateway']
['seward']
['copy', '/project/lgagliardi/helenclifford/practice_rcc/sharc4/methaniminium/tutorial_reproduction/traj/Singlet_2/TRAJ_00006/restart/MOLCAS.1.JobIph.18', 'JOBOLD']
['rasscf', 1, 4, True, False]
['copy', 'MOLCAS.rasscf.h5', 'MOLCAS.1.rasscf.h5']
['copy', 'MOLCAS.JobIph', 'MOLCAS.1.JobIph']
['copy', '/project/lgagliardi/helenclifford/practice_rcc/sharc4/methaniminium/tutorial_reproduction/traj/Singlet_2/TRAJ_00006/restart/MOLCAS.3.JobIph.18', 'JOBOLD']
['rasscf', 3, 3, True, False]
['copy', 'MOLCAS.rasscf.h5', 'MOLCAS.3.rasscf.h5']
['copy', 'MOLCAS.JobIph', 'MOLCAS.3.JobIph']
['link', 'MOLCAS.1.JobIph', 'JOB001']
['rassi', 'dm', [4]]
['copy', 'MOLCAS.rassi.h5', 'MOLCAS.rassi.1.h5']
['link', 'MOLCAS.3.JobIph', 'JOB001']
['rassi', 'dm', [3]]
['copy', 'MOLCAS.rassi.h5', 'MOLCAS.rassi.3.h5']
['copy', '/project/lgagliardi/helenclifford/practice_rcc/sharc4/methaniminium/tutorial_reproduction/traj/Singlet_2/TRAJ_00006/restart/MOLCAS.1.JobIph.18', 'JOB001']
['link', 'MOLCAS.1.JobIph', 'JOB002']
['rassi', 'overlap', [4, 4]]
['copy', 'MOLCAS.rassi.h5', 'MOLCAS.rassi.ovlp.1.h5']
['copy', '/project/lgagliardi/helenclifford/practice_rcc/sharc4/methaniminium/tutorial_reproduction/traj/Singlet_2/TRAJ_00006/restart/MOLCAS.3.JobIph.18', 'JOB001']
['link', 'MOLCAS.3.JobIph', 'JOB002']
['rassi', 'overlap', [3, 3]]
['copy', 'MOLCAS.rassi.h5', 'MOLCAS.rassi.ovlp.3.h5']
['link', 'MOLCAS.1.JobIph', 'JOB001']
['link', 'MOLCAS.3.JobIph', 'JOB002']
['rassi', 'soc', [4, 3]]
['copy', '$master_path/MOLCAS.3.JobIph', 'JOBOLD']
['rasscf', 3, 3, True, False]
['mclr', 0.0001, 'sala=2']
['alaska']
['copy', '$master_path/MOLCAS.1.JobIph', 'JOBOLD']
['rasscf', 1, 4, True, False]
['mclr', 0.0001, 'sala=2']
['alaska']
All jobs finished:
job: master          code: 0    runtime: 0:00:20.128613
job: grad_3_2        code: 0    runtime: 0:00:13.598832
job: grad_1_2        code: 0    runtime: 0:00:11.057983

Starting job execution
['gateway']
['seward']
['copy', '/project/lgagliardi/helenclifford/practice_rcc/sharc4/methaniminium/tutorial_reproduction/traj/Singlet_2/TRAJ_00006/restart/MOLCAS.1.JobIph.19', 'JOBOLD']
['rasscf', 1, 4, True, False]
['copy', 'MOLCAS.rasscf.h5', 'MOLCAS.1.rasscf.h5']
['copy', 'MOLCAS.JobIph', 'MOLCAS.1.JobIph']
['copy', '/project/lgagliardi/helenclifford/practice_rcc/sharc4/methaniminium/tutorial_reproduction/traj/Singlet_2/TRAJ_00006/restart/MOLCAS.3.JobIph.19', 'JOBOLD']
['rasscf', 3, 3, True, False]
['copy', 'MOLCAS.rasscf.h5', 'MOLCAS.3.rasscf.h5']
['copy', 'MOLCAS.JobIph', 'MOLCAS.3.JobIph']
['link', 'MOLCAS.1.JobIph', 'JOB001']
['rassi', 'dm', [4]]
['copy', 'MOLCAS.rassi.h5', 'MOLCAS.rassi.1.h5']
['link', 'MOLCAS.3.JobIph', 'JOB001']
['rassi', 'dm', [3]]
['copy', 'MOLCAS.rassi.h5', 'MOLCAS.rassi.3.h5']
['copy', '/project/lgagliardi/helenclifford/practice_rcc/sharc4/methaniminium/tutorial_reproduction/traj/Singlet_2/TRAJ_00006/restart/MOLCAS.1.JobIph.19', 'JOB001']
['link', 'MOLCAS.1.JobIph', 'JOB002']
['rassi', 'overlap', [4, 4]]
['copy', 'MOLCAS.rassi.h5', 'MOLCAS.rassi.ovlp.1.h5']
['copy', '/project/lgagliardi/helenclifford/practice_rcc/sharc4/methaniminium/tutorial_reproduction/traj/Singlet_2/TRAJ_00006/restart/MOLCAS.3.JobIph.19', 'JOB001']
['link', 'MOLCAS.3.JobIph', 'JOB002']
['rassi', 'overlap', [3, 3]]
['copy', 'MOLCAS.rassi.h5', 'MOLCAS.rassi.ovlp.3.h5']
['link', 'MOLCAS.1.JobIph', 'JOB001']
['link', 'MOLCAS.3.JobIph', 'JOB002']
['rassi', 'soc', [4, 3]]
['copy', '$master_path/MOLCAS.3.JobIph', 'JOBOLD']
['rasscf', 3, 3, True, False]
['mclr', 0.0001, 'sala=2']
['alaska']
['copy', '$master_path/MOLCAS.1.JobIph', 'JOBOLD']
['rasscf', 1, 4, True, False]
['mclr', 0.0001, 'sala=2']
['alaska']
All jobs finished:
job: master          code: 0    runtime: 0:00:22.614296
job: grad_3_2        code: 0    runtime: 0:00:09.341041
job: grad_1_2        code: 0    runtime: 0:00:10.446852

Starting job execution
['gateway']
['seward']
['copy', '/project/lgagliardi/helenclifford/practice_rcc/sharc4/methaniminium/tutorial_reproduction/traj/Singlet_2/TRAJ_00006/restart/MOLCAS.1.JobIph.20', 'JOBOLD']
['rasscf', 1, 4, True, False]
['copy', 'MOLCAS.rasscf.h5', 'MOLCAS.1.rasscf.h5']
['copy', 'MOLCAS.JobIph', 'MOLCAS.1.JobIph']
['copy', '/project/lgagliardi/helenclifford/practice_rcc/sharc4/methaniminium/tutorial_reproduction/traj/Singlet_2/TRAJ_00006/restart/MOLCAS.3.JobIph.20', 'JOBOLD']
['rasscf', 3, 3, True, False]
['copy', 'MOLCAS.rasscf.h5', 'MOLCAS.3.rasscf.h5']
['copy', 'MOLCAS.JobIph', 'MOLCAS.3.JobIph']
['link', 'MOLCAS.1.JobIph', 'JOB001']
['rassi', 'dm', [4]]
['copy', 'MOLCAS.rassi.h5', 'MOLCAS.rassi.1.h5']
['link', 'MOLCAS.3.JobIph', 'JOB001']
['rassi', 'dm', [3]]
['copy', 'MOLCAS.rassi.h5', 'MOLCAS.rassi.3.h5']
['copy', '/project/lgagliardi/helenclifford/practice_rcc/sharc4/methaniminium/tutorial_reproduction/traj/Singlet_2/TRAJ_00006/restart/MOLCAS.1.JobIph.20', 'JOB001']
['link', 'MOLCAS.1.JobIph', 'JOB002']
['rassi', 'overlap', [4, 4]]
['copy', 'MOLCAS.rassi.h5', 'MOLCAS.rassi.ovlp.1.h5']
['copy', '/project/lgagliardi/helenclifford/practice_rcc/sharc4/methaniminium/tutorial_reproduction/traj/Singlet_2/TRAJ_00006/restart/MOLCAS.3.JobIph.20', 'JOB001']
['link', 'MOLCAS.3.JobIph', 'JOB002']
['rassi', 'overlap', [3, 3]]
['copy', 'MOLCAS.rassi.h5', 'MOLCAS.rassi.ovlp.3.h5']
['link', 'MOLCAS.1.JobIph', 'JOB001']
['link', 'MOLCAS.3.JobIph', 'JOB002']
['rassi', 'soc', [4, 3]]
['copy', '$master_path/MOLCAS.3.JobIph', 'JOBOLD']
['rasscf', 3, 3, True, False]
['mclr', 0.0001, 'sala=2']
['alaska']
['copy', '$master_path/MOLCAS.1.JobIph', 'JOBOLD']
['rasscf', 1, 4, True, False]
['mclr', 0.0001, 'sala=2']
['alaska']
All jobs finished:
job: master          code: 0    runtime: 0:00:28.151263
job: grad_3_2        code: 0    runtime: 0:00:07.814848
job: grad_1_2        code: 0    runtime: 0:00:10.931882

Starting job execution
['gateway']
['seward']
['copy', '/project/lgagliardi/helenclifford/practice_rcc/sharc4/methaniminium/tutorial_reproduction/traj/Singlet_2/TRAJ_00006/restart/MOLCAS.1.JobIph.21', 'JOBOLD']
['rasscf', 1, 4, True, False]
['copy', 'MOLCAS.rasscf.h5', 'MOLCAS.1.rasscf.h5']
['copy', 'MOLCAS.JobIph', 'MOLCAS.1.JobIph']
['copy', '/project/lgagliardi/helenclifford/practice_rcc/sharc4/methaniminium/tutorial_reproduction/traj/Singlet_2/TRAJ_00006/restart/MOLCAS.3.JobIph.21', 'JOBOLD']
['rasscf', 3, 3, True, False]
['copy', 'MOLCAS.rasscf.h5', 'MOLCAS.3.rasscf.h5']
['copy', 'MOLCAS.JobIph', 'MOLCAS.3.JobIph']
['link', 'MOLCAS.1.JobIph', 'JOB001']
['rassi', 'dm', [4]]
['copy', 'MOLCAS.rassi.h5', 'MOLCAS.rassi.1.h5']
['link', 'MOLCAS.3.JobIph', 'JOB001']
['rassi', 'dm', [3]]
['copy', 'MOLCAS.rassi.h5', 'MOLCAS.rassi.3.h5']
['copy', '/project/lgagliardi/helenclifford/practice_rcc/sharc4/methaniminium/tutorial_reproduction/traj/Singlet_2/TRAJ_00006/restart/MOLCAS.1.JobIph.21', 'JOB001']
['link', 'MOLCAS.1.JobIph', 'JOB002']
['rassi', 'overlap', [4, 4]]
['copy', 'MOLCAS.rassi.h5', 'MOLCAS.rassi.ovlp.1.h5']
['copy', '/project/lgagliardi/helenclifford/practice_rcc/sharc4/methaniminium/tutorial_reproduction/traj/Singlet_2/TRAJ_00006/restart/MOLCAS.3.JobIph.21', 'JOB001']
['link', 'MOLCAS.3.JobIph', 'JOB002']
['rassi', 'overlap', [3, 3]]
['copy', 'MOLCAS.rassi.h5', 'MOLCAS.rassi.ovlp.3.h5']
['link', 'MOLCAS.1.JobIph', 'JOB001']
['link', 'MOLCAS.3.JobIph', 'JOB002']
['rassi', 'soc', [4, 3]]
['copy', '$master_path/MOLCAS.1.JobIph', 'JOBOLD']
['rasscf', 1, 4, True, False]
['mclr', 0.0001, 'sala=2']
['alaska']
All jobs finished:
job: master          code: 0    runtime: 0:00:16.202387
job: grad_1_2        code: 0    runtime: 0:00:12.751234

Starting job execution
['gateway']
['seward']
['copy', '/project/lgagliardi/helenclifford/practice_rcc/sharc4/methaniminium/tutorial_reproduction/traj/Singlet_2/TRAJ_00006/restart/MOLCAS.1.JobIph.22', 'JOBOLD']
['rasscf', 1, 4, True, False]
['copy', 'MOLCAS.rasscf.h5', 'MOLCAS.1.rasscf.h5']
['copy', 'MOLCAS.JobIph', 'MOLCAS.1.JobIph']
['copy', '/project/lgagliardi/helenclifford/practice_rcc/sharc4/methaniminium/tutorial_reproduction/traj/Singlet_2/TRAJ_00006/restart/MOLCAS.3.JobIph.22', 'JOBOLD']
['rasscf', 3, 3, True, False]
['copy', 'MOLCAS.rasscf.h5', 'MOLCAS.3.rasscf.h5']
['copy', 'MOLCAS.JobIph', 'MOLCAS.3.JobIph']
['link', 'MOLCAS.1.JobIph', 'JOB001']
['rassi', 'dm', [4]]
['copy', 'MOLCAS.rassi.h5', 'MOLCAS.rassi.1.h5']
['link', 'MOLCAS.3.JobIph', 'JOB001']
['rassi', 'dm', [3]]
['copy', 'MOLCAS.rassi.h5', 'MOLCAS.rassi.3.h5']
['copy', '/project/lgagliardi/helenclifford/practice_rcc/sharc4/methaniminium/tutorial_reproduction/traj/Singlet_2/TRAJ_00006/restart/MOLCAS.1.JobIph.22', 'JOB001']
['link', 'MOLCAS.1.JobIph', 'JOB002']
['rassi', 'overlap', [4, 4]]
['copy', 'MOLCAS.rassi.h5', 'MOLCAS.rassi.ovlp.1.h5']
['copy', '/project/lgagliardi/helenclifford/practice_rcc/sharc4/methaniminium/tutorial_reproduction/traj/Singlet_2/TRAJ_00006/restart/MOLCAS.3.JobIph.22', 'JOB001']
['link', 'MOLCAS.3.JobIph', 'JOB002']
['rassi', 'overlap', [3, 3]]
['copy', 'MOLCAS.rassi.h5', 'MOLCAS.rassi.ovlp.3.h5']
['link', 'MOLCAS.1.JobIph', 'JOB001']
['link', 'MOLCAS.3.JobIph', 'JOB002']
['rassi', 'soc', [4, 3]]
['copy', '$master_path/MOLCAS.1.JobIph', 'JOBOLD']
['rasscf', 1, 4, True, False]
['mclr', 0.0001, 'sala=2']
['alaska']
All jobs finished:
job: master          code: 0    runtime: 0:00:24.201614
job: grad_1_2        code: 0    runtime: 0:00:10.728776

Starting job execution
['gateway']
['seward']
['copy', '/project/lgagliardi/helenclifford/practice_rcc/sharc4/methaniminium/tutorial_reproduction/traj/Singlet_2/TRAJ_00006/restart/MOLCAS.1.JobIph.23', 'JOBOLD']
['rasscf', 1, 4, True, False]
['copy', 'MOLCAS.rasscf.h5', 'MOLCAS.1.rasscf.h5']
['copy', 'MOLCAS.JobIph', 'MOLCAS.1.JobIph']
['copy', '/project/lgagliardi/helenclifford/practice_rcc/sharc4/methaniminium/tutorial_reproduction/traj/Singlet_2/TRAJ_00006/restart/MOLCAS.3.JobIph.23', 'JOBOLD']
['rasscf', 3, 3, True, False]
['copy', 'MOLCAS.rasscf.h5', 'MOLCAS.3.rasscf.h5']
['copy', 'MOLCAS.JobIph', 'MOLCAS.3.JobIph']
['link', 'MOLCAS.1.JobIph', 'JOB001']
['rassi', 'dm', [4]]
['copy', 'MOLCAS.rassi.h5', 'MOLCAS.rassi.1.h5']
['link', 'MOLCAS.3.JobIph', 'JOB001']
['rassi', 'dm', [3]]
['copy', 'MOLCAS.rassi.h5', 'MOLCAS.rassi.3.h5']
['copy', '/project/lgagliardi/helenclifford/practice_rcc/sharc4/methaniminium/tutorial_reproduction/traj/Singlet_2/TRAJ_00006/restart/MOLCAS.1.JobIph.23', 'JOB001']
['link', 'MOLCAS.1.JobIph', 'JOB002']
['rassi', 'overlap', [4, 4]]
['copy', 'MOLCAS.rassi.h5', 'MOLCAS.rassi.ovlp.1.h5']
['copy', '/project/lgagliardi/helenclifford/practice_rcc/sharc4/methaniminium/tutorial_reproduction/traj/Singlet_2/TRAJ_00006/restart/MOLCAS.3.JobIph.23', 'JOB001']
['link', 'MOLCAS.3.JobIph', 'JOB002']
['rassi', 'overlap', [3, 3]]
['copy', 'MOLCAS.rassi.h5', 'MOLCAS.rassi.ovlp.3.h5']
['link', 'MOLCAS.1.JobIph', 'JOB001']
['link', 'MOLCAS.3.JobIph', 'JOB002']
['rassi', 'soc', [4, 3]]
['copy', '$master_path/MOLCAS.1.JobIph', 'JOBOLD']
['rasscf', 1, 4, True, False]
['mclr', 0.0001, 'sala=2']
['alaska']
All jobs finished:
job: master          code: 0    runtime: 0:00:21.908050
job: grad_1_2        code: 0    runtime: 0:00:11.748195

Starting job execution
['gateway']
['seward']
['copy', '/project/lgagliardi/helenclifford/practice_rcc/sharc4/methaniminium/tutorial_reproduction/traj/Singlet_2/TRAJ_00006/restart/MOLCAS.1.JobIph.24', 'JOBOLD']
['rasscf', 1, 4, True, False]
['copy', 'MOLCAS.rasscf.h5', 'MOLCAS.1.rasscf.h5']
['copy', 'MOLCAS.JobIph', 'MOLCAS.1.JobIph']
['copy', '/project/lgagliardi/helenclifford/practice_rcc/sharc4/methaniminium/tutorial_reproduction/traj/Singlet_2/TRAJ_00006/restart/MOLCAS.3.JobIph.24', 'JOBOLD']
['rasscf', 3, 3, True, False]
['copy', 'MOLCAS.rasscf.h5', 'MOLCAS.3.rasscf.h5']
['copy', 'MOLCAS.JobIph', 'MOLCAS.3.JobIph']
['link', 'MOLCAS.1.JobIph', 'JOB001']
['rassi', 'dm', [4]]
['copy', 'MOLCAS.rassi.h5', 'MOLCAS.rassi.1.h5']
['link', 'MOLCAS.3.JobIph', 'JOB001']
['rassi', 'dm', [3]]
['copy', 'MOLCAS.rassi.h5', 'MOLCAS.rassi.3.h5']
['copy', '/project/lgagliardi/helenclifford/practice_rcc/sharc4/methaniminium/tutorial_reproduction/traj/Singlet_2/TRAJ_00006/restart/MOLCAS.1.JobIph.24', 'JOB001']
['link', 'MOLCAS.1.JobIph', 'JOB002']
['rassi', 'overlap', [4, 4]]
['copy', 'MOLCAS.rassi.h5', 'MOLCAS.rassi.ovlp.1.h5']
['copy', '/project/lgagliardi/helenclifford/practice_rcc/sharc4/methaniminium/tutorial_reproduction/traj/Singlet_2/TRAJ_00006/restart/MOLCAS.3.JobIph.24', 'JOB001']
['link', 'MOLCAS.3.JobIph', 'JOB002']
['rassi', 'overlap', [3, 3]]
['copy', 'MOLCAS.rassi.h5', 'MOLCAS.rassi.ovlp.3.h5']
['link', 'MOLCAS.1.JobIph', 'JOB001']
['link', 'MOLCAS.3.JobIph', 'JOB002']
['rassi', 'soc', [4, 3]]
['copy', '$master_path/MOLCAS.1.JobIph', 'JOBOLD']
['rasscf', 1, 4, True, False]
['mclr', 0.0001, 'sala=2']
['alaska']
All jobs finished:
job: master          code: 0    runtime: 0:00:17.018584
job: grad_1_2        code: 0    runtime: 0:00:13.595374

Starting job execution
['gateway']
['seward']
['copy', '/project/lgagliardi/helenclifford/practice_rcc/sharc4/methaniminium/tutorial_reproduction/traj/Singlet_2/TRAJ_00006/restart/MOLCAS.1.JobIph.25', 'JOBOLD']
['rasscf', 1, 4, True, False]
['copy', 'MOLCAS.rasscf.h5', 'MOLCAS.1.rasscf.h5']
['copy', 'MOLCAS.JobIph', 'MOLCAS.1.JobIph']
['copy', '/project/lgagliardi/helenclifford/practice_rcc/sharc4/methaniminium/tutorial_reproduction/traj/Singlet_2/TRAJ_00006/restart/MOLCAS.3.JobIph.25', 'JOBOLD']
['rasscf', 3, 3, True, False]
['copy', 'MOLCAS.rasscf.h5', 'MOLCAS.3.rasscf.h5']
['copy', 'MOLCAS.JobIph', 'MOLCAS.3.JobIph']
['link', 'MOLCAS.1.JobIph', 'JOB001']
['rassi', 'dm', [4]]
['copy', 'MOLCAS.rassi.h5', 'MOLCAS.rassi.1.h5']
['link', 'MOLCAS.3.JobIph', 'JOB001']
['rassi', 'dm', [3]]
['copy', 'MOLCAS.rassi.h5', 'MOLCAS.rassi.3.h5']
['copy', '/project/lgagliardi/helenclifford/practice_rcc/sharc4/methaniminium/tutorial_reproduction/traj/Singlet_2/TRAJ_00006/restart/MOLCAS.1.JobIph.25', 'JOB001']
['link', 'MOLCAS.1.JobIph', 'JOB002']
['rassi', 'overlap', [4, 4]]
['copy', 'MOLCAS.rassi.h5', 'MOLCAS.rassi.ovlp.1.h5']
['copy', '/project/lgagliardi/helenclifford/practice_rcc/sharc4/methaniminium/tutorial_reproduction/traj/Singlet_2/TRAJ_00006/restart/MOLCAS.3.JobIph.25', 'JOB001']
['link', 'MOLCAS.3.JobIph', 'JOB002']
['rassi', 'overlap', [3, 3]]
['copy', 'MOLCAS.rassi.h5', 'MOLCAS.rassi.ovlp.3.h5']
['link', 'MOLCAS.1.JobIph', 'JOB001']
['link', 'MOLCAS.3.JobIph', 'JOB002']
['rassi', 'soc', [4, 3]]
['copy', '$master_path/MOLCAS.1.JobIph', 'JOBOLD']
['rasscf', 1, 4, True, False]
['mclr', 0.0001, 'sala=2']
['alaska']
All jobs finished:
job: master          code: 0    runtime: 0:00:22.851081
job: grad_1_2        code: 0    runtime: 0:00:11.734785

Starting job execution
['gateway']
['seward']
['copy', '/project/lgagliardi/helenclifford/practice_rcc/sharc4/methaniminium/tutorial_reproduction/traj/Singlet_2/TRAJ_00006/restart/MOLCAS.1.JobIph.26', 'JOBOLD']
['rasscf', 1, 4, True, False]
['copy', 'MOLCAS.rasscf.h5', 'MOLCAS.1.rasscf.h5']
['copy', 'MOLCAS.JobIph', 'MOLCAS.1.JobIph']
['copy', '/project/lgagliardi/helenclifford/practice_rcc/sharc4/methaniminium/tutorial_reproduction/traj/Singlet_2/TRAJ_00006/restart/MOLCAS.3.JobIph.26', 'JOBOLD']
['rasscf', 3, 3, True, False]
['copy', 'MOLCAS.rasscf.h5', 'MOLCAS.3.rasscf.h5']
['copy', 'MOLCAS.JobIph', 'MOLCAS.3.JobIph']
['link', 'MOLCAS.1.JobIph', 'JOB001']
['rassi', 'dm', [4]]
['copy', 'MOLCAS.rassi.h5', 'MOLCAS.rassi.1.h5']
['link', 'MOLCAS.3.JobIph', 'JOB001']
['rassi', 'dm', [3]]
['copy', 'MOLCAS.rassi.h5', 'MOLCAS.rassi.3.h5']
['copy', '/project/lgagliardi/helenclifford/practice_rcc/sharc4/methaniminium/tutorial_reproduction/traj/Singlet_2/TRAJ_00006/restart/MOLCAS.1.JobIph.26', 'JOB001']
['link', 'MOLCAS.1.JobIph', 'JOB002']
['rassi', 'overlap', [4, 4]]
['copy', 'MOLCAS.rassi.h5', 'MOLCAS.rassi.ovlp.1.h5']
['copy', '/project/lgagliardi/helenclifford/practice_rcc/sharc4/methaniminium/tutorial_reproduction/traj/Singlet_2/TRAJ_00006/restart/MOLCAS.3.JobIph.26', 'JOB001']
['link', 'MOLCAS.3.JobIph', 'JOB002']
['rassi', 'overlap', [3, 3]]
['copy', 'MOLCAS.rassi.h5', 'MOLCAS.rassi.ovlp.3.h5']
['link', 'MOLCAS.1.JobIph', 'JOB001']
['link', 'MOLCAS.3.JobIph', 'JOB002']
['rassi', 'soc', [4, 3]]
['copy', '$master_path/MOLCAS.1.JobIph', 'JOBOLD']
['rasscf', 1, 4, True, False]
['mclr', 0.0001, 'sala=2']
['alaska']
All jobs finished:
job: master          code: 0    runtime: 0:00:18.296560
job: grad_1_2        code: 0    runtime: 0:00:09.196377

Starting job execution
['gateway']
['seward']
['copy', '/project/lgagliardi/helenclifford/practice_rcc/sharc4/methaniminium/tutorial_reproduction/traj/Singlet_2/TRAJ_00006/restart/MOLCAS.1.JobIph.27', 'JOBOLD']
['rasscf', 1, 4, True, False]
['copy', 'MOLCAS.rasscf.h5', 'MOLCAS.1.rasscf.h5']
['copy', 'MOLCAS.JobIph', 'MOLCAS.1.JobIph']
['copy', '/project/lgagliardi/helenclifford/practice_rcc/sharc4/methaniminium/tutorial_reproduction/traj/Singlet_2/TRAJ_00006/restart/MOLCAS.3.JobIph.27', 'JOBOLD']
['rasscf', 3, 3, True, False]
['copy', 'MOLCAS.rasscf.h5', 'MOLCAS.3.rasscf.h5']
['copy', 'MOLCAS.JobIph', 'MOLCAS.3.JobIph']
['link', 'MOLCAS.1.JobIph', 'JOB001']
['rassi', 'dm', [4]]
['copy', 'MOLCAS.rassi.h5', 'MOLCAS.rassi.1.h5']
['link', 'MOLCAS.3.JobIph', 'JOB001']
['rassi', 'dm', [3]]
['copy', 'MOLCAS.rassi.h5', 'MOLCAS.rassi.3.h5']
['copy', '/project/lgagliardi/helenclifford/practice_rcc/sharc4/methaniminium/tutorial_reproduction/traj/Singlet_2/TRAJ_00006/restart/MOLCAS.1.JobIph.27', 'JOB001']
['link', 'MOLCAS.1.JobIph', 'JOB002']
['rassi', 'overlap', [4, 4]]
['copy', 'MOLCAS.rassi.h5', 'MOLCAS.rassi.ovlp.1.h5']
['copy', '/project/lgagliardi/helenclifford/practice_rcc/sharc4/methaniminium/tutorial_reproduction/traj/Singlet_2/TRAJ_00006/restart/MOLCAS.3.JobIph.27', 'JOB001']
['link', 'MOLCAS.3.JobIph', 'JOB002']
['rassi', 'overlap', [3, 3]]
['copy', 'MOLCAS.rassi.h5', 'MOLCAS.rassi.ovlp.3.h5']
['link', 'MOLCAS.1.JobIph', 'JOB001']
['link', 'MOLCAS.3.JobIph', 'JOB002']
['rassi', 'soc', [4, 3]]
['copy', '$master_path/MOLCAS.1.JobIph', 'JOBOLD']
['rasscf', 1, 4, True, False]
['mclr', 0.0001, 'sala=2']
['alaska']
All jobs finished:
job: master          code: 0    runtime: 0:00:29.207918
job: grad_1_2        code: 0    runtime: 0:00:02.819508

Starting job execution
['gateway']
['seward']
['copy', '/project/lgagliardi/helenclifford/practice_rcc/sharc4/methaniminium/tutorial_reproduction/traj/Singlet_2/TRAJ_00006/restart/MOLCAS.1.JobIph.28', 'JOBOLD']
['rasscf', 1, 4, True, False]
['copy', 'MOLCAS.rasscf.h5', 'MOLCAS.1.rasscf.h5']
['copy', 'MOLCAS.JobIph', 'MOLCAS.1.JobIph']
['copy', '/project/lgagliardi/helenclifford/practice_rcc/sharc4/methaniminium/tutorial_reproduction/traj/Singlet_2/TRAJ_00006/restart/MOLCAS.3.JobIph.28', 'JOBOLD']
['rasscf', 3, 3, True, False]
['copy', 'MOLCAS.rasscf.h5', 'MOLCAS.3.rasscf.h5']
['copy', 'MOLCAS.JobIph', 'MOLCAS.3.JobIph']
['link', 'MOLCAS.1.JobIph', 'JOB001']
['rassi', 'dm', [4]]
['copy', 'MOLCAS.rassi.h5', 'MOLCAS.rassi.1.h5']
['link', 'MOLCAS.3.JobIph', 'JOB001']
['rassi', 'dm', [3]]
['copy', 'MOLCAS.rassi.h5', 'MOLCAS.rassi.3.h5']
['copy', '/project/lgagliardi/helenclifford/practice_rcc/sharc4/methaniminium/tutorial_reproduction/traj/Singlet_2/TRAJ_00006/restart/MOLCAS.1.JobIph.28', 'JOB001']
['link', 'MOLCAS.1.JobIph', 'JOB002']
['rassi', 'overlap', [4, 4]]
['copy', 'MOLCAS.rassi.h5', 'MOLCAS.rassi.ovlp.1.h5']
['copy', '/project/lgagliardi/helenclifford/practice_rcc/sharc4/methaniminium/tutorial_reproduction/traj/Singlet_2/TRAJ_00006/restart/MOLCAS.3.JobIph.28', 'JOB001']
['link', 'MOLCAS.3.JobIph', 'JOB002']
['rassi', 'overlap', [3, 3]]
['copy', 'MOLCAS.rassi.h5', 'MOLCAS.rassi.ovlp.3.h5']
['link', 'MOLCAS.1.JobIph', 'JOB001']
['link', 'MOLCAS.3.JobIph', 'JOB002']
['rassi', 'soc', [4, 3]]
['copy', '$master_path/MOLCAS.1.JobIph', 'JOBOLD']
['rasscf', 1, 4, True, False]
['mclr', 0.0001, 'sala=2']
['alaska']
All jobs finished:
job: master          code: 0    runtime: 0:00:27.661145
job: grad_1_2        code: 0    runtime: 0:00:14.581717

Starting job execution
['gateway']
['seward']
['copy', '/project/lgagliardi/helenclifford/practice_rcc/sharc4/methaniminium/tutorial_reproduction/traj/Singlet_2/TRAJ_00006/restart/MOLCAS.1.JobIph.29', 'JOBOLD']
['rasscf', 1, 4, True, False]
['copy', 'MOLCAS.rasscf.h5', 'MOLCAS.1.rasscf.h5']
['copy', 'MOLCAS.JobIph', 'MOLCAS.1.JobIph']
['copy', '/project/lgagliardi/helenclifford/practice_rcc/sharc4/methaniminium/tutorial_reproduction/traj/Singlet_2/TRAJ_00006/restart/MOLCAS.3.JobIph.29', 'JOBOLD']
['rasscf', 3, 3, True, False]
['copy', 'MOLCAS.rasscf.h5', 'MOLCAS.3.rasscf.h5']
['copy', 'MOLCAS.JobIph', 'MOLCAS.3.JobIph']
['link', 'MOLCAS.1.JobIph', 'JOB001']
['rassi', 'dm', [4]]
['copy', 'MOLCAS.rassi.h5', 'MOLCAS.rassi.1.h5']
['link', 'MOLCAS.3.JobIph', 'JOB001']
['rassi', 'dm', [3]]
['copy', 'MOLCAS.rassi.h5', 'MOLCAS.rassi.3.h5']
['copy', '/project/lgagliardi/helenclifford/practice_rcc/sharc4/methaniminium/tutorial_reproduction/traj/Singlet_2/TRAJ_00006/restart/MOLCAS.1.JobIph.29', 'JOB001']
['link', 'MOLCAS.1.JobIph', 'JOB002']
['rassi', 'overlap', [4, 4]]
['copy', 'MOLCAS.rassi.h5', 'MOLCAS.rassi.ovlp.1.h5']
['copy', '/project/lgagliardi/helenclifford/practice_rcc/sharc4/methaniminium/tutorial_reproduction/traj/Singlet_2/TRAJ_00006/restart/MOLCAS.3.JobIph.29', 'JOB001']
['link', 'MOLCAS.3.JobIph', 'JOB002']
['rassi', 'overlap', [3, 3]]
['copy', 'MOLCAS.rassi.h5', 'MOLCAS.rassi.ovlp.3.h5']
['link', 'MOLCAS.1.JobIph', 'JOB001']
['link', 'MOLCAS.3.JobIph', 'JOB002']
['rassi', 'soc', [4, 3]]
['copy', '$master_path/MOLCAS.1.JobIph', 'JOBOLD']
['rasscf', 1, 4, True, False]
['mclr', 0.0001, 'sala=2']
['alaska']
All jobs finished:
job: master          code: 0    runtime: 0:00:21.877853
job: grad_1_2        code: 0    runtime: 0:00:15.983281

Starting job execution
['gateway']
['seward']
['copy', '/project/lgagliardi/helenclifford/practice_rcc/sharc4/methaniminium/tutorial_reproduction/traj/Singlet_2/TRAJ_00006/restart/MOLCAS.1.JobIph.30', 'JOBOLD']
['rasscf', 1, 4, True, False]
['copy', 'MOLCAS.rasscf.h5', 'MOLCAS.1.rasscf.h5']
['copy', 'MOLCAS.JobIph', 'MOLCAS.1.JobIph']
['copy', '/project/lgagliardi/helenclifford/practice_rcc/sharc4/methaniminium/tutorial_reproduction/traj/Singlet_2/TRAJ_00006/restart/MOLCAS.3.JobIph.30', 'JOBOLD']
['rasscf', 3, 3, True, False]
['copy', 'MOLCAS.rasscf.h5', 'MOLCAS.3.rasscf.h5']
['copy', 'MOLCAS.JobIph', 'MOLCAS.3.JobIph']
['link', 'MOLCAS.1.JobIph', 'JOB001']
['rassi', 'dm', [4]]
['copy', 'MOLCAS.rassi.h5', 'MOLCAS.rassi.1.h5']
['link', 'MOLCAS.3.JobIph', 'JOB001']
['rassi', 'dm', [3]]
['copy', 'MOLCAS.rassi.h5', 'MOLCAS.rassi.3.h5']
['copy', '/project/lgagliardi/helenclifford/practice_rcc/sharc4/methaniminium/tutorial_reproduction/traj/Singlet_2/TRAJ_00006/restart/MOLCAS.1.JobIph.30', 'JOB001']
['link', 'MOLCAS.1.JobIph', 'JOB002']
['rassi', 'overlap', [4, 4]]
['copy', 'MOLCAS.rassi.h5', 'MOLCAS.rassi.ovlp.1.h5']
['copy', '/project/lgagliardi/helenclifford/practice_rcc/sharc4/methaniminium/tutorial_reproduction/traj/Singlet_2/TRAJ_00006/restart/MOLCAS.3.JobIph.30', 'JOB001']
['link', 'MOLCAS.3.JobIph', 'JOB002']
['rassi', 'overlap', [3, 3]]
['copy', 'MOLCAS.rassi.h5', 'MOLCAS.rassi.ovlp.3.h5']
['link', 'MOLCAS.1.JobIph', 'JOB001']
['link', 'MOLCAS.3.JobIph', 'JOB002']
['rassi', 'soc', [4, 3]]
['copy', '$master_path/MOLCAS.1.JobIph', 'JOBOLD']
['rasscf', 1, 4, True, False]
['mclr', 0.0001, 'sala=2']
['alaska']
All jobs finished:
job: master          code: 0    runtime: 0:00:16.903400
job: grad_1_2        code: 0    runtime: 0:00:17.680259

Starting job execution
['gateway']
['seward']
['copy', '/project/lgagliardi/helenclifford/practice_rcc/sharc4/methaniminium/tutorial_reproduction/traj/Singlet_2/TRAJ_00006/restart/MOLCAS.1.JobIph.31', 'JOBOLD']
['rasscf', 1, 4, True, False]
['copy', 'MOLCAS.rasscf.h5', 'MOLCAS.1.rasscf.h5']
['copy', 'MOLCAS.JobIph', 'MOLCAS.1.JobIph']
['copy', '/project/lgagliardi/helenclifford/practice_rcc/sharc4/methaniminium/tutorial_reproduction/traj/Singlet_2/TRAJ_00006/restart/MOLCAS.3.JobIph.31', 'JOBOLD']
['rasscf', 3, 3, True, False]
['copy', 'MOLCAS.rasscf.h5', 'MOLCAS.3.rasscf.h5']
['copy', 'MOLCAS.JobIph', 'MOLCAS.3.JobIph']
['link', 'MOLCAS.1.JobIph', 'JOB001']
['rassi', 'dm', [4]]
['copy', 'MOLCAS.rassi.h5', 'MOLCAS.rassi.1.h5']
['link', 'MOLCAS.3.JobIph', 'JOB001']
['rassi', 'dm', [3]]
['copy', 'MOLCAS.rassi.h5', 'MOLCAS.rassi.3.h5']
['copy', '/project/lgagliardi/helenclifford/practice_rcc/sharc4/methaniminium/tutorial_reproduction/traj/Singlet_2/TRAJ_00006/restart/MOLCAS.1.JobIph.31', 'JOB001']
['link', 'MOLCAS.1.JobIph', 'JOB002']
['rassi', 'overlap', [4, 4]]
['copy', 'MOLCAS.rassi.h5', 'MOLCAS.rassi.ovlp.1.h5']
['copy', '/project/lgagliardi/helenclifford/practice_rcc/sharc4/methaniminium/tutorial_reproduction/traj/Singlet_2/TRAJ_00006/restart/MOLCAS.3.JobIph.31', 'JOB001']
['link', 'MOLCAS.3.JobIph', 'JOB002']
['rassi', 'overlap', [3, 3]]
['copy', 'MOLCAS.rassi.h5', 'MOLCAS.rassi.ovlp.3.h5']
['link', 'MOLCAS.1.JobIph', 'JOB001']
['link', 'MOLCAS.3.JobIph', 'JOB002']
['rassi', 'soc', [4, 3]]
['copy', '$master_path/MOLCAS.1.JobIph', 'JOBOLD']
['rasscf', 1, 4, True, False]
['mclr', 0.0001, 'sala=2']
['alaska']
All jobs finished:
job: master          code: 0    runtime: 0:00:21.794576
job: grad_1_2        code: 0    runtime: 0:00:09.981383

Starting job execution
['gateway']
['seward']
['copy', '/project/lgagliardi/helenclifford/practice_rcc/sharc4/methaniminium/tutorial_reproduction/traj/Singlet_2/TRAJ_00006/restart/MOLCAS.1.JobIph.32', 'JOBOLD']
['rasscf', 1, 4, True, False]
['copy', 'MOLCAS.rasscf.h5', 'MOLCAS.1.rasscf.h5']
['copy', 'MOLCAS.JobIph', 'MOLCAS.1.JobIph']
['copy', '/project/lgagliardi/helenclifford/practice_rcc/sharc4/methaniminium/tutorial_reproduction/traj/Singlet_2/TRAJ_00006/restart/MOLCAS.3.JobIph.32', 'JOBOLD']
['rasscf', 3, 3, True, False]
['copy', 'MOLCAS.rasscf.h5', 'MOLCAS.3.rasscf.h5']
['copy', 'MOLCAS.JobIph', 'MOLCAS.3.JobIph']
['link', 'MOLCAS.1.JobIph', 'JOB001']
['rassi', 'dm', [4]]
['copy', 'MOLCAS.rassi.h5', 'MOLCAS.rassi.1.h5']
['link', 'MOLCAS.3.JobIph', 'JOB001']
['rassi', 'dm', [3]]
['copy', 'MOLCAS.rassi.h5', 'MOLCAS.rassi.3.h5']
['copy', '/project/lgagliardi/helenclifford/practice_rcc/sharc4/methaniminium/tutorial_reproduction/traj/Singlet_2/TRAJ_00006/restart/MOLCAS.1.JobIph.32', 'JOB001']
['link', 'MOLCAS.1.JobIph', 'JOB002']
['rassi', 'overlap', [4, 4]]
['copy', 'MOLCAS.rassi.h5', 'MOLCAS.rassi.ovlp.1.h5']
['copy', '/project/lgagliardi/helenclifford/practice_rcc/sharc4/methaniminium/tutorial_reproduction/traj/Singlet_2/TRAJ_00006/restart/MOLCAS.3.JobIph.32', 'JOB001']
['link', 'MOLCAS.3.JobIph', 'JOB002']
['rassi', 'overlap', [3, 3]]
['copy', 'MOLCAS.rassi.h5', 'MOLCAS.rassi.ovlp.3.h5']
['link', 'MOLCAS.1.JobIph', 'JOB001']
['link', 'MOLCAS.3.JobIph', 'JOB002']
['rassi', 'soc', [4, 3]]
['copy', '$master_path/MOLCAS.1.JobIph', 'JOBOLD']
['rasscf', 1, 4, True, False]
['mclr', 0.0001, 'sala=2']
['alaska']
All jobs finished:
job: master          code: 0    runtime: 0:00:22.174490
job: grad_1_2        code: 0    runtime: 0:00:08.818825

Starting job execution
['gateway']
['seward']
['copy', '/project/lgagliardi/helenclifford/practice_rcc/sharc4/methaniminium/tutorial_reproduction/traj/Singlet_2/TRAJ_00006/restart/MOLCAS.1.JobIph.33', 'JOBOLD']
['rasscf', 1, 4, True, False]
['copy', 'MOLCAS.rasscf.h5', 'MOLCAS.1.rasscf.h5']
['copy', 'MOLCAS.JobIph', 'MOLCAS.1.JobIph']
['copy', '/project/lgagliardi/helenclifford/practice_rcc/sharc4/methaniminium/tutorial_reproduction/traj/Singlet_2/TRAJ_00006/restart/MOLCAS.3.JobIph.33', 'JOBOLD']
['rasscf', 3, 3, True, False]
['copy', 'MOLCAS.rasscf.h5', 'MOLCAS.3.rasscf.h5']
['copy', 'MOLCAS.JobIph', 'MOLCAS.3.JobIph']
['link', 'MOLCAS.1.JobIph', 'JOB001']
['rassi', 'dm', [4]]
['copy', 'MOLCAS.rassi.h5', 'MOLCAS.rassi.1.h5']
['link', 'MOLCAS.3.JobIph', 'JOB001']
['rassi', 'dm', [3]]
['copy', 'MOLCAS.rassi.h5', 'MOLCAS.rassi.3.h5']
['copy', '/project/lgagliardi/helenclifford/practice_rcc/sharc4/methaniminium/tutorial_reproduction/traj/Singlet_2/TRAJ_00006/restart/MOLCAS.1.JobIph.33', 'JOB001']
['link', 'MOLCAS.1.JobIph', 'JOB002']
['rassi', 'overlap', [4, 4]]
['copy', 'MOLCAS.rassi.h5', 'MOLCAS.rassi.ovlp.1.h5']
['copy', '/project/lgagliardi/helenclifford/practice_rcc/sharc4/methaniminium/tutorial_reproduction/traj/Singlet_2/TRAJ_00006/restart/MOLCAS.3.JobIph.33', 'JOB001']
['link', 'MOLCAS.3.JobIph', 'JOB002']
['rassi', 'overlap', [3, 3]]
['copy', 'MOLCAS.rassi.h5', 'MOLCAS.rassi.ovlp.3.h5']
['link', 'MOLCAS.1.JobIph', 'JOB001']
['link', 'MOLCAS.3.JobIph', 'JOB002']
['rassi', 'soc', [4, 3]]
['copy', '$master_path/MOLCAS.1.JobIph', 'JOBOLD']
['rasscf', 1, 4, True, False]
['mclr', 0.0001, 'sala=2']
['alaska']
All jobs finished:
job: master          code: 0    runtime: 0:00:22.637373
job: grad_1_2        code: 0    runtime: 0:00:10.349922

Starting job execution
['gateway']
['seward']
['copy', '/project/lgagliardi/helenclifford/practice_rcc/sharc4/methaniminium/tutorial_reproduction/traj/Singlet_2/TRAJ_00006/restart/MOLCAS.1.JobIph.34', 'JOBOLD']
['rasscf', 1, 4, True, False]
['copy', 'MOLCAS.rasscf.h5', 'MOLCAS.1.rasscf.h5']
['copy', 'MOLCAS.JobIph', 'MOLCAS.1.JobIph']
['copy', '/project/lgagliardi/helenclifford/practice_rcc/sharc4/methaniminium/tutorial_reproduction/traj/Singlet_2/TRAJ_00006/restart/MOLCAS.3.JobIph.34', 'JOBOLD']
['rasscf', 3, 3, True, False]
['copy', 'MOLCAS.rasscf.h5', 'MOLCAS.3.rasscf.h5']
['copy', 'MOLCAS.JobIph', 'MOLCAS.3.JobIph']
['link', 'MOLCAS.1.JobIph', 'JOB001']
['rassi', 'dm', [4]]
['copy', 'MOLCAS.rassi.h5', 'MOLCAS.rassi.1.h5']
['link', 'MOLCAS.3.JobIph', 'JOB001']
['rassi', 'dm', [3]]
['copy', 'MOLCAS.rassi.h5', 'MOLCAS.rassi.3.h5']
['copy', '/project/lgagliardi/helenclifford/practice_rcc/sharc4/methaniminium/tutorial_reproduction/traj/Singlet_2/TRAJ_00006/restart/MOLCAS.1.JobIph.34', 'JOB001']
['link', 'MOLCAS.1.JobIph', 'JOB002']
['rassi', 'overlap', [4, 4]]
['copy', 'MOLCAS.rassi.h5', 'MOLCAS.rassi.ovlp.1.h5']
['copy', '/project/lgagliardi/helenclifford/practice_rcc/sharc4/methaniminium/tutorial_reproduction/traj/Singlet_2/TRAJ_00006/restart/MOLCAS.3.JobIph.34', 'JOB001']
['link', 'MOLCAS.3.JobIph', 'JOB002']
['rassi', 'overlap', [3, 3]]
['copy', 'MOLCAS.rassi.h5', 'MOLCAS.rassi.ovlp.3.h5']
['link', 'MOLCAS.1.JobIph', 'JOB001']
['link', 'MOLCAS.3.JobIph', 'JOB002']
['rassi', 'soc', [4, 3]]
['copy', '$master_path/MOLCAS.1.JobIph', 'JOBOLD']
['rasscf', 1, 4, True, False]
['mclr', 0.0001, 'sala=2']
['alaska']
All jobs finished:
job: master          code: 0    runtime: 0:00:20.101823
job: grad_1_2        code: 0    runtime: 0:00:11.112124

Starting job execution
['gateway']
['seward']
['copy', '/project/lgagliardi/helenclifford/practice_rcc/sharc4/methaniminium/tutorial_reproduction/traj/Singlet_2/TRAJ_00006/restart/MOLCAS.1.JobIph.35', 'JOBOLD']
['rasscf', 1, 4, True, False]
['copy', 'MOLCAS.rasscf.h5', 'MOLCAS.1.rasscf.h5']
['copy', 'MOLCAS.JobIph', 'MOLCAS.1.JobIph']
['copy', '/project/lgagliardi/helenclifford/practice_rcc/sharc4/methaniminium/tutorial_reproduction/traj/Singlet_2/TRAJ_00006/restart/MOLCAS.3.JobIph.35', 'JOBOLD']
['rasscf', 3, 3, True, False]
['copy', 'MOLCAS.rasscf.h5', 'MOLCAS.3.rasscf.h5']
['copy', 'MOLCAS.JobIph', 'MOLCAS.3.JobIph']
['link', 'MOLCAS.1.JobIph', 'JOB001']
['rassi', 'dm', [4]]
['copy', 'MOLCAS.rassi.h5', 'MOLCAS.rassi.1.h5']
['link', 'MOLCAS.3.JobIph', 'JOB001']
['rassi', 'dm', [3]]
['copy', 'MOLCAS.rassi.h5', 'MOLCAS.rassi.3.h5']
['copy', '/project/lgagliardi/helenclifford/practice_rcc/sharc4/methaniminium/tutorial_reproduction/traj/Singlet_2/TRAJ_00006/restart/MOLCAS.1.JobIph.35', 'JOB001']
['link', 'MOLCAS.1.JobIph', 'JOB002']
['rassi', 'overlap', [4, 4]]
['copy', 'MOLCAS.rassi.h5', 'MOLCAS.rassi.ovlp.1.h5']
['copy', '/project/lgagliardi/helenclifford/practice_rcc/sharc4/methaniminium/tutorial_reproduction/traj/Singlet_2/TRAJ_00006/restart/MOLCAS.3.JobIph.35', 'JOB001']
['link', 'MOLCAS.3.JobIph', 'JOB002']
['rassi', 'overlap', [3, 3]]
['copy', 'MOLCAS.rassi.h5', 'MOLCAS.rassi.ovlp.3.h5']
['link', 'MOLCAS.1.JobIph', 'JOB001']
['link', 'MOLCAS.3.JobIph', 'JOB002']
['rassi', 'soc', [4, 3]]
['copy', '$master_path/MOLCAS.1.JobIph', 'JOBOLD']
['rasscf', 1, 4, True, False]
['mclr', 0.0001, 'sala=2']
['alaska']
All jobs finished:
job: master          code: 0    runtime: 0:00:18.635120
job: grad_1_2        code: 0    runtime: 0:00:02.589275

Starting job execution
['gateway']
['seward']
['copy', '/project/lgagliardi/helenclifford/practice_rcc/sharc4/methaniminium/tutorial_reproduction/traj/Singlet_2/TRAJ_00006/restart/MOLCAS.1.JobIph.36', 'JOBOLD']
['rasscf', 1, 4, True, False]
['copy', 'MOLCAS.rasscf.h5', 'MOLCAS.1.rasscf.h5']
['copy', 'MOLCAS.JobIph', 'MOLCAS.1.JobIph']
['copy', '/project/lgagliardi/helenclifford/practice_rcc/sharc4/methaniminium/tutorial_reproduction/traj/Singlet_2/TRAJ_00006/restart/MOLCAS.3.JobIph.36', 'JOBOLD']
['rasscf', 3, 3, True, False]
['copy', 'MOLCAS.rasscf.h5', 'MOLCAS.3.rasscf.h5']
['copy', 'MOLCAS.JobIph', 'MOLCAS.3.JobIph']
['link', 'MOLCAS.1.JobIph', 'JOB001']
['rassi', 'dm', [4]]
['copy', 'MOLCAS.rassi.h5', 'MOLCAS.rassi.1.h5']
['link', 'MOLCAS.3.JobIph', 'JOB001']
['rassi', 'dm', [3]]
['copy', 'MOLCAS.rassi.h5', 'MOLCAS.rassi.3.h5']
['copy', '/project/lgagliardi/helenclifford/practice_rcc/sharc4/methaniminium/tutorial_reproduction/traj/Singlet_2/TRAJ_00006/restart/MOLCAS.1.JobIph.36', 'JOB001']
['link', 'MOLCAS.1.JobIph', 'JOB002']
['rassi', 'overlap', [4, 4]]
['copy', 'MOLCAS.rassi.h5', 'MOLCAS.rassi.ovlp.1.h5']
['copy', '/project/lgagliardi/helenclifford/practice_rcc/sharc4/methaniminium/tutorial_reproduction/traj/Singlet_2/TRAJ_00006/restart/MOLCAS.3.JobIph.36', 'JOB001']
['link', 'MOLCAS.3.JobIph', 'JOB002']
['rassi', 'overlap', [3, 3]]
['copy', 'MOLCAS.rassi.h5', 'MOLCAS.rassi.ovlp.3.h5']
['link', 'MOLCAS.1.JobIph', 'JOB001']
['link', 'MOLCAS.3.JobIph', 'JOB002']
['rassi', 'soc', [4, 3]]
['copy', '$master_path/MOLCAS.1.JobIph', 'JOBOLD']
['rasscf', 1, 4, True, False]
['mclr', 0.0001, 'sala=2']
['alaska']
All jobs finished:
job: master          code: 0    runtime: 0:00:14.916930
job: grad_1_2        code: 0    runtime: 0:00:13.148848

Starting job execution
['gateway']
['seward']
['copy', '/project/lgagliardi/helenclifford/practice_rcc/sharc4/methaniminium/tutorial_reproduction/traj/Singlet_2/TRAJ_00006/restart/MOLCAS.1.JobIph.37', 'JOBOLD']
['rasscf', 1, 4, True, False]
['copy', 'MOLCAS.rasscf.h5', 'MOLCAS.1.rasscf.h5']
['copy', 'MOLCAS.JobIph', 'MOLCAS.1.JobIph']
['copy', '/project/lgagliardi/helenclifford/practice_rcc/sharc4/methaniminium/tutorial_reproduction/traj/Singlet_2/TRAJ_00006/restart/MOLCAS.3.JobIph.37', 'JOBOLD']
['rasscf', 3, 3, True, False]
['copy', 'MOLCAS.rasscf.h5', 'MOLCAS.3.rasscf.h5']
['copy', 'MOLCAS.JobIph', 'MOLCAS.3.JobIph']
['link', 'MOLCAS.1.JobIph', 'JOB001']
['rassi', 'dm', [4]]
['copy', 'MOLCAS.rassi.h5', 'MOLCAS.rassi.1.h5']
['link', 'MOLCAS.3.JobIph', 'JOB001']
['rassi', 'dm', [3]]
['copy', 'MOLCAS.rassi.h5', 'MOLCAS.rassi.3.h5']
['copy', '/project/lgagliardi/helenclifford/practice_rcc/sharc4/methaniminium/tutorial_reproduction/traj/Singlet_2/TRAJ_00006/restart/MOLCAS.1.JobIph.37', 'JOB001']
['link', 'MOLCAS.1.JobIph', 'JOB002']
['rassi', 'overlap', [4, 4]]
['copy', 'MOLCAS.rassi.h5', 'MOLCAS.rassi.ovlp.1.h5']
['copy', '/project/lgagliardi/helenclifford/practice_rcc/sharc4/methaniminium/tutorial_reproduction/traj/Singlet_2/TRAJ_00006/restart/MOLCAS.3.JobIph.37', 'JOB001']
['link', 'MOLCAS.3.JobIph', 'JOB002']
['rassi', 'overlap', [3, 3]]
['copy', 'MOLCAS.rassi.h5', 'MOLCAS.rassi.ovlp.3.h5']
['link', 'MOLCAS.1.JobIph', 'JOB001']
['link', 'MOLCAS.3.JobIph', 'JOB002']
['rassi', 'soc', [4, 3]]
['copy', '$master_path/MOLCAS.1.JobIph', 'JOBOLD']
['rasscf', 1, 4, True, False]
['mclr', 0.0001, 'sala=2']
['alaska']
All jobs finished:
job: master          code: 0    runtime: 0:00:28.660657
job: grad_1_2        code: 0    runtime: 0:00:12.773114

Starting job execution
['gateway']
['seward']
['copy', '/project/lgagliardi/helenclifford/practice_rcc/sharc4/methaniminium/tutorial_reproduction/traj/Singlet_2/TRAJ_00006/restart/MOLCAS.1.JobIph.38', 'JOBOLD']
['rasscf', 1, 4, True, False]
['copy', 'MOLCAS.rasscf.h5', 'MOLCAS.1.rasscf.h5']
['copy', 'MOLCAS.JobIph', 'MOLCAS.1.JobIph']
['copy', '/project/lgagliardi/helenclifford/practice_rcc/sharc4/methaniminium/tutorial_reproduction/traj/Singlet_2/TRAJ_00006/restart/MOLCAS.3.JobIph.38', 'JOBOLD']
['rasscf', 3, 3, True, False]
['copy', 'MOLCAS.rasscf.h5', 'MOLCAS.3.rasscf.h5']
['copy', 'MOLCAS.JobIph', 'MOLCAS.3.JobIph']
['link', 'MOLCAS.1.JobIph', 'JOB001']
['rassi', 'dm', [4]]
['copy', 'MOLCAS.rassi.h5', 'MOLCAS.rassi.1.h5']
['link', 'MOLCAS.3.JobIph', 'JOB001']
['rassi', 'dm', [3]]
['copy', 'MOLCAS.rassi.h5', 'MOLCAS.rassi.3.h5']
['copy', '/project/lgagliardi/helenclifford/practice_rcc/sharc4/methaniminium/tutorial_reproduction/traj/Singlet_2/TRAJ_00006/restart/MOLCAS.1.JobIph.38', 'JOB001']
['link', 'MOLCAS.1.JobIph', 'JOB002']
['rassi', 'overlap', [4, 4]]
['copy', 'MOLCAS.rassi.h5', 'MOLCAS.rassi.ovlp.1.h5']
['copy', '/project/lgagliardi/helenclifford/practice_rcc/sharc4/methaniminium/tutorial_reproduction/traj/Singlet_2/TRAJ_00006/restart/MOLCAS.3.JobIph.38', 'JOB001']
['link', 'MOLCAS.3.JobIph', 'JOB002']
['rassi', 'overlap', [3, 3]]
['copy', 'MOLCAS.rassi.h5', 'MOLCAS.rassi.ovlp.3.h5']
['link', 'MOLCAS.1.JobIph', 'JOB001']
['link', 'MOLCAS.3.JobIph', 'JOB002']
['rassi', 'soc', [4, 3]]
['copy', '$master_path/MOLCAS.1.JobIph', 'JOBOLD']
['rasscf', 1, 4, True, False]
['mclr', 0.0001, 'sala=2']
['alaska']
All jobs finished:
job: master          code: 0    runtime: 0:00:23.847465
job: grad_1_2        code: 0    runtime: 0:00:11.521301

Starting job execution
['gateway']
['seward']
['copy', '/project/lgagliardi/helenclifford/practice_rcc/sharc4/methaniminium/tutorial_reproduction/traj/Singlet_2/TRAJ_00006/restart/MOLCAS.1.JobIph.39', 'JOBOLD']
['rasscf', 1, 4, True, False]
['copy', 'MOLCAS.rasscf.h5', 'MOLCAS.1.rasscf.h5']
['copy', 'MOLCAS.JobIph', 'MOLCAS.1.JobIph']
['copy', '/project/lgagliardi/helenclifford/practice_rcc/sharc4/methaniminium/tutorial_reproduction/traj/Singlet_2/TRAJ_00006/restart/MOLCAS.3.JobIph.39', 'JOBOLD']
['rasscf', 3, 3, True, False]
['copy', 'MOLCAS.rasscf.h5', 'MOLCAS.3.rasscf.h5']
['copy', 'MOLCAS.JobIph', 'MOLCAS.3.JobIph']
['link', 'MOLCAS.1.JobIph', 'JOB001']
['rassi', 'dm', [4]]
['copy', 'MOLCAS.rassi.h5', 'MOLCAS.rassi.1.h5']
['link', 'MOLCAS.3.JobIph', 'JOB001']
['rassi', 'dm', [3]]
['copy', 'MOLCAS.rassi.h5', 'MOLCAS.rassi.3.h5']
['copy', '/project/lgagliardi/helenclifford/practice_rcc/sharc4/methaniminium/tutorial_reproduction/traj/Singlet_2/TRAJ_00006/restart/MOLCAS.1.JobIph.38', 'JOB001']
['link', 'MOLCAS.1.JobIph', 'JOB002']
['rassi', 'overlap', [4, 4]]
['copy', 'MOLCAS.rassi.h5', 'MOLCAS.rassi.ovlp.1.h5']
['copy', '/project/lgagliardi/helenclifford/practice_rcc/sharc4/methaniminium/tutorial_reproduction/traj/Singlet_2/TRAJ_00006/restart/MOLCAS.3.JobIph.38', 'JOB001']
['link', 'MOLCAS.3.JobIph', 'JOB002']
['rassi', 'overlap', [3, 3]]
['copy', 'MOLCAS.rassi.h5', 'MOLCAS.rassi.ovlp.3.h5']
['link', 'MOLCAS.1.JobIph', 'JOB001']
['link', 'MOLCAS.3.JobIph', 'JOB002']
['rassi', 'soc', [4, 3]]
['copy', '$master_path/MOLCAS.3.JobIph', 'JOBOLD']
['rasscf', 3, 3, True, False]
['mclr', 0.0001, 'sala=2']
['alaska']
['copy', '$master_path/MOLCAS.1.JobIph', 'JOBOLD']
['rasscf', 1, 4, True, False]
['mclr', 0.0001, 'sala=2']
['alaska']
All jobs finished:
job: master          code: 0    runtime: 0:00:15.372769
job: grad_3_2        code: 0    runtime: 0:00:06.879794
job: grad_1_2        code: 0    runtime: 0:00:07.654107

Starting job execution
['gateway']
['seward']
['copy', '/project/lgagliardi/helenclifford/practice_rcc/sharc4/methaniminium/tutorial_reproduction/traj/Singlet_2/TRAJ_00006/restart/MOLCAS.1.JobIph.39', 'JOBOLD']
['rasscf', 1, 4, True, False]
['copy', 'MOLCAS.rasscf.h5', 'MOLCAS.1.rasscf.h5']
['copy', 'MOLCAS.JobIph', 'MOLCAS.1.JobIph']
['copy', '/project/lgagliardi/helenclifford/practice_rcc/sharc4/methaniminium/tutorial_reproduction/traj/Singlet_2/TRAJ_00006/restart/MOLCAS.3.JobIph.39', 'JOBOLD']
['rasscf', 3, 3, True, False]
['copy', 'MOLCAS.rasscf.h5', 'MOLCAS.3.rasscf.h5']
['copy', 'MOLCAS.JobIph', 'MOLCAS.3.JobIph']
['link', 'MOLCAS.1.JobIph', 'JOB001']
['rassi', 'dm', [4]]
['copy', 'MOLCAS.rassi.h5', 'MOLCAS.rassi.1.h5']
['link', 'MOLCAS.3.JobIph', 'JOB001']
['rassi', 'dm', [3]]
['copy', 'MOLCAS.rassi.h5', 'MOLCAS.rassi.3.h5']
['copy', '/project/lgagliardi/helenclifford/practice_rcc/sharc4/methaniminium/tutorial_reproduction/traj/Singlet_2/TRAJ_00006/restart/MOLCAS.1.JobIph.39', 'JOB001']
['link', 'MOLCAS.1.JobIph', 'JOB002']
['rassi', 'overlap', [4, 4]]
['copy', 'MOLCAS.rassi.h5', 'MOLCAS.rassi.ovlp.1.h5']
['copy', '/project/lgagliardi/helenclifford/practice_rcc/sharc4/methaniminium/tutorial_reproduction/traj/Singlet_2/TRAJ_00006/restart/MOLCAS.3.JobIph.39', 'JOB001']
['link', 'MOLCAS.3.JobIph', 'JOB002']
['rassi', 'overlap', [3, 3]]
['copy', 'MOLCAS.rassi.h5', 'MOLCAS.rassi.ovlp.3.h5']
['link', 'MOLCAS.1.JobIph', 'JOB001']
['link', 'MOLCAS.3.JobIph', 'JOB002']
['rassi', 'soc', [4, 3]]
['copy', '$master_path/MOLCAS.3.JobIph', 'JOBOLD']
['rasscf', 3, 3, True, False]
['mclr', 0.0001, 'sala=2']
['alaska']
['copy', '$master_path/MOLCAS.1.JobIph', 'JOBOLD']
['rasscf', 1, 4, True, False]
['mclr', 0.0001, 'sala=2']
['alaska']
All jobs finished:
job: master          code: 0    runtime: 0:00:17.013598
job: grad_3_2        code: 0    runtime: 0:00:06.881888
job: grad_1_2        code: 0    runtime: 0:00:08.482634

Starting job execution
['gateway']
['seward']
['copy', '/project/lgagliardi/helenclifford/practice_rcc/sharc4/methaniminium/tutorial_reproduction/traj/Singlet_2/TRAJ_00006/restart/MOLCAS.1.JobIph.40', 'JOBOLD']
['rasscf', 1, 4, True, False]
['copy', 'MOLCAS.rasscf.h5', 'MOLCAS.1.rasscf.h5']
['copy', 'MOLCAS.JobIph', 'MOLCAS.1.JobIph']
['copy', '/project/lgagliardi/helenclifford/practice_rcc/sharc4/methaniminium/tutorial_reproduction/traj/Singlet_2/TRAJ_00006/restart/MOLCAS.3.JobIph.40', 'JOBOLD']
['rasscf', 3, 3, True, False]
['copy', 'MOLCAS.rasscf.h5', 'MOLCAS.3.rasscf.h5']
['copy', 'MOLCAS.JobIph', 'MOLCAS.3.JobIph']
['link', 'MOLCAS.1.JobIph', 'JOB001']
['rassi', 'dm', [4]]
['copy', 'MOLCAS.rassi.h5', 'MOLCAS.rassi.1.h5']
['link', 'MOLCAS.3.JobIph', 'JOB001']
['rassi', 'dm', [3]]
['copy', 'MOLCAS.rassi.h5', 'MOLCAS.rassi.3.h5']
['copy', '/project/lgagliardi/helenclifford/practice_rcc/sharc4/methaniminium/tutorial_reproduction/traj/Singlet_2/TRAJ_00006/restart/MOLCAS.1.JobIph.40', 'JOB001']
['link', 'MOLCAS.1.JobIph', 'JOB002']
['rassi', 'overlap', [4, 4]]
['copy', 'MOLCAS.rassi.h5', 'MOLCAS.rassi.ovlp.1.h5']
['copy', '/project/lgagliardi/helenclifford/practice_rcc/sharc4/methaniminium/tutorial_reproduction/traj/Singlet_2/TRAJ_00006/restart/MOLCAS.3.JobIph.40', 'JOB001']
['link', 'MOLCAS.3.JobIph', 'JOB002']
['rassi', 'overlap', [3, 3]]
['copy', 'MOLCAS.rassi.h5', 'MOLCAS.rassi.ovlp.3.h5']
['link', 'MOLCAS.1.JobIph', 'JOB001']
['link', 'MOLCAS.3.JobIph', 'JOB002']
['rassi', 'soc', [4, 3]]
['copy', '$master_path/MOLCAS.1.JobIph', 'JOBOLD']
['rasscf', 1, 4, True, False]
['mclr', 0.0001, 'sala=2']
['alaska']
All jobs finished:
job: master          code: 0    runtime: 0:00:22.969679
job: grad_1_2        code: 0    runtime: 0:00:12.645908

Starting job execution
['gateway']
['seward']
['copy', '/project/lgagliardi/helenclifford/practice_rcc/sharc4/methaniminium/tutorial_reproduction/traj/Singlet_2/TRAJ_00006/restart/MOLCAS.1.JobIph.41', 'JOBOLD']
['rasscf', 1, 4, True, False]
['copy', 'MOLCAS.rasscf.h5', 'MOLCAS.1.rasscf.h5']
['copy', 'MOLCAS.JobIph', 'MOLCAS.1.JobIph']
['copy', '/project/lgagliardi/helenclifford/practice_rcc/sharc4/methaniminium/tutorial_reproduction/traj/Singlet_2/TRAJ_00006/restart/MOLCAS.3.JobIph.41', 'JOBOLD']
['rasscf', 3, 3, True, False]
['copy', 'MOLCAS.rasscf.h5', 'MOLCAS.3.rasscf.h5']
['copy', 'MOLCAS.JobIph', 'MOLCAS.3.JobIph']
['link', 'MOLCAS.1.JobIph', 'JOB001']
['rassi', 'dm', [4]]
['copy', 'MOLCAS.rassi.h5', 'MOLCAS.rassi.1.h5']
['link', 'MOLCAS.3.JobIph', 'JOB001']
['rassi', 'dm', [3]]
['copy', 'MOLCAS.rassi.h5', 'MOLCAS.rassi.3.h5']
['copy', '/project/lgagliardi/helenclifford/practice_rcc/sharc4/methaniminium/tutorial_reproduction/traj/Singlet_2/TRAJ_00006/restart/MOLCAS.1.JobIph.41', 'JOB001']
['link', 'MOLCAS.1.JobIph', 'JOB002']
['rassi', 'overlap', [4, 4]]
['copy', 'MOLCAS.rassi.h5', 'MOLCAS.rassi.ovlp.1.h5']
['copy', '/project/lgagliardi/helenclifford/practice_rcc/sharc4/methaniminium/tutorial_reproduction/traj/Singlet_2/TRAJ_00006/restart/MOLCAS.3.JobIph.41', 'JOB001']
['link', 'MOLCAS.3.JobIph', 'JOB002']
['rassi', 'overlap', [3, 3]]
['copy', 'MOLCAS.rassi.h5', 'MOLCAS.rassi.ovlp.3.h5']
['link', 'MOLCAS.1.JobIph', 'JOB001']
['link', 'MOLCAS.3.JobIph', 'JOB002']
['rassi', 'soc', [4, 3]]
['copy', '$master_path/MOLCAS.1.JobIph', 'JOBOLD']
['rasscf', 1, 4, True, False]
['mclr', 0.0001, 'sala=2']
['alaska']
All jobs finished:
job: master          code: 0    runtime: 0:00:15.269228
job: grad_1_2        code: 0    runtime: 0:00:07.044585

Starting job execution
['gateway']
['seward']
['copy', '/project/lgagliardi/helenclifford/practice_rcc/sharc4/methaniminium/tutorial_reproduction/traj/Singlet_2/TRAJ_00006/restart/MOLCAS.1.JobIph.42', 'JOBOLD']
['rasscf', 1, 4, True, False]
['copy', 'MOLCAS.rasscf.h5', 'MOLCAS.1.rasscf.h5']
['copy', 'MOLCAS.JobIph', 'MOLCAS.1.JobIph']
['copy', '/project/lgagliardi/helenclifford/practice_rcc/sharc4/methaniminium/tutorial_reproduction/traj/Singlet_2/TRAJ_00006/restart/MOLCAS.3.JobIph.42', 'JOBOLD']
['rasscf', 3, 3, True, False]
['copy', 'MOLCAS.rasscf.h5', 'MOLCAS.3.rasscf.h5']
['copy', 'MOLCAS.JobIph', 'MOLCAS.3.JobIph']
['link', 'MOLCAS.1.JobIph', 'JOB001']
['rassi', 'dm', [4]]
['copy', 'MOLCAS.rassi.h5', 'MOLCAS.rassi.1.h5']
['link', 'MOLCAS.3.JobIph', 'JOB001']
['rassi', 'dm', [3]]
['copy', 'MOLCAS.rassi.h5', 'MOLCAS.rassi.3.h5']
['copy', '/project/lgagliardi/helenclifford/practice_rcc/sharc4/methaniminium/tutorial_reproduction/traj/Singlet_2/TRAJ_00006/restart/MOLCAS.1.JobIph.42', 'JOB001']
['link', 'MOLCAS.1.JobIph', 'JOB002']
['rassi', 'overlap', [4, 4]]
['copy', 'MOLCAS.rassi.h5', 'MOLCAS.rassi.ovlp.1.h5']
['copy', '/project/lgagliardi/helenclifford/practice_rcc/sharc4/methaniminium/tutorial_reproduction/traj/Singlet_2/TRAJ_00006/restart/MOLCAS.3.JobIph.42', 'JOB001']
['link', 'MOLCAS.3.JobIph', 'JOB002']
['rassi', 'overlap', [3, 3]]
['copy', 'MOLCAS.rassi.h5', 'MOLCAS.rassi.ovlp.3.h5']
['link', 'MOLCAS.1.JobIph', 'JOB001']
['link', 'MOLCAS.3.JobIph', 'JOB002']
['rassi', 'soc', [4, 3]]
['copy', '$master_path/MOLCAS.1.JobIph', 'JOBOLD']
['rasscf', 1, 4, True, False]
['mclr', 0.0001, 'sala=2']
['alaska']
All jobs finished:
job: master          code: 0    runtime: 0:00:20.497503
job: grad_1_2        code: 0    runtime: 0:00:02.805927

Starting job execution
['gateway']
['seward']
['copy', '/project/lgagliardi/helenclifford/practice_rcc/sharc4/methaniminium/tutorial_reproduction/traj/Singlet_2/TRAJ_00006/restart/MOLCAS.1.JobIph.43', 'JOBOLD']
['rasscf', 1, 4, True, False]
['copy', 'MOLCAS.rasscf.h5', 'MOLCAS.1.rasscf.h5']
['copy', 'MOLCAS.JobIph', 'MOLCAS.1.JobIph']
['copy', '/project/lgagliardi/helenclifford/practice_rcc/sharc4/methaniminium/tutorial_reproduction/traj/Singlet_2/TRAJ_00006/restart/MOLCAS.3.JobIph.43', 'JOBOLD']
['rasscf', 3, 3, True, False]
['copy', 'MOLCAS.rasscf.h5', 'MOLCAS.3.rasscf.h5']
['copy', 'MOLCAS.JobIph', 'MOLCAS.3.JobIph']
['link', 'MOLCAS.1.JobIph', 'JOB001']
['rassi', 'dm', [4]]
['copy', 'MOLCAS.rassi.h5', 'MOLCAS.rassi.1.h5']
['link', 'MOLCAS.3.JobIph', 'JOB001']
['rassi', 'dm', [3]]
['copy', 'MOLCAS.rassi.h5', 'MOLCAS.rassi.3.h5']
['copy', '/project/lgagliardi/helenclifford/practice_rcc/sharc4/methaniminium/tutorial_reproduction/traj/Singlet_2/TRAJ_00006/restart/MOLCAS.1.JobIph.42', 'JOB001']
['link', 'MOLCAS.1.JobIph', 'JOB002']
['rassi', 'overlap', [4, 4]]
['copy', 'MOLCAS.rassi.h5', 'MOLCAS.rassi.ovlp.1.h5']
['copy', '/project/lgagliardi/helenclifford/practice_rcc/sharc4/methaniminium/tutorial_reproduction/traj/Singlet_2/TRAJ_00006/restart/MOLCAS.3.JobIph.42', 'JOB001']
['link', 'MOLCAS.3.JobIph', 'JOB002']
['rassi', 'overlap', [3, 3]]
['copy', 'MOLCAS.rassi.h5', 'MOLCAS.rassi.ovlp.3.h5']
['link', 'MOLCAS.1.JobIph', 'JOB001']
['link', 'MOLCAS.3.JobIph', 'JOB002']
['rassi', 'soc', [4, 3]]
['copy', '$master_path/MOLCAS.3.JobIph', 'JOBOLD']
['rasscf', 3, 3, True, False]
['mclr', 0.0001, 'sala=2']
['alaska']
['copy', '$master_path/MOLCAS.1.JobIph', 'JOBOLD']
['rasscf', 1, 4, True, False]
['mclr', 0.0001, 'sala=2']
['alaska']
All jobs finished:
job: master          code: 0    runtime: 0:00:19.413970
job: grad_3_2        code: 0    runtime: 0:00:03.195085
job: grad_1_2        code: 0    runtime: 0:00:21.050994

Starting job execution
['gateway']
['seward']
['copy', '/project/lgagliardi/helenclifford/practice_rcc/sharc4/methaniminium/tutorial_reproduction/traj/Singlet_2/TRAJ_00006/restart/MOLCAS.1.JobIph.43', 'JOBOLD']
['rasscf', 1, 4, True, False]
['copy', 'MOLCAS.rasscf.h5', 'MOLCAS.1.rasscf.h5']
['copy', 'MOLCAS.JobIph', 'MOLCAS.1.JobIph']
['copy', '/project/lgagliardi/helenclifford/practice_rcc/sharc4/methaniminium/tutorial_reproduction/traj/Singlet_2/TRAJ_00006/restart/MOLCAS.3.JobIph.43', 'JOBOLD']
['rasscf', 3, 3, True, False]
['copy', 'MOLCAS.rasscf.h5', 'MOLCAS.3.rasscf.h5']
['copy', 'MOLCAS.JobIph', 'MOLCAS.3.JobIph']
['link', 'MOLCAS.1.JobIph', 'JOB001']
['rassi', 'dm', [4]]
['copy', 'MOLCAS.rassi.h5', 'MOLCAS.rassi.1.h5']
['link', 'MOLCAS.3.JobIph', 'JOB001']
['rassi', 'dm', [3]]
['copy', 'MOLCAS.rassi.h5', 'MOLCAS.rassi.3.h5']
['copy', '/project/lgagliardi/helenclifford/practice_rcc/sharc4/methaniminium/tutorial_reproduction/traj/Singlet_2/TRAJ_00006/restart/MOLCAS.1.JobIph.43', 'JOB001']
['link', 'MOLCAS.1.JobIph', 'JOB002']
['rassi', 'overlap', [4, 4]]
['copy', 'MOLCAS.rassi.h5', 'MOLCAS.rassi.ovlp.1.h5']
['copy', '/project/lgagliardi/helenclifford/practice_rcc/sharc4/methaniminium/tutorial_reproduction/traj/Singlet_2/TRAJ_00006/restart/MOLCAS.3.JobIph.43', 'JOB001']
['link', 'MOLCAS.3.JobIph', 'JOB002']
['rassi', 'overlap', [3, 3]]
['copy', 'MOLCAS.rassi.h5', 'MOLCAS.rassi.ovlp.3.h5']
['link', 'MOLCAS.1.JobIph', 'JOB001']
['link', 'MOLCAS.3.JobIph', 'JOB002']
['rassi', 'soc', [4, 3]]
['copy', '$master_path/MOLCAS.3.JobIph', 'JOBOLD']
['rasscf', 3, 3, True, False]
['mclr', 0.0001, 'sala=2']
['alaska']
['copy', '$master_path/MOLCAS.1.JobIph', 'JOBOLD']
['rasscf', 1, 4, True, False]
['mclr', 0.0001, 'sala=2']
['alaska']
All jobs finished:
job: master          code: 0    runtime: 0:00:21.791872
job: grad_3_2        code: 0    runtime: 0:00:09.770304
job: grad_1_2        code: 0    runtime: 0:00:08.862300

Starting job execution
['gateway']
['seward']
['copy', '/project/lgagliardi/helenclifford/practice_rcc/sharc4/methaniminium/tutorial_reproduction/traj/Singlet_2/TRAJ_00006/restart/MOLCAS.1.JobIph.44', 'JOBOLD']
['rasscf', 1, 4, True, False]
['copy', 'MOLCAS.rasscf.h5', 'MOLCAS.1.rasscf.h5']
['copy', 'MOLCAS.JobIph', 'MOLCAS.1.JobIph']
['copy', '/project/lgagliardi/helenclifford/practice_rcc/sharc4/methaniminium/tutorial_reproduction/traj/Singlet_2/TRAJ_00006/restart/MOLCAS.3.JobIph.44', 'JOBOLD']
['rasscf', 3, 3, True, False]
['copy', 'MOLCAS.rasscf.h5', 'MOLCAS.3.rasscf.h5']
['copy', 'MOLCAS.JobIph', 'MOLCAS.3.JobIph']
['link', 'MOLCAS.1.JobIph', 'JOB001']
['rassi', 'dm', [4]]
['copy', 'MOLCAS.rassi.h5', 'MOLCAS.rassi.1.h5']
['link', 'MOLCAS.3.JobIph', 'JOB001']
['rassi', 'dm', [3]]
['copy', 'MOLCAS.rassi.h5', 'MOLCAS.rassi.3.h5']
['copy', '/project/lgagliardi/helenclifford/practice_rcc/sharc4/methaniminium/tutorial_reproduction/traj/Singlet_2/TRAJ_00006/restart/MOLCAS.1.JobIph.44', 'JOB001']
['link', 'MOLCAS.1.JobIph', 'JOB002']
['rassi', 'overlap', [4, 4]]
['copy', 'MOLCAS.rassi.h5', 'MOLCAS.rassi.ovlp.1.h5']
['copy', '/project/lgagliardi/helenclifford/practice_rcc/sharc4/methaniminium/tutorial_reproduction/traj/Singlet_2/TRAJ_00006/restart/MOLCAS.3.JobIph.44', 'JOB001']
['link', 'MOLCAS.3.JobIph', 'JOB002']
['rassi', 'overlap', [3, 3]]
['copy', 'MOLCAS.rassi.h5', 'MOLCAS.rassi.ovlp.3.h5']
['link', 'MOLCAS.1.JobIph', 'JOB001']
['link', 'MOLCAS.3.JobIph', 'JOB002']
['rassi', 'soc', [4, 3]]
['copy', '$master_path/MOLCAS.1.JobIph', 'JOBOLD']
['rasscf', 1, 4, True, False]
['mclr', 0.0001, 'sala=2']
['alaska']
All jobs finished:
job: master          code: 0    runtime: 0:00:18.088279
job: grad_1_2        code: 0    runtime: 0:00:15.936336

Starting job execution
['gateway']
['seward']
['copy', '/project/lgagliardi/helenclifford/practice_rcc/sharc4/methaniminium/tutorial_reproduction/traj/Singlet_2/TRAJ_00006/restart/MOLCAS.1.JobIph.45', 'JOBOLD']
['rasscf', 1, 4, True, False]
['copy', 'MOLCAS.rasscf.h5', 'MOLCAS.1.rasscf.h5']
['copy', 'MOLCAS.JobIph', 'MOLCAS.1.JobIph']
['copy', '/project/lgagliardi/helenclifford/practice_rcc/sharc4/methaniminium/tutorial_reproduction/traj/Singlet_2/TRAJ_00006/restart/MOLCAS.3.JobIph.45', 'JOBOLD']
['rasscf', 3, 3, True, False]
['copy', 'MOLCAS.rasscf.h5', 'MOLCAS.3.rasscf.h5']
['copy', 'MOLCAS.JobIph', 'MOLCAS.3.JobIph']
['link', 'MOLCAS.1.JobIph', 'JOB001']
['rassi', 'dm', [4]]
['copy', 'MOLCAS.rassi.h5', 'MOLCAS.rassi.1.h5']
['link', 'MOLCAS.3.JobIph', 'JOB001']
['rassi', 'dm', [3]]
['copy', 'MOLCAS.rassi.h5', 'MOLCAS.rassi.3.h5']
['copy', '/project/lgagliardi/helenclifford/practice_rcc/sharc4/methaniminium/tutorial_reproduction/traj/Singlet_2/TRAJ_00006/restart/MOLCAS.1.JobIph.45', 'JOB001']
['link', 'MOLCAS.1.JobIph', 'JOB002']
['rassi', 'overlap', [4, 4]]
['copy', 'MOLCAS.rassi.h5', 'MOLCAS.rassi.ovlp.1.h5']
['copy', '/project/lgagliardi/helenclifford/practice_rcc/sharc4/methaniminium/tutorial_reproduction/traj/Singlet_2/TRAJ_00006/restart/MOLCAS.3.JobIph.45', 'JOB001']
['link', 'MOLCAS.3.JobIph', 'JOB002']
['rassi', 'overlap', [3, 3]]
['copy', 'MOLCAS.rassi.h5', 'MOLCAS.rassi.ovlp.3.h5']
['link', 'MOLCAS.1.JobIph', 'JOB001']
['link', 'MOLCAS.3.JobIph', 'JOB002']
['rassi', 'soc', [4, 3]]
['copy', '$master_path/MOLCAS.1.JobIph', 'JOBOLD']
['rasscf', 1, 4, True, False]
['mclr', 0.0001, 'sala=2']
['alaska']
All jobs finished:
job: master          code: 0    runtime: 0:00:22.076242
job: grad_1_2        code: 0    runtime: 0:00:08.217844

Starting job execution
['gateway']
['seward']
['copy', '/project/lgagliardi/helenclifford/practice_rcc/sharc4/methaniminium/tutorial_reproduction/traj/Singlet_2/TRAJ_00006/restart/MOLCAS.1.JobIph.46', 'JOBOLD']
['rasscf', 1, 4, True, False]
['copy', 'MOLCAS.rasscf.h5', 'MOLCAS.1.rasscf.h5']
['copy', 'MOLCAS.JobIph', 'MOLCAS.1.JobIph']
['copy', '/project/lgagliardi/helenclifford/practice_rcc/sharc4/methaniminium/tutorial_reproduction/traj/Singlet_2/TRAJ_00006/restart/MOLCAS.3.JobIph.46', 'JOBOLD']
['rasscf', 3, 3, True, False]
['copy', 'MOLCAS.rasscf.h5', 'MOLCAS.3.rasscf.h5']
['copy', 'MOLCAS.JobIph', 'MOLCAS.3.JobIph']
['link', 'MOLCAS.1.JobIph', 'JOB001']
['rassi', 'dm', [4]]
['copy', 'MOLCAS.rassi.h5', 'MOLCAS.rassi.1.h5']
['link', 'MOLCAS.3.JobIph', 'JOB001']
['rassi', 'dm', [3]]
['copy', 'MOLCAS.rassi.h5', 'MOLCAS.rassi.3.h5']
['copy', '/project/lgagliardi/helenclifford/practice_rcc/sharc4/methaniminium/tutorial_reproduction/traj/Singlet_2/TRAJ_00006/restart/MOLCAS.1.JobIph.46', 'JOB001']
['link', 'MOLCAS.1.JobIph', 'JOB002']
['rassi', 'overlap', [4, 4]]
['copy', 'MOLCAS.rassi.h5', 'MOLCAS.rassi.ovlp.1.h5']
['copy', '/project/lgagliardi/helenclifford/practice_rcc/sharc4/methaniminium/tutorial_reproduction/traj/Singlet_2/TRAJ_00006/restart/MOLCAS.3.JobIph.46', 'JOB001']
['link', 'MOLCAS.3.JobIph', 'JOB002']
['rassi', 'overlap', [3, 3]]
['copy', 'MOLCAS.rassi.h5', 'MOLCAS.rassi.ovlp.3.h5']
['link', 'MOLCAS.1.JobIph', 'JOB001']
['link', 'MOLCAS.3.JobIph', 'JOB002']
['rassi', 'soc', [4, 3]]
['copy', '$master_path/MOLCAS.1.JobIph', 'JOBOLD']
['rasscf', 1, 4, True, False]
['mclr', 0.0001, 'sala=2']
['alaska']
All jobs finished:
job: master          code: 0    runtime: 0:00:17.892565
job: grad_1_2        code: 0    runtime: 0:00:07.079759

Starting job execution
['gateway']
['seward']
['copy', '/project/lgagliardi/helenclifford/practice_rcc/sharc4/methaniminium/tutorial_reproduction/traj/Singlet_2/TRAJ_00006/restart/MOLCAS.1.JobIph.47', 'JOBOLD']
['rasscf', 1, 4, True, False]
['copy', 'MOLCAS.rasscf.h5', 'MOLCAS.1.rasscf.h5']
['copy', 'MOLCAS.JobIph', 'MOLCAS.1.JobIph']
['copy', '/project/lgagliardi/helenclifford/practice_rcc/sharc4/methaniminium/tutorial_reproduction/traj/Singlet_2/TRAJ_00006/restart/MOLCAS.3.JobIph.47', 'JOBOLD']
['rasscf', 3, 3, True, False]
['copy', 'MOLCAS.rasscf.h5', 'MOLCAS.3.rasscf.h5']
['copy', 'MOLCAS.JobIph', 'MOLCAS.3.JobIph']
['link', 'MOLCAS.1.JobIph', 'JOB001']
['rassi', 'dm', [4]]
['copy', 'MOLCAS.rassi.h5', 'MOLCAS.rassi.1.h5']
['link', 'MOLCAS.3.JobIph', 'JOB001']
['rassi', 'dm', [3]]
['copy', 'MOLCAS.rassi.h5', 'MOLCAS.rassi.3.h5']
['copy', '/project/lgagliardi/helenclifford/practice_rcc/sharc4/methaniminium/tutorial_reproduction/traj/Singlet_2/TRAJ_00006/restart/MOLCAS.1.JobIph.47', 'JOB001']
['link', 'MOLCAS.1.JobIph', 'JOB002']
['rassi', 'overlap', [4, 4]]
['copy', 'MOLCAS.rassi.h5', 'MOLCAS.rassi.ovlp.1.h5']
['copy', '/project/lgagliardi/helenclifford/practice_rcc/sharc4/methaniminium/tutorial_reproduction/traj/Singlet_2/TRAJ_00006/restart/MOLCAS.3.JobIph.47', 'JOB001']
['link', 'MOLCAS.3.JobIph', 'JOB002']
['rassi', 'overlap', [3, 3]]
['copy', 'MOLCAS.rassi.h5', 'MOLCAS.rassi.ovlp.3.h5']
['link', 'MOLCAS.1.JobIph', 'JOB001']
['link', 'MOLCAS.3.JobIph', 'JOB002']
['rassi', 'soc', [4, 3]]
['copy', '$master_path/MOLCAS.1.JobIph', 'JOBOLD']
['rasscf', 1, 4, True, False]
['mclr', 0.0001, 'sala=2']
['alaska']
All jobs finished:
job: master          code: 0    runtime: 0:00:22.744175
job: grad_1_2        code: 0    runtime: 0:00:08.262717

Starting job execution
['gateway']
['seward']
['copy', '/project/lgagliardi/helenclifford/practice_rcc/sharc4/methaniminium/tutorial_reproduction/traj/Singlet_2/TRAJ_00006/restart/MOLCAS.1.JobIph.48', 'JOBOLD']
['rasscf', 1, 4, True, False]
['copy', 'MOLCAS.rasscf.h5', 'MOLCAS.1.rasscf.h5']
['copy', 'MOLCAS.JobIph', 'MOLCAS.1.JobIph']
['copy', '/project/lgagliardi/helenclifford/practice_rcc/sharc4/methaniminium/tutorial_reproduction/traj/Singlet_2/TRAJ_00006/restart/MOLCAS.3.JobIph.48', 'JOBOLD']
['rasscf', 3, 3, True, False]
['copy', 'MOLCAS.rasscf.h5', 'MOLCAS.3.rasscf.h5']
['copy', 'MOLCAS.JobIph', 'MOLCAS.3.JobIph']
['link', 'MOLCAS.1.JobIph', 'JOB001']
['rassi', 'dm', [4]]
['copy', 'MOLCAS.rassi.h5', 'MOLCAS.rassi.1.h5']
['link', 'MOLCAS.3.JobIph', 'JOB001']
['rassi', 'dm', [3]]
['copy', 'MOLCAS.rassi.h5', 'MOLCAS.rassi.3.h5']
['copy', '/project/lgagliardi/helenclifford/practice_rcc/sharc4/methaniminium/tutorial_reproduction/traj/Singlet_2/TRAJ_00006/restart/MOLCAS.1.JobIph.48', 'JOB001']
['link', 'MOLCAS.1.JobIph', 'JOB002']
['rassi', 'overlap', [4, 4]]
['copy', 'MOLCAS.rassi.h5', 'MOLCAS.rassi.ovlp.1.h5']
['copy', '/project/lgagliardi/helenclifford/practice_rcc/sharc4/methaniminium/tutorial_reproduction/traj/Singlet_2/TRAJ_00006/restart/MOLCAS.3.JobIph.48', 'JOB001']
['link', 'MOLCAS.3.JobIph', 'JOB002']
['rassi', 'overlap', [3, 3]]
['copy', 'MOLCAS.rassi.h5', 'MOLCAS.rassi.ovlp.3.h5']
['link', 'MOLCAS.1.JobIph', 'JOB001']
['link', 'MOLCAS.3.JobIph', 'JOB002']
['rassi', 'soc', [4, 3]]
['copy', '$master_path/MOLCAS.1.JobIph', 'JOBOLD']
['rasscf', 1, 4, True, False]
['mclr', 0.0001, 'sala=2']
['alaska']
All jobs finished:
job: master          code: 0    runtime: 0:00:22.455577
job: grad_1_2        code: 0    runtime: 0:00:10.714286

Starting job execution
['gateway']
['seward']
['copy', '/project/lgagliardi/helenclifford/practice_rcc/sharc4/methaniminium/tutorial_reproduction/traj/Singlet_2/TRAJ_00006/restart/MOLCAS.1.JobIph.49', 'JOBOLD']
['rasscf', 1, 4, True, False]
['copy', 'MOLCAS.rasscf.h5', 'MOLCAS.1.rasscf.h5']
['copy', 'MOLCAS.JobIph', 'MOLCAS.1.JobIph']
['copy', '/project/lgagliardi/helenclifford/practice_rcc/sharc4/methaniminium/tutorial_reproduction/traj/Singlet_2/TRAJ_00006/restart/MOLCAS.3.JobIph.49', 'JOBOLD']
['rasscf', 3, 3, True, False]
['copy', 'MOLCAS.rasscf.h5', 'MOLCAS.3.rasscf.h5']
['copy', 'MOLCAS.JobIph', 'MOLCAS.3.JobIph']
['link', 'MOLCAS.1.JobIph', 'JOB001']
['rassi', 'dm', [4]]
['copy', 'MOLCAS.rassi.h5', 'MOLCAS.rassi.1.h5']
['link', 'MOLCAS.3.JobIph', 'JOB001']
['rassi', 'dm', [3]]
['copy', 'MOLCAS.rassi.h5', 'MOLCAS.rassi.3.h5']
['copy', '/project/lgagliardi/helenclifford/practice_rcc/sharc4/methaniminium/tutorial_reproduction/traj/Singlet_2/TRAJ_00006/restart/MOLCAS.1.JobIph.49', 'JOB001']
['link', 'MOLCAS.1.JobIph', 'JOB002']
['rassi', 'overlap', [4, 4]]
['copy', 'MOLCAS.rassi.h5', 'MOLCAS.rassi.ovlp.1.h5']
['copy', '/project/lgagliardi/helenclifford/practice_rcc/sharc4/methaniminium/tutorial_reproduction/traj/Singlet_2/TRAJ_00006/restart/MOLCAS.3.JobIph.49', 'JOB001']
['link', 'MOLCAS.3.JobIph', 'JOB002']
['rassi', 'overlap', [3, 3]]
['copy', 'MOLCAS.rassi.h5', 'MOLCAS.rassi.ovlp.3.h5']
['link', 'MOLCAS.1.JobIph', 'JOB001']
['link', 'MOLCAS.3.JobIph', 'JOB002']
['rassi', 'soc', [4, 3]]
['copy', '$master_path/MOLCAS.1.JobIph', 'JOBOLD']
['rasscf', 1, 4, True, False]
['mclr', 0.0001, 'sala=2']
['alaska']
All jobs finished:
job: master          code: 0    runtime: 0:00:22.777526
job: grad_1_2        code: 0    runtime: 0:00:09.611351

Starting job execution
['gateway']
['seward']
['copy', '/project/lgagliardi/helenclifford/practice_rcc/sharc4/methaniminium/tutorial_reproduction/traj/Singlet_2/TRAJ_00006/restart/MOLCAS.1.JobIph.50', 'JOBOLD']
['rasscf', 1, 4, True, False]
['copy', 'MOLCAS.rasscf.h5', 'MOLCAS.1.rasscf.h5']
['copy', 'MOLCAS.JobIph', 'MOLCAS.1.JobIph']
['copy', '/project/lgagliardi/helenclifford/practice_rcc/sharc4/methaniminium/tutorial_reproduction/traj/Singlet_2/TRAJ_00006/restart/MOLCAS.3.JobIph.50', 'JOBOLD']
['rasscf', 3, 3, True, False]
['copy', 'MOLCAS.rasscf.h5', 'MOLCAS.3.rasscf.h5']
['copy', 'MOLCAS.JobIph', 'MOLCAS.3.JobIph']
['link', 'MOLCAS.1.JobIph', 'JOB001']
['rassi', 'dm', [4]]
['copy', 'MOLCAS.rassi.h5', 'MOLCAS.rassi.1.h5']
['link', 'MOLCAS.3.JobIph', 'JOB001']
['rassi', 'dm', [3]]
['copy', 'MOLCAS.rassi.h5', 'MOLCAS.rassi.3.h5']
['copy', '/project/lgagliardi/helenclifford/practice_rcc/sharc4/methaniminium/tutorial_reproduction/traj/Singlet_2/TRAJ_00006/restart/MOLCAS.1.JobIph.50', 'JOB001']
['link', 'MOLCAS.1.JobIph', 'JOB002']
['rassi', 'overlap', [4, 4]]
['copy', 'MOLCAS.rassi.h5', 'MOLCAS.rassi.ovlp.1.h5']
['copy', '/project/lgagliardi/helenclifford/practice_rcc/sharc4/methaniminium/tutorial_reproduction/traj/Singlet_2/TRAJ_00006/restart/MOLCAS.3.JobIph.50', 'JOB001']
['link', 'MOLCAS.3.JobIph', 'JOB002']
['rassi', 'overlap', [3, 3]]
['copy', 'MOLCAS.rassi.h5', 'MOLCAS.rassi.ovlp.3.h5']
['link', 'MOLCAS.1.JobIph', 'JOB001']
['link', 'MOLCAS.3.JobIph', 'JOB002']
['rassi', 'soc', [4, 3]]
['copy', '$master_path/MOLCAS.1.JobIph', 'JOBOLD']
['rasscf', 1, 4, True, False]
['mclr', 0.0001, 'sala=2']
['alaska']
All jobs finished:
job: master          code: 0    runtime: 0:00:18.174444
job: grad_1_2        code: 0    runtime: 0:00:10.446462

Starting job execution
['gateway']
['seward']
['copy', '/project/lgagliardi/helenclifford/practice_rcc/sharc4/methaniminium/tutorial_reproduction/traj/Singlet_2/TRAJ_00006/restart/MOLCAS.1.JobIph.51', 'JOBOLD']
['rasscf', 1, 4, True, False]
['copy', 'MOLCAS.rasscf.h5', 'MOLCAS.1.rasscf.h5']
['copy', 'MOLCAS.JobIph', 'MOLCAS.1.JobIph']
['copy', '/project/lgagliardi/helenclifford/practice_rcc/sharc4/methaniminium/tutorial_reproduction/traj/Singlet_2/TRAJ_00006/restart/MOLCAS.3.JobIph.51', 'JOBOLD']
['rasscf', 3, 3, True, False]
['copy', 'MOLCAS.rasscf.h5', 'MOLCAS.3.rasscf.h5']
['copy', 'MOLCAS.JobIph', 'MOLCAS.3.JobIph']
['link', 'MOLCAS.1.JobIph', 'JOB001']
['rassi', 'dm', [4]]
['copy', 'MOLCAS.rassi.h5', 'MOLCAS.rassi.1.h5']
['link', 'MOLCAS.3.JobIph', 'JOB001']
['rassi', 'dm', [3]]
['copy', 'MOLCAS.rassi.h5', 'MOLCAS.rassi.3.h5']
['copy', '/project/lgagliardi/helenclifford/practice_rcc/sharc4/methaniminium/tutorial_reproduction/traj/Singlet_2/TRAJ_00006/restart/MOLCAS.1.JobIph.51', 'JOB001']
['link', 'MOLCAS.1.JobIph', 'JOB002']
['rassi', 'overlap', [4, 4]]
['copy', 'MOLCAS.rassi.h5', 'MOLCAS.rassi.ovlp.1.h5']
['copy', '/project/lgagliardi/helenclifford/practice_rcc/sharc4/methaniminium/tutorial_reproduction/traj/Singlet_2/TRAJ_00006/restart/MOLCAS.3.JobIph.51', 'JOB001']
['link', 'MOLCAS.3.JobIph', 'JOB002']
['rassi', 'overlap', [3, 3]]
['copy', 'MOLCAS.rassi.h5', 'MOLCAS.rassi.ovlp.3.h5']
['link', 'MOLCAS.1.JobIph', 'JOB001']
['link', 'MOLCAS.3.JobIph', 'JOB002']
['rassi', 'soc', [4, 3]]
['copy', '$master_path/MOLCAS.1.JobIph', 'JOBOLD']
['rasscf', 1, 4, True, False]
['mclr', 0.0001, 'sala=2']
['alaska']
All jobs finished:
job: master          code: 0    runtime: 0:00:18.183060
job: grad_1_2        code: 0    runtime: 0:00:09.169723

Starting job execution
['gateway']
['seward']
['copy', '/project/lgagliardi/helenclifford/practice_rcc/sharc4/methaniminium/tutorial_reproduction/traj/Singlet_2/TRAJ_00006/restart/MOLCAS.1.JobIph.52', 'JOBOLD']
['rasscf', 1, 4, True, False]
['copy', 'MOLCAS.rasscf.h5', 'MOLCAS.1.rasscf.h5']
['copy', 'MOLCAS.JobIph', 'MOLCAS.1.JobIph']
['copy', '/project/lgagliardi/helenclifford/practice_rcc/sharc4/methaniminium/tutorial_reproduction/traj/Singlet_2/TRAJ_00006/restart/MOLCAS.3.JobIph.52', 'JOBOLD']
['rasscf', 3, 3, True, False]
['copy', 'MOLCAS.rasscf.h5', 'MOLCAS.3.rasscf.h5']
['copy', 'MOLCAS.JobIph', 'MOLCAS.3.JobIph']
['link', 'MOLCAS.1.JobIph', 'JOB001']
['rassi', 'dm', [4]]
['copy', 'MOLCAS.rassi.h5', 'MOLCAS.rassi.1.h5']
['link', 'MOLCAS.3.JobIph', 'JOB001']
['rassi', 'dm', [3]]
['copy', 'MOLCAS.rassi.h5', 'MOLCAS.rassi.3.h5']
['copy', '/project/lgagliardi/helenclifford/practice_rcc/sharc4/methaniminium/tutorial_reproduction/traj/Singlet_2/TRAJ_00006/restart/MOLCAS.1.JobIph.52', 'JOB001']
['link', 'MOLCAS.1.JobIph', 'JOB002']
['rassi', 'overlap', [4, 4]]
['copy', 'MOLCAS.rassi.h5', 'MOLCAS.rassi.ovlp.1.h5']
['copy', '/project/lgagliardi/helenclifford/practice_rcc/sharc4/methaniminium/tutorial_reproduction/traj/Singlet_2/TRAJ_00006/restart/MOLCAS.3.JobIph.52', 'JOB001']
['link', 'MOLCAS.3.JobIph', 'JOB002']
['rassi', 'overlap', [3, 3]]
['copy', 'MOLCAS.rassi.h5', 'MOLCAS.rassi.ovlp.3.h5']
['link', 'MOLCAS.1.JobIph', 'JOB001']
['link', 'MOLCAS.3.JobIph', 'JOB002']
['rassi', 'soc', [4, 3]]
['copy', '$master_path/MOLCAS.1.JobIph', 'JOBOLD']
['rasscf', 1, 4, True, False]
['mclr', 0.0001, 'sala=2']
['alaska']
All jobs finished:
job: master          code: 0    runtime: 0:00:20.661943
job: grad_1_2        code: 0    runtime: 0:00:10.008024

Starting job execution
['gateway']
['seward']
['copy', '/project/lgagliardi/helenclifford/practice_rcc/sharc4/methaniminium/tutorial_reproduction/traj/Singlet_2/TRAJ_00006/restart/MOLCAS.1.JobIph.53', 'JOBOLD']
['rasscf', 1, 4, True, False]
['copy', 'MOLCAS.rasscf.h5', 'MOLCAS.1.rasscf.h5']
['copy', 'MOLCAS.JobIph', 'MOLCAS.1.JobIph']
['copy', '/project/lgagliardi/helenclifford/practice_rcc/sharc4/methaniminium/tutorial_reproduction/traj/Singlet_2/TRAJ_00006/restart/MOLCAS.3.JobIph.53', 'JOBOLD']
['rasscf', 3, 3, True, False]
['copy', 'MOLCAS.rasscf.h5', 'MOLCAS.3.rasscf.h5']
['copy', 'MOLCAS.JobIph', 'MOLCAS.3.JobIph']
['link', 'MOLCAS.1.JobIph', 'JOB001']
['rassi', 'dm', [4]]
['copy', 'MOLCAS.rassi.h5', 'MOLCAS.rassi.1.h5']
['link', 'MOLCAS.3.JobIph', 'JOB001']
['rassi', 'dm', [3]]
['copy', 'MOLCAS.rassi.h5', 'MOLCAS.rassi.3.h5']
['copy', '/project/lgagliardi/helenclifford/practice_rcc/sharc4/methaniminium/tutorial_reproduction/traj/Singlet_2/TRAJ_00006/restart/MOLCAS.1.JobIph.53', 'JOB001']
['link', 'MOLCAS.1.JobIph', 'JOB002']
['rassi', 'overlap', [4, 4]]
['copy', 'MOLCAS.rassi.h5', 'MOLCAS.rassi.ovlp.1.h5']
['copy', '/project/lgagliardi/helenclifford/practice_rcc/sharc4/methaniminium/tutorial_reproduction/traj/Singlet_2/TRAJ_00006/restart/MOLCAS.3.JobIph.53', 'JOB001']
['link', 'MOLCAS.3.JobIph', 'JOB002']
['rassi', 'overlap', [3, 3]]
['copy', 'MOLCAS.rassi.h5', 'MOLCAS.rassi.ovlp.3.h5']
['link', 'MOLCAS.1.JobIph', 'JOB001']
['link', 'MOLCAS.3.JobIph', 'JOB002']
['rassi', 'soc', [4, 3]]
['copy', '$master_path/MOLCAS.1.JobIph', 'JOBOLD']
['rasscf', 1, 4, True, False]
['mclr', 0.0001, 'sala=2']
['alaska']
All jobs finished:
job: master          code: 0    runtime: 0:00:18.999056
job: grad_1_2        code: 0    runtime: 0:00:10.491799

Starting job execution
['gateway']
['seward']
['copy', '/project/lgagliardi/helenclifford/practice_rcc/sharc4/methaniminium/tutorial_reproduction/traj/Singlet_2/TRAJ_00006/restart/MOLCAS.1.JobIph.54', 'JOBOLD']
['rasscf', 1, 4, True, False]
['copy', 'MOLCAS.rasscf.h5', 'MOLCAS.1.rasscf.h5']
['copy', 'MOLCAS.JobIph', 'MOLCAS.1.JobIph']
['copy', '/project/lgagliardi/helenclifford/practice_rcc/sharc4/methaniminium/tutorial_reproduction/traj/Singlet_2/TRAJ_00006/restart/MOLCAS.3.JobIph.54', 'JOBOLD']
['rasscf', 3, 3, True, False]
['copy', 'MOLCAS.rasscf.h5', 'MOLCAS.3.rasscf.h5']
['copy', 'MOLCAS.JobIph', 'MOLCAS.3.JobIph']
['link', 'MOLCAS.1.JobIph', 'JOB001']
['rassi', 'dm', [4]]
['copy', 'MOLCAS.rassi.h5', 'MOLCAS.rassi.1.h5']
['link', 'MOLCAS.3.JobIph', 'JOB001']
['rassi', 'dm', [3]]
['copy', 'MOLCAS.rassi.h5', 'MOLCAS.rassi.3.h5']
['copy', '/project/lgagliardi/helenclifford/practice_rcc/sharc4/methaniminium/tutorial_reproduction/traj/Singlet_2/TRAJ_00006/restart/MOLCAS.1.JobIph.54', 'JOB001']
['link', 'MOLCAS.1.JobIph', 'JOB002']
['rassi', 'overlap', [4, 4]]
['copy', 'MOLCAS.rassi.h5', 'MOLCAS.rassi.ovlp.1.h5']
['copy', '/project/lgagliardi/helenclifford/practice_rcc/sharc4/methaniminium/tutorial_reproduction/traj/Singlet_2/TRAJ_00006/restart/MOLCAS.3.JobIph.54', 'JOB001']
['link', 'MOLCAS.3.JobIph', 'JOB002']
['rassi', 'overlap', [3, 3]]
['copy', 'MOLCAS.rassi.h5', 'MOLCAS.rassi.ovlp.3.h5']
['link', 'MOLCAS.1.JobIph', 'JOB001']
['link', 'MOLCAS.3.JobIph', 'JOB002']
['rassi', 'soc', [4, 3]]
['copy', '$master_path/MOLCAS.1.JobIph', 'JOBOLD']
['rasscf', 1, 4, True, False]
['mclr', 0.0001, 'sala=2']
['alaska']
All jobs finished:
job: master          code: 0    runtime: 0:00:20.735011
job: grad_1_2        code: 0    runtime: 0:00:10.019477

Starting job execution
['gateway']
['seward']
['copy', '/project/lgagliardi/helenclifford/practice_rcc/sharc4/methaniminium/tutorial_reproduction/traj/Singlet_2/TRAJ_00006/restart/MOLCAS.1.JobIph.55', 'JOBOLD']
['rasscf', 1, 4, True, False]
['copy', 'MOLCAS.rasscf.h5', 'MOLCAS.1.rasscf.h5']
['copy', 'MOLCAS.JobIph', 'MOLCAS.1.JobIph']
['copy', '/project/lgagliardi/helenclifford/practice_rcc/sharc4/methaniminium/tutorial_reproduction/traj/Singlet_2/TRAJ_00006/restart/MOLCAS.3.JobIph.55', 'JOBOLD']
['rasscf', 3, 3, True, False]
['copy', 'MOLCAS.rasscf.h5', 'MOLCAS.3.rasscf.h5']
['copy', 'MOLCAS.JobIph', 'MOLCAS.3.JobIph']
['link', 'MOLCAS.1.JobIph', 'JOB001']
['rassi', 'dm', [4]]
['copy', 'MOLCAS.rassi.h5', 'MOLCAS.rassi.1.h5']
['link', 'MOLCAS.3.JobIph', 'JOB001']
['rassi', 'dm', [3]]
['copy', 'MOLCAS.rassi.h5', 'MOLCAS.rassi.3.h5']
['copy', '/project/lgagliardi/helenclifford/practice_rcc/sharc4/methaniminium/tutorial_reproduction/traj/Singlet_2/TRAJ_00006/restart/MOLCAS.1.JobIph.54', 'JOB001']
['link', 'MOLCAS.1.JobIph', 'JOB002']
['rassi', 'overlap', [4, 4]]
['copy', 'MOLCAS.rassi.h5', 'MOLCAS.rassi.ovlp.1.h5']
['copy', '/project/lgagliardi/helenclifford/practice_rcc/sharc4/methaniminium/tutorial_reproduction/traj/Singlet_2/TRAJ_00006/restart/MOLCAS.3.JobIph.54', 'JOB001']
['link', 'MOLCAS.3.JobIph', 'JOB002']
['rassi', 'overlap', [3, 3]]
['copy', 'MOLCAS.rassi.h5', 'MOLCAS.rassi.ovlp.3.h5']
['link', 'MOLCAS.1.JobIph', 'JOB001']
['link', 'MOLCAS.3.JobIph', 'JOB002']
['rassi', 'soc', [4, 3]]
['copy', '$master_path/MOLCAS.1.JobIph', 'JOBOLD']
['rasscf', 1, 4, True, False]
['mclr', 0.0001, 'sala=1']
['alaska']
['copy', '$master_path/MOLCAS.1.JobIph', 'JOBOLD']
['rasscf', 1, 4, True, False]
['mclr', 0.0001, 'sala=2']
['alaska']
All jobs finished:
job: master          code: 0    runtime: 0:00:19.780906
job: grad_1_1        code: 0    runtime: 0:00:11.012354
job: grad_1_2        code: 0    runtime: 0:00:08.401193

Starting job execution
['gateway']
['seward']
['copy', '/project/lgagliardi/helenclifford/practice_rcc/sharc4/methaniminium/tutorial_reproduction/traj/Singlet_2/TRAJ_00006/restart/MOLCAS.1.JobIph.55', 'JOBOLD']
['rasscf', 1, 4, True, False]
['copy', 'MOLCAS.rasscf.h5', 'MOLCAS.1.rasscf.h5']
['copy', 'MOLCAS.JobIph', 'MOLCAS.1.JobIph']
['copy', '/project/lgagliardi/helenclifford/practice_rcc/sharc4/methaniminium/tutorial_reproduction/traj/Singlet_2/TRAJ_00006/restart/MOLCAS.3.JobIph.55', 'JOBOLD']
['rasscf', 3, 3, True, False]
['copy', 'MOLCAS.rasscf.h5', 'MOLCAS.3.rasscf.h5']
['copy', 'MOLCAS.JobIph', 'MOLCAS.3.JobIph']
['link', 'MOLCAS.1.JobIph', 'JOB001']
['rassi', 'dm', [4]]
['copy', 'MOLCAS.rassi.h5', 'MOLCAS.rassi.1.h5']
['link', 'MOLCAS.3.JobIph', 'JOB001']
['rassi', 'dm', [3]]
['copy', 'MOLCAS.rassi.h5', 'MOLCAS.rassi.3.h5']
['copy', '/project/lgagliardi/helenclifford/practice_rcc/sharc4/methaniminium/tutorial_reproduction/traj/Singlet_2/TRAJ_00006/restart/MOLCAS.1.JobIph.55', 'JOB001']
['link', 'MOLCAS.1.JobIph', 'JOB002']
['rassi', 'overlap', [4, 4]]
['copy', 'MOLCAS.rassi.h5', 'MOLCAS.rassi.ovlp.1.h5']
['copy', '/project/lgagliardi/helenclifford/practice_rcc/sharc4/methaniminium/tutorial_reproduction/traj/Singlet_2/TRAJ_00006/restart/MOLCAS.3.JobIph.55', 'JOB001']
['link', 'MOLCAS.3.JobIph', 'JOB002']
['rassi', 'overlap', [3, 3]]
['copy', 'MOLCAS.rassi.h5', 'MOLCAS.rassi.ovlp.3.h5']
['link', 'MOLCAS.1.JobIph', 'JOB001']
['link', 'MOLCAS.3.JobIph', 'JOB002']
['rassi', 'soc', [4, 3]]
['copy', '$master_path/MOLCAS.1.JobIph', 'JOBOLD']
['rasscf', 1, 4, True, False]
['mclr', 0.0001, 'sala=1']
['alaska']
['copy', '$master_path/MOLCAS.1.JobIph', 'JOBOLD']
['rasscf', 1, 4, True, False]
['mclr', 0.0001, 'sala=2']
['alaska']
All jobs finished:
job: master          code: 0    runtime: 0:00:19.806207
job: grad_1_1        code: 0    runtime: 0:00:11.073068
job: grad_1_2        code: 0    runtime: 0:00:13.712231

Starting job execution
['gateway']
['seward']
['copy', '/project/lgagliardi/helenclifford/practice_rcc/sharc4/methaniminium/tutorial_reproduction/traj/Singlet_2/TRAJ_00006/restart/MOLCAS.1.JobIph.56', 'JOBOLD']
['rasscf', 1, 4, True, False]
['copy', 'MOLCAS.rasscf.h5', 'MOLCAS.1.rasscf.h5']
['copy', 'MOLCAS.JobIph', 'MOLCAS.1.JobIph']
['copy', '/project/lgagliardi/helenclifford/practice_rcc/sharc4/methaniminium/tutorial_reproduction/traj/Singlet_2/TRAJ_00006/restart/MOLCAS.3.JobIph.56', 'JOBOLD']
['rasscf', 3, 3, True, False]
['copy', 'MOLCAS.rasscf.h5', 'MOLCAS.3.rasscf.h5']
['copy', 'MOLCAS.JobIph', 'MOLCAS.3.JobIph']
['link', 'MOLCAS.1.JobIph', 'JOB001']
['rassi', 'dm', [4]]
['copy', 'MOLCAS.rassi.h5', 'MOLCAS.rassi.1.h5']
['link', 'MOLCAS.3.JobIph', 'JOB001']
['rassi', 'dm', [3]]
['copy', 'MOLCAS.rassi.h5', 'MOLCAS.rassi.3.h5']
['copy', '/project/lgagliardi/helenclifford/practice_rcc/sharc4/methaniminium/tutorial_reproduction/traj/Singlet_2/TRAJ_00006/restart/MOLCAS.1.JobIph.56', 'JOB001']
['link', 'MOLCAS.1.JobIph', 'JOB002']
['rassi', 'overlap', [4, 4]]
['copy', 'MOLCAS.rassi.h5', 'MOLCAS.rassi.ovlp.1.h5']
['copy', '/project/lgagliardi/helenclifford/practice_rcc/sharc4/methaniminium/tutorial_reproduction/traj/Singlet_2/TRAJ_00006/restart/MOLCAS.3.JobIph.56', 'JOB001']
['link', 'MOLCAS.3.JobIph', 'JOB002']
['rassi', 'overlap', [3, 3]]
['copy', 'MOLCAS.rassi.h5', 'MOLCAS.rassi.ovlp.3.h5']
['link', 'MOLCAS.1.JobIph', 'JOB001']
['link', 'MOLCAS.3.JobIph', 'JOB002']
['rassi', 'soc', [4, 3]]
['copy', '$master_path/MOLCAS.1.JobIph', 'JOBOLD']
['rasscf', 1, 4, True, False]
['mclr', 0.0001, 'sala=1']
['alaska']
['copy', '$master_path/MOLCAS.1.JobIph', 'JOBOLD']
['rasscf', 1, 4, True, False]
['mclr', 0.0001, 'sala=2']
['alaska']
All jobs finished:
job: master          code: 0    runtime: 0:00:20.628895
job: grad_1_1        code: 0    runtime: 0:00:10.294368
job: grad_1_2        code: 0    runtime: 0:00:08.569713

Starting job execution
['gateway']
['seward']
['copy', '/project/lgagliardi/helenclifford/practice_rcc/sharc4/methaniminium/tutorial_reproduction/traj/Singlet_2/TRAJ_00006/restart/MOLCAS.1.JobIph.57', 'JOBOLD']
['rasscf', 1, 4, True, False]
['copy', 'MOLCAS.rasscf.h5', 'MOLCAS.1.rasscf.h5']
['copy', 'MOLCAS.JobIph', 'MOLCAS.1.JobIph']
['copy', '/project/lgagliardi/helenclifford/practice_rcc/sharc4/methaniminium/tutorial_reproduction/traj/Singlet_2/TRAJ_00006/restart/MOLCAS.3.JobIph.57', 'JOBOLD']
['rasscf', 3, 3, True, False]
['copy', 'MOLCAS.rasscf.h5', 'MOLCAS.3.rasscf.h5']
['copy', 'MOLCAS.JobIph', 'MOLCAS.3.JobIph']
['link', 'MOLCAS.1.JobIph', 'JOB001']
['rassi', 'dm', [4]]
['copy', 'MOLCAS.rassi.h5', 'MOLCAS.rassi.1.h5']
['link', 'MOLCAS.3.JobIph', 'JOB001']
['rassi', 'dm', [3]]
['copy', 'MOLCAS.rassi.h5', 'MOLCAS.rassi.3.h5']
['copy', '/project/lgagliardi/helenclifford/practice_rcc/sharc4/methaniminium/tutorial_reproduction/traj/Singlet_2/TRAJ_00006/restart/MOLCAS.1.JobIph.57', 'JOB001']
['link', 'MOLCAS.1.JobIph', 'JOB002']
['rassi', 'overlap', [4, 4]]
['copy', 'MOLCAS.rassi.h5', 'MOLCAS.rassi.ovlp.1.h5']
['copy', '/project/lgagliardi/helenclifford/practice_rcc/sharc4/methaniminium/tutorial_reproduction/traj/Singlet_2/TRAJ_00006/restart/MOLCAS.3.JobIph.57', 'JOB001']
['link', 'MOLCAS.3.JobIph', 'JOB002']
['rassi', 'overlap', [3, 3]]
['copy', 'MOLCAS.rassi.h5', 'MOLCAS.rassi.ovlp.3.h5']
['link', 'MOLCAS.1.JobIph', 'JOB001']
['link', 'MOLCAS.3.JobIph', 'JOB002']
['rassi', 'soc', [4, 3]]
['copy', '$master_path/MOLCAS.1.JobIph', 'JOBOLD']
['rasscf', 1, 4, True, False]
['mclr', 0.0001, 'sala=1']
['alaska']
All jobs finished:
job: master          code: 0    runtime: 0:00:22.065350
job: grad_1_1        code: 0    runtime: 0:00:11.884483

Starting job execution
['gateway']
['seward']
['copy', '/project/lgagliardi/helenclifford/practice_rcc/sharc4/methaniminium/tutorial_reproduction/traj/Singlet_2/TRAJ_00006/restart/MOLCAS.1.JobIph.58', 'JOBOLD']
['rasscf', 1, 4, True, False]
['copy', 'MOLCAS.rasscf.h5', 'MOLCAS.1.rasscf.h5']
['copy', 'MOLCAS.JobIph', 'MOLCAS.1.JobIph']
['copy', '/project/lgagliardi/helenclifford/practice_rcc/sharc4/methaniminium/tutorial_reproduction/traj/Singlet_2/TRAJ_00006/restart/MOLCAS.3.JobIph.58', 'JOBOLD']
['rasscf', 3, 3, True, False]
['copy', 'MOLCAS.rasscf.h5', 'MOLCAS.3.rasscf.h5']
['copy', 'MOLCAS.JobIph', 'MOLCAS.3.JobIph']
['link', 'MOLCAS.1.JobIph', 'JOB001']
['rassi', 'dm', [4]]
['copy', 'MOLCAS.rassi.h5', 'MOLCAS.rassi.1.h5']
['link', 'MOLCAS.3.JobIph', 'JOB001']
['rassi', 'dm', [3]]
['copy', 'MOLCAS.rassi.h5', 'MOLCAS.rassi.3.h5']
['copy', '/project/lgagliardi/helenclifford/practice_rcc/sharc4/methaniminium/tutorial_reproduction/traj/Singlet_2/TRAJ_00006/restart/MOLCAS.1.JobIph.58', 'JOB001']
['link', 'MOLCAS.1.JobIph', 'JOB002']
['rassi', 'overlap', [4, 4]]
['copy', 'MOLCAS.rassi.h5', 'MOLCAS.rassi.ovlp.1.h5']
['copy', '/project/lgagliardi/helenclifford/practice_rcc/sharc4/methaniminium/tutorial_reproduction/traj/Singlet_2/TRAJ_00006/restart/MOLCAS.3.JobIph.58', 'JOB001']
['link', 'MOLCAS.3.JobIph', 'JOB002']
['rassi', 'overlap', [3, 3]]
['copy', 'MOLCAS.rassi.h5', 'MOLCAS.rassi.ovlp.3.h5']
['link', 'MOLCAS.1.JobIph', 'JOB001']
['link', 'MOLCAS.3.JobIph', 'JOB002']
['rassi', 'soc', [4, 3]]
['copy', '$master_path/MOLCAS.1.JobIph', 'JOBOLD']
['rasscf', 1, 4, True, False]
['mclr', 0.0001, 'sala=1']
['alaska']
All jobs finished:
job: master          code: 0    runtime: 0:00:20.939439
job: grad_1_1        code: 0    runtime: 0:00:12.919357

Starting job execution
['gateway']
['seward']
['copy', '/project/lgagliardi/helenclifford/practice_rcc/sharc4/methaniminium/tutorial_reproduction/traj/Singlet_2/TRAJ_00006/restart/MOLCAS.1.JobIph.59', 'JOBOLD']
['rasscf', 1, 4, True, False]
['copy', 'MOLCAS.rasscf.h5', 'MOLCAS.1.rasscf.h5']
['copy', 'MOLCAS.JobIph', 'MOLCAS.1.JobIph']
['copy', '/project/lgagliardi/helenclifford/practice_rcc/sharc4/methaniminium/tutorial_reproduction/traj/Singlet_2/TRAJ_00006/restart/MOLCAS.3.JobIph.59', 'JOBOLD']
['rasscf', 3, 3, True, False]
['copy', 'MOLCAS.rasscf.h5', 'MOLCAS.3.rasscf.h5']
['copy', 'MOLCAS.JobIph', 'MOLCAS.3.JobIph']
['link', 'MOLCAS.1.JobIph', 'JOB001']
['rassi', 'dm', [4]]
['copy', 'MOLCAS.rassi.h5', 'MOLCAS.rassi.1.h5']
['link', 'MOLCAS.3.JobIph', 'JOB001']
['rassi', 'dm', [3]]
['copy', 'MOLCAS.rassi.h5', 'MOLCAS.rassi.3.h5']
['copy', '/project/lgagliardi/helenclifford/practice_rcc/sharc4/methaniminium/tutorial_reproduction/traj/Singlet_2/TRAJ_00006/restart/MOLCAS.1.JobIph.58', 'JOB001']
['link', 'MOLCAS.1.JobIph', 'JOB002']
['rassi', 'overlap', [4, 4]]
['copy', 'MOLCAS.rassi.h5', 'MOLCAS.rassi.ovlp.1.h5']
['copy', '/project/lgagliardi/helenclifford/practice_rcc/sharc4/methaniminium/tutorial_reproduction/traj/Singlet_2/TRAJ_00006/restart/MOLCAS.3.JobIph.58', 'JOB001']
['link', 'MOLCAS.3.JobIph', 'JOB002']
['rassi', 'overlap', [3, 3]]
['copy', 'MOLCAS.rassi.h5', 'MOLCAS.rassi.ovlp.3.h5']
['link', 'MOLCAS.1.JobIph', 'JOB001']
['link', 'MOLCAS.3.JobIph', 'JOB002']
['rassi', 'soc', [4, 3]]
['copy', '$master_path/MOLCAS.1.JobIph', 'JOBOLD']
['rasscf', 1, 4, True, False]
['mclr', 0.0001, 'sala=1']
['alaska']
['copy', '$master_path/MOLCAS.3.JobIph', 'JOBOLD']
['rasscf', 3, 3, True, False]
['mclr', 0.0001, 'sala=2']
['alaska']
All jobs finished:
job: master          code: 0    runtime: 0:00:19.529670
job: grad_1_1        code: 0    runtime: 0:00:12.481071
job: grad_3_2        code: 0    runtime: 0:00:09.765351

Starting job execution
['gateway']
['seward']
['copy', '/project/lgagliardi/helenclifford/practice_rcc/sharc4/methaniminium/tutorial_reproduction/traj/Singlet_2/TRAJ_00006/restart/MOLCAS.1.JobIph.59', 'JOBOLD']
['rasscf', 1, 4, True, False]
['copy', 'MOLCAS.rasscf.h5', 'MOLCAS.1.rasscf.h5']
['copy', 'MOLCAS.JobIph', 'MOLCAS.1.JobIph']
['copy', '/project/lgagliardi/helenclifford/practice_rcc/sharc4/methaniminium/tutorial_reproduction/traj/Singlet_2/TRAJ_00006/restart/MOLCAS.3.JobIph.59', 'JOBOLD']
['rasscf', 3, 3, True, False]
['copy', 'MOLCAS.rasscf.h5', 'MOLCAS.3.rasscf.h5']
['copy', 'MOLCAS.JobIph', 'MOLCAS.3.JobIph']
['link', 'MOLCAS.1.JobIph', 'JOB001']
['rassi', 'dm', [4]]
['copy', 'MOLCAS.rassi.h5', 'MOLCAS.rassi.1.h5']
['link', 'MOLCAS.3.JobIph', 'JOB001']
['rassi', 'dm', [3]]
['copy', 'MOLCAS.rassi.h5', 'MOLCAS.rassi.3.h5']
['copy', '/project/lgagliardi/helenclifford/practice_rcc/sharc4/methaniminium/tutorial_reproduction/traj/Singlet_2/TRAJ_00006/restart/MOLCAS.1.JobIph.59', 'JOB001']
['link', 'MOLCAS.1.JobIph', 'JOB002']
['rassi', 'overlap', [4, 4]]
['copy', 'MOLCAS.rassi.h5', 'MOLCAS.rassi.ovlp.1.h5']
['copy', '/project/lgagliardi/helenclifford/practice_rcc/sharc4/methaniminium/tutorial_reproduction/traj/Singlet_2/TRAJ_00006/restart/MOLCAS.3.JobIph.59', 'JOB001']
['link', 'MOLCAS.3.JobIph', 'JOB002']
['rassi', 'overlap', [3, 3]]
['copy', 'MOLCAS.rassi.h5', 'MOLCAS.rassi.ovlp.3.h5']
['link', 'MOLCAS.1.JobIph', 'JOB001']
['link', 'MOLCAS.3.JobIph', 'JOB002']
['rassi', 'soc', [4, 3]]
['copy', '$master_path/MOLCAS.1.JobIph', 'JOBOLD']
['rasscf', 1, 4, True, False]
['mclr', 0.0001, 'sala=1']
['alaska']
['copy', '$master_path/MOLCAS.3.JobIph', 'JOBOLD']
['rasscf', 3, 3, True, False]
['mclr', 0.0001, 'sala=2']
['alaska']
All jobs finished:
job: master          code: 0    runtime: 0:00:20.029640
job: grad_1_1        code: 0    runtime: 0:00:02.551829
job: grad_3_2        code: 0    runtime: 0:00:21.492548

Starting job execution
['gateway']
['seward']
['copy', '/project/lgagliardi/helenclifford/practice_rcc/sharc4/methaniminium/tutorial_reproduction/traj/Singlet_2/TRAJ_00006/restart/MOLCAS.1.JobIph.60', 'JOBOLD']
['rasscf', 1, 4, True, False]
['copy', 'MOLCAS.rasscf.h5', 'MOLCAS.1.rasscf.h5']
['copy', 'MOLCAS.JobIph', 'MOLCAS.1.JobIph']
['copy', '/project/lgagliardi/helenclifford/practice_rcc/sharc4/methaniminium/tutorial_reproduction/traj/Singlet_2/TRAJ_00006/restart/MOLCAS.3.JobIph.60', 'JOBOLD']
['rasscf', 3, 3, True, False]
['copy', 'MOLCAS.rasscf.h5', 'MOLCAS.3.rasscf.h5']
['copy', 'MOLCAS.JobIph', 'MOLCAS.3.JobIph']
['link', 'MOLCAS.1.JobIph', 'JOB001']
['rassi', 'dm', [4]]
['copy', 'MOLCAS.rassi.h5', 'MOLCAS.rassi.1.h5']
['link', 'MOLCAS.3.JobIph', 'JOB001']
['rassi', 'dm', [3]]
['copy', 'MOLCAS.rassi.h5', 'MOLCAS.rassi.3.h5']
['copy', '/project/lgagliardi/helenclifford/practice_rcc/sharc4/methaniminium/tutorial_reproduction/traj/Singlet_2/TRAJ_00006/restart/MOLCAS.1.JobIph.60', 'JOB001']
['link', 'MOLCAS.1.JobIph', 'JOB002']
['rassi', 'overlap', [4, 4]]
['copy', 'MOLCAS.rassi.h5', 'MOLCAS.rassi.ovlp.1.h5']
['copy', '/project/lgagliardi/helenclifford/practice_rcc/sharc4/methaniminium/tutorial_reproduction/traj/Singlet_2/TRAJ_00006/restart/MOLCAS.3.JobIph.60', 'JOB001']
['link', 'MOLCAS.3.JobIph', 'JOB002']
['rassi', 'overlap', [3, 3]]
['copy', 'MOLCAS.rassi.h5', 'MOLCAS.rassi.ovlp.3.h5']
['link', 'MOLCAS.1.JobIph', 'JOB001']
['link', 'MOLCAS.3.JobIph', 'JOB002']
['rassi', 'soc', [4, 3]]
['copy', '$master_path/MOLCAS.1.JobIph', 'JOBOLD']
['rasscf', 1, 4, True, False]
['mclr', 0.0001, 'sala=1']
['alaska']
['copy', '$master_path/MOLCAS.3.JobIph', 'JOBOLD']
['rasscf', 3, 3, True, False]
['mclr', 0.0001, 'sala=2']
['alaska']
All jobs finished:
job: master          code: 0    runtime: 0:00:20.828217
job: grad_1_1        code: 0    runtime: 0:00:11.597563
job: grad_3_2        code: 0    runtime: 0:00:09.603186

Starting job execution
['gateway']
['seward']
['copy', '/project/lgagliardi/helenclifford/practice_rcc/sharc4/methaniminium/tutorial_reproduction/traj/Singlet_2/TRAJ_00006/restart/MOLCAS.1.JobIph.61', 'JOBOLD']
['rasscf', 1, 4, True, False]
['copy', 'MOLCAS.rasscf.h5', 'MOLCAS.1.rasscf.h5']
['copy', 'MOLCAS.JobIph', 'MOLCAS.1.JobIph']
['copy', '/project/lgagliardi/helenclifford/practice_rcc/sharc4/methaniminium/tutorial_reproduction/traj/Singlet_2/TRAJ_00006/restart/MOLCAS.3.JobIph.61', 'JOBOLD']
['rasscf', 3, 3, True, False]
['copy', 'MOLCAS.rasscf.h5', 'MOLCAS.3.rasscf.h5']
['copy', 'MOLCAS.JobIph', 'MOLCAS.3.JobIph']
['link', 'MOLCAS.1.JobIph', 'JOB001']
['rassi', 'dm', [4]]
['copy', 'MOLCAS.rassi.h5', 'MOLCAS.rassi.1.h5']
['link', 'MOLCAS.3.JobIph', 'JOB001']
['rassi', 'dm', [3]]
['copy', 'MOLCAS.rassi.h5', 'MOLCAS.rassi.3.h5']
['copy', '/project/lgagliardi/helenclifford/practice_rcc/sharc4/methaniminium/tutorial_reproduction/traj/Singlet_2/TRAJ_00006/restart/MOLCAS.1.JobIph.61', 'JOB001']
['link', 'MOLCAS.1.JobIph', 'JOB002']
['rassi', 'overlap', [4, 4]]
['copy', 'MOLCAS.rassi.h5', 'MOLCAS.rassi.ovlp.1.h5']
['copy', '/project/lgagliardi/helenclifford/practice_rcc/sharc4/methaniminium/tutorial_reproduction/traj/Singlet_2/TRAJ_00006/restart/MOLCAS.3.JobIph.61', 'JOB001']
['link', 'MOLCAS.3.JobIph', 'JOB002']
['rassi', 'overlap', [3, 3]]
['copy', 'MOLCAS.rassi.h5', 'MOLCAS.rassi.ovlp.3.h5']
['link', 'MOLCAS.1.JobIph', 'JOB001']
['link', 'MOLCAS.3.JobIph', 'JOB002']
['rassi', 'soc', [4, 3]]
['copy', '$master_path/MOLCAS.1.JobIph', 'JOBOLD']
['rasscf', 1, 4, True, False]
['mclr', 0.0001, 'sala=1']
['alaska']
All jobs finished:
job: master          code: 0    runtime: 0:00:16.626517
job: grad_1_1        code: 0    runtime: 0:00:15.763050

Starting job execution
['gateway']
['seward']
['copy', '/project/lgagliardi/helenclifford/practice_rcc/sharc4/methaniminium/tutorial_reproduction/traj/Singlet_2/TRAJ_00006/restart/MOLCAS.1.JobIph.62', 'JOBOLD']
['rasscf', 1, 4, True, False]
['copy', 'MOLCAS.rasscf.h5', 'MOLCAS.1.rasscf.h5']
['copy', 'MOLCAS.JobIph', 'MOLCAS.1.JobIph']
['copy', '/project/lgagliardi/helenclifford/practice_rcc/sharc4/methaniminium/tutorial_reproduction/traj/Singlet_2/TRAJ_00006/restart/MOLCAS.3.JobIph.62', 'JOBOLD']
['rasscf', 3, 3, True, False]
['copy', 'MOLCAS.rasscf.h5', 'MOLCAS.3.rasscf.h5']
['copy', 'MOLCAS.JobIph', 'MOLCAS.3.JobIph']
['link', 'MOLCAS.1.JobIph', 'JOB001']
['rassi', 'dm', [4]]
['copy', 'MOLCAS.rassi.h5', 'MOLCAS.rassi.1.h5']
['link', 'MOLCAS.3.JobIph', 'JOB001']
['rassi', 'dm', [3]]
['copy', 'MOLCAS.rassi.h5', 'MOLCAS.rassi.3.h5']
['copy', '/project/lgagliardi/helenclifford/practice_rcc/sharc4/methaniminium/tutorial_reproduction/traj/Singlet_2/TRAJ_00006/restart/MOLCAS.1.JobIph.62', 'JOB001']
['link', 'MOLCAS.1.JobIph', 'JOB002']
['rassi', 'overlap', [4, 4]]
['copy', 'MOLCAS.rassi.h5', 'MOLCAS.rassi.ovlp.1.h5']
['copy', '/project/lgagliardi/helenclifford/practice_rcc/sharc4/methaniminium/tutorial_reproduction/traj/Singlet_2/TRAJ_00006/restart/MOLCAS.3.JobIph.62', 'JOB001']
['link', 'MOLCAS.3.JobIph', 'JOB002']
['rassi', 'overlap', [3, 3]]
['copy', 'MOLCAS.rassi.h5', 'MOLCAS.rassi.ovlp.3.h5']
['link', 'MOLCAS.1.JobIph', 'JOB001']
['link', 'MOLCAS.3.JobIph', 'JOB002']
['rassi', 'soc', [4, 3]]
['copy', '$master_path/MOLCAS.1.JobIph', 'JOBOLD']
['rasscf', 1, 4, True, False]
['mclr', 0.0001, 'sala=1']
['alaska']
All jobs finished:
job: master          code: 0    runtime: 0:00:21.147007
job: grad_1_1        code: 0    runtime: 0:00:05.709670

Starting job execution
['gateway']
['seward']
['copy', '/project/lgagliardi/helenclifford/practice_rcc/sharc4/methaniminium/tutorial_reproduction/traj/Singlet_2/TRAJ_00006/restart/MOLCAS.1.JobIph.63', 'JOBOLD']
['rasscf', 1, 4, True, False]
['copy', 'MOLCAS.rasscf.h5', 'MOLCAS.1.rasscf.h5']
['copy', 'MOLCAS.JobIph', 'MOLCAS.1.JobIph']
['copy', '/project/lgagliardi/helenclifford/practice_rcc/sharc4/methaniminium/tutorial_reproduction/traj/Singlet_2/TRAJ_00006/restart/MOLCAS.3.JobIph.63', 'JOBOLD']
['rasscf', 3, 3, True, False]
['copy', 'MOLCAS.rasscf.h5', 'MOLCAS.3.rasscf.h5']
['copy', 'MOLCAS.JobIph', 'MOLCAS.3.JobIph']
['link', 'MOLCAS.1.JobIph', 'JOB001']
['rassi', 'dm', [4]]
['copy', 'MOLCAS.rassi.h5', 'MOLCAS.rassi.1.h5']
['link', 'MOLCAS.3.JobIph', 'JOB001']
['rassi', 'dm', [3]]
['copy', 'MOLCAS.rassi.h5', 'MOLCAS.rassi.3.h5']
['copy', '/project/lgagliardi/helenclifford/practice_rcc/sharc4/methaniminium/tutorial_reproduction/traj/Singlet_2/TRAJ_00006/restart/MOLCAS.1.JobIph.63', 'JOB001']
['link', 'MOLCAS.1.JobIph', 'JOB002']
['rassi', 'overlap', [4, 4]]
['copy', 'MOLCAS.rassi.h5', 'MOLCAS.rassi.ovlp.1.h5']
['copy', '/project/lgagliardi/helenclifford/practice_rcc/sharc4/methaniminium/tutorial_reproduction/traj/Singlet_2/TRAJ_00006/restart/MOLCAS.3.JobIph.63', 'JOB001']
['link', 'MOLCAS.3.JobIph', 'JOB002']
['rassi', 'overlap', [3, 3]]
['copy', 'MOLCAS.rassi.h5', 'MOLCAS.rassi.ovlp.3.h5']
['link', 'MOLCAS.1.JobIph', 'JOB001']
['link', 'MOLCAS.3.JobIph', 'JOB002']
['rassi', 'soc', [4, 3]]
['copy', '$master_path/MOLCAS.1.JobIph', 'JOBOLD']
['rasscf', 1, 4, True, False]
['mclr', 0.0001, 'sala=1']
['alaska']
All jobs finished:
job: master          code: 0    runtime: 0:00:26.524127
job: grad_1_1        code: 0    runtime: 0:00:08.288378

Starting job execution
['gateway']
['seward']
['copy', '/project/lgagliardi/helenclifford/practice_rcc/sharc4/methaniminium/tutorial_reproduction/traj/Singlet_2/TRAJ_00006/restart/MOLCAS.1.JobIph.64', 'JOBOLD']
['rasscf', 1, 4, True, False]
['copy', 'MOLCAS.rasscf.h5', 'MOLCAS.1.rasscf.h5']
['copy', 'MOLCAS.JobIph', 'MOLCAS.1.JobIph']
['copy', '/project/lgagliardi/helenclifford/practice_rcc/sharc4/methaniminium/tutorial_reproduction/traj/Singlet_2/TRAJ_00006/restart/MOLCAS.3.JobIph.64', 'JOBOLD']
['rasscf', 3, 3, True, False]
['copy', 'MOLCAS.rasscf.h5', 'MOLCAS.3.rasscf.h5']
['copy', 'MOLCAS.JobIph', 'MOLCAS.3.JobIph']
['link', 'MOLCAS.1.JobIph', 'JOB001']
['rassi', 'dm', [4]]
['copy', 'MOLCAS.rassi.h5', 'MOLCAS.rassi.1.h5']
['link', 'MOLCAS.3.JobIph', 'JOB001']
['rassi', 'dm', [3]]
['copy', 'MOLCAS.rassi.h5', 'MOLCAS.rassi.3.h5']
['copy', '/project/lgagliardi/helenclifford/practice_rcc/sharc4/methaniminium/tutorial_reproduction/traj/Singlet_2/TRAJ_00006/restart/MOLCAS.1.JobIph.64', 'JOB001']
['link', 'MOLCAS.1.JobIph', 'JOB002']
['rassi', 'overlap', [4, 4]]
['copy', 'MOLCAS.rassi.h5', 'MOLCAS.rassi.ovlp.1.h5']
['copy', '/project/lgagliardi/helenclifford/practice_rcc/sharc4/methaniminium/tutorial_reproduction/traj/Singlet_2/TRAJ_00006/restart/MOLCAS.3.JobIph.64', 'JOB001']
['link', 'MOLCAS.3.JobIph', 'JOB002']
['rassi', 'overlap', [3, 3]]
['copy', 'MOLCAS.rassi.h5', 'MOLCAS.rassi.ovlp.3.h5']
['link', 'MOLCAS.1.JobIph', 'JOB001']
['link', 'MOLCAS.3.JobIph', 'JOB002']
['rassi', 'soc', [4, 3]]
['copy', '$master_path/MOLCAS.1.JobIph', 'JOBOLD']
['rasscf', 1, 4, True, False]
['mclr', 0.0001, 'sala=1']
['alaska']
All jobs finished:
job: master          code: 0    runtime: 0:00:30.546281
job: grad_1_1        code: 0    runtime: 0:00:12.579051

Starting job execution
['gateway']
['seward']
['copy', '/project/lgagliardi/helenclifford/practice_rcc/sharc4/methaniminium/tutorial_reproduction/traj/Singlet_2/TRAJ_00006/restart/MOLCAS.1.JobIph.65', 'JOBOLD']
['rasscf', 1, 4, True, False]
['copy', 'MOLCAS.rasscf.h5', 'MOLCAS.1.rasscf.h5']
['copy', 'MOLCAS.JobIph', 'MOLCAS.1.JobIph']
['copy', '/project/lgagliardi/helenclifford/practice_rcc/sharc4/methaniminium/tutorial_reproduction/traj/Singlet_2/TRAJ_00006/restart/MOLCAS.3.JobIph.65', 'JOBOLD']
['rasscf', 3, 3, True, False]
['copy', 'MOLCAS.rasscf.h5', 'MOLCAS.3.rasscf.h5']
['copy', 'MOLCAS.JobIph', 'MOLCAS.3.JobIph']
['link', 'MOLCAS.1.JobIph', 'JOB001']
['rassi', 'dm', [4]]
['copy', 'MOLCAS.rassi.h5', 'MOLCAS.rassi.1.h5']
['link', 'MOLCAS.3.JobIph', 'JOB001']
['rassi', 'dm', [3]]
['copy', 'MOLCAS.rassi.h5', 'MOLCAS.rassi.3.h5']
['copy', '/project/lgagliardi/helenclifford/practice_rcc/sharc4/methaniminium/tutorial_reproduction/traj/Singlet_2/TRAJ_00006/restart/MOLCAS.1.JobIph.65', 'JOB001']
['link', 'MOLCAS.1.JobIph', 'JOB002']
['rassi', 'overlap', [4, 4]]
['copy', 'MOLCAS.rassi.h5', 'MOLCAS.rassi.ovlp.1.h5']
['copy', '/project/lgagliardi/helenclifford/practice_rcc/sharc4/methaniminium/tutorial_reproduction/traj/Singlet_2/TRAJ_00006/restart/MOLCAS.3.JobIph.65', 'JOB001']
['link', 'MOLCAS.3.JobIph', 'JOB002']
['rassi', 'overlap', [3, 3]]
['copy', 'MOLCAS.rassi.h5', 'MOLCAS.rassi.ovlp.3.h5']
['link', 'MOLCAS.1.JobIph', 'JOB001']
['link', 'MOLCAS.3.JobIph', 'JOB002']
['rassi', 'soc', [4, 3]]
['copy', '$master_path/MOLCAS.1.JobIph', 'JOBOLD']
['rasscf', 1, 4, True, False]
['mclr', 0.0001, 'sala=1']
['alaska']
All jobs finished:
job: master          code: 0    runtime: 0:00:22.529504
job: grad_1_1        code: 0    runtime: 0:00:09.209796

Starting job execution
['gateway']
['seward']
['copy', '/project/lgagliardi/helenclifford/practice_rcc/sharc4/methaniminium/tutorial_reproduction/traj/Singlet_2/TRAJ_00006/restart/MOLCAS.1.JobIph.66', 'JOBOLD']
['rasscf', 1, 4, True, False]
['copy', 'MOLCAS.rasscf.h5', 'MOLCAS.1.rasscf.h5']
['copy', 'MOLCAS.JobIph', 'MOLCAS.1.JobIph']
['copy', '/project/lgagliardi/helenclifford/practice_rcc/sharc4/methaniminium/tutorial_reproduction/traj/Singlet_2/TRAJ_00006/restart/MOLCAS.3.JobIph.66', 'JOBOLD']
['rasscf', 3, 3, True, False]
['copy', 'MOLCAS.rasscf.h5', 'MOLCAS.3.rasscf.h5']
['copy', 'MOLCAS.JobIph', 'MOLCAS.3.JobIph']
['link', 'MOLCAS.1.JobIph', 'JOB001']
['rassi', 'dm', [4]]
['copy', 'MOLCAS.rassi.h5', 'MOLCAS.rassi.1.h5']
['link', 'MOLCAS.3.JobIph', 'JOB001']
['rassi', 'dm', [3]]
['copy', 'MOLCAS.rassi.h5', 'MOLCAS.rassi.3.h5']
['copy', '/project/lgagliardi/helenclifford/practice_rcc/sharc4/methaniminium/tutorial_reproduction/traj/Singlet_2/TRAJ_00006/restart/MOLCAS.1.JobIph.66', 'JOB001']
['link', 'MOLCAS.1.JobIph', 'JOB002']
['rassi', 'overlap', [4, 4]]
['copy', 'MOLCAS.rassi.h5', 'MOLCAS.rassi.ovlp.1.h5']
['copy', '/project/lgagliardi/helenclifford/practice_rcc/sharc4/methaniminium/tutorial_reproduction/traj/Singlet_2/TRAJ_00006/restart/MOLCAS.3.JobIph.66', 'JOB001']
['link', 'MOLCAS.3.JobIph', 'JOB002']
['rassi', 'overlap', [3, 3]]
['copy', 'MOLCAS.rassi.h5', 'MOLCAS.rassi.ovlp.3.h5']
['link', 'MOLCAS.1.JobIph', 'JOB001']
['link', 'MOLCAS.3.JobIph', 'JOB002']
['rassi', 'soc', [4, 3]]
['copy', '$master_path/MOLCAS.1.JobIph', 'JOBOLD']
['rasscf', 1, 4, True, False]
['mclr', 0.0001, 'sala=1']
['alaska']
All jobs finished:
job: master          code: 0    runtime: 0:00:23.722450
job: grad_1_1        code: 0    runtime: 0:00:10.836554

Starting job execution
['gateway']
['seward']
['copy', '/project/lgagliardi/helenclifford/practice_rcc/sharc4/methaniminium/tutorial_reproduction/traj/Singlet_2/TRAJ_00006/restart/MOLCAS.1.JobIph.67', 'JOBOLD']
['rasscf', 1, 4, True, False]
['copy', 'MOLCAS.rasscf.h5', 'MOLCAS.1.rasscf.h5']
['copy', 'MOLCAS.JobIph', 'MOLCAS.1.JobIph']
['copy', '/project/lgagliardi/helenclifford/practice_rcc/sharc4/methaniminium/tutorial_reproduction/traj/Singlet_2/TRAJ_00006/restart/MOLCAS.3.JobIph.67', 'JOBOLD']
['rasscf', 3, 3, True, False]
['copy', 'MOLCAS.rasscf.h5', 'MOLCAS.3.rasscf.h5']
['copy', 'MOLCAS.JobIph', 'MOLCAS.3.JobIph']
['link', 'MOLCAS.1.JobIph', 'JOB001']
['rassi', 'dm', [4]]
['copy', 'MOLCAS.rassi.h5', 'MOLCAS.rassi.1.h5']
['link', 'MOLCAS.3.JobIph', 'JOB001']
['rassi', 'dm', [3]]
['copy', 'MOLCAS.rassi.h5', 'MOLCAS.rassi.3.h5']
['copy', '/project/lgagliardi/helenclifford/practice_rcc/sharc4/methaniminium/tutorial_reproduction/traj/Singlet_2/TRAJ_00006/restart/MOLCAS.1.JobIph.67', 'JOB001']
['link', 'MOLCAS.1.JobIph', 'JOB002']
['rassi', 'overlap', [4, 4]]
['copy', 'MOLCAS.rassi.h5', 'MOLCAS.rassi.ovlp.1.h5']
['copy', '/project/lgagliardi/helenclifford/practice_rcc/sharc4/methaniminium/tutorial_reproduction/traj/Singlet_2/TRAJ_00006/restart/MOLCAS.3.JobIph.67', 'JOB001']
['link', 'MOLCAS.3.JobIph', 'JOB002']
['rassi', 'overlap', [3, 3]]
['copy', 'MOLCAS.rassi.h5', 'MOLCAS.rassi.ovlp.3.h5']
['link', 'MOLCAS.1.JobIph', 'JOB001']
['link', 'MOLCAS.3.JobIph', 'JOB002']
['rassi', 'soc', [4, 3]]
['copy', '$master_path/MOLCAS.1.JobIph', 'JOBOLD']
['rasscf', 1, 4, True, False]
['mclr', 0.0001, 'sala=1']
['alaska']
All jobs finished:
job: master          code: 0    runtime: 0:00:23.495426
job: grad_1_1        code: 0    runtime: 0:00:09.434754

Starting job execution
['gateway']
['seward']
['copy', '/project/lgagliardi/helenclifford/practice_rcc/sharc4/methaniminium/tutorial_reproduction/traj/Singlet_2/TRAJ_00006/restart/MOLCAS.1.JobIph.68', 'JOBOLD']
['rasscf', 1, 4, True, False]
['copy', 'MOLCAS.rasscf.h5', 'MOLCAS.1.rasscf.h5']
['copy', 'MOLCAS.JobIph', 'MOLCAS.1.JobIph']
['copy', '/project/lgagliardi/helenclifford/practice_rcc/sharc4/methaniminium/tutorial_reproduction/traj/Singlet_2/TRAJ_00006/restart/MOLCAS.3.JobIph.68', 'JOBOLD']
['rasscf', 3, 3, True, False]
['copy', 'MOLCAS.rasscf.h5', 'MOLCAS.3.rasscf.h5']
['copy', 'MOLCAS.JobIph', 'MOLCAS.3.JobIph']
['link', 'MOLCAS.1.JobIph', 'JOB001']
['rassi', 'dm', [4]]
['copy', 'MOLCAS.rassi.h5', 'MOLCAS.rassi.1.h5']
['link', 'MOLCAS.3.JobIph', 'JOB001']
['rassi', 'dm', [3]]
['copy', 'MOLCAS.rassi.h5', 'MOLCAS.rassi.3.h5']
['copy', '/project/lgagliardi/helenclifford/practice_rcc/sharc4/methaniminium/tutorial_reproduction/traj/Singlet_2/TRAJ_00006/restart/MOLCAS.1.JobIph.68', 'JOB001']
['link', 'MOLCAS.1.JobIph', 'JOB002']
['rassi', 'overlap', [4, 4]]
['copy', 'MOLCAS.rassi.h5', 'MOLCAS.rassi.ovlp.1.h5']
['copy', '/project/lgagliardi/helenclifford/practice_rcc/sharc4/methaniminium/tutorial_reproduction/traj/Singlet_2/TRAJ_00006/restart/MOLCAS.3.JobIph.68', 'JOB001']
['link', 'MOLCAS.3.JobIph', 'JOB002']
['rassi', 'overlap', [3, 3]]
['copy', 'MOLCAS.rassi.h5', 'MOLCAS.rassi.ovlp.3.h5']
['link', 'MOLCAS.1.JobIph', 'JOB001']
['link', 'MOLCAS.3.JobIph', 'JOB002']
['rassi', 'soc', [4, 3]]
['copy', '$master_path/MOLCAS.1.JobIph', 'JOBOLD']
['rasscf', 1, 4, True, False]
['mclr', 0.0001, 'sala=1']
['alaska']
All jobs finished:
job: master          code: 0    runtime: 0:00:21.605076
job: grad_1_1        code: 0    runtime: 0:00:10.241529

Starting job execution
['gateway']
['seward']
['copy', '/project/lgagliardi/helenclifford/practice_rcc/sharc4/methaniminium/tutorial_reproduction/traj/Singlet_2/TRAJ_00006/restart/MOLCAS.1.JobIph.69', 'JOBOLD']
['rasscf', 1, 4, True, False]
['copy', 'MOLCAS.rasscf.h5', 'MOLCAS.1.rasscf.h5']
['copy', 'MOLCAS.JobIph', 'MOLCAS.1.JobIph']
['copy', '/project/lgagliardi/helenclifford/practice_rcc/sharc4/methaniminium/tutorial_reproduction/traj/Singlet_2/TRAJ_00006/restart/MOLCAS.3.JobIph.69', 'JOBOLD']
['rasscf', 3, 3, True, False]
['copy', 'MOLCAS.rasscf.h5', 'MOLCAS.3.rasscf.h5']
['copy', 'MOLCAS.JobIph', 'MOLCAS.3.JobIph']
['link', 'MOLCAS.1.JobIph', 'JOB001']
['rassi', 'dm', [4]]
['copy', 'MOLCAS.rassi.h5', 'MOLCAS.rassi.1.h5']
['link', 'MOLCAS.3.JobIph', 'JOB001']
['rassi', 'dm', [3]]
['copy', 'MOLCAS.rassi.h5', 'MOLCAS.rassi.3.h5']
['copy', '/project/lgagliardi/helenclifford/practice_rcc/sharc4/methaniminium/tutorial_reproduction/traj/Singlet_2/TRAJ_00006/restart/MOLCAS.1.JobIph.69', 'JOB001']
['link', 'MOLCAS.1.JobIph', 'JOB002']
['rassi', 'overlap', [4, 4]]
['copy', 'MOLCAS.rassi.h5', 'MOLCAS.rassi.ovlp.1.h5']
['copy', '/project/lgagliardi/helenclifford/practice_rcc/sharc4/methaniminium/tutorial_reproduction/traj/Singlet_2/TRAJ_00006/restart/MOLCAS.3.JobIph.69', 'JOB001']
['link', 'MOLCAS.3.JobIph', 'JOB002']
['rassi', 'overlap', [3, 3]]
['copy', 'MOLCAS.rassi.h5', 'MOLCAS.rassi.ovlp.3.h5']
['link', 'MOLCAS.1.JobIph', 'JOB001']
['link', 'MOLCAS.3.JobIph', 'JOB002']
['rassi', 'soc', [4, 3]]
['copy', '$master_path/MOLCAS.1.JobIph', 'JOBOLD']
['rasscf', 1, 4, True, False]
['mclr', 0.0001, 'sala=1']
['alaska']
All jobs finished:
job: master          code: 0    runtime: 0:00:18.156854
job: grad_1_1        code: 0    runtime: 0:00:16.465019

Starting job execution
['gateway']
['seward']
['copy', '/project/lgagliardi/helenclifford/practice_rcc/sharc4/methaniminium/tutorial_reproduction/traj/Singlet_2/TRAJ_00006/restart/MOLCAS.1.JobIph.70', 'JOBOLD']
['rasscf', 1, 4, True, False]
['copy', 'MOLCAS.rasscf.h5', 'MOLCAS.1.rasscf.h5']
['copy', 'MOLCAS.JobIph', 'MOLCAS.1.JobIph']
['copy', '/project/lgagliardi/helenclifford/practice_rcc/sharc4/methaniminium/tutorial_reproduction/traj/Singlet_2/TRAJ_00006/restart/MOLCAS.3.JobIph.70', 'JOBOLD']
['rasscf', 3, 3, True, False]
['copy', 'MOLCAS.rasscf.h5', 'MOLCAS.3.rasscf.h5']
['copy', 'MOLCAS.JobIph', 'MOLCAS.3.JobIph']
['link', 'MOLCAS.1.JobIph', 'JOB001']
['rassi', 'dm', [4]]
['copy', 'MOLCAS.rassi.h5', 'MOLCAS.rassi.1.h5']
['link', 'MOLCAS.3.JobIph', 'JOB001']
['rassi', 'dm', [3]]
['copy', 'MOLCAS.rassi.h5', 'MOLCAS.rassi.3.h5']
['copy', '/project/lgagliardi/helenclifford/practice_rcc/sharc4/methaniminium/tutorial_reproduction/traj/Singlet_2/TRAJ_00006/restart/MOLCAS.1.JobIph.70', 'JOB001']
['link', 'MOLCAS.1.JobIph', 'JOB002']
['rassi', 'overlap', [4, 4]]
['copy', 'MOLCAS.rassi.h5', 'MOLCAS.rassi.ovlp.1.h5']
['copy', '/project/lgagliardi/helenclifford/practice_rcc/sharc4/methaniminium/tutorial_reproduction/traj/Singlet_2/TRAJ_00006/restart/MOLCAS.3.JobIph.70', 'JOB001']
['link', 'MOLCAS.3.JobIph', 'JOB002']
['rassi', 'overlap', [3, 3]]
['copy', 'MOLCAS.rassi.h5', 'MOLCAS.rassi.ovlp.3.h5']
['link', 'MOLCAS.1.JobIph', 'JOB001']
['link', 'MOLCAS.3.JobIph', 'JOB002']
['rassi', 'soc', [4, 3]]
['copy', '$master_path/MOLCAS.1.JobIph', 'JOBOLD']
['rasscf', 1, 4, True, False]
['mclr', 0.0001, 'sala=1']
['alaska']
All jobs finished:
job: master          code: 0    runtime: 0:00:20.122820
job: grad_1_1        code: 0    runtime: 0:00:09.883575

Starting job execution
['gateway']
['seward']
['copy', '/project/lgagliardi/helenclifford/practice_rcc/sharc4/methaniminium/tutorial_reproduction/traj/Singlet_2/TRAJ_00006/restart/MOLCAS.1.JobIph.71', 'JOBOLD']
['rasscf', 1, 4, True, False]
['copy', 'MOLCAS.rasscf.h5', 'MOLCAS.1.rasscf.h5']
['copy', 'MOLCAS.JobIph', 'MOLCAS.1.JobIph']
['copy', '/project/lgagliardi/helenclifford/practice_rcc/sharc4/methaniminium/tutorial_reproduction/traj/Singlet_2/TRAJ_00006/restart/MOLCAS.3.JobIph.71', 'JOBOLD']
['rasscf', 3, 3, True, False]
['copy', 'MOLCAS.rasscf.h5', 'MOLCAS.3.rasscf.h5']
['copy', 'MOLCAS.JobIph', 'MOLCAS.3.JobIph']
['link', 'MOLCAS.1.JobIph', 'JOB001']
['rassi', 'dm', [4]]
['copy', 'MOLCAS.rassi.h5', 'MOLCAS.rassi.1.h5']
['link', 'MOLCAS.3.JobIph', 'JOB001']
['rassi', 'dm', [3]]
['copy', 'MOLCAS.rassi.h5', 'MOLCAS.rassi.3.h5']
['copy', '/project/lgagliardi/helenclifford/practice_rcc/sharc4/methaniminium/tutorial_reproduction/traj/Singlet_2/TRAJ_00006/restart/MOLCAS.1.JobIph.71', 'JOB001']
['link', 'MOLCAS.1.JobIph', 'JOB002']
['rassi', 'overlap', [4, 4]]
['copy', 'MOLCAS.rassi.h5', 'MOLCAS.rassi.ovlp.1.h5']
['copy', '/project/lgagliardi/helenclifford/practice_rcc/sharc4/methaniminium/tutorial_reproduction/traj/Singlet_2/TRAJ_00006/restart/MOLCAS.3.JobIph.71', 'JOB001']
['link', 'MOLCAS.3.JobIph', 'JOB002']
['rassi', 'overlap', [3, 3]]
['copy', 'MOLCAS.rassi.h5', 'MOLCAS.rassi.ovlp.3.h5']
['link', 'MOLCAS.1.JobIph', 'JOB001']
['link', 'MOLCAS.3.JobIph', 'JOB002']
['rassi', 'soc', [4, 3]]
['copy', '$master_path/MOLCAS.1.JobIph', 'JOBOLD']
['rasscf', 1, 4, True, False]
['mclr', 0.0001, 'sala=1']
['alaska']
All jobs finished:
job: master          code: 0    runtime: 0:00:20.629922
job: grad_1_1        code: 0    runtime: 0:00:08.818798

Starting job execution
['gateway']
['seward']
['copy', '/project/lgagliardi/helenclifford/practice_rcc/sharc4/methaniminium/tutorial_reproduction/traj/Singlet_2/TRAJ_00006/restart/MOLCAS.1.JobIph.72', 'JOBOLD']
['rasscf', 1, 4, True, False]
['copy', 'MOLCAS.rasscf.h5', 'MOLCAS.1.rasscf.h5']
['copy', 'MOLCAS.JobIph', 'MOLCAS.1.JobIph']
['copy', '/project/lgagliardi/helenclifford/practice_rcc/sharc4/methaniminium/tutorial_reproduction/traj/Singlet_2/TRAJ_00006/restart/MOLCAS.3.JobIph.72', 'JOBOLD']
['rasscf', 3, 3, True, False]
['copy', 'MOLCAS.rasscf.h5', 'MOLCAS.3.rasscf.h5']
['copy', 'MOLCAS.JobIph', 'MOLCAS.3.JobIph']
['link', 'MOLCAS.1.JobIph', 'JOB001']
['rassi', 'dm', [4]]
['copy', 'MOLCAS.rassi.h5', 'MOLCAS.rassi.1.h5']
['link', 'MOLCAS.3.JobIph', 'JOB001']
['rassi', 'dm', [3]]
['copy', 'MOLCAS.rassi.h5', 'MOLCAS.rassi.3.h5']
['copy', '/project/lgagliardi/helenclifford/practice_rcc/sharc4/methaniminium/tutorial_reproduction/traj/Singlet_2/TRAJ_00006/restart/MOLCAS.1.JobIph.72', 'JOB001']
['link', 'MOLCAS.1.JobIph', 'JOB002']
['rassi', 'overlap', [4, 4]]
['copy', 'MOLCAS.rassi.h5', 'MOLCAS.rassi.ovlp.1.h5']
['copy', '/project/lgagliardi/helenclifford/practice_rcc/sharc4/methaniminium/tutorial_reproduction/traj/Singlet_2/TRAJ_00006/restart/MOLCAS.3.JobIph.72', 'JOB001']
['link', 'MOLCAS.3.JobIph', 'JOB002']
['rassi', 'overlap', [3, 3]]
['copy', 'MOLCAS.rassi.h5', 'MOLCAS.rassi.ovlp.3.h5']
['link', 'MOLCAS.1.JobIph', 'JOB001']
['link', 'MOLCAS.3.JobIph', 'JOB002']
['rassi', 'soc', [4, 3]]
['copy', '$master_path/MOLCAS.1.JobIph', 'JOBOLD']
['rasscf', 1, 4, True, False]
['mclr', 0.0001, 'sala=1']
['alaska']
All jobs finished:
job: master          code: 0    runtime: 0:00:21.183741
job: grad_1_1        code: 0    runtime: 0:00:11.046278

Starting job execution
['gateway']
['seward']
['copy', '/project/lgagliardi/helenclifford/practice_rcc/sharc4/methaniminium/tutorial_reproduction/traj/Singlet_2/TRAJ_00006/restart/MOLCAS.1.JobIph.73', 'JOBOLD']
['rasscf', 1, 4, True, False]
['copy', 'MOLCAS.rasscf.h5', 'MOLCAS.1.rasscf.h5']
['copy', 'MOLCAS.JobIph', 'MOLCAS.1.JobIph']
['copy', '/project/lgagliardi/helenclifford/practice_rcc/sharc4/methaniminium/tutorial_reproduction/traj/Singlet_2/TRAJ_00006/restart/MOLCAS.3.JobIph.73', 'JOBOLD']
['rasscf', 3, 3, True, False]
['copy', 'MOLCAS.rasscf.h5', 'MOLCAS.3.rasscf.h5']
['copy', 'MOLCAS.JobIph', 'MOLCAS.3.JobIph']
['link', 'MOLCAS.1.JobIph', 'JOB001']
['rassi', 'dm', [4]]
['copy', 'MOLCAS.rassi.h5', 'MOLCAS.rassi.1.h5']
['link', 'MOLCAS.3.JobIph', 'JOB001']
['rassi', 'dm', [3]]
['copy', 'MOLCAS.rassi.h5', 'MOLCAS.rassi.3.h5']
['copy', '/project/lgagliardi/helenclifford/practice_rcc/sharc4/methaniminium/tutorial_reproduction/traj/Singlet_2/TRAJ_00006/restart/MOLCAS.1.JobIph.73', 'JOB001']
['link', 'MOLCAS.1.JobIph', 'JOB002']
['rassi', 'overlap', [4, 4]]
['copy', 'MOLCAS.rassi.h5', 'MOLCAS.rassi.ovlp.1.h5']
['copy', '/project/lgagliardi/helenclifford/practice_rcc/sharc4/methaniminium/tutorial_reproduction/traj/Singlet_2/TRAJ_00006/restart/MOLCAS.3.JobIph.73', 'JOB001']
['link', 'MOLCAS.3.JobIph', 'JOB002']
['rassi', 'overlap', [3, 3]]
['copy', 'MOLCAS.rassi.h5', 'MOLCAS.rassi.ovlp.3.h5']
['link', 'MOLCAS.1.JobIph', 'JOB001']
['link', 'MOLCAS.3.JobIph', 'JOB002']
['rassi', 'soc', [4, 3]]
['copy', '$master_path/MOLCAS.1.JobIph', 'JOBOLD']
['rasscf', 1, 4, True, False]
['mclr', 0.0001, 'sala=1']
['alaska']
All jobs finished:
job: master          code: 0    runtime: 0:00:17.211958
job: grad_1_1        code: 0    runtime: 0:00:11.681038

Starting job execution
['gateway']
['seward']
['copy', '/project/lgagliardi/helenclifford/practice_rcc/sharc4/methaniminium/tutorial_reproduction/traj/Singlet_2/TRAJ_00006/restart/MOLCAS.1.JobIph.74', 'JOBOLD']
['rasscf', 1, 4, True, False]
['copy', 'MOLCAS.rasscf.h5', 'MOLCAS.1.rasscf.h5']
['copy', 'MOLCAS.JobIph', 'MOLCAS.1.JobIph']
['copy', '/project/lgagliardi/helenclifford/practice_rcc/sharc4/methaniminium/tutorial_reproduction/traj/Singlet_2/TRAJ_00006/restart/MOLCAS.3.JobIph.74', 'JOBOLD']
['rasscf', 3, 3, True, False]
['copy', 'MOLCAS.rasscf.h5', 'MOLCAS.3.rasscf.h5']
['copy', 'MOLCAS.JobIph', 'MOLCAS.3.JobIph']
['link', 'MOLCAS.1.JobIph', 'JOB001']
['rassi', 'dm', [4]]
['copy', 'MOLCAS.rassi.h5', 'MOLCAS.rassi.1.h5']
['link', 'MOLCAS.3.JobIph', 'JOB001']
['rassi', 'dm', [3]]
['copy', 'MOLCAS.rassi.h5', 'MOLCAS.rassi.3.h5']
['copy', '/project/lgagliardi/helenclifford/practice_rcc/sharc4/methaniminium/tutorial_reproduction/traj/Singlet_2/TRAJ_00006/restart/MOLCAS.1.JobIph.74', 'JOB001']
['link', 'MOLCAS.1.JobIph', 'JOB002']
['rassi', 'overlap', [4, 4]]
['copy', 'MOLCAS.rassi.h5', 'MOLCAS.rassi.ovlp.1.h5']
['copy', '/project/lgagliardi/helenclifford/practice_rcc/sharc4/methaniminium/tutorial_reproduction/traj/Singlet_2/TRAJ_00006/restart/MOLCAS.3.JobIph.74', 'JOB001']
['link', 'MOLCAS.3.JobIph', 'JOB002']
['rassi', 'overlap', [3, 3]]
['copy', 'MOLCAS.rassi.h5', 'MOLCAS.rassi.ovlp.3.h5']
['link', 'MOLCAS.1.JobIph', 'JOB001']
['link', 'MOLCAS.3.JobIph', 'JOB002']
['rassi', 'soc', [4, 3]]
['copy', '$master_path/MOLCAS.1.JobIph', 'JOBOLD']
['rasscf', 1, 4, True, False]
['mclr', 0.0001, 'sala=1']
['alaska']
All jobs finished:
job: master          code: 0    runtime: 0:00:26.418092
job: grad_1_1        code: 0    runtime: 0:00:11.916166

Starting job execution
['gateway']
['seward']
['copy', '/project/lgagliardi/helenclifford/practice_rcc/sharc4/methaniminium/tutorial_reproduction/traj/Singlet_2/TRAJ_00006/restart/MOLCAS.1.JobIph.75', 'JOBOLD']
['rasscf', 1, 4, True, False]
['copy', 'MOLCAS.rasscf.h5', 'MOLCAS.1.rasscf.h5']
['copy', 'MOLCAS.JobIph', 'MOLCAS.1.JobIph']
['copy', '/project/lgagliardi/helenclifford/practice_rcc/sharc4/methaniminium/tutorial_reproduction/traj/Singlet_2/TRAJ_00006/restart/MOLCAS.3.JobIph.75', 'JOBOLD']
['rasscf', 3, 3, True, False]
['copy', 'MOLCAS.rasscf.h5', 'MOLCAS.3.rasscf.h5']
['copy', 'MOLCAS.JobIph', 'MOLCAS.3.JobIph']
['link', 'MOLCAS.1.JobIph', 'JOB001']
['rassi', 'dm', [4]]
['copy', 'MOLCAS.rassi.h5', 'MOLCAS.rassi.1.h5']
['link', 'MOLCAS.3.JobIph', 'JOB001']
['rassi', 'dm', [3]]
['copy', 'MOLCAS.rassi.h5', 'MOLCAS.rassi.3.h5']
['copy', '/project/lgagliardi/helenclifford/practice_rcc/sharc4/methaniminium/tutorial_reproduction/traj/Singlet_2/TRAJ_00006/restart/MOLCAS.1.JobIph.75', 'JOB001']
['link', 'MOLCAS.1.JobIph', 'JOB002']
['rassi', 'overlap', [4, 4]]
['copy', 'MOLCAS.rassi.h5', 'MOLCAS.rassi.ovlp.1.h5']
['copy', '/project/lgagliardi/helenclifford/practice_rcc/sharc4/methaniminium/tutorial_reproduction/traj/Singlet_2/TRAJ_00006/restart/MOLCAS.3.JobIph.75', 'JOB001']
['link', 'MOLCAS.3.JobIph', 'JOB002']
['rassi', 'overlap', [3, 3]]
['copy', 'MOLCAS.rassi.h5', 'MOLCAS.rassi.ovlp.3.h5']
['link', 'MOLCAS.1.JobIph', 'JOB001']
['link', 'MOLCAS.3.JobIph', 'JOB002']
['rassi', 'soc', [4, 3]]
['copy', '$master_path/MOLCAS.1.JobIph', 'JOBOLD']
['rasscf', 1, 4, True, False]
['mclr', 0.0001, 'sala=1']
['alaska']
All jobs finished:
job: master          code: 0    runtime: 0:00:22.688977
job: grad_1_1        code: 0    runtime: 0:00:11.593023

Starting job execution
['gateway']
['seward']
['copy', '/project/lgagliardi/helenclifford/practice_rcc/sharc4/methaniminium/tutorial_reproduction/traj/Singlet_2/TRAJ_00006/restart/MOLCAS.1.JobIph.76', 'JOBOLD']
['rasscf', 1, 4, True, False]
['copy', 'MOLCAS.rasscf.h5', 'MOLCAS.1.rasscf.h5']
['copy', 'MOLCAS.JobIph', 'MOLCAS.1.JobIph']
['copy', '/project/lgagliardi/helenclifford/practice_rcc/sharc4/methaniminium/tutorial_reproduction/traj/Singlet_2/TRAJ_00006/restart/MOLCAS.3.JobIph.76', 'JOBOLD']
['rasscf', 3, 3, True, False]
['copy', 'MOLCAS.rasscf.h5', 'MOLCAS.3.rasscf.h5']
['copy', 'MOLCAS.JobIph', 'MOLCAS.3.JobIph']
['link', 'MOLCAS.1.JobIph', 'JOB001']
['rassi', 'dm', [4]]
['copy', 'MOLCAS.rassi.h5', 'MOLCAS.rassi.1.h5']
['link', 'MOLCAS.3.JobIph', 'JOB001']
['rassi', 'dm', [3]]
['copy', 'MOLCAS.rassi.h5', 'MOLCAS.rassi.3.h5']
['copy', '/project/lgagliardi/helenclifford/practice_rcc/sharc4/methaniminium/tutorial_reproduction/traj/Singlet_2/TRAJ_00006/restart/MOLCAS.1.JobIph.76', 'JOB001']
['link', 'MOLCAS.1.JobIph', 'JOB002']
['rassi', 'overlap', [4, 4]]
['copy', 'MOLCAS.rassi.h5', 'MOLCAS.rassi.ovlp.1.h5']
['copy', '/project/lgagliardi/helenclifford/practice_rcc/sharc4/methaniminium/tutorial_reproduction/traj/Singlet_2/TRAJ_00006/restart/MOLCAS.3.JobIph.76', 'JOB001']
['link', 'MOLCAS.3.JobIph', 'JOB002']
['rassi', 'overlap', [3, 3]]
['copy', 'MOLCAS.rassi.h5', 'MOLCAS.rassi.ovlp.3.h5']
['link', 'MOLCAS.1.JobIph', 'JOB001']
['link', 'MOLCAS.3.JobIph', 'JOB002']
['rassi', 'soc', [4, 3]]
['copy', '$master_path/MOLCAS.1.JobIph', 'JOBOLD']
['rasscf', 1, 4, True, False]
['mclr', 0.0001, 'sala=1']
['alaska']
All jobs finished:
job: master          code: 0    runtime: 0:00:21.199181
job: grad_1_1        code: 0    runtime: 0:00:08.763480

Starting job execution
['gateway']
['seward']
['copy', '/project/lgagliardi/helenclifford/practice_rcc/sharc4/methaniminium/tutorial_reproduction/traj/Singlet_2/TRAJ_00006/restart/MOLCAS.1.JobIph.77', 'JOBOLD']
['rasscf', 1, 4, True, False]
['copy', 'MOLCAS.rasscf.h5', 'MOLCAS.1.rasscf.h5']
['copy', 'MOLCAS.JobIph', 'MOLCAS.1.JobIph']
['copy', '/project/lgagliardi/helenclifford/practice_rcc/sharc4/methaniminium/tutorial_reproduction/traj/Singlet_2/TRAJ_00006/restart/MOLCAS.3.JobIph.77', 'JOBOLD']
['rasscf', 3, 3, True, False]
['copy', 'MOLCAS.rasscf.h5', 'MOLCAS.3.rasscf.h5']
['copy', 'MOLCAS.JobIph', 'MOLCAS.3.JobIph']
['link', 'MOLCAS.1.JobIph', 'JOB001']
['rassi', 'dm', [4]]
['copy', 'MOLCAS.rassi.h5', 'MOLCAS.rassi.1.h5']
['link', 'MOLCAS.3.JobIph', 'JOB001']
['rassi', 'dm', [3]]
['copy', 'MOLCAS.rassi.h5', 'MOLCAS.rassi.3.h5']
['copy', '/project/lgagliardi/helenclifford/practice_rcc/sharc4/methaniminium/tutorial_reproduction/traj/Singlet_2/TRAJ_00006/restart/MOLCAS.1.JobIph.77', 'JOB001']
['link', 'MOLCAS.1.JobIph', 'JOB002']
['rassi', 'overlap', [4, 4]]
['copy', 'MOLCAS.rassi.h5', 'MOLCAS.rassi.ovlp.1.h5']
['copy', '/project/lgagliardi/helenclifford/practice_rcc/sharc4/methaniminium/tutorial_reproduction/traj/Singlet_2/TRAJ_00006/restart/MOLCAS.3.JobIph.77', 'JOB001']
['link', 'MOLCAS.3.JobIph', 'JOB002']
['rassi', 'overlap', [3, 3]]
['copy', 'MOLCAS.rassi.h5', 'MOLCAS.rassi.ovlp.3.h5']
['link', 'MOLCAS.1.JobIph', 'JOB001']
['link', 'MOLCAS.3.JobIph', 'JOB002']
['rassi', 'soc', [4, 3]]
['copy', '$master_path/MOLCAS.1.JobIph', 'JOBOLD']
['rasscf', 1, 4, True, False]
['mclr', 0.0001, 'sala=1']
['alaska']
All jobs finished:
job: master          code: 0    runtime: 0:00:20.010686
job: grad_1_1        code: 0    runtime: 0:00:11.883495

Starting job execution
['gateway']
['seward']
['copy', '/project/lgagliardi/helenclifford/practice_rcc/sharc4/methaniminium/tutorial_reproduction/traj/Singlet_2/TRAJ_00006/restart/MOLCAS.1.JobIph.78', 'JOBOLD']
['rasscf', 1, 4, True, False]
['copy', 'MOLCAS.rasscf.h5', 'MOLCAS.1.rasscf.h5']
['copy', 'MOLCAS.JobIph', 'MOLCAS.1.JobIph']
['copy', '/project/lgagliardi/helenclifford/practice_rcc/sharc4/methaniminium/tutorial_reproduction/traj/Singlet_2/TRAJ_00006/restart/MOLCAS.3.JobIph.78', 'JOBOLD']
['rasscf', 3, 3, True, False]
['copy', 'MOLCAS.rasscf.h5', 'MOLCAS.3.rasscf.h5']
['copy', 'MOLCAS.JobIph', 'MOLCAS.3.JobIph']
['link', 'MOLCAS.1.JobIph', 'JOB001']
['rassi', 'dm', [4]]
['copy', 'MOLCAS.rassi.h5', 'MOLCAS.rassi.1.h5']
['link', 'MOLCAS.3.JobIph', 'JOB001']
['rassi', 'dm', [3]]
['copy', 'MOLCAS.rassi.h5', 'MOLCAS.rassi.3.h5']
['copy', '/project/lgagliardi/helenclifford/practice_rcc/sharc4/methaniminium/tutorial_reproduction/traj/Singlet_2/TRAJ_00006/restart/MOLCAS.1.JobIph.78', 'JOB001']
['link', 'MOLCAS.1.JobIph', 'JOB002']
['rassi', 'overlap', [4, 4]]
['copy', 'MOLCAS.rassi.h5', 'MOLCAS.rassi.ovlp.1.h5']
['copy', '/project/lgagliardi/helenclifford/practice_rcc/sharc4/methaniminium/tutorial_reproduction/traj/Singlet_2/TRAJ_00006/restart/MOLCAS.3.JobIph.78', 'JOB001']
['link', 'MOLCAS.3.JobIph', 'JOB002']
['rassi', 'overlap', [3, 3]]
['copy', 'MOLCAS.rassi.h5', 'MOLCAS.rassi.ovlp.3.h5']
['link', 'MOLCAS.1.JobIph', 'JOB001']
['link', 'MOLCAS.3.JobIph', 'JOB002']
['rassi', 'soc', [4, 3]]
['copy', '$master_path/MOLCAS.1.JobIph', 'JOBOLD']
['rasscf', 1, 4, True, False]
['mclr', 0.0001, 'sala=1']
['alaska']
All jobs finished:
job: master          code: 0    runtime: 0:00:20.026321
job: grad_1_1        code: 0    runtime: 0:00:09.998641

Starting job execution
['gateway']
['seward']
['copy', '/project/lgagliardi/helenclifford/practice_rcc/sharc4/methaniminium/tutorial_reproduction/traj/Singlet_2/TRAJ_00006/restart/MOLCAS.1.JobIph.79', 'JOBOLD']
['rasscf', 1, 4, True, False]
['copy', 'MOLCAS.rasscf.h5', 'MOLCAS.1.rasscf.h5']
['copy', 'MOLCAS.JobIph', 'MOLCAS.1.JobIph']
['copy', '/project/lgagliardi/helenclifford/practice_rcc/sharc4/methaniminium/tutorial_reproduction/traj/Singlet_2/TRAJ_00006/restart/MOLCAS.3.JobIph.79', 'JOBOLD']
['rasscf', 3, 3, True, False]
['copy', 'MOLCAS.rasscf.h5', 'MOLCAS.3.rasscf.h5']
['copy', 'MOLCAS.JobIph', 'MOLCAS.3.JobIph']
['link', 'MOLCAS.1.JobIph', 'JOB001']
['rassi', 'dm', [4]]
['copy', 'MOLCAS.rassi.h5', 'MOLCAS.rassi.1.h5']
['link', 'MOLCAS.3.JobIph', 'JOB001']
['rassi', 'dm', [3]]
['copy', 'MOLCAS.rassi.h5', 'MOLCAS.rassi.3.h5']
['copy', '/project/lgagliardi/helenclifford/practice_rcc/sharc4/methaniminium/tutorial_reproduction/traj/Singlet_2/TRAJ_00006/restart/MOLCAS.1.JobIph.79', 'JOB001']
['link', 'MOLCAS.1.JobIph', 'JOB002']
['rassi', 'overlap', [4, 4]]
['copy', 'MOLCAS.rassi.h5', 'MOLCAS.rassi.ovlp.1.h5']
['copy', '/project/lgagliardi/helenclifford/practice_rcc/sharc4/methaniminium/tutorial_reproduction/traj/Singlet_2/TRAJ_00006/restart/MOLCAS.3.JobIph.79', 'JOB001']
['link', 'MOLCAS.3.JobIph', 'JOB002']
['rassi', 'overlap', [3, 3]]
['copy', 'MOLCAS.rassi.h5', 'MOLCAS.rassi.ovlp.3.h5']
['link', 'MOLCAS.1.JobIph', 'JOB001']
['link', 'MOLCAS.3.JobIph', 'JOB002']
['rassi', 'soc', [4, 3]]
['copy', '$master_path/MOLCAS.1.JobIph', 'JOBOLD']
['rasscf', 1, 4, True, False]
['mclr', 0.0001, 'sala=1']
['alaska']
All jobs finished:
job: master          code: 0    runtime: 0:00:19.178337
job: grad_1_1        code: 0    runtime: 0:00:12.938006

Starting job execution
['gateway']
['seward']
['copy', '/project/lgagliardi/helenclifford/practice_rcc/sharc4/methaniminium/tutorial_reproduction/traj/Singlet_2/TRAJ_00006/restart/MOLCAS.1.JobIph.80', 'JOBOLD']
['rasscf', 1, 4, True, False]
['copy', 'MOLCAS.rasscf.h5', 'MOLCAS.1.rasscf.h5']
['copy', 'MOLCAS.JobIph', 'MOLCAS.1.JobIph']
['copy', '/project/lgagliardi/helenclifford/practice_rcc/sharc4/methaniminium/tutorial_reproduction/traj/Singlet_2/TRAJ_00006/restart/MOLCAS.3.JobIph.80', 'JOBOLD']
['rasscf', 3, 3, True, False]
['copy', 'MOLCAS.rasscf.h5', 'MOLCAS.3.rasscf.h5']
['copy', 'MOLCAS.JobIph', 'MOLCAS.3.JobIph']
['link', 'MOLCAS.1.JobIph', 'JOB001']
['rassi', 'dm', [4]]
['copy', 'MOLCAS.rassi.h5', 'MOLCAS.rassi.1.h5']
['link', 'MOLCAS.3.JobIph', 'JOB001']
['rassi', 'dm', [3]]
['copy', 'MOLCAS.rassi.h5', 'MOLCAS.rassi.3.h5']
['copy', '/project/lgagliardi/helenclifford/practice_rcc/sharc4/methaniminium/tutorial_reproduction/traj/Singlet_2/TRAJ_00006/restart/MOLCAS.1.JobIph.80', 'JOB001']
['link', 'MOLCAS.1.JobIph', 'JOB002']
['rassi', 'overlap', [4, 4]]
['copy', 'MOLCAS.rassi.h5', 'MOLCAS.rassi.ovlp.1.h5']
['copy', '/project/lgagliardi/helenclifford/practice_rcc/sharc4/methaniminium/tutorial_reproduction/traj/Singlet_2/TRAJ_00006/restart/MOLCAS.3.JobIph.80', 'JOB001']
['link', 'MOLCAS.3.JobIph', 'JOB002']
['rassi', 'overlap', [3, 3]]
['copy', 'MOLCAS.rassi.h5', 'MOLCAS.rassi.ovlp.3.h5']
['link', 'MOLCAS.1.JobIph', 'JOB001']
['link', 'MOLCAS.3.JobIph', 'JOB002']
['rassi', 'soc', [4, 3]]
['copy', '$master_path/MOLCAS.1.JobIph', 'JOBOLD']
['rasscf', 1, 4, True, False]
['mclr', 0.0001, 'sala=1']
['alaska']
All jobs finished:
job: master          code: 0    runtime: 0:00:17.262885
job: grad_1_1        code: 0    runtime: 0:00:12.966803

Starting job execution
['gateway']
['seward']
['copy', '/project/lgagliardi/helenclifford/practice_rcc/sharc4/methaniminium/tutorial_reproduction/traj/Singlet_2/TRAJ_00006/restart/MOLCAS.1.JobIph.81', 'JOBOLD']
['rasscf', 1, 4, True, False]
['copy', 'MOLCAS.rasscf.h5', 'MOLCAS.1.rasscf.h5']
['copy', 'MOLCAS.JobIph', 'MOLCAS.1.JobIph']
['copy', '/project/lgagliardi/helenclifford/practice_rcc/sharc4/methaniminium/tutorial_reproduction/traj/Singlet_2/TRAJ_00006/restart/MOLCAS.3.JobIph.81', 'JOBOLD']
['rasscf', 3, 3, True, False]
['copy', 'MOLCAS.rasscf.h5', 'MOLCAS.3.rasscf.h5']
['copy', 'MOLCAS.JobIph', 'MOLCAS.3.JobIph']
['link', 'MOLCAS.1.JobIph', 'JOB001']
['rassi', 'dm', [4]]
['copy', 'MOLCAS.rassi.h5', 'MOLCAS.rassi.1.h5']
['link', 'MOLCAS.3.JobIph', 'JOB001']
['rassi', 'dm', [3]]
['copy', 'MOLCAS.rassi.h5', 'MOLCAS.rassi.3.h5']
['copy', '/project/lgagliardi/helenclifford/practice_rcc/sharc4/methaniminium/tutorial_reproduction/traj/Singlet_2/TRAJ_00006/restart/MOLCAS.1.JobIph.81', 'JOB001']
['link', 'MOLCAS.1.JobIph', 'JOB002']
['rassi', 'overlap', [4, 4]]
['copy', 'MOLCAS.rassi.h5', 'MOLCAS.rassi.ovlp.1.h5']
['copy', '/project/lgagliardi/helenclifford/practice_rcc/sharc4/methaniminium/tutorial_reproduction/traj/Singlet_2/TRAJ_00006/restart/MOLCAS.3.JobIph.81', 'JOB001']
['link', 'MOLCAS.3.JobIph', 'JOB002']
['rassi', 'overlap', [3, 3]]
['copy', 'MOLCAS.rassi.h5', 'MOLCAS.rassi.ovlp.3.h5']
['link', 'MOLCAS.1.JobIph', 'JOB001']
['link', 'MOLCAS.3.JobIph', 'JOB002']
['rassi', 'soc', [4, 3]]
['copy', '$master_path/MOLCAS.1.JobIph', 'JOBOLD']
['rasscf', 1, 4, True, False]
['mclr', 0.0001, 'sala=1']
['alaska']
All jobs finished:
job: master          code: 0    runtime: 0:00:20.741183
job: grad_1_1        code: 0    runtime: 0:00:14.627180

Starting job execution
['gateway']
['seward']
['copy', '/project/lgagliardi/helenclifford/practice_rcc/sharc4/methaniminium/tutorial_reproduction/traj/Singlet_2/TRAJ_00006/restart/MOLCAS.1.JobIph.82', 'JOBOLD']
['rasscf', 1, 4, True, False]
['copy', 'MOLCAS.rasscf.h5', 'MOLCAS.1.rasscf.h5']
['copy', 'MOLCAS.JobIph', 'MOLCAS.1.JobIph']
['copy', '/project/lgagliardi/helenclifford/practice_rcc/sharc4/methaniminium/tutorial_reproduction/traj/Singlet_2/TRAJ_00006/restart/MOLCAS.3.JobIph.82', 'JOBOLD']
['rasscf', 3, 3, True, False]
['copy', 'MOLCAS.rasscf.h5', 'MOLCAS.3.rasscf.h5']
['copy', 'MOLCAS.JobIph', 'MOLCAS.3.JobIph']
['link', 'MOLCAS.1.JobIph', 'JOB001']
['rassi', 'dm', [4]]
['copy', 'MOLCAS.rassi.h5', 'MOLCAS.rassi.1.h5']
['link', 'MOLCAS.3.JobIph', 'JOB001']
['rassi', 'dm', [3]]
['copy', 'MOLCAS.rassi.h5', 'MOLCAS.rassi.3.h5']
['copy', '/project/lgagliardi/helenclifford/practice_rcc/sharc4/methaniminium/tutorial_reproduction/traj/Singlet_2/TRAJ_00006/restart/MOLCAS.1.JobIph.82', 'JOB001']
['link', 'MOLCAS.1.JobIph', 'JOB002']
['rassi', 'overlap', [4, 4]]
['copy', 'MOLCAS.rassi.h5', 'MOLCAS.rassi.ovlp.1.h5']
['copy', '/project/lgagliardi/helenclifford/practice_rcc/sharc4/methaniminium/tutorial_reproduction/traj/Singlet_2/TRAJ_00006/restart/MOLCAS.3.JobIph.82', 'JOB001']
['link', 'MOLCAS.3.JobIph', 'JOB002']
['rassi', 'overlap', [3, 3]]
['copy', 'MOLCAS.rassi.h5', 'MOLCAS.rassi.ovlp.3.h5']
['link', 'MOLCAS.1.JobIph', 'JOB001']
['link', 'MOLCAS.3.JobIph', 'JOB002']
['rassi', 'soc', [4, 3]]
['copy', '$master_path/MOLCAS.1.JobIph', 'JOBOLD']
['rasscf', 1, 4, True, False]
['mclr', 0.0001, 'sala=1']
['alaska']
All jobs finished:
job: master          code: 0    runtime: 0:00:19.336188
job: grad_1_1        code: 0    runtime: 0:00:09.839544

Starting job execution
['gateway']
['seward']
['copy', '/project/lgagliardi/helenclifford/practice_rcc/sharc4/methaniminium/tutorial_reproduction/traj/Singlet_2/TRAJ_00006/restart/MOLCAS.1.JobIph.83', 'JOBOLD']
['rasscf', 1, 4, True, False]
['copy', 'MOLCAS.rasscf.h5', 'MOLCAS.1.rasscf.h5']
['copy', 'MOLCAS.JobIph', 'MOLCAS.1.JobIph']
['copy', '/project/lgagliardi/helenclifford/practice_rcc/sharc4/methaniminium/tutorial_reproduction/traj/Singlet_2/TRAJ_00006/restart/MOLCAS.3.JobIph.83', 'JOBOLD']
['rasscf', 3, 3, True, False]
['copy', 'MOLCAS.rasscf.h5', 'MOLCAS.3.rasscf.h5']
['copy', 'MOLCAS.JobIph', 'MOLCAS.3.JobIph']
['link', 'MOLCAS.1.JobIph', 'JOB001']
['rassi', 'dm', [4]]
['copy', 'MOLCAS.rassi.h5', 'MOLCAS.rassi.1.h5']
['link', 'MOLCAS.3.JobIph', 'JOB001']
['rassi', 'dm', [3]]
['copy', 'MOLCAS.rassi.h5', 'MOLCAS.rassi.3.h5']
['copy', '/project/lgagliardi/helenclifford/practice_rcc/sharc4/methaniminium/tutorial_reproduction/traj/Singlet_2/TRAJ_00006/restart/MOLCAS.1.JobIph.83', 'JOB001']
['link', 'MOLCAS.1.JobIph', 'JOB002']
['rassi', 'overlap', [4, 4]]
['copy', 'MOLCAS.rassi.h5', 'MOLCAS.rassi.ovlp.1.h5']
['copy', '/project/lgagliardi/helenclifford/practice_rcc/sharc4/methaniminium/tutorial_reproduction/traj/Singlet_2/TRAJ_00006/restart/MOLCAS.3.JobIph.83', 'JOB001']
['link', 'MOLCAS.3.JobIph', 'JOB002']
['rassi', 'overlap', [3, 3]]
['copy', 'MOLCAS.rassi.h5', 'MOLCAS.rassi.ovlp.3.h5']
['link', 'MOLCAS.1.JobIph', 'JOB001']
['link', 'MOLCAS.3.JobIph', 'JOB002']
['rassi', 'soc', [4, 3]]
['copy', '$master_path/MOLCAS.1.JobIph', 'JOBOLD']
['rasscf', 1, 4, True, False]
['mclr', 0.0001, 'sala=1']
['alaska']
All jobs finished:
job: master          code: 0    runtime: 0:00:19.071158
job: grad_1_1        code: 0    runtime: 0:00:02.541264

Starting job execution
['gateway']
['seward']
['copy', '/project/lgagliardi/helenclifford/practice_rcc/sharc4/methaniminium/tutorial_reproduction/traj/Singlet_2/TRAJ_00006/restart/MOLCAS.1.JobIph.84', 'JOBOLD']
['rasscf', 1, 4, True, False]
['copy', 'MOLCAS.rasscf.h5', 'MOLCAS.1.rasscf.h5']
['copy', 'MOLCAS.JobIph', 'MOLCAS.1.JobIph']
['copy', '/project/lgagliardi/helenclifford/practice_rcc/sharc4/methaniminium/tutorial_reproduction/traj/Singlet_2/TRAJ_00006/restart/MOLCAS.3.JobIph.84', 'JOBOLD']
['rasscf', 3, 3, True, False]
['copy', 'MOLCAS.rasscf.h5', 'MOLCAS.3.rasscf.h5']
['copy', 'MOLCAS.JobIph', 'MOLCAS.3.JobIph']
['link', 'MOLCAS.1.JobIph', 'JOB001']
['rassi', 'dm', [4]]
['copy', 'MOLCAS.rassi.h5', 'MOLCAS.rassi.1.h5']
['link', 'MOLCAS.3.JobIph', 'JOB001']
['rassi', 'dm', [3]]
['copy', 'MOLCAS.rassi.h5', 'MOLCAS.rassi.3.h5']
['copy', '/project/lgagliardi/helenclifford/practice_rcc/sharc4/methaniminium/tutorial_reproduction/traj/Singlet_2/TRAJ_00006/restart/MOLCAS.1.JobIph.84', 'JOB001']
['link', 'MOLCAS.1.JobIph', 'JOB002']
['rassi', 'overlap', [4, 4]]
['copy', 'MOLCAS.rassi.h5', 'MOLCAS.rassi.ovlp.1.h5']
['copy', '/project/lgagliardi/helenclifford/practice_rcc/sharc4/methaniminium/tutorial_reproduction/traj/Singlet_2/TRAJ_00006/restart/MOLCAS.3.JobIph.84', 'JOB001']
['link', 'MOLCAS.3.JobIph', 'JOB002']
['rassi', 'overlap', [3, 3]]
['copy', 'MOLCAS.rassi.h5', 'MOLCAS.rassi.ovlp.3.h5']
['link', 'MOLCAS.1.JobIph', 'JOB001']
['link', 'MOLCAS.3.JobIph', 'JOB002']
['rassi', 'soc', [4, 3]]
['copy', '$master_path/MOLCAS.1.JobIph', 'JOBOLD']
['rasscf', 1, 4, True, False]
['mclr', 0.0001, 'sala=1']
['alaska']
All jobs finished:
job: master          code: 0    runtime: 0:00:25.412008
job: grad_1_1        code: 0    runtime: 0:00:14.080541

Starting job execution
['gateway']
['seward']
['copy', '/project/lgagliardi/helenclifford/practice_rcc/sharc4/methaniminium/tutorial_reproduction/traj/Singlet_2/TRAJ_00006/restart/MOLCAS.1.JobIph.85', 'JOBOLD']
['rasscf', 1, 4, True, False]
['copy', 'MOLCAS.rasscf.h5', 'MOLCAS.1.rasscf.h5']
['copy', 'MOLCAS.JobIph', 'MOLCAS.1.JobIph']
['copy', '/project/lgagliardi/helenclifford/practice_rcc/sharc4/methaniminium/tutorial_reproduction/traj/Singlet_2/TRAJ_00006/restart/MOLCAS.3.JobIph.85', 'JOBOLD']
['rasscf', 3, 3, True, False]
['copy', 'MOLCAS.rasscf.h5', 'MOLCAS.3.rasscf.h5']
['copy', 'MOLCAS.JobIph', 'MOLCAS.3.JobIph']
['link', 'MOLCAS.1.JobIph', 'JOB001']
['rassi', 'dm', [4]]
['copy', 'MOLCAS.rassi.h5', 'MOLCAS.rassi.1.h5']
['link', 'MOLCAS.3.JobIph', 'JOB001']
['rassi', 'dm', [3]]
['copy', 'MOLCAS.rassi.h5', 'MOLCAS.rassi.3.h5']
['copy', '/project/lgagliardi/helenclifford/practice_rcc/sharc4/methaniminium/tutorial_reproduction/traj/Singlet_2/TRAJ_00006/restart/MOLCAS.1.JobIph.85', 'JOB001']
['link', 'MOLCAS.1.JobIph', 'JOB002']
['rassi', 'overlap', [4, 4]]
['copy', 'MOLCAS.rassi.h5', 'MOLCAS.rassi.ovlp.1.h5']
['copy', '/project/lgagliardi/helenclifford/practice_rcc/sharc4/methaniminium/tutorial_reproduction/traj/Singlet_2/TRAJ_00006/restart/MOLCAS.3.JobIph.85', 'JOB001']
['link', 'MOLCAS.3.JobIph', 'JOB002']
['rassi', 'overlap', [3, 3]]
['copy', 'MOLCAS.rassi.h5', 'MOLCAS.rassi.ovlp.3.h5']
['link', 'MOLCAS.1.JobIph', 'JOB001']
['link', 'MOLCAS.3.JobIph', 'JOB002']
['rassi', 'soc', [4, 3]]
['copy', '$master_path/MOLCAS.1.JobIph', 'JOBOLD']
['rasscf', 1, 4, True, False]
['mclr', 0.0001, 'sala=1']
['alaska']
All jobs finished:
job: master          code: 0    runtime: 0:00:20.684261
job: grad_1_1        code: 0    runtime: 0:00:13.378926

Starting job execution
['gateway']
['seward']
['copy', '/project/lgagliardi/helenclifford/practice_rcc/sharc4/methaniminium/tutorial_reproduction/traj/Singlet_2/TRAJ_00006/restart/MOLCAS.1.JobIph.86', 'JOBOLD']
['rasscf', 1, 4, True, False]
['copy', 'MOLCAS.rasscf.h5', 'MOLCAS.1.rasscf.h5']
['copy', 'MOLCAS.JobIph', 'MOLCAS.1.JobIph']
['copy', '/project/lgagliardi/helenclifford/practice_rcc/sharc4/methaniminium/tutorial_reproduction/traj/Singlet_2/TRAJ_00006/restart/MOLCAS.3.JobIph.86', 'JOBOLD']
['rasscf', 3, 3, True, False]
['copy', 'MOLCAS.rasscf.h5', 'MOLCAS.3.rasscf.h5']
['copy', 'MOLCAS.JobIph', 'MOLCAS.3.JobIph']
['link', 'MOLCAS.1.JobIph', 'JOB001']
['rassi', 'dm', [4]]
['copy', 'MOLCAS.rassi.h5', 'MOLCAS.rassi.1.h5']
['link', 'MOLCAS.3.JobIph', 'JOB001']
['rassi', 'dm', [3]]
['copy', 'MOLCAS.rassi.h5', 'MOLCAS.rassi.3.h5']
['copy', '/project/lgagliardi/helenclifford/practice_rcc/sharc4/methaniminium/tutorial_reproduction/traj/Singlet_2/TRAJ_00006/restart/MOLCAS.1.JobIph.86', 'JOB001']
['link', 'MOLCAS.1.JobIph', 'JOB002']
['rassi', 'overlap', [4, 4]]
['copy', 'MOLCAS.rassi.h5', 'MOLCAS.rassi.ovlp.1.h5']
['copy', '/project/lgagliardi/helenclifford/practice_rcc/sharc4/methaniminium/tutorial_reproduction/traj/Singlet_2/TRAJ_00006/restart/MOLCAS.3.JobIph.86', 'JOB001']
['link', 'MOLCAS.3.JobIph', 'JOB002']
['rassi', 'overlap', [3, 3]]
['copy', 'MOLCAS.rassi.h5', 'MOLCAS.rassi.ovlp.3.h5']
['link', 'MOLCAS.1.JobIph', 'JOB001']
['link', 'MOLCAS.3.JobIph', 'JOB002']
['rassi', 'soc', [4, 3]]
['copy', '$master_path/MOLCAS.1.JobIph', 'JOBOLD']
['rasscf', 1, 4, True, False]
['mclr', 0.0001, 'sala=1']
['alaska']
All jobs finished:
job: master          code: 0    runtime: 0:00:21.149199
job: grad_1_1        code: 0    runtime: 0:00:10.603131

Starting job execution
['gateway']
['seward']
['copy', '/project/lgagliardi/helenclifford/practice_rcc/sharc4/methaniminium/tutorial_reproduction/traj/Singlet_2/TRAJ_00006/restart/MOLCAS.1.JobIph.87', 'JOBOLD']
['rasscf', 1, 4, True, False]
['copy', 'MOLCAS.rasscf.h5', 'MOLCAS.1.rasscf.h5']
['copy', 'MOLCAS.JobIph', 'MOLCAS.1.JobIph']
['copy', '/project/lgagliardi/helenclifford/practice_rcc/sharc4/methaniminium/tutorial_reproduction/traj/Singlet_2/TRAJ_00006/restart/MOLCAS.3.JobIph.87', 'JOBOLD']
['rasscf', 3, 3, True, False]
['copy', 'MOLCAS.rasscf.h5', 'MOLCAS.3.rasscf.h5']
['copy', 'MOLCAS.JobIph', 'MOLCAS.3.JobIph']
['link', 'MOLCAS.1.JobIph', 'JOB001']
['rassi', 'dm', [4]]
['copy', 'MOLCAS.rassi.h5', 'MOLCAS.rassi.1.h5']
['link', 'MOLCAS.3.JobIph', 'JOB001']
['rassi', 'dm', [3]]
['copy', 'MOLCAS.rassi.h5', 'MOLCAS.rassi.3.h5']
['copy', '/project/lgagliardi/helenclifford/practice_rcc/sharc4/methaniminium/tutorial_reproduction/traj/Singlet_2/TRAJ_00006/restart/MOLCAS.1.JobIph.86', 'JOB001']
['link', 'MOLCAS.1.JobIph', 'JOB002']
['rassi', 'overlap', [4, 4]]
['copy', 'MOLCAS.rassi.h5', 'MOLCAS.rassi.ovlp.1.h5']
['copy', '/project/lgagliardi/helenclifford/practice_rcc/sharc4/methaniminium/tutorial_reproduction/traj/Singlet_2/TRAJ_00006/restart/MOLCAS.3.JobIph.86', 'JOB001']
['link', 'MOLCAS.3.JobIph', 'JOB002']
['rassi', 'overlap', [3, 3]]
['copy', 'MOLCAS.rassi.h5', 'MOLCAS.rassi.ovlp.3.h5']
['link', 'MOLCAS.1.JobIph', 'JOB001']
['link', 'MOLCAS.3.JobIph', 'JOB002']
['rassi', 'soc', [4, 3]]
['copy', '$master_path/MOLCAS.3.JobIph', 'JOBOLD']
['rasscf', 3, 3, True, False]
['mclr', 0.0001, 'sala=1']
['alaska']
['copy', '$master_path/MOLCAS.1.JobIph', 'JOBOLD']
['rasscf', 1, 4, True, False]
['mclr', 0.0001, 'sala=1']
['alaska']
All jobs finished:
job: master          code: 0    runtime: 0:00:16.234717
job: grad_3_1        code: 0    runtime: 0:00:03.217706
job: grad_1_1        code: 0    runtime: 0:00:07.795564

Starting job execution
['gateway']
['seward']
['copy', '/project/lgagliardi/helenclifford/practice_rcc/sharc4/methaniminium/tutorial_reproduction/traj/Singlet_2/TRAJ_00006/restart/MOLCAS.1.JobIph.87', 'JOBOLD']
['rasscf', 1, 4, True, False]
['copy', 'MOLCAS.rasscf.h5', 'MOLCAS.1.rasscf.h5']
['copy', 'MOLCAS.JobIph', 'MOLCAS.1.JobIph']
['copy', '/project/lgagliardi/helenclifford/practice_rcc/sharc4/methaniminium/tutorial_reproduction/traj/Singlet_2/TRAJ_00006/restart/MOLCAS.3.JobIph.87', 'JOBOLD']
['rasscf', 3, 3, True, False]
['copy', 'MOLCAS.rasscf.h5', 'MOLCAS.3.rasscf.h5']
['copy', 'MOLCAS.JobIph', 'MOLCAS.3.JobIph']
['link', 'MOLCAS.1.JobIph', 'JOB001']
['rassi', 'dm', [4]]
['copy', 'MOLCAS.rassi.h5', 'MOLCAS.rassi.1.h5']
['link', 'MOLCAS.3.JobIph', 'JOB001']
['rassi', 'dm', [3]]
['copy', 'MOLCAS.rassi.h5', 'MOLCAS.rassi.3.h5']
['copy', '/project/lgagliardi/helenclifford/practice_rcc/sharc4/methaniminium/tutorial_reproduction/traj/Singlet_2/TRAJ_00006/restart/MOLCAS.1.JobIph.87', 'JOB001']
['link', 'MOLCAS.1.JobIph', 'JOB002']
['rassi', 'overlap', [4, 4]]
['copy', 'MOLCAS.rassi.h5', 'MOLCAS.rassi.ovlp.1.h5']
['copy', '/project/lgagliardi/helenclifford/practice_rcc/sharc4/methaniminium/tutorial_reproduction/traj/Singlet_2/TRAJ_00006/restart/MOLCAS.3.JobIph.87', 'JOB001']
['link', 'MOLCAS.3.JobIph', 'JOB002']
['rassi', 'overlap', [3, 3]]
['copy', 'MOLCAS.rassi.h5', 'MOLCAS.rassi.ovlp.3.h5']
['link', 'MOLCAS.1.JobIph', 'JOB001']
['link', 'MOLCAS.3.JobIph', 'JOB002']
['rassi', 'soc', [4, 3]]
['copy', '$master_path/MOLCAS.3.JobIph', 'JOBOLD']
['rasscf', 3, 3, True, False]
['mclr', 0.0001, 'sala=1']
['alaska']
['copy', '$master_path/MOLCAS.1.JobIph', 'JOBOLD']
['rasscf', 1, 4, True, False]
['mclr', 0.0001, 'sala=1']
['alaska']
All jobs finished:
job: master          code: 0    runtime: 0:00:19.909319
job: grad_3_1        code: 0    runtime: 0:00:08.457820
job: grad_1_1        code: 0    runtime: 0:00:06.710462

Starting job execution
['gateway']
['seward']
['copy', '/project/lgagliardi/helenclifford/practice_rcc/sharc4/methaniminium/tutorial_reproduction/traj/Singlet_2/TRAJ_00006/restart/MOLCAS.1.JobIph.88', 'JOBOLD']
['rasscf', 1, 4, True, False]
['copy', 'MOLCAS.rasscf.h5', 'MOLCAS.1.rasscf.h5']
['copy', 'MOLCAS.JobIph', 'MOLCAS.1.JobIph']
['copy', '/project/lgagliardi/helenclifford/practice_rcc/sharc4/methaniminium/tutorial_reproduction/traj/Singlet_2/TRAJ_00006/restart/MOLCAS.3.JobIph.88', 'JOBOLD']
['rasscf', 3, 3, True, False]
['copy', 'MOLCAS.rasscf.h5', 'MOLCAS.3.rasscf.h5']
['copy', 'MOLCAS.JobIph', 'MOLCAS.3.JobIph']
['link', 'MOLCAS.1.JobIph', 'JOB001']
['rassi', 'dm', [4]]
['copy', 'MOLCAS.rassi.h5', 'MOLCAS.rassi.1.h5']
['link', 'MOLCAS.3.JobIph', 'JOB001']
['rassi', 'dm', [3]]
['copy', 'MOLCAS.rassi.h5', 'MOLCAS.rassi.3.h5']
['copy', '/project/lgagliardi/helenclifford/practice_rcc/sharc4/methaniminium/tutorial_reproduction/traj/Singlet_2/TRAJ_00006/restart/MOLCAS.1.JobIph.88', 'JOB001']
['link', 'MOLCAS.1.JobIph', 'JOB002']
['rassi', 'overlap', [4, 4]]
['copy', 'MOLCAS.rassi.h5', 'MOLCAS.rassi.ovlp.1.h5']
['copy', '/project/lgagliardi/helenclifford/practice_rcc/sharc4/methaniminium/tutorial_reproduction/traj/Singlet_2/TRAJ_00006/restart/MOLCAS.3.JobIph.88', 'JOB001']
['link', 'MOLCAS.3.JobIph', 'JOB002']
['rassi', 'overlap', [3, 3]]
['copy', 'MOLCAS.rassi.h5', 'MOLCAS.rassi.ovlp.3.h5']
['link', 'MOLCAS.1.JobIph', 'JOB001']
['link', 'MOLCAS.3.JobIph', 'JOB002']
['rassi', 'soc', [4, 3]]
['copy', '$master_path/MOLCAS.3.JobIph', 'JOBOLD']
['rasscf', 3, 3, True, False]
['mclr', 0.0001, 'sala=1']
['alaska']
['copy', '$master_path/MOLCAS.1.JobIph', 'JOBOLD']
['rasscf', 1, 4, True, False]
['mclr', 0.0001, 'sala=1']
['alaska']
All jobs finished:
job: master          code: 0    runtime: 0:00:24.562570
job: grad_3_1        code: 0    runtime: 0:00:08.740187
job: grad_1_1        code: 0    runtime: 0:00:08.121484

Starting job execution
['gateway']
['seward']
['copy', '/project/lgagliardi/helenclifford/practice_rcc/sharc4/methaniminium/tutorial_reproduction/traj/Singlet_2/TRAJ_00006/restart/MOLCAS.1.JobIph.89', 'JOBOLD']
['rasscf', 1, 4, True, False]
['copy', 'MOLCAS.rasscf.h5', 'MOLCAS.1.rasscf.h5']
['copy', 'MOLCAS.JobIph', 'MOLCAS.1.JobIph']
['copy', '/project/lgagliardi/helenclifford/practice_rcc/sharc4/methaniminium/tutorial_reproduction/traj/Singlet_2/TRAJ_00006/restart/MOLCAS.3.JobIph.89', 'JOBOLD']
['rasscf', 3, 3, True, False]
['copy', 'MOLCAS.rasscf.h5', 'MOLCAS.3.rasscf.h5']
['copy', 'MOLCAS.JobIph', 'MOLCAS.3.JobIph']
['link', 'MOLCAS.1.JobIph', 'JOB001']
['rassi', 'dm', [4]]
['copy', 'MOLCAS.rassi.h5', 'MOLCAS.rassi.1.h5']
['link', 'MOLCAS.3.JobIph', 'JOB001']
['rassi', 'dm', [3]]
['copy', 'MOLCAS.rassi.h5', 'MOLCAS.rassi.3.h5']
['copy', '/project/lgagliardi/helenclifford/practice_rcc/sharc4/methaniminium/tutorial_reproduction/traj/Singlet_2/TRAJ_00006/restart/MOLCAS.1.JobIph.89', 'JOB001']
['link', 'MOLCAS.1.JobIph', 'JOB002']
['rassi', 'overlap', [4, 4]]
['copy', 'MOLCAS.rassi.h5', 'MOLCAS.rassi.ovlp.1.h5']
['copy', '/project/lgagliardi/helenclifford/practice_rcc/sharc4/methaniminium/tutorial_reproduction/traj/Singlet_2/TRAJ_00006/restart/MOLCAS.3.JobIph.89', 'JOB001']
['link', 'MOLCAS.3.JobIph', 'JOB002']
['rassi', 'overlap', [3, 3]]
['copy', 'MOLCAS.rassi.h5', 'MOLCAS.rassi.ovlp.3.h5']
['link', 'MOLCAS.1.JobIph', 'JOB001']
['link', 'MOLCAS.3.JobIph', 'JOB002']
['rassi', 'soc', [4, 3]]
['copy', '$master_path/MOLCAS.1.JobIph', 'JOBOLD']
['rasscf', 1, 4, True, False]
['mclr', 0.0001, 'sala=1']
['alaska']
All jobs finished:
job: master          code: 0    runtime: 0:00:19.543691
job: grad_1_1        code: 0    runtime: 0:00:08.159002

Starting job execution
['gateway']
['seward']
['copy', '/project/lgagliardi/helenclifford/practice_rcc/sharc4/methaniminium/tutorial_reproduction/traj/Singlet_2/TRAJ_00006/restart/MOLCAS.1.JobIph.90', 'JOBOLD']
['rasscf', 1, 4, True, False]
['copy', 'MOLCAS.rasscf.h5', 'MOLCAS.1.rasscf.h5']
['copy', 'MOLCAS.JobIph', 'MOLCAS.1.JobIph']
['copy', '/project/lgagliardi/helenclifford/practice_rcc/sharc4/methaniminium/tutorial_reproduction/traj/Singlet_2/TRAJ_00006/restart/MOLCAS.3.JobIph.90', 'JOBOLD']
['rasscf', 3, 3, True, False]
['copy', 'MOLCAS.rasscf.h5', 'MOLCAS.3.rasscf.h5']
['copy', 'MOLCAS.JobIph', 'MOLCAS.3.JobIph']
['link', 'MOLCAS.1.JobIph', 'JOB001']
['rassi', 'dm', [4]]
['copy', 'MOLCAS.rassi.h5', 'MOLCAS.rassi.1.h5']
['link', 'MOLCAS.3.JobIph', 'JOB001']
['rassi', 'dm', [3]]
['copy', 'MOLCAS.rassi.h5', 'MOLCAS.rassi.3.h5']
['copy', '/project/lgagliardi/helenclifford/practice_rcc/sharc4/methaniminium/tutorial_reproduction/traj/Singlet_2/TRAJ_00006/restart/MOLCAS.1.JobIph.90', 'JOB001']
['link', 'MOLCAS.1.JobIph', 'JOB002']
['rassi', 'overlap', [4, 4]]
['copy', 'MOLCAS.rassi.h5', 'MOLCAS.rassi.ovlp.1.h5']
['copy', '/project/lgagliardi/helenclifford/practice_rcc/sharc4/methaniminium/tutorial_reproduction/traj/Singlet_2/TRAJ_00006/restart/MOLCAS.3.JobIph.90', 'JOB001']
['link', 'MOLCAS.3.JobIph', 'JOB002']
['rassi', 'overlap', [3, 3]]
['copy', 'MOLCAS.rassi.h5', 'MOLCAS.rassi.ovlp.3.h5']
['link', 'MOLCAS.1.JobIph', 'JOB001']
['link', 'MOLCAS.3.JobIph', 'JOB002']
['rassi', 'soc', [4, 3]]
['copy', '$master_path/MOLCAS.1.JobIph', 'JOBOLD']
['rasscf', 1, 4, True, False]
['mclr', 0.0001, 'sala=1']
['alaska']
All jobs finished:
job: master          code: 0    runtime: 0:00:19.283717
job: grad_1_1        code: 0    runtime: 0:00:06.295598

Starting job execution
['gateway']
['seward']
['copy', '/project/lgagliardi/helenclifford/practice_rcc/sharc4/methaniminium/tutorial_reproduction/traj/Singlet_2/TRAJ_00006/restart/MOLCAS.1.JobIph.91', 'JOBOLD']
['rasscf', 1, 4, True, False]
['copy', 'MOLCAS.rasscf.h5', 'MOLCAS.1.rasscf.h5']
['copy', 'MOLCAS.JobIph', 'MOLCAS.1.JobIph']
['copy', '/project/lgagliardi/helenclifford/practice_rcc/sharc4/methaniminium/tutorial_reproduction/traj/Singlet_2/TRAJ_00006/restart/MOLCAS.3.JobIph.91', 'JOBOLD']
['rasscf', 3, 3, True, False]
['copy', 'MOLCAS.rasscf.h5', 'MOLCAS.3.rasscf.h5']
['copy', 'MOLCAS.JobIph', 'MOLCAS.3.JobIph']
['link', 'MOLCAS.1.JobIph', 'JOB001']
['rassi', 'dm', [4]]
['copy', 'MOLCAS.rassi.h5', 'MOLCAS.rassi.1.h5']
['link', 'MOLCAS.3.JobIph', 'JOB001']
['rassi', 'dm', [3]]
['copy', 'MOLCAS.rassi.h5', 'MOLCAS.rassi.3.h5']
['copy', '/project/lgagliardi/helenclifford/practice_rcc/sharc4/methaniminium/tutorial_reproduction/traj/Singlet_2/TRAJ_00006/restart/MOLCAS.1.JobIph.91', 'JOB001']
['link', 'MOLCAS.1.JobIph', 'JOB002']
['rassi', 'overlap', [4, 4]]
['copy', 'MOLCAS.rassi.h5', 'MOLCAS.rassi.ovlp.1.h5']
['copy', '/project/lgagliardi/helenclifford/practice_rcc/sharc4/methaniminium/tutorial_reproduction/traj/Singlet_2/TRAJ_00006/restart/MOLCAS.3.JobIph.91', 'JOB001']
['link', 'MOLCAS.3.JobIph', 'JOB002']
['rassi', 'overlap', [3, 3]]
['copy', 'MOLCAS.rassi.h5', 'MOLCAS.rassi.ovlp.3.h5']
['link', 'MOLCAS.1.JobIph', 'JOB001']
['link', 'MOLCAS.3.JobIph', 'JOB002']
['rassi', 'soc', [4, 3]]
['copy', '$master_path/MOLCAS.1.JobIph', 'JOBOLD']
['rasscf', 1, 4, True, False]
['mclr', 0.0001, 'sala=1']
['alaska']
All jobs finished:
job: master          code: 0    runtime: 0:00:20.797647
job: grad_1_1        code: 0    runtime: 0:00:15.317703

Starting job execution
['gateway']
['seward']
['copy', '/project/lgagliardi/helenclifford/practice_rcc/sharc4/methaniminium/tutorial_reproduction/traj/Singlet_2/TRAJ_00006/restart/MOLCAS.1.JobIph.92', 'JOBOLD']
['rasscf', 1, 4, True, False]
['copy', 'MOLCAS.rasscf.h5', 'MOLCAS.1.rasscf.h5']
['copy', 'MOLCAS.JobIph', 'MOLCAS.1.JobIph']
['copy', '/project/lgagliardi/helenclifford/practice_rcc/sharc4/methaniminium/tutorial_reproduction/traj/Singlet_2/TRAJ_00006/restart/MOLCAS.3.JobIph.92', 'JOBOLD']
['rasscf', 3, 3, True, False]
['copy', 'MOLCAS.rasscf.h5', 'MOLCAS.3.rasscf.h5']
['copy', 'MOLCAS.JobIph', 'MOLCAS.3.JobIph']
['link', 'MOLCAS.1.JobIph', 'JOB001']
['rassi', 'dm', [4]]
['copy', 'MOLCAS.rassi.h5', 'MOLCAS.rassi.1.h5']
['link', 'MOLCAS.3.JobIph', 'JOB001']
['rassi', 'dm', [3]]
['copy', 'MOLCAS.rassi.h5', 'MOLCAS.rassi.3.h5']
['copy', '/project/lgagliardi/helenclifford/practice_rcc/sharc4/methaniminium/tutorial_reproduction/traj/Singlet_2/TRAJ_00006/restart/MOLCAS.1.JobIph.92', 'JOB001']
['link', 'MOLCAS.1.JobIph', 'JOB002']
['rassi', 'overlap', [4, 4]]
['copy', 'MOLCAS.rassi.h5', 'MOLCAS.rassi.ovlp.1.h5']
['copy', '/project/lgagliardi/helenclifford/practice_rcc/sharc4/methaniminium/tutorial_reproduction/traj/Singlet_2/TRAJ_00006/restart/MOLCAS.3.JobIph.92', 'JOB001']
['link', 'MOLCAS.3.JobIph', 'JOB002']
['rassi', 'overlap', [3, 3]]
['copy', 'MOLCAS.rassi.h5', 'MOLCAS.rassi.ovlp.3.h5']
['link', 'MOLCAS.1.JobIph', 'JOB001']
['link', 'MOLCAS.3.JobIph', 'JOB002']
['rassi', 'soc', [4, 3]]
['copy', '$master_path/MOLCAS.1.JobIph', 'JOBOLD']
['rasscf', 1, 4, True, False]
['mclr', 0.0001, 'sala=1']
['alaska']
All jobs finished:
job: master          code: 0    runtime: 0:00:17.383844
job: grad_1_1        code: 0    runtime: 0:00:13.218358

Starting job execution
['gateway']
['seward']
['copy', '/project/lgagliardi/helenclifford/practice_rcc/sharc4/methaniminium/tutorial_reproduction/traj/Singlet_2/TRAJ_00006/restart/MOLCAS.1.JobIph.93', 'JOBOLD']
['rasscf', 1, 4, True, False]
['copy', 'MOLCAS.rasscf.h5', 'MOLCAS.1.rasscf.h5']
['copy', 'MOLCAS.JobIph', 'MOLCAS.1.JobIph']
['copy', '/project/lgagliardi/helenclifford/practice_rcc/sharc4/methaniminium/tutorial_reproduction/traj/Singlet_2/TRAJ_00006/restart/MOLCAS.3.JobIph.93', 'JOBOLD']
['rasscf', 3, 3, True, False]
['copy', 'MOLCAS.rasscf.h5', 'MOLCAS.3.rasscf.h5']
['copy', 'MOLCAS.JobIph', 'MOLCAS.3.JobIph']
['link', 'MOLCAS.1.JobIph', 'JOB001']
['rassi', 'dm', [4]]
['copy', 'MOLCAS.rassi.h5', 'MOLCAS.rassi.1.h5']
['link', 'MOLCAS.3.JobIph', 'JOB001']
['rassi', 'dm', [3]]
['copy', 'MOLCAS.rassi.h5', 'MOLCAS.rassi.3.h5']
['copy', '/project/lgagliardi/helenclifford/practice_rcc/sharc4/methaniminium/tutorial_reproduction/traj/Singlet_2/TRAJ_00006/restart/MOLCAS.1.JobIph.93', 'JOB001']
['link', 'MOLCAS.1.JobIph', 'JOB002']
['rassi', 'overlap', [4, 4]]
['copy', 'MOLCAS.rassi.h5', 'MOLCAS.rassi.ovlp.1.h5']
['copy', '/project/lgagliardi/helenclifford/practice_rcc/sharc4/methaniminium/tutorial_reproduction/traj/Singlet_2/TRAJ_00006/restart/MOLCAS.3.JobIph.93', 'JOB001']
['link', 'MOLCAS.3.JobIph', 'JOB002']
['rassi', 'overlap', [3, 3]]
['copy', 'MOLCAS.rassi.h5', 'MOLCAS.rassi.ovlp.3.h5']
['link', 'MOLCAS.1.JobIph', 'JOB001']
['link', 'MOLCAS.3.JobIph', 'JOB002']
['rassi', 'soc', [4, 3]]
['copy', '$master_path/MOLCAS.1.JobIph', 'JOBOLD']
['rasscf', 1, 4, True, False]
['mclr', 0.0001, 'sala=1']
['alaska']
All jobs finished:
job: master          code: 0    runtime: 0:00:20.699868
job: grad_1_1        code: 0    runtime: 0:00:10.226650

Starting job execution
['gateway']
['seward']
['copy', '/project/lgagliardi/helenclifford/practice_rcc/sharc4/methaniminium/tutorial_reproduction/traj/Singlet_2/TRAJ_00006/restart/MOLCAS.1.JobIph.94', 'JOBOLD']
['rasscf', 1, 4, True, False]
['copy', 'MOLCAS.rasscf.h5', 'MOLCAS.1.rasscf.h5']
['copy', 'MOLCAS.JobIph', 'MOLCAS.1.JobIph']
['copy', '/project/lgagliardi/helenclifford/practice_rcc/sharc4/methaniminium/tutorial_reproduction/traj/Singlet_2/TRAJ_00006/restart/MOLCAS.3.JobIph.94', 'JOBOLD']
['rasscf', 3, 3, True, False]
['copy', 'MOLCAS.rasscf.h5', 'MOLCAS.3.rasscf.h5']
['copy', 'MOLCAS.JobIph', 'MOLCAS.3.JobIph']
['link', 'MOLCAS.1.JobIph', 'JOB001']
['rassi', 'dm', [4]]
['copy', 'MOLCAS.rassi.h5', 'MOLCAS.rassi.1.h5']
['link', 'MOLCAS.3.JobIph', 'JOB001']
['rassi', 'dm', [3]]
['copy', 'MOLCAS.rassi.h5', 'MOLCAS.rassi.3.h5']
['copy', '/project/lgagliardi/helenclifford/practice_rcc/sharc4/methaniminium/tutorial_reproduction/traj/Singlet_2/TRAJ_00006/restart/MOLCAS.1.JobIph.94', 'JOB001']
['link', 'MOLCAS.1.JobIph', 'JOB002']
['rassi', 'overlap', [4, 4]]
['copy', 'MOLCAS.rassi.h5', 'MOLCAS.rassi.ovlp.1.h5']
['copy', '/project/lgagliardi/helenclifford/practice_rcc/sharc4/methaniminium/tutorial_reproduction/traj/Singlet_2/TRAJ_00006/restart/MOLCAS.3.JobIph.94', 'JOB001']
['link', 'MOLCAS.3.JobIph', 'JOB002']
['rassi', 'overlap', [3, 3]]
['copy', 'MOLCAS.rassi.h5', 'MOLCAS.rassi.ovlp.3.h5']
['link', 'MOLCAS.1.JobIph', 'JOB001']
['link', 'MOLCAS.3.JobIph', 'JOB002']
['rassi', 'soc', [4, 3]]
['copy', '$master_path/MOLCAS.1.JobIph', 'JOBOLD']
['rasscf', 1, 4, True, False]
['mclr', 0.0001, 'sala=1']
['alaska']
All jobs finished:
job: master          code: 0    runtime: 0:00:19.438883
job: grad_1_1        code: 0    runtime: 0:00:11.441287

Starting job execution
['gateway']
['seward']
['copy', '/project/lgagliardi/helenclifford/practice_rcc/sharc4/methaniminium/tutorial_reproduction/traj/Singlet_2/TRAJ_00006/restart/MOLCAS.1.JobIph.95', 'JOBOLD']
['rasscf', 1, 4, True, False]
['copy', 'MOLCAS.rasscf.h5', 'MOLCAS.1.rasscf.h5']
['copy', 'MOLCAS.JobIph', 'MOLCAS.1.JobIph']
['copy', '/project/lgagliardi/helenclifford/practice_rcc/sharc4/methaniminium/tutorial_reproduction/traj/Singlet_2/TRAJ_00006/restart/MOLCAS.3.JobIph.95', 'JOBOLD']
['rasscf', 3, 3, True, False]
['copy', 'MOLCAS.rasscf.h5', 'MOLCAS.3.rasscf.h5']
['copy', 'MOLCAS.JobIph', 'MOLCAS.3.JobIph']
['link', 'MOLCAS.1.JobIph', 'JOB001']
['rassi', 'dm', [4]]
['copy', 'MOLCAS.rassi.h5', 'MOLCAS.rassi.1.h5']
['link', 'MOLCAS.3.JobIph', 'JOB001']
['rassi', 'dm', [3]]
['copy', 'MOLCAS.rassi.h5', 'MOLCAS.rassi.3.h5']
['copy', '/project/lgagliardi/helenclifford/practice_rcc/sharc4/methaniminium/tutorial_reproduction/traj/Singlet_2/TRAJ_00006/restart/MOLCAS.1.JobIph.95', 'JOB001']
['link', 'MOLCAS.1.JobIph', 'JOB002']
['rassi', 'overlap', [4, 4]]
['copy', 'MOLCAS.rassi.h5', 'MOLCAS.rassi.ovlp.1.h5']
['copy', '/project/lgagliardi/helenclifford/practice_rcc/sharc4/methaniminium/tutorial_reproduction/traj/Singlet_2/TRAJ_00006/restart/MOLCAS.3.JobIph.95', 'JOB001']
['link', 'MOLCAS.3.JobIph', 'JOB002']
['rassi', 'overlap', [3, 3]]
['copy', 'MOLCAS.rassi.h5', 'MOLCAS.rassi.ovlp.3.h5']
['link', 'MOLCAS.1.JobIph', 'JOB001']
['link', 'MOLCAS.3.JobIph', 'JOB002']
['rassi', 'soc', [4, 3]]
['copy', '$master_path/MOLCAS.1.JobIph', 'JOBOLD']
['rasscf', 1, 4, True, False]
['mclr', 0.0001, 'sala=1']
['alaska']
All jobs finished:
job: master          code: 0    runtime: 0:00:21.461863
job: grad_1_1        code: 0    runtime: 0:00:02.598172

Starting job execution
['gateway']
['seward']
['copy', '/project/lgagliardi/helenclifford/practice_rcc/sharc4/methaniminium/tutorial_reproduction/traj/Singlet_2/TRAJ_00006/restart/MOLCAS.1.JobIph.96', 'JOBOLD']
['rasscf', 1, 4, True, False]
['copy', 'MOLCAS.rasscf.h5', 'MOLCAS.1.rasscf.h5']
['copy', 'MOLCAS.JobIph', 'MOLCAS.1.JobIph']
['copy', '/project/lgagliardi/helenclifford/practice_rcc/sharc4/methaniminium/tutorial_reproduction/traj/Singlet_2/TRAJ_00006/restart/MOLCAS.3.JobIph.96', 'JOBOLD']
['rasscf', 3, 3, True, False]
['copy', 'MOLCAS.rasscf.h5', 'MOLCAS.3.rasscf.h5']
['copy', 'MOLCAS.JobIph', 'MOLCAS.3.JobIph']
['link', 'MOLCAS.1.JobIph', 'JOB001']
['rassi', 'dm', [4]]
['copy', 'MOLCAS.rassi.h5', 'MOLCAS.rassi.1.h5']
['link', 'MOLCAS.3.JobIph', 'JOB001']
['rassi', 'dm', [3]]
['copy', 'MOLCAS.rassi.h5', 'MOLCAS.rassi.3.h5']
['copy', '/project/lgagliardi/helenclifford/practice_rcc/sharc4/methaniminium/tutorial_reproduction/traj/Singlet_2/TRAJ_00006/restart/MOLCAS.1.JobIph.96', 'JOB001']
['link', 'MOLCAS.1.JobIph', 'JOB002']
['rassi', 'overlap', [4, 4]]
['copy', 'MOLCAS.rassi.h5', 'MOLCAS.rassi.ovlp.1.h5']
['copy', '/project/lgagliardi/helenclifford/practice_rcc/sharc4/methaniminium/tutorial_reproduction/traj/Singlet_2/TRAJ_00006/restart/MOLCAS.3.JobIph.96', 'JOB001']
['link', 'MOLCAS.3.JobIph', 'JOB002']
['rassi', 'overlap', [3, 3]]
['copy', 'MOLCAS.rassi.h5', 'MOLCAS.rassi.ovlp.3.h5']
['link', 'MOLCAS.1.JobIph', 'JOB001']
['link', 'MOLCAS.3.JobIph', 'JOB002']
['rassi', 'soc', [4, 3]]
['copy', '$master_path/MOLCAS.1.JobIph', 'JOBOLD']
['rasscf', 1, 4, True, False]
['mclr', 0.0001, 'sala=1']
['alaska']
All jobs finished:
job: master          code: 0    runtime: 0:00:33.653765
job: grad_1_1        code: 0    runtime: 0:00:13.054355

Starting job execution
['gateway']
['seward']
['copy', '/project/lgagliardi/helenclifford/practice_rcc/sharc4/methaniminium/tutorial_reproduction/traj/Singlet_2/TRAJ_00006/restart/MOLCAS.1.JobIph.97', 'JOBOLD']
['rasscf', 1, 4, True, False]
['copy', 'MOLCAS.rasscf.h5', 'MOLCAS.1.rasscf.h5']
['copy', 'MOLCAS.JobIph', 'MOLCAS.1.JobIph']
['copy', '/project/lgagliardi/helenclifford/practice_rcc/sharc4/methaniminium/tutorial_reproduction/traj/Singlet_2/TRAJ_00006/restart/MOLCAS.3.JobIph.97', 'JOBOLD']
['rasscf', 3, 3, True, False]
['copy', 'MOLCAS.rasscf.h5', 'MOLCAS.3.rasscf.h5']
['copy', 'MOLCAS.JobIph', 'MOLCAS.3.JobIph']
['link', 'MOLCAS.1.JobIph', 'JOB001']
['rassi', 'dm', [4]]
['copy', 'MOLCAS.rassi.h5', 'MOLCAS.rassi.1.h5']
['link', 'MOLCAS.3.JobIph', 'JOB001']
['rassi', 'dm', [3]]
['copy', 'MOLCAS.rassi.h5', 'MOLCAS.rassi.3.h5']
['copy', '/project/lgagliardi/helenclifford/practice_rcc/sharc4/methaniminium/tutorial_reproduction/traj/Singlet_2/TRAJ_00006/restart/MOLCAS.1.JobIph.97', 'JOB001']
['link', 'MOLCAS.1.JobIph', 'JOB002']
['rassi', 'overlap', [4, 4]]
['copy', 'MOLCAS.rassi.h5', 'MOLCAS.rassi.ovlp.1.h5']
['copy', '/project/lgagliardi/helenclifford/practice_rcc/sharc4/methaniminium/tutorial_reproduction/traj/Singlet_2/TRAJ_00006/restart/MOLCAS.3.JobIph.97', 'JOB001']
['link', 'MOLCAS.3.JobIph', 'JOB002']
['rassi', 'overlap', [3, 3]]
['copy', 'MOLCAS.rassi.h5', 'MOLCAS.rassi.ovlp.3.h5']
['link', 'MOLCAS.1.JobIph', 'JOB001']
['link', 'MOLCAS.3.JobIph', 'JOB002']
['rassi', 'soc', [4, 3]]
['copy', '$master_path/MOLCAS.1.JobIph', 'JOBOLD']
['rasscf', 1, 4, True, False]
['mclr', 0.0001, 'sala=1']
['alaska']
All jobs finished:
job: master          code: 0    runtime: 0:00:19.501639
job: grad_1_1        code: 0    runtime: 0:00:16.481608

Starting job execution
['gateway']
['seward']
['copy', '/project/lgagliardi/helenclifford/practice_rcc/sharc4/methaniminium/tutorial_reproduction/traj/Singlet_2/TRAJ_00006/restart/MOLCAS.1.JobIph.98', 'JOBOLD']
['rasscf', 1, 4, True, False]
['copy', 'MOLCAS.rasscf.h5', 'MOLCAS.1.rasscf.h5']
['copy', 'MOLCAS.JobIph', 'MOLCAS.1.JobIph']
['copy', '/project/lgagliardi/helenclifford/practice_rcc/sharc4/methaniminium/tutorial_reproduction/traj/Singlet_2/TRAJ_00006/restart/MOLCAS.3.JobIph.98', 'JOBOLD']
['rasscf', 3, 3, True, False]
['copy', 'MOLCAS.rasscf.h5', 'MOLCAS.3.rasscf.h5']
['copy', 'MOLCAS.JobIph', 'MOLCAS.3.JobIph']
['link', 'MOLCAS.1.JobIph', 'JOB001']
['rassi', 'dm', [4]]
['copy', 'MOLCAS.rassi.h5', 'MOLCAS.rassi.1.h5']
['link', 'MOLCAS.3.JobIph', 'JOB001']
['rassi', 'dm', [3]]
['copy', 'MOLCAS.rassi.h5', 'MOLCAS.rassi.3.h5']
['copy', '/project/lgagliardi/helenclifford/practice_rcc/sharc4/methaniminium/tutorial_reproduction/traj/Singlet_2/TRAJ_00006/restart/MOLCAS.1.JobIph.98', 'JOB001']
['link', 'MOLCAS.1.JobIph', 'JOB002']
['rassi', 'overlap', [4, 4]]
['copy', 'MOLCAS.rassi.h5', 'MOLCAS.rassi.ovlp.1.h5']
['copy', '/project/lgagliardi/helenclifford/practice_rcc/sharc4/methaniminium/tutorial_reproduction/traj/Singlet_2/TRAJ_00006/restart/MOLCAS.3.JobIph.98', 'JOB001']
['link', 'MOLCAS.3.JobIph', 'JOB002']
['rassi', 'overlap', [3, 3]]
['copy', 'MOLCAS.rassi.h5', 'MOLCAS.rassi.ovlp.3.h5']
['link', 'MOLCAS.1.JobIph', 'JOB001']
['link', 'MOLCAS.3.JobIph', 'JOB002']
['rassi', 'soc', [4, 3]]
['copy', '$master_path/MOLCAS.1.JobIph', 'JOBOLD']
['rasscf', 1, 4, True, False]
['mclr', 0.0001, 'sala=1']
['alaska']
All jobs finished:
job: master          code: 0    runtime: 0:00:18.032158
job: grad_1_1        code: 0    runtime: 0:00:04.399960

Starting job execution
['gateway']
['seward']
['copy', '/project/lgagliardi/helenclifford/practice_rcc/sharc4/methaniminium/tutorial_reproduction/traj/Singlet_2/TRAJ_00006/restart/MOLCAS.1.JobIph.99', 'JOBOLD']
['rasscf', 1, 4, True, False]
['copy', 'MOLCAS.rasscf.h5', 'MOLCAS.1.rasscf.h5']
['copy', 'MOLCAS.JobIph', 'MOLCAS.1.JobIph']
['copy', '/project/lgagliardi/helenclifford/practice_rcc/sharc4/methaniminium/tutorial_reproduction/traj/Singlet_2/TRAJ_00006/restart/MOLCAS.3.JobIph.99', 'JOBOLD']
['rasscf', 3, 3, True, False]
['copy', 'MOLCAS.rasscf.h5', 'MOLCAS.3.rasscf.h5']
['copy', 'MOLCAS.JobIph', 'MOLCAS.3.JobIph']
['link', 'MOLCAS.1.JobIph', 'JOB001']
['rassi', 'dm', [4]]
['copy', 'MOLCAS.rassi.h5', 'MOLCAS.rassi.1.h5']
['link', 'MOLCAS.3.JobIph', 'JOB001']
['rassi', 'dm', [3]]
['copy', 'MOLCAS.rassi.h5', 'MOLCAS.rassi.3.h5']
['copy', '/project/lgagliardi/helenclifford/practice_rcc/sharc4/methaniminium/tutorial_reproduction/traj/Singlet_2/TRAJ_00006/restart/MOLCAS.1.JobIph.99', 'JOB001']
['link', 'MOLCAS.1.JobIph', 'JOB002']
['rassi', 'overlap', [4, 4]]
['copy', 'MOLCAS.rassi.h5', 'MOLCAS.rassi.ovlp.1.h5']
['copy', '/project/lgagliardi/helenclifford/practice_rcc/sharc4/methaniminium/tutorial_reproduction/traj/Singlet_2/TRAJ_00006/restart/MOLCAS.3.JobIph.99', 'JOB001']
['link', 'MOLCAS.3.JobIph', 'JOB002']
['rassi', 'overlap', [3, 3]]
['copy', 'MOLCAS.rassi.h5', 'MOLCAS.rassi.ovlp.3.h5']
['link', 'MOLCAS.1.JobIph', 'JOB001']
['link', 'MOLCAS.3.JobIph', 'JOB002']
['rassi', 'soc', [4, 3]]
['copy', '$master_path/MOLCAS.1.JobIph', 'JOBOLD']
['rasscf', 1, 4, True, False]
['mclr', 0.0001, 'sala=1']
['alaska']
All jobs finished:
job: master          code: 0    runtime: 0:00:29.922384
job: grad_1_1        code: 0    runtime: 0:00:10.024420

Starting job execution
['gateway']
['seward']
['copy', '/project/lgagliardi/helenclifford/practice_rcc/sharc4/methaniminium/tutorial_reproduction/traj/Singlet_2/TRAJ_00006/restart/MOLCAS.1.JobIph.100', 'JOBOLD']
['rasscf', 1, 4, True, False]
['copy', 'MOLCAS.rasscf.h5', 'MOLCAS.1.rasscf.h5']
['copy', 'MOLCAS.JobIph', 'MOLCAS.1.JobIph']
['copy', '/project/lgagliardi/helenclifford/practice_rcc/sharc4/methaniminium/tutorial_reproduction/traj/Singlet_2/TRAJ_00006/restart/MOLCAS.3.JobIph.100', 'JOBOLD']
['rasscf', 3, 3, True, False]
['copy', 'MOLCAS.rasscf.h5', 'MOLCAS.3.rasscf.h5']
['copy', 'MOLCAS.JobIph', 'MOLCAS.3.JobIph']
['link', 'MOLCAS.1.JobIph', 'JOB001']
['rassi', 'dm', [4]]
['copy', 'MOLCAS.rassi.h5', 'MOLCAS.rassi.1.h5']
['link', 'MOLCAS.3.JobIph', 'JOB001']
['rassi', 'dm', [3]]
['copy', 'MOLCAS.rassi.h5', 'MOLCAS.rassi.3.h5']
['copy', '/project/lgagliardi/helenclifford/practice_rcc/sharc4/methaniminium/tutorial_reproduction/traj/Singlet_2/TRAJ_00006/restart/MOLCAS.1.JobIph.100', 'JOB001']
['link', 'MOLCAS.1.JobIph', 'JOB002']
['rassi', 'overlap', [4, 4]]
['copy', 'MOLCAS.rassi.h5', 'MOLCAS.rassi.ovlp.1.h5']
['copy', '/project/lgagliardi/helenclifford/practice_rcc/sharc4/methaniminium/tutorial_reproduction/traj/Singlet_2/TRAJ_00006/restart/MOLCAS.3.JobIph.100', 'JOB001']
['link', 'MOLCAS.3.JobIph', 'JOB002']
['rassi', 'overlap', [3, 3]]
['copy', 'MOLCAS.rassi.h5', 'MOLCAS.rassi.ovlp.3.h5']
['link', 'MOLCAS.1.JobIph', 'JOB001']
['link', 'MOLCAS.3.JobIph', 'JOB002']
['rassi', 'soc', [4, 3]]
['copy', '$master_path/MOLCAS.1.JobIph', 'JOBOLD']
['rasscf', 1, 4, True, False]
['mclr', 0.0001, 'sala=1']
['alaska']
All jobs finished:
job: master          code: 0    runtime: 0:00:24.179923
job: grad_1_1        code: 0    runtime: 0:00:02.533635

Starting job execution
['gateway']
['seward']
['copy', '/project/lgagliardi/helenclifford/practice_rcc/sharc4/methaniminium/tutorial_reproduction/traj/Singlet_2/TRAJ_00006/restart/MOLCAS.1.JobIph.101', 'JOBOLD']
['rasscf', 1, 4, True, False]
['copy', 'MOLCAS.rasscf.h5', 'MOLCAS.1.rasscf.h5']
['copy', 'MOLCAS.JobIph', 'MOLCAS.1.JobIph']
['copy', '/project/lgagliardi/helenclifford/practice_rcc/sharc4/methaniminium/tutorial_reproduction/traj/Singlet_2/TRAJ_00006/restart/MOLCAS.3.JobIph.101', 'JOBOLD']
['rasscf', 3, 3, True, False]
['copy', 'MOLCAS.rasscf.h5', 'MOLCAS.3.rasscf.h5']
['copy', 'MOLCAS.JobIph', 'MOLCAS.3.JobIph']
['link', 'MOLCAS.1.JobIph', 'JOB001']
['rassi', 'dm', [4]]
['copy', 'MOLCAS.rassi.h5', 'MOLCAS.rassi.1.h5']
['link', 'MOLCAS.3.JobIph', 'JOB001']
['rassi', 'dm', [3]]
['copy', 'MOLCAS.rassi.h5', 'MOLCAS.rassi.3.h5']
['copy', '/project/lgagliardi/helenclifford/practice_rcc/sharc4/methaniminium/tutorial_reproduction/traj/Singlet_2/TRAJ_00006/restart/MOLCAS.1.JobIph.101', 'JOB001']
['link', 'MOLCAS.1.JobIph', 'JOB002']
['rassi', 'overlap', [4, 4]]
['copy', 'MOLCAS.rassi.h5', 'MOLCAS.rassi.ovlp.1.h5']
['copy', '/project/lgagliardi/helenclifford/practice_rcc/sharc4/methaniminium/tutorial_reproduction/traj/Singlet_2/TRAJ_00006/restart/MOLCAS.3.JobIph.101', 'JOB001']
['link', 'MOLCAS.3.JobIph', 'JOB002']
['rassi', 'overlap', [3, 3]]
['copy', 'MOLCAS.rassi.h5', 'MOLCAS.rassi.ovlp.3.h5']
['link', 'MOLCAS.1.JobIph', 'JOB001']
['link', 'MOLCAS.3.JobIph', 'JOB002']
['rassi', 'soc', [4, 3]]
['copy', '$master_path/MOLCAS.1.JobIph', 'JOBOLD']
['rasscf', 1, 4, True, False]
['mclr', 0.0001, 'sala=1']
['alaska']
All jobs finished:
job: master          code: 0    runtime: 0:00:34.978529
job: grad_1_1        code: 0    runtime: 0:00:10.593635

Starting job execution
['gateway']
['seward']
['copy', '/project/lgagliardi/helenclifford/practice_rcc/sharc4/methaniminium/tutorial_reproduction/traj/Singlet_2/TRAJ_00006/restart/MOLCAS.1.JobIph.102', 'JOBOLD']
['rasscf', 1, 4, True, False]
['copy', 'MOLCAS.rasscf.h5', 'MOLCAS.1.rasscf.h5']
['copy', 'MOLCAS.JobIph', 'MOLCAS.1.JobIph']
['copy', '/project/lgagliardi/helenclifford/practice_rcc/sharc4/methaniminium/tutorial_reproduction/traj/Singlet_2/TRAJ_00006/restart/MOLCAS.3.JobIph.102', 'JOBOLD']
['rasscf', 3, 3, True, False]
['copy', 'MOLCAS.rasscf.h5', 'MOLCAS.3.rasscf.h5']
['copy', 'MOLCAS.JobIph', 'MOLCAS.3.JobIph']
['link', 'MOLCAS.1.JobIph', 'JOB001']
['rassi', 'dm', [4]]
['copy', 'MOLCAS.rassi.h5', 'MOLCAS.rassi.1.h5']
['link', 'MOLCAS.3.JobIph', 'JOB001']
['rassi', 'dm', [3]]
['copy', 'MOLCAS.rassi.h5', 'MOLCAS.rassi.3.h5']
['copy', '/project/lgagliardi/helenclifford/practice_rcc/sharc4/methaniminium/tutorial_reproduction/traj/Singlet_2/TRAJ_00006/restart/MOLCAS.1.JobIph.102', 'JOB001']
['link', 'MOLCAS.1.JobIph', 'JOB002']
['rassi', 'overlap', [4, 4]]
['copy', 'MOLCAS.rassi.h5', 'MOLCAS.rassi.ovlp.1.h5']
['copy', '/project/lgagliardi/helenclifford/practice_rcc/sharc4/methaniminium/tutorial_reproduction/traj/Singlet_2/TRAJ_00006/restart/MOLCAS.3.JobIph.102', 'JOB001']
['link', 'MOLCAS.3.JobIph', 'JOB002']
['rassi', 'overlap', [3, 3]]
['copy', 'MOLCAS.rassi.h5', 'MOLCAS.rassi.ovlp.3.h5']
['link', 'MOLCAS.1.JobIph', 'JOB001']
['link', 'MOLCAS.3.JobIph', 'JOB002']
['rassi', 'soc', [4, 3]]
['copy', '$master_path/MOLCAS.1.JobIph', 'JOBOLD']
['rasscf', 1, 4, True, False]
['mclr', 0.0001, 'sala=1']
['alaska']
All jobs finished:
job: master          code: 0    runtime: 0:00:23.131188
job: grad_1_1        code: 0    runtime: 0:00:09.344701

Starting job execution
['gateway']
['seward']
['copy', '/project/lgagliardi/helenclifford/practice_rcc/sharc4/methaniminium/tutorial_reproduction/traj/Singlet_2/TRAJ_00006/restart/MOLCAS.1.JobIph.103', 'JOBOLD']
['rasscf', 1, 4, True, False]
['copy', 'MOLCAS.rasscf.h5', 'MOLCAS.1.rasscf.h5']
['copy', 'MOLCAS.JobIph', 'MOLCAS.1.JobIph']
['copy', '/project/lgagliardi/helenclifford/practice_rcc/sharc4/methaniminium/tutorial_reproduction/traj/Singlet_2/TRAJ_00006/restart/MOLCAS.3.JobIph.103', 'JOBOLD']
['rasscf', 3, 3, True, False]
['copy', 'MOLCAS.rasscf.h5', 'MOLCAS.3.rasscf.h5']
['copy', 'MOLCAS.JobIph', 'MOLCAS.3.JobIph']
['link', 'MOLCAS.1.JobIph', 'JOB001']
['rassi', 'dm', [4]]
['copy', 'MOLCAS.rassi.h5', 'MOLCAS.rassi.1.h5']
['link', 'MOLCAS.3.JobIph', 'JOB001']
['rassi', 'dm', [3]]
['copy', 'MOLCAS.rassi.h5', 'MOLCAS.rassi.3.h5']
['copy', '/project/lgagliardi/helenclifford/practice_rcc/sharc4/methaniminium/tutorial_reproduction/traj/Singlet_2/TRAJ_00006/restart/MOLCAS.1.JobIph.103', 'JOB001']
['link', 'MOLCAS.1.JobIph', 'JOB002']
['rassi', 'overlap', [4, 4]]
['copy', 'MOLCAS.rassi.h5', 'MOLCAS.rassi.ovlp.1.h5']
['copy', '/project/lgagliardi/helenclifford/practice_rcc/sharc4/methaniminium/tutorial_reproduction/traj/Singlet_2/TRAJ_00006/restart/MOLCAS.3.JobIph.103', 'JOB001']
['link', 'MOLCAS.3.JobIph', 'JOB002']
['rassi', 'overlap', [3, 3]]
['copy', 'MOLCAS.rassi.h5', 'MOLCAS.rassi.ovlp.3.h5']
['link', 'MOLCAS.1.JobIph', 'JOB001']
['link', 'MOLCAS.3.JobIph', 'JOB002']
['rassi', 'soc', [4, 3]]
['copy', '$master_path/MOLCAS.1.JobIph', 'JOBOLD']
['rasscf', 1, 4, True, False]
['mclr', 0.0001, 'sala=1']
['alaska']
All jobs finished:
job: master          code: 0    runtime: 0:00:21.058526
job: grad_1_1        code: 0    runtime: 0:00:08.932610

Starting job execution
['gateway']
['seward']
['copy', '/project/lgagliardi/helenclifford/practice_rcc/sharc4/methaniminium/tutorial_reproduction/traj/Singlet_2/TRAJ_00006/restart/MOLCAS.1.JobIph.104', 'JOBOLD']
['rasscf', 1, 4, True, False]
['copy', 'MOLCAS.rasscf.h5', 'MOLCAS.1.rasscf.h5']
['copy', 'MOLCAS.JobIph', 'MOLCAS.1.JobIph']
['copy', '/project/lgagliardi/helenclifford/practice_rcc/sharc4/methaniminium/tutorial_reproduction/traj/Singlet_2/TRAJ_00006/restart/MOLCAS.3.JobIph.104', 'JOBOLD']
['rasscf', 3, 3, True, False]
['copy', 'MOLCAS.rasscf.h5', 'MOLCAS.3.rasscf.h5']
['copy', 'MOLCAS.JobIph', 'MOLCAS.3.JobIph']
['link', 'MOLCAS.1.JobIph', 'JOB001']
['rassi', 'dm', [4]]
['copy', 'MOLCAS.rassi.h5', 'MOLCAS.rassi.1.h5']
['link', 'MOLCAS.3.JobIph', 'JOB001']
['rassi', 'dm', [3]]
['copy', 'MOLCAS.rassi.h5', 'MOLCAS.rassi.3.h5']
['copy', '/project/lgagliardi/helenclifford/practice_rcc/sharc4/methaniminium/tutorial_reproduction/traj/Singlet_2/TRAJ_00006/restart/MOLCAS.1.JobIph.104', 'JOB001']
['link', 'MOLCAS.1.JobIph', 'JOB002']
['rassi', 'overlap', [4, 4]]
['copy', 'MOLCAS.rassi.h5', 'MOLCAS.rassi.ovlp.1.h5']
['copy', '/project/lgagliardi/helenclifford/practice_rcc/sharc4/methaniminium/tutorial_reproduction/traj/Singlet_2/TRAJ_00006/restart/MOLCAS.3.JobIph.104', 'JOB001']
['link', 'MOLCAS.3.JobIph', 'JOB002']
['rassi', 'overlap', [3, 3]]
['copy', 'MOLCAS.rassi.h5', 'MOLCAS.rassi.ovlp.3.h5']
['link', 'MOLCAS.1.JobIph', 'JOB001']
['link', 'MOLCAS.3.JobIph', 'JOB002']
['rassi', 'soc', [4, 3]]
['copy', '$master_path/MOLCAS.1.JobIph', 'JOBOLD']
['rasscf', 1, 4, True, False]
['mclr', 0.0001, 'sala=1']
['alaska']
All jobs finished:
job: master          code: 0    runtime: 0:00:21.042171
job: grad_1_1        code: 0    runtime: 0:00:06.208556

Starting job execution
['gateway']
['seward']
['copy', '/project/lgagliardi/helenclifford/practice_rcc/sharc4/methaniminium/tutorial_reproduction/traj/Singlet_2/TRAJ_00006/restart/MOLCAS.1.JobIph.105', 'JOBOLD']
['rasscf', 1, 4, True, False]
['copy', 'MOLCAS.rasscf.h5', 'MOLCAS.1.rasscf.h5']
['copy', 'MOLCAS.JobIph', 'MOLCAS.1.JobIph']
['copy', '/project/lgagliardi/helenclifford/practice_rcc/sharc4/methaniminium/tutorial_reproduction/traj/Singlet_2/TRAJ_00006/restart/MOLCAS.3.JobIph.105', 'JOBOLD']
['rasscf', 3, 3, True, False]
['copy', 'MOLCAS.rasscf.h5', 'MOLCAS.3.rasscf.h5']
['copy', 'MOLCAS.JobIph', 'MOLCAS.3.JobIph']
['link', 'MOLCAS.1.JobIph', 'JOB001']
['rassi', 'dm', [4]]
['copy', 'MOLCAS.rassi.h5', 'MOLCAS.rassi.1.h5']
['link', 'MOLCAS.3.JobIph', 'JOB001']
['rassi', 'dm', [3]]
['copy', 'MOLCAS.rassi.h5', 'MOLCAS.rassi.3.h5']
['copy', '/project/lgagliardi/helenclifford/practice_rcc/sharc4/methaniminium/tutorial_reproduction/traj/Singlet_2/TRAJ_00006/restart/MOLCAS.1.JobIph.105', 'JOB001']
['link', 'MOLCAS.1.JobIph', 'JOB002']
['rassi', 'overlap', [4, 4]]
['copy', 'MOLCAS.rassi.h5', 'MOLCAS.rassi.ovlp.1.h5']
['copy', '/project/lgagliardi/helenclifford/practice_rcc/sharc4/methaniminium/tutorial_reproduction/traj/Singlet_2/TRAJ_00006/restart/MOLCAS.3.JobIph.105', 'JOB001']
['link', 'MOLCAS.3.JobIph', 'JOB002']
['rassi', 'overlap', [3, 3]]
['copy', 'MOLCAS.rassi.h5', 'MOLCAS.rassi.ovlp.3.h5']
['link', 'MOLCAS.1.JobIph', 'JOB001']
['link', 'MOLCAS.3.JobIph', 'JOB002']
['rassi', 'soc', [4, 3]]
['copy', '$master_path/MOLCAS.1.JobIph', 'JOBOLD']
['rasscf', 1, 4, True, False]
['mclr', 0.0001, 'sala=1']
['alaska']
All jobs finished:
job: master          code: 0    runtime: 0:00:31.411965
job: grad_1_1        code: 0    runtime: 0:00:10.480423

Starting job execution
['gateway']
['seward']
['copy', '/project/lgagliardi/helenclifford/practice_rcc/sharc4/methaniminium/tutorial_reproduction/traj/Singlet_2/TRAJ_00006/restart/MOLCAS.1.JobIph.106', 'JOBOLD']
['rasscf', 1, 4, True, False]
['copy', 'MOLCAS.rasscf.h5', 'MOLCAS.1.rasscf.h5']
['copy', 'MOLCAS.JobIph', 'MOLCAS.1.JobIph']
['copy', '/project/lgagliardi/helenclifford/practice_rcc/sharc4/methaniminium/tutorial_reproduction/traj/Singlet_2/TRAJ_00006/restart/MOLCAS.3.JobIph.106', 'JOBOLD']
['rasscf', 3, 3, True, False]
['copy', 'MOLCAS.rasscf.h5', 'MOLCAS.3.rasscf.h5']
['copy', 'MOLCAS.JobIph', 'MOLCAS.3.JobIph']
['link', 'MOLCAS.1.JobIph', 'JOB001']
['rassi', 'dm', [4]]
['copy', 'MOLCAS.rassi.h5', 'MOLCAS.rassi.1.h5']
['link', 'MOLCAS.3.JobIph', 'JOB001']
['rassi', 'dm', [3]]
['copy', 'MOLCAS.rassi.h5', 'MOLCAS.rassi.3.h5']
['copy', '/project/lgagliardi/helenclifford/practice_rcc/sharc4/methaniminium/tutorial_reproduction/traj/Singlet_2/TRAJ_00006/restart/MOLCAS.1.JobIph.106', 'JOB001']
['link', 'MOLCAS.1.JobIph', 'JOB002']
['rassi', 'overlap', [4, 4]]
['copy', 'MOLCAS.rassi.h5', 'MOLCAS.rassi.ovlp.1.h5']
['copy', '/project/lgagliardi/helenclifford/practice_rcc/sharc4/methaniminium/tutorial_reproduction/traj/Singlet_2/TRAJ_00006/restart/MOLCAS.3.JobIph.106', 'JOB001']
['link', 'MOLCAS.3.JobIph', 'JOB002']
['rassi', 'overlap', [3, 3]]
['copy', 'MOLCAS.rassi.h5', 'MOLCAS.rassi.ovlp.3.h5']
['link', 'MOLCAS.1.JobIph', 'JOB001']
['link', 'MOLCAS.3.JobIph', 'JOB002']
['rassi', 'soc', [4, 3]]
['copy', '$master_path/MOLCAS.1.JobIph', 'JOBOLD']
['rasscf', 1, 4, True, False]
['mclr', 0.0001, 'sala=1']
['alaska']
All jobs finished:
job: master          code: 0    runtime: 0:00:19.944843
job: grad_1_1        code: 0    runtime: 0:00:09.792109

Starting job execution
['gateway']
['seward']
['copy', '/project/lgagliardi/helenclifford/practice_rcc/sharc4/methaniminium/tutorial_reproduction/traj/Singlet_2/TRAJ_00006/restart/MOLCAS.1.JobIph.107', 'JOBOLD']
['rasscf', 1, 4, True, False]
['copy', 'MOLCAS.rasscf.h5', 'MOLCAS.1.rasscf.h5']
['copy', 'MOLCAS.JobIph', 'MOLCAS.1.JobIph']
['copy', '/project/lgagliardi/helenclifford/practice_rcc/sharc4/methaniminium/tutorial_reproduction/traj/Singlet_2/TRAJ_00006/restart/MOLCAS.3.JobIph.107', 'JOBOLD']
['rasscf', 3, 3, True, False]
['copy', 'MOLCAS.rasscf.h5', 'MOLCAS.3.rasscf.h5']
['copy', 'MOLCAS.JobIph', 'MOLCAS.3.JobIph']
['link', 'MOLCAS.1.JobIph', 'JOB001']
['rassi', 'dm', [4]]
['copy', 'MOLCAS.rassi.h5', 'MOLCAS.rassi.1.h5']
['link', 'MOLCAS.3.JobIph', 'JOB001']
['rassi', 'dm', [3]]
['copy', 'MOLCAS.rassi.h5', 'MOLCAS.rassi.3.h5']
['copy', '/project/lgagliardi/helenclifford/practice_rcc/sharc4/methaniminium/tutorial_reproduction/traj/Singlet_2/TRAJ_00006/restart/MOLCAS.1.JobIph.107', 'JOB001']
['link', 'MOLCAS.1.JobIph', 'JOB002']
['rassi', 'overlap', [4, 4]]
['copy', 'MOLCAS.rassi.h5', 'MOLCAS.rassi.ovlp.1.h5']
['copy', '/project/lgagliardi/helenclifford/practice_rcc/sharc4/methaniminium/tutorial_reproduction/traj/Singlet_2/TRAJ_00006/restart/MOLCAS.3.JobIph.107', 'JOB001']
['link', 'MOLCAS.3.JobIph', 'JOB002']
['rassi', 'overlap', [3, 3]]
['copy', 'MOLCAS.rassi.h5', 'MOLCAS.rassi.ovlp.3.h5']
['link', 'MOLCAS.1.JobIph', 'JOB001']
['link', 'MOLCAS.3.JobIph', 'JOB002']
['rassi', 'soc', [4, 3]]
['copy', '$master_path/MOLCAS.1.JobIph', 'JOBOLD']
['rasscf', 1, 4, True, False]
['mclr', 0.0001, 'sala=1']
['alaska']
All jobs finished:
job: master          code: 0    runtime: 0:00:17.776071
job: grad_1_1        code: 0    runtime: 0:00:14.635580

Starting job execution
['gateway']
['seward']
['copy', '/project/lgagliardi/helenclifford/practice_rcc/sharc4/methaniminium/tutorial_reproduction/traj/Singlet_2/TRAJ_00006/restart/MOLCAS.1.JobIph.108', 'JOBOLD']
['rasscf', 1, 4, True, False]
['copy', 'MOLCAS.rasscf.h5', 'MOLCAS.1.rasscf.h5']
['copy', 'MOLCAS.JobIph', 'MOLCAS.1.JobIph']
['copy', '/project/lgagliardi/helenclifford/practice_rcc/sharc4/methaniminium/tutorial_reproduction/traj/Singlet_2/TRAJ_00006/restart/MOLCAS.3.JobIph.108', 'JOBOLD']
['rasscf', 3, 3, True, False]
['copy', 'MOLCAS.rasscf.h5', 'MOLCAS.3.rasscf.h5']
['copy', 'MOLCAS.JobIph', 'MOLCAS.3.JobIph']
['link', 'MOLCAS.1.JobIph', 'JOB001']
['rassi', 'dm', [4]]
['copy', 'MOLCAS.rassi.h5', 'MOLCAS.rassi.1.h5']
['link', 'MOLCAS.3.JobIph', 'JOB001']
['rassi', 'dm', [3]]
['copy', 'MOLCAS.rassi.h5', 'MOLCAS.rassi.3.h5']
['copy', '/project/lgagliardi/helenclifford/practice_rcc/sharc4/methaniminium/tutorial_reproduction/traj/Singlet_2/TRAJ_00006/restart/MOLCAS.1.JobIph.108', 'JOB001']
['link', 'MOLCAS.1.JobIph', 'JOB002']
['rassi', 'overlap', [4, 4]]
['copy', 'MOLCAS.rassi.h5', 'MOLCAS.rassi.ovlp.1.h5']
['copy', '/project/lgagliardi/helenclifford/practice_rcc/sharc4/methaniminium/tutorial_reproduction/traj/Singlet_2/TRAJ_00006/restart/MOLCAS.3.JobIph.108', 'JOB001']
['link', 'MOLCAS.3.JobIph', 'JOB002']
['rassi', 'overlap', [3, 3]]
['copy', 'MOLCAS.rassi.h5', 'MOLCAS.rassi.ovlp.3.h5']
['link', 'MOLCAS.1.JobIph', 'JOB001']
['link', 'MOLCAS.3.JobIph', 'JOB002']
['rassi', 'soc', [4, 3]]
['copy', '$master_path/MOLCAS.1.JobIph', 'JOBOLD']
['rasscf', 1, 4, True, False]
['mclr', 0.0001, 'sala=1']
['alaska']
All jobs finished:
job: master          code: 0    runtime: 0:00:16.422455
job: grad_1_1        code: 0    runtime: 0:00:09.524410

Starting job execution
['gateway']
['seward']
['copy', '/project/lgagliardi/helenclifford/practice_rcc/sharc4/methaniminium/tutorial_reproduction/traj/Singlet_2/TRAJ_00006/restart/MOLCAS.1.JobIph.109', 'JOBOLD']
['rasscf', 1, 4, True, False]
['copy', 'MOLCAS.rasscf.h5', 'MOLCAS.1.rasscf.h5']
['copy', 'MOLCAS.JobIph', 'MOLCAS.1.JobIph']
['copy', '/project/lgagliardi/helenclifford/practice_rcc/sharc4/methaniminium/tutorial_reproduction/traj/Singlet_2/TRAJ_00006/restart/MOLCAS.3.JobIph.109', 'JOBOLD']
['rasscf', 3, 3, True, False]
['copy', 'MOLCAS.rasscf.h5', 'MOLCAS.3.rasscf.h5']
['copy', 'MOLCAS.JobIph', 'MOLCAS.3.JobIph']
['link', 'MOLCAS.1.JobIph', 'JOB001']
['rassi', 'dm', [4]]
['copy', 'MOLCAS.rassi.h5', 'MOLCAS.rassi.1.h5']
['link', 'MOLCAS.3.JobIph', 'JOB001']
['rassi', 'dm', [3]]
['copy', 'MOLCAS.rassi.h5', 'MOLCAS.rassi.3.h5']
['copy', '/project/lgagliardi/helenclifford/practice_rcc/sharc4/methaniminium/tutorial_reproduction/traj/Singlet_2/TRAJ_00006/restart/MOLCAS.1.JobIph.109', 'JOB001']
['link', 'MOLCAS.1.JobIph', 'JOB002']
['rassi', 'overlap', [4, 4]]
['copy', 'MOLCAS.rassi.h5', 'MOLCAS.rassi.ovlp.1.h5']
['copy', '/project/lgagliardi/helenclifford/practice_rcc/sharc4/methaniminium/tutorial_reproduction/traj/Singlet_2/TRAJ_00006/restart/MOLCAS.3.JobIph.109', 'JOB001']
['link', 'MOLCAS.3.JobIph', 'JOB002']
['rassi', 'overlap', [3, 3]]
['copy', 'MOLCAS.rassi.h5', 'MOLCAS.rassi.ovlp.3.h5']
['link', 'MOLCAS.1.JobIph', 'JOB001']
['link', 'MOLCAS.3.JobIph', 'JOB002']
['rassi', 'soc', [4, 3]]
['copy', '$master_path/MOLCAS.1.JobIph', 'JOBOLD']
['rasscf', 1, 4, True, False]
['mclr', 0.0001, 'sala=1']
['alaska']
All jobs finished:
job: master          code: 0    runtime: 0:00:17.737338
job: grad_1_1        code: 0    runtime: 0:00:11.889865

Starting job execution
['gateway']
['seward']
['copy', '/project/lgagliardi/helenclifford/practice_rcc/sharc4/methaniminium/tutorial_reproduction/traj/Singlet_2/TRAJ_00006/restart/MOLCAS.1.JobIph.110', 'JOBOLD']
['rasscf', 1, 4, True, False]
['copy', 'MOLCAS.rasscf.h5', 'MOLCAS.1.rasscf.h5']
['copy', 'MOLCAS.JobIph', 'MOLCAS.1.JobIph']
['copy', '/project/lgagliardi/helenclifford/practice_rcc/sharc4/methaniminium/tutorial_reproduction/traj/Singlet_2/TRAJ_00006/restart/MOLCAS.3.JobIph.110', 'JOBOLD']
['rasscf', 3, 3, True, False]
['copy', 'MOLCAS.rasscf.h5', 'MOLCAS.3.rasscf.h5']
['copy', 'MOLCAS.JobIph', 'MOLCAS.3.JobIph']
['link', 'MOLCAS.1.JobIph', 'JOB001']
['rassi', 'dm', [4]]
['copy', 'MOLCAS.rassi.h5', 'MOLCAS.rassi.1.h5']
['link', 'MOLCAS.3.JobIph', 'JOB001']
['rassi', 'dm', [3]]
['copy', 'MOLCAS.rassi.h5', 'MOLCAS.rassi.3.h5']
['copy', '/project/lgagliardi/helenclifford/practice_rcc/sharc4/methaniminium/tutorial_reproduction/traj/Singlet_2/TRAJ_00006/restart/MOLCAS.1.JobIph.110', 'JOB001']
['link', 'MOLCAS.1.JobIph', 'JOB002']
['rassi', 'overlap', [4, 4]]
['copy', 'MOLCAS.rassi.h5', 'MOLCAS.rassi.ovlp.1.h5']
['copy', '/project/lgagliardi/helenclifford/practice_rcc/sharc4/methaniminium/tutorial_reproduction/traj/Singlet_2/TRAJ_00006/restart/MOLCAS.3.JobIph.110', 'JOB001']
['link', 'MOLCAS.3.JobIph', 'JOB002']
['rassi', 'overlap', [3, 3]]
['copy', 'MOLCAS.rassi.h5', 'MOLCAS.rassi.ovlp.3.h5']
['link', 'MOLCAS.1.JobIph', 'JOB001']
['link', 'MOLCAS.3.JobIph', 'JOB002']
['rassi', 'soc', [4, 3]]
['copy', '$master_path/MOLCAS.1.JobIph', 'JOBOLD']
['rasscf', 1, 4, True, False]
['mclr', 0.0001, 'sala=1']
['alaska']
All jobs finished:
job: master          code: 0    runtime: 0:00:32.361784
job: grad_1_1        code: 0    runtime: 0:00:10.071197

Starting job execution
['gateway']
['seward']
['copy', '/project/lgagliardi/helenclifford/practice_rcc/sharc4/methaniminium/tutorial_reproduction/traj/Singlet_2/TRAJ_00006/restart/MOLCAS.1.JobIph.111', 'JOBOLD']
['rasscf', 1, 4, True, False]
['copy', 'MOLCAS.rasscf.h5', 'MOLCAS.1.rasscf.h5']
['copy', 'MOLCAS.JobIph', 'MOLCAS.1.JobIph']
['copy', '/project/lgagliardi/helenclifford/practice_rcc/sharc4/methaniminium/tutorial_reproduction/traj/Singlet_2/TRAJ_00006/restart/MOLCAS.3.JobIph.111', 'JOBOLD']
['rasscf', 3, 3, True, False]
['copy', 'MOLCAS.rasscf.h5', 'MOLCAS.3.rasscf.h5']
['copy', 'MOLCAS.JobIph', 'MOLCAS.3.JobIph']
['link', 'MOLCAS.1.JobIph', 'JOB001']
['rassi', 'dm', [4]]
['copy', 'MOLCAS.rassi.h5', 'MOLCAS.rassi.1.h5']
['link', 'MOLCAS.3.JobIph', 'JOB001']
['rassi', 'dm', [3]]
['copy', 'MOLCAS.rassi.h5', 'MOLCAS.rassi.3.h5']
['copy', '/project/lgagliardi/helenclifford/practice_rcc/sharc4/methaniminium/tutorial_reproduction/traj/Singlet_2/TRAJ_00006/restart/MOLCAS.1.JobIph.111', 'JOB001']
['link', 'MOLCAS.1.JobIph', 'JOB002']
['rassi', 'overlap', [4, 4]]
['copy', 'MOLCAS.rassi.h5', 'MOLCAS.rassi.ovlp.1.h5']
['copy', '/project/lgagliardi/helenclifford/practice_rcc/sharc4/methaniminium/tutorial_reproduction/traj/Singlet_2/TRAJ_00006/restart/MOLCAS.3.JobIph.111', 'JOB001']
['link', 'MOLCAS.3.JobIph', 'JOB002']
['rassi', 'overlap', [3, 3]]
['copy', 'MOLCAS.rassi.h5', 'MOLCAS.rassi.ovlp.3.h5']
['link', 'MOLCAS.1.JobIph', 'JOB001']
['link', 'MOLCAS.3.JobIph', 'JOB002']
['rassi', 'soc', [4, 3]]
['copy', '$master_path/MOLCAS.1.JobIph', 'JOBOLD']
['rasscf', 1, 4, True, False]
['mclr', 0.0001, 'sala=1']
['alaska']
All jobs finished:
job: master          code: 0    runtime: 0:00:19.180253
job: grad_1_1        code: 0    runtime: 0:00:10.082849

Starting job execution
['gateway']
['seward']
['copy', '/project/lgagliardi/helenclifford/practice_rcc/sharc4/methaniminium/tutorial_reproduction/traj/Singlet_2/TRAJ_00006/restart/MOLCAS.1.JobIph.112', 'JOBOLD']
['rasscf', 1, 4, True, False]
['copy', 'MOLCAS.rasscf.h5', 'MOLCAS.1.rasscf.h5']
['copy', 'MOLCAS.JobIph', 'MOLCAS.1.JobIph']
['copy', '/project/lgagliardi/helenclifford/practice_rcc/sharc4/methaniminium/tutorial_reproduction/traj/Singlet_2/TRAJ_00006/restart/MOLCAS.3.JobIph.112', 'JOBOLD']
['rasscf', 3, 3, True, False]
['copy', 'MOLCAS.rasscf.h5', 'MOLCAS.3.rasscf.h5']
['copy', 'MOLCAS.JobIph', 'MOLCAS.3.JobIph']
['link', 'MOLCAS.1.JobIph', 'JOB001']
['rassi', 'dm', [4]]
['copy', 'MOLCAS.rassi.h5', 'MOLCAS.rassi.1.h5']
['link', 'MOLCAS.3.JobIph', 'JOB001']
['rassi', 'dm', [3]]
['copy', 'MOLCAS.rassi.h5', 'MOLCAS.rassi.3.h5']
['copy', '/project/lgagliardi/helenclifford/practice_rcc/sharc4/methaniminium/tutorial_reproduction/traj/Singlet_2/TRAJ_00006/restart/MOLCAS.1.JobIph.112', 'JOB001']
['link', 'MOLCAS.1.JobIph', 'JOB002']
['rassi', 'overlap', [4, 4]]
['copy', 'MOLCAS.rassi.h5', 'MOLCAS.rassi.ovlp.1.h5']
['copy', '/project/lgagliardi/helenclifford/practice_rcc/sharc4/methaniminium/tutorial_reproduction/traj/Singlet_2/TRAJ_00006/restart/MOLCAS.3.JobIph.112', 'JOB001']
['link', 'MOLCAS.3.JobIph', 'JOB002']
['rassi', 'overlap', [3, 3]]
['copy', 'MOLCAS.rassi.h5', 'MOLCAS.rassi.ovlp.3.h5']
['link', 'MOLCAS.1.JobIph', 'JOB001']
['link', 'MOLCAS.3.JobIph', 'JOB002']
['rassi', 'soc', [4, 3]]
['copy', '$master_path/MOLCAS.1.JobIph', 'JOBOLD']
['rasscf', 1, 4, True, False]
['mclr', 0.0001, 'sala=1']
['alaska']
All jobs finished:
job: master          code: 0    runtime: 0:00:21.487939
job: grad_1_1        code: 0    runtime: 0:00:12.113231

Starting job execution
['gateway']
['seward']
['copy', '/project/lgagliardi/helenclifford/practice_rcc/sharc4/methaniminium/tutorial_reproduction/traj/Singlet_2/TRAJ_00006/restart/MOLCAS.1.JobIph.113', 'JOBOLD']
['rasscf', 1, 4, True, False]
['copy', 'MOLCAS.rasscf.h5', 'MOLCAS.1.rasscf.h5']
['copy', 'MOLCAS.JobIph', 'MOLCAS.1.JobIph']
['copy', '/project/lgagliardi/helenclifford/practice_rcc/sharc4/methaniminium/tutorial_reproduction/traj/Singlet_2/TRAJ_00006/restart/MOLCAS.3.JobIph.113', 'JOBOLD']
['rasscf', 3, 3, True, False]
['copy', 'MOLCAS.rasscf.h5', 'MOLCAS.3.rasscf.h5']
['copy', 'MOLCAS.JobIph', 'MOLCAS.3.JobIph']
['link', 'MOLCAS.1.JobIph', 'JOB001']
['rassi', 'dm', [4]]
['copy', 'MOLCAS.rassi.h5', 'MOLCAS.rassi.1.h5']
['link', 'MOLCAS.3.JobIph', 'JOB001']
['rassi', 'dm', [3]]
['copy', 'MOLCAS.rassi.h5', 'MOLCAS.rassi.3.h5']
['copy', '/project/lgagliardi/helenclifford/practice_rcc/sharc4/methaniminium/tutorial_reproduction/traj/Singlet_2/TRAJ_00006/restart/MOLCAS.1.JobIph.113', 'JOB001']
['link', 'MOLCAS.1.JobIph', 'JOB002']
['rassi', 'overlap', [4, 4]]
['copy', 'MOLCAS.rassi.h5', 'MOLCAS.rassi.ovlp.1.h5']
['copy', '/project/lgagliardi/helenclifford/practice_rcc/sharc4/methaniminium/tutorial_reproduction/traj/Singlet_2/TRAJ_00006/restart/MOLCAS.3.JobIph.113', 'JOB001']
['link', 'MOLCAS.3.JobIph', 'JOB002']
['rassi', 'overlap', [3, 3]]
['copy', 'MOLCAS.rassi.h5', 'MOLCAS.rassi.ovlp.3.h5']
['link', 'MOLCAS.1.JobIph', 'JOB001']
['link', 'MOLCAS.3.JobIph', 'JOB002']
['rassi', 'soc', [4, 3]]
['copy', '$master_path/MOLCAS.1.JobIph', 'JOBOLD']
['rasscf', 1, 4, True, False]
['mclr', 0.0001, 'sala=1']
['alaska']
All jobs finished:
job: master          code: 0    runtime: 0:00:17.465678
job: grad_1_1        code: 0    runtime: 0:00:11.740208

Starting job execution
['gateway']
['seward']
['copy', '/project/lgagliardi/helenclifford/practice_rcc/sharc4/methaniminium/tutorial_reproduction/traj/Singlet_2/TRAJ_00006/restart/MOLCAS.1.JobIph.114', 'JOBOLD']
['rasscf', 1, 4, True, False]
['copy', 'MOLCAS.rasscf.h5', 'MOLCAS.1.rasscf.h5']
['copy', 'MOLCAS.JobIph', 'MOLCAS.1.JobIph']
['copy', '/project/lgagliardi/helenclifford/practice_rcc/sharc4/methaniminium/tutorial_reproduction/traj/Singlet_2/TRAJ_00006/restart/MOLCAS.3.JobIph.114', 'JOBOLD']
['rasscf', 3, 3, True, False]
['copy', 'MOLCAS.rasscf.h5', 'MOLCAS.3.rasscf.h5']
['copy', 'MOLCAS.JobIph', 'MOLCAS.3.JobIph']
['link', 'MOLCAS.1.JobIph', 'JOB001']
['rassi', 'dm', [4]]
['copy', 'MOLCAS.rassi.h5', 'MOLCAS.rassi.1.h5']
['link', 'MOLCAS.3.JobIph', 'JOB001']
['rassi', 'dm', [3]]
['copy', 'MOLCAS.rassi.h5', 'MOLCAS.rassi.3.h5']
['copy', '/project/lgagliardi/helenclifford/practice_rcc/sharc4/methaniminium/tutorial_reproduction/traj/Singlet_2/TRAJ_00006/restart/MOLCAS.1.JobIph.113', 'JOB001']
['link', 'MOLCAS.1.JobIph', 'JOB002']
['rassi', 'overlap', [4, 4]]
['copy', 'MOLCAS.rassi.h5', 'MOLCAS.rassi.ovlp.1.h5']
['copy', '/project/lgagliardi/helenclifford/practice_rcc/sharc4/methaniminium/tutorial_reproduction/traj/Singlet_2/TRAJ_00006/restart/MOLCAS.3.JobIph.113', 'JOB001']
['link', 'MOLCAS.3.JobIph', 'JOB002']
['rassi', 'overlap', [3, 3]]
['copy', 'MOLCAS.rassi.h5', 'MOLCAS.rassi.ovlp.3.h5']
['link', 'MOLCAS.1.JobIph', 'JOB001']
['link', 'MOLCAS.3.JobIph', 'JOB002']
['rassi', 'soc', [4, 3]]
['copy', '$master_path/MOLCAS.3.JobIph', 'JOBOLD']
['rasscf', 3, 3, True, False]
['mclr', 0.0001, 'sala=1']
['alaska']
['copy', '$master_path/MOLCAS.1.JobIph', 'JOBOLD']
['rasscf', 1, 4, True, False]
['mclr', 0.0001, 'sala=1']
['alaska']
All jobs finished:
job: master          code: 0    runtime: 0:00:19.516856
job: grad_3_1        code: 0    runtime: 0:00:08.360159
job: grad_1_1        code: 0    runtime: 0:00:11.877598

Starting job execution
['gateway']
['seward']
['copy', '/project/lgagliardi/helenclifford/practice_rcc/sharc4/methaniminium/tutorial_reproduction/traj/Singlet_2/TRAJ_00006/restart/MOLCAS.1.JobIph.114', 'JOBOLD']
['rasscf', 1, 4, True, False]
['copy', 'MOLCAS.rasscf.h5', 'MOLCAS.1.rasscf.h5']
['copy', 'MOLCAS.JobIph', 'MOLCAS.1.JobIph']
['copy', '/project/lgagliardi/helenclifford/practice_rcc/sharc4/methaniminium/tutorial_reproduction/traj/Singlet_2/TRAJ_00006/restart/MOLCAS.3.JobIph.114', 'JOBOLD']
['rasscf', 3, 3, True, False]
['copy', 'MOLCAS.rasscf.h5', 'MOLCAS.3.rasscf.h5']
['copy', 'MOLCAS.JobIph', 'MOLCAS.3.JobIph']
['link', 'MOLCAS.1.JobIph', 'JOB001']
['rassi', 'dm', [4]]
['copy', 'MOLCAS.rassi.h5', 'MOLCAS.rassi.1.h5']
['link', 'MOLCAS.3.JobIph', 'JOB001']
['rassi', 'dm', [3]]
['copy', 'MOLCAS.rassi.h5', 'MOLCAS.rassi.3.h5']
['copy', '/project/lgagliardi/helenclifford/practice_rcc/sharc4/methaniminium/tutorial_reproduction/traj/Singlet_2/TRAJ_00006/restart/MOLCAS.1.JobIph.114', 'JOB001']
['link', 'MOLCAS.1.JobIph', 'JOB002']
['rassi', 'overlap', [4, 4]]
['copy', 'MOLCAS.rassi.h5', 'MOLCAS.rassi.ovlp.1.h5']
['copy', '/project/lgagliardi/helenclifford/practice_rcc/sharc4/methaniminium/tutorial_reproduction/traj/Singlet_2/TRAJ_00006/restart/MOLCAS.3.JobIph.114', 'JOB001']
['link', 'MOLCAS.3.JobIph', 'JOB002']
['rassi', 'overlap', [3, 3]]
['copy', 'MOLCAS.rassi.h5', 'MOLCAS.rassi.ovlp.3.h5']
['link', 'MOLCAS.1.JobIph', 'JOB001']
['link', 'MOLCAS.3.JobIph', 'JOB002']
['rassi', 'soc', [4, 3]]
['copy', '$master_path/MOLCAS.3.JobIph', 'JOBOLD']
['rasscf', 3, 3, True, False]
['mclr', 0.0001, 'sala=1']
['alaska']
['copy', '$master_path/MOLCAS.1.JobIph', 'JOBOLD']
['rasscf', 1, 4, True, False]
['mclr', 0.0001, 'sala=1']
['alaska']
All jobs finished:
job: master          code: 0    runtime: 0:00:16.442199
job: grad_3_1        code: 0    runtime: 0:00:11.891892
job: grad_1_1        code: 0    runtime: 0:00:05.382362

Starting job execution
['gateway']
['seward']
['copy', '/project/lgagliardi/helenclifford/practice_rcc/sharc4/methaniminium/tutorial_reproduction/traj/Singlet_2/TRAJ_00006/restart/MOLCAS.1.JobIph.115', 'JOBOLD']
['rasscf', 1, 4, True, False]
['copy', 'MOLCAS.rasscf.h5', 'MOLCAS.1.rasscf.h5']
['copy', 'MOLCAS.JobIph', 'MOLCAS.1.JobIph']
['copy', '/project/lgagliardi/helenclifford/practice_rcc/sharc4/methaniminium/tutorial_reproduction/traj/Singlet_2/TRAJ_00006/restart/MOLCAS.3.JobIph.115', 'JOBOLD']
['rasscf', 3, 3, True, False]
['copy', 'MOLCAS.rasscf.h5', 'MOLCAS.3.rasscf.h5']
['copy', 'MOLCAS.JobIph', 'MOLCAS.3.JobIph']
['link', 'MOLCAS.1.JobIph', 'JOB001']
['rassi', 'dm', [4]]
['copy', 'MOLCAS.rassi.h5', 'MOLCAS.rassi.1.h5']
['link', 'MOLCAS.3.JobIph', 'JOB001']
['rassi', 'dm', [3]]
['copy', 'MOLCAS.rassi.h5', 'MOLCAS.rassi.3.h5']
['copy', '/project/lgagliardi/helenclifford/practice_rcc/sharc4/methaniminium/tutorial_reproduction/traj/Singlet_2/TRAJ_00006/restart/MOLCAS.1.JobIph.115', 'JOB001']
['link', 'MOLCAS.1.JobIph', 'JOB002']
['rassi', 'overlap', [4, 4]]
['copy', 'MOLCAS.rassi.h5', 'MOLCAS.rassi.ovlp.1.h5']
['copy', '/project/lgagliardi/helenclifford/practice_rcc/sharc4/methaniminium/tutorial_reproduction/traj/Singlet_2/TRAJ_00006/restart/MOLCAS.3.JobIph.115', 'JOB001']
['link', 'MOLCAS.3.JobIph', 'JOB002']
['rassi', 'overlap', [3, 3]]
['copy', 'MOLCAS.rassi.h5', 'MOLCAS.rassi.ovlp.3.h5']
['link', 'MOLCAS.1.JobIph', 'JOB001']
['link', 'MOLCAS.3.JobIph', 'JOB002']
['rassi', 'soc', [4, 3]]
['copy', '$master_path/MOLCAS.3.JobIph', 'JOBOLD']
['rasscf', 3, 3, True, False]
['mclr', 0.0001, 'sala=1']
['alaska']
['copy', '$master_path/MOLCAS.1.JobIph', 'JOBOLD']
['rasscf', 1, 4, True, False]
['mclr', 0.0001, 'sala=1']
['alaska']
All jobs finished:
job: master          code: 0    runtime: 0:00:14.398102
job: grad_3_1        code: 0    runtime: 0:00:10.635784
job: grad_1_1        code: 0    runtime: 0:00:08.522336

Starting job execution
['gateway']
['seward']
['copy', '/project/lgagliardi/helenclifford/practice_rcc/sharc4/methaniminium/tutorial_reproduction/traj/Singlet_2/TRAJ_00006/restart/MOLCAS.1.JobIph.116', 'JOBOLD']
['rasscf', 1, 4, True, False]
['copy', 'MOLCAS.rasscf.h5', 'MOLCAS.1.rasscf.h5']
['copy', 'MOLCAS.JobIph', 'MOLCAS.1.JobIph']
['copy', '/project/lgagliardi/helenclifford/practice_rcc/sharc4/methaniminium/tutorial_reproduction/traj/Singlet_2/TRAJ_00006/restart/MOLCAS.3.JobIph.116', 'JOBOLD']
['rasscf', 3, 3, True, False]
['copy', 'MOLCAS.rasscf.h5', 'MOLCAS.3.rasscf.h5']
['copy', 'MOLCAS.JobIph', 'MOLCAS.3.JobIph']
['link', 'MOLCAS.1.JobIph', 'JOB001']
['rassi', 'dm', [4]]
['copy', 'MOLCAS.rassi.h5', 'MOLCAS.rassi.1.h5']
['link', 'MOLCAS.3.JobIph', 'JOB001']
['rassi', 'dm', [3]]
['copy', 'MOLCAS.rassi.h5', 'MOLCAS.rassi.3.h5']
['copy', '/project/lgagliardi/helenclifford/practice_rcc/sharc4/methaniminium/tutorial_reproduction/traj/Singlet_2/TRAJ_00006/restart/MOLCAS.1.JobIph.116', 'JOB001']
['link', 'MOLCAS.1.JobIph', 'JOB002']
['rassi', 'overlap', [4, 4]]
['copy', 'MOLCAS.rassi.h5', 'MOLCAS.rassi.ovlp.1.h5']
['copy', '/project/lgagliardi/helenclifford/practice_rcc/sharc4/methaniminium/tutorial_reproduction/traj/Singlet_2/TRAJ_00006/restart/MOLCAS.3.JobIph.116', 'JOB001']
['link', 'MOLCAS.3.JobIph', 'JOB002']
['rassi', 'overlap', [3, 3]]
['copy', 'MOLCAS.rassi.h5', 'MOLCAS.rassi.ovlp.3.h5']
['link', 'MOLCAS.1.JobIph', 'JOB001']
['link', 'MOLCAS.3.JobIph', 'JOB002']
['rassi', 'soc', [4, 3]]
['copy', '$master_path/MOLCAS.1.JobIph', 'JOBOLD']
['rasscf', 1, 4, True, False]
['mclr', 0.0001, 'sala=1']
['alaska']
All jobs finished:
job: master          code: 0    runtime: 0:00:19.387612
job: grad_1_1        code: 0    runtime: 0:00:09.362156

Starting job execution
['gateway']
['seward']
['copy', '/project/lgagliardi/helenclifford/practice_rcc/sharc4/methaniminium/tutorial_reproduction/traj/Singlet_2/TRAJ_00006/restart/MOLCAS.1.JobIph.117', 'JOBOLD']
['rasscf', 1, 4, True, False]
['copy', 'MOLCAS.rasscf.h5', 'MOLCAS.1.rasscf.h5']
['copy', 'MOLCAS.JobIph', 'MOLCAS.1.JobIph']
['copy', '/project/lgagliardi/helenclifford/practice_rcc/sharc4/methaniminium/tutorial_reproduction/traj/Singlet_2/TRAJ_00006/restart/MOLCAS.3.JobIph.117', 'JOBOLD']
['rasscf', 3, 3, True, False]
['copy', 'MOLCAS.rasscf.h5', 'MOLCAS.3.rasscf.h5']
['copy', 'MOLCAS.JobIph', 'MOLCAS.3.JobIph']
['link', 'MOLCAS.1.JobIph', 'JOB001']
['rassi', 'dm', [4]]
['copy', 'MOLCAS.rassi.h5', 'MOLCAS.rassi.1.h5']
['link', 'MOLCAS.3.JobIph', 'JOB001']
['rassi', 'dm', [3]]
['copy', 'MOLCAS.rassi.h5', 'MOLCAS.rassi.3.h5']
['copy', '/project/lgagliardi/helenclifford/practice_rcc/sharc4/methaniminium/tutorial_reproduction/traj/Singlet_2/TRAJ_00006/restart/MOLCAS.1.JobIph.117', 'JOB001']
['link', 'MOLCAS.1.JobIph', 'JOB002']
['rassi', 'overlap', [4, 4]]
['copy', 'MOLCAS.rassi.h5', 'MOLCAS.rassi.ovlp.1.h5']
['copy', '/project/lgagliardi/helenclifford/practice_rcc/sharc4/methaniminium/tutorial_reproduction/traj/Singlet_2/TRAJ_00006/restart/MOLCAS.3.JobIph.117', 'JOB001']
['link', 'MOLCAS.3.JobIph', 'JOB002']
['rassi', 'overlap', [3, 3]]
['copy', 'MOLCAS.rassi.h5', 'MOLCAS.rassi.ovlp.3.h5']
['link', 'MOLCAS.1.JobIph', 'JOB001']
['link', 'MOLCAS.3.JobIph', 'JOB002']
['rassi', 'soc', [4, 3]]
['copy', '$master_path/MOLCAS.1.JobIph', 'JOBOLD']
['rasscf', 1, 4, True, False]
['mclr', 0.0001, 'sala=1']
['alaska']
All jobs finished:
job: master          code: 0    runtime: 0:00:17.339296
job: grad_1_1        code: 0    runtime: 0:00:15.460383

Starting job execution
['gateway']
['seward']
['copy', '/project/lgagliardi/helenclifford/practice_rcc/sharc4/methaniminium/tutorial_reproduction/traj/Singlet_2/TRAJ_00006/restart/MOLCAS.1.JobIph.118', 'JOBOLD']
['rasscf', 1, 4, True, False]
['copy', 'MOLCAS.rasscf.h5', 'MOLCAS.1.rasscf.h5']
['copy', 'MOLCAS.JobIph', 'MOLCAS.1.JobIph']
['copy', '/project/lgagliardi/helenclifford/practice_rcc/sharc4/methaniminium/tutorial_reproduction/traj/Singlet_2/TRAJ_00006/restart/MOLCAS.3.JobIph.118', 'JOBOLD']
['rasscf', 3, 3, True, False]
['copy', 'MOLCAS.rasscf.h5', 'MOLCAS.3.rasscf.h5']
['copy', 'MOLCAS.JobIph', 'MOLCAS.3.JobIph']
['link', 'MOLCAS.1.JobIph', 'JOB001']
['rassi', 'dm', [4]]
['copy', 'MOLCAS.rassi.h5', 'MOLCAS.rassi.1.h5']
['link', 'MOLCAS.3.JobIph', 'JOB001']
['rassi', 'dm', [3]]
['copy', 'MOLCAS.rassi.h5', 'MOLCAS.rassi.3.h5']
['copy', '/project/lgagliardi/helenclifford/practice_rcc/sharc4/methaniminium/tutorial_reproduction/traj/Singlet_2/TRAJ_00006/restart/MOLCAS.1.JobIph.118', 'JOB001']
['link', 'MOLCAS.1.JobIph', 'JOB002']
['rassi', 'overlap', [4, 4]]
['copy', 'MOLCAS.rassi.h5', 'MOLCAS.rassi.ovlp.1.h5']
['copy', '/project/lgagliardi/helenclifford/practice_rcc/sharc4/methaniminium/tutorial_reproduction/traj/Singlet_2/TRAJ_00006/restart/MOLCAS.3.JobIph.118', 'JOB001']
['link', 'MOLCAS.3.JobIph', 'JOB002']
['rassi', 'overlap', [3, 3]]
['copy', 'MOLCAS.rassi.h5', 'MOLCAS.rassi.ovlp.3.h5']
['link', 'MOLCAS.1.JobIph', 'JOB001']
['link', 'MOLCAS.3.JobIph', 'JOB002']
['rassi', 'soc', [4, 3]]
['copy', '$master_path/MOLCAS.1.JobIph', 'JOBOLD']
['rasscf', 1, 4, True, False]
['mclr', 0.0001, 'sala=1']
['alaska']
All jobs finished:
job: master          code: 0    runtime: 0:00:19.293114
job: grad_1_1        code: 0    runtime: 0:00:09.754774

Starting job execution
['gateway']
['seward']
['copy', '/project/lgagliardi/helenclifford/practice_rcc/sharc4/methaniminium/tutorial_reproduction/traj/Singlet_2/TRAJ_00006/restart/MOLCAS.1.JobIph.119', 'JOBOLD']
['rasscf', 1, 4, True, False]
['copy', 'MOLCAS.rasscf.h5', 'MOLCAS.1.rasscf.h5']
['copy', 'MOLCAS.JobIph', 'MOLCAS.1.JobIph']
['copy', '/project/lgagliardi/helenclifford/practice_rcc/sharc4/methaniminium/tutorial_reproduction/traj/Singlet_2/TRAJ_00006/restart/MOLCAS.3.JobIph.119', 'JOBOLD']
['rasscf', 3, 3, True, False]
['copy', 'MOLCAS.rasscf.h5', 'MOLCAS.3.rasscf.h5']
['copy', 'MOLCAS.JobIph', 'MOLCAS.3.JobIph']
['link', 'MOLCAS.1.JobIph', 'JOB001']
['rassi', 'dm', [4]]
['copy', 'MOLCAS.rassi.h5', 'MOLCAS.rassi.1.h5']
['link', 'MOLCAS.3.JobIph', 'JOB001']
['rassi', 'dm', [3]]
['copy', 'MOLCAS.rassi.h5', 'MOLCAS.rassi.3.h5']
['copy', '/project/lgagliardi/helenclifford/practice_rcc/sharc4/methaniminium/tutorial_reproduction/traj/Singlet_2/TRAJ_00006/restart/MOLCAS.1.JobIph.119', 'JOB001']
['link', 'MOLCAS.1.JobIph', 'JOB002']
['rassi', 'overlap', [4, 4]]
['copy', 'MOLCAS.rassi.h5', 'MOLCAS.rassi.ovlp.1.h5']
['copy', '/project/lgagliardi/helenclifford/practice_rcc/sharc4/methaniminium/tutorial_reproduction/traj/Singlet_2/TRAJ_00006/restart/MOLCAS.3.JobIph.119', 'JOB001']
['link', 'MOLCAS.3.JobIph', 'JOB002']
['rassi', 'overlap', [3, 3]]
['copy', 'MOLCAS.rassi.h5', 'MOLCAS.rassi.ovlp.3.h5']
['link', 'MOLCAS.1.JobIph', 'JOB001']
['link', 'MOLCAS.3.JobIph', 'JOB002']
['rassi', 'soc', [4, 3]]
['copy', '$master_path/MOLCAS.1.JobIph', 'JOBOLD']
['rasscf', 1, 4, True, False]
['mclr', 0.0001, 'sala=1']
['alaska']
All jobs finished:
job: master          code: 0    runtime: 0:00:14.616998
job: grad_1_1        code: 0    runtime: 0:00:12.587676

Starting job execution
['gateway']
['seward']
['copy', '/project/lgagliardi/helenclifford/practice_rcc/sharc4/methaniminium/tutorial_reproduction/traj/Singlet_2/TRAJ_00006/restart/MOLCAS.1.JobIph.120', 'JOBOLD']
['rasscf', 1, 4, True, False]
['copy', 'MOLCAS.rasscf.h5', 'MOLCAS.1.rasscf.h5']
['copy', 'MOLCAS.JobIph', 'MOLCAS.1.JobIph']
['copy', '/project/lgagliardi/helenclifford/practice_rcc/sharc4/methaniminium/tutorial_reproduction/traj/Singlet_2/TRAJ_00006/restart/MOLCAS.3.JobIph.120', 'JOBOLD']
['rasscf', 3, 3, True, False]
['copy', 'MOLCAS.rasscf.h5', 'MOLCAS.3.rasscf.h5']
['copy', 'MOLCAS.JobIph', 'MOLCAS.3.JobIph']
['link', 'MOLCAS.1.JobIph', 'JOB001']
['rassi', 'dm', [4]]
['copy', 'MOLCAS.rassi.h5', 'MOLCAS.rassi.1.h5']
['link', 'MOLCAS.3.JobIph', 'JOB001']
['rassi', 'dm', [3]]
['copy', 'MOLCAS.rassi.h5', 'MOLCAS.rassi.3.h5']
['copy', '/project/lgagliardi/helenclifford/practice_rcc/sharc4/methaniminium/tutorial_reproduction/traj/Singlet_2/TRAJ_00006/restart/MOLCAS.1.JobIph.120', 'JOB001']
['link', 'MOLCAS.1.JobIph', 'JOB002']
['rassi', 'overlap', [4, 4]]
['copy', 'MOLCAS.rassi.h5', 'MOLCAS.rassi.ovlp.1.h5']
['copy', '/project/lgagliardi/helenclifford/practice_rcc/sharc4/methaniminium/tutorial_reproduction/traj/Singlet_2/TRAJ_00006/restart/MOLCAS.3.JobIph.120', 'JOB001']
['link', 'MOLCAS.3.JobIph', 'JOB002']
['rassi', 'overlap', [3, 3]]
['copy', 'MOLCAS.rassi.h5', 'MOLCAS.rassi.ovlp.3.h5']
['link', 'MOLCAS.1.JobIph', 'JOB001']
['link', 'MOLCAS.3.JobIph', 'JOB002']
['rassi', 'soc', [4, 3]]
['copy', '$master_path/MOLCAS.1.JobIph', 'JOBOLD']
['rasscf', 1, 4, True, False]
['mclr', 0.0001, 'sala=1']
['alaska']
All jobs finished:
job: master          code: 0    runtime: 0:00:22.095237
job: grad_1_1        code: 0    runtime: 0:00:09.714453

Starting job execution
['gateway']
['seward']
['copy', '/project/lgagliardi/helenclifford/practice_rcc/sharc4/methaniminium/tutorial_reproduction/traj/Singlet_2/TRAJ_00006/restart/MOLCAS.1.JobIph.121', 'JOBOLD']
['rasscf', 1, 4, True, False]
['copy', 'MOLCAS.rasscf.h5', 'MOLCAS.1.rasscf.h5']
['copy', 'MOLCAS.JobIph', 'MOLCAS.1.JobIph']
['copy', '/project/lgagliardi/helenclifford/practice_rcc/sharc4/methaniminium/tutorial_reproduction/traj/Singlet_2/TRAJ_00006/restart/MOLCAS.3.JobIph.121', 'JOBOLD']
['rasscf', 3, 3, True, False]
['copy', 'MOLCAS.rasscf.h5', 'MOLCAS.3.rasscf.h5']
['copy', 'MOLCAS.JobIph', 'MOLCAS.3.JobIph']
['link', 'MOLCAS.1.JobIph', 'JOB001']
['rassi', 'dm', [4]]
['copy', 'MOLCAS.rassi.h5', 'MOLCAS.rassi.1.h5']
['link', 'MOLCAS.3.JobIph', 'JOB001']
['rassi', 'dm', [3]]
['copy', 'MOLCAS.rassi.h5', 'MOLCAS.rassi.3.h5']
['copy', '/project/lgagliardi/helenclifford/practice_rcc/sharc4/methaniminium/tutorial_reproduction/traj/Singlet_2/TRAJ_00006/restart/MOLCAS.1.JobIph.121', 'JOB001']
['link', 'MOLCAS.1.JobIph', 'JOB002']
['rassi', 'overlap', [4, 4]]
['copy', 'MOLCAS.rassi.h5', 'MOLCAS.rassi.ovlp.1.h5']
['copy', '/project/lgagliardi/helenclifford/practice_rcc/sharc4/methaniminium/tutorial_reproduction/traj/Singlet_2/TRAJ_00006/restart/MOLCAS.3.JobIph.121', 'JOB001']
['link', 'MOLCAS.3.JobIph', 'JOB002']
['rassi', 'overlap', [3, 3]]
['copy', 'MOLCAS.rassi.h5', 'MOLCAS.rassi.ovlp.3.h5']
['link', 'MOLCAS.1.JobIph', 'JOB001']
['link', 'MOLCAS.3.JobIph', 'JOB002']
['rassi', 'soc', [4, 3]]
['copy', '$master_path/MOLCAS.1.JobIph', 'JOBOLD']
['rasscf', 1, 4, True, False]
['mclr', 0.0001, 'sala=1']
['alaska']
All jobs finished:
job: master          code: 0    runtime: 0:00:20.037211
job: grad_1_1        code: 0    runtime: 0:00:10.045368

Starting job execution
['gateway']
['seward']
['copy', '/project/lgagliardi/helenclifford/practice_rcc/sharc4/methaniminium/tutorial_reproduction/traj/Singlet_2/TRAJ_00006/restart/MOLCAS.1.JobIph.122', 'JOBOLD']
['rasscf', 1, 4, True, False]
['copy', 'MOLCAS.rasscf.h5', 'MOLCAS.1.rasscf.h5']
['copy', 'MOLCAS.JobIph', 'MOLCAS.1.JobIph']
['copy', '/project/lgagliardi/helenclifford/practice_rcc/sharc4/methaniminium/tutorial_reproduction/traj/Singlet_2/TRAJ_00006/restart/MOLCAS.3.JobIph.122', 'JOBOLD']
['rasscf', 3, 3, True, False]
['copy', 'MOLCAS.rasscf.h5', 'MOLCAS.3.rasscf.h5']
['copy', 'MOLCAS.JobIph', 'MOLCAS.3.JobIph']
['link', 'MOLCAS.1.JobIph', 'JOB001']
['rassi', 'dm', [4]]
['copy', 'MOLCAS.rassi.h5', 'MOLCAS.rassi.1.h5']
['link', 'MOLCAS.3.JobIph', 'JOB001']
['rassi', 'dm', [3]]
['copy', 'MOLCAS.rassi.h5', 'MOLCAS.rassi.3.h5']
['copy', '/project/lgagliardi/helenclifford/practice_rcc/sharc4/methaniminium/tutorial_reproduction/traj/Singlet_2/TRAJ_00006/restart/MOLCAS.1.JobIph.122', 'JOB001']
['link', 'MOLCAS.1.JobIph', 'JOB002']
['rassi', 'overlap', [4, 4]]
['copy', 'MOLCAS.rassi.h5', 'MOLCAS.rassi.ovlp.1.h5']
['copy', '/project/lgagliardi/helenclifford/practice_rcc/sharc4/methaniminium/tutorial_reproduction/traj/Singlet_2/TRAJ_00006/restart/MOLCAS.3.JobIph.122', 'JOB001']
['link', 'MOLCAS.3.JobIph', 'JOB002']
['rassi', 'overlap', [3, 3]]
['copy', 'MOLCAS.rassi.h5', 'MOLCAS.rassi.ovlp.3.h5']
['link', 'MOLCAS.1.JobIph', 'JOB001']
['link', 'MOLCAS.3.JobIph', 'JOB002']
['rassi', 'soc', [4, 3]]
['copy', '$master_path/MOLCAS.1.JobIph', 'JOBOLD']
['rasscf', 1, 4, True, False]
['mclr', 0.0001, 'sala=1']
['alaska']
All jobs finished:
job: master          code: 0    runtime: 0:00:19.774916
job: grad_1_1        code: 0    runtime: 0:00:11.796290

Starting job execution
['gateway']
['seward']
['copy', '/project/lgagliardi/helenclifford/practice_rcc/sharc4/methaniminium/tutorial_reproduction/traj/Singlet_2/TRAJ_00006/restart/MOLCAS.1.JobIph.123', 'JOBOLD']
['rasscf', 1, 4, True, False]
['copy', 'MOLCAS.rasscf.h5', 'MOLCAS.1.rasscf.h5']
['copy', 'MOLCAS.JobIph', 'MOLCAS.1.JobIph']
['copy', '/project/lgagliardi/helenclifford/practice_rcc/sharc4/methaniminium/tutorial_reproduction/traj/Singlet_2/TRAJ_00006/restart/MOLCAS.3.JobIph.123', 'JOBOLD']
['rasscf', 3, 3, True, False]
['copy', 'MOLCAS.rasscf.h5', 'MOLCAS.3.rasscf.h5']
['copy', 'MOLCAS.JobIph', 'MOLCAS.3.JobIph']
['link', 'MOLCAS.1.JobIph', 'JOB001']
['rassi', 'dm', [4]]
['copy', 'MOLCAS.rassi.h5', 'MOLCAS.rassi.1.h5']
['link', 'MOLCAS.3.JobIph', 'JOB001']
['rassi', 'dm', [3]]
['copy', 'MOLCAS.rassi.h5', 'MOLCAS.rassi.3.h5']
['copy', '/project/lgagliardi/helenclifford/practice_rcc/sharc4/methaniminium/tutorial_reproduction/traj/Singlet_2/TRAJ_00006/restart/MOLCAS.1.JobIph.123', 'JOB001']
['link', 'MOLCAS.1.JobIph', 'JOB002']
['rassi', 'overlap', [4, 4]]
['copy', 'MOLCAS.rassi.h5', 'MOLCAS.rassi.ovlp.1.h5']
['copy', '/project/lgagliardi/helenclifford/practice_rcc/sharc4/methaniminium/tutorial_reproduction/traj/Singlet_2/TRAJ_00006/restart/MOLCAS.3.JobIph.123', 'JOB001']
['link', 'MOLCAS.3.JobIph', 'JOB002']
['rassi', 'overlap', [3, 3]]
['copy', 'MOLCAS.rassi.h5', 'MOLCAS.rassi.ovlp.3.h5']
['link', 'MOLCAS.1.JobIph', 'JOB001']
['link', 'MOLCAS.3.JobIph', 'JOB002']
['rassi', 'soc', [4, 3]]
['copy', '$master_path/MOLCAS.1.JobIph', 'JOBOLD']
['rasscf', 1, 4, True, False]
['mclr', 0.0001, 'sala=1']
['alaska']
All jobs finished:
job: master          code: 0    runtime: 0:00:23.734800
job: grad_1_1        code: 0    runtime: 0:00:10.603190

Starting job execution
['gateway']
['seward']
['copy', '/project/lgagliardi/helenclifford/practice_rcc/sharc4/methaniminium/tutorial_reproduction/traj/Singlet_2/TRAJ_00006/restart/MOLCAS.1.JobIph.124', 'JOBOLD']
['rasscf', 1, 4, True, False]
['copy', 'MOLCAS.rasscf.h5', 'MOLCAS.1.rasscf.h5']
['copy', 'MOLCAS.JobIph', 'MOLCAS.1.JobIph']
['copy', '/project/lgagliardi/helenclifford/practice_rcc/sharc4/methaniminium/tutorial_reproduction/traj/Singlet_2/TRAJ_00006/restart/MOLCAS.3.JobIph.124', 'JOBOLD']
['rasscf', 3, 3, True, False]
['copy', 'MOLCAS.rasscf.h5', 'MOLCAS.3.rasscf.h5']
['copy', 'MOLCAS.JobIph', 'MOLCAS.3.JobIph']
['link', 'MOLCAS.1.JobIph', 'JOB001']
['rassi', 'dm', [4]]
['copy', 'MOLCAS.rassi.h5', 'MOLCAS.rassi.1.h5']
['link', 'MOLCAS.3.JobIph', 'JOB001']
['rassi', 'dm', [3]]
['copy', 'MOLCAS.rassi.h5', 'MOLCAS.rassi.3.h5']
['copy', '/project/lgagliardi/helenclifford/practice_rcc/sharc4/methaniminium/tutorial_reproduction/traj/Singlet_2/TRAJ_00006/restart/MOLCAS.1.JobIph.124', 'JOB001']
['link', 'MOLCAS.1.JobIph', 'JOB002']
['rassi', 'overlap', [4, 4]]
['copy', 'MOLCAS.rassi.h5', 'MOLCAS.rassi.ovlp.1.h5']
['copy', '/project/lgagliardi/helenclifford/practice_rcc/sharc4/methaniminium/tutorial_reproduction/traj/Singlet_2/TRAJ_00006/restart/MOLCAS.3.JobIph.124', 'JOB001']
['link', 'MOLCAS.3.JobIph', 'JOB002']
['rassi', 'overlap', [3, 3]]
['copy', 'MOLCAS.rassi.h5', 'MOLCAS.rassi.ovlp.3.h5']
['link', 'MOLCAS.1.JobIph', 'JOB001']
['link', 'MOLCAS.3.JobIph', 'JOB002']
['rassi', 'soc', [4, 3]]
['copy', '$master_path/MOLCAS.1.JobIph', 'JOBOLD']
['rasscf', 1, 4, True, False]
['mclr', 0.0001, 'sala=1']
['alaska']
All jobs finished:
job: master          code: 0    runtime: 0:00:18.768421
job: grad_1_1        code: 0    runtime: 0:00:10.675192

Starting job execution
['gateway']
['seward']
['copy', '/project/lgagliardi/helenclifford/practice_rcc/sharc4/methaniminium/tutorial_reproduction/traj/Singlet_2/TRAJ_00006/restart/MOLCAS.1.JobIph.125', 'JOBOLD']
['rasscf', 1, 4, True, False]
['copy', 'MOLCAS.rasscf.h5', 'MOLCAS.1.rasscf.h5']
['copy', 'MOLCAS.JobIph', 'MOLCAS.1.JobIph']
['copy', '/project/lgagliardi/helenclifford/practice_rcc/sharc4/methaniminium/tutorial_reproduction/traj/Singlet_2/TRAJ_00006/restart/MOLCAS.3.JobIph.125', 'JOBOLD']
['rasscf', 3, 3, True, False]
['copy', 'MOLCAS.rasscf.h5', 'MOLCAS.3.rasscf.h5']
['copy', 'MOLCAS.JobIph', 'MOLCAS.3.JobIph']
['link', 'MOLCAS.1.JobIph', 'JOB001']
['rassi', 'dm', [4]]
['copy', 'MOLCAS.rassi.h5', 'MOLCAS.rassi.1.h5']
['link', 'MOLCAS.3.JobIph', 'JOB001']
['rassi', 'dm', [3]]
['copy', 'MOLCAS.rassi.h5', 'MOLCAS.rassi.3.h5']
['copy', '/project/lgagliardi/helenclifford/practice_rcc/sharc4/methaniminium/tutorial_reproduction/traj/Singlet_2/TRAJ_00006/restart/MOLCAS.1.JobIph.124', 'JOB001']
['link', 'MOLCAS.1.JobIph', 'JOB002']
['rassi', 'overlap', [4, 4]]
['copy', 'MOLCAS.rassi.h5', 'MOLCAS.rassi.ovlp.1.h5']
['copy', '/project/lgagliardi/helenclifford/practice_rcc/sharc4/methaniminium/tutorial_reproduction/traj/Singlet_2/TRAJ_00006/restart/MOLCAS.3.JobIph.124', 'JOB001']
['link', 'MOLCAS.3.JobIph', 'JOB002']
['rassi', 'overlap', [3, 3]]
['copy', 'MOLCAS.rassi.h5', 'MOLCAS.rassi.ovlp.3.h5']
['link', 'MOLCAS.1.JobIph', 'JOB001']
['link', 'MOLCAS.3.JobIph', 'JOB002']
['rassi', 'soc', [4, 3]]
['copy', '$master_path/MOLCAS.3.JobIph', 'JOBOLD']
['rasscf', 3, 3, True, False]
['mclr', 0.0001, 'sala=1']
['alaska']
['copy', '$master_path/MOLCAS.1.JobIph', 'JOBOLD']
['rasscf', 1, 4, True, False]
['mclr', 0.0001, 'sala=1']
['alaska']
All jobs finished:
job: master          code: 0    runtime: 0:00:16.864246
job: grad_3_1        code: 0    runtime: 0:00:09.368014
job: grad_1_1        code: 0    runtime: 0:00:08.830125

Starting job execution
['gateway']
['seward']
['copy', '/project/lgagliardi/helenclifford/practice_rcc/sharc4/methaniminium/tutorial_reproduction/traj/Singlet_2/TRAJ_00006/restart/MOLCAS.1.JobIph.125', 'JOBOLD']
['rasscf', 1, 4, True, False]
['copy', 'MOLCAS.rasscf.h5', 'MOLCAS.1.rasscf.h5']
['copy', 'MOLCAS.JobIph', 'MOLCAS.1.JobIph']
['copy', '/project/lgagliardi/helenclifford/practice_rcc/sharc4/methaniminium/tutorial_reproduction/traj/Singlet_2/TRAJ_00006/restart/MOLCAS.3.JobIph.125', 'JOBOLD']
['rasscf', 3, 3, True, False]
['copy', 'MOLCAS.rasscf.h5', 'MOLCAS.3.rasscf.h5']
['copy', 'MOLCAS.JobIph', 'MOLCAS.3.JobIph']
['link', 'MOLCAS.1.JobIph', 'JOB001']
['rassi', 'dm', [4]]
['copy', 'MOLCAS.rassi.h5', 'MOLCAS.rassi.1.h5']
['link', 'MOLCAS.3.JobIph', 'JOB001']
['rassi', 'dm', [3]]
['copy', 'MOLCAS.rassi.h5', 'MOLCAS.rassi.3.h5']
['copy', '/project/lgagliardi/helenclifford/practice_rcc/sharc4/methaniminium/tutorial_reproduction/traj/Singlet_2/TRAJ_00006/restart/MOLCAS.1.JobIph.125', 'JOB001']
['link', 'MOLCAS.1.JobIph', 'JOB002']
['rassi', 'overlap', [4, 4]]
['copy', 'MOLCAS.rassi.h5', 'MOLCAS.rassi.ovlp.1.h5']
['copy', '/project/lgagliardi/helenclifford/practice_rcc/sharc4/methaniminium/tutorial_reproduction/traj/Singlet_2/TRAJ_00006/restart/MOLCAS.3.JobIph.125', 'JOB001']
['link', 'MOLCAS.3.JobIph', 'JOB002']
['rassi', 'overlap', [3, 3]]
['copy', 'MOLCAS.rassi.h5', 'MOLCAS.rassi.ovlp.3.h5']
['link', 'MOLCAS.1.JobIph', 'JOB001']
['link', 'MOLCAS.3.JobIph', 'JOB002']
['rassi', 'soc', [4, 3]]
['copy', '$master_path/MOLCAS.3.JobIph', 'JOBOLD']
['rasscf', 3, 3, True, False]
['mclr', 0.0001, 'sala=1']
['alaska']
['copy', '$master_path/MOLCAS.1.JobIph', 'JOBOLD']
['rasscf', 1, 4, True, False]
['mclr', 0.0001, 'sala=1']
['alaska']
All jobs finished:
job: master          code: 0    runtime: 0:00:19.683964
job: grad_3_1        code: 0    runtime: 0:00:12.363070
job: grad_1_1        code: 0    runtime: 0:00:08.721900

Starting job execution
['gateway']
['seward']
['copy', '/project/lgagliardi/helenclifford/practice_rcc/sharc4/methaniminium/tutorial_reproduction/traj/Singlet_2/TRAJ_00006/restart/MOLCAS.1.JobIph.126', 'JOBOLD']
['rasscf', 1, 4, True, False]
['copy', 'MOLCAS.rasscf.h5', 'MOLCAS.1.rasscf.h5']
['copy', 'MOLCAS.JobIph', 'MOLCAS.1.JobIph']
['copy', '/project/lgagliardi/helenclifford/practice_rcc/sharc4/methaniminium/tutorial_reproduction/traj/Singlet_2/TRAJ_00006/restart/MOLCAS.3.JobIph.126', 'JOBOLD']
['rasscf', 3, 3, True, False]
['copy', 'MOLCAS.rasscf.h5', 'MOLCAS.3.rasscf.h5']
['copy', 'MOLCAS.JobIph', 'MOLCAS.3.JobIph']
['link', 'MOLCAS.1.JobIph', 'JOB001']
['rassi', 'dm', [4]]
['copy', 'MOLCAS.rassi.h5', 'MOLCAS.rassi.1.h5']
['link', 'MOLCAS.3.JobIph', 'JOB001']
['rassi', 'dm', [3]]
['copy', 'MOLCAS.rassi.h5', 'MOLCAS.rassi.3.h5']
['copy', '/project/lgagliardi/helenclifford/practice_rcc/sharc4/methaniminium/tutorial_reproduction/traj/Singlet_2/TRAJ_00006/restart/MOLCAS.1.JobIph.126', 'JOB001']
['link', 'MOLCAS.1.JobIph', 'JOB002']
['rassi', 'overlap', [4, 4]]
['copy', 'MOLCAS.rassi.h5', 'MOLCAS.rassi.ovlp.1.h5']
['copy', '/project/lgagliardi/helenclifford/practice_rcc/sharc4/methaniminium/tutorial_reproduction/traj/Singlet_2/TRAJ_00006/restart/MOLCAS.3.JobIph.126', 'JOB001']
['link', 'MOLCAS.3.JobIph', 'JOB002']
['rassi', 'overlap', [3, 3]]
['copy', 'MOLCAS.rassi.h5', 'MOLCAS.rassi.ovlp.3.h5']
['link', 'MOLCAS.1.JobIph', 'JOB001']
['link', 'MOLCAS.3.JobIph', 'JOB002']
['rassi', 'soc', [4, 3]]
['copy', '$master_path/MOLCAS.1.JobIph', 'JOBOLD']
['rasscf', 1, 4, True, False]
['mclr', 0.0001, 'sala=1']
['alaska']
All jobs finished:
job: master          code: 0    runtime: 0:00:21.846593
job: grad_1_1        code: 0    runtime: 0:00:09.716066

Starting job execution
['gateway']
['seward']
['copy', '/project/lgagliardi/helenclifford/practice_rcc/sharc4/methaniminium/tutorial_reproduction/traj/Singlet_2/TRAJ_00006/restart/MOLCAS.1.JobIph.127', 'JOBOLD']
['rasscf', 1, 4, True, False]
['copy', 'MOLCAS.rasscf.h5', 'MOLCAS.1.rasscf.h5']
['copy', 'MOLCAS.JobIph', 'MOLCAS.1.JobIph']
['copy', '/project/lgagliardi/helenclifford/practice_rcc/sharc4/methaniminium/tutorial_reproduction/traj/Singlet_2/TRAJ_00006/restart/MOLCAS.3.JobIph.127', 'JOBOLD']
['rasscf', 3, 3, True, False]
['copy', 'MOLCAS.rasscf.h5', 'MOLCAS.3.rasscf.h5']
['copy', 'MOLCAS.JobIph', 'MOLCAS.3.JobIph']
['link', 'MOLCAS.1.JobIph', 'JOB001']
['rassi', 'dm', [4]]
['copy', 'MOLCAS.rassi.h5', 'MOLCAS.rassi.1.h5']
['link', 'MOLCAS.3.JobIph', 'JOB001']
['rassi', 'dm', [3]]
['copy', 'MOLCAS.rassi.h5', 'MOLCAS.rassi.3.h5']
['copy', '/project/lgagliardi/helenclifford/practice_rcc/sharc4/methaniminium/tutorial_reproduction/traj/Singlet_2/TRAJ_00006/restart/MOLCAS.1.JobIph.127', 'JOB001']
['link', 'MOLCAS.1.JobIph', 'JOB002']
['rassi', 'overlap', [4, 4]]
['copy', 'MOLCAS.rassi.h5', 'MOLCAS.rassi.ovlp.1.h5']
['copy', '/project/lgagliardi/helenclifford/practice_rcc/sharc4/methaniminium/tutorial_reproduction/traj/Singlet_2/TRAJ_00006/restart/MOLCAS.3.JobIph.127', 'JOB001']
['link', 'MOLCAS.3.JobIph', 'JOB002']
['rassi', 'overlap', [3, 3]]
['copy', 'MOLCAS.rassi.h5', 'MOLCAS.rassi.ovlp.3.h5']
['link', 'MOLCAS.1.JobIph', 'JOB001']
['link', 'MOLCAS.3.JobIph', 'JOB002']
['rassi', 'soc', [4, 3]]
['copy', '$master_path/MOLCAS.1.JobIph', 'JOBOLD']
['rasscf', 1, 4, True, False]
['mclr', 0.0001, 'sala=1']
['alaska']
All jobs finished:
job: master          code: 0    runtime: 0:00:18.348722
job: grad_1_1        code: 0    runtime: 0:00:10.741451

Starting job execution
['gateway']
['seward']
['copy', '/project/lgagliardi/helenclifford/practice_rcc/sharc4/methaniminium/tutorial_reproduction/traj/Singlet_2/TRAJ_00006/restart/MOLCAS.1.JobIph.128', 'JOBOLD']
['rasscf', 1, 4, True, False]
['copy', 'MOLCAS.rasscf.h5', 'MOLCAS.1.rasscf.h5']
['copy', 'MOLCAS.JobIph', 'MOLCAS.1.JobIph']
['copy', '/project/lgagliardi/helenclifford/practice_rcc/sharc4/methaniminium/tutorial_reproduction/traj/Singlet_2/TRAJ_00006/restart/MOLCAS.3.JobIph.128', 'JOBOLD']
['rasscf', 3, 3, True, False]
['copy', 'MOLCAS.rasscf.h5', 'MOLCAS.3.rasscf.h5']
['copy', 'MOLCAS.JobIph', 'MOLCAS.3.JobIph']
['link', 'MOLCAS.1.JobIph', 'JOB001']
['rassi', 'dm', [4]]
['copy', 'MOLCAS.rassi.h5', 'MOLCAS.rassi.1.h5']
['link', 'MOLCAS.3.JobIph', 'JOB001']
['rassi', 'dm', [3]]
['copy', 'MOLCAS.rassi.h5', 'MOLCAS.rassi.3.h5']
['copy', '/project/lgagliardi/helenclifford/practice_rcc/sharc4/methaniminium/tutorial_reproduction/traj/Singlet_2/TRAJ_00006/restart/MOLCAS.1.JobIph.128', 'JOB001']
['link', 'MOLCAS.1.JobIph', 'JOB002']
['rassi', 'overlap', [4, 4]]
['copy', 'MOLCAS.rassi.h5', 'MOLCAS.rassi.ovlp.1.h5']
['copy', '/project/lgagliardi/helenclifford/practice_rcc/sharc4/methaniminium/tutorial_reproduction/traj/Singlet_2/TRAJ_00006/restart/MOLCAS.3.JobIph.128', 'JOB001']
['link', 'MOLCAS.3.JobIph', 'JOB002']
['rassi', 'overlap', [3, 3]]
['copy', 'MOLCAS.rassi.h5', 'MOLCAS.rassi.ovlp.3.h5']
['link', 'MOLCAS.1.JobIph', 'JOB001']
['link', 'MOLCAS.3.JobIph', 'JOB002']
['rassi', 'soc', [4, 3]]
['copy', '$master_path/MOLCAS.1.JobIph', 'JOBOLD']
['rasscf', 1, 4, True, False]
['mclr', 0.0001, 'sala=1']
['alaska']
All jobs finished:
job: master          code: 0    runtime: 0:00:23.420747
job: grad_1_1        code: 0    runtime: 0:00:08.912689

Starting job execution
['gateway']
['seward']
['copy', '/project/lgagliardi/helenclifford/practice_rcc/sharc4/methaniminium/tutorial_reproduction/traj/Singlet_2/TRAJ_00006/restart/MOLCAS.1.JobIph.129', 'JOBOLD']
['rasscf', 1, 4, True, False]
['copy', 'MOLCAS.rasscf.h5', 'MOLCAS.1.rasscf.h5']
['copy', 'MOLCAS.JobIph', 'MOLCAS.1.JobIph']
['copy', '/project/lgagliardi/helenclifford/practice_rcc/sharc4/methaniminium/tutorial_reproduction/traj/Singlet_2/TRAJ_00006/restart/MOLCAS.3.JobIph.129', 'JOBOLD']
['rasscf', 3, 3, True, False]
['copy', 'MOLCAS.rasscf.h5', 'MOLCAS.3.rasscf.h5']
['copy', 'MOLCAS.JobIph', 'MOLCAS.3.JobIph']
['link', 'MOLCAS.1.JobIph', 'JOB001']
['rassi', 'dm', [4]]
['copy', 'MOLCAS.rassi.h5', 'MOLCAS.rassi.1.h5']
['link', 'MOLCAS.3.JobIph', 'JOB001']
['rassi', 'dm', [3]]
['copy', 'MOLCAS.rassi.h5', 'MOLCAS.rassi.3.h5']
['copy', '/project/lgagliardi/helenclifford/practice_rcc/sharc4/methaniminium/tutorial_reproduction/traj/Singlet_2/TRAJ_00006/restart/MOLCAS.1.JobIph.129', 'JOB001']
['link', 'MOLCAS.1.JobIph', 'JOB002']
['rassi', 'overlap', [4, 4]]
['copy', 'MOLCAS.rassi.h5', 'MOLCAS.rassi.ovlp.1.h5']
['copy', '/project/lgagliardi/helenclifford/practice_rcc/sharc4/methaniminium/tutorial_reproduction/traj/Singlet_2/TRAJ_00006/restart/MOLCAS.3.JobIph.129', 'JOB001']
['link', 'MOLCAS.3.JobIph', 'JOB002']
['rassi', 'overlap', [3, 3]]
['copy', 'MOLCAS.rassi.h5', 'MOLCAS.rassi.ovlp.3.h5']
['link', 'MOLCAS.1.JobIph', 'JOB001']
['link', 'MOLCAS.3.JobIph', 'JOB002']
['rassi', 'soc', [4, 3]]
['copy', '$master_path/MOLCAS.1.JobIph', 'JOBOLD']
['rasscf', 1, 4, True, False]
['mclr', 0.0001, 'sala=1']
['alaska']
All jobs finished:
job: master          code: 0    runtime: 0:00:17.692117
job: grad_1_1        code: 0    runtime: 0:00:09.100059

Starting job execution
['gateway']
['seward']
['copy', '/project/lgagliardi/helenclifford/practice_rcc/sharc4/methaniminium/tutorial_reproduction/traj/Singlet_2/TRAJ_00006/restart/MOLCAS.1.JobIph.130', 'JOBOLD']
['rasscf', 1, 4, True, False]
['copy', 'MOLCAS.rasscf.h5', 'MOLCAS.1.rasscf.h5']
['copy', 'MOLCAS.JobIph', 'MOLCAS.1.JobIph']
['copy', '/project/lgagliardi/helenclifford/practice_rcc/sharc4/methaniminium/tutorial_reproduction/traj/Singlet_2/TRAJ_00006/restart/MOLCAS.3.JobIph.130', 'JOBOLD']
['rasscf', 3, 3, True, False]
['copy', 'MOLCAS.rasscf.h5', 'MOLCAS.3.rasscf.h5']
['copy', 'MOLCAS.JobIph', 'MOLCAS.3.JobIph']
['link', 'MOLCAS.1.JobIph', 'JOB001']
['rassi', 'dm', [4]]
['copy', 'MOLCAS.rassi.h5', 'MOLCAS.rassi.1.h5']
['link', 'MOLCAS.3.JobIph', 'JOB001']
['rassi', 'dm', [3]]
['copy', 'MOLCAS.rassi.h5', 'MOLCAS.rassi.3.h5']
['copy', '/project/lgagliardi/helenclifford/practice_rcc/sharc4/methaniminium/tutorial_reproduction/traj/Singlet_2/TRAJ_00006/restart/MOLCAS.1.JobIph.130', 'JOB001']
['link', 'MOLCAS.1.JobIph', 'JOB002']
['rassi', 'overlap', [4, 4]]
['copy', 'MOLCAS.rassi.h5', 'MOLCAS.rassi.ovlp.1.h5']
['copy', '/project/lgagliardi/helenclifford/practice_rcc/sharc4/methaniminium/tutorial_reproduction/traj/Singlet_2/TRAJ_00006/restart/MOLCAS.3.JobIph.130', 'JOB001']
['link', 'MOLCAS.3.JobIph', 'JOB002']
['rassi', 'overlap', [3, 3]]
['copy', 'MOLCAS.rassi.h5', 'MOLCAS.rassi.ovlp.3.h5']
['link', 'MOLCAS.1.JobIph', 'JOB001']
['link', 'MOLCAS.3.JobIph', 'JOB002']
['rassi', 'soc', [4, 3]]
['copy', '$master_path/MOLCAS.1.JobIph', 'JOBOLD']
['rasscf', 1, 4, True, False]
['mclr', 0.0001, 'sala=1']
['alaska']
All jobs finished:
job: master          code: 0    runtime: 0:00:23.119488
job: grad_1_1        code: 0    runtime: 0:00:10.473071

Starting job execution
['gateway']
['seward']
['copy', '/project/lgagliardi/helenclifford/practice_rcc/sharc4/methaniminium/tutorial_reproduction/traj/Singlet_2/TRAJ_00006/restart/MOLCAS.1.JobIph.131', 'JOBOLD']
['rasscf', 1, 4, True, False]
['copy', 'MOLCAS.rasscf.h5', 'MOLCAS.1.rasscf.h5']
['copy', 'MOLCAS.JobIph', 'MOLCAS.1.JobIph']
['copy', '/project/lgagliardi/helenclifford/practice_rcc/sharc4/methaniminium/tutorial_reproduction/traj/Singlet_2/TRAJ_00006/restart/MOLCAS.3.JobIph.131', 'JOBOLD']
['rasscf', 3, 3, True, False]
['copy', 'MOLCAS.rasscf.h5', 'MOLCAS.3.rasscf.h5']
['copy', 'MOLCAS.JobIph', 'MOLCAS.3.JobIph']
['link', 'MOLCAS.1.JobIph', 'JOB001']
['rassi', 'dm', [4]]
['copy', 'MOLCAS.rassi.h5', 'MOLCAS.rassi.1.h5']
['link', 'MOLCAS.3.JobIph', 'JOB001']
['rassi', 'dm', [3]]
['copy', 'MOLCAS.rassi.h5', 'MOLCAS.rassi.3.h5']
['copy', '/project/lgagliardi/helenclifford/practice_rcc/sharc4/methaniminium/tutorial_reproduction/traj/Singlet_2/TRAJ_00006/restart/MOLCAS.1.JobIph.131', 'JOB001']
['link', 'MOLCAS.1.JobIph', 'JOB002']
['rassi', 'overlap', [4, 4]]
['copy', 'MOLCAS.rassi.h5', 'MOLCAS.rassi.ovlp.1.h5']
['copy', '/project/lgagliardi/helenclifford/practice_rcc/sharc4/methaniminium/tutorial_reproduction/traj/Singlet_2/TRAJ_00006/restart/MOLCAS.3.JobIph.131', 'JOB001']
['link', 'MOLCAS.3.JobIph', 'JOB002']
['rassi', 'overlap', [3, 3]]
['copy', 'MOLCAS.rassi.h5', 'MOLCAS.rassi.ovlp.3.h5']
['link', 'MOLCAS.1.JobIph', 'JOB001']
['link', 'MOLCAS.3.JobIph', 'JOB002']
['rassi', 'soc', [4, 3]]
['copy', '$master_path/MOLCAS.1.JobIph', 'JOBOLD']
['rasscf', 1, 4, True, False]
['mclr', 0.0001, 'sala=1']
['alaska']
All jobs finished:
job: master          code: 0    runtime: 0:00:19.030965
job: grad_1_1        code: 0    runtime: 0:00:09.407392

Starting job execution
['gateway']
['seward']
['copy', '/project/lgagliardi/helenclifford/practice_rcc/sharc4/methaniminium/tutorial_reproduction/traj/Singlet_2/TRAJ_00006/restart/MOLCAS.1.JobIph.132', 'JOBOLD']
['rasscf', 1, 4, True, False]
['copy', 'MOLCAS.rasscf.h5', 'MOLCAS.1.rasscf.h5']
['copy', 'MOLCAS.JobIph', 'MOLCAS.1.JobIph']
['copy', '/project/lgagliardi/helenclifford/practice_rcc/sharc4/methaniminium/tutorial_reproduction/traj/Singlet_2/TRAJ_00006/restart/MOLCAS.3.JobIph.132', 'JOBOLD']
['rasscf', 3, 3, True, False]
['copy', 'MOLCAS.rasscf.h5', 'MOLCAS.3.rasscf.h5']
['copy', 'MOLCAS.JobIph', 'MOLCAS.3.JobIph']
['link', 'MOLCAS.1.JobIph', 'JOB001']
['rassi', 'dm', [4]]
['copy', 'MOLCAS.rassi.h5', 'MOLCAS.rassi.1.h5']
['link', 'MOLCAS.3.JobIph', 'JOB001']
['rassi', 'dm', [3]]
['copy', 'MOLCAS.rassi.h5', 'MOLCAS.rassi.3.h5']
['copy', '/project/lgagliardi/helenclifford/practice_rcc/sharc4/methaniminium/tutorial_reproduction/traj/Singlet_2/TRAJ_00006/restart/MOLCAS.1.JobIph.132', 'JOB001']
['link', 'MOLCAS.1.JobIph', 'JOB002']
['rassi', 'overlap', [4, 4]]
['copy', 'MOLCAS.rassi.h5', 'MOLCAS.rassi.ovlp.1.h5']
['copy', '/project/lgagliardi/helenclifford/practice_rcc/sharc4/methaniminium/tutorial_reproduction/traj/Singlet_2/TRAJ_00006/restart/MOLCAS.3.JobIph.132', 'JOB001']
['link', 'MOLCAS.3.JobIph', 'JOB002']
['rassi', 'overlap', [3, 3]]
['copy', 'MOLCAS.rassi.h5', 'MOLCAS.rassi.ovlp.3.h5']
['link', 'MOLCAS.1.JobIph', 'JOB001']
['link', 'MOLCAS.3.JobIph', 'JOB002']
['rassi', 'soc', [4, 3]]
['copy', '$master_path/MOLCAS.1.JobIph', 'JOBOLD']
['rasscf', 1, 4, True, False]
['mclr', 0.0001, 'sala=1']
['alaska']
All jobs finished:
job: master          code: 0    runtime: 0:00:19.581089
job: grad_1_1        code: 0    runtime: 0:00:17.155112

Starting job execution
['gateway']
['seward']
['copy', '/project/lgagliardi/helenclifford/practice_rcc/sharc4/methaniminium/tutorial_reproduction/traj/Singlet_2/TRAJ_00006/restart/MOLCAS.1.JobIph.133', 'JOBOLD']
['rasscf', 1, 4, True, False]
['copy', 'MOLCAS.rasscf.h5', 'MOLCAS.1.rasscf.h5']
['copy', 'MOLCAS.JobIph', 'MOLCAS.1.JobIph']
['copy', '/project/lgagliardi/helenclifford/practice_rcc/sharc4/methaniminium/tutorial_reproduction/traj/Singlet_2/TRAJ_00006/restart/MOLCAS.3.JobIph.133', 'JOBOLD']
['rasscf', 3, 3, True, False]
['copy', 'MOLCAS.rasscf.h5', 'MOLCAS.3.rasscf.h5']
['copy', 'MOLCAS.JobIph', 'MOLCAS.3.JobIph']
['link', 'MOLCAS.1.JobIph', 'JOB001']
['rassi', 'dm', [4]]
['copy', 'MOLCAS.rassi.h5', 'MOLCAS.rassi.1.h5']
['link', 'MOLCAS.3.JobIph', 'JOB001']
['rassi', 'dm', [3]]
['copy', 'MOLCAS.rassi.h5', 'MOLCAS.rassi.3.h5']
['copy', '/project/lgagliardi/helenclifford/practice_rcc/sharc4/methaniminium/tutorial_reproduction/traj/Singlet_2/TRAJ_00006/restart/MOLCAS.1.JobIph.133', 'JOB001']
['link', 'MOLCAS.1.JobIph', 'JOB002']
['rassi', 'overlap', [4, 4]]
['copy', 'MOLCAS.rassi.h5', 'MOLCAS.rassi.ovlp.1.h5']
['copy', '/project/lgagliardi/helenclifford/practice_rcc/sharc4/methaniminium/tutorial_reproduction/traj/Singlet_2/TRAJ_00006/restart/MOLCAS.3.JobIph.133', 'JOB001']
['link', 'MOLCAS.3.JobIph', 'JOB002']
['rassi', 'overlap', [3, 3]]
['copy', 'MOLCAS.rassi.h5', 'MOLCAS.rassi.ovlp.3.h5']
['link', 'MOLCAS.1.JobIph', 'JOB001']
['link', 'MOLCAS.3.JobIph', 'JOB002']
['rassi', 'soc', [4, 3]]
['copy', '$master_path/MOLCAS.1.JobIph', 'JOBOLD']
['rasscf', 1, 4, True, False]
['mclr', 0.0001, 'sala=1']
['alaska']
All jobs finished:
job: master          code: 0    runtime: 0:00:22.924087
job: grad_1_1        code: 0    runtime: 0:00:10.699764

Starting job execution
['gateway']
['seward']
['copy', '/project/lgagliardi/helenclifford/practice_rcc/sharc4/methaniminium/tutorial_reproduction/traj/Singlet_2/TRAJ_00006/restart/MOLCAS.1.JobIph.134', 'JOBOLD']
['rasscf', 1, 4, True, False]
['copy', 'MOLCAS.rasscf.h5', 'MOLCAS.1.rasscf.h5']
['copy', 'MOLCAS.JobIph', 'MOLCAS.1.JobIph']
['copy', '/project/lgagliardi/helenclifford/practice_rcc/sharc4/methaniminium/tutorial_reproduction/traj/Singlet_2/TRAJ_00006/restart/MOLCAS.3.JobIph.134', 'JOBOLD']
['rasscf', 3, 3, True, False]
['copy', 'MOLCAS.rasscf.h5', 'MOLCAS.3.rasscf.h5']
['copy', 'MOLCAS.JobIph', 'MOLCAS.3.JobIph']
['link', 'MOLCAS.1.JobIph', 'JOB001']
['rassi', 'dm', [4]]
['copy', 'MOLCAS.rassi.h5', 'MOLCAS.rassi.1.h5']
['link', 'MOLCAS.3.JobIph', 'JOB001']
['rassi', 'dm', [3]]
['copy', 'MOLCAS.rassi.h5', 'MOLCAS.rassi.3.h5']
['copy', '/project/lgagliardi/helenclifford/practice_rcc/sharc4/methaniminium/tutorial_reproduction/traj/Singlet_2/TRAJ_00006/restart/MOLCAS.1.JobIph.134', 'JOB001']
['link', 'MOLCAS.1.JobIph', 'JOB002']
['rassi', 'overlap', [4, 4]]
['copy', 'MOLCAS.rassi.h5', 'MOLCAS.rassi.ovlp.1.h5']
['copy', '/project/lgagliardi/helenclifford/practice_rcc/sharc4/methaniminium/tutorial_reproduction/traj/Singlet_2/TRAJ_00006/restart/MOLCAS.3.JobIph.134', 'JOB001']
['link', 'MOLCAS.3.JobIph', 'JOB002']
['rassi', 'overlap', [3, 3]]
['copy', 'MOLCAS.rassi.h5', 'MOLCAS.rassi.ovlp.3.h5']
['link', 'MOLCAS.1.JobIph', 'JOB001']
['link', 'MOLCAS.3.JobIph', 'JOB002']
['rassi', 'soc', [4, 3]]
['copy', '$master_path/MOLCAS.1.JobIph', 'JOBOLD']
['rasscf', 1, 4, True, False]
['mclr', 0.0001, 'sala=1']
['alaska']
All jobs finished:
job: master          code: 0    runtime: 0:00:23.771218
job: grad_1_1        code: 0    runtime: 0:00:12.989981

Starting job execution
['gateway']
['seward']
['copy', '/project/lgagliardi/helenclifford/practice_rcc/sharc4/methaniminium/tutorial_reproduction/traj/Singlet_2/TRAJ_00006/restart/MOLCAS.1.JobIph.135', 'JOBOLD']
['rasscf', 1, 4, True, False]
['copy', 'MOLCAS.rasscf.h5', 'MOLCAS.1.rasscf.h5']
['copy', 'MOLCAS.JobIph', 'MOLCAS.1.JobIph']
['copy', '/project/lgagliardi/helenclifford/practice_rcc/sharc4/methaniminium/tutorial_reproduction/traj/Singlet_2/TRAJ_00006/restart/MOLCAS.3.JobIph.135', 'JOBOLD']
['rasscf', 3, 3, True, False]
['copy', 'MOLCAS.rasscf.h5', 'MOLCAS.3.rasscf.h5']
['copy', 'MOLCAS.JobIph', 'MOLCAS.3.JobIph']
['link', 'MOLCAS.1.JobIph', 'JOB001']
['rassi', 'dm', [4]]
['copy', 'MOLCAS.rassi.h5', 'MOLCAS.rassi.1.h5']
['link', 'MOLCAS.3.JobIph', 'JOB001']
['rassi', 'dm', [3]]
['copy', 'MOLCAS.rassi.h5', 'MOLCAS.rassi.3.h5']
['copy', '/project/lgagliardi/helenclifford/practice_rcc/sharc4/methaniminium/tutorial_reproduction/traj/Singlet_2/TRAJ_00006/restart/MOLCAS.1.JobIph.135', 'JOB001']
['link', 'MOLCAS.1.JobIph', 'JOB002']
['rassi', 'overlap', [4, 4]]
['copy', 'MOLCAS.rassi.h5', 'MOLCAS.rassi.ovlp.1.h5']
['copy', '/project/lgagliardi/helenclifford/practice_rcc/sharc4/methaniminium/tutorial_reproduction/traj/Singlet_2/TRAJ_00006/restart/MOLCAS.3.JobIph.135', 'JOB001']
['link', 'MOLCAS.3.JobIph', 'JOB002']
['rassi', 'overlap', [3, 3]]
['copy', 'MOLCAS.rassi.h5', 'MOLCAS.rassi.ovlp.3.h5']
['link', 'MOLCAS.1.JobIph', 'JOB001']
['link', 'MOLCAS.3.JobIph', 'JOB002']
['rassi', 'soc', [4, 3]]
['copy', '$master_path/MOLCAS.1.JobIph', 'JOBOLD']
['rasscf', 1, 4, True, False]
['mclr', 0.0001, 'sala=1']
['alaska']
All jobs finished:
job: master          code: 0    runtime: 0:00:21.209243
job: grad_1_1        code: 0    runtime: 0:00:09.315391

Starting job execution
['gateway']
['seward']
['copy', '/project/lgagliardi/helenclifford/practice_rcc/sharc4/methaniminium/tutorial_reproduction/traj/Singlet_2/TRAJ_00006/restart/MOLCAS.1.JobIph.136', 'JOBOLD']
['rasscf', 1, 4, True, False]
['copy', 'MOLCAS.rasscf.h5', 'MOLCAS.1.rasscf.h5']
['copy', 'MOLCAS.JobIph', 'MOLCAS.1.JobIph']
['copy', '/project/lgagliardi/helenclifford/practice_rcc/sharc4/methaniminium/tutorial_reproduction/traj/Singlet_2/TRAJ_00006/restart/MOLCAS.3.JobIph.136', 'JOBOLD']
['rasscf', 3, 3, True, False]
['copy', 'MOLCAS.rasscf.h5', 'MOLCAS.3.rasscf.h5']
['copy', 'MOLCAS.JobIph', 'MOLCAS.3.JobIph']
['link', 'MOLCAS.1.JobIph', 'JOB001']
['rassi', 'dm', [4]]
['copy', 'MOLCAS.rassi.h5', 'MOLCAS.rassi.1.h5']
['link', 'MOLCAS.3.JobIph', 'JOB001']
['rassi', 'dm', [3]]
['copy', 'MOLCAS.rassi.h5', 'MOLCAS.rassi.3.h5']
['copy', '/project/lgagliardi/helenclifford/practice_rcc/sharc4/methaniminium/tutorial_reproduction/traj/Singlet_2/TRAJ_00006/restart/MOLCAS.1.JobIph.136', 'JOB001']
['link', 'MOLCAS.1.JobIph', 'JOB002']
['rassi', 'overlap', [4, 4]]
['copy', 'MOLCAS.rassi.h5', 'MOLCAS.rassi.ovlp.1.h5']
['copy', '/project/lgagliardi/helenclifford/practice_rcc/sharc4/methaniminium/tutorial_reproduction/traj/Singlet_2/TRAJ_00006/restart/MOLCAS.3.JobIph.136', 'JOB001']
['link', 'MOLCAS.3.JobIph', 'JOB002']
['rassi', 'overlap', [3, 3]]
['copy', 'MOLCAS.rassi.h5', 'MOLCAS.rassi.ovlp.3.h5']
['link', 'MOLCAS.1.JobIph', 'JOB001']
['link', 'MOLCAS.3.JobIph', 'JOB002']
['rassi', 'soc', [4, 3]]
['copy', '$master_path/MOLCAS.1.JobIph', 'JOBOLD']
['rasscf', 1, 4, True, False]
['mclr', 0.0001, 'sala=1']
['alaska']
All jobs finished:
job: master          code: 0    runtime: 0:00:25.665944
job: grad_1_1        code: 0    runtime: 0:00:07.617850

Starting job execution
['gateway']
['seward']
['copy', '/project/lgagliardi/helenclifford/practice_rcc/sharc4/methaniminium/tutorial_reproduction/traj/Singlet_2/TRAJ_00006/restart/MOLCAS.1.JobIph.137', 'JOBOLD']
['rasscf', 1, 4, True, False]
['copy', 'MOLCAS.rasscf.h5', 'MOLCAS.1.rasscf.h5']
['copy', 'MOLCAS.JobIph', 'MOLCAS.1.JobIph']
['copy', '/project/lgagliardi/helenclifford/practice_rcc/sharc4/methaniminium/tutorial_reproduction/traj/Singlet_2/TRAJ_00006/restart/MOLCAS.3.JobIph.137', 'JOBOLD']
['rasscf', 3, 3, True, False]
['copy', 'MOLCAS.rasscf.h5', 'MOLCAS.3.rasscf.h5']
['copy', 'MOLCAS.JobIph', 'MOLCAS.3.JobIph']
['link', 'MOLCAS.1.JobIph', 'JOB001']
['rassi', 'dm', [4]]
['copy', 'MOLCAS.rassi.h5', 'MOLCAS.rassi.1.h5']
['link', 'MOLCAS.3.JobIph', 'JOB001']
['rassi', 'dm', [3]]
['copy', 'MOLCAS.rassi.h5', 'MOLCAS.rassi.3.h5']
['copy', '/project/lgagliardi/helenclifford/practice_rcc/sharc4/methaniminium/tutorial_reproduction/traj/Singlet_2/TRAJ_00006/restart/MOLCAS.1.JobIph.137', 'JOB001']
['link', 'MOLCAS.1.JobIph', 'JOB002']
['rassi', 'overlap', [4, 4]]
['copy', 'MOLCAS.rassi.h5', 'MOLCAS.rassi.ovlp.1.h5']
['copy', '/project/lgagliardi/helenclifford/practice_rcc/sharc4/methaniminium/tutorial_reproduction/traj/Singlet_2/TRAJ_00006/restart/MOLCAS.3.JobIph.137', 'JOB001']
['link', 'MOLCAS.3.JobIph', 'JOB002']
['rassi', 'overlap', [3, 3]]
['copy', 'MOLCAS.rassi.h5', 'MOLCAS.rassi.ovlp.3.h5']
['link', 'MOLCAS.1.JobIph', 'JOB001']
['link', 'MOLCAS.3.JobIph', 'JOB002']
['rassi', 'soc', [4, 3]]
['copy', '$master_path/MOLCAS.1.JobIph', 'JOBOLD']
['rasscf', 1, 4, True, False]
['mclr', 0.0001, 'sala=1']
['alaska']
All jobs finished:
job: master          code: 0    runtime: 0:00:17.259390
job: grad_1_1        code: 0    runtime: 0:00:11.770028

Starting job execution
['gateway']
['seward']
['copy', '/project/lgagliardi/helenclifford/practice_rcc/sharc4/methaniminium/tutorial_reproduction/traj/Singlet_2/TRAJ_00006/restart/MOLCAS.1.JobIph.138', 'JOBOLD']
['rasscf', 1, 4, True, False]
['copy', 'MOLCAS.rasscf.h5', 'MOLCAS.1.rasscf.h5']
['copy', 'MOLCAS.JobIph', 'MOLCAS.1.JobIph']
['copy', '/project/lgagliardi/helenclifford/practice_rcc/sharc4/methaniminium/tutorial_reproduction/traj/Singlet_2/TRAJ_00006/restart/MOLCAS.3.JobIph.138', 'JOBOLD']
['rasscf', 3, 3, True, False]
['copy', 'MOLCAS.rasscf.h5', 'MOLCAS.3.rasscf.h5']
['copy', 'MOLCAS.JobIph', 'MOLCAS.3.JobIph']
['link', 'MOLCAS.1.JobIph', 'JOB001']
['rassi', 'dm', [4]]
['copy', 'MOLCAS.rassi.h5', 'MOLCAS.rassi.1.h5']
['link', 'MOLCAS.3.JobIph', 'JOB001']
['rassi', 'dm', [3]]
['copy', 'MOLCAS.rassi.h5', 'MOLCAS.rassi.3.h5']
['copy', '/project/lgagliardi/helenclifford/practice_rcc/sharc4/methaniminium/tutorial_reproduction/traj/Singlet_2/TRAJ_00006/restart/MOLCAS.1.JobIph.138', 'JOB001']
['link', 'MOLCAS.1.JobIph', 'JOB002']
['rassi', 'overlap', [4, 4]]
['copy', 'MOLCAS.rassi.h5', 'MOLCAS.rassi.ovlp.1.h5']
['copy', '/project/lgagliardi/helenclifford/practice_rcc/sharc4/methaniminium/tutorial_reproduction/traj/Singlet_2/TRAJ_00006/restart/MOLCAS.3.JobIph.138', 'JOB001']
['link', 'MOLCAS.3.JobIph', 'JOB002']
['rassi', 'overlap', [3, 3]]
['copy', 'MOLCAS.rassi.h5', 'MOLCAS.rassi.ovlp.3.h5']
['link', 'MOLCAS.1.JobIph', 'JOB001']
['link', 'MOLCAS.3.JobIph', 'JOB002']
['rassi', 'soc', [4, 3]]
['copy', '$master_path/MOLCAS.1.JobIph', 'JOBOLD']
['rasscf', 1, 4, True, False]
['mclr', 0.0001, 'sala=1']
['alaska']
All jobs finished:
job: master          code: 0    runtime: 0:00:18.071689
job: grad_1_1        code: 0    runtime: 0:00:10.995160

Starting job execution
['gateway']
['seward']
['copy', '/project/lgagliardi/helenclifford/practice_rcc/sharc4/methaniminium/tutorial_reproduction/traj/Singlet_2/TRAJ_00006/restart/MOLCAS.1.JobIph.139', 'JOBOLD']
['rasscf', 1, 4, True, False]
['copy', 'MOLCAS.rasscf.h5', 'MOLCAS.1.rasscf.h5']
['copy', 'MOLCAS.JobIph', 'MOLCAS.1.JobIph']
['copy', '/project/lgagliardi/helenclifford/practice_rcc/sharc4/methaniminium/tutorial_reproduction/traj/Singlet_2/TRAJ_00006/restart/MOLCAS.3.JobIph.139', 'JOBOLD']
['rasscf', 3, 3, True, False]
['copy', 'MOLCAS.rasscf.h5', 'MOLCAS.3.rasscf.h5']
['copy', 'MOLCAS.JobIph', 'MOLCAS.3.JobIph']
['link', 'MOLCAS.1.JobIph', 'JOB001']
['rassi', 'dm', [4]]
['copy', 'MOLCAS.rassi.h5', 'MOLCAS.rassi.1.h5']
['link', 'MOLCAS.3.JobIph', 'JOB001']
['rassi', 'dm', [3]]
['copy', 'MOLCAS.rassi.h5', 'MOLCAS.rassi.3.h5']
['copy', '/project/lgagliardi/helenclifford/practice_rcc/sharc4/methaniminium/tutorial_reproduction/traj/Singlet_2/TRAJ_00006/restart/MOLCAS.1.JobIph.139', 'JOB001']
['link', 'MOLCAS.1.JobIph', 'JOB002']
['rassi', 'overlap', [4, 4]]
['copy', 'MOLCAS.rassi.h5', 'MOLCAS.rassi.ovlp.1.h5']
['copy', '/project/lgagliardi/helenclifford/practice_rcc/sharc4/methaniminium/tutorial_reproduction/traj/Singlet_2/TRAJ_00006/restart/MOLCAS.3.JobIph.139', 'JOB001']
['link', 'MOLCAS.3.JobIph', 'JOB002']
['rassi', 'overlap', [3, 3]]
['copy', 'MOLCAS.rassi.h5', 'MOLCAS.rassi.ovlp.3.h5']
['link', 'MOLCAS.1.JobIph', 'JOB001']
['link', 'MOLCAS.3.JobIph', 'JOB002']
['rassi', 'soc', [4, 3]]
['copy', '$master_path/MOLCAS.1.JobIph', 'JOBOLD']
['rasscf', 1, 4, True, False]
['mclr', 0.0001, 'sala=1']
['alaska']
All jobs finished:
job: master          code: 0    runtime: 0:00:19.951907
job: grad_1_1        code: 0    runtime: 0:00:07.824397

Starting job execution
['gateway']
['seward']
['copy', '/project/lgagliardi/helenclifford/practice_rcc/sharc4/methaniminium/tutorial_reproduction/traj/Singlet_2/TRAJ_00006/restart/MOLCAS.1.JobIph.140', 'JOBOLD']
['rasscf', 1, 4, True, False]
['copy', 'MOLCAS.rasscf.h5', 'MOLCAS.1.rasscf.h5']
['copy', 'MOLCAS.JobIph', 'MOLCAS.1.JobIph']
['copy', '/project/lgagliardi/helenclifford/practice_rcc/sharc4/methaniminium/tutorial_reproduction/traj/Singlet_2/TRAJ_00006/restart/MOLCAS.3.JobIph.140', 'JOBOLD']
['rasscf', 3, 3, True, False]
['copy', 'MOLCAS.rasscf.h5', 'MOLCAS.3.rasscf.h5']
['copy', 'MOLCAS.JobIph', 'MOLCAS.3.JobIph']
['link', 'MOLCAS.1.JobIph', 'JOB001']
['rassi', 'dm', [4]]
['copy', 'MOLCAS.rassi.h5', 'MOLCAS.rassi.1.h5']
['link', 'MOLCAS.3.JobIph', 'JOB001']
['rassi', 'dm', [3]]
['copy', 'MOLCAS.rassi.h5', 'MOLCAS.rassi.3.h5']
['copy', '/project/lgagliardi/helenclifford/practice_rcc/sharc4/methaniminium/tutorial_reproduction/traj/Singlet_2/TRAJ_00006/restart/MOLCAS.1.JobIph.140', 'JOB001']
['link', 'MOLCAS.1.JobIph', 'JOB002']
['rassi', 'overlap', [4, 4]]
['copy', 'MOLCAS.rassi.h5', 'MOLCAS.rassi.ovlp.1.h5']
['copy', '/project/lgagliardi/helenclifford/practice_rcc/sharc4/methaniminium/tutorial_reproduction/traj/Singlet_2/TRAJ_00006/restart/MOLCAS.3.JobIph.140', 'JOB001']
['link', 'MOLCAS.3.JobIph', 'JOB002']
['rassi', 'overlap', [3, 3]]
['copy', 'MOLCAS.rassi.h5', 'MOLCAS.rassi.ovlp.3.h5']
['link', 'MOLCAS.1.JobIph', 'JOB001']
['link', 'MOLCAS.3.JobIph', 'JOB002']
['rassi', 'soc', [4, 3]]
['copy', '$master_path/MOLCAS.1.JobIph', 'JOBOLD']
['rasscf', 1, 4, True, False]
['mclr', 0.0001, 'sala=1']
['alaska']
All jobs finished:
job: master          code: 0    runtime: 0:00:20.283463
job: grad_1_1        code: 0    runtime: 0:00:08.110792

Starting job execution
['gateway']
['seward']
['copy', '/project/lgagliardi/helenclifford/practice_rcc/sharc4/methaniminium/tutorial_reproduction/traj/Singlet_2/TRAJ_00006/restart/MOLCAS.1.JobIph.141', 'JOBOLD']
['rasscf', 1, 4, True, False]
['copy', 'MOLCAS.rasscf.h5', 'MOLCAS.1.rasscf.h5']
['copy', 'MOLCAS.JobIph', 'MOLCAS.1.JobIph']
['copy', '/project/lgagliardi/helenclifford/practice_rcc/sharc4/methaniminium/tutorial_reproduction/traj/Singlet_2/TRAJ_00006/restart/MOLCAS.3.JobIph.141', 'JOBOLD']
['rasscf', 3, 3, True, False]
['copy', 'MOLCAS.rasscf.h5', 'MOLCAS.3.rasscf.h5']
['copy', 'MOLCAS.JobIph', 'MOLCAS.3.JobIph']
['link', 'MOLCAS.1.JobIph', 'JOB001']
['rassi', 'dm', [4]]
['copy', 'MOLCAS.rassi.h5', 'MOLCAS.rassi.1.h5']
['link', 'MOLCAS.3.JobIph', 'JOB001']
['rassi', 'dm', [3]]
['copy', 'MOLCAS.rassi.h5', 'MOLCAS.rassi.3.h5']
['copy', '/project/lgagliardi/helenclifford/practice_rcc/sharc4/methaniminium/tutorial_reproduction/traj/Singlet_2/TRAJ_00006/restart/MOLCAS.1.JobIph.141', 'JOB001']
['link', 'MOLCAS.1.JobIph', 'JOB002']
['rassi', 'overlap', [4, 4]]
['copy', 'MOLCAS.rassi.h5', 'MOLCAS.rassi.ovlp.1.h5']
['copy', '/project/lgagliardi/helenclifford/practice_rcc/sharc4/methaniminium/tutorial_reproduction/traj/Singlet_2/TRAJ_00006/restart/MOLCAS.3.JobIph.141', 'JOB001']
['link', 'MOLCAS.3.JobIph', 'JOB002']
['rassi', 'overlap', [3, 3]]
['copy', 'MOLCAS.rassi.h5', 'MOLCAS.rassi.ovlp.3.h5']
['link', 'MOLCAS.1.JobIph', 'JOB001']
['link', 'MOLCAS.3.JobIph', 'JOB002']
['rassi', 'soc', [4, 3]]
['copy', '$master_path/MOLCAS.1.JobIph', 'JOBOLD']
['rasscf', 1, 4, True, False]
['mclr', 0.0001, 'sala=1']
['alaska']
All jobs finished:
job: master          code: 0    runtime: 0:00:18.356787
job: grad_1_1        code: 0    runtime: 0:00:10.410325

Starting job execution
['gateway']
['seward']
['copy', '/project/lgagliardi/helenclifford/practice_rcc/sharc4/methaniminium/tutorial_reproduction/traj/Singlet_2/TRAJ_00006/restart/MOLCAS.1.JobIph.142', 'JOBOLD']
['rasscf', 1, 4, True, False]
['copy', 'MOLCAS.rasscf.h5', 'MOLCAS.1.rasscf.h5']
['copy', 'MOLCAS.JobIph', 'MOLCAS.1.JobIph']
['copy', '/project/lgagliardi/helenclifford/practice_rcc/sharc4/methaniminium/tutorial_reproduction/traj/Singlet_2/TRAJ_00006/restart/MOLCAS.3.JobIph.142', 'JOBOLD']
['rasscf', 3, 3, True, False]
['copy', 'MOLCAS.rasscf.h5', 'MOLCAS.3.rasscf.h5']
['copy', 'MOLCAS.JobIph', 'MOLCAS.3.JobIph']
['link', 'MOLCAS.1.JobIph', 'JOB001']
['rassi', 'dm', [4]]
['copy', 'MOLCAS.rassi.h5', 'MOLCAS.rassi.1.h5']
['link', 'MOLCAS.3.JobIph', 'JOB001']
['rassi', 'dm', [3]]
['copy', 'MOLCAS.rassi.h5', 'MOLCAS.rassi.3.h5']
['copy', '/project/lgagliardi/helenclifford/practice_rcc/sharc4/methaniminium/tutorial_reproduction/traj/Singlet_2/TRAJ_00006/restart/MOLCAS.1.JobIph.142', 'JOB001']
['link', 'MOLCAS.1.JobIph', 'JOB002']
['rassi', 'overlap', [4, 4]]
['copy', 'MOLCAS.rassi.h5', 'MOLCAS.rassi.ovlp.1.h5']
['copy', '/project/lgagliardi/helenclifford/practice_rcc/sharc4/methaniminium/tutorial_reproduction/traj/Singlet_2/TRAJ_00006/restart/MOLCAS.3.JobIph.142', 'JOB001']
['link', 'MOLCAS.3.JobIph', 'JOB002']
['rassi', 'overlap', [3, 3]]
['copy', 'MOLCAS.rassi.h5', 'MOLCAS.rassi.ovlp.3.h5']
['link', 'MOLCAS.1.JobIph', 'JOB001']
['link', 'MOLCAS.3.JobIph', 'JOB002']
['rassi', 'soc', [4, 3]]
['copy', '$master_path/MOLCAS.1.JobIph', 'JOBOLD']
['rasscf', 1, 4, True, False]
['mclr', 0.0001, 'sala=1']
['alaska']
All jobs finished:
job: master          code: 0    runtime: 0:00:17.334717
job: grad_1_1        code: 0    runtime: 0:00:10.344593

Starting job execution
['gateway']
['seward']
['copy', '/project/lgagliardi/helenclifford/practice_rcc/sharc4/methaniminium/tutorial_reproduction/traj/Singlet_2/TRAJ_00006/restart/MOLCAS.1.JobIph.143', 'JOBOLD']
['rasscf', 1, 4, True, False]
['copy', 'MOLCAS.rasscf.h5', 'MOLCAS.1.rasscf.h5']
['copy', 'MOLCAS.JobIph', 'MOLCAS.1.JobIph']
['copy', '/project/lgagliardi/helenclifford/practice_rcc/sharc4/methaniminium/tutorial_reproduction/traj/Singlet_2/TRAJ_00006/restart/MOLCAS.3.JobIph.143', 'JOBOLD']
['rasscf', 3, 3, True, False]
['copy', 'MOLCAS.rasscf.h5', 'MOLCAS.3.rasscf.h5']
['copy', 'MOLCAS.JobIph', 'MOLCAS.3.JobIph']
['link', 'MOLCAS.1.JobIph', 'JOB001']
['rassi', 'dm', [4]]
['copy', 'MOLCAS.rassi.h5', 'MOLCAS.rassi.1.h5']
['link', 'MOLCAS.3.JobIph', 'JOB001']
['rassi', 'dm', [3]]
['copy', 'MOLCAS.rassi.h5', 'MOLCAS.rassi.3.h5']
['copy', '/project/lgagliardi/helenclifford/practice_rcc/sharc4/methaniminium/tutorial_reproduction/traj/Singlet_2/TRAJ_00006/restart/MOLCAS.1.JobIph.143', 'JOB001']
['link', 'MOLCAS.1.JobIph', 'JOB002']
['rassi', 'overlap', [4, 4]]
['copy', 'MOLCAS.rassi.h5', 'MOLCAS.rassi.ovlp.1.h5']
['copy', '/project/lgagliardi/helenclifford/practice_rcc/sharc4/methaniminium/tutorial_reproduction/traj/Singlet_2/TRAJ_00006/restart/MOLCAS.3.JobIph.143', 'JOB001']
['link', 'MOLCAS.3.JobIph', 'JOB002']
['rassi', 'overlap', [3, 3]]
['copy', 'MOLCAS.rassi.h5', 'MOLCAS.rassi.ovlp.3.h5']
['link', 'MOLCAS.1.JobIph', 'JOB001']
['link', 'MOLCAS.3.JobIph', 'JOB002']
['rassi', 'soc', [4, 3]]
['copy', '$master_path/MOLCAS.1.JobIph', 'JOBOLD']
['rasscf', 1, 4, True, False]
['mclr', 0.0001, 'sala=1']
['alaska']
All jobs finished:
job: master          code: 0    runtime: 0:00:18.199406
job: grad_1_1        code: 0    runtime: 0:00:08.269582

Starting job execution
['gateway']
['seward']
['copy', '/project/lgagliardi/helenclifford/practice_rcc/sharc4/methaniminium/tutorial_reproduction/traj/Singlet_2/TRAJ_00006/restart/MOLCAS.1.JobIph.144', 'JOBOLD']
['rasscf', 1, 4, True, False]
['copy', 'MOLCAS.rasscf.h5', 'MOLCAS.1.rasscf.h5']
['copy', 'MOLCAS.JobIph', 'MOLCAS.1.JobIph']
['copy', '/project/lgagliardi/helenclifford/practice_rcc/sharc4/methaniminium/tutorial_reproduction/traj/Singlet_2/TRAJ_00006/restart/MOLCAS.3.JobIph.144', 'JOBOLD']
['rasscf', 3, 3, True, False]
['copy', 'MOLCAS.rasscf.h5', 'MOLCAS.3.rasscf.h5']
['copy', 'MOLCAS.JobIph', 'MOLCAS.3.JobIph']
['link', 'MOLCAS.1.JobIph', 'JOB001']
['rassi', 'dm', [4]]
['copy', 'MOLCAS.rassi.h5', 'MOLCAS.rassi.1.h5']
['link', 'MOLCAS.3.JobIph', 'JOB001']
['rassi', 'dm', [3]]
['copy', 'MOLCAS.rassi.h5', 'MOLCAS.rassi.3.h5']
['copy', '/project/lgagliardi/helenclifford/practice_rcc/sharc4/methaniminium/tutorial_reproduction/traj/Singlet_2/TRAJ_00006/restart/MOLCAS.1.JobIph.144', 'JOB001']
['link', 'MOLCAS.1.JobIph', 'JOB002']
['rassi', 'overlap', [4, 4]]
['copy', 'MOLCAS.rassi.h5', 'MOLCAS.rassi.ovlp.1.h5']
['copy', '/project/lgagliardi/helenclifford/practice_rcc/sharc4/methaniminium/tutorial_reproduction/traj/Singlet_2/TRAJ_00006/restart/MOLCAS.3.JobIph.144', 'JOB001']
['link', 'MOLCAS.3.JobIph', 'JOB002']
['rassi', 'overlap', [3, 3]]
['copy', 'MOLCAS.rassi.h5', 'MOLCAS.rassi.ovlp.3.h5']
['link', 'MOLCAS.1.JobIph', 'JOB001']
['link', 'MOLCAS.3.JobIph', 'JOB002']
['rassi', 'soc', [4, 3]]
['copy', '$master_path/MOLCAS.1.JobIph', 'JOBOLD']
['rasscf', 1, 4, True, False]
['mclr', 0.0001, 'sala=1']
['alaska']
All jobs finished:
job: master          code: 0    runtime: 0:00:20.171281
job: grad_1_1        code: 0    runtime: 0:00:08.163002

Starting job execution
['gateway']
['seward']
['copy', '/project/lgagliardi/helenclifford/practice_rcc/sharc4/methaniminium/tutorial_reproduction/traj/Singlet_2/TRAJ_00006/restart/MOLCAS.1.JobIph.145', 'JOBOLD']
['rasscf', 1, 4, True, False]
['copy', 'MOLCAS.rasscf.h5', 'MOLCAS.1.rasscf.h5']
['copy', 'MOLCAS.JobIph', 'MOLCAS.1.JobIph']
['copy', '/project/lgagliardi/helenclifford/practice_rcc/sharc4/methaniminium/tutorial_reproduction/traj/Singlet_2/TRAJ_00006/restart/MOLCAS.3.JobIph.145', 'JOBOLD']
['rasscf', 3, 3, True, False]
['copy', 'MOLCAS.rasscf.h5', 'MOLCAS.3.rasscf.h5']
['copy', 'MOLCAS.JobIph', 'MOLCAS.3.JobIph']
['link', 'MOLCAS.1.JobIph', 'JOB001']
['rassi', 'dm', [4]]
['copy', 'MOLCAS.rassi.h5', 'MOLCAS.rassi.1.h5']
['link', 'MOLCAS.3.JobIph', 'JOB001']
['rassi', 'dm', [3]]
['copy', 'MOLCAS.rassi.h5', 'MOLCAS.rassi.3.h5']
['copy', '/project/lgagliardi/helenclifford/practice_rcc/sharc4/methaniminium/tutorial_reproduction/traj/Singlet_2/TRAJ_00006/restart/MOLCAS.1.JobIph.145', 'JOB001']
['link', 'MOLCAS.1.JobIph', 'JOB002']
['rassi', 'overlap', [4, 4]]
['copy', 'MOLCAS.rassi.h5', 'MOLCAS.rassi.ovlp.1.h5']
['copy', '/project/lgagliardi/helenclifford/practice_rcc/sharc4/methaniminium/tutorial_reproduction/traj/Singlet_2/TRAJ_00006/restart/MOLCAS.3.JobIph.145', 'JOB001']
['link', 'MOLCAS.3.JobIph', 'JOB002']
['rassi', 'overlap', [3, 3]]
['copy', 'MOLCAS.rassi.h5', 'MOLCAS.rassi.ovlp.3.h5']
['link', 'MOLCAS.1.JobIph', 'JOB001']
['link', 'MOLCAS.3.JobIph', 'JOB002']
['rassi', 'soc', [4, 3]]
['copy', '$master_path/MOLCAS.1.JobIph', 'JOBOLD']
['rasscf', 1, 4, True, False]
['mclr', 0.0001, 'sala=1']
['alaska']
All jobs finished:
job: master          code: 0    runtime: 0:00:22.145036
job: grad_1_1        code: 0    runtime: 0:00:10.099954

Starting job execution
['gateway']
['seward']
['copy', '/project/lgagliardi/helenclifford/practice_rcc/sharc4/methaniminium/tutorial_reproduction/traj/Singlet_2/TRAJ_00006/restart/MOLCAS.1.JobIph.146', 'JOBOLD']
['rasscf', 1, 4, True, False]
['copy', 'MOLCAS.rasscf.h5', 'MOLCAS.1.rasscf.h5']
['copy', 'MOLCAS.JobIph', 'MOLCAS.1.JobIph']
['copy', '/project/lgagliardi/helenclifford/practice_rcc/sharc4/methaniminium/tutorial_reproduction/traj/Singlet_2/TRAJ_00006/restart/MOLCAS.3.JobIph.146', 'JOBOLD']
['rasscf', 3, 3, True, False]
['copy', 'MOLCAS.rasscf.h5', 'MOLCAS.3.rasscf.h5']
['copy', 'MOLCAS.JobIph', 'MOLCAS.3.JobIph']
['link', 'MOLCAS.1.JobIph', 'JOB001']
['rassi', 'dm', [4]]
['copy', 'MOLCAS.rassi.h5', 'MOLCAS.rassi.1.h5']
['link', 'MOLCAS.3.JobIph', 'JOB001']
['rassi', 'dm', [3]]
['copy', 'MOLCAS.rassi.h5', 'MOLCAS.rassi.3.h5']
['copy', '/project/lgagliardi/helenclifford/practice_rcc/sharc4/methaniminium/tutorial_reproduction/traj/Singlet_2/TRAJ_00006/restart/MOLCAS.1.JobIph.146', 'JOB001']
['link', 'MOLCAS.1.JobIph', 'JOB002']
['rassi', 'overlap', [4, 4]]
['copy', 'MOLCAS.rassi.h5', 'MOLCAS.rassi.ovlp.1.h5']
['copy', '/project/lgagliardi/helenclifford/practice_rcc/sharc4/methaniminium/tutorial_reproduction/traj/Singlet_2/TRAJ_00006/restart/MOLCAS.3.JobIph.146', 'JOB001']
['link', 'MOLCAS.3.JobIph', 'JOB002']
['rassi', 'overlap', [3, 3]]
['copy', 'MOLCAS.rassi.h5', 'MOLCAS.rassi.ovlp.3.h5']
['link', 'MOLCAS.1.JobIph', 'JOB001']
['link', 'MOLCAS.3.JobIph', 'JOB002']
['rassi', 'soc', [4, 3]]
['copy', '$master_path/MOLCAS.1.JobIph', 'JOBOLD']
['rasscf', 1, 4, True, False]
['mclr', 0.0001, 'sala=1']
['alaska']
All jobs finished:
job: master          code: 0    runtime: 0:00:16.708671
job: grad_1_1        code: 0    runtime: 0:00:02.656933

Starting job execution
['gateway']
['seward']
['copy', '/project/lgagliardi/helenclifford/practice_rcc/sharc4/methaniminium/tutorial_reproduction/traj/Singlet_2/TRAJ_00006/restart/MOLCAS.1.JobIph.147', 'JOBOLD']
['rasscf', 1, 4, True, False]
['copy', 'MOLCAS.rasscf.h5', 'MOLCAS.1.rasscf.h5']
['copy', 'MOLCAS.JobIph', 'MOLCAS.1.JobIph']
['copy', '/project/lgagliardi/helenclifford/practice_rcc/sharc4/methaniminium/tutorial_reproduction/traj/Singlet_2/TRAJ_00006/restart/MOLCAS.3.JobIph.147', 'JOBOLD']
['rasscf', 3, 3, True, False]
['copy', 'MOLCAS.rasscf.h5', 'MOLCAS.3.rasscf.h5']
['copy', 'MOLCAS.JobIph', 'MOLCAS.3.JobIph']
['link', 'MOLCAS.1.JobIph', 'JOB001']
['rassi', 'dm', [4]]
['copy', 'MOLCAS.rassi.h5', 'MOLCAS.rassi.1.h5']
['link', 'MOLCAS.3.JobIph', 'JOB001']
['rassi', 'dm', [3]]
['copy', 'MOLCAS.rassi.h5', 'MOLCAS.rassi.3.h5']
['copy', '/project/lgagliardi/helenclifford/practice_rcc/sharc4/methaniminium/tutorial_reproduction/traj/Singlet_2/TRAJ_00006/restart/MOLCAS.1.JobIph.147', 'JOB001']
['link', 'MOLCAS.1.JobIph', 'JOB002']
['rassi', 'overlap', [4, 4]]
['copy', 'MOLCAS.rassi.h5', 'MOLCAS.rassi.ovlp.1.h5']
['copy', '/project/lgagliardi/helenclifford/practice_rcc/sharc4/methaniminium/tutorial_reproduction/traj/Singlet_2/TRAJ_00006/restart/MOLCAS.3.JobIph.147', 'JOB001']
['link', 'MOLCAS.3.JobIph', 'JOB002']
['rassi', 'overlap', [3, 3]]
['copy', 'MOLCAS.rassi.h5', 'MOLCAS.rassi.ovlp.3.h5']
['link', 'MOLCAS.1.JobIph', 'JOB001']
['link', 'MOLCAS.3.JobIph', 'JOB002']
['rassi', 'soc', [4, 3]]
['copy', '$master_path/MOLCAS.1.JobIph', 'JOBOLD']
['rasscf', 1, 4, True, False]
['mclr', 0.0001, 'sala=1']
['alaska']
All jobs finished:
job: master          code: 0    runtime: 0:00:26.177221
job: grad_1_1        code: 0    runtime: 0:00:10.634083

Starting job execution
['gateway']
['seward']
['copy', '/project/lgagliardi/helenclifford/practice_rcc/sharc4/methaniminium/tutorial_reproduction/traj/Singlet_2/TRAJ_00006/restart/MOLCAS.1.JobIph.148', 'JOBOLD']
['rasscf', 1, 4, True, False]
['copy', 'MOLCAS.rasscf.h5', 'MOLCAS.1.rasscf.h5']
['copy', 'MOLCAS.JobIph', 'MOLCAS.1.JobIph']
['copy', '/project/lgagliardi/helenclifford/practice_rcc/sharc4/methaniminium/tutorial_reproduction/traj/Singlet_2/TRAJ_00006/restart/MOLCAS.3.JobIph.148', 'JOBOLD']
['rasscf', 3, 3, True, False]
['copy', 'MOLCAS.rasscf.h5', 'MOLCAS.3.rasscf.h5']
['copy', 'MOLCAS.JobIph', 'MOLCAS.3.JobIph']
['link', 'MOLCAS.1.JobIph', 'JOB001']
['rassi', 'dm', [4]]
['copy', 'MOLCAS.rassi.h5', 'MOLCAS.rassi.1.h5']
['link', 'MOLCAS.3.JobIph', 'JOB001']
['rassi', 'dm', [3]]
['copy', 'MOLCAS.rassi.h5', 'MOLCAS.rassi.3.h5']
['copy', '/project/lgagliardi/helenclifford/practice_rcc/sharc4/methaniminium/tutorial_reproduction/traj/Singlet_2/TRAJ_00006/restart/MOLCAS.1.JobIph.148', 'JOB001']
['link', 'MOLCAS.1.JobIph', 'JOB002']
['rassi', 'overlap', [4, 4]]
['copy', 'MOLCAS.rassi.h5', 'MOLCAS.rassi.ovlp.1.h5']
['copy', '/project/lgagliardi/helenclifford/practice_rcc/sharc4/methaniminium/tutorial_reproduction/traj/Singlet_2/TRAJ_00006/restart/MOLCAS.3.JobIph.148', 'JOB001']
['link', 'MOLCAS.3.JobIph', 'JOB002']
['rassi', 'overlap', [3, 3]]
['copy', 'MOLCAS.rassi.h5', 'MOLCAS.rassi.ovlp.3.h5']
['link', 'MOLCAS.1.JobIph', 'JOB001']
['link', 'MOLCAS.3.JobIph', 'JOB002']
['rassi', 'soc', [4, 3]]
['copy', '$master_path/MOLCAS.1.JobIph', 'JOBOLD']
['rasscf', 1, 4, True, False]
['mclr', 0.0001, 'sala=1']
['alaska']
All jobs finished:
job: master          code: 0    runtime: 0:00:14.268647
job: grad_1_1        code: 0    runtime: 0:00:02.759116

Starting job execution
['gateway']
['seward']
['copy', '/project/lgagliardi/helenclifford/practice_rcc/sharc4/methaniminium/tutorial_reproduction/traj/Singlet_2/TRAJ_00006/restart/MOLCAS.1.JobIph.149', 'JOBOLD']
['rasscf', 1, 4, True, False]
['copy', 'MOLCAS.rasscf.h5', 'MOLCAS.1.rasscf.h5']
['copy', 'MOLCAS.JobIph', 'MOLCAS.1.JobIph']
['copy', '/project/lgagliardi/helenclifford/practice_rcc/sharc4/methaniminium/tutorial_reproduction/traj/Singlet_2/TRAJ_00006/restart/MOLCAS.3.JobIph.149', 'JOBOLD']
['rasscf', 3, 3, True, False]
['copy', 'MOLCAS.rasscf.h5', 'MOLCAS.3.rasscf.h5']
['copy', 'MOLCAS.JobIph', 'MOLCAS.3.JobIph']
['link', 'MOLCAS.1.JobIph', 'JOB001']
['rassi', 'dm', [4]]
['copy', 'MOLCAS.rassi.h5', 'MOLCAS.rassi.1.h5']
['link', 'MOLCAS.3.JobIph', 'JOB001']
['rassi', 'dm', [3]]
['copy', 'MOLCAS.rassi.h5', 'MOLCAS.rassi.3.h5']
['copy', '/project/lgagliardi/helenclifford/practice_rcc/sharc4/methaniminium/tutorial_reproduction/traj/Singlet_2/TRAJ_00006/restart/MOLCAS.1.JobIph.149', 'JOB001']
['link', 'MOLCAS.1.JobIph', 'JOB002']
['rassi', 'overlap', [4, 4]]
['copy', 'MOLCAS.rassi.h5', 'MOLCAS.rassi.ovlp.1.h5']
['copy', '/project/lgagliardi/helenclifford/practice_rcc/sharc4/methaniminium/tutorial_reproduction/traj/Singlet_2/TRAJ_00006/restart/MOLCAS.3.JobIph.149', 'JOB001']
['link', 'MOLCAS.3.JobIph', 'JOB002']
['rassi', 'overlap', [3, 3]]
['copy', 'MOLCAS.rassi.h5', 'MOLCAS.rassi.ovlp.3.h5']
['link', 'MOLCAS.1.JobIph', 'JOB001']
['link', 'MOLCAS.3.JobIph', 'JOB002']
['rassi', 'soc', [4, 3]]
['copy', '$master_path/MOLCAS.1.JobIph', 'JOBOLD']
['rasscf', 1, 4, True, False]
['mclr', 0.0001, 'sala=1']
['alaska']
All jobs finished:
job: master          code: 0    runtime: 0:00:23.603508
job: grad_1_1        code: 0    runtime: 0:00:07.433671

Starting job execution
['gateway']
['seward']
['copy', '/project/lgagliardi/helenclifford/practice_rcc/sharc4/methaniminium/tutorial_reproduction/traj/Singlet_2/TRAJ_00006/restart/MOLCAS.1.JobIph.150', 'JOBOLD']
['rasscf', 1, 4, True, False]
['copy', 'MOLCAS.rasscf.h5', 'MOLCAS.1.rasscf.h5']
['copy', 'MOLCAS.JobIph', 'MOLCAS.1.JobIph']
['copy', '/project/lgagliardi/helenclifford/practice_rcc/sharc4/methaniminium/tutorial_reproduction/traj/Singlet_2/TRAJ_00006/restart/MOLCAS.3.JobIph.150', 'JOBOLD']
['rasscf', 3, 3, True, False]
['copy', 'MOLCAS.rasscf.h5', 'MOLCAS.3.rasscf.h5']
['copy', 'MOLCAS.JobIph', 'MOLCAS.3.JobIph']
['link', 'MOLCAS.1.JobIph', 'JOB001']
['rassi', 'dm', [4]]
['copy', 'MOLCAS.rassi.h5', 'MOLCAS.rassi.1.h5']
['link', 'MOLCAS.3.JobIph', 'JOB001']
['rassi', 'dm', [3]]
['copy', 'MOLCAS.rassi.h5', 'MOLCAS.rassi.3.h5']
['copy', '/project/lgagliardi/helenclifford/practice_rcc/sharc4/methaniminium/tutorial_reproduction/traj/Singlet_2/TRAJ_00006/restart/MOLCAS.1.JobIph.150', 'JOB001']
['link', 'MOLCAS.1.JobIph', 'JOB002']
['rassi', 'overlap', [4, 4]]
['copy', 'MOLCAS.rassi.h5', 'MOLCAS.rassi.ovlp.1.h5']
['copy', '/project/lgagliardi/helenclifford/practice_rcc/sharc4/methaniminium/tutorial_reproduction/traj/Singlet_2/TRAJ_00006/restart/MOLCAS.3.JobIph.150', 'JOB001']
['link', 'MOLCAS.3.JobIph', 'JOB002']
['rassi', 'overlap', [3, 3]]
['copy', 'MOLCAS.rassi.h5', 'MOLCAS.rassi.ovlp.3.h5']
['link', 'MOLCAS.1.JobIph', 'JOB001']
['link', 'MOLCAS.3.JobIph', 'JOB002']
['rassi', 'soc', [4, 3]]
['copy', '$master_path/MOLCAS.1.JobIph', 'JOBOLD']
['rasscf', 1, 4, True, False]
['mclr', 0.0001, 'sala=1']
['alaska']
All jobs finished:
job: master          code: 0    runtime: 0:00:16.879790
job: grad_1_1        code: 0    runtime: 0:00:10.839956

Starting job execution
['gateway']
['seward']
['copy', '/project/lgagliardi/helenclifford/practice_rcc/sharc4/methaniminium/tutorial_reproduction/traj/Singlet_2/TRAJ_00006/restart/MOLCAS.1.JobIph.151', 'JOBOLD']
['rasscf', 1, 4, True, False]
['copy', 'MOLCAS.rasscf.h5', 'MOLCAS.1.rasscf.h5']
['copy', 'MOLCAS.JobIph', 'MOLCAS.1.JobIph']
['copy', '/project/lgagliardi/helenclifford/practice_rcc/sharc4/methaniminium/tutorial_reproduction/traj/Singlet_2/TRAJ_00006/restart/MOLCAS.3.JobIph.151', 'JOBOLD']
['rasscf', 3, 3, True, False]
['copy', 'MOLCAS.rasscf.h5', 'MOLCAS.3.rasscf.h5']
['copy', 'MOLCAS.JobIph', 'MOLCAS.3.JobIph']
['link', 'MOLCAS.1.JobIph', 'JOB001']
['rassi', 'dm', [4]]
['copy', 'MOLCAS.rassi.h5', 'MOLCAS.rassi.1.h5']
['link', 'MOLCAS.3.JobIph', 'JOB001']
['rassi', 'dm', [3]]
['copy', 'MOLCAS.rassi.h5', 'MOLCAS.rassi.3.h5']
['copy', '/project/lgagliardi/helenclifford/practice_rcc/sharc4/methaniminium/tutorial_reproduction/traj/Singlet_2/TRAJ_00006/restart/MOLCAS.1.JobIph.151', 'JOB001']
['link', 'MOLCAS.1.JobIph', 'JOB002']
['rassi', 'overlap', [4, 4]]
['copy', 'MOLCAS.rassi.h5', 'MOLCAS.rassi.ovlp.1.h5']
['copy', '/project/lgagliardi/helenclifford/practice_rcc/sharc4/methaniminium/tutorial_reproduction/traj/Singlet_2/TRAJ_00006/restart/MOLCAS.3.JobIph.151', 'JOB001']
['link', 'MOLCAS.3.JobIph', 'JOB002']
['rassi', 'overlap', [3, 3]]
['copy', 'MOLCAS.rassi.h5', 'MOLCAS.rassi.ovlp.3.h5']
['link', 'MOLCAS.1.JobIph', 'JOB001']
['link', 'MOLCAS.3.JobIph', 'JOB002']
['rassi', 'soc', [4, 3]]
['copy', '$master_path/MOLCAS.1.JobIph', 'JOBOLD']
['rasscf', 1, 4, True, False]
['mclr', 0.0001, 'sala=1']
['alaska']
All jobs finished:
job: master          code: 0    runtime: 0:00:14.336080
job: grad_1_1        code: 0    runtime: 0:00:11.328541

Starting job execution
['gateway']
['seward']
['copy', '/project/lgagliardi/helenclifford/practice_rcc/sharc4/methaniminium/tutorial_reproduction/traj/Singlet_2/TRAJ_00006/restart/MOLCAS.1.JobIph.152', 'JOBOLD']
['rasscf', 1, 4, True, False]
['copy', 'MOLCAS.rasscf.h5', 'MOLCAS.1.rasscf.h5']
['copy', 'MOLCAS.JobIph', 'MOLCAS.1.JobIph']
['copy', '/project/lgagliardi/helenclifford/practice_rcc/sharc4/methaniminium/tutorial_reproduction/traj/Singlet_2/TRAJ_00006/restart/MOLCAS.3.JobIph.152', 'JOBOLD']
['rasscf', 3, 3, True, False]
['copy', 'MOLCAS.rasscf.h5', 'MOLCAS.3.rasscf.h5']
['copy', 'MOLCAS.JobIph', 'MOLCAS.3.JobIph']
['link', 'MOLCAS.1.JobIph', 'JOB001']
['rassi', 'dm', [4]]
['copy', 'MOLCAS.rassi.h5', 'MOLCAS.rassi.1.h5']
['link', 'MOLCAS.3.JobIph', 'JOB001']
['rassi', 'dm', [3]]
['copy', 'MOLCAS.rassi.h5', 'MOLCAS.rassi.3.h5']
['copy', '/project/lgagliardi/helenclifford/practice_rcc/sharc4/methaniminium/tutorial_reproduction/traj/Singlet_2/TRAJ_00006/restart/MOLCAS.1.JobIph.152', 'JOB001']
['link', 'MOLCAS.1.JobIph', 'JOB002']
['rassi', 'overlap', [4, 4]]
['copy', 'MOLCAS.rassi.h5', 'MOLCAS.rassi.ovlp.1.h5']
['copy', '/project/lgagliardi/helenclifford/practice_rcc/sharc4/methaniminium/tutorial_reproduction/traj/Singlet_2/TRAJ_00006/restart/MOLCAS.3.JobIph.152', 'JOB001']
['link', 'MOLCAS.3.JobIph', 'JOB002']
['rassi', 'overlap', [3, 3]]
['copy', 'MOLCAS.rassi.h5', 'MOLCAS.rassi.ovlp.3.h5']
['link', 'MOLCAS.1.JobIph', 'JOB001']
['link', 'MOLCAS.3.JobIph', 'JOB002']
['rassi', 'soc', [4, 3]]
['copy', '$master_path/MOLCAS.1.JobIph', 'JOBOLD']
['rasscf', 1, 4, True, False]
['mclr', 0.0001, 'sala=1']
['alaska']
All jobs finished:
job: master          code: 0    runtime: 0:00:18.623874
job: grad_1_1        code: 0    runtime: 0:00:08.180453

Starting job execution
['gateway']
['seward']
['copy', '/project/lgagliardi/helenclifford/practice_rcc/sharc4/methaniminium/tutorial_reproduction/traj/Singlet_2/TRAJ_00006/restart/MOLCAS.1.JobIph.153', 'JOBOLD']
['rasscf', 1, 4, True, False]
['copy', 'MOLCAS.rasscf.h5', 'MOLCAS.1.rasscf.h5']
['copy', 'MOLCAS.JobIph', 'MOLCAS.1.JobIph']
['copy', '/project/lgagliardi/helenclifford/practice_rcc/sharc4/methaniminium/tutorial_reproduction/traj/Singlet_2/TRAJ_00006/restart/MOLCAS.3.JobIph.153', 'JOBOLD']
['rasscf', 3, 3, True, False]
['copy', 'MOLCAS.rasscf.h5', 'MOLCAS.3.rasscf.h5']
['copy', 'MOLCAS.JobIph', 'MOLCAS.3.JobIph']
['link', 'MOLCAS.1.JobIph', 'JOB001']
['rassi', 'dm', [4]]
['copy', 'MOLCAS.rassi.h5', 'MOLCAS.rassi.1.h5']
['link', 'MOLCAS.3.JobIph', 'JOB001']
['rassi', 'dm', [3]]
['copy', 'MOLCAS.rassi.h5', 'MOLCAS.rassi.3.h5']
['copy', '/project/lgagliardi/helenclifford/practice_rcc/sharc4/methaniminium/tutorial_reproduction/traj/Singlet_2/TRAJ_00006/restart/MOLCAS.1.JobIph.153', 'JOB001']
['link', 'MOLCAS.1.JobIph', 'JOB002']
['rassi', 'overlap', [4, 4]]
['copy', 'MOLCAS.rassi.h5', 'MOLCAS.rassi.ovlp.1.h5']
['copy', '/project/lgagliardi/helenclifford/practice_rcc/sharc4/methaniminium/tutorial_reproduction/traj/Singlet_2/TRAJ_00006/restart/MOLCAS.3.JobIph.153', 'JOB001']
['link', 'MOLCAS.3.JobIph', 'JOB002']
['rassi', 'overlap', [3, 3]]
['copy', 'MOLCAS.rassi.h5', 'MOLCAS.rassi.ovlp.3.h5']
['link', 'MOLCAS.1.JobIph', 'JOB001']
['link', 'MOLCAS.3.JobIph', 'JOB002']
['rassi', 'soc', [4, 3]]
['copy', '$master_path/MOLCAS.1.JobIph', 'JOBOLD']
['rasscf', 1, 4, True, False]
['mclr', 0.0001, 'sala=1']
['alaska']
All jobs finished:
job: master          code: 0    runtime: 0:00:18.607417
job: grad_1_1        code: 0    runtime: 0:00:07.729992

Starting job execution
['gateway']
['seward']
['copy', '/project/lgagliardi/helenclifford/practice_rcc/sharc4/methaniminium/tutorial_reproduction/traj/Singlet_2/TRAJ_00006/restart/MOLCAS.1.JobIph.154', 'JOBOLD']
['rasscf', 1, 4, True, False]
['copy', 'MOLCAS.rasscf.h5', 'MOLCAS.1.rasscf.h5']
['copy', 'MOLCAS.JobIph', 'MOLCAS.1.JobIph']
['copy', '/project/lgagliardi/helenclifford/practice_rcc/sharc4/methaniminium/tutorial_reproduction/traj/Singlet_2/TRAJ_00006/restart/MOLCAS.3.JobIph.154', 'JOBOLD']
['rasscf', 3, 3, True, False]
['copy', 'MOLCAS.rasscf.h5', 'MOLCAS.3.rasscf.h5']
['copy', 'MOLCAS.JobIph', 'MOLCAS.3.JobIph']
['link', 'MOLCAS.1.JobIph', 'JOB001']
['rassi', 'dm', [4]]
['copy', 'MOLCAS.rassi.h5', 'MOLCAS.rassi.1.h5']
['link', 'MOLCAS.3.JobIph', 'JOB001']
['rassi', 'dm', [3]]
['copy', 'MOLCAS.rassi.h5', 'MOLCAS.rassi.3.h5']
['copy', '/project/lgagliardi/helenclifford/practice_rcc/sharc4/methaniminium/tutorial_reproduction/traj/Singlet_2/TRAJ_00006/restart/MOLCAS.1.JobIph.154', 'JOB001']
['link', 'MOLCAS.1.JobIph', 'JOB002']
['rassi', 'overlap', [4, 4]]
['copy', 'MOLCAS.rassi.h5', 'MOLCAS.rassi.ovlp.1.h5']
['copy', '/project/lgagliardi/helenclifford/practice_rcc/sharc4/methaniminium/tutorial_reproduction/traj/Singlet_2/TRAJ_00006/restart/MOLCAS.3.JobIph.154', 'JOB001']
['link', 'MOLCAS.3.JobIph', 'JOB002']
['rassi', 'overlap', [3, 3]]
['copy', 'MOLCAS.rassi.h5', 'MOLCAS.rassi.ovlp.3.h5']
['link', 'MOLCAS.1.JobIph', 'JOB001']
['link', 'MOLCAS.3.JobIph', 'JOB002']
['rassi', 'soc', [4, 3]]
['copy', '$master_path/MOLCAS.1.JobIph', 'JOBOLD']
['rasscf', 1, 4, True, False]
['mclr', 0.0001, 'sala=1']
['alaska']
All jobs finished:
job: master          code: 0    runtime: 0:00:22.329792
job: grad_1_1        code: 0    runtime: 0:00:09.129688

Starting job execution
['gateway']
['seward']
['copy', '/project/lgagliardi/helenclifford/practice_rcc/sharc4/methaniminium/tutorial_reproduction/traj/Singlet_2/TRAJ_00006/restart/MOLCAS.1.JobIph.155', 'JOBOLD']
['rasscf', 1, 4, True, False]
['copy', 'MOLCAS.rasscf.h5', 'MOLCAS.1.rasscf.h5']
['copy', 'MOLCAS.JobIph', 'MOLCAS.1.JobIph']
['copy', '/project/lgagliardi/helenclifford/practice_rcc/sharc4/methaniminium/tutorial_reproduction/traj/Singlet_2/TRAJ_00006/restart/MOLCAS.3.JobIph.155', 'JOBOLD']
['rasscf', 3, 3, True, False]
['copy', 'MOLCAS.rasscf.h5', 'MOLCAS.3.rasscf.h5']
['copy', 'MOLCAS.JobIph', 'MOLCAS.3.JobIph']
['link', 'MOLCAS.1.JobIph', 'JOB001']
['rassi', 'dm', [4]]
['copy', 'MOLCAS.rassi.h5', 'MOLCAS.rassi.1.h5']
['link', 'MOLCAS.3.JobIph', 'JOB001']
['rassi', 'dm', [3]]
['copy', 'MOLCAS.rassi.h5', 'MOLCAS.rassi.3.h5']
['copy', '/project/lgagliardi/helenclifford/practice_rcc/sharc4/methaniminium/tutorial_reproduction/traj/Singlet_2/TRAJ_00006/restart/MOLCAS.1.JobIph.155', 'JOB001']
['link', 'MOLCAS.1.JobIph', 'JOB002']
['rassi', 'overlap', [4, 4]]
['copy', 'MOLCAS.rassi.h5', 'MOLCAS.rassi.ovlp.1.h5']
['copy', '/project/lgagliardi/helenclifford/practice_rcc/sharc4/methaniminium/tutorial_reproduction/traj/Singlet_2/TRAJ_00006/restart/MOLCAS.3.JobIph.155', 'JOB001']
['link', 'MOLCAS.3.JobIph', 'JOB002']
['rassi', 'overlap', [3, 3]]
['copy', 'MOLCAS.rassi.h5', 'MOLCAS.rassi.ovlp.3.h5']
['link', 'MOLCAS.1.JobIph', 'JOB001']
['link', 'MOLCAS.3.JobIph', 'JOB002']
['rassi', 'soc', [4, 3]]
['copy', '$master_path/MOLCAS.1.JobIph', 'JOBOLD']
['rasscf', 1, 4, True, False]
['mclr', 0.0001, 'sala=1']
['alaska']
All jobs finished:
job: master          code: 0    runtime: 0:00:17.363575
job: grad_1_1        code: 0    runtime: 0:00:08.431772

Starting job execution
['gateway']
['seward']
['copy', '/project/lgagliardi/helenclifford/practice_rcc/sharc4/methaniminium/tutorial_reproduction/traj/Singlet_2/TRAJ_00006/restart/MOLCAS.1.JobIph.156', 'JOBOLD']
['rasscf', 1, 4, True, False]
['copy', 'MOLCAS.rasscf.h5', 'MOLCAS.1.rasscf.h5']
['copy', 'MOLCAS.JobIph', 'MOLCAS.1.JobIph']
['copy', '/project/lgagliardi/helenclifford/practice_rcc/sharc4/methaniminium/tutorial_reproduction/traj/Singlet_2/TRAJ_00006/restart/MOLCAS.3.JobIph.156', 'JOBOLD']
['rasscf', 3, 3, True, False]
['copy', 'MOLCAS.rasscf.h5', 'MOLCAS.3.rasscf.h5']
['copy', 'MOLCAS.JobIph', 'MOLCAS.3.JobIph']
['link', 'MOLCAS.1.JobIph', 'JOB001']
['rassi', 'dm', [4]]
['copy', 'MOLCAS.rassi.h5', 'MOLCAS.rassi.1.h5']
['link', 'MOLCAS.3.JobIph', 'JOB001']
['rassi', 'dm', [3]]
['copy', 'MOLCAS.rassi.h5', 'MOLCAS.rassi.3.h5']
['copy', '/project/lgagliardi/helenclifford/practice_rcc/sharc4/methaniminium/tutorial_reproduction/traj/Singlet_2/TRAJ_00006/restart/MOLCAS.1.JobIph.156', 'JOB001']
['link', 'MOLCAS.1.JobIph', 'JOB002']
['rassi', 'overlap', [4, 4]]
['copy', 'MOLCAS.rassi.h5', 'MOLCAS.rassi.ovlp.1.h5']
['copy', '/project/lgagliardi/helenclifford/practice_rcc/sharc4/methaniminium/tutorial_reproduction/traj/Singlet_2/TRAJ_00006/restart/MOLCAS.3.JobIph.156', 'JOB001']
['link', 'MOLCAS.3.JobIph', 'JOB002']
['rassi', 'overlap', [3, 3]]
['copy', 'MOLCAS.rassi.h5', 'MOLCAS.rassi.ovlp.3.h5']
['link', 'MOLCAS.1.JobIph', 'JOB001']
['link', 'MOLCAS.3.JobIph', 'JOB002']
['rassi', 'soc', [4, 3]]
['copy', '$master_path/MOLCAS.1.JobIph', 'JOBOLD']
['rasscf', 1, 4, True, False]
['mclr', 0.0001, 'sala=1']
['alaska']
All jobs finished:
job: master          code: 0    runtime: 0:00:18.844562
job: grad_1_1        code: 0    runtime: 0:00:08.595623

Starting job execution
['gateway']
['seward']
['copy', '/project/lgagliardi/helenclifford/practice_rcc/sharc4/methaniminium/tutorial_reproduction/traj/Singlet_2/TRAJ_00006/restart/MOLCAS.1.JobIph.157', 'JOBOLD']
['rasscf', 1, 4, True, False]
['copy', 'MOLCAS.rasscf.h5', 'MOLCAS.1.rasscf.h5']
['copy', 'MOLCAS.JobIph', 'MOLCAS.1.JobIph']
['copy', '/project/lgagliardi/helenclifford/practice_rcc/sharc4/methaniminium/tutorial_reproduction/traj/Singlet_2/TRAJ_00006/restart/MOLCAS.3.JobIph.157', 'JOBOLD']
['rasscf', 3, 3, True, False]
['copy', 'MOLCAS.rasscf.h5', 'MOLCAS.3.rasscf.h5']
['copy', 'MOLCAS.JobIph', 'MOLCAS.3.JobIph']
['link', 'MOLCAS.1.JobIph', 'JOB001']
['rassi', 'dm', [4]]
['copy', 'MOLCAS.rassi.h5', 'MOLCAS.rassi.1.h5']
['link', 'MOLCAS.3.JobIph', 'JOB001']
['rassi', 'dm', [3]]
['copy', 'MOLCAS.rassi.h5', 'MOLCAS.rassi.3.h5']
['copy', '/project/lgagliardi/helenclifford/practice_rcc/sharc4/methaniminium/tutorial_reproduction/traj/Singlet_2/TRAJ_00006/restart/MOLCAS.1.JobIph.157', 'JOB001']
['link', 'MOLCAS.1.JobIph', 'JOB002']
['rassi', 'overlap', [4, 4]]
['copy', 'MOLCAS.rassi.h5', 'MOLCAS.rassi.ovlp.1.h5']
['copy', '/project/lgagliardi/helenclifford/practice_rcc/sharc4/methaniminium/tutorial_reproduction/traj/Singlet_2/TRAJ_00006/restart/MOLCAS.3.JobIph.157', 'JOB001']
['link', 'MOLCAS.3.JobIph', 'JOB002']
['rassi', 'overlap', [3, 3]]
['copy', 'MOLCAS.rassi.h5', 'MOLCAS.rassi.ovlp.3.h5']
['link', 'MOLCAS.1.JobIph', 'JOB001']
['link', 'MOLCAS.3.JobIph', 'JOB002']
['rassi', 'soc', [4, 3]]
['copy', '$master_path/MOLCAS.1.JobIph', 'JOBOLD']
['rasscf', 1, 4, True, False]
['mclr', 0.0001, 'sala=1']
['alaska']
All jobs finished:
job: master          code: 0    runtime: 0:00:19.030451
job: grad_1_1        code: 0    runtime: 0:00:08.696137

Starting job execution
['gateway']
['seward']
['copy', '/project/lgagliardi/helenclifford/practice_rcc/sharc4/methaniminium/tutorial_reproduction/traj/Singlet_2/TRAJ_00006/restart/MOLCAS.1.JobIph.158', 'JOBOLD']
['rasscf', 1, 4, True, False]
['copy', 'MOLCAS.rasscf.h5', 'MOLCAS.1.rasscf.h5']
['copy', 'MOLCAS.JobIph', 'MOLCAS.1.JobIph']
['copy', '/project/lgagliardi/helenclifford/practice_rcc/sharc4/methaniminium/tutorial_reproduction/traj/Singlet_2/TRAJ_00006/restart/MOLCAS.3.JobIph.158', 'JOBOLD']
['rasscf', 3, 3, True, False]
['copy', 'MOLCAS.rasscf.h5', 'MOLCAS.3.rasscf.h5']
['copy', 'MOLCAS.JobIph', 'MOLCAS.3.JobIph']
['link', 'MOLCAS.1.JobIph', 'JOB001']
['rassi', 'dm', [4]]
['copy', 'MOLCAS.rassi.h5', 'MOLCAS.rassi.1.h5']
['link', 'MOLCAS.3.JobIph', 'JOB001']
['rassi', 'dm', [3]]
['copy', 'MOLCAS.rassi.h5', 'MOLCAS.rassi.3.h5']
['copy', '/project/lgagliardi/helenclifford/practice_rcc/sharc4/methaniminium/tutorial_reproduction/traj/Singlet_2/TRAJ_00006/restart/MOLCAS.1.JobIph.158', 'JOB001']
['link', 'MOLCAS.1.JobIph', 'JOB002']
['rassi', 'overlap', [4, 4]]
['copy', 'MOLCAS.rassi.h5', 'MOLCAS.rassi.ovlp.1.h5']
['copy', '/project/lgagliardi/helenclifford/practice_rcc/sharc4/methaniminium/tutorial_reproduction/traj/Singlet_2/TRAJ_00006/restart/MOLCAS.3.JobIph.158', 'JOB001']
['link', 'MOLCAS.3.JobIph', 'JOB002']
['rassi', 'overlap', [3, 3]]
['copy', 'MOLCAS.rassi.h5', 'MOLCAS.rassi.ovlp.3.h5']
['link', 'MOLCAS.1.JobIph', 'JOB001']
['link', 'MOLCAS.3.JobIph', 'JOB002']
['rassi', 'soc', [4, 3]]
['copy', '$master_path/MOLCAS.1.JobIph', 'JOBOLD']
['rasscf', 1, 4, True, False]
['mclr', 0.0001, 'sala=1']
['alaska']
All jobs finished:
job: master          code: 0    runtime: 0:00:18.694335
job: grad_1_1        code: 0    runtime: 0:00:08.220461

Starting job execution
['gateway']
['seward']
['copy', '/project/lgagliardi/helenclifford/practice_rcc/sharc4/methaniminium/tutorial_reproduction/traj/Singlet_2/TRAJ_00006/restart/MOLCAS.1.JobIph.159', 'JOBOLD']
['rasscf', 1, 4, True, False]
['copy', 'MOLCAS.rasscf.h5', 'MOLCAS.1.rasscf.h5']
['copy', 'MOLCAS.JobIph', 'MOLCAS.1.JobIph']
['copy', '/project/lgagliardi/helenclifford/practice_rcc/sharc4/methaniminium/tutorial_reproduction/traj/Singlet_2/TRAJ_00006/restart/MOLCAS.3.JobIph.159', 'JOBOLD']
['rasscf', 3, 3, True, False]
['copy', 'MOLCAS.rasscf.h5', 'MOLCAS.3.rasscf.h5']
['copy', 'MOLCAS.JobIph', 'MOLCAS.3.JobIph']
['link', 'MOLCAS.1.JobIph', 'JOB001']
['rassi', 'dm', [4]]
['copy', 'MOLCAS.rassi.h5', 'MOLCAS.rassi.1.h5']
['link', 'MOLCAS.3.JobIph', 'JOB001']
['rassi', 'dm', [3]]
['copy', 'MOLCAS.rassi.h5', 'MOLCAS.rassi.3.h5']
['copy', '/project/lgagliardi/helenclifford/practice_rcc/sharc4/methaniminium/tutorial_reproduction/traj/Singlet_2/TRAJ_00006/restart/MOLCAS.1.JobIph.159', 'JOB001']
['link', 'MOLCAS.1.JobIph', 'JOB002']
['rassi', 'overlap', [4, 4]]
['copy', 'MOLCAS.rassi.h5', 'MOLCAS.rassi.ovlp.1.h5']
['copy', '/project/lgagliardi/helenclifford/practice_rcc/sharc4/methaniminium/tutorial_reproduction/traj/Singlet_2/TRAJ_00006/restart/MOLCAS.3.JobIph.159', 'JOB001']
['link', 'MOLCAS.3.JobIph', 'JOB002']
['rassi', 'overlap', [3, 3]]
['copy', 'MOLCAS.rassi.h5', 'MOLCAS.rassi.ovlp.3.h5']
['link', 'MOLCAS.1.JobIph', 'JOB001']
['link', 'MOLCAS.3.JobIph', 'JOB002']
['rassi', 'soc', [4, 3]]
['copy', '$master_path/MOLCAS.1.JobIph', 'JOBOLD']
['rasscf', 1, 4, True, False]
['mclr', 0.0001, 'sala=1']
['alaska']
All jobs finished:
job: master          code: 0    runtime: 0:00:19.264753
job: grad_1_1        code: 0    runtime: 0:00:08.801998

Starting job execution
['gateway']
['seward']
['copy', '/project/lgagliardi/helenclifford/practice_rcc/sharc4/methaniminium/tutorial_reproduction/traj/Singlet_2/TRAJ_00006/restart/MOLCAS.1.JobIph.160', 'JOBOLD']
['rasscf', 1, 4, True, False]
['copy', 'MOLCAS.rasscf.h5', 'MOLCAS.1.rasscf.h5']
['copy', 'MOLCAS.JobIph', 'MOLCAS.1.JobIph']
['copy', '/project/lgagliardi/helenclifford/practice_rcc/sharc4/methaniminium/tutorial_reproduction/traj/Singlet_2/TRAJ_00006/restart/MOLCAS.3.JobIph.160', 'JOBOLD']
['rasscf', 3, 3, True, False]
['copy', 'MOLCAS.rasscf.h5', 'MOLCAS.3.rasscf.h5']
['copy', 'MOLCAS.JobIph', 'MOLCAS.3.JobIph']
['link', 'MOLCAS.1.JobIph', 'JOB001']
['rassi', 'dm', [4]]
['copy', 'MOLCAS.rassi.h5', 'MOLCAS.rassi.1.h5']
['link', 'MOLCAS.3.JobIph', 'JOB001']
['rassi', 'dm', [3]]
['copy', 'MOLCAS.rassi.h5', 'MOLCAS.rassi.3.h5']
['copy', '/project/lgagliardi/helenclifford/practice_rcc/sharc4/methaniminium/tutorial_reproduction/traj/Singlet_2/TRAJ_00006/restart/MOLCAS.1.JobIph.160', 'JOB001']
['link', 'MOLCAS.1.JobIph', 'JOB002']
['rassi', 'overlap', [4, 4]]
['copy', 'MOLCAS.rassi.h5', 'MOLCAS.rassi.ovlp.1.h5']
['copy', '/project/lgagliardi/helenclifford/practice_rcc/sharc4/methaniminium/tutorial_reproduction/traj/Singlet_2/TRAJ_00006/restart/MOLCAS.3.JobIph.160', 'JOB001']
['link', 'MOLCAS.3.JobIph', 'JOB002']
['rassi', 'overlap', [3, 3]]
['copy', 'MOLCAS.rassi.h5', 'MOLCAS.rassi.ovlp.3.h5']
['link', 'MOLCAS.1.JobIph', 'JOB001']
['link', 'MOLCAS.3.JobIph', 'JOB002']
['rassi', 'soc', [4, 3]]
['copy', '$master_path/MOLCAS.1.JobIph', 'JOBOLD']
['rasscf', 1, 4, True, False]
['mclr', 0.0001, 'sala=1']
['alaska']
All jobs finished:
job: master          code: 0    runtime: 0:00:17.408169
job: grad_1_1        code: 0    runtime: 0:00:07.640298

Starting job execution
['gateway']
['seward']
['copy', '/project/lgagliardi/helenclifford/practice_rcc/sharc4/methaniminium/tutorial_reproduction/traj/Singlet_2/TRAJ_00006/restart/MOLCAS.1.JobIph.161', 'JOBOLD']
['rasscf', 1, 4, True, False]
['copy', 'MOLCAS.rasscf.h5', 'MOLCAS.1.rasscf.h5']
['copy', 'MOLCAS.JobIph', 'MOLCAS.1.JobIph']
['copy', '/project/lgagliardi/helenclifford/practice_rcc/sharc4/methaniminium/tutorial_reproduction/traj/Singlet_2/TRAJ_00006/restart/MOLCAS.3.JobIph.161', 'JOBOLD']
['rasscf', 3, 3, True, False]
['copy', 'MOLCAS.rasscf.h5', 'MOLCAS.3.rasscf.h5']
['copy', 'MOLCAS.JobIph', 'MOLCAS.3.JobIph']
['link', 'MOLCAS.1.JobIph', 'JOB001']
['rassi', 'dm', [4]]
['copy', 'MOLCAS.rassi.h5', 'MOLCAS.rassi.1.h5']
['link', 'MOLCAS.3.JobIph', 'JOB001']
['rassi', 'dm', [3]]
['copy', 'MOLCAS.rassi.h5', 'MOLCAS.rassi.3.h5']
['copy', '/project/lgagliardi/helenclifford/practice_rcc/sharc4/methaniminium/tutorial_reproduction/traj/Singlet_2/TRAJ_00006/restart/MOLCAS.1.JobIph.161', 'JOB001']
['link', 'MOLCAS.1.JobIph', 'JOB002']
['rassi', 'overlap', [4, 4]]
['copy', 'MOLCAS.rassi.h5', 'MOLCAS.rassi.ovlp.1.h5']
['copy', '/project/lgagliardi/helenclifford/practice_rcc/sharc4/methaniminium/tutorial_reproduction/traj/Singlet_2/TRAJ_00006/restart/MOLCAS.3.JobIph.161', 'JOB001']
['link', 'MOLCAS.3.JobIph', 'JOB002']
['rassi', 'overlap', [3, 3]]
['copy', 'MOLCAS.rassi.h5', 'MOLCAS.rassi.ovlp.3.h5']
['link', 'MOLCAS.1.JobIph', 'JOB001']
['link', 'MOLCAS.3.JobIph', 'JOB002']
['rassi', 'soc', [4, 3]]
['copy', '$master_path/MOLCAS.1.JobIph', 'JOBOLD']
['rasscf', 1, 4, True, False]
['mclr', 0.0001, 'sala=1']
['alaska']
All jobs finished:
job: master          code: 0    runtime: 0:00:19.160397
job: grad_1_1        code: 0    runtime: 0:00:07.618153

Starting job execution
['gateway']
['seward']
['copy', '/project/lgagliardi/helenclifford/practice_rcc/sharc4/methaniminium/tutorial_reproduction/traj/Singlet_2/TRAJ_00006/restart/MOLCAS.1.JobIph.162', 'JOBOLD']
['rasscf', 1, 4, True, False]
['copy', 'MOLCAS.rasscf.h5', 'MOLCAS.1.rasscf.h5']
['copy', 'MOLCAS.JobIph', 'MOLCAS.1.JobIph']
['copy', '/project/lgagliardi/helenclifford/practice_rcc/sharc4/methaniminium/tutorial_reproduction/traj/Singlet_2/TRAJ_00006/restart/MOLCAS.3.JobIph.162', 'JOBOLD']
['rasscf', 3, 3, True, False]
['copy', 'MOLCAS.rasscf.h5', 'MOLCAS.3.rasscf.h5']
['copy', 'MOLCAS.JobIph', 'MOLCAS.3.JobIph']
['link', 'MOLCAS.1.JobIph', 'JOB001']
['rassi', 'dm', [4]]
['copy', 'MOLCAS.rassi.h5', 'MOLCAS.rassi.1.h5']
['link', 'MOLCAS.3.JobIph', 'JOB001']
['rassi', 'dm', [3]]
['copy', 'MOLCAS.rassi.h5', 'MOLCAS.rassi.3.h5']
['copy', '/project/lgagliardi/helenclifford/practice_rcc/sharc4/methaniminium/tutorial_reproduction/traj/Singlet_2/TRAJ_00006/restart/MOLCAS.1.JobIph.162', 'JOB001']
['link', 'MOLCAS.1.JobIph', 'JOB002']
['rassi', 'overlap', [4, 4]]
['copy', 'MOLCAS.rassi.h5', 'MOLCAS.rassi.ovlp.1.h5']
['copy', '/project/lgagliardi/helenclifford/practice_rcc/sharc4/methaniminium/tutorial_reproduction/traj/Singlet_2/TRAJ_00006/restart/MOLCAS.3.JobIph.162', 'JOB001']
['link', 'MOLCAS.3.JobIph', 'JOB002']
['rassi', 'overlap', [3, 3]]
['copy', 'MOLCAS.rassi.h5', 'MOLCAS.rassi.ovlp.3.h5']
['link', 'MOLCAS.1.JobIph', 'JOB001']
['link', 'MOLCAS.3.JobIph', 'JOB002']
['rassi', 'soc', [4, 3]]
['copy', '$master_path/MOLCAS.1.JobIph', 'JOBOLD']
['rasscf', 1, 4, True, False]
['mclr', 0.0001, 'sala=1']
['alaska']
All jobs finished:
job: master          code: 0    runtime: 0:00:19.526973
job: grad_1_1        code: 0    runtime: 0:00:08.437020

Starting job execution
['gateway']
['seward']
['copy', '/project/lgagliardi/helenclifford/practice_rcc/sharc4/methaniminium/tutorial_reproduction/traj/Singlet_2/TRAJ_00006/restart/MOLCAS.1.JobIph.163', 'JOBOLD']
['rasscf', 1, 4, True, False]
['copy', 'MOLCAS.rasscf.h5', 'MOLCAS.1.rasscf.h5']
['copy', 'MOLCAS.JobIph', 'MOLCAS.1.JobIph']
['copy', '/project/lgagliardi/helenclifford/practice_rcc/sharc4/methaniminium/tutorial_reproduction/traj/Singlet_2/TRAJ_00006/restart/MOLCAS.3.JobIph.163', 'JOBOLD']
['rasscf', 3, 3, True, False]
['copy', 'MOLCAS.rasscf.h5', 'MOLCAS.3.rasscf.h5']
['copy', 'MOLCAS.JobIph', 'MOLCAS.3.JobIph']
['link', 'MOLCAS.1.JobIph', 'JOB001']
['rassi', 'dm', [4]]
['copy', 'MOLCAS.rassi.h5', 'MOLCAS.rassi.1.h5']
['link', 'MOLCAS.3.JobIph', 'JOB001']
['rassi', 'dm', [3]]
['copy', 'MOLCAS.rassi.h5', 'MOLCAS.rassi.3.h5']
['copy', '/project/lgagliardi/helenclifford/practice_rcc/sharc4/methaniminium/tutorial_reproduction/traj/Singlet_2/TRAJ_00006/restart/MOLCAS.1.JobIph.163', 'JOB001']
['link', 'MOLCAS.1.JobIph', 'JOB002']
['rassi', 'overlap', [4, 4]]
['copy', 'MOLCAS.rassi.h5', 'MOLCAS.rassi.ovlp.1.h5']
['copy', '/project/lgagliardi/helenclifford/practice_rcc/sharc4/methaniminium/tutorial_reproduction/traj/Singlet_2/TRAJ_00006/restart/MOLCAS.3.JobIph.163', 'JOB001']
['link', 'MOLCAS.3.JobIph', 'JOB002']
['rassi', 'overlap', [3, 3]]
['copy', 'MOLCAS.rassi.h5', 'MOLCAS.rassi.ovlp.3.h5']
['link', 'MOLCAS.1.JobIph', 'JOB001']
['link', 'MOLCAS.3.JobIph', 'JOB002']
['rassi', 'soc', [4, 3]]
['copy', '$master_path/MOLCAS.1.JobIph', 'JOBOLD']
['rasscf', 1, 4, True, False]
['mclr', 0.0001, 'sala=1']
['alaska']
All jobs finished:
job: master          code: 0    runtime: 0:00:17.291171
job: grad_1_1        code: 0    runtime: 0:00:09.514256

Starting job execution
['gateway']
['seward']
['copy', '/project/lgagliardi/helenclifford/practice_rcc/sharc4/methaniminium/tutorial_reproduction/traj/Singlet_2/TRAJ_00006/restart/MOLCAS.1.JobIph.164', 'JOBOLD']
['rasscf', 1, 4, True, False]
['copy', 'MOLCAS.rasscf.h5', 'MOLCAS.1.rasscf.h5']
['copy', 'MOLCAS.JobIph', 'MOLCAS.1.JobIph']
['copy', '/project/lgagliardi/helenclifford/practice_rcc/sharc4/methaniminium/tutorial_reproduction/traj/Singlet_2/TRAJ_00006/restart/MOLCAS.3.JobIph.164', 'JOBOLD']
['rasscf', 3, 3, True, False]
['copy', 'MOLCAS.rasscf.h5', 'MOLCAS.3.rasscf.h5']
['copy', 'MOLCAS.JobIph', 'MOLCAS.3.JobIph']
['link', 'MOLCAS.1.JobIph', 'JOB001']
['rassi', 'dm', [4]]
['copy', 'MOLCAS.rassi.h5', 'MOLCAS.rassi.1.h5']
['link', 'MOLCAS.3.JobIph', 'JOB001']
['rassi', 'dm', [3]]
['copy', 'MOLCAS.rassi.h5', 'MOLCAS.rassi.3.h5']
['copy', '/project/lgagliardi/helenclifford/practice_rcc/sharc4/methaniminium/tutorial_reproduction/traj/Singlet_2/TRAJ_00006/restart/MOLCAS.1.JobIph.164', 'JOB001']
['link', 'MOLCAS.1.JobIph', 'JOB002']
['rassi', 'overlap', [4, 4]]
['copy', 'MOLCAS.rassi.h5', 'MOLCAS.rassi.ovlp.1.h5']
['copy', '/project/lgagliardi/helenclifford/practice_rcc/sharc4/methaniminium/tutorial_reproduction/traj/Singlet_2/TRAJ_00006/restart/MOLCAS.3.JobIph.164', 'JOB001']
['link', 'MOLCAS.3.JobIph', 'JOB002']
['rassi', 'overlap', [3, 3]]
['copy', 'MOLCAS.rassi.h5', 'MOLCAS.rassi.ovlp.3.h5']
['link', 'MOLCAS.1.JobIph', 'JOB001']
['link', 'MOLCAS.3.JobIph', 'JOB002']
['rassi', 'soc', [4, 3]]
['copy', '$master_path/MOLCAS.1.JobIph', 'JOBOLD']
['rasscf', 1, 4, True, False]
['mclr', 0.0001, 'sala=1']
['alaska']
All jobs finished:
job: master          code: 0    runtime: 0:00:15.829613
job: grad_1_1        code: 0    runtime: 0:00:06.977979

Starting job execution
['gateway']
['seward']
['copy', '/project/lgagliardi/helenclifford/practice_rcc/sharc4/methaniminium/tutorial_reproduction/traj/Singlet_2/TRAJ_00006/restart/MOLCAS.1.JobIph.165', 'JOBOLD']
['rasscf', 1, 4, True, False]
['copy', 'MOLCAS.rasscf.h5', 'MOLCAS.1.rasscf.h5']
['copy', 'MOLCAS.JobIph', 'MOLCAS.1.JobIph']
['copy', '/project/lgagliardi/helenclifford/practice_rcc/sharc4/methaniminium/tutorial_reproduction/traj/Singlet_2/TRAJ_00006/restart/MOLCAS.3.JobIph.165', 'JOBOLD']
['rasscf', 3, 3, True, False]
['copy', 'MOLCAS.rasscf.h5', 'MOLCAS.3.rasscf.h5']
['copy', 'MOLCAS.JobIph', 'MOLCAS.3.JobIph']
['link', 'MOLCAS.1.JobIph', 'JOB001']
['rassi', 'dm', [4]]
['copy', 'MOLCAS.rassi.h5', 'MOLCAS.rassi.1.h5']
['link', 'MOLCAS.3.JobIph', 'JOB001']
['rassi', 'dm', [3]]
['copy', 'MOLCAS.rassi.h5', 'MOLCAS.rassi.3.h5']
['copy', '/project/lgagliardi/helenclifford/practice_rcc/sharc4/methaniminium/tutorial_reproduction/traj/Singlet_2/TRAJ_00006/restart/MOLCAS.1.JobIph.165', 'JOB001']
['link', 'MOLCAS.1.JobIph', 'JOB002']
['rassi', 'overlap', [4, 4]]
['copy', 'MOLCAS.rassi.h5', 'MOLCAS.rassi.ovlp.1.h5']
['copy', '/project/lgagliardi/helenclifford/practice_rcc/sharc4/methaniminium/tutorial_reproduction/traj/Singlet_2/TRAJ_00006/restart/MOLCAS.3.JobIph.165', 'JOB001']
['link', 'MOLCAS.3.JobIph', 'JOB002']
['rassi', 'overlap', [3, 3]]
['copy', 'MOLCAS.rassi.h5', 'MOLCAS.rassi.ovlp.3.h5']
['link', 'MOLCAS.1.JobIph', 'JOB001']
['link', 'MOLCAS.3.JobIph', 'JOB002']
['rassi', 'soc', [4, 3]]
['copy', '$master_path/MOLCAS.1.JobIph', 'JOBOLD']
['rasscf', 1, 4, True, False]
['mclr', 0.0001, 'sala=1']
['alaska']
All jobs finished:
job: master          code: 0    runtime: 0:00:17.644862
job: grad_1_1        code: 0    runtime: 0:00:09.080563

Starting job execution
['gateway']
['seward']
['copy', '/project/lgagliardi/helenclifford/practice_rcc/sharc4/methaniminium/tutorial_reproduction/traj/Singlet_2/TRAJ_00006/restart/MOLCAS.1.JobIph.166', 'JOBOLD']
['rasscf', 1, 4, True, False]
['copy', 'MOLCAS.rasscf.h5', 'MOLCAS.1.rasscf.h5']
['copy', 'MOLCAS.JobIph', 'MOLCAS.1.JobIph']
['copy', '/project/lgagliardi/helenclifford/practice_rcc/sharc4/methaniminium/tutorial_reproduction/traj/Singlet_2/TRAJ_00006/restart/MOLCAS.3.JobIph.166', 'JOBOLD']
['rasscf', 3, 3, True, False]
['copy', 'MOLCAS.rasscf.h5', 'MOLCAS.3.rasscf.h5']
['copy', 'MOLCAS.JobIph', 'MOLCAS.3.JobIph']
['link', 'MOLCAS.1.JobIph', 'JOB001']
['rassi', 'dm', [4]]
['copy', 'MOLCAS.rassi.h5', 'MOLCAS.rassi.1.h5']
['link', 'MOLCAS.3.JobIph', 'JOB001']
['rassi', 'dm', [3]]
['copy', 'MOLCAS.rassi.h5', 'MOLCAS.rassi.3.h5']
['copy', '/project/lgagliardi/helenclifford/practice_rcc/sharc4/methaniminium/tutorial_reproduction/traj/Singlet_2/TRAJ_00006/restart/MOLCAS.1.JobIph.166', 'JOB001']
['link', 'MOLCAS.1.JobIph', 'JOB002']
['rassi', 'overlap', [4, 4]]
['copy', 'MOLCAS.rassi.h5', 'MOLCAS.rassi.ovlp.1.h5']
['copy', '/project/lgagliardi/helenclifford/practice_rcc/sharc4/methaniminium/tutorial_reproduction/traj/Singlet_2/TRAJ_00006/restart/MOLCAS.3.JobIph.166', 'JOB001']
['link', 'MOLCAS.3.JobIph', 'JOB002']
['rassi', 'overlap', [3, 3]]
['copy', 'MOLCAS.rassi.h5', 'MOLCAS.rassi.ovlp.3.h5']
['link', 'MOLCAS.1.JobIph', 'JOB001']
['link', 'MOLCAS.3.JobIph', 'JOB002']
['rassi', 'soc', [4, 3]]
['copy', '$master_path/MOLCAS.1.JobIph', 'JOBOLD']
['rasscf', 1, 4, True, False]
['mclr', 0.0001, 'sala=1']
['alaska']
All jobs finished:
job: master          code: 0    runtime: 0:00:17.235666
job: grad_1_1        code: 0    runtime: 0:00:08.310766

Starting job execution
['gateway']
['seward']
['copy', '/project/lgagliardi/helenclifford/practice_rcc/sharc4/methaniminium/tutorial_reproduction/traj/Singlet_2/TRAJ_00006/restart/MOLCAS.1.JobIph.167', 'JOBOLD']
['rasscf', 1, 4, True, False]
['copy', 'MOLCAS.rasscf.h5', 'MOLCAS.1.rasscf.h5']
['copy', 'MOLCAS.JobIph', 'MOLCAS.1.JobIph']
['copy', '/project/lgagliardi/helenclifford/practice_rcc/sharc4/methaniminium/tutorial_reproduction/traj/Singlet_2/TRAJ_00006/restart/MOLCAS.3.JobIph.167', 'JOBOLD']
['rasscf', 3, 3, True, False]
['copy', 'MOLCAS.rasscf.h5', 'MOLCAS.3.rasscf.h5']
['copy', 'MOLCAS.JobIph', 'MOLCAS.3.JobIph']
['link', 'MOLCAS.1.JobIph', 'JOB001']
['rassi', 'dm', [4]]
['copy', 'MOLCAS.rassi.h5', 'MOLCAS.rassi.1.h5']
['link', 'MOLCAS.3.JobIph', 'JOB001']
['rassi', 'dm', [3]]
['copy', 'MOLCAS.rassi.h5', 'MOLCAS.rassi.3.h5']
['copy', '/project/lgagliardi/helenclifford/practice_rcc/sharc4/methaniminium/tutorial_reproduction/traj/Singlet_2/TRAJ_00006/restart/MOLCAS.1.JobIph.167', 'JOB001']
['link', 'MOLCAS.1.JobIph', 'JOB002']
['rassi', 'overlap', [4, 4]]
['copy', 'MOLCAS.rassi.h5', 'MOLCAS.rassi.ovlp.1.h5']
['copy', '/project/lgagliardi/helenclifford/practice_rcc/sharc4/methaniminium/tutorial_reproduction/traj/Singlet_2/TRAJ_00006/restart/MOLCAS.3.JobIph.167', 'JOB001']
['link', 'MOLCAS.3.JobIph', 'JOB002']
['rassi', 'overlap', [3, 3]]
['copy', 'MOLCAS.rassi.h5', 'MOLCAS.rassi.ovlp.3.h5']
['link', 'MOLCAS.1.JobIph', 'JOB001']
['link', 'MOLCAS.3.JobIph', 'JOB002']
['rassi', 'soc', [4, 3]]
['copy', '$master_path/MOLCAS.1.JobIph', 'JOBOLD']
['rasscf', 1, 4, True, False]
['mclr', 0.0001, 'sala=1']
['alaska']
All jobs finished:
job: master          code: 0    runtime: 0:00:15.156726
job: grad_1_1        code: 0    runtime: 0:00:11.526349

Starting job execution
['gateway']
['seward']
['copy', '/project/lgagliardi/helenclifford/practice_rcc/sharc4/methaniminium/tutorial_reproduction/traj/Singlet_2/TRAJ_00006/restart/MOLCAS.1.JobIph.168', 'JOBOLD']
['rasscf', 1, 4, True, False]
['copy', 'MOLCAS.rasscf.h5', 'MOLCAS.1.rasscf.h5']
['copy', 'MOLCAS.JobIph', 'MOLCAS.1.JobIph']
['copy', '/project/lgagliardi/helenclifford/practice_rcc/sharc4/methaniminium/tutorial_reproduction/traj/Singlet_2/TRAJ_00006/restart/MOLCAS.3.JobIph.168', 'JOBOLD']
['rasscf', 3, 3, True, False]
['copy', 'MOLCAS.rasscf.h5', 'MOLCAS.3.rasscf.h5']
['copy', 'MOLCAS.JobIph', 'MOLCAS.3.JobIph']
['link', 'MOLCAS.1.JobIph', 'JOB001']
['rassi', 'dm', [4]]
['copy', 'MOLCAS.rassi.h5', 'MOLCAS.rassi.1.h5']
['link', 'MOLCAS.3.JobIph', 'JOB001']
['rassi', 'dm', [3]]
['copy', 'MOLCAS.rassi.h5', 'MOLCAS.rassi.3.h5']
['copy', '/project/lgagliardi/helenclifford/practice_rcc/sharc4/methaniminium/tutorial_reproduction/traj/Singlet_2/TRAJ_00006/restart/MOLCAS.1.JobIph.168', 'JOB001']
['link', 'MOLCAS.1.JobIph', 'JOB002']
['rassi', 'overlap', [4, 4]]
['copy', 'MOLCAS.rassi.h5', 'MOLCAS.rassi.ovlp.1.h5']
['copy', '/project/lgagliardi/helenclifford/practice_rcc/sharc4/methaniminium/tutorial_reproduction/traj/Singlet_2/TRAJ_00006/restart/MOLCAS.3.JobIph.168', 'JOB001']
['link', 'MOLCAS.3.JobIph', 'JOB002']
['rassi', 'overlap', [3, 3]]
['copy', 'MOLCAS.rassi.h5', 'MOLCAS.rassi.ovlp.3.h5']
['link', 'MOLCAS.1.JobIph', 'JOB001']
['link', 'MOLCAS.3.JobIph', 'JOB002']
['rassi', 'soc', [4, 3]]
['copy', '$master_path/MOLCAS.1.JobIph', 'JOBOLD']
['rasscf', 1, 4, True, False]
['mclr', 0.0001, 'sala=1']
['alaska']
All jobs finished:
job: master          code: 0    runtime: 0:00:15.550438
job: grad_1_1        code: 0    runtime: 0:00:02.719934

Starting job execution
['gateway']
['seward']
['copy', '/project/lgagliardi/helenclifford/practice_rcc/sharc4/methaniminium/tutorial_reproduction/traj/Singlet_2/TRAJ_00006/restart/MOLCAS.1.JobIph.169', 'JOBOLD']
['rasscf', 1, 4, True, False]
['copy', 'MOLCAS.rasscf.h5', 'MOLCAS.1.rasscf.h5']
['copy', 'MOLCAS.JobIph', 'MOLCAS.1.JobIph']
['copy', '/project/lgagliardi/helenclifford/practice_rcc/sharc4/methaniminium/tutorial_reproduction/traj/Singlet_2/TRAJ_00006/restart/MOLCAS.3.JobIph.169', 'JOBOLD']
['rasscf', 3, 3, True, False]
['copy', 'MOLCAS.rasscf.h5', 'MOLCAS.3.rasscf.h5']
['copy', 'MOLCAS.JobIph', 'MOLCAS.3.JobIph']
['link', 'MOLCAS.1.JobIph', 'JOB001']
['rassi', 'dm', [4]]
['copy', 'MOLCAS.rassi.h5', 'MOLCAS.rassi.1.h5']
['link', 'MOLCAS.3.JobIph', 'JOB001']
['rassi', 'dm', [3]]
['copy', 'MOLCAS.rassi.h5', 'MOLCAS.rassi.3.h5']
['copy', '/project/lgagliardi/helenclifford/practice_rcc/sharc4/methaniminium/tutorial_reproduction/traj/Singlet_2/TRAJ_00006/restart/MOLCAS.1.JobIph.169', 'JOB001']
['link', 'MOLCAS.1.JobIph', 'JOB002']
['rassi', 'overlap', [4, 4]]
['copy', 'MOLCAS.rassi.h5', 'MOLCAS.rassi.ovlp.1.h5']
['copy', '/project/lgagliardi/helenclifford/practice_rcc/sharc4/methaniminium/tutorial_reproduction/traj/Singlet_2/TRAJ_00006/restart/MOLCAS.3.JobIph.169', 'JOB001']
['link', 'MOLCAS.3.JobIph', 'JOB002']
['rassi', 'overlap', [3, 3]]
['copy', 'MOLCAS.rassi.h5', 'MOLCAS.rassi.ovlp.3.h5']
['link', 'MOLCAS.1.JobIph', 'JOB001']
['link', 'MOLCAS.3.JobIph', 'JOB002']
['rassi', 'soc', [4, 3]]
['copy', '$master_path/MOLCAS.1.JobIph', 'JOBOLD']
['rasscf', 1, 4, True, False]
['mclr', 0.0001, 'sala=1']
['alaska']
All jobs finished:
job: master          code: 0    runtime: 0:00:20.627847
job: grad_1_1        code: 0    runtime: 0:00:06.865551

Starting job execution
['gateway']
['seward']
['copy', '/project/lgagliardi/helenclifford/practice_rcc/sharc4/methaniminium/tutorial_reproduction/traj/Singlet_2/TRAJ_00006/restart/MOLCAS.1.JobIph.170', 'JOBOLD']
['rasscf', 1, 4, True, False]
['copy', 'MOLCAS.rasscf.h5', 'MOLCAS.1.rasscf.h5']
['copy', 'MOLCAS.JobIph', 'MOLCAS.1.JobIph']
['copy', '/project/lgagliardi/helenclifford/practice_rcc/sharc4/methaniminium/tutorial_reproduction/traj/Singlet_2/TRAJ_00006/restart/MOLCAS.3.JobIph.170', 'JOBOLD']
['rasscf', 3, 3, True, False]
['copy', 'MOLCAS.rasscf.h5', 'MOLCAS.3.rasscf.h5']
['copy', 'MOLCAS.JobIph', 'MOLCAS.3.JobIph']
['link', 'MOLCAS.1.JobIph', 'JOB001']
['rassi', 'dm', [4]]
['copy', 'MOLCAS.rassi.h5', 'MOLCAS.rassi.1.h5']
['link', 'MOLCAS.3.JobIph', 'JOB001']
['rassi', 'dm', [3]]
['copy', 'MOLCAS.rassi.h5', 'MOLCAS.rassi.3.h5']
['copy', '/project/lgagliardi/helenclifford/practice_rcc/sharc4/methaniminium/tutorial_reproduction/traj/Singlet_2/TRAJ_00006/restart/MOLCAS.1.JobIph.170', 'JOB001']
['link', 'MOLCAS.1.JobIph', 'JOB002']
['rassi', 'overlap', [4, 4]]
['copy', 'MOLCAS.rassi.h5', 'MOLCAS.rassi.ovlp.1.h5']
['copy', '/project/lgagliardi/helenclifford/practice_rcc/sharc4/methaniminium/tutorial_reproduction/traj/Singlet_2/TRAJ_00006/restart/MOLCAS.3.JobIph.170', 'JOB001']
['link', 'MOLCAS.3.JobIph', 'JOB002']
['rassi', 'overlap', [3, 3]]
['copy', 'MOLCAS.rassi.h5', 'MOLCAS.rassi.ovlp.3.h5']
['link', 'MOLCAS.1.JobIph', 'JOB001']
['link', 'MOLCAS.3.JobIph', 'JOB002']
['rassi', 'soc', [4, 3]]
['copy', '$master_path/MOLCAS.1.JobIph', 'JOBOLD']
['rasscf', 1, 4, True, False]
['mclr', 0.0001, 'sala=1']
['alaska']
All jobs finished:
job: master          code: 0    runtime: 0:00:22.269209
job: grad_1_1        code: 0    runtime: 0:00:02.649656

Starting job execution
['gateway']
['seward']
['copy', '/project/lgagliardi/helenclifford/practice_rcc/sharc4/methaniminium/tutorial_reproduction/traj/Singlet_2/TRAJ_00006/restart/MOLCAS.1.JobIph.171', 'JOBOLD']
['rasscf', 1, 4, True, False]
['copy', 'MOLCAS.rasscf.h5', 'MOLCAS.1.rasscf.h5']
['copy', 'MOLCAS.JobIph', 'MOLCAS.1.JobIph']
['copy', '/project/lgagliardi/helenclifford/practice_rcc/sharc4/methaniminium/tutorial_reproduction/traj/Singlet_2/TRAJ_00006/restart/MOLCAS.3.JobIph.171', 'JOBOLD']
['rasscf', 3, 3, True, False]
['copy', 'MOLCAS.rasscf.h5', 'MOLCAS.3.rasscf.h5']
['copy', 'MOLCAS.JobIph', 'MOLCAS.3.JobIph']
['link', 'MOLCAS.1.JobIph', 'JOB001']
['rassi', 'dm', [4]]
['copy', 'MOLCAS.rassi.h5', 'MOLCAS.rassi.1.h5']
['link', 'MOLCAS.3.JobIph', 'JOB001']
['rassi', 'dm', [3]]
['copy', 'MOLCAS.rassi.h5', 'MOLCAS.rassi.3.h5']
['copy', '/project/lgagliardi/helenclifford/practice_rcc/sharc4/methaniminium/tutorial_reproduction/traj/Singlet_2/TRAJ_00006/restart/MOLCAS.1.JobIph.171', 'JOB001']
['link', 'MOLCAS.1.JobIph', 'JOB002']
['rassi', 'overlap', [4, 4]]
['copy', 'MOLCAS.rassi.h5', 'MOLCAS.rassi.ovlp.1.h5']
['copy', '/project/lgagliardi/helenclifford/practice_rcc/sharc4/methaniminium/tutorial_reproduction/traj/Singlet_2/TRAJ_00006/restart/MOLCAS.3.JobIph.171', 'JOB001']
['link', 'MOLCAS.3.JobIph', 'JOB002']
['rassi', 'overlap', [3, 3]]
['copy', 'MOLCAS.rassi.h5', 'MOLCAS.rassi.ovlp.3.h5']
['link', 'MOLCAS.1.JobIph', 'JOB001']
['link', 'MOLCAS.3.JobIph', 'JOB002']
['rassi', 'soc', [4, 3]]
['copy', '$master_path/MOLCAS.1.JobIph', 'JOBOLD']
['rasscf', 1, 4, True, False]
['mclr', 0.0001, 'sala=1']
['alaska']
All jobs finished:
job: master          code: 0    runtime: 0:00:26.958023
job: grad_1_1        code: 0    runtime: 0:00:08.154576

Starting job execution
['gateway']
['seward']
['copy', '/project/lgagliardi/helenclifford/practice_rcc/sharc4/methaniminium/tutorial_reproduction/traj/Singlet_2/TRAJ_00006/restart/MOLCAS.1.JobIph.172', 'JOBOLD']
['rasscf', 1, 4, True, False]
['copy', 'MOLCAS.rasscf.h5', 'MOLCAS.1.rasscf.h5']
['copy', 'MOLCAS.JobIph', 'MOLCAS.1.JobIph']
['copy', '/project/lgagliardi/helenclifford/practice_rcc/sharc4/methaniminium/tutorial_reproduction/traj/Singlet_2/TRAJ_00006/restart/MOLCAS.3.JobIph.172', 'JOBOLD']
['rasscf', 3, 3, True, False]
['copy', 'MOLCAS.rasscf.h5', 'MOLCAS.3.rasscf.h5']
['copy', 'MOLCAS.JobIph', 'MOLCAS.3.JobIph']
['link', 'MOLCAS.1.JobIph', 'JOB001']
['rassi', 'dm', [4]]
['copy', 'MOLCAS.rassi.h5', 'MOLCAS.rassi.1.h5']
['link', 'MOLCAS.3.JobIph', 'JOB001']
['rassi', 'dm', [3]]
['copy', 'MOLCAS.rassi.h5', 'MOLCAS.rassi.3.h5']
['copy', '/project/lgagliardi/helenclifford/practice_rcc/sharc4/methaniminium/tutorial_reproduction/traj/Singlet_2/TRAJ_00006/restart/MOLCAS.1.JobIph.172', 'JOB001']
['link', 'MOLCAS.1.JobIph', 'JOB002']
['rassi', 'overlap', [4, 4]]
['copy', 'MOLCAS.rassi.h5', 'MOLCAS.rassi.ovlp.1.h5']
['copy', '/project/lgagliardi/helenclifford/practice_rcc/sharc4/methaniminium/tutorial_reproduction/traj/Singlet_2/TRAJ_00006/restart/MOLCAS.3.JobIph.172', 'JOB001']
['link', 'MOLCAS.3.JobIph', 'JOB002']
['rassi', 'overlap', [3, 3]]
['copy', 'MOLCAS.rassi.h5', 'MOLCAS.rassi.ovlp.3.h5']
['link', 'MOLCAS.1.JobIph', 'JOB001']
['link', 'MOLCAS.3.JobIph', 'JOB002']
['rassi', 'soc', [4, 3]]
['copy', '$master_path/MOLCAS.1.JobIph', 'JOBOLD']
['rasscf', 1, 4, True, False]
['mclr', 0.0001, 'sala=1']
['alaska']
All jobs finished:
job: master          code: 0    runtime: 0:00:17.556610
job: grad_1_1        code: 0    runtime: 0:00:07.518742

Starting job execution
['gateway']
['seward']
['copy', '/project/lgagliardi/helenclifford/practice_rcc/sharc4/methaniminium/tutorial_reproduction/traj/Singlet_2/TRAJ_00006/restart/MOLCAS.1.JobIph.173', 'JOBOLD']
['rasscf', 1, 4, True, False]
['copy', 'MOLCAS.rasscf.h5', 'MOLCAS.1.rasscf.h5']
['copy', 'MOLCAS.JobIph', 'MOLCAS.1.JobIph']
['copy', '/project/lgagliardi/helenclifford/practice_rcc/sharc4/methaniminium/tutorial_reproduction/traj/Singlet_2/TRAJ_00006/restart/MOLCAS.3.JobIph.173', 'JOBOLD']
['rasscf', 3, 3, True, False]
['copy', 'MOLCAS.rasscf.h5', 'MOLCAS.3.rasscf.h5']
['copy', 'MOLCAS.JobIph', 'MOLCAS.3.JobIph']
['link', 'MOLCAS.1.JobIph', 'JOB001']
['rassi', 'dm', [4]]
['copy', 'MOLCAS.rassi.h5', 'MOLCAS.rassi.1.h5']
['link', 'MOLCAS.3.JobIph', 'JOB001']
['rassi', 'dm', [3]]
['copy', 'MOLCAS.rassi.h5', 'MOLCAS.rassi.3.h5']
['copy', '/project/lgagliardi/helenclifford/practice_rcc/sharc4/methaniminium/tutorial_reproduction/traj/Singlet_2/TRAJ_00006/restart/MOLCAS.1.JobIph.173', 'JOB001']
['link', 'MOLCAS.1.JobIph', 'JOB002']
['rassi', 'overlap', [4, 4]]
['copy', 'MOLCAS.rassi.h5', 'MOLCAS.rassi.ovlp.1.h5']
['copy', '/project/lgagliardi/helenclifford/practice_rcc/sharc4/methaniminium/tutorial_reproduction/traj/Singlet_2/TRAJ_00006/restart/MOLCAS.3.JobIph.173', 'JOB001']
['link', 'MOLCAS.3.JobIph', 'JOB002']
['rassi', 'overlap', [3, 3]]
['copy', 'MOLCAS.rassi.h5', 'MOLCAS.rassi.ovlp.3.h5']
['link', 'MOLCAS.1.JobIph', 'JOB001']
['link', 'MOLCAS.3.JobIph', 'JOB002']
['rassi', 'soc', [4, 3]]
['copy', '$master_path/MOLCAS.1.JobIph', 'JOBOLD']
['rasscf', 1, 4, True, False]
['mclr', 0.0001, 'sala=1']
['alaska']
All jobs finished:
job: master          code: 0    runtime: 0:00:20.753775
job: grad_1_1        code: 0    runtime: 0:00:09.123843

Starting job execution
['gateway']
['seward']
['copy', '/project/lgagliardi/helenclifford/practice_rcc/sharc4/methaniminium/tutorial_reproduction/traj/Singlet_2/TRAJ_00006/restart/MOLCAS.1.JobIph.174', 'JOBOLD']
['rasscf', 1, 4, True, False]
['copy', 'MOLCAS.rasscf.h5', 'MOLCAS.1.rasscf.h5']
['copy', 'MOLCAS.JobIph', 'MOLCAS.1.JobIph']
['copy', '/project/lgagliardi/helenclifford/practice_rcc/sharc4/methaniminium/tutorial_reproduction/traj/Singlet_2/TRAJ_00006/restart/MOLCAS.3.JobIph.174', 'JOBOLD']
['rasscf', 3, 3, True, False]
['copy', 'MOLCAS.rasscf.h5', 'MOLCAS.3.rasscf.h5']
['copy', 'MOLCAS.JobIph', 'MOLCAS.3.JobIph']
['link', 'MOLCAS.1.JobIph', 'JOB001']
['rassi', 'dm', [4]]
['copy', 'MOLCAS.rassi.h5', 'MOLCAS.rassi.1.h5']
['link', 'MOLCAS.3.JobIph', 'JOB001']
['rassi', 'dm', [3]]
['copy', 'MOLCAS.rassi.h5', 'MOLCAS.rassi.3.h5']
['copy', '/project/lgagliardi/helenclifford/practice_rcc/sharc4/methaniminium/tutorial_reproduction/traj/Singlet_2/TRAJ_00006/restart/MOLCAS.1.JobIph.174', 'JOB001']
['link', 'MOLCAS.1.JobIph', 'JOB002']
['rassi', 'overlap', [4, 4]]
['copy', 'MOLCAS.rassi.h5', 'MOLCAS.rassi.ovlp.1.h5']
['copy', '/project/lgagliardi/helenclifford/practice_rcc/sharc4/methaniminium/tutorial_reproduction/traj/Singlet_2/TRAJ_00006/restart/MOLCAS.3.JobIph.174', 'JOB001']
['link', 'MOLCAS.3.JobIph', 'JOB002']
['rassi', 'overlap', [3, 3]]
['copy', 'MOLCAS.rassi.h5', 'MOLCAS.rassi.ovlp.3.h5']
['link', 'MOLCAS.1.JobIph', 'JOB001']
['link', 'MOLCAS.3.JobIph', 'JOB002']
['rassi', 'soc', [4, 3]]
['copy', '$master_path/MOLCAS.1.JobIph', 'JOBOLD']
['rasscf', 1, 4, True, False]
['mclr', 0.0001, 'sala=1']
['alaska']
All jobs finished:
job: master          code: 0    runtime: 0:00:17.050699
job: grad_1_1        code: 0    runtime: 0:00:14.559134

Starting job execution
['gateway']
['seward']
['copy', '/project/lgagliardi/helenclifford/practice_rcc/sharc4/methaniminium/tutorial_reproduction/traj/Singlet_2/TRAJ_00006/restart/MOLCAS.1.JobIph.175', 'JOBOLD']
['rasscf', 1, 4, True, False]
['copy', 'MOLCAS.rasscf.h5', 'MOLCAS.1.rasscf.h5']
['copy', 'MOLCAS.JobIph', 'MOLCAS.1.JobIph']
['copy', '/project/lgagliardi/helenclifford/practice_rcc/sharc4/methaniminium/tutorial_reproduction/traj/Singlet_2/TRAJ_00006/restart/MOLCAS.3.JobIph.175', 'JOBOLD']
['rasscf', 3, 3, True, False]
['copy', 'MOLCAS.rasscf.h5', 'MOLCAS.3.rasscf.h5']
['copy', 'MOLCAS.JobIph', 'MOLCAS.3.JobIph']
['link', 'MOLCAS.1.JobIph', 'JOB001']
['rassi', 'dm', [4]]
['copy', 'MOLCAS.rassi.h5', 'MOLCAS.rassi.1.h5']
['link', 'MOLCAS.3.JobIph', 'JOB001']
['rassi', 'dm', [3]]
['copy', 'MOLCAS.rassi.h5', 'MOLCAS.rassi.3.h5']
['copy', '/project/lgagliardi/helenclifford/practice_rcc/sharc4/methaniminium/tutorial_reproduction/traj/Singlet_2/TRAJ_00006/restart/MOLCAS.1.JobIph.175', 'JOB001']
['link', 'MOLCAS.1.JobIph', 'JOB002']
['rassi', 'overlap', [4, 4]]
['copy', 'MOLCAS.rassi.h5', 'MOLCAS.rassi.ovlp.1.h5']
['copy', '/project/lgagliardi/helenclifford/practice_rcc/sharc4/methaniminium/tutorial_reproduction/traj/Singlet_2/TRAJ_00006/restart/MOLCAS.3.JobIph.175', 'JOB001']
['link', 'MOLCAS.3.JobIph', 'JOB002']
['rassi', 'overlap', [3, 3]]
['copy', 'MOLCAS.rassi.h5', 'MOLCAS.rassi.ovlp.3.h5']
['link', 'MOLCAS.1.JobIph', 'JOB001']
['link', 'MOLCAS.3.JobIph', 'JOB002']
['rassi', 'soc', [4, 3]]
['copy', '$master_path/MOLCAS.1.JobIph', 'JOBOLD']
['rasscf', 1, 4, True, False]
['mclr', 0.0001, 'sala=1']
['alaska']
All jobs finished:
job: master          code: 0    runtime: 0:00:18.190852
job: grad_1_1        code: 0    runtime: 0:00:09.894525

Starting job execution
['gateway']
['seward']
['copy', '/project/lgagliardi/helenclifford/practice_rcc/sharc4/methaniminium/tutorial_reproduction/traj/Singlet_2/TRAJ_00006/restart/MOLCAS.1.JobIph.176', 'JOBOLD']
['rasscf', 1, 4, True, False]
['copy', 'MOLCAS.rasscf.h5', 'MOLCAS.1.rasscf.h5']
['copy', 'MOLCAS.JobIph', 'MOLCAS.1.JobIph']
['copy', '/project/lgagliardi/helenclifford/practice_rcc/sharc4/methaniminium/tutorial_reproduction/traj/Singlet_2/TRAJ_00006/restart/MOLCAS.3.JobIph.176', 'JOBOLD']
['rasscf', 3, 3, True, False]
['copy', 'MOLCAS.rasscf.h5', 'MOLCAS.3.rasscf.h5']
['copy', 'MOLCAS.JobIph', 'MOLCAS.3.JobIph']
['link', 'MOLCAS.1.JobIph', 'JOB001']
['rassi', 'dm', [4]]
['copy', 'MOLCAS.rassi.h5', 'MOLCAS.rassi.1.h5']
['link', 'MOLCAS.3.JobIph', 'JOB001']
['rassi', 'dm', [3]]
['copy', 'MOLCAS.rassi.h5', 'MOLCAS.rassi.3.h5']
['copy', '/project/lgagliardi/helenclifford/practice_rcc/sharc4/methaniminium/tutorial_reproduction/traj/Singlet_2/TRAJ_00006/restart/MOLCAS.1.JobIph.176', 'JOB001']
['link', 'MOLCAS.1.JobIph', 'JOB002']
['rassi', 'overlap', [4, 4]]
['copy', 'MOLCAS.rassi.h5', 'MOLCAS.rassi.ovlp.1.h5']
['copy', '/project/lgagliardi/helenclifford/practice_rcc/sharc4/methaniminium/tutorial_reproduction/traj/Singlet_2/TRAJ_00006/restart/MOLCAS.3.JobIph.176', 'JOB001']
['link', 'MOLCAS.3.JobIph', 'JOB002']
['rassi', 'overlap', [3, 3]]
['copy', 'MOLCAS.rassi.h5', 'MOLCAS.rassi.ovlp.3.h5']
['link', 'MOLCAS.1.JobIph', 'JOB001']
['link', 'MOLCAS.3.JobIph', 'JOB002']
['rassi', 'soc', [4, 3]]
['copy', '$master_path/MOLCAS.1.JobIph', 'JOBOLD']
['rasscf', 1, 4, True, False]
['mclr', 0.0001, 'sala=1']
['alaska']
All jobs finished:
job: master          code: 0    runtime: 0:00:17.670105
job: grad_1_1        code: 0    runtime: 0:00:08.700034

Starting job execution
['gateway']
['seward']
['copy', '/project/lgagliardi/helenclifford/practice_rcc/sharc4/methaniminium/tutorial_reproduction/traj/Singlet_2/TRAJ_00006/restart/MOLCAS.1.JobIph.177', 'JOBOLD']
['rasscf', 1, 4, True, False]
['copy', 'MOLCAS.rasscf.h5', 'MOLCAS.1.rasscf.h5']
['copy', 'MOLCAS.JobIph', 'MOLCAS.1.JobIph']
['copy', '/project/lgagliardi/helenclifford/practice_rcc/sharc4/methaniminium/tutorial_reproduction/traj/Singlet_2/TRAJ_00006/restart/MOLCAS.3.JobIph.177', 'JOBOLD']
['rasscf', 3, 3, True, False]
['copy', 'MOLCAS.rasscf.h5', 'MOLCAS.3.rasscf.h5']
['copy', 'MOLCAS.JobIph', 'MOLCAS.3.JobIph']
['link', 'MOLCAS.1.JobIph', 'JOB001']
['rassi', 'dm', [4]]
['copy', 'MOLCAS.rassi.h5', 'MOLCAS.rassi.1.h5']
['link', 'MOLCAS.3.JobIph', 'JOB001']
['rassi', 'dm', [3]]
['copy', 'MOLCAS.rassi.h5', 'MOLCAS.rassi.3.h5']
['copy', '/project/lgagliardi/helenclifford/practice_rcc/sharc4/methaniminium/tutorial_reproduction/traj/Singlet_2/TRAJ_00006/restart/MOLCAS.1.JobIph.177', 'JOB001']
['link', 'MOLCAS.1.JobIph', 'JOB002']
['rassi', 'overlap', [4, 4]]
['copy', 'MOLCAS.rassi.h5', 'MOLCAS.rassi.ovlp.1.h5']
['copy', '/project/lgagliardi/helenclifford/practice_rcc/sharc4/methaniminium/tutorial_reproduction/traj/Singlet_2/TRAJ_00006/restart/MOLCAS.3.JobIph.177', 'JOB001']
['link', 'MOLCAS.3.JobIph', 'JOB002']
['rassi', 'overlap', [3, 3]]
['copy', 'MOLCAS.rassi.h5', 'MOLCAS.rassi.ovlp.3.h5']
['link', 'MOLCAS.1.JobIph', 'JOB001']
['link', 'MOLCAS.3.JobIph', 'JOB002']
['rassi', 'soc', [4, 3]]
['copy', '$master_path/MOLCAS.1.JobIph', 'JOBOLD']
['rasscf', 1, 4, True, False]
['mclr', 0.0001, 'sala=1']
['alaska']
All jobs finished:
job: master          code: 0    runtime: 0:00:18.269583
job: grad_1_1        code: 0    runtime: 0:00:14.610358

Starting job execution
['gateway']
['seward']
['copy', '/project/lgagliardi/helenclifford/practice_rcc/sharc4/methaniminium/tutorial_reproduction/traj/Singlet_2/TRAJ_00006/restart/MOLCAS.1.JobIph.178', 'JOBOLD']
['rasscf', 1, 4, True, False]
['copy', 'MOLCAS.rasscf.h5', 'MOLCAS.1.rasscf.h5']
['copy', 'MOLCAS.JobIph', 'MOLCAS.1.JobIph']
['copy', '/project/lgagliardi/helenclifford/practice_rcc/sharc4/methaniminium/tutorial_reproduction/traj/Singlet_2/TRAJ_00006/restart/MOLCAS.3.JobIph.178', 'JOBOLD']
['rasscf', 3, 3, True, False]
['copy', 'MOLCAS.rasscf.h5', 'MOLCAS.3.rasscf.h5']
['copy', 'MOLCAS.JobIph', 'MOLCAS.3.JobIph']
['link', 'MOLCAS.1.JobIph', 'JOB001']
['rassi', 'dm', [4]]
['copy', 'MOLCAS.rassi.h5', 'MOLCAS.rassi.1.h5']
['link', 'MOLCAS.3.JobIph', 'JOB001']
['rassi', 'dm', [3]]
['copy', 'MOLCAS.rassi.h5', 'MOLCAS.rassi.3.h5']
['copy', '/project/lgagliardi/helenclifford/practice_rcc/sharc4/methaniminium/tutorial_reproduction/traj/Singlet_2/TRAJ_00006/restart/MOLCAS.1.JobIph.178', 'JOB001']
['link', 'MOLCAS.1.JobIph', 'JOB002']
['rassi', 'overlap', [4, 4]]
['copy', 'MOLCAS.rassi.h5', 'MOLCAS.rassi.ovlp.1.h5']
['copy', '/project/lgagliardi/helenclifford/practice_rcc/sharc4/methaniminium/tutorial_reproduction/traj/Singlet_2/TRAJ_00006/restart/MOLCAS.3.JobIph.178', 'JOB001']
['link', 'MOLCAS.3.JobIph', 'JOB002']
['rassi', 'overlap', [3, 3]]
['copy', 'MOLCAS.rassi.h5', 'MOLCAS.rassi.ovlp.3.h5']
['link', 'MOLCAS.1.JobIph', 'JOB001']
['link', 'MOLCAS.3.JobIph', 'JOB002']
['rassi', 'soc', [4, 3]]
['copy', '$master_path/MOLCAS.1.JobIph', 'JOBOLD']
['rasscf', 1, 4, True, False]
['mclr', 0.0001, 'sala=1']
['alaska']
All jobs finished:
job: master          code: 0    runtime: 0:00:21.045570
job: grad_1_1        code: 0    runtime: 0:00:08.028092

Starting job execution
['gateway']
['seward']
['copy', '/project/lgagliardi/helenclifford/practice_rcc/sharc4/methaniminium/tutorial_reproduction/traj/Singlet_2/TRAJ_00006/restart/MOLCAS.1.JobIph.179', 'JOBOLD']
['rasscf', 1, 4, True, False]
['copy', 'MOLCAS.rasscf.h5', 'MOLCAS.1.rasscf.h5']
['copy', 'MOLCAS.JobIph', 'MOLCAS.1.JobIph']
['copy', '/project/lgagliardi/helenclifford/practice_rcc/sharc4/methaniminium/tutorial_reproduction/traj/Singlet_2/TRAJ_00006/restart/MOLCAS.3.JobIph.179', 'JOBOLD']
['rasscf', 3, 3, True, False]
['copy', 'MOLCAS.rasscf.h5', 'MOLCAS.3.rasscf.h5']
['copy', 'MOLCAS.JobIph', 'MOLCAS.3.JobIph']
['link', 'MOLCAS.1.JobIph', 'JOB001']
['rassi', 'dm', [4]]
['copy', 'MOLCAS.rassi.h5', 'MOLCAS.rassi.1.h5']
['link', 'MOLCAS.3.JobIph', 'JOB001']
['rassi', 'dm', [3]]
['copy', 'MOLCAS.rassi.h5', 'MOLCAS.rassi.3.h5']
['copy', '/project/lgagliardi/helenclifford/practice_rcc/sharc4/methaniminium/tutorial_reproduction/traj/Singlet_2/TRAJ_00006/restart/MOLCAS.1.JobIph.179', 'JOB001']
['link', 'MOLCAS.1.JobIph', 'JOB002']
['rassi', 'overlap', [4, 4]]
['copy', 'MOLCAS.rassi.h5', 'MOLCAS.rassi.ovlp.1.h5']
['copy', '/project/lgagliardi/helenclifford/practice_rcc/sharc4/methaniminium/tutorial_reproduction/traj/Singlet_2/TRAJ_00006/restart/MOLCAS.3.JobIph.179', 'JOB001']
['link', 'MOLCAS.3.JobIph', 'JOB002']
['rassi', 'overlap', [3, 3]]
['copy', 'MOLCAS.rassi.h5', 'MOLCAS.rassi.ovlp.3.h5']
['link', 'MOLCAS.1.JobIph', 'JOB001']
['link', 'MOLCAS.3.JobIph', 'JOB002']
['rassi', 'soc', [4, 3]]
['copy', '$master_path/MOLCAS.1.JobIph', 'JOBOLD']
['rasscf', 1, 4, True, False]
['mclr', 0.0001, 'sala=1']
['alaska']
All jobs finished:
job: master          code: 0    runtime: 0:00:24.016649
job: grad_1_1        code: 0    runtime: 0:00:11.913670

Starting job execution
['gateway']
['seward']
['copy', '/project/lgagliardi/helenclifford/practice_rcc/sharc4/methaniminium/tutorial_reproduction/traj/Singlet_2/TRAJ_00006/restart/MOLCAS.1.JobIph.180', 'JOBOLD']
['rasscf', 1, 4, True, False]
['copy', 'MOLCAS.rasscf.h5', 'MOLCAS.1.rasscf.h5']
['copy', 'MOLCAS.JobIph', 'MOLCAS.1.JobIph']
['copy', '/project/lgagliardi/helenclifford/practice_rcc/sharc4/methaniminium/tutorial_reproduction/traj/Singlet_2/TRAJ_00006/restart/MOLCAS.3.JobIph.180', 'JOBOLD']
['rasscf', 3, 3, True, False]
['copy', 'MOLCAS.rasscf.h5', 'MOLCAS.3.rasscf.h5']
['copy', 'MOLCAS.JobIph', 'MOLCAS.3.JobIph']
['link', 'MOLCAS.1.JobIph', 'JOB001']
['rassi', 'dm', [4]]
['copy', 'MOLCAS.rassi.h5', 'MOLCAS.rassi.1.h5']
['link', 'MOLCAS.3.JobIph', 'JOB001']
['rassi', 'dm', [3]]
['copy', 'MOLCAS.rassi.h5', 'MOLCAS.rassi.3.h5']
['copy', '/project/lgagliardi/helenclifford/practice_rcc/sharc4/methaniminium/tutorial_reproduction/traj/Singlet_2/TRAJ_00006/restart/MOLCAS.1.JobIph.180', 'JOB001']
['link', 'MOLCAS.1.JobIph', 'JOB002']
['rassi', 'overlap', [4, 4]]
['copy', 'MOLCAS.rassi.h5', 'MOLCAS.rassi.ovlp.1.h5']
['copy', '/project/lgagliardi/helenclifford/practice_rcc/sharc4/methaniminium/tutorial_reproduction/traj/Singlet_2/TRAJ_00006/restart/MOLCAS.3.JobIph.180', 'JOB001']
['link', 'MOLCAS.3.JobIph', 'JOB002']
['rassi', 'overlap', [3, 3]]
['copy', 'MOLCAS.rassi.h5', 'MOLCAS.rassi.ovlp.3.h5']
['link', 'MOLCAS.1.JobIph', 'JOB001']
['link', 'MOLCAS.3.JobIph', 'JOB002']
['rassi', 'soc', [4, 3]]
['copy', '$master_path/MOLCAS.1.JobIph', 'JOBOLD']
['rasscf', 1, 4, True, False]
['mclr', 0.0001, 'sala=1']
['alaska']
All jobs finished:
job: master          code: 0    runtime: 0:00:18.270964
job: grad_1_1        code: 0    runtime: 0:00:11.657913

Starting job execution
['gateway']
['seward']
['copy', '/project/lgagliardi/helenclifford/practice_rcc/sharc4/methaniminium/tutorial_reproduction/traj/Singlet_2/TRAJ_00006/restart/MOLCAS.1.JobIph.181', 'JOBOLD']
['rasscf', 1, 4, True, False]
['copy', 'MOLCAS.rasscf.h5', 'MOLCAS.1.rasscf.h5']
['copy', 'MOLCAS.JobIph', 'MOLCAS.1.JobIph']
['copy', '/project/lgagliardi/helenclifford/practice_rcc/sharc4/methaniminium/tutorial_reproduction/traj/Singlet_2/TRAJ_00006/restart/MOLCAS.3.JobIph.181', 'JOBOLD']
['rasscf', 3, 3, True, False]
['copy', 'MOLCAS.rasscf.h5', 'MOLCAS.3.rasscf.h5']
['copy', 'MOLCAS.JobIph', 'MOLCAS.3.JobIph']
['link', 'MOLCAS.1.JobIph', 'JOB001']
['rassi', 'dm', [4]]
['copy', 'MOLCAS.rassi.h5', 'MOLCAS.rassi.1.h5']
['link', 'MOLCAS.3.JobIph', 'JOB001']
['rassi', 'dm', [3]]
['copy', 'MOLCAS.rassi.h5', 'MOLCAS.rassi.3.h5']
['copy', '/project/lgagliardi/helenclifford/practice_rcc/sharc4/methaniminium/tutorial_reproduction/traj/Singlet_2/TRAJ_00006/restart/MOLCAS.1.JobIph.181', 'JOB001']
['link', 'MOLCAS.1.JobIph', 'JOB002']
['rassi', 'overlap', [4, 4]]
['copy', 'MOLCAS.rassi.h5', 'MOLCAS.rassi.ovlp.1.h5']
['copy', '/project/lgagliardi/helenclifford/practice_rcc/sharc4/methaniminium/tutorial_reproduction/traj/Singlet_2/TRAJ_00006/restart/MOLCAS.3.JobIph.181', 'JOB001']
['link', 'MOLCAS.3.JobIph', 'JOB002']
['rassi', 'overlap', [3, 3]]
['copy', 'MOLCAS.rassi.h5', 'MOLCAS.rassi.ovlp.3.h5']
['link', 'MOLCAS.1.JobIph', 'JOB001']
['link', 'MOLCAS.3.JobIph', 'JOB002']
['rassi', 'soc', [4, 3]]
['copy', '$master_path/MOLCAS.1.JobIph', 'JOBOLD']
['rasscf', 1, 4, True, False]
['mclr', 0.0001, 'sala=1']
['alaska']
All jobs finished:
job: master          code: 0    runtime: 0:00:15.181211
job: grad_1_1        code: 0    runtime: 0:00:09.847861

Starting job execution
['gateway']
['seward']
['copy', '/project/lgagliardi/helenclifford/practice_rcc/sharc4/methaniminium/tutorial_reproduction/traj/Singlet_2/TRAJ_00006/restart/MOLCAS.1.JobIph.182', 'JOBOLD']
['rasscf', 1, 4, True, False]
['copy', 'MOLCAS.rasscf.h5', 'MOLCAS.1.rasscf.h5']
['copy', 'MOLCAS.JobIph', 'MOLCAS.1.JobIph']
['copy', '/project/lgagliardi/helenclifford/practice_rcc/sharc4/methaniminium/tutorial_reproduction/traj/Singlet_2/TRAJ_00006/restart/MOLCAS.3.JobIph.182', 'JOBOLD']
['rasscf', 3, 3, True, False]
['copy', 'MOLCAS.rasscf.h5', 'MOLCAS.3.rasscf.h5']
['copy', 'MOLCAS.JobIph', 'MOLCAS.3.JobIph']
['link', 'MOLCAS.1.JobIph', 'JOB001']
['rassi', 'dm', [4]]
['copy', 'MOLCAS.rassi.h5', 'MOLCAS.rassi.1.h5']
['link', 'MOLCAS.3.JobIph', 'JOB001']
['rassi', 'dm', [3]]
['copy', 'MOLCAS.rassi.h5', 'MOLCAS.rassi.3.h5']
['copy', '/project/lgagliardi/helenclifford/practice_rcc/sharc4/methaniminium/tutorial_reproduction/traj/Singlet_2/TRAJ_00006/restart/MOLCAS.1.JobIph.182', 'JOB001']
['link', 'MOLCAS.1.JobIph', 'JOB002']
['rassi', 'overlap', [4, 4]]
['copy', 'MOLCAS.rassi.h5', 'MOLCAS.rassi.ovlp.1.h5']
['copy', '/project/lgagliardi/helenclifford/practice_rcc/sharc4/methaniminium/tutorial_reproduction/traj/Singlet_2/TRAJ_00006/restart/MOLCAS.3.JobIph.182', 'JOB001']
['link', 'MOLCAS.3.JobIph', 'JOB002']
['rassi', 'overlap', [3, 3]]
['copy', 'MOLCAS.rassi.h5', 'MOLCAS.rassi.ovlp.3.h5']
['link', 'MOLCAS.1.JobIph', 'JOB001']
['link', 'MOLCAS.3.JobIph', 'JOB002']
['rassi', 'soc', [4, 3]]
['copy', '$master_path/MOLCAS.1.JobIph', 'JOBOLD']
['rasscf', 1, 4, True, False]
['mclr', 0.0001, 'sala=1']
['alaska']
All jobs finished:
job: master          code: 0    runtime: 0:00:21.903640
job: grad_1_1        code: 0    runtime: 0:00:08.127099

Starting job execution
['gateway']
['seward']
['copy', '/project/lgagliardi/helenclifford/practice_rcc/sharc4/methaniminium/tutorial_reproduction/traj/Singlet_2/TRAJ_00006/restart/MOLCAS.1.JobIph.183', 'JOBOLD']
['rasscf', 1, 4, True, False]
['copy', 'MOLCAS.rasscf.h5', 'MOLCAS.1.rasscf.h5']
['copy', 'MOLCAS.JobIph', 'MOLCAS.1.JobIph']
['copy', '/project/lgagliardi/helenclifford/practice_rcc/sharc4/methaniminium/tutorial_reproduction/traj/Singlet_2/TRAJ_00006/restart/MOLCAS.3.JobIph.183', 'JOBOLD']
['rasscf', 3, 3, True, False]
['copy', 'MOLCAS.rasscf.h5', 'MOLCAS.3.rasscf.h5']
['copy', 'MOLCAS.JobIph', 'MOLCAS.3.JobIph']
['link', 'MOLCAS.1.JobIph', 'JOB001']
['rassi', 'dm', [4]]
['copy', 'MOLCAS.rassi.h5', 'MOLCAS.rassi.1.h5']
['link', 'MOLCAS.3.JobIph', 'JOB001']
['rassi', 'dm', [3]]
['copy', 'MOLCAS.rassi.h5', 'MOLCAS.rassi.3.h5']
['copy', '/project/lgagliardi/helenclifford/practice_rcc/sharc4/methaniminium/tutorial_reproduction/traj/Singlet_2/TRAJ_00006/restart/MOLCAS.1.JobIph.183', 'JOB001']
['link', 'MOLCAS.1.JobIph', 'JOB002']
['rassi', 'overlap', [4, 4]]
['copy', 'MOLCAS.rassi.h5', 'MOLCAS.rassi.ovlp.1.h5']
['copy', '/project/lgagliardi/helenclifford/practice_rcc/sharc4/methaniminium/tutorial_reproduction/traj/Singlet_2/TRAJ_00006/restart/MOLCAS.3.JobIph.183', 'JOB001']
['link', 'MOLCAS.3.JobIph', 'JOB002']
['rassi', 'overlap', [3, 3]]
['copy', 'MOLCAS.rassi.h5', 'MOLCAS.rassi.ovlp.3.h5']
['link', 'MOLCAS.1.JobIph', 'JOB001']
['link', 'MOLCAS.3.JobIph', 'JOB002']
['rassi', 'soc', [4, 3]]
['copy', '$master_path/MOLCAS.1.JobIph', 'JOBOLD']
['rasscf', 1, 4, True, False]
['mclr', 0.0001, 'sala=1']
['alaska']
All jobs finished:
job: master          code: 0    runtime: 0:00:20.133877
job: grad_1_1        code: 0    runtime: 0:00:08.833290

Starting job execution
['gateway']
['seward']
['copy', '/project/lgagliardi/helenclifford/practice_rcc/sharc4/methaniminium/tutorial_reproduction/traj/Singlet_2/TRAJ_00006/restart/MOLCAS.1.JobIph.184', 'JOBOLD']
['rasscf', 1, 4, True, False]
['copy', 'MOLCAS.rasscf.h5', 'MOLCAS.1.rasscf.h5']
['copy', 'MOLCAS.JobIph', 'MOLCAS.1.JobIph']
['copy', '/project/lgagliardi/helenclifford/practice_rcc/sharc4/methaniminium/tutorial_reproduction/traj/Singlet_2/TRAJ_00006/restart/MOLCAS.3.JobIph.184', 'JOBOLD']
['rasscf', 3, 3, True, False]
['copy', 'MOLCAS.rasscf.h5', 'MOLCAS.3.rasscf.h5']
['copy', 'MOLCAS.JobIph', 'MOLCAS.3.JobIph']
['link', 'MOLCAS.1.JobIph', 'JOB001']
['rassi', 'dm', [4]]
['copy', 'MOLCAS.rassi.h5', 'MOLCAS.rassi.1.h5']
['link', 'MOLCAS.3.JobIph', 'JOB001']
['rassi', 'dm', [3]]
['copy', 'MOLCAS.rassi.h5', 'MOLCAS.rassi.3.h5']
['copy', '/project/lgagliardi/helenclifford/practice_rcc/sharc4/methaniminium/tutorial_reproduction/traj/Singlet_2/TRAJ_00006/restart/MOLCAS.1.JobIph.184', 'JOB001']
['link', 'MOLCAS.1.JobIph', 'JOB002']
['rassi', 'overlap', [4, 4]]
['copy', 'MOLCAS.rassi.h5', 'MOLCAS.rassi.ovlp.1.h5']
['copy', '/project/lgagliardi/helenclifford/practice_rcc/sharc4/methaniminium/tutorial_reproduction/traj/Singlet_2/TRAJ_00006/restart/MOLCAS.3.JobIph.184', 'JOB001']
['link', 'MOLCAS.3.JobIph', 'JOB002']
['rassi', 'overlap', [3, 3]]
['copy', 'MOLCAS.rassi.h5', 'MOLCAS.rassi.ovlp.3.h5']
['link', 'MOLCAS.1.JobIph', 'JOB001']
['link', 'MOLCAS.3.JobIph', 'JOB002']
['rassi', 'soc', [4, 3]]
['copy', '$master_path/MOLCAS.1.JobIph', 'JOBOLD']
['rasscf', 1, 4, True, False]
['mclr', 0.0001, 'sala=1']
['alaska']
All jobs finished:
job: master          code: 0    runtime: 0:00:21.558781
job: grad_1_1        code: 0    runtime: 0:00:07.758114

Starting job execution
['gateway']
['seward']
['copy', '/project/lgagliardi/helenclifford/practice_rcc/sharc4/methaniminium/tutorial_reproduction/traj/Singlet_2/TRAJ_00006/restart/MOLCAS.1.JobIph.185', 'JOBOLD']
['rasscf', 1, 4, True, False]
['copy', 'MOLCAS.rasscf.h5', 'MOLCAS.1.rasscf.h5']
['copy', 'MOLCAS.JobIph', 'MOLCAS.1.JobIph']
['copy', '/project/lgagliardi/helenclifford/practice_rcc/sharc4/methaniminium/tutorial_reproduction/traj/Singlet_2/TRAJ_00006/restart/MOLCAS.3.JobIph.185', 'JOBOLD']
['rasscf', 3, 3, True, False]
['copy', 'MOLCAS.rasscf.h5', 'MOLCAS.3.rasscf.h5']
['copy', 'MOLCAS.JobIph', 'MOLCAS.3.JobIph']
['link', 'MOLCAS.1.JobIph', 'JOB001']
['rassi', 'dm', [4]]
['copy', 'MOLCAS.rassi.h5', 'MOLCAS.rassi.1.h5']
['link', 'MOLCAS.3.JobIph', 'JOB001']
['rassi', 'dm', [3]]
['copy', 'MOLCAS.rassi.h5', 'MOLCAS.rassi.3.h5']
['copy', '/project/lgagliardi/helenclifford/practice_rcc/sharc4/methaniminium/tutorial_reproduction/traj/Singlet_2/TRAJ_00006/restart/MOLCAS.1.JobIph.185', 'JOB001']
['link', 'MOLCAS.1.JobIph', 'JOB002']
['rassi', 'overlap', [4, 4]]
['copy', 'MOLCAS.rassi.h5', 'MOLCAS.rassi.ovlp.1.h5']
['copy', '/project/lgagliardi/helenclifford/practice_rcc/sharc4/methaniminium/tutorial_reproduction/traj/Singlet_2/TRAJ_00006/restart/MOLCAS.3.JobIph.185', 'JOB001']
['link', 'MOLCAS.3.JobIph', 'JOB002']
['rassi', 'overlap', [3, 3]]
['copy', 'MOLCAS.rassi.h5', 'MOLCAS.rassi.ovlp.3.h5']
['link', 'MOLCAS.1.JobIph', 'JOB001']
['link', 'MOLCAS.3.JobIph', 'JOB002']
['rassi', 'soc', [4, 3]]
['copy', '$master_path/MOLCAS.1.JobIph', 'JOBOLD']
['rasscf', 1, 4, True, False]
['mclr', 0.0001, 'sala=1']
['alaska']
All jobs finished:
job: master          code: 0    runtime: 0:00:20.316799
job: grad_1_1        code: 0    runtime: 0:00:08.241522

Starting job execution
['gateway']
['seward']
['copy', '/project/lgagliardi/helenclifford/practice_rcc/sharc4/methaniminium/tutorial_reproduction/traj/Singlet_2/TRAJ_00006/restart/MOLCAS.1.JobIph.186', 'JOBOLD']
['rasscf', 1, 4, True, False]
['copy', 'MOLCAS.rasscf.h5', 'MOLCAS.1.rasscf.h5']
['copy', 'MOLCAS.JobIph', 'MOLCAS.1.JobIph']
['copy', '/project/lgagliardi/helenclifford/practice_rcc/sharc4/methaniminium/tutorial_reproduction/traj/Singlet_2/TRAJ_00006/restart/MOLCAS.3.JobIph.186', 'JOBOLD']
['rasscf', 3, 3, True, False]
['copy', 'MOLCAS.rasscf.h5', 'MOLCAS.3.rasscf.h5']
['copy', 'MOLCAS.JobIph', 'MOLCAS.3.JobIph']
['link', 'MOLCAS.1.JobIph', 'JOB001']
['rassi', 'dm', [4]]
['copy', 'MOLCAS.rassi.h5', 'MOLCAS.rassi.1.h5']
['link', 'MOLCAS.3.JobIph', 'JOB001']
['rassi', 'dm', [3]]
['copy', 'MOLCAS.rassi.h5', 'MOLCAS.rassi.3.h5']
['copy', '/project/lgagliardi/helenclifford/practice_rcc/sharc4/methaniminium/tutorial_reproduction/traj/Singlet_2/TRAJ_00006/restart/MOLCAS.1.JobIph.186', 'JOB001']
['link', 'MOLCAS.1.JobIph', 'JOB002']
['rassi', 'overlap', [4, 4]]
['copy', 'MOLCAS.rassi.h5', 'MOLCAS.rassi.ovlp.1.h5']
['copy', '/project/lgagliardi/helenclifford/practice_rcc/sharc4/methaniminium/tutorial_reproduction/traj/Singlet_2/TRAJ_00006/restart/MOLCAS.3.JobIph.186', 'JOB001']
['link', 'MOLCAS.3.JobIph', 'JOB002']
['rassi', 'overlap', [3, 3]]
['copy', 'MOLCAS.rassi.h5', 'MOLCAS.rassi.ovlp.3.h5']
['link', 'MOLCAS.1.JobIph', 'JOB001']
['link', 'MOLCAS.3.JobIph', 'JOB002']
['rassi', 'soc', [4, 3]]
['copy', '$master_path/MOLCAS.1.JobIph', 'JOBOLD']
['rasscf', 1, 4, True, False]
['mclr', 0.0001, 'sala=1']
['alaska']
All jobs finished:
job: master          code: 0    runtime: 0:00:28.592870
job: grad_1_1        code: 0    runtime: 0:00:10.638845

Starting job execution
['gateway']
['seward']
['copy', '/project/lgagliardi/helenclifford/practice_rcc/sharc4/methaniminium/tutorial_reproduction/traj/Singlet_2/TRAJ_00006/restart/MOLCAS.1.JobIph.187', 'JOBOLD']
['rasscf', 1, 4, True, False]
['copy', 'MOLCAS.rasscf.h5', 'MOLCAS.1.rasscf.h5']
['copy', 'MOLCAS.JobIph', 'MOLCAS.1.JobIph']
['copy', '/project/lgagliardi/helenclifford/practice_rcc/sharc4/methaniminium/tutorial_reproduction/traj/Singlet_2/TRAJ_00006/restart/MOLCAS.3.JobIph.187', 'JOBOLD']
['rasscf', 3, 3, True, False]
['copy', 'MOLCAS.rasscf.h5', 'MOLCAS.3.rasscf.h5']
['copy', 'MOLCAS.JobIph', 'MOLCAS.3.JobIph']
['link', 'MOLCAS.1.JobIph', 'JOB001']
['rassi', 'dm', [4]]
['copy', 'MOLCAS.rassi.h5', 'MOLCAS.rassi.1.h5']
['link', 'MOLCAS.3.JobIph', 'JOB001']
['rassi', 'dm', [3]]
['copy', 'MOLCAS.rassi.h5', 'MOLCAS.rassi.3.h5']
['copy', '/project/lgagliardi/helenclifford/practice_rcc/sharc4/methaniminium/tutorial_reproduction/traj/Singlet_2/TRAJ_00006/restart/MOLCAS.1.JobIph.187', 'JOB001']
['link', 'MOLCAS.1.JobIph', 'JOB002']
['rassi', 'overlap', [4, 4]]
['copy', 'MOLCAS.rassi.h5', 'MOLCAS.rassi.ovlp.1.h5']
['copy', '/project/lgagliardi/helenclifford/practice_rcc/sharc4/methaniminium/tutorial_reproduction/traj/Singlet_2/TRAJ_00006/restart/MOLCAS.3.JobIph.187', 'JOB001']
['link', 'MOLCAS.3.JobIph', 'JOB002']
['rassi', 'overlap', [3, 3]]
['copy', 'MOLCAS.rassi.h5', 'MOLCAS.rassi.ovlp.3.h5']
['link', 'MOLCAS.1.JobIph', 'JOB001']
['link', 'MOLCAS.3.JobIph', 'JOB002']
['rassi', 'soc', [4, 3]]
['copy', '$master_path/MOLCAS.1.JobIph', 'JOBOLD']
['rasscf', 1, 4, True, False]
['mclr', 0.0001, 'sala=1']
['alaska']
All jobs finished:
job: master          code: 0    runtime: 0:00:23.757466
job: grad_1_1        code: 0    runtime: 0:00:09.055016

Starting job execution
['gateway']
['seward']
['copy', '/project/lgagliardi/helenclifford/practice_rcc/sharc4/methaniminium/tutorial_reproduction/traj/Singlet_2/TRAJ_00006/restart/MOLCAS.1.JobIph.188', 'JOBOLD']
['rasscf', 1, 4, True, False]
['copy', 'MOLCAS.rasscf.h5', 'MOLCAS.1.rasscf.h5']
['copy', 'MOLCAS.JobIph', 'MOLCAS.1.JobIph']
['copy', '/project/lgagliardi/helenclifford/practice_rcc/sharc4/methaniminium/tutorial_reproduction/traj/Singlet_2/TRAJ_00006/restart/MOLCAS.3.JobIph.188', 'JOBOLD']
['rasscf', 3, 3, True, False]
['copy', 'MOLCAS.rasscf.h5', 'MOLCAS.3.rasscf.h5']
['copy', 'MOLCAS.JobIph', 'MOLCAS.3.JobIph']
['link', 'MOLCAS.1.JobIph', 'JOB001']
['rassi', 'dm', [4]]
['copy', 'MOLCAS.rassi.h5', 'MOLCAS.rassi.1.h5']
['link', 'MOLCAS.3.JobIph', 'JOB001']
['rassi', 'dm', [3]]
['copy', 'MOLCAS.rassi.h5', 'MOLCAS.rassi.3.h5']
['copy', '/project/lgagliardi/helenclifford/practice_rcc/sharc4/methaniminium/tutorial_reproduction/traj/Singlet_2/TRAJ_00006/restart/MOLCAS.1.JobIph.188', 'JOB001']
['link', 'MOLCAS.1.JobIph', 'JOB002']
['rassi', 'overlap', [4, 4]]
['copy', 'MOLCAS.rassi.h5', 'MOLCAS.rassi.ovlp.1.h5']
['copy', '/project/lgagliardi/helenclifford/practice_rcc/sharc4/methaniminium/tutorial_reproduction/traj/Singlet_2/TRAJ_00006/restart/MOLCAS.3.JobIph.188', 'JOB001']
['link', 'MOLCAS.3.JobIph', 'JOB002']
['rassi', 'overlap', [3, 3]]
['copy', 'MOLCAS.rassi.h5', 'MOLCAS.rassi.ovlp.3.h5']
['link', 'MOLCAS.1.JobIph', 'JOB001']
['link', 'MOLCAS.3.JobIph', 'JOB002']
['rassi', 'soc', [4, 3]]
['copy', '$master_path/MOLCAS.1.JobIph', 'JOBOLD']
['rasscf', 1, 4, True, False]
['mclr', 0.0001, 'sala=1']
['alaska']
All jobs finished:
job: master          code: 0    runtime: 0:00:24.491552
job: grad_1_1        code: 0    runtime: 0:00:08.618299

Starting job execution
['gateway']
['seward']
['copy', '/project/lgagliardi/helenclifford/practice_rcc/sharc4/methaniminium/tutorial_reproduction/traj/Singlet_2/TRAJ_00006/restart/MOLCAS.1.JobIph.189', 'JOBOLD']
['rasscf', 1, 4, True, False]
['copy', 'MOLCAS.rasscf.h5', 'MOLCAS.1.rasscf.h5']
['copy', 'MOLCAS.JobIph', 'MOLCAS.1.JobIph']
['copy', '/project/lgagliardi/helenclifford/practice_rcc/sharc4/methaniminium/tutorial_reproduction/traj/Singlet_2/TRAJ_00006/restart/MOLCAS.3.JobIph.189', 'JOBOLD']
['rasscf', 3, 3, True, False]
['copy', 'MOLCAS.rasscf.h5', 'MOLCAS.3.rasscf.h5']
['copy', 'MOLCAS.JobIph', 'MOLCAS.3.JobIph']
['link', 'MOLCAS.1.JobIph', 'JOB001']
['rassi', 'dm', [4]]
['copy', 'MOLCAS.rassi.h5', 'MOLCAS.rassi.1.h5']
['link', 'MOLCAS.3.JobIph', 'JOB001']
['rassi', 'dm', [3]]
['copy', 'MOLCAS.rassi.h5', 'MOLCAS.rassi.3.h5']
['copy', '/project/lgagliardi/helenclifford/practice_rcc/sharc4/methaniminium/tutorial_reproduction/traj/Singlet_2/TRAJ_00006/restart/MOLCAS.1.JobIph.189', 'JOB001']
['link', 'MOLCAS.1.JobIph', 'JOB002']
['rassi', 'overlap', [4, 4]]
['copy', 'MOLCAS.rassi.h5', 'MOLCAS.rassi.ovlp.1.h5']
['copy', '/project/lgagliardi/helenclifford/practice_rcc/sharc4/methaniminium/tutorial_reproduction/traj/Singlet_2/TRAJ_00006/restart/MOLCAS.3.JobIph.189', 'JOB001']
['link', 'MOLCAS.3.JobIph', 'JOB002']
['rassi', 'overlap', [3, 3]]
['copy', 'MOLCAS.rassi.h5', 'MOLCAS.rassi.ovlp.3.h5']
['link', 'MOLCAS.1.JobIph', 'JOB001']
['link', 'MOLCAS.3.JobIph', 'JOB002']
['rassi', 'soc', [4, 3]]
['copy', '$master_path/MOLCAS.1.JobIph', 'JOBOLD']
['rasscf', 1, 4, True, False]
['mclr', 0.0001, 'sala=1']
['alaska']
All jobs finished:
job: master          code: 0    runtime: 0:00:16.535491
job: grad_1_1        code: 0    runtime: 0:00:07.823845

Starting job execution
['gateway']
['seward']
['copy', '/project/lgagliardi/helenclifford/practice_rcc/sharc4/methaniminium/tutorial_reproduction/traj/Singlet_2/TRAJ_00006/restart/MOLCAS.1.JobIph.190', 'JOBOLD']
['rasscf', 1, 4, True, False]
['copy', 'MOLCAS.rasscf.h5', 'MOLCAS.1.rasscf.h5']
['copy', 'MOLCAS.JobIph', 'MOLCAS.1.JobIph']
['copy', '/project/lgagliardi/helenclifford/practice_rcc/sharc4/methaniminium/tutorial_reproduction/traj/Singlet_2/TRAJ_00006/restart/MOLCAS.3.JobIph.190', 'JOBOLD']
['rasscf', 3, 3, True, False]
['copy', 'MOLCAS.rasscf.h5', 'MOLCAS.3.rasscf.h5']
['copy', 'MOLCAS.JobIph', 'MOLCAS.3.JobIph']
['link', 'MOLCAS.1.JobIph', 'JOB001']
['rassi', 'dm', [4]]
['copy', 'MOLCAS.rassi.h5', 'MOLCAS.rassi.1.h5']
['link', 'MOLCAS.3.JobIph', 'JOB001']
['rassi', 'dm', [3]]
['copy', 'MOLCAS.rassi.h5', 'MOLCAS.rassi.3.h5']
['copy', '/project/lgagliardi/helenclifford/practice_rcc/sharc4/methaniminium/tutorial_reproduction/traj/Singlet_2/TRAJ_00006/restart/MOLCAS.1.JobIph.189', 'JOB001']
['link', 'MOLCAS.1.JobIph', 'JOB002']
['rassi', 'overlap', [4, 4]]
['copy', 'MOLCAS.rassi.h5', 'MOLCAS.rassi.ovlp.1.h5']
['copy', '/project/lgagliardi/helenclifford/practice_rcc/sharc4/methaniminium/tutorial_reproduction/traj/Singlet_2/TRAJ_00006/restart/MOLCAS.3.JobIph.189', 'JOB001']
['link', 'MOLCAS.3.JobIph', 'JOB002']
['rassi', 'overlap', [3, 3]]
['copy', 'MOLCAS.rassi.h5', 'MOLCAS.rassi.ovlp.3.h5']
['link', 'MOLCAS.1.JobIph', 'JOB001']
['link', 'MOLCAS.3.JobIph', 'JOB002']
['rassi', 'soc', [4, 3]]
['copy', '$master_path/MOLCAS.3.JobIph', 'JOBOLD']
['rasscf', 3, 3, True, False]
['mclr', 0.0001, 'sala=1']
['alaska']
['copy', '$master_path/MOLCAS.1.JobIph', 'JOBOLD']
['rasscf', 1, 4, True, False]
['mclr', 0.0001, 'sala=1']
['alaska']
All jobs finished:
job: master          code: 0    runtime: 0:00:15.420814
job: grad_3_1        code: 0    runtime: 0:00:09.144026
job: grad_1_1        code: 0    runtime: 0:00:08.751857

Starting job execution
['gateway']
['seward']
['copy', '/project/lgagliardi/helenclifford/practice_rcc/sharc4/methaniminium/tutorial_reproduction/traj/Singlet_2/TRAJ_00006/restart/MOLCAS.1.JobIph.190', 'JOBOLD']
['rasscf', 1, 4, True, False]
['copy', 'MOLCAS.rasscf.h5', 'MOLCAS.1.rasscf.h5']
['copy', 'MOLCAS.JobIph', 'MOLCAS.1.JobIph']
['copy', '/project/lgagliardi/helenclifford/practice_rcc/sharc4/methaniminium/tutorial_reproduction/traj/Singlet_2/TRAJ_00006/restart/MOLCAS.3.JobIph.190', 'JOBOLD']
['rasscf', 3, 3, True, False]
['copy', 'MOLCAS.rasscf.h5', 'MOLCAS.3.rasscf.h5']
['copy', 'MOLCAS.JobIph', 'MOLCAS.3.JobIph']
['link', 'MOLCAS.1.JobIph', 'JOB001']
['rassi', 'dm', [4]]
['copy', 'MOLCAS.rassi.h5', 'MOLCAS.rassi.1.h5']
['link', 'MOLCAS.3.JobIph', 'JOB001']
['rassi', 'dm', [3]]
['copy', 'MOLCAS.rassi.h5', 'MOLCAS.rassi.3.h5']
['copy', '/project/lgagliardi/helenclifford/practice_rcc/sharc4/methaniminium/tutorial_reproduction/traj/Singlet_2/TRAJ_00006/restart/MOLCAS.1.JobIph.190', 'JOB001']
['link', 'MOLCAS.1.JobIph', 'JOB002']
['rassi', 'overlap', [4, 4]]
['copy', 'MOLCAS.rassi.h5', 'MOLCAS.rassi.ovlp.1.h5']
['copy', '/project/lgagliardi/helenclifford/practice_rcc/sharc4/methaniminium/tutorial_reproduction/traj/Singlet_2/TRAJ_00006/restart/MOLCAS.3.JobIph.190', 'JOB001']
['link', 'MOLCAS.3.JobIph', 'JOB002']
['rassi', 'overlap', [3, 3]]
['copy', 'MOLCAS.rassi.h5', 'MOLCAS.rassi.ovlp.3.h5']
['link', 'MOLCAS.1.JobIph', 'JOB001']
['link', 'MOLCAS.3.JobIph', 'JOB002']
['rassi', 'soc', [4, 3]]
['copy', '$master_path/MOLCAS.3.JobIph', 'JOBOLD']
['rasscf', 3, 3, True, False]
['mclr', 0.0001, 'sala=1']
['alaska']
['copy', '$master_path/MOLCAS.1.JobIph', 'JOBOLD']
['rasscf', 1, 4, True, False]
['mclr', 0.0001, 'sala=1']
['alaska']
All jobs finished:
job: master          code: 0    runtime: 0:00:26.346189
job: grad_3_1        code: 0    runtime: 0:00:08.417635
job: grad_1_1        code: 0    runtime: 0:00:09.544313

Starting job execution
['gateway']
['seward']
['copy', '/project/lgagliardi/helenclifford/practice_rcc/sharc4/methaniminium/tutorial_reproduction/traj/Singlet_2/TRAJ_00006/restart/MOLCAS.1.JobIph.191', 'JOBOLD']
['rasscf', 1, 4, True, False]
['copy', 'MOLCAS.rasscf.h5', 'MOLCAS.1.rasscf.h5']
['copy', 'MOLCAS.JobIph', 'MOLCAS.1.JobIph']
['copy', '/project/lgagliardi/helenclifford/practice_rcc/sharc4/methaniminium/tutorial_reproduction/traj/Singlet_2/TRAJ_00006/restart/MOLCAS.3.JobIph.191', 'JOBOLD']
['rasscf', 3, 3, True, False]
['copy', 'MOLCAS.rasscf.h5', 'MOLCAS.3.rasscf.h5']
['copy', 'MOLCAS.JobIph', 'MOLCAS.3.JobIph']
['link', 'MOLCAS.1.JobIph', 'JOB001']
['rassi', 'dm', [4]]
['copy', 'MOLCAS.rassi.h5', 'MOLCAS.rassi.1.h5']
['link', 'MOLCAS.3.JobIph', 'JOB001']
['rassi', 'dm', [3]]
['copy', 'MOLCAS.rassi.h5', 'MOLCAS.rassi.3.h5']
['copy', '/project/lgagliardi/helenclifford/practice_rcc/sharc4/methaniminium/tutorial_reproduction/traj/Singlet_2/TRAJ_00006/restart/MOLCAS.1.JobIph.190', 'JOB001']
['link', 'MOLCAS.1.JobIph', 'JOB002']
['rassi', 'overlap', [4, 4]]
['copy', 'MOLCAS.rassi.h5', 'MOLCAS.rassi.ovlp.1.h5']
['copy', '/project/lgagliardi/helenclifford/practice_rcc/sharc4/methaniminium/tutorial_reproduction/traj/Singlet_2/TRAJ_00006/restart/MOLCAS.3.JobIph.190', 'JOB001']
['link', 'MOLCAS.3.JobIph', 'JOB002']
['rassi', 'overlap', [3, 3]]
['copy', 'MOLCAS.rassi.h5', 'MOLCAS.rassi.ovlp.3.h5']
['link', 'MOLCAS.1.JobIph', 'JOB001']
['link', 'MOLCAS.3.JobIph', 'JOB002']
['rassi', 'soc', [4, 3]]
['copy', '$master_path/MOLCAS.1.JobIph', 'JOBOLD']
['rasscf', 1, 4, True, False]
['mclr', 0.0001, 'sala=2']
['alaska']
All jobs finished:
job: master          code: 0    runtime: 0:00:17.071493
job: grad_1_2        code: 0    runtime: 0:00:09.296852

Starting job execution
['gateway']
['seward']
['copy', '/project/lgagliardi/helenclifford/practice_rcc/sharc4/methaniminium/tutorial_reproduction/traj/Singlet_2/TRAJ_00006/restart/MOLCAS.1.JobIph.191', 'JOBOLD']
['rasscf', 1, 4, True, False]
['copy', 'MOLCAS.rasscf.h5', 'MOLCAS.1.rasscf.h5']
['copy', 'MOLCAS.JobIph', 'MOLCAS.1.JobIph']
['copy', '/project/lgagliardi/helenclifford/practice_rcc/sharc4/methaniminium/tutorial_reproduction/traj/Singlet_2/TRAJ_00006/restart/MOLCAS.3.JobIph.191', 'JOBOLD']
['rasscf', 3, 3, True, False]
['copy', 'MOLCAS.rasscf.h5', 'MOLCAS.3.rasscf.h5']
['copy', 'MOLCAS.JobIph', 'MOLCAS.3.JobIph']
['link', 'MOLCAS.1.JobIph', 'JOB001']
['rassi', 'dm', [4]]
['copy', 'MOLCAS.rassi.h5', 'MOLCAS.rassi.1.h5']
['link', 'MOLCAS.3.JobIph', 'JOB001']
['rassi', 'dm', [3]]
['copy', 'MOLCAS.rassi.h5', 'MOLCAS.rassi.3.h5']
['copy', '/project/lgagliardi/helenclifford/practice_rcc/sharc4/methaniminium/tutorial_reproduction/traj/Singlet_2/TRAJ_00006/restart/MOLCAS.1.JobIph.191', 'JOB001']
['link', 'MOLCAS.1.JobIph', 'JOB002']
['rassi', 'overlap', [4, 4]]
['copy', 'MOLCAS.rassi.h5', 'MOLCAS.rassi.ovlp.1.h5']
['copy', '/project/lgagliardi/helenclifford/practice_rcc/sharc4/methaniminium/tutorial_reproduction/traj/Singlet_2/TRAJ_00006/restart/MOLCAS.3.JobIph.191', 'JOB001']
['link', 'MOLCAS.3.JobIph', 'JOB002']
['rassi', 'overlap', [3, 3]]
['copy', 'MOLCAS.rassi.h5', 'MOLCAS.rassi.ovlp.3.h5']
['link', 'MOLCAS.1.JobIph', 'JOB001']
['link', 'MOLCAS.3.JobIph', 'JOB002']
['rassi', 'soc', [4, 3]]
['copy', '$master_path/MOLCAS.1.JobIph', 'JOBOLD']
['rasscf', 1, 4, True, False]
['mclr', 0.0001, 'sala=2']
['alaska']
All jobs finished:
job: master          code: 0    runtime: 0:00:19.263030
job: grad_1_2        code: 0    runtime: 0:00:08.726310

Starting job execution
['gateway']
['seward']
['copy', '/project/lgagliardi/helenclifford/practice_rcc/sharc4/methaniminium/tutorial_reproduction/traj/Singlet_2/TRAJ_00006/restart/MOLCAS.1.JobIph.192', 'JOBOLD']
['rasscf', 1, 4, True, False]
['copy', 'MOLCAS.rasscf.h5', 'MOLCAS.1.rasscf.h5']
['copy', 'MOLCAS.JobIph', 'MOLCAS.1.JobIph']
['copy', '/project/lgagliardi/helenclifford/practice_rcc/sharc4/methaniminium/tutorial_reproduction/traj/Singlet_2/TRAJ_00006/restart/MOLCAS.3.JobIph.192', 'JOBOLD']
['rasscf', 3, 3, True, False]
['copy', 'MOLCAS.rasscf.h5', 'MOLCAS.3.rasscf.h5']
['copy', 'MOLCAS.JobIph', 'MOLCAS.3.JobIph']
['link', 'MOLCAS.1.JobIph', 'JOB001']
['rassi', 'dm', [4]]
['copy', 'MOLCAS.rassi.h5', 'MOLCAS.rassi.1.h5']
['link', 'MOLCAS.3.JobIph', 'JOB001']
['rassi', 'dm', [3]]
['copy', 'MOLCAS.rassi.h5', 'MOLCAS.rassi.3.h5']
['copy', '/project/lgagliardi/helenclifford/practice_rcc/sharc4/methaniminium/tutorial_reproduction/traj/Singlet_2/TRAJ_00006/restart/MOLCAS.1.JobIph.192', 'JOB001']
['link', 'MOLCAS.1.JobIph', 'JOB002']
['rassi', 'overlap', [4, 4]]
['copy', 'MOLCAS.rassi.h5', 'MOLCAS.rassi.ovlp.1.h5']
['copy', '/project/lgagliardi/helenclifford/practice_rcc/sharc4/methaniminium/tutorial_reproduction/traj/Singlet_2/TRAJ_00006/restart/MOLCAS.3.JobIph.192', 'JOB001']
['link', 'MOLCAS.3.JobIph', 'JOB002']
['rassi', 'overlap', [3, 3]]
['copy', 'MOLCAS.rassi.h5', 'MOLCAS.rassi.ovlp.3.h5']
['link', 'MOLCAS.1.JobIph', 'JOB001']
['link', 'MOLCAS.3.JobIph', 'JOB002']
['rassi', 'soc', [4, 3]]
['copy', '$master_path/MOLCAS.1.JobIph', 'JOBOLD']
['rasscf', 1, 4, True, False]
['mclr', 0.0001, 'sala=2']
['alaska']
All jobs finished:
job: master          code: 0    runtime: 0:00:16.482702
job: grad_1_2        code: 0    runtime: 0:00:02.736542

Starting job execution
['gateway']
['seward']
['copy', '/project/lgagliardi/helenclifford/practice_rcc/sharc4/methaniminium/tutorial_reproduction/traj/Singlet_2/TRAJ_00006/restart/MOLCAS.1.JobIph.193', 'JOBOLD']
['rasscf', 1, 4, True, False]
['copy', 'MOLCAS.rasscf.h5', 'MOLCAS.1.rasscf.h5']
['copy', 'MOLCAS.JobIph', 'MOLCAS.1.JobIph']
['copy', '/project/lgagliardi/helenclifford/practice_rcc/sharc4/methaniminium/tutorial_reproduction/traj/Singlet_2/TRAJ_00006/restart/MOLCAS.3.JobIph.193', 'JOBOLD']
['rasscf', 3, 3, True, False]
['copy', 'MOLCAS.rasscf.h5', 'MOLCAS.3.rasscf.h5']
['copy', 'MOLCAS.JobIph', 'MOLCAS.3.JobIph']
['link', 'MOLCAS.1.JobIph', 'JOB001']
['rassi', 'dm', [4]]
['copy', 'MOLCAS.rassi.h5', 'MOLCAS.rassi.1.h5']
['link', 'MOLCAS.3.JobIph', 'JOB001']
['rassi', 'dm', [3]]
['copy', 'MOLCAS.rassi.h5', 'MOLCAS.rassi.3.h5']
['copy', '/project/lgagliardi/helenclifford/practice_rcc/sharc4/methaniminium/tutorial_reproduction/traj/Singlet_2/TRAJ_00006/restart/MOLCAS.1.JobIph.193', 'JOB001']
['link', 'MOLCAS.1.JobIph', 'JOB002']
['rassi', 'overlap', [4, 4]]
['copy', 'MOLCAS.rassi.h5', 'MOLCAS.rassi.ovlp.1.h5']
['copy', '/project/lgagliardi/helenclifford/practice_rcc/sharc4/methaniminium/tutorial_reproduction/traj/Singlet_2/TRAJ_00006/restart/MOLCAS.3.JobIph.193', 'JOB001']
['link', 'MOLCAS.3.JobIph', 'JOB002']
['rassi', 'overlap', [3, 3]]
['copy', 'MOLCAS.rassi.h5', 'MOLCAS.rassi.ovlp.3.h5']
['link', 'MOLCAS.1.JobIph', 'JOB001']
['link', 'MOLCAS.3.JobIph', 'JOB002']
['rassi', 'soc', [4, 3]]
['copy', '$master_path/MOLCAS.1.JobIph', 'JOBOLD']
['rasscf', 1, 4, True, False]
['mclr', 0.0001, 'sala=2']
['alaska']
All jobs finished:
job: master          code: 0    runtime: 0:00:27.276678
job: grad_1_2        code: 0    runtime: 0:00:11.662107

Starting job execution
['gateway']
['seward']
['copy', '/project/lgagliardi/helenclifford/practice_rcc/sharc4/methaniminium/tutorial_reproduction/traj/Singlet_2/TRAJ_00006/restart/MOLCAS.1.JobIph.194', 'JOBOLD']
['rasscf', 1, 4, True, False]
['copy', 'MOLCAS.rasscf.h5', 'MOLCAS.1.rasscf.h5']
['copy', 'MOLCAS.JobIph', 'MOLCAS.1.JobIph']
['copy', '/project/lgagliardi/helenclifford/practice_rcc/sharc4/methaniminium/tutorial_reproduction/traj/Singlet_2/TRAJ_00006/restart/MOLCAS.3.JobIph.194', 'JOBOLD']
['rasscf', 3, 3, True, False]
['copy', 'MOLCAS.rasscf.h5', 'MOLCAS.3.rasscf.h5']
['copy', 'MOLCAS.JobIph', 'MOLCAS.3.JobIph']
['link', 'MOLCAS.1.JobIph', 'JOB001']
['rassi', 'dm', [4]]
['copy', 'MOLCAS.rassi.h5', 'MOLCAS.rassi.1.h5']
['link', 'MOLCAS.3.JobIph', 'JOB001']
['rassi', 'dm', [3]]
['copy', 'MOLCAS.rassi.h5', 'MOLCAS.rassi.3.h5']
['copy', '/project/lgagliardi/helenclifford/practice_rcc/sharc4/methaniminium/tutorial_reproduction/traj/Singlet_2/TRAJ_00006/restart/MOLCAS.1.JobIph.193', 'JOB001']
['link', 'MOLCAS.1.JobIph', 'JOB002']
['rassi', 'overlap', [4, 4]]
['copy', 'MOLCAS.rassi.h5', 'MOLCAS.rassi.ovlp.1.h5']
['copy', '/project/lgagliardi/helenclifford/practice_rcc/sharc4/methaniminium/tutorial_reproduction/traj/Singlet_2/TRAJ_00006/restart/MOLCAS.3.JobIph.193', 'JOB001']
['link', 'MOLCAS.3.JobIph', 'JOB002']
['rassi', 'overlap', [3, 3]]
['copy', 'MOLCAS.rassi.h5', 'MOLCAS.rassi.ovlp.3.h5']
['link', 'MOLCAS.1.JobIph', 'JOB001']
['link', 'MOLCAS.3.JobIph', 'JOB002']
['rassi', 'soc', [4, 3]]
['copy', '$master_path/MOLCAS.3.JobIph', 'JOBOLD']
['rasscf', 3, 3, True, False]
['mclr', 0.0001, 'sala=2']
['alaska']
['copy', '$master_path/MOLCAS.1.JobIph', 'JOBOLD']
['rasscf', 1, 4, True, False]
['mclr', 0.0001, 'sala=2']
['alaska']
All jobs finished:
job: master          code: 0    runtime: 0:00:15.504108
job: grad_3_2        code: 0    runtime: 0:00:11.190658
job: grad_1_2        code: 0    runtime: 0:00:09.665055

Starting job execution
['gateway']
['seward']
['copy', '/project/lgagliardi/helenclifford/practice_rcc/sharc4/methaniminium/tutorial_reproduction/traj/Singlet_2/TRAJ_00006/restart/MOLCAS.1.JobIph.194', 'JOBOLD']
['rasscf', 1, 4, True, False]
['copy', 'MOLCAS.rasscf.h5', 'MOLCAS.1.rasscf.h5']
['copy', 'MOLCAS.JobIph', 'MOLCAS.1.JobIph']
['copy', '/project/lgagliardi/helenclifford/practice_rcc/sharc4/methaniminium/tutorial_reproduction/traj/Singlet_2/TRAJ_00006/restart/MOLCAS.3.JobIph.194', 'JOBOLD']
['rasscf', 3, 3, True, False]
['copy', 'MOLCAS.rasscf.h5', 'MOLCAS.3.rasscf.h5']
['copy', 'MOLCAS.JobIph', 'MOLCAS.3.JobIph']
['link', 'MOLCAS.1.JobIph', 'JOB001']
['rassi', 'dm', [4]]
['copy', 'MOLCAS.rassi.h5', 'MOLCAS.rassi.1.h5']
['link', 'MOLCAS.3.JobIph', 'JOB001']
['rassi', 'dm', [3]]
['copy', 'MOLCAS.rassi.h5', 'MOLCAS.rassi.3.h5']
['copy', '/project/lgagliardi/helenclifford/practice_rcc/sharc4/methaniminium/tutorial_reproduction/traj/Singlet_2/TRAJ_00006/restart/MOLCAS.1.JobIph.194', 'JOB001']
['link', 'MOLCAS.1.JobIph', 'JOB002']
['rassi', 'overlap', [4, 4]]
['copy', 'MOLCAS.rassi.h5', 'MOLCAS.rassi.ovlp.1.h5']
['copy', '/project/lgagliardi/helenclifford/practice_rcc/sharc4/methaniminium/tutorial_reproduction/traj/Singlet_2/TRAJ_00006/restart/MOLCAS.3.JobIph.194', 'JOB001']
['link', 'MOLCAS.3.JobIph', 'JOB002']
['rassi', 'overlap', [3, 3]]
['copy', 'MOLCAS.rassi.h5', 'MOLCAS.rassi.ovlp.3.h5']
['link', 'MOLCAS.1.JobIph', 'JOB001']
['link', 'MOLCAS.3.JobIph', 'JOB002']
['rassi', 'soc', [4, 3]]
['copy', '$master_path/MOLCAS.3.JobIph', 'JOBOLD']
['rasscf', 3, 3, True, False]
['mclr', 0.0001, 'sala=2']
['alaska']
['copy', '$master_path/MOLCAS.1.JobIph', 'JOBOLD']
['rasscf', 1, 4, True, False]
['mclr', 0.0001, 'sala=2']
['alaska']
All jobs finished:
job: master          code: 0    runtime: 0:00:17.685523
job: grad_3_2        code: 0    runtime: 0:00:11.265993
job: grad_1_2        code: 0    runtime: 0:00:11.883988

Starting job execution
['gateway']
['seward']
['copy', '/project/lgagliardi/helenclifford/practice_rcc/sharc4/methaniminium/tutorial_reproduction/traj/Singlet_2/TRAJ_00006/restart/MOLCAS.1.JobIph.195', 'JOBOLD']
['rasscf', 1, 4, True, False]
['copy', 'MOLCAS.rasscf.h5', 'MOLCAS.1.rasscf.h5']
['copy', 'MOLCAS.JobIph', 'MOLCAS.1.JobIph']
['copy', '/project/lgagliardi/helenclifford/practice_rcc/sharc4/methaniminium/tutorial_reproduction/traj/Singlet_2/TRAJ_00006/restart/MOLCAS.3.JobIph.195', 'JOBOLD']
['rasscf', 3, 3, True, False]
['copy', 'MOLCAS.rasscf.h5', 'MOLCAS.3.rasscf.h5']
['copy', 'MOLCAS.JobIph', 'MOLCAS.3.JobIph']
['link', 'MOLCAS.1.JobIph', 'JOB001']
['rassi', 'dm', [4]]
['copy', 'MOLCAS.rassi.h5', 'MOLCAS.rassi.1.h5']
['link', 'MOLCAS.3.JobIph', 'JOB001']
['rassi', 'dm', [3]]
['copy', 'MOLCAS.rassi.h5', 'MOLCAS.rassi.3.h5']
['copy', '/project/lgagliardi/helenclifford/practice_rcc/sharc4/methaniminium/tutorial_reproduction/traj/Singlet_2/TRAJ_00006/restart/MOLCAS.1.JobIph.195', 'JOB001']
['link', 'MOLCAS.1.JobIph', 'JOB002']
['rassi', 'overlap', [4, 4]]
['copy', 'MOLCAS.rassi.h5', 'MOLCAS.rassi.ovlp.1.h5']
['copy', '/project/lgagliardi/helenclifford/practice_rcc/sharc4/methaniminium/tutorial_reproduction/traj/Singlet_2/TRAJ_00006/restart/MOLCAS.3.JobIph.195', 'JOB001']
['link', 'MOLCAS.3.JobIph', 'JOB002']
['rassi', 'overlap', [3, 3]]
['copy', 'MOLCAS.rassi.h5', 'MOLCAS.rassi.ovlp.3.h5']
['link', 'MOLCAS.1.JobIph', 'JOB001']
['link', 'MOLCAS.3.JobIph', 'JOB002']
['rassi', 'soc', [4, 3]]
['copy', '$master_path/MOLCAS.1.JobIph', 'JOBOLD']
['rasscf', 1, 4, True, False]
['mclr', 0.0001, 'sala=2']
['alaska']
All jobs finished:
job: master          code: 0    runtime: 0:00:15.260395
job: grad_1_2        code: 0    runtime: 0:00:13.161474

Starting job execution
['gateway']
['seward']
['copy', '/project/lgagliardi/helenclifford/practice_rcc/sharc4/methaniminium/tutorial_reproduction/traj/Singlet_2/TRAJ_00006/restart/MOLCAS.1.JobIph.196', 'JOBOLD']
['rasscf', 1, 4, True, False]
['copy', 'MOLCAS.rasscf.h5', 'MOLCAS.1.rasscf.h5']
['copy', 'MOLCAS.JobIph', 'MOLCAS.1.JobIph']
['copy', '/project/lgagliardi/helenclifford/practice_rcc/sharc4/methaniminium/tutorial_reproduction/traj/Singlet_2/TRAJ_00006/restart/MOLCAS.3.JobIph.196', 'JOBOLD']
['rasscf', 3, 3, True, False]
['copy', 'MOLCAS.rasscf.h5', 'MOLCAS.3.rasscf.h5']
['copy', 'MOLCAS.JobIph', 'MOLCAS.3.JobIph']
['link', 'MOLCAS.1.JobIph', 'JOB001']
['rassi', 'dm', [4]]
['copy', 'MOLCAS.rassi.h5', 'MOLCAS.rassi.1.h5']
['link', 'MOLCAS.3.JobIph', 'JOB001']
['rassi', 'dm', [3]]
['copy', 'MOLCAS.rassi.h5', 'MOLCAS.rassi.3.h5']
['copy', '/project/lgagliardi/helenclifford/practice_rcc/sharc4/methaniminium/tutorial_reproduction/traj/Singlet_2/TRAJ_00006/restart/MOLCAS.1.JobIph.196', 'JOB001']
['link', 'MOLCAS.1.JobIph', 'JOB002']
['rassi', 'overlap', [4, 4]]
['copy', 'MOLCAS.rassi.h5', 'MOLCAS.rassi.ovlp.1.h5']
['copy', '/project/lgagliardi/helenclifford/practice_rcc/sharc4/methaniminium/tutorial_reproduction/traj/Singlet_2/TRAJ_00006/restart/MOLCAS.3.JobIph.196', 'JOB001']
['link', 'MOLCAS.3.JobIph', 'JOB002']
['rassi', 'overlap', [3, 3]]
['copy', 'MOLCAS.rassi.h5', 'MOLCAS.rassi.ovlp.3.h5']
['link', 'MOLCAS.1.JobIph', 'JOB001']
['link', 'MOLCAS.3.JobIph', 'JOB002']
['rassi', 'soc', [4, 3]]
['copy', '$master_path/MOLCAS.1.JobIph', 'JOBOLD']
['rasscf', 1, 4, True, False]
['mclr', 0.0001, 'sala=2']
['alaska']
All jobs finished:
job: master          code: 0    runtime: 0:00:13.792582
job: grad_1_2        code: 0    runtime: 0:00:16.780555

Starting job execution
['gateway']
['seward']
['copy', '/project/lgagliardi/helenclifford/practice_rcc/sharc4/methaniminium/tutorial_reproduction/traj/Singlet_2/TRAJ_00006/restart/MOLCAS.1.JobIph.197', 'JOBOLD']
['rasscf', 1, 4, True, False]
['copy', 'MOLCAS.rasscf.h5', 'MOLCAS.1.rasscf.h5']
['copy', 'MOLCAS.JobIph', 'MOLCAS.1.JobIph']
['copy', '/project/lgagliardi/helenclifford/practice_rcc/sharc4/methaniminium/tutorial_reproduction/traj/Singlet_2/TRAJ_00006/restart/MOLCAS.3.JobIph.197', 'JOBOLD']
['rasscf', 3, 3, True, False]
['copy', 'MOLCAS.rasscf.h5', 'MOLCAS.3.rasscf.h5']
['copy', 'MOLCAS.JobIph', 'MOLCAS.3.JobIph']
['link', 'MOLCAS.1.JobIph', 'JOB001']
['rassi', 'dm', [4]]
['copy', 'MOLCAS.rassi.h5', 'MOLCAS.rassi.1.h5']
['link', 'MOLCAS.3.JobIph', 'JOB001']
['rassi', 'dm', [3]]
['copy', 'MOLCAS.rassi.h5', 'MOLCAS.rassi.3.h5']
['copy', '/project/lgagliardi/helenclifford/practice_rcc/sharc4/methaniminium/tutorial_reproduction/traj/Singlet_2/TRAJ_00006/restart/MOLCAS.1.JobIph.197', 'JOB001']
['link', 'MOLCAS.1.JobIph', 'JOB002']
['rassi', 'overlap', [4, 4]]
['copy', 'MOLCAS.rassi.h5', 'MOLCAS.rassi.ovlp.1.h5']
['copy', '/project/lgagliardi/helenclifford/practice_rcc/sharc4/methaniminium/tutorial_reproduction/traj/Singlet_2/TRAJ_00006/restart/MOLCAS.3.JobIph.197', 'JOB001']
['link', 'MOLCAS.3.JobIph', 'JOB002']
['rassi', 'overlap', [3, 3]]
['copy', 'MOLCAS.rassi.h5', 'MOLCAS.rassi.ovlp.3.h5']
['link', 'MOLCAS.1.JobIph', 'JOB001']
['link', 'MOLCAS.3.JobIph', 'JOB002']
['rassi', 'soc', [4, 3]]
['copy', '$master_path/MOLCAS.1.JobIph', 'JOBOLD']
['rasscf', 1, 4, True, False]
['mclr', 0.0001, 'sala=2']
['alaska']
All jobs finished:
job: master          code: 0    runtime: 0:00:18.739229
job: grad_1_2        code: 0    runtime: 0:00:07.505918

Starting job execution
['gateway']
['seward']
['copy', '/project/lgagliardi/helenclifford/practice_rcc/sharc4/methaniminium/tutorial_reproduction/traj/Singlet_2/TRAJ_00006/restart/MOLCAS.1.JobIph.198', 'JOBOLD']
['rasscf', 1, 4, True, False]
['copy', 'MOLCAS.rasscf.h5', 'MOLCAS.1.rasscf.h5']
['copy', 'MOLCAS.JobIph', 'MOLCAS.1.JobIph']
['copy', '/project/lgagliardi/helenclifford/practice_rcc/sharc4/methaniminium/tutorial_reproduction/traj/Singlet_2/TRAJ_00006/restart/MOLCAS.3.JobIph.198', 'JOBOLD']
['rasscf', 3, 3, True, False]
['copy', 'MOLCAS.rasscf.h5', 'MOLCAS.3.rasscf.h5']
['copy', 'MOLCAS.JobIph', 'MOLCAS.3.JobIph']
['link', 'MOLCAS.1.JobIph', 'JOB001']
['rassi', 'dm', [4]]
['copy', 'MOLCAS.rassi.h5', 'MOLCAS.rassi.1.h5']
['link', 'MOLCAS.3.JobIph', 'JOB001']
['rassi', 'dm', [3]]
['copy', 'MOLCAS.rassi.h5', 'MOLCAS.rassi.3.h5']
['copy', '/project/lgagliardi/helenclifford/practice_rcc/sharc4/methaniminium/tutorial_reproduction/traj/Singlet_2/TRAJ_00006/restart/MOLCAS.1.JobIph.198', 'JOB001']
['link', 'MOLCAS.1.JobIph', 'JOB002']
['rassi', 'overlap', [4, 4]]
['copy', 'MOLCAS.rassi.h5', 'MOLCAS.rassi.ovlp.1.h5']
['copy', '/project/lgagliardi/helenclifford/practice_rcc/sharc4/methaniminium/tutorial_reproduction/traj/Singlet_2/TRAJ_00006/restart/MOLCAS.3.JobIph.198', 'JOB001']
['link', 'MOLCAS.3.JobIph', 'JOB002']
['rassi', 'overlap', [3, 3]]
['copy', 'MOLCAS.rassi.h5', 'MOLCAS.rassi.ovlp.3.h5']
['link', 'MOLCAS.1.JobIph', 'JOB001']
['link', 'MOLCAS.3.JobIph', 'JOB002']
['rassi', 'soc', [4, 3]]
['copy', '$master_path/MOLCAS.1.JobIph', 'JOBOLD']
['rasscf', 1, 4, True, False]
['mclr', 0.0001, 'sala=2']
['alaska']
All jobs finished:
job: master          code: 0    runtime: 0:00:21.699164
job: grad_1_2        code: 0    runtime: 0:00:09.449684

Starting job execution
['gateway']
['seward']
['copy', '/project/lgagliardi/helenclifford/practice_rcc/sharc4/methaniminium/tutorial_reproduction/traj/Singlet_2/TRAJ_00006/restart/MOLCAS.1.JobIph.199', 'JOBOLD']
['rasscf', 1, 4, True, False]
['copy', 'MOLCAS.rasscf.h5', 'MOLCAS.1.rasscf.h5']
['copy', 'MOLCAS.JobIph', 'MOLCAS.1.JobIph']
['copy', '/project/lgagliardi/helenclifford/practice_rcc/sharc4/methaniminium/tutorial_reproduction/traj/Singlet_2/TRAJ_00006/restart/MOLCAS.3.JobIph.199', 'JOBOLD']
['rasscf', 3, 3, True, False]
['copy', 'MOLCAS.rasscf.h5', 'MOLCAS.3.rasscf.h5']
['copy', 'MOLCAS.JobIph', 'MOLCAS.3.JobIph']
['link', 'MOLCAS.1.JobIph', 'JOB001']
['rassi', 'dm', [4]]
['copy', 'MOLCAS.rassi.h5', 'MOLCAS.rassi.1.h5']
['link', 'MOLCAS.3.JobIph', 'JOB001']
['rassi', 'dm', [3]]
['copy', 'MOLCAS.rassi.h5', 'MOLCAS.rassi.3.h5']
['copy', '/project/lgagliardi/helenclifford/practice_rcc/sharc4/methaniminium/tutorial_reproduction/traj/Singlet_2/TRAJ_00006/restart/MOLCAS.1.JobIph.199', 'JOB001']
['link', 'MOLCAS.1.JobIph', 'JOB002']
['rassi', 'overlap', [4, 4]]
['copy', 'MOLCAS.rassi.h5', 'MOLCAS.rassi.ovlp.1.h5']
['copy', '/project/lgagliardi/helenclifford/practice_rcc/sharc4/methaniminium/tutorial_reproduction/traj/Singlet_2/TRAJ_00006/restart/MOLCAS.3.JobIph.199', 'JOB001']
['link', 'MOLCAS.3.JobIph', 'JOB002']
['rassi', 'overlap', [3, 3]]
['copy', 'MOLCAS.rassi.h5', 'MOLCAS.rassi.ovlp.3.h5']
['link', 'MOLCAS.1.JobIph', 'JOB001']
['link', 'MOLCAS.3.JobIph', 'JOB002']
['rassi', 'soc', [4, 3]]
['copy', '$master_path/MOLCAS.1.JobIph', 'JOBOLD']
['rasscf', 1, 4, True, False]
['mclr', 0.0001, 'sala=2']
['alaska']
All jobs finished:
job: master          code: 0    runtime: 0:00:23.318334
job: grad_1_2        code: 0    runtime: 0:00:09.371964

Starting job execution
['gateway']
['seward']
['copy', '/project/lgagliardi/helenclifford/practice_rcc/sharc4/methaniminium/tutorial_reproduction/traj/Singlet_2/TRAJ_00006/restart/MOLCAS.1.JobIph.200', 'JOBOLD']
['rasscf', 1, 4, True, False]
['copy', 'MOLCAS.rasscf.h5', 'MOLCAS.1.rasscf.h5']
['copy', 'MOLCAS.JobIph', 'MOLCAS.1.JobIph']
['copy', '/project/lgagliardi/helenclifford/practice_rcc/sharc4/methaniminium/tutorial_reproduction/traj/Singlet_2/TRAJ_00006/restart/MOLCAS.3.JobIph.200', 'JOBOLD']
['rasscf', 3, 3, True, False]
['copy', 'MOLCAS.rasscf.h5', 'MOLCAS.3.rasscf.h5']
['copy', 'MOLCAS.JobIph', 'MOLCAS.3.JobIph']
['link', 'MOLCAS.1.JobIph', 'JOB001']
['rassi', 'dm', [4]]
['copy', 'MOLCAS.rassi.h5', 'MOLCAS.rassi.1.h5']
['link', 'MOLCAS.3.JobIph', 'JOB001']
['rassi', 'dm', [3]]
['copy', 'MOLCAS.rassi.h5', 'MOLCAS.rassi.3.h5']
['copy', '/project/lgagliardi/helenclifford/practice_rcc/sharc4/methaniminium/tutorial_reproduction/traj/Singlet_2/TRAJ_00006/restart/MOLCAS.1.JobIph.199', 'JOB001']
['link', 'MOLCAS.1.JobIph', 'JOB002']
['rassi', 'overlap', [4, 4]]
['copy', 'MOLCAS.rassi.h5', 'MOLCAS.rassi.ovlp.1.h5']
['copy', '/project/lgagliardi/helenclifford/practice_rcc/sharc4/methaniminium/tutorial_reproduction/traj/Singlet_2/TRAJ_00006/restart/MOLCAS.3.JobIph.199', 'JOB001']
['link', 'MOLCAS.3.JobIph', 'JOB002']
['rassi', 'overlap', [3, 3]]
['copy', 'MOLCAS.rassi.h5', 'MOLCAS.rassi.ovlp.3.h5']
['link', 'MOLCAS.1.JobIph', 'JOB001']
['link', 'MOLCAS.3.JobIph', 'JOB002']
['rassi', 'soc', [4, 3]]
['copy', '$master_path/MOLCAS.3.JobIph', 'JOBOLD']
['rasscf', 3, 3, True, False]
['mclr', 0.0001, 'sala=2']
['alaska']
['copy', '$master_path/MOLCAS.1.JobIph', 'JOBOLD']
['rasscf', 1, 4, True, False]
['mclr', 0.0001, 'sala=2']
['alaska']
All jobs finished:
job: master          code: 0    runtime: 0:00:13.935229
job: grad_3_2        code: 0    runtime: 0:00:09.147022
job: grad_1_2        code: 0    runtime: 0:00:10.585632

Timing per step (SHARC_MOLCAS): 33311.658960065 ms
Timing per step full 36029.250293879995 ms
Timing: 7205850.058776 ms
Timing: 7313888.03197 ms
