SAVEDIR set to /project/lgagliardi/helenclifford/practice_rcc/sharc4/methaniminium/tutorial_reproduction/traj/Singlet_2/TRAJ_00010/restart
Scratchdir set to /scratch/midway3/helenclifford/sharc_scratch/methaniminium_tutorial/traj/Singlet_2/TRAJ_00010/QM
WARNING: 'no-douglas-kroll' not in template keywords: paddingstates, density_calculation_methods, tCI, basis, baslib, basis_per_element, basis_per_atom, nactel, ras1, ras2, ras3, inactive, roots, origin, origin_pos, isotope_elements, isotope_masses, method, functional, ipea, cort_or_dort, imaginary, frozen, gradaccudefault, gradaccumax, pcmset, pcmstate, iterations, cholesky_accu, rasscf_thrs, rasscf_levshift, rasscf_sxdamp, rasscf_noqune, rasscf_convergence_mults, rasscf_guess_jobiph, rasscf_guess_mult, rasscf_guess_step, mclr_iterations, mclr_cgs
WARNING: 'cholesky' not in template keywords: paddingstates, density_calculation_methods, tCI, basis, baslib, basis_per_element, basis_per_atom, nactel, ras1, ras2, ras3, inactive, roots, origin, origin_pos, isotope_elements, isotope_masses, method, functional, ipea, cort_or_dort, imaginary, frozen, gradaccudefault, gradaccumax, pcmset, pcmstate, iterations, cholesky_accu, rasscf_thrs, rasscf_levshift, rasscf_sxdamp, rasscf_noqune, rasscf_convergence_mults, rasscf_guess_jobiph, rasscf_guess_mult, rasscf_guess_step, mclr_iterations, mclr_cgs
paddingstates not specified setting default, [0, 0, 0]
Starting job execution
['gateway']
['seward']
['copy', '/project/lgagliardi/helenclifford/practice_rcc/sharc4/methaniminium/tutorial_reproduction/traj/Singlet_2/TRAJ_00010/QM/MOLCAS.1.RasOrb.init', 'INPORB']
['rasscf', 1, 4, False, True]
['copy', 'MOLCAS.rasscf.h5', 'MOLCAS.1.rasscf.h5']
['copy', 'MOLCAS.JobIph', 'MOLCAS.1.JobIph']
['copy', '/project/lgagliardi/helenclifford/practice_rcc/sharc4/methaniminium/tutorial_reproduction/traj/Singlet_2/TRAJ_00010/QM/MOLCAS.3.RasOrb.init', 'INPORB']
['rasscf', 3, 3, False, True]
['copy', 'MOLCAS.rasscf.h5', 'MOLCAS.3.rasscf.h5']
['copy', 'MOLCAS.JobIph', 'MOLCAS.3.JobIph']
['link', 'MOLCAS.1.JobIph', 'JOB001']
['rassi', 'dm', [4]]
['copy', 'MOLCAS.rassi.h5', 'MOLCAS.rassi.1.h5']
['link', 'MOLCAS.3.JobIph', 'JOB001']
['rassi', 'dm', [3]]
['copy', 'MOLCAS.rassi.h5', 'MOLCAS.rassi.3.h5']
['link', 'MOLCAS.1.JobIph', 'JOB001']
['link', 'MOLCAS.3.JobIph', 'JOB002']
['rassi', 'soc', [4, 3]]
['copy', '$master_path/MOLCAS.1.JobIph', 'JOBOLD']
['rasscf', 1, 4, True, False]
['mclr', 0.0001, 'sala=2']
['alaska']
['copy', '$master_path/MOLCAS.3.JobIph', 'JOBOLD']
['rasscf', 3, 3, True, False]
['mclr', 0.0001, 'sala=3']
['alaska']
['copy', '$master_path/MOLCAS.3.JobIph', 'JOBOLD']
['rasscf', 3, 3, True, False]
['mclr', 0.0001, 'sala=1']
['alaska']
['copy', '$master_path/MOLCAS.1.JobIph', 'JOBOLD']
['rasscf', 1, 4, True, False]
['mclr', 0.0001, 'sala=1']
['alaska']
['copy', '$master_path/MOLCAS.1.JobIph', 'JOBOLD']
['rasscf', 1, 4, True, False]
['mclr', 0.0001, 'sala=3']
['alaska']
['copy', '$master_path/MOLCAS.3.JobIph', 'JOBOLD']
['rasscf', 3, 3, True, False]
['mclr', 0.0001, 'sala=2']
['alaska']
['copy', '$master_path/MOLCAS.1.JobIph', 'JOBOLD']
['rasscf', 1, 4, True, False]
['mclr', 0.0001, 'sala=4']
['alaska']
All jobs finished:
job: master          code: 0    runtime: 0:00:09.225630
job: grad_1_2        code: 0    runtime: 0:00:03.142733
job: grad_3_3        code: 0    runtime: 0:00:02.923597
job: grad_3_1        code: 0    runtime: 0:00:02.656137
job: grad_1_1        code: 0    runtime: 0:00:02.806610
job: grad_1_3        code: 0    runtime: 0:00:02.665082
job: grad_3_2        code: 0    runtime: 0:00:02.855029
job: grad_1_4        code: 0    runtime: 0:00:02.923399

mkdir: cannot create directory '/project/lgagliardi/helenclifford/practice_rcc/sharc4/methaniminium/tutorial_reproduction/traj/Singlet_2/TRAJ_00010/restart': File exists
Starting job execution
['gateway']
['seward']
['copy', '/project/lgagliardi/helenclifford/practice_rcc/sharc4/methaniminium/tutorial_reproduction/traj/Singlet_2/TRAJ_00010/restart/MOLCAS.1.JobIph.0', 'JOBOLD']
['rasscf', 1, 4, True, False]
['copy', 'MOLCAS.rasscf.h5', 'MOLCAS.1.rasscf.h5']
['copy', 'MOLCAS.JobIph', 'MOLCAS.1.JobIph']
['copy', '/project/lgagliardi/helenclifford/practice_rcc/sharc4/methaniminium/tutorial_reproduction/traj/Singlet_2/TRAJ_00010/restart/MOLCAS.3.JobIph.0', 'JOBOLD']
['rasscf', 3, 3, True, False]
['copy', 'MOLCAS.rasscf.h5', 'MOLCAS.3.rasscf.h5']
['copy', 'MOLCAS.JobIph', 'MOLCAS.3.JobIph']
['link', 'MOLCAS.1.JobIph', 'JOB001']
['rassi', 'dm', [4]]
['copy', 'MOLCAS.rassi.h5', 'MOLCAS.rassi.1.h5']
['link', 'MOLCAS.3.JobIph', 'JOB001']
['rassi', 'dm', [3]]
['copy', 'MOLCAS.rassi.h5', 'MOLCAS.rassi.3.h5']
['copy', '/project/lgagliardi/helenclifford/practice_rcc/sharc4/methaniminium/tutorial_reproduction/traj/Singlet_2/TRAJ_00010/restart/MOLCAS.1.JobIph.0', 'JOB001']
['link', 'MOLCAS.1.JobIph', 'JOB002']
['rassi', 'overlap', [4, 4]]
['copy', 'MOLCAS.rassi.h5', 'MOLCAS.rassi.ovlp.1.h5']
['copy', '/project/lgagliardi/helenclifford/practice_rcc/sharc4/methaniminium/tutorial_reproduction/traj/Singlet_2/TRAJ_00010/restart/MOLCAS.3.JobIph.0', 'JOB001']
['link', 'MOLCAS.3.JobIph', 'JOB002']
['rassi', 'overlap', [3, 3]]
['copy', 'MOLCAS.rassi.h5', 'MOLCAS.rassi.ovlp.3.h5']
['link', 'MOLCAS.1.JobIph', 'JOB001']
['link', 'MOLCAS.3.JobIph', 'JOB002']
['rassi', 'soc', [4, 3]]
['copy', '$master_path/MOLCAS.1.JobIph', 'JOBOLD']
['rasscf', 1, 4, True, False]
['mclr', 0.0001, 'sala=3']
['alaska']
All jobs finished:
job: master          code: 0    runtime: 0:00:07.600545
job: grad_1_3        code: 0    runtime: 0:00:02.776137

Starting job execution
['gateway']
['seward']
['copy', '/project/lgagliardi/helenclifford/practice_rcc/sharc4/methaniminium/tutorial_reproduction/traj/Singlet_2/TRAJ_00010/restart/MOLCAS.1.JobIph.1', 'JOBOLD']
['rasscf', 1, 4, True, False]
['copy', 'MOLCAS.rasscf.h5', 'MOLCAS.1.rasscf.h5']
['copy', 'MOLCAS.JobIph', 'MOLCAS.1.JobIph']
['copy', '/project/lgagliardi/helenclifford/practice_rcc/sharc4/methaniminium/tutorial_reproduction/traj/Singlet_2/TRAJ_00010/restart/MOLCAS.3.JobIph.1', 'JOBOLD']
['rasscf', 3, 3, True, False]
['copy', 'MOLCAS.rasscf.h5', 'MOLCAS.3.rasscf.h5']
['copy', 'MOLCAS.JobIph', 'MOLCAS.3.JobIph']
['link', 'MOLCAS.1.JobIph', 'JOB001']
['rassi', 'dm', [4]]
['copy', 'MOLCAS.rassi.h5', 'MOLCAS.rassi.1.h5']
['link', 'MOLCAS.3.JobIph', 'JOB001']
['rassi', 'dm', [3]]
['copy', 'MOLCAS.rassi.h5', 'MOLCAS.rassi.3.h5']
['copy', '/project/lgagliardi/helenclifford/practice_rcc/sharc4/methaniminium/tutorial_reproduction/traj/Singlet_2/TRAJ_00010/restart/MOLCAS.1.JobIph.1', 'JOB001']
['link', 'MOLCAS.1.JobIph', 'JOB002']
['rassi', 'overlap', [4, 4]]
['copy', 'MOLCAS.rassi.h5', 'MOLCAS.rassi.ovlp.1.h5']
['copy', '/project/lgagliardi/helenclifford/practice_rcc/sharc4/methaniminium/tutorial_reproduction/traj/Singlet_2/TRAJ_00010/restart/MOLCAS.3.JobIph.1', 'JOB001']
['link', 'MOLCAS.3.JobIph', 'JOB002']
['rassi', 'overlap', [3, 3]]
['copy', 'MOLCAS.rassi.h5', 'MOLCAS.rassi.ovlp.3.h5']
['link', 'MOLCAS.1.JobIph', 'JOB001']
['link', 'MOLCAS.3.JobIph', 'JOB002']
['rassi', 'soc', [4, 3]]
['copy', '$master_path/MOLCAS.1.JobIph', 'JOBOLD']
['rasscf', 1, 4, True, False]
['mclr', 0.0001, 'sala=3']
['alaska']
All jobs finished:
job: master          code: 0    runtime: 0:00:07.436399
job: grad_1_3        code: 0    runtime: 0:00:02.744042

Starting job execution
['gateway']
['seward']
['copy', '/project/lgagliardi/helenclifford/practice_rcc/sharc4/methaniminium/tutorial_reproduction/traj/Singlet_2/TRAJ_00010/restart/MOLCAS.1.JobIph.2', 'JOBOLD']
['rasscf', 1, 4, True, False]
['copy', 'MOLCAS.rasscf.h5', 'MOLCAS.1.rasscf.h5']
['copy', 'MOLCAS.JobIph', 'MOLCAS.1.JobIph']
['copy', '/project/lgagliardi/helenclifford/practice_rcc/sharc4/methaniminium/tutorial_reproduction/traj/Singlet_2/TRAJ_00010/restart/MOLCAS.3.JobIph.2', 'JOBOLD']
['rasscf', 3, 3, True, False]
['copy', 'MOLCAS.rasscf.h5', 'MOLCAS.3.rasscf.h5']
['copy', 'MOLCAS.JobIph', 'MOLCAS.3.JobIph']
['link', 'MOLCAS.1.JobIph', 'JOB001']
['rassi', 'dm', [4]]
['copy', 'MOLCAS.rassi.h5', 'MOLCAS.rassi.1.h5']
['link', 'MOLCAS.3.JobIph', 'JOB001']
['rassi', 'dm', [3]]
['copy', 'MOLCAS.rassi.h5', 'MOLCAS.rassi.3.h5']
['copy', '/project/lgagliardi/helenclifford/practice_rcc/sharc4/methaniminium/tutorial_reproduction/traj/Singlet_2/TRAJ_00010/restart/MOLCAS.1.JobIph.2', 'JOB001']
['link', 'MOLCAS.1.JobIph', 'JOB002']
['rassi', 'overlap', [4, 4]]
['copy', 'MOLCAS.rassi.h5', 'MOLCAS.rassi.ovlp.1.h5']
['copy', '/project/lgagliardi/helenclifford/practice_rcc/sharc4/methaniminium/tutorial_reproduction/traj/Singlet_2/TRAJ_00010/restart/MOLCAS.3.JobIph.2', 'JOB001']
['link', 'MOLCAS.3.JobIph', 'JOB002']
['rassi', 'overlap', [3, 3]]
['copy', 'MOLCAS.rassi.h5', 'MOLCAS.rassi.ovlp.3.h5']
['link', 'MOLCAS.1.JobIph', 'JOB001']
['link', 'MOLCAS.3.JobIph', 'JOB002']
['rassi', 'soc', [4, 3]]
['copy', '$master_path/MOLCAS.1.JobIph', 'JOBOLD']
['rasscf', 1, 4, True, False]
['mclr', 0.0001, 'sala=3']
['alaska']
All jobs finished:
job: master          code: 0    runtime: 0:00:07.613317
job: grad_1_3        code: 0    runtime: 0:00:02.887245

Starting job execution
['gateway']
['seward']
['copy', '/project/lgagliardi/helenclifford/practice_rcc/sharc4/methaniminium/tutorial_reproduction/traj/Singlet_2/TRAJ_00010/restart/MOLCAS.1.JobIph.3', 'JOBOLD']
['rasscf', 1, 4, True, False]
['copy', 'MOLCAS.rasscf.h5', 'MOLCAS.1.rasscf.h5']
['copy', 'MOLCAS.JobIph', 'MOLCAS.1.JobIph']
['copy', '/project/lgagliardi/helenclifford/practice_rcc/sharc4/methaniminium/tutorial_reproduction/traj/Singlet_2/TRAJ_00010/restart/MOLCAS.3.JobIph.3', 'JOBOLD']
['rasscf', 3, 3, True, False]
['copy', 'MOLCAS.rasscf.h5', 'MOLCAS.3.rasscf.h5']
['copy', 'MOLCAS.JobIph', 'MOLCAS.3.JobIph']
['link', 'MOLCAS.1.JobIph', 'JOB001']
['rassi', 'dm', [4]]
['copy', 'MOLCAS.rassi.h5', 'MOLCAS.rassi.1.h5']
['link', 'MOLCAS.3.JobIph', 'JOB001']
['rassi', 'dm', [3]]
['copy', 'MOLCAS.rassi.h5', 'MOLCAS.rassi.3.h5']
['copy', '/project/lgagliardi/helenclifford/practice_rcc/sharc4/methaniminium/tutorial_reproduction/traj/Singlet_2/TRAJ_00010/restart/MOLCAS.1.JobIph.3', 'JOB001']
['link', 'MOLCAS.1.JobIph', 'JOB002']
['rassi', 'overlap', [4, 4]]
['copy', 'MOLCAS.rassi.h5', 'MOLCAS.rassi.ovlp.1.h5']
['copy', '/project/lgagliardi/helenclifford/practice_rcc/sharc4/methaniminium/tutorial_reproduction/traj/Singlet_2/TRAJ_00010/restart/MOLCAS.3.JobIph.3', 'JOB001']
['link', 'MOLCAS.3.JobIph', 'JOB002']
['rassi', 'overlap', [3, 3]]
['copy', 'MOLCAS.rassi.h5', 'MOLCAS.rassi.ovlp.3.h5']
['link', 'MOLCAS.1.JobIph', 'JOB001']
['link', 'MOLCAS.3.JobIph', 'JOB002']
['rassi', 'soc', [4, 3]]
['copy', '$master_path/MOLCAS.1.JobIph', 'JOBOLD']
['rasscf', 1, 4, True, False]
['mclr', 0.0001, 'sala=3']
['alaska']
All jobs finished:
job: master          code: 0    runtime: 0:00:07.806714
job: grad_1_3        code: 0    runtime: 0:00:02.847381

Starting job execution
['gateway']
['seward']
['copy', '/project/lgagliardi/helenclifford/practice_rcc/sharc4/methaniminium/tutorial_reproduction/traj/Singlet_2/TRAJ_00010/restart/MOLCAS.1.JobIph.4', 'JOBOLD']
['rasscf', 1, 4, True, False]
['copy', 'MOLCAS.rasscf.h5', 'MOLCAS.1.rasscf.h5']
['copy', 'MOLCAS.JobIph', 'MOLCAS.1.JobIph']
['copy', '/project/lgagliardi/helenclifford/practice_rcc/sharc4/methaniminium/tutorial_reproduction/traj/Singlet_2/TRAJ_00010/restart/MOLCAS.3.JobIph.4', 'JOBOLD']
['rasscf', 3, 3, True, False]
['copy', 'MOLCAS.rasscf.h5', 'MOLCAS.3.rasscf.h5']
['copy', 'MOLCAS.JobIph', 'MOLCAS.3.JobIph']
['link', 'MOLCAS.1.JobIph', 'JOB001']
['rassi', 'dm', [4]]
['copy', 'MOLCAS.rassi.h5', 'MOLCAS.rassi.1.h5']
['link', 'MOLCAS.3.JobIph', 'JOB001']
['rassi', 'dm', [3]]
['copy', 'MOLCAS.rassi.h5', 'MOLCAS.rassi.3.h5']
['copy', '/project/lgagliardi/helenclifford/practice_rcc/sharc4/methaniminium/tutorial_reproduction/traj/Singlet_2/TRAJ_00010/restart/MOLCAS.1.JobIph.4', 'JOB001']
['link', 'MOLCAS.1.JobIph', 'JOB002']
['rassi', 'overlap', [4, 4]]
['copy', 'MOLCAS.rassi.h5', 'MOLCAS.rassi.ovlp.1.h5']
['copy', '/project/lgagliardi/helenclifford/practice_rcc/sharc4/methaniminium/tutorial_reproduction/traj/Singlet_2/TRAJ_00010/restart/MOLCAS.3.JobIph.4', 'JOB001']
['link', 'MOLCAS.3.JobIph', 'JOB002']
['rassi', 'overlap', [3, 3]]
['copy', 'MOLCAS.rassi.h5', 'MOLCAS.rassi.ovlp.3.h5']
['link', 'MOLCAS.1.JobIph', 'JOB001']
['link', 'MOLCAS.3.JobIph', 'JOB002']
['rassi', 'soc', [4, 3]]
['copy', '$master_path/MOLCAS.1.JobIph', 'JOBOLD']
['rasscf', 1, 4, True, False]
['mclr', 0.0001, 'sala=3']
['alaska']
All jobs finished:
job: master          code: 0    runtime: 0:00:07.357535
job: grad_1_3        code: 0    runtime: 0:00:02.725709

Starting job execution
['gateway']
['seward']
['copy', '/project/lgagliardi/helenclifford/practice_rcc/sharc4/methaniminium/tutorial_reproduction/traj/Singlet_2/TRAJ_00010/restart/MOLCAS.1.JobIph.5', 'JOBOLD']
['rasscf', 1, 4, True, False]
['copy', 'MOLCAS.rasscf.h5', 'MOLCAS.1.rasscf.h5']
['copy', 'MOLCAS.JobIph', 'MOLCAS.1.JobIph']
['copy', '/project/lgagliardi/helenclifford/practice_rcc/sharc4/methaniminium/tutorial_reproduction/traj/Singlet_2/TRAJ_00010/restart/MOLCAS.3.JobIph.5', 'JOBOLD']
['rasscf', 3, 3, True, False]
['copy', 'MOLCAS.rasscf.h5', 'MOLCAS.3.rasscf.h5']
['copy', 'MOLCAS.JobIph', 'MOLCAS.3.JobIph']
['link', 'MOLCAS.1.JobIph', 'JOB001']
['rassi', 'dm', [4]]
['copy', 'MOLCAS.rassi.h5', 'MOLCAS.rassi.1.h5']
['link', 'MOLCAS.3.JobIph', 'JOB001']
['rassi', 'dm', [3]]
['copy', 'MOLCAS.rassi.h5', 'MOLCAS.rassi.3.h5']
['copy', '/project/lgagliardi/helenclifford/practice_rcc/sharc4/methaniminium/tutorial_reproduction/traj/Singlet_2/TRAJ_00010/restart/MOLCAS.1.JobIph.5', 'JOB001']
['link', 'MOLCAS.1.JobIph', 'JOB002']
['rassi', 'overlap', [4, 4]]
['copy', 'MOLCAS.rassi.h5', 'MOLCAS.rassi.ovlp.1.h5']
['copy', '/project/lgagliardi/helenclifford/practice_rcc/sharc4/methaniminium/tutorial_reproduction/traj/Singlet_2/TRAJ_00010/restart/MOLCAS.3.JobIph.5', 'JOB001']
['link', 'MOLCAS.3.JobIph', 'JOB002']
['rassi', 'overlap', [3, 3]]
['copy', 'MOLCAS.rassi.h5', 'MOLCAS.rassi.ovlp.3.h5']
['link', 'MOLCAS.1.JobIph', 'JOB001']
['link', 'MOLCAS.3.JobIph', 'JOB002']
['rassi', 'soc', [4, 3]]
['copy', '$master_path/MOLCAS.1.JobIph', 'JOBOLD']
['rasscf', 1, 4, True, False]
['mclr', 0.0001, 'sala=3']
['alaska']
All jobs finished:
job: master          code: 0    runtime: 0:00:07.154938
job: grad_1_3        code: 0    runtime: 0:00:02.752285

Starting job execution
['gateway']
['seward']
['copy', '/project/lgagliardi/helenclifford/practice_rcc/sharc4/methaniminium/tutorial_reproduction/traj/Singlet_2/TRAJ_00010/restart/MOLCAS.1.JobIph.6', 'JOBOLD']
['rasscf', 1, 4, True, False]
['copy', 'MOLCAS.rasscf.h5', 'MOLCAS.1.rasscf.h5']
['copy', 'MOLCAS.JobIph', 'MOLCAS.1.JobIph']
['copy', '/project/lgagliardi/helenclifford/practice_rcc/sharc4/methaniminium/tutorial_reproduction/traj/Singlet_2/TRAJ_00010/restart/MOLCAS.3.JobIph.6', 'JOBOLD']
['rasscf', 3, 3, True, False]
['copy', 'MOLCAS.rasscf.h5', 'MOLCAS.3.rasscf.h5']
['copy', 'MOLCAS.JobIph', 'MOLCAS.3.JobIph']
['link', 'MOLCAS.1.JobIph', 'JOB001']
['rassi', 'dm', [4]]
['copy', 'MOLCAS.rassi.h5', 'MOLCAS.rassi.1.h5']
['link', 'MOLCAS.3.JobIph', 'JOB001']
['rassi', 'dm', [3]]
['copy', 'MOLCAS.rassi.h5', 'MOLCAS.rassi.3.h5']
['copy', '/project/lgagliardi/helenclifford/practice_rcc/sharc4/methaniminium/tutorial_reproduction/traj/Singlet_2/TRAJ_00010/restart/MOLCAS.1.JobIph.6', 'JOB001']
['link', 'MOLCAS.1.JobIph', 'JOB002']
['rassi', 'overlap', [4, 4]]
['copy', 'MOLCAS.rassi.h5', 'MOLCAS.rassi.ovlp.1.h5']
['copy', '/project/lgagliardi/helenclifford/practice_rcc/sharc4/methaniminium/tutorial_reproduction/traj/Singlet_2/TRAJ_00010/restart/MOLCAS.3.JobIph.6', 'JOB001']
['link', 'MOLCAS.3.JobIph', 'JOB002']
['rassi', 'overlap', [3, 3]]
['copy', 'MOLCAS.rassi.h5', 'MOLCAS.rassi.ovlp.3.h5']
['link', 'MOLCAS.1.JobIph', 'JOB001']
['link', 'MOLCAS.3.JobIph', 'JOB002']
['rassi', 'soc', [4, 3]]
['copy', '$master_path/MOLCAS.1.JobIph', 'JOBOLD']
['rasscf', 1, 4, True, False]
['mclr', 0.0001, 'sala=3']
['alaska']
All jobs finished:
job: master          code: 0    runtime: 0:00:07.316468
job: grad_1_3        code: 0    runtime: 0:00:02.895532

Starting job execution
['gateway']
['seward']
['copy', '/project/lgagliardi/helenclifford/practice_rcc/sharc4/methaniminium/tutorial_reproduction/traj/Singlet_2/TRAJ_00010/restart/MOLCAS.1.JobIph.7', 'JOBOLD']
['rasscf', 1, 4, True, False]
['copy', 'MOLCAS.rasscf.h5', 'MOLCAS.1.rasscf.h5']
['copy', 'MOLCAS.JobIph', 'MOLCAS.1.JobIph']
['copy', '/project/lgagliardi/helenclifford/practice_rcc/sharc4/methaniminium/tutorial_reproduction/traj/Singlet_2/TRAJ_00010/restart/MOLCAS.3.JobIph.7', 'JOBOLD']
['rasscf', 3, 3, True, False]
['copy', 'MOLCAS.rasscf.h5', 'MOLCAS.3.rasscf.h5']
['copy', 'MOLCAS.JobIph', 'MOLCAS.3.JobIph']
['link', 'MOLCAS.1.JobIph', 'JOB001']
['rassi', 'dm', [4]]
['copy', 'MOLCAS.rassi.h5', 'MOLCAS.rassi.1.h5']
['link', 'MOLCAS.3.JobIph', 'JOB001']
['rassi', 'dm', [3]]
['copy', 'MOLCAS.rassi.h5', 'MOLCAS.rassi.3.h5']
['copy', '/project/lgagliardi/helenclifford/practice_rcc/sharc4/methaniminium/tutorial_reproduction/traj/Singlet_2/TRAJ_00010/restart/MOLCAS.1.JobIph.7', 'JOB001']
['link', 'MOLCAS.1.JobIph', 'JOB002']
['rassi', 'overlap', [4, 4]]
['copy', 'MOLCAS.rassi.h5', 'MOLCAS.rassi.ovlp.1.h5']
['copy', '/project/lgagliardi/helenclifford/practice_rcc/sharc4/methaniminium/tutorial_reproduction/traj/Singlet_2/TRAJ_00010/restart/MOLCAS.3.JobIph.7', 'JOB001']
['link', 'MOLCAS.3.JobIph', 'JOB002']
['rassi', 'overlap', [3, 3]]
['copy', 'MOLCAS.rassi.h5', 'MOLCAS.rassi.ovlp.3.h5']
['link', 'MOLCAS.1.JobIph', 'JOB001']
['link', 'MOLCAS.3.JobIph', 'JOB002']
['rassi', 'soc', [4, 3]]
['copy', '$master_path/MOLCAS.1.JobIph', 'JOBOLD']
['rasscf', 1, 4, True, False]
['mclr', 0.0001, 'sala=3']
['alaska']
All jobs finished:
job: master          code: 0    runtime: 0:00:07.151478
job: grad_1_3        code: 0    runtime: 0:00:02.960801

Starting job execution
['gateway']
['seward']
['copy', '/project/lgagliardi/helenclifford/practice_rcc/sharc4/methaniminium/tutorial_reproduction/traj/Singlet_2/TRAJ_00010/restart/MOLCAS.1.JobIph.8', 'JOBOLD']
['rasscf', 1, 4, True, False]
['copy', 'MOLCAS.rasscf.h5', 'MOLCAS.1.rasscf.h5']
['copy', 'MOLCAS.JobIph', 'MOLCAS.1.JobIph']
['copy', '/project/lgagliardi/helenclifford/practice_rcc/sharc4/methaniminium/tutorial_reproduction/traj/Singlet_2/TRAJ_00010/restart/MOLCAS.3.JobIph.8', 'JOBOLD']
['rasscf', 3, 3, True, False]
['copy', 'MOLCAS.rasscf.h5', 'MOLCAS.3.rasscf.h5']
['copy', 'MOLCAS.JobIph', 'MOLCAS.3.JobIph']
['link', 'MOLCAS.1.JobIph', 'JOB001']
['rassi', 'dm', [4]]
['copy', 'MOLCAS.rassi.h5', 'MOLCAS.rassi.1.h5']
['link', 'MOLCAS.3.JobIph', 'JOB001']
['rassi', 'dm', [3]]
['copy', 'MOLCAS.rassi.h5', 'MOLCAS.rassi.3.h5']
['copy', '/project/lgagliardi/helenclifford/practice_rcc/sharc4/methaniminium/tutorial_reproduction/traj/Singlet_2/TRAJ_00010/restart/MOLCAS.1.JobIph.8', 'JOB001']
['link', 'MOLCAS.1.JobIph', 'JOB002']
['rassi', 'overlap', [4, 4]]
['copy', 'MOLCAS.rassi.h5', 'MOLCAS.rassi.ovlp.1.h5']
['copy', '/project/lgagliardi/helenclifford/practice_rcc/sharc4/methaniminium/tutorial_reproduction/traj/Singlet_2/TRAJ_00010/restart/MOLCAS.3.JobIph.8', 'JOB001']
['link', 'MOLCAS.3.JobIph', 'JOB002']
['rassi', 'overlap', [3, 3]]
['copy', 'MOLCAS.rassi.h5', 'MOLCAS.rassi.ovlp.3.h5']
['link', 'MOLCAS.1.JobIph', 'JOB001']
['link', 'MOLCAS.3.JobIph', 'JOB002']
['rassi', 'soc', [4, 3]]
['copy', '$master_path/MOLCAS.1.JobIph', 'JOBOLD']
['rasscf', 1, 4, True, False]
['mclr', 0.0001, 'sala=3']
['alaska']
All jobs finished:
job: master          code: 0    runtime: 0:00:07.398672
job: grad_1_3        code: 0    runtime: 0:00:02.861825

Starting job execution
['gateway']
['seward']
['copy', '/project/lgagliardi/helenclifford/practice_rcc/sharc4/methaniminium/tutorial_reproduction/traj/Singlet_2/TRAJ_00010/restart/MOLCAS.1.JobIph.9', 'JOBOLD']
['rasscf', 1, 4, True, False]
['copy', 'MOLCAS.rasscf.h5', 'MOLCAS.1.rasscf.h5']
['copy', 'MOLCAS.JobIph', 'MOLCAS.1.JobIph']
['copy', '/project/lgagliardi/helenclifford/practice_rcc/sharc4/methaniminium/tutorial_reproduction/traj/Singlet_2/TRAJ_00010/restart/MOLCAS.3.JobIph.9', 'JOBOLD']
['rasscf', 3, 3, True, False]
['copy', 'MOLCAS.rasscf.h5', 'MOLCAS.3.rasscf.h5']
['copy', 'MOLCAS.JobIph', 'MOLCAS.3.JobIph']
['link', 'MOLCAS.1.JobIph', 'JOB001']
['rassi', 'dm', [4]]
['copy', 'MOLCAS.rassi.h5', 'MOLCAS.rassi.1.h5']
['link', 'MOLCAS.3.JobIph', 'JOB001']
['rassi', 'dm', [3]]
['copy', 'MOLCAS.rassi.h5', 'MOLCAS.rassi.3.h5']
['copy', '/project/lgagliardi/helenclifford/practice_rcc/sharc4/methaniminium/tutorial_reproduction/traj/Singlet_2/TRAJ_00010/restart/MOLCAS.1.JobIph.9', 'JOB001']
['link', 'MOLCAS.1.JobIph', 'JOB002']
['rassi', 'overlap', [4, 4]]
['copy', 'MOLCAS.rassi.h5', 'MOLCAS.rassi.ovlp.1.h5']
['copy', '/project/lgagliardi/helenclifford/practice_rcc/sharc4/methaniminium/tutorial_reproduction/traj/Singlet_2/TRAJ_00010/restart/MOLCAS.3.JobIph.9', 'JOB001']
['link', 'MOLCAS.3.JobIph', 'JOB002']
['rassi', 'overlap', [3, 3]]
['copy', 'MOLCAS.rassi.h5', 'MOLCAS.rassi.ovlp.3.h5']
['link', 'MOLCAS.1.JobIph', 'JOB001']
['link', 'MOLCAS.3.JobIph', 'JOB002']
['rassi', 'soc', [4, 3]]
['copy', '$master_path/MOLCAS.1.JobIph', 'JOBOLD']
['rasscf', 1, 4, True, False]
['mclr', 0.0001, 'sala=3']
['alaska']
All jobs finished:
job: master          code: 0    runtime: 0:00:06.966733
job: grad_1_3        code: 0    runtime: 0:00:02.778275

Starting job execution
['gateway']
['seward']
['copy', '/project/lgagliardi/helenclifford/practice_rcc/sharc4/methaniminium/tutorial_reproduction/traj/Singlet_2/TRAJ_00010/restart/MOLCAS.1.JobIph.10', 'JOBOLD']
['rasscf', 1, 4, True, False]
['copy', 'MOLCAS.rasscf.h5', 'MOLCAS.1.rasscf.h5']
['copy', 'MOLCAS.JobIph', 'MOLCAS.1.JobIph']
['copy', '/project/lgagliardi/helenclifford/practice_rcc/sharc4/methaniminium/tutorial_reproduction/traj/Singlet_2/TRAJ_00010/restart/MOLCAS.3.JobIph.10', 'JOBOLD']
['rasscf', 3, 3, True, False]
['copy', 'MOLCAS.rasscf.h5', 'MOLCAS.3.rasscf.h5']
['copy', 'MOLCAS.JobIph', 'MOLCAS.3.JobIph']
['link', 'MOLCAS.1.JobIph', 'JOB001']
['rassi', 'dm', [4]]
['copy', 'MOLCAS.rassi.h5', 'MOLCAS.rassi.1.h5']
['link', 'MOLCAS.3.JobIph', 'JOB001']
['rassi', 'dm', [3]]
['copy', 'MOLCAS.rassi.h5', 'MOLCAS.rassi.3.h5']
['copy', '/project/lgagliardi/helenclifford/practice_rcc/sharc4/methaniminium/tutorial_reproduction/traj/Singlet_2/TRAJ_00010/restart/MOLCAS.1.JobIph.10', 'JOB001']
['link', 'MOLCAS.1.JobIph', 'JOB002']
['rassi', 'overlap', [4, 4]]
['copy', 'MOLCAS.rassi.h5', 'MOLCAS.rassi.ovlp.1.h5']
['copy', '/project/lgagliardi/helenclifford/practice_rcc/sharc4/methaniminium/tutorial_reproduction/traj/Singlet_2/TRAJ_00010/restart/MOLCAS.3.JobIph.10', 'JOB001']
['link', 'MOLCAS.3.JobIph', 'JOB002']
['rassi', 'overlap', [3, 3]]
['copy', 'MOLCAS.rassi.h5', 'MOLCAS.rassi.ovlp.3.h5']
['link', 'MOLCAS.1.JobIph', 'JOB001']
['link', 'MOLCAS.3.JobIph', 'JOB002']
['rassi', 'soc', [4, 3]]
['copy', '$master_path/MOLCAS.1.JobIph', 'JOBOLD']
['rasscf', 1, 4, True, False]
['mclr', 0.0001, 'sala=3']
['alaska']
All jobs finished:
job: master          code: 0    runtime: 0:00:06.957041
job: grad_1_3        code: 0    runtime: 0:00:02.740550

Starting job execution
['gateway']
['seward']
['copy', '/project/lgagliardi/helenclifford/practice_rcc/sharc4/methaniminium/tutorial_reproduction/traj/Singlet_2/TRAJ_00010/restart/MOLCAS.1.JobIph.11', 'JOBOLD']
['rasscf', 1, 4, True, False]
['copy', 'MOLCAS.rasscf.h5', 'MOLCAS.1.rasscf.h5']
['copy', 'MOLCAS.JobIph', 'MOLCAS.1.JobIph']
['copy', '/project/lgagliardi/helenclifford/practice_rcc/sharc4/methaniminium/tutorial_reproduction/traj/Singlet_2/TRAJ_00010/restart/MOLCAS.3.JobIph.11', 'JOBOLD']
['rasscf', 3, 3, True, False]
['copy', 'MOLCAS.rasscf.h5', 'MOLCAS.3.rasscf.h5']
['copy', 'MOLCAS.JobIph', 'MOLCAS.3.JobIph']
['link', 'MOLCAS.1.JobIph', 'JOB001']
['rassi', 'dm', [4]]
['copy', 'MOLCAS.rassi.h5', 'MOLCAS.rassi.1.h5']
['link', 'MOLCAS.3.JobIph', 'JOB001']
['rassi', 'dm', [3]]
['copy', 'MOLCAS.rassi.h5', 'MOLCAS.rassi.3.h5']
['copy', '/project/lgagliardi/helenclifford/practice_rcc/sharc4/methaniminium/tutorial_reproduction/traj/Singlet_2/TRAJ_00010/restart/MOLCAS.1.JobIph.11', 'JOB001']
['link', 'MOLCAS.1.JobIph', 'JOB002']
['rassi', 'overlap', [4, 4]]
['copy', 'MOLCAS.rassi.h5', 'MOLCAS.rassi.ovlp.1.h5']
['copy', '/project/lgagliardi/helenclifford/practice_rcc/sharc4/methaniminium/tutorial_reproduction/traj/Singlet_2/TRAJ_00010/restart/MOLCAS.3.JobIph.11', 'JOB001']
['link', 'MOLCAS.3.JobIph', 'JOB002']
['rassi', 'overlap', [3, 3]]
['copy', 'MOLCAS.rassi.h5', 'MOLCAS.rassi.ovlp.3.h5']
['link', 'MOLCAS.1.JobIph', 'JOB001']
['link', 'MOLCAS.3.JobIph', 'JOB002']
['rassi', 'soc', [4, 3]]
['copy', '$master_path/MOLCAS.1.JobIph', 'JOBOLD']
['rasscf', 1, 4, True, False]
['mclr', 0.0001, 'sala=3']
['alaska']
All jobs finished:
job: master          code: 0    runtime: 0:00:06.944123
job: grad_1_3        code: 0    runtime: 0:00:02.835779

Starting job execution
['gateway']
['seward']
['copy', '/project/lgagliardi/helenclifford/practice_rcc/sharc4/methaniminium/tutorial_reproduction/traj/Singlet_2/TRAJ_00010/restart/MOLCAS.1.JobIph.12', 'JOBOLD']
['rasscf', 1, 4, True, False]
['copy', 'MOLCAS.rasscf.h5', 'MOLCAS.1.rasscf.h5']
['copy', 'MOLCAS.JobIph', 'MOLCAS.1.JobIph']
['copy', '/project/lgagliardi/helenclifford/practice_rcc/sharc4/methaniminium/tutorial_reproduction/traj/Singlet_2/TRAJ_00010/restart/MOLCAS.3.JobIph.12', 'JOBOLD']
['rasscf', 3, 3, True, False]
['copy', 'MOLCAS.rasscf.h5', 'MOLCAS.3.rasscf.h5']
['copy', 'MOLCAS.JobIph', 'MOLCAS.3.JobIph']
['link', 'MOLCAS.1.JobIph', 'JOB001']
['rassi', 'dm', [4]]
['copy', 'MOLCAS.rassi.h5', 'MOLCAS.rassi.1.h5']
['link', 'MOLCAS.3.JobIph', 'JOB001']
['rassi', 'dm', [3]]
['copy', 'MOLCAS.rassi.h5', 'MOLCAS.rassi.3.h5']
['copy', '/project/lgagliardi/helenclifford/practice_rcc/sharc4/methaniminium/tutorial_reproduction/traj/Singlet_2/TRAJ_00010/restart/MOLCAS.1.JobIph.12', 'JOB001']
['link', 'MOLCAS.1.JobIph', 'JOB002']
['rassi', 'overlap', [4, 4]]
['copy', 'MOLCAS.rassi.h5', 'MOLCAS.rassi.ovlp.1.h5']
['copy', '/project/lgagliardi/helenclifford/practice_rcc/sharc4/methaniminium/tutorial_reproduction/traj/Singlet_2/TRAJ_00010/restart/MOLCAS.3.JobIph.12', 'JOB001']
['link', 'MOLCAS.3.JobIph', 'JOB002']
['rassi', 'overlap', [3, 3]]
['copy', 'MOLCAS.rassi.h5', 'MOLCAS.rassi.ovlp.3.h5']
['link', 'MOLCAS.1.JobIph', 'JOB001']
['link', 'MOLCAS.3.JobIph', 'JOB002']
['rassi', 'soc', [4, 3]]
['copy', '$master_path/MOLCAS.1.JobIph', 'JOBOLD']
['rasscf', 1, 4, True, False]
['mclr', 0.0001, 'sala=3']
['alaska']
All jobs finished:
job: master          code: 0    runtime: 0:00:06.905332
job: grad_1_3        code: 0    runtime: 0:00:02.768520

Starting job execution
['gateway']
['seward']
['copy', '/project/lgagliardi/helenclifford/practice_rcc/sharc4/methaniminium/tutorial_reproduction/traj/Singlet_2/TRAJ_00010/restart/MOLCAS.1.JobIph.13', 'JOBOLD']
['rasscf', 1, 4, True, False]
['copy', 'MOLCAS.rasscf.h5', 'MOLCAS.1.rasscf.h5']
['copy', 'MOLCAS.JobIph', 'MOLCAS.1.JobIph']
['copy', '/project/lgagliardi/helenclifford/practice_rcc/sharc4/methaniminium/tutorial_reproduction/traj/Singlet_2/TRAJ_00010/restart/MOLCAS.3.JobIph.13', 'JOBOLD']
['rasscf', 3, 3, True, False]
['copy', 'MOLCAS.rasscf.h5', 'MOLCAS.3.rasscf.h5']
['copy', 'MOLCAS.JobIph', 'MOLCAS.3.JobIph']
['link', 'MOLCAS.1.JobIph', 'JOB001']
['rassi', 'dm', [4]]
['copy', 'MOLCAS.rassi.h5', 'MOLCAS.rassi.1.h5']
['link', 'MOLCAS.3.JobIph', 'JOB001']
['rassi', 'dm', [3]]
['copy', 'MOLCAS.rassi.h5', 'MOLCAS.rassi.3.h5']
['copy', '/project/lgagliardi/helenclifford/practice_rcc/sharc4/methaniminium/tutorial_reproduction/traj/Singlet_2/TRAJ_00010/restart/MOLCAS.1.JobIph.13', 'JOB001']
['link', 'MOLCAS.1.JobIph', 'JOB002']
['rassi', 'overlap', [4, 4]]
['copy', 'MOLCAS.rassi.h5', 'MOLCAS.rassi.ovlp.1.h5']
['copy', '/project/lgagliardi/helenclifford/practice_rcc/sharc4/methaniminium/tutorial_reproduction/traj/Singlet_2/TRAJ_00010/restart/MOLCAS.3.JobIph.13', 'JOB001']
['link', 'MOLCAS.3.JobIph', 'JOB002']
['rassi', 'overlap', [3, 3]]
['copy', 'MOLCAS.rassi.h5', 'MOLCAS.rassi.ovlp.3.h5']
['link', 'MOLCAS.1.JobIph', 'JOB001']
['link', 'MOLCAS.3.JobIph', 'JOB002']
['rassi', 'soc', [4, 3]]
['copy', '$master_path/MOLCAS.1.JobIph', 'JOBOLD']
['rasscf', 1, 4, True, False]
['mclr', 0.0001, 'sala=3']
['alaska']
All jobs finished:
job: master          code: 0    runtime: 0:00:07.077546
job: grad_1_3        code: 0    runtime: 0:00:02.801028

Starting job execution
['gateway']
['seward']
['copy', '/project/lgagliardi/helenclifford/practice_rcc/sharc4/methaniminium/tutorial_reproduction/traj/Singlet_2/TRAJ_00010/restart/MOLCAS.1.JobIph.14', 'JOBOLD']
['rasscf', 1, 4, True, False]
['copy', 'MOLCAS.rasscf.h5', 'MOLCAS.1.rasscf.h5']
['copy', 'MOLCAS.JobIph', 'MOLCAS.1.JobIph']
['copy', '/project/lgagliardi/helenclifford/practice_rcc/sharc4/methaniminium/tutorial_reproduction/traj/Singlet_2/TRAJ_00010/restart/MOLCAS.3.JobIph.14', 'JOBOLD']
['rasscf', 3, 3, True, False]
['copy', 'MOLCAS.rasscf.h5', 'MOLCAS.3.rasscf.h5']
['copy', 'MOLCAS.JobIph', 'MOLCAS.3.JobIph']
['link', 'MOLCAS.1.JobIph', 'JOB001']
['rassi', 'dm', [4]]
['copy', 'MOLCAS.rassi.h5', 'MOLCAS.rassi.1.h5']
['link', 'MOLCAS.3.JobIph', 'JOB001']
['rassi', 'dm', [3]]
['copy', 'MOLCAS.rassi.h5', 'MOLCAS.rassi.3.h5']
['copy', '/project/lgagliardi/helenclifford/practice_rcc/sharc4/methaniminium/tutorial_reproduction/traj/Singlet_2/TRAJ_00010/restart/MOLCAS.1.JobIph.14', 'JOB001']
['link', 'MOLCAS.1.JobIph', 'JOB002']
['rassi', 'overlap', [4, 4]]
['copy', 'MOLCAS.rassi.h5', 'MOLCAS.rassi.ovlp.1.h5']
['copy', '/project/lgagliardi/helenclifford/practice_rcc/sharc4/methaniminium/tutorial_reproduction/traj/Singlet_2/TRAJ_00010/restart/MOLCAS.3.JobIph.14', 'JOB001']
['link', 'MOLCAS.3.JobIph', 'JOB002']
['rassi', 'overlap', [3, 3]]
['copy', 'MOLCAS.rassi.h5', 'MOLCAS.rassi.ovlp.3.h5']
['link', 'MOLCAS.1.JobIph', 'JOB001']
['link', 'MOLCAS.3.JobIph', 'JOB002']
['rassi', 'soc', [4, 3]]
['copy', '$master_path/MOLCAS.1.JobIph', 'JOBOLD']
['rasscf', 1, 4, True, False]
['mclr', 0.0001, 'sala=3']
['alaska']
All jobs finished:
job: master          code: 0    runtime: 0:00:07.592401
job: grad_1_3        code: 0    runtime: 0:00:02.868021

Starting job execution
['gateway']
['seward']
['copy', '/project/lgagliardi/helenclifford/practice_rcc/sharc4/methaniminium/tutorial_reproduction/traj/Singlet_2/TRAJ_00010/restart/MOLCAS.1.JobIph.15', 'JOBOLD']
['rasscf', 1, 4, True, False]
['copy', 'MOLCAS.rasscf.h5', 'MOLCAS.1.rasscf.h5']
['copy', 'MOLCAS.JobIph', 'MOLCAS.1.JobIph']
['copy', '/project/lgagliardi/helenclifford/practice_rcc/sharc4/methaniminium/tutorial_reproduction/traj/Singlet_2/TRAJ_00010/restart/MOLCAS.3.JobIph.15', 'JOBOLD']
['rasscf', 3, 3, True, False]
['copy', 'MOLCAS.rasscf.h5', 'MOLCAS.3.rasscf.h5']
['copy', 'MOLCAS.JobIph', 'MOLCAS.3.JobIph']
['link', 'MOLCAS.1.JobIph', 'JOB001']
['rassi', 'dm', [4]]
['copy', 'MOLCAS.rassi.h5', 'MOLCAS.rassi.1.h5']
['link', 'MOLCAS.3.JobIph', 'JOB001']
['rassi', 'dm', [3]]
['copy', 'MOLCAS.rassi.h5', 'MOLCAS.rassi.3.h5']
['copy', '/project/lgagliardi/helenclifford/practice_rcc/sharc4/methaniminium/tutorial_reproduction/traj/Singlet_2/TRAJ_00010/restart/MOLCAS.1.JobIph.15', 'JOB001']
['link', 'MOLCAS.1.JobIph', 'JOB002']
['rassi', 'overlap', [4, 4]]
['copy', 'MOLCAS.rassi.h5', 'MOLCAS.rassi.ovlp.1.h5']
['copy', '/project/lgagliardi/helenclifford/practice_rcc/sharc4/methaniminium/tutorial_reproduction/traj/Singlet_2/TRAJ_00010/restart/MOLCAS.3.JobIph.15', 'JOB001']
['link', 'MOLCAS.3.JobIph', 'JOB002']
['rassi', 'overlap', [3, 3]]
['copy', 'MOLCAS.rassi.h5', 'MOLCAS.rassi.ovlp.3.h5']
['link', 'MOLCAS.1.JobIph', 'JOB001']
['link', 'MOLCAS.3.JobIph', 'JOB002']
['rassi', 'soc', [4, 3]]
['copy', '$master_path/MOLCAS.1.JobIph', 'JOBOLD']
['rasscf', 1, 4, True, False]
['mclr', 0.0001, 'sala=3']
['alaska']
All jobs finished:
job: master          code: 0    runtime: 0:00:07.321187
job: grad_1_3        code: 0    runtime: 0:00:02.910905

Starting job execution
['gateway']
['seward']
['copy', '/project/lgagliardi/helenclifford/practice_rcc/sharc4/methaniminium/tutorial_reproduction/traj/Singlet_2/TRAJ_00010/restart/MOLCAS.1.JobIph.16', 'JOBOLD']
['rasscf', 1, 4, True, False]
['copy', 'MOLCAS.rasscf.h5', 'MOLCAS.1.rasscf.h5']
['copy', 'MOLCAS.JobIph', 'MOLCAS.1.JobIph']
['copy', '/project/lgagliardi/helenclifford/practice_rcc/sharc4/methaniminium/tutorial_reproduction/traj/Singlet_2/TRAJ_00010/restart/MOLCAS.3.JobIph.16', 'JOBOLD']
['rasscf', 3, 3, True, False]
['copy', 'MOLCAS.rasscf.h5', 'MOLCAS.3.rasscf.h5']
['copy', 'MOLCAS.JobIph', 'MOLCAS.3.JobIph']
['link', 'MOLCAS.1.JobIph', 'JOB001']
['rassi', 'dm', [4]]
['copy', 'MOLCAS.rassi.h5', 'MOLCAS.rassi.1.h5']
['link', 'MOLCAS.3.JobIph', 'JOB001']
['rassi', 'dm', [3]]
['copy', 'MOLCAS.rassi.h5', 'MOLCAS.rassi.3.h5']
['copy', '/project/lgagliardi/helenclifford/practice_rcc/sharc4/methaniminium/tutorial_reproduction/traj/Singlet_2/TRAJ_00010/restart/MOLCAS.1.JobIph.15', 'JOB001']
['link', 'MOLCAS.1.JobIph', 'JOB002']
['rassi', 'overlap', [4, 4]]
['copy', 'MOLCAS.rassi.h5', 'MOLCAS.rassi.ovlp.1.h5']
['copy', '/project/lgagliardi/helenclifford/practice_rcc/sharc4/methaniminium/tutorial_reproduction/traj/Singlet_2/TRAJ_00010/restart/MOLCAS.3.JobIph.15', 'JOB001']
['link', 'MOLCAS.3.JobIph', 'JOB002']
['rassi', 'overlap', [3, 3]]
['copy', 'MOLCAS.rassi.h5', 'MOLCAS.rassi.ovlp.3.h5']
['link', 'MOLCAS.1.JobIph', 'JOB001']
['link', 'MOLCAS.3.JobIph', 'JOB002']
['rassi', 'soc', [4, 3]]
['copy', '$master_path/MOLCAS.1.JobIph', 'JOBOLD']
['rasscf', 1, 4, True, False]
['mclr', 0.0001, 'sala=2']
['alaska']
All jobs finished:
job: master          code: 0    runtime: 0:00:06.390775
job: grad_1_2        code: 0    runtime: 0:00:02.817820

Starting job execution
['gateway']
['seward']
['copy', '/project/lgagliardi/helenclifford/practice_rcc/sharc4/methaniminium/tutorial_reproduction/traj/Singlet_2/TRAJ_00010/restart/MOLCAS.1.JobIph.16', 'JOBOLD']
['rasscf', 1, 4, True, False]
['copy', 'MOLCAS.rasscf.h5', 'MOLCAS.1.rasscf.h5']
['copy', 'MOLCAS.JobIph', 'MOLCAS.1.JobIph']
['copy', '/project/lgagliardi/helenclifford/practice_rcc/sharc4/methaniminium/tutorial_reproduction/traj/Singlet_2/TRAJ_00010/restart/MOLCAS.3.JobIph.16', 'JOBOLD']
['rasscf', 3, 3, True, False]
['copy', 'MOLCAS.rasscf.h5', 'MOLCAS.3.rasscf.h5']
['copy', 'MOLCAS.JobIph', 'MOLCAS.3.JobIph']
['link', 'MOLCAS.1.JobIph', 'JOB001']
['rassi', 'dm', [4]]
['copy', 'MOLCAS.rassi.h5', 'MOLCAS.rassi.1.h5']
['link', 'MOLCAS.3.JobIph', 'JOB001']
['rassi', 'dm', [3]]
['copy', 'MOLCAS.rassi.h5', 'MOLCAS.rassi.3.h5']
['copy', '/project/lgagliardi/helenclifford/practice_rcc/sharc4/methaniminium/tutorial_reproduction/traj/Singlet_2/TRAJ_00010/restart/MOLCAS.1.JobIph.16', 'JOB001']
['link', 'MOLCAS.1.JobIph', 'JOB002']
['rassi', 'overlap', [4, 4]]
['copy', 'MOLCAS.rassi.h5', 'MOLCAS.rassi.ovlp.1.h5']
['copy', '/project/lgagliardi/helenclifford/practice_rcc/sharc4/methaniminium/tutorial_reproduction/traj/Singlet_2/TRAJ_00010/restart/MOLCAS.3.JobIph.16', 'JOB001']
['link', 'MOLCAS.3.JobIph', 'JOB002']
['rassi', 'overlap', [3, 3]]
['copy', 'MOLCAS.rassi.h5', 'MOLCAS.rassi.ovlp.3.h5']
['link', 'MOLCAS.1.JobIph', 'JOB001']
['link', 'MOLCAS.3.JobIph', 'JOB002']
['rassi', 'soc', [4, 3]]
['copy', '$master_path/MOLCAS.1.JobIph', 'JOBOLD']
['rasscf', 1, 4, True, False]
['mclr', 0.0001, 'sala=2']
['alaska']
All jobs finished:
job: master          code: 0    runtime: 0:00:07.518637
job: grad_1_2        code: 0    runtime: 0:00:02.898526

Starting job execution
['gateway']
['seward']
['copy', '/project/lgagliardi/helenclifford/practice_rcc/sharc4/methaniminium/tutorial_reproduction/traj/Singlet_2/TRAJ_00010/restart/MOLCAS.1.JobIph.17', 'JOBOLD']
['rasscf', 1, 4, True, False]
['copy', 'MOLCAS.rasscf.h5', 'MOLCAS.1.rasscf.h5']
['copy', 'MOLCAS.JobIph', 'MOLCAS.1.JobIph']
['copy', '/project/lgagliardi/helenclifford/practice_rcc/sharc4/methaniminium/tutorial_reproduction/traj/Singlet_2/TRAJ_00010/restart/MOLCAS.3.JobIph.17', 'JOBOLD']
['rasscf', 3, 3, True, False]
['copy', 'MOLCAS.rasscf.h5', 'MOLCAS.3.rasscf.h5']
['copy', 'MOLCAS.JobIph', 'MOLCAS.3.JobIph']
['link', 'MOLCAS.1.JobIph', 'JOB001']
['rassi', 'dm', [4]]
['copy', 'MOLCAS.rassi.h5', 'MOLCAS.rassi.1.h5']
['link', 'MOLCAS.3.JobIph', 'JOB001']
['rassi', 'dm', [3]]
['copy', 'MOLCAS.rassi.h5', 'MOLCAS.rassi.3.h5']
['copy', '/project/lgagliardi/helenclifford/practice_rcc/sharc4/methaniminium/tutorial_reproduction/traj/Singlet_2/TRAJ_00010/restart/MOLCAS.1.JobIph.16', 'JOB001']
['link', 'MOLCAS.1.JobIph', 'JOB002']
['rassi', 'overlap', [4, 4]]
['copy', 'MOLCAS.rassi.h5', 'MOLCAS.rassi.ovlp.1.h5']
['copy', '/project/lgagliardi/helenclifford/practice_rcc/sharc4/methaniminium/tutorial_reproduction/traj/Singlet_2/TRAJ_00010/restart/MOLCAS.3.JobIph.16', 'JOB001']
['link', 'MOLCAS.3.JobIph', 'JOB002']
['rassi', 'overlap', [3, 3]]
['copy', 'MOLCAS.rassi.h5', 'MOLCAS.rassi.ovlp.3.h5']
['link', 'MOLCAS.1.JobIph', 'JOB001']
['link', 'MOLCAS.3.JobIph', 'JOB002']
['rassi', 'soc', [4, 3]]
['copy', '$master_path/MOLCAS.3.JobIph', 'JOBOLD']
['rasscf', 3, 3, True, False]
['mclr', 0.0001, 'sala=2']
['alaska']
['copy', '$master_path/MOLCAS.1.JobIph', 'JOBOLD']
['rasscf', 1, 4, True, False]
['mclr', 0.0001, 'sala=2']
['alaska']
All jobs finished:
job: master          code: 0    runtime: 0:00:06.289615
job: grad_3_2        code: 0    runtime: 0:00:03.241502
job: grad_1_2        code: 0    runtime: 0:00:02.712090

Starting job execution
['gateway']
['seward']
['copy', '/project/lgagliardi/helenclifford/practice_rcc/sharc4/methaniminium/tutorial_reproduction/traj/Singlet_2/TRAJ_00010/restart/MOLCAS.1.JobIph.17', 'JOBOLD']
['rasscf', 1, 4, True, False]
['copy', 'MOLCAS.rasscf.h5', 'MOLCAS.1.rasscf.h5']
['copy', 'MOLCAS.JobIph', 'MOLCAS.1.JobIph']
['copy', '/project/lgagliardi/helenclifford/practice_rcc/sharc4/methaniminium/tutorial_reproduction/traj/Singlet_2/TRAJ_00010/restart/MOLCAS.3.JobIph.17', 'JOBOLD']
['rasscf', 3, 3, True, False]
['copy', 'MOLCAS.rasscf.h5', 'MOLCAS.3.rasscf.h5']
['copy', 'MOLCAS.JobIph', 'MOLCAS.3.JobIph']
['link', 'MOLCAS.1.JobIph', 'JOB001']
['rassi', 'dm', [4]]
['copy', 'MOLCAS.rassi.h5', 'MOLCAS.rassi.1.h5']
['link', 'MOLCAS.3.JobIph', 'JOB001']
['rassi', 'dm', [3]]
['copy', 'MOLCAS.rassi.h5', 'MOLCAS.rassi.3.h5']
['copy', '/project/lgagliardi/helenclifford/practice_rcc/sharc4/methaniminium/tutorial_reproduction/traj/Singlet_2/TRAJ_00010/restart/MOLCAS.1.JobIph.17', 'JOB001']
['link', 'MOLCAS.1.JobIph', 'JOB002']
['rassi', 'overlap', [4, 4]]
['copy', 'MOLCAS.rassi.h5', 'MOLCAS.rassi.ovlp.1.h5']
['copy', '/project/lgagliardi/helenclifford/practice_rcc/sharc4/methaniminium/tutorial_reproduction/traj/Singlet_2/TRAJ_00010/restart/MOLCAS.3.JobIph.17', 'JOB001']
['link', 'MOLCAS.3.JobIph', 'JOB002']
['rassi', 'overlap', [3, 3]]
['copy', 'MOLCAS.rassi.h5', 'MOLCAS.rassi.ovlp.3.h5']
['link', 'MOLCAS.1.JobIph', 'JOB001']
['link', 'MOLCAS.3.JobIph', 'JOB002']
['rassi', 'soc', [4, 3]]
['copy', '$master_path/MOLCAS.3.JobIph', 'JOBOLD']
['rasscf', 3, 3, True, False]
['mclr', 0.0001, 'sala=2']
['alaska']
['copy', '$master_path/MOLCAS.1.JobIph', 'JOBOLD']
['rasscf', 1, 4, True, False]
['mclr', 0.0001, 'sala=2']
['alaska']
All jobs finished:
job: master          code: 0    runtime: 0:00:07.289420
job: grad_3_2        code: 0    runtime: 0:00:02.539367
job: grad_1_2        code: 0    runtime: 0:00:02.741543

Starting job execution
['gateway']
['seward']
['copy', '/project/lgagliardi/helenclifford/practice_rcc/sharc4/methaniminium/tutorial_reproduction/traj/Singlet_2/TRAJ_00010/restart/MOLCAS.1.JobIph.18', 'JOBOLD']
['rasscf', 1, 4, True, False]
['copy', 'MOLCAS.rasscf.h5', 'MOLCAS.1.rasscf.h5']
['copy', 'MOLCAS.JobIph', 'MOLCAS.1.JobIph']
['copy', '/project/lgagliardi/helenclifford/practice_rcc/sharc4/methaniminium/tutorial_reproduction/traj/Singlet_2/TRAJ_00010/restart/MOLCAS.3.JobIph.18', 'JOBOLD']
['rasscf', 3, 3, True, False]
['copy', 'MOLCAS.rasscf.h5', 'MOLCAS.3.rasscf.h5']
['copy', 'MOLCAS.JobIph', 'MOLCAS.3.JobIph']
['link', 'MOLCAS.1.JobIph', 'JOB001']
['rassi', 'dm', [4]]
['copy', 'MOLCAS.rassi.h5', 'MOLCAS.rassi.1.h5']
['link', 'MOLCAS.3.JobIph', 'JOB001']
['rassi', 'dm', [3]]
['copy', 'MOLCAS.rassi.h5', 'MOLCAS.rassi.3.h5']
['copy', '/project/lgagliardi/helenclifford/practice_rcc/sharc4/methaniminium/tutorial_reproduction/traj/Singlet_2/TRAJ_00010/restart/MOLCAS.1.JobIph.18', 'JOB001']
['link', 'MOLCAS.1.JobIph', 'JOB002']
['rassi', 'overlap', [4, 4]]
['copy', 'MOLCAS.rassi.h5', 'MOLCAS.rassi.ovlp.1.h5']
['copy', '/project/lgagliardi/helenclifford/practice_rcc/sharc4/methaniminium/tutorial_reproduction/traj/Singlet_2/TRAJ_00010/restart/MOLCAS.3.JobIph.18', 'JOB001']
['link', 'MOLCAS.3.JobIph', 'JOB002']
['rassi', 'overlap', [3, 3]]
['copy', 'MOLCAS.rassi.h5', 'MOLCAS.rassi.ovlp.3.h5']
['link', 'MOLCAS.1.JobIph', 'JOB001']
['link', 'MOLCAS.3.JobIph', 'JOB002']
['rassi', 'soc', [4, 3]]
['copy', '$master_path/MOLCAS.1.JobIph', 'JOBOLD']
['rasscf', 1, 4, True, False]
['mclr', 0.0001, 'sala=2']
['alaska']
All jobs finished:
job: master          code: 0    runtime: 0:00:07.601352
job: grad_1_2        code: 0    runtime: 0:00:02.912389

Starting job execution
['gateway']
['seward']
['copy', '/project/lgagliardi/helenclifford/practice_rcc/sharc4/methaniminium/tutorial_reproduction/traj/Singlet_2/TRAJ_00010/restart/MOLCAS.1.JobIph.19', 'JOBOLD']
['rasscf', 1, 4, True, False]
['copy', 'MOLCAS.rasscf.h5', 'MOLCAS.1.rasscf.h5']
['copy', 'MOLCAS.JobIph', 'MOLCAS.1.JobIph']
['copy', '/project/lgagliardi/helenclifford/practice_rcc/sharc4/methaniminium/tutorial_reproduction/traj/Singlet_2/TRAJ_00010/restart/MOLCAS.3.JobIph.19', 'JOBOLD']
['rasscf', 3, 3, True, False]
['copy', 'MOLCAS.rasscf.h5', 'MOLCAS.3.rasscf.h5']
['copy', 'MOLCAS.JobIph', 'MOLCAS.3.JobIph']
['link', 'MOLCAS.1.JobIph', 'JOB001']
['rassi', 'dm', [4]]
['copy', 'MOLCAS.rassi.h5', 'MOLCAS.rassi.1.h5']
['link', 'MOLCAS.3.JobIph', 'JOB001']
['rassi', 'dm', [3]]
['copy', 'MOLCAS.rassi.h5', 'MOLCAS.rassi.3.h5']
['copy', '/project/lgagliardi/helenclifford/practice_rcc/sharc4/methaniminium/tutorial_reproduction/traj/Singlet_2/TRAJ_00010/restart/MOLCAS.1.JobIph.19', 'JOB001']
['link', 'MOLCAS.1.JobIph', 'JOB002']
['rassi', 'overlap', [4, 4]]
['copy', 'MOLCAS.rassi.h5', 'MOLCAS.rassi.ovlp.1.h5']
['copy', '/project/lgagliardi/helenclifford/practice_rcc/sharc4/methaniminium/tutorial_reproduction/traj/Singlet_2/TRAJ_00010/restart/MOLCAS.3.JobIph.19', 'JOB001']
['link', 'MOLCAS.3.JobIph', 'JOB002']
['rassi', 'overlap', [3, 3]]
['copy', 'MOLCAS.rassi.h5', 'MOLCAS.rassi.ovlp.3.h5']
['link', 'MOLCAS.1.JobIph', 'JOB001']
['link', 'MOLCAS.3.JobIph', 'JOB002']
['rassi', 'soc', [4, 3]]
['copy', '$master_path/MOLCAS.1.JobIph', 'JOBOLD']
['rasscf', 1, 4, True, False]
['mclr', 0.0001, 'sala=2']
['alaska']
All jobs finished:
job: master          code: 0    runtime: 0:00:08.908721
job: grad_1_2        code: 0    runtime: 0:00:02.883868

Starting job execution
['gateway']
['seward']
['copy', '/project/lgagliardi/helenclifford/practice_rcc/sharc4/methaniminium/tutorial_reproduction/traj/Singlet_2/TRAJ_00010/restart/MOLCAS.1.JobIph.20', 'JOBOLD']
['rasscf', 1, 4, True, False]
['copy', 'MOLCAS.rasscf.h5', 'MOLCAS.1.rasscf.h5']
['copy', 'MOLCAS.JobIph', 'MOLCAS.1.JobIph']
['copy', '/project/lgagliardi/helenclifford/practice_rcc/sharc4/methaniminium/tutorial_reproduction/traj/Singlet_2/TRAJ_00010/restart/MOLCAS.3.JobIph.20', 'JOBOLD']
['rasscf', 3, 3, True, False]
['copy', 'MOLCAS.rasscf.h5', 'MOLCAS.3.rasscf.h5']
['copy', 'MOLCAS.JobIph', 'MOLCAS.3.JobIph']
['link', 'MOLCAS.1.JobIph', 'JOB001']
['rassi', 'dm', [4]]
['copy', 'MOLCAS.rassi.h5', 'MOLCAS.rassi.1.h5']
['link', 'MOLCAS.3.JobIph', 'JOB001']
['rassi', 'dm', [3]]
['copy', 'MOLCAS.rassi.h5', 'MOLCAS.rassi.3.h5']
['copy', '/project/lgagliardi/helenclifford/practice_rcc/sharc4/methaniminium/tutorial_reproduction/traj/Singlet_2/TRAJ_00010/restart/MOLCAS.1.JobIph.20', 'JOB001']
['link', 'MOLCAS.1.JobIph', 'JOB002']
['rassi', 'overlap', [4, 4]]
['copy', 'MOLCAS.rassi.h5', 'MOLCAS.rassi.ovlp.1.h5']
['copy', '/project/lgagliardi/helenclifford/practice_rcc/sharc4/methaniminium/tutorial_reproduction/traj/Singlet_2/TRAJ_00010/restart/MOLCAS.3.JobIph.20', 'JOB001']
['link', 'MOLCAS.3.JobIph', 'JOB002']
['rassi', 'overlap', [3, 3]]
['copy', 'MOLCAS.rassi.h5', 'MOLCAS.rassi.ovlp.3.h5']
['link', 'MOLCAS.1.JobIph', 'JOB001']
['link', 'MOLCAS.3.JobIph', 'JOB002']
['rassi', 'soc', [4, 3]]
['copy', '$master_path/MOLCAS.1.JobIph', 'JOBOLD']
['rasscf', 1, 4, True, False]
['mclr', 0.0001, 'sala=2']
['alaska']
All jobs finished:
job: master          code: 0    runtime: 0:00:08.590897
job: grad_1_2        code: 0    runtime: 0:00:02.817254

Starting job execution
['gateway']
['seward']
['copy', '/project/lgagliardi/helenclifford/practice_rcc/sharc4/methaniminium/tutorial_reproduction/traj/Singlet_2/TRAJ_00010/restart/MOLCAS.1.JobIph.21', 'JOBOLD']
['rasscf', 1, 4, True, False]
['copy', 'MOLCAS.rasscf.h5', 'MOLCAS.1.rasscf.h5']
['copy', 'MOLCAS.JobIph', 'MOLCAS.1.JobIph']
['copy', '/project/lgagliardi/helenclifford/practice_rcc/sharc4/methaniminium/tutorial_reproduction/traj/Singlet_2/TRAJ_00010/restart/MOLCAS.3.JobIph.21', 'JOBOLD']
['rasscf', 3, 3, True, False]
['copy', 'MOLCAS.rasscf.h5', 'MOLCAS.3.rasscf.h5']
['copy', 'MOLCAS.JobIph', 'MOLCAS.3.JobIph']
['link', 'MOLCAS.1.JobIph', 'JOB001']
['rassi', 'dm', [4]]
['copy', 'MOLCAS.rassi.h5', 'MOLCAS.rassi.1.h5']
['link', 'MOLCAS.3.JobIph', 'JOB001']
['rassi', 'dm', [3]]
['copy', 'MOLCAS.rassi.h5', 'MOLCAS.rassi.3.h5']
['copy', '/project/lgagliardi/helenclifford/practice_rcc/sharc4/methaniminium/tutorial_reproduction/traj/Singlet_2/TRAJ_00010/restart/MOLCAS.1.JobIph.21', 'JOB001']
['link', 'MOLCAS.1.JobIph', 'JOB002']
['rassi', 'overlap', [4, 4]]
['copy', 'MOLCAS.rassi.h5', 'MOLCAS.rassi.ovlp.1.h5']
['copy', '/project/lgagliardi/helenclifford/practice_rcc/sharc4/methaniminium/tutorial_reproduction/traj/Singlet_2/TRAJ_00010/restart/MOLCAS.3.JobIph.21', 'JOB001']
['link', 'MOLCAS.3.JobIph', 'JOB002']
['rassi', 'overlap', [3, 3]]
['copy', 'MOLCAS.rassi.h5', 'MOLCAS.rassi.ovlp.3.h5']
['link', 'MOLCAS.1.JobIph', 'JOB001']
['link', 'MOLCAS.3.JobIph', 'JOB002']
['rassi', 'soc', [4, 3]]
['copy', '$master_path/MOLCAS.1.JobIph', 'JOBOLD']
['rasscf', 1, 4, True, False]
['mclr', 0.0001, 'sala=2']
['alaska']
All jobs finished:
job: master          code: 0    runtime: 0:00:08.778999
job: grad_1_2        code: 0    runtime: 0:00:02.839584

Starting job execution
['gateway']
['seward']
['copy', '/project/lgagliardi/helenclifford/practice_rcc/sharc4/methaniminium/tutorial_reproduction/traj/Singlet_2/TRAJ_00010/restart/MOLCAS.1.JobIph.22', 'JOBOLD']
['rasscf', 1, 4, True, False]
['copy', 'MOLCAS.rasscf.h5', 'MOLCAS.1.rasscf.h5']
['copy', 'MOLCAS.JobIph', 'MOLCAS.1.JobIph']
['copy', '/project/lgagliardi/helenclifford/practice_rcc/sharc4/methaniminium/tutorial_reproduction/traj/Singlet_2/TRAJ_00010/restart/MOLCAS.3.JobIph.22', 'JOBOLD']
['rasscf', 3, 3, True, False]
['copy', 'MOLCAS.rasscf.h5', 'MOLCAS.3.rasscf.h5']
['copy', 'MOLCAS.JobIph', 'MOLCAS.3.JobIph']
['link', 'MOLCAS.1.JobIph', 'JOB001']
['rassi', 'dm', [4]]
['copy', 'MOLCAS.rassi.h5', 'MOLCAS.rassi.1.h5']
['link', 'MOLCAS.3.JobIph', 'JOB001']
['rassi', 'dm', [3]]
['copy', 'MOLCAS.rassi.h5', 'MOLCAS.rassi.3.h5']
['copy', '/project/lgagliardi/helenclifford/practice_rcc/sharc4/methaniminium/tutorial_reproduction/traj/Singlet_2/TRAJ_00010/restart/MOLCAS.1.JobIph.22', 'JOB001']
['link', 'MOLCAS.1.JobIph', 'JOB002']
['rassi', 'overlap', [4, 4]]
['copy', 'MOLCAS.rassi.h5', 'MOLCAS.rassi.ovlp.1.h5']
['copy', '/project/lgagliardi/helenclifford/practice_rcc/sharc4/methaniminium/tutorial_reproduction/traj/Singlet_2/TRAJ_00010/restart/MOLCAS.3.JobIph.22', 'JOB001']
['link', 'MOLCAS.3.JobIph', 'JOB002']
['rassi', 'overlap', [3, 3]]
['copy', 'MOLCAS.rassi.h5', 'MOLCAS.rassi.ovlp.3.h5']
['link', 'MOLCAS.1.JobIph', 'JOB001']
['link', 'MOLCAS.3.JobIph', 'JOB002']
['rassi', 'soc', [4, 3]]
['copy', '$master_path/MOLCAS.1.JobIph', 'JOBOLD']
['rasscf', 1, 4, True, False]
['mclr', 0.0001, 'sala=2']
['alaska']
All jobs finished:
job: master          code: 0    runtime: 0:00:08.728903
job: grad_1_2        code: 0    runtime: 0:00:02.778531

Starting job execution
['gateway']
['seward']
['copy', '/project/lgagliardi/helenclifford/practice_rcc/sharc4/methaniminium/tutorial_reproduction/traj/Singlet_2/TRAJ_00010/restart/MOLCAS.1.JobIph.23', 'JOBOLD']
['rasscf', 1, 4, True, False]
['copy', 'MOLCAS.rasscf.h5', 'MOLCAS.1.rasscf.h5']
['copy', 'MOLCAS.JobIph', 'MOLCAS.1.JobIph']
['copy', '/project/lgagliardi/helenclifford/practice_rcc/sharc4/methaniminium/tutorial_reproduction/traj/Singlet_2/TRAJ_00010/restart/MOLCAS.3.JobIph.23', 'JOBOLD']
['rasscf', 3, 3, True, False]
['copy', 'MOLCAS.rasscf.h5', 'MOLCAS.3.rasscf.h5']
['copy', 'MOLCAS.JobIph', 'MOLCAS.3.JobIph']
['link', 'MOLCAS.1.JobIph', 'JOB001']
['rassi', 'dm', [4]]
['copy', 'MOLCAS.rassi.h5', 'MOLCAS.rassi.1.h5']
['link', 'MOLCAS.3.JobIph', 'JOB001']
['rassi', 'dm', [3]]
['copy', 'MOLCAS.rassi.h5', 'MOLCAS.rassi.3.h5']
['copy', '/project/lgagliardi/helenclifford/practice_rcc/sharc4/methaniminium/tutorial_reproduction/traj/Singlet_2/TRAJ_00010/restart/MOLCAS.1.JobIph.23', 'JOB001']
['link', 'MOLCAS.1.JobIph', 'JOB002']
['rassi', 'overlap', [4, 4]]
['copy', 'MOLCAS.rassi.h5', 'MOLCAS.rassi.ovlp.1.h5']
['copy', '/project/lgagliardi/helenclifford/practice_rcc/sharc4/methaniminium/tutorial_reproduction/traj/Singlet_2/TRAJ_00010/restart/MOLCAS.3.JobIph.23', 'JOB001']
['link', 'MOLCAS.3.JobIph', 'JOB002']
['rassi', 'overlap', [3, 3]]
['copy', 'MOLCAS.rassi.h5', 'MOLCAS.rassi.ovlp.3.h5']
['link', 'MOLCAS.1.JobIph', 'JOB001']
['link', 'MOLCAS.3.JobIph', 'JOB002']
['rassi', 'soc', [4, 3]]
['copy', '$master_path/MOLCAS.1.JobIph', 'JOBOLD']
['rasscf', 1, 4, True, False]
['mclr', 0.0001, 'sala=2']
['alaska']
All jobs finished:
job: master          code: 0    runtime: 0:00:07.686146
job: grad_1_2        code: 0    runtime: 0:00:02.896347

Starting job execution
['gateway']
['seward']
['copy', '/project/lgagliardi/helenclifford/practice_rcc/sharc4/methaniminium/tutorial_reproduction/traj/Singlet_2/TRAJ_00010/restart/MOLCAS.1.JobIph.24', 'JOBOLD']
['rasscf', 1, 4, True, False]
['copy', 'MOLCAS.rasscf.h5', 'MOLCAS.1.rasscf.h5']
['copy', 'MOLCAS.JobIph', 'MOLCAS.1.JobIph']
['copy', '/project/lgagliardi/helenclifford/practice_rcc/sharc4/methaniminium/tutorial_reproduction/traj/Singlet_2/TRAJ_00010/restart/MOLCAS.3.JobIph.24', 'JOBOLD']
['rasscf', 3, 3, True, False]
['copy', 'MOLCAS.rasscf.h5', 'MOLCAS.3.rasscf.h5']
['copy', 'MOLCAS.JobIph', 'MOLCAS.3.JobIph']
['link', 'MOLCAS.1.JobIph', 'JOB001']
['rassi', 'dm', [4]]
['copy', 'MOLCAS.rassi.h5', 'MOLCAS.rassi.1.h5']
['link', 'MOLCAS.3.JobIph', 'JOB001']
['rassi', 'dm', [3]]
['copy', 'MOLCAS.rassi.h5', 'MOLCAS.rassi.3.h5']
['copy', '/project/lgagliardi/helenclifford/practice_rcc/sharc4/methaniminium/tutorial_reproduction/traj/Singlet_2/TRAJ_00010/restart/MOLCAS.1.JobIph.24', 'JOB001']
['link', 'MOLCAS.1.JobIph', 'JOB002']
['rassi', 'overlap', [4, 4]]
['copy', 'MOLCAS.rassi.h5', 'MOLCAS.rassi.ovlp.1.h5']
['copy', '/project/lgagliardi/helenclifford/practice_rcc/sharc4/methaniminium/tutorial_reproduction/traj/Singlet_2/TRAJ_00010/restart/MOLCAS.3.JobIph.24', 'JOB001']
['link', 'MOLCAS.3.JobIph', 'JOB002']
['rassi', 'overlap', [3, 3]]
['copy', 'MOLCAS.rassi.h5', 'MOLCAS.rassi.ovlp.3.h5']
['link', 'MOLCAS.1.JobIph', 'JOB001']
['link', 'MOLCAS.3.JobIph', 'JOB002']
['rassi', 'soc', [4, 3]]
['copy', '$master_path/MOLCAS.1.JobIph', 'JOBOLD']
['rasscf', 1, 4, True, False]
['mclr', 0.0001, 'sala=2']
['alaska']
All jobs finished:
job: master          code: 0    runtime: 0:00:07.522048
job: grad_1_2        code: 0    runtime: 0:00:02.861245

Starting job execution
['gateway']
['seward']
['copy', '/project/lgagliardi/helenclifford/practice_rcc/sharc4/methaniminium/tutorial_reproduction/traj/Singlet_2/TRAJ_00010/restart/MOLCAS.1.JobIph.25', 'JOBOLD']
['rasscf', 1, 4, True, False]
['copy', 'MOLCAS.rasscf.h5', 'MOLCAS.1.rasscf.h5']
['copy', 'MOLCAS.JobIph', 'MOLCAS.1.JobIph']
['copy', '/project/lgagliardi/helenclifford/practice_rcc/sharc4/methaniminium/tutorial_reproduction/traj/Singlet_2/TRAJ_00010/restart/MOLCAS.3.JobIph.25', 'JOBOLD']
['rasscf', 3, 3, True, False]
['copy', 'MOLCAS.rasscf.h5', 'MOLCAS.3.rasscf.h5']
['copy', 'MOLCAS.JobIph', 'MOLCAS.3.JobIph']
['link', 'MOLCAS.1.JobIph', 'JOB001']
['rassi', 'dm', [4]]
['copy', 'MOLCAS.rassi.h5', 'MOLCAS.rassi.1.h5']
['link', 'MOLCAS.3.JobIph', 'JOB001']
['rassi', 'dm', [3]]
['copy', 'MOLCAS.rassi.h5', 'MOLCAS.rassi.3.h5']
['copy', '/project/lgagliardi/helenclifford/practice_rcc/sharc4/methaniminium/tutorial_reproduction/traj/Singlet_2/TRAJ_00010/restart/MOLCAS.1.JobIph.25', 'JOB001']
['link', 'MOLCAS.1.JobIph', 'JOB002']
['rassi', 'overlap', [4, 4]]
['copy', 'MOLCAS.rassi.h5', 'MOLCAS.rassi.ovlp.1.h5']
['copy', '/project/lgagliardi/helenclifford/practice_rcc/sharc4/methaniminium/tutorial_reproduction/traj/Singlet_2/TRAJ_00010/restart/MOLCAS.3.JobIph.25', 'JOB001']
['link', 'MOLCAS.3.JobIph', 'JOB002']
['rassi', 'overlap', [3, 3]]
['copy', 'MOLCAS.rassi.h5', 'MOLCAS.rassi.ovlp.3.h5']
['link', 'MOLCAS.1.JobIph', 'JOB001']
['link', 'MOLCAS.3.JobIph', 'JOB002']
['rassi', 'soc', [4, 3]]
['copy', '$master_path/MOLCAS.1.JobIph', 'JOBOLD']
['rasscf', 1, 4, True, False]
['mclr', 0.0001, 'sala=2']
['alaska']
All jobs finished:
job: master          code: 0    runtime: 0:00:07.601677
job: grad_1_2        code: 0    runtime: 0:00:03.511559

Starting job execution
['gateway']
['seward']
['copy', '/project/lgagliardi/helenclifford/practice_rcc/sharc4/methaniminium/tutorial_reproduction/traj/Singlet_2/TRAJ_00010/restart/MOLCAS.1.JobIph.26', 'JOBOLD']
['rasscf', 1, 4, True, False]
['copy', 'MOLCAS.rasscf.h5', 'MOLCAS.1.rasscf.h5']
['copy', 'MOLCAS.JobIph', 'MOLCAS.1.JobIph']
['copy', '/project/lgagliardi/helenclifford/practice_rcc/sharc4/methaniminium/tutorial_reproduction/traj/Singlet_2/TRAJ_00010/restart/MOLCAS.3.JobIph.26', 'JOBOLD']
['rasscf', 3, 3, True, False]
['copy', 'MOLCAS.rasscf.h5', 'MOLCAS.3.rasscf.h5']
['copy', 'MOLCAS.JobIph', 'MOLCAS.3.JobIph']
['link', 'MOLCAS.1.JobIph', 'JOB001']
['rassi', 'dm', [4]]
['copy', 'MOLCAS.rassi.h5', 'MOLCAS.rassi.1.h5']
['link', 'MOLCAS.3.JobIph', 'JOB001']
['rassi', 'dm', [3]]
['copy', 'MOLCAS.rassi.h5', 'MOLCAS.rassi.3.h5']
['copy', '/project/lgagliardi/helenclifford/practice_rcc/sharc4/methaniminium/tutorial_reproduction/traj/Singlet_2/TRAJ_00010/restart/MOLCAS.1.JobIph.26', 'JOB001']
['link', 'MOLCAS.1.JobIph', 'JOB002']
['rassi', 'overlap', [4, 4]]
['copy', 'MOLCAS.rassi.h5', 'MOLCAS.rassi.ovlp.1.h5']
['copy', '/project/lgagliardi/helenclifford/practice_rcc/sharc4/methaniminium/tutorial_reproduction/traj/Singlet_2/TRAJ_00010/restart/MOLCAS.3.JobIph.26', 'JOB001']
['link', 'MOLCAS.3.JobIph', 'JOB002']
['rassi', 'overlap', [3, 3]]
['copy', 'MOLCAS.rassi.h5', 'MOLCAS.rassi.ovlp.3.h5']
['link', 'MOLCAS.1.JobIph', 'JOB001']
['link', 'MOLCAS.3.JobIph', 'JOB002']
['rassi', 'soc', [4, 3]]
['copy', '$master_path/MOLCAS.1.JobIph', 'JOBOLD']
['rasscf', 1, 4, True, False]
['mclr', 0.0001, 'sala=2']
['alaska']
All jobs finished:
job: master          code: 0    runtime: 0:00:08.566677
job: grad_1_2        code: 0    runtime: 0:00:02.704739

Starting job execution
['gateway']
['seward']
['copy', '/project/lgagliardi/helenclifford/practice_rcc/sharc4/methaniminium/tutorial_reproduction/traj/Singlet_2/TRAJ_00010/restart/MOLCAS.1.JobIph.27', 'JOBOLD']
['rasscf', 1, 4, True, False]
['copy', 'MOLCAS.rasscf.h5', 'MOLCAS.1.rasscf.h5']
['copy', 'MOLCAS.JobIph', 'MOLCAS.1.JobIph']
['copy', '/project/lgagliardi/helenclifford/practice_rcc/sharc4/methaniminium/tutorial_reproduction/traj/Singlet_2/TRAJ_00010/restart/MOLCAS.3.JobIph.27', 'JOBOLD']
['rasscf', 3, 3, True, False]
['copy', 'MOLCAS.rasscf.h5', 'MOLCAS.3.rasscf.h5']
['copy', 'MOLCAS.JobIph', 'MOLCAS.3.JobIph']
['link', 'MOLCAS.1.JobIph', 'JOB001']
['rassi', 'dm', [4]]
['copy', 'MOLCAS.rassi.h5', 'MOLCAS.rassi.1.h5']
['link', 'MOLCAS.3.JobIph', 'JOB001']
['rassi', 'dm', [3]]
['copy', 'MOLCAS.rassi.h5', 'MOLCAS.rassi.3.h5']
['copy', '/project/lgagliardi/helenclifford/practice_rcc/sharc4/methaniminium/tutorial_reproduction/traj/Singlet_2/TRAJ_00010/restart/MOLCAS.1.JobIph.27', 'JOB001']
['link', 'MOLCAS.1.JobIph', 'JOB002']
['rassi', 'overlap', [4, 4]]
['copy', 'MOLCAS.rassi.h5', 'MOLCAS.rassi.ovlp.1.h5']
['copy', '/project/lgagliardi/helenclifford/practice_rcc/sharc4/methaniminium/tutorial_reproduction/traj/Singlet_2/TRAJ_00010/restart/MOLCAS.3.JobIph.27', 'JOB001']
['link', 'MOLCAS.3.JobIph', 'JOB002']
['rassi', 'overlap', [3, 3]]
['copy', 'MOLCAS.rassi.h5', 'MOLCAS.rassi.ovlp.3.h5']
['link', 'MOLCAS.1.JobIph', 'JOB001']
['link', 'MOLCAS.3.JobIph', 'JOB002']
['rassi', 'soc', [4, 3]]
['copy', '$master_path/MOLCAS.1.JobIph', 'JOBOLD']
['rasscf', 1, 4, True, False]
['mclr', 0.0001, 'sala=2']
['alaska']
All jobs finished:
job: master          code: 0    runtime: 0:00:07.509212
job: grad_1_2        code: 0    runtime: 0:00:02.675117

Starting job execution
['gateway']
['seward']
['copy', '/project/lgagliardi/helenclifford/practice_rcc/sharc4/methaniminium/tutorial_reproduction/traj/Singlet_2/TRAJ_00010/restart/MOLCAS.1.JobIph.28', 'JOBOLD']
['rasscf', 1, 4, True, False]
['copy', 'MOLCAS.rasscf.h5', 'MOLCAS.1.rasscf.h5']
['copy', 'MOLCAS.JobIph', 'MOLCAS.1.JobIph']
['copy', '/project/lgagliardi/helenclifford/practice_rcc/sharc4/methaniminium/tutorial_reproduction/traj/Singlet_2/TRAJ_00010/restart/MOLCAS.3.JobIph.28', 'JOBOLD']
['rasscf', 3, 3, True, False]
['copy', 'MOLCAS.rasscf.h5', 'MOLCAS.3.rasscf.h5']
['copy', 'MOLCAS.JobIph', 'MOLCAS.3.JobIph']
['link', 'MOLCAS.1.JobIph', 'JOB001']
['rassi', 'dm', [4]]
['copy', 'MOLCAS.rassi.h5', 'MOLCAS.rassi.1.h5']
['link', 'MOLCAS.3.JobIph', 'JOB001']
['rassi', 'dm', [3]]
['copy', 'MOLCAS.rassi.h5', 'MOLCAS.rassi.3.h5']
['copy', '/project/lgagliardi/helenclifford/practice_rcc/sharc4/methaniminium/tutorial_reproduction/traj/Singlet_2/TRAJ_00010/restart/MOLCAS.1.JobIph.28', 'JOB001']
['link', 'MOLCAS.1.JobIph', 'JOB002']
['rassi', 'overlap', [4, 4]]
['copy', 'MOLCAS.rassi.h5', 'MOLCAS.rassi.ovlp.1.h5']
['copy', '/project/lgagliardi/helenclifford/practice_rcc/sharc4/methaniminium/tutorial_reproduction/traj/Singlet_2/TRAJ_00010/restart/MOLCAS.3.JobIph.28', 'JOB001']
['link', 'MOLCAS.3.JobIph', 'JOB002']
['rassi', 'overlap', [3, 3]]
['copy', 'MOLCAS.rassi.h5', 'MOLCAS.rassi.ovlp.3.h5']
['link', 'MOLCAS.1.JobIph', 'JOB001']
['link', 'MOLCAS.3.JobIph', 'JOB002']
['rassi', 'soc', [4, 3]]
['copy', '$master_path/MOLCAS.1.JobIph', 'JOBOLD']
['rasscf', 1, 4, True, False]
['mclr', 0.0001, 'sala=2']
['alaska']
All jobs finished:
job: master          code: 0    runtime: 0:00:07.622585
job: grad_1_2        code: 0    runtime: 0:00:02.776771

Starting job execution
['gateway']
['seward']
['copy', '/project/lgagliardi/helenclifford/practice_rcc/sharc4/methaniminium/tutorial_reproduction/traj/Singlet_2/TRAJ_00010/restart/MOLCAS.1.JobIph.29', 'JOBOLD']
['rasscf', 1, 4, True, False]
['copy', 'MOLCAS.rasscf.h5', 'MOLCAS.1.rasscf.h5']
['copy', 'MOLCAS.JobIph', 'MOLCAS.1.JobIph']
['copy', '/project/lgagliardi/helenclifford/practice_rcc/sharc4/methaniminium/tutorial_reproduction/traj/Singlet_2/TRAJ_00010/restart/MOLCAS.3.JobIph.29', 'JOBOLD']
['rasscf', 3, 3, True, False]
['copy', 'MOLCAS.rasscf.h5', 'MOLCAS.3.rasscf.h5']
['copy', 'MOLCAS.JobIph', 'MOLCAS.3.JobIph']
['link', 'MOLCAS.1.JobIph', 'JOB001']
['rassi', 'dm', [4]]
['copy', 'MOLCAS.rassi.h5', 'MOLCAS.rassi.1.h5']
['link', 'MOLCAS.3.JobIph', 'JOB001']
['rassi', 'dm', [3]]
['copy', 'MOLCAS.rassi.h5', 'MOLCAS.rassi.3.h5']
['copy', '/project/lgagliardi/helenclifford/practice_rcc/sharc4/methaniminium/tutorial_reproduction/traj/Singlet_2/TRAJ_00010/restart/MOLCAS.1.JobIph.28', 'JOB001']
['link', 'MOLCAS.1.JobIph', 'JOB002']
['rassi', 'overlap', [4, 4]]
['copy', 'MOLCAS.rassi.h5', 'MOLCAS.rassi.ovlp.1.h5']
['copy', '/project/lgagliardi/helenclifford/practice_rcc/sharc4/methaniminium/tutorial_reproduction/traj/Singlet_2/TRAJ_00010/restart/MOLCAS.3.JobIph.28', 'JOB001']
['link', 'MOLCAS.3.JobIph', 'JOB002']
['rassi', 'overlap', [3, 3]]
['copy', 'MOLCAS.rassi.h5', 'MOLCAS.rassi.ovlp.3.h5']
['link', 'MOLCAS.1.JobIph', 'JOB001']
['link', 'MOLCAS.3.JobIph', 'JOB002']
['rassi', 'soc', [4, 3]]
['copy', '$master_path/MOLCAS.1.JobIph', 'JOBOLD']
['rasscf', 1, 4, True, False]
['mclr', 0.0001, 'sala=1']
['alaska']
All jobs finished:
job: master          code: 0    runtime: 0:00:05.766643
job: grad_1_1        code: 0    runtime: 0:00:02.957217

Starting job execution
['gateway']
['seward']
['copy', '/project/lgagliardi/helenclifford/practice_rcc/sharc4/methaniminium/tutorial_reproduction/traj/Singlet_2/TRAJ_00010/restart/MOLCAS.1.JobIph.29', 'JOBOLD']
['rasscf', 1, 4, True, False]
['copy', 'MOLCAS.rasscf.h5', 'MOLCAS.1.rasscf.h5']
['copy', 'MOLCAS.JobIph', 'MOLCAS.1.JobIph']
['copy', '/project/lgagliardi/helenclifford/practice_rcc/sharc4/methaniminium/tutorial_reproduction/traj/Singlet_2/TRAJ_00010/restart/MOLCAS.3.JobIph.29', 'JOBOLD']
['rasscf', 3, 3, True, False]
['copy', 'MOLCAS.rasscf.h5', 'MOLCAS.3.rasscf.h5']
['copy', 'MOLCAS.JobIph', 'MOLCAS.3.JobIph']
['link', 'MOLCAS.1.JobIph', 'JOB001']
['rassi', 'dm', [4]]
['copy', 'MOLCAS.rassi.h5', 'MOLCAS.rassi.1.h5']
['link', 'MOLCAS.3.JobIph', 'JOB001']
['rassi', 'dm', [3]]
['copy', 'MOLCAS.rassi.h5', 'MOLCAS.rassi.3.h5']
['copy', '/project/lgagliardi/helenclifford/practice_rcc/sharc4/methaniminium/tutorial_reproduction/traj/Singlet_2/TRAJ_00010/restart/MOLCAS.1.JobIph.29', 'JOB001']
['link', 'MOLCAS.1.JobIph', 'JOB002']
['rassi', 'overlap', [4, 4]]
['copy', 'MOLCAS.rassi.h5', 'MOLCAS.rassi.ovlp.1.h5']
['copy', '/project/lgagliardi/helenclifford/practice_rcc/sharc4/methaniminium/tutorial_reproduction/traj/Singlet_2/TRAJ_00010/restart/MOLCAS.3.JobIph.29', 'JOB001']
['link', 'MOLCAS.3.JobIph', 'JOB002']
['rassi', 'overlap', [3, 3]]
['copy', 'MOLCAS.rassi.h5', 'MOLCAS.rassi.ovlp.3.h5']
['link', 'MOLCAS.1.JobIph', 'JOB001']
['link', 'MOLCAS.3.JobIph', 'JOB002']
['rassi', 'soc', [4, 3]]
['copy', '$master_path/MOLCAS.1.JobIph', 'JOBOLD']
['rasscf', 1, 4, True, False]
['mclr', 0.0001, 'sala=1']
['alaska']
All jobs finished:
job: master          code: 0    runtime: 0:00:07.889457
job: grad_1_1        code: 0    runtime: 0:00:02.869820

Starting job execution
['gateway']
['seward']
['copy', '/project/lgagliardi/helenclifford/practice_rcc/sharc4/methaniminium/tutorial_reproduction/traj/Singlet_2/TRAJ_00010/restart/MOLCAS.1.JobIph.30', 'JOBOLD']
['rasscf', 1, 4, True, False]
['copy', 'MOLCAS.rasscf.h5', 'MOLCAS.1.rasscf.h5']
['copy', 'MOLCAS.JobIph', 'MOLCAS.1.JobIph']
['copy', '/project/lgagliardi/helenclifford/practice_rcc/sharc4/methaniminium/tutorial_reproduction/traj/Singlet_2/TRAJ_00010/restart/MOLCAS.3.JobIph.30', 'JOBOLD']
['rasscf', 3, 3, True, False]
['copy', 'MOLCAS.rasscf.h5', 'MOLCAS.3.rasscf.h5']
['copy', 'MOLCAS.JobIph', 'MOLCAS.3.JobIph']
['link', 'MOLCAS.1.JobIph', 'JOB001']
['rassi', 'dm', [4]]
['copy', 'MOLCAS.rassi.h5', 'MOLCAS.rassi.1.h5']
['link', 'MOLCAS.3.JobIph', 'JOB001']
['rassi', 'dm', [3]]
['copy', 'MOLCAS.rassi.h5', 'MOLCAS.rassi.3.h5']
['copy', '/project/lgagliardi/helenclifford/practice_rcc/sharc4/methaniminium/tutorial_reproduction/traj/Singlet_2/TRAJ_00010/restart/MOLCAS.1.JobIph.30', 'JOB001']
['link', 'MOLCAS.1.JobIph', 'JOB002']
['rassi', 'overlap', [4, 4]]
['copy', 'MOLCAS.rassi.h5', 'MOLCAS.rassi.ovlp.1.h5']
['copy', '/project/lgagliardi/helenclifford/practice_rcc/sharc4/methaniminium/tutorial_reproduction/traj/Singlet_2/TRAJ_00010/restart/MOLCAS.3.JobIph.30', 'JOB001']
['link', 'MOLCAS.3.JobIph', 'JOB002']
['rassi', 'overlap', [3, 3]]
['copy', 'MOLCAS.rassi.h5', 'MOLCAS.rassi.ovlp.3.h5']
['link', 'MOLCAS.1.JobIph', 'JOB001']
['link', 'MOLCAS.3.JobIph', 'JOB002']
['rassi', 'soc', [4, 3]]
['copy', '$master_path/MOLCAS.1.JobIph', 'JOBOLD']
['rasscf', 1, 4, True, False]
['mclr', 0.0001, 'sala=1']
['alaska']
All jobs finished:
job: master          code: 0    runtime: 0:00:08.003327
job: grad_1_1        code: 0    runtime: 0:00:02.739679

Starting job execution
['gateway']
['seward']
['copy', '/project/lgagliardi/helenclifford/practice_rcc/sharc4/methaniminium/tutorial_reproduction/traj/Singlet_2/TRAJ_00010/restart/MOLCAS.1.JobIph.31', 'JOBOLD']
['rasscf', 1, 4, True, False]
['copy', 'MOLCAS.rasscf.h5', 'MOLCAS.1.rasscf.h5']
['copy', 'MOLCAS.JobIph', 'MOLCAS.1.JobIph']
['copy', '/project/lgagliardi/helenclifford/practice_rcc/sharc4/methaniminium/tutorial_reproduction/traj/Singlet_2/TRAJ_00010/restart/MOLCAS.3.JobIph.31', 'JOBOLD']
['rasscf', 3, 3, True, False]
['copy', 'MOLCAS.rasscf.h5', 'MOLCAS.3.rasscf.h5']
['copy', 'MOLCAS.JobIph', 'MOLCAS.3.JobIph']
['link', 'MOLCAS.1.JobIph', 'JOB001']
['rassi', 'dm', [4]]
['copy', 'MOLCAS.rassi.h5', 'MOLCAS.rassi.1.h5']
['link', 'MOLCAS.3.JobIph', 'JOB001']
['rassi', 'dm', [3]]
['copy', 'MOLCAS.rassi.h5', 'MOLCAS.rassi.3.h5']
['copy', '/project/lgagliardi/helenclifford/practice_rcc/sharc4/methaniminium/tutorial_reproduction/traj/Singlet_2/TRAJ_00010/restart/MOLCAS.1.JobIph.31', 'JOB001']
['link', 'MOLCAS.1.JobIph', 'JOB002']
['rassi', 'overlap', [4, 4]]
['copy', 'MOLCAS.rassi.h5', 'MOLCAS.rassi.ovlp.1.h5']
['copy', '/project/lgagliardi/helenclifford/practice_rcc/sharc4/methaniminium/tutorial_reproduction/traj/Singlet_2/TRAJ_00010/restart/MOLCAS.3.JobIph.31', 'JOB001']
['link', 'MOLCAS.3.JobIph', 'JOB002']
['rassi', 'overlap', [3, 3]]
['copy', 'MOLCAS.rassi.h5', 'MOLCAS.rassi.ovlp.3.h5']
['link', 'MOLCAS.1.JobIph', 'JOB001']
['link', 'MOLCAS.3.JobIph', 'JOB002']
['rassi', 'soc', [4, 3]]
['copy', '$master_path/MOLCAS.1.JobIph', 'JOBOLD']
['rasscf', 1, 4, True, False]
['mclr', 0.0001, 'sala=1']
['alaska']
All jobs finished:
job: master          code: 0    runtime: 0:00:07.734042
job: grad_1_1        code: 0    runtime: 0:00:02.692172

Starting job execution
['gateway']
['seward']
['copy', '/project/lgagliardi/helenclifford/practice_rcc/sharc4/methaniminium/tutorial_reproduction/traj/Singlet_2/TRAJ_00010/restart/MOLCAS.1.JobIph.32', 'JOBOLD']
['rasscf', 1, 4, True, False]
['copy', 'MOLCAS.rasscf.h5', 'MOLCAS.1.rasscf.h5']
['copy', 'MOLCAS.JobIph', 'MOLCAS.1.JobIph']
['copy', '/project/lgagliardi/helenclifford/practice_rcc/sharc4/methaniminium/tutorial_reproduction/traj/Singlet_2/TRAJ_00010/restart/MOLCAS.3.JobIph.32', 'JOBOLD']
['rasscf', 3, 3, True, False]
['copy', 'MOLCAS.rasscf.h5', 'MOLCAS.3.rasscf.h5']
['copy', 'MOLCAS.JobIph', 'MOLCAS.3.JobIph']
['link', 'MOLCAS.1.JobIph', 'JOB001']
['rassi', 'dm', [4]]
['copy', 'MOLCAS.rassi.h5', 'MOLCAS.rassi.1.h5']
['link', 'MOLCAS.3.JobIph', 'JOB001']
['rassi', 'dm', [3]]
['copy', 'MOLCAS.rassi.h5', 'MOLCAS.rassi.3.h5']
['copy', '/project/lgagliardi/helenclifford/practice_rcc/sharc4/methaniminium/tutorial_reproduction/traj/Singlet_2/TRAJ_00010/restart/MOLCAS.1.JobIph.32', 'JOB001']
['link', 'MOLCAS.1.JobIph', 'JOB002']
['rassi', 'overlap', [4, 4]]
['copy', 'MOLCAS.rassi.h5', 'MOLCAS.rassi.ovlp.1.h5']
['copy', '/project/lgagliardi/helenclifford/practice_rcc/sharc4/methaniminium/tutorial_reproduction/traj/Singlet_2/TRAJ_00010/restart/MOLCAS.3.JobIph.32', 'JOB001']
['link', 'MOLCAS.3.JobIph', 'JOB002']
['rassi', 'overlap', [3, 3]]
['copy', 'MOLCAS.rassi.h5', 'MOLCAS.rassi.ovlp.3.h5']
['link', 'MOLCAS.1.JobIph', 'JOB001']
['link', 'MOLCAS.3.JobIph', 'JOB002']
['rassi', 'soc', [4, 3]]
['copy', '$master_path/MOLCAS.1.JobIph', 'JOBOLD']
['rasscf', 1, 4, True, False]
['mclr', 0.0001, 'sala=1']
['alaska']
All jobs finished:
job: master          code: 0    runtime: 0:00:07.474727
job: grad_1_1        code: 0    runtime: 0:00:02.692567

Starting job execution
['gateway']
['seward']
['copy', '/project/lgagliardi/helenclifford/practice_rcc/sharc4/methaniminium/tutorial_reproduction/traj/Singlet_2/TRAJ_00010/restart/MOLCAS.1.JobIph.33', 'JOBOLD']
['rasscf', 1, 4, True, False]
['copy', 'MOLCAS.rasscf.h5', 'MOLCAS.1.rasscf.h5']
['copy', 'MOLCAS.JobIph', 'MOLCAS.1.JobIph']
['copy', '/project/lgagliardi/helenclifford/practice_rcc/sharc4/methaniminium/tutorial_reproduction/traj/Singlet_2/TRAJ_00010/restart/MOLCAS.3.JobIph.33', 'JOBOLD']
['rasscf', 3, 3, True, False]
['copy', 'MOLCAS.rasscf.h5', 'MOLCAS.3.rasscf.h5']
['copy', 'MOLCAS.JobIph', 'MOLCAS.3.JobIph']
['link', 'MOLCAS.1.JobIph', 'JOB001']
['rassi', 'dm', [4]]
['copy', 'MOLCAS.rassi.h5', 'MOLCAS.rassi.1.h5']
['link', 'MOLCAS.3.JobIph', 'JOB001']
['rassi', 'dm', [3]]
['copy', 'MOLCAS.rassi.h5', 'MOLCAS.rassi.3.h5']
['copy', '/project/lgagliardi/helenclifford/practice_rcc/sharc4/methaniminium/tutorial_reproduction/traj/Singlet_2/TRAJ_00010/restart/MOLCAS.1.JobIph.33', 'JOB001']
['link', 'MOLCAS.1.JobIph', 'JOB002']
['rassi', 'overlap', [4, 4]]
['copy', 'MOLCAS.rassi.h5', 'MOLCAS.rassi.ovlp.1.h5']
['copy', '/project/lgagliardi/helenclifford/practice_rcc/sharc4/methaniminium/tutorial_reproduction/traj/Singlet_2/TRAJ_00010/restart/MOLCAS.3.JobIph.33', 'JOB001']
['link', 'MOLCAS.3.JobIph', 'JOB002']
['rassi', 'overlap', [3, 3]]
['copy', 'MOLCAS.rassi.h5', 'MOLCAS.rassi.ovlp.3.h5']
['link', 'MOLCAS.1.JobIph', 'JOB001']
['link', 'MOLCAS.3.JobIph', 'JOB002']
['rassi', 'soc', [4, 3]]
['copy', '$master_path/MOLCAS.1.JobIph', 'JOBOLD']
['rasscf', 1, 4, True, False]
['mclr', 0.0001, 'sala=1']
['alaska']
All jobs finished:
job: master          code: 0    runtime: 0:00:07.733744
job: grad_1_1        code: 0    runtime: 0:00:03.014760

Starting job execution
['gateway']
['seward']
['copy', '/project/lgagliardi/helenclifford/practice_rcc/sharc4/methaniminium/tutorial_reproduction/traj/Singlet_2/TRAJ_00010/restart/MOLCAS.1.JobIph.34', 'JOBOLD']
['rasscf', 1, 4, True, False]
['copy', 'MOLCAS.rasscf.h5', 'MOLCAS.1.rasscf.h5']
['copy', 'MOLCAS.JobIph', 'MOLCAS.1.JobIph']
['copy', '/project/lgagliardi/helenclifford/practice_rcc/sharc4/methaniminium/tutorial_reproduction/traj/Singlet_2/TRAJ_00010/restart/MOLCAS.3.JobIph.34', 'JOBOLD']
['rasscf', 3, 3, True, False]
['copy', 'MOLCAS.rasscf.h5', 'MOLCAS.3.rasscf.h5']
['copy', 'MOLCAS.JobIph', 'MOLCAS.3.JobIph']
['link', 'MOLCAS.1.JobIph', 'JOB001']
['rassi', 'dm', [4]]
['copy', 'MOLCAS.rassi.h5', 'MOLCAS.rassi.1.h5']
['link', 'MOLCAS.3.JobIph', 'JOB001']
['rassi', 'dm', [3]]
['copy', 'MOLCAS.rassi.h5', 'MOLCAS.rassi.3.h5']
['copy', '/project/lgagliardi/helenclifford/practice_rcc/sharc4/methaniminium/tutorial_reproduction/traj/Singlet_2/TRAJ_00010/restart/MOLCAS.1.JobIph.34', 'JOB001']
['link', 'MOLCAS.1.JobIph', 'JOB002']
['rassi', 'overlap', [4, 4]]
['copy', 'MOLCAS.rassi.h5', 'MOLCAS.rassi.ovlp.1.h5']
['copy', '/project/lgagliardi/helenclifford/practice_rcc/sharc4/methaniminium/tutorial_reproduction/traj/Singlet_2/TRAJ_00010/restart/MOLCAS.3.JobIph.34', 'JOB001']
['link', 'MOLCAS.3.JobIph', 'JOB002']
['rassi', 'overlap', [3, 3]]
['copy', 'MOLCAS.rassi.h5', 'MOLCAS.rassi.ovlp.3.h5']
['link', 'MOLCAS.1.JobIph', 'JOB001']
['link', 'MOLCAS.3.JobIph', 'JOB002']
['rassi', 'soc', [4, 3]]
['copy', '$master_path/MOLCAS.1.JobIph', 'JOBOLD']
['rasscf', 1, 4, True, False]
['mclr', 0.0001, 'sala=1']
['alaska']
All jobs finished:
job: master          code: 0    runtime: 0:00:07.722328
job: grad_1_1        code: 0    runtime: 0:00:03.184430

Starting job execution
['gateway']
['seward']
['copy', '/project/lgagliardi/helenclifford/practice_rcc/sharc4/methaniminium/tutorial_reproduction/traj/Singlet_2/TRAJ_00010/restart/MOLCAS.1.JobIph.35', 'JOBOLD']
['rasscf', 1, 4, True, False]
['copy', 'MOLCAS.rasscf.h5', 'MOLCAS.1.rasscf.h5']
['copy', 'MOLCAS.JobIph', 'MOLCAS.1.JobIph']
['copy', '/project/lgagliardi/helenclifford/practice_rcc/sharc4/methaniminium/tutorial_reproduction/traj/Singlet_2/TRAJ_00010/restart/MOLCAS.3.JobIph.35', 'JOBOLD']
['rasscf', 3, 3, True, False]
['copy', 'MOLCAS.rasscf.h5', 'MOLCAS.3.rasscf.h5']
['copy', 'MOLCAS.JobIph', 'MOLCAS.3.JobIph']
['link', 'MOLCAS.1.JobIph', 'JOB001']
['rassi', 'dm', [4]]
['copy', 'MOLCAS.rassi.h5', 'MOLCAS.rassi.1.h5']
['link', 'MOLCAS.3.JobIph', 'JOB001']
['rassi', 'dm', [3]]
['copy', 'MOLCAS.rassi.h5', 'MOLCAS.rassi.3.h5']
['copy', '/project/lgagliardi/helenclifford/practice_rcc/sharc4/methaniminium/tutorial_reproduction/traj/Singlet_2/TRAJ_00010/restart/MOLCAS.1.JobIph.35', 'JOB001']
['link', 'MOLCAS.1.JobIph', 'JOB002']
['rassi', 'overlap', [4, 4]]
['copy', 'MOLCAS.rassi.h5', 'MOLCAS.rassi.ovlp.1.h5']
['copy', '/project/lgagliardi/helenclifford/practice_rcc/sharc4/methaniminium/tutorial_reproduction/traj/Singlet_2/TRAJ_00010/restart/MOLCAS.3.JobIph.35', 'JOB001']
['link', 'MOLCAS.3.JobIph', 'JOB002']
['rassi', 'overlap', [3, 3]]
['copy', 'MOLCAS.rassi.h5', 'MOLCAS.rassi.ovlp.3.h5']
['link', 'MOLCAS.1.JobIph', 'JOB001']
['link', 'MOLCAS.3.JobIph', 'JOB002']
['rassi', 'soc', [4, 3]]
['copy', '$master_path/MOLCAS.1.JobIph', 'JOBOLD']
['rasscf', 1, 4, True, False]
['mclr', 0.0001, 'sala=1']
['alaska']
All jobs finished:
job: master          code: 0    runtime: 0:00:07.783645
job: grad_1_1        code: 0    runtime: 0:00:02.699160

Starting job execution
['gateway']
['seward']
['copy', '/project/lgagliardi/helenclifford/practice_rcc/sharc4/methaniminium/tutorial_reproduction/traj/Singlet_2/TRAJ_00010/restart/MOLCAS.1.JobIph.36', 'JOBOLD']
['rasscf', 1, 4, True, False]
['copy', 'MOLCAS.rasscf.h5', 'MOLCAS.1.rasscf.h5']
['copy', 'MOLCAS.JobIph', 'MOLCAS.1.JobIph']
['copy', '/project/lgagliardi/helenclifford/practice_rcc/sharc4/methaniminium/tutorial_reproduction/traj/Singlet_2/TRAJ_00010/restart/MOLCAS.3.JobIph.36', 'JOBOLD']
['rasscf', 3, 3, True, False]
['copy', 'MOLCAS.rasscf.h5', 'MOLCAS.3.rasscf.h5']
['copy', 'MOLCAS.JobIph', 'MOLCAS.3.JobIph']
['link', 'MOLCAS.1.JobIph', 'JOB001']
['rassi', 'dm', [4]]
['copy', 'MOLCAS.rassi.h5', 'MOLCAS.rassi.1.h5']
['link', 'MOLCAS.3.JobIph', 'JOB001']
['rassi', 'dm', [3]]
['copy', 'MOLCAS.rassi.h5', 'MOLCAS.rassi.3.h5']
['copy', '/project/lgagliardi/helenclifford/practice_rcc/sharc4/methaniminium/tutorial_reproduction/traj/Singlet_2/TRAJ_00010/restart/MOLCAS.1.JobIph.36', 'JOB001']
['link', 'MOLCAS.1.JobIph', 'JOB002']
['rassi', 'overlap', [4, 4]]
['copy', 'MOLCAS.rassi.h5', 'MOLCAS.rassi.ovlp.1.h5']
['copy', '/project/lgagliardi/helenclifford/practice_rcc/sharc4/methaniminium/tutorial_reproduction/traj/Singlet_2/TRAJ_00010/restart/MOLCAS.3.JobIph.36', 'JOB001']
['link', 'MOLCAS.3.JobIph', 'JOB002']
['rassi', 'overlap', [3, 3]]
['copy', 'MOLCAS.rassi.h5', 'MOLCAS.rassi.ovlp.3.h5']
['link', 'MOLCAS.1.JobIph', 'JOB001']
['link', 'MOLCAS.3.JobIph', 'JOB002']
['rassi', 'soc', [4, 3]]
['copy', '$master_path/MOLCAS.1.JobIph', 'JOBOLD']
['rasscf', 1, 4, True, False]
['mclr', 0.0001, 'sala=1']
['alaska']
All jobs finished:
job: master          code: 0    runtime: 0:00:09.122939
job: grad_1_1        code: 0    runtime: 0:00:02.811148

Starting job execution
['gateway']
['seward']
['copy', '/project/lgagliardi/helenclifford/practice_rcc/sharc4/methaniminium/tutorial_reproduction/traj/Singlet_2/TRAJ_00010/restart/MOLCAS.1.JobIph.37', 'JOBOLD']
['rasscf', 1, 4, True, False]
['copy', 'MOLCAS.rasscf.h5', 'MOLCAS.1.rasscf.h5']
['copy', 'MOLCAS.JobIph', 'MOLCAS.1.JobIph']
['copy', '/project/lgagliardi/helenclifford/practice_rcc/sharc4/methaniminium/tutorial_reproduction/traj/Singlet_2/TRAJ_00010/restart/MOLCAS.3.JobIph.37', 'JOBOLD']
['rasscf', 3, 3, True, False]
['copy', 'MOLCAS.rasscf.h5', 'MOLCAS.3.rasscf.h5']
['copy', 'MOLCAS.JobIph', 'MOLCAS.3.JobIph']
['link', 'MOLCAS.1.JobIph', 'JOB001']
['rassi', 'dm', [4]]
['copy', 'MOLCAS.rassi.h5', 'MOLCAS.rassi.1.h5']
['link', 'MOLCAS.3.JobIph', 'JOB001']
['rassi', 'dm', [3]]
['copy', 'MOLCAS.rassi.h5', 'MOLCAS.rassi.3.h5']
['copy', '/project/lgagliardi/helenclifford/practice_rcc/sharc4/methaniminium/tutorial_reproduction/traj/Singlet_2/TRAJ_00010/restart/MOLCAS.1.JobIph.37', 'JOB001']
['link', 'MOLCAS.1.JobIph', 'JOB002']
['rassi', 'overlap', [4, 4]]
['copy', 'MOLCAS.rassi.h5', 'MOLCAS.rassi.ovlp.1.h5']
['copy', '/project/lgagliardi/helenclifford/practice_rcc/sharc4/methaniminium/tutorial_reproduction/traj/Singlet_2/TRAJ_00010/restart/MOLCAS.3.JobIph.37', 'JOB001']
['link', 'MOLCAS.3.JobIph', 'JOB002']
['rassi', 'overlap', [3, 3]]
['copy', 'MOLCAS.rassi.h5', 'MOLCAS.rassi.ovlp.3.h5']
['link', 'MOLCAS.1.JobIph', 'JOB001']
['link', 'MOLCAS.3.JobIph', 'JOB002']
['rassi', 'soc', [4, 3]]
['copy', '$master_path/MOLCAS.1.JobIph', 'JOBOLD']
['rasscf', 1, 4, True, False]
['mclr', 0.0001, 'sala=1']
['alaska']
All jobs finished:
job: master          code: 0    runtime: 0:00:07.624273
job: grad_1_1        code: 0    runtime: 0:00:02.855810

Starting job execution
['gateway']
['seward']
['copy', '/project/lgagliardi/helenclifford/practice_rcc/sharc4/methaniminium/tutorial_reproduction/traj/Singlet_2/TRAJ_00010/restart/MOLCAS.1.JobIph.38', 'JOBOLD']
['rasscf', 1, 4, True, False]
['copy', 'MOLCAS.rasscf.h5', 'MOLCAS.1.rasscf.h5']
['copy', 'MOLCAS.JobIph', 'MOLCAS.1.JobIph']
['copy', '/project/lgagliardi/helenclifford/practice_rcc/sharc4/methaniminium/tutorial_reproduction/traj/Singlet_2/TRAJ_00010/restart/MOLCAS.3.JobIph.38', 'JOBOLD']
['rasscf', 3, 3, True, False]
['copy', 'MOLCAS.rasscf.h5', 'MOLCAS.3.rasscf.h5']
['copy', 'MOLCAS.JobIph', 'MOLCAS.3.JobIph']
['link', 'MOLCAS.1.JobIph', 'JOB001']
['rassi', 'dm', [4]]
['copy', 'MOLCAS.rassi.h5', 'MOLCAS.rassi.1.h5']
['link', 'MOLCAS.3.JobIph', 'JOB001']
['rassi', 'dm', [3]]
['copy', 'MOLCAS.rassi.h5', 'MOLCAS.rassi.3.h5']
['copy', '/project/lgagliardi/helenclifford/practice_rcc/sharc4/methaniminium/tutorial_reproduction/traj/Singlet_2/TRAJ_00010/restart/MOLCAS.1.JobIph.38', 'JOB001']
['link', 'MOLCAS.1.JobIph', 'JOB002']
['rassi', 'overlap', [4, 4]]
['copy', 'MOLCAS.rassi.h5', 'MOLCAS.rassi.ovlp.1.h5']
['copy', '/project/lgagliardi/helenclifford/practice_rcc/sharc4/methaniminium/tutorial_reproduction/traj/Singlet_2/TRAJ_00010/restart/MOLCAS.3.JobIph.38', 'JOB001']
['link', 'MOLCAS.3.JobIph', 'JOB002']
['rassi', 'overlap', [3, 3]]
['copy', 'MOLCAS.rassi.h5', 'MOLCAS.rassi.ovlp.3.h5']
['link', 'MOLCAS.1.JobIph', 'JOB001']
['link', 'MOLCAS.3.JobIph', 'JOB002']
['rassi', 'soc', [4, 3]]
['copy', '$master_path/MOLCAS.1.JobIph', 'JOBOLD']
['rasscf', 1, 4, True, False]
['mclr', 0.0001, 'sala=1']
['alaska']
All jobs finished:
job: master          code: 0    runtime: 0:00:07.675223
job: grad_1_1        code: 0    runtime: 0:00:02.696857

Starting job execution
['gateway']
['seward']
['copy', '/project/lgagliardi/helenclifford/practice_rcc/sharc4/methaniminium/tutorial_reproduction/traj/Singlet_2/TRAJ_00010/restart/MOLCAS.1.JobIph.39', 'JOBOLD']
['rasscf', 1, 4, True, False]
['copy', 'MOLCAS.rasscf.h5', 'MOLCAS.1.rasscf.h5']
['copy', 'MOLCAS.JobIph', 'MOLCAS.1.JobIph']
['copy', '/project/lgagliardi/helenclifford/practice_rcc/sharc4/methaniminium/tutorial_reproduction/traj/Singlet_2/TRAJ_00010/restart/MOLCAS.3.JobIph.39', 'JOBOLD']
['rasscf', 3, 3, True, False]
['copy', 'MOLCAS.rasscf.h5', 'MOLCAS.3.rasscf.h5']
['copy', 'MOLCAS.JobIph', 'MOLCAS.3.JobIph']
['link', 'MOLCAS.1.JobIph', 'JOB001']
['rassi', 'dm', [4]]
['copy', 'MOLCAS.rassi.h5', 'MOLCAS.rassi.1.h5']
['link', 'MOLCAS.3.JobIph', 'JOB001']
['rassi', 'dm', [3]]
['copy', 'MOLCAS.rassi.h5', 'MOLCAS.rassi.3.h5']
['copy', '/project/lgagliardi/helenclifford/practice_rcc/sharc4/methaniminium/tutorial_reproduction/traj/Singlet_2/TRAJ_00010/restart/MOLCAS.1.JobIph.39', 'JOB001']
['link', 'MOLCAS.1.JobIph', 'JOB002']
['rassi', 'overlap', [4, 4]]
['copy', 'MOLCAS.rassi.h5', 'MOLCAS.rassi.ovlp.1.h5']
['copy', '/project/lgagliardi/helenclifford/practice_rcc/sharc4/methaniminium/tutorial_reproduction/traj/Singlet_2/TRAJ_00010/restart/MOLCAS.3.JobIph.39', 'JOB001']
['link', 'MOLCAS.3.JobIph', 'JOB002']
['rassi', 'overlap', [3, 3]]
['copy', 'MOLCAS.rassi.h5', 'MOLCAS.rassi.ovlp.3.h5']
['link', 'MOLCAS.1.JobIph', 'JOB001']
['link', 'MOLCAS.3.JobIph', 'JOB002']
['rassi', 'soc', [4, 3]]
['copy', '$master_path/MOLCAS.1.JobIph', 'JOBOLD']
['rasscf', 1, 4, True, False]
['mclr', 0.0001, 'sala=1']
['alaska']
All jobs finished:
job: master          code: 0    runtime: 0:00:07.249859
job: grad_1_1        code: 0    runtime: 0:00:02.730678

Starting job execution
['gateway']
['seward']
['copy', '/project/lgagliardi/helenclifford/practice_rcc/sharc4/methaniminium/tutorial_reproduction/traj/Singlet_2/TRAJ_00010/restart/MOLCAS.1.JobIph.40', 'JOBOLD']
['rasscf', 1, 4, True, False]
['copy', 'MOLCAS.rasscf.h5', 'MOLCAS.1.rasscf.h5']
['copy', 'MOLCAS.JobIph', 'MOLCAS.1.JobIph']
['copy', '/project/lgagliardi/helenclifford/practice_rcc/sharc4/methaniminium/tutorial_reproduction/traj/Singlet_2/TRAJ_00010/restart/MOLCAS.3.JobIph.40', 'JOBOLD']
['rasscf', 3, 3, True, False]
['copy', 'MOLCAS.rasscf.h5', 'MOLCAS.3.rasscf.h5']
['copy', 'MOLCAS.JobIph', 'MOLCAS.3.JobIph']
['link', 'MOLCAS.1.JobIph', 'JOB001']
['rassi', 'dm', [4]]
['copy', 'MOLCAS.rassi.h5', 'MOLCAS.rassi.1.h5']
['link', 'MOLCAS.3.JobIph', 'JOB001']
['rassi', 'dm', [3]]
['copy', 'MOLCAS.rassi.h5', 'MOLCAS.rassi.3.h5']
['copy', '/project/lgagliardi/helenclifford/practice_rcc/sharc4/methaniminium/tutorial_reproduction/traj/Singlet_2/TRAJ_00010/restart/MOLCAS.1.JobIph.40', 'JOB001']
['link', 'MOLCAS.1.JobIph', 'JOB002']
['rassi', 'overlap', [4, 4]]
['copy', 'MOLCAS.rassi.h5', 'MOLCAS.rassi.ovlp.1.h5']
['copy', '/project/lgagliardi/helenclifford/practice_rcc/sharc4/methaniminium/tutorial_reproduction/traj/Singlet_2/TRAJ_00010/restart/MOLCAS.3.JobIph.40', 'JOB001']
['link', 'MOLCAS.3.JobIph', 'JOB002']
['rassi', 'overlap', [3, 3]]
['copy', 'MOLCAS.rassi.h5', 'MOLCAS.rassi.ovlp.3.h5']
['link', 'MOLCAS.1.JobIph', 'JOB001']
['link', 'MOLCAS.3.JobIph', 'JOB002']
['rassi', 'soc', [4, 3]]
['copy', '$master_path/MOLCAS.1.JobIph', 'JOBOLD']
['rasscf', 1, 4, True, False]
['mclr', 0.0001, 'sala=1']
['alaska']
All jobs finished:
job: master          code: 0    runtime: 0:00:07.697134
job: grad_1_1        code: 0    runtime: 0:00:02.742378

Starting job execution
['gateway']
['seward']
['copy', '/project/lgagliardi/helenclifford/practice_rcc/sharc4/methaniminium/tutorial_reproduction/traj/Singlet_2/TRAJ_00010/restart/MOLCAS.1.JobIph.41', 'JOBOLD']
['rasscf', 1, 4, True, False]
['copy', 'MOLCAS.rasscf.h5', 'MOLCAS.1.rasscf.h5']
['copy', 'MOLCAS.JobIph', 'MOLCAS.1.JobIph']
['copy', '/project/lgagliardi/helenclifford/practice_rcc/sharc4/methaniminium/tutorial_reproduction/traj/Singlet_2/TRAJ_00010/restart/MOLCAS.3.JobIph.41', 'JOBOLD']
['rasscf', 3, 3, True, False]
['copy', 'MOLCAS.rasscf.h5', 'MOLCAS.3.rasscf.h5']
['copy', 'MOLCAS.JobIph', 'MOLCAS.3.JobIph']
['link', 'MOLCAS.1.JobIph', 'JOB001']
['rassi', 'dm', [4]]
['copy', 'MOLCAS.rassi.h5', 'MOLCAS.rassi.1.h5']
['link', 'MOLCAS.3.JobIph', 'JOB001']
['rassi', 'dm', [3]]
['copy', 'MOLCAS.rassi.h5', 'MOLCAS.rassi.3.h5']
['copy', '/project/lgagliardi/helenclifford/practice_rcc/sharc4/methaniminium/tutorial_reproduction/traj/Singlet_2/TRAJ_00010/restart/MOLCAS.1.JobIph.40', 'JOB001']
['link', 'MOLCAS.1.JobIph', 'JOB002']
['rassi', 'overlap', [4, 4]]
['copy', 'MOLCAS.rassi.h5', 'MOLCAS.rassi.ovlp.1.h5']
['copy', '/project/lgagliardi/helenclifford/practice_rcc/sharc4/methaniminium/tutorial_reproduction/traj/Singlet_2/TRAJ_00010/restart/MOLCAS.3.JobIph.40', 'JOB001']
['link', 'MOLCAS.3.JobIph', 'JOB002']
['rassi', 'overlap', [3, 3]]
['copy', 'MOLCAS.rassi.h5', 'MOLCAS.rassi.ovlp.3.h5']
['link', 'MOLCAS.1.JobIph', 'JOB001']
['link', 'MOLCAS.3.JobIph', 'JOB002']
['rassi', 'soc', [4, 3]]
['copy', '$master_path/MOLCAS.3.JobIph', 'JOBOLD']
['rasscf', 3, 3, True, False]
['mclr', 0.0001, 'sala=1']
['alaska']
['copy', '$master_path/MOLCAS.1.JobIph', 'JOBOLD']
['rasscf', 1, 4, True, False]
['mclr', 0.0001, 'sala=1']
['alaska']
All jobs finished:
job: master          code: 0    runtime: 0:00:05.878236
job: grad_3_1        code: 0    runtime: 0:00:02.617726
job: grad_1_1        code: 0    runtime: 0:00:02.691905

Starting job execution
['gateway']
['seward']
['copy', '/project/lgagliardi/helenclifford/practice_rcc/sharc4/methaniminium/tutorial_reproduction/traj/Singlet_2/TRAJ_00010/restart/MOLCAS.1.JobIph.41', 'JOBOLD']
['rasscf', 1, 4, True, False]
['copy', 'MOLCAS.rasscf.h5', 'MOLCAS.1.rasscf.h5']
['copy', 'MOLCAS.JobIph', 'MOLCAS.1.JobIph']
['copy', '/project/lgagliardi/helenclifford/practice_rcc/sharc4/methaniminium/tutorial_reproduction/traj/Singlet_2/TRAJ_00010/restart/MOLCAS.3.JobIph.41', 'JOBOLD']
['rasscf', 3, 3, True, False]
['copy', 'MOLCAS.rasscf.h5', 'MOLCAS.3.rasscf.h5']
['copy', 'MOLCAS.JobIph', 'MOLCAS.3.JobIph']
['link', 'MOLCAS.1.JobIph', 'JOB001']
['rassi', 'dm', [4]]
['copy', 'MOLCAS.rassi.h5', 'MOLCAS.rassi.1.h5']
['link', 'MOLCAS.3.JobIph', 'JOB001']
['rassi', 'dm', [3]]
['copy', 'MOLCAS.rassi.h5', 'MOLCAS.rassi.3.h5']
['copy', '/project/lgagliardi/helenclifford/practice_rcc/sharc4/methaniminium/tutorial_reproduction/traj/Singlet_2/TRAJ_00010/restart/MOLCAS.1.JobIph.41', 'JOB001']
['link', 'MOLCAS.1.JobIph', 'JOB002']
['rassi', 'overlap', [4, 4]]
['copy', 'MOLCAS.rassi.h5', 'MOLCAS.rassi.ovlp.1.h5']
['copy', '/project/lgagliardi/helenclifford/practice_rcc/sharc4/methaniminium/tutorial_reproduction/traj/Singlet_2/TRAJ_00010/restart/MOLCAS.3.JobIph.41', 'JOB001']
['link', 'MOLCAS.3.JobIph', 'JOB002']
['rassi', 'overlap', [3, 3]]
['copy', 'MOLCAS.rassi.h5', 'MOLCAS.rassi.ovlp.3.h5']
['link', 'MOLCAS.1.JobIph', 'JOB001']
['link', 'MOLCAS.3.JobIph', 'JOB002']
['rassi', 'soc', [4, 3]]
['copy', '$master_path/MOLCAS.3.JobIph', 'JOBOLD']
['rasscf', 3, 3, True, False]
['mclr', 0.0001, 'sala=1']
['alaska']
['copy', '$master_path/MOLCAS.1.JobIph', 'JOBOLD']
['rasscf', 1, 4, True, False]
['mclr', 0.0001, 'sala=1']
['alaska']
All jobs finished:
job: master          code: 0    runtime: 0:00:07.288985
job: grad_3_1        code: 0    runtime: 0:00:02.620619
job: grad_1_1        code: 0    runtime: 0:00:02.899551

Starting job execution
['gateway']
['seward']
['copy', '/project/lgagliardi/helenclifford/practice_rcc/sharc4/methaniminium/tutorial_reproduction/traj/Singlet_2/TRAJ_00010/restart/MOLCAS.1.JobIph.42', 'JOBOLD']
['rasscf', 1, 4, True, False]
['copy', 'MOLCAS.rasscf.h5', 'MOLCAS.1.rasscf.h5']
['copy', 'MOLCAS.JobIph', 'MOLCAS.1.JobIph']
['copy', '/project/lgagliardi/helenclifford/practice_rcc/sharc4/methaniminium/tutorial_reproduction/traj/Singlet_2/TRAJ_00010/restart/MOLCAS.3.JobIph.42', 'JOBOLD']
['rasscf', 3, 3, True, False]
['copy', 'MOLCAS.rasscf.h5', 'MOLCAS.3.rasscf.h5']
['copy', 'MOLCAS.JobIph', 'MOLCAS.3.JobIph']
['link', 'MOLCAS.1.JobIph', 'JOB001']
['rassi', 'dm', [4]]
['copy', 'MOLCAS.rassi.h5', 'MOLCAS.rassi.1.h5']
['link', 'MOLCAS.3.JobIph', 'JOB001']
['rassi', 'dm', [3]]
['copy', 'MOLCAS.rassi.h5', 'MOLCAS.rassi.3.h5']
['copy', '/project/lgagliardi/helenclifford/practice_rcc/sharc4/methaniminium/tutorial_reproduction/traj/Singlet_2/TRAJ_00010/restart/MOLCAS.1.JobIph.42', 'JOB001']
['link', 'MOLCAS.1.JobIph', 'JOB002']
['rassi', 'overlap', [4, 4]]
['copy', 'MOLCAS.rassi.h5', 'MOLCAS.rassi.ovlp.1.h5']
['copy', '/project/lgagliardi/helenclifford/practice_rcc/sharc4/methaniminium/tutorial_reproduction/traj/Singlet_2/TRAJ_00010/restart/MOLCAS.3.JobIph.42', 'JOB001']
['link', 'MOLCAS.3.JobIph', 'JOB002']
['rassi', 'overlap', [3, 3]]
['copy', 'MOLCAS.rassi.h5', 'MOLCAS.rassi.ovlp.3.h5']
['link', 'MOLCAS.1.JobIph', 'JOB001']
['link', 'MOLCAS.3.JobIph', 'JOB002']
['rassi', 'soc', [4, 3]]
['copy', '$master_path/MOLCAS.3.JobIph', 'JOBOLD']
['rasscf', 3, 3, True, False]
['mclr', 0.0001, 'sala=1']
['alaska']
['copy', '$master_path/MOLCAS.1.JobIph', 'JOBOLD']
['rasscf', 1, 4, True, False]
['mclr', 0.0001, 'sala=1']
['alaska']
All jobs finished:
job: master          code: 0    runtime: 0:00:07.419022
job: grad_3_1        code: 0    runtime: 0:00:02.643901
job: grad_1_1        code: 0    runtime: 0:00:02.773518

Starting job execution
['gateway']
['seward']
['copy', '/project/lgagliardi/helenclifford/practice_rcc/sharc4/methaniminium/tutorial_reproduction/traj/Singlet_2/TRAJ_00010/restart/MOLCAS.1.JobIph.43', 'JOBOLD']
['rasscf', 1, 4, True, False]
['copy', 'MOLCAS.rasscf.h5', 'MOLCAS.1.rasscf.h5']
['copy', 'MOLCAS.JobIph', 'MOLCAS.1.JobIph']
['copy', '/project/lgagliardi/helenclifford/practice_rcc/sharc4/methaniminium/tutorial_reproduction/traj/Singlet_2/TRAJ_00010/restart/MOLCAS.3.JobIph.43', 'JOBOLD']
['rasscf', 3, 3, True, False]
['copy', 'MOLCAS.rasscf.h5', 'MOLCAS.3.rasscf.h5']
['copy', 'MOLCAS.JobIph', 'MOLCAS.3.JobIph']
['link', 'MOLCAS.1.JobIph', 'JOB001']
['rassi', 'dm', [4]]
['copy', 'MOLCAS.rassi.h5', 'MOLCAS.rassi.1.h5']
['link', 'MOLCAS.3.JobIph', 'JOB001']
['rassi', 'dm', [3]]
['copy', 'MOLCAS.rassi.h5', 'MOLCAS.rassi.3.h5']
['copy', '/project/lgagliardi/helenclifford/practice_rcc/sharc4/methaniminium/tutorial_reproduction/traj/Singlet_2/TRAJ_00010/restart/MOLCAS.1.JobIph.43', 'JOB001']
['link', 'MOLCAS.1.JobIph', 'JOB002']
['rassi', 'overlap', [4, 4]]
['copy', 'MOLCAS.rassi.h5', 'MOLCAS.rassi.ovlp.1.h5']
['copy', '/project/lgagliardi/helenclifford/practice_rcc/sharc4/methaniminium/tutorial_reproduction/traj/Singlet_2/TRAJ_00010/restart/MOLCAS.3.JobIph.43', 'JOB001']
['link', 'MOLCAS.3.JobIph', 'JOB002']
['rassi', 'overlap', [3, 3]]
['copy', 'MOLCAS.rassi.h5', 'MOLCAS.rassi.ovlp.3.h5']
['link', 'MOLCAS.1.JobIph', 'JOB001']
['link', 'MOLCAS.3.JobIph', 'JOB002']
['rassi', 'soc', [4, 3]]
['copy', '$master_path/MOLCAS.3.JobIph', 'JOBOLD']
['rasscf', 3, 3, True, False]
['mclr', 0.0001, 'sala=1']
['alaska']
['copy', '$master_path/MOLCAS.1.JobIph', 'JOBOLD']
['rasscf', 1, 4, True, False]
['mclr', 0.0001, 'sala=1']
['alaska']
All jobs finished:
job: master          code: 0    runtime: 0:00:09.039606
job: grad_3_1        code: 0    runtime: 0:00:02.704199
job: grad_1_1        code: 0    runtime: 0:00:02.771943

Starting job execution
['gateway']
['seward']
['copy', '/project/lgagliardi/helenclifford/practice_rcc/sharc4/methaniminium/tutorial_reproduction/traj/Singlet_2/TRAJ_00010/restart/MOLCAS.1.JobIph.44', 'JOBOLD']
['rasscf', 1, 4, True, False]
['copy', 'MOLCAS.rasscf.h5', 'MOLCAS.1.rasscf.h5']
['copy', 'MOLCAS.JobIph', 'MOLCAS.1.JobIph']
['copy', '/project/lgagliardi/helenclifford/practice_rcc/sharc4/methaniminium/tutorial_reproduction/traj/Singlet_2/TRAJ_00010/restart/MOLCAS.3.JobIph.44', 'JOBOLD']
['rasscf', 3, 3, True, False]
['copy', 'MOLCAS.rasscf.h5', 'MOLCAS.3.rasscf.h5']
['copy', 'MOLCAS.JobIph', 'MOLCAS.3.JobIph']
['link', 'MOLCAS.1.JobIph', 'JOB001']
['rassi', 'dm', [4]]
['copy', 'MOLCAS.rassi.h5', 'MOLCAS.rassi.1.h5']
['link', 'MOLCAS.3.JobIph', 'JOB001']
['rassi', 'dm', [3]]
['copy', 'MOLCAS.rassi.h5', 'MOLCAS.rassi.3.h5']
['copy', '/project/lgagliardi/helenclifford/practice_rcc/sharc4/methaniminium/tutorial_reproduction/traj/Singlet_2/TRAJ_00010/restart/MOLCAS.1.JobIph.44', 'JOB001']
['link', 'MOLCAS.1.JobIph', 'JOB002']
['rassi', 'overlap', [4, 4]]
['copy', 'MOLCAS.rassi.h5', 'MOLCAS.rassi.ovlp.1.h5']
['copy', '/project/lgagliardi/helenclifford/practice_rcc/sharc4/methaniminium/tutorial_reproduction/traj/Singlet_2/TRAJ_00010/restart/MOLCAS.3.JobIph.44', 'JOB001']
['link', 'MOLCAS.3.JobIph', 'JOB002']
['rassi', 'overlap', [3, 3]]
['copy', 'MOLCAS.rassi.h5', 'MOLCAS.rassi.ovlp.3.h5']
['link', 'MOLCAS.1.JobIph', 'JOB001']
['link', 'MOLCAS.3.JobIph', 'JOB002']
['rassi', 'soc', [4, 3]]
['copy', '$master_path/MOLCAS.1.JobIph', 'JOBOLD']
['rasscf', 1, 4, True, False]
['mclr', 0.0001, 'sala=1']
['alaska']
All jobs finished:
job: master          code: 0    runtime: 0:00:09.100210
job: grad_1_1        code: 0    runtime: 0:00:02.715717

Starting job execution
['gateway']
['seward']
['copy', '/project/lgagliardi/helenclifford/practice_rcc/sharc4/methaniminium/tutorial_reproduction/traj/Singlet_2/TRAJ_00010/restart/MOLCAS.1.JobIph.45', 'JOBOLD']
['rasscf', 1, 4, True, False]
['copy', 'MOLCAS.rasscf.h5', 'MOLCAS.1.rasscf.h5']
['copy', 'MOLCAS.JobIph', 'MOLCAS.1.JobIph']
['copy', '/project/lgagliardi/helenclifford/practice_rcc/sharc4/methaniminium/tutorial_reproduction/traj/Singlet_2/TRAJ_00010/restart/MOLCAS.3.JobIph.45', 'JOBOLD']
['rasscf', 3, 3, True, False]
['copy', 'MOLCAS.rasscf.h5', 'MOLCAS.3.rasscf.h5']
['copy', 'MOLCAS.JobIph', 'MOLCAS.3.JobIph']
['link', 'MOLCAS.1.JobIph', 'JOB001']
['rassi', 'dm', [4]]
['copy', 'MOLCAS.rassi.h5', 'MOLCAS.rassi.1.h5']
['link', 'MOLCAS.3.JobIph', 'JOB001']
['rassi', 'dm', [3]]
['copy', 'MOLCAS.rassi.h5', 'MOLCAS.rassi.3.h5']
['copy', '/project/lgagliardi/helenclifford/practice_rcc/sharc4/methaniminium/tutorial_reproduction/traj/Singlet_2/TRAJ_00010/restart/MOLCAS.1.JobIph.45', 'JOB001']
['link', 'MOLCAS.1.JobIph', 'JOB002']
['rassi', 'overlap', [4, 4]]
['copy', 'MOLCAS.rassi.h5', 'MOLCAS.rassi.ovlp.1.h5']
['copy', '/project/lgagliardi/helenclifford/practice_rcc/sharc4/methaniminium/tutorial_reproduction/traj/Singlet_2/TRAJ_00010/restart/MOLCAS.3.JobIph.45', 'JOB001']
['link', 'MOLCAS.3.JobIph', 'JOB002']
['rassi', 'overlap', [3, 3]]
['copy', 'MOLCAS.rassi.h5', 'MOLCAS.rassi.ovlp.3.h5']
['link', 'MOLCAS.1.JobIph', 'JOB001']
['link', 'MOLCAS.3.JobIph', 'JOB002']
['rassi', 'soc', [4, 3]]
['copy', '$master_path/MOLCAS.1.JobIph', 'JOBOLD']
['rasscf', 1, 4, True, False]
['mclr', 0.0001, 'sala=1']
['alaska']
All jobs finished:
job: master          code: 0    runtime: 0:00:07.325995
job: grad_1_1        code: 0    runtime: 0:00:02.730647

Starting job execution
['gateway']
['seward']
['copy', '/project/lgagliardi/helenclifford/practice_rcc/sharc4/methaniminium/tutorial_reproduction/traj/Singlet_2/TRAJ_00010/restart/MOLCAS.1.JobIph.46', 'JOBOLD']
['rasscf', 1, 4, True, False]
['copy', 'MOLCAS.rasscf.h5', 'MOLCAS.1.rasscf.h5']
['copy', 'MOLCAS.JobIph', 'MOLCAS.1.JobIph']
['copy', '/project/lgagliardi/helenclifford/practice_rcc/sharc4/methaniminium/tutorial_reproduction/traj/Singlet_2/TRAJ_00010/restart/MOLCAS.3.JobIph.46', 'JOBOLD']
['rasscf', 3, 3, True, False]
['copy', 'MOLCAS.rasscf.h5', 'MOLCAS.3.rasscf.h5']
['copy', 'MOLCAS.JobIph', 'MOLCAS.3.JobIph']
['link', 'MOLCAS.1.JobIph', 'JOB001']
['rassi', 'dm', [4]]
['copy', 'MOLCAS.rassi.h5', 'MOLCAS.rassi.1.h5']
['link', 'MOLCAS.3.JobIph', 'JOB001']
['rassi', 'dm', [3]]
['copy', 'MOLCAS.rassi.h5', 'MOLCAS.rassi.3.h5']
['copy', '/project/lgagliardi/helenclifford/practice_rcc/sharc4/methaniminium/tutorial_reproduction/traj/Singlet_2/TRAJ_00010/restart/MOLCAS.1.JobIph.46', 'JOB001']
['link', 'MOLCAS.1.JobIph', 'JOB002']
['rassi', 'overlap', [4, 4]]
['copy', 'MOLCAS.rassi.h5', 'MOLCAS.rassi.ovlp.1.h5']
['copy', '/project/lgagliardi/helenclifford/practice_rcc/sharc4/methaniminium/tutorial_reproduction/traj/Singlet_2/TRAJ_00010/restart/MOLCAS.3.JobIph.46', 'JOB001']
['link', 'MOLCAS.3.JobIph', 'JOB002']
['rassi', 'overlap', [3, 3]]
['copy', 'MOLCAS.rassi.h5', 'MOLCAS.rassi.ovlp.3.h5']
['link', 'MOLCAS.1.JobIph', 'JOB001']
['link', 'MOLCAS.3.JobIph', 'JOB002']
['rassi', 'soc', [4, 3]]
['copy', '$master_path/MOLCAS.1.JobIph', 'JOBOLD']
['rasscf', 1, 4, True, False]
['mclr', 0.0001, 'sala=1']
['alaska']
All jobs finished:
job: master          code: 0    runtime: 0:00:07.406297
job: grad_1_1        code: 0    runtime: 0:00:02.878396

Starting job execution
['gateway']
['seward']
['copy', '/project/lgagliardi/helenclifford/practice_rcc/sharc4/methaniminium/tutorial_reproduction/traj/Singlet_2/TRAJ_00010/restart/MOLCAS.1.JobIph.47', 'JOBOLD']
['rasscf', 1, 4, True, False]
['copy', 'MOLCAS.rasscf.h5', 'MOLCAS.1.rasscf.h5']
['copy', 'MOLCAS.JobIph', 'MOLCAS.1.JobIph']
['copy', '/project/lgagliardi/helenclifford/practice_rcc/sharc4/methaniminium/tutorial_reproduction/traj/Singlet_2/TRAJ_00010/restart/MOLCAS.3.JobIph.47', 'JOBOLD']
['rasscf', 3, 3, True, False]
['copy', 'MOLCAS.rasscf.h5', 'MOLCAS.3.rasscf.h5']
['copy', 'MOLCAS.JobIph', 'MOLCAS.3.JobIph']
['link', 'MOLCAS.1.JobIph', 'JOB001']
['rassi', 'dm', [4]]
['copy', 'MOLCAS.rassi.h5', 'MOLCAS.rassi.1.h5']
['link', 'MOLCAS.3.JobIph', 'JOB001']
['rassi', 'dm', [3]]
['copy', 'MOLCAS.rassi.h5', 'MOLCAS.rassi.3.h5']
['copy', '/project/lgagliardi/helenclifford/practice_rcc/sharc4/methaniminium/tutorial_reproduction/traj/Singlet_2/TRAJ_00010/restart/MOLCAS.1.JobIph.47', 'JOB001']
['link', 'MOLCAS.1.JobIph', 'JOB002']
['rassi', 'overlap', [4, 4]]
['copy', 'MOLCAS.rassi.h5', 'MOLCAS.rassi.ovlp.1.h5']
['copy', '/project/lgagliardi/helenclifford/practice_rcc/sharc4/methaniminium/tutorial_reproduction/traj/Singlet_2/TRAJ_00010/restart/MOLCAS.3.JobIph.47', 'JOB001']
['link', 'MOLCAS.3.JobIph', 'JOB002']
['rassi', 'overlap', [3, 3]]
['copy', 'MOLCAS.rassi.h5', 'MOLCAS.rassi.ovlp.3.h5']
['link', 'MOLCAS.1.JobIph', 'JOB001']
['link', 'MOLCAS.3.JobIph', 'JOB002']
['rassi', 'soc', [4, 3]]
['copy', '$master_path/MOLCAS.1.JobIph', 'JOBOLD']
['rasscf', 1, 4, True, False]
['mclr', 0.0001, 'sala=1']
['alaska']
All jobs finished:
job: master          code: 0    runtime: 0:00:07.509172
job: grad_1_1        code: 0    runtime: 0:00:02.763177

Starting job execution
['gateway']
['seward']
['copy', '/project/lgagliardi/helenclifford/practice_rcc/sharc4/methaniminium/tutorial_reproduction/traj/Singlet_2/TRAJ_00010/restart/MOLCAS.1.JobIph.48', 'JOBOLD']
['rasscf', 1, 4, True, False]
['copy', 'MOLCAS.rasscf.h5', 'MOLCAS.1.rasscf.h5']
['copy', 'MOLCAS.JobIph', 'MOLCAS.1.JobIph']
['copy', '/project/lgagliardi/helenclifford/practice_rcc/sharc4/methaniminium/tutorial_reproduction/traj/Singlet_2/TRAJ_00010/restart/MOLCAS.3.JobIph.48', 'JOBOLD']
['rasscf', 3, 3, True, False]
['copy', 'MOLCAS.rasscf.h5', 'MOLCAS.3.rasscf.h5']
['copy', 'MOLCAS.JobIph', 'MOLCAS.3.JobIph']
['link', 'MOLCAS.1.JobIph', 'JOB001']
['rassi', 'dm', [4]]
['copy', 'MOLCAS.rassi.h5', 'MOLCAS.rassi.1.h5']
['link', 'MOLCAS.3.JobIph', 'JOB001']
['rassi', 'dm', [3]]
['copy', 'MOLCAS.rassi.h5', 'MOLCAS.rassi.3.h5']
['copy', '/project/lgagliardi/helenclifford/practice_rcc/sharc4/methaniminium/tutorial_reproduction/traj/Singlet_2/TRAJ_00010/restart/MOLCAS.1.JobIph.48', 'JOB001']
['link', 'MOLCAS.1.JobIph', 'JOB002']
['rassi', 'overlap', [4, 4]]
['copy', 'MOLCAS.rassi.h5', 'MOLCAS.rassi.ovlp.1.h5']
['copy', '/project/lgagliardi/helenclifford/practice_rcc/sharc4/methaniminium/tutorial_reproduction/traj/Singlet_2/TRAJ_00010/restart/MOLCAS.3.JobIph.48', 'JOB001']
['link', 'MOLCAS.3.JobIph', 'JOB002']
['rassi', 'overlap', [3, 3]]
['copy', 'MOLCAS.rassi.h5', 'MOLCAS.rassi.ovlp.3.h5']
['link', 'MOLCAS.1.JobIph', 'JOB001']
['link', 'MOLCAS.3.JobIph', 'JOB002']
['rassi', 'soc', [4, 3]]
['copy', '$master_path/MOLCAS.1.JobIph', 'JOBOLD']
['rasscf', 1, 4, True, False]
['mclr', 0.0001, 'sala=1']
['alaska']
All jobs finished:
job: master          code: 0    runtime: 0:00:08.109365
job: grad_1_1        code: 0    runtime: 0:00:02.868659

Starting job execution
['gateway']
['seward']
['copy', '/project/lgagliardi/helenclifford/practice_rcc/sharc4/methaniminium/tutorial_reproduction/traj/Singlet_2/TRAJ_00010/restart/MOLCAS.1.JobIph.49', 'JOBOLD']
['rasscf', 1, 4, True, False]
['copy', 'MOLCAS.rasscf.h5', 'MOLCAS.1.rasscf.h5']
['copy', 'MOLCAS.JobIph', 'MOLCAS.1.JobIph']
['copy', '/project/lgagliardi/helenclifford/practice_rcc/sharc4/methaniminium/tutorial_reproduction/traj/Singlet_2/TRAJ_00010/restart/MOLCAS.3.JobIph.49', 'JOBOLD']
['rasscf', 3, 3, True, False]
['copy', 'MOLCAS.rasscf.h5', 'MOLCAS.3.rasscf.h5']
['copy', 'MOLCAS.JobIph', 'MOLCAS.3.JobIph']
['link', 'MOLCAS.1.JobIph', 'JOB001']
['rassi', 'dm', [4]]
['copy', 'MOLCAS.rassi.h5', 'MOLCAS.rassi.1.h5']
['link', 'MOLCAS.3.JobIph', 'JOB001']
['rassi', 'dm', [3]]
['copy', 'MOLCAS.rassi.h5', 'MOLCAS.rassi.3.h5']
['copy', '/project/lgagliardi/helenclifford/practice_rcc/sharc4/methaniminium/tutorial_reproduction/traj/Singlet_2/TRAJ_00010/restart/MOLCAS.1.JobIph.49', 'JOB001']
['link', 'MOLCAS.1.JobIph', 'JOB002']
['rassi', 'overlap', [4, 4]]
['copy', 'MOLCAS.rassi.h5', 'MOLCAS.rassi.ovlp.1.h5']
['copy', '/project/lgagliardi/helenclifford/practice_rcc/sharc4/methaniminium/tutorial_reproduction/traj/Singlet_2/TRAJ_00010/restart/MOLCAS.3.JobIph.49', 'JOB001']
['link', 'MOLCAS.3.JobIph', 'JOB002']
['rassi', 'overlap', [3, 3]]
['copy', 'MOLCAS.rassi.h5', 'MOLCAS.rassi.ovlp.3.h5']
['link', 'MOLCAS.1.JobIph', 'JOB001']
['link', 'MOLCAS.3.JobIph', 'JOB002']
['rassi', 'soc', [4, 3]]
['copy', '$master_path/MOLCAS.1.JobIph', 'JOBOLD']
['rasscf', 1, 4, True, False]
['mclr', 0.0001, 'sala=1']
['alaska']
All jobs finished:
job: master          code: 0    runtime: 0:00:07.309177
job: grad_1_1        code: 0    runtime: 0:00:02.743233

Starting job execution
['gateway']
['seward']
['copy', '/project/lgagliardi/helenclifford/practice_rcc/sharc4/methaniminium/tutorial_reproduction/traj/Singlet_2/TRAJ_00010/restart/MOLCAS.1.JobIph.50', 'JOBOLD']
['rasscf', 1, 4, True, False]
['copy', 'MOLCAS.rasscf.h5', 'MOLCAS.1.rasscf.h5']
['copy', 'MOLCAS.JobIph', 'MOLCAS.1.JobIph']
['copy', '/project/lgagliardi/helenclifford/practice_rcc/sharc4/methaniminium/tutorial_reproduction/traj/Singlet_2/TRAJ_00010/restart/MOLCAS.3.JobIph.50', 'JOBOLD']
['rasscf', 3, 3, True, False]
['copy', 'MOLCAS.rasscf.h5', 'MOLCAS.3.rasscf.h5']
['copy', 'MOLCAS.JobIph', 'MOLCAS.3.JobIph']
['link', 'MOLCAS.1.JobIph', 'JOB001']
['rassi', 'dm', [4]]
['copy', 'MOLCAS.rassi.h5', 'MOLCAS.rassi.1.h5']
['link', 'MOLCAS.3.JobIph', 'JOB001']
['rassi', 'dm', [3]]
['copy', 'MOLCAS.rassi.h5', 'MOLCAS.rassi.3.h5']
['copy', '/project/lgagliardi/helenclifford/practice_rcc/sharc4/methaniminium/tutorial_reproduction/traj/Singlet_2/TRAJ_00010/restart/MOLCAS.1.JobIph.50', 'JOB001']
['link', 'MOLCAS.1.JobIph', 'JOB002']
['rassi', 'overlap', [4, 4]]
['copy', 'MOLCAS.rassi.h5', 'MOLCAS.rassi.ovlp.1.h5']
['copy', '/project/lgagliardi/helenclifford/practice_rcc/sharc4/methaniminium/tutorial_reproduction/traj/Singlet_2/TRAJ_00010/restart/MOLCAS.3.JobIph.50', 'JOB001']
['link', 'MOLCAS.3.JobIph', 'JOB002']
['rassi', 'overlap', [3, 3]]
['copy', 'MOLCAS.rassi.h5', 'MOLCAS.rassi.ovlp.3.h5']
['link', 'MOLCAS.1.JobIph', 'JOB001']
['link', 'MOLCAS.3.JobIph', 'JOB002']
['rassi', 'soc', [4, 3]]
['copy', '$master_path/MOLCAS.1.JobIph', 'JOBOLD']
['rasscf', 1, 4, True, False]
['mclr', 0.0001, 'sala=1']
['alaska']
All jobs finished:
job: master          code: 0    runtime: 0:00:07.480330
job: grad_1_1        code: 0    runtime: 0:00:02.709514

Starting job execution
['gateway']
['seward']
['copy', '/project/lgagliardi/helenclifford/practice_rcc/sharc4/methaniminium/tutorial_reproduction/traj/Singlet_2/TRAJ_00010/restart/MOLCAS.1.JobIph.51', 'JOBOLD']
['rasscf', 1, 4, True, False]
['copy', 'MOLCAS.rasscf.h5', 'MOLCAS.1.rasscf.h5']
['copy', 'MOLCAS.JobIph', 'MOLCAS.1.JobIph']
['copy', '/project/lgagliardi/helenclifford/practice_rcc/sharc4/methaniminium/tutorial_reproduction/traj/Singlet_2/TRAJ_00010/restart/MOLCAS.3.JobIph.51', 'JOBOLD']
['rasscf', 3, 3, True, False]
['copy', 'MOLCAS.rasscf.h5', 'MOLCAS.3.rasscf.h5']
['copy', 'MOLCAS.JobIph', 'MOLCAS.3.JobIph']
['link', 'MOLCAS.1.JobIph', 'JOB001']
['rassi', 'dm', [4]]
['copy', 'MOLCAS.rassi.h5', 'MOLCAS.rassi.1.h5']
['link', 'MOLCAS.3.JobIph', 'JOB001']
['rassi', 'dm', [3]]
['copy', 'MOLCAS.rassi.h5', 'MOLCAS.rassi.3.h5']
['copy', '/project/lgagliardi/helenclifford/practice_rcc/sharc4/methaniminium/tutorial_reproduction/traj/Singlet_2/TRAJ_00010/restart/MOLCAS.1.JobIph.51', 'JOB001']
['link', 'MOLCAS.1.JobIph', 'JOB002']
['rassi', 'overlap', [4, 4]]
['copy', 'MOLCAS.rassi.h5', 'MOLCAS.rassi.ovlp.1.h5']
['copy', '/project/lgagliardi/helenclifford/practice_rcc/sharc4/methaniminium/tutorial_reproduction/traj/Singlet_2/TRAJ_00010/restart/MOLCAS.3.JobIph.51', 'JOB001']
['link', 'MOLCAS.3.JobIph', 'JOB002']
['rassi', 'overlap', [3, 3]]
['copy', 'MOLCAS.rassi.h5', 'MOLCAS.rassi.ovlp.3.h5']
['link', 'MOLCAS.1.JobIph', 'JOB001']
['link', 'MOLCAS.3.JobIph', 'JOB002']
['rassi', 'soc', [4, 3]]
['copy', '$master_path/MOLCAS.1.JobIph', 'JOBOLD']
['rasscf', 1, 4, True, False]
['mclr', 0.0001, 'sala=1']
['alaska']
All jobs finished:
job: master          code: 0    runtime: 0:00:07.230414
job: grad_1_1        code: 0    runtime: 0:00:02.708462

Starting job execution
['gateway']
['seward']
['copy', '/project/lgagliardi/helenclifford/practice_rcc/sharc4/methaniminium/tutorial_reproduction/traj/Singlet_2/TRAJ_00010/restart/MOLCAS.1.JobIph.52', 'JOBOLD']
['rasscf', 1, 4, True, False]
['copy', 'MOLCAS.rasscf.h5', 'MOLCAS.1.rasscf.h5']
['copy', 'MOLCAS.JobIph', 'MOLCAS.1.JobIph']
['copy', '/project/lgagliardi/helenclifford/practice_rcc/sharc4/methaniminium/tutorial_reproduction/traj/Singlet_2/TRAJ_00010/restart/MOLCAS.3.JobIph.52', 'JOBOLD']
['rasscf', 3, 3, True, False]
['copy', 'MOLCAS.rasscf.h5', 'MOLCAS.3.rasscf.h5']
['copy', 'MOLCAS.JobIph', 'MOLCAS.3.JobIph']
['link', 'MOLCAS.1.JobIph', 'JOB001']
['rassi', 'dm', [4]]
['copy', 'MOLCAS.rassi.h5', 'MOLCAS.rassi.1.h5']
['link', 'MOLCAS.3.JobIph', 'JOB001']
['rassi', 'dm', [3]]
['copy', 'MOLCAS.rassi.h5', 'MOLCAS.rassi.3.h5']
['copy', '/project/lgagliardi/helenclifford/practice_rcc/sharc4/methaniminium/tutorial_reproduction/traj/Singlet_2/TRAJ_00010/restart/MOLCAS.1.JobIph.52', 'JOB001']
['link', 'MOLCAS.1.JobIph', 'JOB002']
['rassi', 'overlap', [4, 4]]
['copy', 'MOLCAS.rassi.h5', 'MOLCAS.rassi.ovlp.1.h5']
['copy', '/project/lgagliardi/helenclifford/practice_rcc/sharc4/methaniminium/tutorial_reproduction/traj/Singlet_2/TRAJ_00010/restart/MOLCAS.3.JobIph.52', 'JOB001']
['link', 'MOLCAS.3.JobIph', 'JOB002']
['rassi', 'overlap', [3, 3]]
['copy', 'MOLCAS.rassi.h5', 'MOLCAS.rassi.ovlp.3.h5']
['link', 'MOLCAS.1.JobIph', 'JOB001']
['link', 'MOLCAS.3.JobIph', 'JOB002']
['rassi', 'soc', [4, 3]]
['copy', '$master_path/MOLCAS.1.JobIph', 'JOBOLD']
['rasscf', 1, 4, True, False]
['mclr', 0.0001, 'sala=1']
['alaska']
All jobs finished:
job: master          code: 0    runtime: 0:00:07.436557
job: grad_1_1        code: 0    runtime: 0:00:02.791523

Starting job execution
['gateway']
['seward']
['copy', '/project/lgagliardi/helenclifford/practice_rcc/sharc4/methaniminium/tutorial_reproduction/traj/Singlet_2/TRAJ_00010/restart/MOLCAS.1.JobIph.53', 'JOBOLD']
['rasscf', 1, 4, True, False]
['copy', 'MOLCAS.rasscf.h5', 'MOLCAS.1.rasscf.h5']
['copy', 'MOLCAS.JobIph', 'MOLCAS.1.JobIph']
['copy', '/project/lgagliardi/helenclifford/practice_rcc/sharc4/methaniminium/tutorial_reproduction/traj/Singlet_2/TRAJ_00010/restart/MOLCAS.3.JobIph.53', 'JOBOLD']
['rasscf', 3, 3, True, False]
['copy', 'MOLCAS.rasscf.h5', 'MOLCAS.3.rasscf.h5']
['copy', 'MOLCAS.JobIph', 'MOLCAS.3.JobIph']
['link', 'MOLCAS.1.JobIph', 'JOB001']
['rassi', 'dm', [4]]
['copy', 'MOLCAS.rassi.h5', 'MOLCAS.rassi.1.h5']
['link', 'MOLCAS.3.JobIph', 'JOB001']
['rassi', 'dm', [3]]
['copy', 'MOLCAS.rassi.h5', 'MOLCAS.rassi.3.h5']
['copy', '/project/lgagliardi/helenclifford/practice_rcc/sharc4/methaniminium/tutorial_reproduction/traj/Singlet_2/TRAJ_00010/restart/MOLCAS.1.JobIph.53', 'JOB001']
['link', 'MOLCAS.1.JobIph', 'JOB002']
['rassi', 'overlap', [4, 4]]
['copy', 'MOLCAS.rassi.h5', 'MOLCAS.rassi.ovlp.1.h5']
['copy', '/project/lgagliardi/helenclifford/practice_rcc/sharc4/methaniminium/tutorial_reproduction/traj/Singlet_2/TRAJ_00010/restart/MOLCAS.3.JobIph.53', 'JOB001']
['link', 'MOLCAS.3.JobIph', 'JOB002']
['rassi', 'overlap', [3, 3]]
['copy', 'MOLCAS.rassi.h5', 'MOLCAS.rassi.ovlp.3.h5']
['link', 'MOLCAS.1.JobIph', 'JOB001']
['link', 'MOLCAS.3.JobIph', 'JOB002']
['rassi', 'soc', [4, 3]]
['copy', '$master_path/MOLCAS.1.JobIph', 'JOBOLD']
['rasscf', 1, 4, True, False]
['mclr', 0.0001, 'sala=1']
['alaska']
All jobs finished:
job: master          code: 0    runtime: 0:00:07.572246
job: grad_1_1        code: 0    runtime: 0:00:02.768332

Starting job execution
['gateway']
['seward']
['copy', '/project/lgagliardi/helenclifford/practice_rcc/sharc4/methaniminium/tutorial_reproduction/traj/Singlet_2/TRAJ_00010/restart/MOLCAS.1.JobIph.54', 'JOBOLD']
['rasscf', 1, 4, True, False]
['copy', 'MOLCAS.rasscf.h5', 'MOLCAS.1.rasscf.h5']
['copy', 'MOLCAS.JobIph', 'MOLCAS.1.JobIph']
['copy', '/project/lgagliardi/helenclifford/practice_rcc/sharc4/methaniminium/tutorial_reproduction/traj/Singlet_2/TRAJ_00010/restart/MOLCAS.3.JobIph.54', 'JOBOLD']
['rasscf', 3, 3, True, False]
['copy', 'MOLCAS.rasscf.h5', 'MOLCAS.3.rasscf.h5']
['copy', 'MOLCAS.JobIph', 'MOLCAS.3.JobIph']
['link', 'MOLCAS.1.JobIph', 'JOB001']
['rassi', 'dm', [4]]
['copy', 'MOLCAS.rassi.h5', 'MOLCAS.rassi.1.h5']
['link', 'MOLCAS.3.JobIph', 'JOB001']
['rassi', 'dm', [3]]
['copy', 'MOLCAS.rassi.h5', 'MOLCAS.rassi.3.h5']
['copy', '/project/lgagliardi/helenclifford/practice_rcc/sharc4/methaniminium/tutorial_reproduction/traj/Singlet_2/TRAJ_00010/restart/MOLCAS.1.JobIph.54', 'JOB001']
['link', 'MOLCAS.1.JobIph', 'JOB002']
['rassi', 'overlap', [4, 4]]
['copy', 'MOLCAS.rassi.h5', 'MOLCAS.rassi.ovlp.1.h5']
['copy', '/project/lgagliardi/helenclifford/practice_rcc/sharc4/methaniminium/tutorial_reproduction/traj/Singlet_2/TRAJ_00010/restart/MOLCAS.3.JobIph.54', 'JOB001']
['link', 'MOLCAS.3.JobIph', 'JOB002']
['rassi', 'overlap', [3, 3]]
['copy', 'MOLCAS.rassi.h5', 'MOLCAS.rassi.ovlp.3.h5']
['link', 'MOLCAS.1.JobIph', 'JOB001']
['link', 'MOLCAS.3.JobIph', 'JOB002']
['rassi', 'soc', [4, 3]]
['copy', '$master_path/MOLCAS.1.JobIph', 'JOBOLD']
['rasscf', 1, 4, True, False]
['mclr', 0.0001, 'sala=1']
['alaska']
All jobs finished:
job: master          code: 0    runtime: 0:00:07.510260
job: grad_1_1        code: 0    runtime: 0:00:02.805090

Starting job execution
['gateway']
['seward']
['copy', '/project/lgagliardi/helenclifford/practice_rcc/sharc4/methaniminium/tutorial_reproduction/traj/Singlet_2/TRAJ_00010/restart/MOLCAS.1.JobIph.55', 'JOBOLD']
['rasscf', 1, 4, True, False]
['copy', 'MOLCAS.rasscf.h5', 'MOLCAS.1.rasscf.h5']
['copy', 'MOLCAS.JobIph', 'MOLCAS.1.JobIph']
['copy', '/project/lgagliardi/helenclifford/practice_rcc/sharc4/methaniminium/tutorial_reproduction/traj/Singlet_2/TRAJ_00010/restart/MOLCAS.3.JobIph.55', 'JOBOLD']
['rasscf', 3, 3, True, False]
['copy', 'MOLCAS.rasscf.h5', 'MOLCAS.3.rasscf.h5']
['copy', 'MOLCAS.JobIph', 'MOLCAS.3.JobIph']
['link', 'MOLCAS.1.JobIph', 'JOB001']
['rassi', 'dm', [4]]
['copy', 'MOLCAS.rassi.h5', 'MOLCAS.rassi.1.h5']
['link', 'MOLCAS.3.JobIph', 'JOB001']
['rassi', 'dm', [3]]
['copy', 'MOLCAS.rassi.h5', 'MOLCAS.rassi.3.h5']
['copy', '/project/lgagliardi/helenclifford/practice_rcc/sharc4/methaniminium/tutorial_reproduction/traj/Singlet_2/TRAJ_00010/restart/MOLCAS.1.JobIph.54', 'JOB001']
['link', 'MOLCAS.1.JobIph', 'JOB002']
['rassi', 'overlap', [4, 4]]
['copy', 'MOLCAS.rassi.h5', 'MOLCAS.rassi.ovlp.1.h5']
['copy', '/project/lgagliardi/helenclifford/practice_rcc/sharc4/methaniminium/tutorial_reproduction/traj/Singlet_2/TRAJ_00010/restart/MOLCAS.3.JobIph.54', 'JOB001']
['link', 'MOLCAS.3.JobIph', 'JOB002']
['rassi', 'overlap', [3, 3]]
['copy', 'MOLCAS.rassi.h5', 'MOLCAS.rassi.ovlp.3.h5']
['link', 'MOLCAS.1.JobIph', 'JOB001']
['link', 'MOLCAS.3.JobIph', 'JOB002']
['rassi', 'soc', [4, 3]]
['copy', '$master_path/MOLCAS.3.JobIph', 'JOBOLD']
['rasscf', 3, 3, True, False]
['mclr', 0.0001, 'sala=1']
['alaska']
['copy', '$master_path/MOLCAS.1.JobIph', 'JOBOLD']
['rasscf', 1, 4, True, False]
['mclr', 0.0001, 'sala=1']
['alaska']
All jobs finished:
job: master          code: 0    runtime: 0:00:06.027755
job: grad_3_1        code: 0    runtime: 0:00:02.509583
job: grad_1_1        code: 0    runtime: 0:00:02.764948

Starting job execution
['gateway']
['seward']
['copy', '/project/lgagliardi/helenclifford/practice_rcc/sharc4/methaniminium/tutorial_reproduction/traj/Singlet_2/TRAJ_00010/restart/MOLCAS.1.JobIph.55', 'JOBOLD']
['rasscf', 1, 4, True, False]
['copy', 'MOLCAS.rasscf.h5', 'MOLCAS.1.rasscf.h5']
['copy', 'MOLCAS.JobIph', 'MOLCAS.1.JobIph']
['copy', '/project/lgagliardi/helenclifford/practice_rcc/sharc4/methaniminium/tutorial_reproduction/traj/Singlet_2/TRAJ_00010/restart/MOLCAS.3.JobIph.55', 'JOBOLD']
['rasscf', 3, 3, True, False]
['copy', 'MOLCAS.rasscf.h5', 'MOLCAS.3.rasscf.h5']
['copy', 'MOLCAS.JobIph', 'MOLCAS.3.JobIph']
['link', 'MOLCAS.1.JobIph', 'JOB001']
['rassi', 'dm', [4]]
['copy', 'MOLCAS.rassi.h5', 'MOLCAS.rassi.1.h5']
['link', 'MOLCAS.3.JobIph', 'JOB001']
['rassi', 'dm', [3]]
['copy', 'MOLCAS.rassi.h5', 'MOLCAS.rassi.3.h5']
['copy', '/project/lgagliardi/helenclifford/practice_rcc/sharc4/methaniminium/tutorial_reproduction/traj/Singlet_2/TRAJ_00010/restart/MOLCAS.1.JobIph.55', 'JOB001']
['link', 'MOLCAS.1.JobIph', 'JOB002']
['rassi', 'overlap', [4, 4]]
['copy', 'MOLCAS.rassi.h5', 'MOLCAS.rassi.ovlp.1.h5']
['copy', '/project/lgagliardi/helenclifford/practice_rcc/sharc4/methaniminium/tutorial_reproduction/traj/Singlet_2/TRAJ_00010/restart/MOLCAS.3.JobIph.55', 'JOB001']
['link', 'MOLCAS.3.JobIph', 'JOB002']
['rassi', 'overlap', [3, 3]]
['copy', 'MOLCAS.rassi.h5', 'MOLCAS.rassi.ovlp.3.h5']
['link', 'MOLCAS.1.JobIph', 'JOB001']
['link', 'MOLCAS.3.JobIph', 'JOB002']
['rassi', 'soc', [4, 3]]
['copy', '$master_path/MOLCAS.3.JobIph', 'JOBOLD']
['rasscf', 3, 3, True, False]
['mclr', 0.0001, 'sala=1']
['alaska']
['copy', '$master_path/MOLCAS.1.JobIph', 'JOBOLD']
['rasscf', 1, 4, True, False]
['mclr', 0.0001, 'sala=1']
['alaska']
All jobs finished:
job: master          code: 0    runtime: 0:00:07.289007
job: grad_3_1        code: 0    runtime: 0:00:02.530962
job: grad_1_1        code: 0    runtime: 0:00:02.782425

Starting job execution
['gateway']
['seward']
['copy', '/project/lgagliardi/helenclifford/practice_rcc/sharc4/methaniminium/tutorial_reproduction/traj/Singlet_2/TRAJ_00010/restart/MOLCAS.1.JobIph.56', 'JOBOLD']
['rasscf', 1, 4, True, False]
['copy', 'MOLCAS.rasscf.h5', 'MOLCAS.1.rasscf.h5']
['copy', 'MOLCAS.JobIph', 'MOLCAS.1.JobIph']
['copy', '/project/lgagliardi/helenclifford/practice_rcc/sharc4/methaniminium/tutorial_reproduction/traj/Singlet_2/TRAJ_00010/restart/MOLCAS.3.JobIph.56', 'JOBOLD']
['rasscf', 3, 3, True, False]
['copy', 'MOLCAS.rasscf.h5', 'MOLCAS.3.rasscf.h5']
['copy', 'MOLCAS.JobIph', 'MOLCAS.3.JobIph']
['link', 'MOLCAS.1.JobIph', 'JOB001']
['rassi', 'dm', [4]]
['copy', 'MOLCAS.rassi.h5', 'MOLCAS.rassi.1.h5']
['link', 'MOLCAS.3.JobIph', 'JOB001']
['rassi', 'dm', [3]]
['copy', 'MOLCAS.rassi.h5', 'MOLCAS.rassi.3.h5']
['copy', '/project/lgagliardi/helenclifford/practice_rcc/sharc4/methaniminium/tutorial_reproduction/traj/Singlet_2/TRAJ_00010/restart/MOLCAS.1.JobIph.56', 'JOB001']
['link', 'MOLCAS.1.JobIph', 'JOB002']
['rassi', 'overlap', [4, 4]]
['copy', 'MOLCAS.rassi.h5', 'MOLCAS.rassi.ovlp.1.h5']
['copy', '/project/lgagliardi/helenclifford/practice_rcc/sharc4/methaniminium/tutorial_reproduction/traj/Singlet_2/TRAJ_00010/restart/MOLCAS.3.JobIph.56', 'JOB001']
['link', 'MOLCAS.3.JobIph', 'JOB002']
['rassi', 'overlap', [3, 3]]
['copy', 'MOLCAS.rassi.h5', 'MOLCAS.rassi.ovlp.3.h5']
['link', 'MOLCAS.1.JobIph', 'JOB001']
['link', 'MOLCAS.3.JobIph', 'JOB002']
['rassi', 'soc', [4, 3]]
['copy', '$master_path/MOLCAS.3.JobIph', 'JOBOLD']
['rasscf', 3, 3, True, False]
['mclr', 0.0001, 'sala=1']
['alaska']
['copy', '$master_path/MOLCAS.1.JobIph', 'JOBOLD']
['rasscf', 1, 4, True, False]
['mclr', 0.0001, 'sala=1']
['alaska']
All jobs finished:
job: master          code: 0    runtime: 0:00:07.246952
job: grad_3_1        code: 0    runtime: 0:00:02.691839
job: grad_1_1        code: 0    runtime: 0:00:02.712779

Starting job execution
['gateway']
['seward']
['copy', '/project/lgagliardi/helenclifford/practice_rcc/sharc4/methaniminium/tutorial_reproduction/traj/Singlet_2/TRAJ_00010/restart/MOLCAS.1.JobIph.57', 'JOBOLD']
['rasscf', 1, 4, True, False]
['copy', 'MOLCAS.rasscf.h5', 'MOLCAS.1.rasscf.h5']
['copy', 'MOLCAS.JobIph', 'MOLCAS.1.JobIph']
['copy', '/project/lgagliardi/helenclifford/practice_rcc/sharc4/methaniminium/tutorial_reproduction/traj/Singlet_2/TRAJ_00010/restart/MOLCAS.3.JobIph.57', 'JOBOLD']
['rasscf', 3, 3, True, False]
['copy', 'MOLCAS.rasscf.h5', 'MOLCAS.3.rasscf.h5']
['copy', 'MOLCAS.JobIph', 'MOLCAS.3.JobIph']
['link', 'MOLCAS.1.JobIph', 'JOB001']
['rassi', 'dm', [4]]
['copy', 'MOLCAS.rassi.h5', 'MOLCAS.rassi.1.h5']
['link', 'MOLCAS.3.JobIph', 'JOB001']
['rassi', 'dm', [3]]
['copy', 'MOLCAS.rassi.h5', 'MOLCAS.rassi.3.h5']
['copy', '/project/lgagliardi/helenclifford/practice_rcc/sharc4/methaniminium/tutorial_reproduction/traj/Singlet_2/TRAJ_00010/restart/MOLCAS.1.JobIph.57', 'JOB001']
['link', 'MOLCAS.1.JobIph', 'JOB002']
['rassi', 'overlap', [4, 4]]
['copy', 'MOLCAS.rassi.h5', 'MOLCAS.rassi.ovlp.1.h5']
['copy', '/project/lgagliardi/helenclifford/practice_rcc/sharc4/methaniminium/tutorial_reproduction/traj/Singlet_2/TRAJ_00010/restart/MOLCAS.3.JobIph.57', 'JOB001']
['link', 'MOLCAS.3.JobIph', 'JOB002']
['rassi', 'overlap', [3, 3]]
['copy', 'MOLCAS.rassi.h5', 'MOLCAS.rassi.ovlp.3.h5']
['link', 'MOLCAS.1.JobIph', 'JOB001']
['link', 'MOLCAS.3.JobIph', 'JOB002']
['rassi', 'soc', [4, 3]]
['copy', '$master_path/MOLCAS.3.JobIph', 'JOBOLD']
['rasscf', 3, 3, True, False]
['mclr', 0.0001, 'sala=1']
['alaska']
['copy', '$master_path/MOLCAS.1.JobIph', 'JOBOLD']
['rasscf', 1, 4, True, False]
['mclr', 0.0001, 'sala=1']
['alaska']
All jobs finished:
job: master          code: 0    runtime: 0:00:07.171003
job: grad_3_1        code: 0    runtime: 0:00:02.545781
job: grad_1_1        code: 0    runtime: 0:00:02.822841

Starting job execution
['gateway']
['seward']
['copy', '/project/lgagliardi/helenclifford/practice_rcc/sharc4/methaniminium/tutorial_reproduction/traj/Singlet_2/TRAJ_00010/restart/MOLCAS.1.JobIph.58', 'JOBOLD']
['rasscf', 1, 4, True, False]
['copy', 'MOLCAS.rasscf.h5', 'MOLCAS.1.rasscf.h5']
['copy', 'MOLCAS.JobIph', 'MOLCAS.1.JobIph']
['copy', '/project/lgagliardi/helenclifford/practice_rcc/sharc4/methaniminium/tutorial_reproduction/traj/Singlet_2/TRAJ_00010/restart/MOLCAS.3.JobIph.58', 'JOBOLD']
['rasscf', 3, 3, True, False]
['copy', 'MOLCAS.rasscf.h5', 'MOLCAS.3.rasscf.h5']
['copy', 'MOLCAS.JobIph', 'MOLCAS.3.JobIph']
['link', 'MOLCAS.1.JobIph', 'JOB001']
['rassi', 'dm', [4]]
['copy', 'MOLCAS.rassi.h5', 'MOLCAS.rassi.1.h5']
['link', 'MOLCAS.3.JobIph', 'JOB001']
['rassi', 'dm', [3]]
['copy', 'MOLCAS.rassi.h5', 'MOLCAS.rassi.3.h5']
['copy', '/project/lgagliardi/helenclifford/practice_rcc/sharc4/methaniminium/tutorial_reproduction/traj/Singlet_2/TRAJ_00010/restart/MOLCAS.1.JobIph.58', 'JOB001']
['link', 'MOLCAS.1.JobIph', 'JOB002']
['rassi', 'overlap', [4, 4]]
['copy', 'MOLCAS.rassi.h5', 'MOLCAS.rassi.ovlp.1.h5']
['copy', '/project/lgagliardi/helenclifford/practice_rcc/sharc4/methaniminium/tutorial_reproduction/traj/Singlet_2/TRAJ_00010/restart/MOLCAS.3.JobIph.58', 'JOB001']
['link', 'MOLCAS.3.JobIph', 'JOB002']
['rassi', 'overlap', [3, 3]]
['copy', 'MOLCAS.rassi.h5', 'MOLCAS.rassi.ovlp.3.h5']
['link', 'MOLCAS.1.JobIph', 'JOB001']
['link', 'MOLCAS.3.JobIph', 'JOB002']
['rassi', 'soc', [4, 3]]
['copy', '$master_path/MOLCAS.1.JobIph', 'JOBOLD']
['rasscf', 1, 4, True, False]
['mclr', 0.0001, 'sala=1']
['alaska']
All jobs finished:
job: master          code: 0    runtime: 0:00:07.576991
job: grad_1_1        code: 0    runtime: 0:00:02.833705

Starting job execution
['gateway']
['seward']
['copy', '/project/lgagliardi/helenclifford/practice_rcc/sharc4/methaniminium/tutorial_reproduction/traj/Singlet_2/TRAJ_00010/restart/MOLCAS.1.JobIph.59', 'JOBOLD']
['rasscf', 1, 4, True, False]
['copy', 'MOLCAS.rasscf.h5', 'MOLCAS.1.rasscf.h5']
['copy', 'MOLCAS.JobIph', 'MOLCAS.1.JobIph']
['copy', '/project/lgagliardi/helenclifford/practice_rcc/sharc4/methaniminium/tutorial_reproduction/traj/Singlet_2/TRAJ_00010/restart/MOLCAS.3.JobIph.59', 'JOBOLD']
['rasscf', 3, 3, True, False]
['copy', 'MOLCAS.rasscf.h5', 'MOLCAS.3.rasscf.h5']
['copy', 'MOLCAS.JobIph', 'MOLCAS.3.JobIph']
['link', 'MOLCAS.1.JobIph', 'JOB001']
['rassi', 'dm', [4]]
['copy', 'MOLCAS.rassi.h5', 'MOLCAS.rassi.1.h5']
['link', 'MOLCAS.3.JobIph', 'JOB001']
['rassi', 'dm', [3]]
['copy', 'MOLCAS.rassi.h5', 'MOLCAS.rassi.3.h5']
['copy', '/project/lgagliardi/helenclifford/practice_rcc/sharc4/methaniminium/tutorial_reproduction/traj/Singlet_2/TRAJ_00010/restart/MOLCAS.1.JobIph.59', 'JOB001']
['link', 'MOLCAS.1.JobIph', 'JOB002']
['rassi', 'overlap', [4, 4]]
['copy', 'MOLCAS.rassi.h5', 'MOLCAS.rassi.ovlp.1.h5']
['copy', '/project/lgagliardi/helenclifford/practice_rcc/sharc4/methaniminium/tutorial_reproduction/traj/Singlet_2/TRAJ_00010/restart/MOLCAS.3.JobIph.59', 'JOB001']
['link', 'MOLCAS.3.JobIph', 'JOB002']
['rassi', 'overlap', [3, 3]]
['copy', 'MOLCAS.rassi.h5', 'MOLCAS.rassi.ovlp.3.h5']
['link', 'MOLCAS.1.JobIph', 'JOB001']
['link', 'MOLCAS.3.JobIph', 'JOB002']
['rassi', 'soc', [4, 3]]
['copy', '$master_path/MOLCAS.1.JobIph', 'JOBOLD']
['rasscf', 1, 4, True, False]
['mclr', 0.0001, 'sala=1']
['alaska']
All jobs finished:
job: master          code: 0    runtime: 0:00:07.620807
job: grad_1_1        code: 0    runtime: 0:00:02.836199

Starting job execution
['gateway']
['seward']
['copy', '/project/lgagliardi/helenclifford/practice_rcc/sharc4/methaniminium/tutorial_reproduction/traj/Singlet_2/TRAJ_00010/restart/MOLCAS.1.JobIph.60', 'JOBOLD']
['rasscf', 1, 4, True, False]
['copy', 'MOLCAS.rasscf.h5', 'MOLCAS.1.rasscf.h5']
['copy', 'MOLCAS.JobIph', 'MOLCAS.1.JobIph']
['copy', '/project/lgagliardi/helenclifford/practice_rcc/sharc4/methaniminium/tutorial_reproduction/traj/Singlet_2/TRAJ_00010/restart/MOLCAS.3.JobIph.60', 'JOBOLD']
['rasscf', 3, 3, True, False]
['copy', 'MOLCAS.rasscf.h5', 'MOLCAS.3.rasscf.h5']
['copy', 'MOLCAS.JobIph', 'MOLCAS.3.JobIph']
['link', 'MOLCAS.1.JobIph', 'JOB001']
['rassi', 'dm', [4]]
['copy', 'MOLCAS.rassi.h5', 'MOLCAS.rassi.1.h5']
['link', 'MOLCAS.3.JobIph', 'JOB001']
['rassi', 'dm', [3]]
['copy', 'MOLCAS.rassi.h5', 'MOLCAS.rassi.3.h5']
['copy', '/project/lgagliardi/helenclifford/practice_rcc/sharc4/methaniminium/tutorial_reproduction/traj/Singlet_2/TRAJ_00010/restart/MOLCAS.1.JobIph.60', 'JOB001']
['link', 'MOLCAS.1.JobIph', 'JOB002']
['rassi', 'overlap', [4, 4]]
['copy', 'MOLCAS.rassi.h5', 'MOLCAS.rassi.ovlp.1.h5']
['copy', '/project/lgagliardi/helenclifford/practice_rcc/sharc4/methaniminium/tutorial_reproduction/traj/Singlet_2/TRAJ_00010/restart/MOLCAS.3.JobIph.60', 'JOB001']
['link', 'MOLCAS.3.JobIph', 'JOB002']
['rassi', 'overlap', [3, 3]]
['copy', 'MOLCAS.rassi.h5', 'MOLCAS.rassi.ovlp.3.h5']
['link', 'MOLCAS.1.JobIph', 'JOB001']
['link', 'MOLCAS.3.JobIph', 'JOB002']
['rassi', 'soc', [4, 3]]
['copy', '$master_path/MOLCAS.1.JobIph', 'JOBOLD']
['rasscf', 1, 4, True, False]
['mclr', 0.0001, 'sala=1']
['alaska']
All jobs finished:
job: master          code: 0    runtime: 0:00:07.350791
job: grad_1_1        code: 0    runtime: 0:00:02.686760

Starting job execution
['gateway']
['seward']
['copy', '/project/lgagliardi/helenclifford/practice_rcc/sharc4/methaniminium/tutorial_reproduction/traj/Singlet_2/TRAJ_00010/restart/MOLCAS.1.JobIph.61', 'JOBOLD']
['rasscf', 1, 4, True, False]
['copy', 'MOLCAS.rasscf.h5', 'MOLCAS.1.rasscf.h5']
['copy', 'MOLCAS.JobIph', 'MOLCAS.1.JobIph']
['copy', '/project/lgagliardi/helenclifford/practice_rcc/sharc4/methaniminium/tutorial_reproduction/traj/Singlet_2/TRAJ_00010/restart/MOLCAS.3.JobIph.61', 'JOBOLD']
['rasscf', 3, 3, True, False]
['copy', 'MOLCAS.rasscf.h5', 'MOLCAS.3.rasscf.h5']
['copy', 'MOLCAS.JobIph', 'MOLCAS.3.JobIph']
['link', 'MOLCAS.1.JobIph', 'JOB001']
['rassi', 'dm', [4]]
['copy', 'MOLCAS.rassi.h5', 'MOLCAS.rassi.1.h5']
['link', 'MOLCAS.3.JobIph', 'JOB001']
['rassi', 'dm', [3]]
['copy', 'MOLCAS.rassi.h5', 'MOLCAS.rassi.3.h5']
['copy', '/project/lgagliardi/helenclifford/practice_rcc/sharc4/methaniminium/tutorial_reproduction/traj/Singlet_2/TRAJ_00010/restart/MOLCAS.1.JobIph.61', 'JOB001']
['link', 'MOLCAS.1.JobIph', 'JOB002']
['rassi', 'overlap', [4, 4]]
['copy', 'MOLCAS.rassi.h5', 'MOLCAS.rassi.ovlp.1.h5']
['copy', '/project/lgagliardi/helenclifford/practice_rcc/sharc4/methaniminium/tutorial_reproduction/traj/Singlet_2/TRAJ_00010/restart/MOLCAS.3.JobIph.61', 'JOB001']
['link', 'MOLCAS.3.JobIph', 'JOB002']
['rassi', 'overlap', [3, 3]]
['copy', 'MOLCAS.rassi.h5', 'MOLCAS.rassi.ovlp.3.h5']
['link', 'MOLCAS.1.JobIph', 'JOB001']
['link', 'MOLCAS.3.JobIph', 'JOB002']
['rassi', 'soc', [4, 3]]
['copy', '$master_path/MOLCAS.1.JobIph', 'JOBOLD']
['rasscf', 1, 4, True, False]
['mclr', 0.0001, 'sala=1']
['alaska']
All jobs finished:
job: master          code: 0    runtime: 0:00:07.297256
job: grad_1_1        code: 0    runtime: 0:00:02.743564

Starting job execution
['gateway']
['seward']
['copy', '/project/lgagliardi/helenclifford/practice_rcc/sharc4/methaniminium/tutorial_reproduction/traj/Singlet_2/TRAJ_00010/restart/MOLCAS.1.JobIph.62', 'JOBOLD']
['rasscf', 1, 4, True, False]
['copy', 'MOLCAS.rasscf.h5', 'MOLCAS.1.rasscf.h5']
['copy', 'MOLCAS.JobIph', 'MOLCAS.1.JobIph']
['copy', '/project/lgagliardi/helenclifford/practice_rcc/sharc4/methaniminium/tutorial_reproduction/traj/Singlet_2/TRAJ_00010/restart/MOLCAS.3.JobIph.62', 'JOBOLD']
['rasscf', 3, 3, True, False]
['copy', 'MOLCAS.rasscf.h5', 'MOLCAS.3.rasscf.h5']
['copy', 'MOLCAS.JobIph', 'MOLCAS.3.JobIph']
['link', 'MOLCAS.1.JobIph', 'JOB001']
['rassi', 'dm', [4]]
['copy', 'MOLCAS.rassi.h5', 'MOLCAS.rassi.1.h5']
['link', 'MOLCAS.3.JobIph', 'JOB001']
['rassi', 'dm', [3]]
['copy', 'MOLCAS.rassi.h5', 'MOLCAS.rassi.3.h5']
['copy', '/project/lgagliardi/helenclifford/practice_rcc/sharc4/methaniminium/tutorial_reproduction/traj/Singlet_2/TRAJ_00010/restart/MOLCAS.1.JobIph.62', 'JOB001']
['link', 'MOLCAS.1.JobIph', 'JOB002']
['rassi', 'overlap', [4, 4]]
['copy', 'MOLCAS.rassi.h5', 'MOLCAS.rassi.ovlp.1.h5']
['copy', '/project/lgagliardi/helenclifford/practice_rcc/sharc4/methaniminium/tutorial_reproduction/traj/Singlet_2/TRAJ_00010/restart/MOLCAS.3.JobIph.62', 'JOB001']
['link', 'MOLCAS.3.JobIph', 'JOB002']
['rassi', 'overlap', [3, 3]]
['copy', 'MOLCAS.rassi.h5', 'MOLCAS.rassi.ovlp.3.h5']
['link', 'MOLCAS.1.JobIph', 'JOB001']
['link', 'MOLCAS.3.JobIph', 'JOB002']
['rassi', 'soc', [4, 3]]
['copy', '$master_path/MOLCAS.1.JobIph', 'JOBOLD']
['rasscf', 1, 4, True, False]
['mclr', 0.0001, 'sala=1']
['alaska']
All jobs finished:
job: master          code: 0    runtime: 0:00:07.235815
job: grad_1_1        code: 0    runtime: 0:00:03.383047

Starting job execution
['gateway']
['seward']
['copy', '/project/lgagliardi/helenclifford/practice_rcc/sharc4/methaniminium/tutorial_reproduction/traj/Singlet_2/TRAJ_00010/restart/MOLCAS.1.JobIph.63', 'JOBOLD']
['rasscf', 1, 4, True, False]
['copy', 'MOLCAS.rasscf.h5', 'MOLCAS.1.rasscf.h5']
['copy', 'MOLCAS.JobIph', 'MOLCAS.1.JobIph']
['copy', '/project/lgagliardi/helenclifford/practice_rcc/sharc4/methaniminium/tutorial_reproduction/traj/Singlet_2/TRAJ_00010/restart/MOLCAS.3.JobIph.63', 'JOBOLD']
['rasscf', 3, 3, True, False]
['copy', 'MOLCAS.rasscf.h5', 'MOLCAS.3.rasscf.h5']
['copy', 'MOLCAS.JobIph', 'MOLCAS.3.JobIph']
['link', 'MOLCAS.1.JobIph', 'JOB001']
['rassi', 'dm', [4]]
['copy', 'MOLCAS.rassi.h5', 'MOLCAS.rassi.1.h5']
['link', 'MOLCAS.3.JobIph', 'JOB001']
['rassi', 'dm', [3]]
['copy', 'MOLCAS.rassi.h5', 'MOLCAS.rassi.3.h5']
['copy', '/project/lgagliardi/helenclifford/practice_rcc/sharc4/methaniminium/tutorial_reproduction/traj/Singlet_2/TRAJ_00010/restart/MOLCAS.1.JobIph.63', 'JOB001']
['link', 'MOLCAS.1.JobIph', 'JOB002']
['rassi', 'overlap', [4, 4]]
['copy', 'MOLCAS.rassi.h5', 'MOLCAS.rassi.ovlp.1.h5']
['copy', '/project/lgagliardi/helenclifford/practice_rcc/sharc4/methaniminium/tutorial_reproduction/traj/Singlet_2/TRAJ_00010/restart/MOLCAS.3.JobIph.63', 'JOB001']
['link', 'MOLCAS.3.JobIph', 'JOB002']
['rassi', 'overlap', [3, 3]]
['copy', 'MOLCAS.rassi.h5', 'MOLCAS.rassi.ovlp.3.h5']
['link', 'MOLCAS.1.JobIph', 'JOB001']
['link', 'MOLCAS.3.JobIph', 'JOB002']
['rassi', 'soc', [4, 3]]
['copy', '$master_path/MOLCAS.1.JobIph', 'JOBOLD']
['rasscf', 1, 4, True, False]
['mclr', 0.0001, 'sala=1']
['alaska']
All jobs finished:
job: master          code: 0    runtime: 0:00:07.259874
job: grad_1_1        code: 0    runtime: 0:00:02.655118

Starting job execution
['gateway']
['seward']
['copy', '/project/lgagliardi/helenclifford/practice_rcc/sharc4/methaniminium/tutorial_reproduction/traj/Singlet_2/TRAJ_00010/restart/MOLCAS.1.JobIph.64', 'JOBOLD']
['rasscf', 1, 4, True, False]
['copy', 'MOLCAS.rasscf.h5', 'MOLCAS.1.rasscf.h5']
['copy', 'MOLCAS.JobIph', 'MOLCAS.1.JobIph']
['copy', '/project/lgagliardi/helenclifford/practice_rcc/sharc4/methaniminium/tutorial_reproduction/traj/Singlet_2/TRAJ_00010/restart/MOLCAS.3.JobIph.64', 'JOBOLD']
['rasscf', 3, 3, True, False]
['copy', 'MOLCAS.rasscf.h5', 'MOLCAS.3.rasscf.h5']
['copy', 'MOLCAS.JobIph', 'MOLCAS.3.JobIph']
['link', 'MOLCAS.1.JobIph', 'JOB001']
['rassi', 'dm', [4]]
['copy', 'MOLCAS.rassi.h5', 'MOLCAS.rassi.1.h5']
['link', 'MOLCAS.3.JobIph', 'JOB001']
['rassi', 'dm', [3]]
['copy', 'MOLCAS.rassi.h5', 'MOLCAS.rassi.3.h5']
['copy', '/project/lgagliardi/helenclifford/practice_rcc/sharc4/methaniminium/tutorial_reproduction/traj/Singlet_2/TRAJ_00010/restart/MOLCAS.1.JobIph.64', 'JOB001']
['link', 'MOLCAS.1.JobIph', 'JOB002']
['rassi', 'overlap', [4, 4]]
['copy', 'MOLCAS.rassi.h5', 'MOLCAS.rassi.ovlp.1.h5']
['copy', '/project/lgagliardi/helenclifford/practice_rcc/sharc4/methaniminium/tutorial_reproduction/traj/Singlet_2/TRAJ_00010/restart/MOLCAS.3.JobIph.64', 'JOB001']
['link', 'MOLCAS.3.JobIph', 'JOB002']
['rassi', 'overlap', [3, 3]]
['copy', 'MOLCAS.rassi.h5', 'MOLCAS.rassi.ovlp.3.h5']
['link', 'MOLCAS.1.JobIph', 'JOB001']
['link', 'MOLCAS.3.JobIph', 'JOB002']
['rassi', 'soc', [4, 3]]
['copy', '$master_path/MOLCAS.1.JobIph', 'JOBOLD']
['rasscf', 1, 4, True, False]
['mclr', 0.0001, 'sala=1']
['alaska']
All jobs finished:
job: master          code: 0    runtime: 0:00:07.265637
job: grad_1_1        code: 0    runtime: 0:00:02.681773

Starting job execution
['gateway']
['seward']
['copy', '/project/lgagliardi/helenclifford/practice_rcc/sharc4/methaniminium/tutorial_reproduction/traj/Singlet_2/TRAJ_00010/restart/MOLCAS.1.JobIph.65', 'JOBOLD']
['rasscf', 1, 4, True, False]
['copy', 'MOLCAS.rasscf.h5', 'MOLCAS.1.rasscf.h5']
['copy', 'MOLCAS.JobIph', 'MOLCAS.1.JobIph']
['copy', '/project/lgagliardi/helenclifford/practice_rcc/sharc4/methaniminium/tutorial_reproduction/traj/Singlet_2/TRAJ_00010/restart/MOLCAS.3.JobIph.65', 'JOBOLD']
['rasscf', 3, 3, True, False]
['copy', 'MOLCAS.rasscf.h5', 'MOLCAS.3.rasscf.h5']
['copy', 'MOLCAS.JobIph', 'MOLCAS.3.JobIph']
['link', 'MOLCAS.1.JobIph', 'JOB001']
['rassi', 'dm', [4]]
['copy', 'MOLCAS.rassi.h5', 'MOLCAS.rassi.1.h5']
['link', 'MOLCAS.3.JobIph', 'JOB001']
['rassi', 'dm', [3]]
['copy', 'MOLCAS.rassi.h5', 'MOLCAS.rassi.3.h5']
['copy', '/project/lgagliardi/helenclifford/practice_rcc/sharc4/methaniminium/tutorial_reproduction/traj/Singlet_2/TRAJ_00010/restart/MOLCAS.1.JobIph.64', 'JOB001']
['link', 'MOLCAS.1.JobIph', 'JOB002']
['rassi', 'overlap', [4, 4]]
['copy', 'MOLCAS.rassi.h5', 'MOLCAS.rassi.ovlp.1.h5']
['copy', '/project/lgagliardi/helenclifford/practice_rcc/sharc4/methaniminium/tutorial_reproduction/traj/Singlet_2/TRAJ_00010/restart/MOLCAS.3.JobIph.64', 'JOB001']
['link', 'MOLCAS.3.JobIph', 'JOB002']
['rassi', 'overlap', [3, 3]]
['copy', 'MOLCAS.rassi.h5', 'MOLCAS.rassi.ovlp.3.h5']
['link', 'MOLCAS.1.JobIph', 'JOB001']
['link', 'MOLCAS.3.JobIph', 'JOB002']
['rassi', 'soc', [4, 3]]
['copy', '$master_path/MOLCAS.3.JobIph', 'JOBOLD']
['rasscf', 3, 3, True, False]
['mclr', 0.0001, 'sala=1']
['alaska']
['copy', '$master_path/MOLCAS.1.JobIph', 'JOBOLD']
['rasscf', 1, 4, True, False]
['mclr', 0.0001, 'sala=1']
['alaska']
All jobs finished:
job: master          code: 0    runtime: 0:00:05.722946
job: grad_3_1        code: 0    runtime: 0:00:02.511445
job: grad_1_1        code: 0    runtime: 0:00:03.007902

Starting job execution
['gateway']
['seward']
['copy', '/project/lgagliardi/helenclifford/practice_rcc/sharc4/methaniminium/tutorial_reproduction/traj/Singlet_2/TRAJ_00010/restart/MOLCAS.1.JobIph.65', 'JOBOLD']
['rasscf', 1, 4, True, False]
['copy', 'MOLCAS.rasscf.h5', 'MOLCAS.1.rasscf.h5']
['copy', 'MOLCAS.JobIph', 'MOLCAS.1.JobIph']
['copy', '/project/lgagliardi/helenclifford/practice_rcc/sharc4/methaniminium/tutorial_reproduction/traj/Singlet_2/TRAJ_00010/restart/MOLCAS.3.JobIph.65', 'JOBOLD']
['rasscf', 3, 3, True, False]
['copy', 'MOLCAS.rasscf.h5', 'MOLCAS.3.rasscf.h5']
['copy', 'MOLCAS.JobIph', 'MOLCAS.3.JobIph']
['link', 'MOLCAS.1.JobIph', 'JOB001']
['rassi', 'dm', [4]]
['copy', 'MOLCAS.rassi.h5', 'MOLCAS.rassi.1.h5']
['link', 'MOLCAS.3.JobIph', 'JOB001']
['rassi', 'dm', [3]]
['copy', 'MOLCAS.rassi.h5', 'MOLCAS.rassi.3.h5']
['copy', '/project/lgagliardi/helenclifford/practice_rcc/sharc4/methaniminium/tutorial_reproduction/traj/Singlet_2/TRAJ_00010/restart/MOLCAS.1.JobIph.65', 'JOB001']
['link', 'MOLCAS.1.JobIph', 'JOB002']
['rassi', 'overlap', [4, 4]]
['copy', 'MOLCAS.rassi.h5', 'MOLCAS.rassi.ovlp.1.h5']
['copy', '/project/lgagliardi/helenclifford/practice_rcc/sharc4/methaniminium/tutorial_reproduction/traj/Singlet_2/TRAJ_00010/restart/MOLCAS.3.JobIph.65', 'JOB001']
['link', 'MOLCAS.3.JobIph', 'JOB002']
['rassi', 'overlap', [3, 3]]
['copy', 'MOLCAS.rassi.h5', 'MOLCAS.rassi.ovlp.3.h5']
['link', 'MOLCAS.1.JobIph', 'JOB001']
['link', 'MOLCAS.3.JobIph', 'JOB002']
['rassi', 'soc', [4, 3]]
['copy', '$master_path/MOLCAS.3.JobIph', 'JOBOLD']
['rasscf', 3, 3, True, False]
['mclr', 0.0001, 'sala=1']
['alaska']
['copy', '$master_path/MOLCAS.1.JobIph', 'JOBOLD']
['rasscf', 1, 4, True, False]
['mclr', 0.0001, 'sala=1']
['alaska']
All jobs finished:
job: master          code: 0    runtime: 0:00:07.523915
job: grad_3_1        code: 0    runtime: 0:00:02.533598
job: grad_1_1        code: 0    runtime: 0:00:03.057034

Starting job execution
['gateway']
['seward']
['copy', '/project/lgagliardi/helenclifford/practice_rcc/sharc4/methaniminium/tutorial_reproduction/traj/Singlet_2/TRAJ_00010/restart/MOLCAS.1.JobIph.66', 'JOBOLD']
['rasscf', 1, 4, True, False]
['copy', 'MOLCAS.rasscf.h5', 'MOLCAS.1.rasscf.h5']
['copy', 'MOLCAS.JobIph', 'MOLCAS.1.JobIph']
['copy', '/project/lgagliardi/helenclifford/practice_rcc/sharc4/methaniminium/tutorial_reproduction/traj/Singlet_2/TRAJ_00010/restart/MOLCAS.3.JobIph.66', 'JOBOLD']
['rasscf', 3, 3, True, False]
['copy', 'MOLCAS.rasscf.h5', 'MOLCAS.3.rasscf.h5']
['copy', 'MOLCAS.JobIph', 'MOLCAS.3.JobIph']
['link', 'MOLCAS.1.JobIph', 'JOB001']
['rassi', 'dm', [4]]
['copy', 'MOLCAS.rassi.h5', 'MOLCAS.rassi.1.h5']
['link', 'MOLCAS.3.JobIph', 'JOB001']
['rassi', 'dm', [3]]
['copy', 'MOLCAS.rassi.h5', 'MOLCAS.rassi.3.h5']
['copy', '/project/lgagliardi/helenclifford/practice_rcc/sharc4/methaniminium/tutorial_reproduction/traj/Singlet_2/TRAJ_00010/restart/MOLCAS.1.JobIph.66', 'JOB001']
['link', 'MOLCAS.1.JobIph', 'JOB002']
['rassi', 'overlap', [4, 4]]
['copy', 'MOLCAS.rassi.h5', 'MOLCAS.rassi.ovlp.1.h5']
['copy', '/project/lgagliardi/helenclifford/practice_rcc/sharc4/methaniminium/tutorial_reproduction/traj/Singlet_2/TRAJ_00010/restart/MOLCAS.3.JobIph.66', 'JOB001']
['link', 'MOLCAS.3.JobIph', 'JOB002']
['rassi', 'overlap', [3, 3]]
['copy', 'MOLCAS.rassi.h5', 'MOLCAS.rassi.ovlp.3.h5']
['link', 'MOLCAS.1.JobIph', 'JOB001']
['link', 'MOLCAS.3.JobIph', 'JOB002']
['rassi', 'soc', [4, 3]]
['copy', '$master_path/MOLCAS.3.JobIph', 'JOBOLD']
['rasscf', 3, 3, True, False]
['mclr', 0.0001, 'sala=1']
['alaska']
['copy', '$master_path/MOLCAS.1.JobIph', 'JOBOLD']
['rasscf', 1, 4, True, False]
['mclr', 0.0001, 'sala=1']
['alaska']
All jobs finished:
job: master          code: 0    runtime: 0:00:08.349431
job: grad_3_1        code: 0    runtime: 0:00:02.710230
job: grad_1_1        code: 0    runtime: 0:00:02.733827

Starting job execution
['gateway']
['seward']
['copy', '/project/lgagliardi/helenclifford/practice_rcc/sharc4/methaniminium/tutorial_reproduction/traj/Singlet_2/TRAJ_00010/restart/MOLCAS.1.JobIph.67', 'JOBOLD']
['rasscf', 1, 4, True, False]
['copy', 'MOLCAS.rasscf.h5', 'MOLCAS.1.rasscf.h5']
['copy', 'MOLCAS.JobIph', 'MOLCAS.1.JobIph']
['copy', '/project/lgagliardi/helenclifford/practice_rcc/sharc4/methaniminium/tutorial_reproduction/traj/Singlet_2/TRAJ_00010/restart/MOLCAS.3.JobIph.67', 'JOBOLD']
['rasscf', 3, 3, True, False]
['copy', 'MOLCAS.rasscf.h5', 'MOLCAS.3.rasscf.h5']
['copy', 'MOLCAS.JobIph', 'MOLCAS.3.JobIph']
['link', 'MOLCAS.1.JobIph', 'JOB001']
['rassi', 'dm', [4]]
['copy', 'MOLCAS.rassi.h5', 'MOLCAS.rassi.1.h5']
['link', 'MOLCAS.3.JobIph', 'JOB001']
['rassi', 'dm', [3]]
['copy', 'MOLCAS.rassi.h5', 'MOLCAS.rassi.3.h5']
['copy', '/project/lgagliardi/helenclifford/practice_rcc/sharc4/methaniminium/tutorial_reproduction/traj/Singlet_2/TRAJ_00010/restart/MOLCAS.1.JobIph.67', 'JOB001']
['link', 'MOLCAS.1.JobIph', 'JOB002']
['rassi', 'overlap', [4, 4]]
['copy', 'MOLCAS.rassi.h5', 'MOLCAS.rassi.ovlp.1.h5']
['copy', '/project/lgagliardi/helenclifford/practice_rcc/sharc4/methaniminium/tutorial_reproduction/traj/Singlet_2/TRAJ_00010/restart/MOLCAS.3.JobIph.67', 'JOB001']
['link', 'MOLCAS.3.JobIph', 'JOB002']
['rassi', 'overlap', [3, 3]]
['copy', 'MOLCAS.rassi.h5', 'MOLCAS.rassi.ovlp.3.h5']
['link', 'MOLCAS.1.JobIph', 'JOB001']
['link', 'MOLCAS.3.JobIph', 'JOB002']
['rassi', 'soc', [4, 3]]
['copy', '$master_path/MOLCAS.3.JobIph', 'JOBOLD']
['rasscf', 3, 3, True, False]
['mclr', 0.0001, 'sala=1']
['alaska']
['copy', '$master_path/MOLCAS.1.JobIph', 'JOBOLD']
['rasscf', 1, 4, True, False]
['mclr', 0.0001, 'sala=1']
['alaska']
All jobs finished:
job: master          code: 0    runtime: 0:00:07.722069
job: grad_3_1        code: 0    runtime: 0:00:02.700967
job: grad_1_1        code: 0    runtime: 0:00:02.637358

Starting job execution
['gateway']
['seward']
['copy', '/project/lgagliardi/helenclifford/practice_rcc/sharc4/methaniminium/tutorial_reproduction/traj/Singlet_2/TRAJ_00010/restart/MOLCAS.1.JobIph.68', 'JOBOLD']
['rasscf', 1, 4, True, False]
['copy', 'MOLCAS.rasscf.h5', 'MOLCAS.1.rasscf.h5']
['copy', 'MOLCAS.JobIph', 'MOLCAS.1.JobIph']
['copy', '/project/lgagliardi/helenclifford/practice_rcc/sharc4/methaniminium/tutorial_reproduction/traj/Singlet_2/TRAJ_00010/restart/MOLCAS.3.JobIph.68', 'JOBOLD']
['rasscf', 3, 3, True, False]
['copy', 'MOLCAS.rasscf.h5', 'MOLCAS.3.rasscf.h5']
['copy', 'MOLCAS.JobIph', 'MOLCAS.3.JobIph']
['link', 'MOLCAS.1.JobIph', 'JOB001']
['rassi', 'dm', [4]]
['copy', 'MOLCAS.rassi.h5', 'MOLCAS.rassi.1.h5']
['link', 'MOLCAS.3.JobIph', 'JOB001']
['rassi', 'dm', [3]]
['copy', 'MOLCAS.rassi.h5', 'MOLCAS.rassi.3.h5']
['copy', '/project/lgagliardi/helenclifford/practice_rcc/sharc4/methaniminium/tutorial_reproduction/traj/Singlet_2/TRAJ_00010/restart/MOLCAS.1.JobIph.68', 'JOB001']
['link', 'MOLCAS.1.JobIph', 'JOB002']
['rassi', 'overlap', [4, 4]]
['copy', 'MOLCAS.rassi.h5', 'MOLCAS.rassi.ovlp.1.h5']
['copy', '/project/lgagliardi/helenclifford/practice_rcc/sharc4/methaniminium/tutorial_reproduction/traj/Singlet_2/TRAJ_00010/restart/MOLCAS.3.JobIph.68', 'JOB001']
['link', 'MOLCAS.3.JobIph', 'JOB002']
['rassi', 'overlap', [3, 3]]
['copy', 'MOLCAS.rassi.h5', 'MOLCAS.rassi.ovlp.3.h5']
['link', 'MOLCAS.1.JobIph', 'JOB001']
['link', 'MOLCAS.3.JobIph', 'JOB002']
['rassi', 'soc', [4, 3]]
['copy', '$master_path/MOLCAS.1.JobIph', 'JOBOLD']
['rasscf', 1, 4, True, False]
['mclr', 0.0001, 'sala=1']
['alaska']
All jobs finished:
job: master          code: 0    runtime: 0:00:07.349433
job: grad_1_1        code: 0    runtime: 0:00:02.905481

Starting job execution
['gateway']
['seward']
['copy', '/project/lgagliardi/helenclifford/practice_rcc/sharc4/methaniminium/tutorial_reproduction/traj/Singlet_2/TRAJ_00010/restart/MOLCAS.1.JobIph.69', 'JOBOLD']
['rasscf', 1, 4, True, False]
['copy', 'MOLCAS.rasscf.h5', 'MOLCAS.1.rasscf.h5']
['copy', 'MOLCAS.JobIph', 'MOLCAS.1.JobIph']
['copy', '/project/lgagliardi/helenclifford/practice_rcc/sharc4/methaniminium/tutorial_reproduction/traj/Singlet_2/TRAJ_00010/restart/MOLCAS.3.JobIph.69', 'JOBOLD']
['rasscf', 3, 3, True, False]
['copy', 'MOLCAS.rasscf.h5', 'MOLCAS.3.rasscf.h5']
['copy', 'MOLCAS.JobIph', 'MOLCAS.3.JobIph']
['link', 'MOLCAS.1.JobIph', 'JOB001']
['rassi', 'dm', [4]]
['copy', 'MOLCAS.rassi.h5', 'MOLCAS.rassi.1.h5']
['link', 'MOLCAS.3.JobIph', 'JOB001']
['rassi', 'dm', [3]]
['copy', 'MOLCAS.rassi.h5', 'MOLCAS.rassi.3.h5']
['copy', '/project/lgagliardi/helenclifford/practice_rcc/sharc4/methaniminium/tutorial_reproduction/traj/Singlet_2/TRAJ_00010/restart/MOLCAS.1.JobIph.69', 'JOB001']
['link', 'MOLCAS.1.JobIph', 'JOB002']
['rassi', 'overlap', [4, 4]]
['copy', 'MOLCAS.rassi.h5', 'MOLCAS.rassi.ovlp.1.h5']
['copy', '/project/lgagliardi/helenclifford/practice_rcc/sharc4/methaniminium/tutorial_reproduction/traj/Singlet_2/TRAJ_00010/restart/MOLCAS.3.JobIph.69', 'JOB001']
['link', 'MOLCAS.3.JobIph', 'JOB002']
['rassi', 'overlap', [3, 3]]
['copy', 'MOLCAS.rassi.h5', 'MOLCAS.rassi.ovlp.3.h5']
['link', 'MOLCAS.1.JobIph', 'JOB001']
['link', 'MOLCAS.3.JobIph', 'JOB002']
['rassi', 'soc', [4, 3]]
['copy', '$master_path/MOLCAS.1.JobIph', 'JOBOLD']
['rasscf', 1, 4, True, False]
['mclr', 0.0001, 'sala=1']
['alaska']
All jobs finished:
job: master          code: 0    runtime: 0:00:07.473363
job: grad_1_1        code: 0    runtime: 0:00:02.836332

Starting job execution
['gateway']
['seward']
['copy', '/project/lgagliardi/helenclifford/practice_rcc/sharc4/methaniminium/tutorial_reproduction/traj/Singlet_2/TRAJ_00010/restart/MOLCAS.1.JobIph.70', 'JOBOLD']
['rasscf', 1, 4, True, False]
['copy', 'MOLCAS.rasscf.h5', 'MOLCAS.1.rasscf.h5']
['copy', 'MOLCAS.JobIph', 'MOLCAS.1.JobIph']
['copy', '/project/lgagliardi/helenclifford/practice_rcc/sharc4/methaniminium/tutorial_reproduction/traj/Singlet_2/TRAJ_00010/restart/MOLCAS.3.JobIph.70', 'JOBOLD']
['rasscf', 3, 3, True, False]
['copy', 'MOLCAS.rasscf.h5', 'MOLCAS.3.rasscf.h5']
['copy', 'MOLCAS.JobIph', 'MOLCAS.3.JobIph']
['link', 'MOLCAS.1.JobIph', 'JOB001']
['rassi', 'dm', [4]]
['copy', 'MOLCAS.rassi.h5', 'MOLCAS.rassi.1.h5']
['link', 'MOLCAS.3.JobIph', 'JOB001']
['rassi', 'dm', [3]]
['copy', 'MOLCAS.rassi.h5', 'MOLCAS.rassi.3.h5']
['copy', '/project/lgagliardi/helenclifford/practice_rcc/sharc4/methaniminium/tutorial_reproduction/traj/Singlet_2/TRAJ_00010/restart/MOLCAS.1.JobIph.70', 'JOB001']
['link', 'MOLCAS.1.JobIph', 'JOB002']
['rassi', 'overlap', [4, 4]]
['copy', 'MOLCAS.rassi.h5', 'MOLCAS.rassi.ovlp.1.h5']
['copy', '/project/lgagliardi/helenclifford/practice_rcc/sharc4/methaniminium/tutorial_reproduction/traj/Singlet_2/TRAJ_00010/restart/MOLCAS.3.JobIph.70', 'JOB001']
['link', 'MOLCAS.3.JobIph', 'JOB002']
['rassi', 'overlap', [3, 3]]
['copy', 'MOLCAS.rassi.h5', 'MOLCAS.rassi.ovlp.3.h5']
['link', 'MOLCAS.1.JobIph', 'JOB001']
['link', 'MOLCAS.3.JobIph', 'JOB002']
['rassi', 'soc', [4, 3]]
['copy', '$master_path/MOLCAS.1.JobIph', 'JOBOLD']
['rasscf', 1, 4, True, False]
['mclr', 0.0001, 'sala=1']
['alaska']
All jobs finished:
job: master          code: 0    runtime: 0:00:07.805700
job: grad_1_1        code: 0    runtime: 0:00:03.221906

Starting job execution
['gateway']
['seward']
['copy', '/project/lgagliardi/helenclifford/practice_rcc/sharc4/methaniminium/tutorial_reproduction/traj/Singlet_2/TRAJ_00010/restart/MOLCAS.1.JobIph.71', 'JOBOLD']
['rasscf', 1, 4, True, False]
['copy', 'MOLCAS.rasscf.h5', 'MOLCAS.1.rasscf.h5']
['copy', 'MOLCAS.JobIph', 'MOLCAS.1.JobIph']
['copy', '/project/lgagliardi/helenclifford/practice_rcc/sharc4/methaniminium/tutorial_reproduction/traj/Singlet_2/TRAJ_00010/restart/MOLCAS.3.JobIph.71', 'JOBOLD']
['rasscf', 3, 3, True, False]
['copy', 'MOLCAS.rasscf.h5', 'MOLCAS.3.rasscf.h5']
['copy', 'MOLCAS.JobIph', 'MOLCAS.3.JobIph']
['link', 'MOLCAS.1.JobIph', 'JOB001']
['rassi', 'dm', [4]]
['copy', 'MOLCAS.rassi.h5', 'MOLCAS.rassi.1.h5']
['link', 'MOLCAS.3.JobIph', 'JOB001']
['rassi', 'dm', [3]]
['copy', 'MOLCAS.rassi.h5', 'MOLCAS.rassi.3.h5']
['copy', '/project/lgagliardi/helenclifford/practice_rcc/sharc4/methaniminium/tutorial_reproduction/traj/Singlet_2/TRAJ_00010/restart/MOLCAS.1.JobIph.71', 'JOB001']
['link', 'MOLCAS.1.JobIph', 'JOB002']
['rassi', 'overlap', [4, 4]]
['copy', 'MOLCAS.rassi.h5', 'MOLCAS.rassi.ovlp.1.h5']
['copy', '/project/lgagliardi/helenclifford/practice_rcc/sharc4/methaniminium/tutorial_reproduction/traj/Singlet_2/TRAJ_00010/restart/MOLCAS.3.JobIph.71', 'JOB001']
['link', 'MOLCAS.3.JobIph', 'JOB002']
['rassi', 'overlap', [3, 3]]
['copy', 'MOLCAS.rassi.h5', 'MOLCAS.rassi.ovlp.3.h5']
['link', 'MOLCAS.1.JobIph', 'JOB001']
['link', 'MOLCAS.3.JobIph', 'JOB002']
['rassi', 'soc', [4, 3]]
['copy', '$master_path/MOLCAS.1.JobIph', 'JOBOLD']
['rasscf', 1, 4, True, False]
['mclr', 0.0001, 'sala=1']
['alaska']
All jobs finished:
job: master          code: 0    runtime: 0:00:08.200980
job: grad_1_1        code: 0    runtime: 0:00:02.906808

Starting job execution
['gateway']
['seward']
['copy', '/project/lgagliardi/helenclifford/practice_rcc/sharc4/methaniminium/tutorial_reproduction/traj/Singlet_2/TRAJ_00010/restart/MOLCAS.1.JobIph.72', 'JOBOLD']
['rasscf', 1, 4, True, False]
['copy', 'MOLCAS.rasscf.h5', 'MOLCAS.1.rasscf.h5']
['copy', 'MOLCAS.JobIph', 'MOLCAS.1.JobIph']
['copy', '/project/lgagliardi/helenclifford/practice_rcc/sharc4/methaniminium/tutorial_reproduction/traj/Singlet_2/TRAJ_00010/restart/MOLCAS.3.JobIph.72', 'JOBOLD']
['rasscf', 3, 3, True, False]
['copy', 'MOLCAS.rasscf.h5', 'MOLCAS.3.rasscf.h5']
['copy', 'MOLCAS.JobIph', 'MOLCAS.3.JobIph']
['link', 'MOLCAS.1.JobIph', 'JOB001']
['rassi', 'dm', [4]]
['copy', 'MOLCAS.rassi.h5', 'MOLCAS.rassi.1.h5']
['link', 'MOLCAS.3.JobIph', 'JOB001']
['rassi', 'dm', [3]]
['copy', 'MOLCAS.rassi.h5', 'MOLCAS.rassi.3.h5']
['copy', '/project/lgagliardi/helenclifford/practice_rcc/sharc4/methaniminium/tutorial_reproduction/traj/Singlet_2/TRAJ_00010/restart/MOLCAS.1.JobIph.72', 'JOB001']
['link', 'MOLCAS.1.JobIph', 'JOB002']
['rassi', 'overlap', [4, 4]]
['copy', 'MOLCAS.rassi.h5', 'MOLCAS.rassi.ovlp.1.h5']
['copy', '/project/lgagliardi/helenclifford/practice_rcc/sharc4/methaniminium/tutorial_reproduction/traj/Singlet_2/TRAJ_00010/restart/MOLCAS.3.JobIph.72', 'JOB001']
['link', 'MOLCAS.3.JobIph', 'JOB002']
['rassi', 'overlap', [3, 3]]
['copy', 'MOLCAS.rassi.h5', 'MOLCAS.rassi.ovlp.3.h5']
['link', 'MOLCAS.1.JobIph', 'JOB001']
['link', 'MOLCAS.3.JobIph', 'JOB002']
['rassi', 'soc', [4, 3]]
['copy', '$master_path/MOLCAS.1.JobIph', 'JOBOLD']
['rasscf', 1, 4, True, False]
['mclr', 0.0001, 'sala=1']
['alaska']
All jobs finished:
job: master          code: 0    runtime: 0:00:07.836224
job: grad_1_1        code: 0    runtime: 0:00:03.118677

Starting job execution
['gateway']
['seward']
['copy', '/project/lgagliardi/helenclifford/practice_rcc/sharc4/methaniminium/tutorial_reproduction/traj/Singlet_2/TRAJ_00010/restart/MOLCAS.1.JobIph.73', 'JOBOLD']
['rasscf', 1, 4, True, False]
['copy', 'MOLCAS.rasscf.h5', 'MOLCAS.1.rasscf.h5']
['copy', 'MOLCAS.JobIph', 'MOLCAS.1.JobIph']
['copy', '/project/lgagliardi/helenclifford/practice_rcc/sharc4/methaniminium/tutorial_reproduction/traj/Singlet_2/TRAJ_00010/restart/MOLCAS.3.JobIph.73', 'JOBOLD']
['rasscf', 3, 3, True, False]
['copy', 'MOLCAS.rasscf.h5', 'MOLCAS.3.rasscf.h5']
['copy', 'MOLCAS.JobIph', 'MOLCAS.3.JobIph']
['link', 'MOLCAS.1.JobIph', 'JOB001']
['rassi', 'dm', [4]]
['copy', 'MOLCAS.rassi.h5', 'MOLCAS.rassi.1.h5']
['link', 'MOLCAS.3.JobIph', 'JOB001']
['rassi', 'dm', [3]]
['copy', 'MOLCAS.rassi.h5', 'MOLCAS.rassi.3.h5']
['copy', '/project/lgagliardi/helenclifford/practice_rcc/sharc4/methaniminium/tutorial_reproduction/traj/Singlet_2/TRAJ_00010/restart/MOLCAS.1.JobIph.73', 'JOB001']
['link', 'MOLCAS.1.JobIph', 'JOB002']
['rassi', 'overlap', [4, 4]]
['copy', 'MOLCAS.rassi.h5', 'MOLCAS.rassi.ovlp.1.h5']
['copy', '/project/lgagliardi/helenclifford/practice_rcc/sharc4/methaniminium/tutorial_reproduction/traj/Singlet_2/TRAJ_00010/restart/MOLCAS.3.JobIph.73', 'JOB001']
['link', 'MOLCAS.3.JobIph', 'JOB002']
['rassi', 'overlap', [3, 3]]
['copy', 'MOLCAS.rassi.h5', 'MOLCAS.rassi.ovlp.3.h5']
['link', 'MOLCAS.1.JobIph', 'JOB001']
['link', 'MOLCAS.3.JobIph', 'JOB002']
['rassi', 'soc', [4, 3]]
['copy', '$master_path/MOLCAS.1.JobIph', 'JOBOLD']
['rasscf', 1, 4, True, False]
['mclr', 0.0001, 'sala=1']
['alaska']
All jobs finished:
job: master          code: 0    runtime: 0:00:08.505335
job: grad_1_1        code: 0    runtime: 0:00:03.458726

Starting job execution
['gateway']
['seward']
['copy', '/project/lgagliardi/helenclifford/practice_rcc/sharc4/methaniminium/tutorial_reproduction/traj/Singlet_2/TRAJ_00010/restart/MOLCAS.1.JobIph.74', 'JOBOLD']
['rasscf', 1, 4, True, False]
['copy', 'MOLCAS.rasscf.h5', 'MOLCAS.1.rasscf.h5']
['copy', 'MOLCAS.JobIph', 'MOLCAS.1.JobIph']
['copy', '/project/lgagliardi/helenclifford/practice_rcc/sharc4/methaniminium/tutorial_reproduction/traj/Singlet_2/TRAJ_00010/restart/MOLCAS.3.JobIph.74', 'JOBOLD']
['rasscf', 3, 3, True, False]
['copy', 'MOLCAS.rasscf.h5', 'MOLCAS.3.rasscf.h5']
['copy', 'MOLCAS.JobIph', 'MOLCAS.3.JobIph']
['link', 'MOLCAS.1.JobIph', 'JOB001']
['rassi', 'dm', [4]]
['copy', 'MOLCAS.rassi.h5', 'MOLCAS.rassi.1.h5']
['link', 'MOLCAS.3.JobIph', 'JOB001']
['rassi', 'dm', [3]]
['copy', 'MOLCAS.rassi.h5', 'MOLCAS.rassi.3.h5']
['copy', '/project/lgagliardi/helenclifford/practice_rcc/sharc4/methaniminium/tutorial_reproduction/traj/Singlet_2/TRAJ_00010/restart/MOLCAS.1.JobIph.74', 'JOB001']
['link', 'MOLCAS.1.JobIph', 'JOB002']
['rassi', 'overlap', [4, 4]]
['copy', 'MOLCAS.rassi.h5', 'MOLCAS.rassi.ovlp.1.h5']
['copy', '/project/lgagliardi/helenclifford/practice_rcc/sharc4/methaniminium/tutorial_reproduction/traj/Singlet_2/TRAJ_00010/restart/MOLCAS.3.JobIph.74', 'JOB001']
['link', 'MOLCAS.3.JobIph', 'JOB002']
['rassi', 'overlap', [3, 3]]
['copy', 'MOLCAS.rassi.h5', 'MOLCAS.rassi.ovlp.3.h5']
['link', 'MOLCAS.1.JobIph', 'JOB001']
['link', 'MOLCAS.3.JobIph', 'JOB002']
['rassi', 'soc', [4, 3]]
['copy', '$master_path/MOLCAS.1.JobIph', 'JOBOLD']
['rasscf', 1, 4, True, False]
['mclr', 0.0001, 'sala=1']
['alaska']
All jobs finished:
job: master          code: 0    runtime: 0:00:09.258434
job: grad_1_1        code: 0    runtime: 0:00:03.544541

Starting job execution
['gateway']
['seward']
['copy', '/project/lgagliardi/helenclifford/practice_rcc/sharc4/methaniminium/tutorial_reproduction/traj/Singlet_2/TRAJ_00010/restart/MOLCAS.1.JobIph.75', 'JOBOLD']
['rasscf', 1, 4, True, False]
['copy', 'MOLCAS.rasscf.h5', 'MOLCAS.1.rasscf.h5']
['copy', 'MOLCAS.JobIph', 'MOLCAS.1.JobIph']
['copy', '/project/lgagliardi/helenclifford/practice_rcc/sharc4/methaniminium/tutorial_reproduction/traj/Singlet_2/TRAJ_00010/restart/MOLCAS.3.JobIph.75', 'JOBOLD']
['rasscf', 3, 3, True, False]
['copy', 'MOLCAS.rasscf.h5', 'MOLCAS.3.rasscf.h5']
['copy', 'MOLCAS.JobIph', 'MOLCAS.3.JobIph']
['link', 'MOLCAS.1.JobIph', 'JOB001']
['rassi', 'dm', [4]]
['copy', 'MOLCAS.rassi.h5', 'MOLCAS.rassi.1.h5']
['link', 'MOLCAS.3.JobIph', 'JOB001']
['rassi', 'dm', [3]]
['copy', 'MOLCAS.rassi.h5', 'MOLCAS.rassi.3.h5']
['copy', '/project/lgagliardi/helenclifford/practice_rcc/sharc4/methaniminium/tutorial_reproduction/traj/Singlet_2/TRAJ_00010/restart/MOLCAS.1.JobIph.75', 'JOB001']
['link', 'MOLCAS.1.JobIph', 'JOB002']
['rassi', 'overlap', [4, 4]]
['copy', 'MOLCAS.rassi.h5', 'MOLCAS.rassi.ovlp.1.h5']
['copy', '/project/lgagliardi/helenclifford/practice_rcc/sharc4/methaniminium/tutorial_reproduction/traj/Singlet_2/TRAJ_00010/restart/MOLCAS.3.JobIph.75', 'JOB001']
['link', 'MOLCAS.3.JobIph', 'JOB002']
['rassi', 'overlap', [3, 3]]
['copy', 'MOLCAS.rassi.h5', 'MOLCAS.rassi.ovlp.3.h5']
['link', 'MOLCAS.1.JobIph', 'JOB001']
['link', 'MOLCAS.3.JobIph', 'JOB002']
['rassi', 'soc', [4, 3]]
['copy', '$master_path/MOLCAS.1.JobIph', 'JOBOLD']
['rasscf', 1, 4, True, False]
['mclr', 0.0001, 'sala=1']
['alaska']
All jobs finished:
job: master          code: 0    runtime: 0:00:09.627332
job: grad_1_1        code: 0    runtime: 0:00:03.527227

Starting job execution
['gateway']
['seward']
['copy', '/project/lgagliardi/helenclifford/practice_rcc/sharc4/methaniminium/tutorial_reproduction/traj/Singlet_2/TRAJ_00010/restart/MOLCAS.1.JobIph.76', 'JOBOLD']
['rasscf', 1, 4, True, False]
['copy', 'MOLCAS.rasscf.h5', 'MOLCAS.1.rasscf.h5']
['copy', 'MOLCAS.JobIph', 'MOLCAS.1.JobIph']
['copy', '/project/lgagliardi/helenclifford/practice_rcc/sharc4/methaniminium/tutorial_reproduction/traj/Singlet_2/TRAJ_00010/restart/MOLCAS.3.JobIph.76', 'JOBOLD']
['rasscf', 3, 3, True, False]
['copy', 'MOLCAS.rasscf.h5', 'MOLCAS.3.rasscf.h5']
['copy', 'MOLCAS.JobIph', 'MOLCAS.3.JobIph']
['link', 'MOLCAS.1.JobIph', 'JOB001']
['rassi', 'dm', [4]]
['copy', 'MOLCAS.rassi.h5', 'MOLCAS.rassi.1.h5']
['link', 'MOLCAS.3.JobIph', 'JOB001']
['rassi', 'dm', [3]]
['copy', 'MOLCAS.rassi.h5', 'MOLCAS.rassi.3.h5']
['copy', '/project/lgagliardi/helenclifford/practice_rcc/sharc4/methaniminium/tutorial_reproduction/traj/Singlet_2/TRAJ_00010/restart/MOLCAS.1.JobIph.76', 'JOB001']
['link', 'MOLCAS.1.JobIph', 'JOB002']
['rassi', 'overlap', [4, 4]]
['copy', 'MOLCAS.rassi.h5', 'MOLCAS.rassi.ovlp.1.h5']
['copy', '/project/lgagliardi/helenclifford/practice_rcc/sharc4/methaniminium/tutorial_reproduction/traj/Singlet_2/TRAJ_00010/restart/MOLCAS.3.JobIph.76', 'JOB001']
['link', 'MOLCAS.3.JobIph', 'JOB002']
['rassi', 'overlap', [3, 3]]
['copy', 'MOLCAS.rassi.h5', 'MOLCAS.rassi.ovlp.3.h5']
['link', 'MOLCAS.1.JobIph', 'JOB001']
['link', 'MOLCAS.3.JobIph', 'JOB002']
['rassi', 'soc', [4, 3]]
['copy', '$master_path/MOLCAS.1.JobIph', 'JOBOLD']
['rasscf', 1, 4, True, False]
['mclr', 0.0001, 'sala=1']
['alaska']
All jobs finished:
job: master          code: 0    runtime: 0:00:08.817912
job: grad_1_1        code: 0    runtime: 0:00:03.096580

Starting job execution
['gateway']
['seward']
['copy', '/project/lgagliardi/helenclifford/practice_rcc/sharc4/methaniminium/tutorial_reproduction/traj/Singlet_2/TRAJ_00010/restart/MOLCAS.1.JobIph.77', 'JOBOLD']
['rasscf', 1, 4, True, False]
['copy', 'MOLCAS.rasscf.h5', 'MOLCAS.1.rasscf.h5']
['copy', 'MOLCAS.JobIph', 'MOLCAS.1.JobIph']
['copy', '/project/lgagliardi/helenclifford/practice_rcc/sharc4/methaniminium/tutorial_reproduction/traj/Singlet_2/TRAJ_00010/restart/MOLCAS.3.JobIph.77', 'JOBOLD']
['rasscf', 3, 3, True, False]
['copy', 'MOLCAS.rasscf.h5', 'MOLCAS.3.rasscf.h5']
['copy', 'MOLCAS.JobIph', 'MOLCAS.3.JobIph']
['link', 'MOLCAS.1.JobIph', 'JOB001']
['rassi', 'dm', [4]]
['copy', 'MOLCAS.rassi.h5', 'MOLCAS.rassi.1.h5']
['link', 'MOLCAS.3.JobIph', 'JOB001']
['rassi', 'dm', [3]]
['copy', 'MOLCAS.rassi.h5', 'MOLCAS.rassi.3.h5']
['copy', '/project/lgagliardi/helenclifford/practice_rcc/sharc4/methaniminium/tutorial_reproduction/traj/Singlet_2/TRAJ_00010/restart/MOLCAS.1.JobIph.77', 'JOB001']
['link', 'MOLCAS.1.JobIph', 'JOB002']
['rassi', 'overlap', [4, 4]]
['copy', 'MOLCAS.rassi.h5', 'MOLCAS.rassi.ovlp.1.h5']
['copy', '/project/lgagliardi/helenclifford/practice_rcc/sharc4/methaniminium/tutorial_reproduction/traj/Singlet_2/TRAJ_00010/restart/MOLCAS.3.JobIph.77', 'JOB001']
['link', 'MOLCAS.3.JobIph', 'JOB002']
['rassi', 'overlap', [3, 3]]
['copy', 'MOLCAS.rassi.h5', 'MOLCAS.rassi.ovlp.3.h5']
['link', 'MOLCAS.1.JobIph', 'JOB001']
['link', 'MOLCAS.3.JobIph', 'JOB002']
['rassi', 'soc', [4, 3]]
['copy', '$master_path/MOLCAS.1.JobIph', 'JOBOLD']
['rasscf', 1, 4, True, False]
['mclr', 0.0001, 'sala=1']
['alaska']
All jobs finished:
job: master          code: 0    runtime: 0:00:08.060861
job: grad_1_1        code: 0    runtime: 0:00:03.055674

Starting job execution
['gateway']
['seward']
['copy', '/project/lgagliardi/helenclifford/practice_rcc/sharc4/methaniminium/tutorial_reproduction/traj/Singlet_2/TRAJ_00010/restart/MOLCAS.1.JobIph.78', 'JOBOLD']
['rasscf', 1, 4, True, False]
['copy', 'MOLCAS.rasscf.h5', 'MOLCAS.1.rasscf.h5']
['copy', 'MOLCAS.JobIph', 'MOLCAS.1.JobIph']
['copy', '/project/lgagliardi/helenclifford/practice_rcc/sharc4/methaniminium/tutorial_reproduction/traj/Singlet_2/TRAJ_00010/restart/MOLCAS.3.JobIph.78', 'JOBOLD']
['rasscf', 3, 3, True, False]
['copy', 'MOLCAS.rasscf.h5', 'MOLCAS.3.rasscf.h5']
['copy', 'MOLCAS.JobIph', 'MOLCAS.3.JobIph']
['link', 'MOLCAS.1.JobIph', 'JOB001']
['rassi', 'dm', [4]]
['copy', 'MOLCAS.rassi.h5', 'MOLCAS.rassi.1.h5']
['link', 'MOLCAS.3.JobIph', 'JOB001']
['rassi', 'dm', [3]]
['copy', 'MOLCAS.rassi.h5', 'MOLCAS.rassi.3.h5']
['copy', '/project/lgagliardi/helenclifford/practice_rcc/sharc4/methaniminium/tutorial_reproduction/traj/Singlet_2/TRAJ_00010/restart/MOLCAS.1.JobIph.78', 'JOB001']
['link', 'MOLCAS.1.JobIph', 'JOB002']
['rassi', 'overlap', [4, 4]]
['copy', 'MOLCAS.rassi.h5', 'MOLCAS.rassi.ovlp.1.h5']
['copy', '/project/lgagliardi/helenclifford/practice_rcc/sharc4/methaniminium/tutorial_reproduction/traj/Singlet_2/TRAJ_00010/restart/MOLCAS.3.JobIph.78', 'JOB001']
['link', 'MOLCAS.3.JobIph', 'JOB002']
['rassi', 'overlap', [3, 3]]
['copy', 'MOLCAS.rassi.h5', 'MOLCAS.rassi.ovlp.3.h5']
['link', 'MOLCAS.1.JobIph', 'JOB001']
['link', 'MOLCAS.3.JobIph', 'JOB002']
['rassi', 'soc', [4, 3]]
['copy', '$master_path/MOLCAS.1.JobIph', 'JOBOLD']
['rasscf', 1, 4, True, False]
['mclr', 0.0001, 'sala=1']
['alaska']
All jobs finished:
job: master          code: 0    runtime: 0:00:08.771164
job: grad_1_1        code: 0    runtime: 0:00:03.062040

Starting job execution
['gateway']
['seward']
['copy', '/project/lgagliardi/helenclifford/practice_rcc/sharc4/methaniminium/tutorial_reproduction/traj/Singlet_2/TRAJ_00010/restart/MOLCAS.1.JobIph.79', 'JOBOLD']
['rasscf', 1, 4, True, False]
['copy', 'MOLCAS.rasscf.h5', 'MOLCAS.1.rasscf.h5']
['copy', 'MOLCAS.JobIph', 'MOLCAS.1.JobIph']
['copy', '/project/lgagliardi/helenclifford/practice_rcc/sharc4/methaniminium/tutorial_reproduction/traj/Singlet_2/TRAJ_00010/restart/MOLCAS.3.JobIph.79', 'JOBOLD']
['rasscf', 3, 3, True, False]
['copy', 'MOLCAS.rasscf.h5', 'MOLCAS.3.rasscf.h5']
['copy', 'MOLCAS.JobIph', 'MOLCAS.3.JobIph']
['link', 'MOLCAS.1.JobIph', 'JOB001']
['rassi', 'dm', [4]]
['copy', 'MOLCAS.rassi.h5', 'MOLCAS.rassi.1.h5']
['link', 'MOLCAS.3.JobIph', 'JOB001']
['rassi', 'dm', [3]]
['copy', 'MOLCAS.rassi.h5', 'MOLCAS.rassi.3.h5']
['copy', '/project/lgagliardi/helenclifford/practice_rcc/sharc4/methaniminium/tutorial_reproduction/traj/Singlet_2/TRAJ_00010/restart/MOLCAS.1.JobIph.79', 'JOB001']
['link', 'MOLCAS.1.JobIph', 'JOB002']
['rassi', 'overlap', [4, 4]]
['copy', 'MOLCAS.rassi.h5', 'MOLCAS.rassi.ovlp.1.h5']
['copy', '/project/lgagliardi/helenclifford/practice_rcc/sharc4/methaniminium/tutorial_reproduction/traj/Singlet_2/TRAJ_00010/restart/MOLCAS.3.JobIph.79', 'JOB001']
['link', 'MOLCAS.3.JobIph', 'JOB002']
['rassi', 'overlap', [3, 3]]
['copy', 'MOLCAS.rassi.h5', 'MOLCAS.rassi.ovlp.3.h5']
['link', 'MOLCAS.1.JobIph', 'JOB001']
['link', 'MOLCAS.3.JobIph', 'JOB002']
['rassi', 'soc', [4, 3]]
['copy', '$master_path/MOLCAS.1.JobIph', 'JOBOLD']
['rasscf', 1, 4, True, False]
['mclr', 0.0001, 'sala=1']
['alaska']
All jobs finished:
job: master          code: 0    runtime: 0:00:09.687324
job: grad_1_1        code: 0    runtime: 0:00:03.042406

Starting job execution
['gateway']
['seward']
['copy', '/project/lgagliardi/helenclifford/practice_rcc/sharc4/methaniminium/tutorial_reproduction/traj/Singlet_2/TRAJ_00010/restart/MOLCAS.1.JobIph.80', 'JOBOLD']
['rasscf', 1, 4, True, False]
['copy', 'MOLCAS.rasscf.h5', 'MOLCAS.1.rasscf.h5']
['copy', 'MOLCAS.JobIph', 'MOLCAS.1.JobIph']
['copy', '/project/lgagliardi/helenclifford/practice_rcc/sharc4/methaniminium/tutorial_reproduction/traj/Singlet_2/TRAJ_00010/restart/MOLCAS.3.JobIph.80', 'JOBOLD']
['rasscf', 3, 3, True, False]
['copy', 'MOLCAS.rasscf.h5', 'MOLCAS.3.rasscf.h5']
['copy', 'MOLCAS.JobIph', 'MOLCAS.3.JobIph']
['link', 'MOLCAS.1.JobIph', 'JOB001']
['rassi', 'dm', [4]]
['copy', 'MOLCAS.rassi.h5', 'MOLCAS.rassi.1.h5']
['link', 'MOLCAS.3.JobIph', 'JOB001']
['rassi', 'dm', [3]]
['copy', 'MOLCAS.rassi.h5', 'MOLCAS.rassi.3.h5']
['copy', '/project/lgagliardi/helenclifford/practice_rcc/sharc4/methaniminium/tutorial_reproduction/traj/Singlet_2/TRAJ_00010/restart/MOLCAS.1.JobIph.80', 'JOB001']
['link', 'MOLCAS.1.JobIph', 'JOB002']
['rassi', 'overlap', [4, 4]]
['copy', 'MOLCAS.rassi.h5', 'MOLCAS.rassi.ovlp.1.h5']
['copy', '/project/lgagliardi/helenclifford/practice_rcc/sharc4/methaniminium/tutorial_reproduction/traj/Singlet_2/TRAJ_00010/restart/MOLCAS.3.JobIph.80', 'JOB001']
['link', 'MOLCAS.3.JobIph', 'JOB002']
['rassi', 'overlap', [3, 3]]
['copy', 'MOLCAS.rassi.h5', 'MOLCAS.rassi.ovlp.3.h5']
['link', 'MOLCAS.1.JobIph', 'JOB001']
['link', 'MOLCAS.3.JobIph', 'JOB002']
['rassi', 'soc', [4, 3]]
['copy', '$master_path/MOLCAS.1.JobIph', 'JOBOLD']
['rasscf', 1, 4, True, False]
['mclr', 0.0001, 'sala=1']
['alaska']
All jobs finished:
job: master          code: 0    runtime: 0:00:08.587760
job: grad_1_1        code: 0    runtime: 0:00:03.270223

Starting job execution
['gateway']
['seward']
['copy', '/project/lgagliardi/helenclifford/practice_rcc/sharc4/methaniminium/tutorial_reproduction/traj/Singlet_2/TRAJ_00010/restart/MOLCAS.1.JobIph.81', 'JOBOLD']
['rasscf', 1, 4, True, False]
['copy', 'MOLCAS.rasscf.h5', 'MOLCAS.1.rasscf.h5']
['copy', 'MOLCAS.JobIph', 'MOLCAS.1.JobIph']
['copy', '/project/lgagliardi/helenclifford/practice_rcc/sharc4/methaniminium/tutorial_reproduction/traj/Singlet_2/TRAJ_00010/restart/MOLCAS.3.JobIph.81', 'JOBOLD']
['rasscf', 3, 3, True, False]
['copy', 'MOLCAS.rasscf.h5', 'MOLCAS.3.rasscf.h5']
['copy', 'MOLCAS.JobIph', 'MOLCAS.3.JobIph']
['link', 'MOLCAS.1.JobIph', 'JOB001']
['rassi', 'dm', [4]]
['copy', 'MOLCAS.rassi.h5', 'MOLCAS.rassi.1.h5']
['link', 'MOLCAS.3.JobIph', 'JOB001']
['rassi', 'dm', [3]]
['copy', 'MOLCAS.rassi.h5', 'MOLCAS.rassi.3.h5']
['copy', '/project/lgagliardi/helenclifford/practice_rcc/sharc4/methaniminium/tutorial_reproduction/traj/Singlet_2/TRAJ_00010/restart/MOLCAS.1.JobIph.81', 'JOB001']
['link', 'MOLCAS.1.JobIph', 'JOB002']
['rassi', 'overlap', [4, 4]]
['copy', 'MOLCAS.rassi.h5', 'MOLCAS.rassi.ovlp.1.h5']
['copy', '/project/lgagliardi/helenclifford/practice_rcc/sharc4/methaniminium/tutorial_reproduction/traj/Singlet_2/TRAJ_00010/restart/MOLCAS.3.JobIph.81', 'JOB001']
['link', 'MOLCAS.3.JobIph', 'JOB002']
['rassi', 'overlap', [3, 3]]
['copy', 'MOLCAS.rassi.h5', 'MOLCAS.rassi.ovlp.3.h5']
['link', 'MOLCAS.1.JobIph', 'JOB001']
['link', 'MOLCAS.3.JobIph', 'JOB002']
['rassi', 'soc', [4, 3]]
['copy', '$master_path/MOLCAS.1.JobIph', 'JOBOLD']
['rasscf', 1, 4, True, False]
['mclr', 0.0001, 'sala=1']
['alaska']
All jobs finished:
job: master          code: 0    runtime: 0:00:09.346038
job: grad_1_1        code: 0    runtime: 0:00:02.969385

Starting job execution
['gateway']
['seward']
['copy', '/project/lgagliardi/helenclifford/practice_rcc/sharc4/methaniminium/tutorial_reproduction/traj/Singlet_2/TRAJ_00010/restart/MOLCAS.1.JobIph.82', 'JOBOLD']
['rasscf', 1, 4, True, False]
['copy', 'MOLCAS.rasscf.h5', 'MOLCAS.1.rasscf.h5']
['copy', 'MOLCAS.JobIph', 'MOLCAS.1.JobIph']
['copy', '/project/lgagliardi/helenclifford/practice_rcc/sharc4/methaniminium/tutorial_reproduction/traj/Singlet_2/TRAJ_00010/restart/MOLCAS.3.JobIph.82', 'JOBOLD']
['rasscf', 3, 3, True, False]
['copy', 'MOLCAS.rasscf.h5', 'MOLCAS.3.rasscf.h5']
['copy', 'MOLCAS.JobIph', 'MOLCAS.3.JobIph']
['link', 'MOLCAS.1.JobIph', 'JOB001']
['rassi', 'dm', [4]]
['copy', 'MOLCAS.rassi.h5', 'MOLCAS.rassi.1.h5']
['link', 'MOLCAS.3.JobIph', 'JOB001']
['rassi', 'dm', [3]]
['copy', 'MOLCAS.rassi.h5', 'MOLCAS.rassi.3.h5']
['copy', '/project/lgagliardi/helenclifford/practice_rcc/sharc4/methaniminium/tutorial_reproduction/traj/Singlet_2/TRAJ_00010/restart/MOLCAS.1.JobIph.82', 'JOB001']
['link', 'MOLCAS.1.JobIph', 'JOB002']
['rassi', 'overlap', [4, 4]]
['copy', 'MOLCAS.rassi.h5', 'MOLCAS.rassi.ovlp.1.h5']
['copy', '/project/lgagliardi/helenclifford/practice_rcc/sharc4/methaniminium/tutorial_reproduction/traj/Singlet_2/TRAJ_00010/restart/MOLCAS.3.JobIph.82', 'JOB001']
['link', 'MOLCAS.3.JobIph', 'JOB002']
['rassi', 'overlap', [3, 3]]
['copy', 'MOLCAS.rassi.h5', 'MOLCAS.rassi.ovlp.3.h5']
['link', 'MOLCAS.1.JobIph', 'JOB001']
['link', 'MOLCAS.3.JobIph', 'JOB002']
['rassi', 'soc', [4, 3]]
['copy', '$master_path/MOLCAS.1.JobIph', 'JOBOLD']
['rasscf', 1, 4, True, False]
['mclr', 0.0001, 'sala=1']
['alaska']
All jobs finished:
job: master          code: 0    runtime: 0:00:08.407286
job: grad_1_1        code: 0    runtime: 0:00:02.793877

Starting job execution
['gateway']
['seward']
['copy', '/project/lgagliardi/helenclifford/practice_rcc/sharc4/methaniminium/tutorial_reproduction/traj/Singlet_2/TRAJ_00010/restart/MOLCAS.1.JobIph.83', 'JOBOLD']
['rasscf', 1, 4, True, False]
['copy', 'MOLCAS.rasscf.h5', 'MOLCAS.1.rasscf.h5']
['copy', 'MOLCAS.JobIph', 'MOLCAS.1.JobIph']
['copy', '/project/lgagliardi/helenclifford/practice_rcc/sharc4/methaniminium/tutorial_reproduction/traj/Singlet_2/TRAJ_00010/restart/MOLCAS.3.JobIph.83', 'JOBOLD']
['rasscf', 3, 3, True, False]
['copy', 'MOLCAS.rasscf.h5', 'MOLCAS.3.rasscf.h5']
['copy', 'MOLCAS.JobIph', 'MOLCAS.3.JobIph']
['link', 'MOLCAS.1.JobIph', 'JOB001']
['rassi', 'dm', [4]]
['copy', 'MOLCAS.rassi.h5', 'MOLCAS.rassi.1.h5']
['link', 'MOLCAS.3.JobIph', 'JOB001']
['rassi', 'dm', [3]]
['copy', 'MOLCAS.rassi.h5', 'MOLCAS.rassi.3.h5']
['copy', '/project/lgagliardi/helenclifford/practice_rcc/sharc4/methaniminium/tutorial_reproduction/traj/Singlet_2/TRAJ_00010/restart/MOLCAS.1.JobIph.83', 'JOB001']
['link', 'MOLCAS.1.JobIph', 'JOB002']
['rassi', 'overlap', [4, 4]]
['copy', 'MOLCAS.rassi.h5', 'MOLCAS.rassi.ovlp.1.h5']
['copy', '/project/lgagliardi/helenclifford/practice_rcc/sharc4/methaniminium/tutorial_reproduction/traj/Singlet_2/TRAJ_00010/restart/MOLCAS.3.JobIph.83', 'JOB001']
['link', 'MOLCAS.3.JobIph', 'JOB002']
['rassi', 'overlap', [3, 3]]
['copy', 'MOLCAS.rassi.h5', 'MOLCAS.rassi.ovlp.3.h5']
['link', 'MOLCAS.1.JobIph', 'JOB001']
['link', 'MOLCAS.3.JobIph', 'JOB002']
['rassi', 'soc', [4, 3]]
['copy', '$master_path/MOLCAS.1.JobIph', 'JOBOLD']
['rasscf', 1, 4, True, False]
['mclr', 0.0001, 'sala=1']
['alaska']
All jobs finished:
job: master          code: 0    runtime: 0:00:08.383119
job: grad_1_1        code: 0    runtime: 0:00:02.737511

Starting job execution
['gateway']
['seward']
['copy', '/project/lgagliardi/helenclifford/practice_rcc/sharc4/methaniminium/tutorial_reproduction/traj/Singlet_2/TRAJ_00010/restart/MOLCAS.1.JobIph.84', 'JOBOLD']
['rasscf', 1, 4, True, False]
['copy', 'MOLCAS.rasscf.h5', 'MOLCAS.1.rasscf.h5']
['copy', 'MOLCAS.JobIph', 'MOLCAS.1.JobIph']
['copy', '/project/lgagliardi/helenclifford/practice_rcc/sharc4/methaniminium/tutorial_reproduction/traj/Singlet_2/TRAJ_00010/restart/MOLCAS.3.JobIph.84', 'JOBOLD']
['rasscf', 3, 3, True, False]
['copy', 'MOLCAS.rasscf.h5', 'MOLCAS.3.rasscf.h5']
['copy', 'MOLCAS.JobIph', 'MOLCAS.3.JobIph']
['link', 'MOLCAS.1.JobIph', 'JOB001']
['rassi', 'dm', [4]]
['copy', 'MOLCAS.rassi.h5', 'MOLCAS.rassi.1.h5']
['link', 'MOLCAS.3.JobIph', 'JOB001']
['rassi', 'dm', [3]]
['copy', 'MOLCAS.rassi.h5', 'MOLCAS.rassi.3.h5']
['copy', '/project/lgagliardi/helenclifford/practice_rcc/sharc4/methaniminium/tutorial_reproduction/traj/Singlet_2/TRAJ_00010/restart/MOLCAS.1.JobIph.84', 'JOB001']
['link', 'MOLCAS.1.JobIph', 'JOB002']
['rassi', 'overlap', [4, 4]]
['copy', 'MOLCAS.rassi.h5', 'MOLCAS.rassi.ovlp.1.h5']
['copy', '/project/lgagliardi/helenclifford/practice_rcc/sharc4/methaniminium/tutorial_reproduction/traj/Singlet_2/TRAJ_00010/restart/MOLCAS.3.JobIph.84', 'JOB001']
['link', 'MOLCAS.3.JobIph', 'JOB002']
['rassi', 'overlap', [3, 3]]
['copy', 'MOLCAS.rassi.h5', 'MOLCAS.rassi.ovlp.3.h5']
['link', 'MOLCAS.1.JobIph', 'JOB001']
['link', 'MOLCAS.3.JobIph', 'JOB002']
['rassi', 'soc', [4, 3]]
['copy', '$master_path/MOLCAS.1.JobIph', 'JOBOLD']
['rasscf', 1, 4, True, False]
['mclr', 0.0001, 'sala=1']
['alaska']
All jobs finished:
job: master          code: 0    runtime: 0:00:08.409549
job: grad_1_1        code: 0    runtime: 0:00:03.176430

Starting job execution
['gateway']
['seward']
['copy', '/project/lgagliardi/helenclifford/practice_rcc/sharc4/methaniminium/tutorial_reproduction/traj/Singlet_2/TRAJ_00010/restart/MOLCAS.1.JobIph.85', 'JOBOLD']
['rasscf', 1, 4, True, False]
['copy', 'MOLCAS.rasscf.h5', 'MOLCAS.1.rasscf.h5']
['copy', 'MOLCAS.JobIph', 'MOLCAS.1.JobIph']
['copy', '/project/lgagliardi/helenclifford/practice_rcc/sharc4/methaniminium/tutorial_reproduction/traj/Singlet_2/TRAJ_00010/restart/MOLCAS.3.JobIph.85', 'JOBOLD']
['rasscf', 3, 3, True, False]
['copy', 'MOLCAS.rasscf.h5', 'MOLCAS.3.rasscf.h5']
['copy', 'MOLCAS.JobIph', 'MOLCAS.3.JobIph']
['link', 'MOLCAS.1.JobIph', 'JOB001']
['rassi', 'dm', [4]]
['copy', 'MOLCAS.rassi.h5', 'MOLCAS.rassi.1.h5']
['link', 'MOLCAS.3.JobIph', 'JOB001']
['rassi', 'dm', [3]]
['copy', 'MOLCAS.rassi.h5', 'MOLCAS.rassi.3.h5']
['copy', '/project/lgagliardi/helenclifford/practice_rcc/sharc4/methaniminium/tutorial_reproduction/traj/Singlet_2/TRAJ_00010/restart/MOLCAS.1.JobIph.85', 'JOB001']
['link', 'MOLCAS.1.JobIph', 'JOB002']
['rassi', 'overlap', [4, 4]]
['copy', 'MOLCAS.rassi.h5', 'MOLCAS.rassi.ovlp.1.h5']
['copy', '/project/lgagliardi/helenclifford/practice_rcc/sharc4/methaniminium/tutorial_reproduction/traj/Singlet_2/TRAJ_00010/restart/MOLCAS.3.JobIph.85', 'JOB001']
['link', 'MOLCAS.3.JobIph', 'JOB002']
['rassi', 'overlap', [3, 3]]
['copy', 'MOLCAS.rassi.h5', 'MOLCAS.rassi.ovlp.3.h5']
['link', 'MOLCAS.1.JobIph', 'JOB001']
['link', 'MOLCAS.3.JobIph', 'JOB002']
['rassi', 'soc', [4, 3]]
['copy', '$master_path/MOLCAS.1.JobIph', 'JOBOLD']
['rasscf', 1, 4, True, False]
['mclr', 0.0001, 'sala=1']
['alaska']
All jobs finished:
job: master          code: 0    runtime: 0:00:09.656585
job: grad_1_1        code: 0    runtime: 0:00:02.807709

Starting job execution
['gateway']
['seward']
['copy', '/project/lgagliardi/helenclifford/practice_rcc/sharc4/methaniminium/tutorial_reproduction/traj/Singlet_2/TRAJ_00010/restart/MOLCAS.1.JobIph.86', 'JOBOLD']
['rasscf', 1, 4, True, False]
['copy', 'MOLCAS.rasscf.h5', 'MOLCAS.1.rasscf.h5']
['copy', 'MOLCAS.JobIph', 'MOLCAS.1.JobIph']
['copy', '/project/lgagliardi/helenclifford/practice_rcc/sharc4/methaniminium/tutorial_reproduction/traj/Singlet_2/TRAJ_00010/restart/MOLCAS.3.JobIph.86', 'JOBOLD']
['rasscf', 3, 3, True, False]
['copy', 'MOLCAS.rasscf.h5', 'MOLCAS.3.rasscf.h5']
['copy', 'MOLCAS.JobIph', 'MOLCAS.3.JobIph']
['link', 'MOLCAS.1.JobIph', 'JOB001']
['rassi', 'dm', [4]]
['copy', 'MOLCAS.rassi.h5', 'MOLCAS.rassi.1.h5']
['link', 'MOLCAS.3.JobIph', 'JOB001']
['rassi', 'dm', [3]]
['copy', 'MOLCAS.rassi.h5', 'MOLCAS.rassi.3.h5']
['copy', '/project/lgagliardi/helenclifford/practice_rcc/sharc4/methaniminium/tutorial_reproduction/traj/Singlet_2/TRAJ_00010/restart/MOLCAS.1.JobIph.86', 'JOB001']
['link', 'MOLCAS.1.JobIph', 'JOB002']
['rassi', 'overlap', [4, 4]]
['copy', 'MOLCAS.rassi.h5', 'MOLCAS.rassi.ovlp.1.h5']
['copy', '/project/lgagliardi/helenclifford/practice_rcc/sharc4/methaniminium/tutorial_reproduction/traj/Singlet_2/TRAJ_00010/restart/MOLCAS.3.JobIph.86', 'JOB001']
['link', 'MOLCAS.3.JobIph', 'JOB002']
['rassi', 'overlap', [3, 3]]
['copy', 'MOLCAS.rassi.h5', 'MOLCAS.rassi.ovlp.3.h5']
['link', 'MOLCAS.1.JobIph', 'JOB001']
['link', 'MOLCAS.3.JobIph', 'JOB002']
['rassi', 'soc', [4, 3]]
['copy', '$master_path/MOLCAS.1.JobIph', 'JOBOLD']
['rasscf', 1, 4, True, False]
['mclr', 0.0001, 'sala=1']
['alaska']
All jobs finished:
job: master          code: 0    runtime: 0:00:08.193173
job: grad_1_1        code: 0    runtime: 0:00:02.884074

Starting job execution
['gateway']
['seward']
['copy', '/project/lgagliardi/helenclifford/practice_rcc/sharc4/methaniminium/tutorial_reproduction/traj/Singlet_2/TRAJ_00010/restart/MOLCAS.1.JobIph.87', 'JOBOLD']
['rasscf', 1, 4, True, False]
['copy', 'MOLCAS.rasscf.h5', 'MOLCAS.1.rasscf.h5']
['copy', 'MOLCAS.JobIph', 'MOLCAS.1.JobIph']
['copy', '/project/lgagliardi/helenclifford/practice_rcc/sharc4/methaniminium/tutorial_reproduction/traj/Singlet_2/TRAJ_00010/restart/MOLCAS.3.JobIph.87', 'JOBOLD']
['rasscf', 3, 3, True, False]
['copy', 'MOLCAS.rasscf.h5', 'MOLCAS.3.rasscf.h5']
['copy', 'MOLCAS.JobIph', 'MOLCAS.3.JobIph']
['link', 'MOLCAS.1.JobIph', 'JOB001']
['rassi', 'dm', [4]]
['copy', 'MOLCAS.rassi.h5', 'MOLCAS.rassi.1.h5']
['link', 'MOLCAS.3.JobIph', 'JOB001']
['rassi', 'dm', [3]]
['copy', 'MOLCAS.rassi.h5', 'MOLCAS.rassi.3.h5']
['copy', '/project/lgagliardi/helenclifford/practice_rcc/sharc4/methaniminium/tutorial_reproduction/traj/Singlet_2/TRAJ_00010/restart/MOLCAS.1.JobIph.87', 'JOB001']
['link', 'MOLCAS.1.JobIph', 'JOB002']
['rassi', 'overlap', [4, 4]]
['copy', 'MOLCAS.rassi.h5', 'MOLCAS.rassi.ovlp.1.h5']
['copy', '/project/lgagliardi/helenclifford/practice_rcc/sharc4/methaniminium/tutorial_reproduction/traj/Singlet_2/TRAJ_00010/restart/MOLCAS.3.JobIph.87', 'JOB001']
['link', 'MOLCAS.3.JobIph', 'JOB002']
['rassi', 'overlap', [3, 3]]
['copy', 'MOLCAS.rassi.h5', 'MOLCAS.rassi.ovlp.3.h5']
['link', 'MOLCAS.1.JobIph', 'JOB001']
['link', 'MOLCAS.3.JobIph', 'JOB002']
['rassi', 'soc', [4, 3]]
['copy', '$master_path/MOLCAS.1.JobIph', 'JOBOLD']
['rasscf', 1, 4, True, False]
['mclr', 0.0001, 'sala=1']
['alaska']
All jobs finished:
job: master          code: 0    runtime: 0:00:08.535002
job: grad_1_1        code: 0    runtime: 0:00:03.161098

Starting job execution
['gateway']
['seward']
['copy', '/project/lgagliardi/helenclifford/practice_rcc/sharc4/methaniminium/tutorial_reproduction/traj/Singlet_2/TRAJ_00010/restart/MOLCAS.1.JobIph.88', 'JOBOLD']
['rasscf', 1, 4, True, False]
['copy', 'MOLCAS.rasscf.h5', 'MOLCAS.1.rasscf.h5']
['copy', 'MOLCAS.JobIph', 'MOLCAS.1.JobIph']
['copy', '/project/lgagliardi/helenclifford/practice_rcc/sharc4/methaniminium/tutorial_reproduction/traj/Singlet_2/TRAJ_00010/restart/MOLCAS.3.JobIph.88', 'JOBOLD']
['rasscf', 3, 3, True, False]
['copy', 'MOLCAS.rasscf.h5', 'MOLCAS.3.rasscf.h5']
['copy', 'MOLCAS.JobIph', 'MOLCAS.3.JobIph']
['link', 'MOLCAS.1.JobIph', 'JOB001']
['rassi', 'dm', [4]]
['copy', 'MOLCAS.rassi.h5', 'MOLCAS.rassi.1.h5']
['link', 'MOLCAS.3.JobIph', 'JOB001']
['rassi', 'dm', [3]]
['copy', 'MOLCAS.rassi.h5', 'MOLCAS.rassi.3.h5']
['copy', '/project/lgagliardi/helenclifford/practice_rcc/sharc4/methaniminium/tutorial_reproduction/traj/Singlet_2/TRAJ_00010/restart/MOLCAS.1.JobIph.88', 'JOB001']
['link', 'MOLCAS.1.JobIph', 'JOB002']
['rassi', 'overlap', [4, 4]]
['copy', 'MOLCAS.rassi.h5', 'MOLCAS.rassi.ovlp.1.h5']
['copy', '/project/lgagliardi/helenclifford/practice_rcc/sharc4/methaniminium/tutorial_reproduction/traj/Singlet_2/TRAJ_00010/restart/MOLCAS.3.JobIph.88', 'JOB001']
['link', 'MOLCAS.3.JobIph', 'JOB002']
['rassi', 'overlap', [3, 3]]
['copy', 'MOLCAS.rassi.h5', 'MOLCAS.rassi.ovlp.3.h5']
['link', 'MOLCAS.1.JobIph', 'JOB001']
['link', 'MOLCAS.3.JobIph', 'JOB002']
['rassi', 'soc', [4, 3]]
['copy', '$master_path/MOLCAS.1.JobIph', 'JOBOLD']
['rasscf', 1, 4, True, False]
['mclr', 0.0001, 'sala=1']
['alaska']
All jobs finished:
job: master          code: 0    runtime: 0:00:08.360371
job: grad_1_1        code: 0    runtime: 0:00:02.830547

Starting job execution
['gateway']
['seward']
['copy', '/project/lgagliardi/helenclifford/practice_rcc/sharc4/methaniminium/tutorial_reproduction/traj/Singlet_2/TRAJ_00010/restart/MOLCAS.1.JobIph.89', 'JOBOLD']
['rasscf', 1, 4, True, False]
['copy', 'MOLCAS.rasscf.h5', 'MOLCAS.1.rasscf.h5']
['copy', 'MOLCAS.JobIph', 'MOLCAS.1.JobIph']
['copy', '/project/lgagliardi/helenclifford/practice_rcc/sharc4/methaniminium/tutorial_reproduction/traj/Singlet_2/TRAJ_00010/restart/MOLCAS.3.JobIph.89', 'JOBOLD']
['rasscf', 3, 3, True, False]
['copy', 'MOLCAS.rasscf.h5', 'MOLCAS.3.rasscf.h5']
['copy', 'MOLCAS.JobIph', 'MOLCAS.3.JobIph']
['link', 'MOLCAS.1.JobIph', 'JOB001']
['rassi', 'dm', [4]]
['copy', 'MOLCAS.rassi.h5', 'MOLCAS.rassi.1.h5']
['link', 'MOLCAS.3.JobIph', 'JOB001']
['rassi', 'dm', [3]]
['copy', 'MOLCAS.rassi.h5', 'MOLCAS.rassi.3.h5']
['copy', '/project/lgagliardi/helenclifford/practice_rcc/sharc4/methaniminium/tutorial_reproduction/traj/Singlet_2/TRAJ_00010/restart/MOLCAS.1.JobIph.89', 'JOB001']
['link', 'MOLCAS.1.JobIph', 'JOB002']
['rassi', 'overlap', [4, 4]]
['copy', 'MOLCAS.rassi.h5', 'MOLCAS.rassi.ovlp.1.h5']
['copy', '/project/lgagliardi/helenclifford/practice_rcc/sharc4/methaniminium/tutorial_reproduction/traj/Singlet_2/TRAJ_00010/restart/MOLCAS.3.JobIph.89', 'JOB001']
['link', 'MOLCAS.3.JobIph', 'JOB002']
['rassi', 'overlap', [3, 3]]
['copy', 'MOLCAS.rassi.h5', 'MOLCAS.rassi.ovlp.3.h5']
['link', 'MOLCAS.1.JobIph', 'JOB001']
['link', 'MOLCAS.3.JobIph', 'JOB002']
['rassi', 'soc', [4, 3]]
['copy', '$master_path/MOLCAS.1.JobIph', 'JOBOLD']
['rasscf', 1, 4, True, False]
['mclr', 0.0001, 'sala=1']
['alaska']
All jobs finished:
job: master          code: 0    runtime: 0:00:09.601794
job: grad_1_1        code: 0    runtime: 0:00:02.881198

Starting job execution
['gateway']
['seward']
['copy', '/project/lgagliardi/helenclifford/practice_rcc/sharc4/methaniminium/tutorial_reproduction/traj/Singlet_2/TRAJ_00010/restart/MOLCAS.1.JobIph.90', 'JOBOLD']
['rasscf', 1, 4, True, False]
['copy', 'MOLCAS.rasscf.h5', 'MOLCAS.1.rasscf.h5']
['copy', 'MOLCAS.JobIph', 'MOLCAS.1.JobIph']
['copy', '/project/lgagliardi/helenclifford/practice_rcc/sharc4/methaniminium/tutorial_reproduction/traj/Singlet_2/TRAJ_00010/restart/MOLCAS.3.JobIph.90', 'JOBOLD']
['rasscf', 3, 3, True, False]
['copy', 'MOLCAS.rasscf.h5', 'MOLCAS.3.rasscf.h5']
['copy', 'MOLCAS.JobIph', 'MOLCAS.3.JobIph']
['link', 'MOLCAS.1.JobIph', 'JOB001']
['rassi', 'dm', [4]]
['copy', 'MOLCAS.rassi.h5', 'MOLCAS.rassi.1.h5']
['link', 'MOLCAS.3.JobIph', 'JOB001']
['rassi', 'dm', [3]]
['copy', 'MOLCAS.rassi.h5', 'MOLCAS.rassi.3.h5']
['copy', '/project/lgagliardi/helenclifford/practice_rcc/sharc4/methaniminium/tutorial_reproduction/traj/Singlet_2/TRAJ_00010/restart/MOLCAS.1.JobIph.90', 'JOB001']
['link', 'MOLCAS.1.JobIph', 'JOB002']
['rassi', 'overlap', [4, 4]]
['copy', 'MOLCAS.rassi.h5', 'MOLCAS.rassi.ovlp.1.h5']
['copy', '/project/lgagliardi/helenclifford/practice_rcc/sharc4/methaniminium/tutorial_reproduction/traj/Singlet_2/TRAJ_00010/restart/MOLCAS.3.JobIph.90', 'JOB001']
['link', 'MOLCAS.3.JobIph', 'JOB002']
['rassi', 'overlap', [3, 3]]
['copy', 'MOLCAS.rassi.h5', 'MOLCAS.rassi.ovlp.3.h5']
['link', 'MOLCAS.1.JobIph', 'JOB001']
['link', 'MOLCAS.3.JobIph', 'JOB002']
['rassi', 'soc', [4, 3]]
['copy', '$master_path/MOLCAS.1.JobIph', 'JOBOLD']
['rasscf', 1, 4, True, False]
['mclr', 0.0001, 'sala=1']
['alaska']
All jobs finished:
job: master          code: 0    runtime: 0:00:08.106024
job: grad_1_1        code: 0    runtime: 0:00:03.067477

Starting job execution
['gateway']
['seward']
['copy', '/project/lgagliardi/helenclifford/practice_rcc/sharc4/methaniminium/tutorial_reproduction/traj/Singlet_2/TRAJ_00010/restart/MOLCAS.1.JobIph.91', 'JOBOLD']
['rasscf', 1, 4, True, False]
['copy', 'MOLCAS.rasscf.h5', 'MOLCAS.1.rasscf.h5']
['copy', 'MOLCAS.JobIph', 'MOLCAS.1.JobIph']
['copy', '/project/lgagliardi/helenclifford/practice_rcc/sharc4/methaniminium/tutorial_reproduction/traj/Singlet_2/TRAJ_00010/restart/MOLCAS.3.JobIph.91', 'JOBOLD']
['rasscf', 3, 3, True, False]
['copy', 'MOLCAS.rasscf.h5', 'MOLCAS.3.rasscf.h5']
['copy', 'MOLCAS.JobIph', 'MOLCAS.3.JobIph']
['link', 'MOLCAS.1.JobIph', 'JOB001']
['rassi', 'dm', [4]]
['copy', 'MOLCAS.rassi.h5', 'MOLCAS.rassi.1.h5']
['link', 'MOLCAS.3.JobIph', 'JOB001']
['rassi', 'dm', [3]]
['copy', 'MOLCAS.rassi.h5', 'MOLCAS.rassi.3.h5']
['copy', '/project/lgagliardi/helenclifford/practice_rcc/sharc4/methaniminium/tutorial_reproduction/traj/Singlet_2/TRAJ_00010/restart/MOLCAS.1.JobIph.91', 'JOB001']
['link', 'MOLCAS.1.JobIph', 'JOB002']
['rassi', 'overlap', [4, 4]]
['copy', 'MOLCAS.rassi.h5', 'MOLCAS.rassi.ovlp.1.h5']
['copy', '/project/lgagliardi/helenclifford/practice_rcc/sharc4/methaniminium/tutorial_reproduction/traj/Singlet_2/TRAJ_00010/restart/MOLCAS.3.JobIph.91', 'JOB001']
['link', 'MOLCAS.3.JobIph', 'JOB002']
['rassi', 'overlap', [3, 3]]
['copy', 'MOLCAS.rassi.h5', 'MOLCAS.rassi.ovlp.3.h5']
['link', 'MOLCAS.1.JobIph', 'JOB001']
['link', 'MOLCAS.3.JobIph', 'JOB002']
['rassi', 'soc', [4, 3]]
['copy', '$master_path/MOLCAS.1.JobIph', 'JOBOLD']
['rasscf', 1, 4, True, False]
['mclr', 0.0001, 'sala=1']
['alaska']
All jobs finished:
job: master          code: 0    runtime: 0:00:08.190320
job: grad_1_1        code: 0    runtime: 0:00:03.067828

Starting job execution
['gateway']
['seward']
['copy', '/project/lgagliardi/helenclifford/practice_rcc/sharc4/methaniminium/tutorial_reproduction/traj/Singlet_2/TRAJ_00010/restart/MOLCAS.1.JobIph.92', 'JOBOLD']
['rasscf', 1, 4, True, False]
['copy', 'MOLCAS.rasscf.h5', 'MOLCAS.1.rasscf.h5']
['copy', 'MOLCAS.JobIph', 'MOLCAS.1.JobIph']
['copy', '/project/lgagliardi/helenclifford/practice_rcc/sharc4/methaniminium/tutorial_reproduction/traj/Singlet_2/TRAJ_00010/restart/MOLCAS.3.JobIph.92', 'JOBOLD']
['rasscf', 3, 3, True, False]
['copy', 'MOLCAS.rasscf.h5', 'MOLCAS.3.rasscf.h5']
['copy', 'MOLCAS.JobIph', 'MOLCAS.3.JobIph']
['link', 'MOLCAS.1.JobIph', 'JOB001']
['rassi', 'dm', [4]]
['copy', 'MOLCAS.rassi.h5', 'MOLCAS.rassi.1.h5']
['link', 'MOLCAS.3.JobIph', 'JOB001']
['rassi', 'dm', [3]]
['copy', 'MOLCAS.rassi.h5', 'MOLCAS.rassi.3.h5']
['copy', '/project/lgagliardi/helenclifford/practice_rcc/sharc4/methaniminium/tutorial_reproduction/traj/Singlet_2/TRAJ_00010/restart/MOLCAS.1.JobIph.92', 'JOB001']
['link', 'MOLCAS.1.JobIph', 'JOB002']
['rassi', 'overlap', [4, 4]]
['copy', 'MOLCAS.rassi.h5', 'MOLCAS.rassi.ovlp.1.h5']
['copy', '/project/lgagliardi/helenclifford/practice_rcc/sharc4/methaniminium/tutorial_reproduction/traj/Singlet_2/TRAJ_00010/restart/MOLCAS.3.JobIph.92', 'JOB001']
['link', 'MOLCAS.3.JobIph', 'JOB002']
['rassi', 'overlap', [3, 3]]
['copy', 'MOLCAS.rassi.h5', 'MOLCAS.rassi.ovlp.3.h5']
['link', 'MOLCAS.1.JobIph', 'JOB001']
['link', 'MOLCAS.3.JobIph', 'JOB002']
['rassi', 'soc', [4, 3]]
['copy', '$master_path/MOLCAS.1.JobIph', 'JOBOLD']
['rasscf', 1, 4, True, False]
['mclr', 0.0001, 'sala=1']
['alaska']
All jobs finished:
job: master          code: 0    runtime: 0:00:07.996332
job: grad_1_1        code: 0    runtime: 0:00:02.781303

Starting job execution
['gateway']
['seward']
['copy', '/project/lgagliardi/helenclifford/practice_rcc/sharc4/methaniminium/tutorial_reproduction/traj/Singlet_2/TRAJ_00010/restart/MOLCAS.1.JobIph.93', 'JOBOLD']
['rasscf', 1, 4, True, False]
['copy', 'MOLCAS.rasscf.h5', 'MOLCAS.1.rasscf.h5']
['copy', 'MOLCAS.JobIph', 'MOLCAS.1.JobIph']
['copy', '/project/lgagliardi/helenclifford/practice_rcc/sharc4/methaniminium/tutorial_reproduction/traj/Singlet_2/TRAJ_00010/restart/MOLCAS.3.JobIph.93', 'JOBOLD']
['rasscf', 3, 3, True, False]
['copy', 'MOLCAS.rasscf.h5', 'MOLCAS.3.rasscf.h5']
['copy', 'MOLCAS.JobIph', 'MOLCAS.3.JobIph']
['link', 'MOLCAS.1.JobIph', 'JOB001']
['rassi', 'dm', [4]]
['copy', 'MOLCAS.rassi.h5', 'MOLCAS.rassi.1.h5']
['link', 'MOLCAS.3.JobIph', 'JOB001']
['rassi', 'dm', [3]]
['copy', 'MOLCAS.rassi.h5', 'MOLCAS.rassi.3.h5']
['copy', '/project/lgagliardi/helenclifford/practice_rcc/sharc4/methaniminium/tutorial_reproduction/traj/Singlet_2/TRAJ_00010/restart/MOLCAS.1.JobIph.93', 'JOB001']
['link', 'MOLCAS.1.JobIph', 'JOB002']
['rassi', 'overlap', [4, 4]]
['copy', 'MOLCAS.rassi.h5', 'MOLCAS.rassi.ovlp.1.h5']
['copy', '/project/lgagliardi/helenclifford/practice_rcc/sharc4/methaniminium/tutorial_reproduction/traj/Singlet_2/TRAJ_00010/restart/MOLCAS.3.JobIph.93', 'JOB001']
['link', 'MOLCAS.3.JobIph', 'JOB002']
['rassi', 'overlap', [3, 3]]
['copy', 'MOLCAS.rassi.h5', 'MOLCAS.rassi.ovlp.3.h5']
['link', 'MOLCAS.1.JobIph', 'JOB001']
['link', 'MOLCAS.3.JobIph', 'JOB002']
['rassi', 'soc', [4, 3]]
['copy', '$master_path/MOLCAS.1.JobIph', 'JOBOLD']
['rasscf', 1, 4, True, False]
['mclr', 0.0001, 'sala=1']
['alaska']
All jobs finished:
job: master          code: 0    runtime: 0:00:07.713737
job: grad_1_1        code: 0    runtime: 0:00:02.870518

Starting job execution
['gateway']
['seward']
['copy', '/project/lgagliardi/helenclifford/practice_rcc/sharc4/methaniminium/tutorial_reproduction/traj/Singlet_2/TRAJ_00010/restart/MOLCAS.1.JobIph.94', 'JOBOLD']
['rasscf', 1, 4, True, False]
['copy', 'MOLCAS.rasscf.h5', 'MOLCAS.1.rasscf.h5']
['copy', 'MOLCAS.JobIph', 'MOLCAS.1.JobIph']
['copy', '/project/lgagliardi/helenclifford/practice_rcc/sharc4/methaniminium/tutorial_reproduction/traj/Singlet_2/TRAJ_00010/restart/MOLCAS.3.JobIph.94', 'JOBOLD']
['rasscf', 3, 3, True, False]
['copy', 'MOLCAS.rasscf.h5', 'MOLCAS.3.rasscf.h5']
['copy', 'MOLCAS.JobIph', 'MOLCAS.3.JobIph']
['link', 'MOLCAS.1.JobIph', 'JOB001']
['rassi', 'dm', [4]]
['copy', 'MOLCAS.rassi.h5', 'MOLCAS.rassi.1.h5']
['link', 'MOLCAS.3.JobIph', 'JOB001']
['rassi', 'dm', [3]]
['copy', 'MOLCAS.rassi.h5', 'MOLCAS.rassi.3.h5']
['copy', '/project/lgagliardi/helenclifford/practice_rcc/sharc4/methaniminium/tutorial_reproduction/traj/Singlet_2/TRAJ_00010/restart/MOLCAS.1.JobIph.94', 'JOB001']
['link', 'MOLCAS.1.JobIph', 'JOB002']
['rassi', 'overlap', [4, 4]]
['copy', 'MOLCAS.rassi.h5', 'MOLCAS.rassi.ovlp.1.h5']
['copy', '/project/lgagliardi/helenclifford/practice_rcc/sharc4/methaniminium/tutorial_reproduction/traj/Singlet_2/TRAJ_00010/restart/MOLCAS.3.JobIph.94', 'JOB001']
['link', 'MOLCAS.3.JobIph', 'JOB002']
['rassi', 'overlap', [3, 3]]
['copy', 'MOLCAS.rassi.h5', 'MOLCAS.rassi.ovlp.3.h5']
['link', 'MOLCAS.1.JobIph', 'JOB001']
['link', 'MOLCAS.3.JobIph', 'JOB002']
['rassi', 'soc', [4, 3]]
['copy', '$master_path/MOLCAS.1.JobIph', 'JOBOLD']
['rasscf', 1, 4, True, False]
['mclr', 0.0001, 'sala=1']
['alaska']
All jobs finished:
job: master          code: 0    runtime: 0:00:08.027603
job: grad_1_1        code: 0    runtime: 0:00:02.837553

Starting job execution
['gateway']
['seward']
['copy', '/project/lgagliardi/helenclifford/practice_rcc/sharc4/methaniminium/tutorial_reproduction/traj/Singlet_2/TRAJ_00010/restart/MOLCAS.1.JobIph.95', 'JOBOLD']
['rasscf', 1, 4, True, False]
['copy', 'MOLCAS.rasscf.h5', 'MOLCAS.1.rasscf.h5']
['copy', 'MOLCAS.JobIph', 'MOLCAS.1.JobIph']
['copy', '/project/lgagliardi/helenclifford/practice_rcc/sharc4/methaniminium/tutorial_reproduction/traj/Singlet_2/TRAJ_00010/restart/MOLCAS.3.JobIph.95', 'JOBOLD']
['rasscf', 3, 3, True, False]
['copy', 'MOLCAS.rasscf.h5', 'MOLCAS.3.rasscf.h5']
['copy', 'MOLCAS.JobIph', 'MOLCAS.3.JobIph']
['link', 'MOLCAS.1.JobIph', 'JOB001']
['rassi', 'dm', [4]]
['copy', 'MOLCAS.rassi.h5', 'MOLCAS.rassi.1.h5']
['link', 'MOLCAS.3.JobIph', 'JOB001']
['rassi', 'dm', [3]]
['copy', 'MOLCAS.rassi.h5', 'MOLCAS.rassi.3.h5']
['copy', '/project/lgagliardi/helenclifford/practice_rcc/sharc4/methaniminium/tutorial_reproduction/traj/Singlet_2/TRAJ_00010/restart/MOLCAS.1.JobIph.95', 'JOB001']
['link', 'MOLCAS.1.JobIph', 'JOB002']
['rassi', 'overlap', [4, 4]]
['copy', 'MOLCAS.rassi.h5', 'MOLCAS.rassi.ovlp.1.h5']
['copy', '/project/lgagliardi/helenclifford/practice_rcc/sharc4/methaniminium/tutorial_reproduction/traj/Singlet_2/TRAJ_00010/restart/MOLCAS.3.JobIph.95', 'JOB001']
['link', 'MOLCAS.3.JobIph', 'JOB002']
['rassi', 'overlap', [3, 3]]
['copy', 'MOLCAS.rassi.h5', 'MOLCAS.rassi.ovlp.3.h5']
['link', 'MOLCAS.1.JobIph', 'JOB001']
['link', 'MOLCAS.3.JobIph', 'JOB002']
['rassi', 'soc', [4, 3]]
['copy', '$master_path/MOLCAS.1.JobIph', 'JOBOLD']
['rasscf', 1, 4, True, False]
['mclr', 0.0001, 'sala=1']
['alaska']
All jobs finished:
job: master          code: 0    runtime: 0:00:07.803666
job: grad_1_1        code: 0    runtime: 0:00:02.925813

Starting job execution
['gateway']
['seward']
['copy', '/project/lgagliardi/helenclifford/practice_rcc/sharc4/methaniminium/tutorial_reproduction/traj/Singlet_2/TRAJ_00010/restart/MOLCAS.1.JobIph.96', 'JOBOLD']
['rasscf', 1, 4, True, False]
['copy', 'MOLCAS.rasscf.h5', 'MOLCAS.1.rasscf.h5']
['copy', 'MOLCAS.JobIph', 'MOLCAS.1.JobIph']
['copy', '/project/lgagliardi/helenclifford/practice_rcc/sharc4/methaniminium/tutorial_reproduction/traj/Singlet_2/TRAJ_00010/restart/MOLCAS.3.JobIph.96', 'JOBOLD']
['rasscf', 3, 3, True, False]
['copy', 'MOLCAS.rasscf.h5', 'MOLCAS.3.rasscf.h5']
['copy', 'MOLCAS.JobIph', 'MOLCAS.3.JobIph']
['link', 'MOLCAS.1.JobIph', 'JOB001']
['rassi', 'dm', [4]]
['copy', 'MOLCAS.rassi.h5', 'MOLCAS.rassi.1.h5']
['link', 'MOLCAS.3.JobIph', 'JOB001']
['rassi', 'dm', [3]]
['copy', 'MOLCAS.rassi.h5', 'MOLCAS.rassi.3.h5']
['copy', '/project/lgagliardi/helenclifford/practice_rcc/sharc4/methaniminium/tutorial_reproduction/traj/Singlet_2/TRAJ_00010/restart/MOLCAS.1.JobIph.95', 'JOB001']
['link', 'MOLCAS.1.JobIph', 'JOB002']
['rassi', 'overlap', [4, 4]]
['copy', 'MOLCAS.rassi.h5', 'MOLCAS.rassi.ovlp.1.h5']
['copy', '/project/lgagliardi/helenclifford/practice_rcc/sharc4/methaniminium/tutorial_reproduction/traj/Singlet_2/TRAJ_00010/restart/MOLCAS.3.JobIph.95', 'JOB001']
['link', 'MOLCAS.3.JobIph', 'JOB002']
['rassi', 'overlap', [3, 3]]
['copy', 'MOLCAS.rassi.h5', 'MOLCAS.rassi.ovlp.3.h5']
['link', 'MOLCAS.1.JobIph', 'JOB001']
['link', 'MOLCAS.3.JobIph', 'JOB002']
['rassi', 'soc', [4, 3]]
['copy', '$master_path/MOLCAS.3.JobIph', 'JOBOLD']
['rasscf', 3, 3, True, False]
['mclr', 0.0001, 'sala=1']
['alaska']
['copy', '$master_path/MOLCAS.1.JobIph', 'JOBOLD']
['rasscf', 1, 4, True, False]
['mclr', 0.0001, 'sala=1']
['alaska']
All jobs finished:
job: master          code: 0    runtime: 0:00:06.437745
job: grad_3_1        code: 0    runtime: 0:00:02.799867
job: grad_1_1        code: 0    runtime: 0:00:03.066780

Starting job execution
['gateway']
['seward']
['copy', '/project/lgagliardi/helenclifford/practice_rcc/sharc4/methaniminium/tutorial_reproduction/traj/Singlet_2/TRAJ_00010/restart/MOLCAS.1.JobIph.96', 'JOBOLD']
['rasscf', 1, 4, True, False]
['copy', 'MOLCAS.rasscf.h5', 'MOLCAS.1.rasscf.h5']
['copy', 'MOLCAS.JobIph', 'MOLCAS.1.JobIph']
['copy', '/project/lgagliardi/helenclifford/practice_rcc/sharc4/methaniminium/tutorial_reproduction/traj/Singlet_2/TRAJ_00010/restart/MOLCAS.3.JobIph.96', 'JOBOLD']
['rasscf', 3, 3, True, False]
['copy', 'MOLCAS.rasscf.h5', 'MOLCAS.3.rasscf.h5']
['copy', 'MOLCAS.JobIph', 'MOLCAS.3.JobIph']
['link', 'MOLCAS.1.JobIph', 'JOB001']
['rassi', 'dm', [4]]
['copy', 'MOLCAS.rassi.h5', 'MOLCAS.rassi.1.h5']
['link', 'MOLCAS.3.JobIph', 'JOB001']
['rassi', 'dm', [3]]
['copy', 'MOLCAS.rassi.h5', 'MOLCAS.rassi.3.h5']
['copy', '/project/lgagliardi/helenclifford/practice_rcc/sharc4/methaniminium/tutorial_reproduction/traj/Singlet_2/TRAJ_00010/restart/MOLCAS.1.JobIph.96', 'JOB001']
['link', 'MOLCAS.1.JobIph', 'JOB002']
['rassi', 'overlap', [4, 4]]
['copy', 'MOLCAS.rassi.h5', 'MOLCAS.rassi.ovlp.1.h5']
['copy', '/project/lgagliardi/helenclifford/practice_rcc/sharc4/methaniminium/tutorial_reproduction/traj/Singlet_2/TRAJ_00010/restart/MOLCAS.3.JobIph.96', 'JOB001']
['link', 'MOLCAS.3.JobIph', 'JOB002']
['rassi', 'overlap', [3, 3]]
['copy', 'MOLCAS.rassi.h5', 'MOLCAS.rassi.ovlp.3.h5']
['link', 'MOLCAS.1.JobIph', 'JOB001']
['link', 'MOLCAS.3.JobIph', 'JOB002']
['rassi', 'soc', [4, 3]]
['copy', '$master_path/MOLCAS.3.JobIph', 'JOBOLD']
['rasscf', 3, 3, True, False]
['mclr', 0.0001, 'sala=1']
['alaska']
['copy', '$master_path/MOLCAS.1.JobIph', 'JOBOLD']
['rasscf', 1, 4, True, False]
['mclr', 0.0001, 'sala=1']
['alaska']
All jobs finished:
job: master          code: 0    runtime: 0:00:07.901805
job: grad_3_1        code: 0    runtime: 0:00:02.643917
job: grad_1_1        code: 0    runtime: 0:00:03.556942

Starting job execution
['gateway']
['seward']
['copy', '/project/lgagliardi/helenclifford/practice_rcc/sharc4/methaniminium/tutorial_reproduction/traj/Singlet_2/TRAJ_00010/restart/MOLCAS.1.JobIph.97', 'JOBOLD']
['rasscf', 1, 4, True, False]
['copy', 'MOLCAS.rasscf.h5', 'MOLCAS.1.rasscf.h5']
['copy', 'MOLCAS.JobIph', 'MOLCAS.1.JobIph']
['copy', '/project/lgagliardi/helenclifford/practice_rcc/sharc4/methaniminium/tutorial_reproduction/traj/Singlet_2/TRAJ_00010/restart/MOLCAS.3.JobIph.97', 'JOBOLD']
['rasscf', 3, 3, True, False]
['copy', 'MOLCAS.rasscf.h5', 'MOLCAS.3.rasscf.h5']
['copy', 'MOLCAS.JobIph', 'MOLCAS.3.JobIph']
['link', 'MOLCAS.1.JobIph', 'JOB001']
['rassi', 'dm', [4]]
['copy', 'MOLCAS.rassi.h5', 'MOLCAS.rassi.1.h5']
['link', 'MOLCAS.3.JobIph', 'JOB001']
['rassi', 'dm', [3]]
['copy', 'MOLCAS.rassi.h5', 'MOLCAS.rassi.3.h5']
['copy', '/project/lgagliardi/helenclifford/practice_rcc/sharc4/methaniminium/tutorial_reproduction/traj/Singlet_2/TRAJ_00010/restart/MOLCAS.1.JobIph.97', 'JOB001']
['link', 'MOLCAS.1.JobIph', 'JOB002']
['rassi', 'overlap', [4, 4]]
['copy', 'MOLCAS.rassi.h5', 'MOLCAS.rassi.ovlp.1.h5']
['copy', '/project/lgagliardi/helenclifford/practice_rcc/sharc4/methaniminium/tutorial_reproduction/traj/Singlet_2/TRAJ_00010/restart/MOLCAS.3.JobIph.97', 'JOB001']
['link', 'MOLCAS.3.JobIph', 'JOB002']
['rassi', 'overlap', [3, 3]]
['copy', 'MOLCAS.rassi.h5', 'MOLCAS.rassi.ovlp.3.h5']
['link', 'MOLCAS.1.JobIph', 'JOB001']
['link', 'MOLCAS.3.JobIph', 'JOB002']
['rassi', 'soc', [4, 3]]
['copy', '$master_path/MOLCAS.3.JobIph', 'JOBOLD']
['rasscf', 3, 3, True, False]
['mclr', 0.0001, 'sala=1']
['alaska']
['copy', '$master_path/MOLCAS.1.JobIph', 'JOBOLD']
['rasscf', 1, 4, True, False]
['mclr', 0.0001, 'sala=1']
['alaska']
All jobs finished:
job: master          code: 0    runtime: 0:00:07.568004
job: grad_3_1        code: 0    runtime: 0:00:02.967815
job: grad_1_1        code: 0    runtime: 0:00:02.784108

Starting job execution
['gateway']
['seward']
['copy', '/project/lgagliardi/helenclifford/practice_rcc/sharc4/methaniminium/tutorial_reproduction/traj/Singlet_2/TRAJ_00010/restart/MOLCAS.1.JobIph.98', 'JOBOLD']
['rasscf', 1, 4, True, False]
['copy', 'MOLCAS.rasscf.h5', 'MOLCAS.1.rasscf.h5']
['copy', 'MOLCAS.JobIph', 'MOLCAS.1.JobIph']
['copy', '/project/lgagliardi/helenclifford/practice_rcc/sharc4/methaniminium/tutorial_reproduction/traj/Singlet_2/TRAJ_00010/restart/MOLCAS.3.JobIph.98', 'JOBOLD']
['rasscf', 3, 3, True, False]
['copy', 'MOLCAS.rasscf.h5', 'MOLCAS.3.rasscf.h5']
['copy', 'MOLCAS.JobIph', 'MOLCAS.3.JobIph']
['link', 'MOLCAS.1.JobIph', 'JOB001']
['rassi', 'dm', [4]]
['copy', 'MOLCAS.rassi.h5', 'MOLCAS.rassi.1.h5']
['link', 'MOLCAS.3.JobIph', 'JOB001']
['rassi', 'dm', [3]]
['copy', 'MOLCAS.rassi.h5', 'MOLCAS.rassi.3.h5']
['copy', '/project/lgagliardi/helenclifford/practice_rcc/sharc4/methaniminium/tutorial_reproduction/traj/Singlet_2/TRAJ_00010/restart/MOLCAS.1.JobIph.98', 'JOB001']
['link', 'MOLCAS.1.JobIph', 'JOB002']
['rassi', 'overlap', [4, 4]]
['copy', 'MOLCAS.rassi.h5', 'MOLCAS.rassi.ovlp.1.h5']
['copy', '/project/lgagliardi/helenclifford/practice_rcc/sharc4/methaniminium/tutorial_reproduction/traj/Singlet_2/TRAJ_00010/restart/MOLCAS.3.JobIph.98', 'JOB001']
['link', 'MOLCAS.3.JobIph', 'JOB002']
['rassi', 'overlap', [3, 3]]
['copy', 'MOLCAS.rassi.h5', 'MOLCAS.rassi.ovlp.3.h5']
['link', 'MOLCAS.1.JobIph', 'JOB001']
['link', 'MOLCAS.3.JobIph', 'JOB002']
['rassi', 'soc', [4, 3]]
['copy', '$master_path/MOLCAS.3.JobIph', 'JOBOLD']
['rasscf', 3, 3, True, False]
['mclr', 0.0001, 'sala=1']
['alaska']
['copy', '$master_path/MOLCAS.1.JobIph', 'JOBOLD']
['rasscf', 1, 4, True, False]
['mclr', 0.0001, 'sala=1']
['alaska']
All jobs finished:
job: master          code: 0    runtime: 0:00:07.575863
job: grad_3_1        code: 0    runtime: 0:00:02.608516
job: grad_1_1        code: 0    runtime: 0:00:03.017156

Starting job execution
['gateway']
['seward']
['copy', '/project/lgagliardi/helenclifford/practice_rcc/sharc4/methaniminium/tutorial_reproduction/traj/Singlet_2/TRAJ_00010/restart/MOLCAS.1.JobIph.99', 'JOBOLD']
['rasscf', 1, 4, True, False]
['copy', 'MOLCAS.rasscf.h5', 'MOLCAS.1.rasscf.h5']
['copy', 'MOLCAS.JobIph', 'MOLCAS.1.JobIph']
['copy', '/project/lgagliardi/helenclifford/practice_rcc/sharc4/methaniminium/tutorial_reproduction/traj/Singlet_2/TRAJ_00010/restart/MOLCAS.3.JobIph.99', 'JOBOLD']
['rasscf', 3, 3, True, False]
['copy', 'MOLCAS.rasscf.h5', 'MOLCAS.3.rasscf.h5']
['copy', 'MOLCAS.JobIph', 'MOLCAS.3.JobIph']
['link', 'MOLCAS.1.JobIph', 'JOB001']
['rassi', 'dm', [4]]
['copy', 'MOLCAS.rassi.h5', 'MOLCAS.rassi.1.h5']
['link', 'MOLCAS.3.JobIph', 'JOB001']
['rassi', 'dm', [3]]
['copy', 'MOLCAS.rassi.h5', 'MOLCAS.rassi.3.h5']
['copy', '/project/lgagliardi/helenclifford/practice_rcc/sharc4/methaniminium/tutorial_reproduction/traj/Singlet_2/TRAJ_00010/restart/MOLCAS.1.JobIph.99', 'JOB001']
['link', 'MOLCAS.1.JobIph', 'JOB002']
['rassi', 'overlap', [4, 4]]
['copy', 'MOLCAS.rassi.h5', 'MOLCAS.rassi.ovlp.1.h5']
['copy', '/project/lgagliardi/helenclifford/practice_rcc/sharc4/methaniminium/tutorial_reproduction/traj/Singlet_2/TRAJ_00010/restart/MOLCAS.3.JobIph.99', 'JOB001']
['link', 'MOLCAS.3.JobIph', 'JOB002']
['rassi', 'overlap', [3, 3]]
['copy', 'MOLCAS.rassi.h5', 'MOLCAS.rassi.ovlp.3.h5']
['link', 'MOLCAS.1.JobIph', 'JOB001']
['link', 'MOLCAS.3.JobIph', 'JOB002']
['rassi', 'soc', [4, 3]]
['copy', '$master_path/MOLCAS.3.JobIph', 'JOBOLD']
['rasscf', 3, 3, True, False]
['mclr', 0.0001, 'sala=1']
['alaska']
['copy', '$master_path/MOLCAS.1.JobIph', 'JOBOLD']
['rasscf', 1, 4, True, False]
['mclr', 0.0001, 'sala=1']
['alaska']
All jobs finished:
job: master          code: 0    runtime: 0:00:09.178654
job: grad_3_1        code: 0    runtime: 0:00:02.959885
job: grad_1_1        code: 0    runtime: 0:00:02.970772

Starting job execution
['gateway']
['seward']
['copy', '/project/lgagliardi/helenclifford/practice_rcc/sharc4/methaniminium/tutorial_reproduction/traj/Singlet_2/TRAJ_00010/restart/MOLCAS.1.JobIph.100', 'JOBOLD']
['rasscf', 1, 4, True, False]
['copy', 'MOLCAS.rasscf.h5', 'MOLCAS.1.rasscf.h5']
['copy', 'MOLCAS.JobIph', 'MOLCAS.1.JobIph']
['copy', '/project/lgagliardi/helenclifford/practice_rcc/sharc4/methaniminium/tutorial_reproduction/traj/Singlet_2/TRAJ_00010/restart/MOLCAS.3.JobIph.100', 'JOBOLD']
['rasscf', 3, 3, True, False]
['copy', 'MOLCAS.rasscf.h5', 'MOLCAS.3.rasscf.h5']
['copy', 'MOLCAS.JobIph', 'MOLCAS.3.JobIph']
['link', 'MOLCAS.1.JobIph', 'JOB001']
['rassi', 'dm', [4]]
['copy', 'MOLCAS.rassi.h5', 'MOLCAS.rassi.1.h5']
['link', 'MOLCAS.3.JobIph', 'JOB001']
['rassi', 'dm', [3]]
['copy', 'MOLCAS.rassi.h5', 'MOLCAS.rassi.3.h5']
['copy', '/project/lgagliardi/helenclifford/practice_rcc/sharc4/methaniminium/tutorial_reproduction/traj/Singlet_2/TRAJ_00010/restart/MOLCAS.1.JobIph.100', 'JOB001']
['link', 'MOLCAS.1.JobIph', 'JOB002']
['rassi', 'overlap', [4, 4]]
['copy', 'MOLCAS.rassi.h5', 'MOLCAS.rassi.ovlp.1.h5']
['copy', '/project/lgagliardi/helenclifford/practice_rcc/sharc4/methaniminium/tutorial_reproduction/traj/Singlet_2/TRAJ_00010/restart/MOLCAS.3.JobIph.100', 'JOB001']
['link', 'MOLCAS.3.JobIph', 'JOB002']
['rassi', 'overlap', [3, 3]]
['copy', 'MOLCAS.rassi.h5', 'MOLCAS.rassi.ovlp.3.h5']
['link', 'MOLCAS.1.JobIph', 'JOB001']
['link', 'MOLCAS.3.JobIph', 'JOB002']
['rassi', 'soc', [4, 3]]
['copy', '$master_path/MOLCAS.3.JobIph', 'JOBOLD']
['rasscf', 3, 3, True, False]
['mclr', 0.0001, 'sala=1']
['alaska']
['copy', '$master_path/MOLCAS.1.JobIph', 'JOBOLD']
['rasscf', 1, 4, True, False]
['mclr', 0.0001, 'sala=1']
['alaska']
All jobs finished:
job: master          code: 0    runtime: 0:00:08.627686
job: grad_3_1        code: 0    runtime: 0:00:02.800512
job: grad_1_1        code: 0    runtime: 0:00:03.041125

Starting job execution
['gateway']
['seward']
['copy', '/project/lgagliardi/helenclifford/practice_rcc/sharc4/methaniminium/tutorial_reproduction/traj/Singlet_2/TRAJ_00010/restart/MOLCAS.1.JobIph.101', 'JOBOLD']
['rasscf', 1, 4, True, False]
['copy', 'MOLCAS.rasscf.h5', 'MOLCAS.1.rasscf.h5']
['copy', 'MOLCAS.JobIph', 'MOLCAS.1.JobIph']
['copy', '/project/lgagliardi/helenclifford/practice_rcc/sharc4/methaniminium/tutorial_reproduction/traj/Singlet_2/TRAJ_00010/restart/MOLCAS.3.JobIph.101', 'JOBOLD']
['rasscf', 3, 3, True, False]
['copy', 'MOLCAS.rasscf.h5', 'MOLCAS.3.rasscf.h5']
['copy', 'MOLCAS.JobIph', 'MOLCAS.3.JobIph']
['link', 'MOLCAS.1.JobIph', 'JOB001']
['rassi', 'dm', [4]]
['copy', 'MOLCAS.rassi.h5', 'MOLCAS.rassi.1.h5']
['link', 'MOLCAS.3.JobIph', 'JOB001']
['rassi', 'dm', [3]]
['copy', 'MOLCAS.rassi.h5', 'MOLCAS.rassi.3.h5']
['copy', '/project/lgagliardi/helenclifford/practice_rcc/sharc4/methaniminium/tutorial_reproduction/traj/Singlet_2/TRAJ_00010/restart/MOLCAS.1.JobIph.101', 'JOB001']
['link', 'MOLCAS.1.JobIph', 'JOB002']
['rassi', 'overlap', [4, 4]]
['copy', 'MOLCAS.rassi.h5', 'MOLCAS.rassi.ovlp.1.h5']
['copy', '/project/lgagliardi/helenclifford/practice_rcc/sharc4/methaniminium/tutorial_reproduction/traj/Singlet_2/TRAJ_00010/restart/MOLCAS.3.JobIph.101', 'JOB001']
['link', 'MOLCAS.3.JobIph', 'JOB002']
['rassi', 'overlap', [3, 3]]
['copy', 'MOLCAS.rassi.h5', 'MOLCAS.rassi.ovlp.3.h5']
['link', 'MOLCAS.1.JobIph', 'JOB001']
['link', 'MOLCAS.3.JobIph', 'JOB002']
['rassi', 'soc', [4, 3]]
['copy', '$master_path/MOLCAS.3.JobIph', 'JOBOLD']
['rasscf', 3, 3, True, False]
['mclr', 0.0001, 'sala=1']
['alaska']
['copy', '$master_path/MOLCAS.1.JobIph', 'JOBOLD']
['rasscf', 1, 4, True, False]
['mclr', 0.0001, 'sala=1']
['alaska']
All jobs finished:
job: master          code: 0    runtime: 0:00:07.962972
job: grad_3_1        code: 0    runtime: 0:00:02.644061
job: grad_1_1        code: 0    runtime: 0:00:02.811656

Starting job execution
['gateway']
['seward']
['copy', '/project/lgagliardi/helenclifford/practice_rcc/sharc4/methaniminium/tutorial_reproduction/traj/Singlet_2/TRAJ_00010/restart/MOLCAS.1.JobIph.102', 'JOBOLD']
['rasscf', 1, 4, True, False]
['copy', 'MOLCAS.rasscf.h5', 'MOLCAS.1.rasscf.h5']
['copy', 'MOLCAS.JobIph', 'MOLCAS.1.JobIph']
['copy', '/project/lgagliardi/helenclifford/practice_rcc/sharc4/methaniminium/tutorial_reproduction/traj/Singlet_2/TRAJ_00010/restart/MOLCAS.3.JobIph.102', 'JOBOLD']
['rasscf', 3, 3, True, False]
['copy', 'MOLCAS.rasscf.h5', 'MOLCAS.3.rasscf.h5']
['copy', 'MOLCAS.JobIph', 'MOLCAS.3.JobIph']
['link', 'MOLCAS.1.JobIph', 'JOB001']
['rassi', 'dm', [4]]
['copy', 'MOLCAS.rassi.h5', 'MOLCAS.rassi.1.h5']
['link', 'MOLCAS.3.JobIph', 'JOB001']
['rassi', 'dm', [3]]
['copy', 'MOLCAS.rassi.h5', 'MOLCAS.rassi.3.h5']
['copy', '/project/lgagliardi/helenclifford/practice_rcc/sharc4/methaniminium/tutorial_reproduction/traj/Singlet_2/TRAJ_00010/restart/MOLCAS.1.JobIph.102', 'JOB001']
['link', 'MOLCAS.1.JobIph', 'JOB002']
['rassi', 'overlap', [4, 4]]
['copy', 'MOLCAS.rassi.h5', 'MOLCAS.rassi.ovlp.1.h5']
['copy', '/project/lgagliardi/helenclifford/practice_rcc/sharc4/methaniminium/tutorial_reproduction/traj/Singlet_2/TRAJ_00010/restart/MOLCAS.3.JobIph.102', 'JOB001']
['link', 'MOLCAS.3.JobIph', 'JOB002']
['rassi', 'overlap', [3, 3]]
['copy', 'MOLCAS.rassi.h5', 'MOLCAS.rassi.ovlp.3.h5']
['link', 'MOLCAS.1.JobIph', 'JOB001']
['link', 'MOLCAS.3.JobIph', 'JOB002']
['rassi', 'soc', [4, 3]]
['copy', '$master_path/MOLCAS.3.JobIph', 'JOBOLD']
['rasscf', 3, 3, True, False]
['mclr', 0.0001, 'sala=1']
['alaska']
['copy', '$master_path/MOLCAS.1.JobIph', 'JOBOLD']
['rasscf', 1, 4, True, False]
['mclr', 0.0001, 'sala=1']
['alaska']
All jobs finished:
job: master          code: 0    runtime: 0:00:08.098647
job: grad_3_1        code: 0    runtime: 0:00:02.674812
job: grad_1_1        code: 0    runtime: 0:00:02.848050

Starting job execution
['gateway']
['seward']
['copy', '/project/lgagliardi/helenclifford/practice_rcc/sharc4/methaniminium/tutorial_reproduction/traj/Singlet_2/TRAJ_00010/restart/MOLCAS.1.JobIph.103', 'JOBOLD']
['rasscf', 1, 4, True, False]
['copy', 'MOLCAS.rasscf.h5', 'MOLCAS.1.rasscf.h5']
['copy', 'MOLCAS.JobIph', 'MOLCAS.1.JobIph']
['copy', '/project/lgagliardi/helenclifford/practice_rcc/sharc4/methaniminium/tutorial_reproduction/traj/Singlet_2/TRAJ_00010/restart/MOLCAS.3.JobIph.103', 'JOBOLD']
['rasscf', 3, 3, True, False]
['copy', 'MOLCAS.rasscf.h5', 'MOLCAS.3.rasscf.h5']
['copy', 'MOLCAS.JobIph', 'MOLCAS.3.JobIph']
['link', 'MOLCAS.1.JobIph', 'JOB001']
['rassi', 'dm', [4]]
['copy', 'MOLCAS.rassi.h5', 'MOLCAS.rassi.1.h5']
['link', 'MOLCAS.3.JobIph', 'JOB001']
['rassi', 'dm', [3]]
['copy', 'MOLCAS.rassi.h5', 'MOLCAS.rassi.3.h5']
['copy', '/project/lgagliardi/helenclifford/practice_rcc/sharc4/methaniminium/tutorial_reproduction/traj/Singlet_2/TRAJ_00010/restart/MOLCAS.1.JobIph.103', 'JOB001']
['link', 'MOLCAS.1.JobIph', 'JOB002']
['rassi', 'overlap', [4, 4]]
['copy', 'MOLCAS.rassi.h5', 'MOLCAS.rassi.ovlp.1.h5']
['copy', '/project/lgagliardi/helenclifford/practice_rcc/sharc4/methaniminium/tutorial_reproduction/traj/Singlet_2/TRAJ_00010/restart/MOLCAS.3.JobIph.103', 'JOB001']
['link', 'MOLCAS.3.JobIph', 'JOB002']
['rassi', 'overlap', [3, 3]]
['copy', 'MOLCAS.rassi.h5', 'MOLCAS.rassi.ovlp.3.h5']
['link', 'MOLCAS.1.JobIph', 'JOB001']
['link', 'MOLCAS.3.JobIph', 'JOB002']
['rassi', 'soc', [4, 3]]
['copy', '$master_path/MOLCAS.1.JobIph', 'JOBOLD']
['rasscf', 1, 4, True, False]
['mclr', 0.0001, 'sala=1']
['alaska']
All jobs finished:
job: master          code: 0    runtime: 0:00:08.294675
job: grad_1_1        code: 0    runtime: 0:00:03.411776

Starting job execution
['gateway']
['seward']
['copy', '/project/lgagliardi/helenclifford/practice_rcc/sharc4/methaniminium/tutorial_reproduction/traj/Singlet_2/TRAJ_00010/restart/MOLCAS.1.JobIph.104', 'JOBOLD']
['rasscf', 1, 4, True, False]
['copy', 'MOLCAS.rasscf.h5', 'MOLCAS.1.rasscf.h5']
['copy', 'MOLCAS.JobIph', 'MOLCAS.1.JobIph']
['copy', '/project/lgagliardi/helenclifford/practice_rcc/sharc4/methaniminium/tutorial_reproduction/traj/Singlet_2/TRAJ_00010/restart/MOLCAS.3.JobIph.104', 'JOBOLD']
['rasscf', 3, 3, True, False]
['copy', 'MOLCAS.rasscf.h5', 'MOLCAS.3.rasscf.h5']
['copy', 'MOLCAS.JobIph', 'MOLCAS.3.JobIph']
['link', 'MOLCAS.1.JobIph', 'JOB001']
['rassi', 'dm', [4]]
['copy', 'MOLCAS.rassi.h5', 'MOLCAS.rassi.1.h5']
['link', 'MOLCAS.3.JobIph', 'JOB001']
['rassi', 'dm', [3]]
['copy', 'MOLCAS.rassi.h5', 'MOLCAS.rassi.3.h5']
['copy', '/project/lgagliardi/helenclifford/practice_rcc/sharc4/methaniminium/tutorial_reproduction/traj/Singlet_2/TRAJ_00010/restart/MOLCAS.1.JobIph.104', 'JOB001']
['link', 'MOLCAS.1.JobIph', 'JOB002']
['rassi', 'overlap', [4, 4]]
['copy', 'MOLCAS.rassi.h5', 'MOLCAS.rassi.ovlp.1.h5']
['copy', '/project/lgagliardi/helenclifford/practice_rcc/sharc4/methaniminium/tutorial_reproduction/traj/Singlet_2/TRAJ_00010/restart/MOLCAS.3.JobIph.104', 'JOB001']
['link', 'MOLCAS.3.JobIph', 'JOB002']
['rassi', 'overlap', [3, 3]]
['copy', 'MOLCAS.rassi.h5', 'MOLCAS.rassi.ovlp.3.h5']
['link', 'MOLCAS.1.JobIph', 'JOB001']
['link', 'MOLCAS.3.JobIph', 'JOB002']
['rassi', 'soc', [4, 3]]
['copy', '$master_path/MOLCAS.1.JobIph', 'JOBOLD']
['rasscf', 1, 4, True, False]
['mclr', 0.0001, 'sala=1']
['alaska']
All jobs finished:
job: master          code: 0    runtime: 0:00:08.337782
job: grad_1_1        code: 0    runtime: 0:00:02.913972

Starting job execution
['gateway']
['seward']
['copy', '/project/lgagliardi/helenclifford/practice_rcc/sharc4/methaniminium/tutorial_reproduction/traj/Singlet_2/TRAJ_00010/restart/MOLCAS.1.JobIph.105', 'JOBOLD']
['rasscf', 1, 4, True, False]
['copy', 'MOLCAS.rasscf.h5', 'MOLCAS.1.rasscf.h5']
['copy', 'MOLCAS.JobIph', 'MOLCAS.1.JobIph']
['copy', '/project/lgagliardi/helenclifford/practice_rcc/sharc4/methaniminium/tutorial_reproduction/traj/Singlet_2/TRAJ_00010/restart/MOLCAS.3.JobIph.105', 'JOBOLD']
['rasscf', 3, 3, True, False]
['copy', 'MOLCAS.rasscf.h5', 'MOLCAS.3.rasscf.h5']
['copy', 'MOLCAS.JobIph', 'MOLCAS.3.JobIph']
['link', 'MOLCAS.1.JobIph', 'JOB001']
['rassi', 'dm', [4]]
['copy', 'MOLCAS.rassi.h5', 'MOLCAS.rassi.1.h5']
['link', 'MOLCAS.3.JobIph', 'JOB001']
['rassi', 'dm', [3]]
['copy', 'MOLCAS.rassi.h5', 'MOLCAS.rassi.3.h5']
['copy', '/project/lgagliardi/helenclifford/practice_rcc/sharc4/methaniminium/tutorial_reproduction/traj/Singlet_2/TRAJ_00010/restart/MOLCAS.1.JobIph.105', 'JOB001']
['link', 'MOLCAS.1.JobIph', 'JOB002']
['rassi', 'overlap', [4, 4]]
['copy', 'MOLCAS.rassi.h5', 'MOLCAS.rassi.ovlp.1.h5']
['copy', '/project/lgagliardi/helenclifford/practice_rcc/sharc4/methaniminium/tutorial_reproduction/traj/Singlet_2/TRAJ_00010/restart/MOLCAS.3.JobIph.105', 'JOB001']
['link', 'MOLCAS.3.JobIph', 'JOB002']
['rassi', 'overlap', [3, 3]]
['copy', 'MOLCAS.rassi.h5', 'MOLCAS.rassi.ovlp.3.h5']
['link', 'MOLCAS.1.JobIph', 'JOB001']
['link', 'MOLCAS.3.JobIph', 'JOB002']
['rassi', 'soc', [4, 3]]
['copy', '$master_path/MOLCAS.1.JobIph', 'JOBOLD']
['rasscf', 1, 4, True, False]
['mclr', 0.0001, 'sala=1']
['alaska']
All jobs finished:
job: master          code: 0    runtime: 0:00:08.198127
job: grad_1_1        code: 0    runtime: 0:00:02.750244

Starting job execution
['gateway']
['seward']
['copy', '/project/lgagliardi/helenclifford/practice_rcc/sharc4/methaniminium/tutorial_reproduction/traj/Singlet_2/TRAJ_00010/restart/MOLCAS.1.JobIph.106', 'JOBOLD']
['rasscf', 1, 4, True, False]
['copy', 'MOLCAS.rasscf.h5', 'MOLCAS.1.rasscf.h5']
['copy', 'MOLCAS.JobIph', 'MOLCAS.1.JobIph']
['copy', '/project/lgagliardi/helenclifford/practice_rcc/sharc4/methaniminium/tutorial_reproduction/traj/Singlet_2/TRAJ_00010/restart/MOLCAS.3.JobIph.106', 'JOBOLD']
['rasscf', 3, 3, True, False]
['copy', 'MOLCAS.rasscf.h5', 'MOLCAS.3.rasscf.h5']
['copy', 'MOLCAS.JobIph', 'MOLCAS.3.JobIph']
['link', 'MOLCAS.1.JobIph', 'JOB001']
['rassi', 'dm', [4]]
['copy', 'MOLCAS.rassi.h5', 'MOLCAS.rassi.1.h5']
['link', 'MOLCAS.3.JobIph', 'JOB001']
['rassi', 'dm', [3]]
['copy', 'MOLCAS.rassi.h5', 'MOLCAS.rassi.3.h5']
['copy', '/project/lgagliardi/helenclifford/practice_rcc/sharc4/methaniminium/tutorial_reproduction/traj/Singlet_2/TRAJ_00010/restart/MOLCAS.1.JobIph.105', 'JOB001']
['link', 'MOLCAS.1.JobIph', 'JOB002']
['rassi', 'overlap', [4, 4]]
['copy', 'MOLCAS.rassi.h5', 'MOLCAS.rassi.ovlp.1.h5']
['copy', '/project/lgagliardi/helenclifford/practice_rcc/sharc4/methaniminium/tutorial_reproduction/traj/Singlet_2/TRAJ_00010/restart/MOLCAS.3.JobIph.105', 'JOB001']
['link', 'MOLCAS.3.JobIph', 'JOB002']
['rassi', 'overlap', [3, 3]]
['copy', 'MOLCAS.rassi.h5', 'MOLCAS.rassi.ovlp.3.h5']
['link', 'MOLCAS.1.JobIph', 'JOB001']
['link', 'MOLCAS.3.JobIph', 'JOB002']
['rassi', 'soc', [4, 3]]
['copy', '$master_path/MOLCAS.3.JobIph', 'JOBOLD']
['rasscf', 3, 3, True, False]
['mclr', 0.0001, 'sala=1']
['alaska']
['copy', '$master_path/MOLCAS.1.JobIph', 'JOBOLD']
['rasscf', 1, 4, True, False]
['mclr', 0.0001, 'sala=1']
['alaska']
All jobs finished:
job: master          code: 0    runtime: 0:00:06.620977
job: grad_3_1        code: 0    runtime: 0:00:02.974845
job: grad_1_1        code: 0    runtime: 0:00:02.914439

Starting job execution
['gateway']
['seward']
['copy', '/project/lgagliardi/helenclifford/practice_rcc/sharc4/methaniminium/tutorial_reproduction/traj/Singlet_2/TRAJ_00010/restart/MOLCAS.1.JobIph.106', 'JOBOLD']
['rasscf', 1, 4, True, False]
['copy', 'MOLCAS.rasscf.h5', 'MOLCAS.1.rasscf.h5']
['copy', 'MOLCAS.JobIph', 'MOLCAS.1.JobIph']
['copy', '/project/lgagliardi/helenclifford/practice_rcc/sharc4/methaniminium/tutorial_reproduction/traj/Singlet_2/TRAJ_00010/restart/MOLCAS.3.JobIph.106', 'JOBOLD']
['rasscf', 3, 3, True, False]
['copy', 'MOLCAS.rasscf.h5', 'MOLCAS.3.rasscf.h5']
['copy', 'MOLCAS.JobIph', 'MOLCAS.3.JobIph']
['link', 'MOLCAS.1.JobIph', 'JOB001']
['rassi', 'dm', [4]]
['copy', 'MOLCAS.rassi.h5', 'MOLCAS.rassi.1.h5']
['link', 'MOLCAS.3.JobIph', 'JOB001']
['rassi', 'dm', [3]]
['copy', 'MOLCAS.rassi.h5', 'MOLCAS.rassi.3.h5']
['copy', '/project/lgagliardi/helenclifford/practice_rcc/sharc4/methaniminium/tutorial_reproduction/traj/Singlet_2/TRAJ_00010/restart/MOLCAS.1.JobIph.106', 'JOB001']
['link', 'MOLCAS.1.JobIph', 'JOB002']
['rassi', 'overlap', [4, 4]]
['copy', 'MOLCAS.rassi.h5', 'MOLCAS.rassi.ovlp.1.h5']
['copy', '/project/lgagliardi/helenclifford/practice_rcc/sharc4/methaniminium/tutorial_reproduction/traj/Singlet_2/TRAJ_00010/restart/MOLCAS.3.JobIph.106', 'JOB001']
['link', 'MOLCAS.3.JobIph', 'JOB002']
['rassi', 'overlap', [3, 3]]
['copy', 'MOLCAS.rassi.h5', 'MOLCAS.rassi.ovlp.3.h5']
['link', 'MOLCAS.1.JobIph', 'JOB001']
['link', 'MOLCAS.3.JobIph', 'JOB002']
['rassi', 'soc', [4, 3]]
['copy', '$master_path/MOLCAS.3.JobIph', 'JOBOLD']
['rasscf', 3, 3, True, False]
['mclr', 0.0001, 'sala=1']
['alaska']
['copy', '$master_path/MOLCAS.1.JobIph', 'JOBOLD']
['rasscf', 1, 4, True, False]
['mclr', 0.0001, 'sala=1']
['alaska']
All jobs finished:
job: master          code: 0    runtime: 0:00:07.802977
job: grad_3_1        code: 0    runtime: 0:00:02.715280
job: grad_1_1        code: 0    runtime: 0:00:03.022375

Starting job execution
['gateway']
['seward']
['copy', '/project/lgagliardi/helenclifford/practice_rcc/sharc4/methaniminium/tutorial_reproduction/traj/Singlet_2/TRAJ_00010/restart/MOLCAS.1.JobIph.107', 'JOBOLD']
['rasscf', 1, 4, True, False]
['copy', 'MOLCAS.rasscf.h5', 'MOLCAS.1.rasscf.h5']
['copy', 'MOLCAS.JobIph', 'MOLCAS.1.JobIph']
['copy', '/project/lgagliardi/helenclifford/practice_rcc/sharc4/methaniminium/tutorial_reproduction/traj/Singlet_2/TRAJ_00010/restart/MOLCAS.3.JobIph.107', 'JOBOLD']
['rasscf', 3, 3, True, False]
['copy', 'MOLCAS.rasscf.h5', 'MOLCAS.3.rasscf.h5']
['copy', 'MOLCAS.JobIph', 'MOLCAS.3.JobIph']
['link', 'MOLCAS.1.JobIph', 'JOB001']
['rassi', 'dm', [4]]
['copy', 'MOLCAS.rassi.h5', 'MOLCAS.rassi.1.h5']
['link', 'MOLCAS.3.JobIph', 'JOB001']
['rassi', 'dm', [3]]
['copy', 'MOLCAS.rassi.h5', 'MOLCAS.rassi.3.h5']
['copy', '/project/lgagliardi/helenclifford/practice_rcc/sharc4/methaniminium/tutorial_reproduction/traj/Singlet_2/TRAJ_00010/restart/MOLCAS.1.JobIph.107', 'JOB001']
['link', 'MOLCAS.1.JobIph', 'JOB002']
['rassi', 'overlap', [4, 4]]
['copy', 'MOLCAS.rassi.h5', 'MOLCAS.rassi.ovlp.1.h5']
['copy', '/project/lgagliardi/helenclifford/practice_rcc/sharc4/methaniminium/tutorial_reproduction/traj/Singlet_2/TRAJ_00010/restart/MOLCAS.3.JobIph.107', 'JOB001']
['link', 'MOLCAS.3.JobIph', 'JOB002']
['rassi', 'overlap', [3, 3]]
['copy', 'MOLCAS.rassi.h5', 'MOLCAS.rassi.ovlp.3.h5']
['link', 'MOLCAS.1.JobIph', 'JOB001']
['link', 'MOLCAS.3.JobIph', 'JOB002']
['rassi', 'soc', [4, 3]]
['copy', '$master_path/MOLCAS.3.JobIph', 'JOBOLD']
['rasscf', 3, 3, True, False]
['mclr', 0.0001, 'sala=1']
['alaska']
['copy', '$master_path/MOLCAS.1.JobIph', 'JOBOLD']
['rasscf', 1, 4, True, False]
['mclr', 0.0001, 'sala=1']
['alaska']
All jobs finished:
job: master          code: 0    runtime: 0:00:08.190151
job: grad_3_1        code: 0    runtime: 0:00:02.586902
job: grad_1_1        code: 0    runtime: 0:00:02.781829

Starting job execution
['gateway']
['seward']
['copy', '/project/lgagliardi/helenclifford/practice_rcc/sharc4/methaniminium/tutorial_reproduction/traj/Singlet_2/TRAJ_00010/restart/MOLCAS.1.JobIph.108', 'JOBOLD']
['rasscf', 1, 4, True, False]
['copy', 'MOLCAS.rasscf.h5', 'MOLCAS.1.rasscf.h5']
['copy', 'MOLCAS.JobIph', 'MOLCAS.1.JobIph']
['copy', '/project/lgagliardi/helenclifford/practice_rcc/sharc4/methaniminium/tutorial_reproduction/traj/Singlet_2/TRAJ_00010/restart/MOLCAS.3.JobIph.108', 'JOBOLD']
['rasscf', 3, 3, True, False]
['copy', 'MOLCAS.rasscf.h5', 'MOLCAS.3.rasscf.h5']
['copy', 'MOLCAS.JobIph', 'MOLCAS.3.JobIph']
['link', 'MOLCAS.1.JobIph', 'JOB001']
['rassi', 'dm', [4]]
['copy', 'MOLCAS.rassi.h5', 'MOLCAS.rassi.1.h5']
['link', 'MOLCAS.3.JobIph', 'JOB001']
['rassi', 'dm', [3]]
['copy', 'MOLCAS.rassi.h5', 'MOLCAS.rassi.3.h5']
['copy', '/project/lgagliardi/helenclifford/practice_rcc/sharc4/methaniminium/tutorial_reproduction/traj/Singlet_2/TRAJ_00010/restart/MOLCAS.1.JobIph.108', 'JOB001']
['link', 'MOLCAS.1.JobIph', 'JOB002']
['rassi', 'overlap', [4, 4]]
['copy', 'MOLCAS.rassi.h5', 'MOLCAS.rassi.ovlp.1.h5']
['copy', '/project/lgagliardi/helenclifford/practice_rcc/sharc4/methaniminium/tutorial_reproduction/traj/Singlet_2/TRAJ_00010/restart/MOLCAS.3.JobIph.108', 'JOB001']
['link', 'MOLCAS.3.JobIph', 'JOB002']
['rassi', 'overlap', [3, 3]]
['copy', 'MOLCAS.rassi.h5', 'MOLCAS.rassi.ovlp.3.h5']
['link', 'MOLCAS.1.JobIph', 'JOB001']
['link', 'MOLCAS.3.JobIph', 'JOB002']
['rassi', 'soc', [4, 3]]
['copy', '$master_path/MOLCAS.3.JobIph', 'JOBOLD']
['rasscf', 3, 3, True, False]
['mclr', 0.0001, 'sala=1']
['alaska']
['copy', '$master_path/MOLCAS.1.JobIph', 'JOBOLD']
['rasscf', 1, 4, True, False]
['mclr', 0.0001, 'sala=1']
['alaska']
All jobs finished:
job: master          code: 0    runtime: 0:00:07.627345
job: grad_3_1        code: 0    runtime: 0:00:02.713619
job: grad_1_1        code: 0    runtime: 0:00:02.968327

Starting job execution
['gateway']
['seward']
['copy', '/project/lgagliardi/helenclifford/practice_rcc/sharc4/methaniminium/tutorial_reproduction/traj/Singlet_2/TRAJ_00010/restart/MOLCAS.1.JobIph.109', 'JOBOLD']
['rasscf', 1, 4, True, False]
['copy', 'MOLCAS.rasscf.h5', 'MOLCAS.1.rasscf.h5']
['copy', 'MOLCAS.JobIph', 'MOLCAS.1.JobIph']
['copy', '/project/lgagliardi/helenclifford/practice_rcc/sharc4/methaniminium/tutorial_reproduction/traj/Singlet_2/TRAJ_00010/restart/MOLCAS.3.JobIph.109', 'JOBOLD']
['rasscf', 3, 3, True, False]
['copy', 'MOLCAS.rasscf.h5', 'MOLCAS.3.rasscf.h5']
['copy', 'MOLCAS.JobIph', 'MOLCAS.3.JobIph']
['link', 'MOLCAS.1.JobIph', 'JOB001']
['rassi', 'dm', [4]]
['copy', 'MOLCAS.rassi.h5', 'MOLCAS.rassi.1.h5']
['link', 'MOLCAS.3.JobIph', 'JOB001']
['rassi', 'dm', [3]]
['copy', 'MOLCAS.rassi.h5', 'MOLCAS.rassi.3.h5']
['copy', '/project/lgagliardi/helenclifford/practice_rcc/sharc4/methaniminium/tutorial_reproduction/traj/Singlet_2/TRAJ_00010/restart/MOLCAS.1.JobIph.109', 'JOB001']
['link', 'MOLCAS.1.JobIph', 'JOB002']
['rassi', 'overlap', [4, 4]]
['copy', 'MOLCAS.rassi.h5', 'MOLCAS.rassi.ovlp.1.h5']
['copy', '/project/lgagliardi/helenclifford/practice_rcc/sharc4/methaniminium/tutorial_reproduction/traj/Singlet_2/TRAJ_00010/restart/MOLCAS.3.JobIph.109', 'JOB001']
['link', 'MOLCAS.3.JobIph', 'JOB002']
['rassi', 'overlap', [3, 3]]
['copy', 'MOLCAS.rassi.h5', 'MOLCAS.rassi.ovlp.3.h5']
['link', 'MOLCAS.1.JobIph', 'JOB001']
['link', 'MOLCAS.3.JobIph', 'JOB002']
['rassi', 'soc', [4, 3]]
['copy', '$master_path/MOLCAS.3.JobIph', 'JOBOLD']
['rasscf', 3, 3, True, False]
['mclr', 0.0001, 'sala=1']
['alaska']
['copy', '$master_path/MOLCAS.1.JobIph', 'JOBOLD']
['rasscf', 1, 4, True, False]
['mclr', 0.0001, 'sala=1']
['alaska']
All jobs finished:
job: master          code: 0    runtime: 0:00:07.811814
job: grad_3_1        code: 0    runtime: 0:00:02.885318
job: grad_1_1        code: 0    runtime: 0:00:02.768154

Starting job execution
['gateway']
['seward']
['copy', '/project/lgagliardi/helenclifford/practice_rcc/sharc4/methaniminium/tutorial_reproduction/traj/Singlet_2/TRAJ_00010/restart/MOLCAS.1.JobIph.110', 'JOBOLD']
['rasscf', 1, 4, True, False]
['copy', 'MOLCAS.rasscf.h5', 'MOLCAS.1.rasscf.h5']
['copy', 'MOLCAS.JobIph', 'MOLCAS.1.JobIph']
['copy', '/project/lgagliardi/helenclifford/practice_rcc/sharc4/methaniminium/tutorial_reproduction/traj/Singlet_2/TRAJ_00010/restart/MOLCAS.3.JobIph.110', 'JOBOLD']
['rasscf', 3, 3, True, False]
['copy', 'MOLCAS.rasscf.h5', 'MOLCAS.3.rasscf.h5']
['copy', 'MOLCAS.JobIph', 'MOLCAS.3.JobIph']
['link', 'MOLCAS.1.JobIph', 'JOB001']
['rassi', 'dm', [4]]
['copy', 'MOLCAS.rassi.h5', 'MOLCAS.rassi.1.h5']
['link', 'MOLCAS.3.JobIph', 'JOB001']
['rassi', 'dm', [3]]
['copy', 'MOLCAS.rassi.h5', 'MOLCAS.rassi.3.h5']
['copy', '/project/lgagliardi/helenclifford/practice_rcc/sharc4/methaniminium/tutorial_reproduction/traj/Singlet_2/TRAJ_00010/restart/MOLCAS.1.JobIph.110', 'JOB001']
['link', 'MOLCAS.1.JobIph', 'JOB002']
['rassi', 'overlap', [4, 4]]
['copy', 'MOLCAS.rassi.h5', 'MOLCAS.rassi.ovlp.1.h5']
['copy', '/project/lgagliardi/helenclifford/practice_rcc/sharc4/methaniminium/tutorial_reproduction/traj/Singlet_2/TRAJ_00010/restart/MOLCAS.3.JobIph.110', 'JOB001']
['link', 'MOLCAS.3.JobIph', 'JOB002']
['rassi', 'overlap', [3, 3]]
['copy', 'MOLCAS.rassi.h5', 'MOLCAS.rassi.ovlp.3.h5']
['link', 'MOLCAS.1.JobIph', 'JOB001']
['link', 'MOLCAS.3.JobIph', 'JOB002']
['rassi', 'soc', [4, 3]]
['copy', '$master_path/MOLCAS.3.JobIph', 'JOBOLD']
['rasscf', 3, 3, True, False]
['mclr', 0.0001, 'sala=1']
['alaska']
['copy', '$master_path/MOLCAS.1.JobIph', 'JOBOLD']
['rasscf', 1, 4, True, False]
['mclr', 0.0001, 'sala=1']
['alaska']
All jobs finished:
job: master          code: 0    runtime: 0:00:07.818034
job: grad_3_1        code: 0    runtime: 0:00:02.723958
job: grad_1_1        code: 0    runtime: 0:00:02.947017

Starting job execution
['gateway']
['seward']
['copy', '/project/lgagliardi/helenclifford/practice_rcc/sharc4/methaniminium/tutorial_reproduction/traj/Singlet_2/TRAJ_00010/restart/MOLCAS.1.JobIph.111', 'JOBOLD']
['rasscf', 1, 4, True, False]
['copy', 'MOLCAS.rasscf.h5', 'MOLCAS.1.rasscf.h5']
['copy', 'MOLCAS.JobIph', 'MOLCAS.1.JobIph']
['copy', '/project/lgagliardi/helenclifford/practice_rcc/sharc4/methaniminium/tutorial_reproduction/traj/Singlet_2/TRAJ_00010/restart/MOLCAS.3.JobIph.111', 'JOBOLD']
['rasscf', 3, 3, True, False]
['copy', 'MOLCAS.rasscf.h5', 'MOLCAS.3.rasscf.h5']
['copy', 'MOLCAS.JobIph', 'MOLCAS.3.JobIph']
['link', 'MOLCAS.1.JobIph', 'JOB001']
['rassi', 'dm', [4]]
['copy', 'MOLCAS.rassi.h5', 'MOLCAS.rassi.1.h5']
['link', 'MOLCAS.3.JobIph', 'JOB001']
['rassi', 'dm', [3]]
['copy', 'MOLCAS.rassi.h5', 'MOLCAS.rassi.3.h5']
['copy', '/project/lgagliardi/helenclifford/practice_rcc/sharc4/methaniminium/tutorial_reproduction/traj/Singlet_2/TRAJ_00010/restart/MOLCAS.1.JobIph.111', 'JOB001']
['link', 'MOLCAS.1.JobIph', 'JOB002']
['rassi', 'overlap', [4, 4]]
['copy', 'MOLCAS.rassi.h5', 'MOLCAS.rassi.ovlp.1.h5']
['copy', '/project/lgagliardi/helenclifford/practice_rcc/sharc4/methaniminium/tutorial_reproduction/traj/Singlet_2/TRAJ_00010/restart/MOLCAS.3.JobIph.111', 'JOB001']
['link', 'MOLCAS.3.JobIph', 'JOB002']
['rassi', 'overlap', [3, 3]]
['copy', 'MOLCAS.rassi.h5', 'MOLCAS.rassi.ovlp.3.h5']
['link', 'MOLCAS.1.JobIph', 'JOB001']
['link', 'MOLCAS.3.JobIph', 'JOB002']
['rassi', 'soc', [4, 3]]
['copy', '$master_path/MOLCAS.3.JobIph', 'JOBOLD']
['rasscf', 3, 3, True, False]
['mclr', 0.0001, 'sala=1']
['alaska']
['copy', '$master_path/MOLCAS.1.JobIph', 'JOBOLD']
['rasscf', 1, 4, True, False]
['mclr', 0.0001, 'sala=1']
['alaska']
All jobs finished:
job: master          code: 0    runtime: 0:00:08.032172
job: grad_3_1        code: 0    runtime: 0:00:03.151283
job: grad_1_1        code: 0    runtime: 0:00:02.786215

Starting job execution
['gateway']
['seward']
['copy', '/project/lgagliardi/helenclifford/practice_rcc/sharc4/methaniminium/tutorial_reproduction/traj/Singlet_2/TRAJ_00010/restart/MOLCAS.1.JobIph.112', 'JOBOLD']
['rasscf', 1, 4, True, False]
['copy', 'MOLCAS.rasscf.h5', 'MOLCAS.1.rasscf.h5']
['copy', 'MOLCAS.JobIph', 'MOLCAS.1.JobIph']
['copy', '/project/lgagliardi/helenclifford/practice_rcc/sharc4/methaniminium/tutorial_reproduction/traj/Singlet_2/TRAJ_00010/restart/MOLCAS.3.JobIph.112', 'JOBOLD']
['rasscf', 3, 3, True, False]
['copy', 'MOLCAS.rasscf.h5', 'MOLCAS.3.rasscf.h5']
['copy', 'MOLCAS.JobIph', 'MOLCAS.3.JobIph']
['link', 'MOLCAS.1.JobIph', 'JOB001']
['rassi', 'dm', [4]]
['copy', 'MOLCAS.rassi.h5', 'MOLCAS.rassi.1.h5']
['link', 'MOLCAS.3.JobIph', 'JOB001']
['rassi', 'dm', [3]]
['copy', 'MOLCAS.rassi.h5', 'MOLCAS.rassi.3.h5']
['copy', '/project/lgagliardi/helenclifford/practice_rcc/sharc4/methaniminium/tutorial_reproduction/traj/Singlet_2/TRAJ_00010/restart/MOLCAS.1.JobIph.112', 'JOB001']
['link', 'MOLCAS.1.JobIph', 'JOB002']
['rassi', 'overlap', [4, 4]]
['copy', 'MOLCAS.rassi.h5', 'MOLCAS.rassi.ovlp.1.h5']
['copy', '/project/lgagliardi/helenclifford/practice_rcc/sharc4/methaniminium/tutorial_reproduction/traj/Singlet_2/TRAJ_00010/restart/MOLCAS.3.JobIph.112', 'JOB001']
['link', 'MOLCAS.3.JobIph', 'JOB002']
['rassi', 'overlap', [3, 3]]
['copy', 'MOLCAS.rassi.h5', 'MOLCAS.rassi.ovlp.3.h5']
['link', 'MOLCAS.1.JobIph', 'JOB001']
['link', 'MOLCAS.3.JobIph', 'JOB002']
['rassi', 'soc', [4, 3]]
['copy', '$master_path/MOLCAS.3.JobIph', 'JOBOLD']
['rasscf', 3, 3, True, False]
['mclr', 0.0001, 'sala=1']
['alaska']
['copy', '$master_path/MOLCAS.1.JobIph', 'JOBOLD']
['rasscf', 1, 4, True, False]
['mclr', 0.0001, 'sala=1']
['alaska']
All jobs finished:
job: master          code: 0    runtime: 0:00:07.876885
job: grad_3_1        code: 0    runtime: 0:00:02.616085
job: grad_1_1        code: 0    runtime: 0:00:02.750729

Starting job execution
['gateway']
['seward']
['copy', '/project/lgagliardi/helenclifford/practice_rcc/sharc4/methaniminium/tutorial_reproduction/traj/Singlet_2/TRAJ_00010/restart/MOLCAS.1.JobIph.113', 'JOBOLD']
['rasscf', 1, 4, True, False]
['copy', 'MOLCAS.rasscf.h5', 'MOLCAS.1.rasscf.h5']
['copy', 'MOLCAS.JobIph', 'MOLCAS.1.JobIph']
['copy', '/project/lgagliardi/helenclifford/practice_rcc/sharc4/methaniminium/tutorial_reproduction/traj/Singlet_2/TRAJ_00010/restart/MOLCAS.3.JobIph.113', 'JOBOLD']
['rasscf', 3, 3, True, False]
['copy', 'MOLCAS.rasscf.h5', 'MOLCAS.3.rasscf.h5']
['copy', 'MOLCAS.JobIph', 'MOLCAS.3.JobIph']
['link', 'MOLCAS.1.JobIph', 'JOB001']
['rassi', 'dm', [4]]
['copy', 'MOLCAS.rassi.h5', 'MOLCAS.rassi.1.h5']
['link', 'MOLCAS.3.JobIph', 'JOB001']
['rassi', 'dm', [3]]
['copy', 'MOLCAS.rassi.h5', 'MOLCAS.rassi.3.h5']
['copy', '/project/lgagliardi/helenclifford/practice_rcc/sharc4/methaniminium/tutorial_reproduction/traj/Singlet_2/TRAJ_00010/restart/MOLCAS.1.JobIph.113', 'JOB001']
['link', 'MOLCAS.1.JobIph', 'JOB002']
['rassi', 'overlap', [4, 4]]
['copy', 'MOLCAS.rassi.h5', 'MOLCAS.rassi.ovlp.1.h5']
['copy', '/project/lgagliardi/helenclifford/practice_rcc/sharc4/methaniminium/tutorial_reproduction/traj/Singlet_2/TRAJ_00010/restart/MOLCAS.3.JobIph.113', 'JOB001']
['link', 'MOLCAS.3.JobIph', 'JOB002']
['rassi', 'overlap', [3, 3]]
['copy', 'MOLCAS.rassi.h5', 'MOLCAS.rassi.ovlp.3.h5']
['link', 'MOLCAS.1.JobIph', 'JOB001']
['link', 'MOLCAS.3.JobIph', 'JOB002']
['rassi', 'soc', [4, 3]]
['copy', '$master_path/MOLCAS.3.JobIph', 'JOBOLD']
['rasscf', 3, 3, True, False]
['mclr', 0.0001, 'sala=1']
['alaska']
['copy', '$master_path/MOLCAS.1.JobIph', 'JOBOLD']
['rasscf', 1, 4, True, False]
['mclr', 0.0001, 'sala=1']
['alaska']
All jobs finished:
job: master          code: 0    runtime: 0:00:08.226579
job: grad_3_1        code: 0    runtime: 0:00:02.712466
job: grad_1_1        code: 0    runtime: 0:00:02.773522

Starting job execution
['gateway']
['seward']
['copy', '/project/lgagliardi/helenclifford/practice_rcc/sharc4/methaniminium/tutorial_reproduction/traj/Singlet_2/TRAJ_00010/restart/MOLCAS.1.JobIph.114', 'JOBOLD']
['rasscf', 1, 4, True, False]
['copy', 'MOLCAS.rasscf.h5', 'MOLCAS.1.rasscf.h5']
['copy', 'MOLCAS.JobIph', 'MOLCAS.1.JobIph']
['copy', '/project/lgagliardi/helenclifford/practice_rcc/sharc4/methaniminium/tutorial_reproduction/traj/Singlet_2/TRAJ_00010/restart/MOLCAS.3.JobIph.114', 'JOBOLD']
['rasscf', 3, 3, True, False]
['copy', 'MOLCAS.rasscf.h5', 'MOLCAS.3.rasscf.h5']
['copy', 'MOLCAS.JobIph', 'MOLCAS.3.JobIph']
['link', 'MOLCAS.1.JobIph', 'JOB001']
['rassi', 'dm', [4]]
['copy', 'MOLCAS.rassi.h5', 'MOLCAS.rassi.1.h5']
['link', 'MOLCAS.3.JobIph', 'JOB001']
['rassi', 'dm', [3]]
['copy', 'MOLCAS.rassi.h5', 'MOLCAS.rassi.3.h5']
['copy', '/project/lgagliardi/helenclifford/practice_rcc/sharc4/methaniminium/tutorial_reproduction/traj/Singlet_2/TRAJ_00010/restart/MOLCAS.1.JobIph.114', 'JOB001']
['link', 'MOLCAS.1.JobIph', 'JOB002']
['rassi', 'overlap', [4, 4]]
['copy', 'MOLCAS.rassi.h5', 'MOLCAS.rassi.ovlp.1.h5']
['copy', '/project/lgagliardi/helenclifford/practice_rcc/sharc4/methaniminium/tutorial_reproduction/traj/Singlet_2/TRAJ_00010/restart/MOLCAS.3.JobIph.114', 'JOB001']
['link', 'MOLCAS.3.JobIph', 'JOB002']
['rassi', 'overlap', [3, 3]]
['copy', 'MOLCAS.rassi.h5', 'MOLCAS.rassi.ovlp.3.h5']
['link', 'MOLCAS.1.JobIph', 'JOB001']
['link', 'MOLCAS.3.JobIph', 'JOB002']
['rassi', 'soc', [4, 3]]
['copy', '$master_path/MOLCAS.3.JobIph', 'JOBOLD']
['rasscf', 3, 3, True, False]
['mclr', 0.0001, 'sala=1']
['alaska']
['copy', '$master_path/MOLCAS.1.JobIph', 'JOBOLD']
['rasscf', 1, 4, True, False]
['mclr', 0.0001, 'sala=1']
['alaska']
All jobs finished:
job: master          code: 0    runtime: 0:00:07.817973
job: grad_3_1        code: 0    runtime: 0:00:02.703314
job: grad_1_1        code: 0    runtime: 0:00:02.948516

Starting job execution
['gateway']
['seward']
['copy', '/project/lgagliardi/helenclifford/practice_rcc/sharc4/methaniminium/tutorial_reproduction/traj/Singlet_2/TRAJ_00010/restart/MOLCAS.1.JobIph.115', 'JOBOLD']
['rasscf', 1, 4, True, False]
['copy', 'MOLCAS.rasscf.h5', 'MOLCAS.1.rasscf.h5']
['copy', 'MOLCAS.JobIph', 'MOLCAS.1.JobIph']
['copy', '/project/lgagliardi/helenclifford/practice_rcc/sharc4/methaniminium/tutorial_reproduction/traj/Singlet_2/TRAJ_00010/restart/MOLCAS.3.JobIph.115', 'JOBOLD']
['rasscf', 3, 3, True, False]
['copy', 'MOLCAS.rasscf.h5', 'MOLCAS.3.rasscf.h5']
['copy', 'MOLCAS.JobIph', 'MOLCAS.3.JobIph']
['link', 'MOLCAS.1.JobIph', 'JOB001']
['rassi', 'dm', [4]]
['copy', 'MOLCAS.rassi.h5', 'MOLCAS.rassi.1.h5']
['link', 'MOLCAS.3.JobIph', 'JOB001']
['rassi', 'dm', [3]]
['copy', 'MOLCAS.rassi.h5', 'MOLCAS.rassi.3.h5']
['copy', '/project/lgagliardi/helenclifford/practice_rcc/sharc4/methaniminium/tutorial_reproduction/traj/Singlet_2/TRAJ_00010/restart/MOLCAS.1.JobIph.115', 'JOB001']
['link', 'MOLCAS.1.JobIph', 'JOB002']
['rassi', 'overlap', [4, 4]]
['copy', 'MOLCAS.rassi.h5', 'MOLCAS.rassi.ovlp.1.h5']
['copy', '/project/lgagliardi/helenclifford/practice_rcc/sharc4/methaniminium/tutorial_reproduction/traj/Singlet_2/TRAJ_00010/restart/MOLCAS.3.JobIph.115', 'JOB001']
['link', 'MOLCAS.3.JobIph', 'JOB002']
['rassi', 'overlap', [3, 3]]
['copy', 'MOLCAS.rassi.h5', 'MOLCAS.rassi.ovlp.3.h5']
['link', 'MOLCAS.1.JobIph', 'JOB001']
['link', 'MOLCAS.3.JobIph', 'JOB002']
['rassi', 'soc', [4, 3]]
['copy', '$master_path/MOLCAS.3.JobIph', 'JOBOLD']
['rasscf', 3, 3, True, False]
['mclr', 0.0001, 'sala=1']
['alaska']
['copy', '$master_path/MOLCAS.1.JobIph', 'JOBOLD']
['rasscf', 1, 4, True, False]
['mclr', 0.0001, 'sala=1']
['alaska']
All jobs finished:
job: master          code: 0    runtime: 0:00:07.911627
job: grad_3_1        code: 0    runtime: 0:00:02.694951
job: grad_1_1        code: 0    runtime: 0:00:03.093861

Starting job execution
['gateway']
['seward']
['copy', '/project/lgagliardi/helenclifford/practice_rcc/sharc4/methaniminium/tutorial_reproduction/traj/Singlet_2/TRAJ_00010/restart/MOLCAS.1.JobIph.116', 'JOBOLD']
['rasscf', 1, 4, True, False]
['copy', 'MOLCAS.rasscf.h5', 'MOLCAS.1.rasscf.h5']
['copy', 'MOLCAS.JobIph', 'MOLCAS.1.JobIph']
['copy', '/project/lgagliardi/helenclifford/practice_rcc/sharc4/methaniminium/tutorial_reproduction/traj/Singlet_2/TRAJ_00010/restart/MOLCAS.3.JobIph.116', 'JOBOLD']
['rasscf', 3, 3, True, False]
['copy', 'MOLCAS.rasscf.h5', 'MOLCAS.3.rasscf.h5']
['copy', 'MOLCAS.JobIph', 'MOLCAS.3.JobIph']
['link', 'MOLCAS.1.JobIph', 'JOB001']
['rassi', 'dm', [4]]
['copy', 'MOLCAS.rassi.h5', 'MOLCAS.rassi.1.h5']
['link', 'MOLCAS.3.JobIph', 'JOB001']
['rassi', 'dm', [3]]
['copy', 'MOLCAS.rassi.h5', 'MOLCAS.rassi.3.h5']
['copy', '/project/lgagliardi/helenclifford/practice_rcc/sharc4/methaniminium/tutorial_reproduction/traj/Singlet_2/TRAJ_00010/restart/MOLCAS.1.JobIph.116', 'JOB001']
['link', 'MOLCAS.1.JobIph', 'JOB002']
['rassi', 'overlap', [4, 4]]
['copy', 'MOLCAS.rassi.h5', 'MOLCAS.rassi.ovlp.1.h5']
['copy', '/project/lgagliardi/helenclifford/practice_rcc/sharc4/methaniminium/tutorial_reproduction/traj/Singlet_2/TRAJ_00010/restart/MOLCAS.3.JobIph.116', 'JOB001']
['link', 'MOLCAS.3.JobIph', 'JOB002']
['rassi', 'overlap', [3, 3]]
['copy', 'MOLCAS.rassi.h5', 'MOLCAS.rassi.ovlp.3.h5']
['link', 'MOLCAS.1.JobIph', 'JOB001']
['link', 'MOLCAS.3.JobIph', 'JOB002']
['rassi', 'soc', [4, 3]]
['copy', '$master_path/MOLCAS.3.JobIph', 'JOBOLD']
['rasscf', 3, 3, True, False]
['mclr', 0.0001, 'sala=1']
['alaska']
['copy', '$master_path/MOLCAS.1.JobIph', 'JOBOLD']
['rasscf', 1, 4, True, False]
['mclr', 0.0001, 'sala=1']
['alaska']
All jobs finished:
job: master          code: 0    runtime: 0:00:08.090761
job: grad_3_1        code: 0    runtime: 0:00:02.634390
job: grad_1_1        code: 0    runtime: 0:00:02.796716

Starting job execution
['gateway']
['seward']
['copy', '/project/lgagliardi/helenclifford/practice_rcc/sharc4/methaniminium/tutorial_reproduction/traj/Singlet_2/TRAJ_00010/restart/MOLCAS.1.JobIph.117', 'JOBOLD']
['rasscf', 1, 4, True, False]
['copy', 'MOLCAS.rasscf.h5', 'MOLCAS.1.rasscf.h5']
['copy', 'MOLCAS.JobIph', 'MOLCAS.1.JobIph']
['copy', '/project/lgagliardi/helenclifford/practice_rcc/sharc4/methaniminium/tutorial_reproduction/traj/Singlet_2/TRAJ_00010/restart/MOLCAS.3.JobIph.117', 'JOBOLD']
['rasscf', 3, 3, True, False]
['copy', 'MOLCAS.rasscf.h5', 'MOLCAS.3.rasscf.h5']
['copy', 'MOLCAS.JobIph', 'MOLCAS.3.JobIph']
['link', 'MOLCAS.1.JobIph', 'JOB001']
['rassi', 'dm', [4]]
['copy', 'MOLCAS.rassi.h5', 'MOLCAS.rassi.1.h5']
['link', 'MOLCAS.3.JobIph', 'JOB001']
['rassi', 'dm', [3]]
['copy', 'MOLCAS.rassi.h5', 'MOLCAS.rassi.3.h5']
['copy', '/project/lgagliardi/helenclifford/practice_rcc/sharc4/methaniminium/tutorial_reproduction/traj/Singlet_2/TRAJ_00010/restart/MOLCAS.1.JobIph.117', 'JOB001']
['link', 'MOLCAS.1.JobIph', 'JOB002']
['rassi', 'overlap', [4, 4]]
['copy', 'MOLCAS.rassi.h5', 'MOLCAS.rassi.ovlp.1.h5']
['copy', '/project/lgagliardi/helenclifford/practice_rcc/sharc4/methaniminium/tutorial_reproduction/traj/Singlet_2/TRAJ_00010/restart/MOLCAS.3.JobIph.117', 'JOB001']
['link', 'MOLCAS.3.JobIph', 'JOB002']
['rassi', 'overlap', [3, 3]]
['copy', 'MOLCAS.rassi.h5', 'MOLCAS.rassi.ovlp.3.h5']
['link', 'MOLCAS.1.JobIph', 'JOB001']
['link', 'MOLCAS.3.JobIph', 'JOB002']
['rassi', 'soc', [4, 3]]
['copy', '$master_path/MOLCAS.3.JobIph', 'JOBOLD']
['rasscf', 3, 3, True, False]
['mclr', 0.0001, 'sala=1']
['alaska']
['copy', '$master_path/MOLCAS.1.JobIph', 'JOBOLD']
['rasscf', 1, 4, True, False]
['mclr', 0.0001, 'sala=1']
['alaska']
All jobs finished:
job: master          code: 0    runtime: 0:00:08.196368
job: grad_3_1        code: 0    runtime: 0:00:02.674848
job: grad_1_1        code: 0    runtime: 0:00:02.773137

Starting job execution
['gateway']
['seward']
['copy', '/project/lgagliardi/helenclifford/practice_rcc/sharc4/methaniminium/tutorial_reproduction/traj/Singlet_2/TRAJ_00010/restart/MOLCAS.1.JobIph.118', 'JOBOLD']
['rasscf', 1, 4, True, False]
['copy', 'MOLCAS.rasscf.h5', 'MOLCAS.1.rasscf.h5']
['copy', 'MOLCAS.JobIph', 'MOLCAS.1.JobIph']
['copy', '/project/lgagliardi/helenclifford/practice_rcc/sharc4/methaniminium/tutorial_reproduction/traj/Singlet_2/TRAJ_00010/restart/MOLCAS.3.JobIph.118', 'JOBOLD']
['rasscf', 3, 3, True, False]
['copy', 'MOLCAS.rasscf.h5', 'MOLCAS.3.rasscf.h5']
['copy', 'MOLCAS.JobIph', 'MOLCAS.3.JobIph']
['link', 'MOLCAS.1.JobIph', 'JOB001']
['rassi', 'dm', [4]]
['copy', 'MOLCAS.rassi.h5', 'MOLCAS.rassi.1.h5']
['link', 'MOLCAS.3.JobIph', 'JOB001']
['rassi', 'dm', [3]]
['copy', 'MOLCAS.rassi.h5', 'MOLCAS.rassi.3.h5']
['copy', '/project/lgagliardi/helenclifford/practice_rcc/sharc4/methaniminium/tutorial_reproduction/traj/Singlet_2/TRAJ_00010/restart/MOLCAS.1.JobIph.118', 'JOB001']
['link', 'MOLCAS.1.JobIph', 'JOB002']
['rassi', 'overlap', [4, 4]]
['copy', 'MOLCAS.rassi.h5', 'MOLCAS.rassi.ovlp.1.h5']
['copy', '/project/lgagliardi/helenclifford/practice_rcc/sharc4/methaniminium/tutorial_reproduction/traj/Singlet_2/TRAJ_00010/restart/MOLCAS.3.JobIph.118', 'JOB001']
['link', 'MOLCAS.3.JobIph', 'JOB002']
['rassi', 'overlap', [3, 3]]
['copy', 'MOLCAS.rassi.h5', 'MOLCAS.rassi.ovlp.3.h5']
['link', 'MOLCAS.1.JobIph', 'JOB001']
['link', 'MOLCAS.3.JobIph', 'JOB002']
['rassi', 'soc', [4, 3]]
['copy', '$master_path/MOLCAS.3.JobIph', 'JOBOLD']
['rasscf', 3, 3, True, False]
['mclr', 0.0001, 'sala=1']
['alaska']
['copy', '$master_path/MOLCAS.1.JobIph', 'JOBOLD']
['rasscf', 1, 4, True, False]
['mclr', 0.0001, 'sala=1']
['alaska']
All jobs finished:
job: master          code: 0    runtime: 0:00:10.261544
job: grad_3_1        code: 0    runtime: 0:00:02.594344
job: grad_1_1        code: 0    runtime: 0:00:02.800747

Starting job execution
['gateway']
['seward']
['copy', '/project/lgagliardi/helenclifford/practice_rcc/sharc4/methaniminium/tutorial_reproduction/traj/Singlet_2/TRAJ_00010/restart/MOLCAS.1.JobIph.119', 'JOBOLD']
['rasscf', 1, 4, True, False]
['copy', 'MOLCAS.rasscf.h5', 'MOLCAS.1.rasscf.h5']
['copy', 'MOLCAS.JobIph', 'MOLCAS.1.JobIph']
['copy', '/project/lgagliardi/helenclifford/practice_rcc/sharc4/methaniminium/tutorial_reproduction/traj/Singlet_2/TRAJ_00010/restart/MOLCAS.3.JobIph.119', 'JOBOLD']
['rasscf', 3, 3, True, False]
['copy', 'MOLCAS.rasscf.h5', 'MOLCAS.3.rasscf.h5']
['copy', 'MOLCAS.JobIph', 'MOLCAS.3.JobIph']
['link', 'MOLCAS.1.JobIph', 'JOB001']
['rassi', 'dm', [4]]
['copy', 'MOLCAS.rassi.h5', 'MOLCAS.rassi.1.h5']
['link', 'MOLCAS.3.JobIph', 'JOB001']
['rassi', 'dm', [3]]
['copy', 'MOLCAS.rassi.h5', 'MOLCAS.rassi.3.h5']
['copy', '/project/lgagliardi/helenclifford/practice_rcc/sharc4/methaniminium/tutorial_reproduction/traj/Singlet_2/TRAJ_00010/restart/MOLCAS.1.JobIph.119', 'JOB001']
['link', 'MOLCAS.1.JobIph', 'JOB002']
['rassi', 'overlap', [4, 4]]
['copy', 'MOLCAS.rassi.h5', 'MOLCAS.rassi.ovlp.1.h5']
['copy', '/project/lgagliardi/helenclifford/practice_rcc/sharc4/methaniminium/tutorial_reproduction/traj/Singlet_2/TRAJ_00010/restart/MOLCAS.3.JobIph.119', 'JOB001']
['link', 'MOLCAS.3.JobIph', 'JOB002']
['rassi', 'overlap', [3, 3]]
['copy', 'MOLCAS.rassi.h5', 'MOLCAS.rassi.ovlp.3.h5']
['link', 'MOLCAS.1.JobIph', 'JOB001']
['link', 'MOLCAS.3.JobIph', 'JOB002']
['rassi', 'soc', [4, 3]]
['copy', '$master_path/MOLCAS.1.JobIph', 'JOBOLD']
['rasscf', 1, 4, True, False]
['mclr', 0.0001, 'sala=1']
['alaska']
All jobs finished:
job: master          code: 0    runtime: 0:00:07.997674
job: grad_1_1        code: 0    runtime: 0:00:02.786313

Starting job execution
['gateway']
['seward']
['copy', '/project/lgagliardi/helenclifford/practice_rcc/sharc4/methaniminium/tutorial_reproduction/traj/Singlet_2/TRAJ_00010/restart/MOLCAS.1.JobIph.120', 'JOBOLD']
['rasscf', 1, 4, True, False]
['copy', 'MOLCAS.rasscf.h5', 'MOLCAS.1.rasscf.h5']
['copy', 'MOLCAS.JobIph', 'MOLCAS.1.JobIph']
['copy', '/project/lgagliardi/helenclifford/practice_rcc/sharc4/methaniminium/tutorial_reproduction/traj/Singlet_2/TRAJ_00010/restart/MOLCAS.3.JobIph.120', 'JOBOLD']
['rasscf', 3, 3, True, False]
['copy', 'MOLCAS.rasscf.h5', 'MOLCAS.3.rasscf.h5']
['copy', 'MOLCAS.JobIph', 'MOLCAS.3.JobIph']
['link', 'MOLCAS.1.JobIph', 'JOB001']
['rassi', 'dm', [4]]
['copy', 'MOLCAS.rassi.h5', 'MOLCAS.rassi.1.h5']
['link', 'MOLCAS.3.JobIph', 'JOB001']
['rassi', 'dm', [3]]
['copy', 'MOLCAS.rassi.h5', 'MOLCAS.rassi.3.h5']
['copy', '/project/lgagliardi/helenclifford/practice_rcc/sharc4/methaniminium/tutorial_reproduction/traj/Singlet_2/TRAJ_00010/restart/MOLCAS.1.JobIph.120', 'JOB001']
['link', 'MOLCAS.1.JobIph', 'JOB002']
['rassi', 'overlap', [4, 4]]
['copy', 'MOLCAS.rassi.h5', 'MOLCAS.rassi.ovlp.1.h5']
['copy', '/project/lgagliardi/helenclifford/practice_rcc/sharc4/methaniminium/tutorial_reproduction/traj/Singlet_2/TRAJ_00010/restart/MOLCAS.3.JobIph.120', 'JOB001']
['link', 'MOLCAS.3.JobIph', 'JOB002']
['rassi', 'overlap', [3, 3]]
['copy', 'MOLCAS.rassi.h5', 'MOLCAS.rassi.ovlp.3.h5']
['link', 'MOLCAS.1.JobIph', 'JOB001']
['link', 'MOLCAS.3.JobIph', 'JOB002']
['rassi', 'soc', [4, 3]]
['copy', '$master_path/MOLCAS.1.JobIph', 'JOBOLD']
['rasscf', 1, 4, True, False]
['mclr', 0.0001, 'sala=1']
['alaska']
All jobs finished:
job: master          code: 0    runtime: 0:00:07.971220
job: grad_1_1        code: 0    runtime: 0:00:02.701540

Starting job execution
['gateway']
['seward']
['copy', '/project/lgagliardi/helenclifford/practice_rcc/sharc4/methaniminium/tutorial_reproduction/traj/Singlet_2/TRAJ_00010/restart/MOLCAS.1.JobIph.121', 'JOBOLD']
['rasscf', 1, 4, True, False]
['copy', 'MOLCAS.rasscf.h5', 'MOLCAS.1.rasscf.h5']
['copy', 'MOLCAS.JobIph', 'MOLCAS.1.JobIph']
['copy', '/project/lgagliardi/helenclifford/practice_rcc/sharc4/methaniminium/tutorial_reproduction/traj/Singlet_2/TRAJ_00010/restart/MOLCAS.3.JobIph.121', 'JOBOLD']
['rasscf', 3, 3, True, False]
['copy', 'MOLCAS.rasscf.h5', 'MOLCAS.3.rasscf.h5']
['copy', 'MOLCAS.JobIph', 'MOLCAS.3.JobIph']
['link', 'MOLCAS.1.JobIph', 'JOB001']
['rassi', 'dm', [4]]
['copy', 'MOLCAS.rassi.h5', 'MOLCAS.rassi.1.h5']
['link', 'MOLCAS.3.JobIph', 'JOB001']
['rassi', 'dm', [3]]
['copy', 'MOLCAS.rassi.h5', 'MOLCAS.rassi.3.h5']
['copy', '/project/lgagliardi/helenclifford/practice_rcc/sharc4/methaniminium/tutorial_reproduction/traj/Singlet_2/TRAJ_00010/restart/MOLCAS.1.JobIph.121', 'JOB001']
['link', 'MOLCAS.1.JobIph', 'JOB002']
['rassi', 'overlap', [4, 4]]
['copy', 'MOLCAS.rassi.h5', 'MOLCAS.rassi.ovlp.1.h5']
['copy', '/project/lgagliardi/helenclifford/practice_rcc/sharc4/methaniminium/tutorial_reproduction/traj/Singlet_2/TRAJ_00010/restart/MOLCAS.3.JobIph.121', 'JOB001']
['link', 'MOLCAS.3.JobIph', 'JOB002']
['rassi', 'overlap', [3, 3]]
['copy', 'MOLCAS.rassi.h5', 'MOLCAS.rassi.ovlp.3.h5']
['link', 'MOLCAS.1.JobIph', 'JOB001']
['link', 'MOLCAS.3.JobIph', 'JOB002']
['rassi', 'soc', [4, 3]]
['copy', '$master_path/MOLCAS.1.JobIph', 'JOBOLD']
['rasscf', 1, 4, True, False]
['mclr', 0.0001, 'sala=1']
['alaska']
All jobs finished:
job: master          code: 0    runtime: 0:00:07.952568
job: grad_1_1        code: 0    runtime: 0:00:02.957103

Starting job execution
['gateway']
['seward']
['copy', '/project/lgagliardi/helenclifford/practice_rcc/sharc4/methaniminium/tutorial_reproduction/traj/Singlet_2/TRAJ_00010/restart/MOLCAS.1.JobIph.122', 'JOBOLD']
['rasscf', 1, 4, True, False]
['copy', 'MOLCAS.rasscf.h5', 'MOLCAS.1.rasscf.h5']
['copy', 'MOLCAS.JobIph', 'MOLCAS.1.JobIph']
['copy', '/project/lgagliardi/helenclifford/practice_rcc/sharc4/methaniminium/tutorial_reproduction/traj/Singlet_2/TRAJ_00010/restart/MOLCAS.3.JobIph.122', 'JOBOLD']
['rasscf', 3, 3, True, False]
['copy', 'MOLCAS.rasscf.h5', 'MOLCAS.3.rasscf.h5']
['copy', 'MOLCAS.JobIph', 'MOLCAS.3.JobIph']
['link', 'MOLCAS.1.JobIph', 'JOB001']
['rassi', 'dm', [4]]
['copy', 'MOLCAS.rassi.h5', 'MOLCAS.rassi.1.h5']
['link', 'MOLCAS.3.JobIph', 'JOB001']
['rassi', 'dm', [3]]
['copy', 'MOLCAS.rassi.h5', 'MOLCAS.rassi.3.h5']
['copy', '/project/lgagliardi/helenclifford/practice_rcc/sharc4/methaniminium/tutorial_reproduction/traj/Singlet_2/TRAJ_00010/restart/MOLCAS.1.JobIph.122', 'JOB001']
['link', 'MOLCAS.1.JobIph', 'JOB002']
['rassi', 'overlap', [4, 4]]
['copy', 'MOLCAS.rassi.h5', 'MOLCAS.rassi.ovlp.1.h5']
['copy', '/project/lgagliardi/helenclifford/practice_rcc/sharc4/methaniminium/tutorial_reproduction/traj/Singlet_2/TRAJ_00010/restart/MOLCAS.3.JobIph.122', 'JOB001']
['link', 'MOLCAS.3.JobIph', 'JOB002']
['rassi', 'overlap', [3, 3]]
['copy', 'MOLCAS.rassi.h5', 'MOLCAS.rassi.ovlp.3.h5']
['link', 'MOLCAS.1.JobIph', 'JOB001']
['link', 'MOLCAS.3.JobIph', 'JOB002']
['rassi', 'soc', [4, 3]]
['copy', '$master_path/MOLCAS.1.JobIph', 'JOBOLD']
['rasscf', 1, 4, True, False]
['mclr', 0.0001, 'sala=1']
['alaska']
All jobs finished:
job: master          code: 0    runtime: 0:00:08.006595
job: grad_1_1        code: 0    runtime: 0:00:02.886861

Starting job execution
['gateway']
['seward']
['copy', '/project/lgagliardi/helenclifford/practice_rcc/sharc4/methaniminium/tutorial_reproduction/traj/Singlet_2/TRAJ_00010/restart/MOLCAS.1.JobIph.123', 'JOBOLD']
['rasscf', 1, 4, True, False]
['copy', 'MOLCAS.rasscf.h5', 'MOLCAS.1.rasscf.h5']
['copy', 'MOLCAS.JobIph', 'MOLCAS.1.JobIph']
['copy', '/project/lgagliardi/helenclifford/practice_rcc/sharc4/methaniminium/tutorial_reproduction/traj/Singlet_2/TRAJ_00010/restart/MOLCAS.3.JobIph.123', 'JOBOLD']
['rasscf', 3, 3, True, False]
['copy', 'MOLCAS.rasscf.h5', 'MOLCAS.3.rasscf.h5']
['copy', 'MOLCAS.JobIph', 'MOLCAS.3.JobIph']
['link', 'MOLCAS.1.JobIph', 'JOB001']
['rassi', 'dm', [4]]
['copy', 'MOLCAS.rassi.h5', 'MOLCAS.rassi.1.h5']
['link', 'MOLCAS.3.JobIph', 'JOB001']
['rassi', 'dm', [3]]
['copy', 'MOLCAS.rassi.h5', 'MOLCAS.rassi.3.h5']
['copy', '/project/lgagliardi/helenclifford/practice_rcc/sharc4/methaniminium/tutorial_reproduction/traj/Singlet_2/TRAJ_00010/restart/MOLCAS.1.JobIph.123', 'JOB001']
['link', 'MOLCAS.1.JobIph', 'JOB002']
['rassi', 'overlap', [4, 4]]
['copy', 'MOLCAS.rassi.h5', 'MOLCAS.rassi.ovlp.1.h5']
['copy', '/project/lgagliardi/helenclifford/practice_rcc/sharc4/methaniminium/tutorial_reproduction/traj/Singlet_2/TRAJ_00010/restart/MOLCAS.3.JobIph.123', 'JOB001']
['link', 'MOLCAS.3.JobIph', 'JOB002']
['rassi', 'overlap', [3, 3]]
['copy', 'MOLCAS.rassi.h5', 'MOLCAS.rassi.ovlp.3.h5']
['link', 'MOLCAS.1.JobIph', 'JOB001']
['link', 'MOLCAS.3.JobIph', 'JOB002']
['rassi', 'soc', [4, 3]]
['copy', '$master_path/MOLCAS.1.JobIph', 'JOBOLD']
['rasscf', 1, 4, True, False]
['mclr', 0.0001, 'sala=1']
['alaska']
All jobs finished:
job: master          code: 0    runtime: 0:00:07.978827
job: grad_1_1        code: 0    runtime: 0:00:02.892857

Starting job execution
['gateway']
['seward']
['copy', '/project/lgagliardi/helenclifford/practice_rcc/sharc4/methaniminium/tutorial_reproduction/traj/Singlet_2/TRAJ_00010/restart/MOLCAS.1.JobIph.124', 'JOBOLD']
['rasscf', 1, 4, True, False]
['copy', 'MOLCAS.rasscf.h5', 'MOLCAS.1.rasscf.h5']
['copy', 'MOLCAS.JobIph', 'MOLCAS.1.JobIph']
['copy', '/project/lgagliardi/helenclifford/practice_rcc/sharc4/methaniminium/tutorial_reproduction/traj/Singlet_2/TRAJ_00010/restart/MOLCAS.3.JobIph.124', 'JOBOLD']
['rasscf', 3, 3, True, False]
['copy', 'MOLCAS.rasscf.h5', 'MOLCAS.3.rasscf.h5']
['copy', 'MOLCAS.JobIph', 'MOLCAS.3.JobIph']
['link', 'MOLCAS.1.JobIph', 'JOB001']
['rassi', 'dm', [4]]
['copy', 'MOLCAS.rassi.h5', 'MOLCAS.rassi.1.h5']
['link', 'MOLCAS.3.JobIph', 'JOB001']
['rassi', 'dm', [3]]
['copy', 'MOLCAS.rassi.h5', 'MOLCAS.rassi.3.h5']
['copy', '/project/lgagliardi/helenclifford/practice_rcc/sharc4/methaniminium/tutorial_reproduction/traj/Singlet_2/TRAJ_00010/restart/MOLCAS.1.JobIph.124', 'JOB001']
['link', 'MOLCAS.1.JobIph', 'JOB002']
['rassi', 'overlap', [4, 4]]
['copy', 'MOLCAS.rassi.h5', 'MOLCAS.rassi.ovlp.1.h5']
['copy', '/project/lgagliardi/helenclifford/practice_rcc/sharc4/methaniminium/tutorial_reproduction/traj/Singlet_2/TRAJ_00010/restart/MOLCAS.3.JobIph.124', 'JOB001']
['link', 'MOLCAS.3.JobIph', 'JOB002']
['rassi', 'overlap', [3, 3]]
['copy', 'MOLCAS.rassi.h5', 'MOLCAS.rassi.ovlp.3.h5']
['link', 'MOLCAS.1.JobIph', 'JOB001']
['link', 'MOLCAS.3.JobIph', 'JOB002']
['rassi', 'soc', [4, 3]]
['copy', '$master_path/MOLCAS.1.JobIph', 'JOBOLD']
['rasscf', 1, 4, True, False]
['mclr', 0.0001, 'sala=1']
['alaska']
All jobs finished:
job: master          code: 0    runtime: 0:00:07.748924
job: grad_1_1        code: 0    runtime: 0:00:02.701940

Starting job execution
['gateway']
['seward']
['copy', '/project/lgagliardi/helenclifford/practice_rcc/sharc4/methaniminium/tutorial_reproduction/traj/Singlet_2/TRAJ_00010/restart/MOLCAS.1.JobIph.125', 'JOBOLD']
['rasscf', 1, 4, True, False]
['copy', 'MOLCAS.rasscf.h5', 'MOLCAS.1.rasscf.h5']
['copy', 'MOLCAS.JobIph', 'MOLCAS.1.JobIph']
['copy', '/project/lgagliardi/helenclifford/practice_rcc/sharc4/methaniminium/tutorial_reproduction/traj/Singlet_2/TRAJ_00010/restart/MOLCAS.3.JobIph.125', 'JOBOLD']
['rasscf', 3, 3, True, False]
['copy', 'MOLCAS.rasscf.h5', 'MOLCAS.3.rasscf.h5']
['copy', 'MOLCAS.JobIph', 'MOLCAS.3.JobIph']
['link', 'MOLCAS.1.JobIph', 'JOB001']
['rassi', 'dm', [4]]
['copy', 'MOLCAS.rassi.h5', 'MOLCAS.rassi.1.h5']
['link', 'MOLCAS.3.JobIph', 'JOB001']
['rassi', 'dm', [3]]
['copy', 'MOLCAS.rassi.h5', 'MOLCAS.rassi.3.h5']
['copy', '/project/lgagliardi/helenclifford/practice_rcc/sharc4/methaniminium/tutorial_reproduction/traj/Singlet_2/TRAJ_00010/restart/MOLCAS.1.JobIph.125', 'JOB001']
['link', 'MOLCAS.1.JobIph', 'JOB002']
['rassi', 'overlap', [4, 4]]
['copy', 'MOLCAS.rassi.h5', 'MOLCAS.rassi.ovlp.1.h5']
['copy', '/project/lgagliardi/helenclifford/practice_rcc/sharc4/methaniminium/tutorial_reproduction/traj/Singlet_2/TRAJ_00010/restart/MOLCAS.3.JobIph.125', 'JOB001']
['link', 'MOLCAS.3.JobIph', 'JOB002']
['rassi', 'overlap', [3, 3]]
['copy', 'MOLCAS.rassi.h5', 'MOLCAS.rassi.ovlp.3.h5']
['link', 'MOLCAS.1.JobIph', 'JOB001']
['link', 'MOLCAS.3.JobIph', 'JOB002']
['rassi', 'soc', [4, 3]]
['copy', '$master_path/MOLCAS.1.JobIph', 'JOBOLD']
['rasscf', 1, 4, True, False]
['mclr', 0.0001, 'sala=1']
['alaska']
All jobs finished:
job: master          code: 0    runtime: 0:00:07.356117
job: grad_1_1        code: 0    runtime: 0:00:03.229307

Starting job execution
['gateway']
['seward']
['copy', '/project/lgagliardi/helenclifford/practice_rcc/sharc4/methaniminium/tutorial_reproduction/traj/Singlet_2/TRAJ_00010/restart/MOLCAS.1.JobIph.126', 'JOBOLD']
['rasscf', 1, 4, True, False]
['copy', 'MOLCAS.rasscf.h5', 'MOLCAS.1.rasscf.h5']
['copy', 'MOLCAS.JobIph', 'MOLCAS.1.JobIph']
['copy', '/project/lgagliardi/helenclifford/practice_rcc/sharc4/methaniminium/tutorial_reproduction/traj/Singlet_2/TRAJ_00010/restart/MOLCAS.3.JobIph.126', 'JOBOLD']
['rasscf', 3, 3, True, False]
['copy', 'MOLCAS.rasscf.h5', 'MOLCAS.3.rasscf.h5']
['copy', 'MOLCAS.JobIph', 'MOLCAS.3.JobIph']
['link', 'MOLCAS.1.JobIph', 'JOB001']
['rassi', 'dm', [4]]
['copy', 'MOLCAS.rassi.h5', 'MOLCAS.rassi.1.h5']
['link', 'MOLCAS.3.JobIph', 'JOB001']
['rassi', 'dm', [3]]
['copy', 'MOLCAS.rassi.h5', 'MOLCAS.rassi.3.h5']
['copy', '/project/lgagliardi/helenclifford/practice_rcc/sharc4/methaniminium/tutorial_reproduction/traj/Singlet_2/TRAJ_00010/restart/MOLCAS.1.JobIph.126', 'JOB001']
['link', 'MOLCAS.1.JobIph', 'JOB002']
['rassi', 'overlap', [4, 4]]
['copy', 'MOLCAS.rassi.h5', 'MOLCAS.rassi.ovlp.1.h5']
['copy', '/project/lgagliardi/helenclifford/practice_rcc/sharc4/methaniminium/tutorial_reproduction/traj/Singlet_2/TRAJ_00010/restart/MOLCAS.3.JobIph.126', 'JOB001']
['link', 'MOLCAS.3.JobIph', 'JOB002']
['rassi', 'overlap', [3, 3]]
['copy', 'MOLCAS.rassi.h5', 'MOLCAS.rassi.ovlp.3.h5']
['link', 'MOLCAS.1.JobIph', 'JOB001']
['link', 'MOLCAS.3.JobIph', 'JOB002']
['rassi', 'soc', [4, 3]]
['copy', '$master_path/MOLCAS.1.JobIph', 'JOBOLD']
['rasscf', 1, 4, True, False]
['mclr', 0.0001, 'sala=1']
['alaska']
All jobs finished:
job: master          code: 0    runtime: 0:00:07.388040
job: grad_1_1        code: 0    runtime: 0:00:02.802583

Starting job execution
['gateway']
['seward']
['copy', '/project/lgagliardi/helenclifford/practice_rcc/sharc4/methaniminium/tutorial_reproduction/traj/Singlet_2/TRAJ_00010/restart/MOLCAS.1.JobIph.127', 'JOBOLD']
['rasscf', 1, 4, True, False]
['copy', 'MOLCAS.rasscf.h5', 'MOLCAS.1.rasscf.h5']
['copy', 'MOLCAS.JobIph', 'MOLCAS.1.JobIph']
['copy', '/project/lgagliardi/helenclifford/practice_rcc/sharc4/methaniminium/tutorial_reproduction/traj/Singlet_2/TRAJ_00010/restart/MOLCAS.3.JobIph.127', 'JOBOLD']
['rasscf', 3, 3, True, False]
['copy', 'MOLCAS.rasscf.h5', 'MOLCAS.3.rasscf.h5']
['copy', 'MOLCAS.JobIph', 'MOLCAS.3.JobIph']
['link', 'MOLCAS.1.JobIph', 'JOB001']
['rassi', 'dm', [4]]
['copy', 'MOLCAS.rassi.h5', 'MOLCAS.rassi.1.h5']
['link', 'MOLCAS.3.JobIph', 'JOB001']
['rassi', 'dm', [3]]
['copy', 'MOLCAS.rassi.h5', 'MOLCAS.rassi.3.h5']
['copy', '/project/lgagliardi/helenclifford/practice_rcc/sharc4/methaniminium/tutorial_reproduction/traj/Singlet_2/TRAJ_00010/restart/MOLCAS.1.JobIph.127', 'JOB001']
['link', 'MOLCAS.1.JobIph', 'JOB002']
['rassi', 'overlap', [4, 4]]
['copy', 'MOLCAS.rassi.h5', 'MOLCAS.rassi.ovlp.1.h5']
['copy', '/project/lgagliardi/helenclifford/practice_rcc/sharc4/methaniminium/tutorial_reproduction/traj/Singlet_2/TRAJ_00010/restart/MOLCAS.3.JobIph.127', 'JOB001']
['link', 'MOLCAS.3.JobIph', 'JOB002']
['rassi', 'overlap', [3, 3]]
['copy', 'MOLCAS.rassi.h5', 'MOLCAS.rassi.ovlp.3.h5']
['link', 'MOLCAS.1.JobIph', 'JOB001']
['link', 'MOLCAS.3.JobIph', 'JOB002']
['rassi', 'soc', [4, 3]]
['copy', '$master_path/MOLCAS.1.JobIph', 'JOBOLD']
['rasscf', 1, 4, True, False]
['mclr', 0.0001, 'sala=1']
['alaska']
All jobs finished:
job: master          code: 0    runtime: 0:00:07.764702
job: grad_1_1        code: 0    runtime: 0:00:02.907688

Starting job execution
['gateway']
['seward']
['copy', '/project/lgagliardi/helenclifford/practice_rcc/sharc4/methaniminium/tutorial_reproduction/traj/Singlet_2/TRAJ_00010/restart/MOLCAS.1.JobIph.128', 'JOBOLD']
['rasscf', 1, 4, True, False]
['copy', 'MOLCAS.rasscf.h5', 'MOLCAS.1.rasscf.h5']
['copy', 'MOLCAS.JobIph', 'MOLCAS.1.JobIph']
['copy', '/project/lgagliardi/helenclifford/practice_rcc/sharc4/methaniminium/tutorial_reproduction/traj/Singlet_2/TRAJ_00010/restart/MOLCAS.3.JobIph.128', 'JOBOLD']
['rasscf', 3, 3, True, False]
['copy', 'MOLCAS.rasscf.h5', 'MOLCAS.3.rasscf.h5']
['copy', 'MOLCAS.JobIph', 'MOLCAS.3.JobIph']
['link', 'MOLCAS.1.JobIph', 'JOB001']
['rassi', 'dm', [4]]
['copy', 'MOLCAS.rassi.h5', 'MOLCAS.rassi.1.h5']
['link', 'MOLCAS.3.JobIph', 'JOB001']
['rassi', 'dm', [3]]
['copy', 'MOLCAS.rassi.h5', 'MOLCAS.rassi.3.h5']
['copy', '/project/lgagliardi/helenclifford/practice_rcc/sharc4/methaniminium/tutorial_reproduction/traj/Singlet_2/TRAJ_00010/restart/MOLCAS.1.JobIph.128', 'JOB001']
['link', 'MOLCAS.1.JobIph', 'JOB002']
['rassi', 'overlap', [4, 4]]
['copy', 'MOLCAS.rassi.h5', 'MOLCAS.rassi.ovlp.1.h5']
['copy', '/project/lgagliardi/helenclifford/practice_rcc/sharc4/methaniminium/tutorial_reproduction/traj/Singlet_2/TRAJ_00010/restart/MOLCAS.3.JobIph.128', 'JOB001']
['link', 'MOLCAS.3.JobIph', 'JOB002']
['rassi', 'overlap', [3, 3]]
['copy', 'MOLCAS.rassi.h5', 'MOLCAS.rassi.ovlp.3.h5']
['link', 'MOLCAS.1.JobIph', 'JOB001']
['link', 'MOLCAS.3.JobIph', 'JOB002']
['rassi', 'soc', [4, 3]]
['copy', '$master_path/MOLCAS.1.JobIph', 'JOBOLD']
['rasscf', 1, 4, True, False]
['mclr', 0.0001, 'sala=1']
['alaska']
All jobs finished:
job: master          code: 0    runtime: 0:00:08.296375
job: grad_1_1        code: 0    runtime: 0:00:02.846340

Starting job execution
['gateway']
['seward']
['copy', '/project/lgagliardi/helenclifford/practice_rcc/sharc4/methaniminium/tutorial_reproduction/traj/Singlet_2/TRAJ_00010/restart/MOLCAS.1.JobIph.129', 'JOBOLD']
['rasscf', 1, 4, True, False]
['copy', 'MOLCAS.rasscf.h5', 'MOLCAS.1.rasscf.h5']
['copy', 'MOLCAS.JobIph', 'MOLCAS.1.JobIph']
['copy', '/project/lgagliardi/helenclifford/practice_rcc/sharc4/methaniminium/tutorial_reproduction/traj/Singlet_2/TRAJ_00010/restart/MOLCAS.3.JobIph.129', 'JOBOLD']
['rasscf', 3, 3, True, False]
['copy', 'MOLCAS.rasscf.h5', 'MOLCAS.3.rasscf.h5']
['copy', 'MOLCAS.JobIph', 'MOLCAS.3.JobIph']
['link', 'MOLCAS.1.JobIph', 'JOB001']
['rassi', 'dm', [4]]
['copy', 'MOLCAS.rassi.h5', 'MOLCAS.rassi.1.h5']
['link', 'MOLCAS.3.JobIph', 'JOB001']
['rassi', 'dm', [3]]
['copy', 'MOLCAS.rassi.h5', 'MOLCAS.rassi.3.h5']
['copy', '/project/lgagliardi/helenclifford/practice_rcc/sharc4/methaniminium/tutorial_reproduction/traj/Singlet_2/TRAJ_00010/restart/MOLCAS.1.JobIph.129', 'JOB001']
['link', 'MOLCAS.1.JobIph', 'JOB002']
['rassi', 'overlap', [4, 4]]
['copy', 'MOLCAS.rassi.h5', 'MOLCAS.rassi.ovlp.1.h5']
['copy', '/project/lgagliardi/helenclifford/practice_rcc/sharc4/methaniminium/tutorial_reproduction/traj/Singlet_2/TRAJ_00010/restart/MOLCAS.3.JobIph.129', 'JOB001']
['link', 'MOLCAS.3.JobIph', 'JOB002']
['rassi', 'overlap', [3, 3]]
['copy', 'MOLCAS.rassi.h5', 'MOLCAS.rassi.ovlp.3.h5']
['link', 'MOLCAS.1.JobIph', 'JOB001']
['link', 'MOLCAS.3.JobIph', 'JOB002']
['rassi', 'soc', [4, 3]]
['copy', '$master_path/MOLCAS.1.JobIph', 'JOBOLD']
['rasscf', 1, 4, True, False]
['mclr', 0.0001, 'sala=1']
['alaska']
All jobs finished:
job: master          code: 0    runtime: 0:00:07.407641
job: grad_1_1        code: 0    runtime: 0:00:02.757954

Starting job execution
['gateway']
['seward']
['copy', '/project/lgagliardi/helenclifford/practice_rcc/sharc4/methaniminium/tutorial_reproduction/traj/Singlet_2/TRAJ_00010/restart/MOLCAS.1.JobIph.130', 'JOBOLD']
['rasscf', 1, 4, True, False]
['copy', 'MOLCAS.rasscf.h5', 'MOLCAS.1.rasscf.h5']
['copy', 'MOLCAS.JobIph', 'MOLCAS.1.JobIph']
['copy', '/project/lgagliardi/helenclifford/practice_rcc/sharc4/methaniminium/tutorial_reproduction/traj/Singlet_2/TRAJ_00010/restart/MOLCAS.3.JobIph.130', 'JOBOLD']
['rasscf', 3, 3, True, False]
['copy', 'MOLCAS.rasscf.h5', 'MOLCAS.3.rasscf.h5']
['copy', 'MOLCAS.JobIph', 'MOLCAS.3.JobIph']
['link', 'MOLCAS.1.JobIph', 'JOB001']
['rassi', 'dm', [4]]
['copy', 'MOLCAS.rassi.h5', 'MOLCAS.rassi.1.h5']
['link', 'MOLCAS.3.JobIph', 'JOB001']
['rassi', 'dm', [3]]
['copy', 'MOLCAS.rassi.h5', 'MOLCAS.rassi.3.h5']
['copy', '/project/lgagliardi/helenclifford/practice_rcc/sharc4/methaniminium/tutorial_reproduction/traj/Singlet_2/TRAJ_00010/restart/MOLCAS.1.JobIph.130', 'JOB001']
['link', 'MOLCAS.1.JobIph', 'JOB002']
['rassi', 'overlap', [4, 4]]
['copy', 'MOLCAS.rassi.h5', 'MOLCAS.rassi.ovlp.1.h5']
['copy', '/project/lgagliardi/helenclifford/practice_rcc/sharc4/methaniminium/tutorial_reproduction/traj/Singlet_2/TRAJ_00010/restart/MOLCAS.3.JobIph.130', 'JOB001']
['link', 'MOLCAS.3.JobIph', 'JOB002']
['rassi', 'overlap', [3, 3]]
['copy', 'MOLCAS.rassi.h5', 'MOLCAS.rassi.ovlp.3.h5']
['link', 'MOLCAS.1.JobIph', 'JOB001']
['link', 'MOLCAS.3.JobIph', 'JOB002']
['rassi', 'soc', [4, 3]]
['copy', '$master_path/MOLCAS.1.JobIph', 'JOBOLD']
['rasscf', 1, 4, True, False]
['mclr', 0.0001, 'sala=1']
['alaska']
All jobs finished:
job: master          code: 0    runtime: 0:00:08.571848
job: grad_1_1        code: 0    runtime: 0:00:02.712796

Starting job execution
['gateway']
['seward']
['copy', '/project/lgagliardi/helenclifford/practice_rcc/sharc4/methaniminium/tutorial_reproduction/traj/Singlet_2/TRAJ_00010/restart/MOLCAS.1.JobIph.131', 'JOBOLD']
['rasscf', 1, 4, True, False]
['copy', 'MOLCAS.rasscf.h5', 'MOLCAS.1.rasscf.h5']
['copy', 'MOLCAS.JobIph', 'MOLCAS.1.JobIph']
['copy', '/project/lgagliardi/helenclifford/practice_rcc/sharc4/methaniminium/tutorial_reproduction/traj/Singlet_2/TRAJ_00010/restart/MOLCAS.3.JobIph.131', 'JOBOLD']
['rasscf', 3, 3, True, False]
['copy', 'MOLCAS.rasscf.h5', 'MOLCAS.3.rasscf.h5']
['copy', 'MOLCAS.JobIph', 'MOLCAS.3.JobIph']
['link', 'MOLCAS.1.JobIph', 'JOB001']
['rassi', 'dm', [4]]
['copy', 'MOLCAS.rassi.h5', 'MOLCAS.rassi.1.h5']
['link', 'MOLCAS.3.JobIph', 'JOB001']
['rassi', 'dm', [3]]
['copy', 'MOLCAS.rassi.h5', 'MOLCAS.rassi.3.h5']
['copy', '/project/lgagliardi/helenclifford/practice_rcc/sharc4/methaniminium/tutorial_reproduction/traj/Singlet_2/TRAJ_00010/restart/MOLCAS.1.JobIph.131', 'JOB001']
['link', 'MOLCAS.1.JobIph', 'JOB002']
['rassi', 'overlap', [4, 4]]
['copy', 'MOLCAS.rassi.h5', 'MOLCAS.rassi.ovlp.1.h5']
['copy', '/project/lgagliardi/helenclifford/practice_rcc/sharc4/methaniminium/tutorial_reproduction/traj/Singlet_2/TRAJ_00010/restart/MOLCAS.3.JobIph.131', 'JOB001']
['link', 'MOLCAS.3.JobIph', 'JOB002']
['rassi', 'overlap', [3, 3]]
['copy', 'MOLCAS.rassi.h5', 'MOLCAS.rassi.ovlp.3.h5']
['link', 'MOLCAS.1.JobIph', 'JOB001']
['link', 'MOLCAS.3.JobIph', 'JOB002']
['rassi', 'soc', [4, 3]]
['copy', '$master_path/MOLCAS.1.JobIph', 'JOBOLD']
['rasscf', 1, 4, True, False]
['mclr', 0.0001, 'sala=1']
['alaska']
All jobs finished:
job: master          code: 0    runtime: 0:00:07.737767
job: grad_1_1        code: 0    runtime: 0:00:02.794028

Starting job execution
['gateway']
['seward']
['copy', '/project/lgagliardi/helenclifford/practice_rcc/sharc4/methaniminium/tutorial_reproduction/traj/Singlet_2/TRAJ_00010/restart/MOLCAS.1.JobIph.132', 'JOBOLD']
['rasscf', 1, 4, True, False]
['copy', 'MOLCAS.rasscf.h5', 'MOLCAS.1.rasscf.h5']
['copy', 'MOLCAS.JobIph', 'MOLCAS.1.JobIph']
['copy', '/project/lgagliardi/helenclifford/practice_rcc/sharc4/methaniminium/tutorial_reproduction/traj/Singlet_2/TRAJ_00010/restart/MOLCAS.3.JobIph.132', 'JOBOLD']
['rasscf', 3, 3, True, False]
['copy', 'MOLCAS.rasscf.h5', 'MOLCAS.3.rasscf.h5']
['copy', 'MOLCAS.JobIph', 'MOLCAS.3.JobIph']
['link', 'MOLCAS.1.JobIph', 'JOB001']
['rassi', 'dm', [4]]
['copy', 'MOLCAS.rassi.h5', 'MOLCAS.rassi.1.h5']
['link', 'MOLCAS.3.JobIph', 'JOB001']
['rassi', 'dm', [3]]
['copy', 'MOLCAS.rassi.h5', 'MOLCAS.rassi.3.h5']
['copy', '/project/lgagliardi/helenclifford/practice_rcc/sharc4/methaniminium/tutorial_reproduction/traj/Singlet_2/TRAJ_00010/restart/MOLCAS.1.JobIph.132', 'JOB001']
['link', 'MOLCAS.1.JobIph', 'JOB002']
['rassi', 'overlap', [4, 4]]
['copy', 'MOLCAS.rassi.h5', 'MOLCAS.rassi.ovlp.1.h5']
['copy', '/project/lgagliardi/helenclifford/practice_rcc/sharc4/methaniminium/tutorial_reproduction/traj/Singlet_2/TRAJ_00010/restart/MOLCAS.3.JobIph.132', 'JOB001']
['link', 'MOLCAS.3.JobIph', 'JOB002']
['rassi', 'overlap', [3, 3]]
['copy', 'MOLCAS.rassi.h5', 'MOLCAS.rassi.ovlp.3.h5']
['link', 'MOLCAS.1.JobIph', 'JOB001']
['link', 'MOLCAS.3.JobIph', 'JOB002']
['rassi', 'soc', [4, 3]]
['copy', '$master_path/MOLCAS.1.JobIph', 'JOBOLD']
['rasscf', 1, 4, True, False]
['mclr', 0.0001, 'sala=1']
['alaska']
All jobs finished:
job: master          code: 0    runtime: 0:00:08.450708
job: grad_1_1        code: 0    runtime: 0:00:02.918988

Starting job execution
['gateway']
['seward']
['copy', '/project/lgagliardi/helenclifford/practice_rcc/sharc4/methaniminium/tutorial_reproduction/traj/Singlet_2/TRAJ_00010/restart/MOLCAS.1.JobIph.133', 'JOBOLD']
['rasscf', 1, 4, True, False]
['copy', 'MOLCAS.rasscf.h5', 'MOLCAS.1.rasscf.h5']
['copy', 'MOLCAS.JobIph', 'MOLCAS.1.JobIph']
['copy', '/project/lgagliardi/helenclifford/practice_rcc/sharc4/methaniminium/tutorial_reproduction/traj/Singlet_2/TRAJ_00010/restart/MOLCAS.3.JobIph.133', 'JOBOLD']
['rasscf', 3, 3, True, False]
['copy', 'MOLCAS.rasscf.h5', 'MOLCAS.3.rasscf.h5']
['copy', 'MOLCAS.JobIph', 'MOLCAS.3.JobIph']
['link', 'MOLCAS.1.JobIph', 'JOB001']
['rassi', 'dm', [4]]
['copy', 'MOLCAS.rassi.h5', 'MOLCAS.rassi.1.h5']
['link', 'MOLCAS.3.JobIph', 'JOB001']
['rassi', 'dm', [3]]
['copy', 'MOLCAS.rassi.h5', 'MOLCAS.rassi.3.h5']
['copy', '/project/lgagliardi/helenclifford/practice_rcc/sharc4/methaniminium/tutorial_reproduction/traj/Singlet_2/TRAJ_00010/restart/MOLCAS.1.JobIph.132', 'JOB001']
['link', 'MOLCAS.1.JobIph', 'JOB002']
['rassi', 'overlap', [4, 4]]
['copy', 'MOLCAS.rassi.h5', 'MOLCAS.rassi.ovlp.1.h5']
['copy', '/project/lgagliardi/helenclifford/practice_rcc/sharc4/methaniminium/tutorial_reproduction/traj/Singlet_2/TRAJ_00010/restart/MOLCAS.3.JobIph.132', 'JOB001']
['link', 'MOLCAS.3.JobIph', 'JOB002']
['rassi', 'overlap', [3, 3]]
['copy', 'MOLCAS.rassi.h5', 'MOLCAS.rassi.ovlp.3.h5']
['link', 'MOLCAS.1.JobIph', 'JOB001']
['link', 'MOLCAS.3.JobIph', 'JOB002']
['rassi', 'soc', [4, 3]]
['copy', '$master_path/MOLCAS.3.JobIph', 'JOBOLD']
['rasscf', 3, 3, True, False]
['mclr', 0.0001, 'sala=1']
['alaska']
['copy', '$master_path/MOLCAS.1.JobIph', 'JOBOLD']
['rasscf', 1, 4, True, False]
['mclr', 0.0001, 'sala=1']
['alaska']
All jobs finished:
job: master          code: 0    runtime: 0:00:05.998006
job: grad_3_1        code: 0    runtime: 0:00:02.502074
job: grad_1_1        code: 0    runtime: 0:00:02.772010

Starting job execution
['gateway']
['seward']
['copy', '/project/lgagliardi/helenclifford/practice_rcc/sharc4/methaniminium/tutorial_reproduction/traj/Singlet_2/TRAJ_00010/restart/MOLCAS.1.JobIph.133', 'JOBOLD']
['rasscf', 1, 4, True, False]
['copy', 'MOLCAS.rasscf.h5', 'MOLCAS.1.rasscf.h5']
['copy', 'MOLCAS.JobIph', 'MOLCAS.1.JobIph']
['copy', '/project/lgagliardi/helenclifford/practice_rcc/sharc4/methaniminium/tutorial_reproduction/traj/Singlet_2/TRAJ_00010/restart/MOLCAS.3.JobIph.133', 'JOBOLD']
['rasscf', 3, 3, True, False]
['copy', 'MOLCAS.rasscf.h5', 'MOLCAS.3.rasscf.h5']
['copy', 'MOLCAS.JobIph', 'MOLCAS.3.JobIph']
['link', 'MOLCAS.1.JobIph', 'JOB001']
['rassi', 'dm', [4]]
['copy', 'MOLCAS.rassi.h5', 'MOLCAS.rassi.1.h5']
['link', 'MOLCAS.3.JobIph', 'JOB001']
['rassi', 'dm', [3]]
['copy', 'MOLCAS.rassi.h5', 'MOLCAS.rassi.3.h5']
['copy', '/project/lgagliardi/helenclifford/practice_rcc/sharc4/methaniminium/tutorial_reproduction/traj/Singlet_2/TRAJ_00010/restart/MOLCAS.1.JobIph.133', 'JOB001']
['link', 'MOLCAS.1.JobIph', 'JOB002']
['rassi', 'overlap', [4, 4]]
['copy', 'MOLCAS.rassi.h5', 'MOLCAS.rassi.ovlp.1.h5']
['copy', '/project/lgagliardi/helenclifford/practice_rcc/sharc4/methaniminium/tutorial_reproduction/traj/Singlet_2/TRAJ_00010/restart/MOLCAS.3.JobIph.133', 'JOB001']
['link', 'MOLCAS.3.JobIph', 'JOB002']
['rassi', 'overlap', [3, 3]]
['copy', 'MOLCAS.rassi.h5', 'MOLCAS.rassi.ovlp.3.h5']
['link', 'MOLCAS.1.JobIph', 'JOB001']
['link', 'MOLCAS.3.JobIph', 'JOB002']
['rassi', 'soc', [4, 3]]
['copy', '$master_path/MOLCAS.3.JobIph', 'JOBOLD']
['rasscf', 3, 3, True, False]
['mclr', 0.0001, 'sala=1']
['alaska']
['copy', '$master_path/MOLCAS.1.JobIph', 'JOBOLD']
['rasscf', 1, 4, True, False]
['mclr', 0.0001, 'sala=1']
['alaska']
All jobs finished:
job: master          code: 0    runtime: 0:00:08.628516
job: grad_3_1        code: 0    runtime: 0:00:02.612526
job: grad_1_1        code: 0    runtime: 0:00:02.774218

Starting job execution
['gateway']
['seward']
['copy', '/project/lgagliardi/helenclifford/practice_rcc/sharc4/methaniminium/tutorial_reproduction/traj/Singlet_2/TRAJ_00010/restart/MOLCAS.1.JobIph.134', 'JOBOLD']
['rasscf', 1, 4, True, False]
['copy', 'MOLCAS.rasscf.h5', 'MOLCAS.1.rasscf.h5']
['copy', 'MOLCAS.JobIph', 'MOLCAS.1.JobIph']
['copy', '/project/lgagliardi/helenclifford/practice_rcc/sharc4/methaniminium/tutorial_reproduction/traj/Singlet_2/TRAJ_00010/restart/MOLCAS.3.JobIph.134', 'JOBOLD']
['rasscf', 3, 3, True, False]
['copy', 'MOLCAS.rasscf.h5', 'MOLCAS.3.rasscf.h5']
['copy', 'MOLCAS.JobIph', 'MOLCAS.3.JobIph']
['link', 'MOLCAS.1.JobIph', 'JOB001']
['rassi', 'dm', [4]]
['copy', 'MOLCAS.rassi.h5', 'MOLCAS.rassi.1.h5']
['link', 'MOLCAS.3.JobIph', 'JOB001']
['rassi', 'dm', [3]]
['copy', 'MOLCAS.rassi.h5', 'MOLCAS.rassi.3.h5']
['copy', '/project/lgagliardi/helenclifford/practice_rcc/sharc4/methaniminium/tutorial_reproduction/traj/Singlet_2/TRAJ_00010/restart/MOLCAS.1.JobIph.134', 'JOB001']
['link', 'MOLCAS.1.JobIph', 'JOB002']
['rassi', 'overlap', [4, 4]]
['copy', 'MOLCAS.rassi.h5', 'MOLCAS.rassi.ovlp.1.h5']
['copy', '/project/lgagliardi/helenclifford/practice_rcc/sharc4/methaniminium/tutorial_reproduction/traj/Singlet_2/TRAJ_00010/restart/MOLCAS.3.JobIph.134', 'JOB001']
['link', 'MOLCAS.3.JobIph', 'JOB002']
['rassi', 'overlap', [3, 3]]
['copy', 'MOLCAS.rassi.h5', 'MOLCAS.rassi.ovlp.3.h5']
['link', 'MOLCAS.1.JobIph', 'JOB001']
['link', 'MOLCAS.3.JobIph', 'JOB002']
['rassi', 'soc', [4, 3]]
['copy', '$master_path/MOLCAS.3.JobIph', 'JOBOLD']
['rasscf', 3, 3, True, False]
['mclr', 0.0001, 'sala=1']
['alaska']
['copy', '$master_path/MOLCAS.1.JobIph', 'JOBOLD']
['rasscf', 1, 4, True, False]
['mclr', 0.0001, 'sala=1']
['alaska']
All jobs finished:
job: master          code: 0    runtime: 0:00:07.352380
job: grad_3_1        code: 0    runtime: 0:00:02.645695
job: grad_1_1        code: 0    runtime: 0:00:02.764286

Starting job execution
['gateway']
['seward']
['copy', '/project/lgagliardi/helenclifford/practice_rcc/sharc4/methaniminium/tutorial_reproduction/traj/Singlet_2/TRAJ_00010/restart/MOLCAS.1.JobIph.135', 'JOBOLD']
['rasscf', 1, 4, True, False]
['copy', 'MOLCAS.rasscf.h5', 'MOLCAS.1.rasscf.h5']
['copy', 'MOLCAS.JobIph', 'MOLCAS.1.JobIph']
['copy', '/project/lgagliardi/helenclifford/practice_rcc/sharc4/methaniminium/tutorial_reproduction/traj/Singlet_2/TRAJ_00010/restart/MOLCAS.3.JobIph.135', 'JOBOLD']
['rasscf', 3, 3, True, False]
['copy', 'MOLCAS.rasscf.h5', 'MOLCAS.3.rasscf.h5']
['copy', 'MOLCAS.JobIph', 'MOLCAS.3.JobIph']
['link', 'MOLCAS.1.JobIph', 'JOB001']
['rassi', 'dm', [4]]
['copy', 'MOLCAS.rassi.h5', 'MOLCAS.rassi.1.h5']
['link', 'MOLCAS.3.JobIph', 'JOB001']
['rassi', 'dm', [3]]
['copy', 'MOLCAS.rassi.h5', 'MOLCAS.rassi.3.h5']
['copy', '/project/lgagliardi/helenclifford/practice_rcc/sharc4/methaniminium/tutorial_reproduction/traj/Singlet_2/TRAJ_00010/restart/MOLCAS.1.JobIph.135', 'JOB001']
['link', 'MOLCAS.1.JobIph', 'JOB002']
['rassi', 'overlap', [4, 4]]
['copy', 'MOLCAS.rassi.h5', 'MOLCAS.rassi.ovlp.1.h5']
['copy', '/project/lgagliardi/helenclifford/practice_rcc/sharc4/methaniminium/tutorial_reproduction/traj/Singlet_2/TRAJ_00010/restart/MOLCAS.3.JobIph.135', 'JOB001']
['link', 'MOLCAS.3.JobIph', 'JOB002']
['rassi', 'overlap', [3, 3]]
['copy', 'MOLCAS.rassi.h5', 'MOLCAS.rassi.ovlp.3.h5']
['link', 'MOLCAS.1.JobIph', 'JOB001']
['link', 'MOLCAS.3.JobIph', 'JOB002']
['rassi', 'soc', [4, 3]]
['copy', '$master_path/MOLCAS.3.JobIph', 'JOBOLD']
['rasscf', 3, 3, True, False]
['mclr', 0.0001, 'sala=1']
['alaska']
['copy', '$master_path/MOLCAS.1.JobIph', 'JOBOLD']
['rasscf', 1, 4, True, False]
['mclr', 0.0001, 'sala=1']
['alaska']
All jobs finished:
job: master          code: 0    runtime: 0:00:07.641981
job: grad_3_1        code: 0    runtime: 0:00:02.608595
job: grad_1_1        code: 0    runtime: 0:00:02.808563

Starting job execution
['gateway']
['seward']
['copy', '/project/lgagliardi/helenclifford/practice_rcc/sharc4/methaniminium/tutorial_reproduction/traj/Singlet_2/TRAJ_00010/restart/MOLCAS.1.JobIph.136', 'JOBOLD']
['rasscf', 1, 4, True, False]
['copy', 'MOLCAS.rasscf.h5', 'MOLCAS.1.rasscf.h5']
['copy', 'MOLCAS.JobIph', 'MOLCAS.1.JobIph']
['copy', '/project/lgagliardi/helenclifford/practice_rcc/sharc4/methaniminium/tutorial_reproduction/traj/Singlet_2/TRAJ_00010/restart/MOLCAS.3.JobIph.136', 'JOBOLD']
['rasscf', 3, 3, True, False]
['copy', 'MOLCAS.rasscf.h5', 'MOLCAS.3.rasscf.h5']
['copy', 'MOLCAS.JobIph', 'MOLCAS.3.JobIph']
['link', 'MOLCAS.1.JobIph', 'JOB001']
['rassi', 'dm', [4]]
['copy', 'MOLCAS.rassi.h5', 'MOLCAS.rassi.1.h5']
['link', 'MOLCAS.3.JobIph', 'JOB001']
['rassi', 'dm', [3]]
['copy', 'MOLCAS.rassi.h5', 'MOLCAS.rassi.3.h5']
['copy', '/project/lgagliardi/helenclifford/practice_rcc/sharc4/methaniminium/tutorial_reproduction/traj/Singlet_2/TRAJ_00010/restart/MOLCAS.1.JobIph.136', 'JOB001']
['link', 'MOLCAS.1.JobIph', 'JOB002']
['rassi', 'overlap', [4, 4]]
['copy', 'MOLCAS.rassi.h5', 'MOLCAS.rassi.ovlp.1.h5']
['copy', '/project/lgagliardi/helenclifford/practice_rcc/sharc4/methaniminium/tutorial_reproduction/traj/Singlet_2/TRAJ_00010/restart/MOLCAS.3.JobIph.136', 'JOB001']
['link', 'MOLCAS.3.JobIph', 'JOB002']
['rassi', 'overlap', [3, 3]]
['copy', 'MOLCAS.rassi.h5', 'MOLCAS.rassi.ovlp.3.h5']
['link', 'MOLCAS.1.JobIph', 'JOB001']
['link', 'MOLCAS.3.JobIph', 'JOB002']
['rassi', 'soc', [4, 3]]
['copy', '$master_path/MOLCAS.3.JobIph', 'JOBOLD']
['rasscf', 3, 3, True, False]
['mclr', 0.0001, 'sala=1']
['alaska']
['copy', '$master_path/MOLCAS.1.JobIph', 'JOBOLD']
['rasscf', 1, 4, True, False]
['mclr', 0.0001, 'sala=1']
['alaska']
All jobs finished:
job: master          code: 0    runtime: 0:00:07.597872
job: grad_3_1        code: 0    runtime: 0:00:03.105330
job: grad_1_1        code: 0    runtime: 0:00:02.763664

Starting job execution
['gateway']
['seward']
['copy', '/project/lgagliardi/helenclifford/practice_rcc/sharc4/methaniminium/tutorial_reproduction/traj/Singlet_2/TRAJ_00010/restart/MOLCAS.1.JobIph.137', 'JOBOLD']
['rasscf', 1, 4, True, False]
['copy', 'MOLCAS.rasscf.h5', 'MOLCAS.1.rasscf.h5']
['copy', 'MOLCAS.JobIph', 'MOLCAS.1.JobIph']
['copy', '/project/lgagliardi/helenclifford/practice_rcc/sharc4/methaniminium/tutorial_reproduction/traj/Singlet_2/TRAJ_00010/restart/MOLCAS.3.JobIph.137', 'JOBOLD']
['rasscf', 3, 3, True, False]
['copy', 'MOLCAS.rasscf.h5', 'MOLCAS.3.rasscf.h5']
['copy', 'MOLCAS.JobIph', 'MOLCAS.3.JobIph']
['link', 'MOLCAS.1.JobIph', 'JOB001']
['rassi', 'dm', [4]]
['copy', 'MOLCAS.rassi.h5', 'MOLCAS.rassi.1.h5']
['link', 'MOLCAS.3.JobIph', 'JOB001']
['rassi', 'dm', [3]]
['copy', 'MOLCAS.rassi.h5', 'MOLCAS.rassi.3.h5']
['copy', '/project/lgagliardi/helenclifford/practice_rcc/sharc4/methaniminium/tutorial_reproduction/traj/Singlet_2/TRAJ_00010/restart/MOLCAS.1.JobIph.137', 'JOB001']
['link', 'MOLCAS.1.JobIph', 'JOB002']
['rassi', 'overlap', [4, 4]]
['copy', 'MOLCAS.rassi.h5', 'MOLCAS.rassi.ovlp.1.h5']
['copy', '/project/lgagliardi/helenclifford/practice_rcc/sharc4/methaniminium/tutorial_reproduction/traj/Singlet_2/TRAJ_00010/restart/MOLCAS.3.JobIph.137', 'JOB001']
['link', 'MOLCAS.3.JobIph', 'JOB002']
['rassi', 'overlap', [3, 3]]
['copy', 'MOLCAS.rassi.h5', 'MOLCAS.rassi.ovlp.3.h5']
['link', 'MOLCAS.1.JobIph', 'JOB001']
['link', 'MOLCAS.3.JobIph', 'JOB002']
['rassi', 'soc', [4, 3]]
['copy', '$master_path/MOLCAS.3.JobIph', 'JOBOLD']
['rasscf', 3, 3, True, False]
['mclr', 0.0001, 'sala=1']
['alaska']
['copy', '$master_path/MOLCAS.1.JobIph', 'JOBOLD']
['rasscf', 1, 4, True, False]
['mclr', 0.0001, 'sala=1']
['alaska']
All jobs finished:
job: master          code: 0    runtime: 0:00:07.535093
job: grad_3_1        code: 0    runtime: 0:00:02.563128
job: grad_1_1        code: 0    runtime: 0:00:02.857095

Starting job execution
['gateway']
['seward']
['copy', '/project/lgagliardi/helenclifford/practice_rcc/sharc4/methaniminium/tutorial_reproduction/traj/Singlet_2/TRAJ_00010/restart/MOLCAS.1.JobIph.138', 'JOBOLD']
['rasscf', 1, 4, True, False]
['copy', 'MOLCAS.rasscf.h5', 'MOLCAS.1.rasscf.h5']
['copy', 'MOLCAS.JobIph', 'MOLCAS.1.JobIph']
['copy', '/project/lgagliardi/helenclifford/practice_rcc/sharc4/methaniminium/tutorial_reproduction/traj/Singlet_2/TRAJ_00010/restart/MOLCAS.3.JobIph.138', 'JOBOLD']
['rasscf', 3, 3, True, False]
['copy', 'MOLCAS.rasscf.h5', 'MOLCAS.3.rasscf.h5']
['copy', 'MOLCAS.JobIph', 'MOLCAS.3.JobIph']
['link', 'MOLCAS.1.JobIph', 'JOB001']
['rassi', 'dm', [4]]
['copy', 'MOLCAS.rassi.h5', 'MOLCAS.rassi.1.h5']
['link', 'MOLCAS.3.JobIph', 'JOB001']
['rassi', 'dm', [3]]
['copy', 'MOLCAS.rassi.h5', 'MOLCAS.rassi.3.h5']
['copy', '/project/lgagliardi/helenclifford/practice_rcc/sharc4/methaniminium/tutorial_reproduction/traj/Singlet_2/TRAJ_00010/restart/MOLCAS.1.JobIph.138', 'JOB001']
['link', 'MOLCAS.1.JobIph', 'JOB002']
['rassi', 'overlap', [4, 4]]
['copy', 'MOLCAS.rassi.h5', 'MOLCAS.rassi.ovlp.1.h5']
['copy', '/project/lgagliardi/helenclifford/practice_rcc/sharc4/methaniminium/tutorial_reproduction/traj/Singlet_2/TRAJ_00010/restart/MOLCAS.3.JobIph.138', 'JOB001']
['link', 'MOLCAS.3.JobIph', 'JOB002']
['rassi', 'overlap', [3, 3]]
['copy', 'MOLCAS.rassi.h5', 'MOLCAS.rassi.ovlp.3.h5']
['link', 'MOLCAS.1.JobIph', 'JOB001']
['link', 'MOLCAS.3.JobIph', 'JOB002']
['rassi', 'soc', [4, 3]]
['copy', '$master_path/MOLCAS.3.JobIph', 'JOBOLD']
['rasscf', 3, 3, True, False]
['mclr', 0.0001, 'sala=1']
['alaska']
['copy', '$master_path/MOLCAS.1.JobIph', 'JOBOLD']
['rasscf', 1, 4, True, False]
['mclr', 0.0001, 'sala=1']
['alaska']
All jobs finished:
job: master          code: 0    runtime: 0:00:07.765195
job: grad_3_1        code: 0    runtime: 0:00:02.566125
job: grad_1_1        code: 0    runtime: 0:00:02.708430

Starting job execution
['gateway']
['seward']
['copy', '/project/lgagliardi/helenclifford/practice_rcc/sharc4/methaniminium/tutorial_reproduction/traj/Singlet_2/TRAJ_00010/restart/MOLCAS.1.JobIph.139', 'JOBOLD']
['rasscf', 1, 4, True, False]
['copy', 'MOLCAS.rasscf.h5', 'MOLCAS.1.rasscf.h5']
['copy', 'MOLCAS.JobIph', 'MOLCAS.1.JobIph']
['copy', '/project/lgagliardi/helenclifford/practice_rcc/sharc4/methaniminium/tutorial_reproduction/traj/Singlet_2/TRAJ_00010/restart/MOLCAS.3.JobIph.139', 'JOBOLD']
['rasscf', 3, 3, True, False]
['copy', 'MOLCAS.rasscf.h5', 'MOLCAS.3.rasscf.h5']
['copy', 'MOLCAS.JobIph', 'MOLCAS.3.JobIph']
['link', 'MOLCAS.1.JobIph', 'JOB001']
['rassi', 'dm', [4]]
['copy', 'MOLCAS.rassi.h5', 'MOLCAS.rassi.1.h5']
['link', 'MOLCAS.3.JobIph', 'JOB001']
['rassi', 'dm', [3]]
['copy', 'MOLCAS.rassi.h5', 'MOLCAS.rassi.3.h5']
['copy', '/project/lgagliardi/helenclifford/practice_rcc/sharc4/methaniminium/tutorial_reproduction/traj/Singlet_2/TRAJ_00010/restart/MOLCAS.1.JobIph.139', 'JOB001']
['link', 'MOLCAS.1.JobIph', 'JOB002']
['rassi', 'overlap', [4, 4]]
['copy', 'MOLCAS.rassi.h5', 'MOLCAS.rassi.ovlp.1.h5']
['copy', '/project/lgagliardi/helenclifford/practice_rcc/sharc4/methaniminium/tutorial_reproduction/traj/Singlet_2/TRAJ_00010/restart/MOLCAS.3.JobIph.139', 'JOB001']
['link', 'MOLCAS.3.JobIph', 'JOB002']
['rassi', 'overlap', [3, 3]]
['copy', 'MOLCAS.rassi.h5', 'MOLCAS.rassi.ovlp.3.h5']
['link', 'MOLCAS.1.JobIph', 'JOB001']
['link', 'MOLCAS.3.JobIph', 'JOB002']
['rassi', 'soc', [4, 3]]
['copy', '$master_path/MOLCAS.3.JobIph', 'JOBOLD']
['rasscf', 3, 3, True, False]
['mclr', 0.0001, 'sala=1']
['alaska']
['copy', '$master_path/MOLCAS.1.JobIph', 'JOBOLD']
['rasscf', 1, 4, True, False]
['mclr', 0.0001, 'sala=1']
['alaska']
All jobs finished:
job: master          code: 0    runtime: 0:00:07.614607
job: grad_3_1        code: 0    runtime: 0:00:02.637317
job: grad_1_1        code: 0    runtime: 0:00:02.788794

Starting job execution
['gateway']
['seward']
['copy', '/project/lgagliardi/helenclifford/practice_rcc/sharc4/methaniminium/tutorial_reproduction/traj/Singlet_2/TRAJ_00010/restart/MOLCAS.1.JobIph.140', 'JOBOLD']
['rasscf', 1, 4, True, False]
['copy', 'MOLCAS.rasscf.h5', 'MOLCAS.1.rasscf.h5']
['copy', 'MOLCAS.JobIph', 'MOLCAS.1.JobIph']
['copy', '/project/lgagliardi/helenclifford/practice_rcc/sharc4/methaniminium/tutorial_reproduction/traj/Singlet_2/TRAJ_00010/restart/MOLCAS.3.JobIph.140', 'JOBOLD']
['rasscf', 3, 3, True, False]
['copy', 'MOLCAS.rasscf.h5', 'MOLCAS.3.rasscf.h5']
['copy', 'MOLCAS.JobIph', 'MOLCAS.3.JobIph']
['link', 'MOLCAS.1.JobIph', 'JOB001']
['rassi', 'dm', [4]]
['copy', 'MOLCAS.rassi.h5', 'MOLCAS.rassi.1.h5']
['link', 'MOLCAS.3.JobIph', 'JOB001']
['rassi', 'dm', [3]]
['copy', 'MOLCAS.rassi.h5', 'MOLCAS.rassi.3.h5']
['copy', '/project/lgagliardi/helenclifford/practice_rcc/sharc4/methaniminium/tutorial_reproduction/traj/Singlet_2/TRAJ_00010/restart/MOLCAS.1.JobIph.140', 'JOB001']
['link', 'MOLCAS.1.JobIph', 'JOB002']
['rassi', 'overlap', [4, 4]]
['copy', 'MOLCAS.rassi.h5', 'MOLCAS.rassi.ovlp.1.h5']
['copy', '/project/lgagliardi/helenclifford/practice_rcc/sharc4/methaniminium/tutorial_reproduction/traj/Singlet_2/TRAJ_00010/restart/MOLCAS.3.JobIph.140', 'JOB001']
['link', 'MOLCAS.3.JobIph', 'JOB002']
['rassi', 'overlap', [3, 3]]
['copy', 'MOLCAS.rassi.h5', 'MOLCAS.rassi.ovlp.3.h5']
['link', 'MOLCAS.1.JobIph', 'JOB001']
['link', 'MOLCAS.3.JobIph', 'JOB002']
['rassi', 'soc', [4, 3]]
['copy', '$master_path/MOLCAS.1.JobIph', 'JOBOLD']
['rasscf', 1, 4, True, False]
['mclr', 0.0001, 'sala=1']
['alaska']
All jobs finished:
job: master          code: 0    runtime: 0:00:08.093697
job: grad_1_1        code: 0    runtime: 0:00:02.680675

Starting job execution
['gateway']
['seward']
['copy', '/project/lgagliardi/helenclifford/practice_rcc/sharc4/methaniminium/tutorial_reproduction/traj/Singlet_2/TRAJ_00010/restart/MOLCAS.1.JobIph.141', 'JOBOLD']
['rasscf', 1, 4, True, False]
['copy', 'MOLCAS.rasscf.h5', 'MOLCAS.1.rasscf.h5']
['copy', 'MOLCAS.JobIph', 'MOLCAS.1.JobIph']
['copy', '/project/lgagliardi/helenclifford/practice_rcc/sharc4/methaniminium/tutorial_reproduction/traj/Singlet_2/TRAJ_00010/restart/MOLCAS.3.JobIph.141', 'JOBOLD']
['rasscf', 3, 3, True, False]
['copy', 'MOLCAS.rasscf.h5', 'MOLCAS.3.rasscf.h5']
['copy', 'MOLCAS.JobIph', 'MOLCAS.3.JobIph']
['link', 'MOLCAS.1.JobIph', 'JOB001']
['rassi', 'dm', [4]]
['copy', 'MOLCAS.rassi.h5', 'MOLCAS.rassi.1.h5']
['link', 'MOLCAS.3.JobIph', 'JOB001']
['rassi', 'dm', [3]]
['copy', 'MOLCAS.rassi.h5', 'MOLCAS.rassi.3.h5']
['copy', '/project/lgagliardi/helenclifford/practice_rcc/sharc4/methaniminium/tutorial_reproduction/traj/Singlet_2/TRAJ_00010/restart/MOLCAS.1.JobIph.141', 'JOB001']
['link', 'MOLCAS.1.JobIph', 'JOB002']
['rassi', 'overlap', [4, 4]]
['copy', 'MOLCAS.rassi.h5', 'MOLCAS.rassi.ovlp.1.h5']
['copy', '/project/lgagliardi/helenclifford/practice_rcc/sharc4/methaniminium/tutorial_reproduction/traj/Singlet_2/TRAJ_00010/restart/MOLCAS.3.JobIph.141', 'JOB001']
['link', 'MOLCAS.3.JobIph', 'JOB002']
['rassi', 'overlap', [3, 3]]
['copy', 'MOLCAS.rassi.h5', 'MOLCAS.rassi.ovlp.3.h5']
['link', 'MOLCAS.1.JobIph', 'JOB001']
['link', 'MOLCAS.3.JobIph', 'JOB002']
['rassi', 'soc', [4, 3]]
['copy', '$master_path/MOLCAS.1.JobIph', 'JOBOLD']
['rasscf', 1, 4, True, False]
['mclr', 0.0001, 'sala=1']
['alaska']
All jobs finished:
job: master          code: 0    runtime: 0:00:07.310832
job: grad_1_1        code: 0    runtime: 0:00:02.682654

Starting job execution
['gateway']
['seward']
['copy', '/project/lgagliardi/helenclifford/practice_rcc/sharc4/methaniminium/tutorial_reproduction/traj/Singlet_2/TRAJ_00010/restart/MOLCAS.1.JobIph.142', 'JOBOLD']
['rasscf', 1, 4, True, False]
['copy', 'MOLCAS.rasscf.h5', 'MOLCAS.1.rasscf.h5']
['copy', 'MOLCAS.JobIph', 'MOLCAS.1.JobIph']
['copy', '/project/lgagliardi/helenclifford/practice_rcc/sharc4/methaniminium/tutorial_reproduction/traj/Singlet_2/TRAJ_00010/restart/MOLCAS.3.JobIph.142', 'JOBOLD']
['rasscf', 3, 3, True, False]
['copy', 'MOLCAS.rasscf.h5', 'MOLCAS.3.rasscf.h5']
['copy', 'MOLCAS.JobIph', 'MOLCAS.3.JobIph']
['link', 'MOLCAS.1.JobIph', 'JOB001']
['rassi', 'dm', [4]]
['copy', 'MOLCAS.rassi.h5', 'MOLCAS.rassi.1.h5']
['link', 'MOLCAS.3.JobIph', 'JOB001']
['rassi', 'dm', [3]]
['copy', 'MOLCAS.rassi.h5', 'MOLCAS.rassi.3.h5']
['copy', '/project/lgagliardi/helenclifford/practice_rcc/sharc4/methaniminium/tutorial_reproduction/traj/Singlet_2/TRAJ_00010/restart/MOLCAS.1.JobIph.142', 'JOB001']
['link', 'MOLCAS.1.JobIph', 'JOB002']
['rassi', 'overlap', [4, 4]]
['copy', 'MOLCAS.rassi.h5', 'MOLCAS.rassi.ovlp.1.h5']
['copy', '/project/lgagliardi/helenclifford/practice_rcc/sharc4/methaniminium/tutorial_reproduction/traj/Singlet_2/TRAJ_00010/restart/MOLCAS.3.JobIph.142', 'JOB001']
['link', 'MOLCAS.3.JobIph', 'JOB002']
['rassi', 'overlap', [3, 3]]
['copy', 'MOLCAS.rassi.h5', 'MOLCAS.rassi.ovlp.3.h5']
['link', 'MOLCAS.1.JobIph', 'JOB001']
['link', 'MOLCAS.3.JobIph', 'JOB002']
['rassi', 'soc', [4, 3]]
['copy', '$master_path/MOLCAS.1.JobIph', 'JOBOLD']
['rasscf', 1, 4, True, False]
['mclr', 0.0001, 'sala=1']
['alaska']
All jobs finished:
job: master          code: 0    runtime: 0:00:07.432741
job: grad_1_1        code: 0    runtime: 0:00:02.823884

Starting job execution
['gateway']
['seward']
['copy', '/project/lgagliardi/helenclifford/practice_rcc/sharc4/methaniminium/tutorial_reproduction/traj/Singlet_2/TRAJ_00010/restart/MOLCAS.1.JobIph.143', 'JOBOLD']
['rasscf', 1, 4, True, False]
['copy', 'MOLCAS.rasscf.h5', 'MOLCAS.1.rasscf.h5']
['copy', 'MOLCAS.JobIph', 'MOLCAS.1.JobIph']
['copy', '/project/lgagliardi/helenclifford/practice_rcc/sharc4/methaniminium/tutorial_reproduction/traj/Singlet_2/TRAJ_00010/restart/MOLCAS.3.JobIph.143', 'JOBOLD']
['rasscf', 3, 3, True, False]
['copy', 'MOLCAS.rasscf.h5', 'MOLCAS.3.rasscf.h5']
['copy', 'MOLCAS.JobIph', 'MOLCAS.3.JobIph']
['link', 'MOLCAS.1.JobIph', 'JOB001']
['rassi', 'dm', [4]]
['copy', 'MOLCAS.rassi.h5', 'MOLCAS.rassi.1.h5']
['link', 'MOLCAS.3.JobIph', 'JOB001']
['rassi', 'dm', [3]]
['copy', 'MOLCAS.rassi.h5', 'MOLCAS.rassi.3.h5']
['copy', '/project/lgagliardi/helenclifford/practice_rcc/sharc4/methaniminium/tutorial_reproduction/traj/Singlet_2/TRAJ_00010/restart/MOLCAS.1.JobIph.143', 'JOB001']
['link', 'MOLCAS.1.JobIph', 'JOB002']
['rassi', 'overlap', [4, 4]]
['copy', 'MOLCAS.rassi.h5', 'MOLCAS.rassi.ovlp.1.h5']
['copy', '/project/lgagliardi/helenclifford/practice_rcc/sharc4/methaniminium/tutorial_reproduction/traj/Singlet_2/TRAJ_00010/restart/MOLCAS.3.JobIph.143', 'JOB001']
['link', 'MOLCAS.3.JobIph', 'JOB002']
['rassi', 'overlap', [3, 3]]
['copy', 'MOLCAS.rassi.h5', 'MOLCAS.rassi.ovlp.3.h5']
['link', 'MOLCAS.1.JobIph', 'JOB001']
['link', 'MOLCAS.3.JobIph', 'JOB002']
['rassi', 'soc', [4, 3]]
['copy', '$master_path/MOLCAS.1.JobIph', 'JOBOLD']
['rasscf', 1, 4, True, False]
['mclr', 0.0001, 'sala=1']
['alaska']
All jobs finished:
job: master          code: 0    runtime: 0:00:08.638599
job: grad_1_1        code: 0    runtime: 0:00:02.737242

Starting job execution
['gateway']
['seward']
['copy', '/project/lgagliardi/helenclifford/practice_rcc/sharc4/methaniminium/tutorial_reproduction/traj/Singlet_2/TRAJ_00010/restart/MOLCAS.1.JobIph.144', 'JOBOLD']
['rasscf', 1, 4, True, False]
['copy', 'MOLCAS.rasscf.h5', 'MOLCAS.1.rasscf.h5']
['copy', 'MOLCAS.JobIph', 'MOLCAS.1.JobIph']
['copy', '/project/lgagliardi/helenclifford/practice_rcc/sharc4/methaniminium/tutorial_reproduction/traj/Singlet_2/TRAJ_00010/restart/MOLCAS.3.JobIph.144', 'JOBOLD']
['rasscf', 3, 3, True, False]
['copy', 'MOLCAS.rasscf.h5', 'MOLCAS.3.rasscf.h5']
['copy', 'MOLCAS.JobIph', 'MOLCAS.3.JobIph']
['link', 'MOLCAS.1.JobIph', 'JOB001']
['rassi', 'dm', [4]]
['copy', 'MOLCAS.rassi.h5', 'MOLCAS.rassi.1.h5']
['link', 'MOLCAS.3.JobIph', 'JOB001']
['rassi', 'dm', [3]]
['copy', 'MOLCAS.rassi.h5', 'MOLCAS.rassi.3.h5']
['copy', '/project/lgagliardi/helenclifford/practice_rcc/sharc4/methaniminium/tutorial_reproduction/traj/Singlet_2/TRAJ_00010/restart/MOLCAS.1.JobIph.143', 'JOB001']
['link', 'MOLCAS.1.JobIph', 'JOB002']
['rassi', 'overlap', [4, 4]]
['copy', 'MOLCAS.rassi.h5', 'MOLCAS.rassi.ovlp.1.h5']
['copy', '/project/lgagliardi/helenclifford/practice_rcc/sharc4/methaniminium/tutorial_reproduction/traj/Singlet_2/TRAJ_00010/restart/MOLCAS.3.JobIph.143', 'JOB001']
['link', 'MOLCAS.3.JobIph', 'JOB002']
['rassi', 'overlap', [3, 3]]
['copy', 'MOLCAS.rassi.h5', 'MOLCAS.rassi.ovlp.3.h5']
['link', 'MOLCAS.1.JobIph', 'JOB001']
['link', 'MOLCAS.3.JobIph', 'JOB002']
['rassi', 'soc', [4, 3]]
['copy', '$master_path/MOLCAS.3.JobIph', 'JOBOLD']
['rasscf', 3, 3, True, False]
['mclr', 0.0001, 'sala=1']
['alaska']
['copy', '$master_path/MOLCAS.1.JobIph', 'JOBOLD']
['rasscf', 1, 4, True, False]
['mclr', 0.0001, 'sala=1']
['alaska']
All jobs finished:
job: master          code: 0    runtime: 0:00:05.982547
job: grad_3_1        code: 0    runtime: 0:00:02.606925
job: grad_1_1        code: 0    runtime: 0:00:02.703235

Starting job execution
['gateway']
['seward']
['copy', '/project/lgagliardi/helenclifford/practice_rcc/sharc4/methaniminium/tutorial_reproduction/traj/Singlet_2/TRAJ_00010/restart/MOLCAS.1.JobIph.144', 'JOBOLD']
['rasscf', 1, 4, True, False]
['copy', 'MOLCAS.rasscf.h5', 'MOLCAS.1.rasscf.h5']
['copy', 'MOLCAS.JobIph', 'MOLCAS.1.JobIph']
['copy', '/project/lgagliardi/helenclifford/practice_rcc/sharc4/methaniminium/tutorial_reproduction/traj/Singlet_2/TRAJ_00010/restart/MOLCAS.3.JobIph.144', 'JOBOLD']
['rasscf', 3, 3, True, False]
['copy', 'MOLCAS.rasscf.h5', 'MOLCAS.3.rasscf.h5']
['copy', 'MOLCAS.JobIph', 'MOLCAS.3.JobIph']
['link', 'MOLCAS.1.JobIph', 'JOB001']
['rassi', 'dm', [4]]
['copy', 'MOLCAS.rassi.h5', 'MOLCAS.rassi.1.h5']
['link', 'MOLCAS.3.JobIph', 'JOB001']
['rassi', 'dm', [3]]
['copy', 'MOLCAS.rassi.h5', 'MOLCAS.rassi.3.h5']
['copy', '/project/lgagliardi/helenclifford/practice_rcc/sharc4/methaniminium/tutorial_reproduction/traj/Singlet_2/TRAJ_00010/restart/MOLCAS.1.JobIph.144', 'JOB001']
['link', 'MOLCAS.1.JobIph', 'JOB002']
['rassi', 'overlap', [4, 4]]
['copy', 'MOLCAS.rassi.h5', 'MOLCAS.rassi.ovlp.1.h5']
['copy', '/project/lgagliardi/helenclifford/practice_rcc/sharc4/methaniminium/tutorial_reproduction/traj/Singlet_2/TRAJ_00010/restart/MOLCAS.3.JobIph.144', 'JOB001']
['link', 'MOLCAS.3.JobIph', 'JOB002']
['rassi', 'overlap', [3, 3]]
['copy', 'MOLCAS.rassi.h5', 'MOLCAS.rassi.ovlp.3.h5']
['link', 'MOLCAS.1.JobIph', 'JOB001']
['link', 'MOLCAS.3.JobIph', 'JOB002']
['rassi', 'soc', [4, 3]]
['copy', '$master_path/MOLCAS.3.JobIph', 'JOBOLD']
['rasscf', 3, 3, True, False]
['mclr', 0.0001, 'sala=1']
['alaska']
['copy', '$master_path/MOLCAS.1.JobIph', 'JOBOLD']
['rasscf', 1, 4, True, False]
['mclr', 0.0001, 'sala=1']
['alaska']
All jobs finished:
job: master          code: 0    runtime: 0:00:07.825477
job: grad_3_1        code: 0    runtime: 0:00:02.897636
job: grad_1_1        code: 0    runtime: 0:00:02.835615

Starting job execution
['gateway']
['seward']
['copy', '/project/lgagliardi/helenclifford/practice_rcc/sharc4/methaniminium/tutorial_reproduction/traj/Singlet_2/TRAJ_00010/restart/MOLCAS.1.JobIph.145', 'JOBOLD']
['rasscf', 1, 4, True, False]
['copy', 'MOLCAS.rasscf.h5', 'MOLCAS.1.rasscf.h5']
['copy', 'MOLCAS.JobIph', 'MOLCAS.1.JobIph']
['copy', '/project/lgagliardi/helenclifford/practice_rcc/sharc4/methaniminium/tutorial_reproduction/traj/Singlet_2/TRAJ_00010/restart/MOLCAS.3.JobIph.145', 'JOBOLD']
['rasscf', 3, 3, True, False]
['copy', 'MOLCAS.rasscf.h5', 'MOLCAS.3.rasscf.h5']
['copy', 'MOLCAS.JobIph', 'MOLCAS.3.JobIph']
['link', 'MOLCAS.1.JobIph', 'JOB001']
['rassi', 'dm', [4]]
['copy', 'MOLCAS.rassi.h5', 'MOLCAS.rassi.1.h5']
['link', 'MOLCAS.3.JobIph', 'JOB001']
['rassi', 'dm', [3]]
['copy', 'MOLCAS.rassi.h5', 'MOLCAS.rassi.3.h5']
['copy', '/project/lgagliardi/helenclifford/practice_rcc/sharc4/methaniminium/tutorial_reproduction/traj/Singlet_2/TRAJ_00010/restart/MOLCAS.1.JobIph.145', 'JOB001']
['link', 'MOLCAS.1.JobIph', 'JOB002']
['rassi', 'overlap', [4, 4]]
['copy', 'MOLCAS.rassi.h5', 'MOLCAS.rassi.ovlp.1.h5']
['copy', '/project/lgagliardi/helenclifford/practice_rcc/sharc4/methaniminium/tutorial_reproduction/traj/Singlet_2/TRAJ_00010/restart/MOLCAS.3.JobIph.145', 'JOB001']
['link', 'MOLCAS.3.JobIph', 'JOB002']
['rassi', 'overlap', [3, 3]]
['copy', 'MOLCAS.rassi.h5', 'MOLCAS.rassi.ovlp.3.h5']
['link', 'MOLCAS.1.JobIph', 'JOB001']
['link', 'MOLCAS.3.JobIph', 'JOB002']
['rassi', 'soc', [4, 3]]
['copy', '$master_path/MOLCAS.3.JobIph', 'JOBOLD']
['rasscf', 3, 3, True, False]
['mclr', 0.0001, 'sala=1']
['alaska']
['copy', '$master_path/MOLCAS.1.JobIph', 'JOBOLD']
['rasscf', 1, 4, True, False]
['mclr', 0.0001, 'sala=1']
['alaska']
All jobs finished:
job: master          code: 0    runtime: 0:00:07.656579
job: grad_3_1        code: 0    runtime: 0:00:02.821433
job: grad_1_1        code: 0    runtime: 0:00:02.728102

Starting job execution
['gateway']
['seward']
['copy', '/project/lgagliardi/helenclifford/practice_rcc/sharc4/methaniminium/tutorial_reproduction/traj/Singlet_2/TRAJ_00010/restart/MOLCAS.1.JobIph.146', 'JOBOLD']
['rasscf', 1, 4, True, False]
['copy', 'MOLCAS.rasscf.h5', 'MOLCAS.1.rasscf.h5']
['copy', 'MOLCAS.JobIph', 'MOLCAS.1.JobIph']
['copy', '/project/lgagliardi/helenclifford/practice_rcc/sharc4/methaniminium/tutorial_reproduction/traj/Singlet_2/TRAJ_00010/restart/MOLCAS.3.JobIph.146', 'JOBOLD']
['rasscf', 3, 3, True, False]
['copy', 'MOLCAS.rasscf.h5', 'MOLCAS.3.rasscf.h5']
['copy', 'MOLCAS.JobIph', 'MOLCAS.3.JobIph']
['link', 'MOLCAS.1.JobIph', 'JOB001']
['rassi', 'dm', [4]]
['copy', 'MOLCAS.rassi.h5', 'MOLCAS.rassi.1.h5']
['link', 'MOLCAS.3.JobIph', 'JOB001']
['rassi', 'dm', [3]]
['copy', 'MOLCAS.rassi.h5', 'MOLCAS.rassi.3.h5']
['copy', '/project/lgagliardi/helenclifford/practice_rcc/sharc4/methaniminium/tutorial_reproduction/traj/Singlet_2/TRAJ_00010/restart/MOLCAS.1.JobIph.146', 'JOB001']
['link', 'MOLCAS.1.JobIph', 'JOB002']
['rassi', 'overlap', [4, 4]]
['copy', 'MOLCAS.rassi.h5', 'MOLCAS.rassi.ovlp.1.h5']
['copy', '/project/lgagliardi/helenclifford/practice_rcc/sharc4/methaniminium/tutorial_reproduction/traj/Singlet_2/TRAJ_00010/restart/MOLCAS.3.JobIph.146', 'JOB001']
['link', 'MOLCAS.3.JobIph', 'JOB002']
['rassi', 'overlap', [3, 3]]
['copy', 'MOLCAS.rassi.h5', 'MOLCAS.rassi.ovlp.3.h5']
['link', 'MOLCAS.1.JobIph', 'JOB001']
['link', 'MOLCAS.3.JobIph', 'JOB002']
['rassi', 'soc', [4, 3]]
['copy', '$master_path/MOLCAS.3.JobIph', 'JOBOLD']
['rasscf', 3, 3, True, False]
['mclr', 0.0001, 'sala=1']
['alaska']
['copy', '$master_path/MOLCAS.1.JobIph', 'JOBOLD']
['rasscf', 1, 4, True, False]
['mclr', 0.0001, 'sala=1']
['alaska']
All jobs finished:
job: master          code: 0    runtime: 0:00:08.382799
job: grad_3_1        code: 0    runtime: 0:00:02.760862
job: grad_1_1        code: 0    runtime: 0:00:05.005673

Starting job execution
['gateway']
['seward']
['copy', '/project/lgagliardi/helenclifford/practice_rcc/sharc4/methaniminium/tutorial_reproduction/traj/Singlet_2/TRAJ_00010/restart/MOLCAS.1.JobIph.147', 'JOBOLD']
['rasscf', 1, 4, True, False]
['copy', 'MOLCAS.rasscf.h5', 'MOLCAS.1.rasscf.h5']
['copy', 'MOLCAS.JobIph', 'MOLCAS.1.JobIph']
['copy', '/project/lgagliardi/helenclifford/practice_rcc/sharc4/methaniminium/tutorial_reproduction/traj/Singlet_2/TRAJ_00010/restart/MOLCAS.3.JobIph.147', 'JOBOLD']
['rasscf', 3, 3, True, False]
['copy', 'MOLCAS.rasscf.h5', 'MOLCAS.3.rasscf.h5']
['copy', 'MOLCAS.JobIph', 'MOLCAS.3.JobIph']
['link', 'MOLCAS.1.JobIph', 'JOB001']
['rassi', 'dm', [4]]
['copy', 'MOLCAS.rassi.h5', 'MOLCAS.rassi.1.h5']
['link', 'MOLCAS.3.JobIph', 'JOB001']
['rassi', 'dm', [3]]
['copy', 'MOLCAS.rassi.h5', 'MOLCAS.rassi.3.h5']
['copy', '/project/lgagliardi/helenclifford/practice_rcc/sharc4/methaniminium/tutorial_reproduction/traj/Singlet_2/TRAJ_00010/restart/MOLCAS.1.JobIph.147', 'JOB001']
['link', 'MOLCAS.1.JobIph', 'JOB002']
['rassi', 'overlap', [4, 4]]
['copy', 'MOLCAS.rassi.h5', 'MOLCAS.rassi.ovlp.1.h5']
['copy', '/project/lgagliardi/helenclifford/practice_rcc/sharc4/methaniminium/tutorial_reproduction/traj/Singlet_2/TRAJ_00010/restart/MOLCAS.3.JobIph.147', 'JOB001']
['link', 'MOLCAS.3.JobIph', 'JOB002']
['rassi', 'overlap', [3, 3]]
['copy', 'MOLCAS.rassi.h5', 'MOLCAS.rassi.ovlp.3.h5']
['link', 'MOLCAS.1.JobIph', 'JOB001']
['link', 'MOLCAS.3.JobIph', 'JOB002']
['rassi', 'soc', [4, 3]]
['copy', '$master_path/MOLCAS.1.JobIph', 'JOBOLD']
['rasscf', 1, 4, True, False]
['mclr', 0.0001, 'sala=1']
['alaska']
All jobs finished:
job: master          code: 0    runtime: 0:00:08.905840
job: grad_1_1        code: 0    runtime: 0:00:03.395397

Starting job execution
['gateway']
['seward']
['copy', '/project/lgagliardi/helenclifford/practice_rcc/sharc4/methaniminium/tutorial_reproduction/traj/Singlet_2/TRAJ_00010/restart/MOLCAS.1.JobIph.148', 'JOBOLD']
['rasscf', 1, 4, True, False]
['copy', 'MOLCAS.rasscf.h5', 'MOLCAS.1.rasscf.h5']
['copy', 'MOLCAS.JobIph', 'MOLCAS.1.JobIph']
['copy', '/project/lgagliardi/helenclifford/practice_rcc/sharc4/methaniminium/tutorial_reproduction/traj/Singlet_2/TRAJ_00010/restart/MOLCAS.3.JobIph.148', 'JOBOLD']
['rasscf', 3, 3, True, False]
['copy', 'MOLCAS.rasscf.h5', 'MOLCAS.3.rasscf.h5']
['copy', 'MOLCAS.JobIph', 'MOLCAS.3.JobIph']
['link', 'MOLCAS.1.JobIph', 'JOB001']
['rassi', 'dm', [4]]
['copy', 'MOLCAS.rassi.h5', 'MOLCAS.rassi.1.h5']
['link', 'MOLCAS.3.JobIph', 'JOB001']
['rassi', 'dm', [3]]
['copy', 'MOLCAS.rassi.h5', 'MOLCAS.rassi.3.h5']
['copy', '/project/lgagliardi/helenclifford/practice_rcc/sharc4/methaniminium/tutorial_reproduction/traj/Singlet_2/TRAJ_00010/restart/MOLCAS.1.JobIph.148', 'JOB001']
['link', 'MOLCAS.1.JobIph', 'JOB002']
['rassi', 'overlap', [4, 4]]
['copy', 'MOLCAS.rassi.h5', 'MOLCAS.rassi.ovlp.1.h5']
['copy', '/project/lgagliardi/helenclifford/practice_rcc/sharc4/methaniminium/tutorial_reproduction/traj/Singlet_2/TRAJ_00010/restart/MOLCAS.3.JobIph.148', 'JOB001']
['link', 'MOLCAS.3.JobIph', 'JOB002']
['rassi', 'overlap', [3, 3]]
['copy', 'MOLCAS.rassi.h5', 'MOLCAS.rassi.ovlp.3.h5']
['link', 'MOLCAS.1.JobIph', 'JOB001']
['link', 'MOLCAS.3.JobIph', 'JOB002']
['rassi', 'soc', [4, 3]]
['copy', '$master_path/MOLCAS.1.JobIph', 'JOBOLD']
['rasscf', 1, 4, True, False]
['mclr', 0.0001, 'sala=1']
['alaska']
All jobs finished:
job: master          code: 0    runtime: 0:00:08.856037
job: grad_1_1        code: 0    runtime: 0:00:02.860031

Starting job execution
['gateway']
['seward']
['copy', '/project/lgagliardi/helenclifford/practice_rcc/sharc4/methaniminium/tutorial_reproduction/traj/Singlet_2/TRAJ_00010/restart/MOLCAS.1.JobIph.149', 'JOBOLD']
['rasscf', 1, 4, True, False]
['copy', 'MOLCAS.rasscf.h5', 'MOLCAS.1.rasscf.h5']
['copy', 'MOLCAS.JobIph', 'MOLCAS.1.JobIph']
['copy', '/project/lgagliardi/helenclifford/practice_rcc/sharc4/methaniminium/tutorial_reproduction/traj/Singlet_2/TRAJ_00010/restart/MOLCAS.3.JobIph.149', 'JOBOLD']
['rasscf', 3, 3, True, False]
['copy', 'MOLCAS.rasscf.h5', 'MOLCAS.3.rasscf.h5']
['copy', 'MOLCAS.JobIph', 'MOLCAS.3.JobIph']
['link', 'MOLCAS.1.JobIph', 'JOB001']
['rassi', 'dm', [4]]
['copy', 'MOLCAS.rassi.h5', 'MOLCAS.rassi.1.h5']
['link', 'MOLCAS.3.JobIph', 'JOB001']
['rassi', 'dm', [3]]
['copy', 'MOLCAS.rassi.h5', 'MOLCAS.rassi.3.h5']
['copy', '/project/lgagliardi/helenclifford/practice_rcc/sharc4/methaniminium/tutorial_reproduction/traj/Singlet_2/TRAJ_00010/restart/MOLCAS.1.JobIph.149', 'JOB001']
['link', 'MOLCAS.1.JobIph', 'JOB002']
['rassi', 'overlap', [4, 4]]
['copy', 'MOLCAS.rassi.h5', 'MOLCAS.rassi.ovlp.1.h5']
['copy', '/project/lgagliardi/helenclifford/practice_rcc/sharc4/methaniminium/tutorial_reproduction/traj/Singlet_2/TRAJ_00010/restart/MOLCAS.3.JobIph.149', 'JOB001']
['link', 'MOLCAS.3.JobIph', 'JOB002']
['rassi', 'overlap', [3, 3]]
['copy', 'MOLCAS.rassi.h5', 'MOLCAS.rassi.ovlp.3.h5']
['link', 'MOLCAS.1.JobIph', 'JOB001']
['link', 'MOLCAS.3.JobIph', 'JOB002']
['rassi', 'soc', [4, 3]]
['copy', '$master_path/MOLCAS.1.JobIph', 'JOBOLD']
['rasscf', 1, 4, True, False]
['mclr', 0.0001, 'sala=1']
['alaska']
All jobs finished:
job: master          code: 0    runtime: 0:00:07.612680
job: grad_1_1        code: 0    runtime: 0:00:02.818291

Starting job execution
['gateway']
['seward']
['copy', '/project/lgagliardi/helenclifford/practice_rcc/sharc4/methaniminium/tutorial_reproduction/traj/Singlet_2/TRAJ_00010/restart/MOLCAS.1.JobIph.150', 'JOBOLD']
['rasscf', 1, 4, True, False]
['copy', 'MOLCAS.rasscf.h5', 'MOLCAS.1.rasscf.h5']
['copy', 'MOLCAS.JobIph', 'MOLCAS.1.JobIph']
['copy', '/project/lgagliardi/helenclifford/practice_rcc/sharc4/methaniminium/tutorial_reproduction/traj/Singlet_2/TRAJ_00010/restart/MOLCAS.3.JobIph.150', 'JOBOLD']
['rasscf', 3, 3, True, False]
['copy', 'MOLCAS.rasscf.h5', 'MOLCAS.3.rasscf.h5']
['copy', 'MOLCAS.JobIph', 'MOLCAS.3.JobIph']
['link', 'MOLCAS.1.JobIph', 'JOB001']
['rassi', 'dm', [4]]
['copy', 'MOLCAS.rassi.h5', 'MOLCAS.rassi.1.h5']
['link', 'MOLCAS.3.JobIph', 'JOB001']
['rassi', 'dm', [3]]
['copy', 'MOLCAS.rassi.h5', 'MOLCAS.rassi.3.h5']
['copy', '/project/lgagliardi/helenclifford/practice_rcc/sharc4/methaniminium/tutorial_reproduction/traj/Singlet_2/TRAJ_00010/restart/MOLCAS.1.JobIph.150', 'JOB001']
['link', 'MOLCAS.1.JobIph', 'JOB002']
['rassi', 'overlap', [4, 4]]
['copy', 'MOLCAS.rassi.h5', 'MOLCAS.rassi.ovlp.1.h5']
['copy', '/project/lgagliardi/helenclifford/practice_rcc/sharc4/methaniminium/tutorial_reproduction/traj/Singlet_2/TRAJ_00010/restart/MOLCAS.3.JobIph.150', 'JOB001']
['link', 'MOLCAS.3.JobIph', 'JOB002']
['rassi', 'overlap', [3, 3]]
['copy', 'MOLCAS.rassi.h5', 'MOLCAS.rassi.ovlp.3.h5']
['link', 'MOLCAS.1.JobIph', 'JOB001']
['link', 'MOLCAS.3.JobIph', 'JOB002']
['rassi', 'soc', [4, 3]]
['copy', '$master_path/MOLCAS.1.JobIph', 'JOBOLD']
['rasscf', 1, 4, True, False]
['mclr', 0.0001, 'sala=1']
['alaska']
All jobs finished:
job: master          code: 0    runtime: 0:00:07.627125
job: grad_1_1        code: 0    runtime: 0:00:02.744453

Starting job execution
['gateway']
['seward']
['copy', '/project/lgagliardi/helenclifford/practice_rcc/sharc4/methaniminium/tutorial_reproduction/traj/Singlet_2/TRAJ_00010/restart/MOLCAS.1.JobIph.151', 'JOBOLD']
['rasscf', 1, 4, True, False]
['copy', 'MOLCAS.rasscf.h5', 'MOLCAS.1.rasscf.h5']
['copy', 'MOLCAS.JobIph', 'MOLCAS.1.JobIph']
['copy', '/project/lgagliardi/helenclifford/practice_rcc/sharc4/methaniminium/tutorial_reproduction/traj/Singlet_2/TRAJ_00010/restart/MOLCAS.3.JobIph.151', 'JOBOLD']
['rasscf', 3, 3, True, False]
['copy', 'MOLCAS.rasscf.h5', 'MOLCAS.3.rasscf.h5']
['copy', 'MOLCAS.JobIph', 'MOLCAS.3.JobIph']
['link', 'MOLCAS.1.JobIph', 'JOB001']
['rassi', 'dm', [4]]
['copy', 'MOLCAS.rassi.h5', 'MOLCAS.rassi.1.h5']
['link', 'MOLCAS.3.JobIph', 'JOB001']
['rassi', 'dm', [3]]
['copy', 'MOLCAS.rassi.h5', 'MOLCAS.rassi.3.h5']
['copy', '/project/lgagliardi/helenclifford/practice_rcc/sharc4/methaniminium/tutorial_reproduction/traj/Singlet_2/TRAJ_00010/restart/MOLCAS.1.JobIph.151', 'JOB001']
['link', 'MOLCAS.1.JobIph', 'JOB002']
['rassi', 'overlap', [4, 4]]
['copy', 'MOLCAS.rassi.h5', 'MOLCAS.rassi.ovlp.1.h5']
['copy', '/project/lgagliardi/helenclifford/practice_rcc/sharc4/methaniminium/tutorial_reproduction/traj/Singlet_2/TRAJ_00010/restart/MOLCAS.3.JobIph.151', 'JOB001']
['link', 'MOLCAS.3.JobIph', 'JOB002']
['rassi', 'overlap', [3, 3]]
['copy', 'MOLCAS.rassi.h5', 'MOLCAS.rassi.ovlp.3.h5']
['link', 'MOLCAS.1.JobIph', 'JOB001']
['link', 'MOLCAS.3.JobIph', 'JOB002']
['rassi', 'soc', [4, 3]]
['copy', '$master_path/MOLCAS.1.JobIph', 'JOBOLD']
['rasscf', 1, 4, True, False]
['mclr', 0.0001, 'sala=1']
['alaska']
All jobs finished:
job: master          code: 0    runtime: 0:00:07.805115
job: grad_1_1        code: 0    runtime: 0:00:02.824042

Starting job execution
['gateway']
['seward']
['copy', '/project/lgagliardi/helenclifford/practice_rcc/sharc4/methaniminium/tutorial_reproduction/traj/Singlet_2/TRAJ_00010/restart/MOLCAS.1.JobIph.152', 'JOBOLD']
['rasscf', 1, 4, True, False]
['copy', 'MOLCAS.rasscf.h5', 'MOLCAS.1.rasscf.h5']
['copy', 'MOLCAS.JobIph', 'MOLCAS.1.JobIph']
['copy', '/project/lgagliardi/helenclifford/practice_rcc/sharc4/methaniminium/tutorial_reproduction/traj/Singlet_2/TRAJ_00010/restart/MOLCAS.3.JobIph.152', 'JOBOLD']
['rasscf', 3, 3, True, False]
['copy', 'MOLCAS.rasscf.h5', 'MOLCAS.3.rasscf.h5']
['copy', 'MOLCAS.JobIph', 'MOLCAS.3.JobIph']
['link', 'MOLCAS.1.JobIph', 'JOB001']
['rassi', 'dm', [4]]
['copy', 'MOLCAS.rassi.h5', 'MOLCAS.rassi.1.h5']
['link', 'MOLCAS.3.JobIph', 'JOB001']
['rassi', 'dm', [3]]
['copy', 'MOLCAS.rassi.h5', 'MOLCAS.rassi.3.h5']
['copy', '/project/lgagliardi/helenclifford/practice_rcc/sharc4/methaniminium/tutorial_reproduction/traj/Singlet_2/TRAJ_00010/restart/MOLCAS.1.JobIph.152', 'JOB001']
['link', 'MOLCAS.1.JobIph', 'JOB002']
['rassi', 'overlap', [4, 4]]
['copy', 'MOLCAS.rassi.h5', 'MOLCAS.rassi.ovlp.1.h5']
['copy', '/project/lgagliardi/helenclifford/practice_rcc/sharc4/methaniminium/tutorial_reproduction/traj/Singlet_2/TRAJ_00010/restart/MOLCAS.3.JobIph.152', 'JOB001']
['link', 'MOLCAS.3.JobIph', 'JOB002']
['rassi', 'overlap', [3, 3]]
['copy', 'MOLCAS.rassi.h5', 'MOLCAS.rassi.ovlp.3.h5']
['link', 'MOLCAS.1.JobIph', 'JOB001']
['link', 'MOLCAS.3.JobIph', 'JOB002']
['rassi', 'soc', [4, 3]]
['copy', '$master_path/MOLCAS.1.JobIph', 'JOBOLD']
['rasscf', 1, 4, True, False]
['mclr', 0.0001, 'sala=1']
['alaska']
All jobs finished:
job: master          code: 0    runtime: 0:00:11.081032
job: grad_1_1        code: 0    runtime: 0:00:02.723015

Starting job execution
['gateway']
['seward']
['copy', '/project/lgagliardi/helenclifford/practice_rcc/sharc4/methaniminium/tutorial_reproduction/traj/Singlet_2/TRAJ_00010/restart/MOLCAS.1.JobIph.153', 'JOBOLD']
['rasscf', 1, 4, True, False]
['copy', 'MOLCAS.rasscf.h5', 'MOLCAS.1.rasscf.h5']
['copy', 'MOLCAS.JobIph', 'MOLCAS.1.JobIph']
['copy', '/project/lgagliardi/helenclifford/practice_rcc/sharc4/methaniminium/tutorial_reproduction/traj/Singlet_2/TRAJ_00010/restart/MOLCAS.3.JobIph.153', 'JOBOLD']
['rasscf', 3, 3, True, False]
['copy', 'MOLCAS.rasscf.h5', 'MOLCAS.3.rasscf.h5']
['copy', 'MOLCAS.JobIph', 'MOLCAS.3.JobIph']
['link', 'MOLCAS.1.JobIph', 'JOB001']
['rassi', 'dm', [4]]
['copy', 'MOLCAS.rassi.h5', 'MOLCAS.rassi.1.h5']
['link', 'MOLCAS.3.JobIph', 'JOB001']
['rassi', 'dm', [3]]
['copy', 'MOLCAS.rassi.h5', 'MOLCAS.rassi.3.h5']
['copy', '/project/lgagliardi/helenclifford/practice_rcc/sharc4/methaniminium/tutorial_reproduction/traj/Singlet_2/TRAJ_00010/restart/MOLCAS.1.JobIph.153', 'JOB001']
['link', 'MOLCAS.1.JobIph', 'JOB002']
['rassi', 'overlap', [4, 4]]
['copy', 'MOLCAS.rassi.h5', 'MOLCAS.rassi.ovlp.1.h5']
['copy', '/project/lgagliardi/helenclifford/practice_rcc/sharc4/methaniminium/tutorial_reproduction/traj/Singlet_2/TRAJ_00010/restart/MOLCAS.3.JobIph.153', 'JOB001']
['link', 'MOLCAS.3.JobIph', 'JOB002']
['rassi', 'overlap', [3, 3]]
['copy', 'MOLCAS.rassi.h5', 'MOLCAS.rassi.ovlp.3.h5']
['link', 'MOLCAS.1.JobIph', 'JOB001']
['link', 'MOLCAS.3.JobIph', 'JOB002']
['rassi', 'soc', [4, 3]]
['copy', '$master_path/MOLCAS.1.JobIph', 'JOBOLD']
['rasscf', 1, 4, True, False]
['mclr', 0.0001, 'sala=1']
['alaska']
All jobs finished:
job: master          code: 0    runtime: 0:00:08.929969
job: grad_1_1        code: 0    runtime: 0:00:02.833413

Starting job execution
['gateway']
['seward']
['copy', '/project/lgagliardi/helenclifford/practice_rcc/sharc4/methaniminium/tutorial_reproduction/traj/Singlet_2/TRAJ_00010/restart/MOLCAS.1.JobIph.154', 'JOBOLD']
['rasscf', 1, 4, True, False]
['copy', 'MOLCAS.rasscf.h5', 'MOLCAS.1.rasscf.h5']
['copy', 'MOLCAS.JobIph', 'MOLCAS.1.JobIph']
['copy', '/project/lgagliardi/helenclifford/practice_rcc/sharc4/methaniminium/tutorial_reproduction/traj/Singlet_2/TRAJ_00010/restart/MOLCAS.3.JobIph.154', 'JOBOLD']
['rasscf', 3, 3, True, False]
['copy', 'MOLCAS.rasscf.h5', 'MOLCAS.3.rasscf.h5']
['copy', 'MOLCAS.JobIph', 'MOLCAS.3.JobIph']
['link', 'MOLCAS.1.JobIph', 'JOB001']
['rassi', 'dm', [4]]
['copy', 'MOLCAS.rassi.h5', 'MOLCAS.rassi.1.h5']
['link', 'MOLCAS.3.JobIph', 'JOB001']
['rassi', 'dm', [3]]
['copy', 'MOLCAS.rassi.h5', 'MOLCAS.rassi.3.h5']
['copy', '/project/lgagliardi/helenclifford/practice_rcc/sharc4/methaniminium/tutorial_reproduction/traj/Singlet_2/TRAJ_00010/restart/MOLCAS.1.JobIph.154', 'JOB001']
['link', 'MOLCAS.1.JobIph', 'JOB002']
['rassi', 'overlap', [4, 4]]
['copy', 'MOLCAS.rassi.h5', 'MOLCAS.rassi.ovlp.1.h5']
['copy', '/project/lgagliardi/helenclifford/practice_rcc/sharc4/methaniminium/tutorial_reproduction/traj/Singlet_2/TRAJ_00010/restart/MOLCAS.3.JobIph.154', 'JOB001']
['link', 'MOLCAS.3.JobIph', 'JOB002']
['rassi', 'overlap', [3, 3]]
['copy', 'MOLCAS.rassi.h5', 'MOLCAS.rassi.ovlp.3.h5']
['link', 'MOLCAS.1.JobIph', 'JOB001']
['link', 'MOLCAS.3.JobIph', 'JOB002']
['rassi', 'soc', [4, 3]]
['copy', '$master_path/MOLCAS.1.JobIph', 'JOBOLD']
['rasscf', 1, 4, True, False]
['mclr', 0.0001, 'sala=1']
['alaska']
All jobs finished:
job: master          code: 0    runtime: 0:00:08.324673
job: grad_1_1        code: 0    runtime: 0:00:02.758032

Starting job execution
['gateway']
['seward']
['copy', '/project/lgagliardi/helenclifford/practice_rcc/sharc4/methaniminium/tutorial_reproduction/traj/Singlet_2/TRAJ_00010/restart/MOLCAS.1.JobIph.155', 'JOBOLD']
['rasscf', 1, 4, True, False]
['copy', 'MOLCAS.rasscf.h5', 'MOLCAS.1.rasscf.h5']
['copy', 'MOLCAS.JobIph', 'MOLCAS.1.JobIph']
['copy', '/project/lgagliardi/helenclifford/practice_rcc/sharc4/methaniminium/tutorial_reproduction/traj/Singlet_2/TRAJ_00010/restart/MOLCAS.3.JobIph.155', 'JOBOLD']
['rasscf', 3, 3, True, False]
['copy', 'MOLCAS.rasscf.h5', 'MOLCAS.3.rasscf.h5']
['copy', 'MOLCAS.JobIph', 'MOLCAS.3.JobIph']
['link', 'MOLCAS.1.JobIph', 'JOB001']
['rassi', 'dm', [4]]
['copy', 'MOLCAS.rassi.h5', 'MOLCAS.rassi.1.h5']
['link', 'MOLCAS.3.JobIph', 'JOB001']
['rassi', 'dm', [3]]
['copy', 'MOLCAS.rassi.h5', 'MOLCAS.rassi.3.h5']
['copy', '/project/lgagliardi/helenclifford/practice_rcc/sharc4/methaniminium/tutorial_reproduction/traj/Singlet_2/TRAJ_00010/restart/MOLCAS.1.JobIph.155', 'JOB001']
['link', 'MOLCAS.1.JobIph', 'JOB002']
['rassi', 'overlap', [4, 4]]
['copy', 'MOLCAS.rassi.h5', 'MOLCAS.rassi.ovlp.1.h5']
['copy', '/project/lgagliardi/helenclifford/practice_rcc/sharc4/methaniminium/tutorial_reproduction/traj/Singlet_2/TRAJ_00010/restart/MOLCAS.3.JobIph.155', 'JOB001']
['link', 'MOLCAS.3.JobIph', 'JOB002']
['rassi', 'overlap', [3, 3]]
['copy', 'MOLCAS.rassi.h5', 'MOLCAS.rassi.ovlp.3.h5']
['link', 'MOLCAS.1.JobIph', 'JOB001']
['link', 'MOLCAS.3.JobIph', 'JOB002']
['rassi', 'soc', [4, 3]]
['copy', '$master_path/MOLCAS.1.JobIph', 'JOBOLD']
['rasscf', 1, 4, True, False]
['mclr', 0.0001, 'sala=1']
['alaska']
All jobs finished:
job: master          code: 0    runtime: 0:00:09.147953
job: grad_1_1        code: 0    runtime: 0:00:03.253709

Starting job execution
['gateway']
['seward']
['copy', '/project/lgagliardi/helenclifford/practice_rcc/sharc4/methaniminium/tutorial_reproduction/traj/Singlet_2/TRAJ_00010/restart/MOLCAS.1.JobIph.156', 'JOBOLD']
['rasscf', 1, 4, True, False]
['copy', 'MOLCAS.rasscf.h5', 'MOLCAS.1.rasscf.h5']
['copy', 'MOLCAS.JobIph', 'MOLCAS.1.JobIph']
['copy', '/project/lgagliardi/helenclifford/practice_rcc/sharc4/methaniminium/tutorial_reproduction/traj/Singlet_2/TRAJ_00010/restart/MOLCAS.3.JobIph.156', 'JOBOLD']
['rasscf', 3, 3, True, False]
['copy', 'MOLCAS.rasscf.h5', 'MOLCAS.3.rasscf.h5']
['copy', 'MOLCAS.JobIph', 'MOLCAS.3.JobIph']
['link', 'MOLCAS.1.JobIph', 'JOB001']
['rassi', 'dm', [4]]
['copy', 'MOLCAS.rassi.h5', 'MOLCAS.rassi.1.h5']
['link', 'MOLCAS.3.JobIph', 'JOB001']
['rassi', 'dm', [3]]
['copy', 'MOLCAS.rassi.h5', 'MOLCAS.rassi.3.h5']
['copy', '/project/lgagliardi/helenclifford/practice_rcc/sharc4/methaniminium/tutorial_reproduction/traj/Singlet_2/TRAJ_00010/restart/MOLCAS.1.JobIph.156', 'JOB001']
['link', 'MOLCAS.1.JobIph', 'JOB002']
['rassi', 'overlap', [4, 4]]
['copy', 'MOLCAS.rassi.h5', 'MOLCAS.rassi.ovlp.1.h5']
['copy', '/project/lgagliardi/helenclifford/practice_rcc/sharc4/methaniminium/tutorial_reproduction/traj/Singlet_2/TRAJ_00010/restart/MOLCAS.3.JobIph.156', 'JOB001']
['link', 'MOLCAS.3.JobIph', 'JOB002']
['rassi', 'overlap', [3, 3]]
['copy', 'MOLCAS.rassi.h5', 'MOLCAS.rassi.ovlp.3.h5']
['link', 'MOLCAS.1.JobIph', 'JOB001']
['link', 'MOLCAS.3.JobIph', 'JOB002']
['rassi', 'soc', [4, 3]]
['copy', '$master_path/MOLCAS.1.JobIph', 'JOBOLD']
['rasscf', 1, 4, True, False]
['mclr', 0.0001, 'sala=1']
['alaska']
All jobs finished:
job: master          code: 0    runtime: 0:00:08.814481
job: grad_1_1        code: 0    runtime: 0:00:03.269589

Starting job execution
['gateway']
['seward']
['copy', '/project/lgagliardi/helenclifford/practice_rcc/sharc4/methaniminium/tutorial_reproduction/traj/Singlet_2/TRAJ_00010/restart/MOLCAS.1.JobIph.157', 'JOBOLD']
['rasscf', 1, 4, True, False]
['copy', 'MOLCAS.rasscf.h5', 'MOLCAS.1.rasscf.h5']
['copy', 'MOLCAS.JobIph', 'MOLCAS.1.JobIph']
['copy', '/project/lgagliardi/helenclifford/practice_rcc/sharc4/methaniminium/tutorial_reproduction/traj/Singlet_2/TRAJ_00010/restart/MOLCAS.3.JobIph.157', 'JOBOLD']
['rasscf', 3, 3, True, False]
['copy', 'MOLCAS.rasscf.h5', 'MOLCAS.3.rasscf.h5']
['copy', 'MOLCAS.JobIph', 'MOLCAS.3.JobIph']
['link', 'MOLCAS.1.JobIph', 'JOB001']
['rassi', 'dm', [4]]
['copy', 'MOLCAS.rassi.h5', 'MOLCAS.rassi.1.h5']
['link', 'MOLCAS.3.JobIph', 'JOB001']
['rassi', 'dm', [3]]
['copy', 'MOLCAS.rassi.h5', 'MOLCAS.rassi.3.h5']
['copy', '/project/lgagliardi/helenclifford/practice_rcc/sharc4/methaniminium/tutorial_reproduction/traj/Singlet_2/TRAJ_00010/restart/MOLCAS.1.JobIph.157', 'JOB001']
['link', 'MOLCAS.1.JobIph', 'JOB002']
['rassi', 'overlap', [4, 4]]
['copy', 'MOLCAS.rassi.h5', 'MOLCAS.rassi.ovlp.1.h5']
['copy', '/project/lgagliardi/helenclifford/practice_rcc/sharc4/methaniminium/tutorial_reproduction/traj/Singlet_2/TRAJ_00010/restart/MOLCAS.3.JobIph.157', 'JOB001']
['link', 'MOLCAS.3.JobIph', 'JOB002']
['rassi', 'overlap', [3, 3]]
['copy', 'MOLCAS.rassi.h5', 'MOLCAS.rassi.ovlp.3.h5']
['link', 'MOLCAS.1.JobIph', 'JOB001']
['link', 'MOLCAS.3.JobIph', 'JOB002']
['rassi', 'soc', [4, 3]]
['copy', '$master_path/MOLCAS.1.JobIph', 'JOBOLD']
['rasscf', 1, 4, True, False]
['mclr', 0.0001, 'sala=1']
['alaska']
All jobs finished:
job: master          code: 0    runtime: 0:00:08.746592
job: grad_1_1        code: 0    runtime: 0:00:02.941555

Starting job execution
['gateway']
['seward']
['copy', '/project/lgagliardi/helenclifford/practice_rcc/sharc4/methaniminium/tutorial_reproduction/traj/Singlet_2/TRAJ_00010/restart/MOLCAS.1.JobIph.158', 'JOBOLD']
['rasscf', 1, 4, True, False]
['copy', 'MOLCAS.rasscf.h5', 'MOLCAS.1.rasscf.h5']
['copy', 'MOLCAS.JobIph', 'MOLCAS.1.JobIph']
['copy', '/project/lgagliardi/helenclifford/practice_rcc/sharc4/methaniminium/tutorial_reproduction/traj/Singlet_2/TRAJ_00010/restart/MOLCAS.3.JobIph.158', 'JOBOLD']
['rasscf', 3, 3, True, False]
['copy', 'MOLCAS.rasscf.h5', 'MOLCAS.3.rasscf.h5']
['copy', 'MOLCAS.JobIph', 'MOLCAS.3.JobIph']
['link', 'MOLCAS.1.JobIph', 'JOB001']
['rassi', 'dm', [4]]
['copy', 'MOLCAS.rassi.h5', 'MOLCAS.rassi.1.h5']
['link', 'MOLCAS.3.JobIph', 'JOB001']
['rassi', 'dm', [3]]
['copy', 'MOLCAS.rassi.h5', 'MOLCAS.rassi.3.h5']
['copy', '/project/lgagliardi/helenclifford/practice_rcc/sharc4/methaniminium/tutorial_reproduction/traj/Singlet_2/TRAJ_00010/restart/MOLCAS.1.JobIph.157', 'JOB001']
['link', 'MOLCAS.1.JobIph', 'JOB002']
['rassi', 'overlap', [4, 4]]
['copy', 'MOLCAS.rassi.h5', 'MOLCAS.rassi.ovlp.1.h5']
['copy', '/project/lgagliardi/helenclifford/practice_rcc/sharc4/methaniminium/tutorial_reproduction/traj/Singlet_2/TRAJ_00010/restart/MOLCAS.3.JobIph.157', 'JOB001']
['link', 'MOLCAS.3.JobIph', 'JOB002']
['rassi', 'overlap', [3, 3]]
['copy', 'MOLCAS.rassi.h5', 'MOLCAS.rassi.ovlp.3.h5']
['link', 'MOLCAS.1.JobIph', 'JOB001']
['link', 'MOLCAS.3.JobIph', 'JOB002']
['rassi', 'soc', [4, 3]]
['copy', '$master_path/MOLCAS.3.JobIph', 'JOBOLD']
['rasscf', 3, 3, True, False]
['mclr', 0.0001, 'sala=1']
['alaska']
['copy', '$master_path/MOLCAS.1.JobIph', 'JOBOLD']
['rasscf', 1, 4, True, False]
['mclr', 0.0001, 'sala=1']
['alaska']
All jobs finished:
job: master          code: 0    runtime: 0:00:06.911773
job: grad_3_1        code: 0    runtime: 0:00:03.090851
job: grad_1_1        code: 0    runtime: 0:00:03.599749

Starting job execution
['gateway']
['seward']
['copy', '/project/lgagliardi/helenclifford/practice_rcc/sharc4/methaniminium/tutorial_reproduction/traj/Singlet_2/TRAJ_00010/restart/MOLCAS.1.JobIph.158', 'JOBOLD']
['rasscf', 1, 4, True, False]
['copy', 'MOLCAS.rasscf.h5', 'MOLCAS.1.rasscf.h5']
['copy', 'MOLCAS.JobIph', 'MOLCAS.1.JobIph']
['copy', '/project/lgagliardi/helenclifford/practice_rcc/sharc4/methaniminium/tutorial_reproduction/traj/Singlet_2/TRAJ_00010/restart/MOLCAS.3.JobIph.158', 'JOBOLD']
['rasscf', 3, 3, True, False]
['copy', 'MOLCAS.rasscf.h5', 'MOLCAS.3.rasscf.h5']
['copy', 'MOLCAS.JobIph', 'MOLCAS.3.JobIph']
['link', 'MOLCAS.1.JobIph', 'JOB001']
['rassi', 'dm', [4]]
['copy', 'MOLCAS.rassi.h5', 'MOLCAS.rassi.1.h5']
['link', 'MOLCAS.3.JobIph', 'JOB001']
['rassi', 'dm', [3]]
['copy', 'MOLCAS.rassi.h5', 'MOLCAS.rassi.3.h5']
['copy', '/project/lgagliardi/helenclifford/practice_rcc/sharc4/methaniminium/tutorial_reproduction/traj/Singlet_2/TRAJ_00010/restart/MOLCAS.1.JobIph.158', 'JOB001']
['link', 'MOLCAS.1.JobIph', 'JOB002']
['rassi', 'overlap', [4, 4]]
['copy', 'MOLCAS.rassi.h5', 'MOLCAS.rassi.ovlp.1.h5']
['copy', '/project/lgagliardi/helenclifford/practice_rcc/sharc4/methaniminium/tutorial_reproduction/traj/Singlet_2/TRAJ_00010/restart/MOLCAS.3.JobIph.158', 'JOB001']
['link', 'MOLCAS.3.JobIph', 'JOB002']
['rassi', 'overlap', [3, 3]]
['copy', 'MOLCAS.rassi.h5', 'MOLCAS.rassi.ovlp.3.h5']
['link', 'MOLCAS.1.JobIph', 'JOB001']
['link', 'MOLCAS.3.JobIph', 'JOB002']
['rassi', 'soc', [4, 3]]
['copy', '$master_path/MOLCAS.3.JobIph', 'JOBOLD']
['rasscf', 3, 3, True, False]
['mclr', 0.0001, 'sala=1']
['alaska']
['copy', '$master_path/MOLCAS.1.JobIph', 'JOBOLD']
['rasscf', 1, 4, True, False]
['mclr', 0.0001, 'sala=1']
['alaska']
All jobs finished:
job: master          code: 0    runtime: 0:00:08.824565
job: grad_3_1        code: 0    runtime: 0:00:04.670668
job: grad_1_1        code: 0    runtime: 0:00:03.555450

Starting job execution
['gateway']
['seward']
['copy', '/project/lgagliardi/helenclifford/practice_rcc/sharc4/methaniminium/tutorial_reproduction/traj/Singlet_2/TRAJ_00010/restart/MOLCAS.1.JobIph.159', 'JOBOLD']
['rasscf', 1, 4, True, False]
['copy', 'MOLCAS.rasscf.h5', 'MOLCAS.1.rasscf.h5']
['copy', 'MOLCAS.JobIph', 'MOLCAS.1.JobIph']
['copy', '/project/lgagliardi/helenclifford/practice_rcc/sharc4/methaniminium/tutorial_reproduction/traj/Singlet_2/TRAJ_00010/restart/MOLCAS.3.JobIph.159', 'JOBOLD']
['rasscf', 3, 3, True, False]
['copy', 'MOLCAS.rasscf.h5', 'MOLCAS.3.rasscf.h5']
['copy', 'MOLCAS.JobIph', 'MOLCAS.3.JobIph']
['link', 'MOLCAS.1.JobIph', 'JOB001']
['rassi', 'dm', [4]]
['copy', 'MOLCAS.rassi.h5', 'MOLCAS.rassi.1.h5']
['link', 'MOLCAS.3.JobIph', 'JOB001']
['rassi', 'dm', [3]]
['copy', 'MOLCAS.rassi.h5', 'MOLCAS.rassi.3.h5']
['copy', '/project/lgagliardi/helenclifford/practice_rcc/sharc4/methaniminium/tutorial_reproduction/traj/Singlet_2/TRAJ_00010/restart/MOLCAS.1.JobIph.159', 'JOB001']
['link', 'MOLCAS.1.JobIph', 'JOB002']
['rassi', 'overlap', [4, 4]]
['copy', 'MOLCAS.rassi.h5', 'MOLCAS.rassi.ovlp.1.h5']
['copy', '/project/lgagliardi/helenclifford/practice_rcc/sharc4/methaniminium/tutorial_reproduction/traj/Singlet_2/TRAJ_00010/restart/MOLCAS.3.JobIph.159', 'JOB001']
['link', 'MOLCAS.3.JobIph', 'JOB002']
['rassi', 'overlap', [3, 3]]
['copy', 'MOLCAS.rassi.h5', 'MOLCAS.rassi.ovlp.3.h5']
['link', 'MOLCAS.1.JobIph', 'JOB001']
['link', 'MOLCAS.3.JobIph', 'JOB002']
['rassi', 'soc', [4, 3]]
['copy', '$master_path/MOLCAS.1.JobIph', 'JOBOLD']
['rasscf', 1, 4, True, False]
['mclr', 0.0001, 'sala=1']
['alaska']
All jobs finished:
job: master          code: 0    runtime: 0:00:09.380157
job: grad_1_1        code: 0    runtime: 0:00:03.220210

Starting job execution
['gateway']
['seward']
['copy', '/project/lgagliardi/helenclifford/practice_rcc/sharc4/methaniminium/tutorial_reproduction/traj/Singlet_2/TRAJ_00010/restart/MOLCAS.1.JobIph.160', 'JOBOLD']
['rasscf', 1, 4, True, False]
['copy', 'MOLCAS.rasscf.h5', 'MOLCAS.1.rasscf.h5']
['copy', 'MOLCAS.JobIph', 'MOLCAS.1.JobIph']
['copy', '/project/lgagliardi/helenclifford/practice_rcc/sharc4/methaniminium/tutorial_reproduction/traj/Singlet_2/TRAJ_00010/restart/MOLCAS.3.JobIph.160', 'JOBOLD']
['rasscf', 3, 3, True, False]
['copy', 'MOLCAS.rasscf.h5', 'MOLCAS.3.rasscf.h5']
['copy', 'MOLCAS.JobIph', 'MOLCAS.3.JobIph']
['link', 'MOLCAS.1.JobIph', 'JOB001']
['rassi', 'dm', [4]]
['copy', 'MOLCAS.rassi.h5', 'MOLCAS.rassi.1.h5']
['link', 'MOLCAS.3.JobIph', 'JOB001']
['rassi', 'dm', [3]]
['copy', 'MOLCAS.rassi.h5', 'MOLCAS.rassi.3.h5']
['copy', '/project/lgagliardi/helenclifford/practice_rcc/sharc4/methaniminium/tutorial_reproduction/traj/Singlet_2/TRAJ_00010/restart/MOLCAS.1.JobIph.160', 'JOB001']
['link', 'MOLCAS.1.JobIph', 'JOB002']
['rassi', 'overlap', [4, 4]]
['copy', 'MOLCAS.rassi.h5', 'MOLCAS.rassi.ovlp.1.h5']
['copy', '/project/lgagliardi/helenclifford/practice_rcc/sharc4/methaniminium/tutorial_reproduction/traj/Singlet_2/TRAJ_00010/restart/MOLCAS.3.JobIph.160', 'JOB001']
['link', 'MOLCAS.3.JobIph', 'JOB002']
['rassi', 'overlap', [3, 3]]
['copy', 'MOLCAS.rassi.h5', 'MOLCAS.rassi.ovlp.3.h5']
['link', 'MOLCAS.1.JobIph', 'JOB001']
['link', 'MOLCAS.3.JobIph', 'JOB002']
['rassi', 'soc', [4, 3]]
['copy', '$master_path/MOLCAS.1.JobIph', 'JOBOLD']
['rasscf', 1, 4, True, False]
['mclr', 0.0001, 'sala=1']
['alaska']
All jobs finished:
job: master          code: 0    runtime: 0:00:09.991688
job: grad_1_1        code: 0    runtime: 0:00:03.097968

Starting job execution
['gateway']
['seward']
['copy', '/project/lgagliardi/helenclifford/practice_rcc/sharc4/methaniminium/tutorial_reproduction/traj/Singlet_2/TRAJ_00010/restart/MOLCAS.1.JobIph.161', 'JOBOLD']
['rasscf', 1, 4, True, False]
['copy', 'MOLCAS.rasscf.h5', 'MOLCAS.1.rasscf.h5']
['copy', 'MOLCAS.JobIph', 'MOLCAS.1.JobIph']
['copy', '/project/lgagliardi/helenclifford/practice_rcc/sharc4/methaniminium/tutorial_reproduction/traj/Singlet_2/TRAJ_00010/restart/MOLCAS.3.JobIph.161', 'JOBOLD']
['rasscf', 3, 3, True, False]
['copy', 'MOLCAS.rasscf.h5', 'MOLCAS.3.rasscf.h5']
['copy', 'MOLCAS.JobIph', 'MOLCAS.3.JobIph']
['link', 'MOLCAS.1.JobIph', 'JOB001']
['rassi', 'dm', [4]]
['copy', 'MOLCAS.rassi.h5', 'MOLCAS.rassi.1.h5']
['link', 'MOLCAS.3.JobIph', 'JOB001']
['rassi', 'dm', [3]]
['copy', 'MOLCAS.rassi.h5', 'MOLCAS.rassi.3.h5']
['copy', '/project/lgagliardi/helenclifford/practice_rcc/sharc4/methaniminium/tutorial_reproduction/traj/Singlet_2/TRAJ_00010/restart/MOLCAS.1.JobIph.161', 'JOB001']
['link', 'MOLCAS.1.JobIph', 'JOB002']
['rassi', 'overlap', [4, 4]]
['copy', 'MOLCAS.rassi.h5', 'MOLCAS.rassi.ovlp.1.h5']
['copy', '/project/lgagliardi/helenclifford/practice_rcc/sharc4/methaniminium/tutorial_reproduction/traj/Singlet_2/TRAJ_00010/restart/MOLCAS.3.JobIph.161', 'JOB001']
['link', 'MOLCAS.3.JobIph', 'JOB002']
['rassi', 'overlap', [3, 3]]
['copy', 'MOLCAS.rassi.h5', 'MOLCAS.rassi.ovlp.3.h5']
['link', 'MOLCAS.1.JobIph', 'JOB001']
['link', 'MOLCAS.3.JobIph', 'JOB002']
['rassi', 'soc', [4, 3]]
['copy', '$master_path/MOLCAS.1.JobIph', 'JOBOLD']
['rasscf', 1, 4, True, False]
['mclr', 0.0001, 'sala=1']
['alaska']
All jobs finished:
job: master          code: 0    runtime: 0:00:08.765725
job: grad_1_1        code: 0    runtime: 0:00:02.859730

Starting job execution
['gateway']
['seward']
['copy', '/project/lgagliardi/helenclifford/practice_rcc/sharc4/methaniminium/tutorial_reproduction/traj/Singlet_2/TRAJ_00010/restart/MOLCAS.1.JobIph.162', 'JOBOLD']
['rasscf', 1, 4, True, False]
['copy', 'MOLCAS.rasscf.h5', 'MOLCAS.1.rasscf.h5']
['copy', 'MOLCAS.JobIph', 'MOLCAS.1.JobIph']
['copy', '/project/lgagliardi/helenclifford/practice_rcc/sharc4/methaniminium/tutorial_reproduction/traj/Singlet_2/TRAJ_00010/restart/MOLCAS.3.JobIph.162', 'JOBOLD']
['rasscf', 3, 3, True, False]
['copy', 'MOLCAS.rasscf.h5', 'MOLCAS.3.rasscf.h5']
['copy', 'MOLCAS.JobIph', 'MOLCAS.3.JobIph']
['link', 'MOLCAS.1.JobIph', 'JOB001']
['rassi', 'dm', [4]]
['copy', 'MOLCAS.rassi.h5', 'MOLCAS.rassi.1.h5']
['link', 'MOLCAS.3.JobIph', 'JOB001']
['rassi', 'dm', [3]]
['copy', 'MOLCAS.rassi.h5', 'MOLCAS.rassi.3.h5']
['copy', '/project/lgagliardi/helenclifford/practice_rcc/sharc4/methaniminium/tutorial_reproduction/traj/Singlet_2/TRAJ_00010/restart/MOLCAS.1.JobIph.162', 'JOB001']
['link', 'MOLCAS.1.JobIph', 'JOB002']
['rassi', 'overlap', [4, 4]]
['copy', 'MOLCAS.rassi.h5', 'MOLCAS.rassi.ovlp.1.h5']
['copy', '/project/lgagliardi/helenclifford/practice_rcc/sharc4/methaniminium/tutorial_reproduction/traj/Singlet_2/TRAJ_00010/restart/MOLCAS.3.JobIph.162', 'JOB001']
['link', 'MOLCAS.3.JobIph', 'JOB002']
['rassi', 'overlap', [3, 3]]
['copy', 'MOLCAS.rassi.h5', 'MOLCAS.rassi.ovlp.3.h5']
['link', 'MOLCAS.1.JobIph', 'JOB001']
['link', 'MOLCAS.3.JobIph', 'JOB002']
['rassi', 'soc', [4, 3]]
['copy', '$master_path/MOLCAS.1.JobIph', 'JOBOLD']
['rasscf', 1, 4, True, False]
['mclr', 0.0001, 'sala=1']
['alaska']
All jobs finished:
job: master          code: 0    runtime: 0:00:09.539622
job: grad_1_1        code: 0    runtime: 0:00:02.881849

Starting job execution
['gateway']
['seward']
['copy', '/project/lgagliardi/helenclifford/practice_rcc/sharc4/methaniminium/tutorial_reproduction/traj/Singlet_2/TRAJ_00010/restart/MOLCAS.1.JobIph.163', 'JOBOLD']
['rasscf', 1, 4, True, False]
['copy', 'MOLCAS.rasscf.h5', 'MOLCAS.1.rasscf.h5']
['copy', 'MOLCAS.JobIph', 'MOLCAS.1.JobIph']
['copy', '/project/lgagliardi/helenclifford/practice_rcc/sharc4/methaniminium/tutorial_reproduction/traj/Singlet_2/TRAJ_00010/restart/MOLCAS.3.JobIph.163', 'JOBOLD']
['rasscf', 3, 3, True, False]
['copy', 'MOLCAS.rasscf.h5', 'MOLCAS.3.rasscf.h5']
['copy', 'MOLCAS.JobIph', 'MOLCAS.3.JobIph']
['link', 'MOLCAS.1.JobIph', 'JOB001']
['rassi', 'dm', [4]]
['copy', 'MOLCAS.rassi.h5', 'MOLCAS.rassi.1.h5']
['link', 'MOLCAS.3.JobIph', 'JOB001']
['rassi', 'dm', [3]]
['copy', 'MOLCAS.rassi.h5', 'MOLCAS.rassi.3.h5']
['copy', '/project/lgagliardi/helenclifford/practice_rcc/sharc4/methaniminium/tutorial_reproduction/traj/Singlet_2/TRAJ_00010/restart/MOLCAS.1.JobIph.162', 'JOB001']
['link', 'MOLCAS.1.JobIph', 'JOB002']
['rassi', 'overlap', [4, 4]]
['copy', 'MOLCAS.rassi.h5', 'MOLCAS.rassi.ovlp.1.h5']
['copy', '/project/lgagliardi/helenclifford/practice_rcc/sharc4/methaniminium/tutorial_reproduction/traj/Singlet_2/TRAJ_00010/restart/MOLCAS.3.JobIph.162', 'JOB001']
['link', 'MOLCAS.3.JobIph', 'JOB002']
['rassi', 'overlap', [3, 3]]
['copy', 'MOLCAS.rassi.h5', 'MOLCAS.rassi.ovlp.3.h5']
['link', 'MOLCAS.1.JobIph', 'JOB001']
['link', 'MOLCAS.3.JobIph', 'JOB002']
['rassi', 'soc', [4, 3]]
['copy', '$master_path/MOLCAS.3.JobIph', 'JOBOLD']
['rasscf', 3, 3, True, False]
['mclr', 0.0001, 'sala=1']
['alaska']
['copy', '$master_path/MOLCAS.1.JobIph', 'JOBOLD']
['rasscf', 1, 4, True, False]
['mclr', 0.0001, 'sala=1']
['alaska']
All jobs finished:
job: master          code: 0    runtime: 0:00:06.846379
job: grad_3_1        code: 0    runtime: 0:00:02.808502
job: grad_1_1        code: 0    runtime: 0:00:02.814060

Starting job execution
['gateway']
['seward']
['copy', '/project/lgagliardi/helenclifford/practice_rcc/sharc4/methaniminium/tutorial_reproduction/traj/Singlet_2/TRAJ_00010/restart/MOLCAS.1.JobIph.163', 'JOBOLD']
['rasscf', 1, 4, True, False]
['copy', 'MOLCAS.rasscf.h5', 'MOLCAS.1.rasscf.h5']
['copy', 'MOLCAS.JobIph', 'MOLCAS.1.JobIph']
['copy', '/project/lgagliardi/helenclifford/practice_rcc/sharc4/methaniminium/tutorial_reproduction/traj/Singlet_2/TRAJ_00010/restart/MOLCAS.3.JobIph.163', 'JOBOLD']
['rasscf', 3, 3, True, False]
['copy', 'MOLCAS.rasscf.h5', 'MOLCAS.3.rasscf.h5']
['copy', 'MOLCAS.JobIph', 'MOLCAS.3.JobIph']
['link', 'MOLCAS.1.JobIph', 'JOB001']
['rassi', 'dm', [4]]
['copy', 'MOLCAS.rassi.h5', 'MOLCAS.rassi.1.h5']
['link', 'MOLCAS.3.JobIph', 'JOB001']
['rassi', 'dm', [3]]
['copy', 'MOLCAS.rassi.h5', 'MOLCAS.rassi.3.h5']
['copy', '/project/lgagliardi/helenclifford/practice_rcc/sharc4/methaniminium/tutorial_reproduction/traj/Singlet_2/TRAJ_00010/restart/MOLCAS.1.JobIph.163', 'JOB001']
['link', 'MOLCAS.1.JobIph', 'JOB002']
['rassi', 'overlap', [4, 4]]
['copy', 'MOLCAS.rassi.h5', 'MOLCAS.rassi.ovlp.1.h5']
['copy', '/project/lgagliardi/helenclifford/practice_rcc/sharc4/methaniminium/tutorial_reproduction/traj/Singlet_2/TRAJ_00010/restart/MOLCAS.3.JobIph.163', 'JOB001']
['link', 'MOLCAS.3.JobIph', 'JOB002']
['rassi', 'overlap', [3, 3]]
['copy', 'MOLCAS.rassi.h5', 'MOLCAS.rassi.ovlp.3.h5']
['link', 'MOLCAS.1.JobIph', 'JOB001']
['link', 'MOLCAS.3.JobIph', 'JOB002']
['rassi', 'soc', [4, 3]]
['copy', '$master_path/MOLCAS.3.JobIph', 'JOBOLD']
['rasscf', 3, 3, True, False]
['mclr', 0.0001, 'sala=1']
['alaska']
['copy', '$master_path/MOLCAS.1.JobIph', 'JOBOLD']
['rasscf', 1, 4, True, False]
['mclr', 0.0001, 'sala=1']
['alaska']
All jobs finished:
job: master          code: 0    runtime: 0:00:08.212448
job: grad_3_1        code: 0    runtime: 0:00:02.832638
job: grad_1_1        code: 0    runtime: 0:00:03.033322

Starting job execution
['gateway']
['seward']
['copy', '/project/lgagliardi/helenclifford/practice_rcc/sharc4/methaniminium/tutorial_reproduction/traj/Singlet_2/TRAJ_00010/restart/MOLCAS.1.JobIph.164', 'JOBOLD']
['rasscf', 1, 4, True, False]
['copy', 'MOLCAS.rasscf.h5', 'MOLCAS.1.rasscf.h5']
['copy', 'MOLCAS.JobIph', 'MOLCAS.1.JobIph']
['copy', '/project/lgagliardi/helenclifford/practice_rcc/sharc4/methaniminium/tutorial_reproduction/traj/Singlet_2/TRAJ_00010/restart/MOLCAS.3.JobIph.164', 'JOBOLD']
['rasscf', 3, 3, True, False]
['copy', 'MOLCAS.rasscf.h5', 'MOLCAS.3.rasscf.h5']
['copy', 'MOLCAS.JobIph', 'MOLCAS.3.JobIph']
['link', 'MOLCAS.1.JobIph', 'JOB001']
['rassi', 'dm', [4]]
['copy', 'MOLCAS.rassi.h5', 'MOLCAS.rassi.1.h5']
['link', 'MOLCAS.3.JobIph', 'JOB001']
['rassi', 'dm', [3]]
['copy', 'MOLCAS.rassi.h5', 'MOLCAS.rassi.3.h5']
['copy', '/project/lgagliardi/helenclifford/practice_rcc/sharc4/methaniminium/tutorial_reproduction/traj/Singlet_2/TRAJ_00010/restart/MOLCAS.1.JobIph.164', 'JOB001']
['link', 'MOLCAS.1.JobIph', 'JOB002']
['rassi', 'overlap', [4, 4]]
['copy', 'MOLCAS.rassi.h5', 'MOLCAS.rassi.ovlp.1.h5']
['copy', '/project/lgagliardi/helenclifford/practice_rcc/sharc4/methaniminium/tutorial_reproduction/traj/Singlet_2/TRAJ_00010/restart/MOLCAS.3.JobIph.164', 'JOB001']
['link', 'MOLCAS.3.JobIph', 'JOB002']
['rassi', 'overlap', [3, 3]]
['copy', 'MOLCAS.rassi.h5', 'MOLCAS.rassi.ovlp.3.h5']
['link', 'MOLCAS.1.JobIph', 'JOB001']
['link', 'MOLCAS.3.JobIph', 'JOB002']
['rassi', 'soc', [4, 3]]
['copy', '$master_path/MOLCAS.3.JobIph', 'JOBOLD']
['rasscf', 3, 3, True, False]
['mclr', 0.0001, 'sala=1']
['alaska']
['copy', '$master_path/MOLCAS.1.JobIph', 'JOBOLD']
['rasscf', 1, 4, True, False]
['mclr', 0.0001, 'sala=1']
['alaska']
All jobs finished:
job: master          code: 0    runtime: 0:00:08.607413
job: grad_3_1        code: 0    runtime: 0:00:03.116892
job: grad_1_1        code: 0    runtime: 0:00:03.068740

Starting job execution
['gateway']
['seward']
['copy', '/project/lgagliardi/helenclifford/practice_rcc/sharc4/methaniminium/tutorial_reproduction/traj/Singlet_2/TRAJ_00010/restart/MOLCAS.1.JobIph.165', 'JOBOLD']
['rasscf', 1, 4, True, False]
['copy', 'MOLCAS.rasscf.h5', 'MOLCAS.1.rasscf.h5']
['copy', 'MOLCAS.JobIph', 'MOLCAS.1.JobIph']
['copy', '/project/lgagliardi/helenclifford/practice_rcc/sharc4/methaniminium/tutorial_reproduction/traj/Singlet_2/TRAJ_00010/restart/MOLCAS.3.JobIph.165', 'JOBOLD']
['rasscf', 3, 3, True, False]
['copy', 'MOLCAS.rasscf.h5', 'MOLCAS.3.rasscf.h5']
['copy', 'MOLCAS.JobIph', 'MOLCAS.3.JobIph']
['link', 'MOLCAS.1.JobIph', 'JOB001']
['rassi', 'dm', [4]]
['copy', 'MOLCAS.rassi.h5', 'MOLCAS.rassi.1.h5']
['link', 'MOLCAS.3.JobIph', 'JOB001']
['rassi', 'dm', [3]]
['copy', 'MOLCAS.rassi.h5', 'MOLCAS.rassi.3.h5']
['copy', '/project/lgagliardi/helenclifford/practice_rcc/sharc4/methaniminium/tutorial_reproduction/traj/Singlet_2/TRAJ_00010/restart/MOLCAS.1.JobIph.165', 'JOB001']
['link', 'MOLCAS.1.JobIph', 'JOB002']
['rassi', 'overlap', [4, 4]]
['copy', 'MOLCAS.rassi.h5', 'MOLCAS.rassi.ovlp.1.h5']
['copy', '/project/lgagliardi/helenclifford/practice_rcc/sharc4/methaniminium/tutorial_reproduction/traj/Singlet_2/TRAJ_00010/restart/MOLCAS.3.JobIph.165', 'JOB001']
['link', 'MOLCAS.3.JobIph', 'JOB002']
['rassi', 'overlap', [3, 3]]
['copy', 'MOLCAS.rassi.h5', 'MOLCAS.rassi.ovlp.3.h5']
['link', 'MOLCAS.1.JobIph', 'JOB001']
['link', 'MOLCAS.3.JobIph', 'JOB002']
['rassi', 'soc', [4, 3]]
['copy', '$master_path/MOLCAS.3.JobIph', 'JOBOLD']
['rasscf', 3, 3, True, False]
['mclr', 0.0001, 'sala=1']
['alaska']
['copy', '$master_path/MOLCAS.1.JobIph', 'JOBOLD']
['rasscf', 1, 4, True, False]
['mclr', 0.0001, 'sala=1']
['alaska']
All jobs finished:
job: master          code: 0    runtime: 0:00:08.509471
job: grad_3_1        code: 0    runtime: 0:00:03.311245
job: grad_1_1        code: 0    runtime: 0:00:03.049054

Starting job execution
['gateway']
['seward']
['copy', '/project/lgagliardi/helenclifford/practice_rcc/sharc4/methaniminium/tutorial_reproduction/traj/Singlet_2/TRAJ_00010/restart/MOLCAS.1.JobIph.166', 'JOBOLD']
['rasscf', 1, 4, True, False]
['copy', 'MOLCAS.rasscf.h5', 'MOLCAS.1.rasscf.h5']
['copy', 'MOLCAS.JobIph', 'MOLCAS.1.JobIph']
['copy', '/project/lgagliardi/helenclifford/practice_rcc/sharc4/methaniminium/tutorial_reproduction/traj/Singlet_2/TRAJ_00010/restart/MOLCAS.3.JobIph.166', 'JOBOLD']
['rasscf', 3, 3, True, False]
['copy', 'MOLCAS.rasscf.h5', 'MOLCAS.3.rasscf.h5']
['copy', 'MOLCAS.JobIph', 'MOLCAS.3.JobIph']
['link', 'MOLCAS.1.JobIph', 'JOB001']
['rassi', 'dm', [4]]
['copy', 'MOLCAS.rassi.h5', 'MOLCAS.rassi.1.h5']
['link', 'MOLCAS.3.JobIph', 'JOB001']
['rassi', 'dm', [3]]
['copy', 'MOLCAS.rassi.h5', 'MOLCAS.rassi.3.h5']
['copy', '/project/lgagliardi/helenclifford/practice_rcc/sharc4/methaniminium/tutorial_reproduction/traj/Singlet_2/TRAJ_00010/restart/MOLCAS.1.JobIph.166', 'JOB001']
['link', 'MOLCAS.1.JobIph', 'JOB002']
['rassi', 'overlap', [4, 4]]
['copy', 'MOLCAS.rassi.h5', 'MOLCAS.rassi.ovlp.1.h5']
['copy', '/project/lgagliardi/helenclifford/practice_rcc/sharc4/methaniminium/tutorial_reproduction/traj/Singlet_2/TRAJ_00010/restart/MOLCAS.3.JobIph.166', 'JOB001']
['link', 'MOLCAS.3.JobIph', 'JOB002']
['rassi', 'overlap', [3, 3]]
['copy', 'MOLCAS.rassi.h5', 'MOLCAS.rassi.ovlp.3.h5']
['link', 'MOLCAS.1.JobIph', 'JOB001']
['link', 'MOLCAS.3.JobIph', 'JOB002']
['rassi', 'soc', [4, 3]]
['copy', '$master_path/MOLCAS.3.JobIph', 'JOBOLD']
['rasscf', 3, 3, True, False]
['mclr', 0.0001, 'sala=1']
['alaska']
['copy', '$master_path/MOLCAS.1.JobIph', 'JOBOLD']
['rasscf', 1, 4, True, False]
['mclr', 0.0001, 'sala=1']
['alaska']
All jobs finished:
job: master          code: 0    runtime: 0:00:07.973344
job: grad_3_1        code: 0    runtime: 0:00:03.690568
job: grad_1_1        code: 0    runtime: 0:00:03.308887

Starting job execution
['gateway']
['seward']
['copy', '/project/lgagliardi/helenclifford/practice_rcc/sharc4/methaniminium/tutorial_reproduction/traj/Singlet_2/TRAJ_00010/restart/MOLCAS.1.JobIph.167', 'JOBOLD']
['rasscf', 1, 4, True, False]
['copy', 'MOLCAS.rasscf.h5', 'MOLCAS.1.rasscf.h5']
['copy', 'MOLCAS.JobIph', 'MOLCAS.1.JobIph']
['copy', '/project/lgagliardi/helenclifford/practice_rcc/sharc4/methaniminium/tutorial_reproduction/traj/Singlet_2/TRAJ_00010/restart/MOLCAS.3.JobIph.167', 'JOBOLD']
['rasscf', 3, 3, True, False]
['copy', 'MOLCAS.rasscf.h5', 'MOLCAS.3.rasscf.h5']
['copy', 'MOLCAS.JobIph', 'MOLCAS.3.JobIph']
['link', 'MOLCAS.1.JobIph', 'JOB001']
['rassi', 'dm', [4]]
['copy', 'MOLCAS.rassi.h5', 'MOLCAS.rassi.1.h5']
['link', 'MOLCAS.3.JobIph', 'JOB001']
['rassi', 'dm', [3]]
['copy', 'MOLCAS.rassi.h5', 'MOLCAS.rassi.3.h5']
['copy', '/project/lgagliardi/helenclifford/practice_rcc/sharc4/methaniminium/tutorial_reproduction/traj/Singlet_2/TRAJ_00010/restart/MOLCAS.1.JobIph.167', 'JOB001']
['link', 'MOLCAS.1.JobIph', 'JOB002']
['rassi', 'overlap', [4, 4]]
['copy', 'MOLCAS.rassi.h5', 'MOLCAS.rassi.ovlp.1.h5']
['copy', '/project/lgagliardi/helenclifford/practice_rcc/sharc4/methaniminium/tutorial_reproduction/traj/Singlet_2/TRAJ_00010/restart/MOLCAS.3.JobIph.167', 'JOB001']
['link', 'MOLCAS.3.JobIph', 'JOB002']
['rassi', 'overlap', [3, 3]]
['copy', 'MOLCAS.rassi.h5', 'MOLCAS.rassi.ovlp.3.h5']
['link', 'MOLCAS.1.JobIph', 'JOB001']
['link', 'MOLCAS.3.JobIph', 'JOB002']
['rassi', 'soc', [4, 3]]
['copy', '$master_path/MOLCAS.3.JobIph', 'JOBOLD']
['rasscf', 3, 3, True, False]
['mclr', 0.0001, 'sala=1']
['alaska']
['copy', '$master_path/MOLCAS.1.JobIph', 'JOBOLD']
['rasscf', 1, 4, True, False]
['mclr', 0.0001, 'sala=1']
['alaska']
All jobs finished:
job: master          code: 0    runtime: 0:00:07.946861
job: grad_3_1        code: 0    runtime: 0:00:03.618789
job: grad_1_1        code: 0    runtime: 0:00:03.142905

Starting job execution
['gateway']
['seward']
['copy', '/project/lgagliardi/helenclifford/practice_rcc/sharc4/methaniminium/tutorial_reproduction/traj/Singlet_2/TRAJ_00010/restart/MOLCAS.1.JobIph.168', 'JOBOLD']
['rasscf', 1, 4, True, False]
['copy', 'MOLCAS.rasscf.h5', 'MOLCAS.1.rasscf.h5']
['copy', 'MOLCAS.JobIph', 'MOLCAS.1.JobIph']
['copy', '/project/lgagliardi/helenclifford/practice_rcc/sharc4/methaniminium/tutorial_reproduction/traj/Singlet_2/TRAJ_00010/restart/MOLCAS.3.JobIph.168', 'JOBOLD']
['rasscf', 3, 3, True, False]
['copy', 'MOLCAS.rasscf.h5', 'MOLCAS.3.rasscf.h5']
['copy', 'MOLCAS.JobIph', 'MOLCAS.3.JobIph']
['link', 'MOLCAS.1.JobIph', 'JOB001']
['rassi', 'dm', [4]]
['copy', 'MOLCAS.rassi.h5', 'MOLCAS.rassi.1.h5']
['link', 'MOLCAS.3.JobIph', 'JOB001']
['rassi', 'dm', [3]]
['copy', 'MOLCAS.rassi.h5', 'MOLCAS.rassi.3.h5']
['copy', '/project/lgagliardi/helenclifford/practice_rcc/sharc4/methaniminium/tutorial_reproduction/traj/Singlet_2/TRAJ_00010/restart/MOLCAS.1.JobIph.168', 'JOB001']
['link', 'MOLCAS.1.JobIph', 'JOB002']
['rassi', 'overlap', [4, 4]]
['copy', 'MOLCAS.rassi.h5', 'MOLCAS.rassi.ovlp.1.h5']
['copy', '/project/lgagliardi/helenclifford/practice_rcc/sharc4/methaniminium/tutorial_reproduction/traj/Singlet_2/TRAJ_00010/restart/MOLCAS.3.JobIph.168', 'JOB001']
['link', 'MOLCAS.3.JobIph', 'JOB002']
['rassi', 'overlap', [3, 3]]
['copy', 'MOLCAS.rassi.h5', 'MOLCAS.rassi.ovlp.3.h5']
['link', 'MOLCAS.1.JobIph', 'JOB001']
['link', 'MOLCAS.3.JobIph', 'JOB002']
['rassi', 'soc', [4, 3]]
['copy', '$master_path/MOLCAS.3.JobIph', 'JOBOLD']
['rasscf', 3, 3, True, False]
['mclr', 0.0001, 'sala=1']
['alaska']
['copy', '$master_path/MOLCAS.1.JobIph', 'JOBOLD']
['rasscf', 1, 4, True, False]
['mclr', 0.0001, 'sala=1']
['alaska']
All jobs finished:
job: master          code: 0    runtime: 0:00:08.402847
job: grad_3_1        code: 0    runtime: 0:00:03.001578
job: grad_1_1        code: 0    runtime: 0:00:03.335900

Starting job execution
['gateway']
['seward']
['copy', '/project/lgagliardi/helenclifford/practice_rcc/sharc4/methaniminium/tutorial_reproduction/traj/Singlet_2/TRAJ_00010/restart/MOLCAS.1.JobIph.169', 'JOBOLD']
['rasscf', 1, 4, True, False]
['copy', 'MOLCAS.rasscf.h5', 'MOLCAS.1.rasscf.h5']
['copy', 'MOLCAS.JobIph', 'MOLCAS.1.JobIph']
['copy', '/project/lgagliardi/helenclifford/practice_rcc/sharc4/methaniminium/tutorial_reproduction/traj/Singlet_2/TRAJ_00010/restart/MOLCAS.3.JobIph.169', 'JOBOLD']
['rasscf', 3, 3, True, False]
['copy', 'MOLCAS.rasscf.h5', 'MOLCAS.3.rasscf.h5']
['copy', 'MOLCAS.JobIph', 'MOLCAS.3.JobIph']
['link', 'MOLCAS.1.JobIph', 'JOB001']
['rassi', 'dm', [4]]
['copy', 'MOLCAS.rassi.h5', 'MOLCAS.rassi.1.h5']
['link', 'MOLCAS.3.JobIph', 'JOB001']
['rassi', 'dm', [3]]
['copy', 'MOLCAS.rassi.h5', 'MOLCAS.rassi.3.h5']
['copy', '/project/lgagliardi/helenclifford/practice_rcc/sharc4/methaniminium/tutorial_reproduction/traj/Singlet_2/TRAJ_00010/restart/MOLCAS.1.JobIph.169', 'JOB001']
['link', 'MOLCAS.1.JobIph', 'JOB002']
['rassi', 'overlap', [4, 4]]
['copy', 'MOLCAS.rassi.h5', 'MOLCAS.rassi.ovlp.1.h5']
['copy', '/project/lgagliardi/helenclifford/practice_rcc/sharc4/methaniminium/tutorial_reproduction/traj/Singlet_2/TRAJ_00010/restart/MOLCAS.3.JobIph.169', 'JOB001']
['link', 'MOLCAS.3.JobIph', 'JOB002']
['rassi', 'overlap', [3, 3]]
['copy', 'MOLCAS.rassi.h5', 'MOLCAS.rassi.ovlp.3.h5']
['link', 'MOLCAS.1.JobIph', 'JOB001']
['link', 'MOLCAS.3.JobIph', 'JOB002']
['rassi', 'soc', [4, 3]]
['copy', '$master_path/MOLCAS.3.JobIph', 'JOBOLD']
['rasscf', 3, 3, True, False]
['mclr', 0.0001, 'sala=1']
['alaska']
['copy', '$master_path/MOLCAS.1.JobIph', 'JOBOLD']
['rasscf', 1, 4, True, False]
['mclr', 0.0001, 'sala=1']
['alaska']
All jobs finished:
job: master          code: 0    runtime: 0:00:08.183229
job: grad_3_1        code: 0    runtime: 0:00:03.098471
job: grad_1_1        code: 0    runtime: 0:00:03.631229

Starting job execution
['gateway']
['seward']
['copy', '/project/lgagliardi/helenclifford/practice_rcc/sharc4/methaniminium/tutorial_reproduction/traj/Singlet_2/TRAJ_00010/restart/MOLCAS.1.JobIph.170', 'JOBOLD']
['rasscf', 1, 4, True, False]
['copy', 'MOLCAS.rasscf.h5', 'MOLCAS.1.rasscf.h5']
['copy', 'MOLCAS.JobIph', 'MOLCAS.1.JobIph']
['copy', '/project/lgagliardi/helenclifford/practice_rcc/sharc4/methaniminium/tutorial_reproduction/traj/Singlet_2/TRAJ_00010/restart/MOLCAS.3.JobIph.170', 'JOBOLD']
['rasscf', 3, 3, True, False]
['copy', 'MOLCAS.rasscf.h5', 'MOLCAS.3.rasscf.h5']
['copy', 'MOLCAS.JobIph', 'MOLCAS.3.JobIph']
['link', 'MOLCAS.1.JobIph', 'JOB001']
['rassi', 'dm', [4]]
['copy', 'MOLCAS.rassi.h5', 'MOLCAS.rassi.1.h5']
['link', 'MOLCAS.3.JobIph', 'JOB001']
['rassi', 'dm', [3]]
['copy', 'MOLCAS.rassi.h5', 'MOLCAS.rassi.3.h5']
['copy', '/project/lgagliardi/helenclifford/practice_rcc/sharc4/methaniminium/tutorial_reproduction/traj/Singlet_2/TRAJ_00010/restart/MOLCAS.1.JobIph.170', 'JOB001']
['link', 'MOLCAS.1.JobIph', 'JOB002']
['rassi', 'overlap', [4, 4]]
['copy', 'MOLCAS.rassi.h5', 'MOLCAS.rassi.ovlp.1.h5']
['copy', '/project/lgagliardi/helenclifford/practice_rcc/sharc4/methaniminium/tutorial_reproduction/traj/Singlet_2/TRAJ_00010/restart/MOLCAS.3.JobIph.170', 'JOB001']
['link', 'MOLCAS.3.JobIph', 'JOB002']
['rassi', 'overlap', [3, 3]]
['copy', 'MOLCAS.rassi.h5', 'MOLCAS.rassi.ovlp.3.h5']
['link', 'MOLCAS.1.JobIph', 'JOB001']
['link', 'MOLCAS.3.JobIph', 'JOB002']
['rassi', 'soc', [4, 3]]
['copy', '$master_path/MOLCAS.3.JobIph', 'JOBOLD']
['rasscf', 3, 3, True, False]
['mclr', 0.0001, 'sala=1']
['alaska']
['copy', '$master_path/MOLCAS.1.JobIph', 'JOBOLD']
['rasscf', 1, 4, True, False]
['mclr', 0.0001, 'sala=1']
['alaska']
All jobs finished:
job: master          code: 0    runtime: 0:00:07.904341
job: grad_3_1        code: 0    runtime: 0:00:02.964668
job: grad_1_1        code: 0    runtime: 0:00:03.107025

Starting job execution
['gateway']
['seward']
['copy', '/project/lgagliardi/helenclifford/practice_rcc/sharc4/methaniminium/tutorial_reproduction/traj/Singlet_2/TRAJ_00010/restart/MOLCAS.1.JobIph.171', 'JOBOLD']
['rasscf', 1, 4, True, False]
['copy', 'MOLCAS.rasscf.h5', 'MOLCAS.1.rasscf.h5']
['copy', 'MOLCAS.JobIph', 'MOLCAS.1.JobIph']
['copy', '/project/lgagliardi/helenclifford/practice_rcc/sharc4/methaniminium/tutorial_reproduction/traj/Singlet_2/TRAJ_00010/restart/MOLCAS.3.JobIph.171', 'JOBOLD']
['rasscf', 3, 3, True, False]
['copy', 'MOLCAS.rasscf.h5', 'MOLCAS.3.rasscf.h5']
['copy', 'MOLCAS.JobIph', 'MOLCAS.3.JobIph']
['link', 'MOLCAS.1.JobIph', 'JOB001']
['rassi', 'dm', [4]]
['copy', 'MOLCAS.rassi.h5', 'MOLCAS.rassi.1.h5']
['link', 'MOLCAS.3.JobIph', 'JOB001']
['rassi', 'dm', [3]]
['copy', 'MOLCAS.rassi.h5', 'MOLCAS.rassi.3.h5']
['copy', '/project/lgagliardi/helenclifford/practice_rcc/sharc4/methaniminium/tutorial_reproduction/traj/Singlet_2/TRAJ_00010/restart/MOLCAS.1.JobIph.171', 'JOB001']
['link', 'MOLCAS.1.JobIph', 'JOB002']
['rassi', 'overlap', [4, 4]]
['copy', 'MOLCAS.rassi.h5', 'MOLCAS.rassi.ovlp.1.h5']
['copy', '/project/lgagliardi/helenclifford/practice_rcc/sharc4/methaniminium/tutorial_reproduction/traj/Singlet_2/TRAJ_00010/restart/MOLCAS.3.JobIph.171', 'JOB001']
['link', 'MOLCAS.3.JobIph', 'JOB002']
['rassi', 'overlap', [3, 3]]
['copy', 'MOLCAS.rassi.h5', 'MOLCAS.rassi.ovlp.3.h5']
['link', 'MOLCAS.1.JobIph', 'JOB001']
['link', 'MOLCAS.3.JobIph', 'JOB002']
['rassi', 'soc', [4, 3]]
['copy', '$master_path/MOLCAS.3.JobIph', 'JOBOLD']
['rasscf', 3, 3, True, False]
['mclr', 0.0001, 'sala=1']
['alaska']
['copy', '$master_path/MOLCAS.1.JobIph', 'JOBOLD']
['rasscf', 1, 4, True, False]
['mclr', 0.0001, 'sala=1']
['alaska']
All jobs finished:
job: master          code: 0    runtime: 0:00:07.917238
job: grad_3_1        code: 0    runtime: 0:00:02.678309
job: grad_1_1        code: 0    runtime: 0:00:03.235175

Starting job execution
['gateway']
['seward']
['copy', '/project/lgagliardi/helenclifford/practice_rcc/sharc4/methaniminium/tutorial_reproduction/traj/Singlet_2/TRAJ_00010/restart/MOLCAS.1.JobIph.172', 'JOBOLD']
['rasscf', 1, 4, True, False]
['copy', 'MOLCAS.rasscf.h5', 'MOLCAS.1.rasscf.h5']
['copy', 'MOLCAS.JobIph', 'MOLCAS.1.JobIph']
['copy', '/project/lgagliardi/helenclifford/practice_rcc/sharc4/methaniminium/tutorial_reproduction/traj/Singlet_2/TRAJ_00010/restart/MOLCAS.3.JobIph.172', 'JOBOLD']
['rasscf', 3, 3, True, False]
['copy', 'MOLCAS.rasscf.h5', 'MOLCAS.3.rasscf.h5']
['copy', 'MOLCAS.JobIph', 'MOLCAS.3.JobIph']
['link', 'MOLCAS.1.JobIph', 'JOB001']
['rassi', 'dm', [4]]
['copy', 'MOLCAS.rassi.h5', 'MOLCAS.rassi.1.h5']
['link', 'MOLCAS.3.JobIph', 'JOB001']
['rassi', 'dm', [3]]
['copy', 'MOLCAS.rassi.h5', 'MOLCAS.rassi.3.h5']
['copy', '/project/lgagliardi/helenclifford/practice_rcc/sharc4/methaniminium/tutorial_reproduction/traj/Singlet_2/TRAJ_00010/restart/MOLCAS.1.JobIph.172', 'JOB001']
['link', 'MOLCAS.1.JobIph', 'JOB002']
['rassi', 'overlap', [4, 4]]
['copy', 'MOLCAS.rassi.h5', 'MOLCAS.rassi.ovlp.1.h5']
['copy', '/project/lgagliardi/helenclifford/practice_rcc/sharc4/methaniminium/tutorial_reproduction/traj/Singlet_2/TRAJ_00010/restart/MOLCAS.3.JobIph.172', 'JOB001']
['link', 'MOLCAS.3.JobIph', 'JOB002']
['rassi', 'overlap', [3, 3]]
['copy', 'MOLCAS.rassi.h5', 'MOLCAS.rassi.ovlp.3.h5']
['link', 'MOLCAS.1.JobIph', 'JOB001']
['link', 'MOLCAS.3.JobIph', 'JOB002']
['rassi', 'soc', [4, 3]]
['copy', '$master_path/MOLCAS.3.JobIph', 'JOBOLD']
['rasscf', 3, 3, True, False]
['mclr', 0.0001, 'sala=1']
['alaska']
['copy', '$master_path/MOLCAS.1.JobIph', 'JOBOLD']
['rasscf', 1, 4, True, False]
['mclr', 0.0001, 'sala=1']
['alaska']
All jobs finished:
job: master          code: 0    runtime: 0:00:08.430303
job: grad_3_1        code: 0    runtime: 0:00:03.088922
job: grad_1_1        code: 0    runtime: 0:00:03.309027

Starting job execution
['gateway']
['seward']
['copy', '/project/lgagliardi/helenclifford/practice_rcc/sharc4/methaniminium/tutorial_reproduction/traj/Singlet_2/TRAJ_00010/restart/MOLCAS.1.JobIph.173', 'JOBOLD']
['rasscf', 1, 4, True, False]
['copy', 'MOLCAS.rasscf.h5', 'MOLCAS.1.rasscf.h5']
['copy', 'MOLCAS.JobIph', 'MOLCAS.1.JobIph']
['copy', '/project/lgagliardi/helenclifford/practice_rcc/sharc4/methaniminium/tutorial_reproduction/traj/Singlet_2/TRAJ_00010/restart/MOLCAS.3.JobIph.173', 'JOBOLD']
['rasscf', 3, 3, True, False]
['copy', 'MOLCAS.rasscf.h5', 'MOLCAS.3.rasscf.h5']
['copy', 'MOLCAS.JobIph', 'MOLCAS.3.JobIph']
['link', 'MOLCAS.1.JobIph', 'JOB001']
['rassi', 'dm', [4]]
['copy', 'MOLCAS.rassi.h5', 'MOLCAS.rassi.1.h5']
['link', 'MOLCAS.3.JobIph', 'JOB001']
['rassi', 'dm', [3]]
['copy', 'MOLCAS.rassi.h5', 'MOLCAS.rassi.3.h5']
['copy', '/project/lgagliardi/helenclifford/practice_rcc/sharc4/methaniminium/tutorial_reproduction/traj/Singlet_2/TRAJ_00010/restart/MOLCAS.1.JobIph.173', 'JOB001']
['link', 'MOLCAS.1.JobIph', 'JOB002']
['rassi', 'overlap', [4, 4]]
['copy', 'MOLCAS.rassi.h5', 'MOLCAS.rassi.ovlp.1.h5']
['copy', '/project/lgagliardi/helenclifford/practice_rcc/sharc4/methaniminium/tutorial_reproduction/traj/Singlet_2/TRAJ_00010/restart/MOLCAS.3.JobIph.173', 'JOB001']
['link', 'MOLCAS.3.JobIph', 'JOB002']
['rassi', 'overlap', [3, 3]]
['copy', 'MOLCAS.rassi.h5', 'MOLCAS.rassi.ovlp.3.h5']
['link', 'MOLCAS.1.JobIph', 'JOB001']
['link', 'MOLCAS.3.JobIph', 'JOB002']
['rassi', 'soc', [4, 3]]
['copy', '$master_path/MOLCAS.3.JobIph', 'JOBOLD']
['rasscf', 3, 3, True, False]
['mclr', 0.0001, 'sala=1']
['alaska']
['copy', '$master_path/MOLCAS.1.JobIph', 'JOBOLD']
['rasscf', 1, 4, True, False]
['mclr', 0.0001, 'sala=1']
['alaska']
All jobs finished:
job: master          code: 0    runtime: 0:00:08.622631
job: grad_3_1        code: 0    runtime: 0:00:02.921977
job: grad_1_1        code: 0    runtime: 0:00:03.114367

Starting job execution
['gateway']
['seward']
['copy', '/project/lgagliardi/helenclifford/practice_rcc/sharc4/methaniminium/tutorial_reproduction/traj/Singlet_2/TRAJ_00010/restart/MOLCAS.1.JobIph.174', 'JOBOLD']
['rasscf', 1, 4, True, False]
['copy', 'MOLCAS.rasscf.h5', 'MOLCAS.1.rasscf.h5']
['copy', 'MOLCAS.JobIph', 'MOLCAS.1.JobIph']
['copy', '/project/lgagliardi/helenclifford/practice_rcc/sharc4/methaniminium/tutorial_reproduction/traj/Singlet_2/TRAJ_00010/restart/MOLCAS.3.JobIph.174', 'JOBOLD']
['rasscf', 3, 3, True, False]
['copy', 'MOLCAS.rasscf.h5', 'MOLCAS.3.rasscf.h5']
['copy', 'MOLCAS.JobIph', 'MOLCAS.3.JobIph']
['link', 'MOLCAS.1.JobIph', 'JOB001']
['rassi', 'dm', [4]]
['copy', 'MOLCAS.rassi.h5', 'MOLCAS.rassi.1.h5']
['link', 'MOLCAS.3.JobIph', 'JOB001']
['rassi', 'dm', [3]]
['copy', 'MOLCAS.rassi.h5', 'MOLCAS.rassi.3.h5']
['copy', '/project/lgagliardi/helenclifford/practice_rcc/sharc4/methaniminium/tutorial_reproduction/traj/Singlet_2/TRAJ_00010/restart/MOLCAS.1.JobIph.174', 'JOB001']
['link', 'MOLCAS.1.JobIph', 'JOB002']
['rassi', 'overlap', [4, 4]]
['copy', 'MOLCAS.rassi.h5', 'MOLCAS.rassi.ovlp.1.h5']
['copy', '/project/lgagliardi/helenclifford/practice_rcc/sharc4/methaniminium/tutorial_reproduction/traj/Singlet_2/TRAJ_00010/restart/MOLCAS.3.JobIph.174', 'JOB001']
['link', 'MOLCAS.3.JobIph', 'JOB002']
['rassi', 'overlap', [3, 3]]
['copy', 'MOLCAS.rassi.h5', 'MOLCAS.rassi.ovlp.3.h5']
['link', 'MOLCAS.1.JobIph', 'JOB001']
['link', 'MOLCAS.3.JobIph', 'JOB002']
['rassi', 'soc', [4, 3]]
['copy', '$master_path/MOLCAS.1.JobIph', 'JOBOLD']
['rasscf', 1, 4, True, False]
['mclr', 0.0001, 'sala=1']
['alaska']
All jobs finished:
job: master          code: 0    runtime: 0:00:08.913238
job: grad_1_1        code: 0    runtime: 0:00:03.025392

Starting job execution
['gateway']
['seward']
['copy', '/project/lgagliardi/helenclifford/practice_rcc/sharc4/methaniminium/tutorial_reproduction/traj/Singlet_2/TRAJ_00010/restart/MOLCAS.1.JobIph.175', 'JOBOLD']
['rasscf', 1, 4, True, False]
['copy', 'MOLCAS.rasscf.h5', 'MOLCAS.1.rasscf.h5']
['copy', 'MOLCAS.JobIph', 'MOLCAS.1.JobIph']
['copy', '/project/lgagliardi/helenclifford/practice_rcc/sharc4/methaniminium/tutorial_reproduction/traj/Singlet_2/TRAJ_00010/restart/MOLCAS.3.JobIph.175', 'JOBOLD']
['rasscf', 3, 3, True, False]
['copy', 'MOLCAS.rasscf.h5', 'MOLCAS.3.rasscf.h5']
['copy', 'MOLCAS.JobIph', 'MOLCAS.3.JobIph']
['link', 'MOLCAS.1.JobIph', 'JOB001']
['rassi', 'dm', [4]]
['copy', 'MOLCAS.rassi.h5', 'MOLCAS.rassi.1.h5']
['link', 'MOLCAS.3.JobIph', 'JOB001']
['rassi', 'dm', [3]]
['copy', 'MOLCAS.rassi.h5', 'MOLCAS.rassi.3.h5']
['copy', '/project/lgagliardi/helenclifford/practice_rcc/sharc4/methaniminium/tutorial_reproduction/traj/Singlet_2/TRAJ_00010/restart/MOLCAS.1.JobIph.175', 'JOB001']
['link', 'MOLCAS.1.JobIph', 'JOB002']
['rassi', 'overlap', [4, 4]]
['copy', 'MOLCAS.rassi.h5', 'MOLCAS.rassi.ovlp.1.h5']
['copy', '/project/lgagliardi/helenclifford/practice_rcc/sharc4/methaniminium/tutorial_reproduction/traj/Singlet_2/TRAJ_00010/restart/MOLCAS.3.JobIph.175', 'JOB001']
['link', 'MOLCAS.3.JobIph', 'JOB002']
['rassi', 'overlap', [3, 3]]
['copy', 'MOLCAS.rassi.h5', 'MOLCAS.rassi.ovlp.3.h5']
['link', 'MOLCAS.1.JobIph', 'JOB001']
['link', 'MOLCAS.3.JobIph', 'JOB002']
['rassi', 'soc', [4, 3]]
['copy', '$master_path/MOLCAS.1.JobIph', 'JOBOLD']
['rasscf', 1, 4, True, False]
['mclr', 0.0001, 'sala=1']
['alaska']
All jobs finished:
job: master          code: 0    runtime: 0:00:08.550146
job: grad_1_1        code: 0    runtime: 0:00:02.949959

Starting job execution
['gateway']
['seward']
['copy', '/project/lgagliardi/helenclifford/practice_rcc/sharc4/methaniminium/tutorial_reproduction/traj/Singlet_2/TRAJ_00010/restart/MOLCAS.1.JobIph.176', 'JOBOLD']
['rasscf', 1, 4, True, False]
['copy', 'MOLCAS.rasscf.h5', 'MOLCAS.1.rasscf.h5']
['copy', 'MOLCAS.JobIph', 'MOLCAS.1.JobIph']
['copy', '/project/lgagliardi/helenclifford/practice_rcc/sharc4/methaniminium/tutorial_reproduction/traj/Singlet_2/TRAJ_00010/restart/MOLCAS.3.JobIph.176', 'JOBOLD']
['rasscf', 3, 3, True, False]
['copy', 'MOLCAS.rasscf.h5', 'MOLCAS.3.rasscf.h5']
['copy', 'MOLCAS.JobIph', 'MOLCAS.3.JobIph']
['link', 'MOLCAS.1.JobIph', 'JOB001']
['rassi', 'dm', [4]]
['copy', 'MOLCAS.rassi.h5', 'MOLCAS.rassi.1.h5']
['link', 'MOLCAS.3.JobIph', 'JOB001']
['rassi', 'dm', [3]]
['copy', 'MOLCAS.rassi.h5', 'MOLCAS.rassi.3.h5']
['copy', '/project/lgagliardi/helenclifford/practice_rcc/sharc4/methaniminium/tutorial_reproduction/traj/Singlet_2/TRAJ_00010/restart/MOLCAS.1.JobIph.176', 'JOB001']
['link', 'MOLCAS.1.JobIph', 'JOB002']
['rassi', 'overlap', [4, 4]]
['copy', 'MOLCAS.rassi.h5', 'MOLCAS.rassi.ovlp.1.h5']
['copy', '/project/lgagliardi/helenclifford/practice_rcc/sharc4/methaniminium/tutorial_reproduction/traj/Singlet_2/TRAJ_00010/restart/MOLCAS.3.JobIph.176', 'JOB001']
['link', 'MOLCAS.3.JobIph', 'JOB002']
['rassi', 'overlap', [3, 3]]
['copy', 'MOLCAS.rassi.h5', 'MOLCAS.rassi.ovlp.3.h5']
['link', 'MOLCAS.1.JobIph', 'JOB001']
['link', 'MOLCAS.3.JobIph', 'JOB002']
['rassi', 'soc', [4, 3]]
['copy', '$master_path/MOLCAS.1.JobIph', 'JOBOLD']
['rasscf', 1, 4, True, False]
['mclr', 0.0001, 'sala=1']
['alaska']
All jobs finished:
job: master          code: 0    runtime: 0:00:08.254242
job: grad_1_1        code: 0    runtime: 0:00:03.192777

Starting job execution
['gateway']
['seward']
['copy', '/project/lgagliardi/helenclifford/practice_rcc/sharc4/methaniminium/tutorial_reproduction/traj/Singlet_2/TRAJ_00010/restart/MOLCAS.1.JobIph.177', 'JOBOLD']
['rasscf', 1, 4, True, False]
['copy', 'MOLCAS.rasscf.h5', 'MOLCAS.1.rasscf.h5']
['copy', 'MOLCAS.JobIph', 'MOLCAS.1.JobIph']
['copy', '/project/lgagliardi/helenclifford/practice_rcc/sharc4/methaniminium/tutorial_reproduction/traj/Singlet_2/TRAJ_00010/restart/MOLCAS.3.JobIph.177', 'JOBOLD']
['rasscf', 3, 3, True, False]
['copy', 'MOLCAS.rasscf.h5', 'MOLCAS.3.rasscf.h5']
['copy', 'MOLCAS.JobIph', 'MOLCAS.3.JobIph']
['link', 'MOLCAS.1.JobIph', 'JOB001']
['rassi', 'dm', [4]]
['copy', 'MOLCAS.rassi.h5', 'MOLCAS.rassi.1.h5']
['link', 'MOLCAS.3.JobIph', 'JOB001']
['rassi', 'dm', [3]]
['copy', 'MOLCAS.rassi.h5', 'MOLCAS.rassi.3.h5']
['copy', '/project/lgagliardi/helenclifford/practice_rcc/sharc4/methaniminium/tutorial_reproduction/traj/Singlet_2/TRAJ_00010/restart/MOLCAS.1.JobIph.177', 'JOB001']
['link', 'MOLCAS.1.JobIph', 'JOB002']
['rassi', 'overlap', [4, 4]]
['copy', 'MOLCAS.rassi.h5', 'MOLCAS.rassi.ovlp.1.h5']
['copy', '/project/lgagliardi/helenclifford/practice_rcc/sharc4/methaniminium/tutorial_reproduction/traj/Singlet_2/TRAJ_00010/restart/MOLCAS.3.JobIph.177', 'JOB001']
['link', 'MOLCAS.3.JobIph', 'JOB002']
['rassi', 'overlap', [3, 3]]
['copy', 'MOLCAS.rassi.h5', 'MOLCAS.rassi.ovlp.3.h5']
['link', 'MOLCAS.1.JobIph', 'JOB001']
['link', 'MOLCAS.3.JobIph', 'JOB002']
['rassi', 'soc', [4, 3]]
['copy', '$master_path/MOLCAS.1.JobIph', 'JOBOLD']
['rasscf', 1, 4, True, False]
['mclr', 0.0001, 'sala=1']
['alaska']
All jobs finished:
job: master          code: 0    runtime: 0:00:08.426028
job: grad_1_1        code: 0    runtime: 0:00:03.182401

Starting job execution
['gateway']
['seward']
['copy', '/project/lgagliardi/helenclifford/practice_rcc/sharc4/methaniminium/tutorial_reproduction/traj/Singlet_2/TRAJ_00010/restart/MOLCAS.1.JobIph.178', 'JOBOLD']
['rasscf', 1, 4, True, False]
['copy', 'MOLCAS.rasscf.h5', 'MOLCAS.1.rasscf.h5']
['copy', 'MOLCAS.JobIph', 'MOLCAS.1.JobIph']
['copy', '/project/lgagliardi/helenclifford/practice_rcc/sharc4/methaniminium/tutorial_reproduction/traj/Singlet_2/TRAJ_00010/restart/MOLCAS.3.JobIph.178', 'JOBOLD']
['rasscf', 3, 3, True, False]
['copy', 'MOLCAS.rasscf.h5', 'MOLCAS.3.rasscf.h5']
['copy', 'MOLCAS.JobIph', 'MOLCAS.3.JobIph']
['link', 'MOLCAS.1.JobIph', 'JOB001']
['rassi', 'dm', [4]]
['copy', 'MOLCAS.rassi.h5', 'MOLCAS.rassi.1.h5']
['link', 'MOLCAS.3.JobIph', 'JOB001']
['rassi', 'dm', [3]]
['copy', 'MOLCAS.rassi.h5', 'MOLCAS.rassi.3.h5']
['copy', '/project/lgagliardi/helenclifford/practice_rcc/sharc4/methaniminium/tutorial_reproduction/traj/Singlet_2/TRAJ_00010/restart/MOLCAS.1.JobIph.178', 'JOB001']
['link', 'MOLCAS.1.JobIph', 'JOB002']
['rassi', 'overlap', [4, 4]]
['copy', 'MOLCAS.rassi.h5', 'MOLCAS.rassi.ovlp.1.h5']
['copy', '/project/lgagliardi/helenclifford/practice_rcc/sharc4/methaniminium/tutorial_reproduction/traj/Singlet_2/TRAJ_00010/restart/MOLCAS.3.JobIph.178', 'JOB001']
['link', 'MOLCAS.3.JobIph', 'JOB002']
['rassi', 'overlap', [3, 3]]
['copy', 'MOLCAS.rassi.h5', 'MOLCAS.rassi.ovlp.3.h5']
['link', 'MOLCAS.1.JobIph', 'JOB001']
['link', 'MOLCAS.3.JobIph', 'JOB002']
['rassi', 'soc', [4, 3]]
['copy', '$master_path/MOLCAS.1.JobIph', 'JOBOLD']
['rasscf', 1, 4, True, False]
['mclr', 0.0001, 'sala=1']
['alaska']
All jobs finished:
job: master          code: 0    runtime: 0:00:07.886890
job: grad_1_1        code: 0    runtime: 0:00:03.110367

Starting job execution
['gateway']
['seward']
['copy', '/project/lgagliardi/helenclifford/practice_rcc/sharc4/methaniminium/tutorial_reproduction/traj/Singlet_2/TRAJ_00010/restart/MOLCAS.1.JobIph.179', 'JOBOLD']
['rasscf', 1, 4, True, False]
['copy', 'MOLCAS.rasscf.h5', 'MOLCAS.1.rasscf.h5']
['copy', 'MOLCAS.JobIph', 'MOLCAS.1.JobIph']
['copy', '/project/lgagliardi/helenclifford/practice_rcc/sharc4/methaniminium/tutorial_reproduction/traj/Singlet_2/TRAJ_00010/restart/MOLCAS.3.JobIph.179', 'JOBOLD']
['rasscf', 3, 3, True, False]
['copy', 'MOLCAS.rasscf.h5', 'MOLCAS.3.rasscf.h5']
['copy', 'MOLCAS.JobIph', 'MOLCAS.3.JobIph']
['link', 'MOLCAS.1.JobIph', 'JOB001']
['rassi', 'dm', [4]]
['copy', 'MOLCAS.rassi.h5', 'MOLCAS.rassi.1.h5']
['link', 'MOLCAS.3.JobIph', 'JOB001']
['rassi', 'dm', [3]]
['copy', 'MOLCAS.rassi.h5', 'MOLCAS.rassi.3.h5']
['copy', '/project/lgagliardi/helenclifford/practice_rcc/sharc4/methaniminium/tutorial_reproduction/traj/Singlet_2/TRAJ_00010/restart/MOLCAS.1.JobIph.179', 'JOB001']
['link', 'MOLCAS.1.JobIph', 'JOB002']
['rassi', 'overlap', [4, 4]]
['copy', 'MOLCAS.rassi.h5', 'MOLCAS.rassi.ovlp.1.h5']
['copy', '/project/lgagliardi/helenclifford/practice_rcc/sharc4/methaniminium/tutorial_reproduction/traj/Singlet_2/TRAJ_00010/restart/MOLCAS.3.JobIph.179', 'JOB001']
['link', 'MOLCAS.3.JobIph', 'JOB002']
['rassi', 'overlap', [3, 3]]
['copy', 'MOLCAS.rassi.h5', 'MOLCAS.rassi.ovlp.3.h5']
['link', 'MOLCAS.1.JobIph', 'JOB001']
['link', 'MOLCAS.3.JobIph', 'JOB002']
['rassi', 'soc', [4, 3]]
['copy', '$master_path/MOLCAS.1.JobIph', 'JOBOLD']
['rasscf', 1, 4, True, False]
['mclr', 0.0001, 'sala=1']
['alaska']
All jobs finished:
job: master          code: 0    runtime: 0:00:08.031726
job: grad_1_1        code: 0    runtime: 0:00:02.992537

Starting job execution
['gateway']
['seward']
['copy', '/project/lgagliardi/helenclifford/practice_rcc/sharc4/methaniminium/tutorial_reproduction/traj/Singlet_2/TRAJ_00010/restart/MOLCAS.1.JobIph.180', 'JOBOLD']
['rasscf', 1, 4, True, False]
['copy', 'MOLCAS.rasscf.h5', 'MOLCAS.1.rasscf.h5']
['copy', 'MOLCAS.JobIph', 'MOLCAS.1.JobIph']
['copy', '/project/lgagliardi/helenclifford/practice_rcc/sharc4/methaniminium/tutorial_reproduction/traj/Singlet_2/TRAJ_00010/restart/MOLCAS.3.JobIph.180', 'JOBOLD']
['rasscf', 3, 3, True, False]
['copy', 'MOLCAS.rasscf.h5', 'MOLCAS.3.rasscf.h5']
['copy', 'MOLCAS.JobIph', 'MOLCAS.3.JobIph']
['link', 'MOLCAS.1.JobIph', 'JOB001']
['rassi', 'dm', [4]]
['copy', 'MOLCAS.rassi.h5', 'MOLCAS.rassi.1.h5']
['link', 'MOLCAS.3.JobIph', 'JOB001']
['rassi', 'dm', [3]]
['copy', 'MOLCAS.rassi.h5', 'MOLCAS.rassi.3.h5']
['copy', '/project/lgagliardi/helenclifford/practice_rcc/sharc4/methaniminium/tutorial_reproduction/traj/Singlet_2/TRAJ_00010/restart/MOLCAS.1.JobIph.180', 'JOB001']
['link', 'MOLCAS.1.JobIph', 'JOB002']
['rassi', 'overlap', [4, 4]]
['copy', 'MOLCAS.rassi.h5', 'MOLCAS.rassi.ovlp.1.h5']
['copy', '/project/lgagliardi/helenclifford/practice_rcc/sharc4/methaniminium/tutorial_reproduction/traj/Singlet_2/TRAJ_00010/restart/MOLCAS.3.JobIph.180', 'JOB001']
['link', 'MOLCAS.3.JobIph', 'JOB002']
['rassi', 'overlap', [3, 3]]
['copy', 'MOLCAS.rassi.h5', 'MOLCAS.rassi.ovlp.3.h5']
['link', 'MOLCAS.1.JobIph', 'JOB001']
['link', 'MOLCAS.3.JobIph', 'JOB002']
['rassi', 'soc', [4, 3]]
['copy', '$master_path/MOLCAS.1.JobIph', 'JOBOLD']
['rasscf', 1, 4, True, False]
['mclr', 0.0001, 'sala=1']
['alaska']
All jobs finished:
job: master          code: 0    runtime: 0:00:08.053288
job: grad_1_1        code: 0    runtime: 0:00:02.941475

Starting job execution
['gateway']
['seward']
['copy', '/project/lgagliardi/helenclifford/practice_rcc/sharc4/methaniminium/tutorial_reproduction/traj/Singlet_2/TRAJ_00010/restart/MOLCAS.1.JobIph.181', 'JOBOLD']
['rasscf', 1, 4, True, False]
['copy', 'MOLCAS.rasscf.h5', 'MOLCAS.1.rasscf.h5']
['copy', 'MOLCAS.JobIph', 'MOLCAS.1.JobIph']
['copy', '/project/lgagliardi/helenclifford/practice_rcc/sharc4/methaniminium/tutorial_reproduction/traj/Singlet_2/TRAJ_00010/restart/MOLCAS.3.JobIph.181', 'JOBOLD']
['rasscf', 3, 3, True, False]
['copy', 'MOLCAS.rasscf.h5', 'MOLCAS.3.rasscf.h5']
['copy', 'MOLCAS.JobIph', 'MOLCAS.3.JobIph']
['link', 'MOLCAS.1.JobIph', 'JOB001']
['rassi', 'dm', [4]]
['copy', 'MOLCAS.rassi.h5', 'MOLCAS.rassi.1.h5']
['link', 'MOLCAS.3.JobIph', 'JOB001']
['rassi', 'dm', [3]]
['copy', 'MOLCAS.rassi.h5', 'MOLCAS.rassi.3.h5']
['copy', '/project/lgagliardi/helenclifford/practice_rcc/sharc4/methaniminium/tutorial_reproduction/traj/Singlet_2/TRAJ_00010/restart/MOLCAS.1.JobIph.181', 'JOB001']
['link', 'MOLCAS.1.JobIph', 'JOB002']
['rassi', 'overlap', [4, 4]]
['copy', 'MOLCAS.rassi.h5', 'MOLCAS.rassi.ovlp.1.h5']
['copy', '/project/lgagliardi/helenclifford/practice_rcc/sharc4/methaniminium/tutorial_reproduction/traj/Singlet_2/TRAJ_00010/restart/MOLCAS.3.JobIph.181', 'JOB001']
['link', 'MOLCAS.3.JobIph', 'JOB002']
['rassi', 'overlap', [3, 3]]
['copy', 'MOLCAS.rassi.h5', 'MOLCAS.rassi.ovlp.3.h5']
['link', 'MOLCAS.1.JobIph', 'JOB001']
['link', 'MOLCAS.3.JobIph', 'JOB002']
['rassi', 'soc', [4, 3]]
['copy', '$master_path/MOLCAS.1.JobIph', 'JOBOLD']
['rasscf', 1, 4, True, False]
['mclr', 0.0001, 'sala=1']
['alaska']
All jobs finished:
job: master          code: 0    runtime: 0:00:08.059895
job: grad_1_1        code: 0    runtime: 0:00:02.852260

Starting job execution
['gateway']
['seward']
['copy', '/project/lgagliardi/helenclifford/practice_rcc/sharc4/methaniminium/tutorial_reproduction/traj/Singlet_2/TRAJ_00010/restart/MOLCAS.1.JobIph.182', 'JOBOLD']
['rasscf', 1, 4, True, False]
['copy', 'MOLCAS.rasscf.h5', 'MOLCAS.1.rasscf.h5']
['copy', 'MOLCAS.JobIph', 'MOLCAS.1.JobIph']
['copy', '/project/lgagliardi/helenclifford/practice_rcc/sharc4/methaniminium/tutorial_reproduction/traj/Singlet_2/TRAJ_00010/restart/MOLCAS.3.JobIph.182', 'JOBOLD']
['rasscf', 3, 3, True, False]
['copy', 'MOLCAS.rasscf.h5', 'MOLCAS.3.rasscf.h5']
['copy', 'MOLCAS.JobIph', 'MOLCAS.3.JobIph']
['link', 'MOLCAS.1.JobIph', 'JOB001']
['rassi', 'dm', [4]]
['copy', 'MOLCAS.rassi.h5', 'MOLCAS.rassi.1.h5']
['link', 'MOLCAS.3.JobIph', 'JOB001']
['rassi', 'dm', [3]]
['copy', 'MOLCAS.rassi.h5', 'MOLCAS.rassi.3.h5']
['copy', '/project/lgagliardi/helenclifford/practice_rcc/sharc4/methaniminium/tutorial_reproduction/traj/Singlet_2/TRAJ_00010/restart/MOLCAS.1.JobIph.182', 'JOB001']
['link', 'MOLCAS.1.JobIph', 'JOB002']
['rassi', 'overlap', [4, 4]]
['copy', 'MOLCAS.rassi.h5', 'MOLCAS.rassi.ovlp.1.h5']
['copy', '/project/lgagliardi/helenclifford/practice_rcc/sharc4/methaniminium/tutorial_reproduction/traj/Singlet_2/TRAJ_00010/restart/MOLCAS.3.JobIph.182', 'JOB001']
['link', 'MOLCAS.3.JobIph', 'JOB002']
['rassi', 'overlap', [3, 3]]
['copy', 'MOLCAS.rassi.h5', 'MOLCAS.rassi.ovlp.3.h5']
['link', 'MOLCAS.1.JobIph', 'JOB001']
['link', 'MOLCAS.3.JobIph', 'JOB002']
['rassi', 'soc', [4, 3]]
['copy', '$master_path/MOLCAS.1.JobIph', 'JOBOLD']
['rasscf', 1, 4, True, False]
['mclr', 0.0001, 'sala=1']
['alaska']
All jobs finished:
job: master          code: 0    runtime: 0:00:08.104784
job: grad_1_1        code: 0    runtime: 0:00:03.097538

Starting job execution
['gateway']
['seward']
['copy', '/project/lgagliardi/helenclifford/practice_rcc/sharc4/methaniminium/tutorial_reproduction/traj/Singlet_2/TRAJ_00010/restart/MOLCAS.1.JobIph.183', 'JOBOLD']
['rasscf', 1, 4, True, False]
['copy', 'MOLCAS.rasscf.h5', 'MOLCAS.1.rasscf.h5']
['copy', 'MOLCAS.JobIph', 'MOLCAS.1.JobIph']
['copy', '/project/lgagliardi/helenclifford/practice_rcc/sharc4/methaniminium/tutorial_reproduction/traj/Singlet_2/TRAJ_00010/restart/MOLCAS.3.JobIph.183', 'JOBOLD']
['rasscf', 3, 3, True, False]
['copy', 'MOLCAS.rasscf.h5', 'MOLCAS.3.rasscf.h5']
['copy', 'MOLCAS.JobIph', 'MOLCAS.3.JobIph']
['link', 'MOLCAS.1.JobIph', 'JOB001']
['rassi', 'dm', [4]]
['copy', 'MOLCAS.rassi.h5', 'MOLCAS.rassi.1.h5']
['link', 'MOLCAS.3.JobIph', 'JOB001']
['rassi', 'dm', [3]]
['copy', 'MOLCAS.rassi.h5', 'MOLCAS.rassi.3.h5']
['copy', '/project/lgagliardi/helenclifford/practice_rcc/sharc4/methaniminium/tutorial_reproduction/traj/Singlet_2/TRAJ_00010/restart/MOLCAS.1.JobIph.183', 'JOB001']
['link', 'MOLCAS.1.JobIph', 'JOB002']
['rassi', 'overlap', [4, 4]]
['copy', 'MOLCAS.rassi.h5', 'MOLCAS.rassi.ovlp.1.h5']
['copy', '/project/lgagliardi/helenclifford/practice_rcc/sharc4/methaniminium/tutorial_reproduction/traj/Singlet_2/TRAJ_00010/restart/MOLCAS.3.JobIph.183', 'JOB001']
['link', 'MOLCAS.3.JobIph', 'JOB002']
['rassi', 'overlap', [3, 3]]
['copy', 'MOLCAS.rassi.h5', 'MOLCAS.rassi.ovlp.3.h5']
['link', 'MOLCAS.1.JobIph', 'JOB001']
['link', 'MOLCAS.3.JobIph', 'JOB002']
['rassi', 'soc', [4, 3]]
['copy', '$master_path/MOLCAS.1.JobIph', 'JOBOLD']
['rasscf', 1, 4, True, False]
['mclr', 0.0001, 'sala=1']
['alaska']
All jobs finished:
job: master          code: 0    runtime: 0:00:08.032033
job: grad_1_1        code: 0    runtime: 0:00:03.161990

Starting job execution
['gateway']
['seward']
['copy', '/project/lgagliardi/helenclifford/practice_rcc/sharc4/methaniminium/tutorial_reproduction/traj/Singlet_2/TRAJ_00010/restart/MOLCAS.1.JobIph.184', 'JOBOLD']
['rasscf', 1, 4, True, False]
['copy', 'MOLCAS.rasscf.h5', 'MOLCAS.1.rasscf.h5']
['copy', 'MOLCAS.JobIph', 'MOLCAS.1.JobIph']
['copy', '/project/lgagliardi/helenclifford/practice_rcc/sharc4/methaniminium/tutorial_reproduction/traj/Singlet_2/TRAJ_00010/restart/MOLCAS.3.JobIph.184', 'JOBOLD']
['rasscf', 3, 3, True, False]
['copy', 'MOLCAS.rasscf.h5', 'MOLCAS.3.rasscf.h5']
['copy', 'MOLCAS.JobIph', 'MOLCAS.3.JobIph']
['link', 'MOLCAS.1.JobIph', 'JOB001']
['rassi', 'dm', [4]]
['copy', 'MOLCAS.rassi.h5', 'MOLCAS.rassi.1.h5']
['link', 'MOLCAS.3.JobIph', 'JOB001']
['rassi', 'dm', [3]]
['copy', 'MOLCAS.rassi.h5', 'MOLCAS.rassi.3.h5']
['copy', '/project/lgagliardi/helenclifford/practice_rcc/sharc4/methaniminium/tutorial_reproduction/traj/Singlet_2/TRAJ_00010/restart/MOLCAS.1.JobIph.184', 'JOB001']
['link', 'MOLCAS.1.JobIph', 'JOB002']
['rassi', 'overlap', [4, 4]]
['copy', 'MOLCAS.rassi.h5', 'MOLCAS.rassi.ovlp.1.h5']
['copy', '/project/lgagliardi/helenclifford/practice_rcc/sharc4/methaniminium/tutorial_reproduction/traj/Singlet_2/TRAJ_00010/restart/MOLCAS.3.JobIph.184', 'JOB001']
['link', 'MOLCAS.3.JobIph', 'JOB002']
['rassi', 'overlap', [3, 3]]
['copy', 'MOLCAS.rassi.h5', 'MOLCAS.rassi.ovlp.3.h5']
['link', 'MOLCAS.1.JobIph', 'JOB001']
['link', 'MOLCAS.3.JobIph', 'JOB002']
['rassi', 'soc', [4, 3]]
['copy', '$master_path/MOLCAS.1.JobIph', 'JOBOLD']
['rasscf', 1, 4, True, False]
['mclr', 0.0001, 'sala=1']
['alaska']
All jobs finished:
job: master          code: 0    runtime: 0:00:08.059853
job: grad_1_1        code: 0    runtime: 0:00:03.029362

Starting job execution
['gateway']
['seward']
['copy', '/project/lgagliardi/helenclifford/practice_rcc/sharc4/methaniminium/tutorial_reproduction/traj/Singlet_2/TRAJ_00010/restart/MOLCAS.1.JobIph.185', 'JOBOLD']
['rasscf', 1, 4, True, False]
['copy', 'MOLCAS.rasscf.h5', 'MOLCAS.1.rasscf.h5']
['copy', 'MOLCAS.JobIph', 'MOLCAS.1.JobIph']
['copy', '/project/lgagliardi/helenclifford/practice_rcc/sharc4/methaniminium/tutorial_reproduction/traj/Singlet_2/TRAJ_00010/restart/MOLCAS.3.JobIph.185', 'JOBOLD']
['rasscf', 3, 3, True, False]
['copy', 'MOLCAS.rasscf.h5', 'MOLCAS.3.rasscf.h5']
['copy', 'MOLCAS.JobIph', 'MOLCAS.3.JobIph']
['link', 'MOLCAS.1.JobIph', 'JOB001']
['rassi', 'dm', [4]]
['copy', 'MOLCAS.rassi.h5', 'MOLCAS.rassi.1.h5']
['link', 'MOLCAS.3.JobIph', 'JOB001']
['rassi', 'dm', [3]]
['copy', 'MOLCAS.rassi.h5', 'MOLCAS.rassi.3.h5']
['copy', '/project/lgagliardi/helenclifford/practice_rcc/sharc4/methaniminium/tutorial_reproduction/traj/Singlet_2/TRAJ_00010/restart/MOLCAS.1.JobIph.185', 'JOB001']
['link', 'MOLCAS.1.JobIph', 'JOB002']
['rassi', 'overlap', [4, 4]]
['copy', 'MOLCAS.rassi.h5', 'MOLCAS.rassi.ovlp.1.h5']
['copy', '/project/lgagliardi/helenclifford/practice_rcc/sharc4/methaniminium/tutorial_reproduction/traj/Singlet_2/TRAJ_00010/restart/MOLCAS.3.JobIph.185', 'JOB001']
['link', 'MOLCAS.3.JobIph', 'JOB002']
['rassi', 'overlap', [3, 3]]
['copy', 'MOLCAS.rassi.h5', 'MOLCAS.rassi.ovlp.3.h5']
['link', 'MOLCAS.1.JobIph', 'JOB001']
['link', 'MOLCAS.3.JobIph', 'JOB002']
['rassi', 'soc', [4, 3]]
['copy', '$master_path/MOLCAS.1.JobIph', 'JOBOLD']
['rasscf', 1, 4, True, False]
['mclr', 0.0001, 'sala=1']
['alaska']
All jobs finished:
job: master          code: 0    runtime: 0:00:08.089492
job: grad_1_1        code: 0    runtime: 0:00:02.877977

Starting job execution
['gateway']
['seward']
['copy', '/project/lgagliardi/helenclifford/practice_rcc/sharc4/methaniminium/tutorial_reproduction/traj/Singlet_2/TRAJ_00010/restart/MOLCAS.1.JobIph.186', 'JOBOLD']
['rasscf', 1, 4, True, False]
['copy', 'MOLCAS.rasscf.h5', 'MOLCAS.1.rasscf.h5']
['copy', 'MOLCAS.JobIph', 'MOLCAS.1.JobIph']
['copy', '/project/lgagliardi/helenclifford/practice_rcc/sharc4/methaniminium/tutorial_reproduction/traj/Singlet_2/TRAJ_00010/restart/MOLCAS.3.JobIph.186', 'JOBOLD']
['rasscf', 3, 3, True, False]
['copy', 'MOLCAS.rasscf.h5', 'MOLCAS.3.rasscf.h5']
['copy', 'MOLCAS.JobIph', 'MOLCAS.3.JobIph']
['link', 'MOLCAS.1.JobIph', 'JOB001']
['rassi', 'dm', [4]]
['copy', 'MOLCAS.rassi.h5', 'MOLCAS.rassi.1.h5']
['link', 'MOLCAS.3.JobIph', 'JOB001']
['rassi', 'dm', [3]]
['copy', 'MOLCAS.rassi.h5', 'MOLCAS.rassi.3.h5']
['copy', '/project/lgagliardi/helenclifford/practice_rcc/sharc4/methaniminium/tutorial_reproduction/traj/Singlet_2/TRAJ_00010/restart/MOLCAS.1.JobIph.186', 'JOB001']
['link', 'MOLCAS.1.JobIph', 'JOB002']
['rassi', 'overlap', [4, 4]]
['copy', 'MOLCAS.rassi.h5', 'MOLCAS.rassi.ovlp.1.h5']
['copy', '/project/lgagliardi/helenclifford/practice_rcc/sharc4/methaniminium/tutorial_reproduction/traj/Singlet_2/TRAJ_00010/restart/MOLCAS.3.JobIph.186', 'JOB001']
['link', 'MOLCAS.3.JobIph', 'JOB002']
['rassi', 'overlap', [3, 3]]
['copy', 'MOLCAS.rassi.h5', 'MOLCAS.rassi.ovlp.3.h5']
['link', 'MOLCAS.1.JobIph', 'JOB001']
['link', 'MOLCAS.3.JobIph', 'JOB002']
['rassi', 'soc', [4, 3]]
['copy', '$master_path/MOLCAS.1.JobIph', 'JOBOLD']
['rasscf', 1, 4, True, False]
['mclr', 0.0001, 'sala=1']
['alaska']
All jobs finished:
job: master          code: 0    runtime: 0:00:08.045223
job: grad_1_1        code: 0    runtime: 0:00:02.934570

Starting job execution
['gateway']
['seward']
['copy', '/project/lgagliardi/helenclifford/practice_rcc/sharc4/methaniminium/tutorial_reproduction/traj/Singlet_2/TRAJ_00010/restart/MOLCAS.1.JobIph.187', 'JOBOLD']
['rasscf', 1, 4, True, False]
['copy', 'MOLCAS.rasscf.h5', 'MOLCAS.1.rasscf.h5']
['copy', 'MOLCAS.JobIph', 'MOLCAS.1.JobIph']
['copy', '/project/lgagliardi/helenclifford/practice_rcc/sharc4/methaniminium/tutorial_reproduction/traj/Singlet_2/TRAJ_00010/restart/MOLCAS.3.JobIph.187', 'JOBOLD']
['rasscf', 3, 3, True, False]
['copy', 'MOLCAS.rasscf.h5', 'MOLCAS.3.rasscf.h5']
['copy', 'MOLCAS.JobIph', 'MOLCAS.3.JobIph']
['link', 'MOLCAS.1.JobIph', 'JOB001']
['rassi', 'dm', [4]]
['copy', 'MOLCAS.rassi.h5', 'MOLCAS.rassi.1.h5']
['link', 'MOLCAS.3.JobIph', 'JOB001']
['rassi', 'dm', [3]]
['copy', 'MOLCAS.rassi.h5', 'MOLCAS.rassi.3.h5']
['copy', '/project/lgagliardi/helenclifford/practice_rcc/sharc4/methaniminium/tutorial_reproduction/traj/Singlet_2/TRAJ_00010/restart/MOLCAS.1.JobIph.187', 'JOB001']
['link', 'MOLCAS.1.JobIph', 'JOB002']
['rassi', 'overlap', [4, 4]]
['copy', 'MOLCAS.rassi.h5', 'MOLCAS.rassi.ovlp.1.h5']
['copy', '/project/lgagliardi/helenclifford/practice_rcc/sharc4/methaniminium/tutorial_reproduction/traj/Singlet_2/TRAJ_00010/restart/MOLCAS.3.JobIph.187', 'JOB001']
['link', 'MOLCAS.3.JobIph', 'JOB002']
['rassi', 'overlap', [3, 3]]
['copy', 'MOLCAS.rassi.h5', 'MOLCAS.rassi.ovlp.3.h5']
['link', 'MOLCAS.1.JobIph', 'JOB001']
['link', 'MOLCAS.3.JobIph', 'JOB002']
['rassi', 'soc', [4, 3]]
['copy', '$master_path/MOLCAS.1.JobIph', 'JOBOLD']
['rasscf', 1, 4, True, False]
['mclr', 0.0001, 'sala=1']
['alaska']
All jobs finished:
job: master          code: 0    runtime: 0:00:07.809319
job: grad_1_1        code: 0    runtime: 0:00:03.125906

Starting job execution
['gateway']
['seward']
['copy', '/project/lgagliardi/helenclifford/practice_rcc/sharc4/methaniminium/tutorial_reproduction/traj/Singlet_2/TRAJ_00010/restart/MOLCAS.1.JobIph.188', 'JOBOLD']
['rasscf', 1, 4, True, False]
['copy', 'MOLCAS.rasscf.h5', 'MOLCAS.1.rasscf.h5']
['copy', 'MOLCAS.JobIph', 'MOLCAS.1.JobIph']
['copy', '/project/lgagliardi/helenclifford/practice_rcc/sharc4/methaniminium/tutorial_reproduction/traj/Singlet_2/TRAJ_00010/restart/MOLCAS.3.JobIph.188', 'JOBOLD']
['rasscf', 3, 3, True, False]
['copy', 'MOLCAS.rasscf.h5', 'MOLCAS.3.rasscf.h5']
['copy', 'MOLCAS.JobIph', 'MOLCAS.3.JobIph']
['link', 'MOLCAS.1.JobIph', 'JOB001']
['rassi', 'dm', [4]]
['copy', 'MOLCAS.rassi.h5', 'MOLCAS.rassi.1.h5']
['link', 'MOLCAS.3.JobIph', 'JOB001']
['rassi', 'dm', [3]]
['copy', 'MOLCAS.rassi.h5', 'MOLCAS.rassi.3.h5']
['copy', '/project/lgagliardi/helenclifford/practice_rcc/sharc4/methaniminium/tutorial_reproduction/traj/Singlet_2/TRAJ_00010/restart/MOLCAS.1.JobIph.188', 'JOB001']
['link', 'MOLCAS.1.JobIph', 'JOB002']
['rassi', 'overlap', [4, 4]]
['copy', 'MOLCAS.rassi.h5', 'MOLCAS.rassi.ovlp.1.h5']
['copy', '/project/lgagliardi/helenclifford/practice_rcc/sharc4/methaniminium/tutorial_reproduction/traj/Singlet_2/TRAJ_00010/restart/MOLCAS.3.JobIph.188', 'JOB001']
['link', 'MOLCAS.3.JobIph', 'JOB002']
['rassi', 'overlap', [3, 3]]
['copy', 'MOLCAS.rassi.h5', 'MOLCAS.rassi.ovlp.3.h5']
['link', 'MOLCAS.1.JobIph', 'JOB001']
['link', 'MOLCAS.3.JobIph', 'JOB002']
['rassi', 'soc', [4, 3]]
['copy', '$master_path/MOLCAS.1.JobIph', 'JOBOLD']
['rasscf', 1, 4, True, False]
['mclr', 0.0001, 'sala=1']
['alaska']
All jobs finished:
job: master          code: 0    runtime: 0:00:08.276090
job: grad_1_1        code: 0    runtime: 0:00:02.855212

Starting job execution
['gateway']
['seward']
['copy', '/project/lgagliardi/helenclifford/practice_rcc/sharc4/methaniminium/tutorial_reproduction/traj/Singlet_2/TRAJ_00010/restart/MOLCAS.1.JobIph.189', 'JOBOLD']
['rasscf', 1, 4, True, False]
['copy', 'MOLCAS.rasscf.h5', 'MOLCAS.1.rasscf.h5']
['copy', 'MOLCAS.JobIph', 'MOLCAS.1.JobIph']
['copy', '/project/lgagliardi/helenclifford/practice_rcc/sharc4/methaniminium/tutorial_reproduction/traj/Singlet_2/TRAJ_00010/restart/MOLCAS.3.JobIph.189', 'JOBOLD']
['rasscf', 3, 3, True, False]
['copy', 'MOLCAS.rasscf.h5', 'MOLCAS.3.rasscf.h5']
['copy', 'MOLCAS.JobIph', 'MOLCAS.3.JobIph']
['link', 'MOLCAS.1.JobIph', 'JOB001']
['rassi', 'dm', [4]]
['copy', 'MOLCAS.rassi.h5', 'MOLCAS.rassi.1.h5']
['link', 'MOLCAS.3.JobIph', 'JOB001']
['rassi', 'dm', [3]]
['copy', 'MOLCAS.rassi.h5', 'MOLCAS.rassi.3.h5']
['copy', '/project/lgagliardi/helenclifford/practice_rcc/sharc4/methaniminium/tutorial_reproduction/traj/Singlet_2/TRAJ_00010/restart/MOLCAS.1.JobIph.189', 'JOB001']
['link', 'MOLCAS.1.JobIph', 'JOB002']
['rassi', 'overlap', [4, 4]]
['copy', 'MOLCAS.rassi.h5', 'MOLCAS.rassi.ovlp.1.h5']
['copy', '/project/lgagliardi/helenclifford/practice_rcc/sharc4/methaniminium/tutorial_reproduction/traj/Singlet_2/TRAJ_00010/restart/MOLCAS.3.JobIph.189', 'JOB001']
['link', 'MOLCAS.3.JobIph', 'JOB002']
['rassi', 'overlap', [3, 3]]
['copy', 'MOLCAS.rassi.h5', 'MOLCAS.rassi.ovlp.3.h5']
['link', 'MOLCAS.1.JobIph', 'JOB001']
['link', 'MOLCAS.3.JobIph', 'JOB002']
['rassi', 'soc', [4, 3]]
['copy', '$master_path/MOLCAS.1.JobIph', 'JOBOLD']
['rasscf', 1, 4, True, False]
['mclr', 0.0001, 'sala=1']
['alaska']
All jobs finished:
job: master          code: 0    runtime: 0:00:10.062412
job: grad_1_1        code: 0    runtime: 0:00:03.295462

Starting job execution
['gateway']
['seward']
['copy', '/project/lgagliardi/helenclifford/practice_rcc/sharc4/methaniminium/tutorial_reproduction/traj/Singlet_2/TRAJ_00010/restart/MOLCAS.1.JobIph.190', 'JOBOLD']
['rasscf', 1, 4, True, False]
['copy', 'MOLCAS.rasscf.h5', 'MOLCAS.1.rasscf.h5']
['copy', 'MOLCAS.JobIph', 'MOLCAS.1.JobIph']
['copy', '/project/lgagliardi/helenclifford/practice_rcc/sharc4/methaniminium/tutorial_reproduction/traj/Singlet_2/TRAJ_00010/restart/MOLCAS.3.JobIph.190', 'JOBOLD']
['rasscf', 3, 3, True, False]
['copy', 'MOLCAS.rasscf.h5', 'MOLCAS.3.rasscf.h5']
['copy', 'MOLCAS.JobIph', 'MOLCAS.3.JobIph']
['link', 'MOLCAS.1.JobIph', 'JOB001']
['rassi', 'dm', [4]]
['copy', 'MOLCAS.rassi.h5', 'MOLCAS.rassi.1.h5']
['link', 'MOLCAS.3.JobIph', 'JOB001']
['rassi', 'dm', [3]]
['copy', 'MOLCAS.rassi.h5', 'MOLCAS.rassi.3.h5']
['copy', '/project/lgagliardi/helenclifford/practice_rcc/sharc4/methaniminium/tutorial_reproduction/traj/Singlet_2/TRAJ_00010/restart/MOLCAS.1.JobIph.190', 'JOB001']
['link', 'MOLCAS.1.JobIph', 'JOB002']
['rassi', 'overlap', [4, 4]]
['copy', 'MOLCAS.rassi.h5', 'MOLCAS.rassi.ovlp.1.h5']
['copy', '/project/lgagliardi/helenclifford/practice_rcc/sharc4/methaniminium/tutorial_reproduction/traj/Singlet_2/TRAJ_00010/restart/MOLCAS.3.JobIph.190', 'JOB001']
['link', 'MOLCAS.3.JobIph', 'JOB002']
['rassi', 'overlap', [3, 3]]
['copy', 'MOLCAS.rassi.h5', 'MOLCAS.rassi.ovlp.3.h5']
['link', 'MOLCAS.1.JobIph', 'JOB001']
['link', 'MOLCAS.3.JobIph', 'JOB002']
['rassi', 'soc', [4, 3]]
['copy', '$master_path/MOLCAS.1.JobIph', 'JOBOLD']
['rasscf', 1, 4, True, False]
['mclr', 0.0001, 'sala=1']
['alaska']
All jobs finished:
job: master          code: 0    runtime: 0:00:10.036200
job: grad_1_1        code: 0    runtime: 0:00:03.236009

Starting job execution
['gateway']
['seward']
['copy', '/project/lgagliardi/helenclifford/practice_rcc/sharc4/methaniminium/tutorial_reproduction/traj/Singlet_2/TRAJ_00010/restart/MOLCAS.1.JobIph.191', 'JOBOLD']
['rasscf', 1, 4, True, False]
['copy', 'MOLCAS.rasscf.h5', 'MOLCAS.1.rasscf.h5']
['copy', 'MOLCAS.JobIph', 'MOLCAS.1.JobIph']
['copy', '/project/lgagliardi/helenclifford/practice_rcc/sharc4/methaniminium/tutorial_reproduction/traj/Singlet_2/TRAJ_00010/restart/MOLCAS.3.JobIph.191', 'JOBOLD']
['rasscf', 3, 3, True, False]
['copy', 'MOLCAS.rasscf.h5', 'MOLCAS.3.rasscf.h5']
['copy', 'MOLCAS.JobIph', 'MOLCAS.3.JobIph']
['link', 'MOLCAS.1.JobIph', 'JOB001']
['rassi', 'dm', [4]]
['copy', 'MOLCAS.rassi.h5', 'MOLCAS.rassi.1.h5']
['link', 'MOLCAS.3.JobIph', 'JOB001']
['rassi', 'dm', [3]]
['copy', 'MOLCAS.rassi.h5', 'MOLCAS.rassi.3.h5']
['copy', '/project/lgagliardi/helenclifford/practice_rcc/sharc4/methaniminium/tutorial_reproduction/traj/Singlet_2/TRAJ_00010/restart/MOLCAS.1.JobIph.191', 'JOB001']
['link', 'MOLCAS.1.JobIph', 'JOB002']
['rassi', 'overlap', [4, 4]]
['copy', 'MOLCAS.rassi.h5', 'MOLCAS.rassi.ovlp.1.h5']
['copy', '/project/lgagliardi/helenclifford/practice_rcc/sharc4/methaniminium/tutorial_reproduction/traj/Singlet_2/TRAJ_00010/restart/MOLCAS.3.JobIph.191', 'JOB001']
['link', 'MOLCAS.3.JobIph', 'JOB002']
['rassi', 'overlap', [3, 3]]
['copy', 'MOLCAS.rassi.h5', 'MOLCAS.rassi.ovlp.3.h5']
['link', 'MOLCAS.1.JobIph', 'JOB001']
['link', 'MOLCAS.3.JobIph', 'JOB002']
['rassi', 'soc', [4, 3]]
['copy', '$master_path/MOLCAS.1.JobIph', 'JOBOLD']
['rasscf', 1, 4, True, False]
['mclr', 0.0001, 'sala=1']
['alaska']
All jobs finished:
job: master          code: 0    runtime: 0:00:10.914055
job: grad_1_1        code: 0    runtime: 0:00:03.664304

Starting job execution
['gateway']
['seward']
['copy', '/project/lgagliardi/helenclifford/practice_rcc/sharc4/methaniminium/tutorial_reproduction/traj/Singlet_2/TRAJ_00010/restart/MOLCAS.1.JobIph.192', 'JOBOLD']
['rasscf', 1, 4, True, False]
['copy', 'MOLCAS.rasscf.h5', 'MOLCAS.1.rasscf.h5']
['copy', 'MOLCAS.JobIph', 'MOLCAS.1.JobIph']
['copy', '/project/lgagliardi/helenclifford/practice_rcc/sharc4/methaniminium/tutorial_reproduction/traj/Singlet_2/TRAJ_00010/restart/MOLCAS.3.JobIph.192', 'JOBOLD']
['rasscf', 3, 3, True, False]
['copy', 'MOLCAS.rasscf.h5', 'MOLCAS.3.rasscf.h5']
['copy', 'MOLCAS.JobIph', 'MOLCAS.3.JobIph']
['link', 'MOLCAS.1.JobIph', 'JOB001']
['rassi', 'dm', [4]]
['copy', 'MOLCAS.rassi.h5', 'MOLCAS.rassi.1.h5']
['link', 'MOLCAS.3.JobIph', 'JOB001']
['rassi', 'dm', [3]]
['copy', 'MOLCAS.rassi.h5', 'MOLCAS.rassi.3.h5']
['copy', '/project/lgagliardi/helenclifford/practice_rcc/sharc4/methaniminium/tutorial_reproduction/traj/Singlet_2/TRAJ_00010/restart/MOLCAS.1.JobIph.192', 'JOB001']
['link', 'MOLCAS.1.JobIph', 'JOB002']
['rassi', 'overlap', [4, 4]]
['copy', 'MOLCAS.rassi.h5', 'MOLCAS.rassi.ovlp.1.h5']
['copy', '/project/lgagliardi/helenclifford/practice_rcc/sharc4/methaniminium/tutorial_reproduction/traj/Singlet_2/TRAJ_00010/restart/MOLCAS.3.JobIph.192', 'JOB001']
['link', 'MOLCAS.3.JobIph', 'JOB002']
['rassi', 'overlap', [3, 3]]
['copy', 'MOLCAS.rassi.h5', 'MOLCAS.rassi.ovlp.3.h5']
['link', 'MOLCAS.1.JobIph', 'JOB001']
['link', 'MOLCAS.3.JobIph', 'JOB002']
['rassi', 'soc', [4, 3]]
['copy', '$master_path/MOLCAS.1.JobIph', 'JOBOLD']
['rasscf', 1, 4, True, False]
['mclr', 0.0001, 'sala=1']
['alaska']
All jobs finished:
job: master          code: 0    runtime: 0:00:10.437836
job: grad_1_1        code: 0    runtime: 0:00:03.678491

Starting job execution
['gateway']
['seward']
['copy', '/project/lgagliardi/helenclifford/practice_rcc/sharc4/methaniminium/tutorial_reproduction/traj/Singlet_2/TRAJ_00010/restart/MOLCAS.1.JobIph.193', 'JOBOLD']
['rasscf', 1, 4, True, False]
['copy', 'MOLCAS.rasscf.h5', 'MOLCAS.1.rasscf.h5']
['copy', 'MOLCAS.JobIph', 'MOLCAS.1.JobIph']
['copy', '/project/lgagliardi/helenclifford/practice_rcc/sharc4/methaniminium/tutorial_reproduction/traj/Singlet_2/TRAJ_00010/restart/MOLCAS.3.JobIph.193', 'JOBOLD']
['rasscf', 3, 3, True, False]
['copy', 'MOLCAS.rasscf.h5', 'MOLCAS.3.rasscf.h5']
['copy', 'MOLCAS.JobIph', 'MOLCAS.3.JobIph']
['link', 'MOLCAS.1.JobIph', 'JOB001']
['rassi', 'dm', [4]]
['copy', 'MOLCAS.rassi.h5', 'MOLCAS.rassi.1.h5']
['link', 'MOLCAS.3.JobIph', 'JOB001']
['rassi', 'dm', [3]]
['copy', 'MOLCAS.rassi.h5', 'MOLCAS.rassi.3.h5']
['copy', '/project/lgagliardi/helenclifford/practice_rcc/sharc4/methaniminium/tutorial_reproduction/traj/Singlet_2/TRAJ_00010/restart/MOLCAS.1.JobIph.193', 'JOB001']
['link', 'MOLCAS.1.JobIph', 'JOB002']
['rassi', 'overlap', [4, 4]]
['copy', 'MOLCAS.rassi.h5', 'MOLCAS.rassi.ovlp.1.h5']
['copy', '/project/lgagliardi/helenclifford/practice_rcc/sharc4/methaniminium/tutorial_reproduction/traj/Singlet_2/TRAJ_00010/restart/MOLCAS.3.JobIph.193', 'JOB001']
['link', 'MOLCAS.3.JobIph', 'JOB002']
['rassi', 'overlap', [3, 3]]
['copy', 'MOLCAS.rassi.h5', 'MOLCAS.rassi.ovlp.3.h5']
['link', 'MOLCAS.1.JobIph', 'JOB001']
['link', 'MOLCAS.3.JobIph', 'JOB002']
['rassi', 'soc', [4, 3]]
['copy', '$master_path/MOLCAS.1.JobIph', 'JOBOLD']
['rasscf', 1, 4, True, False]
['mclr', 0.0001, 'sala=1']
['alaska']
All jobs finished:
job: master          code: 0    runtime: 0:00:13.674860
job: grad_1_1        code: 0    runtime: 0:00:04.615180

Starting job execution
['gateway']
['seward']
['copy', '/project/lgagliardi/helenclifford/practice_rcc/sharc4/methaniminium/tutorial_reproduction/traj/Singlet_2/TRAJ_00010/restart/MOLCAS.1.JobIph.194', 'JOBOLD']
['rasscf', 1, 4, True, False]
['copy', 'MOLCAS.rasscf.h5', 'MOLCAS.1.rasscf.h5']
['copy', 'MOLCAS.JobIph', 'MOLCAS.1.JobIph']
['copy', '/project/lgagliardi/helenclifford/practice_rcc/sharc4/methaniminium/tutorial_reproduction/traj/Singlet_2/TRAJ_00010/restart/MOLCAS.3.JobIph.194', 'JOBOLD']
['rasscf', 3, 3, True, False]
['copy', 'MOLCAS.rasscf.h5', 'MOLCAS.3.rasscf.h5']
['copy', 'MOLCAS.JobIph', 'MOLCAS.3.JobIph']
['link', 'MOLCAS.1.JobIph', 'JOB001']
['rassi', 'dm', [4]]
['copy', 'MOLCAS.rassi.h5', 'MOLCAS.rassi.1.h5']
['link', 'MOLCAS.3.JobIph', 'JOB001']
['rassi', 'dm', [3]]
['copy', 'MOLCAS.rassi.h5', 'MOLCAS.rassi.3.h5']
['copy', '/project/lgagliardi/helenclifford/practice_rcc/sharc4/methaniminium/tutorial_reproduction/traj/Singlet_2/TRAJ_00010/restart/MOLCAS.1.JobIph.194', 'JOB001']
['link', 'MOLCAS.1.JobIph', 'JOB002']
['rassi', 'overlap', [4, 4]]
['copy', 'MOLCAS.rassi.h5', 'MOLCAS.rassi.ovlp.1.h5']
['copy', '/project/lgagliardi/helenclifford/practice_rcc/sharc4/methaniminium/tutorial_reproduction/traj/Singlet_2/TRAJ_00010/restart/MOLCAS.3.JobIph.194', 'JOB001']
['link', 'MOLCAS.3.JobIph', 'JOB002']
['rassi', 'overlap', [3, 3]]
['copy', 'MOLCAS.rassi.h5', 'MOLCAS.rassi.ovlp.3.h5']
['link', 'MOLCAS.1.JobIph', 'JOB001']
['link', 'MOLCAS.3.JobIph', 'JOB002']
['rassi', 'soc', [4, 3]]
['copy', '$master_path/MOLCAS.1.JobIph', 'JOBOLD']
['rasscf', 1, 4, True, False]
['mclr', 0.0001, 'sala=1']
['alaska']
All jobs finished:
job: master          code: 0    runtime: 0:00:09.858447
job: grad_1_1        code: 0    runtime: 0:00:02.915012

Starting job execution
['gateway']
['seward']
['copy', '/project/lgagliardi/helenclifford/practice_rcc/sharc4/methaniminium/tutorial_reproduction/traj/Singlet_2/TRAJ_00010/restart/MOLCAS.1.JobIph.195', 'JOBOLD']
['rasscf', 1, 4, True, False]
['copy', 'MOLCAS.rasscf.h5', 'MOLCAS.1.rasscf.h5']
['copy', 'MOLCAS.JobIph', 'MOLCAS.1.JobIph']
['copy', '/project/lgagliardi/helenclifford/practice_rcc/sharc4/methaniminium/tutorial_reproduction/traj/Singlet_2/TRAJ_00010/restart/MOLCAS.3.JobIph.195', 'JOBOLD']
['rasscf', 3, 3, True, False]
['copy', 'MOLCAS.rasscf.h5', 'MOLCAS.3.rasscf.h5']
['copy', 'MOLCAS.JobIph', 'MOLCAS.3.JobIph']
['link', 'MOLCAS.1.JobIph', 'JOB001']
['rassi', 'dm', [4]]
['copy', 'MOLCAS.rassi.h5', 'MOLCAS.rassi.1.h5']
['link', 'MOLCAS.3.JobIph', 'JOB001']
['rassi', 'dm', [3]]
['copy', 'MOLCAS.rassi.h5', 'MOLCAS.rassi.3.h5']
['copy', '/project/lgagliardi/helenclifford/practice_rcc/sharc4/methaniminium/tutorial_reproduction/traj/Singlet_2/TRAJ_00010/restart/MOLCAS.1.JobIph.195', 'JOB001']
['link', 'MOLCAS.1.JobIph', 'JOB002']
['rassi', 'overlap', [4, 4]]
['copy', 'MOLCAS.rassi.h5', 'MOLCAS.rassi.ovlp.1.h5']
['copy', '/project/lgagliardi/helenclifford/practice_rcc/sharc4/methaniminium/tutorial_reproduction/traj/Singlet_2/TRAJ_00010/restart/MOLCAS.3.JobIph.195', 'JOB001']
['link', 'MOLCAS.3.JobIph', 'JOB002']
['rassi', 'overlap', [3, 3]]
['copy', 'MOLCAS.rassi.h5', 'MOLCAS.rassi.ovlp.3.h5']
['link', 'MOLCAS.1.JobIph', 'JOB001']
['link', 'MOLCAS.3.JobIph', 'JOB002']
['rassi', 'soc', [4, 3]]
['copy', '$master_path/MOLCAS.1.JobIph', 'JOBOLD']
['rasscf', 1, 4, True, False]
['mclr', 0.0001, 'sala=1']
['alaska']
All jobs finished:
job: master          code: 0    runtime: 0:00:09.728830
job: grad_1_1        code: 0    runtime: 0:00:03.497185

Starting job execution
['gateway']
['seward']
['copy', '/project/lgagliardi/helenclifford/practice_rcc/sharc4/methaniminium/tutorial_reproduction/traj/Singlet_2/TRAJ_00010/restart/MOLCAS.1.JobIph.196', 'JOBOLD']
['rasscf', 1, 4, True, False]
['copy', 'MOLCAS.rasscf.h5', 'MOLCAS.1.rasscf.h5']
['copy', 'MOLCAS.JobIph', 'MOLCAS.1.JobIph']
['copy', '/project/lgagliardi/helenclifford/practice_rcc/sharc4/methaniminium/tutorial_reproduction/traj/Singlet_2/TRAJ_00010/restart/MOLCAS.3.JobIph.196', 'JOBOLD']
['rasscf', 3, 3, True, False]
['copy', 'MOLCAS.rasscf.h5', 'MOLCAS.3.rasscf.h5']
['copy', 'MOLCAS.JobIph', 'MOLCAS.3.JobIph']
['link', 'MOLCAS.1.JobIph', 'JOB001']
['rassi', 'dm', [4]]
['copy', 'MOLCAS.rassi.h5', 'MOLCAS.rassi.1.h5']
['link', 'MOLCAS.3.JobIph', 'JOB001']
['rassi', 'dm', [3]]
['copy', 'MOLCAS.rassi.h5', 'MOLCAS.rassi.3.h5']
['copy', '/project/lgagliardi/helenclifford/practice_rcc/sharc4/methaniminium/tutorial_reproduction/traj/Singlet_2/TRAJ_00010/restart/MOLCAS.1.JobIph.196', 'JOB001']
['link', 'MOLCAS.1.JobIph', 'JOB002']
['rassi', 'overlap', [4, 4]]
['copy', 'MOLCAS.rassi.h5', 'MOLCAS.rassi.ovlp.1.h5']
['copy', '/project/lgagliardi/helenclifford/practice_rcc/sharc4/methaniminium/tutorial_reproduction/traj/Singlet_2/TRAJ_00010/restart/MOLCAS.3.JobIph.196', 'JOB001']
['link', 'MOLCAS.3.JobIph', 'JOB002']
['rassi', 'overlap', [3, 3]]
['copy', 'MOLCAS.rassi.h5', 'MOLCAS.rassi.ovlp.3.h5']
['link', 'MOLCAS.1.JobIph', 'JOB001']
['link', 'MOLCAS.3.JobIph', 'JOB002']
['rassi', 'soc', [4, 3]]
['copy', '$master_path/MOLCAS.1.JobIph', 'JOBOLD']
['rasscf', 1, 4, True, False]
['mclr', 0.0001, 'sala=1']
['alaska']
All jobs finished:
job: master          code: 0    runtime: 0:00:10.035999
job: grad_1_1        code: 0    runtime: 0:00:03.491719

Starting job execution
['gateway']
['seward']
['copy', '/project/lgagliardi/helenclifford/practice_rcc/sharc4/methaniminium/tutorial_reproduction/traj/Singlet_2/TRAJ_00010/restart/MOLCAS.1.JobIph.197', 'JOBOLD']
['rasscf', 1, 4, True, False]
['copy', 'MOLCAS.rasscf.h5', 'MOLCAS.1.rasscf.h5']
['copy', 'MOLCAS.JobIph', 'MOLCAS.1.JobIph']
['copy', '/project/lgagliardi/helenclifford/practice_rcc/sharc4/methaniminium/tutorial_reproduction/traj/Singlet_2/TRAJ_00010/restart/MOLCAS.3.JobIph.197', 'JOBOLD']
['rasscf', 3, 3, True, False]
['copy', 'MOLCAS.rasscf.h5', 'MOLCAS.3.rasscf.h5']
['copy', 'MOLCAS.JobIph', 'MOLCAS.3.JobIph']
['link', 'MOLCAS.1.JobIph', 'JOB001']
['rassi', 'dm', [4]]
['copy', 'MOLCAS.rassi.h5', 'MOLCAS.rassi.1.h5']
['link', 'MOLCAS.3.JobIph', 'JOB001']
['rassi', 'dm', [3]]
['copy', 'MOLCAS.rassi.h5', 'MOLCAS.rassi.3.h5']
['copy', '/project/lgagliardi/helenclifford/practice_rcc/sharc4/methaniminium/tutorial_reproduction/traj/Singlet_2/TRAJ_00010/restart/MOLCAS.1.JobIph.197', 'JOB001']
['link', 'MOLCAS.1.JobIph', 'JOB002']
['rassi', 'overlap', [4, 4]]
['copy', 'MOLCAS.rassi.h5', 'MOLCAS.rassi.ovlp.1.h5']
['copy', '/project/lgagliardi/helenclifford/practice_rcc/sharc4/methaniminium/tutorial_reproduction/traj/Singlet_2/TRAJ_00010/restart/MOLCAS.3.JobIph.197', 'JOB001']
['link', 'MOLCAS.3.JobIph', 'JOB002']
['rassi', 'overlap', [3, 3]]
['copy', 'MOLCAS.rassi.h5', 'MOLCAS.rassi.ovlp.3.h5']
['link', 'MOLCAS.1.JobIph', 'JOB001']
['link', 'MOLCAS.3.JobIph', 'JOB002']
['rassi', 'soc', [4, 3]]
['copy', '$master_path/MOLCAS.1.JobIph', 'JOBOLD']
['rasscf', 1, 4, True, False]
['mclr', 0.0001, 'sala=1']
['alaska']
All jobs finished:
job: master          code: 0    runtime: 0:00:11.421147
job: grad_1_1        code: 0    runtime: 0:00:03.719218

Starting job execution
['gateway']
['seward']
['copy', '/project/lgagliardi/helenclifford/practice_rcc/sharc4/methaniminium/tutorial_reproduction/traj/Singlet_2/TRAJ_00010/restart/MOLCAS.1.JobIph.198', 'JOBOLD']
['rasscf', 1, 4, True, False]
['copy', 'MOLCAS.rasscf.h5', 'MOLCAS.1.rasscf.h5']
['copy', 'MOLCAS.JobIph', 'MOLCAS.1.JobIph']
['copy', '/project/lgagliardi/helenclifford/practice_rcc/sharc4/methaniminium/tutorial_reproduction/traj/Singlet_2/TRAJ_00010/restart/MOLCAS.3.JobIph.198', 'JOBOLD']
['rasscf', 3, 3, True, False]
['copy', 'MOLCAS.rasscf.h5', 'MOLCAS.3.rasscf.h5']
['copy', 'MOLCAS.JobIph', 'MOLCAS.3.JobIph']
['link', 'MOLCAS.1.JobIph', 'JOB001']
['rassi', 'dm', [4]]
['copy', 'MOLCAS.rassi.h5', 'MOLCAS.rassi.1.h5']
['link', 'MOLCAS.3.JobIph', 'JOB001']
['rassi', 'dm', [3]]
['copy', 'MOLCAS.rassi.h5', 'MOLCAS.rassi.3.h5']
['copy', '/project/lgagliardi/helenclifford/practice_rcc/sharc4/methaniminium/tutorial_reproduction/traj/Singlet_2/TRAJ_00010/restart/MOLCAS.1.JobIph.198', 'JOB001']
['link', 'MOLCAS.1.JobIph', 'JOB002']
['rassi', 'overlap', [4, 4]]
['copy', 'MOLCAS.rassi.h5', 'MOLCAS.rassi.ovlp.1.h5']
['copy', '/project/lgagliardi/helenclifford/practice_rcc/sharc4/methaniminium/tutorial_reproduction/traj/Singlet_2/TRAJ_00010/restart/MOLCAS.3.JobIph.198', 'JOB001']
['link', 'MOLCAS.3.JobIph', 'JOB002']
['rassi', 'overlap', [3, 3]]
['copy', 'MOLCAS.rassi.h5', 'MOLCAS.rassi.ovlp.3.h5']
['link', 'MOLCAS.1.JobIph', 'JOB001']
['link', 'MOLCAS.3.JobIph', 'JOB002']
['rassi', 'soc', [4, 3]]
['copy', '$master_path/MOLCAS.1.JobIph', 'JOBOLD']
['rasscf', 1, 4, True, False]
['mclr', 0.0001, 'sala=1']
['alaska']
All jobs finished:
job: master          code: 0    runtime: 0:00:12.118589
job: grad_1_1        code: 0    runtime: 0:00:03.533772

Starting job execution
['gateway']
['seward']
['copy', '/project/lgagliardi/helenclifford/practice_rcc/sharc4/methaniminium/tutorial_reproduction/traj/Singlet_2/TRAJ_00010/restart/MOLCAS.1.JobIph.199', 'JOBOLD']
['rasscf', 1, 4, True, False]
['copy', 'MOLCAS.rasscf.h5', 'MOLCAS.1.rasscf.h5']
['copy', 'MOLCAS.JobIph', 'MOLCAS.1.JobIph']
['copy', '/project/lgagliardi/helenclifford/practice_rcc/sharc4/methaniminium/tutorial_reproduction/traj/Singlet_2/TRAJ_00010/restart/MOLCAS.3.JobIph.199', 'JOBOLD']
['rasscf', 3, 3, True, False]
['copy', 'MOLCAS.rasscf.h5', 'MOLCAS.3.rasscf.h5']
['copy', 'MOLCAS.JobIph', 'MOLCAS.3.JobIph']
['link', 'MOLCAS.1.JobIph', 'JOB001']
['rassi', 'dm', [4]]
['copy', 'MOLCAS.rassi.h5', 'MOLCAS.rassi.1.h5']
['link', 'MOLCAS.3.JobIph', 'JOB001']
['rassi', 'dm', [3]]
['copy', 'MOLCAS.rassi.h5', 'MOLCAS.rassi.3.h5']
['copy', '/project/lgagliardi/helenclifford/practice_rcc/sharc4/methaniminium/tutorial_reproduction/traj/Singlet_2/TRAJ_00010/restart/MOLCAS.1.JobIph.199', 'JOB001']
['link', 'MOLCAS.1.JobIph', 'JOB002']
['rassi', 'overlap', [4, 4]]
['copy', 'MOLCAS.rassi.h5', 'MOLCAS.rassi.ovlp.1.h5']
['copy', '/project/lgagliardi/helenclifford/practice_rcc/sharc4/methaniminium/tutorial_reproduction/traj/Singlet_2/TRAJ_00010/restart/MOLCAS.3.JobIph.199', 'JOB001']
['link', 'MOLCAS.3.JobIph', 'JOB002']
['rassi', 'overlap', [3, 3]]
['copy', 'MOLCAS.rassi.h5', 'MOLCAS.rassi.ovlp.3.h5']
['link', 'MOLCAS.1.JobIph', 'JOB001']
['link', 'MOLCAS.3.JobIph', 'JOB002']
['rassi', 'soc', [4, 3]]
['copy', '$master_path/MOLCAS.1.JobIph', 'JOBOLD']
['rasscf', 1, 4, True, False]
['mclr', 0.0001, 'sala=1']
['alaska']
All jobs finished:
job: master          code: 0    runtime: 0:00:09.992613
job: grad_1_1        code: 0    runtime: 0:00:03.130795

Timing per step (SHARC_MOLCAS): 12483.683709225 ms
Timing per step full 13297.698343049999 ms
Timing: 2659539.66861 ms
Timing: 2698619.318599 ms
