   This run of MOLCAS is using the pymolcas driver

                             OPE
                             OPE          NMOL  CASOP  ENMOLC A   SO
                 OPE        NMOLC        AS  OP EN  MO LC     AS  OP
                OPENM       OL CA        SO  PE NM  OL CA     SOP EN
                OP EN      MO   LC       AS  OP ENMOL  CASO   PENMOL
                OP  EN     MO   LC       AS  OP EN     MO     LC ASO
               OP   E  NMOL  C  AS       OP  EN MO     LC     AS  OP
               OP  E   NMO   LC AS        OPEN  MO     LCASOP EN   M
               O  PEN   MO  LCA  SO
            OPE   NMO   L   CAS    OP
        OPENMOL  CASOP     ENMOL   CASOPE
     OPENMOLCA   SOPENMOLCASOPEN   MOLCASOPE
    OPENMOLCAS   OP           EN   MOL    CAS
    OPENMOLCAS       OP  ENM        O     LCA
    OPENMOLCAS    OPEN  MOLCASO     P  E  NMO
    OPENMOLCAS     OP               E  N  MOL
    OPENMOLCA   SO           PENM   O  L  CAS    OPEN    MO    LCAS
    OPENMOLCA   SOP           ENM   O  L  CAS   OP  EN  MOLC  AS   O
    OPENMOLCA   SOPE           NM      O  LCA   S      OP  EN MO
    OPENMOLC                AS         O  PEN   M      OL  CA  SOPE
    OPENMO        LCASOPE  NMOL        C  ASO   P      ENMOLC     AS
    OPE     NMO      LCA  SO     P     E   NM   OL  CA SO  PE N   MO
          OPENMOLCA            SOPE   NMO        LCAS  O    P  ENMO
     OPENMOLCASOPENMOLCASOPENMOLCASOPENMOLCA
        OPENMOLCASOPENMOLCASOPENMOLCASOPE
            OPENMOLCASOPENMOLCASOPENM
               OPENMOLCASOPENMOLCA        version: 26.06
                   OPENMOLCASO
                       OPE                tag: 13-g0281f2c7f-dirty

 OpenMolcas is free software; you can redistribute it and/or modify it
 under the terms of the GNU Lesser General Public License version 2.1.
 OpenMolcas is distributed in the hope that it will be useful, but it
 is provided "as is" and without any express or implied warranties.
 For more details see the full text of the license in the file
 LICENSE or in <http://www.gnu.org/licenses/>.

                 Copyright (C) The OpenMolcas Authors
           For the author list and the recommended citation,
                   consult the file CONTRIBUTORS.md

           *************************************************
           * pymolcas version py2.30                       *
           *   build 32e04b2d929c5171d3f97b50d75b0e6d      *
           *   (after the EMIL interpreter by V. Veryazov) *
           *************************************************

configuration info
------------------
Host name: midway3-amd2.rcc.local (Linux)
C Compiler ID: GNU
C flags: -std=gnu99
Fortran Compiler ID: GNU
Fortran flags: -fno-aggressive-loop-optimizations -cpp -fdefault-integer-8 -fmax-stack-var-size=1048576
Definitions: _MOLCAS_;_I8_;_LINUX_;_MOLCAS_MPP_;_SCALAPACK_;_GA_
Parallel: ON (GA=ON)


   ------------------------------------------------------------------------------------------------
  |
  |           Project: MOLCAS
  |    Submitted from: /scratch/midway3/helenclifford/sharc_scratch/methaniminium/Opt_Freq/52459546
  |      Scratch area: /scratch/midway3/helenclifford/sharc_scratch/methaniminium/Opt_Freq/52459546
  |   Save outputs to: WORKDIR
  |            Molcas: /project/lgagliardi/shared/Apps/OpenMolcas/builds/parallel
  |
  | Scratch area is NOT empty
  |
  |       MOLCASDISK = 0
  |        MOLCASMEM = 2000
  |       MOLCASRAMD = 0
  |    MOLCAS_DRIVER = /project/lgagliardi/shared/Apps/OpenMolcas/builds/parallel/bin/pymolcas
  |    MOLCAS_MOLDEN = ON
  |    MOLCAS_NPROCS = 1
  |    MOLCAS_SOURCE = /home/mrhermes/shared/Apps/OpenMolcas
  | MOLCAS_STRUCTURE = 0
  |
   ------------------------------------------------------------------------------------------------

++ ---------   Input file   ---------

&GATEWAY
RICD
COORD
6

C1      0.000000000      0.000000000      0.000000000
N2      0.000000000      0.000000000      1.350000000
H3      0.943102000      0.000000000     -0.544500000
H4      0.943102000      0.000000000      1.879500000
H5     -0.943102000      0.000000000      1.879500000
H6     -0.943102000      0.000000000     -0.544500000
GROUP = nosym
TITLE = Molcas-Opt
BASIS = 6-31g

>>> COPY -FORCE SingletOrbitals.RasOrb INPORB

>>> DO WHILE

  &SEWARD

  &RASSCF
  SPIN   = 1
  NACTEL = 6,0,0
  INACT  = 5
  RAS2   = 4
  CIROOT = 4,4,1
  LUMORB
  RLXROOT = 1

  &SLAPAF

>>> END DO

&MCKINLEY

-- ----------------------------------

--- Start Module: gateway at Tue Jul 21 10:54:10 2026 ---

()()()()()()()()()()()()()()()()()()()()()()()()()()()()()()()()()()()()()()()()()()()()()()()()()()

                                              &GATEWAY

                       only a single process is used, running in SERIAL mode
                       available to each process: 2.0 GB of memory, 1 thread?
                                            pid: 461454
()()()()()()()()()()()()()()()()()()()()()()()()()()()()()()()()()()()()()()()()()()()()()()()()()()


 Title:
                                           Molcas-Opt                                   


++    Symmetry information:
      ---------------------

                    Character Table for C1 

                             E  
                    a        1  x, y, xy, Rz, z, xz, Ry, yz, Rx, I
--


++    Basis set information:
      ----------------------


      Basis set label: C.6-31G.........

      Electronic valence basis set:
      ------------------
      Associated Effective Charge   6.000000 au
      Associated Actual Charge      6.000000 au
      Nuclear Model: Point charge

      Shell  nPrim  nBasis  Cartesian Spherical Contaminant
         s      10       3        X                  
         p       4       2        X                  


      Basis set label: N.6-31G.........

      Electronic valence basis set:
      ------------------
      Associated Effective Charge   7.000000 au
      Associated Actual Charge      7.000000 au
      Nuclear Model: Point charge

      Shell  nPrim  nBasis  Cartesian Spherical Contaminant
         s      10       3        X                  
         p       4       2        X                  


      Basis set label: H.6-31G.........

      Electronic valence basis set:
      ------------------
      Associated Effective Charge   1.000000 au
      Associated Actual Charge      1.000000 au
      Nuclear Model: Point charge

      Shell  nPrim  nBasis  Cartesian Spherical Contaminant
         s       4       2        X                  
--


++    Molecular structure info:
      -------------------------

                    ************************************************ 
                    **** Cartesian Coordinates / bohr, angstrom **** 
                    ************************************************ 

     Center  Label                x              y              z                     x              y              z
        1      C1               0.000000       0.000000       0.000000              0.000000       0.000000       0.000000
        2      N2               0.000000       0.000000       2.551130              0.000000       0.000000       1.350000
        3      H3               1.782204       0.000000      -1.028956              0.943102       0.000000      -0.544500
        4      H4               1.782204       0.000000       3.551740              0.943102       0.000000       1.879500
        5      H5              -1.782204       0.000000       3.551740             -0.943102       0.000000       1.879500
        6      H6              -1.782204       0.000000      -1.028956             -0.943102       0.000000      -0.544500

                    *************************************** 
                    *    InterNuclear Distances / bohr    * 
                    *************************************** 

               1 C1            2 N2            3 H3            4 H4            5 H5            6 H6    
    1 C1       0.000000
    2 N2       2.551130        0.000000
    3 H3       2.057912        3.999159        0.000000
    4 H4       3.973803        2.043887        4.580696        0.000000
    5 H5       3.973803        2.043887        5.804118        3.564409        0.000000
    6 H6       2.057912        3.999159        3.564409        5.804118        4.580696        0.000000

                    ******************************************* 
                    *    InterNuclear Distances / angstrom    * 
                    ******************************************* 

               1 C1            2 N2            3 H3            4 H4            5 H5            6 H6    
    1 C1       0.000000
    2 N2       1.350000        0.000000
    3 H3       1.089000        2.116264        0.000000
    4 H4       2.102846        1.081578        2.424000        0.000000
    5 H5       2.102846        1.081578        3.071407        1.886204        0.000000
    6 H6       1.089000        2.116264        1.886204        3.071407        2.424000        0.000000

                    ************************************** 
                    *    Valence Bond Angles / degree    * 
                    ************************************** 
                          Atom centers                 Phi
                      2 N2       1 C1       3 H3       120.00
                      2 N2       1 C1       6 H6       120.00
                      3 H3       1 C1       6 H6       120.00
                      1 C1       2 N2       4 H4       119.31
                      1 C1       2 N2       5 H5       119.31
                      4 H4       2 N2       5 H5       121.38

           ***************************************************************
           *              Valence Dihedral Angles / degree               *
           ***************************************************************
                    Atom centers                       Phi1     Phi2     Theta 
           3 H3       1 C1       2 N2       4 H4        120.00   119.31    -0.00
           3 H3       1 C1       2 N2       5 H5        120.00   119.31  -180.00
           4 H4       2 N2       1 C1       6 H6        119.31   120.00  -180.00
           5 H5       2 N2       1 C1       6 H6        119.31   120.00    -0.00
--


            Nuclear Potential Energy             37.00695188 au

--- Stop Module: gateway at Tue Jul 21 10:54:13 2026 /rc=_RC_ALL_IS_WELL_ ---
--- Module gateway spent 3 seconds ---

>>> COPY -FORCE SingletOrbitals.RasOrb INPORB

--- Start Module: seward at Tue Jul 21 10:54:13 2026 ---

()()()()()()()()()()()()()()()()()()()()()()()()()()()()()()()()()()()()()()()()()()()()()()()()()()

                                              &SEWARD

                       only a single process is used, running in SERIAL mode
                       available to each process: 2.0 GB of memory, 1 thread?
                                            pid: 461523
()()()()()()()()()()()()()()()()()()()()()()()()()()()()()()()()()()()()()()()()()()()()()()()()()()

               SEWARD will generate:
                  Multipole Moment integrals up to order  2
                  Kinetic Energy integrals
                  Nuclear Attraction integrals (point charge)
                  One-Electron Hamiltonian integrals
                  Velocity integrals
                  Orbital angular momentum around (  0.0000   0.0000   1.3587 )
                  Velocity quadrupole around (  0.0000   0.0000   1.3587 )
                  RI decomposed two-electron repulsion integrals stored Cholesky style
                   - acCD auxiliary basis
                   - CD Threshold:   1.00E-04

 Title:
                                           Molcas-Opt                                   


                   Integrals are discarded if absolute value <: 1.00E-14
                   Integral cutoff threshold is set to       <: 1.00E-16

            Nuclear Potential Energy             37.00695188 au


      Basis set specifications :
      Symmetry species         a  
      Basis functions           26


      Input file to MOLDEN was generated!

Note: The following floating-point exceptions are signalling: IEEE_INVALID_FLAG IEEE_UNDERFLOW_FLAG IEEE_DENORMAL
--- Stop Module: seward at Tue Jul 21 10:54:15 2026 /rc=_RC_ALL_IS_WELL_ ---
--- Module seward spent 1 second ---

--- Start Module: rasscf at Tue Jul 21 10:54:15 2026 ---

()()()()()()()()()()()()()()()()()()()()()()()()()()()()()()()()()()()()()()()()()()()()()()()()()()

                                              &RASSCF

                       only a single process is used, running in SERIAL mode
                       available to each process: 2.0 GB of memory, 1 thread?
                                            pid: 461530
()()()()()()()()()()()()()()()()()()()()()()()()()()()()()()()()()()()()()()()()()()()()()()()()()()


      Header of the ONEINT file:
      --------------------------
      
      Integrals generated by Gateway/Seward, Tue Jul 21 10:54:14 2026


      OrdInt status: non-squared


      Cartesian coordinates in angstrom:
      -----------------------------------------------------
      No.  Label        X            Y            Z        
      -----------------------------------------------------
       1   C1         0.00000000   0.00000000   0.00000000
       2   N2         0.00000000   0.00000000   1.35000000
       3   H3         0.94310200   0.00000000  -0.54450000
       4   H4         0.94310200   0.00000000   1.87950000
       5   H5        -0.94310200   0.00000000   1.87950000
       6   H6        -0.94310200   0.00000000  -0.54450000
      -----------------------------------------------------
      Nuclear repulsion energy =   37.00695188

++    Wave function specifications:
      -----------------------------

      Number of closed shell electrons          10
      Number of electrons in active shells       6
      Max number of holes in RAS1 space          0
      Max nr of electrons in RAS3 space          0
      Number of inactive orbitals                5
      Number of active orbitals                  4
      Number of secondary orbitals              17
      Spin quantum number                      0.0
      State symmetry                             1
--

++    Orbital specifications:
      -----------------------

      Symmetry species                           1
                                                 a
      Frozen orbitals                            0
      Inactive orbitals                          5
      Active orbitals                            4
      RAS1 orbitals                              0
      RAS2 orbitals                              4
      RAS3 orbitals                              0
      Secondary orbitals                        17
      Deleted orbitals                           0
      Number of basis functions                 26
--

++    CI expansion specifications:
      ----------------------------

      Number of CSFs                            10
      Number of spin combinations               10
      Number of determinants                    16
      Number of root(s) required                 4
      Root chosen for geometry opt.              1
      CI roots used                              1     2     3     4
      weights                                0.250 0.250 0.250 0.250
      highest root included in the CI            4
      max. size of the explicit Hamiltonian     10
--

++    Optimization specifications:
      ----------------------------

      RASSCF algorithm: LK RI/DF
      Maximum number of macro iterations       200
      Maximum number of SX iterations          100
      Threshold for RASSCF energy            1.000E-08
      Threshold for max MO rotation          1.000E-01
      Threshold for max BLB element          1.000E-04
      Level shift parameter                  5.000E-01
      Make Quasi-Newton update
--

      The MO-coefficients are taken from the file:
      INPORB
      Title: RASSCF average (pseudo-natural) orbitals                                      

      Total molecular charge    1.00

      ************************************************************************************************************************
      *                                                                                                                      *
      *                                            Wave function control section                                             *
      *                                                                                                                      *
      ************************************************************************************************************************


                                         RASSCF iterations: Energy and convergence statistics
                                         ----------------------------------------------------

      Iter CI   SX   CI       RASSCF       Energy    max ROT     max BLB   max BLB  Level Ln srch  Step   QN   Walltime
          iter iter root      energy       change     param      element    value   shift minimum  type update hh:mm:ss
 Nr of preliminary CI iterations:   1
        1   1    3    0   -94.08317647    0.00E+00   1.80E-06    5  13 1  2.09E-06   0.20   0.00    SX    NO    0:00:00
        2   1    2    0   -94.08317647   -2.47E-11   8.59E-07    6  23 1  8.10E-07   0.20   0.00    SX    NO    0:00:00
        3   1    2    0   -94.08317647   -2.33E-12   6.19E-07    5  13 1  3.15E-07   0.20   0.00    SX    NO    0:00:00
        4   1    2    0   -94.08317647   -8.95E-13   3.51E-07    6  14 1  1.82E-07   0.20   0.00    SX    NO    0:00:00
      Convergence after  4 iterations
        5   1    2    0   -94.08317647   -1.42E-14   3.51E-07    6  14 1  7.79E-08   0.20   0.00    SX    NO    0:00:00

      ************************************************************************************************************************
                                                      Wave function printout:
                       occupation of active orbitals, and spin coupling of open shells (u,d: Spin up or down)
      ************************************************************************************************************************

      Note: transformation to natural orbitals
      has been made, which may change the order of the CSFs.

      printout of CI-coefficients larger than  0.05 for root  1
      energy=     -94.353947
      conf/sym  1111     Coeff  Weight
             1  2220  -0.92439 0.85449
             4  2u2d  -0.35896 0.12886
             8  2022   0.12756 0.01627

      printout of CI-coefficients larger than  0.05 for root  2
      energy=     -94.021199
      conf/sym  1111     Coeff  Weight
             2  22ud   0.95683 0.91553
             5  2ud2   0.29065 0.08447

      printout of CI-coefficients larger than  0.05 for root  3
      energy=     -93.999299
      conf/sym  1111     Coeff  Weight
             1  2220   0.37502 0.14064
             4  2u2d  -0.91389 0.83519
             8  2022   0.15131 0.02289

      printout of CI-coefficients larger than  0.05 for root  4
      energy=     -93.958261
      conf/sym  1111     Coeff  Weight
             6  u22d   1.00000 0.99999

      Natural orbitals and occupation numbers for root  1
      sym 1:   1.999781   1.931102   1.999451   0.069665

      Natural orbitals and occupation numbers for root  2
      sym 1:   2.000000   2.000000   1.000000   1.000000

      Natural orbitals and occupation numbers for root  3
      sym 1:   1.999632   1.691636   1.997812   0.310920

      Natural orbitals and occupation numbers for root  4
      sym 1:   1.000000   2.000000   2.000000   1.000000

      ************************************************************************************************************************
      *                                                                                                                      *
      *                                                    Final results                                                     *
      *                                                                                                                      *
      ************************************************************************************************************************


++    Final optimization conditions:
      ------------------------------

      Average CI energy                             -94.08317647
      RASSCF energy for state  1                    -94.35394737
      Super-CI energy                                -0.00000000
      RASSCF energy change                           -0.00000000
      Max change in MO coefficients              -1.948E-07
      Max non-diagonal density matrix element     3.507E-07
      Maximum BLB matrix element                  7.790E-08
      (orbital pair   6,  14 in symmetry   1)
      Norm of electronic gradient            6.880E-02
--


      Final state energy(ies):
      ------------------------

::    RASSCF root number  1 Total energy:    -94.35394737
::    RASSCF root number  2 Total energy:    -94.02119895
::    RASSCF root number  3 Total energy:    -93.99929879
::    RASSCF root number  4 Total energy:    -93.95826079

++    Molecular orbitals:
      -------------------

      Pseudonatural active orbitals and approximate occupation numbers




      Molecular orbitals for symmetry species 1: a  


      Orbital                 1         2         3         4         5         6         7         8         9        10
      Energy           -15.9063  -11.5916   -1.5001   -1.1486   -0.9902   -0.8927   -0.7121   -0.8048   -0.2939   -0.0350
      Occ. No.           2.0000    2.0000    2.0000    2.0000    2.0000    1.7499    1.7183    1.7493    0.7825    0.0000

     1 C1     1s         0.0001    0.9962   -0.1060    0.1681   -0.0000    0.0029    0.0000   -0.0000    0.0000    0.0096
     2 C1     2s        -0.0006    0.0236    0.2264   -0.3641    0.0000   -0.0256   -0.0000    0.0000   -0.0000   -0.0306
     3 C1     *s         0.0052   -0.0113    0.0637   -0.3534    0.0000    0.1305   -0.0000   -0.0000   -0.0000   -0.2505
     4 C1     2px       -0.0000   -0.0000   -0.0000    0.0000    0.1686   -0.0000   -0.0000   -0.4633   -0.0000    0.0000
     5 C1     *px       -0.0000    0.0000   -0.0000   -0.0000    0.0205   -0.0000   -0.0000   -0.2785   -0.0000    0.0000
     6 C1     2py        0.0000   -0.0000   -0.0000    0.0000    0.0000    0.0000    0.1861    0.0000   -0.6217   -0.0000
     7 C1     *py       -0.0000    0.0000   -0.0000   -0.0000    0.0000    0.0000    0.0653    0.0000   -0.5634   -0.0000
     8 C1     2pz       -0.0003    0.0008    0.0980    0.1132   -0.0000   -0.4193    0.0000    0.0000   -0.0000    0.1263
     9 C1     *pz        0.0028   -0.0002   -0.0381    0.0282   -0.0000   -0.0746   -0.0000    0.0000   -0.0000    0.5083
    10 N2     1s         0.9960   -0.0002   -0.1899   -0.0823    0.0000    0.0115   -0.0000   -0.0000   -0.0000    0.1115
    11 N2     2s         0.0235   -0.0003    0.4054    0.1752   -0.0000   -0.0318    0.0000    0.0000    0.0000   -0.1761
    12 N2     *s        -0.0126    0.0017    0.4401    0.2823   -0.0000   -0.0168    0.0000    0.0000    0.0000   -1.5586
    13 N2     2px       -0.0000   -0.0000   -0.0000    0.0000    0.4720    0.0000   -0.0000    0.1663    0.0000    0.0000
    14 N2     *px       -0.0000   -0.0000   -0.0000    0.0000    0.3293    0.0000   -0.0000    0.1779    0.0000    0.0000
    15 N2     2py       -0.0000   -0.0000   -0.0000   -0.0000    0.0000    0.0000    0.5900   -0.0000    0.2627    0.0000
    16 N2     *py       -0.0000    0.0000    0.0000   -0.0000    0.0000    0.0000    0.4614   -0.0000    0.3588    0.0000
    17 N2     2pz       -0.0007    0.0004   -0.0428    0.1848    0.0000    0.4547   -0.0000   -0.0000   -0.0000   -0.1273
    18 N2     *pz        0.0023   -0.0004   -0.0204    0.0627    0.0000    0.2541   -0.0000   -0.0000   -0.0000   -0.2819
    19 H3     1s        -0.0002   -0.0002    0.0519   -0.1672    0.0576    0.1222   -0.0000   -0.2465    0.0000    0.0008
    20 H3     *s        -0.0001    0.0025    0.0062   -0.0399    0.0284    0.0675   -0.0000   -0.0962    0.0000    0.3580
    21 H4     1s         0.0001   -0.0000    0.1046    0.1008    0.2070    0.1190   -0.0000    0.1000    0.0000    0.1032
    22 H4     *s         0.0015    0.0003   -0.0009    0.0128    0.0433    0.0443   -0.0000    0.0412   -0.0000    0.9809
    23 H5     1s         0.0001   -0.0000    0.1046    0.1008   -0.2070    0.1190    0.0000   -0.1000   -0.0000    0.1032
    24 H5     *s         0.0015    0.0003   -0.0009    0.0128   -0.0433    0.0443    0.0000   -0.0412    0.0000    0.9809
    25 H6     1s        -0.0002   -0.0002    0.0519   -0.1672   -0.0576    0.1222    0.0000    0.2465    0.0000    0.0008
    26 H6     *s        -0.0001    0.0025    0.0062   -0.0399   -0.0284    0.0675    0.0000    0.0962   -0.0000    0.3580


      Orbital                11        12        13
      Energy             0.0169    0.0366    0.1257
      Occ. No.           0.0000    0.0000    0.0000

     1 C1     1s        -0.0000    0.1337   -0.0000
     2 C1     2s         0.0000   -0.2088    0.0000
     3 C1     *s         0.0000   -2.1254    0.0000
     4 C1     2px        0.2154    0.0000    0.3265
     5 C1     *px        0.5669    0.0000    1.5907
     6 C1     2py        0.0000    0.0000   -0.0000
     7 C1     *py        0.0000    0.0000   -0.0000
     8 C1     2pz       -0.0000    0.1083   -0.0000
     9 C1     *pz       -0.0000    0.3768   -0.0000
    10 N2     1s        -0.0000   -0.0498    0.0000
    11 N2     2s         0.0000    0.0870   -0.0000
    12 N2     *s         0.0000    0.6189   -0.0000
    13 N2     2px        0.2877    0.0000   -0.2321
    14 N2     *px        0.7470    0.0000   -0.9573
    15 N2     2py        0.0000   -0.0000    0.0000
    16 N2     *py       -0.0000   -0.0000    0.0000
    17 N2     2pz        0.0000   -0.0337   -0.0000
    18 N2     *pz        0.0000   -0.1922    0.0000
    19 H3     1s        -0.0579    0.0725   -0.0235
    20 H3     *s        -0.7808    1.3595   -1.6327
    21 H4     1s        -0.0980   -0.0347   -0.0081
    22 H4     *s        -1.0780   -0.2724    0.8901
    23 H5     1s         0.0980   -0.0347    0.0081
    24 H5     *s         1.0780   -0.2724   -0.8901
    25 H6     1s         0.0579    0.0725    0.0235
    26 H6     *s         0.7808    1.3595    1.6327
--

      Von Neumann Entropy (Root   1) =  0.21810


      Mulliken population analysis for root number:  1
      -----------------------------------------------


++    Molecular charges:
      ------------------

      Mulliken charges per centre and basis function type
      ---------------------------------------------------

                C1      N2      H3      H4      H5      H6    
      1s       1.9976  1.9976  0.5265  0.4417  0.4417  0.5265
      2s       0.7488  0.7752  0.0000  0.0000  0.0000  0.0000
      2px      0.8259  0.8122  0.0000  0.0000  0.0000  0.0000
      2pz      0.7111  0.7984  0.0000  0.0000  0.0000  0.0000
      2py      0.3724  0.7777  0.0000  0.0000  0.0000  0.0000
      *s       0.5633  0.9164  0.1689  0.0674  0.0674  0.1689
      *px      0.4114  0.6062  0.0000  0.0000  0.0000  0.0000
      *pz      0.0581  0.3681  0.0000  0.0000  0.0000  0.0000
      *py      0.2611  0.5896  0.0000  0.0000  0.0000  0.0000
      Total    5.9496  7.6415  0.6954  0.5091  0.5091  0.6954

      N-E      0.0504 -0.6415  0.3046  0.4909  0.4909  0.3046

      Total electronic charge=   16.000000

      Total            charge=    1.000000
--



      Expectation values of various properties for root number:  1
      -----------------------------------------------------------


++    Molecular properties:
      ---------------------

      Charge (e):
                      =    1.0000
      Dipole Moment (debye):
      Origin of the operator (angstrom)=    0.0000    0.0000    0.7190
                   X=  6.9181E-10               Y=  7.8419E-12               Z=  5.9376E-01           Total=  5.9376E-01
      Center of Charge (angstrom)
                     X=    0.00000000               Y=    0.00000000               Z=    0.84262790
      Quadrupole Moment (debye*angstrom):
      Origin of the operator (angstrom)=    0.0000    0.0000    0.7190
                  XX= -6.8824E+00              XY= -4.7966E-11              XZ=  3.2157E-10              YY= -1.2859E+01
                  YZ= -7.2669E-12              ZZ= -4.6265E+00
      In traceless form (debye*angstrom)
                  XX=  1.8605E+00              XY= -7.1949E-11              XZ=  4.8236E-10              YY= -7.1048E+00
                  YZ= -1.0900E-11              ZZ=  5.2443E+00
--

      Von Neumann Entropy (Root   2) =  1.00000


      Mulliken population analysis for root number:  2
      -----------------------------------------------


++    Molecular charges:
      ------------------

      Mulliken charges per centre and basis function type
      ---------------------------------------------------

                C1      N2      H3      H4      H5      H6    
      1s       1.9976  1.9976  0.3901  0.4204  0.4204  0.3901
      2s       0.7488  0.7752  0.0000  0.0000  0.0000  0.0000
      2px      0.4727  0.7741  0.0000  0.0000  0.0000  0.0000
      2pz      0.7111  0.7985  0.0000  0.0000  0.0000  0.0000
      2py      0.8082  0.9409  0.0000  0.0000  0.0000  0.0000
      *s       0.5633  0.9164  0.1307  0.0635  0.0635  0.1307
      *px      0.2162  0.5929  0.0000  0.0000  0.0000  0.0000
      *pz      0.0581  0.3681  0.0000  0.0000  0.0000  0.0000
      *py      0.5747  0.6762  0.0000  0.0000  0.0000  0.0000
      Total    6.1507  7.8400  0.5208  0.4839  0.4839  0.5208

      N-E     -0.1507 -0.8400  0.4792  0.5161  0.5161  0.4792

      Total electronic charge=   16.000000

      Total            charge=    1.000000
--



      Expectation values of various properties for root number:  2
      -----------------------------------------------------------


++    Molecular properties:
      ---------------------

      Charge (e):
                      =    1.0000
      Dipole Moment (debye):
      Origin of the operator (angstrom)=    0.0000    0.0000    0.7190
                   X=  1.0743E-09               Y= -1.2022E-11               Z= -1.1592E+00           Total=  1.1592E+00
      Center of Charge (angstrom)
                     X=    0.00000000               Y=   -0.00000000               Z=    0.47767644
      Quadrupole Moment (debye*angstrom):
      Origin of the operator (angstrom)=    0.0000    0.0000    0.7190
                  XX= -4.1782E+00              XY=  2.0224E-10              XZ= -3.2959E-09              YY= -1.4770E+01
                  YZ= -1.7049E-12              ZZ= -2.9735E+00
      In traceless form (debye*angstrom)
                  XX=  4.6937E+00              XY=  3.0337E-10              XZ= -4.9439E-09              YY= -1.1195E+01
                  YZ= -2.5573E-12              ZZ=  6.5008E+00
--

      Von Neumann Entropy (Root   3) =  0.62365


      Mulliken population analysis for root number:  3
      -----------------------------------------------


++    Molecular charges:
      ------------------

      Mulliken charges per centre and basis function type
      ---------------------------------------------------

                C1      N2      H3      H4      H5      H6    
      1s       1.9976  1.9976  0.5262  0.4416  0.4416  0.5262
      2s       0.7488  0.7752  0.0000  0.0000  0.0000  0.0000
      2px      0.8254  0.8122  0.0000  0.0000  0.0000  0.0000
      2pz      0.7110  0.7984  0.0000  0.0000  0.0000  0.0000
      2py      0.2724  0.9094  0.0000  0.0000  0.0000  0.0000
      *s       0.5633  0.9164  0.1688  0.0674  0.0674  0.1688
      *px      0.4111  0.6062  0.0000  0.0000  0.0000  0.0000
      *pz      0.0581  0.3680  0.0000  0.0000  0.0000  0.0000
      *py      0.1473  0.6734  0.0000  0.0000  0.0000  0.0000
      Total    5.7349  7.8569  0.6951  0.5090  0.5090  0.6951

      N-E      0.2651 -0.8569  0.3049  0.4910  0.4910  0.3049

      Total electronic charge=   16.000000

      Total            charge=    1.000000
--



      Expectation values of various properties for root number:  3
      -----------------------------------------------------------


++    Molecular properties:
      ---------------------

      Charge (e):
                      =    1.0000
      Dipole Moment (debye):
      Origin of the operator (angstrom)=    0.0000    0.0000    0.7190
                   X=  6.8402E-10               Y= -2.4720E-12               Z= -5.7491E-01           Total=  5.7491E-01
      Center of Charge (angstrom)
                     X=    0.00000000               Y=   -0.00000000               Z=    0.59931878
      Quadrupole Moment (debye*angstrom):
      Origin of the operator (angstrom)=    0.0000    0.0000    0.7190
                  XX= -6.7914E+00              XY= -3.6600E-10              XZ=  3.3918E-10              YY= -1.2603E+01
                  YZ= -2.0219E-12              ZZ= -6.1439E+00
      In traceless form (debye*angstrom)
                  XX=  2.5822E+00              XY= -5.4900E-10              XZ=  5.0878E-10              YY= -6.1356E+00
                  YZ= -3.0329E-12              ZZ=  3.5534E+00
--

      Von Neumann Entropy (Root   4) =  1.00000


      Mulliken population analysis for root number:  4
      -----------------------------------------------


++    Molecular charges:
      ------------------

      Mulliken charges per centre and basis function type
      ---------------------------------------------------

                C1      N2      H3      H4      H5      H6    
      1s       1.9975  1.9976  0.4925  0.4101  0.4101  0.4925
      2s       0.7484  0.7739  0.0000  0.0000  0.0000  0.0000
      2px      0.8261  0.8123  0.0000  0.0000  0.0000  0.0000
      2pz      0.4130  0.4690  0.0000  0.0000  0.0000  0.0000
      2py      0.6605  1.0899  0.0000  0.0000  0.0000  0.0000
      *s       0.5505  0.9173  0.1526  0.0575  0.0575  0.1526
      *px      0.4115  0.6062  0.0000  0.0000  0.0000  0.0000
      *pz      0.0240  0.2275  0.0000  0.0000  0.0000  0.0000
      *py      0.4506  0.7991  0.0000  0.0000  0.0000  0.0000
      Total    6.0820  7.6927  0.6451  0.4675  0.4675  0.6451

      N-E     -0.0820 -0.6927  0.3549  0.5325  0.5325  0.3549

      Total electronic charge=   16.000000

      Total            charge=    1.000000
--



      Expectation values of various properties for root number:  4
      -----------------------------------------------------------


++    Molecular properties:
      ---------------------

      Charge (e):
                      =    1.0000
      Dipole Moment (debye):
      Origin of the operator (angstrom)=    0.0000    0.0000    0.7190
                   X= -5.7572E-09               Y= -1.7058E-11               Z=  7.8399E-01           Total=  7.8399E-01
      Center of Charge (angstrom)
                     X=   -0.00000000               Y=   -0.00000000               Z=    0.88223386
      Quadrupole Moment (debye*angstrom):
      Origin of the operator (angstrom)=    0.0000    0.0000    0.7190
                  XX= -6.3800E+00              XY=  1.5519E-11              XZ= -4.6382E-10              YY= -1.4695E+01
                  YZ=  3.6330E-12              ZZ= -3.5081E+00
      In traceless form (debye*angstrom)
                  XX=  2.7213E+00              XY=  2.3279E-11              XZ= -6.9572E-10              YY= -9.7506E+00
                  YZ=  5.4496E-12              ZZ=  7.0293E+00
--


      Input file to MOLDEN was generated!


      Input file to MOLDEN was generated!


      Input file to MOLDEN was generated!


      Input file to MOLDEN was generated!


      Input file to MOLDEN was generated!

      Average orbitals are written to the RASORB file
      Natural orbitals for root   1 are written to the RASORB.1 file
      Natural orbitals for root   2 are written to the RASORB.2 file
      Natural orbitals for root   3 are written to the RASORB.3 file
      Natural orbitals for root   4 are written to the RASORB.4 file
      Spin density orbitals for root   1 are written to the SPDORB.1 file
      Spin density orbitals for root   2 are written to the SPDORB.2 file
      Spin density orbitals for root   3 are written to the SPDORB.3 file
      Spin density orbitals for root   4 are written to the SPDORB.4 file

Note: The following floating-point exceptions are signalling: IEEE_INVALID_FLAG IEEE_UNDERFLOW_FLAG IEEE_DENORMAL
--- Stop Module: rasscf at Tue Jul 21 10:54:21 2026 /rc=_RC_ALL_IS_WELL_ ---
--- Module rasscf spent 5 seconds ---

--- Start Module: slapaf at Tue Jul 21 10:54:21 2026 ---

()()()()()()()()()()()()()()()()()()()()()()()()()()()()()()()()()()()()()()()()()()()()()()()()()()

                                              &SLAPAF

                       only a single process is used, running in SERIAL mode
                       available to each process: 2.0 GB of memory, 1 thread?
                                            pid: 461702
()()()()()()()()()()()()()()()()()()()()()()()()()()()()()()()()()()()()()()()()()()()()()()()()()()

[ process      0]: xquit (rc =     65): _INVOKED_OTHER_MODULE_
Note: The following floating-point exceptions are signalling: IEEE_INVALID_FLAG
--- Stop Module: slapaf at Tue Jul 21 10:54:22 2026 /rc=_RC_INVOKED_OTHER_MODULE_ ---

--- Start Module: alaska at Tue Jul 21 10:54:22 2026 ---

()()()()()()()()()()()()()()()()()()()()()()()()()()()()()()()()()()()()()()()()()()()()()()()()()()

                                              &ALASKA

                       only a single process is used, running in SERIAL mode
                       available to each process: 2.0 GB of memory, 1 thread?
                                            pid: 461707
()()()()()()()()()()()()()()()()()()()()()()()()()()()()()()()()()()()()()()()()()()()()()()()()()()

[ process      0]: xquit (rc =     65): _INVOKED_OTHER_MODULE_
--- Stop Module: alaska at Tue Jul 21 10:54:23 2026 /rc=_RC_INVOKED_OTHER_MODULE_ ---

--- Start Module: mclr at Tue Jul 21 10:54:23 2026 ---

()()()()()()()()()()()()()()()()()()()()()()()()()()()()()()()()()()()()()()()()()()()()()()()()()()

                                               &MCLR

                       only a single process is used, running in SERIAL mode
                       available to each process: 2.0 GB of memory, 1 thread?
                                            pid: 461710
()()()()()()()()()()()()()()()()()()()()()()()()()()()()()()()()()()()()()()()()()()()()()()()()()()

 No .RLXPT2  or MCKINT  , I hope that is OK
 Seward mode is assumed, reading perturbation from ONEINT
 OrdInt status: non-squared

++   Wave function specifications:
     -----------------------------

     Number of closed shell electrons             10
     Number of electrons in active shells          6
     Max number of holes in RAS1 space             0
     Max number of electrons in RAS3 space         0
     Number of inactive orbitals                   5
     Number of active orbitals                     4
     Number of secondary orbitals                 17
     Spin quantum number                         0.0
     State symmetry                                1
     Number of CI roots                            4
     States considered                             1     2     3     4
     Weights                                   0.250 0.250 0.250 0.250

     Symmetry species                              1
     Skipped sym. species                          0
     Frozen orbitals                               0
     Inactive orbitals                             5
     Active orbitals                               4
     RAS1 orbitals                                 0
     RAS2 orbitals                                 4
     RAS3 orbitals                                 0
     Deleted orbitals                              0
     Number of basis functions                    26
     Number of orbitals                           26
     Number of configurations                     10
     Number of combinations                       10
     Natural orbitals are used in the last CI
     RASSCF state energy =            -94.3539473680
     Size of explicit Hamiltonian in PCG:        100
--

     Convergence threshold=               1.0000E-04
     Max number of iterations in PCG:            200
     Using the Cho-MO Algorithm
     Lagrangian multipliers are calculated for state no.   1


  Reordering of the Cholesky vectors to full storage.
  Elapsed time for the reordering section:    9.9999999999999950E-003
  CPU time for the reordering section:    9.9999999999999950E-003

 TIMING INFORMATION:   CPU(s)   %CPU   Elapsed(s)
 Transformation          0.00    0.0         0.01
 Generation              0.01    1.0         0.00
 TOTAL                   0.02    2.0         0.02

        Iteration       Delta           Res(kappa)       Res(CI)          DeltaK           DeltaC
            1      1.433760869E-01  4.096923733E-02  7.315890349E-03  4.962192040E-04  2.162622483E-04
            2      9.860689405E-03  9.124230753E-03  2.267273205E-03  3.216713022E-05  1.683377684E-05
            3      4.384578302E-03  7.800100078E-03  1.386934019E-03  1.373265877E-05  8.055707647E-06
            4      1.805370730E-03  4.618125103E-03  6.873865740E-04  7.786835402E-06  1.184626907E-06
            5      3.128037313E-04  1.824987901E-03  5.396198674E-04  8.601245130E-07  6.942968806E-07
            6      3.242264076E-05  5.378216619E-04  1.677936612E-04  9.333184497E-08  6.778658613E-08
            7      1.590923340E-06  1.562442428E-04  3.048304031E-05  6.030519522E-09  1.875285390E-09
      Perturbation no:    1 converged in    7 steps.


++    Molecular properties:
      ---------------------

      Charge (e):
                      =    1.0000
      Dipole Moment (debye):
      Origin of the operator (angstrom)=    0.0000    0.0000    0.7190
                   X= -6.7462E-10               Y= -4.1597E-12               Z=  5.2691E-01           Total=  5.2691E-01
      Center of Charge (angstrom)
                     X=   -0.00000000               Y=   -0.00000000               Z=    0.82871005
      Quadrupole Moment (debye*angstrom):
      Origin of the operator (angstrom)=    0.0000    0.0000    0.7190
                  XX= -6.7826E+00              XY= -2.5407E-11              XZ= -8.9355E-10              YY= -1.2855E+01
                  YZ= -1.5715E-12              ZZ= -4.5713E+00
      In traceless form (debye*angstrom)
                  XX=  1.9307E+00              XY= -3.8110E-11              XZ= -1.3403E-09              YY= -7.1783E+00
                  YZ= -2.3573E-12              ZZ=  5.2476E+00
--


      The response parameters are written to the file RESP.
 ###############################################################################
 ###############################################################################
 ###                                                                         ###
 ###                                                                         ###
 ###    WARNING: RunFile label nBas                                          ###
 ###    was used       61 times                                              ###
 ###                                                                         ###
 ###                                                                         ###
 ###############################################################################
 ###############################################################################
--- Stop Module: mclr at Tue Jul 21 10:54:24 2026 /rc=_RC_ALL_IS_WELL_ ---

--- Start Module: alaska at Tue Jul 21 10:54:24 2026 ---

()()()()()()()()()()()()()()()()()()()()()()()()()()()()()()()()()()()()()()()()()()()()()()()()()()

                                              &ALASKA

                       only a single process is used, running in SERIAL mode
                       available to each process: 2.0 GB of memory, 1 thread?
                                            pid: 461714
()()()()()()()()()()()()()()()()()()()()()()()()()()()()()()()()()()()()()()()()()()()()()()()()()()


                     Threshold for contributions to the gradient: 1.000E-07


                    ********************************************
                    * Symmetry Adapted Cartesian Displacements *
                    ********************************************


           Irreducible representation : a  
           Basis function(s) of irrep: x, y, xy, Rz, z, xz, Ry, yz, Rx, I                                              

 Basis Label        Type   Center Phase
   1   C1           x         1     1
   2   C1           y         1     1
   3   C1           z         1     1
   4   N2           x         2     1
   5   N2           y         2     1
   6   N2           z         2     1
   7   H3           x         3     1
   8   H3           y         3     1
   9   H3           z         3     1
  10   H4           x         4     1
  11   H4           y         4     1
  12   H4           z         4     1
  13   H5           x         5     1
  14   H5           y         5     1
  15   H5           z         5     1
  16   H6           x         6     1
  17   H6           y         6     1
  18   H6           z         6     1

                     No automatic utilization of translational and rotational invariance of the energy is employed.

 RI-ERI gradients!

 **************************************************
 *                                                *
 *              Molecular gradients               *
 *                                                *
 **************************************************

  Irreducible representation: a  
 ------------------------------------------------------------------------------------------
                              X                       Y                       Z
 ------------------------------------------------------------------------------------------
  C1               -7.89717458093975E-11    1.66895972384199E-12   -6.70258268912685E-02
  N2               -1.21251646743870E-10    5.49452185540987E-12    4.06600629783878E-02
  H3                1.06860627786003E-02   -8.01575036439207E-11   -8.62822446750644E-03
  H4                5.47854125966931E-02    6.25018727154953E-11    2.18111064926561E-02
  H5               -5.47854123239362E-02   -6.84427028056632E-11    2.18111064277497E-02
  H6               -1.06860628511427E-02    7.89348521548368E-11   -8.62822454000933E-03
 ------------------------------------------------------------------------------------------

Note: The following floating-point exceptions are signalling: IEEE_UNDERFLOW_FLAG IEEE_DENORMAL
--- Stop Module: alaska at Tue Jul 21 10:54:25 2026 /rc=_RC_ALL_IS_WELL_ ---

>>> EXPORT MOLCAS_TRAP = UNKNOWN_VARIABLE

--- Start Module: slapaf at Tue Jul 21 10:54:25 2026 ---

()()()()()()()()()()()()()()()()()()()()()()()()()()()()()()()()()()()()()()()()()()()()()()()()()()

                                              &SLAPAF

                       only a single process is used, running in SERIAL mode
                       available to each process: 2.0 GB of memory, 1 thread?
                                            pid: 461718
()()()()()()()()()()()()()()()()()()()()()()()()()()()()()()()()()()()()()()()()()()()()()()()()()()



++       Slapaf input parameters:
         ------------------------

 Maximum number of iterations:              2000
 Convergence test a la Schlegel.
 Convergence criterion on gradient/para.<=: 3.0E-04
 Convergence criterion on step/parameter<=: 3.0E-04
 Convergence criterion on energy change <=: 0.0E+00
 Parameters for step-restricted optimization
 Maximum step length (initial seed):       3.00E-01

 -RFO activated with parameters:
   Maximum number of data points used in RFO:      5
 Line search is performed


 -Optimization for minimum.
  Optimization method: RS-RFO.

 -Initial Hessian guessed by Hessian Model Function (HMF).
  HMF augmented with weak interactions.

 -Hessian update method: Broyden-Fletcher-Goldfarb-Shanno
  Maximum number of points in Hessian update:  5

 -Relaxation will be done on non-redundant internal coordinates, based on
  force constant weighted redundant internal coordinates.

--

 ******************************************
 * Statistics of the internal coordinates *
 ******************************************
 Translations and Rotations:         0
 Bonds                     :         5
 Angles                    :         6
 Torsions                  :         4
 Out-of-plane angles       :         4


**********************************************************************************************************************
*                                    Energy Statistics for Geometry Optimization                                     *
**********************************************************************************************************************
                       Energy     Grad      Grad              Step                 Estimated   Geom       Hessian     
Iter      Energy       Change     Norm      Max    Element    Max     Element     Final Energy Update Update   Index  
  1    -94.35394737  0.00000000 0.116092 -0.095802 nrc005  -0.151248  nrc005      -94.36521526 RS-RFO  None      0    

       +----------------------------------+----------------------------------+
       +    Cartesian Displacements       +    Gradient in internals         +
       +  Value      Threshold Converged? +  Value      Threshold Converged? +
 +-----+----------------------------------+----------------------------------+
 + RMS + 9.1483E-02  1.2000E-03     No    + 5.1918E-02  3.0000E-04     No    +
 +-----+----------------------------------+----------------------------------+
 + Max + 1.4012E-01  1.8000E-03     No    + 9.5802E-02  4.5000E-04     No    +
 +-----+----------------------------------+----------------------------------+

 Convergence not reached yet!

*****************************************************************************************************************
*****************************************************************************************************************

++ Geometry section

********************************************************************************
  Geometrical information of the new structure
********************************************************************************


 *********************************************************
 * Nuclear coordinates for the next iteration / bohr     *
 *********************************************************
  ATOM              X               Y               Z     
  C1               0.000000       -0.000000        0.037797
  N2               0.000000       -0.000000        2.492909
  H3               1.765256        0.000000       -0.976257
  H4               1.648681       -0.000000        3.509253
  H5              -1.648681        0.000000        3.509253
  H6              -1.765256       -0.000000       -0.976257


 *********************************************************
 * Nuclear coordinates for the next iteration / angstrom *
 *********************************************************
  ATOM              X               Y               Z     
  C1               0.000000       -0.000000        0.020001
  N2               0.000000       -0.000000        1.319190
  H3               0.934134        0.000000       -0.516613
  H4               0.872444       -0.000000        1.857017
  H5              -0.872444        0.000000        1.857017
  H6              -0.934134       -0.000000       -0.516613


                    *************************************** 
                    *    InterNuclear Distances / bohr    * 
                    *************************************** 

               1 C1            2 N2            3 H3            4 H4            5 H5    
    1 C1       0.000000
    2 N2       2.455112        0.000000
    3 H3       2.035789        3.892459        0.000000
    4 H4       3.843066        1.936777        4.487024        0.000000
    5 H5       3.843066        1.936777        5.636911        3.297362        0.000000
    6 H6       2.035789        3.892459        3.530513        5.636911        4.487024

               6 H6    
    6 H6       0.000000

                    ******************************************* 
                    *    InterNuclear Distances / angstrom    * 
                    ******************************************* 

               1 C1            2 N2            3 H3            4 H4            5 H5    
    1 C1       0.000000
    2 N2       1.299189        0.000000
    3 H3       1.077293        2.059801        0.000000
    4 H4       2.033663        1.024898        2.374431        0.000000
    5 H5       2.033663        1.024898        2.982925        1.744889        0.000000
    6 H6       1.077293        2.059801        1.868267        2.982925        2.374431

               6 H6    
    6 H6       0.000000

                    ************************************** 
                    *    Valence Bond Angles / degree    * 
                    ************************************** 
                          Atom centers                 Phi
                      2 N2       1 C1       3 H3       119.88
                      2 N2       1 C1       6 H6       119.88
                      3 H3       1 C1       6 H6       120.25
                      1 C1       2 N2       4 H4       121.65
                      1 C1       2 N2       5 H5       121.65
                      4 H4       2 N2       5 H5       116.70

           ***************************************************************
           *              Valence Dihedral Angles / degree               *
           ***************************************************************
                    Atom centers                       Phi1     Phi2     Theta 
           3 H3       1 C1       2 N2       4 H4        119.88   121.65    -0.00
           3 H3       1 C1       2 N2       5 H5        119.88   121.65   180.00
           4 H4       2 N2       1 C1       6 H6        121.65   119.88   180.00
           5 H5       2 N2       1 C1       6 H6        121.65   119.88    -0.00
--
[ process      0]: xquit (rc =     64): _CONTINUE_LOOP_
Note: The following floating-point exceptions are signalling: IEEE_INVALID_FLAG
--- Stop Module: slapaf at Tue Jul 21 10:54:25 2026 /rc=_RC_CONTINUE_LOOP_ ---

>>> END DO

--- Start Module: seward at Tue Jul 21 10:54:25 2026 ---
Note: The following floating-point exceptions are signalling: IEEE_UNDERFLOW_FLAG IEEE_DENORMAL
--- Stop Module: seward at Tue Jul 21 10:54:26 2026 /rc=_RC_ALL_IS_WELL_ ---
--- Module seward spent 1 second ---

--- Start Module: rasscf at Tue Jul 21 10:54:26 2026 ---
Note: The following floating-point exceptions are signalling: IEEE_INVALID_FLAG IEEE_UNDERFLOW_FLAG IEEE_DENORMAL
--- Stop Module: rasscf at Tue Jul 21 10:54:28 2026 /rc=_RC_ALL_IS_WELL_ ---
--- Module rasscf spent 1 second ---

--- Start Module: slapaf at Tue Jul 21 10:54:28 2026 ---
[ process      0]: xquit (rc =     65): _INVOKED_OTHER_MODULE_
Note: The following floating-point exceptions are signalling: IEEE_INVALID_FLAG
--- Stop Module: slapaf at Tue Jul 21 10:54:29 2026 /rc=_RC_INVOKED_OTHER_MODULE_ ---

--- Start Module: alaska at Tue Jul 21 10:54:29 2026 ---
[ process      0]: xquit (rc =     65): _INVOKED_OTHER_MODULE_
--- Stop Module: alaska at Tue Jul 21 10:54:29 2026 /rc=_RC_INVOKED_OTHER_MODULE_ ---

--- Start Module: mclr at Tue Jul 21 10:54:29 2026 ---

--- Stop Module: mclr at Tue Jul 21 10:54:30 2026 /rc=_RC_ALL_IS_WELL_ ---

--- Start Module: alaska at Tue Jul 21 10:54:30 2026 ---
Note: The following floating-point exceptions are signalling: IEEE_UNDERFLOW_FLAG
--- Stop Module: alaska at Tue Jul 21 10:54:31 2026 /rc=_RC_ALL_IS_WELL_ ---

>>> EXPORT MOLCAS_TRAP = UNKNOWN_VARIABLE

--- Start Module: slapaf at Tue Jul 21 10:54:31 2026 ---

**********************************************************************************************************************
*                                    Energy Statistics for Geometry Optimization                                     *
**********************************************************************************************************************
                       Energy     Grad      Grad              Step                 Estimated   Geom       Hessian     
Iter      Energy       Change     Norm      Max    Element    Max     Element     Final Energy Update Update   Index  
  1    -94.35394737  0.00000000 0.116092 -0.095802 nrc005  -0.151248  nrc005      -94.36521526 RS-RFO  None      0    
  2    -94.36911795 -0.01517059 0.036291 -0.031547 nrc005  -0.062666  nrc005      -94.37046935 RS-RFO  BFGS      0    

       +----------------------------------+----------------------------------+
       +    Cartesian Displacements       +    Gradient in internals         +
       +  Value      Threshold Converged? +  Value      Threshold Converged? +
 +-----+----------------------------------+----------------------------------+
 + RMS + 3.3272E-02  1.2000E-03     No    + 1.6230E-02  3.0000E-04     No    +
 +-----+----------------------------------+----------------------------------+
 + Max + 4.7369E-02  1.8000E-03     No    + 3.1547E-02  4.5000E-04     No    +
 +-----+----------------------------------+----------------------------------+

 Convergence not reached yet!

*****************************************************************************************************************
*****************************************************************************************************************

++ Geometry section

********************************************************************************
  Geometrical information of the new structure
********************************************************************************


 *********************************************************
 * Nuclear coordinates for the next iteration / bohr     *
 *********************************************************
  ATOM              X               Y               Z     
  C1               0.000000       -0.000000        0.061051
  N2               0.000000       -0.000000        2.477806
  H3               1.753539       -0.000000       -0.952686
  H4               1.610216        0.000000        3.481607
  H5              -1.610216       -0.000000        3.481607
  H6              -1.753539        0.000000       -0.952686


 *********************************************************
 * Nuclear coordinates for the next iteration / angstrom *
 *********************************************************
  ATOM              X               Y               Z     
  C1               0.000000       -0.000000        0.032307
  N2               0.000000       -0.000000        1.311198
  H3               0.927933       -0.000000       -0.504140
  H4               0.852090        0.000000        1.842387
  H5              -0.852090       -0.000000        1.842387
  H6              -0.927933        0.000000       -0.504140

--
[ process      0]: xquit (rc =     64): _CONTINUE_LOOP_
Note: The following floating-point exceptions are signalling: IEEE_INVALID_FLAG
--- Stop Module: slapaf at Tue Jul 21 10:54:32 2026 /rc=_RC_CONTINUE_LOOP_ ---

>>> END DO

--- Start Module: seward at Tue Jul 21 10:54:32 2026 ---
Note: The following floating-point exceptions are signalling: IEEE_UNDERFLOW_FLAG
--- Stop Module: seward at Tue Jul 21 10:54:33 2026 /rc=_RC_ALL_IS_WELL_ ---
--- Module seward spent 1 second ---

--- Start Module: rasscf at Tue Jul 21 10:54:33 2026 ---
Note: The following floating-point exceptions are signalling: IEEE_INVALID_FLAG IEEE_UNDERFLOW_FLAG IEEE_DENORMAL
--- Stop Module: rasscf at Tue Jul 21 10:54:35 2026 /rc=_RC_ALL_IS_WELL_ ---
--- Module rasscf spent 1 second ---

--- Start Module: slapaf at Tue Jul 21 10:54:35 2026 ---
[ process      0]: xquit (rc =     65): _INVOKED_OTHER_MODULE_
Note: The following floating-point exceptions are signalling: IEEE_INVALID_FLAG
--- Stop Module: slapaf at Tue Jul 21 10:54:35 2026 /rc=_RC_INVOKED_OTHER_MODULE_ ---

--- Start Module: alaska at Tue Jul 21 10:54:35 2026 ---
[ process      0]: xquit (rc =     65): _INVOKED_OTHER_MODULE_
--- Stop Module: alaska at Tue Jul 21 10:54:36 2026 /rc=_RC_INVOKED_OTHER_MODULE_ ---

--- Start Module: mclr at Tue Jul 21 10:54:36 2026 ---

--- Stop Module: mclr at Tue Jul 21 10:54:37 2026 /rc=_RC_ALL_IS_WELL_ ---

--- Start Module: alaska at Tue Jul 21 10:54:37 2026 ---
Note: The following floating-point exceptions are signalling: IEEE_UNDERFLOW_FLAG
--- Stop Module: alaska at Tue Jul 21 10:54:38 2026 /rc=_RC_ALL_IS_WELL_ ---

>>> EXPORT MOLCAS_TRAP = UNKNOWN_VARIABLE

--- Start Module: slapaf at Tue Jul 21 10:54:38 2026 ---

**********************************************************************************************************************
*                                    Energy Statistics for Geometry Optimization                                     *
**********************************************************************************************************************
                       Energy     Grad      Grad              Step                 Estimated   Geom       Hessian     
Iter      Energy       Change     Norm      Max    Element    Max     Element     Final Energy Update Update   Index  
  1    -94.35394737  0.00000000 0.116092 -0.095802 nrc005  -0.151248  nrc005      -94.36521526 RS-RFO  None      0    
  2    -94.36911795 -0.01517059 0.036291 -0.031547 nrc005  -0.062666  nrc005      -94.37046935 RS-RFO  BFGS      0    
  3    -94.37041170 -0.00129375 0.002343  0.001425 nrc008   0.003694  nrc008      -94.37041584 RS-RFO  BFGS      0    

       +----------------------------------+----------------------------------+
       +    Cartesian Displacements       +    Gradient in internals         +
       +  Value      Threshold Converged? +  Value      Threshold Converged? +
 +-----+----------------------------------+----------------------------------+
 + RMS + 2.3799E-03  1.2000E-03     No    + 1.0477E-03  3.0000E-04     No    +
 +-----+----------------------------------+----------------------------------+
 + Max + 2.9282E-03  1.8000E-03     No    + 1.4255E-03  4.5000E-04     No    +
 +-----+----------------------------------+----------------------------------+

 Convergence not reached yet!

*****************************************************************************************************************
*****************************************************************************************************************

++ Geometry section

********************************************************************************
  Geometrical information of the new structure
********************************************************************************


 *********************************************************
 * Nuclear coordinates for the next iteration / bohr     *
 *********************************************************
  ATOM              X               Y               Z     
  C1               0.000000        0.000000        0.059681
  N2               0.000000        0.000000        2.478188
  H3               1.751599        0.000001       -0.954880
  H4               1.609788       -0.000001        3.484294
  H5              -1.609788        0.000001        3.484294
  H6              -1.751599       -0.000001       -0.954880


 *********************************************************
 * Nuclear coordinates for the next iteration / angstrom *
 *********************************************************
  ATOM              X               Y               Z     
  C1               0.000000        0.000000        0.031582
  N2               0.000000        0.000000        1.311401
  H3               0.926906        0.000000       -0.505301
  H4               0.851863       -0.000000        1.843809
  H5              -0.851863        0.000000        1.843809
  H6              -0.926906       -0.000000       -0.505301

--
[ process      0]: xquit (rc =     64): _CONTINUE_LOOP_
Note: The following floating-point exceptions are signalling: IEEE_INVALID_FLAG
--- Stop Module: slapaf at Tue Jul 21 10:54:39 2026 /rc=_RC_CONTINUE_LOOP_ ---

>>> END DO

--- Start Module: seward at Tue Jul 21 10:54:39 2026 ---
Note: The following floating-point exceptions are signalling: IEEE_UNDERFLOW_FLAG
--- Stop Module: seward at Tue Jul 21 10:54:40 2026 /rc=_RC_ALL_IS_WELL_ ---

--- Start Module: rasscf at Tue Jul 21 10:54:40 2026 ---
Note: The following floating-point exceptions are signalling: IEEE_INVALID_FLAG IEEE_UNDERFLOW_FLAG IEEE_DENORMAL
--- Stop Module: rasscf at Tue Jul 21 10:54:42 2026 /rc=_RC_ALL_IS_WELL_ ---
--- Module rasscf spent 2 seconds ---

--- Start Module: slapaf at Tue Jul 21 10:54:42 2026 ---
[ process      0]: xquit (rc =     65): _INVOKED_OTHER_MODULE_
Note: The following floating-point exceptions are signalling: IEEE_INVALID_FLAG
--- Stop Module: slapaf at Tue Jul 21 10:54:43 2026 /rc=_RC_INVOKED_OTHER_MODULE_ ---

--- Start Module: alaska at Tue Jul 21 10:54:43 2026 ---
[ process      0]: xquit (rc =     65): _INVOKED_OTHER_MODULE_
--- Stop Module: alaska at Tue Jul 21 10:54:44 2026 /rc=_RC_INVOKED_OTHER_MODULE_ ---

--- Start Module: mclr at Tue Jul 21 10:54:44 2026 ---

--- Stop Module: mclr at Tue Jul 21 10:54:45 2026 /rc=_RC_ALL_IS_WELL_ ---

--- Start Module: alaska at Tue Jul 21 10:54:45 2026 ---
Note: The following floating-point exceptions are signalling: IEEE_UNDERFLOW_FLAG
--- Stop Module: alaska at Tue Jul 21 10:54:45 2026 /rc=_RC_ALL_IS_WELL_ ---

>>> EXPORT MOLCAS_TRAP = UNKNOWN_VARIABLE

--- Start Module: slapaf at Tue Jul 21 10:54:45 2026 ---

**********************************************************************************************************************
*                                    Energy Statistics for Geometry Optimization                                     *
**********************************************************************************************************************
                       Energy     Grad      Grad              Step                 Estimated   Geom       Hessian     
Iter      Energy       Change     Norm      Max    Element    Max     Element     Final Energy Update Update   Index  
  1    -94.35394737  0.00000000 0.116092 -0.095802 nrc005  -0.151248  nrc005      -94.36521526 RS-RFO  None      0    
  2    -94.36911795 -0.01517059 0.036291 -0.031547 nrc005  -0.062666  nrc005      -94.37046935 RS-RFO  BFGS      0    
  3    -94.37041170 -0.00129375 0.002343  0.001425 nrc008   0.003694  nrc008      -94.37041584 RS-RFO  BFGS      0    
  4    -94.37041654 -0.00000484 0.000468  0.000270 nrc004   0.000830  nrc004      -94.37041674 RS-RFO  BFGS      0    

       +----------------------------------+----------------------------------+
       +    Cartesian Displacements       +    Gradient in internals         +
       +  Value      Threshold Converged? +  Value      Threshold Converged? +
 +-----+----------------------------------+----------------------------------+
 + RMS + 5.2091E-04  1.2000E-03     Yes   + 2.0930E-04  3.0000E-04     Yes   +
 +-----+----------------------------------+----------------------------------+
 + Max + 7.3114E-04  1.8000E-03     Yes   + 2.6954E-04  4.5000E-04     Yes   +
 +-----+----------------------------------+----------------------------------+

 Geometry is converged in   4 iterations to a Minimum Structure

*****************************************************************************************************************
*****************************************************************************************************************

++ Geometry section

********************************************************************************
  Geometrical information of the final structure
********************************************************************************

  NOTE: on convergence the final predicted structure will be printed here.
  This is not identical to the structure printed in the head of the output.

 *********************************************************
 * Nuclear coordinates of the final structure / bohr     *
 *********************************************************
  ATOM              X               Y               Z     
  C1               0.000000       -0.000000        0.059372
  N2               0.000000       -0.000000        2.477900
  H3               1.751268       -0.000004       -0.955163
  H4               1.609345        0.000004        3.484876
  H5              -1.609345       -0.000004        3.484876
  H6              -1.751268        0.000004       -0.955163


 *********************************************************
 * Nuclear coordinates of the final structure / angstrom *
 *********************************************************
  ATOM              X               Y               Z     
  C1               0.000000       -0.000000        0.031418
  N2               0.000000       -0.000000        1.311248
  H3               0.926731       -0.000002       -0.505450
  H4               0.851629        0.000002        1.844117
  H5              -0.851629       -0.000002        1.844117
  H6              -0.926731        0.000002       -0.505450


                    *************************************** 
                    *    InterNuclear Distances / bohr    * 
                    *************************************** 

               1 C1            2 N2            3 H3            4 H4            5 H5    
    1 C1       0.000000
    2 N2       2.418528        0.000000
    3 H3       2.023912        3.853940        0.000000
    4 H4       3.784716        1.898419        4.442306        0.000000
    5 H5       3.784716        1.898419        5.568453        3.218690        0.000000
    6 H6       2.023912        3.853940        3.502536        5.568453        4.442306

               6 H6    
    6 H6       0.000000

                    ******************************************* 
                    *    InterNuclear Distances / angstrom    * 
                    ******************************************* 

               1 C1            2 N2            3 H3            4 H4            5 H5    
    1 C1       0.000000
    2 N2       1.279830        0.000000
    3 H3       1.071008        2.039417        0.000000
    4 H4       2.002785        1.004600        2.350767        0.000000
    5 H5       2.002785        1.004600        2.946698        1.703257        0.000000
    6 H6       1.071008        2.039417        1.853462        2.946698        2.350767

               6 H6    
    6 H6       0.000000

                    ************************************** 
                    *    Valence Bond Angles / degree    * 
                    ************************************** 
                          Atom centers                 Phi
                      2 N2       1 C1       3 H3       120.08
                      2 N2       1 C1       6 H6       120.08
                      3 H3       1 C1       6 H6       119.83
                      1 C1       2 N2       4 H4       122.03
                      1 C1       2 N2       5 H5       122.03
                      4 H4       2 N2       5 H5       115.93

           ***************************************************************
           *              Valence Dihedral Angles / degree               *
           ***************************************************************
                    Atom centers                       Phi1     Phi2     Theta 
           3 H3       1 C1       2 N2       4 H4        120.08   122.03     0.00
           3 H3       1 C1       2 N2       5 H5        120.08   122.03  -180.00
           4 H4       2 N2       1 C1       6 H6        122.03   120.08  -180.00
           5 H5       2 N2       1 C1       6 H6        122.03   120.08     0.00
--
[ process      0]: xquit (rc =     65): _INVOKED_OTHER_MODULE_
Note: The following floating-point exceptions are signalling: IEEE_INVALID_FLAG
--- Stop Module: slapaf at Tue Jul 21 10:54:46 2026 /rc=_RC_INVOKED_OTHER_MODULE_ ---

--- Start Module: last_energy at Tue Jul 21 10:54:46 2026 ---

()()()()()()()()()()()()()()()()()()()()()()()()()()()()()()()()()()()()()()()()()()()()()()()()()()

                                            &LAST_ENERGY

                       only a single process is used, running in SERIAL mode
                       available to each process: 2.0 GB of memory, 1 thread?
                                            pid: 461799
()()()()()()()()()()()()()()()()()()()()()()()()()()()()()()()()()()()()()()()()()()()()()()()()()()


    Geometry read from RUNFILE

               SEWARD will generate:
                  Multipole Moment integrals up to order  2
                  Kinetic Energy integrals
                  Nuclear Attraction integrals (point charge)
                  One-Electron Hamiltonian integrals
                  Velocity integrals
                  Orbital angular momentum around (  0.0000   0.0000   1.3587 )
                  Velocity quadrupole around (  0.0000  -0.0000   1.3488 )
                  RI decomposed two-electron repulsion integrals stored Cholesky style
                   - acCD auxiliary basis
                   - CD Threshold:   1.00E-04

 Title:
                                           Molcas-Opt                                   


                   Integrals are discarded if absolute value <: 1.00E-14
                   Integral cutoff threshold is set to       <: 1.00E-16

            Nuclear Potential Energy             38.87847696 au


      Basis set specifications :
      Symmetry species         a  
      Basis functions           26


      Header of the ONEINT file:
      --------------------------
      
      Integrals generated by Gateway/Seward, Tue Jul 21 10:54:48 2026


      OrdInt status: non-squared


      Cartesian coordinates in angstrom:
      -----------------------------------------------------
      No.  Label        X            Y            Z        
      -----------------------------------------------------
       1   C1         0.00000000  -0.00000000   0.03141824
       2   N2         0.00000000  -0.00000000   1.31124799
       3   H3         0.92673100  -0.00000217  -0.50545024
       4   H4         0.85162874   0.00000236   1.84411712
       5   H5        -0.85162874  -0.00000236   1.84411712
       6   H6        -0.92673100   0.00000217  -0.50545024
      -----------------------------------------------------
      Nuclear repulsion energy =   38.87847696

++    Wave function specifications:
      -----------------------------

      Number of closed shell electrons          10
      Number of electrons in active shells       6
      Max number of holes in RAS1 space          0
      Max nr of electrons in RAS3 space          0
      Number of inactive orbitals                5
      Number of active orbitals                  4
      Number of secondary orbitals              17
      Spin quantum number                      0.0
      State symmetry                             1
--

++    Orbital specifications:
      -----------------------

      Symmetry species                           1
                                                 a
      Frozen orbitals                            0
      Inactive orbitals                          5
      Active orbitals                            4
      RAS1 orbitals                              0
      RAS2 orbitals                              4
      RAS3 orbitals                              0
      Secondary orbitals                        17
      Deleted orbitals                           0
      Number of basis functions                 26
--

++    CI expansion specifications:
      ----------------------------

      Number of CSFs                            10
      Number of spin combinations               10
      Number of determinants                    16
      Number of root(s) required                 4
      Root chosen for geometry opt.              1
      CI roots used                              1     2     3     4
      weights                                0.250 0.250 0.250 0.250
      highest root included in the CI            4
      max. size of the explicit Hamiltonian     10
--

++    Optimization specifications:
      ----------------------------

      RASSCF algorithm: LK RI/DF
      Maximum number of macro iterations       200
      Maximum number of SX iterations          100
      Threshold for RASSCF energy            1.000E-08
      Threshold for max MO rotation          1.000E-01
      Threshold for max BLB element          1.000E-04
      Level shift parameter                  5.000E-01
      Make Quasi-Newton update
--
      Starting CI array(s) will be read from file

      File JOBOLD not found -- use JOBIPH.
      The MO-coefficients are taken from the file:
      JOBIPH
      Title:(No title given)                                                        

      Total molecular charge    1.00

      ************************************************************************************************************************
      *                                                                                                                      *
      *                                            Wave function control section                                             *
      *                                                                                                                      *
      ************************************************************************************************************************


                                         RASSCF iterations: Energy and convergence statistics
                                         ----------------------------------------------------

      Iter CI   SX   CI       RASSCF       Energy    max ROT     max BLB   max BLB  Level Ln srch  Step   QN   Walltime
          iter iter root      energy       change     param      element    value   shift minimum  type update hh:mm:ss
 Nr of preliminary CI iterations:   1
        1   1    3    0   -94.07524755    0.00E+00  -6.65E-05    4  18 1  8.15E-05   0.17   0.00    SX    NO    0:00:00
        2   1    3    0   -94.07524757   -2.32E-08* -4.57E-05    4  16 1  2.01E-05   0.17   0.00    SX    NO    0:00:00
        3   1    3    0   -94.07524758   -2.22E-09  -3.17E-05    5  13 1 -9.04E-06   0.17   0.00    SX    NO    0:00:00
        4   1    3    0   -94.07524758   -4.78E-10  -2.25E-05    5   8 1  2.87E-06   0.17   0.00    SX    NO    0:00:00
      Convergence after  4 iterations
        5   1    3    0   -94.07524758   -1.52E-10  -2.25E-05    5   8 1  2.01E-06   0.17   0.00    SX    NO    0:00:00

      ************************************************************************************************************************
                                                      Wave function printout:
                       occupation of active orbitals, and spin coupling of open shells (u,d: Spin up or down)
      ************************************************************************************************************************

      Note: transformation to natural orbitals
      has been made, which may change the order of the CSFs.

      printout of CI-coefficients larger than  0.05 for root  1
      energy=     -94.370417
      conf/sym  1111     Coeff  Weight
             1  2220  -0.94228 0.88789
             4  2u2d  -0.31053 0.09643
             8  2022   0.12363 0.01528

      printout of CI-coefficients larger than  0.05 for root  2
      energy=     -94.025804
      conf/sym  1111     Coeff  Weight
             2  22ud   0.96576 0.93269
             5  2ud2   0.25944 0.06731

      printout of CI-coefficients larger than  0.05 for root  3
      energy=     -93.977642
      conf/sym  1111     Coeff  Weight
             1  2220   0.32647 0.10658
             4  2u2d  -0.93206 0.86873
             8  2022   0.15288 0.02337

      printout of CI-coefficients larger than  0.05 for root  4
      energy=     -93.927127
      conf/sym  1111     Coeff  Weight
             6  u22d   0.99976 0.99953

      Natural orbitals and occupation numbers for root  1
      sym 1:   1.999728   1.944161   1.999480   0.056632

      Natural orbitals and occupation numbers for root  2
      sym 1:   2.000000   2.000000   1.000000   1.000000

      Natural orbitals and occupation numbers for root  3
      sym 1:   1.999624   1.638614   1.997758   0.364004

      Natural orbitals and occupation numbers for root  4
      sym 1:   1.000000   2.000000   2.000000   1.000000

      ************************************************************************************************************************
      *                                                                                                                      *
      *                                                    Final results                                                     *
      *                                                                                                                      *
      ************************************************************************************************************************


++    Final optimization conditions:
      ------------------------------

      Average CI energy                             -94.07524758
      RASSCF energy for state  1                    -94.37041678
      Super-CI energy                                -0.00000000
      RASSCF energy change                           -0.00000000
      Max change in MO coefficients               1.062E-05
      Max non-diagonal density matrix element    -2.247E-05
      Maximum BLB matrix element                  2.013E-06
      (orbital pair   5,   8 in symmetry   1)
      Norm of electronic gradient            6.351E-02
--


      Final state energy(ies):
      ------------------------

::    RASSCF root number  1 Total energy:    -94.37041678
::    RASSCF root number  2 Total energy:    -94.02580393
::    RASSCF root number  3 Total energy:    -93.97764231
::    RASSCF root number  4 Total energy:    -93.92712729

++    Molecular orbitals:
      -------------------

      Pseudonatural active orbitals and approximate occupation numbers




      Molecular orbitals for symmetry species 1: a  


      Orbital                 1         2         3         4         5         6         7         8         9        10
      Energy           -15.9015  -11.5888   -1.5518   -1.1752   -1.0337   -0.9330   -0.7406   -0.8119   -0.2841   -0.0142
      Occ. No.           2.0000    2.0000    2.0000    2.0000    2.0000    1.7498    1.7224    1.7493    0.7784    0.0000

     1 C1     1s         0.0001    0.9961   -0.1097    0.1670   -0.0000   -0.0084    0.0000    0.0000   -0.0000    0.0268
     2 C1     2s        -0.0006    0.0241    0.2311   -0.3633    0.0000   -0.0000   -0.0000    0.0000    0.0000   -0.0645
     3 C1     *s         0.0061   -0.0115    0.0571   -0.3284    0.0000    0.1727   -0.0000   -0.0000    0.0000   -0.5064
     4 C1     2px       -0.0000   -0.0000   -0.0000    0.0000    0.1751   -0.0000    0.0000   -0.4666   -0.0000    0.0000
     5 C1     *px       -0.0000   -0.0000   -0.0000   -0.0000    0.0206   -0.0000    0.0000   -0.2807   -0.0000    0.0000
     6 C1     2py        0.0000    0.0000    0.0000   -0.0000    0.0000    0.0000    0.2080    0.0000   -0.6176   -0.0000
     7 C1     *py        0.0000   -0.0000    0.0000   -0.0000   -0.0000    0.0000    0.0598    0.0000   -0.5867   -0.0000
     8 C1     2pz       -0.0004    0.0010    0.1070    0.0856   -0.0000   -0.4350    0.0000    0.0000   -0.0000    0.1287
     9 C1     *pz        0.0032   -0.0001   -0.0390    0.0271   -0.0000   -0.0636    0.0000    0.0000   -0.0000    0.6004
    10 N2     1s         0.9960   -0.0003   -0.1919   -0.0785    0.0000    0.0211    0.0000   -0.0000    0.0000    0.1010
    11 N2     2s         0.0241   -0.0003    0.4111    0.1690   -0.0000   -0.0527   -0.0000    0.0000   -0.0000   -0.1513
    12 N2     *s        -0.0140    0.0016    0.4153    0.2670   -0.0000   -0.0443   -0.0000    0.0000   -0.0000   -1.6828
    13 N2     2px       -0.0000   -0.0000   -0.0000    0.0000    0.4864    0.0000   -0.0000    0.1750   -0.0000    0.0000
    14 N2     *px        0.0000   -0.0000   -0.0000    0.0000    0.3097    0.0000   -0.0000    0.1776   -0.0000    0.0000
    15 N2     2py        0.0000   -0.0000    0.0000    0.0000    0.0000    0.0000    0.5867    0.0000    0.2795   -0.0000
    16 N2     *py       -0.0000    0.0000    0.0000    0.0000    0.0000    0.0000    0.4505    0.0000    0.4033   -0.0000
    17 N2     2pz       -0.0008    0.0005   -0.0402    0.2330    0.0000    0.4464   -0.0000   -0.0000   -0.0000   -0.1265
    18 N2     *pz        0.0025   -0.0002   -0.0139    0.0796    0.0000    0.2276   -0.0000   -0.0000   -0.0000   -0.3472
    19 H3     1s        -0.0002   -0.0002    0.0517   -0.1599    0.0562    0.1374    0.0000   -0.2485    0.0000    0.0099
    20 H3     *s        -0.0001    0.0027    0.0058   -0.0345    0.0239    0.0684    0.0000   -0.0911    0.0000    0.5409
    21 H4     1s         0.0000    0.0000    0.1143    0.1186    0.2136    0.1146   -0.0000    0.1092    0.0000    0.0669
    22 H4     *s         0.0017    0.0003   -0.0058    0.0095    0.0294    0.0328   -0.0000    0.0393    0.0000    1.0329
    23 H5     1s         0.0000    0.0000    0.1143    0.1186   -0.2136    0.1146    0.0000   -0.1092   -0.0000    0.0669
    24 H5     *s         0.0017    0.0003   -0.0058    0.0095   -0.0294    0.0328    0.0000   -0.0393   -0.0000    1.0329
    25 H6     1s        -0.0002   -0.0002    0.0517   -0.1599   -0.0562    0.1374   -0.0000    0.2485   -0.0000    0.0099
    26 H6     *s        -0.0001    0.0027    0.0058   -0.0345   -0.0239    0.0684   -0.0000    0.0911   -0.0000    0.5409


      Orbital                11        12        13
      Energy             0.0262    0.0463    0.1336
      Occ. No.           0.0000    0.0000    0.0000

     1 C1     1s        -0.0000    0.1256   -0.0000
     2 C1     2s         0.0000   -0.1935    0.0000
     3 C1     *s         0.0000   -2.1567   -0.0000
     4 C1     2px        0.2436    0.0000    0.3022
     5 C1     *px        0.6387    0.0000    1.6723
     6 C1     2py       -0.0000   -0.0000   -0.0000
     7 C1     *py       -0.0000   -0.0000   -0.0000
     8 C1     2pz       -0.0000    0.1135    0.0000
     9 C1     *pz       -0.0000    0.3588    0.0000
    10 N2     1s        -0.0000   -0.0598    0.0000
    11 N2     2s         0.0000    0.0966   -0.0000
    12 N2     *s         0.0000    0.9001   -0.0000
    13 N2     2px        0.2607    0.0000   -0.2356
    14 N2     *px        0.7240    0.0000   -1.0904
    15 N2     2py        0.0000    0.0000   -0.0000
    16 N2     *py        0.0000    0.0000   -0.0000
    17 N2     2pz        0.0000    0.0041    0.0000
    18 N2     *pz        0.0000   -0.1110    0.0000
    19 H3     1s        -0.0569    0.0632   -0.0177
    20 H3     *s        -0.8884    1.3604   -1.6731
    21 H4     1s        -0.0939   -0.0296   -0.0153
    22 H4     *s        -1.1368   -0.4571    1.0785
    23 H5     1s         0.0939   -0.0296    0.0153
    24 H5     *s         1.1368   -0.4571   -1.0785
    25 H6     1s         0.0569    0.0632    0.0177
    26 H6     *s         0.8884    1.3604    1.6731
--

      Von Neumann Entropy (Root   1) =  0.18589


      Mulliken population analysis for root number:  1
      -----------------------------------------------


++    Molecular charges:
      ------------------

      Mulliken charges per centre and basis function type
      ---------------------------------------------------

                C1      N2      H3      H4      H5      H6    
      1s       1.9976  1.9977  0.5368  0.4861  0.4861  0.5368
      2s       0.7546  0.7892  0.0000  0.0000  0.0000  0.0000
      2px      0.8409  0.8608  0.0000  0.0000  0.0000  0.0000
      2pz      0.7470  0.8434  0.0000  0.0000  0.0000  0.0000
      2py      0.3818  0.7956  0.0000  0.0000  0.0000  0.0000
      *s       0.5379  0.8516  0.1607  0.0395  0.0395  0.1607
      *px      0.4075  0.5543  0.0000  0.0000  0.0000  0.0000
      *pz      0.0459  0.3246  0.0000  0.0000  0.0000  0.0000
      *py      0.2395  0.5839  0.0000  0.0000  0.0000  0.0000
      Total    5.9527  7.6011  0.6975  0.5256  0.5256  0.6975

      N-E      0.0473 -0.6011  0.3025  0.4744  0.4744  0.3025

      Total electronic charge=   16.000000

      Total            charge=    1.000000
--



      Expectation values of various properties for root number:  1
      -----------------------------------------------------------


++    Molecular properties:
      ---------------------

      Charge (e):
                      =    1.0000
      Dipole Moment (debye):
      Origin of the operator (angstrom)=    0.0000   -0.0000    0.7137
                   X=  4.6111E-11               Y=  2.2786E-09               Z=  6.1220E-01           Total=  6.1220E-01
      Center of Charge (angstrom)
                     X=    0.00000000               Y=    0.00000000               Z=    0.84119827
      Quadrupole Moment (debye*angstrom):
      Origin of the operator (angstrom)=    0.0000   -0.0000    0.7137
                  XX= -7.4430E+00              XY=  4.5478E-06              XZ=  1.0549E-12              YY= -1.2425E+01
                  YZ=  1.3023E-09              ZZ= -4.8480E+00
      In traceless form (debye*angstrom)
                  XX=  1.1937E+00              XY=  6.8217E-06              XZ=  1.5823E-12              YY= -6.2799E+00
                  YZ=  1.9535E-09              ZZ=  5.0862E+00
--

      Von Neumann Entropy (Root   2) =  1.00000


      Mulliken population analysis for root number:  2
      -----------------------------------------------


++    Molecular charges:
      ------------------

      Mulliken charges per centre and basis function type
      ---------------------------------------------------

                C1      N2      H3      H4      H5      H6    
      1s       1.9976  1.9977  0.3988  0.4620  0.4620  0.3988
      2s       0.7546  0.7892  0.0000  0.0000  0.0000  0.0000
      2px      0.4859  0.8201  0.0000  0.0000  0.0000  0.0000
      2pz      0.7471  0.8435  0.0000  0.0000  0.0000  0.0000
      2py      0.8149  0.9548  0.0000  0.0000  0.0000  0.0000
      *s       0.5380  0.8516  0.1253  0.0363  0.0363  0.1253
      *px      0.2145  0.5451  0.0000  0.0000  0.0000  0.0000
      *pz      0.0459  0.3246  0.0000  0.0000  0.0000  0.0000
      *py      0.5642  0.6661  0.0000  0.0000  0.0000  0.0000
      Total    6.1625  7.7926  0.5241  0.4983  0.4983  0.5241

      N-E     -0.1625 -0.7926  0.4759  0.5017  0.5017  0.4759

      Total electronic charge=   16.000000

      Total            charge=    1.000000
--



      Expectation values of various properties for root number:  2
      -----------------------------------------------------------


++    Molecular properties:
      ---------------------

      Charge (e):
                      =    1.0000
      Dipole Moment (debye):
      Origin of the operator (angstrom)=    0.0000   -0.0000    0.7137
                   X=  5.9364E-12               Y=  5.4053E-09               Z= -9.8941E-01           Total=  9.8941E-01
      Center of Charge (angstrom)
                     X=    0.00000000               Y=    0.00000000               Z=    0.50775201
      Quadrupole Moment (debye*angstrom):
      Origin of the operator (angstrom)=    0.0000   -0.0000    0.7137
                  XX= -4.8699E+00              XY=  3.2978E-06              XZ= -5.8658E-10              YY= -1.4390E+01
                  YZ= -7.8750E-10              ZZ= -3.4157E+00
      In traceless form (debye*angstrom)
                  XX=  4.0330E+00              XY=  4.9467E-06              XZ= -8.7988E-10              YY= -1.0247E+01
                  YZ= -1.1813E-09              ZZ=  6.2143E+00
--

      Von Neumann Entropy (Root   3) =  0.68481


      Mulliken population analysis for root number:  3
      -----------------------------------------------


++    Molecular charges:
      ------------------

      Mulliken charges per centre and basis function type
      ---------------------------------------------------

                C1      N2      H3      H4      H5      H6    
      1s       1.9976  1.9977  0.5365  0.4860  0.4860  0.5365
      2s       0.7546  0.7892  0.0000  0.0000  0.0000  0.0000
      2px      0.8403  0.8608  0.0000  0.0000  0.0000  0.0000
      2pz      0.7470  0.8433  0.0000  0.0000  0.0000  0.0000
      2py      0.2874  0.8916  0.0000  0.0000  0.0000  0.0000
      *s       0.5379  0.8516  0.1607  0.0395  0.0395  0.1607
      *px      0.4072  0.5543  0.0000  0.0000  0.0000  0.0000
      *pz      0.0458  0.3245  0.0000  0.0000  0.0000  0.0000
      *py      0.1619  0.6617  0.0000  0.0000  0.0000  0.0000
      Total    5.7797  7.7747  0.6972  0.5256  0.5256  0.6972

      N-E      0.2203 -0.7747  0.3028  0.4744  0.4744  0.3028

      Total electronic charge=   16.000000

      Total            charge=    1.000000
--



      Expectation values of various properties for root number:  3
      -----------------------------------------------------------


++    Molecular properties:
      ---------------------

      Charge (e):
                      =    1.0000
      Dipole Moment (debye):
      Origin of the operator (angstrom)=    0.0000   -0.0000    0.7137
                   X=  3.4306E-11               Y=  2.4109E-09               Z= -2.1076E-01           Total=  2.1076E-01
      Center of Charge (angstrom)
                     X=    0.00000000               Y=    0.00000000               Z=    0.66986277
      Quadrupole Moment (debye*angstrom):
      Origin of the operator (angstrom)=    0.0000   -0.0000    0.7137
                  XX= -7.4042E+00              XY=  2.1805E-06              XZ= -1.6726E-11              YY= -1.2326E+01
                  YZ=  1.6981E-09              ZZ= -6.4751E+00
      In traceless form (debye*angstrom)
                  XX=  1.9964E+00              XY=  3.2708E-06              XZ= -2.5090E-11              YY= -5.3865E+00
                  YZ=  2.5471E-09              ZZ=  3.3901E+00
--

      Von Neumann Entropy (Root   4) =  1.00000


      Mulliken population analysis for root number:  4
      -----------------------------------------------


++    Molecular charges:
      ------------------

      Mulliken charges per centre and basis function type
      ---------------------------------------------------

                C1      N2      H3      H4      H5      H6    
      1s       1.9976  1.9976  0.4932  0.4569  0.4569  0.4932
      2s       0.7546  0.7853  0.0000  0.0000  0.0000  0.0000
      2px      0.8411  0.8609  0.0000  0.0000  0.0000  0.0000
      2pz      0.4249  0.5280  0.0000  0.0000  0.0000  0.0000
      2py      0.6889  1.0793  0.0000  0.0000  0.0000  0.0000
      *s       0.5098  0.8535  0.1410  0.0330  0.0330  0.1410
      *px      0.4076  0.5543  0.0000  0.0000  0.0000  0.0000
      *pz      0.0163  0.2204  0.0000  0.0000  0.0000  0.0000
      *py      0.4584  0.7733  0.0000  0.0000  0.0000  0.0000
      Total    6.0991  7.6527  0.6342  0.4899  0.4899  0.6342

      N-E     -0.0991 -0.6527  0.3658  0.5101  0.5101  0.3658

      Total electronic charge=   16.000000

      Total            charge=    1.000000
--



      Expectation values of various properties for root number:  4
      -----------------------------------------------------------


++    Molecular properties:
      ---------------------

      Charge (e):
                      =    1.0000
      Dipole Moment (debye):
      Origin of the operator (angstrom)=    0.0000   -0.0000    0.7137
                   X= -1.2524E-09               Y=  5.1656E-09               Z=  4.4862E-01           Total=  4.4862E-01
      Center of Charge (angstrom)
                     X=   -0.00000000               Y=    0.00000000               Z=    0.80714205
      Quadrupole Moment (debye*angstrom):
      Origin of the operator (angstrom)=    0.0000   -0.0000    0.7137
                  XX= -6.9962E+00              XY=  4.1670E-06              XZ= -1.4893E-10              YY= -1.4352E+01
                  YZ= -1.0995E-10              ZZ= -3.7799E+00
      In traceless form (debye*angstrom)
                  XX=  2.0699E+00              XY=  6.2504E-06              XZ= -2.2340E-10              YY= -8.9642E+00
                  YZ= -1.6492E-10              ZZ=  6.8943E+00
--


      Input file to MOLDEN was generated!


      Input file to MOLDEN was generated!


      Input file to MOLDEN was generated!


      Input file to MOLDEN was generated!


      Input file to MOLDEN was generated!

      Average orbitals are written to the RASORB file
      Natural orbitals for root   1 are written to the RASORB.1 file
      Natural orbitals for root   2 are written to the RASORB.2 file
      Natural orbitals for root   3 are written to the RASORB.3 file
      Natural orbitals for root   4 are written to the RASORB.4 file
      Spin density orbitals for root   1 are written to the SPDORB.1 file
      Spin density orbitals for root   2 are written to the SPDORB.2 file
      Spin density orbitals for root   3 are written to the SPDORB.3 file
      Spin density orbitals for root   4 are written to the SPDORB.4 file

Note: The following floating-point exceptions are signalling: IEEE_INVALID_FLAG IEEE_UNDERFLOW_FLAG IEEE_DENORMAL
--- Stop Module: last_energy at Tue Jul 21 10:54:48 2026 /rc=_RC_ALL_IS_WELL_ ---
--- Module last_energy spent 2 seconds ---

>>> END DO

--- Start Module: mckinley at Tue Jul 21 10:54:48 2026 ---

()()()()()()()()()()()()()()()()()()()()()()()()()()()()()()()()()()()()()()()()()()()()()()()()()()

                                             &MCKINLEY

                       only a single process is used, running in SERIAL mode
                       available to each process: 2.0 GB of memory, 1 thread?
                                            pid: 461802
()()()()()()()()()()()()()()()()()()()()()()()()()()()()()()()()()()()()()()()()()()()()()()()()()()

[ process      0]: xquit (rc =     65): _INVOKED_OTHER_MODULE_
--- Stop Module: mckinley at Tue Jul 21 10:54:49 2026 /rc=_RC_INVOKED_OTHER_MODULE_ ---

--- Start Module: mclr at Tue Jul 21 10:54:49 2026 ---

()()()()()()()()()()()()()()()()()()()()()()()()()()()()()()()()()()()()()()()()()()()()()()()()()()

                                               &MCLR

                       only a single process is used, running in SERIAL mode
                       available to each process: 2.0 GB of memory, 1 thread?
                                            pid: 461805
()()()()()()()()()()()()()()()()()()()()()()()()()()()()()()()()()()()()()()()()()()()()()()()()()()

 No .RLXPT2  or MCKINT  , I hope that is OK
 Seward mode is assumed, reading perturbation from ONEINT
 OrdInt status: non-squared

++   Wave function specifications:
     -----------------------------

     Number of closed shell electrons             10
     Number of electrons in active shells          6
     Max number of holes in RAS1 space             0
     Max number of electrons in RAS3 space         0
     Number of inactive orbitals                   5
     Number of active orbitals                     4
     Number of secondary orbitals                 17
     Spin quantum number                         0.0
     State symmetry                                1
     Number of CI roots                            4
     States considered                             1     2     3     4
     Weights                                   0.250 0.250 0.250 0.250

     Symmetry species                              1
     Skipped sym. species                          0
     Frozen orbitals                               0
     Inactive orbitals                             5
     Active orbitals                               4
     RAS1 orbitals                                 0
     RAS2 orbitals                                 4
     RAS3 orbitals                                 0
     Deleted orbitals                              0
     Number of basis functions                    26
     Number of orbitals                           26
     Number of configurations                     10
     Number of combinations                       10
     Natural orbitals are used in the last CI
     RASSCF state energy =            -94.3704167816
     Size of explicit Hamiltonian in PCG:        100
--

     Convergence threshold=               1.0000E-04
     Max number of iterations in PCG:            200
     Using the Cho-MO Algorithm
     Lagrangian multipliers are calculated for state no.   1


  Reordering of the Cholesky vectors to full storage.
  Elapsed time for the reordering section:    9.9999999999999950E-003
  CPU time for the reordering section:    9.9999999999999950E-003

 TIMING INFORMATION:   CPU(s)   %CPU   Elapsed(s)
 Transformation          0.00    0.0         0.00
 Generation              0.01    1.0         0.00
 TOTAL                   0.02    2.0         0.01

        Iteration       Delta           Res(kappa)       Res(CI)          DeltaK           DeltaC
            1      1.189324631E-01  3.423221385E-02  6.284133475E-03  3.520643813E-04  1.362130454E-04
            2      6.488480296E-03  7.660272058E-03  1.962723292E-03  1.536676442E-05  1.127170231E-05
            3      1.779456869E-03  4.788906355E-03  8.150974738E-04  5.029873270E-06  2.275689887E-06
            4      4.009596685E-04  1.861834183E-03  4.394393337E-04  1.182718628E-06  4.634219635E-07
            5      1.124707856E-04  1.048932483E-03  2.629793215E-04  2.818388168E-07  1.799101821E-07
            6      1.132930735E-05  3.689765882E-04  7.265717499E-05  3.445790766E-08  1.205458267E-08
      Perturbation no:    1 converged in    6 steps.


++    Molecular properties:
      ---------------------

      Charge (e):
                      =    1.0000
      Dipole Moment (debye):
      Origin of the operator (angstrom)=    0.0000   -0.0000    0.7137
                   X= -1.9460E-10               Y=  2.6383E-09               Z=  5.3179E-01           Total=  5.3179E-01
      Center of Charge (angstrom)
                     X=   -0.00000000               Y=    0.00000000               Z=    0.82445838
      Quadrupole Moment (debye*angstrom):
      Origin of the operator (angstrom)=    0.0000   -0.0000    0.7137
                  XX= -7.4000E+00              XY=  5.1532E-06              XZ= -1.5036E-10              YY= -1.2417E+01
                  YZ=  1.0808E-09              ZZ= -4.8299E+00
      In traceless form (debye*angstrom)
                  XX=  1.2232E+00              XY=  7.7298E-06              XZ= -2.2555E-10              YY= -6.3015E+00
                  YZ=  1.6211E-09              ZZ=  5.0783E+00
--


      The response parameters are written to the file RESP.
 ###############################################################################
 ###############################################################################
 ###                                                                         ###
 ###                                                                         ###
 ###    WARNING: RunFile label nBas                                          ###
 ###    was used       61 times                                              ###
 ###                                                                         ###
 ###                                                                         ###
 ###############################################################################
 ###############################################################################
--- Stop Module: mclr at Tue Jul 21 10:54:50 2026 /rc=_RC_ALL_IS_WELL_ ---

--- Start Module: slapaf at Tue Jul 21 10:54:50 2026 ---

()()()()()()()()()()()()()()()()()()()()()()()()()()()()()()()()()()()()()()()()()()()()()()()()()()

                                              &SLAPAF

                       only a single process is used, running in SERIAL mode
                       available to each process: 2.0 GB of memory, 1 thread?
                                            pid: 461808
()()()()()()()()()()()()()()()()()()()()()()()()()()()()()()()()()()()()()()()()()()()()()()()()()()



++       Slapaf input parameters:
         ------------------------

 Maximum number of iterations:                 0
 Convergence test a la Schlegel.
 Convergence criterion on gradient/para.<=: 3.0E-04
 Convergence criterion on step/parameter<=: 3.0E-04
 Convergence criterion on energy change <=: 0.0E+00
 Parameters for step-restricted optimization
 Maximum step length (initial seed):       3.00E-01

 -RFO activated with parameters:
   Maximum number of data points used in RFO:      5
 Line search is performed


 -Optimization for transition state.
  Optimization method: RS-P-RFO
  No mode to follow is specified!
  Optimization will follow mode with the lowest eigenvalue.

 -Initial Hessian guess is estimated with finite differences.
    Two point symmetric formula, Delta= 1.00E-02

 -Hessian update method: Broyden-Fletcher-Goldfarb-Shanno
  Maximum number of points in Hessian update:  5

 -Relaxation will be done on non-redundant internal coordinates, based on
  force constant weighted redundant internal coordinates.

--

 ******************************************
 * Statistics of the internal coordinates *
 ******************************************
 Translations and Rotations:         0
 Bonds                     :         5
 Angles                    :         6
 Torsions                  :         4
 Out-of-plane angles       :         4

  Accumulate the gradient for selected numerical differentiation.
     1 of    25
[ process      0]: xquit (rc =     64): _CONTINUE_LOOP_
Note: The following floating-point exceptions are signalling: IEEE_INVALID_FLAG
--- Stop Module: slapaf at Tue Jul 21 10:54:51 2026 /rc=_RC_CONTINUE_LOOP_ ---

--- Start Module: seward at Tue Jul 21 10:54:51 2026 ---
Note: The following floating-point exceptions are signalling: IEEE_UNDERFLOW_FLAG
--- Stop Module: seward at Tue Jul 21 10:54:52 2026 /rc=_RC_ALL_IS_WELL_ ---

--- Start Module: rasscf at Tue Jul 21 10:54:52 2026 ---
Note: The following floating-point exceptions are signalling: IEEE_INVALID_FLAG IEEE_UNDERFLOW_FLAG IEEE_DENORMAL
--- Stop Module: rasscf at Tue Jul 21 10:54:54 2026 /rc=_RC_ALL_IS_WELL_ ---
--- Module rasscf spent 1 second ---

--- Start Module: slapaf at Tue Jul 21 10:54:54 2026 ---
[ process      0]: xquit (rc =     65): _INVOKED_OTHER_MODULE_
Note: The following floating-point exceptions are signalling: IEEE_INVALID_FLAG
--- Stop Module: slapaf at Tue Jul 21 10:54:55 2026 /rc=_RC_INVOKED_OTHER_MODULE_ ---

--- Start Module: alaska at Tue Jul 21 10:54:55 2026 ---
[ process      0]: xquit (rc =     65): _INVOKED_OTHER_MODULE_
--- Stop Module: alaska at Tue Jul 21 10:54:55 2026 /rc=_RC_INVOKED_OTHER_MODULE_ ---

--- Start Module: mclr at Tue Jul 21 10:54:55 2026 ---

--- Stop Module: mclr at Tue Jul 21 10:54:56 2026 /rc=_RC_ALL_IS_WELL_ ---
--- Module mclr spent 1 second ---

--- Start Module: alaska at Tue Jul 21 10:54:56 2026 ---
Note: The following floating-point exceptions are signalling: IEEE_UNDERFLOW_FLAG
--- Stop Module: alaska at Tue Jul 21 10:54:57 2026 /rc=_RC_ALL_IS_WELL_ ---

>>> EXPORT MOLCAS_TRAP = ON

--- Start Module: slapaf at Tue Jul 21 10:54:57 2026 ---
  Accumulate the gradient for selected numerical differentiation.
     2 of    25
[ process      0]: xquit (rc =     64): _CONTINUE_LOOP_
Note: The following floating-point exceptions are signalling: IEEE_INVALID_FLAG
--- Stop Module: slapaf at Tue Jul 21 10:54:58 2026 /rc=_RC_CONTINUE_LOOP_ ---

>>> END DO

>>> IF (ITER != 1)

--- Start Module: seward at Tue Jul 21 10:54:58 2026 ---
Note: The following floating-point exceptions are signalling: IEEE_UNDERFLOW_FLAG
--- Stop Module: seward at Tue Jul 21 10:54:59 2026 /rc=_RC_ALL_IS_WELL_ ---

--- Start Module: rasscf at Tue Jul 21 10:54:59 2026 ---
Note: The following floating-point exceptions are signalling: IEEE_INVALID_FLAG IEEE_UNDERFLOW_FLAG IEEE_DENORMAL
--- Stop Module: rasscf at Tue Jul 21 10:55:01 2026 /rc=_RC_ALL_IS_WELL_ ---
--- Module rasscf spent 1 second ---

--- Start Module: slapaf at Tue Jul 21 10:55:01 2026 ---
[ process      0]: xquit (rc =     65): _INVOKED_OTHER_MODULE_
Note: The following floating-point exceptions are signalling: IEEE_INVALID_FLAG
--- Stop Module: slapaf at Tue Jul 21 10:55:02 2026 /rc=_RC_INVOKED_OTHER_MODULE_ ---

--- Start Module: alaska at Tue Jul 21 10:55:02 2026 ---
[ process      0]: xquit (rc =     65): _INVOKED_OTHER_MODULE_
--- Stop Module: alaska at Tue Jul 21 10:55:02 2026 /rc=_RC_INVOKED_OTHER_MODULE_ ---

--- Start Module: mclr at Tue Jul 21 10:55:02 2026 ---

--- Stop Module: mclr at Tue Jul 21 10:55:03 2026 /rc=_RC_ALL_IS_WELL_ ---
--- Module mclr spent 1 second ---

--- Start Module: alaska at Tue Jul 21 10:55:03 2026 ---
Note: The following floating-point exceptions are signalling: IEEE_UNDERFLOW_FLAG
--- Stop Module: alaska at Tue Jul 21 10:55:04 2026 /rc=_RC_ALL_IS_WELL_ ---

>>> EXPORT MOLCAS_TRAP = ON

--- Start Module: slapaf at Tue Jul 21 10:55:04 2026 ---
  Accumulate the gradient for selected numerical differentiation.
     3 of    25
[ process      0]: xquit (rc =     64): _CONTINUE_LOOP_
Note: The following floating-point exceptions are signalling: IEEE_INVALID_FLAG
--- Stop Module: slapaf at Tue Jul 21 10:55:05 2026 /rc=_RC_CONTINUE_LOOP_ ---

>>> END DO

>>> IF (ITER != 1)

--- Start Module: seward at Tue Jul 21 10:55:05 2026 ---
Note: The following floating-point exceptions are signalling: IEEE_UNDERFLOW_FLAG
--- Stop Module: seward at Tue Jul 21 10:55:06 2026 /rc=_RC_ALL_IS_WELL_ ---
--- Module seward spent 1 second ---

--- Start Module: rasscf at Tue Jul 21 10:55:06 2026 ---
Note: The following floating-point exceptions are signalling: IEEE_INVALID_FLAG IEEE_UNDERFLOW_FLAG IEEE_DENORMAL
--- Stop Module: rasscf at Tue Jul 21 10:55:08 2026 /rc=_RC_ALL_IS_WELL_ ---
--- Module rasscf spent 1 second ---

--- Start Module: slapaf at Tue Jul 21 10:55:08 2026 ---
[ process      0]: xquit (rc =     65): _INVOKED_OTHER_MODULE_
Note: The following floating-point exceptions are signalling: IEEE_INVALID_FLAG
--- Stop Module: slapaf at Tue Jul 21 10:55:09 2026 /rc=_RC_INVOKED_OTHER_MODULE_ ---

--- Start Module: alaska at Tue Jul 21 10:55:09 2026 ---
[ process      0]: xquit (rc =     65): _INVOKED_OTHER_MODULE_
--- Stop Module: alaska at Tue Jul 21 10:55:09 2026 /rc=_RC_INVOKED_OTHER_MODULE_ ---

--- Start Module: mclr at Tue Jul 21 10:55:09 2026 ---

--- Stop Module: mclr at Tue Jul 21 10:55:10 2026 /rc=_RC_ALL_IS_WELL_ ---
--- Module mclr spent 1 second ---

--- Start Module: alaska at Tue Jul 21 10:55:10 2026 ---
Note: The following floating-point exceptions are signalling: IEEE_UNDERFLOW_FLAG
--- Stop Module: alaska at Tue Jul 21 10:55:11 2026 /rc=_RC_ALL_IS_WELL_ ---
--- Module alaska spent 1 second ---

>>> EXPORT MOLCAS_TRAP = ON

--- Start Module: slapaf at Tue Jul 21 10:55:11 2026 ---
  Accumulate the gradient for selected numerical differentiation.
     4 of    25
[ process      0]: xquit (rc =     64): _CONTINUE_LOOP_
Note: The following floating-point exceptions are signalling: IEEE_INVALID_FLAG
--- Stop Module: slapaf at Tue Jul 21 10:55:12 2026 /rc=_RC_CONTINUE_LOOP_ ---

>>> END DO

>>> IF (ITER != 1)

--- Start Module: seward at Tue Jul 21 10:55:12 2026 ---
Note: The following floating-point exceptions are signalling: IEEE_UNDERFLOW_FLAG
--- Stop Module: seward at Tue Jul 21 10:55:14 2026 /rc=_RC_ALL_IS_WELL_ ---
--- Module seward spent 1 second ---

--- Start Module: rasscf at Tue Jul 21 10:55:14 2026 ---
Note: The following floating-point exceptions are signalling: IEEE_INVALID_FLAG IEEE_UNDERFLOW_FLAG IEEE_DENORMAL
--- Stop Module: rasscf at Tue Jul 21 10:55:15 2026 /rc=_RC_ALL_IS_WELL_ ---
--- Module rasscf spent 1 second ---

--- Start Module: slapaf at Tue Jul 21 10:55:15 2026 ---
[ process      0]: xquit (rc =     65): _INVOKED_OTHER_MODULE_
Note: The following floating-point exceptions are signalling: IEEE_INVALID_FLAG
--- Stop Module: slapaf at Tue Jul 21 10:55:16 2026 /rc=_RC_INVOKED_OTHER_MODULE_ ---

--- Start Module: alaska at Tue Jul 21 10:55:16 2026 ---
[ process      0]: xquit (rc =     65): _INVOKED_OTHER_MODULE_
--- Stop Module: alaska at Tue Jul 21 10:55:17 2026 /rc=_RC_INVOKED_OTHER_MODULE_ ---

--- Start Module: mclr at Tue Jul 21 10:55:17 2026 ---

--- Stop Module: mclr at Tue Jul 21 10:55:18 2026 /rc=_RC_ALL_IS_WELL_ ---
--- Module mclr spent 1 second ---

--- Start Module: alaska at Tue Jul 21 10:55:18 2026 ---
Note: The following floating-point exceptions are signalling: IEEE_UNDERFLOW_FLAG
--- Stop Module: alaska at Tue Jul 21 10:55:19 2026 /rc=_RC_ALL_IS_WELL_ ---

>>> EXPORT MOLCAS_TRAP = ON

--- Start Module: slapaf at Tue Jul 21 10:55:19 2026 ---
  Accumulate the gradient for selected numerical differentiation.
     5 of    25
[ process      0]: xquit (rc =     64): _CONTINUE_LOOP_
Note: The following floating-point exceptions are signalling: IEEE_INVALID_FLAG
--- Stop Module: slapaf at Tue Jul 21 10:55:20 2026 /rc=_RC_CONTINUE_LOOP_ ---

>>> END DO

>>> IF (ITER != 1)

--- Start Module: seward at Tue Jul 21 10:55:20 2026 ---
Note: The following floating-point exceptions are signalling: IEEE_UNDERFLOW_FLAG
--- Stop Module: seward at Tue Jul 21 10:55:22 2026 /rc=_RC_ALL_IS_WELL_ ---
--- Module seward spent 2 seconds ---

--- Start Module: rasscf at Tue Jul 21 10:55:22 2026 ---
Note: The following floating-point exceptions are signalling: IEEE_INVALID_FLAG IEEE_UNDERFLOW_FLAG IEEE_DENORMAL
--- Stop Module: rasscf at Tue Jul 21 10:55:24 2026 /rc=_RC_ALL_IS_WELL_ ---
--- Module rasscf spent 2 seconds ---

--- Start Module: slapaf at Tue Jul 21 10:55:24 2026 ---
[ process      0]: xquit (rc =     65): _INVOKED_OTHER_MODULE_
Note: The following floating-point exceptions are signalling: IEEE_INVALID_FLAG
--- Stop Module: slapaf at Tue Jul 21 10:55:24 2026 /rc=_RC_INVOKED_OTHER_MODULE_ ---

--- Start Module: alaska at Tue Jul 21 10:55:24 2026 ---
[ process      0]: xquit (rc =     65): _INVOKED_OTHER_MODULE_
--- Stop Module: alaska at Tue Jul 21 10:55:24 2026 /rc=_RC_INVOKED_OTHER_MODULE_ ---

--- Start Module: mclr at Tue Jul 21 10:55:24 2026 ---

--- Stop Module: mclr at Tue Jul 21 10:55:25 2026 /rc=_RC_ALL_IS_WELL_ ---

--- Start Module: alaska at Tue Jul 21 10:55:25 2026 ---
Note: The following floating-point exceptions are signalling: IEEE_UNDERFLOW_FLAG
--- Stop Module: alaska at Tue Jul 21 10:55:25 2026 /rc=_RC_ALL_IS_WELL_ ---

>>> EXPORT MOLCAS_TRAP = ON

--- Start Module: slapaf at Tue Jul 21 10:55:25 2026 ---
  Accumulate the gradient for selected numerical differentiation.
     6 of    25
[ process      0]: xquit (rc =     64): _CONTINUE_LOOP_
Note: The following floating-point exceptions are signalling: IEEE_INVALID_FLAG
--- Stop Module: slapaf at Tue Jul 21 10:55:25 2026 /rc=_RC_CONTINUE_LOOP_ ---

>>> END DO

>>> IF (ITER != 1)

--- Start Module: seward at Tue Jul 21 10:55:25 2026 ---
Note: The following floating-point exceptions are signalling: IEEE_UNDERFLOW_FLAG
--- Stop Module: seward at Tue Jul 21 10:55:25 2026 /rc=_RC_ALL_IS_WELL_ ---

--- Start Module: rasscf at Tue Jul 21 10:55:25 2026 ---
Note: The following floating-point exceptions are signalling: IEEE_INVALID_FLAG IEEE_UNDERFLOW_FLAG IEEE_DENORMAL
--- Stop Module: rasscf at Tue Jul 21 10:55:26 2026 /rc=_RC_ALL_IS_WELL_ ---

--- Start Module: slapaf at Tue Jul 21 10:55:26 2026 ---
[ process      0]: xquit (rc =     65): _INVOKED_OTHER_MODULE_
Note: The following floating-point exceptions are signalling: IEEE_INVALID_FLAG
--- Stop Module: slapaf at Tue Jul 21 10:55:26 2026 /rc=_RC_INVOKED_OTHER_MODULE_ ---

--- Start Module: alaska at Tue Jul 21 10:55:26 2026 ---
[ process      0]: xquit (rc =     65): _INVOKED_OTHER_MODULE_
--- Stop Module: alaska at Tue Jul 21 10:55:26 2026 /rc=_RC_INVOKED_OTHER_MODULE_ ---

--- Start Module: mclr at Tue Jul 21 10:55:26 2026 ---

--- Stop Module: mclr at Tue Jul 21 10:55:34 2026 /rc=_RC_ALL_IS_WELL_ ---
--- Module mclr spent 7 seconds ---

--- Start Module: alaska at Tue Jul 21 10:55:34 2026 ---
Note: The following floating-point exceptions are signalling: IEEE_UNDERFLOW_FLAG
--- Stop Module: alaska at Tue Jul 21 10:55:36 2026 /rc=_RC_ALL_IS_WELL_ ---
--- Module alaska spent 2 seconds ---

>>> EXPORT MOLCAS_TRAP = ON

--- Start Module: slapaf at Tue Jul 21 10:55:36 2026 ---
  Accumulate the gradient for selected numerical differentiation.
     7 of    25
[ process      0]: xquit (rc =     64): _CONTINUE_LOOP_
Note: The following floating-point exceptions are signalling: IEEE_INVALID_FLAG
--- Stop Module: slapaf at Tue Jul 21 10:55:37 2026 /rc=_RC_CONTINUE_LOOP_ ---

>>> END DO

>>> IF (ITER != 1)

--- Start Module: seward at Tue Jul 21 10:55:37 2026 ---
Note: The following floating-point exceptions are signalling: IEEE_UNDERFLOW_FLAG
--- Stop Module: seward at Tue Jul 21 10:55:39 2026 /rc=_RC_ALL_IS_WELL_ ---
--- Module seward spent 2 seconds ---

--- Start Module: rasscf at Tue Jul 21 10:55:39 2026 ---
Note: The following floating-point exceptions are signalling: IEEE_INVALID_FLAG IEEE_UNDERFLOW_FLAG IEEE_DENORMAL
--- Stop Module: rasscf at Tue Jul 21 10:55:42 2026 /rc=_RC_ALL_IS_WELL_ ---
--- Module rasscf spent 2 seconds ---

--- Start Module: slapaf at Tue Jul 21 10:55:42 2026 ---
[ process      0]: xquit (rc =     65): _INVOKED_OTHER_MODULE_
Note: The following floating-point exceptions are signalling: IEEE_INVALID_FLAG
--- Stop Module: slapaf at Tue Jul 21 10:55:42 2026 /rc=_RC_INVOKED_OTHER_MODULE_ ---

--- Start Module: alaska at Tue Jul 21 10:55:42 2026 ---
[ process      0]: xquit (rc =     65): _INVOKED_OTHER_MODULE_
--- Stop Module: alaska at Tue Jul 21 10:55:42 2026 /rc=_RC_INVOKED_OTHER_MODULE_ ---

--- Start Module: mclr at Tue Jul 21 10:55:42 2026 ---

--- Stop Module: mclr at Tue Jul 21 10:55:45 2026 /rc=_RC_ALL_IS_WELL_ ---
--- Module mclr spent 3 seconds ---

--- Start Module: alaska at Tue Jul 21 10:55:45 2026 ---
Note: The following floating-point exceptions are signalling: IEEE_UNDERFLOW_FLAG
--- Stop Module: alaska at Tue Jul 21 10:55:46 2026 /rc=_RC_ALL_IS_WELL_ ---

>>> EXPORT MOLCAS_TRAP = ON

--- Start Module: slapaf at Tue Jul 21 10:55:46 2026 ---
  Accumulate the gradient for selected numerical differentiation.
     8 of    25
[ process      0]: xquit (rc =     64): _CONTINUE_LOOP_
Note: The following floating-point exceptions are signalling: IEEE_INVALID_FLAG
--- Stop Module: slapaf at Tue Jul 21 10:55:46 2026 /rc=_RC_CONTINUE_LOOP_ ---

>>> END DO

>>> IF (ITER != 1)

--- Start Module: seward at Tue Jul 21 10:55:46 2026 ---
Note: The following floating-point exceptions are signalling: IEEE_UNDERFLOW_FLAG
--- Stop Module: seward at Tue Jul 21 10:55:46 2026 /rc=_RC_ALL_IS_WELL_ ---

--- Start Module: rasscf at Tue Jul 21 10:55:46 2026 ---
Note: The following floating-point exceptions are signalling: IEEE_INVALID_FLAG IEEE_UNDERFLOW_FLAG IEEE_DENORMAL
--- Stop Module: rasscf at Tue Jul 21 10:55:49 2026 /rc=_RC_ALL_IS_WELL_ ---
--- Module rasscf spent 2 seconds ---

--- Start Module: slapaf at Tue Jul 21 10:55:49 2026 ---
[ process      0]: xquit (rc =     65): _INVOKED_OTHER_MODULE_
Note: The following floating-point exceptions are signalling: IEEE_INVALID_FLAG
--- Stop Module: slapaf at Tue Jul 21 10:55:49 2026 /rc=_RC_INVOKED_OTHER_MODULE_ ---

--- Start Module: alaska at Tue Jul 21 10:55:49 2026 ---
[ process      0]: xquit (rc =     65): _INVOKED_OTHER_MODULE_
--- Stop Module: alaska at Tue Jul 21 10:55:49 2026 /rc=_RC_INVOKED_OTHER_MODULE_ ---

--- Start Module: mclr at Tue Jul 21 10:55:49 2026 ---

--- Stop Module: mclr at Tue Jul 21 10:55:49 2026 /rc=_RC_ALL_IS_WELL_ ---

--- Start Module: alaska at Tue Jul 21 10:55:49 2026 ---
Note: The following floating-point exceptions are signalling: IEEE_UNDERFLOW_FLAG
--- Stop Module: alaska at Tue Jul 21 10:55:49 2026 /rc=_RC_ALL_IS_WELL_ ---

>>> EXPORT MOLCAS_TRAP = ON

--- Start Module: slapaf at Tue Jul 21 10:55:49 2026 ---
  Accumulate the gradient for selected numerical differentiation.
     9 of    25
[ process      0]: xquit (rc =     64): _CONTINUE_LOOP_
Note: The following floating-point exceptions are signalling: IEEE_INVALID_FLAG
--- Stop Module: slapaf at Tue Jul 21 10:55:50 2026 /rc=_RC_CONTINUE_LOOP_ ---

>>> END DO

>>> IF (ITER != 1)

--- Start Module: seward at Tue Jul 21 10:55:50 2026 ---
Note: The following floating-point exceptions are signalling: IEEE_UNDERFLOW_FLAG
--- Stop Module: seward at Tue Jul 21 10:55:50 2026 /rc=_RC_ALL_IS_WELL_ ---

--- Start Module: rasscf at Tue Jul 21 10:55:50 2026 ---
Note: The following floating-point exceptions are signalling: IEEE_INVALID_FLAG IEEE_UNDERFLOW_FLAG IEEE_DENORMAL
--- Stop Module: rasscf at Tue Jul 21 10:55:51 2026 /rc=_RC_ALL_IS_WELL_ ---

--- Start Module: slapaf at Tue Jul 21 10:55:51 2026 ---
[ process      0]: xquit (rc =     65): _INVOKED_OTHER_MODULE_
Note: The following floating-point exceptions are signalling: IEEE_INVALID_FLAG
--- Stop Module: slapaf at Tue Jul 21 10:55:51 2026 /rc=_RC_INVOKED_OTHER_MODULE_ ---

--- Start Module: alaska at Tue Jul 21 10:55:51 2026 ---
[ process      0]: xquit (rc =     65): _INVOKED_OTHER_MODULE_
--- Stop Module: alaska at Tue Jul 21 10:55:51 2026 /rc=_RC_INVOKED_OTHER_MODULE_ ---

--- Start Module: mclr at Tue Jul 21 10:55:51 2026 ---

--- Stop Module: mclr at Tue Jul 21 10:55:51 2026 /rc=_RC_ALL_IS_WELL_ ---

--- Start Module: alaska at Tue Jul 21 10:55:51 2026 ---
Note: The following floating-point exceptions are signalling: IEEE_UNDERFLOW_FLAG
--- Stop Module: alaska at Tue Jul 21 10:56:00 2026 /rc=_RC_ALL_IS_WELL_ ---
--- Module alaska spent 8 seconds ---

>>> EXPORT MOLCAS_TRAP = ON

--- Start Module: slapaf at Tue Jul 21 10:56:00 2026 ---
  Accumulate the gradient for selected numerical differentiation.
    10 of    25
[ process      0]: xquit (rc =     64): _CONTINUE_LOOP_
Note: The following floating-point exceptions are signalling: IEEE_INVALID_FLAG
--- Stop Module: slapaf at Tue Jul 21 10:56:00 2026 /rc=_RC_CONTINUE_LOOP_ ---

>>> END DO

>>> IF (ITER != 1)

--- Start Module: seward at Tue Jul 21 10:56:00 2026 ---
Note: The following floating-point exceptions are signalling: IEEE_UNDERFLOW_FLAG
--- Stop Module: seward at Tue Jul 21 10:56:00 2026 /rc=_RC_ALL_IS_WELL_ ---

--- Start Module: rasscf at Tue Jul 21 10:56:00 2026 ---
Note: The following floating-point exceptions are signalling: IEEE_INVALID_FLAG IEEE_UNDERFLOW_FLAG IEEE_DENORMAL
--- Stop Module: rasscf at Tue Jul 21 10:56:01 2026 /rc=_RC_ALL_IS_WELL_ ---

--- Start Module: slapaf at Tue Jul 21 10:56:01 2026 ---
[ process      0]: xquit (rc =     65): _INVOKED_OTHER_MODULE_
Note: The following floating-point exceptions are signalling: IEEE_INVALID_FLAG
--- Stop Module: slapaf at Tue Jul 21 10:56:01 2026 /rc=_RC_INVOKED_OTHER_MODULE_ ---

--- Start Module: alaska at Tue Jul 21 10:56:01 2026 ---
[ process      0]: xquit (rc =     65): _INVOKED_OTHER_MODULE_
--- Stop Module: alaska at Tue Jul 21 10:56:01 2026 /rc=_RC_INVOKED_OTHER_MODULE_ ---

--- Start Module: mclr at Tue Jul 21 10:56:01 2026 ---

--- Stop Module: mclr at Tue Jul 21 10:56:06 2026 /rc=_RC_ALL_IS_WELL_ ---
--- Module mclr spent 5 seconds ---

--- Start Module: alaska at Tue Jul 21 10:56:06 2026 ---
Note: The following floating-point exceptions are signalling: IEEE_UNDERFLOW_FLAG
--- Stop Module: alaska at Tue Jul 21 10:56:06 2026 /rc=_RC_ALL_IS_WELL_ ---

>>> EXPORT MOLCAS_TRAP = ON

--- Start Module: slapaf at Tue Jul 21 10:56:06 2026 ---
  Accumulate the gradient for selected numerical differentiation.
    11 of    25
[ process      0]: xquit (rc =     64): _CONTINUE_LOOP_
Note: The following floating-point exceptions are signalling: IEEE_INVALID_FLAG
--- Stop Module: slapaf at Tue Jul 21 10:56:06 2026 /rc=_RC_CONTINUE_LOOP_ ---

>>> END DO

>>> IF (ITER != 1)

--- Start Module: seward at Tue Jul 21 10:56:06 2026 ---
Note: The following floating-point exceptions are signalling: IEEE_UNDERFLOW_FLAG
--- Stop Module: seward at Tue Jul 21 10:56:06 2026 /rc=_RC_ALL_IS_WELL_ ---

--- Start Module: rasscf at Tue Jul 21 10:56:06 2026 ---
Note: The following floating-point exceptions are signalling: IEEE_INVALID_FLAG IEEE_UNDERFLOW_FLAG IEEE_DENORMAL
--- Stop Module: rasscf at Tue Jul 21 10:56:08 2026 /rc=_RC_ALL_IS_WELL_ ---
--- Module rasscf spent 1 second ---

--- Start Module: slapaf at Tue Jul 21 10:56:08 2026 ---
[ process      0]: xquit (rc =     65): _INVOKED_OTHER_MODULE_
Note: The following floating-point exceptions are signalling: IEEE_INVALID_FLAG
--- Stop Module: slapaf at Tue Jul 21 10:56:08 2026 /rc=_RC_INVOKED_OTHER_MODULE_ ---

--- Start Module: alaska at Tue Jul 21 10:56:08 2026 ---
[ process      0]: xquit (rc =     65): _INVOKED_OTHER_MODULE_
--- Stop Module: alaska at Tue Jul 21 10:56:08 2026 /rc=_RC_INVOKED_OTHER_MODULE_ ---

--- Start Module: mclr at Tue Jul 21 10:56:08 2026 ---

--- Stop Module: mclr at Tue Jul 21 10:56:14 2026 /rc=_RC_ALL_IS_WELL_ ---
--- Module mclr spent 6 seconds ---

--- Start Module: alaska at Tue Jul 21 10:56:14 2026 ---
Note: The following floating-point exceptions are signalling: IEEE_UNDERFLOW_FLAG
--- Stop Module: alaska at Tue Jul 21 10:56:14 2026 /rc=_RC_ALL_IS_WELL_ ---

>>> EXPORT MOLCAS_TRAP = ON

--- Start Module: slapaf at Tue Jul 21 10:56:14 2026 ---
  Accumulate the gradient for selected numerical differentiation.
    12 of    25
[ process      0]: xquit (rc =     64): _CONTINUE_LOOP_
Note: The following floating-point exceptions are signalling: IEEE_INVALID_FLAG
--- Stop Module: slapaf at Tue Jul 21 10:56:14 2026 /rc=_RC_CONTINUE_LOOP_ ---

>>> END DO

>>> IF (ITER != 1)

--- Start Module: seward at Tue Jul 21 10:56:14 2026 ---
Note: The following floating-point exceptions are signalling: IEEE_UNDERFLOW_FLAG
--- Stop Module: seward at Tue Jul 21 10:56:15 2026 /rc=_RC_ALL_IS_WELL_ ---

--- Start Module: rasscf at Tue Jul 21 10:56:15 2026 ---
Note: The following floating-point exceptions are signalling: IEEE_INVALID_FLAG IEEE_UNDERFLOW_FLAG IEEE_DENORMAL
--- Stop Module: rasscf at Tue Jul 21 10:56:16 2026 /rc=_RC_ALL_IS_WELL_ ---

--- Start Module: slapaf at Tue Jul 21 10:56:16 2026 ---
[ process      0]: xquit (rc =     65): _INVOKED_OTHER_MODULE_
Note: The following floating-point exceptions are signalling: IEEE_INVALID_FLAG
--- Stop Module: slapaf at Tue Jul 21 10:56:16 2026 /rc=_RC_INVOKED_OTHER_MODULE_ ---

--- Start Module: alaska at Tue Jul 21 10:56:16 2026 ---
[ process      0]: xquit (rc =     65): _INVOKED_OTHER_MODULE_
--- Stop Module: alaska at Tue Jul 21 10:56:16 2026 /rc=_RC_INVOKED_OTHER_MODULE_ ---

--- Start Module: mclr at Tue Jul 21 10:56:16 2026 ---

--- Stop Module: mclr at Tue Jul 21 10:56:21 2026 /rc=_RC_ALL_IS_WELL_ ---
--- Module mclr spent 5 seconds ---

--- Start Module: alaska at Tue Jul 21 10:56:21 2026 ---
Note: The following floating-point exceptions are signalling: IEEE_UNDERFLOW_FLAG
--- Stop Module: alaska at Tue Jul 21 10:56:21 2026 /rc=_RC_ALL_IS_WELL_ ---

>>> EXPORT MOLCAS_TRAP = ON

--- Start Module: slapaf at Tue Jul 21 10:56:21 2026 ---
  Accumulate the gradient for selected numerical differentiation.
    13 of    25
[ process      0]: xquit (rc =     64): _CONTINUE_LOOP_
Note: The following floating-point exceptions are signalling: IEEE_INVALID_FLAG
--- Stop Module: slapaf at Tue Jul 21 10:56:21 2026 /rc=_RC_CONTINUE_LOOP_ ---

>>> END DO

>>> IF (ITER != 1)

--- Start Module: seward at Tue Jul 21 10:56:21 2026 ---
Note: The following floating-point exceptions are signalling: IEEE_UNDERFLOW_FLAG
--- Stop Module: seward at Tue Jul 21 10:56:21 2026 /rc=_RC_ALL_IS_WELL_ ---

--- Start Module: rasscf at Tue Jul 21 10:56:21 2026 ---
Note: The following floating-point exceptions are signalling: IEEE_INVALID_FLAG IEEE_UNDERFLOW_FLAG IEEE_DENORMAL
--- Stop Module: rasscf at Tue Jul 21 10:56:22 2026 /rc=_RC_ALL_IS_WELL_ ---

--- Start Module: slapaf at Tue Jul 21 10:56:22 2026 ---
[ process      0]: xquit (rc =     65): _INVOKED_OTHER_MODULE_
Note: The following floating-point exceptions are signalling: IEEE_INVALID_FLAG
--- Stop Module: slapaf at Tue Jul 21 10:56:22 2026 /rc=_RC_INVOKED_OTHER_MODULE_ ---

--- Start Module: alaska at Tue Jul 21 10:56:22 2026 ---
[ process      0]: xquit (rc =     65): _INVOKED_OTHER_MODULE_
--- Stop Module: alaska at Tue Jul 21 10:56:22 2026 /rc=_RC_INVOKED_OTHER_MODULE_ ---

--- Start Module: mclr at Tue Jul 21 10:56:22 2026 ---

--- Stop Module: mclr at Tue Jul 21 10:56:23 2026 /rc=_RC_ALL_IS_WELL_ ---

--- Start Module: alaska at Tue Jul 21 10:56:23 2026 ---
Note: The following floating-point exceptions are signalling: IEEE_UNDERFLOW_FLAG
--- Stop Module: alaska at Tue Jul 21 10:56:24 2026 /rc=_RC_ALL_IS_WELL_ ---

>>> EXPORT MOLCAS_TRAP = ON

--- Start Module: slapaf at Tue Jul 21 10:56:24 2026 ---
  Accumulate the gradient for selected numerical differentiation.
    14 of    25
[ process      0]: xquit (rc =     64): _CONTINUE_LOOP_
Note: The following floating-point exceptions are signalling: IEEE_INVALID_FLAG
--- Stop Module: slapaf at Tue Jul 21 10:56:24 2026 /rc=_RC_CONTINUE_LOOP_ ---

>>> END DO

>>> IF (ITER != 1)

--- Start Module: seward at Tue Jul 21 10:56:24 2026 ---
Note: The following floating-point exceptions are signalling: IEEE_UNDERFLOW_FLAG
--- Stop Module: seward at Tue Jul 21 10:56:30 2026 /rc=_RC_ALL_IS_WELL_ ---
--- Module seward spent 6 seconds ---

--- Start Module: rasscf at Tue Jul 21 10:56:30 2026 ---
Note: The following floating-point exceptions are signalling: IEEE_INVALID_FLAG IEEE_UNDERFLOW_FLAG IEEE_DENORMAL
--- Stop Module: rasscf at Tue Jul 21 10:56:31 2026 /rc=_RC_ALL_IS_WELL_ ---

--- Start Module: slapaf at Tue Jul 21 10:56:31 2026 ---
[ process      0]: xquit (rc =     65): _INVOKED_OTHER_MODULE_
Note: The following floating-point exceptions are signalling: IEEE_INVALID_FLAG
--- Stop Module: slapaf at Tue Jul 21 10:56:31 2026 /rc=_RC_INVOKED_OTHER_MODULE_ ---

--- Start Module: alaska at Tue Jul 21 10:56:31 2026 ---
[ process      0]: xquit (rc =     65): _INVOKED_OTHER_MODULE_
--- Stop Module: alaska at Tue Jul 21 10:56:31 2026 /rc=_RC_INVOKED_OTHER_MODULE_ ---

--- Start Module: mclr at Tue Jul 21 10:56:31 2026 ---

--- Stop Module: mclr at Tue Jul 21 10:56:31 2026 /rc=_RC_ALL_IS_WELL_ ---

--- Start Module: alaska at Tue Jul 21 10:56:31 2026 ---
Note: The following floating-point exceptions are signalling: IEEE_UNDERFLOW_FLAG
--- Stop Module: alaska at Tue Jul 21 10:56:31 2026 /rc=_RC_ALL_IS_WELL_ ---

>>> EXPORT MOLCAS_TRAP = ON

--- Start Module: slapaf at Tue Jul 21 10:56:31 2026 ---
  Accumulate the gradient for selected numerical differentiation.
    15 of    25
[ process      0]: xquit (rc =     64): _CONTINUE_LOOP_
Note: The following floating-point exceptions are signalling: IEEE_INVALID_FLAG
--- Stop Module: slapaf at Tue Jul 21 10:56:32 2026 /rc=_RC_CONTINUE_LOOP_ ---

>>> END DO

>>> IF (ITER != 1)

--- Start Module: seward at Tue Jul 21 10:56:32 2026 ---
Note: The following floating-point exceptions are signalling: IEEE_UNDERFLOW_FLAG
--- Stop Module: seward at Tue Jul 21 10:56:37 2026 /rc=_RC_ALL_IS_WELL_ ---
--- Module seward spent 5 seconds ---

--- Start Module: rasscf at Tue Jul 21 10:56:37 2026 ---
Note: The following floating-point exceptions are signalling: IEEE_INVALID_FLAG IEEE_UNDERFLOW_FLAG IEEE_DENORMAL
--- Stop Module: rasscf at Tue Jul 21 10:56:38 2026 /rc=_RC_ALL_IS_WELL_ ---
--- Module rasscf spent 1 second ---

--- Start Module: slapaf at Tue Jul 21 10:56:38 2026 ---
[ process      0]: xquit (rc =     65): _INVOKED_OTHER_MODULE_
Note: The following floating-point exceptions are signalling: IEEE_INVALID_FLAG
--- Stop Module: slapaf at Tue Jul 21 10:56:38 2026 /rc=_RC_INVOKED_OTHER_MODULE_ ---

--- Start Module: alaska at Tue Jul 21 10:56:38 2026 ---
[ process      0]: xquit (rc =     65): _INVOKED_OTHER_MODULE_
--- Stop Module: alaska at Tue Jul 21 10:56:38 2026 /rc=_RC_INVOKED_OTHER_MODULE_ ---

--- Start Module: mclr at Tue Jul 21 10:56:38 2026 ---

--- Stop Module: mclr at Tue Jul 21 10:56:38 2026 /rc=_RC_ALL_IS_WELL_ ---

--- Start Module: alaska at Tue Jul 21 10:56:38 2026 ---
Note: The following floating-point exceptions are signalling: IEEE_UNDERFLOW_FLAG
--- Stop Module: alaska at Tue Jul 21 10:56:38 2026 /rc=_RC_ALL_IS_WELL_ ---

>>> EXPORT MOLCAS_TRAP = ON

--- Start Module: slapaf at Tue Jul 21 10:56:38 2026 ---
  Accumulate the gradient for selected numerical differentiation.
    16 of    25
[ process      0]: xquit (rc =     64): _CONTINUE_LOOP_
Note: The following floating-point exceptions are signalling: IEEE_INVALID_FLAG
--- Stop Module: slapaf at Tue Jul 21 10:56:38 2026 /rc=_RC_CONTINUE_LOOP_ ---

>>> END DO

>>> IF (ITER != 1)

--- Start Module: seward at Tue Jul 21 10:56:38 2026 ---
Note: The following floating-point exceptions are signalling: IEEE_UNDERFLOW_FLAG
--- Stop Module: seward at Tue Jul 21 10:56:45 2026 /rc=_RC_ALL_IS_WELL_ ---
--- Module seward spent 6 seconds ---

--- Start Module: rasscf at Tue Jul 21 10:56:45 2026 ---
Note: The following floating-point exceptions are signalling: IEEE_INVALID_FLAG IEEE_UNDERFLOW_FLAG IEEE_DENORMAL
--- Stop Module: rasscf at Tue Jul 21 10:56:47 2026 /rc=_RC_ALL_IS_WELL_ ---
--- Module rasscf spent 1 second ---

--- Start Module: slapaf at Tue Jul 21 10:56:47 2026 ---
[ process      0]: xquit (rc =     65): _INVOKED_OTHER_MODULE_
Note: The following floating-point exceptions are signalling: IEEE_INVALID_FLAG
--- Stop Module: slapaf at Tue Jul 21 10:56:47 2026 /rc=_RC_INVOKED_OTHER_MODULE_ ---

--- Start Module: alaska at Tue Jul 21 10:56:47 2026 ---
[ process      0]: xquit (rc =     65): _INVOKED_OTHER_MODULE_
--- Stop Module: alaska at Tue Jul 21 10:56:47 2026 /rc=_RC_INVOKED_OTHER_MODULE_ ---

--- Start Module: mclr at Tue Jul 21 10:56:47 2026 ---

--- Stop Module: mclr at Tue Jul 21 10:56:47 2026 /rc=_RC_ALL_IS_WELL_ ---

--- Start Module: alaska at Tue Jul 21 10:56:47 2026 ---
Note: The following floating-point exceptions are signalling: IEEE_UNDERFLOW_FLAG
--- Stop Module: alaska at Tue Jul 21 10:56:47 2026 /rc=_RC_ALL_IS_WELL_ ---

>>> EXPORT MOLCAS_TRAP = ON

--- Start Module: slapaf at Tue Jul 21 10:56:47 2026 ---
  Accumulate the gradient for selected numerical differentiation.
    17 of    25
[ process      0]: xquit (rc =     64): _CONTINUE_LOOP_
Note: The following floating-point exceptions are signalling: IEEE_INVALID_FLAG
--- Stop Module: slapaf at Tue Jul 21 10:56:47 2026 /rc=_RC_CONTINUE_LOOP_ ---

>>> END DO

>>> IF (ITER != 1)

--- Start Module: seward at Tue Jul 21 10:56:47 2026 ---
Note: The following floating-point exceptions are signalling: IEEE_UNDERFLOW_FLAG
--- Stop Module: seward at Tue Jul 21 10:56:48 2026 /rc=_RC_ALL_IS_WELL_ ---

--- Start Module: rasscf at Tue Jul 21 10:56:48 2026 ---
Note: The following floating-point exceptions are signalling: IEEE_INVALID_FLAG IEEE_UNDERFLOW_FLAG IEEE_DENORMAL
--- Stop Module: rasscf at Tue Jul 21 10:56:48 2026 /rc=_RC_ALL_IS_WELL_ ---

--- Start Module: slapaf at Tue Jul 21 10:56:48 2026 ---
[ process      0]: xquit (rc =     65): _INVOKED_OTHER_MODULE_
Note: The following floating-point exceptions are signalling: IEEE_INVALID_FLAG
--- Stop Module: slapaf at Tue Jul 21 10:56:49 2026 /rc=_RC_INVOKED_OTHER_MODULE_ ---

--- Start Module: alaska at Tue Jul 21 10:56:49 2026 ---
[ process      0]: xquit (rc =     65): _INVOKED_OTHER_MODULE_
--- Stop Module: alaska at Tue Jul 21 10:56:49 2026 /rc=_RC_INVOKED_OTHER_MODULE_ ---

--- Start Module: mclr at Tue Jul 21 10:56:49 2026 ---

--- Stop Module: mclr at Tue Jul 21 10:56:49 2026 /rc=_RC_ALL_IS_WELL_ ---

--- Start Module: alaska at Tue Jul 21 10:56:49 2026 ---
Note: The following floating-point exceptions are signalling: IEEE_UNDERFLOW_FLAG
--- Stop Module: alaska at Tue Jul 21 10:56:49 2026 /rc=_RC_ALL_IS_WELL_ ---

>>> EXPORT MOLCAS_TRAP = ON

--- Start Module: slapaf at Tue Jul 21 10:56:49 2026 ---
  Accumulate the gradient for selected numerical differentiation.
    18 of    25
[ process      0]: xquit (rc =     64): _CONTINUE_LOOP_
Note: The following floating-point exceptions are signalling: IEEE_INVALID_FLAG
--- Stop Module: slapaf at Tue Jul 21 10:56:49 2026 /rc=_RC_CONTINUE_LOOP_ ---

>>> END DO

>>> IF (ITER != 1)

--- Start Module: seward at Tue Jul 21 10:56:49 2026 ---
Note: The following floating-point exceptions are signalling: IEEE_UNDERFLOW_FLAG
--- Stop Module: seward at Tue Jul 21 10:56:49 2026 /rc=_RC_ALL_IS_WELL_ ---

--- Start Module: rasscf at Tue Jul 21 10:56:49 2026 ---
Note: The following floating-point exceptions are signalling: IEEE_INVALID_FLAG IEEE_UNDERFLOW_FLAG IEEE_DENORMAL
--- Stop Module: rasscf at Tue Jul 21 10:57:00 2026 /rc=_RC_ALL_IS_WELL_ ---
--- Module rasscf spent 10 seconds ---

--- Start Module: slapaf at Tue Jul 21 10:57:00 2026 ---
[ process      0]: xquit (rc =     65): _INVOKED_OTHER_MODULE_
Note: The following floating-point exceptions are signalling: IEEE_INVALID_FLAG
--- Stop Module: slapaf at Tue Jul 21 10:57:00 2026 /rc=_RC_INVOKED_OTHER_MODULE_ ---

--- Start Module: alaska at Tue Jul 21 10:57:00 2026 ---
[ process      0]: xquit (rc =     65): _INVOKED_OTHER_MODULE_
--- Stop Module: alaska at Tue Jul 21 10:57:00 2026 /rc=_RC_INVOKED_OTHER_MODULE_ ---

--- Start Module: mclr at Tue Jul 21 10:57:00 2026 ---

--- Stop Module: mclr at Tue Jul 21 10:57:00 2026 /rc=_RC_ALL_IS_WELL_ ---

--- Start Module: alaska at Tue Jul 21 10:57:00 2026 ---
Note: The following floating-point exceptions are signalling: IEEE_UNDERFLOW_FLAG
--- Stop Module: alaska at Tue Jul 21 10:57:00 2026 /rc=_RC_ALL_IS_WELL_ ---

>>> EXPORT MOLCAS_TRAP = ON

--- Start Module: slapaf at Tue Jul 21 10:57:00 2026 ---
  Accumulate the gradient for selected numerical differentiation.
    19 of    25
[ process      0]: xquit (rc =     64): _CONTINUE_LOOP_
Note: The following floating-point exceptions are signalling: IEEE_INVALID_FLAG
--- Stop Module: slapaf at Tue Jul 21 10:57:00 2026 /rc=_RC_CONTINUE_LOOP_ ---

>>> END DO

>>> IF (ITER != 1)

--- Start Module: seward at Tue Jul 21 10:57:00 2026 ---
Note: The following floating-point exceptions are signalling: IEEE_UNDERFLOW_FLAG
--- Stop Module: seward at Tue Jul 21 10:57:01 2026 /rc=_RC_ALL_IS_WELL_ ---

--- Start Module: rasscf at Tue Jul 21 10:57:01 2026 ---
Note: The following floating-point exceptions are signalling: IEEE_INVALID_FLAG IEEE_UNDERFLOW_FLAG IEEE_DENORMAL
--- Stop Module: rasscf at Tue Jul 21 10:57:02 2026 /rc=_RC_ALL_IS_WELL_ ---

--- Start Module: slapaf at Tue Jul 21 10:57:02 2026 ---
[ process      0]: xquit (rc =     65): _INVOKED_OTHER_MODULE_
Note: The following floating-point exceptions are signalling: IEEE_INVALID_FLAG
--- Stop Module: slapaf at Tue Jul 21 10:57:02 2026 /rc=_RC_INVOKED_OTHER_MODULE_ ---

--- Start Module: alaska at Tue Jul 21 10:57:02 2026 ---
[ process      0]: xquit (rc =     65): _INVOKED_OTHER_MODULE_
--- Stop Module: alaska at Tue Jul 21 10:57:02 2026 /rc=_RC_INVOKED_OTHER_MODULE_ ---

--- Start Module: mclr at Tue Jul 21 10:57:02 2026 ---

--- Stop Module: mclr at Tue Jul 21 10:57:09 2026 /rc=_RC_ALL_IS_WELL_ ---
--- Module mclr spent 7 seconds ---

--- Start Module: alaska at Tue Jul 21 10:57:09 2026 ---
Note: The following floating-point exceptions are signalling: IEEE_UNDERFLOW_FLAG
--- Stop Module: alaska at Tue Jul 21 10:57:10 2026 /rc=_RC_ALL_IS_WELL_ ---

>>> EXPORT MOLCAS_TRAP = ON

--- Start Module: slapaf at Tue Jul 21 10:57:10 2026 ---
  Accumulate the gradient for selected numerical differentiation.
    20 of    25
[ process      0]: xquit (rc =     64): _CONTINUE_LOOP_
Note: The following floating-point exceptions are signalling: IEEE_INVALID_FLAG
--- Stop Module: slapaf at Tue Jul 21 10:57:10 2026 /rc=_RC_CONTINUE_LOOP_ ---

>>> END DO

>>> IF (ITER != 1)

--- Start Module: seward at Tue Jul 21 10:57:10 2026 ---
Note: The following floating-point exceptions are signalling: IEEE_UNDERFLOW_FLAG
--- Stop Module: seward at Tue Jul 21 10:57:10 2026 /rc=_RC_ALL_IS_WELL_ ---

--- Start Module: rasscf at Tue Jul 21 10:57:10 2026 ---
Note: The following floating-point exceptions are signalling: IEEE_INVALID_FLAG IEEE_UNDERFLOW_FLAG IEEE_DENORMAL
--- Stop Module: rasscf at Tue Jul 21 10:57:13 2026 /rc=_RC_ALL_IS_WELL_ ---
--- Module rasscf spent 3 seconds ---

--- Start Module: slapaf at Tue Jul 21 10:57:13 2026 ---
[ process      0]: xquit (rc =     65): _INVOKED_OTHER_MODULE_
Note: The following floating-point exceptions are signalling: IEEE_INVALID_FLAG
--- Stop Module: slapaf at Tue Jul 21 10:57:15 2026 /rc=_RC_INVOKED_OTHER_MODULE_ ---
--- Module slapaf spent 1 second ---

--- Start Module: alaska at Tue Jul 21 10:57:15 2026 ---
[ process      0]: xquit (rc =     65): _INVOKED_OTHER_MODULE_
--- Stop Module: alaska at Tue Jul 21 10:57:15 2026 /rc=_RC_INVOKED_OTHER_MODULE_ ---

--- Start Module: mclr at Tue Jul 21 10:57:15 2026 ---

--- Stop Module: mclr at Tue Jul 21 10:57:15 2026 /rc=_RC_ALL_IS_WELL_ ---

--- Start Module: alaska at Tue Jul 21 10:57:15 2026 ---
Note: The following floating-point exceptions are signalling: IEEE_UNDERFLOW_FLAG
--- Stop Module: alaska at Tue Jul 21 10:57:15 2026 /rc=_RC_ALL_IS_WELL_ ---

>>> EXPORT MOLCAS_TRAP = ON

--- Start Module: slapaf at Tue Jul 21 10:57:15 2026 ---
  Accumulate the gradient for selected numerical differentiation.
    21 of    25
[ process      0]: xquit (rc =     64): _CONTINUE_LOOP_
Note: The following floating-point exceptions are signalling: IEEE_INVALID_FLAG
--- Stop Module: slapaf at Tue Jul 21 10:57:15 2026 /rc=_RC_CONTINUE_LOOP_ ---

>>> END DO

>>> IF (ITER != 1)

--- Start Module: seward at Tue Jul 21 10:57:15 2026 ---
Note: The following floating-point exceptions are signalling: IEEE_UNDERFLOW_FLAG
--- Stop Module: seward at Tue Jul 21 10:57:16 2026 /rc=_RC_ALL_IS_WELL_ ---

--- Start Module: rasscf at Tue Jul 21 10:57:16 2026 ---
Note: The following floating-point exceptions are signalling: IEEE_INVALID_FLAG IEEE_DIVIDE_BY_ZERO IEEE_UNDERFLOW_FLAG IEEE_DENORMAL
--- Stop Module: rasscf at Tue Jul 21 10:57:21 2026 /rc=_RC_ALL_IS_WELL_ ---
--- Module rasscf spent 4 seconds ---

--- Start Module: slapaf at Tue Jul 21 10:57:21 2026 ---
[ process      0]: xquit (rc =     65): _INVOKED_OTHER_MODULE_
Note: The following floating-point exceptions are signalling: IEEE_INVALID_FLAG
--- Stop Module: slapaf at Tue Jul 21 10:57:22 2026 /rc=_RC_INVOKED_OTHER_MODULE_ ---

--- Start Module: alaska at Tue Jul 21 10:57:22 2026 ---
[ process      0]: xquit (rc =     65): _INVOKED_OTHER_MODULE_
--- Stop Module: alaska at Tue Jul 21 10:57:22 2026 /rc=_RC_INVOKED_OTHER_MODULE_ ---

--- Start Module: mclr at Tue Jul 21 10:57:22 2026 ---

--- Stop Module: mclr at Tue Jul 21 10:57:23 2026 /rc=_RC_ALL_IS_WELL_ ---

--- Start Module: alaska at Tue Jul 21 10:57:23 2026 ---
Note: The following floating-point exceptions are signalling: IEEE_UNDERFLOW_FLAG
--- Stop Module: alaska at Tue Jul 21 10:57:24 2026 /rc=_RC_ALL_IS_WELL_ ---
--- Module alaska spent 1 second ---

>>> EXPORT MOLCAS_TRAP = ON

--- Start Module: slapaf at Tue Jul 21 10:57:24 2026 ---
  Accumulate the gradient for selected numerical differentiation.
    22 of    25
[ process      0]: xquit (rc =     64): _CONTINUE_LOOP_
Note: The following floating-point exceptions are signalling: IEEE_INVALID_FLAG
--- Stop Module: slapaf at Tue Jul 21 10:57:25 2026 /rc=_RC_CONTINUE_LOOP_ ---

>>> END DO

>>> IF (ITER != 1)

--- Start Module: seward at Tue Jul 21 10:57:25 2026 ---
Note: The following floating-point exceptions are signalling: IEEE_UNDERFLOW_FLAG
--- Stop Module: seward at Tue Jul 21 10:57:26 2026 /rc=_RC_ALL_IS_WELL_ ---

--- Start Module: rasscf at Tue Jul 21 10:57:26 2026 ---
Note: The following floating-point exceptions are signalling: IEEE_INVALID_FLAG IEEE_UNDERFLOW_FLAG IEEE_DENORMAL
--- Stop Module: rasscf at Tue Jul 21 10:57:27 2026 /rc=_RC_ALL_IS_WELL_ ---
--- Module rasscf spent 1 second ---

--- Start Module: slapaf at Tue Jul 21 10:57:27 2026 ---
[ process      0]: xquit (rc =     65): _INVOKED_OTHER_MODULE_
Note: The following floating-point exceptions are signalling: IEEE_INVALID_FLAG
--- Stop Module: slapaf at Tue Jul 21 10:57:28 2026 /rc=_RC_INVOKED_OTHER_MODULE_ ---

--- Start Module: alaska at Tue Jul 21 10:57:28 2026 ---
[ process      0]: xquit (rc =     65): _INVOKED_OTHER_MODULE_
--- Stop Module: alaska at Tue Jul 21 10:57:29 2026 /rc=_RC_INVOKED_OTHER_MODULE_ ---

--- Start Module: mclr at Tue Jul 21 10:57:29 2026 ---

--- Stop Module: mclr at Tue Jul 21 10:57:30 2026 /rc=_RC_ALL_IS_WELL_ ---

--- Start Module: alaska at Tue Jul 21 10:57:30 2026 ---
Note: The following floating-point exceptions are signalling: IEEE_UNDERFLOW_FLAG
--- Stop Module: alaska at Tue Jul 21 10:57:31 2026 /rc=_RC_ALL_IS_WELL_ ---

>>> EXPORT MOLCAS_TRAP = ON

--- Start Module: slapaf at Tue Jul 21 10:57:31 2026 ---
  Accumulate the gradient for selected numerical differentiation.
    23 of    25
[ process      0]: xquit (rc =     64): _CONTINUE_LOOP_
Note: The following floating-point exceptions are signalling: IEEE_INVALID_FLAG
--- Stop Module: slapaf at Tue Jul 21 10:57:31 2026 /rc=_RC_CONTINUE_LOOP_ ---

>>> END DO

>>> IF (ITER != 1)

--- Start Module: seward at Tue Jul 21 10:57:31 2026 ---
Note: The following floating-point exceptions are signalling: IEEE_UNDERFLOW_FLAG
--- Stop Module: seward at Tue Jul 21 10:57:32 2026 /rc=_RC_ALL_IS_WELL_ ---

--- Start Module: rasscf at Tue Jul 21 10:57:32 2026 ---
Note: The following floating-point exceptions are signalling: IEEE_INVALID_FLAG IEEE_UNDERFLOW_FLAG IEEE_DENORMAL
--- Stop Module: rasscf at Tue Jul 21 10:57:34 2026 /rc=_RC_ALL_IS_WELL_ ---
--- Module rasscf spent 1 second ---

--- Start Module: slapaf at Tue Jul 21 10:57:34 2026 ---
[ process      0]: xquit (rc =     65): _INVOKED_OTHER_MODULE_
Note: The following floating-point exceptions are signalling: IEEE_INVALID_FLAG
--- Stop Module: slapaf at Tue Jul 21 10:57:34 2026 /rc=_RC_INVOKED_OTHER_MODULE_ ---

--- Start Module: alaska at Tue Jul 21 10:57:34 2026 ---
[ process      0]: xquit (rc =     65): _INVOKED_OTHER_MODULE_
--- Stop Module: alaska at Tue Jul 21 10:57:35 2026 /rc=_RC_INVOKED_OTHER_MODULE_ ---

--- Start Module: mclr at Tue Jul 21 10:57:35 2026 ---

--- Stop Module: mclr at Tue Jul 21 10:57:36 2026 /rc=_RC_ALL_IS_WELL_ ---

--- Start Module: alaska at Tue Jul 21 10:57:36 2026 ---
Note: The following floating-point exceptions are signalling: IEEE_UNDERFLOW_FLAG
--- Stop Module: alaska at Tue Jul 21 10:57:37 2026 /rc=_RC_ALL_IS_WELL_ ---

>>> EXPORT MOLCAS_TRAP = ON

--- Start Module: slapaf at Tue Jul 21 10:57:37 2026 ---
  Accumulate the gradient for selected numerical differentiation.
    24 of    25
[ process      0]: xquit (rc =     64): _CONTINUE_LOOP_
Note: The following floating-point exceptions are signalling: IEEE_INVALID_FLAG
--- Stop Module: slapaf at Tue Jul 21 10:57:37 2026 /rc=_RC_CONTINUE_LOOP_ ---

>>> END DO

>>> IF (ITER != 1)

--- Start Module: seward at Tue Jul 21 10:57:37 2026 ---
Note: The following floating-point exceptions are signalling: IEEE_UNDERFLOW_FLAG
--- Stop Module: seward at Tue Jul 21 10:57:39 2026 /rc=_RC_ALL_IS_WELL_ ---
--- Module seward spent 1 second ---

--- Start Module: rasscf at Tue Jul 21 10:57:39 2026 ---
Note: The following floating-point exceptions are signalling: IEEE_INVALID_FLAG IEEE_UNDERFLOW_FLAG IEEE_DENORMAL
--- Stop Module: rasscf at Tue Jul 21 10:57:40 2026 /rc=_RC_ALL_IS_WELL_ ---
--- Module rasscf spent 1 second ---

--- Start Module: slapaf at Tue Jul 21 10:57:40 2026 ---
[ process      0]: xquit (rc =     65): _INVOKED_OTHER_MODULE_
Note: The following floating-point exceptions are signalling: IEEE_INVALID_FLAG
--- Stop Module: slapaf at Tue Jul 21 10:57:41 2026 /rc=_RC_INVOKED_OTHER_MODULE_ ---

--- Start Module: alaska at Tue Jul 21 10:57:41 2026 ---
[ process      0]: xquit (rc =     65): _INVOKED_OTHER_MODULE_
--- Stop Module: alaska at Tue Jul 21 10:57:41 2026 /rc=_RC_INVOKED_OTHER_MODULE_ ---

--- Start Module: mclr at Tue Jul 21 10:57:41 2026 ---

--- Stop Module: mclr at Tue Jul 21 10:57:41 2026 /rc=_RC_ALL_IS_WELL_ ---

--- Start Module: alaska at Tue Jul 21 10:57:41 2026 ---
Note: The following floating-point exceptions are signalling: IEEE_UNDERFLOW_FLAG
--- Stop Module: alaska at Tue Jul 21 10:57:42 2026 /rc=_RC_ALL_IS_WELL_ ---

>>> EXPORT MOLCAS_TRAP = ON

--- Start Module: slapaf at Tue Jul 21 10:57:42 2026 ---

  Numerical differentiation is finished!

 Observe that the harmonic oscillator analysis is only valid at stationary points!

 Note that rotational and translational degrees have been automatically removed,
 if the energy is invariant to these degrees of freedom.


 Harmonic frequencies in cm-1

 IR Intensities in km/mol

                        1         2         3         4         5         6

     Frequency:      1073.80   1144.99   1226.41   1338.08   1482.32   1575.93                                          

     Intensity:    2.201E-01 2.399E+02 1.051E-02 1.637E+01 9.966E+01 4.658E-01
     Red. mass:      1.03974   1.25695   1.00785   1.33184   1.47812   1.36469

     C1         x   -0.03892  -0.00037  -0.00000  -0.00016   0.12097   0.00007
     C1         y    0.00014   0.02427  -0.00120  -0.14364  -0.00008   0.00005
     C1         z    0.00000  -0.00004   0.00000   0.00005  -0.00009   0.08545
     N2         x   -0.03285  -0.00025   0.00000  -0.00002  -0.11002  -0.00003
     N2         y    0.00096  -0.12146   0.00076   0.03560  -0.00001  -0.00004
     N2         z   -0.00002   0.00004  -0.00000  -0.00005   0.00009  -0.11809
     H3         x    0.21632   0.00187   0.00000   0.00059  -0.08939   0.22562
     H3         y   -0.00216   0.07799  -0.47226   0.60734   0.00037  -0.00017
     H3         z    0.43306   0.00377   0.00001   0.00143  -0.39799   0.51264
     H4         x    0.24385   0.00206  -0.00000   0.00051   0.13355   0.03259
     H4         y   -0.00538   0.62150   0.51616   0.00017   0.00018   0.00015
     H4         z   -0.43150  -0.00356   0.00000  -0.00094  -0.37516  -0.20140
     H5         x    0.24372   0.00205  -0.00000   0.00051   0.13348  -0.03277
     H5         y   -0.00535   0.61735  -0.52105   0.00814   0.00016   0.00014
     H5         z    0.43121   0.00370  -0.00001   0.00075   0.37537  -0.20132
     H6         x    0.21603   0.00188   0.00001   0.00054  -0.08930  -0.22580
     H6         y   -0.00219   0.08180   0.48090   0.60001   0.00039  -0.00017
     H6         z   -0.43257  -0.00394  -0.00002  -0.00119   0.39766   0.51342


                        7         8         9        10        11        12

     Frequency:      1746.79   1928.82   3373.45   3491.59   3709.17   3752.67                                          

     Intensity:    2.627E-01 3.200E+01 1.783E+00 3.141E+00 1.012E+02 1.929E+02
     Red. mass:      1.55231   1.51935   1.06292   1.12984   1.05489   1.10061

     C1         x   -0.00002   0.00002   0.00005  -0.09912  -0.00011   0.00221
     C1         y   -0.00002   0.00001   0.00000  -0.00000  -0.00000  -0.00000
     C1         z   -0.16851   0.09822  -0.06816  -0.00004   0.00698  -0.00001
     N2         x    0.00003  -0.00003  -0.00000   0.00018  -0.00013  -0.08052
     N2         y    0.00002  -0.00001  -0.00000  -0.00000   0.00000  -0.00000
     N2         z    0.05453  -0.13322   0.00770   0.00007  -0.05824   0.00009
     H3         x    0.28371  -0.12065  -0.59199   0.57493   0.00637  -0.01878
     H3         y    0.00007  -0.00003  -0.00000   0.00002   0.00001   0.00001
     H3         z    0.27673  -0.07258   0.34338  -0.32545   0.00160   0.01092
     H4         x   -0.16885  -0.35301   0.00925   0.01290   0.58558   0.56415
     H4         y   -0.00007   0.00003   0.00000   0.00002  -0.00001   0.00001
     H4         z    0.34777   0.41323   0.00913   0.02206   0.36178   0.36165
     H5         x    0.16870   0.35320  -0.00919   0.01424  -0.58369   0.56606
     H5         y   -0.00007   0.00003   0.00000   0.00002  -0.00002   0.00001
     H5         z    0.34760   0.41352   0.00909  -0.02280   0.36052  -0.36287
     H6         x   -0.28369   0.12066   0.59139   0.57561  -0.00512  -0.01894
     H6         y    0.00007  -0.00003  -0.00000   0.00002   0.00001   0.00001
     H6         z    0.27666  -0.07265   0.34302   0.32571   0.00226  -0.01084



++ Thermochemistry

 *********************
 *                   *
 *  THERMOCHEMISTRY  *
 *                   *
 *********************

 Mass-centered Coordinates (angstrom):
 ********************************************************
 Label        X           Y           Z          Mass  
 --------------------------------------------------------
 C1        -0.000000   -0.000000   -0.682324     12.00000
 N2        -0.000000    0.000000    0.597506     14.00307
 H3        -0.000002    0.926731   -1.219193      1.00783
 H4         0.000002    0.851629    1.130375      1.00783
 H5        -0.000002   -0.851629    1.130375      1.00783
 H6         0.000002   -0.926731   -1.219193      1.00783
 --------------------------------------------------------
 Molecular mass:   30.034374
 Rotational Constants (cm-1):    0.8712    1.0433    5.2796
 Rotational Constants (GHz) :   26.1169   31.2779  158.2774
 Rotational temperatures (K):    1.2534    1.5011    7.5961
 Rotational Symmetry factor:  1
 Vibrational temperature (K): 
   1544.96  1647.39  1764.54  1925.20  2132.73
   2267.41  2513.24  2775.14  4853.64  5023.61
   5336.66  5399.26
 Number of trans. and rot. degrees of freedom:  6
 ZPVE                36.946 kcal/mol      0.058877 au.
 ZPVE corrected energy                  -94.311538 au.

 *****************************************************
 Temperature =     0.00 kelvin, Pressure =   1.00 atm
 -----------------------------------------------------
 Molecular Partition Function and Molar Entropy:
                        q/V (M**-3)    S(kcal/mol*K)
 Electronic            1.000000E+00        0.000
 Translational         1.000000E+00        0.000
 Rotational            1.000000E+00        2.981
 Vibrational           1.000000E+00        0.000
 TOTAL                 1.000000E+00        2.981

 Thermal contributions to INTERNAL ENERGY:
 Electronic           0.000 kcal/mol      0.000000 au.
 Translational        0.000 kcal/mol      0.000000 au.
 Rotational           0.000 kcal/mol      0.000000 au.
 Vibrational         36.946 kcal/mol      0.058877 au.
 TOTAL               36.946 kcal/mol      0.058877 au.

 Thermal contributions to
 ENTHALPY            36.946 kcal/mol      0.058877 au.
 GIBBS FREE ENERGY   36.946 kcal/mol      0.058877 au.

 Sum of energy and thermal contributions
 INTERNAL ENERGY                        -94.311538 au.
 ENTHALPY                               -94.311538 au.
 GIBBS FREE ENERGY                      -94.311538 au.
 -----------------------------------------------------

 *****************************************************
 Temperature =   100.00 kelvin, Pressure =   1.00 atm
 -----------------------------------------------------
 Molecular Partition Function and Molar Entropy:
                        q/V (M**-3)    S(kcal/mol*K)
 Electronic            1.000000E+00        0.000
 Translational         9.782011E+26       30.705
 Rotational            4.688424E+02       15.203
 Vibrational           1.804824E-81        0.000
 TOTAL                 8.277324E-52       45.908

 Thermal contributions to INTERNAL ENERGY:
 Electronic           0.000 kcal/mol      0.000000 au.
 Translational        0.298 kcal/mol      0.000475 au.
 Rotational           0.298 kcal/mol      0.000475 au.
 Vibrational         36.946 kcal/mol      0.058877 au.
 TOTAL               37.542 kcal/mol      0.059827 au.

 Thermal contributions to
 ENTHALPY            37.741 kcal/mol      0.060144 au.
 GIBBS FREE ENERGY   33.150 kcal/mol      0.052828 au.

 Sum of energy and thermal contributions
 INTERNAL ENERGY                        -94.310588 au.
 ENTHALPY                               -94.310271 au.
 GIBBS FREE ENERGY                      -94.317587 au.
 -----------------------------------------------------

 *****************************************************
 Temperature =   273.15 kelvin, Pressure =   1.00 atm
 -----------------------------------------------------
 Molecular Partition Function and Molar Entropy:
                        q/V (M**-3)    S(kcal/mol*K)
 Electronic            1.000000E+00        0.000
 Translational         4.416009E+27       35.698
 Rotational            2.116551E+03       18.198
 Vibrational           2.778516E-30        0.132
 TOTAL                 2.596998E+01       54.027

 Thermal contributions to INTERNAL ENERGY:
 Electronic           0.000 kcal/mol      0.000000 au.
 Translational        0.814 kcal/mol      0.001298 au.
 Rotational           0.814 kcal/mol      0.001298 au.
 Vibrational         36.977 kcal/mol      0.058926 au.
 TOTAL               38.605 kcal/mol      0.061522 au.

 Thermal contributions to
 ENTHALPY            39.148 kcal/mol      0.062387 au.
 GIBBS FREE ENERGY   24.391 kcal/mol      0.038869 au.

 Sum of energy and thermal contributions
 INTERNAL ENERGY                        -94.308893 au.
 ENTHALPY                               -94.308028 au.
 GIBBS FREE ENERGY                      -94.331546 au.
 -----------------------------------------------------

 *****************************************************
 Temperature =   298.15 kelvin, Pressure =   1.00 atm
 -----------------------------------------------------
 Molecular Partition Function and Molar Entropy:
                        q/V (M**-3)    S(kcal/mol*K)
 Electronic            1.000000E+00        0.000
 Translational         5.035938E+27       36.133
 Rotational            2.413677E+03       18.459
 Vibrational           8.417794E-28        0.209
 TOTAL                 1.023194E+04       54.800

 Thermal contributions to INTERNAL ENERGY:
 Electronic           0.000 kcal/mol      0.000000 au.
 Translational        0.889 kcal/mol      0.001416 au.
 Rotational           0.889 kcal/mol      0.001416 au.
 Vibrational         36.999 kcal/mol      0.058962 au.
 TOTAL               38.776 kcal/mol      0.061794 au.

 Thermal contributions to
 ENTHALPY            39.369 kcal/mol      0.062738 au.
 GIBBS FREE ENERGY   23.030 kcal/mol      0.036701 au.

 Sum of energy and thermal contributions
 INTERNAL ENERGY                        -94.308621 au.
 ENTHALPY                               -94.307676 au.
 GIBBS FREE ENERGY                      -94.333714 au.
 -----------------------------------------------------

 *****************************************************
 Temperature =   323.15 kelvin, Pressure =   1.00 atm
 -----------------------------------------------------
 Molecular Partition Function and Molar Entropy:
                        q/V (M**-3)    S(kcal/mol*K)
 Electronic            1.000000E+00        0.000
 Translational         5.682434E+27       36.533
 Rotational            2.723536E+03       18.699
 Vibrational           1.057146E-25        0.308
 TOTAL                 1.636072E+06       55.540

 Thermal contributions to INTERNAL ENERGY:
 Electronic           0.000 kcal/mol      0.000000 au.
 Translational        0.963 kcal/mol      0.001535 au.
 Rotational           0.963 kcal/mol      0.001535 au.
 Vibrational         37.030 kcal/mol      0.059011 au.
 TOTAL               38.956 kcal/mol      0.062081 au.

 Thermal contributions to
 ENTHALPY            39.598 kcal/mol      0.063104 au.
 GIBBS FREE ENERGY   21.651 kcal/mol      0.034503 au.

 Sum of energy and thermal contributions
 INTERNAL ENERGY                        -94.308334 au.
 ENTHALPY                               -94.307310 au.
 GIBBS FREE ENERGY                      -94.335912 au.
 -----------------------------------------------------

 *****************************************************
 Temperature =   373.15 kelvin, Pressure =   1.00 atm
 -----------------------------------------------------
 Molecular Partition Function and Molar Entropy:
                        q/V (M**-3)    S(kcal/mol*K)
 Electronic            1.000000E+00        0.000
 Translational         7.051043E+27       37.247
 Rotational            3.379497E+03       19.128
 Vibrational           2.417971E-22        0.573
 TOTAL                 5.761777E+09       56.949

 Thermal contributions to INTERNAL ENERGY:
 Electronic           0.000 kcal/mol      0.000000 au.
 Translational        1.112 kcal/mol      0.001773 au.
 Rotational           1.112 kcal/mol      0.001773 au.
 Vibrational         37.123 kcal/mol      0.059159 au.
 TOTAL               39.347 kcal/mol      0.062704 au.

 Thermal contributions to
 ENTHALPY            40.089 kcal/mol      0.063885 au.
 GIBBS FREE ENERGY   18.838 kcal/mol      0.030021 au.

 Sum of energy and thermal contributions
 INTERNAL ENERGY                        -94.307711 au.
 ENTHALPY                               -94.306529 au.
 GIBBS FREE ENERGY                      -94.340394 au.
 -----------------------------------------------------

 *****************************************************
 Temperature =   473.15 kelvin, Pressure =   1.00 atm
 -----------------------------------------------------
 Molecular Partition Function and Molar Entropy:
                        q/V (M**-3)    S(kcal/mol*K)
 Electronic            1.000000E+00        0.000
 Translational         1.006761E+28       38.427
 Rotational            4.825310E+03       19.836
 Vibrational           9.891416E-18        1.343
 TOTAL                 4.805184E+14       59.606

 Thermal contributions to INTERNAL ENERGY:
 Electronic           0.000 kcal/mol      0.000000 au.
 Translational        1.410 kcal/mol      0.002248 au.
 Rotational           1.410 kcal/mol      0.002248 au.
 Vibrational         37.451 kcal/mol      0.059681 au.
 TOTAL               40.271 kcal/mol      0.064177 au.

 Thermal contributions to
 ENTHALPY            41.212 kcal/mol      0.065675 au.
 GIBBS FREE ENERGY   13.009 kcal/mol      0.020732 au.

 Sum of energy and thermal contributions
 INTERNAL ENERGY                        -94.306238 au.
 ENTHALPY                               -94.304740 au.
 GIBBS FREE ENERGY                      -94.349683 au.
 -----------------------------------------------------
--

++    Isotopic shifts:
      ----------------



 ****************************************
 *                                      *
 * Isotope shifted frequencies in cm-1  *
 *                                      *
 ****************************************


  Single substitutions:
  -----------------------

 Masses:
 =======
  13  14   1   1   1   1


 Frequencies:
 ============
                         1         2         3         4         5         6

            Freq.      i0.00      0.00      0.00      0.00      0.00      0.00                                               


                         7         8         9        10        11        12

            Freq.    1073.02   1144.66   1226.41   1325.26   1472.15   1569.51                                               


                        13        14        15        16        17        18

            Freq.    1723.30   1921.20   3366.29   3475.72   3709.08   3752.67                                               


 Masses:
 =======
  14  14   1   1   1   1


 Frequencies:
 ============
                         1         2         3         4         5         6

            Freq.      i0.00     i0.00     i0.00      0.00      0.00      0.00                                               


                         7         8         9        10        11        12

            Freq.    1072.30   1144.33   1226.41   1314.25   1463.25   1561.73                                               


                        13        14        15        16        17        18

            Freq.    1703.18   1916.04   3360.35   3462.19   3709.02   3752.66                                               


 Masses:
 =======
  12  15   1   1   1   1


 Frequencies:
 ============
                         1         2         3         4         5         6

            Freq.      i0.00     i0.00      0.00      0.00      0.00      0.00                                               


                         7         8         9        10        11        12

            Freq.    1073.25   1137.07   1226.41   1337.32   1473.89   1564.94                                               


                        13        14        15        16        17        18

            Freq.    1744.27   1913.39   3373.35   3491.59   3703.36   3741.36                                               


 Masses:
 =======
  12  14   2   1   1   1


 Frequencies:
 ============
                         1         2         3         4         5         6

            Freq.      i0.00     i0.00      0.00      0.00      0.00      0.00                                               


                         7         8         9        10        11        12

            Freq.     941.43   1068.00   1147.87   1281.36   1340.16   1517.39                                               


                        13        14        15        16        17        18

            Freq.    1695.80   1919.11   2541.74   3437.51   3709.14   3752.54                                               


 Masses:
 =======
  12  14   3   1   1   1


 Frequencies:
 ============
                         1         2         3         4         5         6

            Freq.      i0.00      0.00      0.00      0.00      0.00      0.00                                               


                         7         8         9        10        11        12

            Freq.     842.58    992.37   1147.06   1277.24   1292.83   1506.24                                               


                        13        14        15        16        17        18

            Freq.    1659.92   1908.48   2201.96   3436.40   3709.14   3752.53                                               


 Masses:
 =======
  12  14   1   2   1   1


 Frequencies:
 ============
                         1         2         3         4         5         6

            Freq.      i0.00      0.00      0.00      0.00      0.00      0.00                                               


                         7         8         9        10        11        12

            Freq.     943.83    959.72   1198.86   1338.08   1380.71   1560.24                                               


                        13        14        15        16        17        18

            Freq.    1672.25   1838.48   2736.12   3373.53   3491.64   3731.81                                               


 Masses:
 =======
  12  14   1   3   1   1


 Frequencies:
 ============
                         1         2         3         4         5         6

            Freq.      i0.00     i0.00     i0.00      0.00      0.00      0.00                                               


                         7         8         9        10        11        12

            Freq.     848.73    879.38   1197.10   1337.20   1338.17   1555.91                                               


                        13        14        15        16        17        18

            Freq.    1648.92   1809.13   2331.88   3373.51   3491.59   3731.66                                               


 Masses:
 =======
  12  14   1   1   2   1


 Frequencies:
 ============
                         1         2         3         4         5         6

            Freq.      i0.00      0.00      0.00      0.00      0.00      0.00                                               


                         7         8         9        10        11        12

            Freq.     943.94    960.19   1198.28   1338.07   1380.59   1560.26                                               


                        13        14        15        16        17        18

            Freq.    1672.27   1838.37   2736.21   3373.53   3491.66   3731.66                                               


 Masses:
 =======
  12  14   1   1   3   1


 Frequencies:
 ============
                         1         2         3         4         5         6

            Freq.      i0.00     i0.00     i0.00      0.00      0.00      0.00                                               


                         7         8         9        10        11        12

            Freq.     848.87    879.83   1196.50   1337.07   1338.12   1555.95                                               


                        13        14        15        16        17        18

            Freq.    1648.94   1809.01   2331.94   3373.51   3491.62   3731.51                                               


 Masses:
 =======
  12  14   1   1   1   2


 Frequencies:
 ============
                         1         2         3         4         5         6

            Freq.      i0.00      0.00      0.00      0.00      0.00      0.00                                               


                         7         8         9        10        11        12

            Freq.     941.62   1066.47   1148.06   1282.98   1339.97   1517.28                                               


                        13        14        15        16        17        18

            Freq.    1695.81   1919.11   2541.83   3437.38   3709.15   3752.54                                               


 Masses:
 =======
  12  14   1   1   1   3


 Frequencies:
 ============
                         1         2         3         4         5         6

            Freq.      i0.00     i0.00      0.00      0.00      0.00      0.00                                               


                         7         8         9        10        11        12

            Freq.     842.79    990.95   1147.21   1278.90   1292.57   1506.17                                               


                        13        14        15        16        17        18

            Freq.    1659.91   1908.49   2202.05   3436.28   3709.14   3752.53                                               



  Full substitutions:
  -----------------------

 Masses:
 =======
  12  14   2   2   2   2


 Frequencies:
 ============
                         1         2         3         4         5         6

            Freq.      i0.00     i0.00      0.00      0.00      0.00      0.00                                               


                         7         8         9        10        11        12

            Freq.     770.84    867.53    882.41   1072.67   1160.87   1196.95                                               


                        13        14        15        16        17        18

            Freq.    1329.80   1719.78   2469.30   2616.00   2702.22   2776.40                                               


 Masses:
 =======
  12  14   3   3   3   3


 Frequencies:
 ============
                         1         2         3         4         5         6

            Freq.      i0.00      0.00      0.00      0.00      0.00      0.00                                               


                         7         8         9        10        11        12

            Freq.     637.29    708.94    768.70    958.61    973.84   1061.35                                               


                        13        14        15        16        17        18

            Freq.    1120.82   1596.49   2100.80   2254.96   2317.67   2370.84                                               


 Masses:
 =======
  13  14   1   1   1   1


 Frequencies:
 ============
                         1         2         3         4         5         6

            Freq.      i0.00      0.00      0.00      0.00      0.00      0.00                                               


                         7         8         9        10        11        12

            Freq.    1073.02   1144.66   1226.41   1325.26   1472.15   1569.51                                               


                        13        14        15        16        17        18

            Freq.    1723.30   1921.20   3366.29   3475.72   3709.08   3752.67                                               


 Masses:
 =======
  14  14   1   1   1   1


 Frequencies:
 ============
                         1         2         3         4         5         6

            Freq.      i0.00     i0.00     i0.00      0.00      0.00      0.00                                               


                         7         8         9        10        11        12

            Freq.    1072.30   1144.33   1226.41   1314.25   1463.25   1561.73                                               


                        13        14        15        16        17        18

            Freq.    1703.18   1916.04   3360.35   3462.19   3709.02   3752.66                                               


 Masses:
 =======
  12  15   1   1   1   1


 Frequencies:
 ============
                         1         2         3         4         5         6

            Freq.      i0.00     i0.00      0.00      0.00      0.00      0.00                                               


                         7         8         9        10        11        12

            Freq.    1073.25   1137.07   1226.41   1337.32   1473.89   1564.94                                               


                        13        14        15        16        17        18

            Freq.    1744.27   1913.39   3373.35   3491.59   3703.36   3741.36                                               


--

++ Principal components of the normal modes
   ----------------------------------------

   (Only contributions larger than 0.50 times the maximum are printed)


      Mode      1
        Frequency:         1073.80 cm-1
      ---------------------------------
        Angle C1 N2 H4          -1.0000
        Angle C1 N2 H5           0.9994
        Angle N2 C1 H3          -0.9380
        Angle N2 C1 H6           0.9368
      ---------------------------------

      Mode      2
        Frequency:         1144.99 cm-1
      ---------------------------------
        Outofp   H5 C1 H4 N2     1.0000
        Outofp   H4 C1 H5 N2    -1.0000
        Dihedral H3 C1 N2 H4     0.6766
        Dihedral H5 N2 C1 H6    -0.6706
        Dihedral H4 N2 C1 H6     0.6674
        Dihedral H3 C1 N2 H5    -0.6614
      ---------------------------------

      Mode      3
        Frequency:         1226.41 cm-1
      ---------------------------------
        Dihedral H5 N2 C1 H6     1.0000
        Dihedral H4 N2 C1 H6     0.9911
        Dihedral H3 C1 N2 H5     0.9859
        Dihedral H3 C1 N2 H4     0.9770
      ---------------------------------

      Mode      4
        Frequency:         1338.08 cm-1
      ---------------------------------
        Outofp   H6 N2 H3 C1    -1.0000
        Outofp   H3 N2 H6 C1     1.0000
        Dihedral H3 C1 N2 H4    -0.9052
        Dihedral H5 N2 C1 H6     0.8919
        Dihedral H3 C1 N2 H5    -0.7001
        Dihedral H4 N2 C1 H6     0.6868
      ---------------------------------

      Mode      5
        Frequency:         1482.32 cm-1
      ---------------------------------
        Angle C1 N2 H4          -1.0000
        Angle C1 N2 H5           1.0000
        Angle N2 C1 H3           0.9595
        Angle N2 C1 H6          -0.9592
      ---------------------------------

      Mode      6
        Frequency:         1575.93 cm-1
      ---------------------------------
        Angle H3 C1 H6           1.0000
        Angle N2 C1 H6          -0.6571
        Angle N2 C1 H3          -0.6559
      ---------------------------------

      Mode      7
        Frequency:         1746.79 cm-1
      ---------------------------------
        Angle H3 C1 H6           1.0000
        Angle H4 N2 H5          -0.7168
        Angle N2 C1 H3          -0.6566
        Angle N2 C1 H6          -0.6564
      ---------------------------------

      Mode      8
        Frequency:         1928.82 cm-1
      ---------------------------------
        Angle H4 N2 H5          -1.0000
        Angle C1 N2 H5           0.5959
        Angle C1 N2 H4           0.5955
      ---------------------------------

      Mode      9
        Frequency:         3373.45 cm-1
      ---------------------------------
        Bond H3 C1              -1.0000
        Bond H6 C1              -0.9989
      ---------------------------------

      Mode     10
        Frequency:         3491.59 cm-1
      ---------------------------------
        Bond H6 C1              -1.0000
        Bond H3 C1               0.9990
      ---------------------------------

      Mode     11
        Frequency:         3709.17 cm-1
      ---------------------------------
        Bond H4 N2               1.0000
        Bond H5 N2               0.9965
      ---------------------------------

      Mode     12
        Frequency:         3752.67 cm-1
      ---------------------------------
        Bond H5 N2              -1.0000
        Bond H4 N2               0.9968
      ---------------------------------
--

Note: The following floating-point exceptions are signalling: IEEE_INVALID_FLAG IEEE_UNDERFLOW_FLAG IEEE_DENORMAL
--- Stop Module: slapaf at Tue Jul 21 10:57:42 2026 /rc=_RC_ALL_IS_WELL_ ---

>>> END DO

>>> EXPORT MOLCAS_TRAP = UNKNOWN_VARIABLE

>>> EXPORT MOLCAS_MAXITER = UNKNOWN_VARIABLE

.##################.
.# Happy landing! #.
.##################.

    Timing: Wall=209.64 User=39.99 System=8.29
