SHARC Initial conditions file, version 4.0
Ninit     1000
Natom     6
Repr      None
Temp            0.0000000000
Eref            0.0000000000
Eharm           0.0588770216

Equilibrium
 C   6.0   0.00000000  -0.00000000   0.05937186  12.00000000   0.00000000   0.00000000   0.00000000
 N   7.0   0.00000000  -0.00000000   2.47789960  14.00307400   0.00000000   0.00000000   0.00000000
 H   1.0   1.75126780  -0.00000410  -0.95516252   1.00782500   0.00000000   0.00000000   0.00000000
 H   1.0   1.60934510   0.00000446   3.48487630   1.00782500   0.00000000   0.00000000   0.00000000
 H   1.0  -1.60934510  -0.00000446   3.48487630   1.00782500   0.00000000   0.00000000   0.00000000
 H   1.0  -1.75126780   0.00000410  -0.95516252   1.00782500   0.00000000   0.00000000   0.00000000


Index     1
Atoms
 C   6.0   0.00773019   0.02121518   0.00852908  12.00000000  -0.00015135  -0.00001372  -0.00047868
 N   7.0   0.02575869   0.04065736   2.50455046  14.00307400   0.00001673  -0.00012934   0.00061653
 H   1.0   1.59942200  -0.26233272  -1.01281228   1.00782500  -0.00318510   0.00070934   0.00111508
 H   1.0   1.48789126  -0.13753163   3.66236332   1.00782500   0.00081968   0.00039919  -0.00032258
 H   1.0  -1.78817892  -0.35697725   3.52664438   1.00782500   0.00106426   0.00130344  -0.00349310
 H   1.0  -1.74907670  -0.06067147  -0.88168798   1.00782500   0.00287078  -0.00045155  -0.00016613
States
Ekin        0.041253693021 a.u.
Epot_harm   0.023790798998 a.u.
Epot        0.023790798998 a.u.
Etot_harm   0.065044492018 a.u.
Etot        0.065044492018 a.u.


Index     2
Atoms
 C   6.0  -0.01538096   0.00050439   0.05889703  12.00000000  -0.00008503   0.00012305   0.00021846
 N   7.0   0.02222942  -0.00308813   2.48919523  14.00307400  -0.00006706   0.00017912  -0.00023571
 H   1.0   1.61432935  -0.07259754  -1.25240246   1.00782500   0.00376958  -0.00118339  -0.00122992
 H   1.0   1.34315796   0.09767548   3.64811697   1.00782500   0.00206756  -0.00094301   0.00226402
 H   1.0  -1.59251322  -0.06587093   3.44931082   1.00782500  -0.00056592  -0.00126779  -0.00125748
 H   1.0  -1.49069908   0.07769486  -0.93688949   1.00782500  -0.00332707  -0.00055971   0.00089715
States
Ekin        0.041572256108 a.u.
Epot_harm   0.029813656378 a.u.
Epot        0.029813656378 a.u.
Etot_harm   0.071385912486 a.u.
Etot        0.071385912486 a.u.


Index     3
Atoms
 C   6.0   0.00482126   0.00559708   0.00042532  12.00000000   0.00013242   0.00022240   0.00025840
 N   7.0  -0.03104377  -0.00005642   2.51420880  14.00307400  -0.00006367   0.00002590  -0.00030220
 H   1.0   1.73033357   0.07352039  -0.87437133   1.00782500   0.00204201  -0.00109555  -0.00190650
 H   1.0   1.77685806  -0.11519288   3.54174066   1.00782500  -0.00091729  -0.00019654   0.00090434
 H   1.0  -1.41440344   0.10057043   3.89595104   1.00782500   0.00000419  -0.00070212   0.00110389
 H   1.0  -1.71886111  -0.12475752  -1.30651913   1.00782500  -0.00182099  -0.00101377   0.00102045
States
Ekin        0.019075923195 a.u.
Epot_harm   0.027808558369 a.u.
Epot        0.027808558369 a.u.
Etot_harm   0.046884481564 a.u.
Etot        0.046884481564 a.u.


Index     4
Atoms
 C   6.0  -0.00571325   0.00985048   0.05117669  12.00000000   0.00007245   0.00006799  -0.00028446
 N   7.0  -0.00107157  -0.04251963   2.45976421  14.00307400  -0.00032327  -0.00007052   0.00037673
 H   1.0   1.57149465   0.09926492  -0.74396056   1.00782500   0.00070859  -0.00032456  -0.00170540
 H   1.0   1.70511108   0.13064686   3.68992601   1.00782500   0.00107270   0.00069174   0.00035382
 H   1.0  -1.49403941   0.29934954   3.48749505   1.00782500   0.00185876  -0.00016294   0.00068494
 H   1.0  -1.69965094  -0.05576658  -1.02447499   1.00782500  -0.00001104  -0.00003399  -0.00118073
States
Ekin        0.014016195705 a.u.
Epot_harm   0.031965691935 a.u.
Epot        0.031965691935 a.u.
Etot_harm   0.045981887640 a.u.
Etot        0.045981887640 a.u.


Index     5
Atoms
 C   6.0  -0.00039723  -0.06037144  -0.00717789  12.00000000   0.00033291   0.00006770   0.00002889
 N   7.0   0.03540153   0.07552119   2.52516112  14.00307400   0.00047037   0.00001611  -0.00019541
 H   1.0   1.73017612   0.01926741  -1.01508055   1.00782500  -0.00269563  -0.00063821   0.00030724
 H   1.0   1.27049436  -0.17224989   3.69877067   1.00782500  -0.00454342   0.00081155  -0.00047834
 H   1.0  -1.59316374  -0.47483697   3.34354229   1.00782500  -0.00215455  -0.00178117   0.00368534
 H   1.0  -1.89465817   0.29733403  -0.83207635   1.00782500  -0.00110577   0.00057791  -0.00114317
States
Ekin        0.054272769983 a.u.
Epot_harm   0.038760844257 a.u.
Epot        0.038760844257 a.u.
Etot_harm   0.093033614239 a.u.
Etot        0.093033614239 a.u.


Index     6
Atoms
 C   6.0  -0.04543296   0.00450210   0.04973091  12.00000000  -0.00011207   0.00026926  -0.00022044
 N   7.0   0.00134918   0.01352014   2.49865287  14.00307400  -0.00001938   0.00002485  -0.00017405
 H   1.0   1.91027267  -0.06809610  -0.85039944   1.00782500   0.00090272  -0.00069630   0.00084864
 H   1.0   1.68322122  -0.05033076   3.47785924   1.00782500   0.00110373  -0.00096122   0.00083705
 H   1.0  -1.43310002  -0.10716747   3.33531452   1.00782500  -0.00112435  -0.00013122   0.00077167
 H   1.0  -1.63817732  -0.01586506  -1.07690680   1.00782500   0.00072160  -0.00176261   0.00258561
States
Ekin        0.017555361607 a.u.
Epot_harm   0.022679185399 a.u.
Epot        0.022679185399 a.u.
Etot_harm   0.040234547007 a.u.
Etot        0.040234547007 a.u.


Index     7
Atoms
 C   6.0   0.01543247  -0.00442961   0.01457378  12.00000000   0.00010294  -0.00017037   0.00026770
 N   7.0   0.02494009  -0.01662311   2.47990739  14.00307400   0.00024992   0.00007073  -0.00038484
 H   1.0   1.68761411   0.21811023  -0.69695372   1.00782500   0.00033699  -0.00036589   0.00066198
 H   1.0   1.40682363  -0.09138598   3.46101491   1.00782500  -0.00009803   0.00080522  -0.00064992
 H   1.0  -1.72590882   0.28202238   3.62860380   1.00782500  -0.00352207  -0.00089382   0.00234426
 H   1.0  -1.89880697  -0.12503670  -0.82773129   1.00782500  -0.00141507   0.00150028  -0.00019670
States
Ekin        0.026749591164 a.u.
Epot_harm   0.040303176580 a.u.
Epot        0.040303176580 a.u.
Etot_harm   0.067052767744 a.u.
Etot        0.067052767744 a.u.


Index     8
Atoms
 C   6.0   0.03061331   0.06895903   0.08262080  12.00000000  -0.00011382   0.00005367  -0.00015922
 N   7.0  -0.00831338  -0.03979892   2.43471517  14.00307400   0.00017426   0.00006590   0.00032321
 H   1.0   1.59229464  -0.38794849  -1.10798240   1.00782500  -0.00002318   0.00006981  -0.00044399
 H   1.0   1.53137441   0.26570717   3.58989242   1.00782500  -0.00207907  -0.00120204  -0.00391969
 H   1.0  -1.68373078  -0.02575483   3.80288940   1.00782500  -0.00152976   0.00009073   0.00093835
 H   1.0  -1.68893667  -0.12010708  -0.90217333   1.00782500   0.00256594  -0.00051320   0.00083041
States
Ekin        0.031840625920 a.u.
Epot_harm   0.036580718509 a.u.
Epot        0.036580718509 a.u.
Etot_harm   0.068421344429 a.u.
Etot        0.068421344429 a.u.


Index     9
Atoms
 C   6.0   0.04680295  -0.04521034  -0.00201947  12.00000000  -0.00032325   0.00003500   0.00001792
 N   7.0   0.01222901   0.03648007   2.56037922  14.00307400   0.00000064  -0.00000864  -0.00023257
 H   1.0   1.50827818   0.19801904  -1.31468829   1.00782500   0.00195141   0.00065970  -0.00038165
 H   1.0   1.47525170  -0.18651553   3.58355233   1.00782500   0.00267877  -0.00083243   0.00334096
 H   1.0  -1.77962459  -0.08239394   3.47144301   1.00782500  -0.00080168   0.00068547   0.00038742
 H   1.0  -1.93109424   0.10233523  -1.09590412   1.00782500   0.00001151  -0.00080947  -0.00032877
States
Ekin        0.025233475822 a.u.
Epot_harm   0.038878558379 a.u.
Epot        0.038878558379 a.u.
Etot_harm   0.064112034201 a.u.
Etot        0.064112034201 a.u.


Index     10
Atoms
 C   6.0  -0.05001246  -0.01750066   0.03975066  12.00000000   0.00054540  -0.00001488  -0.00009698
 N   7.0   0.00029349   0.00594256   2.47586419  14.00307400   0.00001894   0.00003891   0.00010884
 H   1.0   1.92909730   0.13965001  -0.84008149   1.00782500  -0.00264949  -0.00133423   0.00071919
 H   1.0   2.06537841  -0.08279694   3.74092838   1.00782500  -0.00183062   0.00100799  -0.00012742
 H   1.0  -1.75433582   0.06656872   3.38621594   1.00782500   0.00100353  -0.00142134  -0.00100324
 H   1.0  -1.64872791   0.00238758  -0.96572819   1.00782500  -0.00328057   0.00138408   0.00005396
States
Ekin        0.031553481981 a.u.
Epot_harm   0.083157873596 a.u.
Epot        0.083157873596 a.u.
Etot_harm   0.114711355577 a.u.
Etot        0.114711355577 a.u.


Index     11
Atoms
 C   6.0   0.00166197  -0.01407163   0.04088165  12.00000000   0.00019596  -0.00029768  -0.00016499
 N   7.0  -0.00208477  -0.02530178   2.49419641  14.00307400  -0.00016699   0.00017215   0.00022831
 H   1.0   1.99642846   0.19548870  -1.18630280   1.00782500   0.00040147   0.00149060  -0.00121231
 H   1.0   1.39039803   0.05603631   3.51872021   1.00782500   0.00063121  -0.00094041   0.00161255
 H   1.0  -1.53162415   0.25407040   3.33293854   1.00782500   0.00168353  -0.00004355   0.00176397
 H   1.0  -1.84602461   0.01350484  -0.61220225   1.00782500  -0.00272919   0.00064582  -0.00337192
States
Ekin        0.033343648692 a.u.
Epot_harm   0.045453357680 a.u.
Epot        0.045453357680 a.u.
Etot_harm   0.078797006372 a.u.
Etot        0.078797006372 a.u.


Index     12
Atoms
 C   6.0  -0.01574156   0.04031382   0.10661291  12.00000000  -0.00006402  -0.00010945  -0.00010159
 N   7.0   0.04294422  -0.01758769   2.37556085  14.00307400  -0.00025695   0.00011102  -0.00017326
 H   1.0   1.74458066  -0.17562434  -0.44336704   1.00782500   0.00124115   0.00069968  -0.00077732
 H   1.0   1.39082399   0.05940626   3.56469222   1.00782500   0.00047019  -0.00111087   0.00000890
 H   1.0  -1.68482067   0.01986077   3.46535966   1.00782500  -0.00000582   0.00017380   0.00213260
 H   1.0  -1.85983398  -0.13928301  -0.66781776   1.00782500   0.00262688  -0.00000200   0.00225279
States
Ekin        0.020760546261 a.u.
Epot_harm   0.047385334565 a.u.
Epot        0.047385334565 a.u.
Etot_harm   0.068145880825 a.u.
Etot        0.068145880825 a.u.


Index     13
Atoms
 C   6.0  -0.01134611  -0.00540838   0.06778818  12.00000000   0.00006551  -0.00003230  -0.00001252
 N   7.0   0.01731982  -0.03931634   2.50293725  14.00307400  -0.00008607   0.00001317  -0.00006938
 H   1.0   1.80839211  -0.08059478  -1.03974305   1.00782500  -0.00226126   0.00087479   0.00155751
 H   1.0   1.47281600   0.40069136   3.27969738   1.00782500   0.00067845  -0.00059830  -0.00022947
 H   1.0  -1.68044769   0.03640601   3.26114535   1.00782500   0.00070512   0.00060929  -0.00178732
 H   1.0  -1.70631195   0.25416909  -0.88976561   1.00782500   0.00129356  -0.00068412   0.00157226
States
Ekin        0.016670850751 a.u.
Epot_harm   0.031192217238 a.u.
Epot        0.031192217238 a.u.
Etot_harm   0.047863067989 a.u.
Etot        0.047863067989 a.u.


Index     14
Atoms
 C   6.0   0.00076480   0.00022557   0.03641920  12.00000000   0.00053989   0.00018252  -0.00043904
 N   7.0  -0.01031485  -0.01266827   2.47632934  14.00307400  -0.00038399   0.00006734   0.00009746
 H   1.0   1.68468994   0.10662933  -0.86072768   1.00782500  -0.00097816  -0.00062572   0.00287955
 H   1.0   1.67549808  -0.02769763   3.47563723   1.00782500   0.00430588  -0.00070884   0.00370183
 H   1.0  -1.61249111   0.16318144   3.58407233   1.00782500   0.00199641  -0.00039623  -0.00068126
 H   1.0  -1.61348508  -0.06878156  -0.84444314   1.00782500  -0.00641725  -0.00137799  -0.00202668
States
Ekin        0.094296255461 a.u.
Epot_harm   0.013413174046 a.u.
Epot        0.013413174046 a.u.
Etot_harm   0.107709429506 a.u.
Etot        0.107709429506 a.u.


Index     15
Atoms
 C   6.0  -0.01631570  -0.00653126   0.08128564  12.00000000  -0.00030910  -0.00020637   0.00039555
 N   7.0  -0.00089773  -0.01026034   2.50406303  14.00307400   0.00030962   0.00024269  -0.00040837
 H   1.0   1.69831844  -0.08296395  -1.05940318   1.00782500  -0.00113744   0.00071109   0.00026180
 H   1.0   1.63471743   0.20451546   3.22709804   1.00782500   0.00058290  -0.00104381   0.00258696
 H   1.0  -1.61308567  -0.07651765   3.44229671   1.00782500  -0.00133031  -0.00097357  -0.00042334
 H   1.0  -1.51320856   0.17529348  -1.17501145   1.00782500   0.00126330   0.00039142  -0.00146107
States
Ekin        0.022747462024 a.u.
Epot_harm   0.017921002746 a.u.
Epot        0.017921002746 a.u.
Etot_harm   0.040668464769 a.u.
Etot        0.040668464769 a.u.


Index     16
Atoms
 C   6.0   0.02511946  -0.02965576   0.06632948  12.00000000   0.00001762   0.00011004   0.00000050
 N   7.0  -0.01111792  -0.01350078   2.46525788  14.00307400  -0.00037883  -0.00010147  -0.00025665
 H   1.0   1.70689280   0.21648113  -0.88281299   1.00782500  -0.00116627  -0.00005044   0.00082365
 H   1.0   1.50548864   0.04866102   3.34888477   1.00782500   0.00382450   0.00017306   0.00456567
 H   1.0  -1.52895134   0.17706340   3.73200788   1.00782500   0.00262088   0.00058726  -0.00258010
 H   1.0  -1.82804696   0.09848503  -1.04584671   1.00782500  -0.00022522  -0.00061036   0.00075072
States
Ekin        0.051092305517 a.u.
Epot_harm   0.018507224064 a.u.
Epot        0.018507224064 a.u.
Etot_harm   0.069599529581 a.u.
Etot        0.069599529581 a.u.


Index     17
Atoms
 C   6.0  -0.02044416   0.04965448   0.04360394  12.00000000   0.00009860  -0.00003538   0.00027317
 N   7.0  -0.00796331  -0.02164224   2.49218778  14.00307400  -0.00004204   0.00003169  -0.00012456
 H   1.0   1.54004093  -0.34263522  -0.85980317   1.00782500  -0.00112260  -0.00047272  -0.00072219
 H   1.0   1.64671420   0.21048505   3.42354156   1.00782500   0.00000101   0.00057610  -0.00114125
 H   1.0  -1.46830201  -0.11307240   3.61585352   1.00782500  -0.00053208  -0.00072470   0.00050796
 H   1.0  -1.36438301  -0.04529998  -1.13094329   1.00782500   0.00106385   0.00060220  -0.00016640
States
Ekin        0.006899866391 a.u.
Epot_harm   0.039395406850 a.u.
Epot        0.039395406850 a.u.
Etot_harm   0.046295273241 a.u.
Etot        0.046295273241 a.u.


Index     18
Atoms
 C   6.0   0.04654564   0.02975316   0.02962487  12.00000000  -0.00047012   0.00022451  -0.00001004
 N   7.0  -0.04799236  -0.00212779   2.49035989  14.00307400  -0.00009903  -0.00023265   0.00030513
 H   1.0   1.70091384  -0.19666326  -0.91267284   1.00782500   0.00281187  -0.00034618  -0.00139213
 H   1.0   1.81777630   0.03989945   3.58363566   1.00782500   0.00093149  -0.00004719   0.00003087
 H   1.0  -1.39685187  -0.09798841   3.33213584   1.00782500   0.00175825   0.00221178  -0.00180709
 H   1.0  -2.00922667  -0.06994934  -0.76260642   1.00782500   0.00147193  -0.00125906  -0.00095172
States
Ekin        0.029913182877 a.u.
Epot_harm   0.055733759865 a.u.
Epot        0.055733759865 a.u.
Etot_harm   0.085646942742 a.u.
Etot        0.085646942742 a.u.


Index     19
Atoms
 C   6.0   0.03179270  -0.03157079   0.09392632  12.00000000  -0.00020403  -0.00047534   0.00000964
 N   7.0  -0.00164379  -0.01793372   2.45453869  14.00307400   0.00010643   0.00020612   0.00043895
 H   1.0   1.70863342   0.18161111  -1.40752201   1.00782500   0.00027034   0.00172561  -0.00041722
 H   1.0   1.60460147   0.13019548   3.77410418   1.00782500  -0.00028916  -0.00013092   0.00012536
 H   1.0  -1.77813476   0.14836442   3.45298856   1.00782500   0.00214235  -0.00084980  -0.00317973
 H   1.0  -1.89081101   0.16491439  -0.84699255   1.00782500  -0.00117296   0.00205094  -0.00274203
States
Ekin        0.035401474236 a.u.
Epot_harm   0.033405347702 a.u.
Epot        0.033405347702 a.u.
Etot_harm   0.068806821937 a.u.
Etot        0.068806821937 a.u.


Index     20
Atoms
 C   6.0   0.01468281   0.09813997   0.07125066  12.00000000   0.00016607  -0.00007509  -0.00093585
 N   7.0   0.01051362  -0.03226360   2.48862492  14.00307400  -0.00000160  -0.00002689   0.00067553
 H   1.0   1.55933866  -0.27909339  -1.13183732   1.00782500  -0.00287130   0.00004543  -0.00044493
 H   1.0   1.50546657  -0.09168978   3.57706170   1.00782500  -0.00072271   0.00072561   0.00097951
 H   1.0  -1.61351903   0.17129713   3.48098539   1.00782500  -0.00008993  -0.00074750  -0.00071218
 H   1.0  -1.77219184  -0.52076799  -1.15724236   1.00782500   0.00172875   0.00124423   0.00193448
States
Ekin        0.034060666336 a.u.
Epot_harm   0.028601184559 a.u.
Epot        0.028601184559 a.u.
Etot_harm   0.062661850895 a.u.
Etot        0.062661850895 a.u.


Index     21
Atoms
 C   6.0   0.00882718  -0.04538888   0.05760957  12.00000000  -0.00060955   0.00012415   0.00004643
 N   7.0   0.00505765   0.06373422   2.46423880  14.00307400   0.00014012  -0.00012114  -0.00015289
 H   1.0   1.72028755   0.01614642  -0.64485852   1.00782500   0.00333380   0.00016036  -0.00355152
 H   1.0   1.64487113  -0.18059526   3.38095051   1.00782500   0.00031516   0.00036187   0.00288220
 H   1.0  -1.63274455  -0.38062602   3.71937172   1.00782500  -0.00130585   0.00021873   0.00207241
 H   1.0  -1.90779067   0.19996685  -1.18524484   1.00782500   0.00296783  -0.00053606   0.00016834
States
Ekin        0.048812061258 a.u.
Epot_harm   0.038977816813 a.u.
Epot        0.038977816813 a.u.
Etot_harm   0.087789878072 a.u.
Etot        0.087789878072 a.u.


Index     22
Atoms
 C   6.0   0.00495072  -0.00625409   0.08507789  12.00000000  -0.00027547   0.00041703   0.00002152
 N   7.0   0.01051403   0.00033365   2.45253518  14.00307400  -0.00042974  -0.00026152  -0.00045731
 H   1.0   1.77759617   0.04523814  -0.72478085   1.00782500   0.00336157  -0.00162293   0.00141087
 H   1.0   1.64678303  -0.01182557   3.39832268   1.00782500   0.00237885   0.00096056   0.00064443
 H   1.0  -1.67775108   0.02525619   3.40695517   1.00782500   0.00195993   0.00080053   0.00101037
 H   1.0  -1.95166110   0.01116175  -0.97472459   1.00782500   0.00155058  -0.00147013   0.00303216
States
Ekin        0.047405217036 a.u.
Epot_harm   0.014536867275 a.u.
Epot        0.014536867275 a.u.
Etot_harm   0.061942084311 a.u.
Etot        0.061942084311 a.u.


Index     23
Atoms
 C   6.0   0.02270227   0.02365376   0.09821557  12.00000000   0.00004366  -0.00012253  -0.00021338
 N   7.0   0.00917956  -0.00831851   2.44628734  14.00307400   0.00006001   0.00018729   0.00024650
 H   1.0   1.57636512  -0.08690088  -0.98473134   1.00782500   0.00021386   0.00065326   0.00014336
 H   1.0   1.55222968   0.00310864   3.66207256   1.00782500   0.00050272  -0.00127932  -0.00191052
 H   1.0  -1.59538906   0.02190474   3.39889660   1.00782500  -0.00235764  -0.00037773  -0.00035862
 H   1.0  -1.93106173  -0.10417355  -1.04008380   1.00782500   0.00028742  -0.00013958   0.00124149
States
Ekin        0.014361187722 a.u.
Epot_harm   0.021167751399 a.u.
Epot        0.021167751399 a.u.
Etot_harm   0.035528939121 a.u.
Etot        0.035528939121 a.u.


Index     24
Atoms
 C   6.0   0.03384342   0.01792509   0.00986264  12.00000000  -0.00018878   0.00012054  -0.00043416
 N   7.0  -0.03388109   0.00534098   2.51821771  14.00307400  -0.00008222  -0.00023927   0.00047207
 H   1.0   1.67368427   0.06221128  -1.17997000   1.00782500   0.00154938  -0.00133443  -0.00030094
 H   1.0   1.53833601  -0.21952046   3.50302728   1.00782500   0.00228807   0.00218408   0.00033286
 H   1.0  -1.43652294   0.11337322   3.64314397   1.00782500  -0.00041368  -0.00001315  -0.00084223
 H   1.0  -1.70770945  -0.24370437  -0.87746978   1.00782500  -0.00003355   0.00105267  -0.00057925
States
Ekin        0.021660982719 a.u.
Epot_harm   0.017655721968 a.u.
Epot        0.017655721968 a.u.
Etot_harm   0.039316704688 a.u.
Etot        0.039316704688 a.u.


Index     25
Atoms
 C   6.0  -0.01956730   0.03311369   0.02084483  12.00000000  -0.00020600   0.00007304  -0.00006374
 N   7.0   0.00054633  -0.00734051   2.54013426  14.00307400  -0.00027877  -0.00017683   0.00023440
 H   1.0   1.86558094  -0.24202831  -1.08157040   1.00782500   0.00110278  -0.00050167  -0.00170228
 H   1.0   1.64151876   0.10483557   3.38432452   1.00782500  -0.00017691   0.00109643  -0.00084492
 H   1.0  -1.61131365  -0.11606660   3.43902911   1.00782500   0.00283968   0.00075510  -0.00124829
 H   1.0  -1.67039247  -0.03902806  -1.08833110   1.00782500   0.00256057   0.00023749   0.00129764
States
Ekin        0.025499785543 a.u.
Epot_harm   0.016609679231 a.u.
Epot        0.016609679231 a.u.
Etot_harm   0.042109464774 a.u.
Etot        0.042109464774 a.u.


Index     26
Atoms
 C   6.0  -0.02910622  -0.01931331   0.10877209  12.00000000   0.00028106   0.00001499  -0.00039803
 N   7.0   0.02478731   0.05005866   2.43235398  14.00307400  -0.00007014   0.00026269   0.00029488
 H   1.0   1.66226785  -0.06662581  -0.97894764   1.00782500   0.00094815  -0.00174981   0.00178454
 H   1.0   1.63204382  -0.15941715   3.77476676   1.00782500  -0.00261470  -0.00032190  -0.00292298
 H   1.0  -1.63648506  -0.32582710   3.47284052   1.00782500   0.00161369  -0.00235499   0.00067299
 H   1.0  -1.65566748   0.08629773  -1.16460536   1.00782500  -0.00231913   0.00059829   0.00110752
States
Ekin        0.039807889607 a.u.
Epot_harm   0.024658078592 a.u.
Epot        0.024658078592 a.u.
Etot_harm   0.064465968200 a.u.
Etot        0.064465968200 a.u.


Index     27
Atoms
 C   6.0  -0.07910214   0.01514148   0.07132727  12.00000000  -0.00015405  -0.00017207  -0.00038927
 N   7.0   0.04609022  -0.02390217   2.46567212  14.00307400  -0.00003684  -0.00007111   0.00040626
 H   1.0   1.93283865   0.01747777  -0.87557727   1.00782500   0.00078014   0.00022633  -0.00098641
 H   1.0   1.49584231   0.05407803   3.59844790   1.00782500   0.00010816   0.00130848   0.00182423
 H   1.0  -1.63959753   0.16151242   3.43203514   1.00782500   0.00166671  -0.00008718  -0.00038954
 H   1.0  -1.48762154  -0.08125012  -1.06793629   1.00782500  -0.00020892   0.00158916  -0.00145800
States
Ekin        0.017581830892 a.u.
Epot_harm   0.029962936055 a.u.
Epot        0.029962936055 a.u.
Etot_harm   0.047544766947 a.u.
Etot        0.047544766947 a.u.


Index     28
Atoms
 C   6.0   0.06609545  -0.06054687   0.05309559  12.00000000   0.00008223   0.00008045   0.00029043
 N   7.0  -0.01111322   0.03890112   2.48673226  14.00307400   0.00019252  -0.00008599   0.00032194
 H   1.0   1.70873890   0.25728494  -1.05106695   1.00782500  -0.00185656  -0.00066693  -0.00134477
 H   1.0   1.56396830  -0.17064697   3.17293987   1.00782500  -0.00153308   0.00071752  -0.00147059
 H   1.0  -1.91460070  -0.08254696   3.56702107   1.00782500   0.00038251  -0.00008948  -0.00225521
 H   1.0  -1.99068274   0.17632436  -0.67746002   1.00782500  -0.00064691   0.00027569  -0.00286067
States
Ekin        0.025626903427 a.u.
Epot_harm   0.053337653784 a.u.
Epot        0.053337653784 a.u.
Etot_harm   0.078964557211 a.u.
Etot        0.078964557211 a.u.


Index     29
Atoms
 C   6.0   0.04693910  -0.00396899   0.02172578  12.00000000  -0.00007924  -0.00000683  -0.00036284
 N   7.0  -0.03760363   0.01917278   2.52591525  14.00307400  -0.00022654  -0.00005743   0.00033277
 H   1.0   1.66005345  -0.24759403  -1.29609193   1.00782500   0.00118242  -0.00006432  -0.00172421
 H   1.0   1.85009808   0.15880513   3.49444353   1.00782500   0.00077350   0.00047415  -0.00023782
 H   1.0  -1.74459431  -0.35398342   3.62842158   1.00782500   0.00048236   0.00037609  -0.00022440
 H   1.0  -1.80197512   0.22363709  -0.98624645   1.00782500   0.00165286   0.00009337   0.00188307
States
Ekin        0.014627318471 a.u.
Epot_harm   0.035913400694 a.u.
Epot        0.035913400694 a.u.
Etot_harm   0.050540719165 a.u.
Etot        0.050540719165 a.u.


Index     30
Atoms
 C   6.0   0.02013538  -0.01502949   0.05766638  12.00000000  -0.00033803   0.00033251  -0.00027635
 N   7.0  -0.02622093  -0.00902675   2.48686468  14.00307400  -0.00013224  -0.00040533   0.00012117
 H   1.0   1.64788938   0.02164376  -1.19201967   1.00782500   0.00011468  -0.00114522  -0.00076194
 H   1.0   1.57563775   0.13597678   3.46907328   1.00782500   0.00107842   0.00210614   0.00239977
 H   1.0  -1.50160497   0.00188966   3.63513700   1.00782500   0.00172673   0.00139938  -0.00209535
 H   1.0  -1.59734795   0.14486422  -0.95702010   1.00782500   0.00294243  -0.00068757   0.00206440
States
Ekin        0.038868206880 a.u.
Epot_harm   0.010668812573 a.u.
Epot        0.010668812573 a.u.
Etot_harm   0.049537019453 a.u.
Etot        0.049537019453 a.u.


Index     31
Atoms
 C   6.0   0.04551329   0.02926274   0.05331289  12.00000000  -0.00020165  -0.00010498   0.00035799
 N   7.0  -0.00167116  -0.04465946   2.47563880  14.00307400   0.00007480   0.00013663  -0.00061034
 H   1.0   1.71398789  -0.09871909  -1.21210662   1.00782500   0.00061831   0.00103138   0.00187303
 H   1.0   1.55053615   0.23782090   3.64788608   1.00782500   0.00043486  -0.00149921   0.00100689
 H   1.0  -1.77841339   0.16235040   3.42705309   1.00782500  -0.00013340   0.00064518   0.00096101
 H   1.0  -2.00480997  -0.02936449  -0.69984945   1.00782500   0.00044195  -0.00082576   0.00037678
States
Ekin        0.016973008254 a.u.
Epot_harm   0.017466130150 a.u.
Epot        0.017466130150 a.u.
Etot_harm   0.034439138404 a.u.
Etot        0.034439138404 a.u.


Index     32
Atoms
 C   6.0   0.03271737   0.03191260   0.02725427  12.00000000  -0.00010055  -0.00000785   0.00036807
 N   7.0  -0.00026156  -0.04644416   2.50405589  14.00307400   0.00011345   0.00010675   0.00022657
 H   1.0   1.57964216   0.01246790  -1.28451292   1.00782500   0.00077957  -0.00036055  -0.00218563
 H   1.0   1.53473498   0.11262657   3.75042588   1.00782500  -0.00130072  -0.00026375  -0.00084572
 H   1.0  -1.68627274   0.29950864   3.51537248   1.00782500   0.00122566  -0.00093296  -0.00181642
 H   1.0  -1.81403034  -0.15926951  -0.90286378   1.00782500  -0.00108362   0.00016753  -0.00268286
States
Ekin        0.022855858079 a.u.
Epot_harm   0.015544130018 a.u.
Epot        0.015544130018 a.u.
Etot_harm   0.038399988097 a.u.
Etot        0.038399988097 a.u.


Index     33
Atoms
 C   6.0  -0.06800785  -0.02520824   0.05929815  12.00000000   0.00016247   0.00012942   0.00010826
 N   7.0   0.09221069   0.01326236   2.46408059  14.00307400   0.00000963  -0.00016455  -0.00021523
 H   1.0   1.90438272   0.07390971  -0.66483934   1.00782500  -0.00146557  -0.00068469  -0.00138624
 H   1.0   1.30887681  -0.01412093   3.59738876   1.00782500  -0.00155814   0.00130068   0.00218729
 H   1.0  -1.87923118  -0.05977598   3.39578280   1.00782500   0.00077303   0.00010436  -0.00011832
 H   1.0  -1.80547805   0.11586545  -1.07602081   1.00782500   0.00018237   0.00002496   0.00101880
States
Ekin        0.015485351298 a.u.
Epot_harm   0.050687780182 a.u.
Epot        0.050687780182 a.u.
Etot_harm   0.066173131480 a.u.
Etot        0.066173131480 a.u.


Index     34
Atoms
 C   6.0  -0.00684613  -0.07071845   0.05297199  12.00000000   0.00004226   0.00007589  -0.00086890
 N   7.0   0.00371369   0.03116728   2.50300217  14.00307400  -0.00023216   0.00007970   0.00034194
 H   1.0   1.57007963   0.39647513  -0.82541601   1.00782500  -0.00105559   0.00018000   0.00051352
 H   1.0   1.71292168  -0.20263304   3.42966815   1.00782500   0.00213435  -0.00139664   0.00143819
 H   1.0  -1.57058852   0.06019852   3.34491143   1.00782500  -0.00020699   0.00055268   0.00064261
 H   1.0  -1.68249646   0.15494269  -1.16231780   1.00782500   0.00185075  -0.00134707   0.00300048
States
Ekin        0.033603999559 a.u.
Epot_harm   0.027743626248 a.u.
Epot        0.027743626248 a.u.
Etot_harm   0.061347625807 a.u.
Etot        0.061347625807 a.u.


Index     35
Atoms
 C   6.0   0.01238193   0.02146563   0.07373869  12.00000000   0.00024957   0.00013252  -0.00032122
 N   7.0   0.00105783  -0.01409089   2.50343115  14.00307400   0.00010625   0.00015227   0.00025107
 H   1.0   1.72054137   0.00927586  -1.29745152   1.00782500  -0.00244863  -0.00081822   0.00271658
 H   1.0   1.61598317  -0.04673258   3.58688234   1.00782500  -0.00240556  -0.00104321  -0.00303285
 H   1.0  -1.65375708   0.13971327   3.25630079   1.00782500   0.00016213  -0.00101028   0.00114314
 H   1.0  -1.84489482  -0.16206040  -1.01211173   1.00782500   0.00024431  -0.00082197  -0.00049058
States
Ekin        0.033980133207 a.u.
Epot_harm   0.017707647972 a.u.
Epot        0.017707647972 a.u.
Etot_harm   0.051687781179 a.u.
Etot        0.051687781179 a.u.


Index     36
Atoms
 C   6.0  -0.01725688   0.05913774   0.14260663  12.00000000   0.00020218   0.00026613  -0.00009316
 N   7.0   0.00601220   0.00949278   2.41837266  14.00307400   0.00007085  -0.00006566  -0.00033316
 H   1.0   1.71177841  -0.13541803  -1.10770943   1.00782500  -0.00192519  -0.00060710   0.00159913
 H   1.0   1.54075366  -0.29593212   3.65804926   1.00782500  -0.00185013  -0.00016904   0.00119801
 H   1.0  -1.48611351   0.03305538   3.38691931   1.00782500   0.00051146  -0.00026354   0.00136516
 H   1.0  -1.64447950  -0.43774423  -1.04180554   1.00782500  -0.00012785  -0.00121674   0.00157598
States
Ekin        0.019285816253 a.u.
Epot_harm   0.030845629946 a.u.
Epot        0.030845629946 a.u.
Etot_harm   0.050131446199 a.u.
Etot        0.050131446199 a.u.


Index     37
Atoms
 C   6.0  -0.00274780   0.01421771   0.12663712  12.00000000  -0.00018955   0.00011633   0.00009703
 N   7.0   0.00825405  -0.03465503   2.42559135  14.00307400   0.00013043   0.00005825  -0.00006012
 H   1.0   1.65381211   0.02993450  -0.88695508   1.00782500  -0.00011455  -0.00125310   0.00037439
 H   1.0   1.62529260   0.12259284   3.46964548   1.00782500  -0.00060059   0.00001800  -0.00141387
 H   1.0  -1.63919817   0.21103094   3.35279833   1.00782500  -0.00095652  -0.00113745  -0.00196970
 H   1.0  -1.72187359  -0.05133699  -0.95018797   1.00782500   0.00211641   0.00017813   0.00268910
States
Ekin        0.021124992965 a.u.
Epot_harm   0.010049838623 a.u.
Epot        0.010049838623 a.u.
Etot_harm   0.031174831588 a.u.
Etot        0.031174831588 a.u.


Index     38
Atoms
 C   6.0  -0.02118489  -0.03585586   0.07869787  12.00000000  -0.00000397   0.00030117  -0.00019468
 N   7.0   0.02115538   0.02638230   2.45288182  14.00307400   0.00037666  -0.00067225   0.00026929
 H   1.0   1.81909079  -0.21312231  -0.56112268   1.00782500   0.00004570  -0.00036379  -0.00001266
 H   1.0   1.59320160   0.27295678   3.26476692   1.00782500  -0.00053468   0.00345443   0.00048490
 H   1.0  -1.66042238  -0.45883566   3.62628759   1.00782500  -0.00256618   0.00295226  -0.00048470
 H   1.0  -1.79356551   0.45936586  -1.15300984   1.00782500  -0.00213109  -0.00028829  -0.00141112
States
Ekin        0.041861995256 a.u.
Epot_harm   0.038999040842 a.u.
Epot        0.038999040842 a.u.
Etot_harm   0.080861036097 a.u.
Etot        0.080861036097 a.u.


Index     39
Atoms
 C   6.0  -0.01867746  -0.01548321   0.05766602  12.00000000   0.00020131   0.00011177   0.00011120
 N   7.0   0.00525302   0.02698680   2.47793828  14.00307400  -0.00013298  -0.00004560  -0.00000863
 H   1.0   1.89858992   0.07266115  -1.04859083   1.00782500  -0.00126765   0.00004485  -0.00039590
 H   1.0   1.67709046  -0.17185123   3.60052844   1.00782500  -0.00101642  -0.00044552  -0.00069201
 H   1.0  -1.67340329  -0.07594830   3.58720245   1.00782500   0.00148579   0.00061889   0.00036771
 H   1.0  -1.75287498  -0.01546978  -1.05993871   1.00782500   0.00024896  -0.00091543  -0.00048388
States
Ekin        0.007708258914 a.u.
Epot_harm   0.016316290860 a.u.
Epot        0.016316290860 a.u.
Etot_harm   0.024024549774 a.u.
Etot        0.024024549774 a.u.


Index     40
Atoms
 C   6.0   0.02578602  -0.01183825   0.04299712  12.00000000  -0.00010780   0.00018445   0.00017207
 N   7.0  -0.00988660   0.00639706   2.47040069  14.00307400   0.00012205  -0.00014244   0.00033563
 H   1.0   1.68400040  -0.05553860  -0.88155044   1.00782500   0.00302861  -0.00039765  -0.00300602
 H   1.0   1.81327918   0.09037917   3.69992890   1.00782500  -0.00236036   0.00017374  -0.00432598
 H   1.0  -1.67470091  -0.12689588   3.47480596   1.00782500  -0.00166962   0.00073491   0.00161722
 H   1.0  -1.99224041   0.14412821  -0.93459309   1.00782500   0.00058904  -0.00072809  -0.00099738
States
Ekin        0.049109811857 a.u.
Epot_harm   0.038232528411 a.u.
Epot        0.038232528411 a.u.
Etot_harm   0.087342340268 a.u.
Etot        0.087342340268 a.u.


Index     41
Atoms
 C   6.0   0.00071519  -0.02387453   0.06364955  12.00000000  -0.00036104  -0.00005603   0.00029336
 N   7.0  -0.01788426  -0.00283945   2.49086064  14.00307400   0.00020578   0.00015079  -0.00023610
 H   1.0   1.80157619  -0.07241140  -1.03790530   1.00782500   0.00027512   0.00003926   0.00094917
 H   1.0   1.54836403   0.25072274   3.38323243   1.00782500  -0.00148422  -0.00078809   0.00083917
 H   1.0  -1.40883264  -0.15526337   3.49827186   1.00782500   0.00157244  -0.00063676  -0.00179528
 H   1.0  -1.70113294   0.30067427  -1.01519028   1.00782500   0.00107629  -0.00004237  -0.00020563
States
Ekin        0.014795471717 a.u.
Epot_harm   0.019157477725 a.u.
Epot        0.019157477725 a.u.
Etot_harm   0.033952949442 a.u.
Etot        0.033952949442 a.u.


Index     42
Atoms
 C   6.0  -0.00048271   0.01474337   0.05254546  12.00000000   0.00003803   0.00006339  -0.00023726
 N   7.0  -0.01908614   0.03652457   2.50857521  14.00307400  -0.00046734  -0.00003769   0.00036167
 H   1.0   1.90095583  -0.14907553  -1.00800744   1.00782500  -0.00072330  -0.00104353  -0.00069061
 H   1.0   1.80628011  -0.19034057   3.30793451   1.00782500   0.00015534   0.00059579  -0.00203397
 H   1.0  -1.64044047  -0.24216175   3.45484968   1.00782500   0.00350383  -0.00018522  -0.00079695
 H   1.0  -1.79585851  -0.10145406  -1.04028615   1.00782500   0.00310466   0.00040180   0.00132138
States
Ekin        0.033860208123 a.u.
Epot_harm   0.016253141512 a.u.
Epot        0.016253141512 a.u.
Etot_harm   0.050113349635 a.u.
Etot        0.050113349635 a.u.


Index     43
Atoms
 C   6.0   0.05177676  -0.02890404   0.07385924  12.00000000   0.00013344   0.00006411  -0.00078116
 N   7.0  -0.01787935   0.04740722   2.46878384  14.00307400  -0.00046738  -0.00013805   0.00060174
 H   1.0   1.73449602  -0.07728231  -1.15439229   1.00782500   0.00223396  -0.00151554  -0.00292012
 H   1.0   1.60067654  -0.06805071   3.49688615   1.00782500   0.00049260   0.00172502   0.00223499
 H   1.0  -1.67734168  -0.36261533   3.55098500   1.00782500   0.00305582  -0.00036979   0.00075681
 H   1.0  -2.02590604   0.19341126  -0.87989239   1.00782500  -0.00087738   0.00131513   0.00086866
States
Ekin        0.049072396792 a.u.
Epot_harm   0.025318871864 a.u.
Epot        0.025318871864 a.u.
Etot_harm   0.074391268655 a.u.
Etot        0.074391268655 a.u.


Index     44
Atoms
 C   6.0   0.03898930  -0.00789983   0.07520285  12.00000000   0.00016792   0.00009202   0.00015229
 N   7.0  -0.01718761   0.01203152   2.48533753  14.00307400  -0.00009386   0.00000770   0.00046554
 H   1.0   1.76458490   0.05426310  -1.29586784   1.00782500   0.00015509  -0.00030817  -0.00299274
 H   1.0   1.51374900  -0.09407487   3.51963017   1.00782500  -0.00072284  -0.00035084  -0.00281074
 H   1.0  -1.57203505  -0.01368821   3.18744031   1.00782500   0.00013369   0.00008979  -0.00125816
 H   1.0  -1.93172718  -0.01960823  -0.64361708   1.00782500  -0.00026123  -0.00063340  -0.00121997
States
Ekin        0.023003930909 a.u.
Epot_harm   0.025482094867 a.u.
Epot        0.025482094867 a.u.
Etot_harm   0.048486025777 a.u.
Etot        0.048486025777 a.u.


Index     45
Atoms
 C   6.0   0.02889605  -0.03548345   0.07160930  12.00000000  -0.00012459   0.00025797  -0.00026808
 N   7.0  -0.02108306  -0.04217201   2.46578030  14.00307400  -0.00000287  -0.00008933   0.00040002
 H   1.0   1.67758407   0.04003563  -0.92727844   1.00782500   0.00044778  -0.00147850  -0.00346042
 H   1.0   1.83320432   0.48089049   3.34845440   1.00782500  -0.00236689   0.00052829  -0.00015449
 H   1.0  -1.78017779   0.06871035   3.33938801   1.00782500   0.00058730  -0.00028450   0.00124383
 H   1.0  -1.78173561   0.41881160  -0.67845567   1.00782500   0.00285512  -0.00059570   0.00000508
States
Ekin        0.032095109494 a.u.
Epot_harm   0.031733010026 a.u.
Epot        0.031733010026 a.u.
Etot_harm   0.063828119521 a.u.
Etot        0.063828119521 a.u.


Index     46
Atoms
 C   6.0  -0.02231691  -0.00668909   0.10579101  12.00000000   0.00006663   0.00007972  -0.00077215
 N   7.0  -0.00225228  -0.07130257   2.42439115  14.00307400  -0.00017843  -0.00001533   0.00034574
 H   1.0   1.99795611   0.24258125  -0.81790964   1.00782500  -0.00289911  -0.00158046   0.00308899
 H   1.0   1.59243476   0.28381709   3.26800053   1.00782500   0.00208147   0.00159968   0.00032392
 H   1.0  -1.63321024   0.50039819   3.65476003   1.00782500   0.00092031  -0.00137325  -0.00009934
 H   1.0  -1.66016306   0.04355223  -0.85466304   1.00782500   0.00158323   0.00061782   0.00107638
States
Ekin        0.040143420608 a.u.
Epot_harm   0.036575635730 a.u.
Epot        0.036575635730 a.u.
Etot_harm   0.076719056338 a.u.
Etot        0.076719056338 a.u.


Index     47
Atoms
 C   6.0   0.02389860   0.06224559   0.07822700  12.00000000  -0.00007557  -0.00004048   0.00035358
 N   7.0  -0.00994596  -0.01368880   2.44380092  14.00307400   0.00033749   0.00001404  -0.00021686
 H   1.0   1.76311057  -0.27598751  -1.05742531   1.00782500  -0.00109191  -0.00026808   0.00129619
 H   1.0   1.57529330   0.00154040   3.39441501   1.00782500  -0.00249187   0.00058665   0.00097081
 H   1.0  -1.77374377  -0.02382887   3.70944051   1.00782500   0.00129740  -0.00054131  -0.00215121
 H   1.0  -1.71102403  -0.25267457  -0.73772863   1.00782500  -0.00150305   0.00050960  -0.00131260
States
Ekin        0.023077549513 a.u.
Epot_harm   0.032308081440 a.u.
Epot        0.032308081440 a.u.
Etot_harm   0.055385630954 a.u.
Etot        0.055385630954 a.u.


Index     48
Atoms
 C   6.0  -0.03334450  -0.01397771   0.05730904  12.00000000   0.00030680   0.00023264  -0.00077836
 N   7.0  -0.01303112   0.03868785   2.51389294  14.00307400   0.00007371   0.00002152   0.00045237
 H   1.0   1.65622503   0.14771488  -0.78876941   1.00782500  -0.00168340   0.00012439   0.00120826
 H   1.0   1.74540926  -0.34601073   3.12222122   1.00782500  -0.00205246  -0.00123821  -0.00089601
 H   1.0  -1.47566658  -0.03159180   3.31877694   1.00782500  -0.00040811   0.00035900   0.00114722
 H   1.0  -1.34788142  -0.14122472  -1.06834361   1.00782500  -0.00053321  -0.00231412   0.00152293
States
Ekin        0.029942867207 a.u.
Epot_harm   0.056993967372 a.u.
Epot        0.056993967372 a.u.
Etot_harm   0.086936834579 a.u.
Etot        0.086936834579 a.u.


Index     49
Atoms
 C   6.0   0.02478801   0.01166771   0.11577245  12.00000000   0.00039401  -0.00009492  -0.00040032
 N   7.0  -0.02697831  -0.01058750   2.43430108  14.00307400  -0.00034913   0.00019950   0.00001075
 H   1.0   1.55512540   0.19393939  -1.13569254   1.00782500  -0.00058412   0.00055907   0.00063833
 H   1.0   1.76025276  -0.21020579   3.42611499   1.00782500   0.00104787  -0.00115877   0.00080251
 H   1.0  -1.70627391   0.29220599   3.25112311   1.00782500   0.00107974  -0.00079022   0.00095255
 H   1.0  -1.52940478  -0.26775855  -0.54789694   1.00782500  -0.00138402  -0.00025177   0.00222381
States
Ekin        0.018324328355 a.u.
Epot_harm   0.050569000924 a.u.
Epot        0.050569000924 a.u.
Etot_harm   0.068893329279 a.u.
Etot        0.068893329279 a.u.


Index     50
Atoms
 C   6.0   0.02691586   0.01738256   0.11733026  12.00000000   0.00065192   0.00005554  -0.00017351
 N   7.0  -0.00341558  -0.03414351   2.46975207  14.00307400   0.00000120   0.00002225   0.00007263
 H   1.0   1.67952721   0.19210115  -1.31746190   1.00782500  -0.00138271  -0.00094384  -0.00003409
 H   1.0   1.47860104  -0.07762348   3.46953746   1.00782500   0.00090972   0.00030540  -0.00006123
 H   1.0  -1.58805211   0.39714166   3.38950457   1.00782500  -0.00342266  -0.00042910   0.00302561
 H   1.0  -1.84310133  -0.24418860  -1.05904857   1.00782500  -0.00388333   0.00009704  -0.00187355
States
Ekin        0.045020304085 a.u.
Epot_harm   0.030566120268 a.u.
Epot        0.030566120268 a.u.
Etot_harm   0.075586424353 a.u.
Etot        0.075586424353 a.u.


Index     51
Atoms
 C   6.0   0.02815285  -0.00749593   0.05154753  12.00000000  -0.00005199  -0.00017029   0.00008730
 N   7.0  -0.01950454  -0.03453609   2.51586395  14.00307400   0.00039296   0.00002356  -0.00014276
 H   1.0   1.62203251   0.07234299  -0.90602429   1.00782500   0.00080766   0.00129578   0.00070489
 H   1.0   1.78877796   0.21366724   3.18055944   1.00782500   0.00182556  -0.00061522   0.00258966
 H   1.0  -1.68789162   0.17775455   3.11574830   1.00782500  -0.00374265   0.00091657  -0.00071960
 H   1.0  -1.78712701   0.10534445  -0.76518288   1.00782500  -0.00373137   0.00010308  -0.00163095
States
Ekin        0.044206948971 a.u.
Epot_harm   0.035337304257 a.u.
Epot        0.035337304257 a.u.
Etot_harm   0.079544253228 a.u.
Etot        0.079544253228 a.u.


Index     52
Atoms
 C   6.0  -0.01049434   0.00450154   0.03415323  12.00000000  -0.00008584  -0.00016111   0.00056519
 N   7.0   0.02385847  -0.01497255   2.49347065  14.00307400   0.00004529  -0.00000941  -0.00037809
 H   1.0   1.54693874   0.06282024  -0.95255279   1.00782500   0.00165426   0.00173667  -0.00016915
 H   1.0   1.65598506   0.00911470   3.77668318   1.00782500  -0.00311125  -0.00054849  -0.00213275
 H   1.0  -1.70026004   0.13949141   3.28676089   1.00782500   0.00192388   0.00118957   0.00040083
 H   1.0  -1.70920732  -0.05699166  -0.96753948   1.00782500  -0.00007401  -0.00032873   0.00042480
States
Ekin        0.029555180308 a.u.
Epot_harm   0.019858400436 a.u.
Epot        0.019858400436 a.u.
Etot_harm   0.049413580744 a.u.
Etot        0.049413580744 a.u.


Index     53
Atoms
 C   6.0   0.04479438  -0.01971768   0.04674635  12.00000000  -0.00001714  -0.00046035  -0.00056580
 N   7.0  -0.02187858  -0.00145599   2.50756835  14.00307400   0.00015972   0.00008257   0.00043487
 H   1.0   1.48217103  -0.07556975  -1.25736902   1.00782500  -0.00078076   0.00176823  -0.00244881
 H   1.0   1.56216984   0.21792575   3.45238326   1.00782500  -0.00198050   0.00085576  -0.00077602
 H   1.0  -1.60802925  -0.14863823   3.50540344   1.00782500  -0.00241394  -0.00045120   0.00328187
 H   1.0  -1.66568203   0.26128719  -0.90288833   1.00782500   0.00315998   0.00216119   0.00063765
States
Ekin        0.051854632505 a.u.
Epot_harm   0.018137045593 a.u.
Epot        0.018137045593 a.u.
Etot_harm   0.069991678098 a.u.
Etot        0.069991678098 a.u.


Index     54
Atoms
 C   6.0  -0.00554422  -0.06366844   0.03999221  12.00000000   0.00039509  -0.00039985  -0.00039831
 N   7.0   0.01522048   0.00425241   2.51304258  14.00307400  -0.00000952   0.00018809   0.00056612
 H   1.0   1.87757964   0.28941578  -0.96348788   1.00782500   0.00034194   0.00132739  -0.00139672
 H   1.0   1.59852279   0.05976205   3.22033172   1.00782500  -0.00313691  -0.00062192  -0.00256256
 H   1.0  -1.85554231   0.06777436   3.37947845   1.00782500   0.00024991  -0.00044025  -0.00010703
 H   1.0  -1.76602466   0.28205252  -0.83443343   1.00782500  -0.00202703   0.00188243   0.00094299
States
Ekin        0.036911302111 a.u.
Epot_harm   0.033147985008 a.u.
Epot        0.033147985008 a.u.
Etot_harm   0.070059287119 a.u.
Etot        0.070059287119 a.u.


Index     55
Atoms
 C   6.0   0.00497042   0.02333925   0.02844836  12.00000000  -0.00014604   0.00012372   0.00039071
 N   7.0  -0.01185995  -0.01026401   2.47950709  14.00307400   0.00033013   0.00021955  -0.00018129
 H   1.0   1.83547386  -0.12839170  -0.90584841   1.00782500  -0.00168033  -0.00099895  -0.00050644
 H   1.0   1.55310527   0.06404410   3.47909258   1.00782500   0.00024259  -0.00117885  -0.00011426
 H   1.0  -1.52791457  -0.01727496   3.89766722   1.00782500  -0.00272621  -0.00133493   0.00026948
 H   1.0  -1.75506020  -0.05366218  -1.06561791   1.00782500   0.00131589  -0.00101081  -0.00178204
States
Ekin        0.023601874813 a.u.
Epot_harm   0.015237758895 a.u.
Epot        0.015237758895 a.u.
Etot_harm   0.038839633707 a.u.
Etot        0.038839633707 a.u.


Index     56
Atoms
 C   6.0   0.03863922  -0.01254328   0.06726688  12.00000000   0.00023763   0.00004185   0.00054114
 N   7.0  -0.04643944   0.02270738   2.47140332  14.00307400  -0.00013321  -0.00004997  -0.00057934
 H   1.0   1.64506837   0.05204350  -0.86988499   1.00782500  -0.00096987   0.00081259   0.00110789
 H   1.0   1.82061073  -0.13778378   3.16393496   1.00782500  -0.00105679  -0.00075059  -0.00020331
 H   1.0  -1.59278163  -0.07204037   3.74188513   1.00782500   0.00186639   0.00099618   0.00011615
 H   1.0  -1.68772225  -0.00837296  -0.98025064   1.00782500  -0.00081828  -0.00086217   0.00058548
States
Ekin        0.018309836101 a.u.
Epot_harm   0.017935164080 a.u.
Epot        0.017935164080 a.u.
Etot_harm   0.036245000181 a.u.
Etot        0.036245000181 a.u.


Index     57
Atoms
 C   6.0   0.03286041   0.03996934   0.09318592  12.00000000   0.00016628  -0.00009220   0.00074991
 N   7.0   0.00041375   0.00716012   2.45585411  14.00307400   0.00007120   0.00011544  -0.00012528
 H   1.0   1.69392604  -0.27169346  -1.15310313   1.00782500  -0.00046764  -0.00006370  -0.00382726
 H   1.0   1.57253329  -0.00922789   3.53553356   1.00782500  -0.00024069  -0.00002035  -0.00005745
 H   1.0  -1.74345676  -0.17643800   3.57061687   1.00782500  -0.00099721  -0.00053901  -0.00039412
 H   1.0  -1.92001463  -0.11803404  -0.98993016   1.00782500  -0.00126366   0.00011699  -0.00290950
States
Ekin        0.031369808408 a.u.
Epot_harm   0.024176176273 a.u.
Epot        0.024176176273 a.u.
Etot_harm   0.055545984681 a.u.
Etot        0.055545984681 a.u.


Index     58
Atoms
 C   6.0  -0.04142969   0.01830654  -0.04923410  12.00000000  -0.00025003  -0.00030062  -0.00013563
 N   7.0  -0.00143733   0.01402099   2.54721887  14.00307400   0.00005200  -0.00021738   0.00006421
 H   1.0   1.84631283  -0.06109245  -0.70043361   1.00782500  -0.00091359   0.00146082  -0.00095098
 H   1.0   1.76128925  -0.14927558   3.49627825   1.00782500   0.00160379   0.00135989   0.00115919
 H   1.0  -1.54476867  -0.05116133   3.76494274   1.00782500  -0.00138717   0.00162121   0.00000039
 H   1.0  -1.54956636  -0.15125600  -1.17135340   1.00782500   0.00295153   0.00215789   0.00051407
States
Ekin        0.028369363978 a.u.
Epot_harm   0.029437520547 a.u.
Epot        0.029437520547 a.u.
Etot_harm   0.057806884525 a.u.
Etot        0.057806884525 a.u.


Index     59
Atoms
 C   6.0   0.02190380  -0.01175798   0.06308587  12.00000000  -0.00041128   0.00017899  -0.00065750
 N   7.0  -0.03467245  -0.04890824   2.49941578  14.00307400   0.00031126  -0.00012052   0.00046694
 H   1.0   1.78387802   0.14468582  -1.16101713   1.00782500   0.00111398  -0.00151529   0.00127515
 H   1.0   1.62407396   0.26388714   3.21622065   1.00782500  -0.00075301   0.00121280  -0.00060719
 H   1.0  -1.53525921   0.29353244   3.68162845   1.00782500  -0.00141320  -0.00035541   0.00123265
 H   1.0  -1.65174650   0.11744297  -1.02057983   1.00782500   0.00162454   0.00020128  -0.00055980
States
Ekin        0.024202348096 a.u.
Epot_harm   0.018890767212 a.u.
Epot        0.018890767212 a.u.
Etot_harm   0.043093115308 a.u.
Etot        0.043093115308 a.u.


Index     60
Atoms
 C   6.0   0.02776670   0.00289518   0.03724993  12.00000000   0.00014038  -0.00003844  -0.00004738
 N   7.0  -0.02513361   0.04208273   2.49246461  14.00307400   0.00009323  -0.00021819  -0.00002997
 H   1.0   1.65566754  -0.02219583  -0.96336872   1.00782500  -0.00098499  -0.00012620   0.00155088
 H   1.0   1.82560836  -0.29245906   3.70549158   1.00782500   0.00136253   0.00190456   0.00023993
 H   1.0  -1.49606908  -0.16752031   3.44210288   1.00782500  -0.00184861   0.00048976  -0.00016478
 H   1.0  -1.96660501  -0.13700952  -1.06376752   1.00782500  -0.00149575   0.00122126  -0.00064557
States
Ekin        0.016389040554 a.u.
Epot_harm   0.050472421805 a.u.
Epot        0.050472421805 a.u.
Etot_harm   0.066861462359 a.u.
Etot        0.066861462359 a.u.


Index     61
Atoms
 C   6.0  -0.01425075   0.07836968   0.05626400  12.00000000   0.00005751   0.00008072  -0.00065121
 N   7.0   0.03262276  -0.02828458   2.47653137  14.00307400  -0.00028843   0.00016585   0.00025214
 H   1.0   1.68612794  -0.44928273  -1.03332835   1.00782500  -0.00147302  -0.00066790   0.00274631
 H   1.0   1.55729352   0.19102110   3.65414977   1.00782500   0.00180156  -0.00088184  -0.00092700
 H   1.0  -1.82863938  -0.10037227   3.35939594   1.00782500   0.00080367  -0.00168337   0.00198071
 H   1.0  -1.69837289  -0.18150457  -0.86477436   1.00782500   0.00219056  -0.00003246   0.00045060
States
Ekin        0.032294629540 a.u.
Epot_harm   0.022631842214 a.u.
Epot        0.022631842214 a.u.
Etot_harm   0.054926471754 a.u.
Etot        0.054926471754 a.u.


Index     62
Atoms
 C   6.0   0.02726621  -0.00462628   0.02097560  12.00000000  -0.00016444   0.00036574  -0.00001038
 N   7.0  -0.05401973  -0.00168436   2.48496960  14.00307400   0.00022069  -0.00004622  -0.00012223
 H   1.0   1.91127827   0.05351008  -0.74837821   1.00782500   0.00073718  -0.00149140   0.00001667
 H   1.0   1.80079532  -0.01687790   3.38647554   1.00782500   0.00124430  -0.00051501   0.00085023
 H   1.0  -1.35335262   0.04756018   3.30387205   1.00782500  -0.00325098   0.00033439   0.00105258
 H   1.0  -1.93280603  -0.00570497  -0.52359717   1.00782500   0.00016114  -0.00204048  -0.00009759
States
Ekin        0.022204476329 a.u.
Epot_harm   0.056844278407 a.u.
Epot        0.056844278407 a.u.
Etot_harm   0.079048754736 a.u.
Etot        0.079048754736 a.u.


Index     63
Atoms
 C   6.0   0.02777594   0.01145045   0.10522204  12.00000000   0.00014474  -0.00015324   0.00013838
 N   7.0  -0.00926169   0.02346953   2.41576778  14.00307400  -0.00022355   0.00007466   0.00029219
 H   1.0   1.77863187  -0.24359703  -1.04873619   1.00782500  -0.00021209  -0.00067447  -0.00108261
 H   1.0   1.51853755   0.02596347   3.60749940   1.00782500  -0.00121692   0.00107715  -0.00277841
 H   1.0  -1.60056833  -0.30925349   3.49156383   1.00782500   0.00256417  -0.00152940  -0.00024459
 H   1.0  -1.89863924   0.06445463  -0.67354842   1.00782500   0.00024751   0.00191395  -0.00160190
States
Ekin        0.027580061912 a.u.
Epot_harm   0.016199319268 a.u.
Epot        0.016199319268 a.u.
Etot_harm   0.043779381180 a.u.
Etot        0.043779381180 a.u.


Index     64
Atoms
 C   6.0  -0.00288361  -0.11078278   0.05117766  12.00000000  -0.00040350   0.00005467  -0.00020300
 N   7.0  -0.02173261   0.04939991   2.48244760  14.00307400   0.00056372  -0.00009909   0.00021746
 H   1.0   1.85103775   0.30274697  -1.15188061   1.00782500   0.00071843   0.00042543  -0.00101515
 H   1.0   1.86418497   0.02490978   3.54124559   1.00782500   0.00042411   0.00099535  -0.00039173
 H   1.0  -1.74510241  -0.25421852   3.60483998   1.00782500  -0.00616743  -0.00022993   0.00160900
 H   1.0  -1.63382509   0.55925369  -0.90040197   1.00782500   0.00199681  -0.00046492  -0.00080646
States
Ekin        0.052755462200 a.u.
Epot_harm   0.056813725437 a.u.
Epot        0.056813725437 a.u.
Etot_harm   0.109569187638 a.u.
Etot        0.109569187638 a.u.


Index     65
Atoms
 C   6.0   0.03158049   0.04836225   0.07110135  12.00000000   0.00012471  -0.00001573  -0.00002975
 N   7.0   0.00131581  -0.03614850   2.44417542  14.00307400  -0.00009977  -0.00006809  -0.00019707
 H   1.0   1.86633683  -0.28529074  -0.94575289   1.00782500  -0.00027034   0.00044902  -0.00052773
 H   1.0   1.38825056   0.25909170   3.54450022   1.00782500   0.00264046   0.00034826   0.00343574
 H   1.0  -1.55688442  -0.00231963   3.75403030   1.00782500  -0.00094131   0.00064114   0.00165818
 H   1.0  -2.09200876  -0.04506241  -0.96443557   1.00782500  -0.00152739  -0.00030504  -0.00147376
States
Ekin        0.026748010104 a.u.
Epot_harm   0.047585130068 a.u.
Epot        0.047585130068 a.u.
Etot_harm   0.074333140172 a.u.
Etot        0.074333140172 a.u.


Index     66
Atoms
 C   6.0   0.03218726   0.02346838   0.05434461  12.00000000   0.00003767  -0.00001653   0.00027622
 N   7.0  -0.03428409   0.02133124   2.50418626  14.00307400  -0.00037189  -0.00016276  -0.00026201
 H   1.0   1.68824961  -0.15297201  -1.16387595   1.00782500   0.00133902   0.00024285  -0.00252525
 H   1.0   1.74583372  -0.13391602   3.27990807   1.00782500   0.00280039   0.00072460  -0.00006080
 H   1.0  -1.65834504  -0.15909954   3.67485453   1.00782500  -0.00066181   0.00107153   0.00306500
 H   1.0  -1.68263133  -0.12983014  -1.03683647   1.00782500   0.00124096   0.00041934  -0.00012737
States
Ekin        0.030847700165 a.u.
Epot_harm   0.013551765556 a.u.
Epot        0.013551765556 a.u.
Etot_harm   0.044399465722 a.u.
Etot        0.044399465722 a.u.


Index     67
Atoms
 C   6.0   0.00091524  -0.00989545   0.04452174  12.00000000   0.00006064   0.00015497  -0.00043854
 N   7.0   0.02628449   0.00771698   2.49570896  14.00307400   0.00015366  -0.00016636   0.00061811
 H   1.0   1.82809216   0.05917541  -0.99607920   1.00782500   0.00112989  -0.00078190  -0.00001024
 H   1.0   1.55677138  -0.05615728   3.34734251   1.00782500  -0.00116941   0.00116623  -0.00295525
 H   1.0  -1.95328868   0.00017475   3.38688834   1.00782500  -0.00146350   0.00032598  -0.00035717
 H   1.0  -1.80767833   0.00740810  -0.74935573   1.00782500  -0.00135399  -0.00024404  -0.00004387
States
Ekin        0.024144299898 a.u.
Epot_harm   0.030315363004 a.u.
Epot        0.030315363004 a.u.
Etot_harm   0.054459662901 a.u.
Etot        0.054459662901 a.u.


Index     68
Atoms
 C   6.0   0.04756776   0.00257013   0.09806904  12.00000000   0.00035997   0.00006649  -0.00033148
 N   7.0  -0.06322442   0.02699558   2.48127691  14.00307400   0.00010792  -0.00019841   0.00005623
 H   1.0   1.81116587   0.09556277  -0.92791375   1.00782500  -0.00098179  -0.00008624  -0.00016205
 H   1.0   1.64758944  -0.31162687   2.97761556   1.00782500  -0.00238770   0.00112943  -0.00095142
 H   1.0  -1.25903487   0.01461513   3.51424465   1.00782500  -0.00187622   0.00097023   0.00329400
 H   1.0  -1.88763947  -0.20423932  -1.01220511   1.00782500  -0.00053987  -0.00004827   0.00098502
States
Ekin        0.026756622716 a.u.
Epot_harm   0.062049069876 a.u.
Epot        0.062049069876 a.u.
Etot_harm   0.088805692592 a.u.
Etot        0.088805692592 a.u.


Index     69
Atoms
 C   6.0   0.01244370   0.03991976   0.11752314  12.00000000  -0.00038956  -0.00015807  -0.00001996
 N   7.0  -0.01239952  -0.00668276   2.45531062  14.00307400   0.00056683   0.00021278  -0.00008405
 H   1.0   1.67012296  -0.27145647  -1.13842084   1.00782500   0.00123978  -0.00063232  -0.00007446
 H   1.0   1.87191402   0.08892240   3.53814601   1.00782500  -0.00310954  -0.00008145   0.00211537
 H   1.0  -1.73179074  -0.12573657   3.35058288   1.00782500  -0.00064599  -0.00172068   0.00007854
 H   1.0  -1.78612805  -0.07419454  -1.06941857   1.00782500  -0.00072156   0.00136015  -0.00071396
States
Ekin        0.027325505765 a.u.
Epot_harm   0.034070965236 a.u.
Epot        0.034070965236 a.u.
Etot_harm   0.061396471000 a.u.
Etot        0.061396471000 a.u.


Index     70
Atoms
 C   6.0  -0.01307905  -0.00089572   0.09028711  12.00000000   0.00041276   0.00027820   0.00000340
 N   7.0  -0.01787766   0.02290707   2.48743256  14.00307400  -0.00039286  -0.00012965   0.00012634
 H   1.0   1.86079995  -0.00276209  -1.22678820   1.00782500  -0.00195173  -0.00112775  -0.00024022
 H   1.0   2.00564695  -0.15362035   3.45308727   1.00782500   0.00075880   0.00029151   0.00140996
 H   1.0  -1.81910926  -0.09003756   3.47835085   1.00782500   0.00383087   0.00023506  -0.00217451
 H   1.0  -1.64320916  -0.06119367  -1.14577918   1.00782500  -0.00209396  -0.00090992  -0.00079118
States
Ekin        0.035500520933 a.u.
Epot_harm   0.057176651910 a.u.
Epot        0.057176651910 a.u.
Etot_harm   0.092677172843 a.u.
Etot        0.092677172843 a.u.


Index     71
Atoms
 C   6.0   0.02439180   0.01374473   0.07650864  12.00000000   0.00005090  -0.00034677   0.00005819
 N   7.0  -0.03550041  -0.03449602   2.44700401  14.00307400  -0.00010083   0.00015584  -0.00008413
 H   1.0   1.86086173  -0.05026019  -0.94004652   1.00782500  -0.00004160   0.00146883  -0.00057704
 H   1.0   1.68587648   0.21173990   3.34475102   1.00782500   0.00101368  -0.00040284  -0.00036691
 H   1.0  -1.55432733   0.12146259   3.46907485   1.00782500  -0.00091304  -0.00035567   0.00264466
 H   1.0  -1.78958472   0.03270134  -0.58912234   1.00782500   0.00073589   0.00125328  -0.00122463
States
Ekin        0.016048765267 a.u.
Epot_harm   0.015979932416 a.u.
Epot        0.015979932416 a.u.
Etot_harm   0.032028697682 a.u.
Etot        0.032028697682 a.u.


Index     72
Atoms
 C   6.0   0.07423435   0.04918200   0.10021882  12.00000000  -0.00011126  -0.00028873  -0.00048955
 N   7.0  -0.05033658  -0.00793302   2.45539162  14.00307400   0.00028912  -0.00004460   0.00026749
 H   1.0   1.57448147  -0.11685060  -1.10539203   1.00782500   0.00170056   0.00139669   0.00164276
 H   1.0   1.97104822  -0.12935165   3.35065892   1.00782500  -0.00091909   0.00077339  -0.00117110
 H   1.0  -1.78426001   0.08076957   3.47219958   1.00782500  -0.00250712   0.00058124   0.00250436
 H   1.0  -1.94577124  -0.30994492  -0.83166285   1.00782500  -0.00096676   0.00130625  -0.00086360
States
Ekin        0.030184193747 a.u.
Epot_harm   0.054563029543 a.u.
Epot        0.054563029543 a.u.
Etot_harm   0.084747223290 a.u.
Etot        0.084747223290 a.u.


Index     73
Atoms
 C   6.0  -0.02395353   0.01240441   0.09166984  12.00000000   0.00007857  -0.00030639   0.00002297
 N   7.0   0.00608150  -0.02712537   2.46969375  14.00307400  -0.00028154   0.00010240   0.00005328
 H   1.0   1.75457610   0.08633567  -1.10777145   1.00782500  -0.00054085   0.00054929  -0.00158332
 H   1.0   1.54576909   0.01939127   3.57681058   1.00782500   0.00187147   0.00067786   0.00183982
 H   1.0  -1.49294243   0.23827355   3.39355381   1.00782500   0.00138449  -0.00085038   0.00027403
 H   1.0  -1.60669060  -0.11480826  -1.07371697   1.00782500   0.00026115   0.00184856  -0.00154427
States
Ekin        0.019773719387 a.u.
Epot_harm   0.015563104612 a.u.
Epot        0.015563104612 a.u.
Etot_harm   0.035336823999 a.u.
Etot        0.035336823999 a.u.


Index     74
Atoms
 C   6.0  -0.06144888  -0.00553550   0.08202523  12.00000000  -0.00006620  -0.00001541  -0.00006314
 N   7.0   0.05228772  -0.00179081   2.47797668  14.00307400  -0.00015411  -0.00003924   0.00007369
 H   1.0   1.75254931  -0.11651202  -0.87540938   1.00782500   0.00169639  -0.00037815  -0.00035532
 H   1.0   1.56006379   0.17467443   3.49096132   1.00782500   0.00223167   0.00081753  -0.00007562
 H   1.0  -1.78304196  -0.14037537   3.39872674   1.00782500  -0.00083488  -0.00051862   0.00316571
 H   1.0  -1.52441375   0.17300531  -1.22565186   1.00782500  -0.00016367   0.00080803  -0.00300685
States
Ekin        0.027627908417 a.u.
Epot_harm   0.021904414246 a.u.
Epot        0.021904414246 a.u.
Etot_harm   0.049532322663 a.u.
Etot        0.049532322663 a.u.


Index     75
Atoms
 C   6.0   0.01541067   0.02553761   0.04989400  12.00000000  -0.00001666   0.00020971   0.00035444
 N   7.0   0.01626538  -0.00522618   2.50741228  14.00307400  -0.00003687  -0.00005592   0.00002410
 H   1.0   1.61381221  -0.21044408  -1.01627113   1.00782500   0.00253325  -0.00062734  -0.00234405
 H   1.0   1.69342020   0.10365668   3.28565417   1.00782500  -0.00036655  -0.00038302  -0.00116636
 H   1.0  -1.99481329  -0.11699031   3.39240371   1.00782500   0.00001247   0.00055083  -0.00065475
 H   1.0  -1.72190829  -0.00767990  -0.89956742   1.00782500  -0.00146855  -0.00126044  -0.00038997
States
Ekin        0.019012534428 a.u.
Epot_harm   0.035212837864 a.u.
Epot        0.035212837864 a.u.
Etot_harm   0.054225372292 a.u.
Etot        0.054225372292 a.u.


Index     76
Atoms
 C   6.0   0.07521547   0.04286133   0.03931968  12.00000000   0.00012724   0.00009306  -0.00025713
 N   7.0  -0.04466790   0.01557387   2.48733191  14.00307400   0.00019510  -0.00013266   0.00046531
 H   1.0   1.53715145  -0.23255638  -1.15589888   1.00782500  -0.00133586   0.00012580   0.00039714
 H   1.0   1.71209516  -0.12982546   3.45305883   1.00782500  -0.00317515   0.00038148  -0.00250521
 H   1.0  -1.66228238  -0.15409870   3.46885445   1.00782500   0.00014652   0.00095041  -0.00203705
 H   1.0  -1.86191049  -0.21025088  -0.59888481   1.00782500   0.00013860  -0.00072258   0.00074155
States
Ekin        0.027146482087 a.u.
Epot_harm   0.024933923337 a.u.
Epot        0.024933923337 a.u.
Etot_harm   0.052080405423 a.u.
Etot        0.052080405423 a.u.


Index     77
Atoms
 C   6.0   0.01816233  -0.01449781  -0.03318220  12.00000000   0.00016926   0.00007138  -0.00015552
 N   7.0  -0.00657898  -0.01280076   2.53739999  14.00307400   0.00028489   0.00002256   0.00010869
 H   1.0   1.85115007   0.16571239  -1.00202068   1.00782500  -0.00076079  -0.00046866   0.00007415
 H   1.0   1.51304265   0.00256534   3.37588099   1.00782500  -0.00236690  -0.00028695  -0.00111942
 H   1.0  -1.71519548   0.17439941   3.62976161   1.00782500  -0.00202244  -0.00010680   0.00032366
 H   1.0  -1.77384245   0.00780402  -0.66888823   1.00782500  -0.00082356  -0.00030100   0.00106325
States
Ekin        0.014575543452 a.u.
Epot_harm   0.032174929294 a.u.
Epot        0.032174929294 a.u.
Etot_harm   0.046750472746 a.u.
Etot        0.046750472746 a.u.


Index     78
Atoms
 C   6.0   0.01563666   0.03533679   0.06391917  12.00000000   0.00001332   0.00001275   0.00024881
 N   7.0  -0.00119997   0.04083402   2.46798713  14.00307400  -0.00007565  -0.00010832  -0.00023294
 H   1.0   1.72580637  -0.22794672  -0.95027041   1.00782500   0.00184205   0.00015568  -0.00092830
 H   1.0   1.67801083  -0.26599403   3.64948170   1.00782500  -0.00107507   0.00042732   0.00079250
 H   1.0  -1.62272925  -0.26883258   3.15490615   1.00782500   0.00199401   0.00069086   0.00116915
 H   1.0  -1.95059822  -0.22533800  -0.71110657   1.00782500  -0.00186849   0.00007934  -0.00075926
States
Ekin        0.016460521286 a.u.
Epot_harm   0.027580447493 a.u.
Epot        0.027580447493 a.u.
Etot_harm   0.044040968779 a.u.
Etot        0.044040968779 a.u.


Index     79
Atoms
 C   6.0  -0.04535086  -0.00775086   0.07614584  12.00000000  -0.00041751  -0.00001368  -0.00027082
 N   7.0   0.04072562  -0.00556271   2.46923435  14.00307400   0.00010145  -0.00002426   0.00026641
 H   1.0   1.85235401   0.06700044  -0.75084403   1.00782500   0.00002461   0.00037940   0.00051239
 H   1.0   1.75178306   0.01579297   3.53059352   1.00782500   0.00039059  -0.00008590   0.00069445
 H   1.0  -1.85254131   0.06505618   3.05662785   1.00782500   0.00095290   0.00040863  -0.00054967
 H   1.0  -1.77746683   0.02172883  -0.85627665   1.00782500   0.00219354  -0.00020218  -0.00113420
States
Ekin        0.011637935171 a.u.
Epot_harm   0.023129485578 a.u.
Epot        0.023129485578 a.u.
Etot_harm   0.034767420749 a.u.
Etot        0.034767420749 a.u.


Index     80
Atoms
 C   6.0   0.01771100   0.02413259   0.04937499  12.00000000   0.00018894  -0.00011907   0.00023491
 N   7.0  -0.02649948   0.00242563   2.46438754  14.00307400  -0.00037147   0.00000356   0.00023340
 H   1.0   1.68819338   0.15233731  -0.90648902   1.00782500  -0.00011022   0.00077837  -0.00217639
 H   1.0   1.76211871  -0.33640543   3.43176823   1.00782500   0.00056909   0.00013860  -0.00077509
 H   1.0  -1.65129887   0.24468996   3.39466850   1.00782500   0.00301866   0.00022700  -0.00114140
 H   1.0  -1.64170206  -0.38166702  -0.55374775   1.00782500  -0.00056582   0.00022426  -0.00194710
States
Ekin        0.022889475767 a.u.
Epot_harm   0.039055875997 a.u.
Epot        0.039055875997 a.u.
Etot_harm   0.061945351764 a.u.
Etot        0.061945351764 a.u.


Index     81
Atoms
 C   6.0  -0.00113615   0.04532236   0.01867582  12.00000000  -0.00008951   0.00022372  -0.00009777
 N   7.0   0.00113097  -0.01553734   2.50998933  14.00307400   0.00003110  -0.00017102   0.00008858
 H   1.0   1.64808621  -0.08655391  -0.99119619   1.00782500  -0.00027467  -0.00034038  -0.00054753
 H   1.0   1.53872214  -0.08389444   3.64892803   1.00782500  -0.00086513   0.00006014   0.00036419
 H   1.0  -1.46420512   0.12750762   3.58169871   1.00782500   0.00069636   0.00110931  -0.00005454
 H   1.0  -1.72478936  -0.28082369  -1.14130811   1.00782500   0.00107708  -0.00111664   0.00017136
States
Ekin        0.006316442690 a.u.
Epot_harm   0.015273881126 a.u.
Epot        0.015273881126 a.u.
Etot_harm   0.021590323816 a.u.
Etot        0.021590323816 a.u.


Index     82
Atoms
 C   6.0   0.02011157   0.00022416   0.10968133  12.00000000  -0.00035543   0.00022427  -0.00085301
 N   7.0  -0.00481323  -0.01484901   2.41420574  14.00307400  -0.00002724   0.00014708   0.00066130
 H   1.0   1.69430983  -0.14287037  -0.98120454   1.00782500  -0.00028293  -0.00104819   0.00127794
 H   1.0   1.42938690   0.25926563   3.63257673   1.00782500   0.00145494  -0.00123515   0.00171832
 H   1.0  -1.45024590  -0.10034973   3.60027710   1.00782500   0.00143789  -0.00084628  -0.00143507
 H   1.0  -1.84603919   0.18760272  -0.90626316   1.00782500   0.00200067  -0.00158421  -0.00059288
States
Ekin        0.035180004673 a.u.
Epot_harm   0.019410650177 a.u.
Epot        0.019410650177 a.u.
Etot_harm   0.054590654850 a.u.
Etot        0.054590654850 a.u.


Index     83
Atoms
 C   6.0   0.01883511   0.03789772  -0.00471663  12.00000000  -0.00038865   0.00002453   0.00031260
 N   7.0   0.00477145  -0.03561557   2.53164675  14.00307400   0.00024534   0.00002089   0.00025560
 H   1.0   1.30999731  -0.05577476  -0.87186643   1.00782500   0.00114947  -0.00028303  -0.00368612
 H   1.0   1.55812762   0.07209908   3.47698730   1.00782500  -0.00175604  -0.00037593  -0.00142262
 H   1.0  -1.60495803   0.20741813   3.55901393   1.00782500  -0.00067095   0.00014233  -0.00066123
 H   1.0  -1.55372948  -0.18012890  -1.08839824   1.00782500   0.00249630  -0.00006574  -0.00150346
States
Ekin        0.031709027989 a.u.
Epot_harm   0.062291843821 a.u.
Epot        0.062291843821 a.u.
Etot_harm   0.094000871810 a.u.
Etot        0.094000871810 a.u.


Index     84
Atoms
 C   6.0   0.02601364  -0.05505546   0.12722682  12.00000000   0.00012850  -0.00024498   0.00050046
 N   7.0  -0.02975730   0.03482420   2.43724974  14.00307400  -0.00017611   0.00011357  -0.00000483
 H   1.0   1.77836437  -0.01471427  -1.22449167   1.00782500   0.00247037   0.00105159  -0.00246828
 H   1.0   1.57055524   0.11931109   3.48999495   1.00782500  -0.00068914  -0.00098343  -0.00111110
 H   1.0  -1.42969104  -0.34364612   3.63000451   1.00782500   0.00172413   0.00041586  -0.00095242
 H   1.0  -1.81551029   0.41072568  -1.07921413   1.00782500  -0.00258847   0.00085488  -0.00135991
States
Ekin        0.031367565756 a.u.
Epot_harm   0.036396274294 a.u.
Epot        0.036396274294 a.u.
Etot_harm   0.067763840049 a.u.
Etot        0.067763840049 a.u.


Index     85
Atoms
 C   6.0  -0.01657980   0.04533040  -0.00713927  12.00000000   0.00034163   0.00044516   0.00007329
 N   7.0   0.00913963  -0.00150479   2.52960727  14.00307400  -0.00002213  -0.00029296  -0.00034063
 H   1.0   2.00571407  -0.28532424  -0.87392706   1.00782500  -0.00104187  -0.00216882   0.00257352
 H   1.0   1.64374963   0.03291746   3.28471964   1.00782500   0.00031795   0.00205542  -0.00001979
 H   1.0  -1.80914434  -0.14008073   3.61272341   1.00782500  -0.00024354  -0.00003587   0.00009315
 H   1.0  -1.76989575  -0.12634577  -0.89059626   1.00782500  -0.00279281  -0.00108073   0.00121333
States
Ekin        0.031311591920 a.u.
Epot_harm   0.036314602141 a.u.
Epot        0.036314602141 a.u.
Etot_harm   0.067626194061 a.u.
Etot        0.067626194061 a.u.


Index     86
Atoms
 C   6.0   0.02601151   0.00551775  -0.01646855  12.00000000  -0.00006253  -0.00007983   0.00070337
 N   7.0  -0.02825725   0.03472177   2.54535599  14.00307400   0.00034432   0.00001975   0.00009608
 H   1.0   1.75679236  -0.10472831  -1.05052451   1.00782500   0.00118996  -0.00000489  -0.00195490
 H   1.0   1.80775625  -0.16716281   3.44919113   1.00782500  -0.00399608   0.00062786  -0.00474022
 H   1.0  -1.65792253  -0.22087181   3.66505049   1.00782500  -0.00106499  -0.00028203  -0.00148775
 H   1.0  -1.82372457  -0.05537233  -1.03853341   1.00782500  -0.00016851   0.00033530  -0.00152700
States
Ekin        0.053168283704 a.u.
Epot_harm   0.021131449438 a.u.
Epot        0.021131449438 a.u.
Etot_harm   0.074299733142 a.u.
Etot        0.074299733142 a.u.


Index     87
Atoms
 C   6.0   0.00477137  -0.02026490   0.08124521  12.00000000   0.00020810   0.00040476  -0.00012032
 N   7.0  -0.00497506  -0.01191889   2.49306844  14.00307400  -0.00044336  -0.00000186   0.00037314
 H   1.0   1.58402030   0.19049213  -1.17913804   1.00782500   0.00207185  -0.00201795  -0.00081431
 H   1.0   1.38611898   0.00602107   3.47479249   1.00782500   0.00240208  -0.00016146  -0.00279522
 H   1.0  -1.34229566   0.17715985   3.54174183   1.00782500   0.00060077  -0.00121924  -0.00153301
 H   1.0  -1.61553034   0.03322298  -1.24917208   1.00782500  -0.00139226  -0.00139492   0.00139061
States
Ekin        0.036767427984 a.u.
Epot_harm   0.036940829062 a.u.
Epot        0.036940829062 a.u.
Etot_harm   0.073708257045 a.u.
Etot        0.073708257045 a.u.


Index     88
Atoms
 C   6.0   0.01557350   0.02211748   0.03194246  12.00000000   0.00021710  -0.00018579  -0.00040714
 N   7.0  -0.02440469  -0.02757529   2.48864733  14.00307400  -0.00014304   0.00014211   0.00021009
 H   1.0   1.53976365   0.00887956  -1.04814882   1.00782500   0.00044391   0.00064080  -0.00057249
 H   1.0   1.57746112   0.04510611   3.64218413   1.00782500   0.00220557  -0.00046174   0.00039720
 H   1.0  -1.38317374   0.19096639   3.44356238   1.00782500  -0.00211733  -0.00066186   0.00022737
 H   1.0  -1.58039480  -0.12516044  -0.80090571   1.00782500  -0.00112973   0.00072043   0.00187663
States
Ekin        0.018915404269 a.u.
Epot_harm   0.037166220487 a.u.
Epot        0.037166220487 a.u.
Etot_harm   0.056081624756 a.u.
Etot        0.056081624756 a.u.


Index     89
Atoms
 C   6.0   0.00703053  -0.01980406   0.08314102  12.00000000  -0.00042063   0.00007999   0.00020147
 N   7.0  -0.02349614   0.02171501   2.46568147  14.00307400  -0.00007991  -0.00013634  -0.00019311
 H   1.0   1.82626669   0.00495696  -1.01867711   1.00782500   0.00250193  -0.00090362  -0.00159002
 H   1.0   1.76746265  -0.03334581   3.42991938   1.00782500   0.00162392   0.00140126   0.00215645
 H   1.0  -1.58500589  -0.14606200   3.36572060   1.00782500   0.00077838  -0.00023141  -0.00004325
 H   1.0  -1.76597113   0.10853851  -0.83078761   1.00782500   0.00121442   0.00067566  -0.00023896
States
Ekin        0.023006031286 a.u.
Epot_harm   0.012683324897 a.u.
Epot        0.012683324897 a.u.
Etot_harm   0.035689356183 a.u.
Etot        0.035689356183 a.u.


Index     90
Atoms
 C   6.0  -0.01685733   0.03941771   0.07296865  12.00000000   0.00008950  -0.00015481   0.00017845
 N   7.0   0.04137357  -0.00368391   2.44865133  14.00307400   0.00032828   0.00011773  -0.00009427
 H   1.0   1.63535816  -0.28235420  -0.69625052   1.00782500   0.00084205   0.00132828  -0.00183670
 H   1.0   1.34602368   0.08272245   3.51403796   1.00782500  -0.00251467  -0.00137975   0.00007160
 H   1.0  -1.61269850  -0.15038858   3.54945365   1.00782500  -0.00229130   0.00057557   0.00086386
 H   1.0  -1.74282496  -0.06813411  -1.06332245   1.00782500  -0.00166297  -0.00031661   0.00008631
States
Ekin        0.023754632833 a.u.
Epot_harm   0.032990390258 a.u.
Epot        0.032990390258 a.u.
Etot_harm   0.056745023091 a.u.
Etot        0.056745023091 a.u.


Index     91
Atoms
 C   6.0  -0.00648241   0.00787979   0.05760903  12.00000000   0.00030134  -0.00030592   0.00014395
 N   7.0  -0.00930152   0.02334637   2.46445872  14.00307400   0.00004367   0.00025618  -0.00014398
 H   1.0   1.79798487  -0.07198213  -0.79615672   1.00782500  -0.00110495   0.00064434   0.00003070
 H   1.0   1.62237514  -0.13720847   3.29394465   1.00782500  -0.00119750  -0.00048725   0.00001094
 H   1.0  -1.59205336  -0.13504529   3.91592036   1.00782500  -0.00022483  -0.00129461  -0.00049445
 H   1.0  -1.62188318  -0.07397018  -1.14653870   1.00782500  -0.00166745   0.00122062   0.00073930
States
Ekin        0.012657620399 a.u.
Epot_harm   0.021718272056 a.u.
Epot        0.021718272056 a.u.
Etot_harm   0.034375892455 a.u.
Etot        0.034375892455 a.u.


Index     92
Atoms
 C   6.0   0.03320481   0.06679953   0.10425155  12.00000000   0.00036576  -0.00013107  -0.00028013
 N   7.0  -0.07318666  -0.00782299   2.44184628  14.00307400  -0.00022040  -0.00003763   0.00005996
 H   1.0   1.70866291  -0.19847390  -0.90826797   1.00782500  -0.00242484  -0.00032898   0.00067426
 H   1.0   1.83276607  -0.15333030   2.91044281   1.00782500   0.00288225   0.00144589   0.00120357
 H   1.0  -1.50977748   0.05563372   3.84998525   1.00782500  -0.00059687  -0.00057451   0.00083641
 H   1.0  -1.41013442  -0.39050470  -0.82616989   1.00782500  -0.00115327   0.00154109  -0.00021187
States
Ekin        0.024764270489 a.u.
Epot_harm   0.054089831624 a.u.
Epot        0.054089831624 a.u.
Etot_harm   0.078854102113 a.u.
Etot        0.078854102113 a.u.


Index     93
Atoms
 C   6.0   0.02941427   0.02580598   0.03590007  12.00000000  -0.00003815   0.00005309  -0.00022267
 N   7.0  -0.00097728  -0.02582608   2.49769378  14.00307400  -0.00005877   0.00018427   0.00010543
 H   1.0   1.72500084  -0.03581941  -1.06405825   1.00782500  -0.00020569  -0.00024586  -0.00028857
 H   1.0   1.40514202   0.05789794   3.52220006   1.00782500   0.00230130  -0.00156578   0.00141928
 H   1.0  -1.54569097   0.14934779   3.12151322   1.00782500  -0.00134554  -0.00042484   0.00130564
 H   1.0  -1.92110381  -0.11985713  -0.51578014   1.00782500   0.00052073  -0.00095599  -0.00124989
States
Ekin        0.016309986897 a.u.
Epot_harm   0.036455201858 a.u.
Epot        0.036455201858 a.u.
Etot_harm   0.052765188755 a.u.
Etot        0.052765188755 a.u.


Index     94
Atoms
 C   6.0   0.03723466  -0.01173400   0.07240333  12.00000000   0.00032357   0.00007792  -0.00053482
 N   7.0   0.00114688   0.02048232   2.46420102  14.00307400  -0.00003711  -0.00027070   0.00013112
 H   1.0   1.43645388   0.10167839  -0.92992397   1.00782500  -0.00347696  -0.00104837   0.00185968
 H   1.0   1.48510076  -0.18117461   3.34037908   1.00782500   0.00148636   0.00231227   0.00102988
 H   1.0  -1.70279263  -0.00694640   3.46182150   1.00782500  -0.00166321   0.00040236  -0.00067705
 H   1.0  -1.67804384  -0.05843119  -0.77767954   1.00782500   0.00031667   0.00116715   0.00233364
States
Ekin        0.038233136143 a.u.
Epot_harm   0.035302504737 a.u.
Epot        0.035302504737 a.u.
Etot_harm   0.073535640880 a.u.
Etot        0.073535640880 a.u.


Index     95
Atoms
 C   6.0  -0.02558423   0.01729684   0.06097896  12.00000000  -0.00032471  -0.00019141   0.00064504
 N   7.0  -0.00199399   0.01462870   2.45121867  14.00307400  -0.00017645   0.00020512   0.00004842
 H   1.0   1.82184009   0.01945136  -0.87530510   1.00782500   0.00361385   0.00024367  -0.00408220
 H   1.0   1.68755095  -0.23480852   3.56429216   1.00782500   0.00252507  -0.00080680  -0.00062380
 H   1.0  -1.61398093   0.03059092   3.42572171   1.00782500  -0.00057769  -0.00074358  -0.00131559
 H   1.0  -1.56307794  -0.22444059  -0.70370253   1.00782500   0.00075668   0.00073580  -0.00233156
States
Ekin        0.049783391625 a.u.
Epot_harm   0.029206947516 a.u.
Epot        0.029206947516 a.u.
Etot_harm   0.078990339142 a.u.
Etot        0.078990339142 a.u.


Index     96
Atoms
 C   6.0  -0.02937071   0.00789926   0.14703543  12.00000000   0.00022126  -0.00022383   0.00048287
 N   7.0  -0.00272745   0.05799871   2.38962532  14.00307400  -0.00007471   0.00006707  -0.00015496
 H   1.0   1.96614293  -0.16380029  -0.78132037   1.00782500   0.00051815   0.00095293   0.00000955
 H   1.0   1.55913792  -0.28296820   3.40853169   1.00782500   0.00061023  -0.00027305  -0.00047149
 H   1.0  -1.44206221  -0.36161426   3.50313639   1.00782500   0.00046434   0.00034950  -0.00155385
 H   1.0  -1.69561045  -0.09152678  -0.88820146   1.00782500  -0.00318923   0.00070381  -0.00158058
States
Ekin        0.020428915670 a.u.
Epot_harm   0.031523215357 a.u.
Epot        0.031523215357 a.u.
Etot_harm   0.051952131027 a.u.
Etot        0.051952131027 a.u.


Index     97
Atoms
 C   6.0   0.04441873  -0.07153621   0.10541542  12.00000000  -0.00016737   0.00033001  -0.00012711
 N   7.0  -0.00514406   0.04855478   2.43043762  14.00307400   0.00007653  -0.00018830   0.00034292
 H   1.0   1.69279754   0.19577843  -1.06362466   1.00782500   0.00113852  -0.00215380   0.00131619
 H   1.0   1.61658185  -0.10224854   3.72853192   1.00782500  -0.00009045   0.00156707  -0.00279633
 H   1.0  -1.63128345  -0.22475741   3.35637041   1.00782500  -0.00002945  -0.00043754  -0.00118014
 H   1.0  -2.13550870   0.30835987  -0.85062957   1.00782500  -0.00008912  -0.00028877  -0.00059096
States
Ekin        0.022054065308 a.u.
Epot_harm   0.047625753812 a.u.
Epot        0.047625753812 a.u.
Etot_harm   0.069679819120 a.u.
Etot        0.069679819120 a.u.


Index     98
Atoms
 C   6.0   0.03838982   0.06648424   0.02147149  12.00000000   0.00016521  -0.00002015   0.00023820
 N   7.0  -0.06539375  -0.02466112   2.49051233  14.00307400  -0.00025222  -0.00015074  -0.00022787
 H   1.0   1.82259487  -0.22918243  -0.77309468   1.00782500  -0.00132889   0.00030200   0.00241374
 H   1.0   1.89405755   0.00140756   3.14885384   1.00782500   0.00093868   0.00095744  -0.00134178
 H   1.0  -1.50973266   0.08264925   3.66673372   1.00782500   0.00204876   0.00050819  -0.00236529
 H   1.0  -1.75541708  -0.30384058  -0.70703774   1.00782500  -0.00012118   0.00056668   0.00162323
States
Ekin        0.025031837506 a.u.
Epot_harm   0.031529610890 a.u.
Epot        0.031529610890 a.u.
Etot_harm   0.056561448397 a.u.
Etot        0.056561448397 a.u.


Index     99
Atoms
 C   6.0  -0.03596858   0.01751171   0.12367121  12.00000000   0.00021727  -0.00018062  -0.00006519
 N   7.0   0.01427955   0.01998443   2.44842178  14.00307400  -0.00012634   0.00003958   0.00023286
 H   1.0   1.73622275  -0.16456721  -0.66923199   1.00782500  -0.00229635   0.00040300   0.00096955
 H   1.0   1.83841552  -0.07387924   3.30456790   1.00782500  -0.00195724   0.00034850  -0.00238086
 H   1.0  -1.66162096  -0.18846189   3.57353966   1.00782500   0.00259300  -0.00006753  -0.00163816
 H   1.0  -1.68315074  -0.05927124  -1.50547408   1.00782500   0.00082902   0.00091668   0.00059020
States
Ekin        0.026917111322 a.u.
Epot_harm   0.036972533497 a.u.
Epot        0.036972533497 a.u.
Etot_harm   0.063889644819 a.u.
Etot        0.063889644819 a.u.


Index     100
Atoms
 C   6.0  -0.01983563   0.00139131   0.07752170  12.00000000   0.00001121  -0.00014308   0.00031857
 N   7.0  -0.00575285   0.02514483   2.44665165  14.00307400   0.00009689   0.00022198  -0.00010423
 H   1.0   2.03933481  -0.05975752  -1.04272305   1.00782500   0.00070406   0.00077542  -0.00160328
 H   1.0   1.46933401  -0.12199926   3.51604200   1.00782500  -0.00021934  -0.00159933   0.00116859
 H   1.0  -1.48552876  -0.15192123   3.47011573   1.00782500  -0.00032888  -0.00034477   0.00047499
 H   1.0  -1.70702846  -0.03225917  -0.66594414   1.00782500  -0.00163557  -0.00021196  -0.00238532
States
Ekin        0.017388633239 a.u.
Epot_harm   0.038688367720 a.u.
Epot        0.038688367720 a.u.
Etot_harm   0.056077000959 a.u.
Etot        0.056077000959 a.u.


Index     101
Atoms
 C   6.0   0.00581502   0.04110185   0.02904585  12.00000000   0.00025262   0.00012262  -0.00002678
 N   7.0   0.00567222  -0.05411019   2.51327457  14.00307400  -0.00009560  -0.00012105  -0.00021945
 H   1.0   1.72428778  -0.13649878  -1.03463493   1.00782500   0.00017391   0.00006809   0.00049729
 H   1.0   1.67122657   0.27062329   3.42290569   1.00782500   0.00164725   0.00016728   0.00041592
 H   1.0  -1.80573402   0.19886794   3.49753231   1.00782500  -0.00187752   0.00089460   0.00108411
 H   1.0  -1.73783057  -0.07055923  -0.95680116   1.00782500  -0.00162327  -0.00090817   0.00137062
States
Ekin        0.014708422478 a.u.
Epot_harm   0.015283774857 a.u.
Epot        0.015283774857 a.u.
Etot_harm   0.029992197334 a.u.
Etot        0.029992197334 a.u.


Index     102
Atoms
 C   6.0  -0.03608851   0.01500372   0.08487020  12.00000000  -0.00009399   0.00005400   0.00016436
 N   7.0   0.00097146  -0.00542534   2.45256861  14.00307400   0.00006216  -0.00004122  -0.00027117
 H   1.0   2.00377694  -0.11106014  -0.84805379   1.00782500   0.00219639  -0.00001225  -0.00096847
 H   1.0   1.73139224   0.06389757   3.66561934   1.00782500  -0.00050022  -0.00013817   0.00041757
 H   1.0  -1.44425372  -0.04643236   3.39623532   1.00782500  -0.00110775   0.00045315   0.00151515
 H   1.0  -1.87471344  -0.00967035  -1.10601989   1.00782500  -0.00033288  -0.00037303   0.00084653
States
Ekin        0.011456838227 a.u.
Epot_harm   0.038141438286 a.u.
Epot        0.038141438286 a.u.
Etot_harm   0.049598276513 a.u.
Etot        0.049598276513 a.u.


Index     103
Atoms
 C   6.0  -0.04271432   0.01502571   0.04928139  12.00000000  -0.00036520  -0.00002196   0.00050541
 N   7.0  -0.02418187  -0.01874149   2.42883765  14.00307400   0.00006965  -0.00000173  -0.00032690
 H   1.0   2.15584975  -0.08674818  -0.63779956   1.00782500   0.00135441   0.00018424   0.00019078
 H   1.0   1.58318507   0.13166123   3.55979051   1.00782500   0.00195078  -0.00009057  -0.00052648
 H   1.0  -1.21353098   0.02880203   3.57436535   1.00782500  -0.00169776   0.00016614  -0.00069487
 H   1.0  -1.68092034   0.00777718  -0.63509920   1.00782500   0.00177321   0.00002571  -0.00044516
States
Ekin        0.017404849447 a.u.
Epot_harm   0.066702378816 a.u.
Epot        0.066702378816 a.u.
Etot_harm   0.084107228263 a.u.
Etot        0.084107228263 a.u.


Index     104
Atoms
 C   6.0  -0.01511719  -0.03013459   0.04564580  12.00000000  -0.00056034   0.00001305  -0.00000820
 N   7.0  -0.00821599   0.00023993   2.49305544  14.00307400   0.00000784   0.00009614   0.00037520
 H   1.0   1.81170094   0.37109475  -0.86714276   1.00782500   0.00192291  -0.00016835  -0.00290193
 H   1.0   1.59788179  -0.21391080   3.26879154   1.00782500  -0.00023346  -0.00031705  -0.00078136
 H   1.0  -1.54302175   0.29331922   3.51574612   1.00782500   0.00057876  -0.00099528  -0.00070300
 H   1.0  -1.57240733  -0.09502944  -0.90511392   1.00782500   0.00429471  -0.00001058  -0.00072919
States
Ekin        0.036402331283 a.u.
Epot_harm   0.023254331182 a.u.
Epot        0.023254331182 a.u.
Etot_harm   0.059656662465 a.u.
Etot        0.059656662465 a.u.


Index     105
Atoms
 C   6.0  -0.03863228  -0.01881675   0.09970640  12.00000000  -0.00007105   0.00002516  -0.00025386
 N   7.0   0.04781740   0.00573815   2.46308147  14.00307400   0.00013514   0.00010158   0.00043777
 H   1.0   1.69085886  -0.06420711  -1.00425942   1.00782500   0.00034349   0.00118314  -0.00252749
 H   1.0   1.59883501   0.14885397   3.73388438   1.00782500  -0.00084586  -0.00201131  -0.00061213
 H   1.0  -1.75957079  -0.15930531   3.16923495   1.00782500  -0.00153915   0.00108652  -0.00069920
 H   1.0  -1.73452693   0.21897841  -1.11380050   1.00782500   0.00100986  -0.00196926   0.00077896
States
Ekin        0.024370121683 a.u.
Epot_harm   0.017332782423 a.u.
Epot        0.017332782423 a.u.
Etot_harm   0.041702904106 a.u.
Etot        0.041702904106 a.u.


Index     106
Atoms
 C   6.0  -0.00129206  -0.01177052   0.10725133  12.00000000  -0.00025846  -0.00001555  -0.00053009
 N   7.0  -0.00108175   0.00103101   2.43651608  14.00307400   0.00029808   0.00011070   0.00021126
 H   1.0   1.65591736  -0.07825533  -0.87607140   1.00782500   0.00030860  -0.00023833   0.00348914
 H   1.0   1.79445200   0.15269328   3.58694502   1.00782500   0.00210355  -0.00019994   0.00026952
 H   1.0  -1.65372744  -0.13174536   3.10559523   1.00782500  -0.00331052  -0.00102641  -0.00054699
 H   1.0  -1.76622742   0.18313164  -0.75213671   1.00782500  -0.00016593   0.00011172   0.00016479
States
Ekin        0.032599158645 a.u.
Epot_harm   0.032915227621 a.u.
Epot        0.032915227621 a.u.
Etot_harm   0.065514386267 a.u.
Etot        0.065514386267 a.u.


Index     107
Atoms
 C   6.0  -0.02011878   0.03592165   0.02218146  12.00000000  -0.00034717   0.00015894  -0.00048610
 N   7.0   0.00986412  -0.04027233   2.50718356  14.00307400   0.00026675  -0.00009668   0.00000253
 H   1.0   1.70723525  -0.07410660  -0.82050656   1.00782500  -0.00080615  -0.00031258   0.00219762
 H   1.0   1.63185173   0.13761005   3.52473363   1.00782500  -0.00090479  -0.00012400   0.00249679
 H   1.0  -1.56476854   0.19731213   3.36293929   1.00782500   0.00036156   0.00073781  -0.00010427
 H   1.0  -1.67182303  -0.12897066  -0.97180062   1.00782500   0.00177668  -0.00085033   0.00116266
States
Ekin        0.022274045745 a.u.
Epot_harm   0.013703796261 a.u.
Epot        0.013703796261 a.u.
Etot_harm   0.035977842006 a.u.
Etot        0.035977842006 a.u.


Index     108
Atoms
 C   6.0  -0.01832555  -0.06174148   0.01912143  12.00000000   0.00008997  -0.00022886  -0.00023957
 N   7.0  -0.02769556  -0.00445541   2.48742596  14.00307400  -0.00021878   0.00008301  -0.00000495
 H   1.0   1.98732237   0.24723195  -0.77742772   1.00782500   0.00205386   0.00137861  -0.00213623
 H   1.0   1.86590819   0.15511829   3.29492524   1.00782500   0.00153162  -0.00049991   0.00018658
 H   1.0  -1.65383883   0.06072500   3.64322902   1.00782500  -0.00202190   0.00023783   0.00250001
 H   1.0  -1.59638074   0.33397504  -0.75440654   1.00782500   0.00040491   0.00045513   0.00237092
States
Ekin        0.029285620679 a.u.
Epot_harm   0.041291243417 a.u.
Epot        0.041291243417 a.u.
Etot_harm   0.070576864095 a.u.
Etot        0.070576864095 a.u.


Index     109
Atoms
 C   6.0  -0.00306705   0.00368877   0.05782351  12.00000000   0.00052930  -0.00005518  -0.00011130
 N   7.0  -0.01376702   0.01563927   2.44533149  14.00307400  -0.00049014  -0.00006000   0.00011771
 H   1.0   1.90159492  -0.18587053  -0.54461701   1.00782500  -0.00028715   0.00123696  -0.00335536
 H   1.0   1.75819236   0.06798506   3.29720250   1.00782500   0.00101096  -0.00078716   0.00167904
 H   1.0  -1.60697040  -0.24603690   3.45104491   1.00782500   0.00175556   0.00147969   0.00241530
 H   1.0  -1.82501426   0.10270325  -0.67325414   1.00782500  -0.00197151  -0.00043891  -0.00104933
States
Ekin        0.037451003896 a.u.
Epot_harm   0.022323876553 a.u.
Epot        0.022323876553 a.u.
Etot_harm   0.059774880449 a.u.
Etot        0.059774880449 a.u.


Index     110
Atoms
 C   6.0  -0.05703342  -0.05407795   0.07053640  12.00000000  -0.00002911  -0.00030466   0.00013902
 N   7.0  -0.00702575   0.04404137   2.48798597  14.00307400  -0.00026038   0.00010354  -0.00031164
 H   1.0   1.88882745   0.19967122  -0.79373425   1.00782500   0.00071542   0.00213918  -0.00030005
 H   1.0   1.89577669  -0.18550910   3.47018373   1.00782500   0.00325041  -0.00133114   0.00082785
 H   1.0  -1.44717901  -0.14050739   3.29772837   1.00782500  -0.00087892   0.00090636   0.00138803
 H   1.0  -1.56071960   0.15831601  -1.18782810   1.00782500   0.00087750   0.00047453   0.00075897
States
Ekin        0.024922336901 a.u.
Epot_harm   0.044977090342 a.u.
Epot        0.044977090342 a.u.
Etot_harm   0.069899427243 a.u.
Etot        0.069899427243 a.u.


Index     111
Atoms
 C   6.0   0.04873406  -0.02741875   0.04469316  12.00000000  -0.00016702   0.00008117  -0.00018606
 N   7.0  -0.06437977   0.01766124   2.46695724  14.00307400  -0.00007632  -0.00001112   0.00068551
 H   1.0   1.83759165   0.06379382  -1.12213924   1.00782500   0.00226095  -0.00062861  -0.00253725
 H   1.0   1.79181099  -0.02022853   3.59243943   1.00782500   0.00117329   0.00032063  -0.00163403
 H   1.0  -1.40614357  -0.09491179   3.66706311   1.00782500  -0.00053993  -0.00041888  -0.00159534
 H   1.0  -1.90901201   0.13242537  -0.75112205   1.00782500   0.00015480  -0.00008519  -0.00154269
States
Ekin        0.026613962661 a.u.
Epot_harm   0.035905825525 a.u.
Epot        0.035905825525 a.u.
Etot_harm   0.062519788186 a.u.
Etot        0.062519788186 a.u.


Index     112
Atoms
 C   6.0  -0.03179593   0.05301914  -0.00507879  12.00000000  -0.00029363  -0.00011622   0.00026343
 N   7.0   0.00456869  -0.04276868   2.53023975  14.00307400   0.00050418   0.00010696   0.00015462
 H   1.0   1.69575210  -0.05346660  -0.92618039   1.00782500  -0.00173854   0.00079224   0.00170676
 H   1.0   1.76884083   0.02412596   3.64208709   1.00782500  -0.00226059  -0.00120111  -0.00234374
 H   1.0  -1.60923141   0.29109849   3.36524819   1.00782500  -0.00109157   0.00053092  -0.00110086
 H   1.0  -1.54025181  -0.29880472  -0.98155676   1.00782500   0.00158165  -0.00022437  -0.00354717
States
Ekin        0.039134605366 a.u.
Epot_harm   0.036737256731 a.u.
Epot        0.036737256731 a.u.
Etot_harm   0.075871862096 a.u.
Etot        0.075871862096 a.u.


Index     113
Atoms
 C   6.0  -0.05770800   0.01161673   0.05440534  12.00000000   0.00016902   0.00002836   0.00019290
 N   7.0  -0.02223021  -0.00489901   2.43562695  14.00307400  -0.00004691   0.00028610   0.00047883
 H   1.0   1.97509894   0.03710498  -0.65421753   1.00782500   0.00398416  -0.00129334  -0.00372941
 H   1.0   1.70977801  -0.07952657   3.40101946   1.00782500   0.00018363  -0.00027239  -0.00074290
 H   1.0  -1.38016036   0.10055140   3.94946178   1.00782500  -0.00101568  -0.00243479  -0.00076881
 H   1.0  -1.30872297  -0.12837966  -0.99034960   1.00782500  -0.00451284  -0.00031238  -0.00370863
States
Ekin        0.073125049760 a.u.
Epot_harm   0.056774293963 a.u.
Epot        0.056774293963 a.u.
Etot_harm   0.129899343722 a.u.
Etot        0.129899343722 a.u.


Index     114
Atoms
 C   6.0   0.02478451  -0.01780413   0.07812977  12.00000000  -0.00031115  -0.00018557   0.00012180
 N   7.0  -0.02177811  -0.03660568   2.44167629  14.00307400  -0.00018798  -0.00019240  -0.00017694
 H   1.0   1.63058700   0.14805379  -0.98422565   1.00782500   0.00217953   0.00088241  -0.00104220
 H   1.0   1.56130722   0.21148891   3.55652709   1.00782500   0.00160385   0.00203592   0.00312434
 H   1.0  -1.46937803   0.23021199   3.62593289   1.00782500   0.00228127   0.00053050  -0.00066145
 H   1.0  -1.71502838   0.13084815  -0.85885453   1.00782500   0.00025201   0.00143403  -0.00041247
States
Ekin        0.031857108212 a.u.
Epot_harm   0.013354034557 a.u.
Epot        0.013354034557 a.u.
Etot_harm   0.045211142769 a.u.
Etot        0.045211142769 a.u.


Index     115
Atoms
 C   6.0  -0.02282302   0.02610644   0.04955051  12.00000000  -0.00022881  -0.00056872  -0.00009476
 N   7.0   0.01339187   0.02225520   2.48449285  14.00307400   0.00027313   0.00041373   0.00006174
 H   1.0   1.69598606  -0.03380777  -1.01333421   1.00782500   0.00126723   0.00319120  -0.00121490
 H   1.0   1.55893996  -0.28691039   3.57101828   1.00782500  -0.00198711  -0.00274019   0.00111458
 H   1.0  -1.63478933  -0.02320809   3.37878319   1.00782500  -0.00050245  -0.00016156   0.00058709
 H   1.0  -1.53445825  -0.27614020  -0.85170747   1.00782500   0.00015178   0.00073359  -0.00021625
States
Ekin        0.032377852376 a.u.
Epot_harm   0.020973574968 a.u.
Epot        0.020973574968 a.u.
Etot_harm   0.053351427345 a.u.
Etot        0.053351427345 a.u.


Index     116
Atoms
 C   6.0  -0.00098407  -0.00356254   0.00548136  12.00000000   0.00021120   0.00022603   0.00059337
 N   7.0   0.00282795  -0.00720745   2.52035134  14.00307400   0.00011518  -0.00018583  -0.00047694
 H   1.0   1.82025012   0.07967682  -1.05579939   1.00782500   0.00011270  -0.00047278  -0.00158838
 H   1.0   1.73132022  -0.01297822   3.75897955   1.00782500   0.00081756   0.00026998   0.00108225
 H   1.0  -1.65560339   0.10010218   3.35298472   1.00782500  -0.00300068   0.00115605   0.00017042
 H   1.0  -1.92354223  -0.02423941  -0.94491165   1.00782500  -0.00204461  -0.00106259  -0.00010267
States
Ekin        0.027131172035 a.u.
Epot_harm   0.023516260541 a.u.
Epot        0.023516260541 a.u.
Etot_harm   0.050647432576 a.u.
Etot        0.050647432576 a.u.


Index     117
Atoms
 C   6.0  -0.01391788  -0.00127715   0.06969353  12.00000000  -0.00032565   0.00011137  -0.00011711
 N   7.0   0.03144232  -0.00422174   2.48440175  14.00307400   0.00041523   0.00007325   0.00019545
 H   1.0   1.54438796  -0.16076502  -0.88784893   1.00782500  -0.00160437  -0.00017702  -0.00082491
 H   1.0   1.74288508   0.21297968   3.55434083   1.00782500  -0.00325680  -0.00097515   0.00040680
 H   1.0  -1.86219613  -0.16414980   3.19794016   1.00782500   0.00004593  -0.00010949  -0.00006278
 H   1.0  -1.69622971   0.18580031  -1.01824596   1.00782500   0.00292330  -0.00108212  -0.00084033
States
Ekin        0.027592135719 a.u.
Epot_harm   0.026172593257 a.u.
Epot        0.026172593257 a.u.
Etot_harm   0.053764728976 a.u.
Etot        0.053764728976 a.u.


Index     118
Atoms
 C   6.0  -0.02517821  -0.02560079   0.14209335  12.00000000   0.00039161   0.00015917   0.00009042
 N   7.0   0.01963730  -0.04867322   2.42831283  14.00307400   0.00023894  -0.00016941  -0.00029214
 H   1.0   1.58748037   0.00856470  -0.92665249   1.00782500  -0.00500335  -0.00002879   0.00381033
 H   1.0   1.66446483   0.49836638   3.57656225   1.00782500  -0.00157754  -0.00004530  -0.00196186
 H   1.0  -1.61001318   0.09419081   3.11855614   1.00782500  -0.00200582   0.00124946   0.00217319
 H   1.0  -1.61498695   0.37998505  -1.00501299   1.00782500   0.00060401  -0.00071664  -0.00103930
States
Ekin        0.057762528811 a.u.
Epot_harm   0.036994568163 a.u.
Epot        0.036994568163 a.u.
Etot_harm   0.094757096975 a.u.
Etot        0.094757096975 a.u.


Index     119
Atoms
 C   6.0  -0.01115730   0.00713244   0.04159851  12.00000000  -0.00050249   0.00021945   0.00033744
 N   7.0  -0.00652558   0.01535351   2.45836300  14.00307400  -0.00011792  -0.00014657   0.00000005
 H   1.0   1.64005264  -0.05109702  -0.93661328   1.00782500   0.00196237  -0.00068672  -0.00067744
 H   1.0   1.67262023  -0.09854451   3.63642554   1.00782500  -0.00047673   0.00027767  -0.00208134
 H   1.0  -1.62711961  -0.08580615   3.68002714   1.00782500   0.00232106   0.00077323  -0.00178285
 H   1.0  -1.46203655  -0.06280421  -0.83733916   1.00782500   0.00381484  -0.00094070   0.00052311
States
Ekin        0.036509552523 a.u.
Epot_harm   0.037141776817 a.u.
Epot        0.037141776817 a.u.
Etot_harm   0.073651329341 a.u.
Etot        0.073651329341 a.u.


Index     120
Atoms
 C   6.0   0.01933793  -0.02156966   0.09199416  12.00000000   0.00016243  -0.00041041  -0.00047591
 N   7.0  -0.02301350   0.00109296   2.48236431  14.00307400   0.00010381   0.00018167   0.00040117
 H   1.0   1.73773876   0.22607944  -1.27494350   1.00782500   0.00025000   0.00215434   0.00060311
 H   1.0   1.76184825  -0.11661126   3.44923554   1.00782500  -0.00107433  -0.00087493   0.00002313
 H   1.0  -1.66564395   0.16355335   3.58311219   1.00782500  -0.00016233   0.00037092   0.00145830
 H   1.0  -1.74443885  -0.03138122  -1.14843908   1.00782500  -0.00238969   0.00071216  -0.00199194
States
Ekin        0.025165814525 a.u.
Epot_harm   0.023539281874 a.u.
Epot        0.023539281874 a.u.
Etot_harm   0.048705096399 a.u.
Etot        0.048705096399 a.u.


Index     121
Atoms
 C   6.0  -0.00297208  -0.02917229   0.15953608  12.00000000   0.00009364   0.00003008  -0.00038868
 N   7.0  -0.01669784   0.03376902   2.39556045  14.00307400   0.00003628   0.00012865   0.00048843
 H   1.0   1.67925124   0.05731845  -0.90960244   1.00782500  -0.00183411  -0.00031846   0.00061042
 H   1.0   1.76572825  -0.11617328   3.45402522   1.00782500  -0.00249118  -0.00065862  -0.00245420
 H   1.0  -1.54520333  -0.16724567   3.52543992   1.00782500   0.00123706  -0.00074221   0.00170331
 H   1.0  -1.63238239   0.10425125  -1.05902437   1.00782500   0.00146924  -0.00042638  -0.00201800
States
Ekin        0.030670604838 a.u.
Epot_harm   0.024781151137 a.u.
Epot        0.024781151137 a.u.
Etot_harm   0.055451755975 a.u.
Etot        0.055451755975 a.u.


Index     122
Atoms
 C   6.0   0.01349754   0.05744667   0.07901125  12.00000000  -0.00029753  -0.00023513   0.00018289
 N   7.0  -0.02499790   0.01343758   2.45845992  14.00307400  -0.00011369   0.00003409  -0.00000151
 H   1.0   1.67204545  -0.31328677  -1.08213946   1.00782500   0.00260935   0.00069643  -0.00051154
 H   1.0   1.63842265  -0.11957834   3.57227879   1.00782500  -0.00177085  -0.00003104   0.00015918
 H   1.0  -1.45031489  -0.18107766   3.62836879   1.00782500   0.00426168   0.00048118  -0.00146881
 H   1.0  -1.67353657  -0.25677140  -1.02282176   1.00782500   0.00002217   0.00117944  -0.00033549
States
Ekin        0.032466055443 a.u.
Epot_harm   0.017402060211 a.u.
Epot        0.017402060211 a.u.
Etot_harm   0.049868115654 a.u.
Etot        0.049868115654 a.u.


Index     123
Atoms
 C   6.0  -0.00687002  -0.01110689   0.08134224  12.00000000  -0.00020565   0.00020881  -0.00030634
 N   7.0   0.02207641  -0.02784366   2.43593550  14.00307400   0.00003809   0.00015592  -0.00026566
 H   1.0   1.65534467  -0.14584939  -0.99266337   1.00782500   0.00069778  -0.00169323   0.00254921
 H   1.0   1.60143626   0.42663795   3.78290062   1.00782500   0.00121158  -0.00049412   0.00188250
 H   1.0  -1.75550300  -0.09728940   3.33531731   1.00782500  -0.00069224  -0.00140680   0.00037691
 H   1.0  -1.72621510   0.33561827  -0.74466068   1.00782500   0.00070226  -0.00105853   0.00253013
States
Ekin        0.026881800840 a.u.
Epot_harm   0.026606313815 a.u.
Epot        0.026606313815 a.u.
Etot_harm   0.053488114655 a.u.
Etot        0.053488114655 a.u.


Index     124
Atoms
 C   6.0   0.02546478   0.01868554  -0.00689236  12.00000000  -0.00021884  -0.00001829  -0.00008317
 N   7.0  -0.03228147   0.01275850   2.49059817  14.00307400   0.00023720   0.00005665   0.00013276
 H   1.0   1.73896424  -0.29000124  -1.03102684   1.00782500   0.00000156  -0.00072049  -0.00086806
 H   1.0   1.71891589   0.10635599   3.71168466   1.00782500  -0.00031736   0.00071314  -0.00009984
 H   1.0  -1.56254656  -0.29425994   3.75489595   1.00782500  -0.00200692  -0.00132362   0.00122166
 H   1.0  -1.75000826   0.07814860  -0.76356791   1.00782500   0.00163266   0.00076163  -0.00110814
States
Ekin        0.014153852383 a.u.
Epot_harm   0.032557885675 a.u.
Epot        0.032557885675 a.u.
Etot_harm   0.046711738058 a.u.
Etot        0.046711738058 a.u.


Index     125
Atoms
 C   6.0   0.00309161   0.03507583   0.03432205  12.00000000   0.00021479  -0.00031731   0.00052555
 N   7.0   0.00043969  -0.00876299   2.48229187  14.00307400  -0.00016396   0.00007683  -0.00031909
 H   1.0   1.71316917  -0.08064458  -0.96984299   1.00782500  -0.00015188   0.00227574  -0.00114129
 H   1.0   1.49820930  -0.07317631   3.47872818   1.00782500   0.00173872  -0.00086991   0.00127810
 H   1.0  -1.61868866   0.07188906   3.56189516   1.00782500   0.00025496   0.00099431  -0.00030815
 H   1.0  -1.63561028  -0.21395396  -0.77411671   1.00782500  -0.00212120   0.00031045  -0.00165267
States
Ekin        0.025096707767 a.u.
Epot_harm   0.015514717958 a.u.
Epot        0.015514717958 a.u.
Etot_harm   0.040611425726 a.u.
Etot        0.040611425726 a.u.


Index     126
Atoms
 C   6.0   0.03090339  -0.03770223   0.01436033  12.00000000   0.00040772  -0.00018285  -0.00021343
 N   7.0  -0.03689351   0.02782039   2.48695431  14.00307400  -0.00044160   0.00018719   0.00021478
 H   1.0   1.70509556   0.16780184  -1.12691391   1.00782500  -0.00184430   0.00103836  -0.00115372
 H   1.0   1.57633053  -0.14001016   3.56958994   1.00782500   0.00300278  -0.00162227   0.00152666
 H   1.0  -1.48577357  -0.05629408   3.84205147   1.00782500   0.00090981   0.00004747   0.00088927
 H   1.0  -1.65100245   0.09087017  -0.81516470   1.00782500  -0.00078717   0.00011274  -0.00170509
States
Ekin        0.029228080137 a.u.
Epot_harm   0.020721379977 a.u.
Epot        0.020721379977 a.u.
Etot_harm   0.049949460114 a.u.
Etot        0.049949460114 a.u.


Index     127
Atoms
 C   6.0   0.00933293   0.06183979   0.06590949  12.00000000  -0.00025392   0.00012301  -0.00010602
 N   7.0   0.06586551  -0.04313477   2.49540397  14.00307400   0.00067993  -0.00007276   0.00010409
 H   1.0   1.51772916  -0.23797915  -0.83856163   1.00782500  -0.00073978  -0.00014919   0.00168818
 H   1.0   1.26594756   0.17141769   3.45783856   1.00782500  -0.00273528  -0.00061682  -0.00151988
 H   1.0  -1.80812970   0.12374135   3.25545370   1.00782500  -0.00375238   0.00091644  -0.00009349
 H   1.0  -2.00183110  -0.19416609  -1.13635722   1.00782500   0.00080364  -0.00060411  -0.00025869
States
Ekin        0.034537113965 a.u.
Epot_harm   0.081543242865 a.u.
Epot        0.081543242865 a.u.
Etot_harm   0.116080356830 a.u.
Etot        0.116080356830 a.u.


Index     128
Atoms
 C   6.0   0.01933999  -0.00360101   0.07109241  12.00000000   0.00004381  -0.00008931  -0.00023723
 N   7.0   0.00434096   0.01651331   2.45658526  14.00307400   0.00001795   0.00011607   0.00005861
 H   1.0   1.69824462   0.02310066  -0.95592088   1.00782500  -0.00094525  -0.00056789   0.00058998
 H   1.0   1.64667751  -0.11925630   3.66146945   1.00782500  -0.00539141   0.00050486  -0.00243463
 H   1.0  -1.67946463  -0.04835163   3.33371657   1.00782500   0.00312462  -0.00157106   0.00295953
 H   1.0  -1.95605026  -0.04205781  -0.82324320   1.00782500   0.00244103   0.00108488   0.00089542
States
Ekin        0.061353463766 a.u.
Epot_harm   0.012345424531 a.u.
Epot        0.012345424531 a.u.
Etot_harm   0.073698888297 a.u.
Etot        0.073698888297 a.u.


Index     129
Atoms
 C   6.0   0.01991877   0.03326711   0.12842359  12.00000000   0.00021775   0.00010869   0.00085375
 N   7.0  -0.01929112  -0.05738999   2.40037743  14.00307400  -0.00059122   0.00015130  -0.00082334
 H   1.0   1.80332127  -0.03593372  -0.79906278   1.00782500   0.00069887  -0.00106339  -0.00113678
 H   1.0   1.58080756   0.23424664   3.51399704   1.00782500   0.00309056   0.00001681   0.00098850
 H   1.0  -1.38285482   0.29179584   3.49327890   1.00782500   0.00194605  -0.00151300   0.00116323
 H   1.0  -1.97040582  -0.08881785  -0.89385251   1.00782500  -0.00011360  -0.00083673   0.00025930
States
Ekin        0.042329092247 a.u.
Epot_harm   0.034289279336 a.u.
Epot        0.034289279336 a.u.
Etot_harm   0.076618371583 a.u.
Etot        0.076618371583 a.u.


Index     130
Atoms
 C   6.0   0.01169303   0.01536187   0.08991863  12.00000000   0.00005591   0.00022981   0.00005659
 N   7.0  -0.00449132   0.00397588   2.46547364  14.00307400  -0.00007849  -0.00007810  -0.00006331
 H   1.0   1.67207308   0.12936794  -0.85530523   1.00782500   0.00017965  -0.00055324   0.00022128
 H   1.0   1.70856729  -0.26662756   3.29469431   1.00782500   0.00114465  -0.00029264   0.00071164
 H   1.0  -1.68392167   0.18211911   3.42294533   1.00782500   0.00023857   0.00054986   0.00055303
 H   1.0  -1.77354160  -0.28301288  -0.99397123   1.00782500  -0.00113806  -0.00135513  -0.00128003
States
Ekin        0.007951526322 a.u.
Epot_harm   0.013568333368 a.u.
Epot        0.013568333368 a.u.
Etot_harm   0.021519859689 a.u.
Etot        0.021519859689 a.u.


Index     131
Atoms
 C   6.0   0.02846001  -0.00711155   0.04440388  12.00000000  -0.00018409  -0.00000618  -0.00046295
 N   7.0  -0.04145260   0.00304917   2.49181983  14.00307400  -0.00046701   0.00023366   0.00031976
 H   1.0   1.93120540   0.08998448  -1.01451686   1.00782500   0.00010791   0.00012524  -0.00127666
 H   1.0   1.68984733  -0.07430868   3.34380159   1.00782500  -0.00062967  -0.00161416   0.00043755
 H   1.0  -1.47009106   0.06089921   3.46802238   1.00782500   0.00463838  -0.00095097  -0.00025302
 H   1.0  -1.91387318  -0.03426521  -0.75307090   1.00782500   0.00456402  -0.00073298   0.00216154
States
Ekin        0.056588202006 a.u.
Epot_harm   0.019464270590 a.u.
Epot        0.019464270590 a.u.
Etot_harm   0.076052472595 a.u.
Etot        0.076052472595 a.u.


Index     132
Atoms
 C   6.0   0.00000221  -0.04824291   0.01839154  12.00000000  -0.00015685  -0.00013312  -0.00040852
 N   7.0  -0.00920511   0.02564598   2.49122708  14.00307400   0.00026380   0.00013550   0.00059278
 H   1.0   1.75135935   0.21860751  -1.01169685   1.00782500   0.00197974   0.00040499  -0.00039267
 H   1.0   1.70378188  -0.11286533   3.66011861   1.00782500  -0.00082735  -0.00033276  -0.00250367
 H   1.0  -1.63341009  -0.03140090   3.57447641   1.00782500  -0.00244637  -0.00061188  -0.00036463
 H   1.0  -1.69385840   0.14374452  -0.86070160   1.00782500  -0.00050374   0.00024193  -0.00011115
States
Ekin        0.024589729693 a.u.
Epot_harm   0.017048647815 a.u.
Epot        0.017048647815 a.u.
Etot_harm   0.041638377508 a.u.
Etot        0.041638377508 a.u.


Index     133
Atoms
 C   6.0  -0.02805455   0.04948839   0.09975543  12.00000000  -0.00028090  -0.00027560   0.00020204
 N   7.0   0.01062557  -0.03182318   2.46271120  14.00307400  -0.00025763   0.00006973  -0.00002599
 H   1.0   1.83341497  -0.25757897  -0.88195864   1.00782500   0.00198769   0.00102140  -0.00113262
 H   1.0   1.82406212   0.19112739   3.35026949   1.00782500   0.00257590  -0.00000015  -0.00027619
 H   1.0  -1.79461493   0.01611267   3.64094447   1.00782500   0.00080621   0.00015905  -0.00167175
 H   1.0  -1.67645673  -0.09674843  -1.31963496   1.00782500   0.00155453   0.00113232   0.00103605
States
Ekin        0.022595501326 a.u.
Epot_harm   0.036286981556 a.u.
Epot        0.036286981556 a.u.
Etot_harm   0.058882482882 a.u.
Etot        0.058882482882 a.u.


Index     134
Atoms
 C   6.0  -0.02292623  -0.02007651   0.02051758  12.00000000   0.00002828  -0.00005818   0.00028149
 N   7.0   0.02980028   0.00347830   2.48637676  14.00307400   0.00032165  -0.00004385  -0.00006884
 H   1.0   1.78727496   0.04152691  -0.64688674   1.00782500   0.00033353   0.00123562  -0.00121026
 H   1.0   1.55762990   0.05781900   3.51500387   1.00782500  -0.00379779  -0.00081878   0.00074376
 H   1.0  -1.68646298  -0.04056561   3.45269901   1.00782500   0.00080220   0.00132653  -0.00063934
 H   1.0  -1.79951877   0.13193857  -0.91654186   1.00782500  -0.00214376  -0.00044124  -0.00128926
States
Ekin        0.028077347586 a.u.
Epot_harm   0.012422256238 a.u.
Epot        0.012422256238 a.u.
Etot_harm   0.040499603823 a.u.
Etot        0.040499603823 a.u.


Index     135
Atoms
 C   6.0  -0.00491058   0.01952766   0.00179578  12.00000000  -0.00023967  -0.00002887   0.00054523
 N   7.0   0.01178189  -0.01130771   2.52336881  14.00307400  -0.00003270   0.00022305  -0.00056508
 H   1.0   1.92967765  -0.12303108  -1.25133764   1.00782500  -0.00004921  -0.00031522   0.00193025
 H   1.0   1.58322976   0.08984225   3.82656117   1.00782500   0.00059274  -0.00111229   0.00050283
 H   1.0  -1.69842805  -0.02148882   3.30503226   1.00782500   0.00175397  -0.00121067  -0.00116406
 H   1.0  -1.91971152  -0.02072162  -0.76704491   1.00782500   0.00101060  -0.00011715   0.00009044
States
Ekin        0.020198440040 a.u.
Epot_harm   0.031378931845 a.u.
Epot        0.031378931845 a.u.
Etot_harm   0.051577371885 a.u.
Etot        0.051577371885 a.u.


Index     136
Atoms
 C   6.0  -0.06498506  -0.01032540   0.10745677  12.00000000   0.00016279  -0.00013867   0.00034545
 N   7.0   0.03851193   0.06603503   2.44610941  14.00307400   0.00015788  -0.00028815  -0.00033515
 H   1.0   1.87710762  -0.09820843  -0.64201680   1.00782500   0.00147756  -0.00074285  -0.00155485
 H   1.0   1.63115172  -0.29540971   3.58257336   1.00782500  -0.00092611   0.00429476  -0.00085624
 H   1.0  -1.49489110  -0.38592567   3.50434448   1.00782500  -0.00353983  -0.00070604   0.00229576
 H   1.0  -1.77470052  -0.01502729  -1.51630823   1.00782500  -0.00114363   0.00280885   0.00065873
States
Ekin        0.053720795091 a.u.
Epot_harm   0.042654772378 a.u.
Epot        0.042654772378 a.u.
Etot_harm   0.096375567469 a.u.
Etot        0.096375567469 a.u.


Index     137
Atoms
 C   6.0  -0.01547203   0.01029333   0.11949678  12.00000000  -0.00014106   0.00004064   0.00025296
 N   7.0  -0.02583080   0.03025430   2.43121723  14.00307400   0.00013564  -0.00007251  -0.00006990
 H   1.0   1.77898054  -0.07322220  -0.79221463   1.00782500   0.00015236  -0.00022180  -0.00142228
 H   1.0   1.73699723  -0.20015588   3.31681572   1.00782500   0.00020278   0.00047848   0.00132300
 H   1.0  -1.38349463  -0.15287724   3.67349160   1.00782500  -0.00059507   0.00021320  -0.00061725
 H   1.0  -1.58935808  -0.11666944  -1.20594112   1.00782500   0.00003496   0.00005364  -0.00132421
States
Ekin        0.007412462328 a.u.
Epot_harm   0.016295211549 a.u.
Epot        0.016295211549 a.u.
Etot_harm   0.023707673877 a.u.
Etot        0.023707673877 a.u.


Index     138
Atoms
 C   6.0  -0.07421383   0.03191214   0.05903022  12.00000000   0.00039200  -0.00005468  -0.00015609
 N   7.0   0.01299604  -0.01234256   2.48821602  14.00307400  -0.00000612  -0.00009966   0.00000347
 H   1.0   1.93860460  -0.12161908  -0.50737582   1.00782500  -0.00180383  -0.00016678   0.00084976
 H   1.0   1.88721713   0.01689320   3.34291605   1.00782500   0.00056379   0.00133383   0.00202715
 H   1.0  -1.53139493   0.02888220   3.25985977   1.00782500   0.00012808   0.00002523   0.00085520
 H   1.0  -1.59134702  -0.13263693  -1.17524448   1.00782500  -0.00347053   0.00084344  -0.00192180
States
Ekin        0.027306969964 a.u.
Epot_harm   0.034825861201 a.u.
Epot        0.034825861201 a.u.
Etot_harm   0.062132831165 a.u.
Etot        0.062132831165 a.u.


Index     139
Atoms
 C   6.0  -0.02096907   0.05968133   0.10786921  12.00000000   0.00018932  -0.00000668   0.00015292
 N   7.0  -0.02801401  -0.00016817   2.44933730  14.00307400   0.00014487  -0.00026565  -0.00009710
 H   1.0   2.01983237  -0.33540339  -0.87718972   1.00782500  -0.00168728   0.00060933   0.00078528
 H   1.0   1.73569105  -0.01330883   3.30323202   1.00782500  -0.00223663   0.00127184  -0.00037312
 H   1.0  -1.38484153  -0.14725801   3.40928684   1.00782500   0.00057440   0.00163978  -0.00105934
 H   1.0  -1.73177038  -0.21230862  -0.95649656   1.00782500  -0.00091756   0.00024961   0.00017550
States
Ekin        0.016333701457 a.u.
Epot_harm   0.038028315813 a.u.
Epot        0.038028315813 a.u.
Etot_harm   0.054362017269 a.u.
Etot        0.054362017269 a.u.


Index     140
Atoms
 C   6.0   0.00004198  -0.02832312   0.11491284  12.00000000  -0.00008996   0.00001440  -0.00016410
 N   7.0   0.01191532   0.00336437   2.42986055  14.00307400   0.00058068  -0.00004874   0.00048806
 H   1.0   1.77990954   0.09090843  -0.77979322   1.00782500  -0.00304183  -0.00079455   0.00147681
 H   1.0   1.72075180   0.05732607   3.36525575   1.00782500  -0.00546100   0.00095429  -0.00233422
 H   1.0  -1.80605374  -0.01641239   3.40500953   1.00782500   0.00090678  -0.00051095  -0.00128041
 H   1.0  -1.86066310   0.15867066  -0.92489008   1.00782500   0.00059892   0.00085695  -0.00268957
States
Ekin        0.062259927367 a.u.
Epot_harm   0.019368034400 a.u.
Epot        0.019368034400 a.u.
Etot_harm   0.081627961767 a.u.
Etot        0.081627961767 a.u.


Index     141
Atoms
 C   6.0  -0.02404682   0.02410890   0.07431093  12.00000000   0.00034858  -0.00005304   0.00007505
 N   7.0   0.01463836   0.00391490   2.47906050  14.00307400   0.00023191  -0.00009712  -0.00041230
 H   1.0   1.67545379  -0.10180051  -0.67410261   1.00782500  -0.00144602   0.00114834   0.00220981
 H   1.0   1.51343072  -0.07025927   3.35229654   1.00782500  -0.00142183  -0.00003337  -0.00053672
 H   1.0  -1.41259261  -0.03739205   3.32185376   1.00782500  -0.00263865   0.00107684   0.00152057
 H   1.0  -1.69336104  -0.13200373  -1.13462700   1.00782500  -0.00186630  -0.00021090   0.00164142
States
Ekin        0.029475886098 a.u.
Epot_harm   0.032837513026 a.u.
Epot        0.032837513026 a.u.
Etot_harm   0.062313399124 a.u.
Etot        0.062313399124 a.u.


Index     142
Atoms
 C   6.0   0.03011296   0.00646609   0.08030633  12.00000000  -0.00020301  -0.00003947   0.00034306
 N   7.0  -0.02056546  -0.00431789   2.44503263  14.00307400   0.00007234  -0.00012350  -0.00001309
 H   1.0   1.56911439   0.07399437  -1.11163183   1.00782500  -0.00140273   0.00030272  -0.00052685
 H   1.0   1.58399053  -0.09103677   3.58614730   1.00782500  -0.00106944   0.00073037  -0.00075517
 H   1.0  -1.57177058   0.11983291   3.54100194   1.00782500   0.00121856   0.00065242  -0.00161004
 H   1.0  -1.65414048  -0.11978693  -0.74868777   1.00782500   0.00266573   0.00050031  -0.00101087
States
Ekin        0.018070966290 a.u.
Epot_harm   0.014391906467 a.u.
Epot        0.014391906467 a.u.
Etot_harm   0.032462872757 a.u.
Etot        0.032462872757 a.u.


Index     143
Atoms
 C   6.0  -0.05942985   0.04605292  -0.00656494  12.00000000  -0.00037327   0.00016467   0.00055679
 N   7.0   0.01782726  -0.03280361   2.52052908  14.00307400  -0.00012817  -0.00007345  -0.00014890
 H   1.0   2.04973389  -0.12483754  -0.76718277   1.00782500   0.00207212   0.00022982  -0.00146496
 H   1.0   1.64040059   0.07547112   3.38035058   1.00782500  -0.00028904  -0.00085041  -0.00161018
 H   1.0  -1.67560618   0.15164903   3.53161746   1.00782500   0.00171814   0.00112997  -0.00310469
 H   1.0  -1.55460542  -0.19484200  -0.89256838   1.00782500   0.00272404  -0.00144950   0.00161912
States
Ekin        0.038780570314 a.u.
Epot_harm   0.040474587017 a.u.
Epot        0.040474587017 a.u.
Etot_harm   0.079255157331 a.u.
Etot        0.079255157331 a.u.


Index     144
Atoms
 C   6.0   0.03228990   0.00501797   0.13391501  12.00000000   0.00016060   0.00009425  -0.00045941
 N   7.0  -0.00255091  -0.02104747   2.40995009  14.00307400  -0.00019322  -0.00007198   0.00014255
 H   1.0   1.69931023  -0.06023911  -1.37784535   1.00782500  -0.00305770   0.00032905   0.00032246
 H   1.0   1.43316805   0.18278937   3.80295513   1.00782500   0.00090333  -0.00034974   0.00367355
 H   1.0  -1.60971505   0.02967622   3.44996538   1.00782500   0.00174002   0.00107297  -0.00016263
 H   1.0  -1.87179022   0.08046637  -0.75910586   1.00782500   0.00118677  -0.00117444  -0.00034390
States
Ekin        0.032198598217 a.u.
Epot_harm   0.030326956299 a.u.
Epot        0.030326956299 a.u.
Etot_harm   0.062525554516 a.u.
Etot        0.062525554516 a.u.


Index     145
Atoms
 C   6.0   0.01736537  -0.01680930   0.04553900  12.00000000   0.00019440   0.00028270   0.00001342
 N   7.0  -0.03075141  -0.03546642   2.51303146  14.00307400   0.00011765   0.00008111   0.00001813
 H   1.0   1.81395315   0.05987532  -0.94550360   1.00782500  -0.00004035  -0.00142444   0.00019251
 H   1.0   1.81961736   0.29304513   3.24994510   1.00782500  -0.00147054  -0.00108019   0.00023584
 H   1.0  -1.58488133   0.13370979   3.30472985   1.00782500   0.00021934  -0.00065214   0.00085793
 H   1.0  -1.82818483   0.20629798  -0.87317261   1.00782500  -0.00265773  -0.00133628  -0.00169792
States
Ekin        0.018512147643 a.u.
Epot_harm   0.022156154853 a.u.
Epot        0.022156154853 a.u.
Etot_harm   0.040668302496 a.u.
Etot        0.040668302496 a.u.


Index     146
Atoms
 C   6.0   0.00595978  -0.02977244   0.03322544  12.00000000   0.00022712  -0.00038566  -0.00008127
 N   7.0  -0.00844961   0.05977610   2.47551562  14.00307400   0.00004359   0.00018355   0.00000883
 H   1.0   1.61197401   0.09507634  -0.75481480   1.00782500  -0.00237251   0.00232264  -0.00129212
 H   1.0   1.67567657  -0.33773440   3.61297078   1.00782500  -0.00146487  -0.00113285   0.00041571
 H   1.0  -1.48058152  -0.22345050   3.52848775   1.00782500  -0.00047887   0.00009002  -0.00059877
 H   1.0  -1.76062933  -0.00994614  -0.98277136   1.00782500   0.00100638   0.00076186   0.00232014
States
Ekin        0.024706225234 a.u.
Epot_harm   0.026062508835 a.u.
Epot        0.026062508835 a.u.
Etot_harm   0.050768734070 a.u.
Etot        0.050768734070 a.u.


Index     147
Atoms
 C   6.0  -0.01582619  -0.03601156   0.10228954  12.00000000   0.00007524   0.00017292   0.00011767
 N   7.0   0.00707792  -0.02420058   2.49829510  14.00307400  -0.00003565   0.00010764  -0.00031165
 H   1.0   1.78149863   0.29571610  -1.28220917   1.00782500  -0.00172626  -0.00092038   0.00186268
 H   1.0   1.59324168   0.07867228   3.36185397   1.00782500   0.00010863  -0.00093964  -0.00043623
 H   1.0  -1.66921430   0.27929490   3.32170105   1.00782500   0.00002917  -0.00073368  -0.00068510
 H   1.0  -1.61542942   0.11135159  -1.13631387   1.00782500   0.00118784  -0.00096087   0.00218772
States
Ekin        0.017116653817 a.u.
Epot_harm   0.029467235080 a.u.
Epot        0.029467235080 a.u.
Etot_harm   0.046583888897 a.u.
Etot        0.046583888897 a.u.


Index     148
Atoms
 C   6.0   0.02212714  -0.01456011  -0.00655504  12.00000000  -0.00023381   0.00008704  -0.00008204
 N   7.0   0.02346388   0.02230295   2.53211142  14.00307400  -0.00015673   0.00015995   0.00012231
 H   1.0   1.66461496   0.07282536  -1.18791735   1.00782500   0.00394576  -0.00147760  -0.00135387
 H   1.0   1.57452436  -0.14470861   3.62624271   1.00782500   0.00006272  -0.00027275  -0.00087031
 H   1.0  -1.97998913  -0.05528214   3.35796578   1.00782500   0.00103607  -0.00182077   0.00027774
 H   1.0  -1.84862962  -0.00935482  -0.70512127   1.00782500  -0.00008298   0.00031228   0.00122379
States
Ekin        0.025969559953 a.u.
Epot_harm   0.028361410917 a.u.
Epot        0.028361410917 a.u.
Etot_harm   0.054330970870 a.u.
Etot        0.054330970870 a.u.


Index     149
Atoms
 C   6.0   0.04860001  -0.05542407  -0.04742926  12.00000000   0.00006297   0.00025800  -0.00038832
 N   7.0  -0.03247583   0.04774972   2.59163591  14.00307400   0.00048724   0.00001451   0.00027649
 H   1.0   1.58878680   0.23528555  -1.23407724   1.00782500  -0.00076674  -0.00078292  -0.00041297
 H   1.0   1.70211859  -0.24198266   3.39872854   1.00782500  -0.00223303  -0.00065916   0.00029979
 H   1.0  -1.64481852  -0.12021088   3.61395744   1.00782500  -0.00375330  -0.00020070   0.00134172
 H   1.0  -1.77352830   0.12338150  -1.02781070   1.00782500  -0.00076655  -0.00163082  -0.00044654
States
Ekin        0.030606486464 a.u.
Epot_harm   0.034932713318 a.u.
Epot        0.034932713318 a.u.
Etot_harm   0.065539199782 a.u.
Etot        0.065539199782 a.u.


Index     150
Atoms
 C   6.0   0.01463423   0.02503698   0.06278314  12.00000000   0.00003452   0.00000228   0.00083887
 N   7.0   0.01272442   0.01619129   2.45064368  14.00307400  -0.00016137  -0.00017968  -0.00027609
 H   1.0   1.54991686  -0.22679473  -0.91168733   1.00782500  -0.00101640  -0.00021378  -0.00131630
 H   1.0   1.46040872  -0.02713524   3.71263654   1.00782500   0.00041776   0.00145623  -0.00048326
 H   1.0  -1.56288633  -0.21492802   3.50688747   1.00782500   0.00221069   0.00063134  -0.00262203
 H   1.0  -1.79848414  -0.05422053  -0.91032331   1.00782500   0.00021908   0.00059553  -0.00173067
States
Ekin        0.028633871939 a.u.
Epot_harm   0.017347349153 a.u.
Epot        0.017347349153 a.u.
Etot_harm   0.045981221092 a.u.
Etot        0.045981221092 a.u.


Index     151
Atoms
 C   6.0  -0.00262928  -0.01795176   0.09005250  12.00000000   0.00053444  -0.00003217   0.00024358
 N   7.0  -0.01228347  -0.00989041   2.46901410  14.00307400  -0.00051521  -0.00001971  -0.00012138
 H   1.0   1.73648435   0.23923880  -1.01102666   1.00782500  -0.00124350  -0.00016532  -0.00004090
 H   1.0   1.67121829  -0.07610632   3.51153558   1.00782500   0.00311609   0.00038519  -0.00104229
 H   1.0  -1.45857801   0.23120145   3.54811405   1.00782500   0.00045764  -0.00001184   0.00063641
 H   1.0  -1.74714742  -0.04316457  -1.23104637   1.00782500  -0.00153528   0.00044887  -0.00076697
States
Ekin        0.022347268306 a.u.
Epot_harm   0.016703992126 a.u.
Epot        0.016703992126 a.u.
Etot_harm   0.039051260432 a.u.
Etot        0.039051260432 a.u.


Index     152
Atoms
 C   6.0   0.00942947   0.04628239   0.04957061  12.00000000   0.00046870  -0.00027755  -0.00017817
 N   7.0  -0.01395951   0.00742991   2.51028190  14.00307400  -0.00009576   0.00025945   0.00001571
 H   1.0   1.77037544  -0.20545814  -1.04927880   1.00782500  -0.00277711   0.00004721  -0.00033293
 H   1.0   1.68945878  -0.12335707   3.26077240   1.00782500   0.00017869   0.00016577   0.00103723
 H   1.0  -1.67465469  -0.08238339   3.57622880   1.00782500  -0.00065849  -0.00219339   0.00122033
 H   1.0  -1.70349622  -0.24311175  -1.06152403   1.00782500  -0.00099329   0.00168036  -0.00002146
States
Ekin        0.022561434492 a.u.
Epot_harm   0.012246306349 a.u.
Epot        0.012246306349 a.u.
Etot_harm   0.034807740841 a.u.
Etot        0.034807740841 a.u.


Index     153
Atoms
 C   6.0  -0.03420145   0.02541560   0.05247612  12.00000000  -0.00008993  -0.00020049  -0.00040685
 N   7.0  -0.01424827  -0.00509379   2.45123189  14.00307400   0.00022742   0.00006310   0.00035082
 H   1.0   2.05650634  -0.12671630  -0.61622987   1.00782500  -0.00046149   0.00096726  -0.00135354
 H   1.0   1.60843777   0.01238129   3.40439775   1.00782500  -0.00218028  -0.00037925   0.00102737
 H   1.0  -1.32904693  -0.02680580   3.65210427   1.00782500  -0.00035193   0.00015825  -0.00006598
 H   1.0  -1.73069586  -0.09070354  -0.92820770   1.00782500   0.00090462   0.00076423   0.00036205
States
Ekin        0.014400557668 a.u.
Epot_harm   0.021760764078 a.u.
Epot        0.021760764078 a.u.
Etot_harm   0.036161321746 a.u.
Etot        0.036161321746 a.u.


Index     154
Atoms
 C   6.0   0.01232025  -0.06344758  -0.00354059  12.00000000  -0.00023736  -0.00025570  -0.00024387
 N   7.0  -0.00618921   0.02174120   2.52961536  14.00307400   0.00017289  -0.00004073   0.00024487
 H   1.0   1.68396421   0.22455523  -1.25375226   1.00782500  -0.00246779   0.00087078   0.00236914
 H   1.0   1.60832380   0.00501023   3.82866992   1.00782500  -0.00101942   0.00127277  -0.00222543
 H   1.0  -1.56548135  -0.06595919   3.39859446   1.00782500  -0.00012405  -0.00003113  -0.00095035
 H   1.0  -1.78750669   0.28977335  -0.88355365   1.00782500   0.00403529   0.00149812   0.00030807
States
Ekin        0.039646895893 a.u.
Epot_harm   0.026831635498 a.u.
Epot        0.026831635498 a.u.
Etot_harm   0.066478531391 a.u.
Etot        0.066478531391 a.u.


Index     155
Atoms
 C   6.0   0.04261941  -0.00208996   0.03339446  12.00000000  -0.00025605   0.00017098  -0.00014638
 N   7.0  -0.03265221   0.02577806   2.56640404  14.00307400   0.00046543  -0.00002807   0.00005601
 H   1.0   1.59363336   0.07835362  -1.33557475   1.00782500  -0.00023166  -0.00095685   0.00095421
 H   1.0   1.82958039  -0.25464032   3.29723034   1.00782500  -0.00204537   0.00023111   0.00023574
 H   1.0  -1.67441725  -0.01661220   3.46650253   1.00782500  -0.00190226  -0.00042150   0.00176730
 H   1.0  -1.80257726  -0.14038567  -1.28913373   1.00782500   0.00076115  -0.00049861  -0.00199252
States
Ekin        0.020541371313 a.u.
Epot_harm   0.039750618832 a.u.
Epot        0.039750618832 a.u.
Etot_harm   0.060291990144 a.u.
Etot        0.060291990144 a.u.


Index     156
Atoms
 C   6.0  -0.03410998  -0.03415768   0.05033851  12.00000000  -0.00008625   0.00014108   0.00004617
 N   7.0   0.03998484   0.01090297   2.51513799  14.00307400  -0.00005734   0.00001065  -0.00013314
 H   1.0   1.86902031   0.28988161  -0.85263610   1.00782500   0.00006800  -0.00041372   0.00015679
 H   1.0   1.46059472  -0.17551497   3.29680374   1.00782500   0.00248378  -0.00070383   0.00104239
 H   1.0  -1.70541249   0.15131407   3.22718128   1.00782500  -0.00124686   0.00013040  -0.00033059
 H   1.0  -1.77362423  -0.01046075  -1.02176606   1.00782500   0.00051870  -0.00084071   0.00043152
States
Ekin        0.010538706016 a.u.
Epot_harm   0.033666960490 a.u.
Epot        0.033666960490 a.u.
Etot_harm   0.044205666506 a.u.
Etot        0.044205666506 a.u.


Index     157
Atoms
 C   6.0   0.05152184  -0.01899052   0.10249005  12.00000000  -0.00032019   0.00016122   0.00028277
 N   7.0  -0.02283817   0.00150678   2.45984777  14.00307400  -0.00048508   0.00005188  -0.00024824
 H   1.0   1.70257144   0.32224991  -1.16236761   1.00782500   0.00578627  -0.00018061  -0.00212941
 H   1.0   1.46018917  -0.24059512   3.26582242   1.00782500   0.00284521  -0.00062190   0.00101908
 H   1.0  -1.57991901   0.27607453   3.50907623   1.00782500   0.00279635  -0.00057197   0.00083260
 H   1.0  -1.87898177  -0.15254821  -0.81568597   1.00782500  -0.00087556  -0.00126592   0.00035989
States
Ekin        0.060563357532 a.u.
Epot_harm   0.029010505628 a.u.
Epot        0.029010505628 a.u.
Etot_harm   0.089573863159 a.u.
Etot        0.089573863159 a.u.


Index     158
Atoms
 C   6.0  -0.02344693   0.01470822   0.04429245  12.00000000  -0.00028568  -0.00026747   0.00009738
 N   7.0  -0.01346024  -0.04378091   2.45861914  14.00307400   0.00027683   0.00023319  -0.00026787
 H   1.0   1.89526251   0.02807526  -0.71968565   1.00782500   0.00044093  -0.00001514   0.00120173
 H   1.0   1.64888850   0.18616396   3.38666483   1.00782500  -0.00167159  -0.00012054   0.00127355
 H   1.0  -1.50106963   0.24416598   3.62507362   1.00782500   0.00037457  -0.00148788   0.00131304
 H   1.0  -1.57688154  -0.02522617  -0.78518770   1.00782500   0.00041119   0.00156835  -0.00122601
States
Ekin        0.017520173955 a.u.
Epot_harm   0.022268148668 a.u.
Epot        0.022268148668 a.u.
Etot_harm   0.039788322623 a.u.
Etot        0.039788322623 a.u.


Index     159
Atoms
 C   6.0   0.06916472  -0.00180946  -0.01822610  12.00000000  -0.00003756   0.00032085  -0.00011198
 N   7.0  -0.03468686  -0.04502090   2.53974807  14.00307400  -0.00013555  -0.00005910   0.00018289
 H   1.0   1.54683445   0.12947321  -1.26568608   1.00782500   0.00019627  -0.00169317   0.00022314
 H   1.0   1.58639064   0.18963807   3.50557136   1.00782500   0.00109595   0.00011050  -0.00131057
 H   1.0  -1.65359264   0.29895330   3.58182856   1.00782500  -0.00003037  -0.00052525  -0.00203499
 H   1.0  -1.82121361   0.02901652  -0.69768490   1.00782500   0.00106880  -0.00089120   0.00191460
States
Ekin        0.016619773182 a.u.
Epot_harm   0.025537520988 a.u.
Epot        0.025537520988 a.u.
Etot_harm   0.042157294170 a.u.
Etot        0.042157294170 a.u.


Index     160
Atoms
 C   6.0  -0.00976286  -0.03973579   0.03789341  12.00000000  -0.00016333   0.00034488  -0.00018793
 N   7.0   0.00140448   0.05236702   2.48995706  14.00307400  -0.00015177  -0.00019231   0.00006042
 H   1.0   1.82165113   0.02443756  -0.92840049   1.00782500   0.00164599  -0.00190905   0.00050660
 H   1.0   1.56374616  -0.14501347   3.56713385   1.00782500   0.00097374   0.00109774   0.00095857
 H   1.0  -1.50364069  -0.30946715   3.48655572   1.00782500   0.00153855   0.00022779  -0.00169464
 H   1.0  -1.78502625   0.17556455  -0.97765179   1.00782500  -0.00010478  -0.00085083   0.00162768
States
Ekin        0.019685563218 a.u.
Epot_harm   0.009781122856 a.u.
Epot        0.009781122856 a.u.
Etot_harm   0.029466686074 a.u.
Etot        0.029466686074 a.u.


Index     161
Atoms
 C   6.0   0.01491617   0.01929035   0.09682644  12.00000000   0.00060943   0.00012322   0.00044485
 N   7.0  -0.01295090  -0.00715994   2.47341708  14.00307400   0.00005205  -0.00007448  -0.00042730
 H   1.0   1.80120259  -0.10068260  -1.12553234   1.00782500  -0.00399400  -0.00047569   0.00055993
 H   1.0   1.64833063   0.03764048   3.41599525   1.00782500  -0.00262685   0.00040463   0.00017755
 H   1.0  -1.58202181  -0.01320285   3.57728812   1.00782500   0.00044707   0.00003941   0.00044924
 H   1.0  -1.86517126  -0.05395926  -1.19200704   1.00782500  -0.00180587  -0.00040060  -0.00054641
States
Ekin        0.034323900776 a.u.
Epot_harm   0.020699929836 a.u.
Epot        0.020699929836 a.u.
Etot_harm   0.055023830612 a.u.
Etot        0.055023830612 a.u.


Index     162
Atoms
 C   6.0   0.02777305  -0.04109145   0.03428603  12.00000000  -0.00014994   0.00010662   0.00029863
 N   7.0  -0.01883883  -0.01582706   2.49032471  14.00307400   0.00028899   0.00014599  -0.00034221
 H   1.0   1.92457097   0.23616572  -1.03620700   1.00782500  -0.00111981  -0.00031582   0.00063760
 H   1.0   1.50865473   0.11643804   3.30526058   1.00782500   0.00279900  -0.00161804  -0.00005761
 H   1.0  -1.62248805   0.16539109   3.76453494   1.00782500  -0.00494812  -0.00024006   0.00263270
 H   1.0  -1.87967327   0.19118077  -0.84810702   1.00782500   0.00103882  -0.00112397  -0.00201355
States
Ekin        0.050298963603 a.u.
Epot_harm   0.028739019699 a.u.
Epot        0.028739019699 a.u.
Etot_harm   0.079037983302 a.u.
Etot        0.079037983302 a.u.


Index     163
Atoms
 C   6.0   0.00605858   0.01286459   0.08004289  12.00000000  -0.00010670  -0.00009729   0.00003541
 N   7.0  -0.00364825   0.02110910   2.46915921  14.00307400   0.00008699   0.00000873   0.00034413
 H   1.0   1.92173649   0.00589863  -0.95848253   1.00782500   0.00140969   0.00050530  -0.00037153
 H   1.0   1.48161812  -0.23779982   3.17570465   1.00782500   0.00130409   0.00000445  -0.00098922
 H   1.0  -1.64199624  -0.02397991   3.62128176   1.00782500  -0.00078353   0.00036603  -0.00093355
 H   1.0  -1.78280687  -0.19059260  -0.90376061   1.00782500  -0.00186840   0.00016133  -0.00290875
States
Ekin        0.019010311715 a.u.
Epot_harm   0.030463514615 a.u.
Epot        0.030463514615 a.u.
Etot_harm   0.049473826330 a.u.
Etot        0.049473826330 a.u.


Index     164
Atoms
 C   6.0  -0.00548562   0.01343892   0.06453340  12.00000000   0.00049107   0.00012691   0.00021324
 N   7.0   0.02862817  -0.01625210   2.45582307  14.00307400   0.00000464  -0.00015015  -0.00031389
 H   1.0   1.87647786  -0.12433429  -0.78980499   1.00782500  -0.00112287  -0.00027869   0.00034633
 H   1.0   1.38076151   0.16501169   3.45869647   1.00782500   0.00001195   0.00064472   0.00055568
 H   1.0  -1.65917231  -0.02697537   3.49552705   1.00782500  -0.00133623   0.00066102   0.00099354
 H   1.0  -1.93052063   0.05209533  -0.85970943   1.00782500  -0.00346439  -0.00045182  -0.00007331
States
Ekin        0.021034851403 a.u.
Epot_harm   0.022132323133 a.u.
Epot        0.022132323133 a.u.
Etot_harm   0.043167174536 a.u.
Etot        0.043167174536 a.u.


Index     165
Atoms
 C   6.0  -0.00066740   0.02526222   0.08635973  12.00000000  -0.00003543   0.00040777   0.00008635
 N   7.0   0.00418096  -0.03713909   2.44654271  14.00307400   0.00028852  -0.00027316   0.00037110
 H   1.0   1.44345567  -0.04142953  -0.84284501   1.00782500   0.00031594  -0.00094162  -0.00121060
 H   1.0   1.56026517   0.14762657   3.59779628   1.00782500  -0.00290267   0.00014719  -0.00208694
 H   1.0  -1.47054153   0.18263506   3.60548294   1.00782500  -0.00013372   0.00147367   0.00017619
 H   1.0  -1.58332445  -0.07360157  -1.18666301   1.00782500  -0.00086643  -0.00173916  -0.00306294
States
Ekin        0.033883075890 a.u.
Epot_harm   0.032026429302 a.u.
Epot        0.032026429302 a.u.
Etot_harm   0.065909505192 a.u.
Etot        0.065909505192 a.u.


Index     166
Atoms
 C   6.0   0.01050411   0.01027959   0.01325008  12.00000000  -0.00022485   0.00017366  -0.00024327
 N   7.0   0.00887993  -0.02850780   2.51712692  14.00307400  -0.00001429  -0.00007911   0.00000137
 H   1.0   1.78098376  -0.01780461  -0.98487903   1.00782500   0.00100071  -0.00016037   0.00010957
 H   1.0   1.55199502   0.15602176   3.52957340   1.00782500   0.00081747  -0.00039956   0.00177222
 H   1.0  -1.67385521   0.12227589   3.27700324   1.00782500   0.00015331   0.00099538   0.00070758
 H   1.0  -1.90757510   0.01320691  -0.75814394   1.00782500   0.00090433  -0.00140398   0.00028816
States
Ekin        0.010261120306 a.u.
Epot_harm   0.010662059431 a.u.
Epot        0.010662059431 a.u.
Etot_harm   0.020923179736 a.u.
Etot        0.020923179736 a.u.


Index     167
Atoms
 C   6.0   0.03859326   0.00855417   0.04401951  12.00000000   0.00026213  -0.00017815   0.00050989
 N   7.0  -0.05053345   0.02604421   2.47461563  14.00307400  -0.00011222   0.00029712  -0.00007989
 H   1.0   1.61841534  -0.02556366  -0.86537783   1.00782500  -0.00177684  -0.00034419  -0.00032932
 H   1.0   1.69748771  -0.21112562   3.30905654   1.00782500   0.00023413  -0.00040965  -0.00146779
 H   1.0  -1.39911933  -0.09194601   3.88607605   1.00782500   0.00062660  -0.00197596  -0.00314155
 H   1.0  -1.67417760  -0.13508514  -1.04190080   1.00782500  -0.00064576   0.00072271  -0.00002252
States
Ekin        0.024551144604 a.u.
Epot_harm   0.021601928561 a.u.
Epot        0.021601928561 a.u.
Etot_harm   0.046153073165 a.u.
Etot        0.046153073165 a.u.


Index     168
Atoms
 C   6.0  -0.01417846   0.08537399   0.15143492  12.00000000  -0.00019789  -0.00014881  -0.00006874
 N   7.0   0.04487300  -0.03218155   2.40440716  14.00307400  -0.00006692  -0.00007807   0.00030413
 H   1.0   1.56407280  -0.43978993  -1.14739917   1.00782500   0.00233311   0.00113950  -0.00090027
 H   1.0   1.40161999   0.16376876   3.77018067   1.00782500   0.00062901   0.00006992  -0.00099983
 H   1.0  -1.76335998  -0.05030992   3.10525159   1.00782500   0.00078732   0.00143756  -0.00002438
 H   1.0  -1.65699358  -0.24306070  -0.74365493   1.00782500  -0.00046341   0.00020969  -0.00148268
States
Ekin        0.015058021156 a.u.
Epot_harm   0.039672049957 a.u.
Epot        0.039672049957 a.u.
Etot_harm   0.054730071114 a.u.
Etot        0.054730071114 a.u.


Index     169
Atoms
 C   6.0  -0.02342900   0.00322622  -0.01315188  12.00000000  -0.00029208   0.00005367  -0.00011429
 N   7.0   0.02677298   0.01851653   2.50364710  14.00307400   0.00009884  -0.00024312  -0.00004408
 H   1.0   1.70941378  -0.11508291  -0.59054833   1.00782500  -0.00239430   0.00111091   0.00145086
 H   1.0   1.61636345  -0.02649259   3.71403788   1.00782500   0.00114250   0.00034738   0.00025041
 H   1.0  -1.58230442  -0.18121142   3.37103408   1.00782500  -0.00094785   0.00214219  -0.00178865
 H   1.0  -1.83650083   0.02709766  -0.92931302   1.00782500   0.00430404  -0.00086161   0.00206064
States
Ekin        0.041316688392 a.u.
Epot_harm   0.028598850559 a.u.
Epot        0.028598850559 a.u.
Etot_harm   0.069915538950 a.u.
Etot        0.069915538950 a.u.


Index     170
Atoms
 C   6.0   0.01714282  -0.01210146   0.06396617  12.00000000  -0.00038838  -0.00020061   0.00020704
 N   7.0   0.00303690  -0.00201981   2.51592180  14.00307400   0.00007104   0.00009474  -0.00027675
 H   1.0   1.82556447   0.15218723  -1.11441055   1.00782500   0.00142090   0.00029235  -0.00083341
 H   1.0   1.59466996  -0.07434906   3.31711706   1.00782500   0.00198702   0.00033643   0.00222090
 H   1.0  -1.69992655   0.12897230   3.38032477   1.00782500  -0.00106617  -0.00082808   0.00034704
 H   1.0  -1.96662030  -0.03465649  -1.10660122   1.00782500   0.00129546   0.00127155  -0.00035444
States
Ekin        0.019481905832 a.u.
Epot_harm   0.029020835915 a.u.
Epot        0.029020835915 a.u.
Etot_harm   0.048502741748 a.u.
Etot        0.048502741748 a.u.


Index     171
Atoms
 C   6.0   0.03859462  -0.00375862   0.06005331  12.00000000  -0.00048128   0.00020844   0.00025333
 N   7.0  -0.03878747   0.02534881   2.50213159  14.00307400   0.00017223  -0.00016348  -0.00028236
 H   1.0   1.64030140  -0.26813894  -1.00150367   1.00782500   0.00479710  -0.00093055   0.00057193
 H   1.0   1.66471771   0.13605963   3.14905017   1.00782500  -0.00046596   0.00008422   0.00136570
 H   1.0  -1.49900623  -0.39816149   3.75874662   1.00782500   0.00097855   0.00088984   0.00061568
 H   1.0  -1.72662566   0.22278873  -1.19166713   1.00782500  -0.00197218  -0.00025392  -0.00164643
States
Ekin        0.038212344874 a.u.
Epot_harm   0.028046251883 a.u.
Epot        0.028046251883 a.u.
Etot_harm   0.066258596757 a.u.
Etot        0.066258596757 a.u.


Index     172
Atoms
 C   6.0   0.01895370  -0.00171624   0.10166262  12.00000000   0.00013607   0.00002207   0.00025465
 N   7.0  -0.00660873  -0.02515175   2.46988527  14.00307400   0.00028698   0.00001351  -0.00029962
 H   1.0   1.71811379  -0.04889581  -0.91473100   1.00782500  -0.00296941   0.00073751  -0.00222262
 H   1.0   1.64845560   0.24234876   3.21172569   1.00782500  -0.00105271  -0.00102762   0.00065726
 H   1.0  -1.65773207   0.03253053   3.21737466   1.00782500  -0.00441990   0.00095869   0.00186636
 H   1.0  -1.84269176   0.14391868  -0.84713673   1.00782500   0.00283450  -0.00111903   0.00082989
States
Ekin        0.049833620684 a.u.
Epot_harm   0.018362722692 a.u.
Epot        0.018362722692 a.u.
Etot_harm   0.068196343376 a.u.
Etot        0.068196343376 a.u.


Index     173
Atoms
 C   6.0   0.00201182  -0.01671412   0.04958866  12.00000000  -0.00001843  -0.00025113   0.00025310
 N   7.0   0.03298068  -0.02678324   2.44750330  14.00307400  -0.00028134   0.00039200  -0.00017681
 H   1.0   1.45373820  -0.02907097  -1.02913165   1.00782500   0.00038085   0.00010638  -0.00126010
 H   1.0   1.32693106   0.32770015   3.93180615   1.00782500   0.00276640  -0.00115242   0.00222839
 H   1.0  -1.61846305   0.00551149   3.51178615   1.00782500   0.00079277  -0.00210330  -0.00081994
 H   1.0  -1.64440575   0.26700728  -0.81620942   1.00782500   0.00018846   0.00069293  -0.00070529
States
Ekin        0.025454246756 a.u.
Epot_harm   0.038601571969 a.u.
Epot        0.038601571969 a.u.
Etot_harm   0.064055818725 a.u.
Etot        0.064055818725 a.u.


Index     174
Atoms
 C   6.0  -0.03878839  -0.02082160   0.06308646  12.00000000   0.00024373  -0.00006857  -0.00022308
 N   7.0   0.06703086   0.00534841   2.45091957  14.00307400  -0.00014661  -0.00005775   0.00024678
 H   1.0   1.53681390  -0.00131373  -0.59663713   1.00782500  -0.00137787   0.00061887  -0.00069136
 H   1.0   1.44215486   0.09592390   3.61946267   1.00782500   0.00044129   0.00027896  -0.00100434
 H   1.0  -1.80687867  -0.09673423   3.34702753   1.00782500  -0.00030323   0.00048379   0.00048120
 H   1.0  -1.64159365   0.17573057  -0.97978457   1.00782500   0.00037491   0.00023719   0.00044171
States
Ekin        0.006945525381 a.u.
Epot_harm   0.044912015928 a.u.
Epot        0.044912015928 a.u.
Etot_harm   0.051857541309 a.u.
Etot        0.051857541309 a.u.


Index     175
Atoms
 C   6.0  -0.01552753   0.01705179   0.01617566  12.00000000  -0.00019259   0.00007763  -0.00011238
 N   7.0   0.02165505  -0.02293683   2.50209682  14.00307400   0.00008738  -0.00006744   0.00002979
 H   1.0   1.73069994  -0.03587266  -1.10679364   1.00782500   0.00283363  -0.00030701   0.00267571
 H   1.0   1.42162391   0.09314596   3.72592176   1.00782500  -0.00166974   0.00031678  -0.00263961
 H   1.0  -1.61879631   0.10687677   3.50533146   1.00782500   0.00129175   0.00003088  -0.00166809
 H   1.0  -1.64952670  -0.04849055  -0.88690691   1.00782500  -0.00137656  -0.00002794   0.00255613
States
Ekin        0.035741086107 a.u.
Epot_harm   0.014105351493 a.u.
Epot        0.014105351493 a.u.
Etot_harm   0.049846437600 a.u.
Etot        0.049846437600 a.u.


Index     176
Atoms
 C   6.0  -0.03039711   0.04923228   0.02610042  12.00000000  -0.00052970   0.00010393   0.00019522
 N   7.0  -0.01003129   0.04373896   2.49269986  14.00307400   0.00049829   0.00005344  -0.00020273
 H   1.0   1.88991500  -0.15943080  -0.84144099   1.00782500   0.00136431   0.00050041  -0.00044824
 H   1.0   1.88821826  -0.44949037   3.59183573   1.00782500  -0.00205937  -0.00143577  -0.00005480
 H   1.0  -1.60242823  -0.15435032   3.47864026   1.00782500  -0.00248452   0.00057107   0.00077775
 H   1.0  -1.67439358  -0.43065326  -0.97909010   1.00782500   0.00256315  -0.00161570   0.00021764
States
Ekin        0.030272308266 a.u.
Epot_harm   0.041431290483 a.u.
Epot        0.041431290483 a.u.
Etot_harm   0.071703598749 a.u.
Etot        0.071703598749 a.u.


Index     177
Atoms
 C   6.0  -0.01495768   0.00923074   0.06083397  12.00000000   0.00039579   0.00013746  -0.00015141
 N   7.0  -0.03320650  -0.00292400   2.47358688  14.00307400   0.00011332   0.00016253   0.00015370
 H   1.0   1.91003675  -0.04916661  -0.98913278   1.00782500  -0.00175125  -0.00150017   0.00026870
 H   1.0   1.66777615   0.01552873   3.39557743   1.00782500   0.00115777  -0.00004981  -0.00008297
 H   1.0  -1.37812769  -0.00922962   3.59015314   1.00782500  -0.00305015  -0.00203150   0.00065645
 H   1.0  -1.56020395  -0.02641430  -0.89465679   1.00782500  -0.00264349  -0.00031358  -0.00117495
States
Ekin        0.029778731012 a.u.
Epot_harm   0.023508455129 a.u.
Epot        0.023508455129 a.u.
Etot_harm   0.053287186141 a.u.
Etot        0.053287186141 a.u.


Index     178
Atoms
 C   6.0  -0.02699546   0.01868951   0.05953524  12.00000000  -0.00003755   0.00019215  -0.00044170
 N   7.0   0.02187927  -0.02773944   2.45572159  14.00307400   0.00022246  -0.00007634   0.00044498
 H   1.0   1.93542995   0.14524305  -0.85649820   1.00782500  -0.00069089  -0.00080028  -0.00085671
 H   1.0   1.70270845  -0.08032334   3.78676795   1.00782500  -0.00090596  -0.00025648  -0.00173419
 H   1.0  -1.68357271   0.32748576   3.33433253   1.00782500  -0.00317884   0.00034599  -0.00089523
 H   1.0  -1.93713355  -0.22951676  -0.89897099   1.00782500   0.00213183  -0.00051647   0.00256267
States
Ekin        0.031841368641 a.u.
Epot_harm   0.032160130931 a.u.
Epot        0.032160130931 a.u.
Etot_harm   0.064001499573 a.u.
Etot        0.064001499573 a.u.


Index     179
Atoms
 C   6.0  -0.00857022   0.00196462   0.07589842  12.00000000  -0.00007588   0.00002118  -0.00043234
 N   7.0  -0.01263251  -0.01561976   2.48769514  14.00307400   0.00012447   0.00003734   0.00072144
 H   1.0   1.76091677  -0.03664713  -1.19365934   1.00782500  -0.00164947   0.00079186  -0.00095364
 H   1.0   1.47859661   0.13807027   3.43313786   1.00782500  -0.00155099  -0.00130145  -0.00131304
 H   1.0  -1.41916463   0.02439103   3.37236473   1.00782500   0.00029730   0.00081756  -0.00227387
 H   1.0  -1.54278408   0.06781991  -0.88529722   1.00782500   0.00207723  -0.00107893  -0.00033555
States
Ekin        0.028826684482 a.u.
Epot_harm   0.035310937145 a.u.
Epot        0.035310937145 a.u.
Etot_harm   0.064137621627 a.u.
Etot        0.064137621627 a.u.


Index     180
Atoms
 C   6.0   0.01493664  -0.01648504   0.07176874  12.00000000  -0.00022541  -0.00008638  -0.00004041
 N   7.0   0.00821619   0.02268187   2.48063923  14.00307400  -0.00014975  -0.00013466  -0.00022533
 H   1.0   1.69313257   0.05727542  -1.21556944   1.00782500   0.00056006   0.00145155   0.00066039
 H   1.0   1.52938472  -0.11823335   3.62073883   1.00782500  -0.00003706  -0.00006513   0.00227679
 H   1.0  -1.68995179  -0.08059139   3.41274254   1.00782500   0.00305587   0.00183961  -0.00145409
 H   1.0  -1.82457210   0.02268399  -0.94415728   1.00782500   0.00118570  -0.00032649   0.00212890
States
Ekin        0.028396316236 a.u.
Epot_harm   0.006668759426 a.u.
Epot        0.006668759426 a.u.
Etot_harm   0.035065075662 a.u.
Etot        0.035065075662 a.u.


Index     181
Atoms
 C   6.0   0.06090376   0.01404306   0.07489159  12.00000000  -0.00011884  -0.00014191  -0.00015287
 N   7.0   0.00200408  -0.01707018   2.51149650  14.00307400  -0.00002932   0.00007085   0.00011838
 H   1.0   1.54646332   0.06206043  -1.64288722   1.00782500  -0.00047297   0.00101653  -0.00158762
 H   1.0   1.48292050  -0.03586417   3.66750787   1.00782500   0.00242042  -0.00078546   0.00260254
 H   1.0  -1.82310967   0.18104677   3.30700588   1.00782500  -0.00139040   0.00049247  -0.00134833
 H   1.0  -1.95929017  -0.13727226  -0.92379687   1.00782500   0.00126533  -0.00001826   0.00050883
States
Ekin        0.021920667853 a.u.
Epot_harm   0.037432803873 a.u.
Epot        0.037432803873 a.u.
Etot_harm   0.059353471726 a.u.
Etot        0.059353471726 a.u.


Index     182
Atoms
 C   6.0  -0.01125115   0.01853515   0.10227055  12.00000000   0.00025395  -0.00036921   0.00019328
 N   7.0   0.02670313   0.01205109   2.45557034  14.00307400  -0.00016177   0.00021278   0.00007056
 H   1.0   1.56529092  -0.07696721  -1.13671223   1.00782500  -0.00187021   0.00115203  -0.00033604
 H   1.0   1.60120870  -0.11949534   3.71296084   1.00782500   0.00070949  -0.00044494  -0.00058868
 H   1.0  -1.75954818  -0.06039907   3.15360153   1.00782500   0.00086531  -0.00072774  -0.00251730
 H   1.0  -1.64400858  -0.13127536  -0.87095935   1.00782500  -0.00048064   0.00146031   0.00016030
States
Ekin        0.018272838599 a.u.
Epot_harm   0.017351439519 a.u.
Epot        0.017351439519 a.u.
Etot_harm   0.035624278118 a.u.
Etot        0.035624278118 a.u.


Index     183
Atoms
 C   6.0   0.00030276   0.00320524   0.05114354  12.00000000   0.00065223   0.00032830  -0.00010244
 N   7.0   0.00353377   0.00365432   2.48631759  14.00307400   0.00001117  -0.00038755   0.00005023
 H   1.0   1.83169151  -0.01821528  -1.15721470   1.00782500  -0.00110885  -0.00023645  -0.00020070
 H   1.0   1.54755337  -0.02645373   3.52578448   1.00782500  -0.00272227   0.00109251  -0.00205250
 H   1.0  -1.70729586  -0.02152534   3.48430567   1.00782500  -0.00095569   0.00222508   0.00070368
 H   1.0  -1.72465332  -0.02274424  -0.81243711   1.00782500  -0.00313436  -0.00160534   0.00207123
States
Ekin        0.042093180570 a.u.
Epot_harm   0.010871298967 a.u.
Epot        0.010871298967 a.u.
Etot_harm   0.052964479537 a.u.
Etot        0.052964479537 a.u.


Index     184
Atoms
 C   6.0   0.04384132  -0.04031581   0.12286528  12.00000000  -0.00015658  -0.00001600   0.00045286
 N   7.0  -0.00319462   0.03301281   2.38677727  14.00307400   0.00029806  -0.00004734  -0.00064749
 H   1.0   1.75636455   0.08542021  -0.91652257   1.00782500  -0.00212473   0.00073400   0.00100210
 H   1.0   1.41379101  -0.07054002   3.58783401   1.00782500  -0.00270599   0.00001289  -0.00144391
 H   1.0  -1.58833157  -0.17443647   3.58490402   1.00782500  -0.00164050   0.00036913   0.00314547
 H   1.0  -2.05944798   0.18089819  -0.68670752   1.00782500   0.00419422  -0.00026778   0.00090058
States
Ekin        0.052014436911 a.u.
Epot_harm   0.034142298851 a.u.
Epot        0.034142298851 a.u.
Etot_harm   0.086156735762 a.u.
Etot        0.086156735762 a.u.


Index     185
Atoms
 C   6.0   0.01629670  -0.03331844   0.03941363  12.00000000  -0.00005265  -0.00021434   0.00024119
 N   7.0  -0.03970286   0.04666304   2.50116422  14.00307400   0.00036888   0.00010933   0.00001919
 H   1.0   1.75328832  -0.02167699  -1.17801654   1.00782500   0.00141551   0.00089981   0.00112858
 H   1.0   1.59747361  -0.09521732   3.36827789   1.00782500  -0.00034732   0.00001213  -0.00383680
 H   1.0  -1.43884622  -0.31544406   3.69495764   1.00782500  -0.00399764  -0.00057596   0.00053163
 H   1.0  -1.55431222   0.18070259  -0.91139900   1.00782500  -0.00156895   0.00069715  -0.00096195
States
Ekin        0.039407642612 a.u.
Epot_harm   0.023140496272 a.u.
Epot        0.023140496272 a.u.
Etot_harm   0.062548138884 a.u.
Etot        0.062548138884 a.u.


Index     186
Atoms
 C   6.0   0.04698380  -0.00466771   0.02931928  12.00000000   0.00012207  -0.00022453   0.00009551
 N   7.0  -0.04055202  -0.01432488   2.46830572  14.00307400  -0.00022749   0.00036705  -0.00009137
 H   1.0   2.01882604   0.24168296  -1.13837935   1.00782500   0.00050368   0.00082113  -0.00032940
 H   1.0   1.56499302  -0.13180977   3.54851408   1.00782500   0.00010169  -0.00170858   0.00102469
 H   1.0  -1.53453524   0.29840396   3.88241045   1.00782500   0.00246026  -0.00138865   0.00076883
 H   1.0  -2.04526782  -0.15366463  -0.74198589   1.00782500  -0.00135825  -0.00015032  -0.00133184
States
Ekin        0.019262698035 a.u.
Epot_harm   0.047534782308 a.u.
Epot        0.047534782308 a.u.
Etot_harm   0.066797480343 a.u.
Etot        0.066797480343 a.u.


Index     187
Atoms
 C   6.0   0.03106514   0.01337369   0.08023176  12.00000000   0.00020137   0.00018886   0.00047973
 N   7.0  -0.04115916   0.02414204   2.42497295  14.00307400  -0.00011908  -0.00026360  -0.00047417
 H   1.0   1.66794764  -0.25243447  -0.68322321   1.00782500   0.00005148  -0.00153723  -0.00043315
 H   1.0   1.55830230   0.01858567   3.45428354   1.00782500   0.00054289   0.00239690  -0.00120677
 H   1.0  -1.19023521  -0.31433425   3.83301101   1.00782500  -0.00108604  -0.00008453   0.00138650
 H   1.0  -1.83402219   0.05350683  -1.05763760   1.00782500  -0.00025148   0.00063872   0.00112968
States
Ekin        0.021004259398 a.u.
Epot_harm   0.046809454365 a.u.
Epot        0.046809454365 a.u.
Etot_harm   0.067813713763 a.u.
Etot        0.067813713763 a.u.


Index     188
Atoms
 C   6.0   0.00069638   0.04900448   0.02626034  12.00000000  -0.00014485  -0.00037493   0.00037319
 N   7.0   0.01653567   0.00829971   2.50036048  14.00307400  -0.00013991   0.00011666  -0.00055955
 H   1.0   1.64361726  -0.38530190  -0.89287207   1.00782500   0.00073855   0.00157337  -0.00033516
 H   1.0   1.56623316   0.04887453   3.60048357   1.00782500   0.00067152  -0.00028416   0.00109949
 H   1.0  -1.64183520  -0.27136498   3.47580637   1.00782500   0.00043142   0.00003797   0.00023458
 H   1.0  -1.80605920  -0.09101468  -1.04181648   1.00782500   0.00182711   0.00151610   0.00233211
States
Ekin        0.022598789488 a.u.
Epot_harm   0.015519241325 a.u.
Epot        0.015519241325 a.u.
Etot_harm   0.038118030812 a.u.
Etot        0.038118030812 a.u.


Index     189
Atoms
 C   6.0   0.00056015   0.00891898   0.02361137  12.00000000  -0.00037778   0.00020782   0.00047681
 N   7.0  -0.00391759  -0.06195536   2.52268906  14.00307400  -0.00013369  -0.00013934  -0.00058968
 H   1.0   1.60622058   0.03337571  -0.79512887   1.00782500   0.00452943   0.00129016  -0.00049968
 H   1.0   1.78857170   0.34599379   3.31734021   1.00782500  -0.00042657  -0.00132616   0.00021458
 H   1.0  -1.66500510   0.29533780   3.67418665   1.00782500   0.00154455   0.00212283   0.00097610
 H   1.0  -1.68202445   0.07992545  -1.33349689   1.00782500   0.00070826  -0.00262532   0.00182492
States
Ekin        0.049074360369 a.u.
Epot_harm   0.032872004720 a.u.
Epot        0.032872004720 a.u.
Etot_harm   0.081946365089 a.u.
Etot        0.081946365089 a.u.


Index     190
Atoms
 C   6.0  -0.03075352  -0.02357914   0.02728304  12.00000000  -0.00042898   0.00003124  -0.00051081
 N   7.0   0.04219695   0.03021778   2.51765580  14.00307400   0.00002486   0.00015796   0.00030086
 H   1.0   1.80959145   0.24982126  -0.74612976   1.00782500   0.00374548  -0.00017345  -0.00140502
 H   1.0   1.49269459  -0.33605205   3.35226502   1.00782500   0.00025722  -0.00102815   0.00014818
 H   1.0  -1.73563182   0.07556760   3.32917851   1.00782500  -0.00128001  -0.00095200   0.00008689
 H   1.0  -1.78677651  -0.12844054  -1.04619671   1.00782500   0.00203976  -0.00041300   0.00307192
States
Ekin        0.037157770223 a.u.
Epot_harm   0.027673193119 a.u.
Epot        0.027673193119 a.u.
Etot_harm   0.064830963342 a.u.
Etot        0.064830963342 a.u.


Index     191
Atoms
 C   6.0   0.00811079   0.03350162   0.09387120  12.00000000  -0.00000246   0.00005548  -0.00030710
 N   7.0  -0.01469929  -0.00349551   2.47904083  14.00307400  -0.00034220   0.00009437   0.00028710
 H   1.0   1.81100790  -0.03871318  -0.91557944   1.00782500   0.00081366   0.00027959  -0.00006519
 H   1.0   1.72512431  -0.14612173   3.07029898   1.00782500   0.00221975  -0.00124099   0.00090916
 H   1.0  -1.70786733   0.09252754   3.35017094   1.00782500   0.00251126  -0.00021097  -0.00228202
 H   1.0  -1.72060159  -0.25802280  -0.87209729   1.00782500  -0.00076079  -0.00079952   0.00110548
States
Ekin        0.024031850346 a.u.
Epot_harm   0.019924340535 a.u.
Epot        0.019924340535 a.u.
Etot_harm   0.043956190881 a.u.
Etot        0.043956190881 a.u.


Index     192
Atoms
 C   6.0  -0.04002443  -0.00880312   0.12592649  12.00000000   0.00003368  -0.00003970   0.00019638
 N   7.0   0.03495491   0.04965037   2.42406679  14.00307400   0.00012865  -0.00018485   0.00038566
 H   1.0   1.74074079  -0.10288991  -1.06653252   1.00782500  -0.00031290   0.00178157  -0.00149711
 H   1.0   1.59012038  -0.18389042   3.72521541   1.00782500  -0.00212149  -0.00012563  -0.00234227
 H   1.0  -1.74723367  -0.32556208   3.41980618   1.00782500   0.00079452   0.00252621  -0.00134438
 H   1.0  -1.59273917   0.02729999  -1.06354407   1.00782500  -0.00054862  -0.00114115  -0.00251311
States
Ekin        0.032718953847 a.u.
Epot_harm   0.029141736778 a.u.
Epot        0.029141736778 a.u.
Etot_harm   0.061860690625 a.u.
Etot        0.061860690625 a.u.


Index     193
Atoms
 C   6.0  -0.02576177   0.05108278  -0.01892809  12.00000000   0.00007591  -0.00013924  -0.00002295
 N   7.0   0.02879627  -0.00396508   2.52038901  14.00307400  -0.00008305   0.00025308  -0.00006808
 H   1.0   1.77450559  -0.15160196  -0.75862294   1.00782500   0.00000585  -0.00029249   0.00005992
 H   1.0   1.77750392  -0.13173920   3.68230071   1.00782500   0.00043790  -0.00071992  -0.00004809
 H   1.0  -1.85194377   0.03535761   3.33584371   1.00782500  -0.00026261  -0.00168342   0.00150391
 H   1.0  -1.79343019  -0.30515814  -0.85815248   1.00782500   0.00006895   0.00083740  -0.00029654
States
Ekin        0.007473586355 a.u.
Epot_harm   0.036727800485 a.u.
Epot        0.036727800485 a.u.
Etot_harm   0.044201386840 a.u.
Etot        0.044201386840 a.u.


Index     194
Atoms
 C   6.0   0.02963878   0.01139071   0.08756250  12.00000000  -0.00037140   0.00030495  -0.00048963
 N   7.0  -0.04341925  -0.02181321   2.40984008  14.00307400   0.00071716  -0.00016139   0.00022371
 H   1.0   1.76978212  -0.09384061  -0.95403368   1.00782500   0.00006858  -0.00114963   0.00142141
 H   1.0   1.52795673   0.18425949   3.39075569   1.00782500  -0.00280277   0.00017331  -0.00074881
 H   1.0  -1.44157057   0.01909333   3.84476312   1.00782500  -0.00399762   0.00063241   0.00112891
 H   1.0  -1.60578988   0.05794083  -0.61207583   1.00782500   0.00118947  -0.00104472   0.00092008
States
Ekin        0.042924326854 a.u.
Epot_harm   0.033838559318 a.u.
Epot        0.033838559318 a.u.
Etot_harm   0.076762886171 a.u.
Etot        0.076762886171 a.u.


Index     195
Atoms
 C   6.0   0.01785599  -0.01693702   0.11480229  12.00000000  -0.00066173   0.00012126  -0.00007425
 N   7.0  -0.01080250   0.01342759   2.46870702  14.00307400   0.00016955  -0.00016045  -0.00004662
 H   1.0   1.67271004   0.16371781  -1.10594693   1.00782500   0.00266293   0.00084027   0.00115238
 H   1.0   1.57736035  -0.16561159   3.27610328   1.00782500   0.00037138  -0.00044904  -0.00068292
 H   1.0  -1.58539334   0.06743685   3.21942424   1.00782500  -0.00049177   0.00204589   0.00015538
 H   1.0  -1.72719155  -0.05044449  -0.86242875   1.00782500   0.00298084  -0.00165161   0.00090700
States
Ekin        0.030394737435 a.u.
Epot_harm   0.020276171014 a.u.
Epot        0.020276171014 a.u.
Etot_harm   0.050670908449 a.u.
Etot        0.050670908449 a.u.


Index     196
Atoms
 C   6.0   0.02630641   0.00532959   0.03025258  12.00000000   0.00012313   0.00009350   0.00015891
 N   7.0  -0.01529922  -0.00224012   2.50923442  14.00307400   0.00008179  -0.00012201  -0.00032969
 H   1.0   1.61399949   0.07386062  -0.99442869   1.00782500  -0.00085845  -0.00093349   0.00134818
 H   1.0   1.56327139  -0.09838848   3.42577949   1.00782500  -0.00032202   0.00117784  -0.00099732
 H   1.0  -1.51095976   0.10795435   3.49288274   1.00782500  -0.00165290  -0.00009739   0.00018266
 H   1.0  -1.76696429  -0.11576011  -0.95346462   1.00782500   0.00023093   0.00043500   0.00215514
States
Ekin        0.014678664659 a.u.
Epot_harm   0.011743886060 a.u.
Epot        0.011743886060 a.u.
Etot_harm   0.026422550718 a.u.
Etot        0.026422550718 a.u.


Index     197
Atoms
 C   6.0  -0.03798679  -0.02500046   0.08166138  12.00000000   0.00008006  -0.00011071  -0.00006062
 N   7.0   0.03198234  -0.03166007   2.47313621  14.00307400  -0.00018486   0.00008031   0.00027166
 H   1.0   1.73917090   0.22323429  -1.02965745   1.00782500   0.00096267   0.00014065  -0.00094779
 H   1.0   1.42036710   0.14039074   3.68522554   1.00782500   0.00297995  -0.00000297  -0.00170032
 H   1.0  -1.48763635   0.26775728   3.53249257   1.00782500  -0.00204613  -0.00059882   0.00058645
 H   1.0  -1.66397331   0.10619009  -1.32784639   1.00782500  -0.00028123   0.00066348  -0.00099114
States
Ekin        0.020083393438 a.u.
Epot_harm   0.023711092741 a.u.
Epot        0.023711092741 a.u.
Etot_harm   0.043794486179 a.u.
Etot        0.043794486179 a.u.


Index     198
Atoms
 C   6.0  -0.01530141  -0.00534762   0.01935479  12.00000000   0.00041044   0.00008318  -0.00040054
 N   7.0  -0.00627359  -0.02316757   2.50691891  14.00307400  -0.00032597  -0.00009465   0.00066814
 H   1.0   1.73392947   0.11331516  -0.78694600   1.00782500   0.00168836   0.00002759  -0.00002186
 H   1.0   1.48393445   0.07486249   3.36909746   1.00782500  -0.00270026   0.00035309  -0.00381841
 H   1.0  -1.35156932   0.18857944   3.70921036   1.00782500   0.00360991   0.00028185  -0.00105091
 H   1.0  -1.59693587   0.00881441  -1.15866222   1.00782500  -0.00295586  -0.00033790   0.00037697
States
Ekin        0.055065443500 a.u.
Epot_harm   0.024314288785 a.u.
Epot        0.024314288785 a.u.
Etot_harm   0.079379732286 a.u.
Etot        0.079379732286 a.u.


Index     199
Atoms
 C   6.0  -0.00215548   0.00735316   0.04349952  12.00000000  -0.00008645  -0.00001281  -0.00039323
 N   7.0  -0.00377429  -0.00968900   2.47576603  14.00307400   0.00023626  -0.00013052   0.00014939
 H   1.0   1.90179551   0.03678996  -0.58076397   1.00782500   0.00078518   0.00000361   0.00121906
 H   1.0   1.86213477  -0.01813164   3.31892327   1.00782500   0.00003320   0.00094933   0.00092179
 H   1.0  -1.73775484   0.10221668   3.31172315   1.00782500  -0.00172787   0.00049053  -0.00037448
 H   1.0  -1.94806915  -0.07380549  -0.77182097   1.00782500  -0.00134385   0.00052254   0.00084003
States
Ekin        0.012182828943 a.u.
Epot_harm   0.026586332182 a.u.
Epot        0.026586332182 a.u.
Etot_harm   0.038769161125 a.u.
Etot        0.038769161125 a.u.


Index     200
Atoms
 C   6.0  -0.02867545  -0.04206753  -0.04434832  12.00000000  -0.00022748  -0.00005992  -0.00063533
 N   7.0   0.00700949   0.00481669   2.54936202  14.00307400  -0.00001679   0.00008872   0.00027165
 H   1.0   2.04819224   0.25031100  -0.80780042   1.00782500   0.00054805  -0.00062585   0.00183480
 H   1.0   1.70613478  -0.03903229   3.55301020   1.00782500   0.00065106   0.00060250   0.00309431
 H   1.0  -1.63138338   0.10173759   3.47534023   1.00782500   0.00256240  -0.00129952  -0.00147874
 H   1.0  -1.87890230   0.12094980  -0.91906784   1.00782500  -0.00081966   0.00080368   0.00033991
States
Ekin        0.030255348534 a.u.
Epot_harm   0.029065332536 a.u.
Epot        0.029065332536 a.u.
Etot_harm   0.059320681071 a.u.
Etot        0.059320681071 a.u.


Index     201
Atoms
 C   6.0   0.02641636  -0.00273252  -0.00087888  12.00000000  -0.00001533  -0.00012549   0.00000128
 N   7.0   0.00486203  -0.03689454   2.54436678  14.00307400  -0.00008777  -0.00000019  -0.00005390
 H   1.0   1.67841925   0.06785881  -1.58650148   1.00782500  -0.00106166   0.00030766   0.00032577
 H   1.0   1.34681682   0.20497029   3.87049109   1.00782500  -0.00088350   0.00067179   0.00137261
 H   1.0  -1.59389178   0.19882981   3.54415156   1.00782500   0.00261886  -0.00034850  -0.00185770
 H   1.0  -1.81343410   0.07350235  -0.97483661   1.00782500   0.00072834   0.00086595   0.00089301
States
Ekin        0.015929274229 a.u.
Epot_harm   0.039134954427 a.u.
Epot        0.039134954427 a.u.
Etot_harm   0.055064228657 a.u.
Etot        0.055064228657 a.u.


Index     202
Atoms
 C   6.0  -0.00210846  -0.00499874  -0.01001616  12.00000000   0.00027298  -0.00015421  -0.00004732
 N   7.0   0.00931631   0.03151306   2.53192246  14.00307400   0.00008383   0.00015814   0.00001305
 H   1.0   1.70216352  -0.00725562  -0.76192473   1.00782500  -0.00142921   0.00029068   0.00041671
 H   1.0   1.54493502  -0.18362560   3.38736814   1.00782500  -0.00039239  -0.00034997  -0.00037410
 H   1.0  -1.58185562  -0.14132594   3.75413486   1.00782500  -0.00119935  -0.00093667   0.00200066
 H   1.0  -1.76958184  -0.04612714  -1.24457204   1.00782500  -0.00139421   0.00063492  -0.00166117
States
Ekin        0.014513073162 a.u.
Epot_harm   0.028013059970 a.u.
Epot        0.028013059970 a.u.
Etot_harm   0.042526133132 a.u.
Etot        0.042526133132 a.u.


Index     203
Atoms
 C   6.0   0.00868236  -0.06375502   0.00576881  12.00000000  -0.00005692  -0.00021431   0.00067249
 N   7.0  -0.04484900   0.00965955   2.54388716  14.00307400  -0.00001757   0.00022616  -0.00053489
 H   1.0   1.68944958   0.24849703  -0.94905666   1.00782500  -0.00200675   0.00151396  -0.00129706
 H   1.0   1.61758066   0.06652383   3.25269204   1.00782500   0.00047319  -0.00158541   0.00038518
 H   1.0  -1.21674630   0.00315780   3.59950579   1.00782500  -0.00040460  -0.00055327  -0.00043354
 H   1.0  -1.57051551   0.30672829  -1.12232544   1.00782500   0.00286001   0.00003404   0.00077009
States
Ekin        0.028572709334 a.u.
Epot_harm   0.054344936391 a.u.
Epot        0.054344936391 a.u.
Etot_harm   0.082917645726 a.u.
Etot        0.082917645726 a.u.


Index     204
Atoms
 C   6.0   0.01590306   0.03017761  -0.00324228  12.00000000   0.00019627   0.00008450  -0.00038459
 N   7.0  -0.02711552   0.00375798   2.54262938  14.00307400  -0.00000514  -0.00000374   0.00012857
 H   1.0   1.84892334  -0.23318051  -0.96669519   1.00782500   0.00033979   0.00002757   0.00169940
 H   1.0   1.70718047   0.03523083   3.39562922   1.00782500   0.00013557  -0.00049705  -0.00020193
 H   1.0  -1.47412011  -0.15770710   3.51579763   1.00782500  -0.00054138   0.00015677   0.00024460
 H   1.0  -1.89458606  -0.05587760  -1.03914643   1.00782500  -0.00219947  -0.00064147   0.00105075
States
Ekin        0.011560660999 a.u.
Epot_harm   0.021829902693 a.u.
Epot        0.021829902693 a.u.
Etot_harm   0.033390563693 a.u.
Etot        0.033390563693 a.u.


Index     205
Atoms
 C   6.0   0.01921702   0.02604028   0.11830212  12.00000000   0.00002925  -0.00017605   0.00005687
 N   7.0   0.00818595  -0.03712659   2.43566912  14.00307400  -0.00003004   0.00030000   0.00018006
 H   1.0   1.55409942   0.03915917  -0.91040052   1.00782500  -0.00074423   0.00121564  -0.00098628
 H   1.0   1.65427677   0.05489538   3.41056017   1.00782500  -0.00198187  -0.00225260  -0.00190485
 H   1.0  -1.77083733   0.27311532   3.46240381   1.00782500   0.00128503  -0.00060065  -0.00080574
 H   1.0  -1.78009109  -0.16137715  -1.01804336   1.00782500   0.00151028  -0.00043447   0.00051791
States
Ekin        0.021288086335 a.u.
Epot_harm   0.023781427138 a.u.
Epot        0.023781427138 a.u.
Etot_harm   0.045069513473 a.u.
Etot        0.045069513473 a.u.


Index     206
Atoms
 C   6.0   0.04597002   0.01594023   0.05596137  12.00000000   0.00025092   0.00039991   0.00011125
 N   7.0  -0.01482840   0.00742479   2.42418402  14.00307400  -0.00008885  -0.00012784  -0.00002936
 H   1.0   1.79437572  -0.19517676  -0.76296242   1.00782500  -0.00149548  -0.00204056  -0.00033757
 H   1.0   1.55792070   0.05842007   3.46193298   1.00782500  -0.00081835   0.00045904  -0.00050712
 H   1.0  -1.69295494  -0.18155418   3.69989804   1.00782500   0.00090293   0.00000886   0.00064077
 H   1.0  -2.00066759   0.02535059  -0.55248972   1.00782500  -0.00034225  -0.00141277  -0.00071277
States
Ekin        0.013480073957 a.u.
Epot_harm   0.032093488314 a.u.
Epot        0.032093488314 a.u.
Etot_harm   0.045573562271 a.u.
Etot        0.045573562271 a.u.


Index     207
Atoms
 C   6.0  -0.01480840   0.03302582   0.01830104  12.00000000   0.00020947  -0.00001083   0.00033755
 N   7.0   0.01873557   0.02059546   2.48800510  14.00307400  -0.00000393   0.00007535  -0.00017560
 H   1.0   1.82608505  -0.17464381  -1.00319757   1.00782500  -0.00380056   0.00031341   0.00211485
 H   1.0   1.41321952  -0.16589067   3.69915280   1.00782500   0.00102742  -0.00069976  -0.00007878
 H   1.0  -1.58304273  -0.14522243   3.62188705   1.00782500   0.00053163   0.00003268  -0.00196009
 H   1.0  -1.74025940  -0.19363638  -0.90980083   1.00782500  -0.00019804  -0.00056436  -0.00165525
States
Ekin        0.027737042563 a.u.
Epot_harm   0.015542927432 a.u.
Epot        0.015542927432 a.u.
Etot_harm   0.043279969994 a.u.
Etot        0.043279969994 a.u.


Index     208
Atoms
 C   6.0   0.01120340  -0.00088328   0.06226867  12.00000000   0.00038912  -0.00009421  -0.00039865
 N   7.0   0.00687804  -0.04132101   2.46832770  14.00307400  -0.00004793   0.00025916   0.00031890
 H   1.0   1.67788422  -0.09116539  -1.12775406   1.00782500  -0.00184863   0.00018670  -0.00029718
 H   1.0   1.61387262   0.39762693   3.76260155   1.00782500   0.00142692  -0.00129777  -0.00107509
 H   1.0  -1.68559239   0.04869607   3.40503081   1.00782500  -0.00333739  -0.00127174   0.00181931
 H   1.0  -1.83512733   0.22948795  -0.88194716   1.00782500  -0.00020813  -0.00009631  -0.00013135
States
Ekin        0.028263094448 a.u.
Epot_harm   0.016052477584 a.u.
Epot        0.016052477584 a.u.
Etot_harm   0.044315572032 a.u.
Etot        0.044315572032 a.u.


Index     209
Atoms
 C   6.0   0.04617372  -0.01373578   0.06928091  12.00000000  -0.00003754  -0.00000505   0.00072379
 N   7.0  -0.04621651  -0.01396201   2.47302187  14.00307400   0.00038179  -0.00018210  -0.00057180
 H   1.0   1.67990353   0.05200522  -0.94165189   1.00782500  -0.00397301  -0.00025964   0.00048102
 H   1.0   1.71768902   0.12968373   3.16430585   1.00782500   0.00041129   0.00144484   0.00036473
 H   1.0  -1.54939662   0.05768263   3.78447152   1.00782500  -0.00302750   0.00056651   0.00037768
 H   1.0  -1.75583022   0.11817108  -0.99791036   1.00782500   0.00173157   0.00083855  -0.00189673
States
Ekin        0.044796737321 a.u.
Epot_harm   0.015291366135 a.u.
Epot        0.015291366135 a.u.
Etot_harm   0.060088103456 a.u.
Etot        0.060088103456 a.u.


Index     210
Atoms
 C   6.0  -0.02050423   0.00484236   0.03589206  12.00000000  -0.00002247   0.00009240  -0.00016049
 N   7.0   0.01177407  -0.01875659   2.44665639  14.00307400  -0.00010613  -0.00031107   0.00028992
 H   1.0   1.89760540  -0.08810761  -0.59362162   1.00782500  -0.00068710   0.00023151   0.00013903
 H   1.0   1.61580859   0.19799910   3.41284209   1.00782500   0.00129920   0.00154826  -0.00012690
 H   1.0  -1.72998922  -0.00966848   3.71439220   1.00782500   0.00076194   0.00137579  -0.00010823
 H   1.0  -1.70287749   0.10273050  -0.76051110   1.00782500   0.00036811   0.00006627  -0.00202123
States
Ekin        0.013299052080 a.u.
Epot_harm   0.033102394071 a.u.
Epot        0.033102394071 a.u.
Etot_harm   0.046401446151 a.u.
Etot        0.046401446151 a.u.


Index     211
Atoms
 C   6.0  -0.00520954  -0.00803801   0.12688328  12.00000000   0.00016899  -0.00002758  -0.00044017
 N   7.0  -0.00442693   0.03360558   2.42762804  14.00307400   0.00005393   0.00012063   0.00036755
 H   1.0   1.80316793  -0.02639109  -0.73563209   1.00782500  -0.00237036   0.00004202   0.00016151
 H   1.0   1.62998384  -0.15830575   3.31793475   1.00782500   0.00002971  -0.00070590   0.00182252
 H   1.0  -1.48098668  -0.18085703   3.45008959   1.00782500   0.00055070  -0.00056724   0.00061894
 H   1.0  -1.82862659  -0.00566678  -1.07832086   1.00782500  -0.00097162  -0.00011662  -0.00246882
States
Ekin        0.020494437177 a.u.
Epot_harm   0.017593429151 a.u.
Epot        0.017593429151 a.u.
Etot_harm   0.038087866328 a.u.
Etot        0.038087866328 a.u.


Index     212
Atoms
 C   6.0  -0.00420889  -0.01571162   0.07039426  12.00000000   0.00014470   0.00001700  -0.00039998
 N   7.0  -0.01011553  -0.03709042   2.47635752  14.00307400   0.00031897   0.00016838   0.00031380
 H   1.0   1.85251673   0.31801696  -0.90020743   1.00782500  -0.00100011  -0.00031841   0.00153782
 H   1.0   1.72352755   0.01666749   3.17039568   1.00782500  -0.00133284  -0.00135371  -0.00128411
 H   1.0  -1.74846709   0.42454735   3.68189137   1.00782500  -0.00241424  -0.00042235   0.00067286
 H   1.0  -1.63691396  -0.05680900  -1.00246770   1.00782500  -0.00140766  -0.00044751  -0.00052420
States
Ekin        0.021240950892 a.u.
Epot_harm   0.027932634496 a.u.
Epot        0.027932634496 a.u.
Etot_harm   0.049173585388 a.u.
Etot        0.049173585388 a.u.


Index     213
Atoms
 C   6.0  -0.05609510   0.00525333   0.08709677  12.00000000   0.00014115   0.00000922   0.00003934
 N   7.0   0.03681572   0.00089834   2.47864011  14.00307400   0.00005765   0.00005815   0.00007496
 H   1.0   1.98254972  -0.17050245  -0.69196011   1.00782500   0.00008416  -0.00066512   0.00039095
 H   1.0   1.50254869   0.14576934   3.17369892   1.00782500  -0.00128728   0.00020532  -0.00191993
 H   1.0  -1.64635676  -0.16971334   3.25736624   1.00782500  -0.00032801  -0.00095492   0.00052793
 H   1.0  -1.68235735   0.11941408  -1.02008220   1.00782500  -0.00095051   0.00049703  -0.00050886
States
Ekin        0.008387543694 a.u.
Epot_harm   0.039919455124 a.u.
Epot        0.039919455124 a.u.
Etot_harm   0.048306998818 a.u.
Etot        0.048306998818 a.u.


Index     214
Atoms
 C   6.0  -0.04524108   0.02920301  -0.00772781  12.00000000  -0.00006448  -0.00006902  -0.00010461
 N   7.0   0.03610186  -0.02422676   2.57965906  14.00307400  -0.00030625  -0.00001003  -0.00005189
 H   1.0   1.67085826  -0.21507258  -0.87785023   1.00782500   0.00012823  -0.00037901   0.00014942
 H   1.0   1.75621146   0.22002730   3.42467628   1.00782500   0.00304727   0.00103711  -0.00159768
 H   1.0  -1.76655845  -0.03920697   3.37366355   1.00782500  -0.00101213  -0.00072177   0.00149048
 H   1.0  -1.62344530   0.02315209  -1.47599938   1.00782500   0.00285958   0.00102473   0.00192431
States
Ekin        0.028869354708 a.u.
Epot_harm   0.036061642367 a.u.
Epot        0.036061642367 a.u.
Etot_harm   0.064930997075 a.u.
Etot        0.064930997075 a.u.


Index     215
Atoms
 C   6.0   0.07278571  -0.04246268   0.05093612  12.00000000   0.00003365  -0.00017295   0.00023065
 N   7.0  -0.03963971  -0.01129174   2.47453094  14.00307400   0.00045654   0.00019835  -0.00001712
 H   1.0   1.58421670   0.27873178  -1.13279524   1.00782500  -0.00003125   0.00042825  -0.00083196
 H   1.0   1.71388320   0.04670008   3.46603965   1.00782500  -0.00136667  -0.00096467  -0.00091903
 H   1.0  -1.69413929   0.19013643   3.62174478   1.00782500  -0.00379263  -0.00081666  -0.00145391
 H   1.0  -1.91983959   0.14691904  -0.74831343   1.00782500  -0.00155347   0.00065644   0.00069644
States
Ekin        0.027118977262 a.u.
Epot_harm   0.025230025504 a.u.
Epot        0.025230025504 a.u.
Etot_harm   0.052349002766 a.u.
Etot        0.052349002766 a.u.


Index     216
Atoms
 C   6.0   0.00523532  -0.01367968  -0.01483667  12.00000000  -0.00029351  -0.00008093   0.00047833
 N   7.0   0.02540568   0.01964608   2.52603746  14.00307400  -0.00023055  -0.00009248   0.00004451
 H   1.0   1.58049414   0.00301477  -0.83772948   1.00782500   0.00262928  -0.00048188  -0.00142466
 H   1.0   1.55864249  -0.05551294   3.50138190   1.00782500   0.00139068   0.00157088  -0.00130418
 H   1.0  -1.82449214  -0.11833073   3.51310780   1.00782500   0.00230315  -0.00023815  -0.00440867
 H   1.0  -1.72997607   0.06074095  -0.90258863   1.00782500   0.00037495   0.00139775   0.00082369
States
Ekin        0.043713136928 a.u.
Epot_harm   0.031966290625 a.u.
Epot        0.031966290625 a.u.
Etot_harm   0.075679427553 a.u.
Etot        0.075679427553 a.u.


Index     217
Atoms
 C   6.0  -0.00768163  -0.01967929   0.00807194  12.00000000   0.00041733  -0.00015424  -0.00029622
 N   7.0  -0.00194033   0.02012862   2.48469173  14.00307400   0.00005980   0.00013598   0.00066768
 H   1.0   1.73811452  -0.12223402  -1.01393010   1.00782500  -0.00099701   0.00017324  -0.00137803
 H   1.0   1.48387646   0.11550932   3.79125300   1.00782500  -0.00258356  -0.00053953  -0.00220601
 H   1.0  -1.45621254  -0.27821366   3.61269817   1.00782500   0.00057049  -0.00042019  -0.00133710
 H   1.0  -1.64735493   0.23958210  -0.81414633   1.00782500  -0.00278981   0.00073367  -0.00082875
States
Ekin        0.033167323791 a.u.
Epot_harm   0.024839939914 a.u.
Epot        0.024839939914 a.u.
Etot_harm   0.058007263705 a.u.
Etot        0.058007263705 a.u.


Index     218
Atoms
 C   6.0  -0.03007735   0.02155731   0.09032942  12.00000000  -0.00013526  -0.00025742  -0.00008348
 N   7.0   0.03460122   0.02504525   2.49467961  14.00307400   0.00028976   0.00020041  -0.00010075
 H   1.0   1.77957778  -0.34210978  -0.76994875   1.00782500  -0.00040134   0.00144389   0.00072071
 H   1.0   1.66451153   0.05773462   3.15493237   1.00782500  -0.00093694  -0.00122607   0.00136740
 H   1.0  -1.82973178  -0.38545120   3.20185575   1.00782500  -0.00129087  -0.00056920   0.00142441
 H   1.0  -1.73699318   0.06515961  -1.12916552   1.00782500   0.00021363   0.00063185  -0.00111865
States
Ekin        0.014467924281 a.u.
Epot_harm   0.034480023046 a.u.
Epot        0.034480023046 a.u.
Etot_harm   0.048947947327 a.u.
Etot        0.048947947327 a.u.


Index     219
Atoms
 C   6.0   0.04683483   0.00320905   0.03915309  12.00000000   0.00043394  -0.00027926   0.00007727
 N   7.0   0.00502507   0.00446644   2.48264933  14.00307400  -0.00009416   0.00005260  -0.00029634
 H   1.0   1.61948060   0.01243476  -1.29493893   1.00782500  -0.00350388   0.00115703   0.00175341
 H   1.0   1.51468573  -0.06558572   3.78947339   1.00782500   0.00174462   0.00027714   0.00056793
 H   1.0  -1.80197027   0.00887188   3.50162242   1.00782500  -0.00172699  -0.00006919   0.00211624
 H   1.0  -1.95967046  -0.05598887  -0.76198222   1.00782500  -0.00037232   0.00122923  -0.00124019
States
Ekin        0.032592175434 a.u.
Epot_harm   0.020553668371 a.u.
Epot        0.020553668371 a.u.
Etot_harm   0.053145843805 a.u.
Etot        0.053145843805 a.u.


Index     220
Atoms
 C   6.0   0.01404227  -0.05182186   0.04372662  12.00000000  -0.00015168  -0.00021905  -0.00029064
 N   7.0  -0.02526112   0.02703080   2.50680245  14.00307400   0.00005283   0.00024949  -0.00003952
 H   1.0   1.70418936   0.21523058  -1.13391031   1.00782500  -0.00111122   0.00051057   0.00438429
 H   1.0   1.71690049  -0.09624714   3.56883341   1.00782500   0.00221270  -0.00090768   0.00035125
 H   1.0  -1.47361906  -0.05315952   3.56746759   1.00782500  -0.00051851  -0.00078279  -0.00282191
 H   1.0  -1.76368286   0.17563478  -1.15826422   1.00782500   0.00048902   0.00032158   0.00209600
States
Ekin        0.039484868722 a.u.
Epot_harm   0.019544483907 a.u.
Epot        0.019544483907 a.u.
Etot_harm   0.059029352629 a.u.
Etot        0.059029352629 a.u.


Index     221
Atoms
 C   6.0   0.00857012   0.00054459   0.09424506  12.00000000   0.00000233  -0.00017539  -0.00000702
 N   7.0  -0.00708985   0.01514692   2.44474765  14.00307400  -0.00018448  -0.00023832  -0.00014486
 H   1.0   1.69883767   0.07151273  -0.95366934   1.00782500   0.00157135   0.00173602   0.00088787
 H   1.0   1.42017901  -0.18861522   3.39622298   1.00782500   0.00138172   0.00082694  -0.00069616
 H   1.0  -1.44778061   0.02440715   3.59046967   1.00782500   0.00002332   0.00215821   0.00035161
 H   1.0  -1.67477012  -0.12424572  -0.92820022   1.00782500  -0.00044086   0.00067850   0.00155312
States
Ekin        0.017570789920 a.u.
Epot_harm   0.016798645746 a.u.
Epot        0.016798645746 a.u.
Etot_harm   0.034369435665 a.u.
Etot        0.034369435665 a.u.


Index     222
Atoms
 C   6.0  -0.01625037   0.04382715   0.07293984  12.00000000   0.00042419   0.00035437   0.00029556
 N   7.0   0.03602104  -0.00767685   2.43841431  14.00307400  -0.00038776  -0.00011946  -0.00042747
 H   1.0   1.64601586  -0.09108042  -0.85428237   1.00782500   0.00271477  -0.00057259  -0.00062798
 H   1.0   1.53073713  -0.12516148   3.73962748   1.00782500   0.00016161  -0.00041525  -0.00069669
 H   1.0  -1.75332958   0.08839618   3.49894076   1.00782500   0.00072313   0.00074226   0.00185112
 H   1.0  -1.73042202  -0.28733184  -0.93778749   1.00782500  -0.00326263  -0.00231392   0.00189378
States
Ekin        0.039044427860 a.u.
Epot_harm   0.021750552981 a.u.
Epot        0.021750552981 a.u.
Etot_harm   0.060794980842 a.u.
Etot        0.060794980842 a.u.


Index     223
Atoms
 C   6.0  -0.03523428  -0.02948042   0.06354701  12.00000000   0.00013165  -0.00003907   0.00034341
 N   7.0   0.00501802   0.02116392   2.47251604  14.00307400   0.00008826   0.00009765  -0.00033779
 H   1.0   2.13434524   0.08554297  -1.00800246   1.00782500   0.00054024  -0.00097354  -0.00130629
 H   1.0   1.78763643  -0.05560689   3.58665036   1.00782500  -0.00165116   0.00065878   0.00101538
 H   1.0  -1.72073019  -0.09155436   3.46928730   1.00782500  -0.00020012  -0.00176520   0.00151206
 H   1.0  -1.85144510   0.11857766  -0.96341937   1.00782500  -0.00148283   0.00118839  -0.00061665
States
Ekin        0.018407033031 a.u.
Epot_harm   0.048513755553 a.u.
Epot        0.048513755553 a.u.
Etot_harm   0.066920788584 a.u.
Etot        0.066920788584 a.u.


Index     224
Atoms
 C   6.0  -0.01045314   0.01757502   0.04595198  12.00000000  -0.00030085   0.00002649   0.00068822
 N   7.0   0.03539864   0.02558809   2.45685242  14.00307400   0.00010622  -0.00004321  -0.00039976
 H   1.0   1.63984885   0.01024329  -0.94372141   1.00782500  -0.00027108  -0.00030997  -0.00183797
 H   1.0   1.48982138  -0.30421680   3.80641724   1.00782500  -0.00116338   0.00034633  -0.00005994
 H   1.0  -1.76039551  -0.01849670   3.71182153   1.00782500   0.00050327   0.00001194  -0.00105073
 H   1.0  -1.73665213  -0.25232243  -1.06286462   1.00782500   0.00303755   0.00023672   0.00030854
States
Ekin        0.022883303632 a.u.
Epot_harm   0.036558323518 a.u.
Epot        0.036558323518 a.u.
Etot_harm   0.059441627150 a.u.
Etot        0.059441627150 a.u.


Index     225
Atoms
 C   6.0  -0.00879894   0.01043755   0.10512309  12.00000000   0.00009337  -0.00020565   0.00051475
 N   7.0  -0.01727653   0.05509692   2.48569338  14.00307400   0.00009679   0.00018356   0.00012019
 H   1.0   1.67739009  -0.38679673  -1.07767873   1.00782500   0.00346119   0.00095119  -0.00036171
 H   1.0   1.68202805  -0.03588314   3.40277005   1.00782500  -0.00180984  -0.00170210  -0.00261450
 H   1.0  -1.37789084  -0.58443067   3.35375923   1.00782500   0.00080530   0.00046489  -0.00109162
 H   1.0  -1.63671361   0.11729649  -1.27246453   1.00782500  -0.00491324   0.00018413  -0.00373124
States
Ekin        0.065446279078 a.u.
Epot_harm   0.044812941914 a.u.
Epot        0.044812941914 a.u.
Etot_harm   0.110259220992 a.u.
Etot        0.110259220992 a.u.


Index     226
Atoms
 C   6.0   0.00573319  -0.01089829   0.06088445  12.00000000  -0.00005058   0.00030710  -0.00037873
 N   7.0  -0.00982456  -0.02324338   2.45849456  14.00307400   0.00029494  -0.00007487   0.00048185
 H   1.0   1.78341118   0.04890698  -0.91145525   1.00782500  -0.00015439  -0.00237921  -0.00165972
 H   1.0   1.56692189   0.18078159   3.50916416   1.00782500  -0.00160418   0.00105797  -0.00107465
 H   1.0  -1.51296569   0.09857659   3.80983782   1.00782500  -0.00245263  -0.00107878   0.00049670
 H   1.0  -1.76912557   0.12445057  -1.09650884   1.00782500   0.00071549  -0.00021629   0.00005212
States
Ekin        0.026337804939 a.u.
Epot_harm   0.012187531193 a.u.
Epot        0.012187531193 a.u.
Etot_harm   0.038525336132 a.u.
Etot        0.038525336132 a.u.


Index     227
Atoms
 C   6.0  -0.02067430   0.00770965   0.03862052  12.00000000   0.00010816  -0.00005973  -0.00004216
 N   7.0   0.01973608  -0.02455602   2.48222222  14.00307400  -0.00023717   0.00003864   0.00012166
 H   1.0   1.63737472   0.02060789  -0.62910918   1.00782500  -0.00056051  -0.00033645   0.00035777
 H   1.0   1.68813060   0.10256112   3.23935321   1.00782500   0.00207612   0.00052669   0.00160775
 H   1.0  -1.84411952   0.14027284   3.55319191   1.00782500   0.00222654  -0.00072160  -0.00103230
 H   1.0  -1.50944047  -0.01404930  -0.91698577   1.00782500  -0.00173461   0.00070572  -0.00212163
States
Ekin        0.021585434831 a.u.
Epot_harm   0.050939345938 a.u.
Epot        0.050939345938 a.u.
Etot_harm   0.072524780769 a.u.
Etot        0.072524780769 a.u.


Index     228
Atoms
 C   6.0  -0.03457886   0.02372466   0.11044660  12.00000000  -0.00009049   0.00029807   0.00036776
 N   7.0   0.02763532   0.00889919   2.47240210  14.00307400  -0.00038989  -0.00007097  -0.00017991
 H   1.0   1.95936776  -0.19193134  -1.06691265   1.00782500   0.00241809  -0.00189888  -0.00212042
 H   1.0   1.53552509  -0.00505616   3.33975570   1.00782500   0.00057941   0.00051177   0.00004243
 H   1.0  -1.73726012  -0.15509617   3.15123397   1.00782500   0.00312511  -0.00052324  -0.00145953
 H   1.0  -1.72988290  -0.05405026  -0.89640339   1.00782500   0.00037207  -0.00065259   0.00165829
States
Ekin        0.032580491192 a.u.
Epot_harm   0.035975875786 a.u.
Epot        0.035975875786 a.u.
Etot_harm   0.068556366978 a.u.
Etot        0.068556366978 a.u.


Index     229
Atoms
 C   6.0  -0.00436469   0.04362173   0.11977217  12.00000000  -0.00013882  -0.00002100   0.00005887
 N   7.0  -0.00721783  -0.00890761   2.44248340  14.00307400   0.00006159   0.00021424   0.00022496
 H   1.0   1.78652136  -0.16120005  -1.05422639   1.00782500   0.00007716   0.00085924   0.00026831
 H   1.0   1.53207498  -0.03883146   3.54765182   1.00782500  -0.00053444  -0.00236168   0.00046532
 H   1.0  -1.39240649   0.01584773   3.21311002   1.00782500   0.00235606   0.00034192  -0.00211773
 H   1.0  -1.77393319  -0.21144715  -0.87419891   1.00782500  -0.00110158  -0.00156622  -0.00244248
States
Ekin        0.026061609902 a.u.
Epot_harm   0.035387651329 a.u.
Epot        0.035387651329 a.u.
Etot_harm   0.061449261231 a.u.
Etot        0.061449261231 a.u.


Index     230
Atoms
 C   6.0  -0.00005265   0.07664210   0.12986967  12.00000000   0.00019923  -0.00001359   0.00010952
 N   7.0  -0.02910903  -0.05606132   2.44633005  14.00307400  -0.00012135  -0.00015355   0.00016639
 H   1.0   1.64477643  -0.21354468  -0.91740429   1.00782500  -0.00199061   0.00047990   0.00041421
 H   1.0   1.61260543   0.14230776   3.24718538   1.00782500  -0.00283084   0.00078441  -0.00263124
 H   1.0  -1.28938265   0.25145086   3.56003908   1.00782500   0.00306860   0.00085215  -0.00047080
 H   1.0  -1.56292123  -0.31384270  -1.23115954   1.00782500   0.00106672   0.00017881  -0.00092810
States
Ekin        0.031125762166 a.u.
Epot_harm   0.040207179436 a.u.
Epot        0.040207179436 a.u.
Etot_harm   0.071332941603 a.u.
Etot        0.071332941603 a.u.


Index     231
Atoms
 C   6.0   0.07253736  -0.02220758   0.04648880  12.00000000   0.00102908   0.00000005   0.00020215
 N   7.0  -0.01927513  -0.02814824   2.49934430  14.00307400  -0.00009902   0.00010892  -0.00048733
 H   1.0   1.53800636  -0.05009691  -1.31129535   1.00782500  -0.00381481   0.00011889   0.00303689
 H   1.0   1.58966178   0.39518310   3.40776425   1.00782500  -0.00270668  -0.00179331  -0.00072774
 H   1.0  -1.86303016  -0.03236123   3.45945264   1.00782500   0.00104635   0.00061502   0.00124569
 H   1.0  -1.86051251   0.34279839  -0.64105776   1.00782500  -0.00540215  -0.00045455   0.00080933
States
Ekin        0.078434948993 a.u.
Epot_harm   0.031524947849 a.u.
Epot        0.031524947849 a.u.
Etot_harm   0.109959896843 a.u.
Etot        0.109959896843 a.u.


Index     232
Atoms
 C   6.0   0.01830896  -0.05310620   0.08433509  12.00000000   0.00004686   0.00018895   0.00007983
 N   7.0  -0.02700347   0.00615880   2.50566469  14.00307400  -0.00003504   0.00014354  -0.00011948
 H   1.0   1.59097669   0.21561097  -1.26691239   1.00782500  -0.00155903  -0.00089836   0.00295165
 H   1.0   1.66960773   0.05940742   3.22259540   1.00782500   0.00139780  -0.00129459   0.00002055
 H   1.0  -1.61103227   0.01891228   3.27618841   1.00782500   0.00073494  -0.00089832  -0.00081796
 H   1.0  -1.49235816   0.25282325  -0.85545457   1.00782500  -0.00064484  -0.00115290  -0.00144470
States
Ekin        0.020643975918 a.u.
Epot_harm   0.038154854059 a.u.
Epot        0.038154854059 a.u.
Etot_harm   0.058798829977 a.u.
Etot        0.058798829977 a.u.


Index     233
Atoms
 C   6.0  -0.02851952  -0.02817681   0.04379777  12.00000000  -0.00025924  -0.00011458   0.00051110
 N   7.0   0.00816699   0.01364003   2.46548169  14.00307400  -0.00008627   0.00008510  -0.00030895
 H   1.0   1.92066343   0.13487911  -0.93458068   1.00782500   0.00263531  -0.00012214  -0.00140988
 H   1.0   1.41863998  -0.06426782   3.54660667   1.00782500   0.00277749   0.00033558   0.00137523
 H   1.0  -1.49455468  -0.00561021   3.87496849   1.00782500  -0.00075462  -0.00096442  -0.00087535
 H   1.0  -1.61864674   0.08097598  -1.06959001   1.00782500  -0.00037276   0.00093285  -0.00088290
States
Ekin        0.026029438740 a.u.
Epot_harm   0.027341855667 a.u.
Epot        0.027341855667 a.u.
Etot_harm   0.053371294407 a.u.
Etot        0.053371294407 a.u.


Index     234
Atoms
 C   6.0  -0.03525342   0.01151400   0.11441732  12.00000000   0.00022087  -0.00013023   0.00063911
 N   7.0   0.06688332  -0.00570873   2.43456242  14.00307400  -0.00017453   0.00002056  -0.00021208
 H   1.0   1.84097483  -0.05481095  -0.93795935   1.00782500  -0.00025240   0.00043621  -0.00348837
 H   1.0   1.33229034   0.02688571   3.58037856   1.00782500  -0.00124962   0.00020278  -0.00130588
 H   1.0  -1.85173140   0.00311862   3.36967445   1.00782500   0.00052173   0.00000954  -0.00026110
 H   1.0  -1.83107763  -0.03296945  -1.00594099   1.00782500   0.00077537   0.00061647   0.00039232
States
Ekin        0.021964229901 a.u.
Epot_harm   0.037680207409 a.u.
Epot        0.037680207409 a.u.
Etot_harm   0.059644437310 a.u.
Etot        0.059644437310 a.u.


Index     235
Atoms
 C   6.0  -0.00004435   0.04263561   0.02151501  12.00000000   0.00036283   0.00008216  -0.00019399
 N   7.0  -0.00294648   0.00805577   2.49386752  14.00307400  -0.00001002  -0.00004935  -0.00010165
 H   1.0   1.89991588  -0.26685824  -0.87619397   1.00782500  -0.00192132  -0.00097560   0.00083658
 H   1.0   1.58389597  -0.03778977   3.39627629   1.00782500  -0.00128877   0.00121849   0.00078222
 H   1.0  -1.63356193  -0.16475315   3.91051472   1.00782500   0.00021568  -0.00091298   0.00126978
 H   1.0  -1.80878244  -0.15018347  -1.14227837   1.00782500  -0.00118645   0.00037746   0.00083348
States
Ekin        0.014893274886 a.u.
Epot_harm   0.030599869628 a.u.
Epot        0.030599869628 a.u.
Etot_harm   0.045493144514 a.u.
Etot        0.045493144514 a.u.


Index     236
Atoms
 C   6.0   0.03763572   0.02292698   0.05654307  12.00000000  -0.00025447   0.00024472  -0.00010441
 N   7.0  -0.03610763  -0.05850880   2.47977855  14.00307400   0.00039182  -0.00022716   0.00014878
 H   1.0   1.61121239  -0.08214954  -1.12442985   1.00782500  -0.00138364  -0.00033379   0.00115840
 H   1.0   1.66615634   0.35821449   3.37590780   1.00782500  -0.00088384   0.00009787  -0.00034849
 H   1.0  -1.59416565   0.20797972   3.65587521   1.00782500  -0.00182856   0.00151073  -0.00069007
 H   1.0  -1.62963307   0.05590949  -0.84035043   1.00782500   0.00168186  -0.00103237  -0.00094383
States
Ekin        0.018422017656 a.u.
Epot_harm   0.016899518104 a.u.
Epot        0.016899518104 a.u.
Etot_harm   0.035321535760 a.u.
Etot        0.035321535760 a.u.


Index     237
Atoms
 C   6.0  -0.04613518  -0.03068426   0.02267405  12.00000000  -0.00002878   0.00020295  -0.00015033
 N   7.0   0.02958661   0.00167363   2.50327911  14.00307400   0.00011092  -0.00006463   0.00005562
 H   1.0   2.02738202  -0.04204428  -0.78478027   1.00782500   0.00033572  -0.00111687   0.00260045
 H   1.0   1.52327333   0.22899697   3.35194357   1.00782500  -0.00196145   0.00029305  -0.00221931
 H   1.0  -1.71274779  -0.16349565   3.55774505   1.00782500   0.00094783  -0.00032394   0.00158493
 H   1.0  -1.69967054   0.31864123  -0.98115798   1.00782500  -0.00052059  -0.00037086  -0.00094886
States
Ekin        0.021005620657 a.u.
Epot_harm   0.032528799615 a.u.
Epot        0.032528799615 a.u.
Etot_harm   0.053534420272 a.u.
Etot        0.053534420272 a.u.


Index     238
Atoms
 C   6.0   0.02626631  -0.02512607   0.07062789  12.00000000  -0.00036701   0.00023034   0.00024778
 N   7.0  -0.00539854  -0.03869014   2.49107252  14.00307400   0.00040878  -0.00019212  -0.00063024
 H   1.0   1.71760517   0.39267292  -0.89248306   1.00782500   0.00032981  -0.00171018  -0.00007537
 H   1.0   1.63111688   0.00662484   3.14904665   1.00782500  -0.00033628   0.00121665   0.00303486
 H   1.0  -1.72622006   0.47739000   3.42380701   1.00782500  -0.00312757   0.00074457   0.00311863
 H   1.0  -1.86024117  -0.03994161  -0.93799584   1.00782500   0.00182426  -0.00032416  -0.00027164
States
Ekin        0.045088713849 a.u.
Epot_harm   0.029733182485 a.u.
Epot        0.029733182485 a.u.
Etot_harm   0.074821896334 a.u.
Etot        0.074821896334 a.u.


Index     239
Atoms
 C   6.0   0.01878649  -0.03857476   0.01603511  12.00000000  -0.00008341  -0.00010699  -0.00002468
 N   7.0  -0.04358498   0.02539022   2.52728407  14.00307400   0.00014591  -0.00001889  -0.00001005
 H   1.0   2.01228083   0.05736956  -1.32846679   1.00782500  -0.00061511   0.00091871   0.00216099
 H   1.0   1.66245535   0.00292901   3.29922487   1.00782500  -0.00178885  -0.00033717  -0.00054177
 H   1.0  -1.61827310  -0.17075082   3.32643802   1.00782500   0.00158438   0.00097650  -0.00094791
 H   1.0  -1.67456564   0.21697466  -0.40793039   1.00782500  -0.00021452  -0.00002167  -0.00023786
States
Ekin        0.013338439781 a.u.
Epot_harm   0.079967003764 a.u.
Epot        0.079967003764 a.u.
Etot_harm   0.093305443544 a.u.
Etot        0.093305443544 a.u.


Index     240
Atoms
 C   6.0   0.05642911  -0.01877995   0.04626381  12.00000000   0.00030478  -0.00026370   0.00028775
 N   7.0  -0.02000511  -0.03503785   2.48759215  14.00307400  -0.00017207   0.00009180  -0.00017295
 H   1.0   1.58180480   0.21629356  -1.13006926   1.00782500  -0.00122948   0.00211832  -0.00098305
 H   1.0   1.72092731   0.13232669   3.50637623   1.00782500   0.00064686  -0.00110636  -0.00046365
 H   1.0  -1.78333763   0.29518553   3.68324643   1.00782500  -0.00026905   0.00089720   0.00143996
 H   1.0  -1.91332817   0.06663205  -0.97872229   1.00782500  -0.00038646  -0.00004493  -0.00101638
States
Ekin        0.015480154006 a.u.
Epot_harm   0.036601061421 a.u.
Epot        0.036601061421 a.u.
Etot_harm   0.052081215427 a.u.
Etot        0.052081215427 a.u.


Index     241
Atoms
 C   6.0   0.03781802   0.02475440  -0.01365127  12.00000000  -0.00032635   0.00041229  -0.00007526
 N   7.0  -0.01915603  -0.03214309   2.51166476  14.00307400   0.00029554  -0.00042804  -0.00004026
 H   1.0   1.53020985  -0.11984755  -1.14834792   1.00782500   0.00261139  -0.00096539   0.00088708
 H   1.0   1.55295804   0.20078666   3.68922012   1.00782500   0.00031120   0.00113110  -0.00107177
 H   1.0  -1.60233973   0.07718452   3.58941525   1.00782500  -0.00319348   0.00236621   0.00129141
 H   1.0  -1.66496026  -0.00626268  -0.67053098   1.00782500   0.00005024  -0.00149374   0.00034880
States
Ekin        0.035022324238 a.u.
Epot_harm   0.029956837021 a.u.
Epot        0.029956837021 a.u.
Etot_harm   0.064979161259 a.u.
Etot        0.064979161259 a.u.


Index     242
Atoms
 C   6.0   0.01799145  -0.00996743   0.11709883  12.00000000   0.00006170   0.00006065  -0.00008509
 N   7.0   0.01211476   0.04732232   2.43791486  14.00307400   0.00010957   0.00001424   0.00004682
 H   1.0   1.59958387   0.11751179  -0.98938441   1.00782500   0.00002641   0.00007275   0.00057020
 H   1.0   1.24090313  -0.39982955   3.43382672   1.00782500   0.00038230  -0.00065682  -0.00230014
 H   1.0  -1.43791845  -0.08144473   3.35162650   1.00782500  -0.00286888   0.00056742   0.00282417
 H   1.0  -1.78511639  -0.17507003  -0.86842435   1.00782500   0.00020308  -0.00090333  -0.00073153
States
Ekin        0.022534205021 a.u.
Epot_harm   0.050380376877 a.u.
Epot        0.050380376877 a.u.
Etot_harm   0.072914581898 a.u.
Etot        0.072914581898 a.u.


Index     243
Atoms
 C   6.0   0.02966993  -0.02776688   0.08849651  12.00000000  -0.00006802  -0.00002583   0.00013033
 N   7.0  -0.05065515   0.00159676   2.45942347  14.00307400   0.00008471  -0.00014948  -0.00019825
 H   1.0   1.79489257   0.23009771  -1.10808446   1.00782500   0.00188638   0.00087264  -0.00176582
 H   1.0   1.77796154  -0.08514925   3.28992614   1.00782500   0.00069913   0.00022895   0.00132437
 H   1.0  -1.54019914   0.14353924   3.70229917   1.00782500  -0.00192188   0.00134522   0.00179818
 H   1.0  -1.68210924   0.01994182  -0.91478155   1.00782500  -0.00103064  -0.00006235  -0.00015397
States
Ekin        0.019119954907 a.u.
Epot_harm   0.015010830958 a.u.
Epot        0.015010830958 a.u.
Etot_harm   0.034130785865 a.u.
Etot        0.034130785865 a.u.


Index     244
Atoms
 C   6.0  -0.00815830   0.04867207   0.04692575  12.00000000   0.00032980   0.00035713   0.00021696
 N   7.0  -0.02085201  -0.02558151   2.49225826  14.00307400   0.00007995  -0.00008840   0.00015611
 H   1.0   2.00930235  -0.24107045  -0.90944257   1.00782500   0.00229837  -0.00107206  -0.00051865
 H   1.0   1.63733748   0.13412317   3.31830206   1.00782500  -0.00261697  -0.00050590  -0.00372904
 H   1.0  -1.45832174   0.00828272   3.56547338   1.00782500  -0.00068333   0.00042062  -0.00015434
 H   1.0  -1.80145351  -0.12542707  -0.96621580   1.00782500  -0.00403586  -0.00186659  -0.00035026
States
Ekin        0.047945633908 a.u.
Epot_harm   0.019324655294 a.u.
Epot        0.019324655294 a.u.
Etot_harm   0.067270289201 a.u.
Etot        0.067270289201 a.u.


Index     245
Atoms
 C   6.0  -0.01413923   0.01488050   0.04194672  12.00000000  -0.00003272   0.00000696   0.00090541
 N   7.0   0.03239250   0.03065157   2.48769092  14.00307400  -0.00008635  -0.00008369  -0.00066053
 H   1.0   1.80999796  -0.20559899  -0.92052728   1.00782500  -0.00069831   0.00016273  -0.00081613
 H   1.0   1.71461742  -0.08808745   3.64720180   1.00782500   0.00082104   0.00037757   0.00045276
 H   1.0  -1.90766050  -0.28169270   3.31214077   1.00782500   0.00045335   0.00061946  -0.00165764
 H   1.0  -1.89867430  -0.02768405  -0.90795353   1.00782500   0.00101323  -0.00007983   0.00041802
States
Ekin        0.020933141206 a.u.
Epot_harm   0.025492539473 a.u.
Epot        0.025492539473 a.u.
Etot_harm   0.046425680679 a.u.
Etot        0.046425680679 a.u.


Index     246
Atoms
 C   6.0   0.01843226  -0.03083831   0.10203742  12.00000000  -0.00016292  -0.00027851  -0.00013363
 N   7.0  -0.00108693   0.00449213   2.43501906  14.00307400   0.00036613   0.00014583   0.00031741
 H   1.0   1.70185882   0.22020946  -1.08358092   1.00782500  -0.00086465   0.00085442   0.00135903
 H   1.0   1.49899064  -0.07537648   3.48367957   1.00782500  -0.00317542  -0.00013425  -0.00272362
 H   1.0  -1.66912392   0.11101763   3.64667057   1.00782500  -0.00014877  -0.00050892  -0.00203950
 H   1.0  -1.73609305   0.04892070  -0.89955598   1.00782500   0.00104155   0.00107871   0.00058499
States
Ekin        0.030223148150 a.u.
Epot_harm   0.015556623572 a.u.
Epot        0.015556623572 a.u.
Etot_harm   0.045779771722 a.u.
Etot        0.045779771722 a.u.


Index     247
Atoms
 C   6.0   0.02469209  -0.01203735   0.07350818  12.00000000   0.00027651   0.00012162   0.00019992
 N   7.0  -0.01491006  -0.05067867   2.47131879  14.00307400   0.00003720   0.00024629  -0.00032248
 H   1.0   1.70553389   0.18737779  -1.03658455   1.00782500  -0.00155313  -0.00097059  -0.00156484
 H   1.0   1.65819101   0.23175216   3.50391648   1.00782500   0.00149749  -0.00189796   0.00107680
 H   1.0  -1.58574998   0.34544812   3.45148561   1.00782500  -0.00386619  -0.00089865   0.00183148
 H   1.0  -1.86481385   0.08289585  -0.93627267   1.00782500   0.00011262  -0.00110291   0.00075678
States
Ekin        0.034695207937 a.u.
Epot_harm   0.012005287894 a.u.
Epot        0.012005287894 a.u.
Etot_harm   0.046700495831 a.u.
Etot        0.046700495831 a.u.


Index     248
Atoms
 C   6.0  -0.03709415   0.03470731   0.08261038  12.00000000  -0.00017535  -0.00010554   0.00030274
 N   7.0   0.02932843   0.01334156   2.42955884  14.00307400  -0.00007324   0.00028653  -0.00021773
 H   1.0   1.73017388  -0.27036437  -0.71145787   1.00782500  -0.00176625   0.00085283   0.00086349
 H   1.0   1.69023374  -0.02101773   3.68670971   1.00782500   0.00067421  -0.00236332   0.00127663
 H   1.0  -1.72051590  -0.21674007   3.31751453   1.00782500   0.00252065  -0.00023546  -0.00172464
 H   1.0  -1.66571750  -0.09050410  -0.83837247   1.00782500   0.00167692  -0.00097861  -0.00099485
States
Ekin        0.027455912332 a.u.
Epot_harm   0.027546193954 a.u.
Epot        0.027546193954 a.u.
Etot_harm   0.055002106287 a.u.
Etot        0.055002106287 a.u.


Index     249
Atoms
 C   6.0  -0.05343531   0.00248165   0.08234509  12.00000000  -0.00004869   0.00002727   0.00026629
 N   7.0   0.01184363   0.00203681   2.47469268  14.00307400  -0.00021327  -0.00002503  -0.00026328
 H   1.0   1.95928011   0.05154715  -0.90226647   1.00782500  -0.00273373  -0.00023119   0.00038767
 H   1.0   1.51701465  -0.08630608   3.48805554   1.00782500   0.00056646   0.00015406  -0.00039327
 H   1.0  -1.36520843   0.05767221   3.46032731   1.00782500   0.00198653   0.00007674   0.00097343
 H   1.0  -1.63940078  -0.08076205  -1.21566899   1.00782500   0.00372364   0.00002341  -0.00048050
States
Ekin        0.027273321921 a.u.
Epot_harm   0.028406356359 a.u.
Epot        0.028406356359 a.u.
Etot_harm   0.055679678280 a.u.
Etot        0.055679678280 a.u.


Index     250
Atoms
 C   6.0  -0.04698584   0.02859202   0.10662570  12.00000000  -0.00019273   0.00003079   0.00000370
 N   7.0   0.02607818   0.02094519   2.44709716  14.00307400   0.00011064  -0.00005615   0.00023348
 H   1.0   1.63307760   0.03004634  -0.52816853   1.00782500   0.00019562   0.00146527  -0.00080824
 H   1.0   1.58256085  -0.36291730   3.34656256   1.00782500  -0.00417403  -0.00088807  -0.00072437
 H   1.0  -1.45854984   0.06010929   3.20577557   1.00782500   0.00368746   0.00124894  -0.00237926
 H   1.0  -1.55997560  -0.35869845  -1.09940544   1.00782500   0.00104852  -0.00141259   0.00062376
States
Ekin        0.043678230079 a.u.
Epot_harm   0.051580571121 a.u.
Epot        0.051580571121 a.u.
Etot_harm   0.095258801200 a.u.
Etot        0.095258801200 a.u.


Index     251
Atoms
 C   6.0  -0.03398933  -0.06250199   0.03784389  12.00000000   0.00016052   0.00012111  -0.00011819
 N   7.0   0.03152216  -0.00601060   2.51784266  14.00307400   0.00003613  -0.00024471   0.00045293
 H   1.0   1.80118316   0.29590447  -0.91446777   1.00782500   0.00082660  -0.00111569  -0.00049628
 H   1.0   1.57531543   0.11800903   3.53103390   1.00782500  -0.00115048   0.00204293  -0.00154448
 H   1.0  -1.64323353   0.11661142   3.27907585   1.00782500   0.00062963   0.00016395  -0.00224802
 H   1.0  -1.76653993   0.29718898  -1.13486741   1.00782500  -0.00271896   0.00086686  -0.00059711
States
Ekin        0.026091289891 a.u.
Epot_harm   0.017607441827 a.u.
Epot        0.017607441827 a.u.
Etot_harm   0.043698731717 a.u.
Etot        0.043698731717 a.u.


Index     252
Atoms
 C   6.0  -0.04664237   0.00761780   0.07935273  12.00000000   0.00029062   0.00005873  -0.00040175
 N   7.0   0.03317359  -0.05541237   2.45506490  14.00307400  -0.00003668   0.00020299   0.00025855
 H   1.0   1.83294252   0.01256534  -0.63182710   1.00782500  -0.00281322  -0.00069662  -0.00014063
 H   1.0   1.54150537   0.33054813   3.20326353   1.00782500   0.00017900  -0.00111500   0.00036944
 H   1.0  -1.76268716   0.24403139   3.41287705   1.00782500  -0.00057892  -0.00124651   0.00007080
 H   1.0  -1.51732350   0.09207019  -0.84552143   1.00782500   0.00026243  -0.00046156   0.00089154
States
Ekin        0.015909093212 a.u.
Epot_harm   0.047813302783 a.u.
Epot        0.047813302783 a.u.
Etot_harm   0.063722395995 a.u.
Etot        0.063722395995 a.u.


Index     253
Atoms
 C   6.0   0.02078091   0.02269291   0.14580736  12.00000000  -0.00008556   0.00046728   0.00004989
 N   7.0  -0.01163246   0.00047297   2.40240075  14.00307400   0.00017417  -0.00014338   0.00008590
 H   1.0   1.82918738   0.07460973  -0.81620872   1.00782500  -0.00061543  -0.00045047   0.00061573
 H   1.0   1.75481687  -0.22883295   3.36323401   1.00782500   0.00142686  -0.00171917   0.00069403
 H   1.0  -1.68428143   0.16201202   3.24656926   1.00782500  -0.00106096   0.00225982  -0.00049098
 H   1.0  -1.98553207  -0.28456100  -0.71433214   1.00782500  -0.00115164  -0.00366178  -0.00260630
States
Ekin        0.034968505288 a.u.
Epot_harm   0.032050080171 a.u.
Epot        0.032050080171 a.u.
Etot_harm   0.067018585458 a.u.
Etot        0.067018585458 a.u.


Index     254
Atoms
 C   6.0  -0.01014410   0.03187392   0.12888512  12.00000000   0.00025105  -0.00008218  -0.00025422
 N   7.0   0.02794179  -0.02440491   2.45104946  14.00307400   0.00018778  -0.00000963   0.00035119
 H   1.0   1.72837176  -0.35102100  -0.98138868   1.00782500  -0.00051349   0.00029229   0.00121565
 H   1.0   1.47425465   0.35224305   3.48860660   1.00782500  -0.00015488   0.00034301  -0.00102988
 H   1.0  -1.59457650  -0.17677479   3.19753757   1.00782500  -0.00194086  -0.00008888  -0.00265976
 H   1.0  -1.87549877   0.13512586  -1.09994511   1.00782500  -0.00298905   0.00056582   0.00062133
States
Ekin        0.025117869673 a.u.
Epot_harm   0.033088267795 a.u.
Epot        0.033088267795 a.u.
Etot_harm   0.058206137468 a.u.
Etot        0.058206137468 a.u.


Index     255
Atoms
 C   6.0  -0.00814144  -0.00164185   0.07726699  12.00000000   0.00021648  -0.00007079  -0.00051371
 N   7.0  -0.00286493   0.02717320   2.44315746  14.00307400  -0.00027589  -0.00029373   0.00043232
 H   1.0   1.67998043   0.08972999  -0.67456926   1.00782500   0.00340689   0.00134457  -0.00045287
 H   1.0   1.52158112  -0.27975608   3.40842131   1.00782500  -0.00205119   0.00140544  -0.00064190
 H   1.0  -1.40735521  -0.00770428   3.61544595   1.00782500   0.00313169   0.00181366  -0.00053999
 H   1.0  -1.65746126  -0.16027438  -1.02022525   1.00782500  -0.00323162   0.00036041   0.00174449
States
Ekin        0.051425720535 a.u.
Epot_harm   0.020109993871 a.u.
Epot        0.020109993871 a.u.
Etot_harm   0.071535714406 a.u.
Etot        0.071535714406 a.u.


Index     256
Atoms
 C   6.0  -0.00005823   0.02531527   0.00915725  12.00000000   0.00017483   0.00007360  -0.00018931
 N   7.0   0.02676196  -0.03134554   2.50936245  14.00307400  -0.00006839  -0.00004805   0.00010610
 H   1.0   1.71311399  -0.13278081  -1.14599981   1.00782500  -0.00268734   0.00066166   0.00082389
 H   1.0   1.39638676   0.20564221   3.72029105   1.00782500  -0.00040465  -0.00071093   0.00102928
 H   1.0  -1.71545149   0.06223449   3.61145009   1.00782500   0.00162503   0.00106612  -0.00058428
 H   1.0  -1.76519596  -0.00099463  -0.96557280   1.00782500   0.00033555  -0.00122559  -0.00048889
States
Ekin        0.015773831270 a.u.
Epot_harm   0.019156312949 a.u.
Epot        0.019156312949 a.u.
Etot_harm   0.034930144220 a.u.
Etot        0.034930144220 a.u.


Index     257
Atoms
 C   6.0  -0.02315006  -0.01190795   0.09277222  12.00000000   0.00065980   0.00029415   0.00068313
 N   7.0   0.01626781   0.00524608   2.43582428  14.00307400  -0.00011488  -0.00009788  -0.00025921
 H   1.0   1.79989231   0.08721396  -1.17359484   1.00782500  -0.00113009  -0.00117536  -0.00115286
 H   1.0   1.72821493  -0.05636285   3.91466320   1.00782500  -0.00140371   0.00012862  -0.00065898
 H   1.0  -1.76109528   0.03240148   3.47358960   1.00782500   0.00110081  -0.00002824   0.00094742
 H   1.0  -1.71739879   0.00564244  -0.96831352   1.00782500  -0.00482700  -0.00106746  -0.00366788
States
Ekin        0.054606497914 a.u.
Epot_harm   0.050304159309 a.u.
Epot        0.050304159309 a.u.
Etot_harm   0.104910657224 a.u.
Etot        0.104910657224 a.u.


Index     258
Atoms
 C   6.0   0.03094475  -0.00485919   0.07991131  12.00000000  -0.00007360   0.00034699   0.00003009
 N   7.0  -0.01964012   0.00754053   2.46468971  14.00307400  -0.00010062  -0.00002367   0.00001058
 H   1.0   1.57731995   0.05367803  -1.16515179   1.00782500  -0.00056959  -0.00235113  -0.00207188
 H   1.0   1.53536397  -0.08094809   3.66384170   1.00782500   0.00055320   0.00037057  -0.00061761
 H   1.0  -1.41114322   0.01315912   3.59565314   1.00782500  -0.00095067  -0.00121639   0.00087385
 H   1.0  -1.79710782  -0.03280233  -1.09593225   1.00782500   0.00324152  -0.00060570   0.00131043
States
Ekin        0.026096049203 a.u.
Epot_harm   0.020100865804 a.u.
Epot        0.020100865804 a.u.
Etot_harm   0.046196915007 a.u.
Etot        0.046196915007 a.u.


Index     259
Atoms
 C   6.0   0.01737811  -0.00880944   0.02227052  12.00000000  -0.00001967   0.00002277  -0.00005385
 N   7.0  -0.02378083   0.05462755   2.50565789  14.00307400  -0.00011024  -0.00017160  -0.00000158
 H   1.0   1.61550537  -0.00337484  -0.98824452   1.00782500   0.00095557  -0.00018364   0.00070323
 H   1.0   1.65404315  -0.32741045   3.56227206   1.00782500   0.00045411   0.00109095  -0.00119787
 H   1.0  -1.43275161  -0.23549605   3.57010871   1.00782500   0.00016467   0.00073961   0.00021620
 H   1.0  -1.71329585  -0.08784055  -1.02863282   1.00782500   0.00019155   0.00046617   0.00094161
States
Ekin        0.006143479956 a.u.
Epot_harm   0.019325081232 a.u.
Epot        0.019325081232 a.u.
Etot_harm   0.025468561188 a.u.
Etot        0.025468561188 a.u.


Index     260
Atoms
 C   6.0   0.03383964  -0.02178082   0.10599372  12.00000000   0.00005414   0.00006338  -0.00003529
 N   7.0  -0.02265420   0.04380857   2.47946919  14.00307400   0.00014096   0.00001640   0.00044927
 H   1.0   1.92534272   0.03971536  -1.41467961   1.00782500  -0.00113378  -0.00050893   0.00085853
 H   1.0   1.62693561  -0.21515838   3.37897218   1.00782500  -0.00091387   0.00008221  -0.00283346
 H   1.0  -1.70105696  -0.19622590   3.16140604   1.00782500  -0.00002151  -0.00015230  -0.00265444
 H   1.0  -1.93937883   0.02231774  -0.64319809   1.00782500  -0.00053404  -0.00040343  -0.00119280
States
Ekin        0.021407034920 a.u.
Epot_harm   0.050742909188 a.u.
Epot        0.050742909188 a.u.
Etot_harm   0.072149944108 a.u.
Etot        0.072149944108 a.u.


Index     261
Atoms
 C   6.0  -0.00360018   0.02187049   0.08785400  12.00000000   0.00008123  -0.00003247   0.00045586
 N   7.0   0.00321373  -0.02348366   2.44514400  14.00307400   0.00008443  -0.00019033  -0.00003860
 H   1.0   1.91615493  -0.11772211  -0.89444043   1.00782500   0.00161294  -0.00003884  -0.00236123
 H   1.0   1.52422910   0.15544845   3.44760814   1.00782500   0.00005199   0.00159264  -0.00114159
 H   1.0  -1.57864632   0.03733867   3.37126513   1.00782500  -0.00197340   0.00056869   0.00037534
 H   1.0  -1.86352364  -0.00918299  -0.74901936   1.00782500  -0.00183180   0.00090866  -0.00176410
States
Ekin        0.024674374407 a.u.
Epot_harm   0.012471696718 a.u.
Epot        0.012471696718 a.u.
Etot_harm   0.037146071125 a.u.
Etot        0.037146071125 a.u.


Index     262
Atoms
 C   6.0  -0.03377057   0.02760253   0.09846933  12.00000000   0.00002238  -0.00005389  -0.00011826
 N   7.0   0.03475757  -0.04948092   2.39506591  14.00307400   0.00032220  -0.00017327   0.00022282
 H   1.0   1.86285694  -0.03954026  -0.76794243   1.00782500   0.00276958   0.00039305  -0.00055155
 H   1.0   1.50182384   0.21814521   3.70500199   1.00782500  -0.00252200   0.00079944  -0.00273781
 H   1.0  -1.73382452   0.23834010   3.65898560   1.00782500  -0.00249982   0.00093228   0.00106483
 H   1.0  -1.71168963  -0.05809842  -0.85122423   1.00782500  -0.00249105   0.00092442   0.00053669
States
Ekin        0.037801756654 a.u.
Epot_harm   0.039154393580 a.u.
Epot        0.039154393580 a.u.
Etot_harm   0.076956150234 a.u.
Etot        0.076956150234 a.u.


Index     263
Atoms
 C   6.0  -0.00256551   0.01855216   0.11104863  12.00000000   0.00018882  -0.00012356   0.00000608
 N   7.0   0.02253573  -0.02622510   2.46671680  14.00307400   0.00005467   0.00016625  -0.00018051
 H   1.0   1.68105300   0.13835915  -1.02135818   1.00782500  -0.00232637  -0.00042650  -0.00067667
 H   1.0   1.47122960  -0.08268996   3.51463131   1.00782500   0.00036828  -0.00027921   0.00147802
 H   1.0  -1.56366610   0.31395697   3.20264262   1.00782500  -0.00196129  -0.00107352   0.00192202
 H   1.0  -1.87118877  -0.22614293  -1.09641688   1.00782500   0.00091152   0.00094045  -0.00028769
States
Ekin        0.018877546006 a.u.
Epot_harm   0.028206516213 a.u.
Epot        0.028206516213 a.u.
Etot_harm   0.047084062218 a.u.
Etot        0.047084062218 a.u.


Index     264
Atoms
 C   6.0   0.00923879   0.01872783   0.10820026  12.00000000  -0.00042375   0.00023618   0.00017741
 N   7.0  -0.01877620  -0.04740580   2.41321607  14.00307400   0.00031536   0.00015837  -0.00012313
 H   1.0   1.71457348  -0.08204596  -0.91076887   1.00782500   0.00378916  -0.00132885  -0.00339629
 H   1.0   1.79264612   0.30612470   3.56809736   1.00782500  -0.00062613  -0.00147018   0.00189592
 H   1.0  -1.62958500   0.15221182   3.91161696   1.00782500  -0.00225691  -0.00060781   0.00076097
 H   1.0  -1.72675627   0.05939316  -1.19217364   1.00782500  -0.00024235  -0.00160573   0.00033779
States
Ekin        0.043967552415 a.u.
Epot_harm   0.053443958432 a.u.
Epot        0.053443958432 a.u.
Etot_harm   0.097411510847 a.u.
Etot        0.097411510847 a.u.


Index     265
Atoms
 C   6.0  -0.04497831   0.02259997   0.03619476  12.00000000   0.00000999  -0.00012679   0.00060860
 N   7.0   0.01745446   0.00080184   2.47256139  14.00307400  -0.00016109  -0.00006707  -0.00073732
 H   1.0   1.98280565  -0.30071344  -0.83350317   1.00782500   0.00166007   0.00139752   0.00084389
 H   1.0   1.48689021   0.17784907   3.48589553   1.00782500   0.00107568  -0.00045240  -0.00075108
 H   1.0  -1.58228226  -0.24795107   3.83256758   1.00782500  -0.00042328   0.00136079   0.00018439
 H   1.0  -1.59438293   0.09058043  -1.07539550   1.00782500  -0.00019327   0.00013557   0.00272085
States
Ekin        0.027101887979 a.u.
Epot_harm   0.033879916320 a.u.
Epot        0.033879916320 a.u.
Etot_harm   0.060981804299 a.u.
Etot        0.060981804299 a.u.


Index     266
Atoms
 C   6.0   0.00868411   0.02011454   0.10786015  12.00000000   0.00024982  -0.00015445   0.00071175
 N   7.0   0.01447291   0.03255886   2.46937699  14.00307400  -0.00016527   0.00004354  -0.00059966
 H   1.0   1.51335822   0.03074334  -1.27561853   1.00782500   0.00124816   0.00053636  -0.00018381
 H   1.0   1.44262295  -0.39206812   3.71657674   1.00782500   0.00030717   0.00036223  -0.00070785
 H   1.0  -1.52577628  -0.01244226   3.24608944   1.00782500   0.00019107  -0.00034934   0.00047915
 H   1.0  -1.73469683  -0.31811761  -1.08654577   1.00782500  -0.00242470   0.00068487   0.00026976
States
Ekin        0.020161777787 a.u.
Epot_harm   0.031160224463 a.u.
Epot        0.031160224463 a.u.
Etot_harm   0.051322002251 a.u.
Etot        0.051322002251 a.u.


Index     267
Atoms
 C   6.0   0.00087183  -0.04188798   0.05180131  12.00000000  -0.00032539   0.00031231  -0.00004344
 N   7.0  -0.01807568   0.08227327   2.50196802  14.00307400   0.00027831   0.00001781   0.00010628
 H   1.0   1.76797298   0.03598394  -0.51362872   1.00782500  -0.00047916  -0.00122916   0.00023770
 H   1.0   1.87240776  -0.35581224   3.08163722   1.00782500   0.00030490  -0.00035294  -0.00024319
 H   1.0  -1.54743336  -0.41410215   3.28808814   1.00782500  -0.00208157  -0.00052645  -0.00080437
 H   1.0  -1.85217820   0.08954980  -1.04094282   1.00782500   0.00226327  -0.00185756  -0.00014958
States
Ekin        0.018180177282 a.u.
Epot_harm   0.051731312009 a.u.
Epot        0.051731312009 a.u.
Etot_harm   0.069911489291 a.u.
Etot        0.069911489291 a.u.


Index     268
Atoms
 C   6.0   0.02988647  -0.03757819   0.08282856  12.00000000   0.00000004   0.00024715  -0.00042813
 N   7.0  -0.01547614   0.02555627   2.45250440  14.00307400  -0.00018348  -0.00024683   0.00051752
 H   1.0   1.74583507  -0.01396547  -1.13448658   1.00782500  -0.00013398  -0.00155137   0.00088774
 H   1.0   1.51253217   0.07304158   3.47240802   1.00782500   0.00187164   0.00169100   0.00024398
 H   1.0  -1.60419299  -0.24535921   3.58801301   1.00782500   0.00168174   0.00026750  -0.00167731
 H   1.0  -1.79499643   0.27863248  -0.79295194   1.00782500  -0.00087062   0.00007963  -0.00154737
States
Ekin        0.024326262644 a.u.
Epot_harm   0.012162166877 a.u.
Epot        0.012162166877 a.u.
Etot_harm   0.036488429520 a.u.
Etot        0.036488429520 a.u.


Index     269
Atoms
 C   6.0   0.02535093  -0.04113712   0.09821736  12.00000000   0.00001154   0.00011472   0.00032925
 N   7.0   0.00136853   0.05694038   2.46594688  14.00307400  -0.00015980  -0.00005743  -0.00001626
 H   1.0   1.78467702   0.20431889  -0.96640609   1.00782500   0.00061821  -0.00051894  -0.00214102
 H   1.0   1.53114828  -0.36425501   3.29746286   1.00782500   0.00092946   0.00004278   0.00235456
 H   1.0  -1.64932342  -0.13554576   3.46269959   1.00782500   0.00244004  -0.00005809  -0.00068546
 H   1.0  -1.98736596  -0.00585504  -1.03078025   1.00782500  -0.00190468  -0.00003370  -0.00322246
States
Ekin        0.031253844792 a.u.
Epot_harm   0.032560125244 a.u.
Epot        0.032560125244 a.u.
Etot_harm   0.063813970036 a.u.
Etot        0.063813970036 a.u.


Index     270
Atoms
 C   6.0   0.01574705   0.01913449   0.12908547  12.00000000  -0.00032418   0.00043382  -0.00032277
 N   7.0   0.00595786  -0.02299658   2.40874392  14.00307400   0.00013936  -0.00024339   0.00025020
 H   1.0   1.63008070  -0.00922314  -1.01306895   1.00782500   0.00138537  -0.00206392   0.00071199
 H   1.0   1.46750025   0.05132704   3.55850359   1.00782500  -0.00001466   0.00112181   0.00028841
 H   1.0  -1.61894709   0.14367125   3.38936723   1.00782500   0.00010435   0.00019994   0.00059946
 H   1.0  -1.74891180  -0.09408373  -0.74456903   1.00782500   0.00044851  -0.00104148  -0.00123304
States
Ekin        0.016491269892 a.u.
Epot_harm   0.012891376684 a.u.
Epot        0.012891376684 a.u.
Etot_harm   0.029382646577 a.u.
Etot        0.029382646577 a.u.


Index     271
Atoms
 C   6.0   0.00186108  -0.01374059   0.09277583  12.00000000   0.00030832   0.00021275  -0.00010403
 N   7.0  -0.02667552   0.03629210   2.47629914  14.00307400  -0.00028634  -0.00008773  -0.00012929
 H   1.0   1.73402858  -0.01045299  -0.90537664   1.00782500   0.00048498  -0.00061235   0.00038545
 H   1.0   1.79214066  -0.15842594   3.15872167   1.00782500  -0.00062347  -0.00023993   0.00105273
 H   1.0  -1.57150959  -0.19408365   3.44098304   1.00782500   0.00279599   0.00046869   0.00115655
 H   1.0  -1.60618017   0.02231428  -1.01039844   1.00782500  -0.00235010  -0.00093074   0.00044044
States
Ekin        0.019828437290 a.u.
Epot_harm   0.012692559613 a.u.
Epot        0.012692559613 a.u.
Etot_harm   0.032520996903 a.u.
Etot        0.032520996903 a.u.


Index     272
Atoms
 C   6.0  -0.01871667  -0.01061867   0.09767369  12.00000000   0.00055951  -0.00000325   0.00006775
 N   7.0   0.01268903   0.03689319   2.44181439  14.00307400  -0.00017115   0.00000261  -0.00010166
 H   1.0   1.68018098   0.03326017  -1.06292854   1.00782500  -0.00110939  -0.00049791   0.00016667
 H   1.0   1.65618738  -0.23010419   3.77852862   1.00782500  -0.00012367   0.00049826  -0.00021361
 H   1.0  -1.63305846  -0.13735543   3.14560421   1.00782500   0.00024939  -0.00067293   0.00106169
 H   1.0  -1.65675956  -0.05197280  -0.75644948   1.00782500  -0.00330025   0.00067494  -0.00040887
States
Ekin        0.017743809997 a.u.
Epot_harm   0.031093396871 a.u.
Epot        0.031093396871 a.u.
Etot_harm   0.048837206868 a.u.
Etot        0.048837206868 a.u.


Index     273
Atoms
 C   6.0   0.03705661  -0.01163602   0.11508566  12.00000000  -0.00035683   0.00018136  -0.00003703
 N   7.0  -0.01010414  -0.00064775   2.42097839  14.00307400   0.00038834  -0.00006265   0.00027825
 H   1.0   1.70205843   0.09488838  -1.10627376   1.00782500  -0.00052391  -0.00052997   0.00012960
 H   1.0   1.50636958  -0.02467928   3.55181505   1.00782500  -0.00308200  -0.00018016  -0.00220663
 H   1.0  -1.61099667   0.06329602   3.68739038   1.00782500  -0.00016177   0.00029552  -0.00093658
 H   1.0  -1.89826761   0.01404309  -0.94599550   1.00782500   0.00262062  -0.00087432  -0.00041164
States
Ekin        0.026574701650 a.u.
Epot_harm   0.022169397267 a.u.
Epot        0.022169397267 a.u.
Etot_harm   0.048744098918 a.u.
Etot        0.048744098918 a.u.


Index     274
Atoms
 C   6.0  -0.00557408  -0.06710159   0.04611655  12.00000000  -0.00000890  -0.00009945  -0.00011541
 N   7.0   0.02020436   0.02777244   2.48961668  14.00307400   0.00017035  -0.00005115  -0.00020487
 H   1.0   1.79222749   0.32333770  -0.73180982   1.00782500   0.00211447   0.00140238   0.00345679
 H   1.0   1.60237234  -0.12198746   3.20773275   1.00782500  -0.00272610  -0.00029928  -0.00087826
 H   1.0  -1.83667150   0.00618391   3.46009621   1.00782500   0.00109606   0.00138755   0.00029828
 H   1.0  -1.77228519   0.20555293  -0.88156406   1.00782500  -0.00274535  -0.00059585   0.00134392
States
Ekin        0.037651803098 a.u.
Epot_harm   0.032973349531 a.u.
Epot        0.032973349531 a.u.
Etot_harm   0.070625152629 a.u.
Etot        0.070625152629 a.u.


Index     275
Atoms
 C   6.0   0.03691754  -0.05580909   0.01139252  12.00000000   0.00019503  -0.00004696  -0.00010962
 N   7.0  -0.04723057   0.02730754   2.50678649  14.00307400   0.00010631   0.00009527   0.00013394
 H   1.0   1.80224064   0.29112047  -0.88027551   1.00782500  -0.00203773   0.00064643   0.00070186
 H   1.0   1.69302848  -0.15543820   3.27640497   1.00782500  -0.00374400  -0.00108890  -0.00079797
 H   1.0  -1.45114449   0.01390635   3.50527917   1.00782500   0.00201305   0.00026090  -0.00075650
 H   1.0  -1.82745738   0.13550009  -0.67206380   1.00782500  -0.00003066  -0.00058299   0.00029691
States
Ekin        0.024978561225 a.u.
Epot_harm   0.026453222630 a.u.
Epot        0.026453222630 a.u.
Etot_harm   0.051431783855 a.u.
Etot        0.051431783855 a.u.


Index     276
Atoms
 C   6.0  -0.02196469  -0.01709656   0.01573868  12.00000000  -0.00004579   0.00002054  -0.00043416
 N   7.0  -0.00394583  -0.05356817   2.50648522  14.00307400   0.00012073   0.00006966   0.00039079
 H   1.0   1.87537836  -0.11312506  -0.82828248   1.00782500   0.00150120   0.00132358   0.00051368
 H   1.0   1.76007708   0.61139969   3.43837330   1.00782500   0.00006461  -0.00210928  -0.00185933
 H   1.0  -1.63634177   0.01060688   3.63984441   1.00782500  -0.00212149   0.00074472   0.00241900
 H   1.0  -1.68275907   0.43897920  -1.06815342   1.00782500  -0.00057658  -0.00117141  -0.00133363
States
Ekin        0.028798361714 a.u.
Epot_harm   0.025948402914 a.u.
Epot        0.025948402914 a.u.
Etot_harm   0.054746764629 a.u.
Etot        0.054746764629 a.u.


Index     277
Atoms
 C   6.0  -0.00254119   0.02351257   0.09451602  12.00000000  -0.00021510  -0.00015273   0.00023032
 N   7.0   0.04054229  -0.03409750   2.42289360  14.00307400  -0.00010115   0.00011710  -0.00005806
 H   1.0   1.61787326  -0.05819899  -0.97744562   1.00782500   0.00113882   0.00008970  -0.00174762
 H   1.0   1.46063694   0.15544685   3.70966834   1.00782500   0.00253240   0.00008424   0.00290317
 H   1.0  -1.87326158   0.14689932   3.48018465   1.00782500   0.00062456  -0.00085314  -0.00241939
 H   1.0  -1.73829985  -0.05034478  -0.80716262   1.00782500  -0.00032923   0.00087063  -0.00067183
States
Ekin        0.026951351438 a.u.
Epot_harm   0.031060786228 a.u.
Epot        0.031060786228 a.u.
Etot_harm   0.058012137666 a.u.
Etot        0.058012137666 a.u.


Index     278
Atoms
 C   6.0   0.01364872   0.02790032   0.06695559  12.00000000   0.00009379   0.00004484   0.00033569
 N   7.0  -0.03112725  -0.01151043   2.47501352  14.00307400  -0.00058030  -0.00000906  -0.00022682
 H   1.0   1.86737771  -0.16885217  -0.93018392   1.00782500   0.00046996  -0.00065853   0.00136166
 H   1.0   1.67762506   0.08790351   3.32480591   1.00782500   0.00341973   0.00060329   0.00062523
 H   1.0  -1.45473276  -0.04015293   3.71237126   1.00782500   0.00426508  -0.00054733  -0.00188194
 H   1.0  -1.82029010  -0.05117278  -1.09776361   1.00782500  -0.00120859   0.00019454  -0.00095049
States
Ekin        0.042507071403 a.u.
Epot_harm   0.011622873734 a.u.
Epot        0.011622873734 a.u.
Etot_harm   0.054129945137 a.u.
Etot        0.054129945137 a.u.


Index     279
Atoms
 C   6.0  -0.03101017   0.03013644   0.04516208  12.00000000  -0.00009695   0.00004322   0.00020872
 N   7.0  -0.00353567  -0.01937172   2.50522705  14.00307400   0.00014411   0.00003012  -0.00021225
 H   1.0   1.76027513   0.03804904  -0.72975887   1.00782500   0.00004663  -0.00139641  -0.00073964
 H   1.0   1.69401329  -0.09575515   3.17047674   1.00782500  -0.00327904   0.00105478   0.00038769
 H   1.0  -1.54860598   0.22187715   3.49054996   1.00782500   0.00134394  -0.00140020  -0.00039426
 H   1.0  -1.48732385  -0.25384300  -1.08234401   1.00782500   0.00104052   0.00080869   0.00121006
States
Ekin        0.021337642512 a.u.
Epot_harm   0.024826707248 a.u.
Epot        0.024826707248 a.u.
Etot_harm   0.046164349760 a.u.
Etot        0.046164349760 a.u.


Index     280
Atoms
 C   6.0  -0.02933730   0.05619095   0.06460102  12.00000000   0.00065329  -0.00032543  -0.00050534
 N   7.0   0.00719873   0.02594079   2.49128225  14.00307400  -0.00025608   0.00032165  -0.00015529
 H   1.0   1.84036364  -0.15856224  -0.89619216   1.00782500  -0.00347448   0.00229524   0.00293441
 H   1.0   1.69959825  -0.36856214   3.38886980   1.00782500   0.00431171  -0.00266763   0.00045691
 H   1.0  -1.62218762  -0.06300227   3.58433714   1.00782500  -0.00354644  -0.00031011   0.00449684
 H   1.0  -1.66848183  -0.43935979  -1.26579309   1.00782500  -0.00151125   0.00008829   0.00028652
States
Ekin        0.091190346621 a.u.
Epot_harm   0.019474751961 a.u.
Epot        0.019474751961 a.u.
Etot_harm   0.110665098582 a.u.
Etot        0.110665098582 a.u.


Index     281
Atoms
 C   6.0   0.06338612   0.02618952   0.12549803  12.00000000   0.00033991   0.00000373  -0.00056177
 N   7.0  -0.04501797   0.00952389   2.42631443  14.00307400  -0.00018016   0.00024889   0.00025332
 H   1.0   1.50346964  -0.17325780  -1.12767034   1.00782500  -0.00249526  -0.00043498   0.00107735
 H   1.0   1.76940275  -0.04547530   3.45961148   1.00782500  -0.00002231  -0.00111766   0.00150184
 H   1.0  -1.58850642  -0.12809433   3.39314693   1.00782500   0.00151801  -0.00167661   0.00043646
 H   1.0  -1.81359823  -0.09733499  -0.73627103   1.00782500  -0.00054456  -0.00027337   0.00015354
States
Ekin        0.022208995808 a.u.
Epot_harm   0.029721956940 a.u.
Epot        0.029721956940 a.u.
Etot_harm   0.051930952747 a.u.
Etot        0.051930952747 a.u.


Index     282
Atoms
 C   6.0   0.02206116  -0.01408967   0.11857801  12.00000000   0.00022757  -0.00024957  -0.00017913
 N   7.0  -0.02766372   0.00645042   2.45996825  14.00307400  -0.00010470  -0.00013055   0.00034002
 H   1.0   1.90395564   0.00038533  -1.33900906   1.00782500  -0.00019098   0.00086243  -0.00036118
 H   1.0   1.68097407   0.04346082   3.34070458   1.00782500   0.00227381   0.00144561   0.00096564
 H   1.0  -1.68204062  -0.07442484   3.29383894   1.00782500  -0.00019261   0.00080019  -0.00316788
 H   1.0  -1.78119814   0.10871760  -0.69191998   1.00782500  -0.00314511   0.00167724  -0.00002808
States
Ekin        0.033337676947 a.u.
Epot_harm   0.036372333664 a.u.
Epot        0.036372333664 a.u.
Etot_harm   0.069710010611 a.u.
Etot        0.069710010611 a.u.


Index     283
Atoms
 C   6.0   0.01149141   0.05799832   0.12648881  12.00000000  -0.00012349  -0.00005158  -0.00003327
 N   7.0  -0.00590904  -0.03644042   2.43981783  14.00307400   0.00014791   0.00001445  -0.00001787
 H   1.0   1.68568894  -0.27401972  -0.73934712   1.00782500   0.00307886  -0.00008919  -0.00123786
 H   1.0   1.74174110   0.18762603   3.15815680   1.00782500  -0.00077848  -0.00004198  -0.00066934
 H   1.0  -1.68503654   0.04606551   3.32921147   1.00782500  -0.00245312   0.00007391   0.00162206
 H   1.0  -1.79711757  -0.14393184  -0.95862219   1.00782500  -0.00043206   0.00047058   0.00092964
States
Ekin        0.020840550453 a.u.
Epot_harm   0.024959151503 a.u.
Epot        0.024959151503 a.u.
Etot_harm   0.045799701956 a.u.
Etot        0.045799701956 a.u.


Index     284
Atoms
 C   6.0   0.03769446  -0.00590757   0.11727040  12.00000000  -0.00050347   0.00018077   0.00031308
 N   7.0   0.01494636  -0.00612845   2.44387226  14.00307400   0.00039765  -0.00017701  -0.00002554
 H   1.0   1.77462674   0.00518329  -0.98321872   1.00782500   0.00151233  -0.00036305  -0.00272926
 H   1.0   1.36651211   0.07534894   3.28790595   1.00782500  -0.00168116   0.00044693   0.00297608
 H   1.0  -1.72176983   0.00656288   3.28628021   1.00782500   0.00043093   0.00099418   0.00049003
 H   1.0  -2.07586050   0.06839608  -0.74813999   1.00782500   0.00020750  -0.00077110  -0.00410974
States
Ekin        0.044021642369 a.u.
Epot_harm   0.044504434707 a.u.
Epot        0.044504434707 a.u.
Etot_harm   0.088526077077 a.u.
Etot        0.088526077077 a.u.


Index     285
Atoms
 C   6.0   0.01513037  -0.00476840   0.10146164  12.00000000   0.00006555  -0.00020149  -0.00039342
 N   7.0  -0.01121285  -0.03060836   2.45637794  14.00307400  -0.00037899   0.00003040   0.00055603
 H   1.0   1.94088590   0.19867336  -1.27379574   1.00782500   0.00010811   0.00026770  -0.00054538
 H   1.0   1.51322911   0.03102019   3.37196095   1.00782500   0.00311501   0.00105977   0.00024174
 H   1.0  -1.68738547   0.31078457   3.59880207   1.00782500   0.00168332  -0.00092466  -0.00126689
 H   1.0  -1.79108891  -0.05841833  -0.83966608   1.00782500  -0.00042105   0.00157399  -0.00147070
States
Ekin        0.027681208765 a.u.
Epot_harm   0.038978402154 a.u.
Epot        0.038978402154 a.u.
Etot_harm   0.066659610919 a.u.
Etot        0.066659610919 a.u.


Index     286
Atoms
 C   6.0   0.01864458   0.00460765   0.08145570  12.00000000   0.00024015   0.00036219   0.00020722
 N   7.0  -0.00047482  -0.01371870   2.47137565  14.00307400  -0.00008830  -0.00018203   0.00028545
 H   1.0   1.40454568   0.05514428  -1.11655787   1.00782500   0.00247844  -0.00158059  -0.00199134
 H   1.0   1.72308407   0.00790847   3.57255641   1.00782500   0.00097848   0.00058443  -0.00343347
 H   1.0  -1.77013019   0.12693878   3.22118020   1.00782500  -0.00224369   0.00031647  -0.00016652
 H   1.0  -1.57290016  -0.05424174  -0.79005354   1.00782500  -0.00284583  -0.00110355  -0.00084214
States
Ekin        0.041667331176 a.u.
Epot_harm   0.033705261745 a.u.
Epot        0.033705261745 a.u.
Etot_harm   0.075372592921 a.u.
Etot        0.075372592921 a.u.


Index     287
Atoms
 C   6.0   0.03452721  -0.02880695   0.06108154  12.00000000  -0.00021800   0.00009946   0.00086001
 N   7.0  -0.03476870  -0.02842379   2.47689619  14.00307400   0.00011966   0.00023610  -0.00084164
 H   1.0   1.62708130   0.05806919  -0.98732681   1.00782500   0.00079257  -0.00079294  -0.00225707
 H   1.0   1.70003291   0.32139232   3.40105200   1.00782500  -0.00086460  -0.00142306   0.00372476
 H   1.0  -1.50730058   0.06234408   3.46707949   1.00782500   0.00107406  -0.00127128   0.00238380
 H   1.0  -1.74783473   0.29612390  -0.82779221   1.00782500  -0.00006892  -0.00097746  -0.00239748
States
Ekin        0.053742352111 a.u.
Epot_harm   0.016699451970 a.u.
Epot        0.016699451970 a.u.
Etot_harm   0.070441804082 a.u.
Etot        0.070441804082 a.u.


Index     288
Atoms
 C   6.0   0.05131609  -0.01326345   0.06341917  12.00000000  -0.00006470  -0.00010837   0.00006435
 N   7.0  -0.05741389   0.05199878   2.47946589  14.00307400   0.00000750   0.00001230  -0.00015760
 H   1.0   1.85625060   0.00366575  -1.20900585   1.00782500  -0.00133956  -0.00048916  -0.00055802
 H   1.0   1.73731617  -0.28812390   3.44056629   1.00782500   0.00119103   0.00128227  -0.00016329
 H   1.0  -1.45969344  -0.23442321   3.69198576   1.00782500  -0.00214077  -0.00117750   0.00121689
 H   1.0  -1.94715660  -0.04568227  -0.93407185   1.00782500   0.00295549   0.00150372   0.00092789
States
Ekin        0.023286174461 a.u.
Epot_harm   0.032610268579 a.u.
Epot        0.032610268579 a.u.
Etot_harm   0.055896443040 a.u.
Etot        0.055896443040 a.u.


Index     289
Atoms
 C   6.0   0.01280867   0.02574150   0.03430643  12.00000000  -0.00004604   0.00041740   0.00041733
 N   7.0  -0.02422971   0.03161183   2.49309346  14.00307400   0.00052497  -0.00016742  -0.00027247
 H   1.0   1.62812849  -0.16855030  -1.09859302   1.00782500   0.00052238  -0.00226553   0.00050892
 H   1.0   1.64188154  -0.20426720   3.57581602   1.00782500  -0.00250534   0.00142265  -0.00163081
 H   1.0  -1.49410902  -0.20537848   3.51867273   1.00782500  -0.00323583  -0.00074745   0.00144037
 H   1.0  -1.59175553  -0.16752953  -0.84912716   1.00782500  -0.00152723  -0.00105335  -0.00150176
States
Ekin        0.041355250760 a.u.
Epot_harm   0.020495809957 a.u.
Epot        0.020495809957 a.u.
Etot_harm   0.061851060717 a.u.
Etot        0.061851060717 a.u.


Index     290
Atoms
 C   6.0  -0.02218775  -0.01243547  -0.01135544  12.00000000   0.00032586   0.00004184  -0.00024090
 N   7.0   0.01512110  -0.02219299   2.53826883  14.00307400   0.00003456   0.00004565   0.00003855
 H   1.0   1.89506089   0.08556030  -1.03890058   1.00782500   0.00005842  -0.00110393   0.00095987
 H   1.0   1.47681680   0.14322665   3.58263630   1.00782500   0.00019644   0.00053144   0.00007955
 H   1.0  -1.57429665   0.12902989   3.42189831   1.00782500  -0.00134870  -0.00112010   0.00235579
 H   1.0  -1.74349318   0.09860730  -0.90285984   1.00782500  -0.00326633   0.00056012  -0.00106242
States
Ekin        0.023202248822 a.u.
Epot_harm   0.020308517667 a.u.
Epot        0.020308517667 a.u.
Etot_harm   0.043510766490 a.u.
Etot        0.043510766490 a.u.


Index     291
Atoms
 C   6.0  -0.03157763  -0.01171626   0.07983767  12.00000000  -0.00003670  -0.00007148  -0.00106639
 N   7.0   0.02903235   0.05319805   2.46709432  14.00307400   0.00032278  -0.00004013   0.00067287
 H   1.0   1.73698424   0.19492110  -1.18604984   1.00782500  -0.00230495   0.00103050   0.00148164
 H   1.0   1.45113107  -0.51458105   3.78490501   1.00782500  -0.00150481  -0.00018104   0.00280881
 H   1.0  -1.59344685  -0.02505926   3.54184296   1.00782500   0.00011522   0.00086172   0.00142145
 H   1.0  -1.62206463  -0.25492974  -1.17482108   1.00782500  -0.00035328  -0.00030253  -0.00236361
States
Ekin        0.044785119294 a.u.
Epot_harm   0.029331699821 a.u.
Epot        0.029331699821 a.u.
Etot_harm   0.074116819115 a.u.
Etot        0.074116819115 a.u.


Index     292
Atoms
 C   6.0   0.00918292   0.01179688   0.08729705  12.00000000  -0.00031108   0.00004010   0.00043567
 N   7.0  -0.00196751  -0.01120134   2.45853925  14.00307400  -0.00009825  -0.00002653   0.00009573
 H   1.0   1.57784732  -0.11696933  -0.69176914   1.00782500   0.00483325   0.00005900  -0.00274702
 H   1.0   1.59955808   0.13164878   3.19286985   1.00782500   0.00162793  -0.00028523   0.00045676
 H   1.0  -1.59088827  -0.04340678   3.50700749   1.00782500   0.00081192   0.00054190  -0.00311153
 H   1.0  -1.66851930   0.04389920  -1.01218166   1.00782500  -0.00220405  -0.00042445  -0.00111577
States
Ekin        0.050059595840 a.u.
Epot_harm   0.026302740736 a.u.
Epot        0.026302740736 a.u.
Etot_harm   0.076362336577 a.u.
Etot        0.076362336577 a.u.


Index     293
Atoms
 C   6.0   0.05391443  -0.01945517   0.13009187  12.00000000   0.00018695   0.00015791  -0.00021090
 N   7.0  -0.05993936  -0.03097907   2.42584587  14.00307400  -0.00031738  -0.00020636   0.00029481
 H   1.0   1.69700956   0.25153854  -1.08102713   1.00782500  -0.00009128  -0.00158818  -0.00111496
 H   1.0   1.74109169   0.06950511   3.43560443   1.00782500   0.00355704   0.00202346  -0.00079114
 H   1.0  -1.33094684   0.31623987   3.56663485   1.00782500  -0.00169057  -0.00042849  -0.00043271
 H   1.0  -1.91628591   0.02479980  -0.98058285   1.00782500   0.00040860   0.00098021   0.00075375
States
Ekin        0.028073461356 a.u.
Epot_harm   0.046694178974 a.u.
Epot        0.046694178974 a.u.
Etot_harm   0.074767640331 a.u.
Etot        0.074767640331 a.u.


Index     294
Atoms
 C   6.0  -0.00157593   0.01664085   0.02904286  12.00000000   0.00027251  -0.00023533  -0.00042382
 N   7.0  -0.01016327   0.02759381   2.50596314  14.00307400  -0.00012841  -0.00013270   0.00011179
 H   1.0   1.70143088  -0.28243879  -0.60047600   1.00782500  -0.00145808   0.00116428   0.00103631
 H   1.0   1.73791642   0.00600307   3.18229292   1.00782500   0.00176192   0.00134873   0.00036917
 H   1.0  -1.55724795  -0.34772385   3.64321026   1.00782500  -0.00113254   0.00073873  -0.00040996
 H   1.0  -1.72212302   0.04262174  -1.19440202   1.00782500  -0.00063191   0.00139400   0.00249755
States
Ekin        0.022574643868 a.u.
Epot_harm   0.027989123802 a.u.
Epot        0.027989123802 a.u.
Etot_harm   0.050563767670 a.u.
Etot        0.050563767670 a.u.


Index     295
Atoms
 C   6.0  -0.02951857  -0.03772259   0.05398881  12.00000000  -0.00011930   0.00002599   0.00012924
 N   7.0   0.00358213   0.03515902   2.45513987  14.00307400  -0.00004687  -0.00007160  -0.00055071
 H   1.0   1.74503142   0.14740403  -0.79782996   1.00782500   0.00030619  -0.00036752   0.00153201
 H   1.0   1.64951704  -0.16968636   3.67208801   1.00782500  -0.00162225   0.00078919   0.00112844
 H   1.0  -1.49230654  -0.10540266   3.47186215   1.00782500   0.00228087  -0.00015955   0.00095025
 H   1.0  -1.60054072   0.08832971  -0.90636591   1.00782500   0.00110685   0.00042316   0.00250232
States
Ekin        0.023517593725 a.u.
Epot_harm   0.020874008045 a.u.
Epot        0.020874008045 a.u.
Etot_harm   0.044391601769 a.u.
Etot        0.044391601769 a.u.


Index     296
Atoms
 C   6.0  -0.02841939  -0.00169556   0.03982065  12.00000000  -0.00008264   0.00003398   0.00012705
 N   7.0   0.03779200   0.03323163   2.48827520  14.00307400   0.00046718   0.00003174   0.00034469
 H   1.0   1.71870244   0.03860138  -1.01939536   1.00782500  -0.00047395  -0.00010365  -0.00049948
 H   1.0   1.58592050  -0.26670747   3.79380538   1.00782500  -0.00336669   0.00005465  -0.00153609
 H   1.0  -1.76866062  -0.08569278   3.41449696   1.00782500  -0.00028970  -0.00027634  -0.00161025
 H   1.0  -1.72267291  -0.12774437  -1.04084873   1.00782500  -0.00137680  -0.00052030  -0.00265613
States
Ekin        0.028768795632 a.u.
Epot_harm   0.015178126320 a.u.
Epot        0.015178126320 a.u.
Etot_harm   0.043946921952 a.u.
Etot        0.043946921952 a.u.


Index     297
Atoms
 C   6.0  -0.06964963  -0.05756712   0.04743704  12.00000000   0.00014124  -0.00036659  -0.00010343
 N   7.0   0.07509345   0.05698089   2.49516209  14.00307400  -0.00038337   0.00026628  -0.00005812
 H   1.0   1.86058088   0.27995326  -0.88449253   1.00782500  -0.00011928   0.00096304  -0.00094254
 H   1.0   1.54798695  -0.34237625   3.72874214   1.00782500   0.00071081  -0.00121142   0.00152104
 H   1.0  -1.89286614  -0.11315866   3.28119224   1.00782500   0.00266077  -0.00080214   0.00172312
 H   1.0  -1.72977014   0.06931110  -1.16375943   1.00782500   0.00039259   0.00171568  -0.00026257
States
Ekin        0.023314509205 a.u.
Epot_harm   0.034179649306 a.u.
Epot        0.034179649306 a.u.
Etot_harm   0.057494158511 a.u.
Etot        0.057494158511 a.u.


Index     298
Atoms
 C   6.0  -0.00158251  -0.01107548   0.12963195  12.00000000   0.00022406  -0.00000965  -0.00020975
 N   7.0  -0.00534639   0.02806333   2.40276194  14.00307400  -0.00022335   0.00017422  -0.00000607
 H   1.0   1.76026773   0.13904303  -0.99414016   1.00782500   0.00111392   0.00064532   0.00054347
 H   1.0   1.58760545  -0.27974194   3.59345395   1.00782500   0.00265889  -0.00210222  -0.00220975
 H   1.0  -1.55372318   0.00838518   3.56357630   1.00782500  -0.00310194   0.00046219   0.00181032
 H   1.0  -1.70102277  -0.12573417  -0.89604838   1.00782500  -0.00023536  -0.00131115   0.00243781
States
Ekin        0.038076668764 a.u.
Epot_harm   0.017101173111 a.u.
Epot        0.017101173111 a.u.
Etot_harm   0.055177841875 a.u.
Etot        0.055177841875 a.u.


Index     299
Atoms
 C   6.0   0.04545299   0.00040422   0.12577410  12.00000000   0.00026207  -0.00019193   0.00039007
 N   7.0  -0.00475908   0.03777385   2.38453501  14.00307400  -0.00046355  -0.00003380  -0.00010260
 H   1.0   1.73107258  -0.02127510  -0.76298246   1.00782500  -0.00214544   0.00061045  -0.00045576
 H   1.0   1.61766241  -0.24708936   3.54065714   1.00782500   0.00377563   0.00055285   0.00054360
 H   1.0  -1.69814115  -0.15982172   3.42390489   1.00782500   0.00207949   0.00026524   0.00016263
 H   1.0  -2.12567047  -0.10146998  -0.63555166   1.00782500  -0.00038939   0.00132644  -0.00346941
States
Ekin        0.041062284095 a.u.
Epot_harm   0.041717308206 a.u.
Epot        0.041717308206 a.u.
Etot_harm   0.082779592301 a.u.
Etot        0.082779592301 a.u.


Index     300
Atoms
 C   6.0   0.00975040  -0.00518051   0.11838086  12.00000000   0.00006976   0.00019023  -0.00033222
 N   7.0   0.00274014   0.03328132   2.42092788  14.00307400  -0.00005553  -0.00022261   0.00025749
 H   1.0   1.79498133  -0.03130820  -0.97806110   1.00782500  -0.00226565   0.00023364   0.00244732
 H   1.0   1.75094759  -0.16882575   3.45256563   1.00782500   0.00084821   0.00021092  -0.00235368
 H   1.0  -1.88901120  -0.17462681   3.34456752   1.00782500  -0.00066617   0.00187950  -0.00078332
 H   1.0  -1.81108655  -0.02597809  -0.67066951   1.00782500   0.00202457  -0.00149605   0.00106770
States
Ekin        0.030351200066 a.u.
Epot_harm   0.028869063315 a.u.
Epot        0.028869063315 a.u.
Etot_harm   0.059220263381 a.u.
Etot        0.059220263381 a.u.


Index     301
Atoms
 C   6.0  -0.02921439   0.00483575   0.00052572  12.00000000   0.00008044   0.00015744   0.00013335
 N   7.0   0.00922624  -0.02952474   2.49916198  14.00307400  -0.00010518   0.00002072   0.00010832
 H   1.0   1.99957478  -0.04007192  -0.96252755   1.00782500   0.00146299  -0.00057472  -0.00139483
 H   1.0   1.56081980   0.22207303   3.77567117   1.00782500   0.00188869  -0.00043672   0.00016521
 H   1.0  -1.52837826   0.08196083   3.41065540   1.00782500  -0.00079734  -0.00014636   0.00033514
 H   1.0  -1.81235821   0.08868666  -0.75912747   1.00782500  -0.00205074  -0.00100472  -0.00219845
States
Ekin        0.018312940400 a.u.
Epot_harm   0.028559535234 a.u.
Epot        0.028559535234 a.u.
Etot_harm   0.046872475634 a.u.
Etot        0.046872475634 a.u.


Index     302
Atoms
 C   6.0   0.04944652  -0.00090201   0.08064455  12.00000000   0.00002275  -0.00020439   0.00000947
 N   7.0  -0.01060106   0.06140869   2.47067487  14.00307400   0.00020122   0.00013196   0.00020359
 H   1.0   1.58354389   0.05145615  -1.21468607   1.00782500   0.00021285   0.00066381  -0.00144599
 H   1.0   1.56124221  -0.48540763   3.44131144   1.00782500  -0.00214981   0.00016517   0.00053792
 H   1.0  -1.75885543  -0.17186303   3.49783379   1.00782500   0.00042634  -0.00096331  -0.00299108
 H   1.0  -1.82738708  -0.23667928  -0.81793895   1.00782500  -0.00155598   0.00073454   0.00095765
States
Ekin        0.021685124402 a.u.
Epot_harm   0.021322527565 a.u.
Epot        0.021322527565 a.u.
Etot_harm   0.043007651967 a.u.
Etot        0.043007651967 a.u.


Index     303
Atoms
 C   6.0  -0.00496790   0.01550013   0.10040704  12.00000000  -0.00002199   0.00009466  -0.00028442
 N   7.0   0.03236527  -0.03673581   2.45769647  14.00307400  -0.00000207  -0.00007726   0.00000632
 H   1.0   1.51613349  -0.11994865  -0.86633015   1.00782500   0.00080737  -0.00167840   0.00092648
 H   1.0   1.47082151   0.29228423   3.39306728   1.00782500  -0.00184972   0.00149097  -0.00043283
 H   1.0  -1.72495083   0.06020441   3.40595308   1.00782500   0.00101236  -0.00087607   0.00170166
 H   1.0  -1.65254668   0.09332271  -1.08115209   1.00782500   0.00032057   0.00100991   0.00110345
States
Ekin        0.016921706283 a.u.
Epot_harm   0.028234004975 a.u.
Epot        0.028234004975 a.u.
Etot_harm   0.045155711257 a.u.
Etot        0.045155711257 a.u.


Index     304
Atoms
 C   6.0   0.02028984  -0.02944069   0.10535741  12.00000000   0.00018472   0.00007959   0.00022471
 N   7.0  -0.00288493   0.04314867   2.44859282  14.00307400  -0.00010290  -0.00008618   0.00015787
 H   1.0   1.79636560   0.10822000  -1.10047992   1.00782500   0.00295309  -0.00008640  -0.00207336
 H   1.0   1.56770490  -0.23632326   3.60561984   1.00782500  -0.00134736   0.00028943  -0.00339270
 H   1.0  -1.56892159  -0.14713189   3.19960312   1.00782500  -0.00010727   0.00056161   0.00058219
 H   1.0  -1.99665232   0.02625759  -0.78565888   1.00782500  -0.00226809  -0.00051491   0.00001485
States
Ekin        0.031433270062 a.u.
Epot_harm   0.025896262843 a.u.
Epot        0.025896262843 a.u.
Etot_harm   0.057329532906 a.u.
Etot        0.057329532906 a.u.


Index     305
Atoms
 C   6.0  -0.01079020  -0.04315257   0.03417619  12.00000000  -0.00020392  -0.00033487   0.00063471
 N   7.0  -0.01387297   0.00229026   2.49429150  14.00307400   0.00007761   0.00004677   0.00000206
 H   1.0   1.97560179   0.08438961  -1.00476793   1.00782500   0.00195589   0.00099070  -0.00271699
 H   1.0   1.74637098   0.16632331   3.41203004   1.00782500  -0.00187129   0.00053482  -0.00091443
 H   1.0  -1.68478736  -0.07352427   3.67103778   1.00782500   0.00143680  -0.00042417  -0.00146118
 H   1.0  -1.71595238   0.30479985  -0.94662658   1.00782500  -0.00017173   0.00223610  -0.00249336
States
Ekin        0.036070246232 a.u.
Epot_harm   0.023899188055 a.u.
Epot        0.023899188055 a.u.
Etot_harm   0.059969434286 a.u.
Etot        0.059969434286 a.u.


Index     306
Atoms
 C   6.0  -0.02810250   0.01811541   0.02648584  12.00000000  -0.00012560   0.00014099  -0.00029890
 N   7.0   0.01055768  -0.02920798   2.51923072  14.00307400   0.00003789  -0.00008016   0.00031764
 H   1.0   1.62208428  -0.02614472  -0.69167225   1.00782500   0.00039890  -0.00013642   0.00019950
 H   1.0   1.78235931   0.12023601   3.42098606   1.00782500  -0.00103278  -0.00014909  -0.00074563
 H   1.0  -1.59717524   0.14426461   3.19049849   1.00782500   0.00089573   0.00052921  -0.00193163
 H   1.0  -1.61934889  -0.04822706  -1.04308552   1.00782500   0.00070727  -0.00080868   0.00162332
States
Ekin        0.012372932554 a.u.
Epot_harm   0.035707298165 a.u.
Epot        0.035707298165 a.u.
Etot_harm   0.048080230719 a.u.
Etot        0.048080230719 a.u.


Index     307
Atoms
 C   6.0   0.02954044   0.06719341   0.07392626  12.00000000   0.00018212   0.00032544  -0.00046954
 N   7.0  -0.02857330  -0.03937213   2.50340847  14.00307400  -0.00008407  -0.00011263   0.00013673
 H   1.0   1.64275233  -0.17697794  -0.95480107   1.00782500  -0.00024801  -0.00022244   0.00319235
 H   1.0   1.88669355   0.04433399   3.42742741   1.00782500   0.00089242  -0.00095939  -0.00079601
 H   1.0  -1.49609710   0.19583653   3.45503870   1.00782500  -0.00025206   0.00089763   0.00133273
 H   1.0  -1.98807429  -0.31620283  -1.39596345   1.00782500  -0.00139273  -0.00202594  -0.00003812
States
Ekin        0.024098415224 a.u.
Epot_harm   0.075935606140 a.u.
Epot        0.075935606140 a.u.
Etot_harm   0.100034021364 a.u.
Etot        0.100034021364 a.u.


Index     308
Atoms
 C   6.0   0.00900487   0.00124055   0.12529836  12.00000000   0.00024810   0.00017651   0.00008465
 N   7.0  -0.01296790   0.01417282   2.40654604  14.00307400  -0.00032492  -0.00011761  -0.00032377
 H   1.0   1.66179189  -0.00735894  -0.96250606   1.00782500  -0.00423355   0.00040712   0.00321119
 H   1.0   1.58499850  -0.10031037   3.54848003   1.00782500   0.00034810  -0.00085590   0.00185130
 H   1.0  -1.50517350  -0.05532604   3.61262611   1.00782500   0.00459328   0.00151792  -0.00211943
 H   1.0  -1.66865570  -0.04869781  -0.93273668   1.00782500   0.00085256  -0.00153673   0.00054757
States
Ekin        0.062763971301 a.u.
Epot_harm   0.013144773593 a.u.
Epot        0.013144773593 a.u.
Etot_harm   0.075908744894 a.u.
Etot        0.075908744894 a.u.


Index     309
Atoms
 C   6.0   0.00533826   0.05828371   0.08983856  12.00000000  -0.00016306  -0.00015272   0.00017733
 N   7.0  -0.02439438  -0.06915810   2.43052452  14.00307400   0.00001097   0.00001335  -0.00001108
 H   1.0   1.52296961  -0.19982384  -0.64359359   1.00782500   0.00041898   0.00096310  -0.00244533
 H   1.0   1.75927536   0.33691386   3.47799291   1.00782500  -0.00002922  -0.00027232   0.00086939
 H   1.0  -1.38851782   0.24749346   3.45930356   1.00782500  -0.00001143   0.00071853   0.00009918
 H   1.0  -1.61834487  -0.11765074  -0.93879110   1.00782500   0.00141083   0.00022356  -0.00048076
States
Ekin        0.010756168900 a.u.
Epot_harm   0.055873342973 a.u.
Epot        0.055873342973 a.u.
Etot_harm   0.066629511873 a.u.
Etot        0.066629511873 a.u.


Index     310
Atoms
 C   6.0  -0.01936476   0.03506234   0.04777200  12.00000000   0.00018253   0.00001497  -0.00051698
 N   7.0   0.03462538   0.03934628   2.51386452  14.00307400  -0.00014204  -0.00000437  -0.00005413
 H   1.0   1.86038626  -0.13182450  -0.99975477   1.00782500  -0.00099144   0.00013014   0.00234687
 H   1.0   1.47428349  -0.35830576   3.44452526   1.00782500   0.00163597  -0.00028230   0.00134736
 H   1.0  -1.71589630  -0.15979215   3.50945507   1.00782500  -0.00048075  -0.00013777   0.00065224
 H   1.0  -1.86929767  -0.31424997  -1.25638966   1.00782500  -0.00036362   0.00017241   0.00256124
States
Ekin        0.020623523611 a.u.
Epot_harm   0.037522331970 a.u.
Epot        0.037522331970 a.u.
Etot_harm   0.058145855581 a.u.
Etot        0.058145855581 a.u.


Index     311
Atoms
 C   6.0   0.02812168  -0.03838704   0.06340335  12.00000000  -0.00044918   0.00013171  -0.00012540
 N   7.0  -0.01258215  -0.00594537   2.48716082  14.00307400  -0.00002790  -0.00016602  -0.00008095
 H   1.0   1.64274989  -0.04001998  -1.13128737   1.00782500   0.00272686   0.00089030  -0.00277371
 H   1.0   1.62592075   0.32976136   3.56112415   1.00782500   0.00120329  -0.00000179   0.00146873
 H   1.0  -1.58689214  -0.16144997   3.23159124   1.00782500  -0.00175764   0.00171252   0.00338625
 H   1.0  -1.84179776   0.41138357  -0.77868136   1.00782500   0.00356348  -0.00186263   0.00053647
States
Ekin        0.052514876933 a.u.
Epot_harm   0.021550707801 a.u.
Epot        0.021550707801 a.u.
Etot_harm   0.074065584734 a.u.
Etot        0.074065584734 a.u.


Index     312
Atoms
 C   6.0   0.05157265   0.01755447   0.04340318  12.00000000   0.00002771  -0.00004325  -0.00011327
 N   7.0  -0.05694498  -0.05362821   2.46188556  14.00307400  -0.00009864  -0.00023729   0.00004134
 H   1.0   1.78697251  -0.19524990  -0.77076229   1.00782500   0.00148777   0.00109634  -0.00117559
 H   1.0   1.75469479   0.48086458   3.26457825   1.00782500  -0.00007582   0.00042739   0.00152785
 H   1.0  -1.45903092   0.04751288   3.74261449   1.00782500   0.00095361   0.00228086   0.00034433
 H   1.0  -1.90548959   0.20298345  -0.76436181   1.00782500  -0.00132485   0.00000730   0.00007767
States
Ekin        0.015197489778 a.u.
Epot_harm   0.027926644333 a.u.
Epot        0.027926644333 a.u.
Etot_harm   0.043124134112 a.u.
Etot        0.043124134112 a.u.


Index     313
Atoms
 C   6.0  -0.01004880  -0.05417554   0.05065234  12.00000000  -0.00004690  -0.00018117  -0.00008835
 N   7.0   0.01040061   0.04404231   2.47952441  14.00307400   0.00024242   0.00031889  -0.00013937
 H   1.0   1.82238568   0.11217533  -0.96229858   1.00782500  -0.00089428   0.00015780   0.00060026
 H   1.0   1.47486311  -0.08968385   3.44787252   1.00782500  -0.00069365  -0.00126368   0.00196441
 H   1.0  -1.62614895  -0.23607691   3.44711755   1.00782500  -0.00106848  -0.00167570  -0.00046027
 H   1.0  -1.69596028   0.24670504  -0.79201773   1.00782500  -0.00015346   0.00050793   0.00088397
States
Ekin        0.014106284176 a.u.
Epot_harm   0.017059508269 a.u.
Epot        0.017059508269 a.u.
Etot_harm   0.031165792445 a.u.
Etot        0.031165792445 a.u.


Index     314
Atoms
 C   6.0  -0.00531727  -0.00885704   0.14402466  12.00000000   0.00003458  -0.00031318   0.00014719
 N   7.0   0.00051202   0.05073747   2.40033453  14.00307400  -0.00021386   0.00027157   0.00011554
 H   1.0   1.83984825  -0.07405191  -1.00491448   1.00782500   0.00291986   0.00021553  -0.00265741
 H   1.0   1.51000147  -0.22263269   3.50190527   1.00782500   0.00078098  -0.00036222  -0.00058000
 H   1.0  -1.55239611  -0.29835234   3.56360663   1.00782500   0.00016145  -0.00148412   0.00042125
 H   1.0  -1.74125601  -0.00446799  -0.93139997   1.00782500  -0.00130249   0.00158651  -0.00054178
States
Ekin        0.024764827834 a.u.
Epot_harm   0.021799386644 a.u.
Epot        0.021799386644 a.u.
Etot_harm   0.046564214478 a.u.
Etot        0.046564214478 a.u.


Index     315
Atoms
 C   6.0   0.01550923  -0.00621270   0.00659970  12.00000000  -0.00008554   0.00015182   0.00026556
 N   7.0  -0.01985406  -0.01760531   2.49681296  14.00307400  -0.00001388   0.00011413  -0.00022396
 H   1.0   1.76877891   0.06914704  -0.85280117   1.00782500  -0.00163604  -0.00090571  -0.00038299
 H   1.0   1.61298568   0.08901138   3.52912097   1.00782500  -0.00152286  -0.00076738  -0.00108346
 H   1.0  -1.46421129   0.11702815   3.72340322   1.00782500   0.00088428  -0.00078157   0.00090517
 H   1.0  -1.82635984   0.04340134  -0.97473524   1.00782500   0.00348600  -0.00093877   0.00051105
States
Ekin        0.023256789537 a.u.
Epot_harm   0.009955547929 a.u.
Epot        0.009955547929 a.u.
Etot_harm   0.033212337466 a.u.
Etot        0.033212337466 a.u.


Index     316
Atoms
 C   6.0  -0.00210110  -0.03807949   0.14525771  12.00000000  -0.00002844   0.00011230   0.00033912
 N   7.0  -0.03249072  -0.01096537   2.44536946  14.00307400  -0.00026069  -0.00016789   0.00011875
 H   1.0   1.86812058   0.07309136  -1.03807706   1.00782500   0.00339278   0.00005454  -0.00134711
 H   1.0   1.95944578   0.24029254   3.13735119   1.00782500   0.00226500   0.00046643  -0.00207174
 H   1.0  -1.71204050  -0.01888786   3.35984136   1.00782500   0.00018821   0.00077456  -0.00080122
 H   1.0  -1.63907092   0.31126664  -0.97033095   1.00782500  -0.00188531  -0.00029995  -0.00146777
States
Ekin        0.030432277318 a.u.
Epot_harm   0.039330577251 a.u.
Epot        0.039330577251 a.u.
Etot_harm   0.069762854570 a.u.
Etot        0.069762854570 a.u.


Index     317
Atoms
 C   6.0   0.01880896   0.01616726   0.09963492  12.00000000  -0.00017918  -0.00016242  -0.00039815
 N   7.0  -0.00860801  -0.02436359   2.45773545  14.00307400   0.00005380   0.00025553   0.00036395
 H   1.0   1.58985625  -0.03084473  -0.89155806   1.00782500   0.00251488   0.00097302   0.00025921
 H   1.0   1.75779370   0.10340950   3.47462550   1.00782500   0.00136606  -0.00176403  -0.00131434
 H   1.0  -1.60272522   0.11434740   3.25848713   1.00782500  -0.00233963  -0.00063345   0.00022429
 H   1.0  -1.84927708  -0.04089673  -0.98136462   1.00782500  -0.00015528  -0.00019205   0.00051478
States
Ekin        0.023597395790 a.u.
Epot_harm   0.022710765489 a.u.
Epot        0.022710765489 a.u.
Etot_harm   0.046308161279 a.u.
Etot        0.046308161279 a.u.


Index     318
Atoms
 C   6.0  -0.01289579   0.02797467   0.06315054  12.00000000  -0.00004159   0.00001122   0.00017202
 N   7.0   0.04457546  -0.01417346   2.47013218  14.00307400  -0.00021129  -0.00002055   0.00002754
 H   1.0   1.68358575  -0.27266268  -0.78457613   1.00782500   0.00031511  -0.00084634  -0.00048843
 H   1.0   1.37211338   0.21926664   3.50075396   1.00782500  -0.00178207   0.00071056  -0.00064856
 H   1.0  -1.69820309  -0.14310838   3.35799076   1.00782500   0.00443985  -0.00053935   0.00053257
 H   1.0  -1.82329517   0.06034587  -0.95180981   1.00782500   0.00045816   0.00082704  -0.00182634
States
Ekin        0.028262925496 a.u.
Epot_harm   0.024561971265 a.u.
Epot        0.024561971265 a.u.
Etot_harm   0.052824896761 a.u.
Etot        0.052824896761 a.u.


Index     319
Atoms
 C   6.0  -0.06174686  -0.01915775   0.03282319  12.00000000   0.00015010  -0.00024011   0.00011600
 N   7.0   0.02868784   0.01593863   2.50407291  14.00307400  -0.00013823   0.00029867  -0.00003175
 H   1.0   2.09443451   0.03850830  -0.86330049   1.00782500  -0.00014125   0.00138221  -0.00074185
 H   1.0   1.71314887  -0.03303379   3.65231395   1.00782500   0.00044441  -0.00231460   0.00007116
 H   1.0  -1.63836943  -0.08607599   3.39205229   1.00782500   0.00036607  -0.00023401  -0.00052146
 H   1.0  -1.83260353   0.08725262  -1.16918878   1.00782500  -0.00053590  -0.00012447   0.00025201
States
Ekin        0.010608407428 a.u.
Epot_harm   0.033914050651 a.u.
Epot        0.033914050651 a.u.
Etot_harm   0.044522458079 a.u.
Etot        0.044522458079 a.u.


Index     320
Atoms
 C   6.0  -0.02420844  -0.01419578   0.11741809  12.00000000   0.00017050   0.00008646  -0.00063348
 N   7.0   0.01001065   0.03195726   2.48506235  14.00307400  -0.00004261  -0.00010537   0.00026253
 H   1.0   1.71235221  -0.06957775  -1.38627712   1.00782500   0.00089891  -0.00002357   0.00213660
 H   1.0   1.64644886  -0.06047581   3.62923675   1.00782500  -0.00110617   0.00013537  -0.00099494
 H   1.0  -1.61570122  -0.24422436   3.21556013   1.00782500   0.00064033   0.00064739   0.00271946
 H   1.0  -1.59394562   0.09927925  -1.18976050   1.00782500  -0.00187116  -0.00032454   0.00003393
States
Ekin        0.023700740689 a.u.
Epot_harm   0.037409095822 a.u.
Epot        0.037409095822 a.u.
Etot_harm   0.061109836511 a.u.
Etot        0.061109836511 a.u.


Index     321
Atoms
 C   6.0  -0.01785201   0.01442495   0.03867948  12.00000000   0.00019217   0.00008109   0.00028915
 N   7.0  -0.00801915  -0.00001628   2.52995855  14.00307400  -0.00000242  -0.00034308   0.00003575
 H   1.0   1.83195445  -0.04397009  -0.90365085   1.00782500  -0.00377431  -0.00076802  -0.00024398
 H   1.0   1.97270191  -0.04375666   3.22595312   1.00782500  -0.00121335   0.00256555  -0.00060153
 H   1.0  -1.80608270   0.00468554   3.45733950   1.00782500   0.00163094   0.00119729  -0.00256290
 H   1.0  -1.67459193  -0.08848795  -1.19715882   1.00782500   0.00110216   0.00080655  -0.00053112
States
Ekin        0.036143801923 a.u.
Epot_harm   0.026959940139 a.u.
Epot        0.026959940139 a.u.
Etot_harm   0.063103742062 a.u.
Etot        0.063103742062 a.u.


Index     322
Atoms
 C   6.0  -0.05925429  -0.04083477   0.02678984  12.00000000   0.00050864   0.00001240  -0.00048262
 N   7.0   0.06435355   0.01699931   2.47265672  14.00307400  -0.00032633  -0.00002605   0.00015712
 H   1.0   1.89618964   0.26558094  -0.48182499   1.00782500  -0.00136716   0.00020560  -0.00117542
 H   1.0   1.67107640  -0.14981421   3.61078349   1.00782500  -0.00047354  -0.00024893   0.00118194
 H   1.0  -1.91610834   0.07828510   3.42785509   1.00782500   0.00133057   0.00049020   0.00227639
 H   1.0  -1.83977777   0.05596641  -1.03659096   1.00782500  -0.00101201  -0.00023246   0.00128042
States
Ekin        0.020753589876 a.u.
Epot_harm   0.045218146522 a.u.
Epot        0.045218146522 a.u.
Etot_harm   0.065971736398 a.u.
Etot        0.065971736398 a.u.


Index     323
Atoms
 C   6.0  -0.01521284   0.01258369   0.05831672  12.00000000   0.00023457  -0.00005574   0.00031336
 N   7.0   0.00595908  -0.01683062   2.49455477  14.00307400   0.00013286  -0.00009691  -0.00030294
 H   1.0   1.71818327  -0.26071823  -0.96338323   1.00782500  -0.00071304   0.00042846   0.00199050
 H   1.0   1.89310865   0.32296194   3.41976249   1.00782500  -0.00239523   0.00032372  -0.00198092
 H   1.0  -1.88354796  -0.17638386   3.53618214   1.00782500  -0.00012253   0.00056656   0.00146445
 H   1.0  -1.62940483   0.19815882  -1.15198324   1.00782500  -0.00140820   0.00069147  -0.00099602
States
Ekin        0.022051027067 a.u.
Epot_harm   0.039313485845 a.u.
Epot        0.039313485845 a.u.
Etot_harm   0.061364512912 a.u.
Etot        0.061364512912 a.u.


Index     324
Atoms
 C   6.0   0.04453155  -0.05088964   0.06754668  12.00000000   0.00010669   0.00015466   0.00014386
 N   7.0  -0.01113715  -0.04078108   2.50183757  14.00307400  -0.00059972   0.00011965   0.00027414
 H   1.0   1.64752171   0.38138145  -1.55005806   1.00782500   0.00056867  -0.00020600  -0.00191749
 H   1.0   1.54317165   0.19754541   3.62642961   1.00782500   0.00548518  -0.00106678   0.00030373
 H   1.0  -1.73828945   0.37902814   3.45218667   1.00782500   0.00158441  -0.00113840  -0.00280045
 H   1.0  -1.82789004   0.21460585  -0.89906944   1.00782500  -0.00057587  -0.00109276  -0.00110768
States
Ekin        0.052371684728 a.u.
Epot_harm   0.034845963159 a.u.
Epot        0.034845963159 a.u.
Etot_harm   0.087217647887 a.u.
Etot        0.087217647887 a.u.


Index     325
Atoms
 C   6.0  -0.00935653  -0.01903303   0.06185551  12.00000000  -0.00005736   0.00005155  -0.00027602
 N   7.0  -0.00526730   0.01820706   2.47874014  14.00307400   0.00013188  -0.00002115   0.00007019
 H   1.0   1.90908095  -0.03325150  -1.01178062   1.00782500  -0.00059602  -0.00046918   0.00044622
 H   1.0   1.65309122   0.02818694   3.52668723   1.00782500  -0.00029031   0.00044728   0.00087403
 H   1.0  -1.57024772  -0.17200596   3.40811682   1.00782500  -0.00088385  -0.00031443  -0.00011058
 H   1.0  -1.80733209   0.15071826  -0.90484697   1.00782500   0.00062074   0.00001640   0.00110156
States
Ekin        0.005163904579 a.u.
Epot_harm   0.011053436317 a.u.
Epot        0.011053436317 a.u.
Etot_harm   0.016217340897 a.u.
Etot        0.016217340897 a.u.


Index     326
Atoms
 C   6.0  -0.00875797  -0.01534695   0.02212760  12.00000000  -0.00006787   0.00018595   0.00044525
 N   7.0   0.02771268   0.01439962   2.49340694  14.00307400  -0.00022601  -0.00019019  -0.00077464
 H   1.0   1.70225383   0.09537371  -0.90347140   1.00782500   0.00153157   0.00077766   0.00057740
 H   1.0   1.63350781  -0.10823885   3.81038942   1.00782500   0.00176276  -0.00067760   0.00170085
 H   1.0  -1.71282448  -0.00470469   3.40204942   1.00782500   0.00022617   0.00221165   0.00241484
 H   1.0  -1.90370721   0.00022988  -1.02154315   1.00782500   0.00042795  -0.00188318   0.00076845
States
Ekin        0.034206303579 a.u.
Epot_harm   0.018339819919 a.u.
Epot        0.018339819919 a.u.
Etot_harm   0.052546123498 a.u.
Etot        0.052546123498 a.u.


Index     327
Atoms
 C   6.0   0.04284633  -0.02335920   0.02333423  12.00000000  -0.00019360  -0.00011429   0.00059745
 N   7.0  -0.02697209  -0.03068536   2.50550096  14.00307400  -0.00031290   0.00012950  -0.00002583
 H   1.0   1.44966841   0.02988420  -1.13193219   1.00782500   0.00334527   0.00032968  -0.00271032
 H   1.0   1.67900630   0.33344990   3.47509472   1.00782500   0.00274688  -0.00023738   0.00062584
 H   1.0  -1.65874380   0.05976102   3.85710710   1.00782500   0.00219289  -0.00094563  -0.00233867
 H   1.0  -1.60533508   0.28139200  -1.09525106   1.00782500  -0.00163233   0.00041484  -0.00233171
States
Ekin        0.048350960906 a.u.
Epot_harm   0.041037734317 a.u.
Epot        0.041037734317 a.u.
Etot_harm   0.089388695223 a.u.
Etot        0.089388695223 a.u.


Index     328
Atoms
 C   6.0  -0.03844885   0.00537142  -0.01934158  12.00000000   0.00005125   0.00038477   0.00066039
 N   7.0   0.01306673   0.02985720   2.54731373  14.00307400  -0.00003384   0.00000422  -0.00062753
 H   1.0   1.75623446  -0.20511799  -0.82947936   1.00782500   0.00017140  -0.00189998  -0.00048466
 H   1.0   1.59617173  -0.02251919   3.59788453   1.00782500   0.00126288  -0.00004582  -0.00045362
 H   1.0  -1.43630260  -0.31285648   3.49169115   1.00782500  -0.00205487  -0.00115297   0.00177190
 H   1.0  -1.63985342   0.06169060  -1.22790550   1.00782500   0.00048059  -0.00154128   0.00002235
States
Ekin        0.027165713981 a.u.
Epot_harm   0.025798197704 a.u.
Epot        0.025798197704 a.u.
Etot_harm   0.052963911685 a.u.
Etot        0.052963911685 a.u.


Index     329
Atoms
 C   6.0  -0.06273546   0.01978526   0.10392341  12.00000000  -0.00028074  -0.00030585  -0.00039827
 N   7.0   0.01215027  -0.02283525   2.44596655  14.00307400   0.00032670   0.00001150   0.00037904
 H   1.0   1.90508877  -0.11721657  -0.81138961   1.00782500  -0.00090979   0.00237365   0.00152090
 H   1.0   1.53605403   0.16356292   3.35072457   1.00782500  -0.00153711  -0.00115598   0.00115097
 H   1.0  -1.44834626   0.02793078   3.53031028   1.00782500   0.00099825   0.00173265  -0.00125403
 H   1.0  -1.41463627   0.00742411  -1.09699641   1.00782500   0.00025212   0.00053169  -0.00194225
States
Ekin        0.028567497576 a.u.
Epot_harm   0.032115221806 a.u.
Epot        0.032115221806 a.u.
Etot_harm   0.060682719382 a.u.
Etot        0.060682719382 a.u.


Index     330
Atoms
 C   6.0   0.01386291  -0.01837327   0.08858209  12.00000000   0.00016048  -0.00021267  -0.00047453
 N   7.0   0.00135104  -0.01103197   2.48569532  14.00307400  -0.00007695  -0.00002968   0.00033580
 H   1.0   1.64714243   0.22737073  -0.93665989   1.00782500  -0.00369968   0.00117325  -0.00140514
 H   1.0   1.69754470  -0.05242180   3.26365818   1.00782500   0.00086512   0.00001756   0.00144288
 H   1.0  -1.73148794   0.22092800   3.21033348   1.00782500  -0.00085307   0.00089756   0.00063812
 H   1.0  -1.79703433  -0.02382747  -0.93402196   1.00782500   0.00284601   0.00085623   0.00030856
States
Ekin        0.033061295976 a.u.
Epot_harm   0.016413278608 a.u.
Epot        0.016413278608 a.u.
Etot_harm   0.049474574584 a.u.
Etot        0.049474574584 a.u.


Index     331
Atoms
 C   6.0   0.01652047  -0.01892813   0.04496410  12.00000000  -0.00002909   0.00034693  -0.00061569
 N   7.0  -0.00426756   0.00841068   2.51574729  14.00307400  -0.00019898  -0.00011644   0.00025659
 H   1.0   1.76749211   0.07377818  -1.18236936   1.00782500  -0.00147791  -0.00142697   0.00000552
 H   1.0   1.65541958  -0.01952969   3.47696879   1.00782500   0.00239871   0.00013121   0.00144800
 H   1.0  -1.70693335  -0.01933005   3.26748310   1.00782500  -0.00081441   0.00026063  -0.00071206
 H   1.0  -1.85338977   0.07359464  -0.85697325   1.00782500   0.00300470  -0.00147785   0.00302431
States
Ekin        0.037949538468 a.u.
Epot_harm   0.010200161931 a.u.
Epot        0.010200161931 a.u.
Etot_harm   0.048149700398 a.u.
Etot        0.048149700398 a.u.


Index     332
Atoms
 C   6.0  -0.04551456   0.07170343   0.10840521  12.00000000   0.00034436   0.00007352  -0.00072499
 N   7.0   0.02620599  -0.03587186   2.44886346  14.00307400   0.00032435  -0.00021393   0.00032390
 H   1.0   1.88673196  -0.18160069  -0.82788206   1.00782500  -0.00122500   0.00053628   0.00106655
 H   1.0   1.63705671  -0.00411599   3.54326532   1.00782500  -0.00286093   0.00056798  -0.00103554
 H   1.0  -1.58759730   0.19441275   3.21625645   1.00782500  -0.00301680   0.00145928   0.00363840
 H   1.0  -1.75837254  -0.36404034  -1.05260553   1.00782500  -0.00150415  -0.00046662   0.00046256
States
Ekin        0.046819211692 a.u.
Epot_harm   0.024690630456 a.u.
Epot        0.024690630456 a.u.
Etot_harm   0.071509842148 a.u.
Etot        0.071509842148 a.u.


Index     333
Atoms
 C   6.0   0.05161669  -0.01032276   0.01751895  12.00000000   0.00005266   0.00009430  -0.00004381
 N   7.0  -0.01410358   0.04389419   2.49288309  14.00307400  -0.00037524  -0.00016009   0.00002372
 H   1.0   1.71383403  -0.02242779  -0.94179909   1.00782500   0.00280313  -0.00017206  -0.00161569
 H   1.0   1.45234818  -0.22099738   3.31308450   1.00782500   0.00038751   0.00043532   0.00071895
 H   1.0  -1.66759963  -0.22248157   3.72236563   1.00782500   0.00251332   0.00104569  -0.00124786
 H   1.0  -1.91721356  -0.02106332  -0.74407391   1.00782500  -0.00111729  -0.00020738   0.00233668
States
Ekin        0.027223850941 a.u.
Epot_harm   0.032649765776 a.u.
Epot        0.032649765776 a.u.
Etot_harm   0.059873616717 a.u.
Etot        0.059873616717 a.u.


Index     334
Atoms
 C   6.0  -0.00207518  -0.01631028   0.04932316  12.00000000  -0.00002444  -0.00008319  -0.00011513
 N   7.0   0.00042011  -0.03480704   2.48068684  14.00307400  -0.00006827   0.00013820   0.00014412
 H   1.0   1.68646289  -0.12169255  -1.03210037   1.00782500  -0.00026230   0.00076915  -0.00207822
 H   1.0   1.56869728   0.48277956   3.55870969   1.00782500   0.00225796  -0.00052108  -0.00093963
 H   1.0  -1.60092275  -0.06446606   3.59025789   1.00782500  -0.00340225  -0.00060822   0.00050015
 H   1.0  -1.63536584   0.38120400  -0.97651843   1.00782500   0.00264612  -0.00056944   0.00188607
States
Ekin        0.032844704589 a.u.
Epot_harm   0.016082208810 a.u.
Epot        0.016082208810 a.u.
Etot_harm   0.048926913399 a.u.
Etot        0.048926913399 a.u.


Index     335
Atoms
 C   6.0  -0.02068632  -0.00829311   0.01543320  12.00000000   0.00025312   0.00015842  -0.00029529
 N   7.0   0.02579406  -0.03244730   2.51874200  14.00307400   0.00012502  -0.00008436  -0.00010269
 H   1.0   1.75244973   0.13373770  -0.78344789   1.00782500   0.00017960  -0.00151560   0.00145278
 H   1.0   1.54785426   0.13712505   3.56230546   1.00782500   0.00091609   0.00109286   0.00231179
 H   1.0  -1.56427701   0.23402528   3.26174473   1.00782500  -0.00209259  -0.00033254   0.00206522
 H   1.0  -1.84811014   0.04469077  -1.02548327   1.00782500  -0.00375413   0.00004117  -0.00088701
States
Ekin        0.034969083265 a.u.
Epot_harm   0.019324722851 a.u.
Epot        0.019324722851 a.u.
Etot_harm   0.054293806116 a.u.
Etot        0.054293806116 a.u.


Index     336
Atoms
 C   6.0   0.02341312  -0.03031006   0.11966064  12.00000000   0.00006791  -0.00019734  -0.00012559
 N   7.0  -0.04457047   0.08016069   2.42726054  14.00307400  -0.00006194   0.00003712  -0.00008150
 H   1.0   1.79449037   0.14402695  -1.03709894   1.00782500  -0.00164759   0.00189909   0.00138329
 H   1.0   1.59731254  -0.53203124   3.19601051   1.00782500   0.00140746  -0.00148518   0.00094888
 H   1.0  -1.45152839  -0.24668675   3.74480467   1.00782500  -0.00010333   0.00143899  -0.00035324
 H   1.0  -1.59977275  -0.11819305  -0.85853995   1.00782500   0.00039550  -0.00001893   0.00064883
States
Ekin        0.015761310045 a.u.
Epot_harm   0.032432131353 a.u.
Epot        0.032432131353 a.u.
Etot_harm   0.048193441397 a.u.
Etot        0.048193441397 a.u.


Index     337
Atoms
 C   6.0   0.00960217  -0.01170052   0.04392896  12.00000000   0.00050999   0.00025390   0.00007847
 N   7.0  -0.01279510  -0.00011645   2.48957630  14.00307400  -0.00020937  -0.00009148   0.00010000
 H   1.0   1.58781858   0.12062817  -0.79259986   1.00782500  -0.00122170  -0.00105343  -0.00038287
 H   1.0   1.68793700  -0.05604304   3.31419822   1.00782500   0.00007364   0.00010180  -0.00145900
 H   1.0  -1.59119900   0.08912733   3.32476609   1.00782500   0.00046748   0.00030345  -0.00035732
 H   1.0  -1.62110832  -0.01277843  -0.76530105   1.00782500  -0.00248271  -0.00110380  -0.00012463
States
Ekin        0.016121172676 a.u.
Epot_harm   0.029051350147 a.u.
Epot        0.029051350147 a.u.
Etot_harm   0.045172522822 a.u.
Etot        0.045172522822 a.u.


Index     338
Atoms
 C   6.0   0.01963240   0.04264469   0.10455903  12.00000000   0.00005372  -0.00018792  -0.00026882
 N   7.0  -0.00722962   0.00300930   2.40722167  14.00307400  -0.00002845   0.00016808   0.00050862
 H   1.0   1.76498449   0.02984413  -0.76576206   1.00782500  -0.00074120   0.00104862   0.00009910
 H   1.0   1.57255917  -0.32495538   3.57836494   1.00782500   0.00111173  -0.00136657  -0.00198499
 H   1.0  -1.50735702   0.17660404   3.35652578   1.00782500  -0.00096144   0.00025016  -0.00136938
 H   1.0  -1.96349538  -0.43106804  -0.66571312   1.00782500   0.00034666  -0.00002999  -0.00061088
States
Ekin        0.016011861152 a.u.
Epot_harm   0.030257415506 a.u.
Epot        0.030257415506 a.u.
Etot_harm   0.046269276658 a.u.
Etot        0.046269276658 a.u.


Index     339
Atoms
 C   6.0   0.02090014   0.02113489   0.00795507  12.00000000   0.00022062  -0.00016348  -0.00023432
 N   7.0   0.00419918   0.00962043   2.54691880  14.00307400   0.00012866   0.00005684   0.00063388
 H   1.0   1.62709955  -0.23868544  -1.19011447   1.00782500  -0.00223217   0.00230216   0.00027047
 H   1.0   1.48221802   0.05717726   3.51229018   1.00782500  -0.00048855  -0.00166180  -0.00158836
 H   1.0  -1.60809763  -0.21803260   3.60735477   1.00782500  -0.00032947   0.00159233  -0.00287998
 H   1.0  -1.80841918   0.01422159  -1.21686891   1.00782500  -0.00136430  -0.00107580  -0.00181947
States
Ekin        0.037298551387 a.u.
Epot_harm   0.025428681986 a.u.
Epot        0.025428681986 a.u.
Etot_harm   0.062727233373 a.u.
Etot        0.062727233373 a.u.


Index     340
Atoms
 C   6.0   0.00146407   0.01526518   0.11051183  12.00000000   0.00055475   0.00015555  -0.00006285
 N   7.0  -0.03130695   0.02133013   2.46430009  14.00307400  -0.00061974   0.00007621  -0.00022221
 H   1.0   1.76075375  -0.11777337  -0.90317908   1.00782500  -0.00144981  -0.00103180   0.00170181
 H   1.0   1.88832569  -0.12005107   3.18905483   1.00782500   0.00121921  -0.00047974   0.00037776
 H   1.0  -1.57509470  -0.15063444   3.42642660   1.00782500   0.00417017  -0.00096215   0.00215262
 H   1.0  -1.65642737  -0.08966930  -1.07283315   1.00782500  -0.00193403  -0.00043720  -0.00039641
States
Ekin        0.041413421376 a.u.
Epot_harm   0.016511511508 a.u.
Epot        0.016511511508 a.u.
Etot_harm   0.057924932885 a.u.
Etot        0.057924932885 a.u.


Index     341
Atoms
 C   6.0  -0.01465268  -0.00993112   0.05389183  12.00000000  -0.00029873  -0.00022176   0.00007670
 N   7.0   0.00593719   0.02498620   2.52578039  14.00307400   0.00006467   0.00022342  -0.00003502
 H   1.0   1.79305465   0.04365444  -0.95548064   1.00782500   0.00079866   0.00042830  -0.00045818
 H   1.0   1.87281457  -0.16141221   3.31091623   1.00782500   0.00044215  -0.00068271   0.00118758
 H   1.0  -1.80015303  -0.07999997   3.22944409   1.00782500   0.00052250  -0.00124476  -0.00083504
 H   1.0  -1.77374254  -0.03116116  -1.12547477   1.00782500   0.00089501   0.00103534  -0.00032095
States
Ekin        0.009279458070 a.u.
Epot_harm   0.021935157943 a.u.
Epot        0.021935157943 a.u.
Etot_harm   0.031214616013 a.u.
Etot        0.031214616013 a.u.


Index     342
Atoms
 C   6.0  -0.03448607   0.02393031   0.03866485  12.00000000   0.00038932  -0.00018998   0.00000187
 N   7.0  -0.00022662  -0.02372413   2.49166443  14.00307400  -0.00032582   0.00004755   0.00024080
 H   1.0   1.82850772  -0.07601102  -0.84025806   1.00782500  -0.00069205  -0.00005909  -0.00029051
 H   1.0   1.57184114   0.09866619   3.42260119   1.00782500  -0.00185769   0.00102330  -0.00214180
 H   1.0  -1.45276420   0.09109987   3.51997873   1.00782500   0.00378076  -0.00094373   0.00269034
 H   1.0  -1.53381615  -0.06905771  -0.98759285   1.00782500  -0.00133962   0.00158091  -0.00362610
States
Ekin        0.049672517428 a.u.
Epot_harm   0.017673205059 a.u.
Epot        0.017673205059 a.u.
Etot_harm   0.067345722487 a.u.
Etot        0.067345722487 a.u.


Index     343
Atoms
 C   6.0   0.04146339   0.03829512   0.04003146  12.00000000  -0.00003035  -0.00001471   0.00027521
 N   7.0   0.02519559   0.05636176   2.48531669  14.00307400   0.00014114  -0.00014619  -0.00020600
 H   1.0   1.36993669  -0.33700449  -0.78614152   1.00782500   0.00122923   0.00067791   0.00001952
 H   1.0   1.34330053  -0.27616056   3.47176778   1.00782500  -0.00166837   0.00068801  -0.00087641
 H   1.0  -1.65529932  -0.43353293   3.43047751   1.00782500  -0.00029561   0.00097995  -0.00073561
 H   1.0  -1.90171171  -0.19238555  -0.92944907   1.00782500  -0.00086500  -0.00013953   0.00117793
States
Ekin        0.010937766147 a.u.
Epot_harm   0.078286513697 a.u.
Epot        0.078286513697 a.u.
Etot_harm   0.089224279843 a.u.
Etot        0.089224279843 a.u.


Index     344
Atoms
 C   6.0  -0.00574094   0.02232415   0.05608607  12.00000000  -0.00031084   0.00007682  -0.00010648
 N   7.0   0.00956061  -0.00445794   2.49165827  14.00307400   0.00041371   0.00001242  -0.00027260
 H   1.0   1.63844085  -0.08797351  -0.96205063   1.00782500  -0.00201561   0.00000279   0.00093164
 H   1.0   1.45024928  -0.01462648   3.56558166   1.00782500  -0.00165584  -0.00070364   0.00217767
 H   1.0  -1.42969407   0.00178267   3.23540669   1.00782500  -0.00172493   0.00033528   0.00050212
 H   1.0  -1.72347810  -0.10305232  -0.93155447   1.00782500   0.00334927  -0.00072170   0.00144398
States
Ekin        0.032027474133 a.u.
Epot_harm   0.027594277503 a.u.
Epot        0.027594277503 a.u.
Etot_harm   0.059621751636 a.u.
Etot        0.059621751636 a.u.


Index     345
Atoms
 C   6.0  -0.00440043   0.01093396   0.03964389  12.00000000   0.00000840   0.00027670   0.00000162
 N   7.0   0.03021971   0.02764796   2.47971828  14.00307400   0.00001469   0.00008011  -0.00034892
 H   1.0   1.79661019  -0.10957410  -1.00245029   1.00782500   0.00114163  -0.00119939   0.00001203
 H   1.0   1.46205122  -0.14620332   3.76890307   1.00782500  -0.00129200  -0.00110465  -0.00020694
 H   1.0  -1.68192853  -0.18057119   3.41655054   1.00782500  -0.00089050  -0.00063051   0.00371855
 H   1.0  -1.94422095  -0.07799064  -0.91394760   1.00782500   0.00073663  -0.00147311   0.00130508
States
Ekin        0.025553145475 a.u.
Epot_harm   0.012183296279 a.u.
Epot        0.012183296279 a.u.
Etot_harm   0.037736441754 a.u.
Etot        0.037736441754 a.u.


Index     346
Atoms
 C   6.0   0.01672594   0.03985345   0.08584664  12.00000000  -0.00048786  -0.00014487   0.00041362
 N   7.0  -0.01442269   0.01339147   2.45737403  14.00307400   0.00029506   0.00018502  -0.00014125
 H   1.0   1.89574904  -0.22134022  -1.19570248   1.00782500   0.00192851   0.00142082   0.00044757
 H   1.0   1.67390642  -0.10744110   3.62178960   1.00782500  -0.00087079  -0.00217625   0.00097911
 H   1.0  -1.64333980  -0.14485346   3.34097262   1.00782500   0.00161471   0.00098264  -0.00293296
 H   1.0  -1.92507473  -0.18695926  -0.73767339   1.00782500  -0.00096317  -0.00107299  -0.00145614
States
Ekin        0.033069381910 a.u.
Epot_harm   0.028061026542 a.u.
Epot        0.028061026542 a.u.
Etot_harm   0.061130408452 a.u.
Etot        0.061130408452 a.u.


Index     347
Atoms
 C   6.0   0.00100361  -0.05105313   0.06386794  12.00000000   0.00041269   0.00003150   0.00002681
 N   7.0  -0.03792308   0.05358089   2.51098681  14.00307400  -0.00020404  -0.00006365  -0.00021419
 H   1.0   1.92613785   0.10013511  -1.11794554   1.00782500  -0.00299216  -0.00087453   0.00171457
 H   1.0   1.77762891  -0.16402678   3.11708892   1.00782500   0.00097630   0.00089734  -0.00075326
 H   1.0  -1.57867322  -0.27270407   3.44152085   1.00782500  -0.00005981  -0.00027385   0.00106417
 H   1.0  -1.61012673   0.20000493  -0.89449601   1.00782500  -0.00000311   0.00076032   0.00063128
States
Ekin        0.018904470763 a.u.
Epot_harm   0.034850498862 a.u.
Epot        0.034850498862 a.u.
Etot_harm   0.053754969626 a.u.
Etot        0.053754969626 a.u.


Index     348
Atoms
 C   6.0   0.04231105  -0.03402295   0.08956339  12.00000000   0.00016156  -0.00002011   0.00024211
 N   7.0  -0.03591326   0.03105957   2.44679189  14.00307400   0.00006890   0.00012411  -0.00011010
 H   1.0   1.84657355   0.13519125  -1.26654175   1.00782500  -0.00128187   0.00019917   0.00004840
 H   1.0   1.50304627  -0.15087235   3.62849320   1.00782500  -0.00078612  -0.00101544  -0.00134869
 H   1.0  -1.39565058  -0.09024062   3.55703882   1.00782500  -0.00081136  -0.00017143   0.00010402
 H   1.0  -1.95876820   0.07947464  -0.78682657   1.00782500  -0.00000165  -0.00049730  -0.00015680
States
Ekin        0.006972468376 a.u.
Epot_harm   0.034150827209 a.u.
Epot        0.034150827209 a.u.
Etot_harm   0.041123295586 a.u.
Etot        0.041123295586 a.u.


Index     349
Atoms
 C   6.0  -0.02736946  -0.00642913   0.04700690  12.00000000   0.00025338   0.00024384  -0.00037281
 N   7.0  -0.00200683  -0.03826672   2.47947164  14.00307400  -0.00010678   0.00005505   0.00045084
 H   1.0   1.70245932  -0.02011019  -0.93746863   1.00782500  -0.00171900  -0.00121727  -0.00079430
 H   1.0   1.72012065   0.33392628   3.50375408   1.00782500  -0.00057580  -0.00048988  -0.00095051
 H   1.0  -1.63853217   0.09467150   3.69680875   1.00782500   0.00043987  -0.00084825  -0.00047978
 H   1.0  -1.43028064   0.19975417  -1.07828164   1.00782500   0.00032160  -0.00111284   0.00039947
States
Ekin        0.014106042701 a.u.
Epot_harm   0.028554117855 a.u.
Epot        0.028554117855 a.u.
Etot_harm   0.042660160556 a.u.
Etot        0.042660160556 a.u.


Index     350
Atoms
 C   6.0   0.01843295  -0.00019192   0.07034816  12.00000000   0.00009510   0.00035650   0.00020071
 N   7.0   0.01974662   0.02169129   2.48119224  14.00307400   0.00016041  -0.00029128   0.00002129
 H   1.0   1.66677594  -0.14756106  -1.03968245   1.00782500  -0.00220249  -0.00169736  -0.00024154
 H   1.0   1.35497122   0.00808670   3.52617452   1.00782500  -0.00085946   0.00193251  -0.00111757
 H   1.0  -1.58752959  -0.24059786   3.34583123   1.00782500  -0.00106157   0.00017932  -0.00028505
 H   1.0  -1.92806199   0.08097103  -0.94933771   1.00782500   0.00076235  -0.00061209  -0.00104143
States
Ekin        0.018844082808 a.u.
Epot_harm   0.023129485307 a.u.
Epot        0.023129485307 a.u.
Etot_harm   0.041973568114 a.u.
Etot        0.041973568114 a.u.


Index     351
Atoms
 C   6.0   0.01011794  -0.07681953  -0.01673057  12.00000000   0.00014076   0.00000205   0.00048705
 N   7.0  -0.02327387   0.01707009   2.54007215  14.00307400  -0.00007002  -0.00004673  -0.00015393
 H   1.0   1.71668804   0.44739365  -1.13417475   1.00782500   0.00028225  -0.00041667  -0.00074113
 H   1.0   1.65161772  -0.11935443   3.65041022   1.00782500   0.00234720   0.00049350  -0.00031745
 H   1.0  -1.46334200   0.14496849   3.43395222   1.00782500  -0.00142432  -0.00032721  -0.00110419
 H   1.0  -1.70206110   0.20449152  -0.84846863   1.00782500  -0.00190827   0.00087535  -0.00149779
States
Ekin        0.018619281677 a.u.
Epot_harm   0.036771643593 a.u.
Epot        0.036771643593 a.u.
Etot_harm   0.055390925269 a.u.
Etot        0.055390925269 a.u.


Index     352
Atoms
 C   6.0  -0.02194770  -0.02098111   0.01298097  12.00000000   0.00016022  -0.00029461  -0.00006817
 N   7.0   0.00575256   0.02549847   2.51556271  14.00307400   0.00006959   0.00015566   0.00007451
 H   1.0   1.86460208   0.04171072  -0.97373568   1.00782500  -0.00131492   0.00097737  -0.00013028
 H   1.0   1.60114345  -0.09266683   3.55347664   1.00782500  -0.00064585  -0.00035661  -0.00002608
 H   1.0  -1.58154771  -0.12418499   3.35587023   1.00782500  -0.00055387  -0.00061460   0.00028823
 H   1.0  -1.70279840   0.07067490  -0.84711957   1.00782500  -0.00035993   0.00133893  -0.00035544
States
Ekin        0.007298688403 a.u.
Epot_harm   0.014229472669 a.u.
Epot        0.014229472669 a.u.
Etot_harm   0.021528161072 a.u.
Etot        0.021528161072 a.u.


Index     353
Atoms
 C   6.0   0.01263615   0.02757681   0.05236039  12.00000000   0.00003623  -0.00025931  -0.00033907
 N   7.0  -0.02060702  -0.00812039   2.49872250  14.00307400   0.00002846   0.00002233   0.00026618
 H   1.0   1.78272678  -0.14134515  -0.97666805   1.00782500  -0.00005774   0.00068482  -0.00028666
 H   1.0   1.70427470   0.03600592   3.29037315   1.00782500  -0.00155704   0.00071510   0.00018218
 H   1.0  -1.59881733  -0.02379475   3.53010513   1.00782500   0.00081889  -0.00023866  -0.00019737
 H   1.0  -1.75231942  -0.08639087  -0.99021886   1.00782500  -0.00003085   0.00161605   0.00064069
States
Ekin        0.009649543931 a.u.
Epot_harm   0.004550796755 a.u.
Epot        0.004550796755 a.u.
Etot_harm   0.014200340686 a.u.
Etot        0.014200340686 a.u.


Index     354
Atoms
 C   6.0  -0.04433880   0.02548198   0.09125894  12.00000000  -0.00005698  -0.00012735   0.00018205
 N   7.0   0.02431923  -0.05083495   2.43241120  14.00307400   0.00039015  -0.00010632   0.00014997
 H   1.0   1.81387621  -0.10035481  -0.60789073   1.00782500   0.00208743  -0.00069318  -0.00293992
 H   1.0   1.61279720   0.30740116   3.48547431   1.00782500  -0.00304857   0.00169310  -0.00004990
 H   1.0  -1.57557735   0.16939955   3.57848745   1.00782500  -0.00185422   0.00003327   0.00189561
 H   1.0  -1.66106142   0.02646317  -1.14428576   1.00782500  -0.00192706   0.00196047  -0.00315711
States
Ekin        0.049419952372 a.u.
Epot_harm   0.015521801677 a.u.
Epot        0.015521801677 a.u.
Etot_harm   0.064941754050 a.u.
Etot        0.064941754050 a.u.


Index     355
Atoms
 C   6.0   0.04184033  -0.02657322   0.02961749  12.00000000   0.00000578   0.00006462  -0.00011991
 N   7.0  -0.02745704  -0.02574984   2.52917753  14.00307400  -0.00041427   0.00014885  -0.00016826
 H   1.0   1.67156316   0.12908594  -0.93905938   1.00782500  -0.00010231  -0.00093028   0.00303995
 H   1.0   1.79108595   0.21096173   3.31534771   1.00782500   0.00311406  -0.00009024  -0.00102175
 H   1.0  -1.58851275   0.13797048   3.35226496   1.00782500   0.00133784  -0.00158942  -0.00199291
 H   1.0  -1.99082421   0.19616194  -1.02731909   1.00782500   0.00133756  -0.00022766   0.00374039
States
Ekin        0.044480160219 a.u.
Epot_harm   0.036050240566 a.u.
Epot        0.036050240566 a.u.
Etot_harm   0.080530400785 a.u.
Etot        0.080530400785 a.u.


Index     356
Atoms
 C   6.0  -0.04675600  -0.03364660  -0.02357357  12.00000000   0.00026085   0.00032082  -0.00080041
 N   7.0   0.02131967   0.00892180   2.58437072  14.00307400   0.00011238   0.00006812   0.00045961
 H   1.0   1.80168625   0.05414997  -1.10053758   1.00782500  -0.00222479  -0.00098921  -0.00018724
 H   1.0   1.70593073   0.09179520   3.35439694   1.00782500   0.00070253  -0.00118767   0.00225000
 H   1.0  -1.83028952  -0.09610248   3.38980850   1.00782500  -0.00239063  -0.00050775   0.00260021
 H   1.0  -1.41683468   0.22681896  -1.07597030   1.00782500  -0.00075445  -0.00208180  -0.00151862
States
Ekin        0.042056066283 a.u.
Epot_harm   0.053310667245 a.u.
Epot        0.053310667245 a.u.
Etot_harm   0.095366733528 a.u.
Etot        0.095366733528 a.u.


Index     357
Atoms
 C   6.0   0.00239869  -0.01415428   0.05623713  12.00000000   0.00046201   0.00032012   0.00060528
 N   7.0  -0.04440676  -0.00601791   2.49534721  14.00307400  -0.00018992  -0.00028252  -0.00042011
 H   1.0   1.68669753   0.13167000  -0.96097191   1.00782500  -0.00270827  -0.00033827  -0.00144853
 H   1.0   1.91005573  -0.01063803   3.40103705   1.00782500   0.00217813   0.00004409   0.00030329
 H   1.0  -1.41611163   0.11379784   3.81472722   1.00782500  -0.00154724   0.00182185   0.00091829
 H   1.0  -1.59219933   0.01731762  -1.40046332   1.00782500  -0.00078484  -0.00141381  -0.00114282
States
Ekin        0.034149338640 a.u.
Epot_harm   0.030965200713 a.u.
Epot        0.030965200713 a.u.
Etot_harm   0.065114539353 a.u.
Etot        0.065114539353 a.u.


Index     358
Atoms
 C   6.0  -0.03490456  -0.05127552   0.02661719  12.00000000   0.00020152   0.00015514  -0.00041479
 N   7.0   0.06988831   0.01707281   2.52202538  14.00307400  -0.00001923  -0.00001298   0.00030603
 H   1.0   1.62756624   0.28378922  -0.88738451   1.00782500  -0.00356767  -0.00074968  -0.00028003
 H   1.0   1.34592528  -0.10376209   3.57425142   1.00782500  -0.00136706  -0.00033529   0.00119701
 H   1.0  -1.80162309   0.05984974   3.20497806   1.00782500   0.00173518   0.00011668  -0.00109892
 H   1.0  -1.72731842   0.13343633  -1.05551218   1.00782500   0.00106730  -0.00069850   0.00086863
States
Ekin        0.025368925521 a.u.
Epot_harm   0.035936893557 a.u.
Epot        0.035936893557 a.u.
Etot_harm   0.061305819078 a.u.
Etot        0.061305819078 a.u.


Index     359
Atoms
 C   6.0   0.04635993   0.01039594   0.00622408  12.00000000   0.00035617   0.00016955  -0.00001229
 N   7.0  -0.01681345   0.03142541   2.50190845  14.00307400  -0.00022127   0.00014287   0.00032404
 H   1.0   1.64755786  -0.14045573  -0.98494952   1.00782500   0.00066146  -0.00102659  -0.00213334
 H   1.0   1.41185693  -0.13594493   3.50010325   1.00782500   0.00026433  -0.00123247  -0.00001478
 H   1.0  -1.47953078  -0.22994827   3.72966573   1.00782500   0.00134758  -0.00058655   0.00026061
 H   1.0  -1.89827178  -0.05406948  -0.88615769   1.00782500  -0.00343971  -0.00115828  -0.00246852
States
Ekin        0.030755762513 a.u.
Epot_harm   0.025525220121 a.u.
Epot        0.025525220121 a.u.
Etot_harm   0.056280982634 a.u.
Etot        0.056280982634 a.u.


Index     360
Atoms
 C   6.0  -0.00810916  -0.01666937   0.16092123  12.00000000  -0.00003930  -0.00006622  -0.00063587
 N   7.0  -0.01771063   0.03258928   2.42676785  14.00307400   0.00012292   0.00008525   0.00083180
 H   1.0   1.69556810  -0.01331505  -0.95103771   1.00782500   0.00066024   0.00044183  -0.00135478
 H   1.0   1.79107458  -0.11045038   3.30625974   1.00782500  -0.00143157  -0.00050903  -0.00162584
 H   1.0  -1.51545371  -0.19431089   3.43898020   1.00782500  -0.00062697  -0.00012354   0.00063332
 H   1.0  -1.62855686   0.06374876  -1.23346319   1.00782500   0.00015837  -0.00020528  -0.00163885
States
Ekin        0.023720211557 a.u.
Epot_harm   0.023771786648 a.u.
Epot        0.023771786648 a.u.
Etot_harm   0.047491998205 a.u.
Etot        0.047491998205 a.u.


Index     361
Atoms
 C   6.0   0.00942937  -0.03718564   0.01595714  12.00000000   0.00008915   0.00015027   0.00042704
 N   7.0  -0.03470917   0.03534485   2.48789080  14.00307400  -0.00020227  -0.00011456  -0.00003026
 H   1.0   1.87891565   0.37364798  -0.96045205   1.00782500   0.00158700  -0.00131091  -0.00137486
 H   1.0   1.62847220  -0.42061337   3.42311576   1.00782500   0.00182233   0.00123033  -0.00205122
 H   1.0  -1.47744286   0.14206700   3.60537407   1.00782500  -0.00063120  -0.00033492  -0.00045027
 H   1.0  -1.65995755  -0.14343241  -0.63049974   1.00782500  -0.00102922   0.00021799  -0.00078791
States
Ekin        0.019211469815 a.u.
Epot_harm   0.034248678038 a.u.
Epot        0.034248678038 a.u.
Etot_harm   0.053460147853 a.u.
Etot        0.053460147853 a.u.


Index     362
Atoms
 C   6.0   0.02352471  -0.00504661   0.10967884  12.00000000  -0.00002430   0.00011343  -0.00041596
 N   7.0  -0.00919280   0.01085473   2.49048274  14.00307400   0.00026081  -0.00034308   0.00050220
 H   1.0   1.49042562  -0.03684136  -1.27042756   1.00782500  -0.00129442   0.00038226   0.00015488
 H   1.0   1.57826428  -0.00473833   3.22728966   1.00782500  -0.00214751   0.00146914  -0.00134017
 H   1.0  -1.68553996  -0.09814588   3.37256074   1.00782500  -0.00102110   0.00204357   0.00092619
 H   1.0  -1.53552659   0.04899522  -1.04382643   1.00782500   0.00112855  -0.00047874  -0.00176587
States
Ekin        0.027089551235 a.u.
Epot_harm   0.026203191622 a.u.
Epot        0.026203191622 a.u.
Etot_harm   0.053292742857 a.u.
Etot        0.053292742857 a.u.


Index     363
Atoms
 C   6.0   0.01472932  -0.02716059   0.12434988  12.00000000  -0.00015623   0.00022434  -0.00021024
 N   7.0   0.01662910   0.01856286   2.46432141  14.00307400   0.00014523   0.00007601  -0.00022374
 H   1.0   1.61926180   0.10262590  -1.00297010   1.00782500  -0.00037295  -0.00149750   0.00416618
 H   1.0   1.80014340  -0.07051461   3.43025490   1.00782500   0.00088711  -0.00052732   0.00128407
 H   1.0  -1.88462072  -0.05501398   2.93905584   1.00782500  -0.00001670  -0.00101337   0.00068092
 H   1.0  -1.94121457   0.08838039  -0.89193517   1.00782500  -0.00065510  -0.00068905  -0.00051915
States
Ekin        0.025392597881 a.u.
Epot_harm   0.037191579097 a.u.
Epot        0.037191579097 a.u.
Etot_harm   0.062584176978 a.u.
Etot        0.062584176978 a.u.


Index     364
Atoms
 C   6.0  -0.01853104  -0.00651307   0.05779509  12.00000000  -0.00009165   0.00045038   0.00047420
 N   7.0   0.02015873  -0.04916417   2.46584915  14.00307400   0.00040752  -0.00023559  -0.00003714
 H   1.0   1.87962509  -0.04804893  -0.77358176   1.00782500   0.00106980  -0.00232925  -0.00087738
 H   1.0   1.67060233   0.44208245   3.57110208   1.00782500  -0.00180651   0.00099073  -0.00390528
 H   1.0  -1.70700497   0.10381757   3.31878269   1.00782500  -0.00421309   0.00000811  -0.00033093
 H   1.0  -1.90266896   0.26280322  -0.87066789   1.00782500   0.00037877  -0.00075880  -0.00001672
States
Ekin        0.049493742373 a.u.
Epot_harm   0.017752270020 a.u.
Epot        0.017752270020 a.u.
Etot_harm   0.067246012392 a.u.
Etot        0.067246012392 a.u.


Index     365
Atoms
 C   6.0  -0.00421188  -0.00018553   0.03888261  12.00000000   0.00015709   0.00008525  -0.00003449
 N   7.0  -0.01394081  -0.01339406   2.46925851  14.00307400   0.00002798   0.00000115   0.00048753
 H   1.0   1.81845344  -0.08432103  -0.76061921   1.00782500  -0.00036915  -0.00121683  -0.00351622
 H   1.0   1.77839127   0.18784848   3.62947212   1.00782500  -0.00140330   0.00074788  -0.00131217
 H   1.0  -1.49472014  -0.04344906   3.58233415   1.00782500  -0.00048238  -0.00103109   0.00127919
 H   1.0  -1.85827596   0.12823244  -1.02773521   1.00782500  -0.00000440   0.00046904  -0.00281399
States
Ekin        0.030323982155 a.u.
Epot_harm   0.022355628087 a.u.
Epot        0.022355628087 a.u.
Etot_harm   0.052679610242 a.u.
Etot        0.052679610242 a.u.


Index     366
Atoms
 C   6.0  -0.00797248   0.01811390   0.05147277  12.00000000   0.00007020   0.00034656   0.00047759
 N   7.0   0.00465455  -0.03056363   2.47432401  14.00307400  -0.00012616  -0.00022332  -0.00020772
 H   1.0   1.74681845   0.07239381  -1.06304514   1.00782500  -0.00191619  -0.00155100  -0.00058082
 H   1.0   1.59524334   0.02262322   3.60398108   1.00782500   0.00163606   0.00107678   0.00018913
 H   1.0  -1.67661474   0.25644601   3.44075201   1.00782500   0.00013186   0.00025497  -0.00232828
 H   1.0  -1.63519204  -0.14248041  -0.77852675   1.00782500   0.00106523  -0.00080428  -0.00008047
States
Ekin        0.021407594369 a.u.
Epot_harm   0.013709988345 a.u.
Epot        0.013709988345 a.u.
Etot_harm   0.035117582714 a.u.
Etot        0.035117582714 a.u.


Index     367
Atoms
 C   6.0   0.03485510   0.03520517   0.04360709  12.00000000  -0.00008768  -0.00010133   0.00019334
 N   7.0  -0.04222882  -0.05746418   2.52498693  14.00307400  -0.00030917  -0.00002398  -0.00018895
 H   1.0   1.86033878  -0.17840486  -1.34122833   1.00782500  -0.00093831   0.00001259  -0.00079608
 H   1.0   1.68028479   0.37748507   3.24017918   1.00782500   0.00271835   0.00129167   0.00182865
 H   1.0  -1.62698100   0.14408188   3.49122208   1.00782500   0.00154740  -0.00048760  -0.00039904
 H   1.0  -1.74191413   0.03608335  -0.79728475   1.00782500   0.00201222   0.00072309  -0.00031022
States
Ekin        0.022166627731 a.u.
Epot_harm   0.033546939644 a.u.
Epot        0.033546939644 a.u.
Etot_harm   0.055713567375 a.u.
Etot        0.055713567375 a.u.


Index     368
Atoms
 C   6.0   0.02703839   0.03557099   0.04251452  12.00000000   0.00028429   0.00037829  -0.00026655
 N   7.0  -0.02619214   0.00675412   2.51330308  14.00307400  -0.00031903  -0.00017826   0.00028304
 H   1.0   1.71818671  -0.10093084  -1.21941556   1.00782500  -0.00017796  -0.00172217  -0.00115157
 H   1.0   1.75679333  -0.16420556   3.50398285   1.00782500  -0.00154998   0.00078873   0.00019207
 H   1.0  -1.62882962  -0.00513197   3.46238487   1.00782500   0.00376515   0.00000636  -0.00008094
 H   1.0  -1.80416919  -0.24711348  -0.97871547   1.00782500  -0.00098949  -0.00110033   0.00028154
States
Ekin        0.027854571476 a.u.
Epot_harm   0.015349808651 a.u.
Epot        0.015349808651 a.u.
Etot_harm   0.043204380128 a.u.
Etot        0.043204380128 a.u.


Index     369
Atoms
 C   6.0   0.04100107  -0.02029789   0.06588837  12.00000000  -0.00013772  -0.00000169   0.00013338
 N   7.0  -0.03608534   0.00487204   2.44867940  14.00307400  -0.00012918  -0.00015258  -0.00025996
 H   1.0   1.81199091   0.00649480  -0.99892731   1.00782500   0.00013914   0.00014089  -0.00261152
 H   1.0   1.31102180   0.08747068   3.48814497   1.00782500   0.00074825   0.00116779   0.00211006
 H   1.0  -1.19209177  -0.08458790   3.62222715   1.00782500  -0.00028945   0.00043417   0.00203944
 H   1.0  -1.91773130   0.16461212  -0.72361251   1.00782500   0.00283670   0.00039728   0.00048583
States
Ekin        0.025804966762 a.u.
Epot_harm   0.051405567707 a.u.
Epot        0.051405567707 a.u.
Etot_harm   0.077210534469 a.u.
Etot        0.077210534469 a.u.


Index     370
Atoms
 C   6.0  -0.01332210  -0.00671821   0.10646978  12.00000000  -0.00010660  -0.00010257  -0.00035730
 N   7.0   0.01671190   0.00865821   2.44840064  14.00307400   0.00024760  -0.00000049  -0.00006273
 H   1.0   1.92884276  -0.04813037  -1.10603599   1.00782500   0.00073918   0.00094477   0.00288165
 H   1.0   1.60171893   0.03373915   3.48549931   1.00782500  -0.00008131  -0.00026319  -0.00214082
 H   1.0  -1.80281863  -0.10847783   3.52284492   1.00782500  -0.00348222   0.00056875   0.00133602
 H   1.0  -1.80132005   0.08256141  -0.99379866   1.00782500   0.00065337  -0.00002231   0.00304905
States
Ekin        0.037720253849 a.u.
Epot_harm   0.030035351500 a.u.
Epot        0.030035351500 a.u.
Etot_harm   0.067755605349 a.u.
Etot        0.067755605349 a.u.


Index     371
Atoms
 C   6.0   0.00271707   0.01197812   0.13280140  12.00000000  -0.00031693   0.00031686   0.00027893
 N   7.0  -0.00291023   0.01726668   2.46128333  14.00307400   0.00016592  -0.00013780   0.00006236
 H   1.0   1.80643039  -0.21829387  -1.18666806   1.00782500   0.00014810  -0.00183753  -0.00024804
 H   1.0   1.55181644   0.03902828   3.18610826   1.00782500  -0.00512738   0.00071149  -0.00262913
 H   1.0  -1.68192473  -0.25711629   3.51574239   1.00782500   0.00349229  -0.00011221  -0.00188905
 H   1.0  -1.66823804   0.05385105  -1.09919576   1.00782500   0.00295521  -0.00062001   0.00057859
States
Ekin        0.061065874897 a.u.
Epot_harm   0.032908643294 a.u.
Epot        0.032908643294 a.u.
Etot_harm   0.093974518191 a.u.
Etot        0.093974518191 a.u.


Index     372
Atoms
 C   6.0  -0.02125102   0.01629798   0.10960139  12.00000000  -0.00017382  -0.00013162  -0.00017374
 N   7.0   0.00799915   0.02522038   2.45662725  14.00307400   0.00016200   0.00034496   0.00032406
 H   1.0   1.68469043  -0.17497505  -0.87846645   1.00782500   0.00096206  -0.00068330  -0.00330307
 H   1.0   1.69255088  -0.09193899   3.46575486   1.00782500  -0.00188487  -0.00084074   0.00047468
 H   1.0  -1.55826128  -0.22334994   3.39297297   1.00782500  -0.00051754  -0.00232606  -0.00023879
 H   1.0  -1.67709068  -0.05421404  -1.22334265   1.00782500   0.00125909   0.00062433   0.00063324
States
Ekin        0.026933765260 a.u.
Epot_harm   0.013264451582 a.u.
Epot        0.013264451582 a.u.
Etot_harm   0.040198216842 a.u.
Etot        0.040198216842 a.u.


Index     373
Atoms
 C   6.0   0.05690277  -0.02443177   0.08353380  12.00000000  -0.00003739   0.00027314   0.00020345
 N   7.0  -0.05631891   0.04196055   2.48563958  14.00307400  -0.00020547  -0.00007954  -0.00014230
 H   1.0   1.70118537   0.08800625  -1.27247575   1.00782500   0.00236176  -0.00020735  -0.00173566
 H   1.0   1.69413935  -0.23775637   3.30800820   1.00782500   0.00059613  -0.00115152   0.00078930
 H   1.0  -1.46924937  -0.14656287   3.57720362   1.00782500   0.00123802   0.00111671  -0.00173228
 H   1.0  -1.82109223   0.00420326  -0.94854261   1.00782500  -0.00089581  -0.00190488   0.00223332
States
Ekin        0.026224001825 a.u.
Epot_harm   0.021213947955 a.u.
Epot        0.021213947955 a.u.
Etot_harm   0.047437949779 a.u.
Etot        0.047437949779 a.u.


Index     374
Atoms
 C   6.0   0.00826395   0.01251224   0.08334158  12.00000000   0.00010238   0.00024756  -0.00001404
 N   7.0   0.02835488  -0.01761050   2.47121271  14.00307400  -0.00002479  -0.00056083  -0.00035053
 H   1.0   1.68108063  -0.08691647  -1.17071607   1.00782500  -0.00205075   0.00054300   0.00153947
 H   1.0   1.43435499   0.13981248   3.74358437   1.00782500   0.00079338   0.00209205   0.00221463
 H   1.0  -1.66067326   0.01533898   3.45639045   1.00782500  -0.00014863   0.00317464   0.00127018
 H   1.0  -1.94713244   0.02747031  -1.16232452   1.00782500   0.00053139  -0.00096493   0.00001318
States
Ekin        0.033757440410 a.u.
Epot_harm   0.026999813834 a.u.
Epot        0.026999813834 a.u.
Etot_harm   0.060757254244 a.u.
Etot        0.060757254244 a.u.


Index     375
Atoms
 C   6.0   0.00201264  -0.01506862   0.04676778  12.00000000  -0.00004593  -0.00009627   0.00024497
 N   7.0   0.01727277   0.04554107   2.48271221  14.00307400  -0.00025590   0.00022192  -0.00017148
 H   1.0   1.96659502  -0.09634646  -0.77530745   1.00782500  -0.00028155  -0.00080346   0.00107319
 H   1.0   1.65266557  -0.12205358   3.35875757   1.00782500  -0.00061999  -0.00046737  -0.00070588
 H   1.0  -1.83080175  -0.32620609   3.46302854   1.00782500   0.00398654  -0.00146493  -0.00266358
 H   1.0  -2.05241693   0.09126208  -0.90384451   1.00782500   0.00101744   0.00079856   0.00176199
States
Ekin        0.032961676189 a.u.
Epot_harm   0.034978703587 a.u.
Epot        0.034978703587 a.u.
Etot_harm   0.067940379777 a.u.
Etot        0.067940379777 a.u.


Index     376
Atoms
 C   6.0   0.03720167   0.04352828   0.02046618  12.00000000  -0.00014717  -0.00011621  -0.00026092
 N   7.0  -0.01277780  -0.03272114   2.49093248  14.00307400  -0.00023675   0.00017243   0.00015396
 H   1.0   1.76967033   0.03253305  -0.96670523   1.00782500  -0.00073971   0.00037826  -0.00020941
 H   1.0   1.38212858  -0.08030991   3.49875287   1.00782500   0.00120586  -0.00103042   0.00120304
 H   1.0  -1.45908375   0.31341350   3.38720009   1.00782500   0.00167072  -0.00079183  -0.00103252
 H   1.0  -1.95812984  -0.32928153  -0.57766022   1.00782500   0.00290505   0.00043196   0.00100636
States
Ekin        0.019901824343 a.u.
Epot_harm   0.035882119774 a.u.
Epot        0.035882119774 a.u.
Etot_harm   0.055783944118 a.u.
Etot        0.055783944118 a.u.


Index     377
Atoms
 C   6.0  -0.00731001   0.00053087   0.08160064  12.00000000  -0.00008857  -0.00006259   0.00057867
 N   7.0   0.03684608   0.01445765   2.45054885  14.00307400   0.00021267  -0.00003084  -0.00024281
 H   1.0   1.52006838  -0.17068729  -0.85315677   1.00782500  -0.00055002  -0.00092974  -0.00159502
 H   1.0   1.58173669   0.07991606   3.64578257   1.00782500  -0.00250933   0.00143987   0.00002597
 H   1.0  -1.80434487  -0.23668143   3.37813832   1.00782500   0.00081217  -0.00089992  -0.00095156
 H   1.0  -1.72237345   0.12025212  -0.99598992   1.00782500   0.00034682   0.00156346  -0.00099591
States
Ekin        0.021723636258 a.u.
Epot_harm   0.024414072949 a.u.
Epot        0.024414072949 a.u.
Etot_harm   0.046137709208 a.u.
Etot        0.046137709208 a.u.


Index     378
Atoms
 C   6.0  -0.02777628   0.00838305   0.04601933  12.00000000   0.00005800  -0.00045843   0.00051447
 N   7.0   0.05244749   0.05430663   2.43844460  14.00307400  -0.00009695   0.00013531  -0.00021551
 H   1.0   1.88431290  -0.29568297  -0.69396229   1.00782500  -0.00053245   0.00182878  -0.00079779
 H   1.0   1.30781702  -0.11636916   3.75980779   1.00782500   0.00104176   0.00004906  -0.00168902
 H   1.0  -1.65290215  -0.48986494   3.72234472   1.00782500  -0.00081495  -0.00018064  -0.00067646
 H   1.0  -1.93722409   0.04754613  -1.02157474   1.00782500   0.00096210   0.00188130   0.00003189
States
Ekin        0.018884827737 a.u.
Epot_harm   0.051172130865 a.u.
Epot        0.051172130865 a.u.
Etot_harm   0.070056958602 a.u.
Etot        0.070056958602 a.u.


Index     379
Atoms
 C   6.0  -0.04087066  -0.01009079   0.05150682  12.00000000   0.00008259   0.00010680   0.00013095
 N   7.0   0.02007418   0.00335117   2.43686687  14.00307400  -0.00015667  -0.00021158  -0.00009740
 H   1.0   1.82202931  -0.04741364  -0.72352885   1.00782500   0.00050977  -0.00013354   0.00075322
 H   1.0   1.52596653   0.09200989   3.70485122   1.00782500  -0.00062895   0.00076510   0.00126876
 H   1.0  -1.54282367  -0.10055823   3.49098584   1.00782500   0.00370318   0.00112279  -0.00019536
 H   1.0  -1.59744989   0.12954896  -0.74910980   1.00782500  -0.00239057  -0.00008622  -0.00203245
States
Ekin        0.027427810231 a.u.
Epot_harm   0.026371199797 a.u.
Epot        0.026371199797 a.u.
Etot_harm   0.053799010028 a.u.
Etot        0.053799010028 a.u.


Index     380
Atoms
 C   6.0  -0.02777761  -0.03107597   0.04347304  12.00000000   0.00010913  -0.00021520   0.00058472
 N   7.0  -0.02746085  -0.01859376   2.50037860  14.00307400   0.00025505   0.00018947  -0.00063519
 H   1.0   1.77560244   0.20716037  -0.86471598   1.00782500  -0.00116612   0.00030556   0.00289347
 H   1.0   1.77077308   0.10392391   3.47908738   1.00782500   0.00017799  -0.00054689   0.00100926
 H   1.0  -1.28376093   0.18037953   3.51394242   1.00782500  -0.00107236  -0.00079351  -0.00015715
 H   1.0  -1.55032070   0.13690072  -1.19191280   1.00782500  -0.00278274   0.00096465  -0.00188219
States
Ekin        0.034017282532 a.u.
Epot_harm   0.036267977525 a.u.
Epot        0.036267977525 a.u.
Etot_harm   0.070285260057 a.u.
Etot        0.070285260057 a.u.


Index     381
Atoms
 C   6.0  -0.00784658   0.01442823   0.01519187  12.00000000   0.00006009   0.00024344  -0.00002460
 N   7.0  -0.02612528   0.02699272   2.50917745  14.00307400  -0.00000480  -0.00002505  -0.00008235
 H   1.0   1.76131972   0.01242354  -0.91336613   1.00782500  -0.00176462  -0.00061281   0.00150420
 H   1.0   1.64463017  -0.29653467   3.62975260   1.00782500   0.00116265  -0.00078686   0.00152627
 H   1.0  -1.22633823  -0.03270829   3.78904017   1.00782500   0.00022327   0.00020362  -0.00211399
 H   1.0  -1.72319001  -0.23002151  -1.35454092   1.00782500  -0.00027009  -0.00135448   0.00052060
States
Ekin        0.016243677183 a.u.
Epot_harm   0.038780480534 a.u.
Epot        0.038780480534 a.u.
Etot_harm   0.055024157718 a.u.
Etot        0.055024157718 a.u.


Index     382
Atoms
 C   6.0   0.02080809  -0.05226032   0.10205049  12.00000000  -0.00015153   0.00016187  -0.00019277
 N   7.0   0.00575608  -0.01300650   2.45848392  14.00307400   0.00045766  -0.00014138   0.00007500
 H   1.0   1.57519787   0.12664637  -0.97971853   1.00782500  -0.00138061  -0.00065380   0.00199013
 H   1.0   1.61626993   0.28664650   3.33342155   1.00782500  -0.00338966   0.00052861  -0.00159905
 H   1.0  -1.77929145  -0.00473196   3.34108255   1.00782500  -0.00150088   0.00057050   0.00051994
 H   1.0  -1.73991174   0.39441064  -0.87375681   1.00782500   0.00171657  -0.00040827   0.00034221
States
Ekin        0.028509401770 a.u.
Epot_harm   0.021356167889 a.u.
Epot        0.021356167889 a.u.
Etot_harm   0.049865569660 a.u.
Etot        0.049865569660 a.u.


Index     383
Atoms
 C   6.0  -0.03416150  -0.03683357   0.06219784  12.00000000   0.00011184  -0.00012104  -0.00002123
 N   7.0   0.00009802   0.03526615   2.47933303  14.00307400   0.00019448   0.00006580   0.00025929
 H   1.0   1.99431187   0.06068351  -0.59884233   1.00782500   0.00075446   0.00081801  -0.00020435
 H   1.0   1.54401090  -0.08173049   2.93059292   1.00782500  -0.00017876  -0.00049040  -0.00320706
 H   1.0  -1.56998533  -0.19692905   3.46783993   1.00782500  -0.00350283  -0.00012028   0.00224801
 H   1.0  -1.56294427   0.16654679  -0.79372797   1.00782500  -0.00110661   0.00031966  -0.00218646
States
Ekin        0.034134052663 a.u.
Epot_harm   0.064899924243 a.u.
Epot        0.064899924243 a.u.
Etot_harm   0.099033976906 a.u.
Etot        0.099033976906 a.u.


Index     384
Atoms
 C   6.0   0.02232657  -0.03195519   0.06700333  12.00000000  -0.00000526  -0.00016669  -0.00051590
 N   7.0  -0.01353884   0.01244973   2.51445009  14.00307400  -0.00023888   0.00015267   0.00021088
 H   1.0   1.56656073   0.14866185  -1.21381000   1.00782500  -0.00144756  -0.00023332   0.00264450
 H   1.0   1.71372111  -0.04680584   3.45608526   1.00782500   0.00075490   0.00017656   0.00015303
 H   1.0  -1.61613055  -0.00000456   3.56503454   1.00782500   0.00261676  -0.00110671  -0.00097499
 H   1.0  -1.74187658   0.10565262  -1.34659411   1.00782500   0.00145752   0.00102707   0.00139012
States
Ekin        0.026790462467 a.u.
Epot_harm   0.024632455298 a.u.
Epot        0.024632455298 a.u.
Etot_harm   0.051422917765 a.u.
Etot        0.051422917765 a.u.


Index     385
Atoms
 C   6.0  -0.01963805  -0.04156428   0.08582055  12.00000000  -0.00017760   0.00015328   0.00006226
 N   7.0   0.03664743  -0.00083449   2.43905066  14.00307400  -0.00014770  -0.00021963  -0.00029866
 H   1.0   1.77671733   0.21979074  -0.59566735   1.00782500   0.00416385  -0.00146390  -0.00018564
 H   1.0   1.56831246   0.03102474   3.47715835   1.00782500   0.00149095   0.00253546   0.00091195
 H   1.0  -1.71899016   0.09102258   3.50201377   1.00782500  -0.00063976  -0.00043048   0.00205704
 H   1.0  -1.90140508   0.16465536  -1.09921654   1.00782500  -0.00084829   0.00058549   0.00062504
States
Ekin        0.035267367307 a.u.
Epot_harm   0.027944381262 a.u.
Epot        0.027944381262 a.u.
Etot_harm   0.063211748569 a.u.
Etot        0.063211748569 a.u.


Index     386
Atoms
 C   6.0  -0.01562673  -0.02229726   0.01628747  12.00000000   0.00010530  -0.00000716  -0.00078042
 N   7.0   0.00326741   0.00450128   2.54625184  14.00307400  -0.00030244  -0.00016268   0.00016450
 H   1.0   1.77198950  -0.09032390  -1.17112343   1.00782500   0.00035578   0.00050251   0.00351771
 H   1.0   1.56323664   0.20816876   3.56506678   1.00782500  -0.00071291   0.00023784   0.00013852
 H   1.0  -1.48829576  -0.19586364   3.63953773   1.00782500   0.00379525   0.00171778  -0.00009081
 H   1.0  -1.70626408   0.28096610  -1.41076503   1.00782500  -0.00048968  -0.00011256   0.00344130
States
Ekin        0.048096648182 a.u.
Epot_harm   0.029463721885 a.u.
Epot        0.029463721885 a.u.
Etot_harm   0.077560370067 a.u.
Etot        0.077560370067 a.u.


Index     387
Atoms
 C   6.0   0.04519349   0.04527347   0.03970527  12.00000000  -0.00001443  -0.00028804   0.00049851
 N   7.0  -0.04099937  -0.00269983   2.46994548  14.00307400  -0.00008489   0.00014577  -0.00004534
 H   1.0   1.45843823  -0.18873837  -0.64639184   1.00782500  -0.00175546   0.00140754  -0.00122812
 H   1.0   1.82064132  -0.06335556   3.49735452   1.00782500   0.00306235  -0.00040906   0.00176873
 H   1.0  -1.38017125  -0.03081453   3.66933737   1.00782500   0.00037962  -0.00024154  -0.00399904
 H   1.0  -1.86735986  -0.21864265  -1.11618831   1.00782500  -0.00033527   0.00064727  -0.00184727
States
Ekin        0.040300230723 a.u.
Epot_harm   0.076545991779 a.u.
Epot        0.076545991779 a.u.
Etot_harm   0.116846222502 a.u.
Etot        0.116846222502 a.u.


Index     388
Atoms
 C   6.0   0.00206544  -0.06415959  -0.02445369  12.00000000   0.00027835   0.00006911   0.00001534
 N   7.0  -0.01551992   0.07820347   2.54133408  14.00307400  -0.00015595  -0.00005858   0.00032846
 H   1.0   1.84219978   0.27031204  -1.05761828   1.00782500  -0.00070557  -0.00078501   0.00117982
 H   1.0   1.43862022  -0.44035328   3.41528031   1.00782500  -0.00081796   0.00063062  -0.00374931
 H   1.0  -1.44763308  -0.22524439   3.77919571   1.00782500   0.00167126   0.00041146  -0.00184313
 H   1.0  -1.64214060   0.07263638  -0.96071454   1.00782500  -0.00129525  -0.00026609  -0.00033379
States
Ekin        0.026519442153 a.u.
Epot_harm   0.041811118394 a.u.
Epot        0.041811118394 a.u.
Etot_harm   0.068330560547 a.u.
Etot        0.068330560547 a.u.


Index     389
Atoms
 C   6.0   0.04076339   0.00830162   0.07208790  12.00000000  -0.00006723  -0.00012198   0.00050864
 N   7.0  -0.00186979   0.01284290   2.44454395  14.00307400   0.00004801   0.00016647  -0.00035353
 H   1.0   1.64819232  -0.14514062  -0.97124497   1.00782500   0.00155193   0.00048556  -0.00139396
 H   1.0   1.41341961   0.01414757   3.63485141   1.00782500   0.00084079  -0.00097128   0.00092484
 H   1.0  -1.53003045  -0.17470675   3.37404707   1.00782500  -0.00108846  -0.00035793  -0.00082506
 H   1.0  -1.99096464   0.02840997  -0.66617856   1.00782500  -0.00117087  -0.00001696   0.00015003
States
Ekin        0.014654062500 a.u.
Epot_harm   0.018569439289 a.u.
Epot        0.018569439289 a.u.
Etot_harm   0.033223501789 a.u.
Etot        0.033223501789 a.u.


Index     390
Atoms
 C   6.0  -0.03256916  -0.04364097   0.03767204  12.00000000  -0.00009002  -0.00002722  -0.00004466
 N   7.0   0.02344610   0.04583578   2.49017790  14.00307400  -0.00016448  -0.00010843  -0.00011135
 H   1.0   1.74102577   0.36922097  -0.87487252   1.00782500  -0.00032714   0.00078695  -0.00064715
 H   1.0   1.66138897  -0.44908949   3.68716566   1.00782500   0.00031464   0.00000418   0.00172721
 H   1.0  -1.65087606   0.07540035   3.23343963   1.00782500   0.00177921   0.00101860   0.00006698
 H   1.0  -1.68951163  -0.11276463  -0.89852811   1.00782500   0.00159052   0.00002102   0.00093192
States
Ekin        0.011667148522 a.u.
Epot_harm   0.025625261247 a.u.
Epot        0.025625261247 a.u.
Etot_harm   0.037292409768 a.u.
Etot        0.037292409768 a.u.


Index     391
Atoms
 C   6.0   0.07480681   0.00754970   0.04984605  12.00000000  -0.00020122  -0.00008268  -0.00001783
 N   7.0  -0.03723291   0.00501440   2.51759267  14.00307400  -0.00002961   0.00015711  -0.00000761
 H   1.0   1.50265949  -0.13446146  -1.26609371   1.00782500   0.00172773  -0.00076538  -0.00109565
 H   1.0   1.70656570   0.06278255   3.26324614   1.00782500   0.00222615   0.00018334   0.00145817
 H   1.0  -1.75642956  -0.13719291   3.29390628   1.00782500  -0.00095915  -0.00179891  -0.00033298
 H   1.0  -1.82618045   0.04930698  -0.66971841   1.00782500  -0.00018748   0.00118235   0.00028847
States
Ekin        0.017114504078 a.u.
Epot_harm   0.025792640337 a.u.
Epot        0.025792640337 a.u.
Etot_harm   0.042907144415 a.u.
Etot        0.042907144415 a.u.


Index     392
Atoms
 C   6.0   0.03954283  -0.01838615  -0.03656878  12.00000000   0.00018997  -0.00005455  -0.00001727
 N   7.0  -0.04229089   0.01771114   2.54365274  14.00307400  -0.00017285  -0.00002945  -0.00018809
 H   1.0   1.73981167  -0.00311434  -1.04663986   1.00782500  -0.00355201  -0.00029138   0.00224998
 H   1.0   1.88114922  -0.00520621   3.47431044   1.00782500   0.00300252   0.00080709   0.00122582
 H   1.0  -1.69186314  -0.13504561   3.88892737   1.00782500   0.00006106  -0.00035405   0.00029909
 H   1.0  -1.81232311   0.11620209  -1.02841870   1.00782500   0.00062816   0.00089701  -0.00095586
States
Ekin        0.030001165220 a.u.
Epot_harm   0.043299868862 a.u.
Epot        0.043299868862 a.u.
Etot_harm   0.073301034082 a.u.
Etot        0.073301034082 a.u.


Index     393
Atoms
 C   6.0  -0.00395831   0.03299123   0.07546181  12.00000000  -0.00008101  -0.00026771   0.00000198
 N   7.0   0.00853316   0.00895379   2.46815057  14.00307400   0.00012914   0.00017464   0.00016617
 H   1.0   1.71087992  -0.18928511  -1.07849647   1.00782500   0.00125672   0.00175817   0.00020028
 H   1.0   1.57007671  -0.06724317   3.40659108   1.00782500  -0.00215985  -0.00148166  -0.00287432
 H   1.0  -1.76727342  -0.11870835   4.05163622   1.00782500  -0.00003344   0.00036550  -0.00028704
 H   1.0  -1.58511499  -0.14199144  -1.37642706   1.00782500   0.00010685   0.00011911   0.00062867
States
Ekin        0.020616847108 a.u.
Epot_harm   0.071223618104 a.u.
Epot        0.071223618104 a.u.
Etot_harm   0.091840465211 a.u.
Etot        0.091840465211 a.u.


Index     394
Atoms
 C   6.0   0.02430123  -0.01597486   0.12264075  12.00000000  -0.00018032   0.00002698   0.00006955
 N   7.0  -0.02982189  -0.00583550   2.44699382  14.00307400  -0.00016105   0.00009488   0.00009729
 H   1.0   1.72898608   0.06381178  -1.23880959   1.00782500   0.00092740  -0.00090730   0.00098047
 H   1.0   1.63233869   0.07348762   3.34291193   1.00782500  -0.00040683   0.00020652   0.00016642
 H   1.0  -1.57515567   0.03266645   3.68392520   1.00782500   0.00412156  -0.00129597  -0.00309606
 H   1.0  -1.66116400   0.10132457  -1.05251601   1.00782500  -0.00025742   0.00035728  -0.00023078
States
Ekin        0.029818859465 a.u.
Epot_harm   0.017561194899 a.u.
Epot        0.017561194899 a.u.
Etot_harm   0.047380054364 a.u.
Etot        0.047380054364 a.u.


Index     395
Atoms
 C   6.0  -0.03047701   0.02741850   0.06159610  12.00000000  -0.00068020   0.00001219  -0.00021352
 N   7.0   0.01311295  -0.00626234   2.44328268  14.00307400   0.00016029  -0.00013290   0.00001666
 H   1.0   2.01011532  -0.09362895  -0.66156390   1.00782500   0.00222700  -0.00008332  -0.00074898
 H   1.0   1.68720392  -0.02807849   3.59979487   1.00782500   0.00248412   0.00065291   0.00227664
 H   1.0  -1.60562314   0.02075907   3.49164345   1.00782500  -0.00232409   0.00069364   0.00060703
 H   1.0  -1.91100744  -0.13850792  -0.91595090   1.00782500   0.00348492   0.00043820   0.00017625
States
Ekin        0.039209318401 a.u.
Epot_harm   0.019531332682 a.u.
Epot        0.019531332682 a.u.
Etot_harm   0.058740651084 a.u.
Etot        0.058740651084 a.u.


Index     396
Atoms
 C   6.0  -0.03788547  -0.04269120   0.07369341  12.00000000  -0.00019714  -0.00006882  -0.00059288
 N   7.0   0.01524900   0.00169440   2.47512516  14.00307400  -0.00008008   0.00007132   0.00022377
 H   1.0   1.77920423   0.17336178  -0.88901791   1.00782500   0.00047117   0.00044877   0.00171778
 H   1.0   1.63116096   0.07079399   3.44518006   1.00782500  -0.00170542  -0.00035673  -0.00146208
 H   1.0  -1.61762088   0.02715124   3.48806088   1.00782500   0.00208837  -0.00000920   0.00146619
 H   1.0  -1.55352341   0.21346725  -1.11677068   1.00782500   0.00260589  -0.00025436   0.00222826
States
Ekin        0.029865725465 a.u.
Epot_harm   0.009734712394 a.u.
Epot        0.009734712394 a.u.
Etot_harm   0.039600437859 a.u.
Etot        0.039600437859 a.u.


Index     397
Atoms
 C   6.0  -0.02037876   0.00207664   0.07532450  12.00000000   0.00028257   0.00006605  -0.00009117
 N   7.0   0.01091109  -0.00170339   2.47901371  14.00307400  -0.00005202   0.00013426   0.00064044
 H   1.0   1.66072404  -0.22855604  -1.03583999   1.00782500  -0.00010100  -0.00077315  -0.00204442
 H   1.0   1.50527572   0.24757772   3.60032136   1.00782500  -0.00157436  -0.00087617  -0.00233286
 H   1.0  -1.47264004  -0.23492717   3.16108392   1.00782500   0.00121385  -0.00093844  -0.00063534
 H   1.0  -1.60231580   0.21484672  -0.87156285   1.00782500  -0.00218019  -0.00006423  -0.00280037
States
Ekin        0.033124366543 a.u.
Epot_harm   0.035890577377 a.u.
Epot        0.035890577377 a.u.
Etot_harm   0.069014943920 a.u.
Etot        0.069014943920 a.u.


Index     398
Atoms
 C   6.0   0.06148605  -0.01474158   0.00629223  12.00000000   0.00026605  -0.00000977   0.00036542
 N   7.0  -0.03330852   0.03546806   2.53379237  14.00307400  -0.00015368   0.00011912  -0.00018493
 H   1.0   1.70573997  -0.05281385  -1.24475238   1.00782500   0.00032428   0.00002463  -0.00006483
 H   1.0   1.51330354  -0.10012637   3.45856553   1.00782500   0.00232146  -0.00077818  -0.00269726
 H   1.0  -1.51196043  -0.24080639   3.55111384   1.00782500  -0.00239810  -0.00053266   0.00125839
 H   1.0  -1.97638672   0.07646638  -0.85008300   1.00782500  -0.00128017  -0.00025252  -0.00027785
States
Ekin        0.024111312522 a.u.
Epot_harm   0.025218442722 a.u.
Epot        0.025218442722 a.u.
Etot_harm   0.049329755243 a.u.
Etot        0.049329755243 a.u.


Index     399
Atoms
 C   6.0   0.02907775   0.06465325   0.03867182  12.00000000  -0.00037583  -0.00013788   0.00025284
 N   7.0  -0.01694560  -0.04773026   2.47920596  14.00307400   0.00030223   0.00035143   0.00030191
 H   1.0   1.76771459  -0.23058804  -1.01996466   1.00782500   0.00262423  -0.00031311  -0.00055659
 H   1.0   1.51327730   0.17804935   3.57113403   1.00782500  -0.00322721  -0.00169543  -0.00383628
 H   1.0  -1.47934052   0.15882538   3.70029387   1.00782500   0.00058561  -0.00172468  -0.00158117
 H   1.0  -1.91242706  -0.21292098  -0.96371473   1.00782500   0.00029299   0.00049207  -0.00123130
States
Ekin        0.045981463177 a.u.
Epot_harm   0.018782934726 a.u.
Epot        0.018782934726 a.u.
Etot_harm   0.064764397903 a.u.
Etot        0.064764397903 a.u.


Index     400
Atoms
 C   6.0   0.03019757  -0.03690814   0.00317764  12.00000000   0.00022276   0.00034089  -0.00022522
 N   7.0  -0.01339739  -0.04489803   2.52833364  14.00307400   0.00005429  -0.00011453   0.00003376
 H   1.0   1.67041947   0.06646569  -0.94768655   1.00782500  -0.00298571  -0.00076084   0.00119270
 H   1.0   1.75885033   0.48050509   3.42720112   1.00782500   0.00018075  -0.00075121   0.00148490
 H   1.0  -1.71807910   0.10225746   3.61844922   1.00782500  -0.00013340   0.00118113  -0.00005933
 H   1.0  -1.88459988   0.41405961  -1.07018942   1.00782500  -0.00046832  -0.00213672  -0.00040563
States
Ekin        0.021083623279 a.u.
Epot_harm   0.034172394092 a.u.
Epot        0.034172394092 a.u.
Etot_harm   0.055256017371 a.u.
Etot        0.055256017371 a.u.


Index     401
Atoms
 C   6.0   0.01150305   0.03597709   0.11797010  12.00000000   0.00035264   0.00016759   0.00006302
 N   7.0   0.01288242  -0.04010422   2.43887603  14.00307400   0.00014809  -0.00010989   0.00004753
 H   1.0   1.59389930  -0.25458082  -1.02835153   1.00782500  -0.00287600  -0.00074976  -0.00164559
 H   1.0   1.44254041   0.33245571   3.48997266   1.00782500  -0.00111812   0.00067076  -0.00092877
 H   1.0  -1.60786647   0.00050972   3.38814876   1.00782500  -0.00289138   0.00002794   0.00112133
 H   1.0  -1.74453095   0.05046432  -0.94585429   1.00782500   0.00062903  -0.00041762   0.00004233
States
Ekin        0.024507655141 a.u.
Epot_harm   0.017244323883 a.u.
Epot        0.017244323883 a.u.
Etot_harm   0.041751979024 a.u.
Etot        0.041751979024 a.u.


Index     402
Atoms
 C   6.0  -0.06048128  -0.03885784   0.10006978  12.00000000   0.00013939  -0.00009184  -0.00050851
 N   7.0   0.02803511   0.01566944   2.47429554  14.00307400  -0.00038874   0.00002145   0.00052889
 H   1.0   1.96960191   0.16249412  -0.71505927   1.00782500   0.00024367   0.00055621  -0.00148482
 H   1.0   1.56831498  -0.04078335   3.09236358   1.00782500   0.00082654  -0.00038895   0.00232696
 H   1.0  -1.64579436  -0.02183753   3.34279717   1.00782500   0.00414887   0.00032445  -0.00044985
 H   1.0  -1.56151189   0.14508374  -1.09518101   1.00782500  -0.00147753   0.00030379  -0.00168612
States
Ekin        0.037583428586 a.u.
Epot_harm   0.039806410782 a.u.
Epot        0.039806410782 a.u.
Etot_harm   0.077389839367 a.u.
Etot        0.077389839367 a.u.


Index     403
Atoms
 C   6.0  -0.07348559   0.05869313   0.02341263  12.00000000  -0.00031707  -0.00013022   0.00030074
 N   7.0   0.04821575   0.00131130   2.52581226  14.00307400   0.00005305   0.00006558  -0.00008850
 H   1.0   1.77371013  -0.17999914  -1.17265502   1.00782500   0.00197227  -0.00005596   0.00090721
 H   1.0   1.58897468  -0.18661700   3.85087611   1.00782500   0.00070124   0.00003782  -0.00116942
 H   1.0  -1.71658456   0.01284546   3.21274474   1.00782500   0.00021917  -0.00026171  -0.00098255
 H   1.0  -1.44104642  -0.36329806  -1.06909304   1.00782500   0.00014549   0.00091921  -0.00110646
States
Ekin        0.011554752075 a.u.
Epot_harm   0.053324101032 a.u.
Epot        0.053324101032 a.u.
Etot_harm   0.064878853107 a.u.
Etot        0.064878853107 a.u.


Index     404
Atoms
 C   6.0  -0.01820789   0.01849670   0.03489501  12.00000000  -0.00001588   0.00022030  -0.00029156
 N   7.0   0.01682929  -0.01752388   2.48584390  14.00307400   0.00001749  -0.00007156  -0.00002814
 H   1.0   1.63719538  -0.11091216  -0.91449396   1.00782500  -0.00088511  -0.00128741   0.00115914
 H   1.0   1.63843033   0.12725933   3.64361121   1.00782500   0.00289601   0.00062813   0.00315619
 H   1.0  -1.68494055   0.01067938   3.60818151   1.00782500  -0.00137676  -0.00040630   0.00139250
 H   1.0  -1.60771899  -0.00378071  -1.09681034   1.00782500  -0.00068806  -0.00056319  -0.00184526
States
Ekin        0.029784244219 a.u.
Epot_harm   0.015430285842 a.u.
Epot        0.015430285842 a.u.
Etot_harm   0.045214530061 a.u.
Etot        0.045214530061 a.u.


Index     405
Atoms
 C   6.0   0.01448971  -0.01874199   0.01382524  12.00000000   0.00045720  -0.00022237   0.00026674
 N   7.0  -0.00781054   0.06551604   2.49707205  14.00307400  -0.00047520   0.00006333   0.00002923
 H   1.0   1.89928149   0.14379233  -0.83646212   1.00782500  -0.00107508   0.00032898  -0.00177425
 H   1.0   1.54189977  -0.50155772   3.36905554   1.00782500   0.00549541  -0.00023835  -0.00167521
 H   1.0  -1.59978788  -0.15130260   3.49997778   1.00782500  -0.00260054   0.00015833   0.00005907
 H   1.0  -1.90539752  -0.17807722  -0.69721647   1.00782500  -0.00066102   0.00151888  -0.00019172
States
Ekin        0.050409963646 a.u.
Epot_harm   0.023353073770 a.u.
Epot        0.023353073770 a.u.
Etot_harm   0.073763037416 a.u.
Etot        0.073763037416 a.u.


Index     406
Atoms
 C   6.0   0.05190538   0.00790393   0.10766469  12.00000000  -0.00015960   0.00007216   0.00017715
 N   7.0  -0.05084588  -0.01942885   2.43020713  14.00307400  -0.00027519   0.00015191  -0.00024642
 H   1.0   1.65565585   0.05162544  -0.97970554   1.00782500   0.00497316  -0.00145721   0.00033160
 H   1.0   1.70783630   0.03124007   3.40722428   1.00782500  -0.00104869   0.00047971  -0.00062944
 H   1.0  -1.41700116   0.15598394   3.43821883   1.00782500   0.00393776  -0.00229785   0.00084368
 H   1.0  -1.85804895  -0.06300892  -0.71866856   1.00782500  -0.00213841   0.00030549   0.00076872
States
Ekin        0.053815691638 a.u.
Epot_harm   0.025284533839 a.u.
Epot        0.025284533839 a.u.
Etot_harm   0.079100225478 a.u.
Etot        0.079100225478 a.u.


Index     407
Atoms
 C   6.0   0.01800589  -0.00197121  -0.00985964  12.00000000  -0.00033568   0.00002533  -0.00043472
 N   7.0   0.00288703   0.01721216   2.53066724  14.00307400   0.00024056  -0.00006267   0.00038565
 H   1.0   1.97630850  -0.10867007  -0.84986351   1.00782500   0.00038310   0.00069043  -0.00116466
 H   1.0   1.54738487   0.00881871   3.51121264   1.00782500  -0.00036298  -0.00039501  -0.00046546
 H   1.0  -1.56958169  -0.18836872   3.19587471   1.00782500  -0.00308373   0.00113080   0.00111536
 H   1.0  -2.20861811   0.07253915  -0.70664073   1.00782500   0.00371816  -0.00085699   0.00033254
States
Ekin        0.032913401376 a.u.
Epot_harm   0.050603680596 a.u.
Epot        0.050603680596 a.u.
Etot_harm   0.083517081972 a.u.
Etot        0.083517081972 a.u.


Index     408
Atoms
 C   6.0  -0.00100532  -0.02893445   0.05959794  12.00000000   0.00003983  -0.00004762  -0.00010738
 N   7.0   0.01707580   0.01697073   2.46937482  14.00307400  -0.00019921   0.00005719   0.00017578
 H   1.0   1.69740837   0.20146255  -0.83719525   1.00782500  -0.00127480   0.00095801   0.00014436
 H   1.0   1.46393167  -0.15550683   3.36247967   1.00782500  -0.00099194  -0.00115959  -0.00094342
 H   1.0  -1.68155204   0.05190763   3.74552245   1.00782500   0.00280204   0.00060599  -0.00148126
 H   1.0  -1.70507498   0.01085691  -1.09562486   1.00782500   0.00175833  -0.00063205   0.00111657
States
Ekin        0.020341558982 a.u.
Epot_harm   0.028402373623 a.u.
Epot        0.028402373623 a.u.
Etot_harm   0.048743932605 a.u.
Etot        0.048743932605 a.u.


Index     409
Atoms
 C   6.0   0.02023060   0.00845391   0.07532990  12.00000000  -0.00016726   0.00023640  -0.00013678
 N   7.0  -0.03361256  -0.02311187   2.45390823  14.00307400   0.00026797  -0.00003067   0.00024307
 H   1.0   1.69274037  -0.11281019  -1.02057174   1.00782500  -0.00130153  -0.00051375   0.00130161
 H   1.0   1.73882512   0.23277870   3.34649879   1.00782500   0.00014819  -0.00055089  -0.00219149
 H   1.0  -1.63876220  -0.00748405   3.69972027   1.00782500  -0.00259628   0.00003247   0.00064895
 H   1.0  -1.56666090   0.10798070  -0.82288477   1.00782500   0.00201789  -0.00135652  -0.00150778
States
Ekin        0.025008106995 a.u.
Epot_harm   0.020646758963 a.u.
Epot        0.020646758963 a.u.
Etot_harm   0.045654865958 a.u.
Etot        0.045654865958 a.u.


Index     410
Atoms
 C   6.0  -0.02877761  -0.05206058   0.02091745  12.00000000  -0.00019593  -0.00014699  -0.00011900
 N   7.0  -0.03828070   0.03621760   2.51374948  14.00307400   0.00027238  -0.00016579  -0.00026539
 H   1.0   2.05393907   0.14041889  -0.83526356   1.00782500  -0.00301607   0.00042694   0.00349716
 H   1.0   1.80551263  -0.07841925   3.25991389   1.00782500  -0.00020178   0.00126585   0.00329319
 H   1.0  -1.36253620  -0.16903457   3.89915381   1.00782500   0.00123286   0.00112486  -0.00234333
 H   1.0  -1.62237993   0.22369129  -1.30461729   1.00782500   0.00053338   0.00123607   0.00065735
States
Ekin        0.044051731683 a.u.
Epot_harm   0.029251554651 a.u.
Epot        0.029251554651 a.u.
Etot_harm   0.073303286335 a.u.
Etot        0.073303286335 a.u.


Index     411
Atoms
 C   6.0  -0.03648669  -0.02432671   0.04477677  12.00000000   0.00073572  -0.00049606  -0.00005810
 N   7.0  -0.00735755   0.01425034   2.47459907  14.00307400  -0.00040467   0.00015662  -0.00010610
 H   1.0   1.96159214  -0.00242406  -0.71045463   1.00782500  -0.00376092   0.00210579   0.00009918
 H   1.0   1.76622325   0.05633846   3.50335335   1.00782500   0.00130612  -0.00061916   0.00032140
 H   1.0  -1.46436613  -0.14324797   3.58353479   1.00782500   0.00072298   0.00026569   0.00028542
 H   1.0  -1.72678011   0.18098830  -1.09736605   1.00782500  -0.00140558   0.00197800   0.00145991
States
Ekin        0.038400853777 a.u.
Epot_harm   0.015251827360 a.u.
Epot        0.015251827360 a.u.
Etot_harm   0.053652681138 a.u.
Etot        0.053652681138 a.u.


Index     412
Atoms
 C   6.0   0.07494512   0.04479824   0.00435311  12.00000000   0.00020102  -0.00007399  -0.00024836
 N   7.0  -0.02259431  -0.02090660   2.50686203  14.00307400  -0.00034380   0.00009245  -0.00019924
 H   1.0   1.73775750  -0.16918236  -1.00296328   1.00782500  -0.00255956   0.00073665   0.00118931
 H   1.0   1.41708734   0.04739990   3.40956282   1.00782500   0.00038897  -0.00081249   0.00338468
 H   1.0  -1.57392749   0.05532269   3.44430198   1.00782500   0.00388250   0.00002098   0.00123352
 H   1.0  -2.15934276  -0.17646158  -0.53878931   1.00782500   0.00067148  -0.00034874  -0.00008196
States
Ekin        0.038194391191 a.u.
Epot_harm   0.042265850045 a.u.
Epot        0.042265850045 a.u.
Etot_harm   0.080460241236 a.u.
Etot        0.080460241236 a.u.


Index     413
Atoms
 C   6.0   0.01866340   0.06695666   0.07647138  12.00000000  -0.00024330   0.00000831  -0.00004029
 N   7.0  -0.04151562  -0.02756317   2.49373143  14.00307400   0.00007715   0.00007569  -0.00013992
 H   1.0   1.59390520  -0.40237423  -0.96910325   1.00782500   0.00107843   0.00051128   0.00034809
 H   1.0   1.67482449   0.20743305   3.13935044   1.00782500  -0.00192268  -0.00147983  -0.00065666
 H   1.0  -1.38192573  -0.09348442   3.58244218   1.00782500   0.00061710   0.00036134  -0.00033869
 H   1.0  -1.53219336  -0.12584357  -1.11683581   1.00782500   0.00205210  -0.00054343   0.00307106
States
Ekin        0.021797016936 a.u.
Epot_harm   0.034875059836 a.u.
Epot        0.034875059836 a.u.
Etot_harm   0.056672076771 a.u.
Etot        0.056672076771 a.u.


Index     414
Atoms
 C   6.0   0.02397938   0.03593920  -0.00412809  12.00000000  -0.00025471  -0.00004995  -0.00006306
 N   7.0  -0.05367975  -0.05508204   2.49413775  14.00307400   0.00003604   0.00015529  -0.00016074
 H   1.0   1.68303882   0.07128902  -1.08020490   1.00782500   0.00132384  -0.00042244  -0.00074921
 H   1.0   1.66127183   0.08422424   3.61083399   1.00782500  -0.00022324  -0.00030609   0.00175057
 H   1.0  -1.35484277   0.40975395   3.71984838   1.00782500   0.00018909  -0.00110724   0.00109464
 H   1.0  -1.52914098  -0.22785993  -0.66058536   1.00782500   0.00124240   0.00027278   0.00088812
States
Ekin        0.011147321642 a.u.
Epot_harm   0.056074315780 a.u.
Epot        0.056074315780 a.u.
Etot_harm   0.067221637423 a.u.
Etot        0.067221637423 a.u.


Index     415
Atoms
 C   6.0   0.00749624   0.02516357   0.10022432  12.00000000   0.00067653  -0.00033862   0.00007721
 N   7.0  -0.02776110   0.01277569   2.43261240  14.00307400  -0.00041721   0.00011215  -0.00004112
 H   1.0   1.81539897  -0.14088592  -1.06239277   1.00782500  -0.00434483   0.00210061   0.00038384
 H   1.0   1.68221525  -0.09722146   3.46353071   1.00782500   0.00005323  -0.00079686  -0.00016773
 H   1.0  -1.55766445  -0.10849191   3.60304543   1.00782500   0.00259134   0.00058474  -0.00086512
 H   1.0  -1.64348377  -0.13052898  -0.80194280   1.00782500  -0.00055815   0.00058506   0.00030102
States
Ekin        0.038761366541 a.u.
Epot_harm   0.016551228604 a.u.
Epot        0.016551228604 a.u.
Etot_harm   0.055312595145 a.u.
Etot        0.055312595145 a.u.


Index     416
Atoms
 C   6.0  -0.01439400  -0.02643351   0.00091779  12.00000000  -0.00003109   0.00014739  -0.00000897
 N   7.0   0.01851914  -0.02521143   2.57692731  14.00307400  -0.00023650  -0.00009461   0.00002020
 H   1.0   1.69061263   0.11130745  -1.05670609   1.00782500   0.00077703   0.00016078  -0.00215760
 H   1.0   1.72458444   0.22560498   3.35246271   1.00782500   0.00099093  -0.00012617   0.00076456
 H   1.0  -1.80421573   0.11716299   3.24422045   1.00782500   0.00084182   0.00080843   0.00055320
 H   1.0  -1.69690584   0.21096025  -1.16047261   1.00782500   0.00104640  -0.00128351   0.00066595
States
Ekin        0.011953340842 a.u.
Epot_harm   0.027592116869 a.u.
Epot        0.027592116869 a.u.
Etot_harm   0.039545457710 a.u.
Etot        0.039545457710 a.u.


Index     417
Atoms
 C   6.0  -0.02930551  -0.03341565   0.12629928  12.00000000   0.00013781  -0.00009054   0.00078192
 N   7.0   0.02850211  -0.00060439   2.48218221  14.00307400   0.00000930   0.00000584  -0.00049472
 H   1.0   1.85780415   0.06537968  -1.32065498   1.00782500   0.00035964   0.00011935  -0.00049800
 H   1.0   1.55124495   0.14560980   3.41271244   1.00782500  -0.00060166   0.00024461  -0.00105922
 H   1.0  -1.78851767  -0.04820348   3.30824712   1.00782500  -0.00031010  -0.00015194  -0.00002638
 H   1.0  -1.66761404   0.24348609  -1.19727435   1.00782500  -0.00121799   0.00078491  -0.00085280
States
Ekin        0.014630758701 a.u.
Epot_harm   0.044922898381 a.u.
Epot        0.044922898381 a.u.
Etot_harm   0.059553657082 a.u.
Etot        0.059553657082 a.u.


Index     418
Atoms
 C   6.0  -0.00355870  -0.00696463   0.07476289  12.00000000  -0.00034023  -0.00009560  -0.00035105
 N   7.0  -0.00647700   0.00006058   2.46203775  14.00307400  -0.00015946   0.00002887   0.00042539
 H   1.0   1.98303336  -0.12718173  -0.93097340   1.00782500   0.00135170   0.00071650  -0.00026813
 H   1.0   1.64790775   0.18225202   3.44499843   1.00782500  -0.00075679  -0.00051225  -0.00087855
 H   1.0  -1.58860510  -0.16395478   3.66583164   1.00782500   0.00303502   0.00050820  -0.00145101
 H   1.0  -1.90996938   0.19096935  -1.08329736   1.00782500   0.00263678   0.00002469   0.00086709
States
Ekin        0.026780638707 a.u.
Epot_harm   0.024037589586 a.u.
Epot        0.024037589586 a.u.
Etot_harm   0.050818228293 a.u.
Etot        0.050818228293 a.u.


Index     419
Atoms
 C   6.0  -0.01902478  -0.03215450   0.04894162  12.00000000  -0.00000524   0.00003866   0.00010043
 N   7.0   0.00707336   0.01744017   2.52654610  14.00307400   0.00003896  -0.00015690  -0.00009673
 H   1.0   1.72474914   0.27280267  -1.43978104   1.00782500  -0.00165130   0.00010463   0.00154878
 H   1.0   1.58325885  -0.21599002   3.71892314   1.00782500   0.00013416   0.00062846   0.00019716
 H   1.0  -1.59553081   0.11610928   3.46893766   1.00782500   0.00054248   0.00096695  -0.00228089
 H   1.0  -1.58423211  -0.03238367  -1.24037262   1.00782500   0.00049570   0.00001967   0.00068320
States
Ekin        0.012295814892 a.u.
Epot_harm   0.034915766752 a.u.
Epot        0.034915766752 a.u.
Etot_harm   0.047211581644 a.u.
Etot        0.047211581644 a.u.


Index     420
Atoms
 C   6.0  -0.01511230   0.00396968   0.02691702  12.00000000  -0.00029817   0.00027923  -0.00003779
 N   7.0  -0.00333752  -0.00472441   2.49619348  14.00307400  -0.00004265  -0.00010176   0.00012956
 H   1.0   1.90175981  -0.06879674  -0.91617987   1.00782500   0.00179256  -0.00163881  -0.00105803
 H   1.0   1.49765536   0.08309954   3.60148895   1.00782500  -0.00105121   0.00081264  -0.00084497
 H   1.0  -1.35498672  -0.04314441   3.44880570   1.00782500   0.00116100  -0.00041682  -0.00178900
 H   1.0  -1.81811611   0.04721785  -0.94243449   1.00782500   0.00224054  -0.00066778   0.00234187
States
Ekin        0.025345639088 a.u.
Epot_harm   0.022830075552 a.u.
Epot        0.022830075552 a.u.
Etot_harm   0.048175714640 a.u.
Etot        0.048175714640 a.u.


Index     421
Atoms
 C   6.0   0.03248906   0.00308912   0.04084114  12.00000000  -0.00014615  -0.00005517  -0.00051826
 N   7.0   0.01100905  -0.02708137   2.52096283  14.00307400   0.00036831   0.00015734   0.00093623
 H   1.0   1.56773573   0.36580267  -1.11968176   1.00782500  -0.00035207  -0.00131830  -0.00052893
 H   1.0   1.70429277  -0.22580121   3.48797761   1.00782500  -0.00102089   0.00021213  -0.00219527
 H   1.0  -1.88800365   0.50833684   3.52915569   1.00782500  -0.00187128  -0.00178831  -0.00180114
 H   1.0  -1.92383015  -0.30884182  -1.21571741   1.00782500  -0.00013300   0.00136520  -0.00231213
States
Ekin        0.039795801971 a.u.
Epot_harm   0.058614841046 a.u.
Epot        0.058614841046 a.u.
Etot_harm   0.098410643017 a.u.
Etot        0.098410643017 a.u.


Index     422
Atoms
 C   6.0  -0.01105184   0.03263966   0.06061334  12.00000000  -0.00009578  -0.00007780   0.00015648
 N   7.0   0.00336642  -0.03670827   2.50072831  14.00307400   0.00004597   0.00022196  -0.00027462
 H   1.0   1.75615286   0.00482920  -0.97075501   1.00782500   0.00127053   0.00052897   0.00104317
 H   1.0   1.61325236   0.04732641   3.24525185   1.00782500  -0.00103274  -0.00164737  -0.00062413
 H   1.0  -1.68066212   0.25823523   3.52925143   1.00782500   0.00034597  -0.00055670   0.00103831
 H   1.0  -1.60392490  -0.18898809  -1.07629284   1.00782500  -0.00008200  -0.00048251   0.00049507
States
Ekin        0.010454099633 a.u.
Epot_harm   0.014891290648 a.u.
Epot        0.014891290648 a.u.
Etot_harm   0.025345390281 a.u.
Etot        0.025345390281 a.u.


Index     423
Atoms
 C   6.0  -0.01776300   0.01276283   0.10546726  12.00000000   0.00008556   0.00018344   0.00016980
 N   7.0  -0.00817818  -0.01354160   2.42996809  14.00307400   0.00000556   0.00010432   0.00006667
 H   1.0   1.85706917  -0.13454099  -0.66168451   1.00782500  -0.00140500  -0.00002942   0.00064980
 H   1.0   1.55099251   0.16121099   3.13053103   1.00782500   0.00076695  -0.00170061  -0.00056508
 H   1.0  -1.48922534  -0.05045547   3.74976945   1.00782500   0.00021842  -0.00016895   0.00027764
 H   1.0  -1.59370494   0.05997236  -1.04206127   1.00782500  -0.00067626  -0.00173464  -0.00331054
States
Ekin        0.020086016639 a.u.
Epot_harm   0.024675376499 a.u.
Epot        0.024675376499 a.u.
Etot_harm   0.044761393139 a.u.
Etot        0.044761393139 a.u.


Index     424
Atoms
 C   6.0   0.03472663  -0.00376965   0.07326610  12.00000000  -0.00005870  -0.00016805  -0.00005751
 N   7.0  -0.01039867   0.03895765   2.47204141  14.00307400   0.00024384   0.00028542   0.00027116
 H   1.0   1.56687104  -0.09506733  -0.89198573   1.00782500   0.00125859   0.00084142  -0.00091040
 H   1.0   1.64356699  -0.14863817   3.34023505   1.00782500  -0.00231752  -0.00162704  -0.00126147
 H   1.0  -1.65223096  -0.25963542   3.50343392   1.00782500  -0.00066127  -0.00093467  -0.00006956
 H   1.0  -1.82720834   0.00693426  -0.97629630   1.00782500  -0.00096890  -0.00024443  -0.00084143
States
Ekin        0.017642561029 a.u.
Epot_harm   0.017649799705 a.u.
Epot        0.017649799705 a.u.
Etot_harm   0.035292360734 a.u.
Etot        0.035292360734 a.u.


Index     425
Atoms
 C   6.0   0.02048816  -0.05825893   0.08144710  12.00000000   0.00006787  -0.00024823  -0.00037673
 N   7.0   0.02906999   0.03612834   2.50744561  14.00307400  -0.00013443   0.00012949   0.00046694
 H   1.0   1.48245347   0.29273656  -1.24042364   1.00782500  -0.00121282   0.00069661   0.00064827
 H   1.0   1.59665898  -0.20412377   3.44469440   1.00782500  -0.00132402  -0.00009560  -0.00255145
 H   1.0  -1.96330638  -0.02550589   3.21102005   1.00782500   0.00208444  -0.00025399  -0.00152431
 H   1.0  -1.76366372   0.12859240  -1.02923189   1.00782500   0.00151215   0.00080945   0.00142540
States
Ekin        0.026090352607 a.u.
Epot_harm   0.032912222401 a.u.
Epot        0.032912222401 a.u.
Etot_harm   0.059002575008 a.u.
Etot        0.059002575008 a.u.


Index     426
Atoms
 C   6.0  -0.01510519  -0.00157384   0.06567345  12.00000000  -0.00041442  -0.00023416  -0.00063645
 N   7.0   0.02193086   0.03521397   2.48160773  14.00307400  -0.00005016   0.00007467   0.00055116
 H   1.0   1.91193930  -0.01306337  -0.95008535   1.00782500   0.00013120   0.00095713   0.00120386
 H   1.0   1.42781613  -0.22530839   3.39400775   1.00782500   0.00485315  -0.00047495  -0.00025392
 H   1.0  -1.63828551  -0.14872009   3.45039059   1.00782500  -0.00219552   0.00040775  -0.00062499
 H   1.0  -1.82633005  -0.08344401  -0.96143939   1.00782500   0.00284259   0.00086060  -0.00040485
States
Ekin        0.048316960547 a.u.
Epot_harm   0.020951623155 a.u.
Epot        0.020951623155 a.u.
Etot_harm   0.069268583702 a.u.
Etot        0.069268583702 a.u.


Index     427
Atoms
 C   6.0   0.00069486  -0.06964848   0.07696513  12.00000000  -0.00022114   0.00002546  -0.00017520
 N   7.0   0.03079374  -0.00383209   2.42996325  14.00307400   0.00007958   0.00008093   0.00027530
 H   1.0   1.51011610   0.39961529  -0.75531067   1.00782500   0.00077378   0.00037609   0.00184453
 H   1.0   1.53231449   0.03515644   3.59562069   1.00782500   0.00188663  -0.00100171  -0.00213464
 H   1.0  -1.80756065   0.19550332   3.36203613   1.00782500  -0.00179170   0.00026468  -0.00113665
 H   1.0  -1.67100253   0.25226186  -0.68635411   1.00782500   0.00065875  -0.00106659  -0.00031234
States
Ekin        0.019963074611 a.u.
Epot_harm   0.047734873246 a.u.
Epot        0.047734873246 a.u.
Etot_harm   0.067697947857 a.u.
Etot        0.067697947857 a.u.


Index     428
Atoms
 C   6.0  -0.03273546  -0.01131400   0.05377897  12.00000000   0.00003882  -0.00004919   0.00008179
 N   7.0   0.06035376   0.00599612   2.49095565  14.00307400   0.00023603   0.00005263  -0.00004079
 H   1.0   1.63205627  -0.18088522  -0.93937863   1.00782500  -0.00263619   0.00106605   0.00119218
 H   1.0   1.39655570   0.22628727   3.72132561   1.00782500  -0.00010390  -0.00067934  -0.00183406
 H   1.0  -1.73049516  -0.25992248   3.13098744   1.00782500  -0.00301197   0.00016747  -0.00008544
 H   1.0  -1.74691751   0.26592205  -0.96831863   1.00782500   0.00201032  -0.00069973   0.00032027
States
Ekin        0.026024208770 a.u.
Epot_harm   0.021572615066 a.u.
Epot        0.021572615066 a.u.
Etot_harm   0.047596823836 a.u.
Etot        0.047596823836 a.u.


Index     429
Atoms
 C   6.0  -0.00074737   0.00910030   0.06683751  12.00000000  -0.00003329  -0.00014017   0.00011314
 N   7.0   0.02021614   0.00289350   2.47981268  14.00307400   0.00010225   0.00017087   0.00008968
 H   1.0   1.81607234  -0.04692402  -1.11376704   1.00782500  -0.00002023   0.00135836  -0.00027927
 H   1.0   1.37802668  -0.02730561   3.33360466   1.00782500  -0.00044889  -0.00192956  -0.00035534
 H   1.0  -1.78092462  -0.02853893   3.68259904   1.00782500  -0.00002696   0.00046344  -0.00106162
 H   1.0  -1.68516568  -0.04579049  -0.95848232   1.00782500  -0.00052822  -0.00059749  -0.00089697
States
Ekin        0.009035419351 a.u.
Epot_harm   0.044485137237 a.u.
Epot        0.044485137237 a.u.
Etot_harm   0.053520556589 a.u.
Etot        0.053520556589 a.u.


Index     430
Atoms
 C   6.0  -0.02687628  -0.01588399   0.01176347  12.00000000   0.00002593  -0.00011359  -0.00009082
 N   7.0   0.00742375  -0.00519995   2.50653790  14.00307400  -0.00035515  -0.00004361  -0.00000335
 H   1.0   1.82303454   0.09418619  -0.76107507   1.00782500   0.00175866   0.00123432  -0.00093972
 H   1.0   1.77627935   0.03535322   3.57777989   1.00782500   0.00042056  -0.00022022   0.00086033
 H   1.0  -1.62917012   0.06372593   3.38972467   1.00782500   0.00283257   0.00096731   0.00043042
 H   1.0  -1.75328072   0.06811251  -0.97804746   1.00782500  -0.00038601  -0.00002308   0.00077688
States
Ekin        0.016910517706 a.u.
Epot_harm   0.014655478616 a.u.
Epot        0.014655478616 a.u.
Etot_harm   0.031565996322 a.u.
Etot        0.031565996322 a.u.


Index     431
Atoms
 C   6.0   0.00120080   0.05623995   0.11141591  12.00000000  -0.00016954  -0.00039775   0.00056138
 N   7.0  -0.00595102  -0.00914682   2.42180029  14.00307400   0.00015185   0.00004487  -0.00025859
 H   1.0   1.87922995  -0.17389389  -0.98000225   1.00782500   0.00247974   0.00096076   0.00064396
 H   1.0   1.58783688  -0.10355554   3.54827356   1.00782500   0.00016993   0.00125181  -0.00105840
 H   1.0  -1.55974912   0.04881118   3.54916952   1.00782500  -0.00025267  -0.00036883  -0.00030723
 H   1.0  -1.83892993  -0.31391212  -0.89822934   1.00782500  -0.00248820   0.00226883  -0.00236968
States
Ekin        0.031922702135 a.u.
Epot_harm   0.018401953219 a.u.
Epot        0.018401953219 a.u.
Etot_harm   0.050324655354 a.u.
Etot        0.050324655354 a.u.


Index     432
Atoms
 C   6.0   0.02061567   0.02135446   0.04662595  12.00000000  -0.00040501   0.00000771   0.00032840
 N   7.0  -0.02078025   0.01372703   2.47871191  14.00307400   0.00010585  -0.00020148  -0.00037209
 H   1.0   1.74779009  -0.17261122  -0.97643289   1.00782500   0.00223994  -0.00026053   0.00153922
 H   1.0   1.68443564  -0.04521968   3.47956195   1.00782500  -0.00034210   0.00143476  -0.00056377
 H   1.0  -1.59329650  -0.16035069   3.49084508   1.00782500   0.00049799   0.00066320  -0.00195541
 H   1.0  -1.79566833  -0.06681047  -0.79406962   1.00782500   0.00095583   0.00087015   0.00223965
States
Ekin        0.024872357569 a.u.
Epot_harm   0.005766739372 a.u.
Epot        0.005766739372 a.u.
Etot_harm   0.030639096941 a.u.
Etot        0.030639096941 a.u.


Index     433
Atoms
 C   6.0   0.00229478   0.00521688   0.11547305  12.00000000  -0.00015845   0.00015968   0.00032693
 N   7.0   0.01063925   0.02786298   2.44986905  14.00307400   0.00035383  -0.00016384   0.00013309
 H   1.0   1.62617239  -0.21259257  -0.95189885   1.00782500   0.00071011  -0.00094192  -0.00110264
 H   1.0   1.77385930   0.00072929   3.42111541   1.00782500   0.00045950   0.00124773   0.00025329
 H   1.0  -1.83658053  -0.31425985   3.28624432   1.00782500  -0.00221956   0.00020064  -0.00169975
 H   1.0  -1.73860018   0.07686854  -0.97455428   1.00782500  -0.00197965  -0.00013134  -0.00319276
States
Ekin        0.028174875089 a.u.
Epot_harm   0.021341294978 a.u.
Epot        0.021341294978 a.u.
Etot_harm   0.049516170067 a.u.
Etot        0.049516170067 a.u.


Index     434
Atoms
 C   6.0  -0.04896156   0.06153996   0.11526240  12.00000000   0.00021164   0.00001352  -0.00004630
 N   7.0   0.06295405  -0.03041207   2.45891596  14.00307400  -0.00010335  -0.00012159   0.00022315
 H   1.0   1.49567967  -0.17455276  -0.94068407   1.00782500  -0.00245212   0.00120760  -0.00116437
 H   1.0   1.38765461   0.01415047   3.60159854   1.00782500  -0.00128825  -0.00010643  -0.00034875
 H   1.0  -1.67857527   0.14514201   3.29668777   1.00782500   0.00189376   0.00136384  -0.00071982
 H   1.0  -1.49648775  -0.29492955  -1.29988840   1.00782500   0.00076258  -0.00093648  -0.00031637
States
Ekin        0.018323173384 a.u.
Epot_harm   0.039659283750 a.u.
Epot        0.039659283750 a.u.
Etot_harm   0.057982457134 a.u.
Etot        0.057982457134 a.u.


Index     435
Atoms
 C   6.0   0.04606775   0.00971822   0.09363853  12.00000000  -0.00023053   0.00007638   0.00033588
 N   7.0  -0.01013421   0.01252679   2.45293672  14.00307400   0.00014336  -0.00012845   0.00006349
 H   1.0   1.40972654  -0.20933911  -1.20861779   1.00782500   0.00149216   0.00070544   0.00178695
 H   1.0   1.47793628   0.07724153   3.32247470   1.00782500  -0.00117440  -0.00031441  -0.00425476
 H   1.0  -1.78265733  -0.23825951   3.81256377   1.00782500   0.00047179   0.00139596  -0.00259015
 H   1.0  -1.51271804   0.08059227  -0.92815747   1.00782500  -0.00003661  -0.00091165   0.00017654
States
Ekin        0.034787587054 a.u.
Epot_harm   0.064538121956 a.u.
Epot        0.064538121956 a.u.
Etot_harm   0.099325709011 a.u.
Etot        0.099325709011 a.u.


Index     436
Atoms
 C   6.0  -0.02150012  -0.01077188   0.09280955  12.00000000   0.00013881   0.00017408   0.00017311
 N   7.0   0.03103935   0.02143799   2.46000460  14.00307400  -0.00020800  -0.00021514  -0.00027578
 H   1.0   1.69215321   0.17598001  -0.97489511   1.00782500  -0.00213095  -0.00016919   0.00170287
 H   1.0   1.49937924  -0.27491875   3.61680178   1.00782500   0.00356332   0.00011109  -0.00055834
 H   1.0  -1.63550648   0.07391330   3.34681813   1.00782500  -0.00167363   0.00179405   0.00016428
 H   1.0  -1.73129932  -0.14458267  -1.07879468   1.00782500   0.00147851  -0.00081953   0.00046187
States
Ekin        0.030395552569 a.u.
Epot_harm   0.009418700130 a.u.
Epot        0.009418700130 a.u.
Etot_harm   0.039814252700 a.u.
Etot        0.039814252700 a.u.


Index     437
Atoms
 C   6.0  -0.02374753  -0.02664453   0.01519979  12.00000000  -0.00002899  -0.00041384   0.00021427
 N   7.0   0.00201080  -0.01433579   2.47835726  14.00307400  -0.00035773   0.00017752   0.00016312
 H   1.0   1.97242623   0.04147580  -0.71624381   1.00782500   0.00095850   0.00234023   0.00046807
 H   1.0   1.61567118   0.22586930   3.65456907   1.00782500   0.00266407  -0.00127752   0.00115638
 H   1.0  -1.45706306   0.00063361   3.59848159   1.00782500   0.00398525   0.00025201  -0.00372276
 H   1.0  -1.87621525   0.24845958  -0.95778876   1.00782500  -0.00229223   0.00114622  -0.00271945
States
Ekin        0.060340749371 a.u.
Epot_harm   0.018867517903 a.u.
Epot        0.018867517903 a.u.
Etot_harm   0.079208267273 a.u.
Etot        0.079208267273 a.u.


Index     438
Atoms
 C   6.0  -0.00937214  -0.01694768   0.07722492  12.00000000   0.00035029   0.00024292  -0.00092995
 N   7.0  -0.02098071   0.02524099   2.48143124  14.00307400  -0.00029220  -0.00003155   0.00078752
 H   1.0   1.77909029   0.09408126  -0.97541405   1.00782500  -0.00081364  -0.00142627   0.00018351
 H   1.0   1.76525936  -0.17347717   3.34680639   1.00782500   0.00041645   0.00015867   0.00041762
 H   1.0  -1.53182178  -0.05158260   3.47922535   1.00782500   0.00208989  -0.00040841  -0.00116188
 H   1.0  -1.60942200  -0.01793544  -1.05283323   1.00782500  -0.00180352  -0.00077812   0.00069140
States
Ekin        0.032709125713 a.u.
Epot_harm   0.008920175954 a.u.
Epot        0.008920175954 a.u.
Etot_harm   0.041629301666 a.u.
Etot        0.041629301666 a.u.


Index     439
Atoms
 C   6.0   0.00088242  -0.03085306   0.02130528  12.00000000   0.00039076  -0.00013163   0.00097098
 N   7.0  -0.01720455   0.01553273   2.53034496  14.00307400  -0.00011114  -0.00021256  -0.00068544
 H   1.0   1.80089686  -0.00558802  -1.30885411   1.00782500  -0.00080813   0.00186295  -0.00219119
 H   1.0   1.54335356   0.09219208   3.43930722   1.00782500  -0.00099392   0.00007487  -0.00048565
 H   1.0  -1.56094384  -0.17512192   3.63624715   1.00782500  -0.00013765   0.00248698   0.00085358
 H   1.0  -1.55476735   0.24006281  -0.98271466   1.00782500  -0.00116887   0.00009587  -0.00021435
States
Ekin        0.035956346704 a.u.
Epot_harm   0.028693219988 a.u.
Epot        0.028693219988 a.u.
Etot_harm   0.064649566692 a.u.
Etot        0.064649566692 a.u.


Index     440
Atoms
 C   6.0  -0.00684566  -0.03495972   0.00128779  12.00000000  -0.00008876  -0.00003131   0.00035062
 N   7.0  -0.00184213   0.01156750   2.47628901  14.00307400   0.00011224   0.00006442  -0.00025579
 H   1.0   1.78911907   0.20245254  -0.79552540   1.00782500  -0.00052237  -0.00030216   0.00107503
 H   1.0   1.73323822  -0.07998471   3.77296260   1.00782500   0.00075167   0.00002252   0.00090336
 H   1.0  -1.63241086   0.05082715   3.48623594   1.00782500   0.00009072  -0.00070451  -0.00069466
 H   1.0  -1.78284106   0.08224146  -0.69027044   1.00782500  -0.00082272   0.00046191  -0.00190443
States
Ekin        0.010216340560 a.u.
Epot_harm   0.032522365102 a.u.
Epot        0.032522365102 a.u.
Etot_harm   0.042738705662 a.u.
Etot        0.042738705662 a.u.


Index     441
Atoms
 C   6.0  -0.00015931   0.02271721   0.02525888  12.00000000  -0.00038231   0.00032326  -0.00050966
 N   7.0   0.00419716   0.01033619   2.50540407  14.00307400   0.00046063  -0.00018699  -0.00007464
 H   1.0   1.84624446  -0.14311388  -0.78063886   1.00782500  -0.00016052  -0.00154158   0.00332864
 H   1.0   1.70698301  -0.06195527   3.28031484   1.00782500  -0.00191402   0.00098228   0.00238017
 H   1.0  -1.78339683  -0.11089442   3.32453221   1.00782500  -0.00048537   0.00014100  -0.00066841
 H   1.0  -1.82625053  -0.09814104  -0.74075994   1.00782500   0.00071192  -0.00083258   0.00206513
States
Ekin        0.036315939398 a.u.
Epot_harm   0.017521904913 a.u.
Epot        0.017521904913 a.u.
Etot_harm   0.053837844311 a.u.
Etot        0.053837844311 a.u.


Index     442
Atoms
 C   6.0   0.04145714  -0.00991975   0.06706285  12.00000000   0.00002262   0.00013713   0.00012155
 N   7.0  -0.06505618   0.01009533   2.47301455  14.00307400  -0.00006370  -0.00001283  -0.00026550
 H   1.0   1.98290405  -0.07401320  -1.02307177   1.00782500  -0.00057482   0.00006899  -0.00089392
 H   1.0   1.83711283   0.07207762   3.13885182   1.00782500   0.00227929  -0.00063680   0.00037158
 H   1.0  -1.55022459  -0.15354562   3.70051960   1.00782500  -0.00264636   0.00037079   0.00159286
 H   1.0  -1.85950204   0.13332591  -0.78057269   1.00782500   0.00155764  -0.00125750   0.00117115
States
Ekin        0.021530543572 a.u.
Epot_harm   0.025741752686 a.u.
Epot        0.025741752686 a.u.
Etot_harm   0.047272296258 a.u.
Etot        0.047272296258 a.u.


Index     443
Atoms
 C   6.0   0.04025263  -0.00785353   0.04213269  12.00000000  -0.00004715  -0.00005674   0.00010736
 N   7.0  -0.03236097   0.02134023   2.49411973  14.00307400  -0.00007076  -0.00011235  -0.00000834
 H   1.0   1.72516646  -0.05784404  -0.92140898   1.00782500  -0.00051622  -0.00009781   0.00053031
 H   1.0   1.81900968  -0.03833786   3.36927162   1.00782500  -0.00121370   0.00116711  -0.00109297
 H   1.0  -1.63925755  -0.16955713   3.31437484   1.00782500   0.00203672   0.00024779  -0.00127378
 H   1.0  -1.93456520   0.06274098  -0.72291409   1.00782500   0.00123782   0.00091958   0.00067396
States
Ekin        0.012593669795 a.u.
Epot_harm   0.020692637807 a.u.
Epot        0.020692637807 a.u.
Etot_harm   0.033286307602 a.u.
Etot        0.033286307602 a.u.


Index     444
Atoms
 C   6.0   0.01582955   0.01300555   0.02619136  12.00000000  -0.00038332   0.00004757   0.00012861
 N   7.0  -0.01322039  -0.01191863   2.48507451  14.00307400  -0.00012522   0.00004585   0.00006624
 H   1.0   1.81580303   0.02814348  -0.84072902   1.00782500   0.00150319   0.00049407  -0.00073507
 H   1.0   1.63071929  -0.02886422   3.53401620   1.00782500   0.00157664  -0.00122358   0.00122512
 H   1.0  -1.51567065   0.12152424   3.64534093   1.00782500   0.00185428   0.00050746  -0.00260230
 H   1.0  -1.93564274  -0.11005673  -0.98381671   1.00782500   0.00136993  -0.00098145  -0.00033953
States
Ekin        0.022274865790 a.u.
Epot_harm   0.011803432186 a.u.
Epot        0.011803432186 a.u.
Etot_harm   0.034078297975 a.u.
Etot        0.034078297975 a.u.


Index     445
Atoms
 C   6.0   0.03379451   0.03506199   0.06902392  12.00000000  -0.00023446  -0.00007039   0.00040461
 N   7.0  -0.04155943  -0.00394110   2.42371369  14.00307400  -0.00009317   0.00021506  -0.00028486
 H   1.0   1.87930313  -0.21855225  -0.76872718   1.00782500   0.00331846  -0.00048625  -0.00075442
 H   1.0   1.66053137   0.04281199   3.35721981   1.00782500  -0.00086028  -0.00073127  -0.00131537
 H   1.0  -1.50154340  -0.09586430   3.66094636   1.00782500   0.00092747  -0.00128935  -0.00063933
 H   1.0  -1.86323527  -0.09111358  -0.55205876   1.00782500   0.00070053   0.00035683   0.00184941
States
Ekin        0.024255202150 a.u.
Epot_harm   0.020823518935 a.u.
Epot        0.020823518935 a.u.
Etot_harm   0.045078721085 a.u.
Etot        0.045078721085 a.u.


Index     446
Atoms
 C   6.0  -0.02979078  -0.01420234   0.03588371  12.00000000  -0.00022389   0.00009944   0.00012668
 N   7.0   0.01302197  -0.02039555   2.47407969  14.00307400   0.00016381  -0.00019721  -0.00021496
 H   1.0   1.90891285  -0.04524818  -0.69884578   1.00782500   0.00202537  -0.00143110  -0.00099757
 H   1.0   1.72819875   0.28406901   3.46236197   1.00782500  -0.00096269   0.00228231  -0.00008447
 H   1.0  -1.72610224  -0.02631648   3.70483990   1.00782500  -0.00168840  -0.00025866   0.00189576
 H   1.0  -1.73722750   0.23998341  -1.07618403   1.00782500   0.00101540   0.00096355   0.00066466
States
Ekin        0.022668666452 a.u.
Epot_harm   0.023468652505 a.u.
Epot        0.023468652505 a.u.
Etot_harm   0.046137318957 a.u.
Etot        0.046137318957 a.u.


Index     447
Atoms
 C   6.0  -0.00292669  -0.03408683   0.13814964  12.00000000   0.00030252  -0.00010533  -0.00001084
 N   7.0   0.01090319   0.00451131   2.43319282  14.00307400   0.00019555   0.00010015   0.00031112
 H   1.0   1.73112310   0.36321148  -1.11170317   1.00782500  -0.00137397   0.00071140   0.00151153
 H   1.0   1.79625832  -0.21046909   3.49454272   1.00782500  -0.00447584  -0.00053485  -0.00366903
 H   1.0  -1.90091416   0.25474252   3.35112764   1.00782500   0.00146897   0.00004032  -0.00137037
 H   1.0  -1.74311235  -0.06430068  -0.99136144   1.00782500  -0.00193824  -0.00035421  -0.00066585
States
Ekin        0.046089798229 a.u.
Epot_harm   0.040709100422 a.u.
Epot        0.040709100422 a.u.
Etot_harm   0.086798898650 a.u.
Etot        0.086798898650 a.u.


Index     448
Atoms
 C   6.0  -0.03744980  -0.01213698   0.09711462  12.00000000  -0.00025396  -0.00012223  -0.00019465
 N   7.0   0.03613760   0.03695134   2.47215055  14.00307400  -0.00002725   0.00000925   0.00009339
 H   1.0   1.76535539   0.03460480  -0.69042885   1.00782500  -0.00073446   0.00075503  -0.00012489
 H   1.0   1.47995574  -0.22232571   3.24816094   1.00782500   0.00069462  -0.00022121  -0.00131769
 H   1.0  -1.59006242  -0.14162959   3.51058097   1.00782500  -0.00060308   0.00047986   0.00075903
 H   1.0  -1.71144878  -0.03955138  -1.37840271   1.00782500   0.00404535   0.00031319   0.00170364
States
Ekin        0.023485478489 a.u.
Epot_harm   0.035031227750 a.u.
Epot        0.035031227750 a.u.
Etot_harm   0.058516706239 a.u.
Etot        0.058516706239 a.u.


Index     449
Atoms
 C   6.0  -0.01577180   0.04013145  -0.02589780  12.00000000  -0.00014055  -0.00000245  -0.00005467
 N   7.0  -0.03470092  -0.03578350   2.53480308  14.00307400   0.00011803  -0.00004148   0.00006533
 H   1.0   1.86590209   0.04859285  -0.94377844   1.00782500  -0.00226553  -0.00020556   0.00341381
 H   1.0   1.93986005  -0.05448561   3.43205471   1.00782500  -0.00192378   0.00076564   0.00051044
 H   1.0  -1.63920542   0.32972979   3.62739575   1.00782500   0.00393746  -0.00017823  -0.00129867
 H   1.0  -1.49661786  -0.30448698  -0.83159008   1.00782500   0.00028537   0.00022372  -0.00288237
States
Ekin        0.043781898416 a.u.
Epot_harm   0.058330036979 a.u.
Epot        0.058330036979 a.u.
Etot_harm   0.102111935395 a.u.
Etot        0.102111935395 a.u.


Index     450
Atoms
 C   6.0   0.01320739  -0.02216149   0.09783272  12.00000000   0.00010571   0.00010028  -0.00028855
 N   7.0  -0.00777936   0.01372243   2.48909996  14.00307400  -0.00027833   0.00003154   0.00037344
 H   1.0   1.60062784   0.31267394  -1.20877101   1.00782500  -0.00030666  -0.00030353  -0.00233908
 H   1.0   1.57128735  -0.29657319   3.36024322   1.00782500  -0.00239824  -0.00022619  -0.00098220
 H   1.0  -1.58044697   0.20944482   3.34671383   1.00782500   0.00338866  -0.00047347   0.00117118
 H   1.0  -1.64063729  -0.15233681  -1.05232705   1.00782500   0.00192485  -0.00062910   0.00039715
States
Ekin        0.031349450656 a.u.
Epot_harm   0.020836217047 a.u.
Epot        0.020836217047 a.u.
Etot_harm   0.052185667703 a.u.
Etot        0.052185667703 a.u.


Index     451
Atoms
 C   6.0  -0.01067214  -0.01982943   0.04366817  12.00000000   0.00056249  -0.00004343  -0.00011178
 N   7.0   0.00391013   0.04985664   2.47908884  14.00307400   0.00001197   0.00002153  -0.00005969
 H   1.0   1.76159973   0.06334722  -0.91231431   1.00782500  -0.00297514  -0.00014093   0.00135363
 H   1.0   1.66707827  -0.29613890   3.58899055   1.00782500   0.00066036   0.00028515  -0.00091117
 H   1.0  -1.64507215  -0.18553021   3.15973521   1.00782500  -0.00278795  -0.00047758   0.00167848
 H   1.0  -1.71086318  -0.03829806  -0.60652639   1.00782500  -0.00176103   0.00055131   0.00003937
States
Ekin        0.027810189376 a.u.
Epot_harm   0.029206655965 a.u.
Epot        0.029206655965 a.u.
Etot_harm   0.057016845341 a.u.
Etot        0.057016845341 a.u.


Index     452
Atoms
 C   6.0  -0.03180983   0.00964073   0.08198271  12.00000000  -0.00021118  -0.00011433   0.00004152
 N   7.0  -0.00471992  -0.00263928   2.47230252  14.00307400   0.00016597  -0.00017054   0.00022808
 H   1.0   1.72213663   0.07729768  -1.21079831   1.00782500   0.00076872   0.00123502  -0.00227438
 H   1.0   1.58381247  -0.12671205   3.63774207   1.00782500  -0.00124247   0.00038412  -0.00138043
 H   1.0  -1.45860419   0.12883745   3.43478071   1.00782500  -0.00124043   0.00184907   0.00008835
 H   1.0  -1.40301051  -0.15754253  -0.99375255   1.00782500   0.00192262   0.00026270  -0.00009699
States
Ekin        0.020106139343 a.u.
Epot_harm   0.038899394363 a.u.
Epot        0.038899394363 a.u.
Etot_harm   0.059005533706 a.u.
Etot        0.059005533706 a.u.


Index     453
Atoms
 C   6.0  -0.03264590   0.06609492   0.03030022  12.00000000  -0.00000847   0.00005028  -0.00057970
 N   7.0   0.01709983  -0.03809496   2.52002051  14.00307400   0.00020915  -0.00003563   0.00028391
 H   1.0   1.82183361  -0.20537167  -0.89539873   1.00782500  -0.00281147  -0.00057503   0.00004686
 H   1.0   1.70622321   0.07316612   3.54372784   1.00782500  -0.00114447   0.00037420   0.00066745
 H   1.0  -1.62317561   0.15627273   3.23280219   1.00782500  -0.00152390  -0.00005773   0.00333328
 H   1.0  -1.75376300  -0.28174343  -1.06079529   1.00782500   0.00267469   0.00015492  -0.00108995
States
Ekin        0.034672898705 a.u.
Epot_harm   0.020351351939 a.u.
Epot        0.020351351939 a.u.
Etot_harm   0.055024250644 a.u.
Etot        0.055024250644 a.u.


Index     454
Atoms
 C   6.0   0.02055567   0.00629872   0.03327879  12.00000000   0.00046423  -0.00006033  -0.00004650
 N   7.0  -0.02008769   0.05396545   2.47629093  14.00307400  -0.00023892  -0.00012434   0.00009423
 H   1.0   1.70511316  -0.23052835  -0.72591671   1.00782500  -0.00129376   0.00106751   0.00001181
 H   1.0   1.78441525  -0.17159790   3.49043168   1.00782500  -0.00152987   0.00010528  -0.00299092
 H   1.0  -1.56901062  -0.42530000   3.54233718   1.00782500   0.00078878   0.00142957   0.00020065
 H   1.0  -1.88616519   0.00261361  -0.91438738   1.00782500  -0.00017307  -0.00015640   0.00202284
States
Ekin        0.022718793565 a.u.
Epot_harm   0.027479825483 a.u.
Epot        0.027479825483 a.u.
Etot_harm   0.050198619049 a.u.
Etot        0.050198619049 a.u.


Index     455
Atoms
 C   6.0  -0.02230446   0.01716753   0.12079387  12.00000000  -0.00015561  -0.00003054  -0.00036886
 N   7.0   0.02555410  -0.01716431   2.44021537  14.00307400   0.00034747  -0.00013775   0.00019415
 H   1.0   1.67087866  -0.05464586  -0.92636451   1.00782500  -0.00177561  -0.00063720   0.00058584
 H   1.0   1.57517829   0.07193444   3.47589210   1.00782500  -0.00149746   0.00172176  -0.00006418
 H   1.0  -1.69083513   0.06575746   3.49537897   1.00782500  -0.00181964  -0.00013612   0.00012818
 H   1.0  -1.64470398  -0.04897001  -1.19322240   1.00782500   0.00211765   0.00132910   0.00104456
States
Ekin        0.022248734000 a.u.
Epot_harm   0.012844876244 a.u.
Epot        0.012844876244 a.u.
Etot_harm   0.035093610243 a.u.
Etot        0.035093610243 a.u.


Index     456
Atoms
 C   6.0   0.00175713  -0.01105602   0.06153743  12.00000000  -0.00016704   0.00014462   0.00051622
 N   7.0   0.00785236   0.02433481   2.50065414  14.00307400  -0.00007143   0.00003433  -0.00008406
 H   1.0   1.61472299   0.07053767  -1.05875919   1.00782500   0.00006255  -0.00079295  -0.00151918
 H   1.0   1.44437781  -0.17889788   3.20739443   1.00782500  -0.00039972  -0.00033846  -0.00286727
 H   1.0  -1.67921790  -0.05245655   3.83442989   1.00782500   0.00050543  -0.00040439  -0.00073289
 H   1.0  -1.50990827  -0.04565750  -1.26558214   1.00782500   0.00281315  -0.00066317   0.00014075
States
Ekin        0.022720968777 a.u.
Epot_harm   0.051350751685 a.u.
Epot        0.051350751685 a.u.
Etot_harm   0.074071720462 a.u.
Etot        0.074071720462 a.u.


Index     457
Atoms
 C   6.0  -0.01312956   0.01834829   0.06671182  12.00000000   0.00003787   0.00012260   0.00027628
 N   7.0  -0.00036632   0.02226286   2.47150668  14.00307400  -0.00037503   0.00005991   0.00003148
 H   1.0   1.85666465  -0.17428909  -0.71163182   1.00782500   0.00219876   0.00008486  -0.00140924
 H   1.0   1.49023596  -0.08476579   3.29419781   1.00782500  -0.00327365  -0.00187913  -0.00147043
 H   1.0  -1.40088906  -0.20432858   3.56204726   1.00782500   0.00594604   0.00091581  -0.00145381
 H   1.0  -1.78459042  -0.06441451  -1.08375594   1.00782500  -0.00011118  -0.00141373   0.00060644
States
Ekin        0.061931226770 a.u.
Epot_harm   0.022059284382 a.u.
Epot        0.022059284382 a.u.
Etot_harm   0.083990511152 a.u.
Etot        0.083990511152 a.u.


Index     458
Atoms
 C   6.0  -0.01561202  -0.02803238   0.02510230  12.00000000  -0.00023671  -0.00012939  -0.00013151
 N   7.0  -0.00708389   0.01862101   2.47453136  14.00307400   0.00024055  -0.00012585   0.00002238
 H   1.0   1.75541509   0.20759025  -1.07538990   1.00782500  -0.00007379   0.00157022   0.00343931
 H   1.0   1.65981390  -0.17960435   3.68435929   1.00782500  -0.00152549   0.00011819  -0.00488262
 H   1.0  -1.65879540   0.05582255   3.66308797   1.00782500  -0.00184188   0.00193323   0.00151328
 H   1.0  -1.47211778  -0.00875855  -0.75778846   1.00782500   0.00291741  -0.00033243   0.00118486
States
Ekin        0.057031680639 a.u.
Epot_harm   0.045429480095 a.u.
Epot        0.045429480095 a.u.
Etot_harm   0.102461160735 a.u.
Etot        0.102461160735 a.u.


Index     459
Atoms
 C   6.0   0.02662684   0.01397427   0.03467169  12.00000000  -0.00004032   0.00026833   0.00030904
 N   7.0  -0.02036309  -0.02413040   2.46581312  14.00307400   0.00004631   0.00010894  -0.00052476
 H   1.0   1.73754975  -0.24410032  -0.94076349   1.00782500   0.00189448  -0.00143552  -0.00058943
 H   1.0   1.40876775   0.34776198   3.58567119   1.00782500   0.00240439  -0.00090684   0.00254554
 H   1.0  -1.34472951  -0.12654435   3.86987082   1.00782500  -0.00245150  -0.00071229   0.00234249
 H   1.0  -1.83569736   0.19176959  -0.99331638   1.00782500  -0.00201083  -0.00165395  -0.00068708
States
Ekin        0.040797289428 a.u.
Epot_harm   0.028963379009 a.u.
Epot        0.028963379009 a.u.
Etot_harm   0.069760668437 a.u.
Etot        0.069760668437 a.u.


Index     460
Atoms
 C   6.0   0.02014282   0.00362163   0.04914322  12.00000000   0.00060847  -0.00016416   0.00076472
 N   7.0   0.00596326  -0.04993437   2.47593217  14.00307400  -0.00042153  -0.00007928  -0.00060875
 H   1.0   1.55186607   0.07781944  -0.96800570   1.00782500  -0.00442114   0.00071067  -0.00017388
 H   1.0   1.63015512   0.24613137   3.57413637   1.00782500   0.00412364   0.00111471   0.00029839
 H   1.0  -1.75129588   0.28046989   3.45724021   1.00782500  -0.00095133   0.00024732   0.00003228
 H   1.0  -1.75341801   0.04626284  -0.85481648   1.00782500  -0.00013911   0.00098352  -0.00080395
States
Ekin        0.055567878961 a.u.
Epot_harm   0.017103259852 a.u.
Epot        0.017103259852 a.u.
Etot_harm   0.072671138813 a.u.
Etot        0.072671138813 a.u.


Index     461
Atoms
 C   6.0   0.00935110  -0.05224382   0.00516045  12.00000000  -0.00000178  -0.00004527   0.00034085
 N   7.0  -0.02652377   0.05158519   2.51736821  14.00307400   0.00010954  -0.00000033  -0.00013982
 H   1.0   1.84136784   0.04634611  -0.97131861   1.00782500   0.00091498   0.00164785   0.00042419
 H   1.0   1.59865178  -0.08378218   3.46118636   1.00782500   0.00108513  -0.00232397   0.00374746
 H   1.0  -1.40929288  -0.32826872   3.44804534   1.00782500   0.00177664   0.00237672  -0.00292169
 H   1.0  -1.77353813   0.27102026  -0.78139020   1.00782500  -0.00527762  -0.00115694  -0.00336578
States
Ekin        0.077810964676 a.u.
Epot_harm   0.028454765623 a.u.
Epot        0.028454765623 a.u.
Etot_harm   0.106265730299 a.u.
Etot        0.106265730299 a.u.


Index     462
Atoms
 C   6.0  -0.00494013   0.01742902   0.09415706  12.00000000   0.00016475   0.00029152  -0.00041279
 N   7.0  -0.02866475  -0.02027494   2.49505056  14.00307400  -0.00044860  -0.00028709   0.00048795
 H   1.0   1.72431888  -0.17532329  -1.02372379   1.00782500  -0.00053911  -0.00029679  -0.00008379
 H   1.0   1.75833123   0.22363359   3.19414058   1.00782500   0.00298351   0.00074316  -0.00167203
 H   1.0  -1.45027054  -0.05323550   3.59288196   1.00782500   0.00090506   0.00134705  -0.00160899
 H   1.0  -1.57528028   0.07910789  -1.35635392   1.00782500   0.00092193  -0.00127560   0.00150011
States
Ekin        0.030560976980 a.u.
Epot_harm   0.019817844200 a.u.
Epot        0.019817844200 a.u.
Etot_harm   0.050378821179 a.u.
Etot        0.050378821179 a.u.


Index     463
Atoms
 C   6.0   0.03156100  -0.05477854   0.05815744  12.00000000   0.00044810   0.00000497  -0.00010119
 N   7.0  -0.03698713  -0.01625125   2.50087702  14.00307400  -0.00020621   0.00000056   0.00017723
 H   1.0   1.66771636   0.23793591  -0.90250452   1.00782500  -0.00284042   0.00000534  -0.00101718
 H   1.0   1.86583916   0.20454696   3.38903255   1.00782500  -0.00180271  -0.00032911  -0.00077037
 H   1.0  -1.46868722   0.11907749   3.37360452   1.00782500   0.00187872   0.00027245  -0.00022802
 H   1.0  -1.92674754   0.31647887  -1.10550137   1.00782500   0.00029417  -0.00001564   0.00075794
States
Ekin        0.019282151349 a.u.
Epot_harm   0.048317950393 a.u.
Epot        0.048317950393 a.u.
Etot_harm   0.067600101742 a.u.
Etot        0.067600101742 a.u.


Index     464
Atoms
 C   6.0   0.02382867   0.04190656   0.00739019  12.00000000  -0.00006113   0.00026626  -0.00025811
 N   7.0  -0.02875706  -0.04852605   2.50754105  14.00307400  -0.00010935  -0.00024749   0.00029502
 H   1.0   1.90326165  -0.30532071  -0.93280368   1.00782500  -0.00004850  -0.00067699  -0.00179480
 H   1.0   1.65954533   0.40964575   3.31466180   1.00782500   0.00130702   0.00090927   0.00149521
 H   1.0  -1.61281718  -0.00233496   3.34385104   1.00782500   0.00007612   0.00149476   0.00086572
 H   1.0  -1.83415302   0.07327351  -0.45919332   1.00782500   0.00091256  -0.00145866  -0.00159196
States
Ekin        0.019236782611 a.u.
Epot_harm   0.038719538773 a.u.
Epot        0.038719538773 a.u.
Etot_harm   0.057956321383 a.u.
Etot        0.057956321383 a.u.


Index     465
Atoms
 C   6.0   0.01637972  -0.00747159   0.08405573  12.00000000  -0.00018414   0.00018702  -0.00046744
 N   7.0  -0.02640665  -0.04829753   2.45900264  14.00307400   0.00006539   0.00026545   0.00057824
 H   1.0   1.70571745  -0.22964597  -1.04481476   1.00782500  -0.00014325  -0.00089920  -0.00243125
 H   1.0   1.54883632   0.63964751   3.35564564   1.00782500  -0.00099926  -0.00190890   0.00079550
 H   1.0  -1.45946488  -0.10045067   3.68559005   1.00782500   0.00031164  -0.00125173  -0.00114015
 H   1.0  -1.62321606   0.45047481  -0.96833896   1.00782500   0.00211488  -0.00185526   0.00030733
States
Ekin        0.029530325675 a.u.
Epot_harm   0.028740954588 a.u.
Epot        0.028740954588 a.u.
Etot_harm   0.058271280263 a.u.
Etot        0.058271280263 a.u.


Index     466
Atoms
 C   6.0  -0.03295620   0.00985958   0.04669718  12.00000000   0.00006991  -0.00008562   0.00012883
 N   7.0   0.02254273  -0.03235451   2.51438303  14.00307400   0.00006154   0.00004025   0.00006216
 H   1.0   1.91397649   0.05564882  -0.95369862   1.00782500   0.00029814   0.00062686  -0.00042868
 H   1.0   1.72517412   0.10601959   3.65596827   1.00782500  -0.00337019  -0.00044113  -0.00206436
 H   1.0  -1.61597066   0.21474654   3.19248348   1.00782500   0.00166199   0.00017691  -0.00055548
 H   1.0  -1.94399263  -0.04426638  -1.19132378   1.00782500  -0.00027734   0.00009759   0.00065091
States
Ekin        0.018894922672 a.u.
Epot_harm   0.038835319311 a.u.
Epot        0.038835319311 a.u.
Etot_harm   0.057730241983 a.u.
Etot        0.057730241983 a.u.


Index     467
Atoms
 C   6.0  -0.02994931  -0.01048873   0.07237061  12.00000000   0.00020582  -0.00026202  -0.00023598
 N   7.0   0.02447296  -0.03974997   2.47417187  14.00307400  -0.00011789   0.00004712   0.00006266
 H   1.0   1.80551999   0.24804446  -1.13679905   1.00782500  -0.00157260   0.00262068   0.00049969
 H   1.0   1.81172630   0.07844691   3.89452209   1.00782500  -0.00261502  -0.00113552   0.00114142
 H   1.0  -1.79074318   0.37713136   3.32936041   1.00782500   0.00417689   0.00166450   0.00026651
 H   1.0  -1.80993776  -0.02643532  -1.13063541   1.00782500  -0.00080197  -0.00068453   0.00003154
States
Ekin        0.039412106516 a.u.
Epot_harm   0.058392436422 a.u.
Epot        0.058392436422 a.u.
Etot_harm   0.097804542938 a.u.
Etot        0.097804542938 a.u.


Index     468
Atoms
 C   6.0   0.01650707   0.03209786   0.03678584  12.00000000  -0.00010190   0.00014515   0.00016184
 N   7.0  -0.01137890   0.02056299   2.52286073  14.00307400  -0.00022825  -0.00005724  -0.00021616
 H   1.0   1.74068093  -0.21563885  -0.91683927   1.00782500   0.00066955  -0.00061986  -0.00284774
 H   1.0   1.58541193  -0.11514987   3.28364837   1.00782500   0.00105186  -0.00014064   0.00235558
 H   1.0  -1.48756159  -0.19309046   3.55565869   1.00782500   0.00100994   0.00035264   0.00120904
 H   1.0  -1.87697567  -0.14401392  -1.21881812   1.00782500   0.00165338  -0.00052513   0.00035950
States
Ekin        0.021640734645 a.u.
Epot_harm   0.028342704422 a.u.
Epot        0.028342704422 a.u.
Etot_harm   0.049983439066 a.u.
Etot        0.049983439066 a.u.


Index     469
Atoms
 C   6.0  -0.04998617  -0.02890588   0.13734418  12.00000000  -0.00046231   0.00014091   0.00032181
 N   7.0   0.03677887   0.01262511   2.42866701  14.00307400   0.00007936  -0.00021735  -0.00028477
 H   1.0   1.63186759   0.18795798  -0.90815671   1.00782500   0.00313918  -0.00001147   0.00127494
 H   1.0   1.67499467  -0.11019859   3.53361288   1.00782500   0.00311181   0.00090639   0.00093523
 H   1.0  -1.77319546   0.05320838   3.19015625   1.00782500  -0.00124552   0.00100648  -0.00112698
 H   1.0  -1.44950865   0.03779194  -1.00053303   1.00782500  -0.00060347  -0.00055925  -0.00095825
States
Ekin        0.031452396277 a.u.
Epot_harm   0.032754228457 a.u.
Epot        0.032754228457 a.u.
Etot_harm   0.064206624733 a.u.
Etot        0.064206624733 a.u.


Index     470
Atoms
 C   6.0   0.01810089   0.00917552  -0.07410176  12.00000000   0.00030150   0.00011430  -0.00023956
 N   7.0  -0.01884073  -0.01166697   2.61007407  14.00307400   0.00016603  -0.00022860   0.00002142
 H   1.0   1.83829267   0.06108243  -1.11747695   1.00782500   0.00071052  -0.00009494  -0.00106938
 H   1.0   1.78364676  -0.04213766   3.46300782   1.00782500  -0.00270470   0.00093695  -0.00052364
 H   1.0  -1.67937796   0.14251475   3.42811689   1.00782500  -0.00221224   0.00136312   0.00211365
 H   1.0  -1.89630599  -0.10860582  -0.96145107   1.00782500  -0.00169031  -0.00038988   0.00203416
States
Ekin        0.028975711514 a.u.
Epot_harm   0.038048428786 a.u.
Epot        0.038048428786 a.u.
Etot_harm   0.067024140299 a.u.
Etot        0.067024140299 a.u.


Index     471
Atoms
 C   6.0   0.02414144   0.00811431   0.05561741  12.00000000   0.00029701   0.00005243  -0.00033697
 N   7.0  -0.01179999  -0.03183416   2.45414879  14.00307400  -0.00004342  -0.00007306   0.00044617
 H   1.0   1.80451895   0.03723659  -0.98404598   1.00782500  -0.00119980  -0.00071246  -0.00024016
 H   1.0   1.64863728   0.13346547   3.69043370   1.00782500  -0.00243166   0.00099936  -0.00165322
 H   1.0  -1.60096180   0.18645884   3.53435348   1.00782500   0.00152470  -0.00056426  -0.00072915
 H   1.0  -1.97568920  -0.01146162  -0.80660788   1.00782500  -0.00082630   0.00066812   0.00043545
States
Ekin        0.019713170274 a.u.
Epot_harm   0.017215355739 a.u.
Epot        0.017215355739 a.u.
Etot_harm   0.036928526014 a.u.
Etot        0.036928526014 a.u.


Index     472
Atoms
 C   6.0  -0.00199702   0.02412764   0.08897121  12.00000000  -0.00008650  -0.00003303   0.00033231
 N   7.0  -0.00406693   0.00270282   2.43658871  14.00307400   0.00025355  -0.00010942  -0.00054423
 H   1.0   1.77824995  -0.05398207  -0.99208142   1.00782500   0.00072990   0.00016888   0.00053428
 H   1.0   1.68722985  -0.11382445   3.58772460   1.00782500  -0.00275614   0.00087681   0.00055073
 H   1.0  -1.67246864   0.01914413   3.61945269   1.00782500  -0.00015133   0.00028756   0.00101285
 H   1.0  -1.71272559  -0.17617526  -0.93411462   1.00782500  -0.00031543   0.00058037   0.00150715
States
Ekin        0.018334289021 a.u.
Epot_harm   0.015746281302 a.u.
Epot        0.015746281302 a.u.
Etot_harm   0.034080570322 a.u.
Etot        0.034080570322 a.u.


Index     473
Atoms
 C   6.0  -0.00842742   0.01161430   0.02385519  12.00000000   0.00011222  -0.00006230   0.00010378
 N   7.0   0.02261514   0.02514206   2.49904836  14.00307400   0.00027640  -0.00005159  -0.00007780
 H   1.0   1.60155925  -0.25402425  -1.09888967   1.00782500  -0.00050865   0.00089451  -0.00104025
 H   1.0   1.46837524   0.02441683   3.92118241   1.00782500  -0.00376517  -0.00012984  -0.00066239
 H   1.0  -1.52566047  -0.32612083   3.38437546   1.00782500  -0.00027762   0.00078878   0.00222097
 H   1.0  -1.75815280   0.06810609  -1.01819800   1.00782500  -0.00062512  -0.00009477  -0.00067299
States
Ekin        0.022802177997 a.u.
Epot_harm   0.022833493661 a.u.
Epot        0.022833493661 a.u.
Etot_harm   0.045635671657 a.u.
Etot        0.045635671657 a.u.


Index     474
Atoms
 C   6.0   0.00629307  -0.04118128   0.05983448  12.00000000   0.00002783   0.00022058  -0.00031353
 N   7.0   0.00538665   0.00209347   2.44686909  14.00307400  -0.00043910  -0.00000074   0.00000845
 H   1.0   1.78754110   0.21356286  -0.71521049   1.00782500   0.00058803  -0.00133995   0.00225923
 H   1.0   1.68031741   0.01461855   3.64397999   1.00782500   0.00328568   0.00009638  -0.00082781
 H   1.0  -1.61961671   0.07493199   3.29294961   1.00782500   0.00080492  -0.00038051   0.00060918
 H   1.0  -1.99801636   0.15813767  -0.73665105   1.00782500   0.00109100  -0.00099198   0.00157515
States
Ekin        0.026688943044 a.u.
Epot_harm   0.024080610516 a.u.
Epot        0.024080610516 a.u.
Etot_harm   0.050769553560 a.u.
Etot        0.050769553560 a.u.


Index     475
Atoms
 C   6.0   0.00920154   0.00189657   0.03805456  12.00000000   0.00026764  -0.00022143  -0.00017099
 N   7.0   0.00084603   0.00204391   2.49093647  14.00307400  -0.00008172  -0.00018005   0.00039361
 H   1.0   1.86890618  -0.01787605  -1.12250976   1.00782500   0.00087405   0.00149783   0.00018779
 H   1.0   1.62500087  -0.00709040   3.64989225   1.00782500  -0.00149605   0.00109236  -0.00221722
 H   1.0  -1.69968241  -0.02002693   3.33544559   1.00782500   0.00185087   0.00145500  -0.00000327
 H   1.0  -1.91554093  -0.00598750  -0.73071785   1.00782500  -0.00328020   0.00109305  -0.00140030
States
Ekin        0.032492078299 a.u.
Epot_harm   0.012649257163 a.u.
Epot        0.012649257163 a.u.
Etot_harm   0.045141335462 a.u.
Etot        0.045141335462 a.u.


Index     476
Atoms
 C   6.0  -0.01428575  -0.01666080   0.00691899  12.00000000  -0.00026472   0.00019911   0.00026365
 N   7.0  -0.01514583   0.03200924   2.49706751  14.00307400  -0.00027073   0.00005334  -0.00054391
 H   1.0   1.69109355   0.18334568  -0.64964323   1.00782500  -0.00050693  -0.00140746   0.00047895
 H   1.0   1.75970462  -0.32039830   3.45492402   1.00782500   0.00380331  -0.00057859   0.00294575
 H   1.0  -1.48165032   0.02184537   3.46691517   1.00782500   0.00085087  -0.00064852   0.00145476
 H   1.0  -1.58860831  -0.13116315  -0.85454661   1.00782500   0.00276624  -0.00047736  -0.00046144
States
Ekin        0.041167554317 a.u.
Epot_harm   0.038245108700 a.u.
Epot        0.038245108700 a.u.
Etot_harm   0.079412663017 a.u.
Etot        0.079412663017 a.u.


Index     477
Atoms
 C   6.0   0.05821470  -0.01217289   0.10305170  12.00000000  -0.00000106   0.00040769  -0.00018879
 N   7.0  -0.02965557  -0.00243097   2.44204976  14.00307400  -0.00015581  -0.00016342   0.00010964
 H   1.0   1.50547853   0.27268541  -1.27390040   1.00782500   0.00098621  -0.00182265   0.00000772
 H   1.0   1.49966106  -0.20210568   3.59858992   1.00782500   0.00286434   0.00002491  -0.00066549
 H   1.0  -1.48599768   0.26134045   3.80245090   1.00782500  -0.00189093   0.00034908  -0.00004215
 H   1.0  -1.80024951  -0.15320292  -1.08969102   1.00782500   0.00021778  -0.00113505   0.00142443
States
Ekin        0.021665073860 a.u.
Epot_harm   0.037703700925 a.u.
Epot        0.037703700925 a.u.
Etot_harm   0.059368774786 a.u.
Etot        0.059368774786 a.u.


Index     478
Atoms
 C   6.0  -0.00001815   0.04532472   0.11592569  12.00000000   0.00023659  -0.00012486   0.00017955
 N   7.0   0.02160543  -0.05192380   2.43927360  14.00307400   0.00006777   0.00006357  -0.00022896
 H   1.0   1.65350391  -0.06275177  -0.99805928   1.00782500  -0.00071006  -0.00009473  -0.00143620
 H   1.0   1.68085804   0.14802870   3.63748469   1.00782500   0.00034604   0.00027217   0.00096157
 H   1.0  -1.78775369   0.28648527   3.15896181   1.00782500  -0.00277437  -0.00061623   0.00000328
 H   1.0  -1.84658565  -0.18998846  -0.87565326   1.00782500  -0.00062031   0.00104215   0.00151462
States
Ekin        0.016227068597 a.u.
Epot_harm   0.021498212946 a.u.
Epot        0.021498212946 a.u.
Etot_harm   0.037725281543 a.u.
Etot        0.037725281543 a.u.


Index     479
Atoms
 C   6.0   0.02885259  -0.00981210  -0.04480004  12.00000000  -0.00004822   0.00007547   0.00050893
 N   7.0  -0.05800104   0.03029548   2.54558932  14.00307400  -0.00001621  -0.00022142  -0.00048611
 H   1.0   1.80539482  -0.15060181  -1.05238131   1.00782500  -0.00017078  -0.00027796   0.00018196
 H   1.0   1.85040162   0.01159566   3.39378112   1.00782500  -0.00037191   0.00122613  -0.00023404
 H   1.0  -1.56296723  -0.31037013   3.69531560   1.00782500   0.00042088   0.00084257   0.00083571
 H   1.0  -1.63048527   0.14527123  -0.67743555   1.00782500   0.00092114   0.00038707  -0.00008921
States
Ekin        0.010661309639 a.u.
Epot_harm   0.045551454924 a.u.
Epot        0.045551454924 a.u.
Etot_harm   0.056212764562 a.u.
Etot        0.056212764562 a.u.


Index     480
Atoms
 C   6.0  -0.00426770   0.02414244   0.02800508  12.00000000  -0.00021567  -0.00006813   0.00016926
 N   7.0   0.01986229  -0.00203348   2.49483223  14.00307400   0.00004682   0.00008022   0.00015706
 H   1.0   1.55835788  -0.18717854  -0.71303661   1.00782500   0.00183160  -0.00010602  -0.00115312
 H   1.0   1.57640200   0.06458617   3.45651858   1.00782500  -0.00201142  -0.00032081   0.00062711
 H   1.0  -1.66785729  -0.10842385   3.33765164   1.00782500   0.00330827  -0.00025990  -0.00142599
 H   1.0  -1.69206144  -0.02818990  -0.88349502   1.00782500  -0.00121097   0.00038335  -0.00224550
States
Ekin        0.027958437014 a.u.
Epot_harm   0.027140039478 a.u.
Epot        0.027140039478 a.u.
Etot_harm   0.055098476492 a.u.
Etot        0.055098476492 a.u.


Index     481
Atoms
 C   6.0   0.00214682  -0.00095513   0.09003611  12.00000000   0.00015153  -0.00042639  -0.00022118
 N   7.0  -0.00467471  -0.00512128   2.46353551  14.00307400  -0.00003709   0.00010223   0.00006019
 H   1.0   1.97396014   0.01107282  -0.88690580   1.00782500  -0.00282793   0.00111781   0.00014480
 H   1.0   1.68173591   0.03031373   3.17117955   1.00782500   0.00074198   0.00073099   0.00040069
 H   1.0  -1.75654112   0.02730342   3.45709786   1.00782500  -0.00099474  -0.00064698   0.00169057
 H   1.0  -1.85976471   0.01383939  -0.84747841   1.00782500   0.00179173   0.00245462  -0.00043881
States
Ekin        0.025209377032 a.u.
Epot_harm   0.021196126805 a.u.
Epot        0.021196126805 a.u.
Etot_harm   0.046405503837 a.u.
Etot        0.046405503837 a.u.


Index     482
Atoms
 C   6.0   0.02162449  -0.02079671   0.09597336  12.00000000   0.00028763  -0.00030699  -0.00028652
 N   7.0  -0.03690263  -0.00168902   2.44594160  14.00307400  -0.00000047   0.00021240   0.00006236
 H   1.0   1.73473499  -0.13830677  -1.04926983   1.00782500  -0.00002902   0.00047011  -0.00095514
 H   1.0   1.73933594   0.29470738   3.45561972   1.00782500  -0.00058768  -0.00018221   0.00113124
 H   1.0  -1.50494751  -0.21998050   3.37211719   1.00782500  -0.00099024  -0.00108482   0.00055567
 H   1.0  -1.71386448   0.33467063  -0.71081166   1.00782500  -0.00181132   0.00150103   0.00181343
States
Ekin        0.016415982507 a.u.
Epot_harm   0.026679814681 a.u.
Epot        0.026679814681 a.u.
Etot_harm   0.043095797188 a.u.
Etot        0.043095797188 a.u.


Index     483
Atoms
 C   6.0   0.04081961  -0.01200067   0.08799313  12.00000000  -0.00018144   0.00023994  -0.00002788
 N   7.0  -0.02426511   0.01455114   2.47728844  14.00307400   0.00008916  -0.00024424   0.00044245
 H   1.0   1.60583652  -0.04547901  -1.16890932   1.00782500   0.00124760  -0.00097563  -0.00298133
 H   1.0   1.57183346   0.02268464   3.19929929   1.00782500  -0.00039988   0.00121347  -0.00009227
 H   1.0  -1.67664429  -0.14636031   3.46170192   1.00782500  -0.00014924   0.00083436  -0.00093511
 H   1.0  -1.64990987   0.10986589  -0.76496123   1.00782500   0.00022311  -0.00053558  -0.00180689
States
Ekin        0.021112310052 a.u.
Epot_harm   0.020566963068 a.u.
Epot        0.020566963068 a.u.
Etot_harm   0.041679273119 a.u.
Etot        0.041679273119 a.u.


Index     484
Atoms
 C   6.0   0.02503451   0.04600645   0.03551614  12.00000000   0.00046864  -0.00004966   0.00019101
 N   7.0  -0.05751892  -0.00277002   2.48200405  14.00307400  -0.00001693   0.00003195  -0.00017935
 H   1.0   2.07768705  -0.16174832  -0.94580941   1.00782500  -0.00274470   0.00071507  -0.00167646
 H   1.0   1.57886374  -0.09689007   3.14739766   1.00782500  -0.00130298  -0.00052709  -0.00025663
 H   1.0  -1.35421266   0.00147992   3.87350214   1.00782500  -0.00122766   0.00035144   0.00217161
 H   1.0  -1.80123168  -0.25214480  -0.78864553   1.00782500  -0.00006943  -0.00039205  -0.00002086
States
Ekin        0.021103444639 a.u.
Epot_harm   0.040325962477 a.u.
Epot        0.040325962477 a.u.
Etot_harm   0.061429407116 a.u.
Etot        0.061429407116 a.u.


Index     485
Atoms
 C   6.0   0.03003792   0.04204270   0.09356280  12.00000000  -0.00005669   0.00000432   0.00019991
 N   7.0   0.01297125  -0.01792479   2.46567650  14.00307400   0.00032103   0.00003575   0.00024283
 H   1.0   1.66243801  -0.20374357  -1.27143080   1.00782500  -0.00108951   0.00008687  -0.00202901
 H   1.0   1.43226589   0.08140134   3.49063566   1.00782500  -0.00351699  -0.00050025  -0.00168003
 H   1.0  -1.80531086  -0.00321595   3.47154540   1.00782500  -0.00029124   0.00024140  -0.00029314
 H   1.0  -1.82727660  -0.12598373  -0.86859620   1.00782500   0.00111222  -0.00037629  -0.00175210
States
Ekin        0.025937529826 a.u.
Epot_harm   0.023400988226 a.u.
Epot        0.023400988226 a.u.
Etot_harm   0.049338518052 a.u.
Etot        0.049338518052 a.u.


Index     486
Atoms
 C   6.0  -0.01047325   0.03162913   0.09079150  12.00000000  -0.00020871  -0.00017593   0.00014681
 N   7.0   0.00670852  -0.00896671   2.47294840  14.00307400  -0.00035188   0.00003042  -0.00006764
 H   1.0   1.72599361  -0.05843979  -0.85484725   1.00782500   0.00169617   0.00093225  -0.00173393
 H   1.0   1.62594497  -0.07397990   3.27752640   1.00782500   0.00284672  -0.00027323   0.00112804
 H   1.0  -1.62960698   0.08425815   3.40032041   1.00782500   0.00147193   0.00041210  -0.00069858
 H   1.0  -1.69083890  -0.20385452  -1.06888663   1.00782500   0.00135938   0.00060092   0.00049622
States
Ekin        0.022466886284 a.u.
Epot_harm   0.008876175196 a.u.
Epot        0.008876175196 a.u.
Etot_harm   0.031343061481 a.u.
Etot        0.031343061481 a.u.


Index     487
Atoms
 C   6.0   0.01764949  -0.00782802   0.05134709  12.00000000  -0.00010797  -0.00017855  -0.00044325
 N   7.0  -0.03350990  -0.00560555   2.47875710  14.00307400   0.00031663   0.00029290   0.00017621
 H   1.0   1.77515404   0.11091392  -0.76379670   1.00782500  -0.00002742   0.00008632   0.00154809
 H   1.0   1.73054372  -0.03119938   3.25842409   1.00782500  -0.00094913  -0.00093104   0.00008898
 H   1.0  -1.47367902   0.11271808   3.43192965   1.00782500  -0.00200473  -0.00175539   0.00126183
 H   1.0  -1.77656998  -0.02134032  -0.78349430   1.00782500  -0.00013252   0.00065638  -0.00006954
States
Ekin        0.017646945364 a.u.
Epot_harm   0.016581390189 a.u.
Epot        0.016581390189 a.u.
Etot_harm   0.034228335552 a.u.
Etot        0.034228335552 a.u.


Index     488
Atoms
 C   6.0  -0.02068458   0.04590592   0.03405371  12.00000000  -0.00000300  -0.00039995   0.00014063
 N   7.0  -0.00150367  -0.05095764   2.50538315  14.00307400   0.00004385   0.00018034  -0.00017213
 H   1.0   1.69930369  -0.08518617  -0.64033158   1.00782500   0.00020371   0.00175753   0.00065319
 H   1.0   1.55404433   0.16189925   3.22454117   1.00782500   0.00086855  -0.00053681   0.00210807
 H   1.0  -1.40079442   0.26065269   3.41587471   1.00782500   0.00035357  -0.00038651  -0.00081849
 H   1.0  -1.58537324  -0.17593647  -1.02106394   1.00782500  -0.00199927   0.00142228  -0.00122558
States
Ekin        0.018883197671 a.u.
Epot_harm   0.045073380287 a.u.
Epot        0.045073380287 a.u.
Etot_harm   0.063956577958 a.u.
Etot        0.063956577958 a.u.


Index     489
Atoms
 C   6.0  -0.02118896  -0.02784837   0.06313344  12.00000000  -0.00009525   0.00050091  -0.00010177
 N   7.0   0.01279513   0.02320258   2.46669600  14.00307400   0.00004984  -0.00018662  -0.00012361
 H   1.0   1.87906195  -0.06661549  -0.69232808   1.00782500  -0.00148429  -0.00283914  -0.00053727
 H   1.0   1.71267139   0.08514671   3.34069546   1.00782500   0.00065211   0.00179201   0.00013245
 H   1.0  -1.73705268  -0.25865060   3.51476903   1.00782500  -0.00228405  -0.00073845  -0.00007751
 H   1.0  -1.78016737   0.24932028  -0.99283055   1.00782500   0.00355791  -0.00158577   0.00341162
States
Ekin        0.046953816807 a.u.
Epot_harm   0.014919438104 a.u.
Epot        0.014919438104 a.u.
Etot_harm   0.061873254911 a.u.
Etot        0.061873254911 a.u.


Index     490
Atoms
 C   6.0  -0.06724151  -0.01600512   0.06253391  12.00000000  -0.00014662   0.00003689  -0.00000774
 N   7.0   0.01064744   0.06330659   2.48353694  14.00307400   0.00002203  -0.00003001  -0.00005835
 H   1.0   1.94868467   0.08347142  -0.59099771   1.00782500  -0.00093712  -0.00142774  -0.00050995
 H   1.0   1.76435724  -0.43766248   3.25733830   1.00782500  -0.00115451   0.00146634   0.00148409
 H   1.0  -1.53598762  -0.19890814   3.45418558   1.00782500   0.00182744  -0.00114614  -0.00171746
 H   1.0  -1.52436031  -0.13593455  -1.17707582   1.00782500   0.00170382   0.00108529   0.00164611
States
Ekin        0.021690929650 a.u.
Epot_harm   0.025775118506 a.u.
Epot        0.025775118506 a.u.
Etot_harm   0.047466048156 a.u.
Etot        0.047466048156 a.u.


Index     491
Atoms
 C   6.0   0.00656585   0.01220003   0.03154436  12.00000000   0.00019813  -0.00018819   0.00007164
 N   7.0  -0.04001065  -0.00431402   2.50057258  14.00307400  -0.00012831   0.00020802  -0.00035175
 H   1.0   1.85722258  -0.15472947  -1.12463059   1.00782500  -0.00208013   0.00111954   0.00207982
 H   1.0   1.67158382   0.12137065   3.43287458   1.00782500   0.00356013  -0.00111861   0.00058293
 H   1.0  -1.43838140  -0.10821634   3.50684788   1.00782500  -0.00204418  -0.00067393   0.00109771
 H   1.0  -1.61268142   0.05625200  -0.73935330   1.00782500  -0.00001214   0.00002336   0.00027382
States
Ekin        0.030976465752 a.u.
Epot_harm   0.029550814164 a.u.
Epot        0.029550814164 a.u.
Etot_harm   0.060527279916 a.u.
Etot        0.060527279916 a.u.


Index     492
Atoms
 C   6.0   0.01728982  -0.04611474   0.00714993  12.00000000  -0.00003537  -0.00013317  -0.00022035
 N   7.0   0.00131834   0.03336282   2.52276689  14.00307400   0.00028843   0.00007783   0.00003340
 H   1.0   1.85317279   0.32049180  -1.37304043   1.00782500  -0.00061740   0.00092621   0.00143242
 H   1.0   1.46517818  -0.29194954   3.77083255   1.00782500   0.00213123  -0.00107573   0.00074982
 H   1.0  -1.63128231   0.05898987   3.72493648   1.00782500  -0.00423618   0.00078646   0.00135807
 H   1.0  -1.91125313  -0.00200656  -1.06490527   1.00782500  -0.00086399  -0.00013268  -0.00138071
States
Ekin        0.031985562183 a.u.
Epot_harm   0.045151632521 a.u.
Epot        0.045151632521 a.u.
Etot_harm   0.077137194703 a.u.
Etot        0.077137194703 a.u.


Index     493
Atoms
 C   6.0   0.01330259  -0.00808335   0.10146345  12.00000000   0.00008106   0.00006199  -0.00034006
 N   7.0  -0.01224964   0.00968569   2.41930398  14.00307400   0.00018652  -0.00003021   0.00021727
 H   1.0   1.78130804  -0.08744795  -0.80026251   1.00782500  -0.00233773   0.00032717   0.00278912
 H   1.0   1.55170613   0.07792318   3.34480569   1.00782500  -0.00116839  -0.00043379  -0.00233429
 H   1.0  -1.55986908  -0.15998651   3.60054331   1.00782500  -0.00101338   0.00060383  -0.00150879
 H   1.0  -1.76133594   0.13118191  -0.77268822   1.00782500   0.00096269  -0.00081558   0.00208414
States
Ekin        0.029964747304 a.u.
Epot_harm   0.012028837401 a.u.
Epot        0.012028837401 a.u.
Etot_harm   0.041993584705 a.u.
Etot        0.041993584705 a.u.


Index     494
Atoms
 C   6.0  -0.01279036   0.01149696   0.00028158  12.00000000  -0.00001808  -0.00025110  -0.00063502
 N   7.0  -0.00568802  -0.02275040   2.51507042  14.00307400  -0.00017784  -0.00002460   0.00037831
 H   1.0   1.88433593  -0.09705560  -0.87898131   1.00782500   0.00037770   0.00075907   0.00072719
 H   1.0   1.77461812   0.19372335   3.75353094   1.00782500  -0.00009099   0.00099414  -0.00004763
 H   1.0  -1.49813149   0.01940961   3.20162301   1.00782500   0.00171948  -0.00026332  -0.00038031
 H   1.0  -1.92949856   0.06313236  -0.82963161   1.00782500   0.00068001   0.00184171   0.00200547
States
Ekin        0.019569468341 a.u.
Epot_harm   0.047995493122 a.u.
Epot        0.047995493122 a.u.
Etot_harm   0.067564961463 a.u.
Etot        0.067564961463 a.u.


Index     495
Atoms
 C   6.0   0.01719289   0.00682753   0.08446446  12.00000000   0.00004523  -0.00002714  -0.00019824
 N   7.0   0.00114971   0.01143712   2.46069201  14.00307400   0.00012210   0.00012867   0.00027537
 H   1.0   1.59343760  -0.08418458  -1.08946889   1.00782500   0.00090916   0.00041640  -0.00040647
 H   1.0   1.66175785  -0.03284828   3.49611673   1.00782500  -0.00095692  -0.00114521   0.00028285
 H   1.0  -1.79193332  -0.10859829   3.57407348   1.00782500  -0.00000804  -0.00013398   0.00048963
 H   1.0  -1.68394947  -0.01457448  -0.98097882   1.00782500  -0.00217929  -0.00060191  -0.00183168
States
Ekin        0.013035693224 a.u.
Epot_harm   0.016850896889 a.u.
Epot        0.016850896889 a.u.
Etot_harm   0.029886590112 a.u.
Etot        0.029886590112 a.u.


Index     496
Atoms
 C   6.0  -0.02170943   0.02907117   0.11197318  12.00000000   0.00010231   0.00030733   0.00009797
 N   7.0  -0.02668649  -0.00479748   2.50137886  14.00307400   0.00001597  -0.00023997  -0.00020348
 H   1.0   1.96292692  -0.10709340  -1.11594474   1.00782500  -0.00230984  -0.00126898   0.00165410
 H   1.0   1.70910710  -0.03431495   3.04701128   1.00782500  -0.00082716   0.00118787  -0.00199399
 H   1.0  -1.44457680   0.00676135   3.52580056   1.00782500  -0.00032653   0.00048937   0.00113274
 H   1.0  -1.59817529  -0.14484057  -1.34998349   1.00782500   0.00202346  -0.00073341   0.00086791
States
Ekin        0.023441038515 a.u.
Epot_harm   0.047793284684 a.u.
Epot        0.047793284684 a.u.
Etot_harm   0.071234323199 a.u.
Etot        0.071234323199 a.u.


Index     497
Atoms
 C   6.0  -0.01780695  -0.02862817   0.03608647  12.00000000  -0.00021200   0.00003036  -0.00013070
 N   7.0   0.04172261   0.00708610   2.50508654  14.00307400   0.00003700   0.00004893   0.00033623
 H   1.0   1.77546292   0.06901755  -1.08136279   1.00782500   0.00084208   0.00037237  -0.00118355
 H   1.0   1.48980935   0.05671413   3.70640826   1.00782500  -0.00392843  -0.00088794  -0.00381705
 H   1.0  -1.78741762  -0.05495308   3.31035138   1.00782500   0.00191625   0.00035801   0.00014355
 H   1.0  -1.84553898   0.17163538  -0.97645895   1.00782500   0.00318018  -0.00088373   0.00174148
States
Ekin        0.048878479558 a.u.
Epot_harm   0.011366843388 a.u.
Epot        0.011366843388 a.u.
Etot_harm   0.060245322946 a.u.
Etot        0.060245322946 a.u.


Index     498
Atoms
 C   6.0   0.04335725   0.04598110   0.04503056  12.00000000   0.00036082   0.00000785   0.00017430
 N   7.0  -0.04478710   0.00016732   2.47948150  14.00307400   0.00009044   0.00000843  -0.00003045
 H   1.0   1.72865246  -0.19079759  -1.06596165   1.00782500  -0.00240238   0.00043674  -0.00093260
 H   1.0   1.85981233  -0.08593106   3.46255091   1.00782500  -0.00175142  -0.00026555  -0.00050262
 H   1.0  -1.66091746  -0.04096560   3.44371258   1.00782500  -0.00066870   0.00030030   0.00004213
 H   1.0  -1.82150710  -0.23211971  -0.63209439   1.00782500  -0.00073023  -0.00068206  -0.00025924
States
Ekin        0.012835894044 a.u.
Epot_harm   0.027175273293 a.u.
Epot        0.027175273293 a.u.
Etot_harm   0.040011167338 a.u.
Etot        0.040011167338 a.u.


Index     499
Atoms
 C   6.0   0.01313871  -0.01287745   0.10069079  12.00000000  -0.00052841   0.00000279  -0.00041241
 N   7.0  -0.03942512   0.02203919   2.44251559  14.00307400   0.00063153   0.00002472   0.00027407
 H   1.0   1.82620505   0.01404145  -1.02484889   1.00782500   0.00143201   0.00004645   0.00086737
 H   1.0   1.78627707  -0.08957105   3.30295239   1.00782500  -0.00052873   0.00000596   0.00073809
 H   1.0  -1.58425380  -0.11216508   3.69612213   1.00782500  -0.00373508  -0.00021464  -0.00096310
 H   1.0  -1.63688232   0.03480399  -0.91513771   1.00782500   0.00034880  -0.00021444   0.00046018
States
Ekin        0.028442727573 a.u.
Epot_harm   0.015418058373 a.u.
Epot        0.015418058373 a.u.
Etot_harm   0.043860785946 a.u.
Etot        0.043860785946 a.u.


Index     500
Atoms
 C   6.0  -0.01358692   0.02680329   0.04273537  12.00000000  -0.00022142  -0.00001921  -0.00026769
 N   7.0  -0.00392724  -0.01701262   2.52499654  14.00307400   0.00004141   0.00005865   0.00016205
 H   1.0   1.70701730  -0.15111691  -1.09293432   1.00782500   0.00124995   0.00008970  -0.00029172
 H   1.0   1.81558090   0.11456950   3.56911628   1.00782500   0.00108909  -0.00041441   0.00065619
 H   1.0  -1.61154122  -0.00472230   3.16671940   1.00782500  -0.00106182  -0.00019126  -0.00091491
 H   1.0  -1.69471345  -0.04149328  -1.03976728   1.00782500   0.00078382  -0.00007026   0.00148626
States
Ekin        0.009325380795 a.u.
Epot_harm   0.029138756628 a.u.
Epot        0.029138756628 a.u.
Etot_harm   0.038464137423 a.u.
Etot        0.038464137423 a.u.


Index     501
Atoms
 C   6.0  -0.02908427   0.04464521   0.06972322  12.00000000   0.00007893  -0.00002615   0.00015400
 N   7.0   0.00431929  -0.02186041   2.48797036  14.00307400   0.00019842  -0.00013528  -0.00013214
 H   1.0   1.75524467  -0.00636572  -1.02281509   1.00782500  -0.00135021   0.00065559   0.00110466
 H   1.0   1.71341751  -0.12204205   3.56282702   1.00782500   0.00079277   0.00013552  -0.00082224
 H   1.0  -1.57662805   0.23542775   3.31678610   1.00782500  -0.00310212   0.00135524  -0.00131017
 H   1.0  -1.60574645  -0.33486669  -1.06054895   1.00782500  -0.00003720   0.00004460   0.00102999
States
Ekin        0.018854671036 a.u.
Epot_harm   0.019354606323 a.u.
Epot        0.019354606323 a.u.
Etot_harm   0.038209277359 a.u.
Etot        0.038209277359 a.u.


Index     502
Atoms
 C   6.0  -0.00831759   0.02257905   0.05634382  12.00000000   0.00029212  -0.00009086  -0.00003817
 N   7.0   0.02233193  -0.00234372   2.46361421  14.00307400  -0.00036704   0.00027619   0.00014572
 H   1.0   1.84448496  -0.18757832  -1.03502722   1.00782500   0.00024211  -0.00005412  -0.00115905
 H   1.0   1.30063593   0.07715930   3.64995932   1.00782500   0.00022757  -0.00153618  -0.00062778
 H   1.0  -1.55028550  -0.11341000   3.42850808   1.00782500   0.00221065  -0.00108125  -0.00046254
 H   1.0  -1.80608704  -0.01245147  -0.74947196   1.00782500  -0.00105877  -0.00008407   0.00067920
States
Ekin        0.015133710240 a.u.
Epot_harm   0.021310724943 a.u.
Epot        0.021310724943 a.u.
Etot_harm   0.036444435183 a.u.
Etot        0.036444435183 a.u.


Index     503
Atoms
 C   6.0   0.00473439   0.01632583   0.06853561  12.00000000  -0.00002972  -0.00003532  -0.00025573
 N   7.0  -0.00212000  -0.02126817   2.50603804  14.00307400   0.00051991  -0.00003861   0.00018863
 H   1.0   1.67219585   0.04150305  -1.22630804   1.00782500  -0.00067107  -0.00083003   0.00163218
 H   1.0   1.63411296   0.00173898   3.43029691   1.00782500  -0.00562747   0.00127516  -0.00137884
 H   1.0  -1.67949817   0.18233165   3.56874899   1.00782500  -0.00002279  -0.00074417  -0.00032534
 H   1.0  -1.65372620  -0.12445505  -1.21338686   1.00782500  -0.00054860   0.00125613   0.00049605
States
Ekin        0.043068742650 a.u.
Epot_harm   0.013458524954 a.u.
Epot        0.013458524954 a.u.
Etot_harm   0.056527267603 a.u.
Etot        0.056527267603 a.u.


Index     504
Atoms
 C   6.0   0.03904623   0.02293841   0.08902212  12.00000000  -0.00026322   0.00017592  -0.00014809
 N   7.0   0.00127671   0.01264771   2.44203734  14.00307400  -0.00000887  -0.00020172   0.00009824
 H   1.0   1.59274923  -0.06034242  -0.94048288   1.00782500   0.00263048  -0.00070589  -0.00044070
 H   1.0   1.55457438  -0.16981215   3.40694182   1.00782500  -0.00141118   0.00096307  -0.00174563
 H   1.0  -1.77719047  -0.02847243   3.54828460   1.00782500   0.00028572   0.00066429   0.00005495
 H   1.0  -1.85278904  -0.19022839  -0.81007374   1.00782500   0.00175238  -0.00021338   0.00252972
States
Ekin        0.023692834912 a.u.
Epot_harm   0.022763033177 a.u.
Epot        0.022763033177 a.u.
Etot_harm   0.046455868090 a.u.
Etot        0.046455868090 a.u.


Index     505
Atoms
 C   6.0  -0.01740180   0.00165770   0.12097074  12.00000000   0.00007628  -0.00001452   0.00004432
 N   7.0  -0.01023471  -0.01036953   2.43792591  14.00307400  -0.00033362   0.00011905   0.00015872
 H   1.0   1.86953273   0.05890514  -0.79322902   1.00782500  -0.00021429   0.00050299  -0.00005028
 H   1.0   1.95513046  -0.00115989   3.25036320   1.00782500  -0.00025923  -0.00107067  -0.00101965
 H   1.0  -1.77178625   0.10805075   3.65949309   1.00782500   0.00364605  -0.00028445  -0.00117818
 H   1.0  -1.70347196  -0.04145620  -1.23523864   1.00782500   0.00055459  -0.00062916  -0.00048493
States
Ekin        0.018839027815 a.u.
Epot_harm   0.040768832538 a.u.
Epot        0.040768832538 a.u.
Etot_harm   0.059607860353 a.u.
Etot        0.059607860353 a.u.


Index     506
Atoms
 C   6.0  -0.02175856   0.01511307   0.06792415  12.00000000  -0.00037533   0.00001779  -0.00004614
 N   7.0  -0.01024152   0.01465901   2.45256490  14.00307400   0.00035272  -0.00013308  -0.00001918
 H   1.0   1.68506806  -0.00420477  -0.77505787   1.00782500   0.00077887   0.00066826  -0.00101347
 H   1.0   1.56361644  -0.19539576   3.42456277   1.00782500  -0.00327624   0.00014686   0.00053398
 H   1.0  -1.39254456  -0.00320682   3.61311581   1.00782500  -0.00013203   0.00112907   0.00102930
 H   1.0  -1.45476525  -0.18081890  -0.95301444   1.00782500   0.00219757  -0.00030691   0.00026607
States
Ekin        0.022191802144 a.u.
Epot_harm   0.028192618176 a.u.
Epot        0.028192618176 a.u.
Etot_harm   0.050384420320 a.u.
Etot        0.050384420320 a.u.


Index     507
Atoms
 C   6.0  -0.00445897  -0.02354427   0.11534725  12.00000000  -0.00019118   0.00026337  -0.00082269
 N   7.0  -0.00490704   0.02228712   2.45504402  14.00307400  -0.00022033  -0.00035819   0.00005847
 H   1.0   1.92862689   0.16044268  -0.82273838   1.00782500   0.00071015  -0.00075858   0.00105786
 H   1.0   1.89502775  -0.18281513   3.20156184   1.00782500   0.00387503   0.00148263   0.00476339
 H   1.0  -1.80296946   0.00743612   3.47105984   1.00782500   0.00045372   0.00158351   0.00183746
 H   1.0  -1.89941287  -0.01439107  -1.13938171   1.00782500   0.00029876  -0.00046660   0.00132450
States
Ekin        0.057124691990 a.u.
Epot_harm   0.039753386294 a.u.
Epot        0.039753386294 a.u.
Etot_harm   0.096878078284 a.u.
Etot        0.096878078284 a.u.


Index     508
Atoms
 C   6.0  -0.01290000  -0.00670819   0.00374212  12.00000000  -0.00016175  -0.00005470   0.00000145
 N   7.0   0.02159550   0.01188337   2.49165506  14.00307400   0.00011618  -0.00027283   0.00014011
 H   1.0   1.90704584  -0.04412306  -0.79093302   1.00782500   0.00224582  -0.00088095   0.00007257
 H   1.0   1.56661389   0.00646054   3.66967020   1.00782500  -0.00034448   0.00349732  -0.00201376
 H   1.0  -1.67548245  -0.11587512   3.62540042   1.00782500  -0.00120684  -0.00048565  -0.00036473
 H   1.0  -1.94463464   0.06829927  -0.97345937   1.00782500  -0.00038271   0.00231135   0.00034191
States
Ekin        0.028994531232 a.u.
Epot_harm   0.018098963796 a.u.
Epot        0.018098963796 a.u.
Etot_harm   0.047093495028 a.u.
Etot        0.047093495028 a.u.


Index     509
Atoms
 C   6.0  -0.04108121   0.03601527   0.06577955  12.00000000   0.00013811  -0.00035002   0.00009622
 N   7.0   0.04675832   0.00189497   2.48853431  14.00307400  -0.00011383   0.00002875  -0.00004720
 H   1.0   1.72195085  -0.14673768  -1.00774835   1.00782500  -0.00030001   0.00116055  -0.00095260
 H   1.0   1.44166636  -0.08275170   3.61896554   1.00782500   0.00199651   0.00066052  -0.00052573
 H   1.0  -1.68427900  -0.03559209   3.47142408   1.00782500  -0.00212617   0.00014162   0.00093692
 H   1.0  -1.63986786  -0.19007556  -1.24727134   1.00782500   0.00036685   0.00180555   0.00005146
States
Ekin        0.016437559065 a.u.
Epot_harm   0.016767676283 a.u.
Epot        0.016767676283 a.u.
Etot_harm   0.033205235347 a.u.
Etot        0.033205235347 a.u.


Index     510
Atoms
 C   6.0   0.02834046  -0.03983849   0.08124043  12.00000000  -0.00042788  -0.00003232   0.00009020
 N   7.0  -0.02458025   0.03237126   2.42495924  14.00307400   0.00032559  -0.00001950   0.00016925
 H   1.0   1.68016125   0.10941613  -1.00436821   1.00782500  -0.00043475  -0.00045473  -0.00066058
 H   1.0   1.65515726  -0.09513994   3.51646689   1.00782500  -0.00051550   0.00110013  -0.00054612
 H   1.0  -1.66402650  -0.14424297   3.68814139   1.00782500  -0.00149597  -0.00083358  -0.00110771
 H   1.0  -1.66721038   0.15453924  -0.66562578   1.00782500   0.00301705   0.00084386  -0.00111117
States
Ekin        0.020250119113 a.u.
Epot_harm   0.026473745573 a.u.
Epot        0.026473745573 a.u.
Etot_harm   0.046723864686 a.u.
Etot        0.046723864686 a.u.


Index     511
Atoms
 C   6.0  -0.02937282   0.01360362   0.13486037  12.00000000   0.00026270   0.00002552   0.00059033
 N   7.0  -0.01670765  -0.02600408   2.40373508  14.00307400   0.00009436   0.00006765  -0.00013277
 H   1.0   1.89409365   0.17811258  -0.72072174   1.00782500   0.00083131  -0.00007521  -0.00103724
 H   1.0   1.86919047  -0.09604985   3.55223670   1.00782500  -0.00338072  -0.00013034  -0.00255582
 H   1.0  -1.42518241   0.33840522   3.50362711   1.00782500   0.00060168  -0.00052591   0.00014047
 H   1.0  -1.75622269  -0.22113410  -1.14407530   1.00782500  -0.00249125  -0.00051238  -0.00173161
States
Ekin        0.032616687765 a.u.
Epot_harm   0.048714883854 a.u.
Epot        0.048714883854 a.u.
Etot_harm   0.081331571619 a.u.
Etot        0.081331571619 a.u.


Index     512
Atoms
 C   6.0   0.06453119  -0.03573092   0.06359743  12.00000000   0.00012642  -0.00017983  -0.00041333
 N   7.0  -0.00865163   0.07352996   2.48639971  14.00307400  -0.00011059   0.00009819   0.00014110
 H   1.0   1.31190194  -0.15354102  -1.18044690   1.00782500   0.00107196   0.00138153   0.00040264
 H   1.0   1.60708071  -0.12676664   3.60267123   1.00782500   0.00392796  -0.00063193   0.00124529
 H   1.0  -1.72046886  -0.56596661   3.21471687   1.00782500  -0.00328009   0.00010512   0.00083840
 H   1.0  -1.84666687   0.25006511  -0.74593030   1.00782500  -0.00168854  -0.00007782   0.00047467
States
Ekin        0.035412592809 a.u.
Epot_harm   0.046929823713 a.u.
Epot        0.046929823713 a.u.
Etot_harm   0.082342416522 a.u.
Etot        0.082342416522 a.u.


Index     513
Atoms
 C   6.0  -0.01164609  -0.01643071   0.05278567  12.00000000   0.00000025   0.00000289  -0.00015538
 N   7.0  -0.02161216   0.00130320   2.47166834  14.00307400   0.00002777  -0.00011614   0.00033483
 H   1.0   2.01574295   0.08597413  -0.86341885   1.00782500   0.00251881   0.00030616  -0.00220093
 H   1.0   1.75473512   0.00168319   3.44850672   1.00782500   0.00089898   0.00040446   0.00102946
 H   1.0  -1.51418000   0.02901904   3.38858883   1.00782500  -0.00105425   0.00078419   0.00037766
 H   1.0  -1.81734312   0.06085423  -0.74924913   1.00782500  -0.00275233   0.00008445  -0.00200830
States
Ekin        0.026498418335 a.u.
Epot_harm   0.023043075280 a.u.
Epot        0.023043075280 a.u.
Etot_harm   0.049541493614 a.u.
Etot        0.049541493614 a.u.


Index     514
Atoms
 C   6.0   0.03613778  -0.00399716   0.10494268  12.00000000   0.00005338  -0.00024272  -0.00010616
 N   7.0  -0.00892969  -0.03138542   2.45100137  14.00307400  -0.00028491   0.00015792  -0.00007580
 H   1.0   1.45659492   0.16683678  -1.20328665   1.00782500   0.00028570   0.00134887  -0.00159244
 H   1.0   1.56382505   0.06626744   3.57650699   1.00782500   0.00066780  -0.00076429   0.00103691
 H   1.0  -1.62346395   0.28178706   3.56368518   1.00782500   0.00097284  -0.00014947   0.00051490
 H   1.0  -1.70317024  -0.03121785  -1.04634839   1.00782500   0.00139681   0.00026070   0.00235791
States
Ekin        0.016407752822 a.u.
Epot_harm   0.020274082808 a.u.
Epot        0.020274082808 a.u.
Etot_harm   0.036681835630 a.u.
Etot        0.036681835630 a.u.


Index     515
Atoms
 C   6.0  -0.07065602   0.02890936   0.04220560  12.00000000   0.00007032   0.00006220   0.00014527
 N   7.0   0.07688335   0.00074478   2.48608090  14.00307400   0.00017430  -0.00003892  -0.00008649
 H   1.0   1.78706406  -0.24670926  -0.81020745   1.00782500  -0.00116066   0.00056390   0.00095248
 H   1.0   1.37980179   0.07936914   3.66278388   1.00782500   0.00043356  -0.00045079  -0.00033147
 H   1.0  -1.79886028  -0.16602361   3.53057563   1.00782500  -0.00184544   0.00060555  -0.00025751
 H   1.0  -1.59496069  -0.02120331  -1.23300256   1.00782500  -0.00068648  -0.00091858  -0.00089153
States
Ekin        0.009187879092 a.u.
Epot_harm   0.038853910767 a.u.
Epot        0.038853910767 a.u.
Etot_harm   0.048041789859 a.u.
Etot        0.048041789859 a.u.


Index     516
Atoms
 C   6.0  -0.04729364  -0.04710702   0.06811083  12.00000000   0.00046135  -0.00028338   0.00095088
 N   7.0   0.01434351   0.00271375   2.49662933  14.00307400  -0.00032257   0.00005280  -0.00059776
 H   1.0   1.75721171   0.20775780  -0.87826216   1.00782500  -0.00229185   0.00228174   0.00085296
 H   1.0   1.78536785   0.05421985   3.28553621   1.00782500   0.00088926  -0.00124050  -0.00305099
 H   1.0  -1.76041094   0.04478823   3.38822783   1.00782500   0.00074222   0.00128073  -0.00135106
 H   1.0  -1.41834506   0.21642349  -1.10036517   1.00782500  -0.00035091   0.00031869   0.00053269
States
Ekin        0.044184788212 a.u.
Epot_harm   0.029468466733 a.u.
Epot        0.029468466733 a.u.
Etot_harm   0.073653254945 a.u.
Etot        0.073653254945 a.u.


Index     517
Atoms
 C   6.0   0.06710498   0.01978574   0.09728637  12.00000000   0.00039202   0.00011082  -0.00027644
 N   7.0  -0.03885035   0.00276430   2.43365077  14.00307400  -0.00035388   0.00005888   0.00035303
 H   1.0   1.74444084  -0.08092290  -1.11197529   1.00782500  -0.00044162  -0.00039720  -0.00197584
 H   1.0   1.45086626  -0.05733646   3.34800755   1.00782500  -0.00106809  -0.00075757  -0.00127283
 H   1.0  -1.50620167  -0.02619109   3.53466210   1.00782500   0.00154424  -0.00015421  -0.00082653
 H   1.0  -1.94831252  -0.10954313  -0.54789963   1.00782500   0.00021467  -0.00082856   0.00246164
States
Ekin        0.021972539739 a.u.
Epot_harm   0.023960630006 a.u.
Epot        0.023960630006 a.u.
Etot_harm   0.045933169745 a.u.
Etot        0.045933169745 a.u.


Index     518
Atoms
 C   6.0  -0.00682465   0.00245358   0.03245080  12.00000000   0.00011233  -0.00025797  -0.00041498
 N   7.0   0.02750533  -0.01207181   2.51346735  14.00307400   0.00009804   0.00001661   0.00023440
 H   1.0   1.72804479   0.05388807  -1.27617061   1.00782500  -0.00374059   0.00114586   0.00168375
 H   1.0   1.31761471   0.01130066   3.67791943   1.00782500  -0.00135280   0.00013361  -0.00161902
 H   1.0  -1.64205370   0.11171462   3.20686516   1.00782500  -0.00086696   0.00039469  -0.00017882
 H   1.0  -1.70451449  -0.03838784  -0.72283268   1.00782500   0.00326074   0.00116665   0.00179827
States
Ekin        0.039235319949 a.u.
Epot_harm   0.031013084269 a.u.
Epot        0.031013084269 a.u.
Etot_harm   0.070248404218 a.u.
Etot        0.070248404218 a.u.


Index     519
Atoms
 C   6.0   0.00282978  -0.02681121   0.02439437  12.00000000  -0.00063267  -0.00015572   0.00012797
 N   7.0   0.03196275   0.01484653   2.49443896  14.00307400   0.00007279   0.00014599   0.00020268
 H   1.0   1.88470902  -0.07986060  -0.99973396   1.00782500   0.00505367   0.00028969   0.00057986
 H   1.0   1.52673427   0.15217656   3.72421824   1.00782500   0.00194123  -0.00042189  -0.00134236
 H   1.0  -1.81216091  -0.23873046   3.27482137   1.00782500   0.00014884  -0.00056869  -0.00413759
 H   1.0  -2.07707770   0.27936809  -0.75321074   1.00782500  -0.00062196   0.00052662   0.00056023
States
Ekin        0.051768662661 a.u.
Epot_harm   0.025576269538 a.u.
Epot        0.025576269538 a.u.
Etot_harm   0.077344932198 a.u.
Etot        0.077344932198 a.u.


Index     520
Atoms
 C   6.0  -0.00508608  -0.04079540  -0.00203440  12.00000000   0.00022899  -0.00013028   0.00056112
 N   7.0  -0.01834889   0.01565689   2.50849170  14.00307400   0.00023894   0.00025518  -0.00027964
 H   1.0   1.77627436   0.05884564  -0.84128122   1.00782500  -0.00046559   0.00069935  -0.00073123
 H   1.0   1.71483464   0.08441471   3.39288245   1.00782500  -0.00329029  -0.00192089  -0.00104920
 H   1.0  -1.59632513  -0.14162913   3.73742013   1.00782500  -0.00024405  -0.00076980   0.00085042
 H   1.0  -1.57927880   0.26657032  -0.92349722   1.00782500  -0.00204650  -0.00000302  -0.00186575
States
Ekin        0.030617453275 a.u.
Epot_harm   0.021206192424 a.u.
Epot        0.021206192424 a.u.
Etot_harm   0.051823645699 a.u.
Etot        0.051823645699 a.u.


Index     521
Atoms
 C   6.0   0.05852727   0.01087762   0.08860430  12.00000000  -0.00004461   0.00001764  -0.00035394
 N   7.0  -0.06574812   0.02603773   2.47058695  14.00307400  -0.00040193   0.00016468   0.00030188
 H   1.0   1.81682398  -0.11939353  -1.23511165   1.00782500  -0.00009302   0.00010296  -0.00066967
 H   1.0   1.94075424  -0.12374885   3.34159513   1.00782500   0.00173614  -0.00154414   0.00133996
 H   1.0  -1.61509138  -0.18557421   3.81736185   1.00782500   0.00294818  -0.00027394  -0.00154905
 H   1.0  -1.92583361  -0.06257879  -1.11087888   1.00782500   0.00152450  -0.00078305   0.00089858
States
Ekin        0.025730296010 a.u.
Epot_harm   0.059479293689 a.u.
Epot        0.059479293689 a.u.
Etot_harm   0.085209589699 a.u.
Etot        0.085209589699 a.u.


Index     522
Atoms
 C   6.0   0.00200730   0.01947059  -0.03755221  12.00000000  -0.00019646   0.00020186  -0.00021534
 N   7.0  -0.03043466  -0.03094537   2.54991463  14.00307400  -0.00002043  -0.00017420   0.00019560
 H   1.0   2.04654420  -0.03278756  -1.10414382   1.00782500   0.00234993  -0.00043147   0.00008871
 H   1.0   1.58586655   0.13115763   3.63128998   1.00782500   0.00028136   0.00029592  -0.00058532
 H   1.0  -1.32577351   0.14832132   3.66700793   1.00782500   0.00036465   0.00106768   0.00168921
 H   1.0  -1.90766803  -0.04855847  -0.98127016   1.00782500  -0.00037297  -0.00091527  -0.00134638
States
Ekin        0.014346802652 a.u.
Epot_harm   0.048211349497 a.u.
Epot        0.048211349497 a.u.
Etot_harm   0.062558152149 a.u.
Etot        0.062558152149 a.u.


Index     523
Atoms
 C   6.0  -0.01916954  -0.00571352   0.09949566  12.00000000  -0.00002135   0.00003154  -0.00033714
 N   7.0  -0.02982750   0.01253847   2.47173989  14.00307400   0.00016872  -0.00022556   0.00004416
 H   1.0   1.70317623  -0.19195460  -1.01552780   1.00782500  -0.00082266   0.00014467   0.00247066
 H   1.0   1.95768486   0.15636326   3.43381668   1.00782500  -0.00279784   0.00086349  -0.00028091
 H   1.0  -1.51678532  -0.27552201   3.48142892   1.00782500   0.00144068   0.00147008  -0.00025249
 H   1.0  -1.50139358   0.20492935  -1.23245227   1.00782500   0.00008969   0.00028012   0.00146344
States
Ekin        0.022613333515 a.u.
Epot_harm   0.039686613457 a.u.
Epot        0.039686613457 a.u.
Etot_harm   0.062299946973 a.u.
Etot        0.062299946973 a.u.


Index     524
Atoms
 C   6.0   0.00271488  -0.01134474   0.07889964  12.00000000  -0.00006463  -0.00013632  -0.00014192
 N   7.0  -0.03401235  -0.02055528   2.47419181  14.00307400   0.00009857   0.00032690   0.00026242
 H   1.0   1.72353333  -0.06817923  -0.99032093   1.00782500   0.00063423  -0.00003977   0.00103552
 H   1.0   1.88095966   0.29198463   3.33335692   1.00782500  -0.00072542  -0.00139787  -0.00100551
 H   1.0  -1.58480997  -0.04029081   3.77154417   1.00782500   0.00039892  -0.00177653  -0.00113677
 H   1.0  -1.57942909   0.23716752  -1.23614919   1.00782500  -0.00090772   0.00029527  -0.00084954
States
Ekin        0.013146201374 a.u.
Epot_harm   0.023849593307 a.u.
Epot        0.023849593307 a.u.
Etot_harm   0.036995794681 a.u.
Etot        0.036995794681 a.u.


Index     525
Atoms
 C   6.0   0.03452937  -0.04353733   0.11742041  12.00000000  -0.00031032  -0.00017102   0.00031938
 N   7.0  -0.01574850   0.03512866   2.40230969  14.00307400   0.00027748   0.00003316  -0.00051194
 H   1.0   1.77083677   0.17493511  -0.89186171   1.00782500  -0.00048626   0.00112015   0.00155163
 H   1.0   1.47743427  -0.16245832   3.59245000   1.00782500   0.00190294  -0.00028852   0.00278646
 H   1.0  -1.41124220  -0.09648448   3.52328480   1.00782500  -0.00188597   0.00024233   0.00001760
 H   1.0  -2.02934899   0.11430933  -0.80534696   1.00782500   0.00030874   0.00050160  -0.00104542
States
Ekin        0.025606951863 a.u.
Epot_harm   0.032476697832 a.u.
Epot        0.032476697832 a.u.
Etot_harm   0.058083649695 a.u.
Etot        0.058083649695 a.u.


Index     526
Atoms
 C   6.0  -0.04610998  -0.04425278   0.03671375  12.00000000  -0.00026302  -0.00036865  -0.00017878
 N   7.0   0.00335980   0.00365407   2.51811053  14.00307400   0.00015665  -0.00010212  -0.00016517
 H   1.0   1.91414201   0.15227281  -0.91678932   1.00782500   0.00071207   0.00199240   0.00150969
 H   1.0   1.72675572   0.08978532   3.39550123   1.00782500  -0.00101332   0.00067902   0.00157819
 H   1.0  -1.56236798  -0.00864467   3.43643532   1.00782500   0.00082304   0.00164731   0.00032135
 H   1.0  -1.57618828   0.24272583  -1.14463824   1.00782500   0.00043341   0.00148956   0.00101432
States
Ekin        0.019671562534 a.u.
Epot_harm   0.018403679258 a.u.
Epot        0.018403679258 a.u.
Etot_harm   0.038075241792 a.u.
Etot        0.038075241792 a.u.


Index     527
Atoms
 C   6.0   0.06471730  -0.02439521   0.06701435  12.00000000  -0.00002190  -0.00008724   0.00002178
 N   7.0  -0.03960631  -0.00530872   2.46835270  14.00307400   0.00005596   0.00009840   0.00001170
 H   1.0   1.46946148   0.18669633  -0.84779458   1.00782500  -0.00040012  -0.00048939  -0.00147092
 H   1.0   1.73185403  -0.01042602   3.36554760   1.00782500  -0.00011443   0.00043917   0.00083451
 H   1.0  -1.51372645   0.13383030   3.19558557   1.00782500  -0.00068153  -0.00146307   0.00095714
 H   1.0  -1.90786291   0.05413017  -0.61226084   1.00782500   0.00067929   0.00118482  -0.00074257
States
Ekin        0.008912957868 a.u.
Epot_harm   0.056456744066 a.u.
Epot        0.056456744066 a.u.
Etot_harm   0.065369701933 a.u.
Etot        0.065369701933 a.u.


Index     528
Atoms
 C   6.0   0.01859300  -0.04154976   0.10406860  12.00000000   0.00009661   0.00005565   0.00038911
 N   7.0  -0.01660621   0.02581904   2.41878546  14.00307400   0.00011369   0.00002723  -0.00048519
 H   1.0   1.87626914   0.21659421  -0.83948490   1.00782500  -0.00219768   0.00039514   0.00220379
 H   1.0   1.70876948  -0.15445923   3.34243188   1.00782500   0.00074712  -0.00116669   0.00034397
 H   1.0  -1.70855922  -0.00987650   3.57887980   1.00782500  -0.00079428   0.00070463   0.00034413
 H   1.0  -1.86713055   0.08372852  -0.73324307   1.00782500  -0.00048510  -0.00097396  -0.00078356
States
Ekin        0.018728410536 a.u.
Epot_harm   0.020477016727 a.u.
Epot        0.020477016727 a.u.
Etot_harm   0.039205427264 a.u.
Etot        0.039205427264 a.u.


Index     529
Atoms
 C   6.0   0.00933081   0.00593270   0.07047404  12.00000000   0.00004695   0.00032158   0.00043085
 N   7.0  -0.03870663   0.02396266   2.44306134  14.00307400  -0.00019439  -0.00013937  -0.00008706
 H   1.0   1.93139899  -0.15302045  -0.85804273   1.00782500  -0.00180612  -0.00200940  -0.00194744
 H   1.0   1.80706468  -0.04101056   3.47068263   1.00782500  -0.00110968   0.00104264  -0.00034816
 H   1.0  -1.49100766  -0.23256547   3.43871385   1.00782500   0.00266965  -0.00031811   0.00038957
 H   1.0  -1.82075290   0.02301124  -0.64006292   1.00782500   0.00238802  -0.00060762  -0.00201436
States
Ekin        0.032542157205 a.u.
Epot_harm   0.029333117112 a.u.
Epot        0.029333117112 a.u.
Etot_harm   0.061875274317 a.u.
Etot        0.061875274317 a.u.


Index     530
Atoms
 C   6.0  -0.01046810  -0.03214627   0.01728379  12.00000000  -0.00003341  -0.00015941  -0.00056685
 N   7.0  -0.01126657   0.02105460   2.53163951  14.00307400  -0.00026991   0.00000449   0.00055400
 H   1.0   1.78437313   0.09252668  -0.98811785   1.00782500   0.00122568   0.00100472   0.00117989
 H   1.0   1.71344675  -0.04548062   3.33776198   1.00782500   0.00256441  -0.00022041  -0.00105595
 H   1.0  -1.60595791  -0.09325356   3.43688833   1.00782500   0.00101777   0.00090245  -0.00419531
 H   1.0  -1.61067851   0.13642760  -0.97265057   1.00782500  -0.00065986   0.00014891   0.00312322
States
Ekin        0.046643658057 a.u.
Epot_harm   0.013483369714 a.u.
Epot        0.013483369714 a.u.
Etot_harm   0.060127027771 a.u.
Etot        0.060127027771 a.u.


Index     531
Atoms
 C   6.0   0.01778679  -0.02487449   0.04793701  12.00000000  -0.00033912  -0.00039694  -0.00012731
 N   7.0  -0.00449023   0.04920396   2.47246657  14.00307400  -0.00011635   0.00016984  -0.00015106
 H   1.0   1.77870702  -0.02722496  -0.95431936   1.00782500  -0.00065121   0.00180706   0.00113001
 H   1.0   1.68245944  -0.16087576   3.52423871   1.00782500   0.00050869  -0.00052504  -0.00023934
 H   1.0  -1.72632998  -0.30005661   3.77585217   1.00782500   0.00091812  -0.00012905  -0.00006263
 H   1.0  -1.88423188   0.10067658  -1.07470270   1.00782500   0.00487888   0.00121359   0.00278678
States
Ekin        0.040257543574 a.u.
Epot_harm   0.031045454217 a.u.
Epot        0.031045454217 a.u.
Etot_harm   0.071302997791 a.u.
Etot        0.071302997791 a.u.


Index     532
Atoms
 C   6.0   0.00419841   0.06396123   0.10572149  12.00000000  -0.00000257  -0.00009863   0.00041077
 N   7.0   0.01270588  -0.03007247   2.44660904  14.00307400  -0.00007331   0.00025886   0.00024875
 H   1.0   1.49267940  -0.26350917  -1.19183775   1.00782500  -0.00031172   0.00019449  -0.00369456
 H   1.0   1.46341613   0.09314945   3.68828615   1.00782500   0.00106157  -0.00140068   0.00022583
 H   1.0  -1.60502301   0.05590792   3.26173132   1.00782500   0.00026024  -0.00055912  -0.00116432
 H   1.0  -1.57760225  -0.22928631  -0.81586726   1.00782500   0.00003915  -0.00065700  -0.00371417
States
Ekin        0.033975413152 a.u.
Epot_harm   0.027898583368 a.u.
Epot        0.027898583368 a.u.
Etot_harm   0.061873996519 a.u.
Etot        0.061873996519 a.u.


Index     533
Atoms
 C   6.0  -0.01056073   0.02709565   0.07044022  12.00000000   0.00013531  -0.00002596   0.00005466
 N   7.0   0.00278303   0.01322176   2.47910798  14.00307400  -0.00030127  -0.00004223   0.00002431
 H   1.0   1.65330029  -0.23289328  -1.00737015   1.00782500  -0.00024444   0.00123654  -0.00137268
 H   1.0   1.46001746  -0.01254610   3.32831343   1.00782500   0.00120890  -0.00085426  -0.00152848
 H   1.0  -1.55702633  -0.20321649   3.64877116   1.00782500   0.00007994   0.00134881   0.00007017
 H   1.0  -1.46921498  -0.05767519  -1.05886562   1.00782500   0.00153049  -0.00083519   0.00184234
States
Ekin        0.016389750600 a.u.
Epot_harm   0.027804271940 a.u.
Epot        0.027804271940 a.u.
Etot_harm   0.044194022541 a.u.
Etot        0.044194022541 a.u.


Index     534
Atoms
 C   6.0  -0.00424526   0.06216271   0.08652518  12.00000000  -0.00057263  -0.00004413  -0.00023489
 N   7.0   0.01293628  -0.03845779   2.49093297  14.00307400   0.00019206   0.00014274   0.00016470
 H   1.0   1.72998936  -0.27092430  -0.97863513   1.00782500   0.00484751   0.00043948  -0.00135019
 H   1.0   1.58953815   0.17207300   3.55925231   1.00782500   0.00034880  -0.00190422   0.00097033
 H   1.0  -1.49609470   0.07196242   2.98881898   1.00782500  -0.00151701   0.00061162   0.00006560
 H   1.0  -1.95262642  -0.17892592  -1.01440862   1.00782500   0.00047036  -0.00060466   0.00082266
States
Ekin        0.037073295214 a.u.
Epot_harm   0.053860578994 a.u.
Epot        0.053860578994 a.u.
Etot_harm   0.090933874207 a.u.
Etot        0.090933874207 a.u.


Index     535
Atoms
 C   6.0   0.02802735   0.03929134   0.04804311  12.00000000  -0.00024691   0.00004463  -0.00007909
 N   7.0  -0.01216847   0.00534654   2.46954201  14.00307400  -0.00019878  -0.00010800   0.00004317
 H   1.0   1.64156793  -0.18929091  -1.04753349   1.00782500   0.00188634  -0.00065195  -0.00002247
 H   1.0   1.73254345  -0.08173446   3.60088848   1.00782500  -0.00114864   0.00082315  -0.00112723
 H   1.0  -1.76264415  -0.08260282   3.46889796   1.00782500   0.00284934   0.00004964  -0.00165501
 H   1.0  -1.77611112  -0.18849383  -0.71181257   1.00782500   0.00211473   0.00074836   0.00314662
States
Ekin        0.031917689131 a.u.
Epot_harm   0.020350017213 a.u.
Epot        0.020350017213 a.u.
Etot_harm   0.052267706343 a.u.
Etot        0.052267706343 a.u.


Index     536
Atoms
 C   6.0  -0.02299839  -0.04125184   0.05138248  12.00000000   0.00004298   0.00000005   0.00001341
 N   7.0   0.00273113   0.01138064   2.46551691  14.00307400   0.00038499  -0.00004143   0.00033537
 H   1.0   1.81065200   0.14822845  -0.71893175   1.00782500  -0.00258551   0.00139871  -0.00124531
 H   1.0   1.66546640   0.02035377   3.33987999   1.00782500  -0.00106356  -0.00114961  -0.00213309
 H   1.0  -1.65229257  -0.03038617   3.75769324   1.00782500  -0.00361838   0.00124498   0.00069554
 H   1.0  -1.58793509   0.19485594  -1.05203623   1.00782500   0.00140648  -0.00091912  -0.00213658
States
Ekin        0.039905403849 a.u.
Epot_harm   0.019054170584 a.u.
Epot        0.019054170584 a.u.
Etot_harm   0.058959574433 a.u.
Etot        0.058959574433 a.u.


Index     537
Atoms
 C   6.0  -0.03500589   0.01530334   0.04726639  12.00000000  -0.00055238   0.00005325  -0.00010568
 N   7.0   0.04508750  -0.05508751   2.53571450  14.00307400  -0.00006172   0.00009645   0.00055341
 H   1.0   1.46312734  -0.11901483  -0.99673422   1.00782500   0.00263791  -0.00105547  -0.00307774
 H   1.0   1.46732719   0.42256200   3.43492989   1.00782500  -0.00122389  -0.00006592  -0.00072051
 H   1.0  -1.67929614   0.12761830   3.10262585   1.00782500   0.00362913  -0.00140141  -0.00245822
 H   1.0  -1.46081065   0.15202547  -1.14055665   1.00782500   0.00239149   0.00054866  -0.00017449
States
Ekin        0.050765540758 a.u.
Epot_harm   0.057196400265 a.u.
Epot        0.057196400265 a.u.
Etot_harm   0.107961941023 a.u.
Etot        0.107961941023 a.u.


Index     538
Atoms
 C   6.0  -0.00395130   0.04011160   0.06656017  12.00000000   0.00026055   0.00047710   0.00007387
 N   7.0  -0.03268702  -0.05257581   2.46614982  14.00307400   0.00002431  -0.00001566  -0.00016878
 H   1.0   1.87618951  -0.10314174  -0.87934252   1.00782500  -0.00094985  -0.00234165   0.00145023
 H   1.0   1.75398380   0.22974795   3.26359927   1.00782500   0.00026279  -0.00008490  -0.00052803
 H   1.0  -1.52361338   0.22595277   3.69642532   1.00782500  -0.00092982  -0.00098615   0.00024501
 H   1.0  -1.60534764  -0.09965432  -0.94358895   1.00782500  -0.00182324  -0.00205050   0.00029829
States
Ekin        0.020608728453 a.u.
Epot_harm   0.014249028374 a.u.
Epot        0.014249028374 a.u.
Etot_harm   0.034857756826 a.u.
Etot        0.034857756826 a.u.


Index     539
Atoms
 C   6.0  -0.02120502   0.03147587   0.13134376  12.00000000  -0.00004386   0.00015198   0.00005722
 N   7.0   0.02254877   0.01366555   2.44115992  14.00307400   0.00001141  -0.00002247  -0.00034634
 H   1.0   1.74648710  -0.12219800  -0.90205164   1.00782500   0.00042422  -0.00123950  -0.00090509
 H   1.0   1.73722395  -0.16399943   3.54920777   1.00782500   0.00213445   0.00046123   0.00369318
 H   1.0  -1.70318608  -0.06844750   3.21398895   1.00782500  -0.00169700  -0.00079744   0.00281807
 H   1.0  -1.84134097  -0.21000676  -1.14820048   1.00782500  -0.00049796   0.00007835  -0.00147528
States
Ekin        0.033861738415 a.u.
Epot_harm   0.026553506761 a.u.
Epot        0.026553506761 a.u.
Etot_harm   0.060415245176 a.u.
Etot        0.060415245176 a.u.


Index     540
Atoms
 C   6.0   0.02092815   0.02777759   0.03959919  12.00000000  -0.00060316  -0.00001636   0.00009795
 N   7.0  -0.01526810  -0.05060536   2.47398057  14.00307400   0.00016258  -0.00019075  -0.00016362
 H   1.0   1.77760412  -0.05193449  -1.00455895   1.00782500   0.00130595  -0.00042957  -0.00045125
 H   1.0   1.52789446   0.23848694   3.56805653   1.00782500   0.00118063   0.00173347   0.00020617
 H   1.0  -1.51030700   0.22960252   3.51126764   1.00782500  -0.00214086   0.00034425   0.00084738
 H   1.0  -1.83223924  -0.04376935  -0.72545545   1.00782500   0.00457703   0.00119698   0.00050480
States
Ekin        0.037052214981 a.u.
Epot_harm   0.010216187126 a.u.
Epot        0.010216187126 a.u.
Etot_harm   0.047268402107 a.u.
Etot        0.047268402107 a.u.


Index     541
Atoms
 C   6.0  -0.03015630   0.00083983   0.00879366  12.00000000  -0.00034614  -0.00010950  -0.00019935
 N   7.0  -0.02074212   0.00422966   2.55571402  14.00307400  -0.00026706   0.00002513  -0.00021576
 H   1.0   1.82296097   0.11763683  -1.18768558   1.00782500  -0.00025811  -0.00023532   0.00280006
 H   1.0   1.85315704  -0.16332231   3.53562193   1.00782500   0.00133023   0.00061194   0.00152690
 H   1.0  -1.50833504   0.11559765   3.36115889   1.00782500   0.00414693  -0.00061227   0.00000901
 H   1.0  -1.52051880  -0.13868019  -1.12862244   1.00782500   0.00261302   0.00119026   0.00103557
States
Ekin        0.039583349598 a.u.
Epot_harm   0.047709519657 a.u.
Epot        0.047709519657 a.u.
Etot_harm   0.087292869255 a.u.
Etot        0.087292869255 a.u.


Index     542
Atoms
 C   6.0  -0.02751069  -0.01787797   0.03927487  12.00000000   0.00055778  -0.00030321  -0.00025548
 N   7.0  -0.00706622   0.00553928   2.49503554  14.00307400  -0.00037035  -0.00003351   0.00011882
 H   1.0   1.81313963  -0.01891358  -1.03772804   1.00782500  -0.00157756   0.00145496   0.00016614
 H   1.0   1.47575339   0.09500548   3.59870078   1.00782500   0.00133764   0.00012074   0.00131816
 H   1.0  -1.30965644  -0.10587442   3.32182362   1.00782500   0.00183093   0.00110329   0.00011952
 H   1.0  -1.55349104   0.16568780  -0.82217009   1.00782500  -0.00308665   0.00139682  -0.00021271
States
Ekin        0.029557187273 a.u.
Epot_harm   0.053688980067 a.u.
Epot        0.053688980067 a.u.
Etot_harm   0.083246167340 a.u.
Etot        0.083246167340 a.u.


Index     543
Atoms
 C   6.0  -0.03056656  -0.01593379   0.03885411  12.00000000  -0.00006282  -0.00012911   0.00009382
 N   7.0   0.01479946   0.03951751   2.49569645  14.00307400  -0.00044325   0.00041359  -0.00012131
 H   1.0   1.78244731   0.07716221  -0.90055945   1.00782500   0.00413064   0.00007452  -0.00062141
 H   1.0   1.96989347  -0.26267766   3.74264217   1.00782500   0.00270071  -0.00230764  -0.00027173
 H   1.0  -1.81544382  -0.11851529   3.20126546   1.00782500   0.00113594  -0.00184231   0.00072390
 H   1.0  -1.77857504  -0.05531854  -0.98689501   1.00782500  -0.00106063  -0.00013384   0.00073770
States
Ekin        0.039250157511 a.u.
Epot_harm   0.056654461794 a.u.
Epot        0.056654461794 a.u.
Etot_harm   0.095904619305 a.u.
Etot        0.095904619305 a.u.


Index     544
Atoms
 C   6.0  -0.00302090   0.00697791   0.03012712  12.00000000   0.00006535  -0.00019964  -0.00028168
 N   7.0  -0.00746484  -0.01396469   2.48812734  14.00307400   0.00015715   0.00009641   0.00006944
 H   1.0   1.93358919  -0.03080184  -1.16296202   1.00782500  -0.00016879   0.00020956   0.00083213
 H   1.0   1.45460523   0.08810420   3.64558042   1.00782500  -0.00160776   0.00034307  -0.00069352
 H   1.0  -1.48749144   0.04293695   3.55620008   1.00782500  -0.00084147  -0.00091073   0.00155206
 H   1.0  -1.76101464   0.01070622  -0.77328666   1.00782500  -0.00034356   0.00139560   0.00069842
States
Ekin        0.011453826497 a.u.
Epot_harm   0.022921130983 a.u.
Epot        0.022921130983 a.u.
Etot_harm   0.034374957480 a.u.
Etot        0.034374957480 a.u.


Index     545
Atoms
 C   6.0  -0.02988817  -0.02745112   0.02176885  12.00000000   0.00030307  -0.00000739   0.00023053
 N   7.0   0.00229921  -0.00918896   2.49107903  14.00307400   0.00009210   0.00002437   0.00005576
 H   1.0   1.84716724   0.05587069  -0.82142975   1.00782500  -0.00235591  -0.00081531  -0.00066504
 H   1.0   1.63461148   0.17886327   3.51701416   1.00782500  -0.00025490   0.00058433  -0.00042813
 H   1.0  -1.55224547  -0.00545909   3.49429796   1.00782500  -0.00102025  -0.00093360  -0.00110738
 H   1.0  -1.60560604   0.22525553  -0.86584173   1.00782500  -0.00125717   0.00091398  -0.00131908
States
Ekin        0.015131773889 a.u.
Epot_harm   0.015983468036 a.u.
Epot        0.015983468036 a.u.
Etot_harm   0.031115241925 a.u.
Etot        0.031115241925 a.u.


Index     546
Atoms
 C   6.0  -0.01489848   0.01990802   0.04855148  12.00000000   0.00007476  -0.00018277  -0.00011808
 N   7.0  -0.00567205  -0.04029047   2.47641173  14.00307400   0.00014596   0.00025225  -0.00009456
 H   1.0   2.00338634  -0.00970460  -1.06111902   1.00782500  -0.00128382  -0.00068722   0.00037657
 H   1.0   1.78694339   0.16947922   3.56056174   1.00782500  -0.00213362  -0.00005817   0.00049772
 H   1.0  -1.76769069   0.20920576   3.58035764   1.00782500   0.00000347  -0.00210873   0.00077091
 H   1.0  -1.76643598  -0.04621192  -0.87086347   1.00782500   0.00049582   0.00152554   0.00107457
States
Ekin        0.016350212877 a.u.
Epot_harm   0.037671529048 a.u.
Epot        0.037671529048 a.u.
Etot_harm   0.054021741925 a.u.
Etot        0.054021741925 a.u.


Index     547
Atoms
 C   6.0  -0.01902608   0.03293685  -0.00204861  12.00000000   0.00004441  -0.00018255   0.00003524
 N   7.0   0.02063746  -0.01881494   2.52726031  14.00307400   0.00034414   0.00011305  -0.00033680
 H   1.0   1.77913594  -0.04139037  -0.85236308   1.00782500  -0.00160621   0.00113726   0.00153189
 H   1.0   1.55054343  -0.03106243   3.51405120   1.00782500  -0.00412149  -0.00089955   0.00031512
 H   1.0  -1.63497257   0.14358433   3.49379829   1.00782500   0.00006318  -0.00001820  -0.00047422
 H   1.0  -1.75491064  -0.20188360  -1.05057081   1.00782500   0.00035408   0.00038322   0.00288723
States
Ekin        0.033805102362 a.u.
Epot_harm   0.010444860960 a.u.
Epot        0.010444860960 a.u.
Etot_harm   0.044249963323 a.u.
Etot        0.044249963323 a.u.


Index     548
Atoms
 C   6.0   0.01283267   0.03275186   0.06781846  12.00000000  -0.00030355  -0.00039725   0.00012057
 N   7.0   0.00324667  -0.01906504   2.44786974  14.00307400   0.00044205   0.00023516   0.00000580
 H   1.0   1.58401094  -0.03850287  -0.86866710   1.00782500   0.00053268   0.00089938  -0.00047131
 H   1.0   1.50234209  -0.03125569   3.43948809   1.00782500  -0.00129644  -0.00044433  -0.00099369
 H   1.0  -1.65739025   0.14696772   3.66541559   1.00782500  -0.00298041  -0.00105883  -0.00113224
 H   1.0  -1.62686960  -0.20228360  -0.86013582   1.00782500   0.00121652   0.00206636   0.00108113
States
Ekin        0.026759018480 a.u.
Epot_harm   0.024982896941 a.u.
Epot        0.024982896941 a.u.
Etot_harm   0.051741915421 a.u.
Etot        0.051741915421 a.u.


Index     549
Atoms
 C   6.0  -0.00464493  -0.02695579   0.07230668  12.00000000  -0.00034749  -0.00008424  -0.00035071
 N   7.0   0.02659486  -0.02826745   2.48323380  14.00307400  -0.00005537  -0.00007886  -0.00003014
 H   1.0   1.71585754  -0.04277918  -0.73673338   1.00782500   0.00249937   0.00066743  -0.00117269
 H   1.0   1.68296840   0.41825612   3.25806157   1.00782500  -0.00100267   0.00069557   0.00030327
 H   1.0  -1.86478661  -0.04123639   3.50500559   1.00782500  -0.00005234   0.00065856   0.00279862
 H   1.0  -1.84825127   0.37947538  -1.19503412   1.00782500   0.00346239   0.00007710   0.00266542
States
Ekin        0.037008391464 a.u.
Epot_harm   0.044738271778 a.u.
Epot        0.044738271778 a.u.
Etot_harm   0.081746663242 a.u.
Etot        0.081746663242 a.u.


Index     550
Atoms
 C   6.0   0.01204069  -0.05379563   0.06762624  12.00000000   0.00047103   0.00004571  -0.00014720
 N   7.0  -0.00078979  -0.00783474   2.46704986  14.00307400  -0.00028882  -0.00007215  -0.00006460
 H   1.0   1.65290777   0.27590134  -1.07232831   1.00782500  -0.00115190  -0.00150179   0.00118821
 H   1.0   1.54385041   0.09734332   3.59793929   1.00782500   0.00149644   0.00158175  -0.00157073
 H   1.0  -1.59704328   0.13318740   3.44188404   1.00782500  -0.00097630  -0.00087723   0.00220105
 H   1.0  -1.73210777   0.24296199  -0.85560078   1.00782500  -0.00096376   0.00125547   0.00083177
States
Ekin        0.024114142936 a.u.
Epot_harm   0.009133718145 a.u.
Epot        0.009133718145 a.u.
Etot_harm   0.033247861081 a.u.
Etot        0.033247861081 a.u.


Index     551
Atoms
 C   6.0   0.03228395   0.01526519   0.03917908  12.00000000  -0.00025386   0.00008197   0.00007362
 N   7.0  -0.00791559  -0.07038562   2.49302114  14.00307400  -0.00007266  -0.00004541   0.00008129
 H   1.0   2.01695326  -0.09221771  -1.24111714   1.00782500   0.00281683  -0.00081961  -0.00220615
 H   1.0   1.63111470   0.50204736   3.58332911   1.00782500  -0.00189874   0.00057862  -0.00195154
 H   1.0  -1.79969458   0.21258767   3.39840059   1.00782500   0.00073751  -0.00051057   0.00063600
 H   1.0  -2.12279084   0.17378513  -0.65085700   1.00782500   0.00237659   0.00040654   0.00151567
States
Ekin        0.029109512658 a.u.
Epot_harm   0.054867022040 a.u.
Epot        0.054867022040 a.u.
Etot_harm   0.083976534698 a.u.
Etot        0.083976534698 a.u.


Index     552
Atoms
 C   6.0  -0.01385775   0.00582441   0.02615885  12.00000000   0.00008323   0.00012335   0.00033657
 N   7.0   0.00654054   0.00639190   2.51046330  14.00307400   0.00011354   0.00006051   0.00002524
 H   1.0   1.66778401  -0.06789007  -0.83767625   1.00782500   0.00008107  -0.00100179  -0.00052301
 H   1.0   1.50338192  -0.00845090   3.33451780   1.00782500  -0.00191144  -0.00009461  -0.00250280
 H   1.0  -1.53573155  -0.07606499   3.44924897   1.00782500  -0.00019232  -0.00085127   0.00017208
 H   1.0  -1.56130909  -0.00575559  -0.94365274   1.00782500  -0.00054590  -0.00036175  -0.00150444
States
Ekin        0.015200584724 a.u.
Epot_harm   0.025778850372 a.u.
Epot        0.025778850372 a.u.
Etot_harm   0.040979435096 a.u.
Etot        0.040979435096 a.u.


Index     553
Atoms
 C   6.0  -0.01457223  -0.00868382   0.06265959  12.00000000  -0.00008503  -0.00013809   0.00010682
 N   7.0   0.00023118   0.01066639   2.43538490  14.00307400  -0.00009873   0.00012041  -0.00017443
 H   1.0   1.85199952  -0.00325532  -0.96044082   1.00782500  -0.00009461  -0.00006805  -0.00086555
 H   1.0   1.63670371  -0.01682505   3.64665020   1.00782500  -0.00032836   0.00009147  -0.00117295
 H   1.0  -1.69295720  -0.07414003   3.66807094   1.00782500  -0.00052770  -0.00104902   0.00292771
 H   1.0  -1.62544899   0.04941452  -0.74328494   1.00782500   0.00333491   0.00099680   0.00026258
States
Ekin        0.023526721492 a.u.
Epot_harm   0.030323713062 a.u.
Epot        0.030323713062 a.u.
Etot_harm   0.053850434554 a.u.
Etot        0.053850434554 a.u.


Index     554
Atoms
 C   6.0  -0.00644073  -0.01544234   0.01365600  12.00000000   0.00013638   0.00024610   0.00022599
 N   7.0   0.04289117   0.04042756   2.49461424  14.00307400   0.00005719  -0.00017246  -0.00017385
 H   1.0   1.82425599   0.14116419  -1.02786314   1.00782500   0.00054241  -0.00052574  -0.00167508
 H   1.0   1.23016187  -0.34189879   3.76011691   1.00782500  -0.00378666   0.00073331  -0.00092493
 H   1.0  -1.64270228  -0.05040821   3.57389290   1.00782500   0.00114377   0.00037653   0.00137722
 H   1.0  -1.93097195  -0.12670253  -0.93462716   1.00782500  -0.00031792  -0.00111826   0.00094757
States
Ekin        0.025156715942 a.u.
Epot_harm   0.035032809629 a.u.
Epot        0.035032809629 a.u.
Etot_harm   0.060189525571 a.u.
Etot        0.060189525571 a.u.


Index     555
Atoms
 C   6.0  -0.00978574  -0.06112679   0.07516957  12.00000000  -0.00006408   0.00001483   0.00008070
 N   7.0  -0.02345831   0.03383494   2.48541637  14.00307400   0.00027593   0.00012663   0.00012451
 H   1.0   1.78933660   0.10286012  -1.11840718   1.00782500   0.00213350   0.00118390  -0.00231789
 H   1.0   1.72062075   0.03698327   3.31825910   1.00782500  -0.00329760  -0.00204326  -0.00073517
 H   1.0  -1.57578398  -0.23417282   3.66309451   1.00782500  -0.00090284   0.00041477   0.00072609
 H   1.0  -1.49171826   0.35204102  -1.09606009   1.00782500  -0.00100394  -0.00149147  -0.00036392
States
Ekin        0.030763129751 a.u.
Epot_harm   0.022977800259 a.u.
Epot        0.022977800259 a.u.
Etot_harm   0.053740930010 a.u.
Etot        0.053740930010 a.u.


Index     556
Atoms
 C   6.0  -0.01719884  -0.02099987   0.10534710  12.00000000  -0.00014859  -0.00019091   0.00048269
 N   7.0   0.02765734  -0.04512000   2.41397643  14.00307400   0.00007235   0.00023225   0.00006525
 H   1.0   1.63475789   0.35606599  -0.80550120   1.00782500   0.00211218   0.00139858  -0.00078338
 H   1.0   1.46012874   0.06578631   3.73056256   1.00782500  -0.00117427  -0.00143744  -0.00045891
 H   1.0  -1.53509875   0.47607980   3.66474191   1.00782500   0.00216356  -0.00077712  -0.00254689
 H   1.0  -1.73928504  -0.02097705  -1.18962404   1.00782500  -0.00233753  -0.00013779  -0.00286480
States
Ekin        0.037457776587 a.u.
Epot_harm   0.036402297951 a.u.
Epot        0.036402297951 a.u.
Etot_harm   0.073860074538 a.u.
Etot        0.073860074538 a.u.


Index     557
Atoms
 C   6.0  -0.02299701   0.01573914   0.10061553  12.00000000   0.00061897   0.00014363  -0.00031545
 N   7.0   0.01890175  -0.01524509   2.42076384  14.00307400   0.00015363  -0.00010533   0.00031461
 H   1.0   1.83162820   0.02327674  -0.79016006   1.00782500  -0.00262783  -0.00065544   0.00033685
 H   1.0   1.67623940  -0.01737764   3.66708349   1.00782500  -0.00079582   0.00066182   0.00008804
 H   1.0  -1.67347702   0.13833779   3.31633382   1.00782500  -0.00166513   0.00021308   0.00256783
 H   1.0  -1.82319666  -0.11981949  -0.83104663   1.00782500  -0.00441576  -0.00046613  -0.00360799
States
Ekin        0.053788225602 a.u.
Epot_harm   0.016824218731 a.u.
Epot        0.016824218731 a.u.
Etot_harm   0.070612444332 a.u.
Etot        0.070612444332 a.u.


Index     558
Atoms
 C   6.0   0.02564769  -0.00785565   0.04491956  12.00000000   0.00000326  -0.00038029  -0.00005644
 N   7.0  -0.01587745   0.01692145   2.50435653  14.00307400   0.00018220   0.00049810  -0.00003844
 H   1.0   1.61727060   0.10001741  -1.13832498   1.00782500  -0.00042434   0.00061423   0.00129287
 H   1.0   1.71932773  -0.17879498   3.61067510   1.00782500  -0.00020560  -0.00151385   0.00206173
 H   1.0  -1.59299114   0.01837763   3.41276880   1.00782500   0.00028708  -0.00285276  -0.00092768
 H   1.0  -1.82838296  -0.08117670  -1.02121211   1.00782500  -0.00222742   0.00135971  -0.00122069
States
Ekin        0.029348101489 a.u.
Epot_harm   0.015480531634 a.u.
Epot        0.015480531634 a.u.
Etot_harm   0.044828633124 a.u.
Etot        0.044828633124 a.u.


Index     559
Atoms
 C   6.0  -0.00238628  -0.06394313   0.07932932  12.00000000  -0.00013118   0.00009190  -0.00011339
 N   7.0   0.01885432   0.05519271   2.42849583  14.00307400   0.00002943  -0.00005793   0.00011314
 H   1.0   1.70941179   0.16583145  -1.08258100   1.00782500   0.00031481  -0.00026837  -0.00194746
 H   1.0   1.55883474  -0.16497761   3.87334527   1.00782500   0.00053059   0.00023922   0.00213242
 H   1.0  -1.73898617  -0.25399900   3.46667918   1.00782500  -0.00038278  -0.00000639  -0.00023890
 H   1.0  -1.76281586   0.24763827  -0.74921263   1.00782500   0.00069039  -0.00025390  -0.00016791
States
Ekin        0.009495866522 a.u.
Epot_harm   0.031089149552 a.u.
Epot        0.031089149552 a.u.
Etot_harm   0.040585016074 a.u.
Etot        0.040585016074 a.u.


Index     560
Atoms
 C   6.0  -0.02321099   0.02690016   0.03065594  12.00000000   0.00018607  -0.00015089  -0.00015276
 N   7.0   0.01566148  -0.03946887   2.48527426  14.00307400  -0.00050989   0.00012613  -0.00032177
 H   1.0   1.79498687   0.11996693  -0.84338580   1.00782500  -0.00064542   0.00047445  -0.00028658
 H   1.0   1.47404825  -0.02190925   3.59636769   1.00782500   0.00297644  -0.00035221   0.00276234
 H   1.0  -1.49651621   0.37274393   3.62628573   1.00782500   0.00136405  -0.00053025   0.00181239
 H   1.0  -1.71375570  -0.24270291  -1.08039053   1.00782500   0.00117413   0.00045204   0.00200153
States
Ekin        0.031781639218 a.u.
Epot_harm   0.013824706880 a.u.
Epot        0.013824706880 a.u.
Etot_harm   0.045606346098 a.u.
Etot        0.045606346098 a.u.


Index     561
Atoms
 C   6.0  -0.00716363  -0.05363129   0.04900651  12.00000000   0.00028145   0.00016038  -0.00024220
 N   7.0   0.00355728   0.02786534   2.46879033  14.00307400  -0.00017195   0.00011185   0.00052391
 H   1.0   1.71722520   0.08714361  -0.94472664   1.00782500  -0.00246987  -0.00103086   0.00027556
 H   1.0   1.61774206   0.04872689   3.70268525   1.00782500   0.00138488  -0.00059619  -0.00379055
 H   1.0  -1.55714026  -0.20217639   3.63629588   1.00782500  -0.00127192  -0.00081253  -0.00180044
 H   1.0  -1.74195692   0.31771371  -1.08484103   1.00782500   0.00139490  -0.00102410   0.00091986
States
Ekin        0.036389773571 a.u.
Epot_harm   0.015550429004 a.u.
Epot        0.015550429004 a.u.
Etot_harm   0.051940202575 a.u.
Etot        0.051940202575 a.u.


Index     562
Atoms
 C   6.0   0.02910811  -0.03455125   0.05480705  12.00000000   0.00057824   0.00019074  -0.00002836
 N   7.0   0.00703576   0.01524340   2.50469797  14.00307400  -0.00003919   0.00013342   0.00006962
 H   1.0   1.54675602   0.19280045  -1.07342942   1.00782500   0.00000818  -0.00084916   0.00167556
 H   1.0   1.60680416  -0.09812615   3.36895279   1.00782500  -0.00187135  -0.00149648  -0.00157351
 H   1.0  -1.82422592   0.02836636   3.26493050   1.00782500   0.00122633  -0.00039931  -0.00033966
 H   1.0  -1.77367691   0.07655794  -0.81901992   1.00782500  -0.00570358  -0.00137994  -0.00039206
States
Ekin        0.048631904483 a.u.
Epot_harm   0.017423074289 a.u.
Epot        0.017423074289 a.u.
Etot_harm   0.066054978772 a.u.
Etot        0.066054978772 a.u.


Index     563
Atoms
 C   6.0   0.00533954  -0.00278164   0.06832765  12.00000000   0.00023377  -0.00003114   0.00033354
 N   7.0   0.01796575  -0.00075692   2.46537729  14.00307400  -0.00046673  -0.00016831  -0.00021939
 H   1.0   1.80835897   0.08898390  -1.13522545   1.00782500  -0.00071699   0.00038416  -0.00227725
 H   1.0   1.37014750  -0.07378089   3.55309214   1.00782500   0.00284491   0.00100414   0.00111146
 H   1.0  -1.69768557   0.08948112   3.39027323   1.00782500   0.00066303   0.00072796  -0.00190779
 H   1.0  -1.79402030  -0.06104674  -0.68135801   1.00782500   0.00091046   0.00059316   0.00215046
States
Ekin        0.030035858521 a.u.
Epot_harm   0.018109510395 a.u.
Epot        0.018109510395 a.u.
Etot_harm   0.048145368916 a.u.
Etot        0.048145368916 a.u.


Index     564
Atoms
 C   6.0   0.01660051  -0.02872365  -0.02754049  12.00000000   0.00006846  -0.00004177   0.00004817
 N   7.0   0.01094862   0.02884912   2.55005447  14.00307400   0.00002533   0.00004047   0.00011910
 H   1.0   1.85420932   0.06618778  -1.03947619   1.00782500  -0.00123425   0.00003411  -0.00037507
 H   1.0   1.32049612  -0.09381527   3.29360988   1.00782500   0.00047129  -0.00016859   0.00113208
 H   1.0  -1.70831622  -0.13796839   3.45321690   1.00782500   0.00053254  -0.00023424  -0.00114124
 H   1.0  -1.81617271   0.10676361  -0.61561757   1.00782500  -0.00093666   0.00030379  -0.00184416
States
Ekin        0.008778957230 a.u.
Epot_harm   0.061616662480 a.u.
Epot        0.061616662480 a.u.
Etot_harm   0.070395619710 a.u.
Etot        0.070395619710 a.u.


Index     565
Atoms
 C   6.0  -0.00057835  -0.00900964   0.07049232  12.00000000   0.00018074  -0.00035917  -0.00018142
 N   7.0   0.03045079  -0.00289332   2.47671313  14.00307400  -0.00014499   0.00011418   0.00019490
 H   1.0   1.82942749  -0.01058675  -0.78917624   1.00782500  -0.00388177   0.00090092   0.00103156
 H   1.0   1.37351768   0.08930933   3.44192158   1.00782500   0.00185071   0.00079637   0.00100071
 H   1.0  -1.55994113  -0.03371373   3.32817833   1.00782500   0.00131530  -0.00108214  -0.00057142
 H   1.0  -2.05921162   0.10246816  -1.03742027   1.00782500   0.00057834   0.00207500  -0.00200873
States
Ekin        0.034300770057 a.u.
Epot_harm   0.041491028188 a.u.
Epot        0.041491028188 a.u.
Etot_harm   0.075791798245 a.u.
Etot        0.075791798245 a.u.


Index     566
Atoms
 C   6.0  -0.02038031  -0.02578247   0.08355201  12.00000000   0.00030487   0.00002101   0.00000510
 N   7.0   0.03019083   0.01202733   2.45108654  14.00307400   0.00003332   0.00000053  -0.00014023
 H   1.0   1.66401191  -0.05719192  -0.86747203   1.00782500  -0.00166423  -0.00080296   0.00271649
 H   1.0   1.59618303   0.14094537   3.70616579   1.00782500   0.00015826   0.00066016  -0.00130116
 H   1.0  -1.67337841  -0.20001095   3.12261867   1.00782500  -0.00100232  -0.00099970   0.00092118
 H   1.0  -1.76363368   0.25613300  -0.81724373   1.00782500  -0.00158467   0.00088496  -0.00044884
States
Ekin        0.019045346449 a.u.
Epot_harm   0.018913918563 a.u.
Epot        0.018913918563 a.u.
Etot_harm   0.037959265012 a.u.
Etot        0.037959265012 a.u.


Index     567
Atoms
 C   6.0   0.01278646   0.00315534   0.03034082  12.00000000   0.00029684   0.00003691   0.00017286
 N   7.0  -0.00450425  -0.01539124   2.51514953  14.00307400   0.00000872  -0.00006074  -0.00018054
 H   1.0   1.72768619  -0.04187018  -1.05745485   1.00782500  -0.00136853  -0.00020305   0.00015075
 H   1.0   1.56198090   0.13456383   3.28514269   1.00782500   0.00106873   0.00044460   0.00019548
 H   1.0  -1.71349729   0.02220256   3.45205025   1.00782500  -0.00180483   0.00013750   0.00129763
 H   1.0  -1.66583242   0.06138494  -0.79220638   1.00782500  -0.00155090   0.00002538  -0.00119357
States
Ekin        0.012890760889 a.u.
Epot_harm   0.017900432292 a.u.
Epot        0.017900432292 a.u.
Etot_harm   0.030791193181 a.u.
Etot        0.030791193181 a.u.


Index     568
Atoms
 C   6.0   0.01887444  -0.00289326   0.07093928  12.00000000   0.00000129   0.00007890  -0.00050330
 N   7.0  -0.01323936  -0.02542873   2.47743350  14.00307400  -0.00005086  -0.00012261   0.00059946
 H   1.0   1.64306033  -0.02901630  -0.83515359   1.00782500   0.00039435   0.00015824  -0.00041193
 H   1.0   1.69938843   0.23016321   3.23719656   1.00782500   0.00126706   0.00028092  -0.00157187
 H   1.0  -1.64457604   0.05089334   3.63994343   1.00782500  -0.00131231   0.00069543  -0.00187995
 H   1.0  -1.73865508   0.13572495  -1.11381401   1.00782500   0.00034223  -0.00037046   0.00152735
States
Ekin        0.019449268525 a.u.
Epot_harm   0.016219458991 a.u.
Epot        0.016219458991 a.u.
Etot_harm   0.035668727516 a.u.
Etot        0.035668727516 a.u.


Index     569
Atoms
 C   6.0  -0.04971246  -0.05893618   0.02940762  12.00000000   0.00034204  -0.00044461   0.00018602
 N   7.0   0.01515845  -0.00798184   2.52010378  14.00307400   0.00006265   0.00000345  -0.00000671
 H   1.0   1.76760884   0.32607627  -1.14216770   1.00782500  -0.00121472   0.00123827   0.00003048
 H   1.0   1.55255064   0.07647188   3.76925837   1.00782500  -0.00022682   0.00070988  -0.00091563
 H   1.0  -1.41891223   0.16962451   3.57694367   1.00782500  -0.00148530   0.00058279  -0.00095163
 H   1.0  -1.51994629   0.24047286  -1.37422737   1.00782500  -0.00201625   0.00271505  -0.00028484
States
Ekin        0.022162225941 a.u.
Epot_harm   0.037549112397 a.u.
Epot        0.037549112397 a.u.
Etot_harm   0.059711338337 a.u.
Etot        0.059711338337 a.u.


Index     570
Atoms
 C   6.0   0.04692468  -0.02885742   0.04604155  12.00000000  -0.00018065  -0.00008622   0.00066655
 N   7.0  -0.04148051  -0.04789305   2.47339803  14.00307400   0.00015464  -0.00002014  -0.00026421
 H   1.0   1.66157098   0.13300447  -1.21171074   1.00782500   0.00075287   0.00077913  -0.00122813
 H   1.0   1.53370067   0.37813067   3.65429939   1.00782500  -0.00057629  -0.00023419   0.00075943
 H   1.0  -1.36803251   0.21490503   3.77020232   1.00782500   0.00065559   0.00051281  -0.00243873
 H   1.0  -1.80961855   0.28300304  -0.93209531   1.00782500  -0.00082987   0.00024875  -0.00135799
States
Ekin        0.018347137049 a.u.
Epot_harm   0.028536517124 a.u.
Epot        0.028536517124 a.u.
Etot_harm   0.046883654172 a.u.
Etot        0.046883654172 a.u.


Index     571
Atoms
 C   6.0  -0.02026551  -0.05251005   0.06467948  12.00000000   0.00035044   0.00000791   0.00007617
 N   7.0  -0.01536009   0.00430725   2.45899122  14.00307400   0.00013705  -0.00006988  -0.00028767
 H   1.0   1.90657550   0.32715473  -0.94419328   1.00782500  -0.00147506  -0.00157754   0.00207885
 H   1.0   1.70610514  -0.05264389   3.49430075   1.00782500  -0.00156641   0.00179288  -0.00238255
 H   1.0  -1.54484331   0.14923279   3.61065037   1.00782500  -0.00198614  -0.00078340   0.00262393
 H   1.0  -1.61312079   0.14163809  -0.90180756   1.00782500  -0.00104913   0.00144481   0.00076979
States
Ekin        0.035567073314 a.u.
Epot_harm   0.020108284697 a.u.
Epot        0.020108284697 a.u.
Etot_harm   0.055675358011 a.u.
Etot        0.055675358011 a.u.


Index     572
Atoms
 C   6.0   0.05950013   0.01341174   0.01409181  12.00000000  -0.00011634  -0.00003271  -0.00005665
 N   7.0  -0.02131421  -0.03515176   2.51397261  14.00307400   0.00018924  -0.00011334  -0.00009752
 H   1.0   1.63013911  -0.07549371  -1.09370667   1.00782500   0.00300688   0.00016461  -0.00085724
 H   1.0   1.72408972   0.24596316   3.43300968   1.00782500   0.00034601   0.00067667   0.00004516
 H   1.0  -1.81623546   0.09518986   3.61818132   1.00782500  -0.00337905   0.00069782   0.00137239
 H   1.0  -1.95030407   0.06306028  -0.86012605   1.00782500  -0.00121787   0.00042519   0.00146922
States
Ekin        0.026674860161 a.u.
Epot_harm   0.030160082364 a.u.
Epot        0.030160082364 a.u.
Etot_harm   0.056834942525 a.u.
Etot        0.056834942525 a.u.


Index     573
Atoms
 C   6.0  -0.01638358  -0.01769514   0.03678700  12.00000000  -0.00030987  -0.00024260  -0.00098299
 N   7.0  -0.02350628   0.02927143   2.46476777  14.00307400   0.00009361   0.00005702   0.00094947
 H   1.0   1.93490688   0.06589168  -0.72420822   1.00782500  -0.00163163   0.00214321  -0.00055401
 H   1.0   1.68349796  -0.16660965   3.38406228   1.00782500  -0.00069290  -0.00131727  -0.00050953
 H   1.0  -1.45272614  -0.09971649   3.66677505   1.00782500   0.00005198   0.00134581  -0.00185559
 H   1.0  -1.64399766   0.00441993  -0.81582914   1.00782500   0.00466141  -0.00007542   0.00143116
States
Ekin        0.059839042937 a.u.
Epot_harm   0.016256405570 a.u.
Epot        0.016256405570 a.u.
Etot_harm   0.076095448506 a.u.
Etot        0.076095448506 a.u.


Index     574
Atoms
 C   6.0  -0.03295169  -0.00321651   0.06599585  12.00000000   0.00051387  -0.00013079  -0.00000132
 N   7.0  -0.00447255  -0.02587459   2.49685831  14.00307400  -0.00024833  -0.00000984   0.00015048
 H   1.0   1.94380420  -0.01387993  -1.14714631   1.00782500  -0.00118825   0.00060801  -0.00107929
 H   1.0   1.71585725   0.21890661   3.44589770   1.00782500   0.00127503   0.00018099  -0.00163036
 H   1.0  -1.62088719   0.06781989   3.58533842   1.00782500  -0.00141323   0.00024941   0.00126669
 H   1.0  -1.58428093   0.12496249  -1.16695181   1.00782500  -0.00134172   0.00065567  -0.00063213
States
Ekin        0.016617562455 a.u.
Epot_harm   0.026102725051 a.u.
Epot        0.026102725051 a.u.
Etot_harm   0.042720287505 a.u.
Etot        0.042720287505 a.u.


Index     575
Atoms
 C   6.0   0.03240603   0.00635700   0.13383957  12.00000000   0.00012708   0.00027155  -0.00007279
 N   7.0  -0.02478506   0.02041204   2.44186434  14.00307400  -0.00049133  -0.00014497  -0.00004757
 H   1.0   1.54011480  -0.00737625  -1.21019638   1.00782500  -0.00404286  -0.00079277   0.00148373
 H   1.0   1.81515330  -0.17703540   3.42689663   1.00782500  -0.00039744  -0.00013361  -0.00083216
 H   1.0  -1.73213409  -0.05955007   3.41415335   1.00782500   0.00495675   0.00083420  -0.00131521
 H   1.0  -1.66461477  -0.11534210  -0.95741382   1.00782500   0.00479719  -0.00112693   0.00219129
States
Ekin        0.074445722386 a.u.
Epot_harm   0.025133877554 a.u.
Epot        0.025133877554 a.u.
Etot_harm   0.099579599941 a.u.
Etot        0.099579599941 a.u.


Index     576
Atoms
 C   6.0  -0.00494919   0.02198264   0.04702389  12.00000000   0.00039394  -0.00000075   0.00028651
 N   7.0   0.01161529  -0.00045274   2.53560165  14.00307400  -0.00006205   0.00018738  -0.00040656
 H   1.0   1.74303473  -0.12221036  -0.91750755   1.00782500  -0.00163148   0.00092713   0.00115759
 H   1.0   1.53658027  -0.00358047   3.39840144   1.00782500   0.00083547  -0.00231047   0.00085189
 H   1.0  -1.43679718  -0.05136315   3.12876163   1.00782500  -0.00072488   0.00012963   0.00016207
 H   1.0  -1.94527561  -0.07829893  -1.20493535   1.00782500  -0.00230749  -0.00134084   0.00006602
States
Ekin        0.022964179729 a.u.
Epot_harm   0.060963387256 a.u.
Epot        0.060963387256 a.u.
Etot_harm   0.083927566984 a.u.
Etot        0.083927566984 a.u.


Index     577
Atoms
 C   6.0  -0.00302180  -0.02646087   0.04048572  12.00000000  -0.00043960  -0.00041500   0.00028435
 N   7.0   0.00558693   0.02254533   2.49662243  14.00307400  -0.00016310   0.00012313  -0.00045551
 H   1.0   2.03548763   0.20699131  -0.82146762   1.00782500   0.00323262   0.00068891  -0.00113848
 H   1.0   1.65781310  -0.21675437   3.42019421   1.00782500   0.00373867   0.00121358   0.00370438
 H   1.0  -1.63739889   0.04653656   3.54104742   1.00782500  -0.00016686  -0.00160518  -0.00019942
 H   1.0  -2.09754859  -0.03496124  -1.11561391   1.00782500   0.00069594   0.00293316   0.00057687
States
Ekin        0.057214352206 a.u.
Epot_harm   0.042329182353 a.u.
Epot        0.042329182353 a.u.
Etot_harm   0.099543534559 a.u.
Etot        0.099543534559 a.u.


Index     578
Atoms
 C   6.0  -0.03205116  -0.04035650   0.08640200  12.00000000   0.00000767  -0.00021963   0.00021763
 N   7.0   0.02438367   0.00615750   2.44220422  14.00307400   0.00018555   0.00007923  -0.00028427
 H   1.0   1.74864713   0.16226038  -0.97812993   1.00782500  -0.00230626   0.00081970   0.00077690
 H   1.0   1.44068159   0.03640253   3.84314966   1.00782500  -0.00178955  -0.00014985  -0.00005643
 H   1.0  -1.44172274   0.00724399   3.15136111   1.00782500  -0.00012627  -0.00008865   0.00022275
 H   1.0  -1.70477363   0.18905666  -0.78283235   1.00782500   0.00155268   0.00093302   0.00041520
States
Ekin        0.014867949366 a.u.
Epot_harm   0.038098600437 a.u.
Epot        0.038098600437 a.u.
Etot_harm   0.052966549803 a.u.
Etot        0.052966549803 a.u.


Index     579
Atoms
 C   6.0  -0.01547291   0.05949991   0.04510340  12.00000000  -0.00040819  -0.00019109  -0.00013154
 N   7.0   0.00325486   0.00511269   2.48132869  14.00307400  -0.00012444  -0.00004642   0.00022009
 H   1.0   1.72991612  -0.41478324  -0.71781779   1.00782500   0.00390302   0.00082459  -0.00253623
 H   1.0   1.41592416   0.03680437   3.20242013   1.00782500   0.00044362  -0.00013788  -0.00263174
 H   1.0  -1.48076609  -0.25361117   3.57260267   1.00782500  -0.00130472   0.00111289   0.00071445
 H   1.0  -1.52606499  -0.14790272  -0.87553034   1.00782500   0.00354732   0.00112062   0.00296181
States
Ekin        0.054822298517 a.u.
Epot_harm   0.055019255489 a.u.
Epot        0.055019255489 a.u.
Etot_harm   0.109841554005 a.u.
Etot        0.109841554005 a.u.


Index     580
Atoms
 C   6.0  -0.03691289   0.03718662   0.12115117  12.00000000  -0.00015138  -0.00001769   0.00010865
 N   7.0  -0.00084281  -0.00298202   2.45543600  14.00307400  -0.00016518   0.00014683  -0.00002915
 H   1.0   1.83508167  -0.11887646  -0.74949279   1.00782500   0.00153835  -0.00030939  -0.00260525
 H   1.0   1.83074245  -0.08595875   3.29033409   1.00782500  -0.00038657  -0.00061527   0.00189075
 H   1.0  -1.54516169   0.01682218   3.29938912   1.00782500   0.00239446  -0.00088470   0.00027306
 H   1.0  -1.66943669  -0.21332841  -1.20428140   1.00782500   0.00055124  -0.00002011  -0.00044716
States
Ekin        0.019802567770 a.u.
Epot_harm   0.022586290511 a.u.
Epot        0.022586290511 a.u.
Etot_harm   0.042388858280 a.u.
Etot        0.042388858280 a.u.


Index     581
Atoms
 C   6.0  -0.02088766  -0.01397477   0.03215765  12.00000000  -0.00016127   0.00020283   0.00026187
 N   7.0   0.04364264   0.00166704   2.51703191  14.00307400  -0.00041450   0.00017611  -0.00028422
 H   1.0   1.78476813   0.06357969  -1.21391832   1.00782500   0.00001208  -0.00096118  -0.00119824
 H   1.0   1.59570657   0.00785914   3.62605530   1.00782500   0.00416299  -0.00157551   0.00499563
 H   1.0  -2.02092784   0.01225271   3.40434942   1.00782500   0.00314348  -0.00095795  -0.00060009
 H   1.0  -1.71722725   0.05954116  -0.97674184   1.00782500   0.00036082  -0.00136727  -0.00236635
States
Ekin        0.065637189673 a.u.
Epot_harm   0.039451490277 a.u.
Epot        0.039451490277 a.u.
Etot_harm   0.105088679951 a.u.
Etot        0.105088679951 a.u.


Index     582
Atoms
 C   6.0  -0.00074824   0.01174130  -0.00935491  12.00000000  -0.00010565   0.00006818   0.00002326
 N   7.0   0.03217650   0.03273930   2.52911784  14.00307400  -0.00027861   0.00001410   0.00023492
 H   1.0   1.62348944  -0.24387595  -1.02107221   1.00782500   0.00193970  -0.00096233  -0.00286291
 H   1.0   1.32662341  -0.04126905   3.73429703   1.00782500  -0.00017572   0.00001349  -0.00035269
 H   1.0  -1.58039961  -0.34239904   3.33316550   1.00782500   0.00248863   0.00000329  -0.00206340
 H   1.0  -1.80787575   0.03285111  -0.88028897   1.00782500   0.00087646  -0.00006209   0.00173802
States
Ekin        0.027195596417 a.u.
Epot_harm   0.027932316825 a.u.
Epot        0.027932316825 a.u.
Etot_harm   0.055127913242 a.u.
Etot        0.055127913242 a.u.


Index     583
Atoms
 C   6.0  -0.00694082   0.04083637  -0.01353455  12.00000000  -0.00024035   0.00008588   0.00022140
 N   7.0   0.00189804   0.03929214   2.53612408  14.00307400   0.00011216   0.00011860  -0.00031296
 H   1.0   1.81845261  -0.29953110  -0.84067019   1.00782500   0.00040377  -0.00055280   0.00120194
 H   1.0   1.58466211  -0.21214036   3.64182327   1.00782500   0.00112507  -0.00084675   0.00111201
 H   1.0  -1.39896670  -0.32108511   3.52872345   1.00782500  -0.00058808  -0.00077136   0.00025684
 H   1.0  -1.94787681  -0.19941400  -1.21135619   1.00782500   0.00036265  -0.00049957  -0.00085861
States
Ekin        0.009513578211 a.u.
Epot_harm   0.041761052666 a.u.
Epot        0.041761052666 a.u.
Etot_harm   0.051274630877 a.u.
Etot        0.051274630877 a.u.


Index     584
Atoms
 C   6.0   0.00591916  -0.04799820   0.08402039  12.00000000   0.00021855   0.00013269   0.00047460
 N   7.0  -0.01240896   0.03912992   2.45361534  14.00307400  -0.00013337  -0.00014704  -0.00008829
 H   1.0   1.72476194   0.23866973  -0.86362632   1.00782500   0.00091421  -0.00079652  -0.00156018
 H   1.0   1.58570208  -0.23180181   3.34636112   1.00782500  -0.00358534   0.00125209  -0.00261281
 H   1.0  -1.51362946  -0.05799135   3.63577282   1.00782500   0.00268265   0.00001681  -0.00127005
 H   1.0  -1.69489852   0.07894497  -1.01515184   1.00782500  -0.00076070  -0.00000918   0.00101882
States
Ekin        0.036510468991 a.u.
Epot_harm   0.009904814207 a.u.
Epot        0.009904814207 a.u.
Etot_harm   0.046415283198 a.u.
Etot        0.046415283198 a.u.


Index     585
Atoms
 C   6.0   0.02567613  -0.02138051   0.03450403  12.00000000   0.00006016  -0.00007296  -0.00019393
 N   7.0  -0.00575834   0.01280007   2.48112637  14.00307400  -0.00020677   0.00030706  -0.00005957
 H   1.0   1.50634134  -0.01684463  -0.78517420   1.00782500  -0.00260186  -0.00009230   0.00084660
 H   1.0   1.58879974   0.06357485   3.37745508   1.00782500   0.00000806  -0.00157478   0.00081425
 H   1.0  -1.63832200  -0.14291944   3.63460907   1.00782500   0.00207965  -0.00151689   0.00107568
 H   1.0  -1.68253204   0.17291462  -0.91619925   1.00782500   0.00267074  -0.00021369   0.00040030
States
Ekin        0.025967619579 a.u.
Epot_harm   0.030500355171 a.u.
Epot        0.030500355171 a.u.
Etot_harm   0.056467974750 a.u.
Etot        0.056467974750 a.u.


Index     586
Atoms
 C   6.0   0.02600207  -0.04769257   0.07468220  12.00000000   0.00000069  -0.00034918   0.00026418
 N   7.0  -0.00976456   0.00880136   2.46165895  14.00307400   0.00043612   0.00012175  -0.00042991
 H   1.0   1.70185233   0.27169154  -1.00954322   1.00782500   0.00029989   0.00086693   0.00175927
 H   1.0   1.56464051  -0.05476739   3.50355519   1.00782500  -0.00090862   0.00042354  -0.00078264
 H   1.0  -1.57856032   0.08996884   3.41548307   1.00782500  -0.00400058  -0.00071569   0.00169650
 H   1.0  -1.86186245   0.13868507  -0.80671183   1.00782500  -0.00145850   0.00189122   0.00015462
States
Ekin        0.035253476101 a.u.
Epot_harm   0.008047654882 a.u.
Epot        0.008047654882 a.u.
Etot_harm   0.043301130983 a.u.
Etot        0.043301130983 a.u.


Index     587
Atoms
 C   6.0  -0.01717171  -0.00383939   0.07330557  12.00000000  -0.00018056   0.00001534   0.00032068
 N   7.0   0.03120987  -0.02336934   2.43383468  14.00307400  -0.00004607  -0.00026552  -0.00055135
 H   1.0   1.72852058   0.17571576  -0.77336843   1.00782500  -0.00059294   0.00072696   0.00004198
 H   1.0   1.48668743  -0.00120104   3.66425424   1.00782500   0.00189264   0.00106538   0.00364062
 H   1.0  -1.67416025   0.26270816   3.42153711   1.00782500   0.00008123   0.00163102  -0.00081052
 H   1.0  -1.77022814  -0.06680610  -0.80664820   1.00782500   0.00140901   0.00008322   0.00097031
States
Ekin        0.029382473685 a.u.
Epot_harm   0.013093186341 a.u.
Epot        0.013093186341 a.u.
Etot_harm   0.042475660026 a.u.
Etot        0.042475660026 a.u.


Index     588
Atoms
 C   6.0  -0.01463179   0.02574172  -0.02847047  12.00000000  -0.00012955   0.00007376   0.00006510
 N   7.0   0.01364510   0.01206276   2.52886608  14.00307400  -0.00001264   0.00014072   0.00002469
 H   1.0   1.75686535  -0.23156668  -1.08066881   1.00782500   0.00209444  -0.00045105   0.00077695
 H   1.0   1.64754373   0.00283209   3.83627028   1.00782500  -0.00000458  -0.00112088  -0.00240497
 H   1.0  -1.72123033  -0.20245871   3.46501887   1.00782500  -0.00025587  -0.00054721   0.00010260
 H   1.0  -1.69855030  -0.04291313  -0.82341531   1.00782500  -0.00011584  -0.00071434   0.00040729
States
Ekin        0.012786353766 a.u.
Epot_harm   0.029471685627 a.u.
Epot        0.029471685627 a.u.
Etot_harm   0.042258039393 a.u.
Etot        0.042258039393 a.u.


Index     589
Atoms
 C   6.0   0.01425945   0.01745930   0.03554280  12.00000000   0.00003527   0.00025932  -0.00029522
 N   7.0  -0.03278248   0.03800680   2.45178355  14.00307400   0.00011388  -0.00002778   0.00004519
 H   1.0   2.00219288  -0.06805641  -0.81900024   1.00782500  -0.00202631  -0.00170351   0.00128444
 H   1.0   1.83476835  -0.30627725   3.57246364   1.00782500   0.00077987   0.00044714  -0.00012341
 H   1.0  -1.59042628  -0.14953828   3.86896105   1.00782500  -0.00210489  -0.00081957   0.00018941
 H   1.0  -1.96082852  -0.21209269  -0.91640271   1.00782500   0.00134909  -0.00062572   0.00153680
States
Ekin        0.019547161182 a.u.
Epot_harm   0.050719398181 a.u.
Epot        0.050719398181 a.u.
Etot_harm   0.070266559363 a.u.
Etot        0.070266559363 a.u.


Index     590
Atoms
 C   6.0   0.03125889  -0.01286246   0.06377309  12.00000000   0.00027481  -0.00033460  -0.00000716
 N   7.0   0.02088519  -0.00832058   2.46789936  14.00307400   0.00018342  -0.00000086   0.00003857
 H   1.0   1.60346205   0.04522524  -0.97835566   1.00782500  -0.00184943   0.00153889   0.00214872
 H   1.0   1.28878577   0.09153210   3.54657194   1.00782500  -0.00092454   0.00059512  -0.00256259
 H   1.0  -1.60078419   0.03285193   3.58354842   1.00782500  -0.00159413   0.00028389   0.00156814
 H   1.0  -1.95384401   0.09915094  -1.00579498   1.00782500  -0.00145253   0.00157807  -0.00160496
States
Ekin        0.030487737550 a.u.
Epot_harm   0.036213826579 a.u.
Epot        0.036213826579 a.u.
Etot_harm   0.066701564129 a.u.
Etot        0.066701564129 a.u.


Index     591
Atoms
 C   6.0  -0.01360104   0.01169977   0.06870709  12.00000000  -0.00015002   0.00007692   0.00028663
 N   7.0   0.02229187  -0.03270616   2.51678784  14.00307400  -0.00018027  -0.00003472  -0.00005913
 H   1.0   1.69438342  -0.03159837  -1.33056530   1.00782500   0.00091256  -0.00031262  -0.00144172
 H   1.0   1.59287037   0.19175272   3.49215733   1.00782500   0.00054555   0.00020214  -0.00124604
 H   1.0  -1.83089740   0.12778467   3.42607719   1.00782500   0.00088135  -0.00006754   0.00163616
 H   1.0  -1.60414221   0.02718471  -1.17972149   1.00782500   0.00195149  -0.00025548  -0.00153963
States
Ekin        0.015109266098 a.u.
Epot_harm   0.025600965921 a.u.
Epot        0.025600965921 a.u.
Etot_harm   0.040710232019 a.u.
Etot        0.040710232019 a.u.


Index     592
Atoms
 C   6.0   0.01689017  -0.01176638   0.03573615  12.00000000  -0.00002150   0.00006121   0.00015701
 N   7.0   0.01937309   0.02214097   2.49452963  14.00307400  -0.00047017   0.00000827  -0.00006180
 H   1.0   1.48452910   0.08373864  -1.03278710   1.00782500  -0.00047781   0.00027817  -0.00239326
 H   1.0   1.43981001  -0.17320036   3.54060141   1.00782500   0.00463744  -0.00107618   0.00175236
 H   1.0  -1.73376728  -0.03265149   3.45500342   1.00782500   0.00029349   0.00074576  -0.00040756
 H   1.0  -1.66085662  -0.04542087  -0.85302725   1.00782500   0.00233558  -0.00079144   0.00003759
States
Ekin        0.038792345124 a.u.
Epot_harm   0.023839068914 a.u.
Epot        0.023839068914 a.u.
Etot_harm   0.062631414038 a.u.
Etot        0.062631414038 a.u.


Index     593
Atoms
 C   6.0  -0.03100526   0.00745009   0.02731484  12.00000000  -0.00027730  -0.00011936   0.00004218
 N   7.0   0.04515973   0.07105754   2.53627415  14.00307400   0.00022710   0.00021492   0.00009341
 H   1.0   1.73162162  -0.26473164  -1.10322076   1.00782500   0.00270189   0.00042586  -0.00063205
 H   1.0   1.59843522  -0.26281545   3.49258131   1.00782500   0.00089908  -0.00123813   0.00045734
 H   1.0  -1.94772518  -0.52083804   3.26964488   1.00782500  -0.00215269  -0.00076408  -0.00008689
 H   1.0  -1.64062247  -0.02762034  -1.02895687   1.00782500  -0.00130184   0.00001140  -0.00153853
States
Ekin        0.020493032360 a.u.
Epot_harm   0.037979788484 a.u.
Epot        0.037979788484 a.u.
Etot_harm   0.058472820844 a.u.
Etot        0.058472820844 a.u.


Index     594
Atoms
 C   6.0  -0.02248250  -0.03937765   0.04843721  12.00000000  -0.00003503   0.00009976  -0.00021785
 N   7.0   0.00736098   0.07072653   2.45780863  14.00307400  -0.00018990   0.00006081  -0.00018802
 H   1.0   2.06416005   0.02437194  -1.07026254   1.00782500   0.00068536  -0.00102399  -0.00054575
 H   1.0   1.53039123  -0.27731760   3.89981685   1.00782500   0.00313749   0.00004535   0.00362654
 H   1.0  -1.48087664  -0.37537684   3.66064858   1.00782500  -0.00102941  -0.00128403   0.00136782
 H   1.0  -1.94825540   0.11448619  -1.02142732   1.00782500   0.00026220   0.00023004   0.00075772
States
Ekin        0.029299926386 a.u.
Epot_harm   0.058932478374 a.u.
Epot        0.058932478374 a.u.
Etot_harm   0.088232404760 a.u.
Etot        0.088232404760 a.u.


Index     595
Atoms
 C   6.0   0.00490092   0.04872585   0.07697737  12.00000000   0.00018593  -0.00006171   0.00049151
 N   7.0  -0.02807037   0.02176039   2.46725869  14.00307400   0.00006068   0.00003663  -0.00004594
 H   1.0   1.86625878  -0.13622972  -1.08181103   1.00782500   0.00333090   0.00090345  -0.00404165
 H   1.0   1.80863739  -0.31577450   3.36783121   1.00782500  -0.00173666  -0.00031934  -0.00065245
 H   1.0  -1.68595923  -0.05056820   3.44036326   1.00782500  -0.00096014   0.00043680   0.00000984
 H   1.0  -1.65727175  -0.37994436  -0.72873311   1.00782500  -0.00369106  -0.00079511  -0.00052974
States
Ekin        0.047027397788 a.u.
Epot_harm   0.030892016944 a.u.
Epot        0.030892016944 a.u.
Etot_harm   0.077919414732 a.u.
Etot        0.077919414732 a.u.


Index     596
Atoms
 C   6.0  -0.00249687  -0.00945596   0.03216721  12.00000000  -0.00011705   0.00018298   0.00004377
 N   7.0  -0.01161116   0.00236531   2.51223462  14.00307400  -0.00029999  -0.00009398  -0.00021692
 H   1.0   1.76603306   0.03895160  -0.89363841   1.00782500   0.00159875  -0.00035557   0.00327432
 H   1.0   1.70234342   0.00097816   3.26892188   1.00782500   0.00227124  -0.00005963  -0.00123099
 H   1.0  -1.62721270  -0.00066273   3.42585610   1.00782500   0.00208284   0.00065627  -0.00061062
 H   1.0  -1.65010436   0.04045903  -0.89485368   1.00782500  -0.00039103  -0.00111395   0.00106008
States
Ekin        0.027892462837 a.u.
Epot_harm   0.010235035027 a.u.
Epot        0.010235035027 a.u.
Etot_harm   0.038127497864 a.u.
Etot        0.038127497864 a.u.


Index     597
Atoms
 C   6.0  -0.00006781   0.05134355   0.07774465  12.00000000   0.00004487   0.00010075  -0.00008570
 N   7.0   0.02395902  -0.00953881   2.47035361  14.00307400  -0.00004222   0.00002116  -0.00047209
 H   1.0   1.50322940  -0.17306530  -0.91500829   1.00782500  -0.00028545  -0.00170657   0.00139544
 H   1.0   1.48986029  -0.07054522   3.50376195   1.00782500   0.00008885   0.00092530   0.00210329
 H   1.0  -1.65046256   0.03333299   3.66345970   1.00782500  -0.00010653  -0.00143840   0.00291593
 H   1.0  -1.67471472  -0.26852578  -1.30670081   1.00782500   0.00035546   0.00072613   0.00116511
States
Ekin        0.024073980989 a.u.
Epot_harm   0.034650993361 a.u.
Epot        0.034650993361 a.u.
Etot_harm   0.058724974351 a.u.
Etot        0.058724974351 a.u.


Index     598
Atoms
 C   6.0  -0.00758605  -0.03855045   0.10117972  12.00000000   0.00007775   0.00020228  -0.00005904
 N   7.0   0.04520423   0.00170023   2.42099568  14.00307400  -0.00011299  -0.00009128  -0.00005038
 H   1.0   1.69819557   0.16625761  -0.92007504   1.00782500   0.00099783  -0.00066248   0.00275006
 H   1.0   1.42800045   0.05215387   3.88413333   1.00782500   0.00294930  -0.00007985   0.00089905
 H   1.0  -1.68906081   0.03446425   3.15862282   1.00782500   0.00029770   0.00057193   0.00063350
 H   1.0  -1.97489285   0.18251432  -0.77040962   1.00782500  -0.00360067  -0.00096980  -0.00287967
States
Ekin        0.039021824067 a.u.
Epot_harm   0.022628030720 a.u.
Epot        0.022628030720 a.u.
Etot_harm   0.061649854787 a.u.
Etot        0.061649854787 a.u.


Index     599
Atoms
 C   6.0  -0.00798436  -0.00025207   0.03466801  12.00000000  -0.00002317  -0.00002591  -0.00023948
 N   7.0  -0.02068528  -0.01913618   2.49583480  14.00307400  -0.00045454   0.00039302   0.00015701
 H   1.0   1.94831151   0.14346879  -0.80207979   1.00782500  -0.00008406   0.00011128  -0.00093974
 H   1.0   1.61052424  -0.01891714   3.23210981   1.00782500   0.00216520  -0.00248033   0.00063694
 H   1.0  -1.45347371   0.22518620   3.52824384   1.00782500   0.00222353  -0.00194158  -0.00115272
 H   1.0  -1.72288505  -0.08085162  -0.85389974   1.00782500   0.00228676  -0.00084160   0.00212551
States
Ekin        0.035627516764 a.u.
Epot_harm   0.019553501221 a.u.
Epot        0.019553501221 a.u.
Etot_harm   0.055181017985 a.u.
Etot        0.055181017985 a.u.


Index     600
Atoms
 C   6.0  -0.01644413   0.01693306   0.05188162  12.00000000  -0.00004580   0.00004844  -0.00034668
 N   7.0   0.06445686  -0.02471301   2.51545183  14.00307400  -0.00054575  -0.00010025   0.00038141
 H   1.0   1.93938223  -0.14232233  -1.17137395   1.00782500   0.00174881   0.00038025   0.00078761
 H   1.0   1.31384542   0.22232360   3.64865199   1.00782500   0.00356388   0.00020826  -0.00002648
 H   1.0  -1.85108767  -0.00289557   3.06157167   1.00782500   0.00407230   0.00076945  -0.00198777
 H   1.0  -2.10192875   0.06464649  -0.91200098   1.00782500  -0.00125676  -0.00054181   0.00005500
States
Ekin        0.043653559134 a.u.
Epot_harm   0.060182142443 a.u.
Epot        0.060182142443 a.u.
Etot_harm   0.103835701578 a.u.
Etot        0.103835701578 a.u.


Index     601
Atoms
 C   6.0  -0.03785041  -0.00538556   0.14014486  12.00000000  -0.00013316  -0.00000358  -0.00020593
 N   7.0   0.02549765   0.01654237   2.41684849  14.00307400   0.00023402  -0.00004737   0.00049454
 H   1.0   1.91240863  -0.14481138  -1.01101671   1.00782500   0.00092235   0.00008270   0.00098977
 H   1.0   1.37015184   0.07460372   3.58512473   1.00782500  -0.00078698   0.00000380  -0.00034959
 H   1.0  -1.47058942  -0.23766882   3.29505236   1.00782500   0.00091002   0.00070828  -0.00399054
 H   1.0  -1.71556602   0.14215586  -0.92321762   1.00782500  -0.00271149  -0.00009401  -0.00106902
States
Ekin        0.030610370819 a.u.
Epot_harm   0.038782014828 a.u.
Epot        0.038782014828 a.u.
Etot_harm   0.069392385646 a.u.
Etot        0.069392385646 a.u.


Index     602
Atoms
 C   6.0   0.02287101   0.00396913   0.11152054  12.00000000  -0.00001162  -0.00040551   0.00036205
 N   7.0  -0.02703886   0.01818523   2.46962635  14.00307400  -0.00021863   0.00005450   0.00002760
 H   1.0   1.68186597  -0.04021348  -1.12959284   1.00782500   0.00138973   0.00150867  -0.00284855
 H   1.0   1.56591117  -0.11034033   3.10693057   1.00782500  -0.00068833   0.00044073  -0.00094900
 H   1.0  -1.56361686  -0.09582575   3.42632055   1.00782500   0.00200293   0.00025290   0.00039944
 H   1.0  -1.58079402  -0.05355212  -0.85020467   1.00782500   0.00047175   0.00186882  -0.00129621
States
Ekin        0.025515901154 a.u.
Epot_harm   0.028301532669 a.u.
Epot        0.028301532669 a.u.
Etot_harm   0.053817433823 a.u.
Etot        0.053817433823 a.u.


Index     603
Atoms
 C   6.0  -0.01658325   0.00800839   0.00093749  12.00000000   0.00028330   0.00024405  -0.00003829
 N   7.0   0.02171071  -0.01845992   2.50632477  14.00307400   0.00002014  -0.00012547   0.00048659
 H   1.0   1.88120625   0.01641917  -1.16342308   1.00782500  -0.00175997  -0.00073244  -0.00102567
 H   1.0   1.33180859   0.06202048   3.75173712   1.00782500   0.00162099   0.00026664   0.00079313
 H   1.0  -1.59982450   0.11451029   3.51811867   1.00782500  -0.00047161   0.00041305  -0.00225539
 H   1.0  -1.71739255  -0.03181591  -0.74618637   1.00782500  -0.00304244  -0.00110975  -0.00381704
States
Ekin        0.040201710887 a.u.
Epot_harm   0.029994924503 a.u.
Epot        0.029994924503 a.u.
Etot_harm   0.070196635390 a.u.
Etot        0.070196635390 a.u.


Index     604
Atoms
 C   6.0   0.01984055   0.00443482   0.14421651  12.00000000  -0.00002167  -0.00010154   0.00044953
 N   7.0   0.01336356  -0.01767915   2.40386304  14.00307400   0.00006716  -0.00008029   0.00012994
 H   1.0   1.69215879  -0.13670300  -1.02227180   1.00782500   0.00115690   0.00193115  -0.00401594
 H   1.0   1.52476490   0.24583634   3.50260716   1.00782500   0.00246930  -0.00058154  -0.00107286
 H   1.0  -1.77157286  -0.06797135   3.40787766   1.00782500  -0.00416050   0.00178195   0.00047229
 H   1.0  -1.86726692   0.15167366  -0.81032614   1.00782500  -0.00014074  -0.00080700  -0.00254143
States
Ekin        0.054779027613 a.u.
Epot_harm   0.021430756635 a.u.
Epot        0.021430756635 a.u.
Etot_harm   0.076209784248 a.u.
Etot        0.076209784248 a.u.


Index     605
Atoms
 C   6.0   0.00874802   0.04443592   0.06205769  12.00000000  -0.00029030   0.00032330  -0.00016141
 N   7.0  -0.01993838  -0.01694987   2.46997763  14.00307400   0.00013672  -0.00010731   0.00021055
 H   1.0   1.60961171  -0.09173533  -0.79948678   1.00782500   0.00005783  -0.00131534   0.00132903
 H   1.0   1.90178466  -0.06260924   3.35425069   1.00782500   0.00004969  -0.00013853  -0.00173503
 H   1.0  -1.71961857   0.12380920   3.44200827   1.00782500  -0.00084938   0.00051444   0.00032082
 H   1.0  -1.61890811  -0.26304809  -0.85925365   1.00782500   0.00229865  -0.00141903  -0.00091835
States
Ekin        0.017863723817 a.u.
Epot_harm   0.033532772196 a.u.
Epot        0.033532772196 a.u.
Etot_harm   0.051396496013 a.u.
Etot        0.051396496013 a.u.


Index     606
Atoms
 C   6.0   0.02320046   0.03895435   0.08357727  12.00000000  -0.00026798  -0.00032742   0.00007845
 N   7.0   0.01367352   0.00634535   2.44899943  14.00307400   0.00031108   0.00010878   0.00017807
 H   1.0   1.54396956  -0.18123414  -1.06178609   1.00782500   0.00253476   0.00189568  -0.00140026
 H   1.0   1.72252005  -0.09543642   3.69779480   1.00782500  -0.00197361  -0.00058082  -0.00105385
 H   1.0  -1.90622354  -0.07871416   3.29633417   1.00782500  -0.00093376   0.00053846  -0.00008170
 H   1.0  -1.82649466  -0.19660258  -0.75957585   1.00782500  -0.00075887   0.00053388  -0.00087251
States
Ekin        0.022356407445 a.u.
Epot_harm   0.032722453427 a.u.
Epot        0.032722453427 a.u.
Etot_harm   0.055078860872 a.u.
Etot        0.055078860872 a.u.


Index     607
Atoms
 C   6.0   0.02573896   0.01536311   0.01075124  12.00000000  -0.00012068  -0.00000552  -0.00010871
 N   7.0  -0.03646366  -0.00009021   2.46859681  14.00307400   0.00006558  -0.00003398  -0.00007772
 H   1.0   1.94633775  -0.05067164  -0.81501047   1.00782500  -0.00056627   0.00034990  -0.00088984
 H   1.0   1.70045250  -0.04190666   3.42914449   1.00782500  -0.00082105  -0.00017555   0.00171515
 H   1.0  -1.58243682   0.00107773   3.71177695   1.00782500  -0.00012630   0.00048254  -0.00010865
 H   1.0  -1.86418389  -0.09017202  -0.55830967   1.00782500   0.00203933  -0.00011895   0.00165755
States
Ekin        0.011536146116 a.u.
Epot_harm   0.022401486506 a.u.
Epot        0.022401486506 a.u.
Etot_harm   0.033937632623 a.u.
Etot        0.033937632623 a.u.


Index     608
Atoms
 C   6.0   0.02174075  -0.03361621   0.07038163  12.00000000  -0.00026313   0.00011392  -0.00026138
 N   7.0  -0.02309419  -0.02182115   2.45981485  14.00307400   0.00029461  -0.00016270   0.00034323
 H   1.0   1.92133513   0.07353505  -0.99161599   1.00782500   0.00118908  -0.00098792  -0.00210143
 H   1.0   1.54556243   0.28835422   3.37815424   1.00782500  -0.00180639   0.00147944   0.00151024
 H   1.0  -1.51824326   0.03753356   3.33784730   1.00782500  -0.00085904   0.00004737  -0.00192828
 H   1.0  -1.88663887   0.30403032  -0.54477365   1.00782500   0.00051596   0.00036537   0.00086266
States
Ekin        0.023122311902 a.u.
Epot_harm   0.029117135245 a.u.
Epot        0.029117135245 a.u.
Etot_harm   0.052239447147 a.u.
Etot        0.052239447147 a.u.


Index     609
Atoms
 C   6.0  -0.00638865   0.00942472   0.10673482  12.00000000  -0.00006192  -0.00003225  -0.00023687
 N   7.0  -0.04880189   0.01595484   2.43370397  14.00307400   0.00029953   0.00004913   0.00013853
 H   1.0   1.86844191  -0.03660533  -0.95088218   1.00782500  -0.00189513   0.00028856  -0.00012427
 H   1.0   1.77884384  -0.13315100   3.24441000   1.00782500   0.00071706  -0.00036327   0.00268486
 H   1.0  -1.42716517  -0.06389691   3.74799323   1.00782500  -0.00199251  -0.00011156   0.00098196
 H   1.0  -1.46598147  -0.10024743  -0.93196659   1.00782500  -0.00025386  -0.00011234  -0.00264698
States
Ekin        0.023757952748 a.u.
Epot_harm   0.027546983491 a.u.
Epot        0.027546983491 a.u.
Etot_harm   0.051304936239 a.u.
Etot        0.051304936239 a.u.


Index     610
Atoms
 C   6.0  -0.00385456  -0.06136293  -0.03041118  12.00000000  -0.00006134  -0.00004993   0.00027827
 N   7.0   0.02442527   0.06741417   2.48475367  14.00307400   0.00013906   0.00030419   0.00024860
 H   1.0   1.97023347   0.07861122  -0.86795582   1.00782500   0.00175412  -0.00012485  -0.00103881
 H   1.0   1.30745963  -0.17307582   3.87440906   1.00782500  -0.00119080  -0.00214343  -0.00156330
 H   1.0  -1.57264203  -0.38421853   3.71017554   1.00782500   0.00089896  -0.00078755  -0.00108548
 H   1.0  -1.99852876   0.27264489  -0.68340275   1.00782500  -0.00266416  -0.00057627  -0.00307982
States
Ekin        0.032885295244 a.u.
Epot_harm   0.047543157160 a.u.
Epot        0.047543157160 a.u.
Etot_harm   0.080428452404 a.u.
Etot        0.080428452404 a.u.


Index     611
Atoms
 C   6.0   0.03071054  -0.00072016   0.04766802  12.00000000   0.00000591   0.00000818  -0.00065666
 N   7.0  -0.03207827  -0.02482874   2.53074064  14.00307400  -0.00025632   0.00001910   0.00023516
 H   1.0   1.83623210   0.27125920  -1.12371016   1.00782500   0.00078424   0.00077542   0.00157674
 H   1.0   1.84704135  -0.11466212   3.29899342   1.00782500   0.00165520  -0.00066874   0.00200949
 H   1.0  -1.63370589   0.38336149   3.21265624   1.00782500   0.00229333   0.00034807  -0.00082514
 H   1.0  -1.96952603  -0.18640454  -0.92334819   1.00782500  -0.00124182  -0.00081751   0.00179028
States
Ekin        0.026978894407 a.u.
Epot_harm   0.043295469106 a.u.
Epot        0.043295469106 a.u.
Etot_harm   0.070274363514 a.u.
Etot        0.070274363514 a.u.


Index     612
Atoms
 C   6.0  -0.02039093  -0.01490912   0.10150289  12.00000000  -0.00016047  -0.00009872   0.00056776
 N   7.0  -0.01085010   0.01997997   2.46827480  14.00307400  -0.00021203   0.00001919  -0.00025428
 H   1.0   1.74995538  -0.00115348  -0.93712534   1.00782500   0.00114320   0.00192097  -0.00077741
 H   1.0   1.84817522  -0.04552558   3.31571684   1.00782500   0.00353059  -0.00145075  -0.00037071
 H   1.0  -1.64485590  -0.12856058   3.48386832   1.00782500  -0.00038814   0.00137428  -0.00059809
 H   1.0  -1.55972819   0.07515121  -1.17094876   1.00782500   0.00057107  -0.00093575  -0.00148096
States
Ekin        0.029317428779 a.u.
Epot_harm   0.013572764056 a.u.
Epot        0.013572764056 a.u.
Etot_harm   0.042890192836 a.u.
Etot        0.042890192836 a.u.


Index     613
Atoms
 C   6.0  -0.04012493   0.01634166   0.03379151  12.00000000   0.00045530   0.00000608   0.00005666
 N   7.0   0.01907685  -0.01028506   2.48397832  14.00307400  -0.00005326   0.00020640  -0.00021766
 H   1.0   1.83013099  -0.09415664  -0.47061525   1.00782500  -0.00245311   0.00022160   0.00097378
 H   1.0   1.72955575   0.07143349   3.36801281   1.00782500  -0.00201084  -0.00163278  -0.00144108
 H   1.0  -1.61362371  -0.00540044   3.63345714   1.00782500   0.00034608  -0.00073676   0.00306758
 H   1.0  -1.73336283  -0.02354950  -1.25130601   1.00782500  -0.00056332  -0.00079225  -0.00025060
States
Ekin        0.028201402899 a.u.
Epot_harm   0.020050924159 a.u.
Epot        0.020050924159 a.u.
Etot_harm   0.048252327058 a.u.
Etot        0.048252327058 a.u.


Index     614
Atoms
 C   6.0   0.00264863   0.04290033   0.08157129  12.00000000  -0.00002920  -0.00002087  -0.00044067
 N   7.0  -0.01000445  -0.00258064   2.48626196  14.00307400  -0.00009789   0.00008634   0.00004512
 H   1.0   1.76330096  -0.17097365  -0.91848001   1.00782500   0.00275814   0.00048578   0.00063373
 H   1.0   1.70334736  -0.06844193   3.20486381   1.00782500   0.00160750  -0.00100204   0.00161416
 H   1.0  -1.63345431  -0.02055203   3.56420557   1.00782500  -0.00053953  -0.00015612   0.00015808
 H   1.0  -1.72572555  -0.21498288  -1.17167613   1.00782500  -0.00211837  -0.00027887   0.00221406
States
Ekin        0.024680059574 a.u.
Epot_harm   0.012160797715 a.u.
Epot        0.012160797715 a.u.
Etot_harm   0.036840857289 a.u.
Etot        0.036840857289 a.u.


Index     615
Atoms
 C   6.0   0.02157537   0.03695032   0.08866047  12.00000000  -0.00023162   0.00004261  -0.00005508
 N   7.0  -0.03916942   0.02422136   2.50048989  14.00307400   0.00011190  -0.00002174  -0.00016056
 H   1.0   1.56712169  -0.03337608  -1.14136593   1.00782500  -0.00070994   0.00011923   0.00013277
 H   1.0   1.77338948  -0.37026296   3.32970056   1.00782500  -0.00270940  -0.00039997  -0.00081725
 H   1.0  -1.41974608   0.00951869   3.31358195   1.00782500   0.00065708   0.00034740   0.00106994
 H   1.0  -1.63342561  -0.38238087  -1.10510082   1.00782500   0.00396528  -0.00027198   0.00250126
States
Ekin        0.030984421886 a.u.
Epot_harm   0.042359352220 a.u.
Epot        0.042359352220 a.u.
Etot_harm   0.073343774106 a.u.
Etot        0.073343774106 a.u.


Index     616
Atoms
 C   6.0   0.00584885   0.00589025   0.06772848  12.00000000   0.00008402   0.00015955  -0.00033129
 N   7.0  -0.00985851  -0.02139566   2.48927594  14.00307400  -0.00024720  -0.00002893   0.00047192
 H   1.0   1.84345663   0.11675823  -0.94154922   1.00782500  -0.00284499  -0.00097568  -0.00126887
 H   1.0   1.55843464  -0.01289592   3.28407902   1.00782500   0.00208675   0.00022723   0.00105001
 H   1.0  -1.50212108   0.22672737   3.67149817   1.00782500   0.00125749  -0.00042041  -0.00083121
 H   1.0  -1.83243380  -0.10344518  -1.21216818   1.00782500   0.00193495  -0.00032886  -0.00156237
States
Ekin        0.028073934590 a.u.
Epot_harm   0.020761290908 a.u.
Epot        0.020761290908 a.u.
Etot_harm   0.048835225497 a.u.
Etot        0.048835225497 a.u.


Index     617
Atoms
 C   6.0  -0.02343501  -0.01042047   0.01339702  12.00000000  -0.00026478  -0.00012811   0.00000447
 N   7.0   0.01432636   0.00678458   2.50350861  14.00307400   0.00026596   0.00011472  -0.00032567
 H   1.0   2.03557391   0.09652036  -0.91034260   1.00782500   0.00081177   0.00057408   0.00134646
 H   1.0   1.52355060  -0.08685124   3.65606140   1.00782500   0.00029684  -0.00067210   0.00210355
 H   1.0  -1.52682154   0.04231412   3.40748664   1.00782500  -0.00155894  -0.00023277   0.00103833
 H   1.0  -1.95232175  -0.02217587  -0.90218379   1.00782500  -0.00009233   0.00026226  -0.00001658
States
Ekin        0.013851480446 a.u.
Epot_harm   0.023881324893 a.u.
Epot        0.023881324893 a.u.
Etot_harm   0.037732805338 a.u.
Etot        0.037732805338 a.u.


Index     618
Atoms
 C   6.0   0.01779592  -0.01316926   0.00011496  12.00000000   0.00011735   0.00011240  -0.00037476
 N   7.0  -0.01985597   0.00725164   2.53549218  14.00307400  -0.00016381  -0.00018934   0.00045635
 H   1.0   1.60818345   0.14363416  -1.03316279   1.00782500   0.00098341   0.00083933  -0.00297084
 H   1.0   1.70857410  -0.12395037   3.55527178   1.00782500  -0.00106313  -0.00022546  -0.00036752
 H   1.0  -1.51413455   0.08187386   3.49917027   1.00782500   0.00082408   0.00195284   0.00144328
 H   1.0  -1.73863023  -0.04551046  -1.05650140   1.00782500   0.00013446  -0.00127438   0.00001656
States
Ekin        0.023693141269 a.u.
Epot_harm   0.017857415393 a.u.
Epot        0.017857415393 a.u.
Etot_harm   0.041550556662 a.u.
Etot        0.041550556662 a.u.


Index     619
Atoms
 C   6.0  -0.01119545   0.00130907   0.06720829  12.00000000  -0.00019199   0.00023867  -0.00073084
 N   7.0   0.01161287  -0.01866943   2.46938253  14.00307400  -0.00017169   0.00004452   0.00066661
 H   1.0   1.67284226   0.18883132  -0.98313068   1.00782500   0.00256360  -0.00125298  -0.00174151
 H   1.0   1.47462431  -0.08151350   3.52222473   1.00782500  -0.00264384  -0.00001278  -0.00137018
 H   1.0  -1.56934990   0.27852105   3.58630231   1.00782500   0.00302511  -0.00128213   0.00004909
 H   1.0  -1.60616764  -0.14202611  -1.04093662   1.00782500   0.00172659  -0.00091238   0.00250245
States
Ekin        0.050717476477 a.u.
Epot_harm   0.011902500526 a.u.
Epot        0.011902500526 a.u.
Etot_harm   0.062619977003 a.u.
Etot        0.062619977003 a.u.


Index     620
Atoms
 C   6.0  -0.01063745   0.02443561   0.02169951  12.00000000   0.00022875  -0.00009265   0.00000897
 N   7.0  -0.01257787  -0.05135896   2.48361523  14.00307400   0.00004371   0.00000217  -0.00029083
 H   1.0   1.87322401   0.03995651  -0.86071526   1.00782500   0.00043530   0.00014997  -0.00110723
 H   1.0   1.59586820   0.16508243   3.49341252   1.00782500   0.00070728   0.00028498   0.00238485
 H   1.0  -1.48952096   0.32019491   3.70117126   1.00782500  -0.00214081   0.00024556   0.00280017
 H   1.0  -1.67815163  -0.10258520  -0.90529765   1.00782500  -0.00233273   0.00039246  -0.00014372
States
Ekin        0.025526349488 a.u.
Epot_harm   0.012628764364 a.u.
Epot        0.012628764364 a.u.
Etot_harm   0.038155113852 a.u.
Etot        0.038155113852 a.u.


Index     621
Atoms
 C   6.0  -0.02924870  -0.02272432   0.09770180  12.00000000  -0.00013856  -0.00030012  -0.00039986
 N   7.0   0.03792833  -0.01609569   2.46361423  14.00307400   0.00022977  -0.00010274   0.00000377
 H   1.0   1.82604347  -0.02036474  -1.06892087   1.00782500   0.00055899   0.00210601   0.00011234
 H   1.0   1.52851546   0.28070838   3.57666195   1.00782500  -0.00208293   0.00030876   0.00073660
 H   1.0  -1.78301476  -0.04596350   3.23270334   1.00782500  -0.00120997   0.00190227   0.00275452
 H   1.0  -1.75027440   0.27983360  -0.93891897   1.00782500   0.00119126   0.00068391   0.00110527
States
Ekin        0.027219268394 a.u.
Epot_harm   0.017713524756 a.u.
Epot        0.017713524756 a.u.
Etot_harm   0.044932793150 a.u.
Etot        0.044932793150 a.u.


Index     622
Atoms
 C   6.0  -0.01957012   0.02719600   0.07749510  12.00000000  -0.00016069   0.00013205  -0.00015090
 N   7.0   0.01799002   0.00137866   2.45660621  14.00307400  -0.00009915  -0.00025173  -0.00016321
 H   1.0   1.70497244  -0.08338568  -0.98423858   1.00782500   0.00282247  -0.00013123   0.00159040
 H   1.0   1.44817544  -0.09195495   3.57930682   1.00782500   0.00225755   0.00106998   0.00055020
 H   1.0  -1.56812313   0.00315234   3.58257051   1.00782500  -0.00068019   0.00114630   0.00186679
 H   1.0  -1.60196629  -0.17078541  -1.03814357   1.00782500  -0.00110886  -0.00015971   0.00005700
States
Ekin        0.023659970739 a.u.
Epot_harm   0.011133790295 a.u.
Epot        0.011133790295 a.u.
Etot_harm   0.034793761034 a.u.
Etot        0.034793761034 a.u.


Index     623
Atoms
 C   6.0   0.01570239   0.00213794  -0.04696650  12.00000000  -0.00024656  -0.00013277  -0.00013241
 N   7.0  -0.02474216   0.03310190   2.53058847  14.00307400   0.00038395   0.00014385   0.00013821
 H   1.0   1.74150350  -0.14010450  -0.92473889   1.00782500   0.00068231   0.00115630  -0.00012599
 H   1.0   1.66385391  -0.09569813   3.56498153   1.00782500   0.00033463  -0.00100305  -0.00121564
 H   1.0  -1.55117923  -0.26573893   3.97319499   1.00782500  -0.00431112  -0.00023617   0.00113493
 H   1.0  -1.69736754   0.01615606  -1.01993507   1.00782500   0.00089525  -0.00033487  -0.00013701
States
Ekin        0.026841812100 a.u.
Epot_harm   0.032541528637 a.u.
Epot        0.032541528637 a.u.
Etot_harm   0.059383340737 a.u.
Etot        0.059383340737 a.u.


Index     624
Atoms
 C   6.0   0.02250486   0.05477443   0.01907047  12.00000000  -0.00004878  -0.00033182   0.00014798
 N   7.0  -0.01674550  -0.06494740   2.51240335  14.00307400  -0.00007781   0.00014330  -0.00012273
 H   1.0   1.75904684  -0.19170667  -0.88823024   1.00782500   0.00312582  -0.00054165  -0.00216055
 H   1.0   1.81533573   0.32055690   3.34958929   1.00782500   0.00199930   0.00164973   0.00202942
 H   1.0  -1.74028302   0.22816143   3.67751973   1.00782500  -0.00103218  -0.00172647   0.00160897
 H   1.0  -1.86939316  -0.10679948  -1.07899662   1.00782500  -0.00243101   0.00257827  -0.00153453
States
Ekin        0.045383695321 a.u.
Epot_harm   0.030852656096 a.u.
Epot        0.030852656096 a.u.
Etot_harm   0.076236351417 a.u.
Etot        0.076236351417 a.u.


Index     625
Atoms
 C   6.0   0.02962058   0.01557297   0.06694964  12.00000000   0.00005124  -0.00082555   0.00052246
 N   7.0  -0.04464367   0.00699839   2.48314879  14.00307400   0.00036035   0.00041699  -0.00018733
 H   1.0   1.61234885   0.11450323  -1.22098147   1.00782500   0.00148539   0.00393356  -0.00144850
 H   1.0   1.53128485  -0.27321272   3.49830502   1.00782500  -0.00192854  -0.00134873  -0.00097758
 H   1.0  -1.26979698   0.15565926   3.41083143   1.00782500  -0.00224798  -0.00055022   0.00053600
 H   1.0  -1.60622911  -0.27961257  -0.79188886   1.00782500  -0.00292585   0.00200126  -0.00172791
States
Ekin        0.058817622429 a.u.
Epot_harm   0.051939905533 a.u.
Epot        0.051939905533 a.u.
Etot_harm   0.110757527962 a.u.
Etot        0.110757527962 a.u.


Index     626
Atoms
 C   6.0   0.03052802  -0.02230570   0.09340458  12.00000000   0.00025745   0.00007646  -0.00015832
 N   7.0  -0.02554009  -0.00784627   2.48976375  14.00307400   0.00015663  -0.00007524  -0.00005419
 H   1.0   1.58655699   0.10703783  -1.18512488   1.00782500  -0.00151674   0.00022211   0.00071802
 H   1.0   1.73369109   0.08095285   3.36010299   1.00782500   0.00138569  -0.00038122   0.00264857
 H   1.0  -1.60123454   0.06402799   3.23859966   1.00782500  -0.00231698   0.00106936   0.00225760
 H   1.0  -1.72764240   0.12259036  -0.92421657   1.00782500  -0.00279377  -0.00077521  -0.00298618
States
Ekin        0.039072116441 a.u.
Epot_harm   0.018230906015 a.u.
Epot        0.018230906015 a.u.
Etot_harm   0.057303022456 a.u.
Etot        0.057303022456 a.u.


Index     627
Atoms
 C   6.0  -0.01350140  -0.01403680   0.05992881  12.00000000  -0.00037334  -0.00010649  -0.00013214
 N   7.0   0.02534052  -0.01692667   2.47478532  14.00307400  -0.00006824   0.00008111  -0.00006644
 H   1.0   1.66195338  -0.06104085  -0.71841240   1.00782500  -0.00022921   0.00047529  -0.00018042
 H   1.0   1.49148139   0.27562070   3.42450932   1.00782500   0.00189532   0.00010182   0.00108385
 H   1.0  -1.60623163  -0.05558484   3.30143746   1.00782500  -0.00048736  -0.00059060   0.00035319
 H   1.0  -1.73853429   0.24332388  -0.91146737   1.00782500   0.00421468   0.00015454   0.00123984
States
Ekin        0.025352367651 a.u.
Epot_harm   0.021419561112 a.u.
Epot        0.021419561112 a.u.
Etot_harm   0.046771928763 a.u.
Etot        0.046771928763 a.u.


Index     628
Atoms
 C   6.0   0.00750369   0.00461604   0.09443698  12.00000000  -0.00016197  -0.00057646   0.00035756
 N   7.0  -0.00520574  -0.01520783   2.45894410  14.00307400   0.00004310   0.00030150  -0.00024328
 H   1.0   1.65491674  -0.11782764  -0.97624912   1.00782500   0.00136537   0.00214984  -0.00047300
 H   1.0   1.74594268   0.20663242   3.49025121   1.00782500   0.00331017  -0.00054804   0.00099695
 H   1.0  -1.66691631  -0.05581043   3.33734842   1.00782500  -0.00264159  -0.00099311  -0.00118531
 H   1.0  -1.75095797   0.12334614  -0.94606299   1.00782500  -0.00070428   0.00206597  -0.00021592
States
Ekin        0.037768410825 a.u.
Epot_harm   0.010515209124 a.u.
Epot        0.010515209124 a.u.
Etot_harm   0.048283619948 a.u.
Etot        0.048283619948 a.u.


Index     629
Atoms
 C   6.0  -0.01802795  -0.04781389   0.08631022  12.00000000  -0.00017021  -0.00008092  -0.00058043
 N   7.0   0.01311292   0.00543437   2.44604178  14.00307400  -0.00013599   0.00000102   0.00037877
 H   1.0   1.81775334   0.14653541  -0.80277746   1.00782500  -0.00116270   0.00022565   0.00174807
 H   1.0   1.58302931   0.10605608   3.55941398   1.00782500   0.00142681   0.00045785   0.00012326
 H   1.0  -1.55214345  -0.03435241   3.30230285   1.00782500   0.00132878  -0.00002922  -0.00154148
 H   1.0  -1.81617897   0.27556572  -0.87761856   1.00782500   0.00232325   0.00029506   0.00131845
States
Ekin        0.022804662805 a.u.
Epot_harm   0.012452138626 a.u.
Epot        0.012452138626 a.u.
Etot_harm   0.035256801431 a.u.
Etot        0.035256801431 a.u.


Index     630
Atoms
 C   6.0   0.01263145  -0.00254651   0.05902432  12.00000000  -0.00015566   0.00010859  -0.00022797
 N   7.0  -0.00756771  -0.05353701   2.47994572  14.00307400  -0.00032891  -0.00012231   0.00011151
 H   1.0   1.58135199   0.15654852  -0.84159227   1.00782500   0.00225792  -0.00021977   0.00072353
 H   1.0   1.67703398   0.22520782   3.48911539   1.00782500   0.00306346   0.00085939  -0.00021549
 H   1.0  -1.53271818   0.35687865   3.32847440   1.00782500   0.00082315   0.00025399   0.00104926
 H   1.0  -1.77091996   0.03554796  -0.94086126   1.00782500   0.00027884  -0.00048716  -0.00039229
States
Ekin        0.019543403659 a.u.
Epot_harm   0.023391136531 a.u.
Epot        0.023391136531 a.u.
Etot_harm   0.042934540190 a.u.
Etot        0.042934540190 a.u.


Index     631
Atoms
 C   6.0   0.00026725   0.05600432   0.05129643  12.00000000  -0.00005570  -0.00002984  -0.00038045
 N   7.0  -0.00480697  -0.00702310   2.46542964  14.00307400  -0.00004545   0.00016439   0.00026111
 H   1.0   1.71412448  -0.28871717  -0.57336217   1.00782500  -0.00043170   0.00017823   0.00232237
 H   1.0   1.66856929   0.00784340   3.27754703   1.00782500  -0.00130422  -0.00116522   0.00048851
 H   1.0  -1.56983412  -0.08476338   3.79225785   1.00782500   0.00339856  -0.00073083  -0.00232342
 H   1.0  -1.74925196  -0.20361538  -1.16760035   1.00782500  -0.00036788  -0.00021096   0.00041450
States
Ekin        0.027474799205 a.u.
Epot_harm   0.030006906614 a.u.
Epot        0.030006906614 a.u.
Etot_harm   0.057481705819 a.u.
Etot        0.057481705819 a.u.


Index     632
Atoms
 C   6.0  -0.00780149  -0.01020340   0.12172908  12.00000000   0.00041982   0.00008785   0.00018920
 N   7.0  -0.00610202  -0.05265926   2.45394186  14.00307400  -0.00026354  -0.00008765   0.00002841
 H   1.0   1.99225375  -0.02296172  -0.94592534   1.00782500  -0.00268969   0.00003298  -0.00031202
 H   1.0   1.68580587   0.46301412   3.24268400   1.00782500  -0.00135937  -0.00004744   0.00009701
 H   1.0  -1.60915589   0.13047364   3.62060512   1.00782500   0.00352487   0.00059555  -0.00202400
 H   1.0  -1.89122916   0.28263039  -1.26753578   1.00782500  -0.00081281  -0.00040925  -0.00040858
States
Ekin        0.028300480994 a.u.
Epot_harm   0.048733402389 a.u.
Epot        0.048733402389 a.u.
Etot_harm   0.077033883384 a.u.
Etot        0.077033883384 a.u.


Index     633
Atoms
 C   6.0  -0.01098815   0.03274649   0.14150142  12.00000000  -0.00033532   0.00014139  -0.00026143
 N   7.0   0.02827988  -0.02788519   2.45123000  14.00307400   0.00069466   0.00033856  -0.00018499
 H   1.0   1.75795574  -0.19416374  -1.12794917   1.00782500  -0.00098460  -0.00121807   0.00307368
 H   1.0   1.46974036   0.20066675   3.38787163   1.00782500  -0.00170257  -0.00235157   0.00177668
 H   1.0  -1.71992704   0.00981670   3.29422370   1.00782500  -0.00344330  -0.00193957   0.00143488
 H   1.0  -1.76986555  -0.01878003  -1.10206437   1.00782500   0.00047127  -0.00087842  -0.00060213
States
Ekin        0.049472377590 a.u.
Epot_harm   0.027945895940 a.u.
Epot        0.027945895940 a.u.
Etot_harm   0.077418273530 a.u.
Etot        0.077418273530 a.u.


Index     634
Atoms
 C   6.0   0.04225569  -0.02595313   0.05229404  12.00000000  -0.00013293  -0.00011127   0.00009339
 N   7.0  -0.02420935   0.00671118   2.45263526  14.00307400   0.00029605   0.00008995  -0.00005117
 H   1.0   1.63354503   0.05726694  -0.71919594   1.00782500  -0.00029317   0.00052302   0.00134716
 H   1.0   1.53634415   0.05514824   3.40592900   1.00782500  -0.00010344  -0.00031179  -0.00174670
 H   1.0  -1.44181245  -0.05663751   3.31961627   1.00782500  -0.00288904  -0.00047662   0.00067054
 H   1.0  -1.89483484   0.15999426  -0.51161578   1.00782500   0.00075493   0.00034047  -0.00067203
States
Ekin        0.015947396939 a.u.
Epot_harm   0.042819274437 a.u.
Epot        0.042819274437 a.u.
Etot_harm   0.058766671376 a.u.
Etot        0.058766671376 a.u.


Index     635
Atoms
 C   6.0  -0.01937561   0.03259629   0.07838429  12.00000000  -0.00013876  -0.00016496  -0.00023068
 N   7.0  -0.01372156   0.01984552   2.45155740  14.00307400   0.00011070   0.00005249   0.00025479
 H   1.0   1.86300474  -0.16075553  -1.07793867   1.00782500  -0.00037032   0.00095777   0.00071225
 H   1.0   1.48364200  -0.17295858   3.63201183   1.00782500   0.00140670  -0.00055114  -0.00136889
 H   1.0  -1.32102709  -0.12892919   3.58022652   1.00782500  -0.00234202   0.00050583  -0.00029266
 H   1.0  -1.60426541  -0.20121580  -0.93524214   1.00782500   0.00141963   0.00032239   0.00015593
States
Ekin        0.014715017614 a.u.
Epot_harm   0.032290425383 a.u.
Epot        0.032290425383 a.u.
Etot_harm   0.047005442997 a.u.
Etot        0.047005442997 a.u.


Index     636
Atoms
 C   6.0  -0.00811772  -0.02369774   0.07866527  12.00000000  -0.00001371  -0.00028324   0.00003506
 N   7.0   0.02848070   0.03199329   2.48868884  14.00307400   0.00009570   0.00008883  -0.00026130
 H   1.0   1.70535636   0.19027110  -1.22801951   1.00782500   0.00150067   0.00130528   0.00102900
 H   1.0   1.59062244  -0.28307730   3.64602993   1.00782500  -0.00134801  -0.00001785  -0.00081459
 H   1.0  -1.82636038   0.00384184   3.22462953   1.00782500  -0.00070755   0.00000770   0.00351431
 H   1.0  -1.76868301  -0.07339669  -0.96284525   1.00782500  -0.00061150   0.00084300  -0.00051555
States
Ekin        0.021973696111 a.u.
Epot_harm   0.015453726607 a.u.
Epot        0.015453726607 a.u.
Etot_harm   0.037427422718 a.u.
Etot        0.037427422718 a.u.


Index     637
Atoms
 C   6.0  -0.02567989  -0.00403278   0.06935278  12.00000000  -0.00034055   0.00002297  -0.00032491
 N   7.0   0.01165088   0.04155786   2.46618127  14.00307400  -0.00006919  -0.00008467   0.00032082
 H   1.0   1.86490042  -0.20920901  -0.90377598   1.00782500   0.00050510  -0.00072799   0.00130339
 H   1.0   1.49441101  -0.04118386   3.61945125   1.00782500  -0.00052146   0.00089623   0.00005969
 H   1.0  -1.42665263  -0.39430804   3.42264366   1.00782500   0.00357523   0.00001060  -0.00118852
 H   1.0  -1.78877417   0.11529911  -1.03491379   1.00782500   0.00145734   0.00072413  -0.00076358
States
Ekin        0.023283907658 a.u.
Epot_harm   0.020244729263 a.u.
Epot        0.020244729263 a.u.
Etot_harm   0.043528636922 a.u.
Etot        0.043528636922 a.u.


Index     638
Atoms
 C   6.0   0.05321409   0.04767768   0.08288369  12.00000000   0.00010773   0.00027250  -0.00022716
 N   7.0  -0.03647726  -0.02530894   2.45856166  14.00307400   0.00009558   0.00001890   0.00002368
 H   1.0   1.80589522  -0.16090527  -1.00654593   1.00782500   0.00007008  -0.00044738   0.00292484
 H   1.0   1.81818820   0.05128084   3.11550313   1.00782500   0.00062070  -0.00120488   0.00003892
 H   1.0  -1.88332233   0.09090234   3.59210417   1.00782500  -0.00025538   0.00011348  -0.00071539
 H   1.0  -1.86754423  -0.19731667  -0.65289706   1.00782500  -0.00304625  -0.00196841   0.00012736
States
Ekin        0.024063375109 a.u.
Epot_harm   0.041036453455 a.u.
Epot        0.041036453455 a.u.
Etot_harm   0.065099828564 a.u.
Etot        0.065099828564 a.u.


Index     639
Atoms
 C   6.0  -0.01704131   0.04340570  -0.02240968  12.00000000   0.00013432  -0.00008551  -0.00056601
 N   7.0   0.01300821  -0.04011754   2.51893115  14.00307400  -0.00013441   0.00001768  -0.00006689
 H   1.0   1.89467024  -0.08459079  -0.77650186   1.00782500  -0.00327328   0.00146626   0.00394578
 H   1.0   1.59890829   0.10033421   3.70240588   1.00782500   0.00056940  -0.00113014   0.00089485
 H   1.0  -1.54874877   0.21256357   3.39645898   1.00782500   0.00152248   0.00101227   0.00070401
 H   1.0  -1.92266235  -0.18772416  -0.85928335   1.00782500   0.00144966  -0.00057592   0.00212411
States
Ekin        0.042326181475 a.u.
Epot_harm   0.022395733920 a.u.
Epot        0.022395733920 a.u.
Etot_harm   0.064721915395 a.u.
Etot        0.064721915395 a.u.


Index     640
Atoms
 C   6.0   0.00299408  -0.00265998   0.05963676  12.00000000  -0.00024964   0.00036774   0.00045466
 N   7.0   0.01900434   0.01225833   2.47040519  14.00307400   0.00019899  -0.00010448  -0.00052235
 H   1.0   1.68296561  -0.01339955  -0.97366772   1.00782500   0.00217956  -0.00145108   0.00074285
 H   1.0   1.53069937  -0.05536936   3.57970463   1.00782500  -0.00084151  -0.00002066  -0.00010750
 H   1.0  -1.72736517  -0.06908702   3.43163835   1.00782500  -0.00085635   0.00013546   0.00025988
 H   1.0  -1.78600278  -0.00079373  -0.87727183   1.00782500  -0.00027405  -0.00159058   0.00094893
States
Ekin        0.019987808386 a.u.
Epot_harm   0.003954271700 a.u.
Epot        0.003954271700 a.u.
Etot_harm   0.023942080086 a.u.
Etot        0.023942080086 a.u.


Index     641
Atoms
 C   6.0  -0.00948594   0.04818777   0.07876512  12.00000000  -0.00059748  -0.00015269   0.00042535
 N   7.0   0.00843552  -0.04177731   2.47115411  14.00307400   0.00053537   0.00029815  -0.00001194
 H   1.0   1.65898789  -0.01136266  -0.94523658   1.00782500   0.00251185   0.00109236  -0.00030232
 H   1.0   1.57915354   0.00200394   3.40568857   1.00782500  -0.00215811  -0.00262214  -0.00056768
 H   1.0  -1.64427370   0.31571445   3.41266241   1.00782500  -0.00084009  -0.00013115  -0.00186232
 H   1.0  -1.59812630  -0.29965066  -0.95087474   1.00782500   0.00016179  -0.00066361  -0.00216631
States
Ekin        0.037462183290 a.u.
Epot_harm   0.014291516333 a.u.
Epot        0.014291516333 a.u.
Etot_harm   0.051753699624 a.u.
Etot        0.051753699624 a.u.


Index     642
Atoms
 C   6.0   0.02568767   0.02740557   0.12204401  12.00000000   0.00043060  -0.00008256  -0.00030630
 N   7.0   0.00580999   0.01499613   2.46283078  14.00307400  -0.00033750  -0.00015443  -0.00019189
 H   1.0   1.78186971  -0.13966594  -1.09717218   1.00782500  -0.00437264   0.00109066   0.00255417
 H   1.0   1.70823524  -0.12853883   3.27507633   1.00782500   0.00099495   0.00058860   0.00023276
 H   1.0  -1.91717571  -0.10712814   2.93535905   1.00782500   0.00075377   0.00130293   0.00293491
 H   1.0  -1.95951395  -0.15934198  -0.59069080   1.00782500   0.00218618   0.00014654   0.00059135
States
Ekin        0.046094871544 a.u.
Epot_harm   0.038251976679 a.u.
Epot        0.038251976679 a.u.
Etot_harm   0.084346848223 a.u.
Etot        0.084346848223 a.u.


Index     643
Atoms
 C   6.0  -0.00531452  -0.04356851   0.05703422  12.00000000  -0.00050439  -0.00020354   0.00066705
 N   7.0   0.04391724   0.03911021   2.44967737  14.00307400  -0.00002283   0.00017793  -0.00025190
 H   1.0   1.79693897  -0.02213725  -0.79068007   1.00782500  -0.00011335   0.00188841  -0.00088646
 H   1.0   1.51859742   0.02397806   3.85866299   1.00782500   0.00186138  -0.00186595   0.00021816
 H   1.0  -1.72898635  -0.32561061   3.48301700   1.00782500   0.00090944   0.00065192  -0.00297302
 H   1.0  -2.13347241   0.29912169  -1.07160894   1.00782500   0.00366550  -0.00072312  -0.00080113
States
Ekin        0.042467322806 a.u.
Epot_harm   0.055290500146 a.u.
Epot        0.055290500146 a.u.
Etot_harm   0.097757822952 a.u.
Etot        0.097757822952 a.u.


Index     644
Atoms
 C   6.0  -0.04715148  -0.00476025   0.10467606  12.00000000  -0.00011407  -0.00014132  -0.00016044
 N   7.0   0.03893644   0.01138844   2.42192533  14.00307400  -0.00008544   0.00014351   0.00027087
 H   1.0   1.87773287   0.04055133  -0.95482897   1.00782500  -0.00114209   0.00086238  -0.00099339
 H   1.0   1.51196823  -0.09455965   3.82589343   1.00782500  -0.00180245  -0.00118530  -0.00111385
 H   1.0  -1.64101363  -0.01483698   3.37813126   1.00782500   0.00237704   0.00019040  -0.00003211
 H   1.0  -1.72825937  -0.03271020  -0.95147125   1.00782500   0.00311290  -0.00017876   0.00028617
States
Ekin        0.024403840523 a.u.
Epot_harm   0.021710870186 a.u.
Epot        0.021710870186 a.u.
Etot_harm   0.046114710708 a.u.
Etot        0.046114710708 a.u.


Index     645
Atoms
 C   6.0   0.01662822  -0.05932945   0.06092924  12.00000000   0.00020260  -0.00004886   0.00026240
 N   7.0  -0.01938903   0.02667066   2.43617724  14.00307400  -0.00031793   0.00008181   0.00034052
 H   1.0   1.78552058   0.28433968  -0.72820772   1.00782500   0.00326445   0.00027047  -0.00329093
 H   1.0   1.56177604  -0.12116246   3.45483802   1.00782500   0.00206119  -0.00062781  -0.00004834
 H   1.0  -1.45147008  -0.00395012   3.86919877   1.00782500   0.00069652  -0.00033393  -0.00404010
 H   1.0  -1.82441800   0.17662700  -0.97523985   1.00782500  -0.00401700   0.00013635  -0.00047624
States
Ekin        0.058815783116 a.u.
Epot_harm   0.022752372739 a.u.
Epot        0.022752372739 a.u.
Etot_harm   0.081568155856 a.u.
Etot        0.081568155856 a.u.


Index     646
Atoms
 C   6.0  -0.01821093  -0.03976146   0.06544272  12.00000000  -0.00017838  -0.00005479  -0.00017057
 N   7.0   0.00745149  -0.00028906   2.48583403  14.00307400   0.00055787   0.00004886  -0.00012921
 H   1.0   1.71724315   0.11794869  -0.82196631   1.00782500  -0.00278346   0.00001917   0.00003565
 H   1.0   1.84783124   0.12652057   3.38083643   1.00782500  -0.00333948  -0.00002586   0.00132177
 H   1.0  -1.77562339  -0.01523799   3.62237351   1.00782500  -0.00226361  -0.00017509   0.00060926
 H   1.0  -1.67615015   0.24821785  -1.30434447   1.00782500   0.00275925   0.00015518   0.00185962
States
Ekin        0.039195972880 a.u.
Epot_harm   0.029430212479 a.u.
Epot        0.029430212479 a.u.
Etot_harm   0.068626185359 a.u.
Etot        0.068626185359 a.u.


Index     647
Atoms
 C   6.0   0.01487016  -0.03161163   0.01344563  12.00000000   0.00044239  -0.00001649  -0.00012044
 N   7.0  -0.01898169  -0.00571567   2.48786896  14.00307400   0.00014232   0.00012408   0.00008129
 H   1.0   1.81794470   0.17173989  -1.04037271   1.00782500  -0.00297711  -0.00000428   0.00122173
 H   1.0   1.62104895   0.05461819   3.56872336   1.00782500  -0.00181489  -0.00110323  -0.00020964
 H   1.0  -1.61037327   0.09279099   3.86077700   1.00782500  -0.00017013  -0.00012463  -0.00010251
 H   1.0  -1.74193854   0.13666072  -0.92138208   1.00782500  -0.00228279  -0.00029561  -0.00060496
States
Ekin        0.021886904577 a.u.
Epot_harm   0.019946331945 a.u.
Epot        0.019946331945 a.u.
Etot_harm   0.041833236522 a.u.
Etot        0.041833236522 a.u.


Index     648
Atoms
 C   6.0   0.00254464  -0.00776486  -0.03271520  12.00000000  -0.00030735   0.00014397   0.00002613
 N   7.0  -0.01768849  -0.04987959   2.54992229  14.00307400   0.00057369  -0.00012272  -0.00009341
 H   1.0   1.88821351  -0.05575156  -0.81656874   1.00782500   0.00026120  -0.00141615  -0.00068826
 H   1.0   1.66647596   0.46349299   3.40597342   1.00782500  -0.00436595   0.00077854   0.00193348
 H   1.0  -1.47563680   0.09349847   3.35632691   1.00782500  -0.00078810   0.00050644  -0.00044048
 H   1.0  -1.86358119   0.28425940  -0.79054761   1.00782500   0.00058141   0.00012207   0.00018209
States
Ekin        0.031450216332 a.u.
Epot_harm   0.039795158818 a.u.
Epot        0.039795158818 a.u.
Etot_harm   0.071245375150 a.u.
Etot        0.071245375150 a.u.


Index     649
Atoms
 C   6.0  -0.02755267  -0.00722705   0.01203640  12.00000000   0.00015628  -0.00018509   0.00040569
 N   7.0  -0.00100595  -0.00079313   2.52488165  14.00307400   0.00020070  -0.00002104   0.00002007
 H   1.0   1.93968007   0.02739337  -0.69102143   1.00782500   0.00013239   0.00105562  -0.00300745
 H   1.0   1.68208194   0.02176357   3.36819077   1.00782500  -0.00251768   0.00006144  -0.00148082
 H   1.0  -1.45066451   0.00641961   3.18539345   1.00782500  -0.00183118   0.00056608   0.00096917
 H   1.0  -1.82905563   0.04149470  -0.89230503   1.00782500  -0.00043283   0.00081304  -0.00159014
States
Ekin        0.027537219021 a.u.
Epot_harm   0.039176802149 a.u.
Epot        0.039176802149 a.u.
Etot_harm   0.066714021170 a.u.
Etot        0.066714021170 a.u.


Index     650
Atoms
 C   6.0   0.01271220   0.00597295   0.14800475  12.00000000   0.00010003   0.00025577  -0.00064440
 N   7.0  -0.00132307   0.02639124   2.41692800  14.00307400  -0.00014811  -0.00016580   0.00041173
 H   1.0   1.58411593  -0.05940739  -0.90287072   1.00782500   0.00334149  -0.00110994   0.00056696
 H   1.0   1.61726578  -0.16034355   3.28324740   1.00782500   0.00124350   0.00069021  -0.00152311
 H   1.0  -1.66822717  -0.13943315   3.44296316   1.00782500  -0.00144925   0.00036533   0.00016357
 H   1.0  -1.66613324  -0.07862397  -0.97208814   1.00782500  -0.00226888  -0.00068732   0.00274453
States
Ekin        0.037996648464 a.u.
Epot_harm   0.018591744066 a.u.
Epot        0.018591744066 a.u.
Etot_harm   0.056588392530 a.u.
Etot        0.056588392530 a.u.


Index     651
Atoms
 C   6.0  -0.06502620   0.04175266   0.08928953  12.00000000   0.00017921  -0.00008775   0.00000455
 N   7.0   0.01162464  -0.00087195   2.42571930  14.00307400  -0.00034040   0.00007003   0.00015107
 H   1.0   1.91897970  -0.21528392  -0.73444925   1.00782500  -0.00142201   0.00060456   0.00028660
 H   1.0   1.75427259  -0.02503466   3.61806138   1.00782500   0.00133251  -0.00059165  -0.00083747
 H   1.0  -1.57071586  -0.07919332   3.54964506   1.00782500   0.00210685   0.00013408   0.00010562
 H   1.0  -1.48979747  -0.16551476  -1.00504279   1.00782500   0.00057851  -0.00007526  -0.00170796
States
Ekin        0.014239492535 a.u.
Epot_harm   0.037536123756 a.u.
Epot        0.037536123756 a.u.
Etot_harm   0.051775616291 a.u.
Etot        0.051775616291 a.u.


Index     652
Atoms
 C   6.0   0.02000573  -0.04738881   0.01563512  12.00000000  -0.00007322  -0.00032895  -0.00006546
 N   7.0  -0.00301464  -0.00944449   2.47178613  14.00307400   0.00027879   0.00004282  -0.00019603
 H   1.0   1.84190679   0.33894514  -0.81578558   1.00782500   0.00087785   0.00203430   0.00102814
 H   1.0   1.47987514  -0.00059169   3.70155766   1.00782500  -0.00189162  -0.00045062   0.00077903
 H   1.0  -1.46147721   0.23098498   3.65369207   1.00782500  -0.00085199   0.00090390   0.00028876
 H   1.0  -2.05662308   0.12613708  -0.87432794   1.00782500  -0.00113603   0.00083429   0.00140712
States
Ekin        0.017444307534 a.u.
Epot_harm   0.030068118816 a.u.
Epot        0.030068118816 a.u.
Etot_harm   0.047512426350 a.u.
Etot        0.047512426350 a.u.


Index     653
Atoms
 C   6.0  -0.01729773  -0.01731213   0.05500567  12.00000000  -0.00037013  -0.00017280  -0.00013155
 N   7.0   0.02212799  -0.01300183   2.50774974  14.00307400   0.00008667   0.00031773  -0.00011782
 H   1.0   1.80523099  -0.19168385  -1.15293720   1.00782500   0.00205970   0.00050573  -0.00044684
 H   1.0   1.40774441   0.41079822   3.65526720   1.00782500  -0.00147266  -0.00169066  -0.00077069
 H   1.0  -1.49536738  -0.22401570   3.07837920   1.00782500  -0.00070004  -0.00086988  -0.00038201
 H   1.0  -1.81910101   0.39168586  -0.88404238   1.00782500   0.00331581  -0.00030234   0.00480292
States
Ekin        0.045754664778 a.u.
Epot_harm   0.050277421162 a.u.
Epot        0.050277421162 a.u.
Etot_harm   0.096032085940 a.u.
Etot        0.096032085940 a.u.


Index     654
Atoms
 C   6.0  -0.02872519   0.01976926   0.08480727  12.00000000  -0.00005033  -0.00018369  -0.00031572
 N   7.0   0.00760441  -0.02037126   2.46576859  14.00307400  -0.00009509  -0.00018458   0.00040573
 H   1.0   1.65469562  -0.19758966  -0.91500654   1.00782500  -0.00008643   0.00119790   0.00124193
 H   1.0   1.52188955   0.23366555   3.50181843   1.00782500   0.00056356   0.00113686  -0.00239934
 H   1.0  -1.42841726  -0.06859916   3.47058574   1.00782500   0.00052570   0.00119768  -0.00137562
 H   1.0  -1.51180030   0.08017942  -1.13227256   1.00782500   0.00091774   0.00121940   0.00065489
States
Ekin        0.019500124202 a.u.
Epot_harm   0.019939844211 a.u.
Epot        0.019939844211 a.u.
Etot_harm   0.039439968413 a.u.
Etot        0.039439968413 a.u.


Index     655
Atoms
 C   6.0  -0.00193295  -0.00680873   0.04326819  12.00000000   0.00026571   0.00030181  -0.00003078
 N   7.0  -0.01398242   0.01865945   2.45830767  14.00307400   0.00028899  -0.00022280  -0.00001175
 H   1.0   1.96216938  -0.02663804  -0.97168190   1.00782500  -0.00198856  -0.00030673   0.00186597
 H   1.0   1.65296086  -0.05994380   3.87363243   1.00782500  -0.00113029  -0.00023577   0.00166946
 H   1.0  -1.39707462  -0.12199355   3.55358918   1.00782500   0.00024754   0.00175336   0.00003172
 H   1.0  -2.00076375   0.03038471  -0.93215134   1.00782500  -0.00430775  -0.00170874  -0.00303747
States
Ekin        0.045358769454 a.u.
Epot_harm   0.047754421151 a.u.
Epot        0.047754421151 a.u.
Etot_harm   0.093113190605 a.u.
Etot        0.093113190605 a.u.


Index     656
Atoms
 C   6.0  -0.00317268   0.00648480   0.10335219  12.00000000  -0.00034613  -0.00013398   0.00024542
 N   7.0   0.02945696   0.00235322   2.46092768  14.00307400   0.00031663   0.00016580  -0.00027437
 H   1.0   1.63998050   0.08600567  -1.11551804   1.00782500   0.00084660   0.00086907  -0.00327877
 H   1.0   1.55927799  -0.15149837   3.55571249   1.00782500  -0.00136418  -0.00125985   0.00458842
 H   1.0  -1.82890303   0.10857451   3.40822705   1.00782500  -0.00044305  -0.00027206   0.00030575
 H   1.0  -1.74186416  -0.15299163  -1.07684639   1.00782500   0.00068259  -0.00004556  -0.00072542
States
Ekin        0.039745195323 a.u.
Epot_harm   0.016560827531 a.u.
Epot        0.016560827531 a.u.
Etot_harm   0.056306022854 a.u.
Etot        0.056306022854 a.u.


Index     657
Atoms
 C   6.0   0.06984841   0.02723821   0.09683955  12.00000000  -0.00008624  -0.00005373   0.00020823
 N   7.0  -0.07264590  -0.02311095   2.42780493  14.00307400   0.00009538   0.00019018  -0.00014105
 H   1.0   1.78102039  -0.09770913  -0.92051964   1.00782500  -0.00071257   0.00063124   0.00169978
 H   1.0   1.89350250   0.09689988   3.13468850   1.00782500  -0.00064629  -0.00159750  -0.00289978
 H   1.0  -1.63238871   0.07727889   3.70375877   1.00782500  -0.00094957  -0.00034711   0.00182763
 H   1.0  -1.86443963  -0.07967866  -0.60858855   1.00782500   0.00201001  -0.00068930  -0.00114724
States
Ekin        0.024741471091 a.u.
Epot_harm   0.033266002685 a.u.
Epot        0.033266002685 a.u.
Etot_harm   0.058007473777 a.u.
Etot        0.058007473777 a.u.


Index     658
Atoms
 C   6.0  -0.04139304   0.06153843   0.11547159  12.00000000  -0.00004333   0.00001642   0.00010762
 N   7.0   0.02425938  -0.02349978   2.44189361  14.00307400  -0.00008230  -0.00035319   0.00002083
 H   1.0   2.01488975  -0.19466780  -0.97521038   1.00782500  -0.00138590   0.00037038  -0.00106323
 H   1.0   1.57117836  -0.01293293   3.48601289   1.00782500   0.00211006   0.00185674  -0.00005309
 H   1.0  -1.67531680   0.09796994   3.25590217   1.00782500  -0.00158230   0.00201211  -0.00031959
 H   1.0  -1.75495982  -0.29658254  -0.87496703   1.00782500   0.00251763   0.00047262  -0.00013500
States
Ekin        0.024210020995 a.u.
Epot_harm   0.033013331221 a.u.
Epot        0.033013331221 a.u.
Etot_harm   0.057223352216 a.u.
Etot        0.057223352216 a.u.


Index     659
Atoms
 C   6.0   0.00278475   0.01990200   0.04946562  12.00000000  -0.00041201   0.00011759   0.00029709
 N   7.0  -0.00391044   0.00232407   2.46962877  14.00307400   0.00023075  -0.00002895  -0.00005931
 H   1.0   1.77861510  -0.03748888  -0.84905535   1.00782500   0.00460941  -0.00111684  -0.00099101
 H   1.0   1.62232650  -0.10221993   3.45423939   1.00782500  -0.00123069   0.00066146  -0.00121932
 H   1.0  -1.62392748   0.02310545   3.33785529   1.00782500  -0.00087895  -0.00060971  -0.00043791
 H   1.0  -1.75583866  -0.15265788  -0.65074197   1.00782500  -0.00080022   0.00006718  -0.00006501
States
Ekin        0.030259444421 a.u.
Epot_harm   0.012015783190 a.u.
Epot        0.012015783190 a.u.
Etot_harm   0.042275227611 a.u.
Etot        0.042275227611 a.u.


Index     660
Atoms
 C   6.0   0.00789965  -0.02046089   0.08792996  12.00000000   0.00003918  -0.00024543   0.00039051
 N   7.0  -0.00244342  -0.00603763   2.44188239  14.00307400  -0.00007152  -0.00009957  -0.00009718
 H   1.0   1.50747687   0.08282381  -0.91583526   1.00782500   0.00069919   0.00082798  -0.00119343
 H   1.0   1.88772602   0.08275614   3.83069393   1.00782500   0.00096919   0.00138126  -0.00149625
 H   1.0  -1.65487417   0.03777484   3.44079833   1.00782500  -0.00120851   0.00024809  -0.00042892
 H   1.0  -1.80043876   0.12415855  -1.13583016   1.00782500   0.00006741   0.00184845  -0.00018090
States
Ekin        0.014462104644 a.u.
Epot_harm   0.069109059124 a.u.
Epot        0.069109059124 a.u.
Etot_harm   0.083571163768 a.u.
Etot        0.083571163768 a.u.


Index     661
Atoms
 C   6.0   0.03717706   0.03029228   0.06401478  12.00000000   0.00001662   0.00032878  -0.00021945
 N   7.0  -0.01630899  -0.04493539   2.45195939  14.00307400   0.00043235  -0.00004255   0.00036559
 H   1.0   1.64103336  -0.12202846  -0.88776824   1.00782500  -0.00269157  -0.00154598   0.00147531
 H   1.0   1.54568537   0.25859468   3.51247123   1.00782500  -0.00216966  -0.00047005  -0.00134891
 H   1.0  -1.51511198   0.14173921   3.57291791   1.00782500  -0.00152702  -0.00020248  -0.00308286
 H   1.0  -1.88766479  -0.01464248  -0.83305343   1.00782500   0.00018309  -0.00110504   0.00048975
States
Ekin        0.035294607788 a.u.
Epot_harm   0.014863943625 a.u.
Epot        0.014863943625 a.u.
Etot_harm   0.050158551413 a.u.
Etot        0.050158551413 a.u.


Index     662
Atoms
 C   6.0   0.03503270  -0.00748247   0.08021666  12.00000000  -0.00005241   0.00005412   0.00000015
 N   7.0  -0.02173202  -0.00092891   2.46793191  14.00307400   0.00006164   0.00026467  -0.00023450
 H   1.0   1.68157141  -0.03742910  -0.91470337   1.00782500   0.00144507   0.00026497   0.00065535
 H   1.0   1.80834696   0.09488951   3.32510807   1.00782500   0.00065923  -0.00243665   0.00110727
 H   1.0  -1.71947394  -0.06455274   3.37399594   1.00782500  -0.00095346  -0.00068122   0.00308797
 H   1.0  -1.88562049   0.10909132  -0.83467394   1.00782500  -0.00138326  -0.00146887  -0.00159408
States
Ekin        0.027166719405 a.u.
Epot_harm   0.015121639335 a.u.
Epot        0.015121639335 a.u.
Etot_harm   0.042288358739 a.u.
Etot        0.042288358739 a.u.


Index     663
Atoms
 C   6.0   0.01839752   0.02419101   0.07276570  12.00000000   0.00034088   0.00009565   0.00017443
 N   7.0  -0.00176751   0.00912593   2.44430588  14.00307400  -0.00007575   0.00010531  -0.00027296
 H   1.0   1.89879940  -0.19456258  -0.93980124   1.00782500  -0.00297550  -0.00061481  -0.00131530
 H   1.0   1.66469376  -0.00676502   3.60139349   1.00782500   0.00405825  -0.00040671   0.00446093
 H   1.0  -1.72006408  -0.15709189   3.37811698   1.00782500  -0.00245687  -0.00087102   0.00014444
 H   1.0  -2.03792678  -0.05641760  -0.67299687   1.00782500  -0.00163224  -0.00070952  -0.00157437
States
Ekin        0.058018700861 a.u.
Epot_harm   0.021565145462 a.u.
Epot        0.021565145462 a.u.
Etot_harm   0.079583846323 a.u.
Etot        0.079583846323 a.u.


Index     664
Atoms
 C   6.0   0.06521025  -0.00951020   0.15215767  12.00000000   0.00017671  -0.00001628   0.00022556
 N   7.0  -0.02685760  -0.01651517   2.40526294  14.00307400   0.00011882  -0.00007110  -0.00021832
 H   1.0   1.75865660   0.15209136  -0.98100112   1.00782500   0.00087298  -0.00010135  -0.00148648
 H   1.0   1.66311041   0.01199466   3.26930524   1.00782500  -0.00242312   0.00076290   0.00034952
 H   1.0  -1.70436897   0.19130536   3.28093721   1.00782500  -0.00017715   0.00011371   0.00260339
 H   1.0  -2.12067642  -0.01268750  -0.60535931   1.00782500  -0.00202769   0.00040648  -0.00111876
States
Ekin        0.021885303377 a.u.
Epot_harm   0.039965558187 a.u.
Epot        0.039965558187 a.u.
Etot_harm   0.061850861564 a.u.
Etot        0.061850861564 a.u.


Index     665
Atoms
 C   6.0  -0.06311554  -0.00780158   0.08663617  12.00000000   0.00005963   0.00061215  -0.00001841
 N   7.0   0.04175999   0.03728162   2.46890087  14.00307400  -0.00016332  -0.00011332  -0.00009017
 H   1.0   2.12232329  -0.23907182  -0.88233753   1.00782500  -0.00326777  -0.00184456   0.00220345
 H   1.0   1.58332667   0.04557774   3.74991779   1.00782500   0.00219387  -0.00091263   0.00140204
 H   1.0  -1.53105834  -0.42487553   3.24725839   1.00782500   0.00173021   0.00040643  -0.00228171
 H   1.0  -2.00331367   0.19325766  -1.25501098   1.00782500   0.00090287  -0.00336341   0.00014819
States
Ekin        0.048014024388 a.u.
Epot_harm   0.075603866963 a.u.
Epot        0.075603866963 a.u.
Etot_harm   0.123617891350 a.u.
Etot        0.123617891350 a.u.


Index     666
Atoms
 C   6.0   0.01350195  -0.01553195   0.07148440  12.00000000   0.00006103  -0.00005305   0.00037730
 N   7.0   0.00169697   0.00288310   2.49515656  14.00307400   0.00019863  -0.00029083  -0.00056810
 H   1.0   1.62816159   0.14207433  -1.16552737   1.00782500  -0.00207249  -0.00053930   0.00290162
 H   1.0   1.79051469  -0.07627331   3.51110387   1.00782500  -0.00142410   0.00279032  -0.00009405
 H   1.0  -1.84349442   0.08755723   3.37922223   1.00782500  -0.00018856   0.00059252   0.00061397
 H   1.0  -1.75952549  -0.00848071  -1.04936724   1.00782500   0.00019874   0.00182904  -0.00002066
States
Ekin        0.032157398086 a.u.
Epot_harm   0.019520729434 a.u.
Epot        0.019520729434 a.u.
Etot_harm   0.051678127520 a.u.
Etot        0.051678127520 a.u.


Index     667
Atoms
 C   6.0   0.04272647   0.00328418   0.02339790  12.00000000  -0.00002257   0.00026720   0.00008837
 N   7.0  -0.02600381  -0.02895120   2.52362197  14.00307400   0.00008848  -0.00012664   0.00008592
 H   1.0   1.64842832   0.07993863  -1.10002312   1.00782500   0.00133773  -0.00154784  -0.00077996
 H   1.0   1.56228548   0.09728120   3.30503405   1.00782500   0.00062079   0.00073989  -0.00044803
 H   1.0  -1.55631114   0.20481120   3.84853553   1.00782500  -0.00143466  -0.00011259   0.00030691
 H   1.0  -1.80183342  -0.01887700  -1.20106572   1.00782500  -0.00148449  -0.00050140  -0.00132497
States
Ekin        0.012594098533 a.u.
Epot_harm   0.029052264788 a.u.
Epot        0.029052264788 a.u.
Etot_harm   0.041646363321 a.u.
Etot        0.041646363321 a.u.


Index     668
Atoms
 C   6.0  -0.04762982  -0.00907391   0.00256069  12.00000000  -0.00021157   0.00019451  -0.00025513
 N   7.0   0.01406657   0.00877284   2.53439848  14.00307400  -0.00016210  -0.00016990   0.00002879
 H   1.0   2.04779582   0.13028836  -0.53798031   1.00782500  -0.00143378   0.00012987   0.00041305
 H   1.0   1.83279376  -0.14624731   3.18503729   1.00782500   0.00026490  -0.00020953   0.00044651
 H   1.0  -1.71236851   0.07668547   3.39054411   1.00782500   0.00205058   0.00150678   0.00006975
 H   1.0  -1.79654673  -0.07457798  -1.08674784   1.00782500   0.00388970  -0.00138253   0.00170843
States
Ekin        0.029003369483 a.u.
Epot_harm   0.029827083821 a.u.
Epot        0.029827083821 a.u.
Etot_harm   0.058830453303 a.u.
Etot        0.058830453303 a.u.


Index     669
Atoms
 C   6.0   0.03114399  -0.03711427   0.00348943  12.00000000  -0.00003284   0.00002601  -0.00048142
 N   7.0  -0.01741429   0.04221147   2.46014481  14.00307400  -0.00008424   0.00008679   0.00066390
 H   1.0   1.90122576   0.17277867  -0.69050200   1.00782500  -0.00100583   0.00009168  -0.00212427
 H   1.0   1.59422533  -0.25114192   3.56556060   1.00782500  -0.00012501  -0.00097239  -0.00153448
 H   1.0  -1.56998103  -0.10136840   3.85374737   1.00782500  -0.00051982   0.00014760   0.00020343
 H   1.0  -2.05433604   0.03514400  -0.75730451   1.00782500   0.00321213  -0.00078244  -0.00003687
States
Ekin        0.026867075124 a.u.
Epot_harm   0.037344547994 a.u.
Epot        0.037344547994 a.u.
Etot_harm   0.064211623118 a.u.
Etot        0.064211623118 a.u.


Index     670
Atoms
 C   6.0  -0.01395487  -0.02309706   0.08927905  12.00000000  -0.00020291   0.00025180   0.00042117
 N   7.0   0.03498095  -0.06363599   2.47110259  14.00307400   0.00008105  -0.00002813  -0.00010001
 H   1.0   1.74727807   0.05026685  -1.16622672   1.00782500   0.00204754  -0.00067100  -0.00164789
 H   1.0   1.37937876   0.54309431   3.50797667   1.00782500  -0.00072678  -0.00077323  -0.00058097
 H   1.0  -1.76568828   0.20339885   3.40163770   1.00782500   0.00025579   0.00023343  -0.00263095
 H   1.0  -1.68084778   0.36243342  -0.94561985   1.00782500  -0.00028672  -0.00139652   0.00123459
States
Ekin        0.021178496240 a.u.
Epot_harm   0.036206710552 a.u.
Epot        0.036206710552 a.u.
Etot_harm   0.057385206792 a.u.
Etot        0.057385206792 a.u.


Index     671
Atoms
 C   6.0   0.03697418  -0.02915305   0.09203778  12.00000000   0.00029335   0.00008049   0.00080923
 N   7.0  -0.02586340   0.01197039   2.45941883  14.00307400  -0.00018787  -0.00008285  -0.00024654
 H   1.0   1.76376455   0.11972325  -1.11177782   1.00782500   0.00149057   0.00074953  -0.00234467
 H   1.0   1.67151828  -0.02973614   3.28644290   1.00782500   0.00164958  -0.00084490  -0.00079814
 H   1.0  -1.71099305  -0.01954824   3.63728975   1.00782500  -0.00019376   0.00130823  -0.00173440
 H   1.0  -1.80517993   0.11036072  -0.88469645   1.00782500  -0.00382903  -0.00102006  -0.00133266
States
Ekin        0.041307962710 a.u.
Epot_harm   0.015082108679 a.u.
Epot        0.015082108679 a.u.
Etot_harm   0.056390071388 a.u.
Etot        0.056390071388 a.u.


Index     672
Atoms
 C   6.0  -0.00024584   0.00175715   0.06381418  12.00000000  -0.00023541  -0.00006388   0.00047767
 N   7.0  -0.02422980  -0.01706916   2.48607339  14.00307400   0.00014683   0.00012557  -0.00044890
 H   1.0   1.93926703   0.14460943  -1.26309417   1.00782500   0.00247038  -0.00009718  -0.00148766
 H   1.0   1.53487228  -0.04758138   3.56343898   1.00782500   0.00139703  -0.00038261   0.00153468
 H   1.0  -1.39204375   0.22617834   3.47381037   1.00782500  -0.00248771  -0.00087385  -0.00026257
 H   1.0  -1.74251092  -0.10696364  -0.88119101   1.00782500  -0.00061682   0.00036957   0.00076512
States
Ekin        0.025398927448 a.u.
Epot_harm   0.038103273282 a.u.
Epot        0.038103273282 a.u.
Etot_harm   0.063502200730 a.u.
Etot        0.063502200730 a.u.


Index     673
Atoms
 C   6.0  -0.01456606  -0.01286667   0.09386475  12.00000000   0.00014165   0.00008212   0.00000522
 N   7.0  -0.00262200   0.02385065   2.43375387  14.00307400  -0.00017585   0.00005142  -0.00001533
 H   1.0   1.70697027   0.05322276  -1.01571150   1.00782500   0.00092952  -0.00008537  -0.00006062
 H   1.0   1.68555245  -0.14511250   3.77608758   1.00782500   0.00338839  -0.00086927   0.00100813
 H   1.0  -1.53016805  -0.07611288   3.32459164   1.00782500  -0.00149706   0.00016391  -0.00104619
 H   1.0  -1.65248803  -0.01018545  -0.82286475   1.00782500  -0.00206415  -0.00090153   0.00024954
States
Ekin        0.021529732404 a.u.
Epot_harm   0.029515069143 a.u.
Epot        0.029515069143 a.u.
Etot_harm   0.051044801547 a.u.
Etot        0.051044801547 a.u.


Index     674
Atoms
 C   6.0   0.00631998  -0.01871744   0.15071908  12.00000000   0.00018112   0.00018371  -0.00019533
 N   7.0   0.01103657   0.01165032   2.41351681  14.00307400  -0.00000687  -0.00010806   0.00017954
 H   1.0   1.51189714  -0.08906486  -1.09058234   1.00782500  -0.00187316  -0.00051831   0.00055331
 H   1.0   1.46822807   0.13337789   3.57211903   1.00782500  -0.00160437   0.00004186  -0.00036069
 H   1.0  -1.56994736  -0.20761535   3.44337335   1.00782500   0.00131346   0.00062782  -0.00133080
 H   1.0  -1.63877476   0.22429393  -1.05858105   1.00782500   0.00010292  -0.00083735   0.00096942
States
Ekin        0.013046570133 a.u.
Epot_harm   0.022990023697 a.u.
Epot        0.022990023697 a.u.
Etot_harm   0.036036593829 a.u.
Etot        0.036036593829 a.u.


Index     675
Atoms
 C   6.0   0.02673738  -0.03570858   0.01555287  12.00000000   0.00008807  -0.00022125  -0.00031808
 N   7.0  -0.00200766  -0.02725602   2.53030394  14.00307400  -0.00022254   0.00032146  -0.00020315
 H   1.0   1.49651260   0.45845005  -0.99715498   1.00782500  -0.00128760   0.00029035   0.00236004
 H   1.0   1.68038818  -0.07868772   3.52793710   1.00782500   0.00036452  -0.00096727   0.00184351
 H   1.0  -1.65825676   0.46865588   3.24832113   1.00782500   0.00243045  -0.00183363  -0.00013189
 H   1.0  -1.80910632  -0.04453760  -0.92605479   1.00782500   0.00053617   0.00067842   0.00253834
States
Ekin        0.030204677501 a.u.
Epot_harm   0.037254574465 a.u.
Epot        0.037254574465 a.u.
Etot_harm   0.067459251966 a.u.
Etot        0.067459251966 a.u.


Index     676
Atoms
 C   6.0   0.01850906  -0.04090272   0.12613792  12.00000000  -0.00025781   0.00015636  -0.00022514
 N   7.0  -0.00589738   0.01494165   2.43433607  14.00307400  -0.00008713   0.00002149   0.00054107
 H   1.0   1.69021496   0.28278022  -0.75254891   1.00782500   0.00169275  -0.00008759  -0.00138674
 H   1.0   1.47440038  -0.15351787   3.12646165   1.00782500   0.00198277  -0.00102324  -0.00027569
 H   1.0  -1.50057587   0.10427939   3.40527927   1.00782500   0.00032218   0.00019860  -0.00148028
 H   1.0  -1.80248347   0.04587544  -0.90944956   1.00782500   0.00028257  -0.00124819  -0.00169445
States
Ekin        0.020735240107 a.u.
Epot_harm   0.039496498274 a.u.
Epot        0.039496498274 a.u.
Etot_harm   0.060231738380 a.u.
Etot        0.060231738380 a.u.


Index     677
Atoms
 C   6.0  -0.00490573   0.00709755   0.03841340  12.00000000   0.00000111  -0.00001803  -0.00046726
 N   7.0   0.00782606   0.02449652   2.47424650  14.00307400   0.00009798   0.00011933   0.00006704
 H   1.0   1.81268149  -0.27367036  -0.76751562   1.00782500   0.00110190  -0.00074829  -0.00111382
 H   1.0   1.58992926   0.07908940   3.51072079   1.00782500  -0.00106461   0.00021030   0.00136668
 H   1.0  -1.61472829  -0.36157012   3.38452766   1.00782500  -0.00175047  -0.00148130   0.00207019
 H   1.0  -1.83820877   0.13127850  -0.76799903   1.00782500   0.00033862   0.00057596   0.00230912
States
Ekin        0.022415032126 a.u.
Epot_harm   0.012626179987 a.u.
Epot        0.012626179987 a.u.
Etot_harm   0.035041212113 a.u.
Etot        0.035041212113 a.u.


Index     678
Atoms
 C   6.0   0.00526841  -0.03453733   0.10245215  12.00000000   0.00008761   0.00033929  -0.00026824
 N   7.0   0.03690142   0.04560924   2.45689847  14.00307400   0.00015202  -0.00018345   0.00007599
 H   1.0   1.74457137  -0.00413026  -1.23791221   1.00782500   0.00070069  -0.00016074   0.00016783
 H   1.0   1.18941344  -0.09909428   3.49728649   1.00782500   0.00062787  -0.00048026  -0.00008844
 H   1.0  -1.72092579  -0.29692967   3.66277578   1.00782500  -0.00311582   0.00121438   0.00247737
 H   1.0  -1.78851030   0.17767341  -1.08387502   1.00782500  -0.00136817  -0.00206438  -0.00041877
States
Ekin        0.025779313804 a.u.
Epot_harm   0.068352020972 a.u.
Epot        0.068352020972 a.u.
Etot_harm   0.094131334776 a.u.
Etot        0.094131334776 a.u.


Index     679
Atoms
 C   6.0   0.07241916  -0.00585187   0.02043429  12.00000000   0.00035301  -0.00011678  -0.00017218
 N   7.0  -0.05602743  -0.01395290   2.49804937  14.00307400  -0.00039785   0.00014462   0.00039286
 H   1.0   1.63186982  -0.03092021  -1.05226300   1.00782500  -0.00005758   0.00053933  -0.00158890
 H   1.0   1.69511367   0.16972784   3.33207040   1.00782500   0.00006132  -0.00075768  -0.00145352
 H   1.0  -1.54622792  -0.00390837   3.75688586   1.00782500   0.00202061  -0.00051086  -0.00151739
 H   1.0  -1.86457333   0.12864445  -0.79361070   1.00782500  -0.00069962   0.00011027   0.00115143
States
Ekin        0.018956592134 a.u.
Epot_harm   0.019248274392 a.u.
Epot        0.019248274392 a.u.
Etot_harm   0.038204866526 a.u.
Etot        0.038204866526 a.u.


Index     680
Atoms
 C   6.0   0.05161767   0.03301946   0.03380445  12.00000000   0.00010310   0.00004767  -0.00037101
 N   7.0  -0.05085839  -0.03541792   2.47679741  14.00307400  -0.00033781   0.00022516  -0.00013552
 H   1.0   1.88884201  -0.03620715  -0.99482847   1.00782500   0.00101647  -0.00097300  -0.00099147
 H   1.0   1.75544006   0.08042226   3.49620341   1.00782500  -0.00026807  -0.00053824   0.00247478
 H   1.0  -1.49592262   0.21024421   3.56003648   1.00782500   0.00206781  -0.00196036   0.00169917
 H   1.0  -2.05631793  -0.15550738  -0.68224285   1.00782500   0.00064989  -0.00022446   0.00311799
States
Ekin        0.032230037496 a.u.
Epot_harm   0.030331846646 a.u.
Epot        0.030331846646 a.u.
Etot_harm   0.062561884142 a.u.
Etot        0.062561884142 a.u.


Index     681
Atoms
 C   6.0   0.01000310  -0.00417718   0.05754956  12.00000000   0.00022517  -0.00011837  -0.00003089
 N   7.0  -0.00498555  -0.00191754   2.48982621  14.00307400   0.00006433   0.00023555   0.00007667
 H   1.0   1.61729731   0.07592048  -1.16326436   1.00782500   0.00070826  -0.00041458  -0.00132927
 H   1.0   1.74501529  -0.04246689   3.68800993   1.00782500  -0.00271097  -0.00040591  -0.00005880
 H   1.0  -1.67393046   0.07443244   3.43320471   1.00782500   0.00076239  -0.00181949   0.00110492
 H   1.0  -1.73821639  -0.03150619  -1.04253733   1.00782500  -0.00233455   0.00077663  -0.00041425
States
Ekin        0.021123784729 a.u.
Epot_harm   0.016481783746 a.u.
Epot        0.016481783746 a.u.
Etot_harm   0.037605568476 a.u.
Etot        0.037605568476 a.u.


Index     682
Atoms
 C   6.0  -0.02655924   0.02279976   0.08477143  12.00000000   0.00018615   0.00004204  -0.00043512
 N   7.0   0.00214342   0.03029480   2.49376887  14.00307400   0.00005463   0.00005929   0.00001224
 H   1.0   1.84230853  -0.07130575  -0.84137933   1.00782500  -0.00438327   0.00000733   0.00256148
 H   1.0   1.63424206  -0.28205017   3.17294762   1.00782500  -0.00027634  -0.00060624   0.00162233
 H   1.0  -1.52476888  -0.10544397   3.49502594   1.00782500   0.00069358  -0.00044601  -0.00066044
 H   1.0  -1.66532685  -0.23359962  -1.29008815   1.00782500   0.00099050  -0.00027943   0.00148750
States
Ekin        0.033137427904 a.u.
Epot_harm   0.021285115632 a.u.
Epot        0.021285115632 a.u.
Etot_harm   0.054422543535 a.u.
Etot        0.054422543535 a.u.


Index     683
Atoms
 C   6.0  -0.00201752   0.05127919   0.03924583  12.00000000   0.00010410  -0.00006682  -0.00125624
 N   7.0  -0.01796070  -0.02770167   2.51409044  14.00307400  -0.00020285   0.00000391   0.00118248
 H   1.0   1.60471207  -0.02203667  -0.95291199   1.00782500  -0.00091962  -0.00003478   0.00120187
 H   1.0   1.77508052  -0.10577900   3.44157636   1.00782500  -0.00100039   0.00063734  -0.00184417
 H   1.0  -1.50211052   0.26386899   3.53825855   1.00782500   0.00284866  -0.00067039  -0.00045158
 H   1.0  -1.60410743  -0.36172923  -1.23070633   1.00782500   0.00065035   0.00080918  -0.00037806
States
Ekin        0.051546119064 a.u.
Epot_harm   0.023198830048 a.u.
Epot        0.023198830048 a.u.
Etot_harm   0.074744949112 a.u.
Etot        0.074744949112 a.u.


Index     684
Atoms
 C   6.0  -0.04204280   0.01010414   0.05521659  12.00000000   0.00002773   0.00004779  -0.00027326
 N   7.0  -0.00106292   0.00313404   2.46765718  14.00307400  -0.00005539  -0.00035027   0.00023041
 H   1.0   1.82337273  -0.02542722  -0.69193089   1.00782500   0.00155457   0.00051959  -0.00293563
 H   1.0   1.54448902  -0.05878585   3.50264921   1.00782500  -0.00003089   0.00140734   0.00218950
 H   1.0  -1.27875544  -0.00237379   3.31196300   1.00782500  -0.00019572   0.00224100   0.00052670
 H   1.0  -1.57374131  -0.07726688  -0.87146581   1.00782500  -0.00088852   0.00012984   0.00027169
States
Ekin        0.025489843651 a.u.
Epot_harm   0.049741636906 a.u.
Epot        0.049741636906 a.u.
Etot_harm   0.075231480557 a.u.
Etot        0.075231480557 a.u.


Index     685
Atoms
 C   6.0  -0.00993007  -0.02186186   0.05603038  12.00000000  -0.00035646   0.00005451   0.00001646
 N   7.0   0.04713806  -0.02563593   2.52699961  14.00307400   0.00013308   0.00009443   0.00032112
 H   1.0   1.60248813   0.15161613  -1.20941650   1.00782500   0.00098123  -0.00013520  -0.00047966
 H   1.0   1.42523813   0.15568062   3.56493800   1.00782500  -0.00108007  -0.00081232   0.00043478
 H   1.0  -1.80473124   0.17921063   3.06205451   1.00782500   0.00280867  -0.00061678  -0.00302419
 H   1.0  -1.75971210   0.12999264  -1.00057473   1.00782500  -0.00031458  -0.00039689  -0.00158863
States
Ekin        0.024685832763 a.u.
Epot_harm   0.025633346069 a.u.
Epot        0.025633346069 a.u.
Etot_harm   0.050319178832 a.u.
Etot        0.050319178832 a.u.


Index     686
Atoms
 C   6.0  -0.02421840  -0.03016583   0.12163397  12.00000000   0.00023826  -0.00012888  -0.00069744
 N   7.0   0.00487305   0.00060555   2.41075115  14.00307400   0.00013188   0.00003017   0.00046724
 H   1.0   1.93606974   0.15434101  -0.97892055   1.00782500  -0.00131657   0.00172034   0.00034816
 H   1.0   1.55712238   0.01956518   3.54164923   1.00782500  -0.00059051  -0.00154872  -0.00085895
 H   1.0  -1.59353608   0.05600070   3.52888506   1.00782500  -0.00239140   0.00173629   0.00191382
 H   1.0  -1.67899956   0.12085867  -0.84054631   1.00782500  -0.00037077  -0.00079250   0.00040919
States
Ekin        0.029085835702 a.u.
Epot_harm   0.023109112761 a.u.
Epot        0.023109112761 a.u.
Etot_harm   0.052194948463 a.u.
Etot        0.052194948463 a.u.


Index     687
Atoms
 C   6.0  -0.01315042   0.00262758   0.11661378  12.00000000  -0.00054680  -0.00025245  -0.00049421
 N   7.0   0.00446747  -0.01415391   2.43858335  14.00307400   0.00019777   0.00012983   0.00034597
 H   1.0   1.68478125  -0.00303472  -0.76887441   1.00782500   0.00168231   0.00050906  -0.00051151
 H   1.0   1.65179099   0.08689166   3.25690386   1.00782500  -0.00207791   0.00001489  -0.00026819
 H   1.0  -1.63975757   0.05801735   3.37480967   1.00782500   0.00041975  -0.00071927   0.00082091
 H   1.0  -1.60230747   0.02349893  -0.93870758   1.00782500   0.00373871   0.00139720   0.00103626
States
Ekin        0.032878162401 a.u.
Epot_harm   0.014029298302 a.u.
Epot        0.014029298302 a.u.
Etot_harm   0.046907460703 a.u.
Etot        0.046907460703 a.u.


Index     688
Atoms
 C   6.0  -0.00822275  -0.02027207   0.10293113  12.00000000   0.00021479   0.00008998   0.00007417
 N   7.0   0.01954294   0.03966686   2.44185953  14.00307400  -0.00033766  -0.00032102  -0.00003886
 H   1.0   1.59021406  -0.01563707  -0.83425997   1.00782500  -0.00076570   0.00084164  -0.00311248
 H   1.0   1.44951859  -0.13516949   3.74179523   1.00782500   0.00247623   0.00053762   0.00198915
 H   1.0  -1.34054956  -0.23582563   3.47417554   1.00782500  -0.00038965   0.00250824  -0.00035186
 H   1.0  -1.87281274   0.07686290  -1.34018266   1.00782500   0.00081323  -0.00049850   0.00113197
States
Ekin        0.031177260216 a.u.
Epot_harm   0.053917883064 a.u.
Epot        0.053917883064 a.u.
Etot_harm   0.085095143281 a.u.
Etot        0.085095143281 a.u.


Index     689
Atoms
 C   6.0   0.01945334  -0.02340122   0.11411688  12.00000000   0.00003698  -0.00048123   0.00004791
 N   7.0  -0.00932225   0.05917490   2.44967261  14.00307400  -0.00004487   0.00012412   0.00064142
 H   1.0   1.64135616  -0.01702295  -0.79973249   1.00782500  -0.00032342   0.00145038  -0.00322144
 H   1.0   1.67525248  -0.25200074   3.39508229   1.00782500   0.00132898   0.00062487   0.00013800
 H   1.0  -1.47257017  -0.32005972   3.43482238   1.00782500   0.00026390  -0.00011452  -0.00377652
 H   1.0  -1.94613942   0.04552092  -1.23038847   1.00782500  -0.00108637   0.00204455  -0.00262264
States
Ekin        0.046117798956 a.u.
Epot_harm   0.045200181069 a.u.
Epot        0.045200181069 a.u.
Etot_harm   0.091317980025 a.u.
Etot        0.091317980025 a.u.


Index     690
Atoms
 C   6.0   0.03282849   0.05797299   0.09735834  12.00000000   0.00009492   0.00007191   0.00032510
 N   7.0  -0.03232149  -0.04787558   2.45057729  14.00307400  -0.00004168  -0.00014957  -0.00007905
 H   1.0   1.77705768  -0.16596167  -1.04441989   1.00782500  -0.00059610  -0.00082567  -0.00170909
 H   1.0   1.68451380   0.15123021   3.36644569   1.00782500  -0.00091203   0.00145711  -0.00054665
 H   1.0  -1.55983799   0.20538088   3.42672315   1.00782500   0.00021249  -0.00019990  -0.00265623
 H   1.0  -1.84353067  -0.21572375  -0.76199411   1.00782500   0.00074457   0.00079044   0.00213941
States
Ekin        0.020184650839 a.u.
Epot_harm   0.014946931234 a.u.
Epot        0.014946931234 a.u.
Etot_harm   0.035131582073 a.u.
Etot        0.035131582073 a.u.


Index     691
Atoms
 C   6.0   0.03309065  -0.03469141   0.06980908  12.00000000  -0.00019680  -0.00025012  -0.00015664
 N   7.0  -0.01016805   0.03712296   2.45359224  14.00307400   0.00007180   0.00009950   0.00053770
 H   1.0   1.66593548   0.22782525  -1.09602271   1.00782500   0.00144193   0.00122862  -0.00284365
 H   1.0   1.61885732  -0.29039012   3.65583722   1.00782500   0.00012294  -0.00021961   0.00094594
 H   1.0  -1.67116043  -0.01404408   3.30976009   1.00782500   0.00042352  -0.00030919  -0.00327131
 H   1.0  -1.86635854  -0.02612583  -0.59668618   1.00782500  -0.00064278   0.00089586  -0.00043688
States
Ekin        0.028298516945 a.u.
Epot_harm   0.015916899412 a.u.
Epot        0.015916899412 a.u.
Etot_harm   0.044215416357 a.u.
Etot        0.044215416357 a.u.


Index     692
Atoms
 C   6.0   0.00970194   0.00415130   0.00562352  12.00000000   0.00005582   0.00012088  -0.00046257
 N   7.0  -0.02628543   0.02075973   2.53371936  14.00307400  -0.00060436  -0.00014261   0.00007409
 H   1.0   1.84922968  -0.01468167  -1.08842763   1.00782500  -0.00043461  -0.00071722   0.00080699
 H   1.0   1.38752390  -0.15752621   3.32161442   1.00782500   0.00384151   0.00068712   0.00320118
 H   1.0  -1.30277365  -0.07679389   3.60899373   1.00782500   0.00378428   0.00042350   0.00015479
 H   1.0  -1.68428038  -0.08887002  -0.91835996   1.00782500   0.00054147   0.00014870   0.00031536
States
Ekin        0.045995896619 a.u.
Epot_harm   0.049216534504 a.u.
Epot        0.049216534504 a.u.
Etot_harm   0.095212431123 a.u.
Etot        0.095212431123 a.u.


Index     693
Atoms
 C   6.0   0.03123637   0.00297430   0.02903019  12.00000000  -0.00003210  -0.00005537   0.00046605
 N   7.0  -0.01238862   0.01019882   2.46017116  14.00307400  -0.00004261   0.00000653  -0.00052828
 H   1.0   1.69190356  -0.11943393  -0.69692037   1.00782500  -0.00261228   0.00020710  -0.00030742
 H   1.0   1.59656762   0.03878437   3.39307921   1.00782500   0.00007843   0.00019322   0.00199448
 H   1.0  -1.65281309  -0.15644428   3.51813421   1.00782500   0.00098963  -0.00013360  -0.00008462
 H   1.0  -1.83545241   0.05997338  -0.54726726   1.00782500   0.00251854   0.00030180   0.00018851
States
Ekin        0.022971274387 a.u.
Epot_harm   0.026600013596 a.u.
Epot        0.026600013596 a.u.
Etot_harm   0.049571287983 a.u.
Etot        0.049571287983 a.u.


Index     694
Atoms
 C   6.0  -0.00187176  -0.01772825   0.09411922  12.00000000   0.00009151   0.00030238  -0.00000917
 N   7.0   0.02927191  -0.00652054   2.44763465  14.00307400  -0.00032273  -0.00003242  -0.00033180
 H   1.0   1.80186754  -0.01191755  -0.93444109   1.00782500  -0.00264666  -0.00197547  -0.00078825
 H   1.0   1.42488100   0.17189767   3.58611036   1.00782500   0.00350533   0.00085115   0.00373751
 H   1.0  -1.65058489  -0.05361320   3.27786022   1.00782500  -0.00032865  -0.00123420   0.00103284
 H   1.0  -1.96059106   0.19531891  -0.86332084   1.00782500   0.00286450  -0.00079149   0.00073712
States
Ekin        0.050488985504 a.u.
Epot_harm   0.015916613980 a.u.
Epot        0.015916613980 a.u.
Etot_harm   0.066405599484 a.u.
Etot        0.066405599484 a.u.


Index     695
Atoms
 C   6.0  -0.00141274   0.01191968   0.04075473  12.00000000   0.00015107   0.00010396   0.00039662
 N   7.0   0.00442903  -0.00295877   2.50827494  14.00307400  -0.00038728   0.00001561  -0.00056279
 H   1.0   1.72833385   0.02083653  -1.11750557   1.00782500  -0.00035740  -0.00054785   0.00138956
 H   1.0   1.42512982  -0.07749886   3.45583066   1.00782500   0.00236509  -0.00011716   0.00158561
 H   1.0  -1.54337961   0.07685627   3.37551830   1.00782500   0.00252245  -0.00033276   0.00049879
 H   1.0  -1.65480122  -0.12100931  -0.85479052   1.00782500  -0.00094791  -0.00045705  -0.00037681
States
Ekin        0.025001293961 a.u.
Epot_harm   0.020748805444 a.u.
Epot        0.020748805444 a.u.
Etot_harm   0.045750099405 a.u.
Etot        0.045750099405 a.u.


Index     696
Atoms
 C   6.0   0.02498286   0.02161093   0.03179605  12.00000000   0.00004021   0.00014776   0.00080195
 N   7.0   0.01335641  -0.01231624   2.50443281  14.00307400  -0.00010789  -0.00014234  -0.00036856
 H   1.0   1.81237192  -0.10377424  -1.13780366   1.00782500   0.00029794  -0.00059164  -0.00151089
 H   1.0   1.24332872   0.06278681   3.53152210   1.00782500   0.00241816   0.00083057   0.00016319
 H   1.0  -1.54803870   0.01073291   3.47293040   1.00782500  -0.00067379   0.00040850  -0.00175861
 H   1.0  -1.99070728  -0.05593699  -0.84754250   1.00782500  -0.00102202  -0.00042903  -0.00132151
States
Ekin        0.024123117947 a.u.
Epot_harm   0.039023412093 a.u.
Epot        0.039023412093 a.u.
Etot_harm   0.063146530040 a.u.
Etot        0.063146530040 a.u.


Index     697
Atoms
 C   6.0   0.02406311   0.01091070   0.13275730  12.00000000   0.00015151   0.00012740   0.00003866
 N   7.0   0.02721881  -0.02934645   2.39336191  14.00307400  -0.00002006   0.00007836  -0.00019105
 H   1.0   1.53494282  -0.12944831  -0.83099778   1.00782500  -0.00201642  -0.00081706   0.00046691
 H   1.0   1.47144061   0.27944104   3.67169818   1.00782500  -0.00098831  -0.00062875   0.00118844
 H   1.0  -1.71174868   0.00614915   3.38702808   1.00782500   0.00115494  -0.00040367  -0.00040057
 H   1.0  -1.95933776   0.12169609  -0.86749244   1.00782500   0.00032458  -0.00075621   0.00093934
States
Ekin        0.011081534636 a.u.
Epot_harm   0.037669939557 a.u.
Epot        0.037669939557 a.u.
Etot_harm   0.048751474193 a.u.
Etot        0.048751474193 a.u.


Index     698
Atoms
 C   6.0   0.00056467  -0.00947763   0.06572897  12.00000000   0.00033299   0.00012246   0.00016143
 N   7.0  -0.02237901   0.04499189   2.48141223  14.00307400   0.00014581  -0.00013013   0.00019410
 H   1.0   1.92015904  -0.11322737  -1.09634132   1.00782500  -0.00164495   0.00032017   0.00072292
 H   1.0   1.62352996  -0.13534267   3.43528269   1.00782500  -0.00119297  -0.00018727  -0.00177704
 H   1.0  -1.48363761  -0.32222802   3.51013026   1.00782500  -0.00018896   0.00116787   0.00123384
 H   1.0  -1.75583293   0.05851349  -0.91414273   1.00782500  -0.00296392  -0.00095078  -0.00479878
States
Ekin        0.042669760785 a.u.
Epot_harm   0.018098914309 a.u.
Epot        0.018098914309 a.u.
Etot_harm   0.060768675094 a.u.
Etot        0.060768675094 a.u.


Index     699
Atoms
 C   6.0  -0.01920030  -0.05883456   0.07172283  12.00000000  -0.00021294   0.00025441   0.00008779
 N   7.0   0.02155683   0.08355019   2.48653964  14.00307400   0.00027040   0.00000667   0.00003076
 H   1.0   1.85993001   0.08408965  -0.94197529   1.00782500   0.00151325  -0.00001083  -0.00201819
 H   1.0   1.58012534  -0.30945491   3.48233307   1.00782500  -0.00497282  -0.00135667   0.00081024
 H   1.0  -1.65217690  -0.42807082   3.28050078   1.00782500   0.00233695   0.00033185   0.00086114
 H   1.0  -1.85878183   0.19309341  -1.02853957   1.00782500  -0.00009894  -0.00208614  -0.00112585
States
Ekin        0.044151740429 a.u.
Epot_harm   0.022084398159 a.u.
Epot        0.022084398159 a.u.
Etot_harm   0.066236138588 a.u.
Etot        0.066236138588 a.u.


Index     700
Atoms
 C   6.0  -0.00246885  -0.00312015   0.05926927  12.00000000  -0.00020541  -0.00051331  -0.00049703
 N   7.0  -0.00015122   0.02188562   2.49304770  14.00307400   0.00008984   0.00031875   0.00039578
 H   1.0   1.69978365   0.16982924  -0.83391985   1.00782500   0.00136722   0.00074565  -0.00071744
 H   1.0   1.75764646  -0.32005025   3.31971089   1.00782500  -0.00127060   0.00013823  -0.00163267
 H   1.0  -1.69851774   0.09341755   3.41048617   1.00782500  -0.00118200  -0.00206804   0.00166656
 H   1.0  -1.72741511  -0.21013192  -1.04610105   1.00782500   0.00228285   0.00286728   0.00110239
States
Ekin        0.037322472133 a.u.
Epot_harm   0.012549845526 a.u.
Epot        0.012549845526 a.u.
Etot_harm   0.049872317659 a.u.
Etot        0.049872317659 a.u.


Index     701
Atoms
 C   6.0  -0.01292066  -0.02875093   0.05761789  12.00000000   0.00022444   0.00029434   0.00017645
 N   7.0  -0.00750222   0.02703187   2.44944089  14.00307400  -0.00010775  -0.00013853  -0.00045898
 H   1.0   1.85096973  -0.01545724  -0.78032289   1.00782500  -0.00043481  -0.00123870  -0.00068370
 H   1.0   1.62146232   0.00808092   3.45343477   1.00782500   0.00139949   0.00051362   0.00235399
 H   1.0  -1.54552690  -0.22026808   3.80583786   1.00782500  -0.00113698   0.00017276   0.00093434
 H   1.0  -1.66882259   0.19438654  -1.00322265   1.00782500  -0.00100296  -0.00102756   0.00167166
States
Ekin        0.020549556188 a.u.
Epot_harm   0.013539847294 a.u.
Epot        0.013539847294 a.u.
Etot_harm   0.034089403483 a.u.
Etot        0.034089403483 a.u.


Index     702
Atoms
 C   6.0   0.01971190  -0.03102396   0.11543565  12.00000000   0.00011044   0.00035390   0.00025701
 N   7.0   0.02941721   0.02802253   2.45357791  14.00307400  -0.00004797   0.00006259  -0.00013735
 H   1.0   1.47344483   0.12581451  -1.27282808   1.00782500  -0.00013928  -0.00116501  -0.00054368
 H   1.0   1.46250480  -0.13821549   3.61547273   1.00782500  -0.00001991  -0.00163200  -0.00082625
 H   1.0  -1.86134777  -0.07842901   3.25210328   1.00782500  -0.00035552  -0.00007468   0.00026894
 H   1.0  -1.71804108   0.07087213  -0.86492822   1.00782500  -0.00013375  -0.00221176  -0.00005069
States
Ekin        0.011895275731 a.u.
Epot_harm   0.020846662905 a.u.
Epot        0.020846662905 a.u.
Etot_harm   0.032741938635 a.u.
Etot        0.032741938635 a.u.


Index     703
Atoms
 C   6.0   0.03689032   0.00214368  -0.00111872  12.00000000  -0.00014966  -0.00018754  -0.00028501
 N   7.0  -0.02533034  -0.00260850   2.48814162  14.00307400  -0.00010373   0.00029743   0.00013645
 H   1.0   1.68359433   0.01711786  -0.94274975   1.00782500   0.00003848  -0.00029270  -0.00206735
 H   1.0   1.58424784  -0.01377409   3.67194485   1.00782500  -0.00055099  -0.00046073  -0.00018153
 H   1.0  -1.48376904   0.03596561   3.65041873   1.00782500  -0.00049752  -0.00223411   0.00090567
 H   1.0  -1.87137122  -0.02859043  -0.74224146   1.00782500   0.00423323   0.00108795   0.00284097
States
Ekin        0.038091001998 a.u.
Epot_harm   0.016335306187 a.u.
Epot        0.016335306187 a.u.
Etot_harm   0.054426308185 a.u.
Etot        0.054426308185 a.u.


Index     704
Atoms
 C   6.0  -0.02675250   0.03854054   0.07003023  12.00000000  -0.00013929   0.00014354  -0.00049902
 N   7.0   0.00871594  -0.05621897   2.49414292  14.00307400   0.00005933  -0.00001688   0.00041876
 H   1.0   1.76201451  -0.08590716  -0.98303077   1.00782500  -0.00109366  -0.00018786  -0.00006652
 H   1.0   1.77133182   0.24679939   3.42757457   1.00782500   0.00160955  -0.00057004   0.00033342
 H   1.0  -1.72896099   0.25231571   3.15651615   1.00782500  -0.00187005   0.00044879   0.00197977
 H   1.0  -1.60695028  -0.09097747  -0.89423018   1.00782500   0.00218825  -0.00116551  -0.00212335
States
Ekin        0.026164208513 a.u.
Epot_harm   0.024644507892 a.u.
Epot        0.024644507892 a.u.
Etot_harm   0.050808716404 a.u.
Etot        0.050808716404 a.u.


Index     705
Atoms
 C   6.0   0.01035298   0.00652693   0.06175053  12.00000000  -0.00073514  -0.00004657   0.00012954
 N   7.0  -0.01235091  -0.01797464   2.47884547  14.00307400   0.00027198   0.00009086   0.00011843
 H   1.0   1.79049222  -0.09510845  -0.85284337   1.00782500   0.00366620  -0.00004549  -0.00249337
 H   1.0   1.78115817   0.18936533   3.25890000   1.00782500  -0.00034090  -0.00037496   0.00047301
 H   1.0  -1.75151437  -0.01401822   3.45647186   1.00782500  -0.00110887  -0.00043604  -0.00075058
 H   1.0  -1.77179927   0.09179225  -0.84456551   1.00782500   0.00275782   0.00014850  -0.00041704
States
Ekin        0.034846648046 a.u.
Epot_harm   0.011287140811 a.u.
Epot        0.011287140811 a.u.
Etot_harm   0.046133788857 a.u.
Etot        0.046133788857 a.u.


Index     706
Atoms
 C   6.0  -0.03100419  -0.04007719   0.08661833  12.00000000   0.00033234   0.00019870  -0.00004878
 N   7.0   0.00743969   0.03137291   2.46005126  14.00307400  -0.00032898  -0.00027375   0.00015732
 H   1.0   1.83565805   0.20364014  -0.91131870   1.00782500  -0.00001117  -0.00122861  -0.00136191
 H   1.0   1.79769895  -0.18908139   3.73655007   1.00782500  -0.00040748   0.00186637  -0.00102233
 H   1.0  -1.53679300  -0.03892695   3.52427541   1.00782500   0.00167049   0.00044657   0.00025450
 H   1.0  -1.83077212   0.06565431  -1.36650712   1.00782500  -0.00063803   0.00035339   0.00052471
States
Ekin        0.015298474555 a.u.
Epot_harm   0.048377959250 a.u.
Epot        0.048377959250 a.u.
Etot_harm   0.063676433805 a.u.
Etot        0.063676433805 a.u.


Index     707
Atoms
 C   6.0  -0.02100496  -0.00632775   0.08613782  12.00000000   0.00031663   0.00012016  -0.00001547
 N   7.0   0.00365851  -0.02097094   2.46471478  14.00307400  -0.00031161   0.00005733   0.00046323
 H   1.0   1.98181416   0.05551023  -0.89823798   1.00782500   0.00029646  -0.00062201   0.00021525
 H   1.0   1.46343822   0.12843104   3.39816279   1.00782500   0.00108307  -0.00032029  -0.00178910
 H   1.0  -1.41453354   0.11407931   3.43302190   1.00782500   0.00256313  -0.00082145  -0.00269418
 H   1.0  -1.83144904   0.06870049  -1.00902232   1.00782500  -0.00338310  -0.00046359  -0.00198412
States
Ekin        0.037552801013 a.u.
Epot_harm   0.028683082672 a.u.
Epot        0.028683082672 a.u.
Etot_harm   0.066235883685 a.u.
Etot        0.066235883685 a.u.


Index     708
Atoms
 C   6.0  -0.02640120   0.00925337   0.07401266  12.00000000  -0.00021153  -0.00012497  -0.00001522
 N   7.0   0.01339391   0.00973287   2.48509642  14.00307400   0.00016798   0.00012225   0.00019886
 H   1.0   1.92467793  -0.21255704  -0.74193706   1.00782500   0.00209455   0.00143254  -0.00201496
 H   1.0   1.53837372   0.10349624   3.00018712   1.00782500  -0.00241058  -0.00185103  -0.00118505
 H   1.0  -1.70253279  -0.23323423   3.43350895   1.00782500  -0.00070112   0.00070938   0.00001724
 H   1.0  -1.63226397   0.09688488  -0.90665206   1.00782500   0.00120184  -0.00050156   0.00060090
States
Ekin        0.024040759361 a.u.
Epot_harm   0.047128906365 a.u.
Epot        0.047128906365 a.u.
Etot_harm   0.071169665725 a.u.
Etot        0.071169665725 a.u.


Index     709
Atoms
 C   6.0   0.00242102  -0.04884982   0.01188230  12.00000000   0.00015252   0.00028566  -0.00004649
 N   7.0  -0.02252648  -0.00015557   2.52895184  14.00307400  -0.00011824   0.00012234  -0.00008863
 H   1.0   1.98400248   0.23153892  -0.84231822   1.00782500   0.00115335  -0.00189872  -0.00058173
 H   1.0   1.82902308   0.05975430   3.31075153   1.00782500   0.00170838  -0.00053663   0.00040150
 H   1.0  -1.58981190   0.07482161   3.16621479   1.00782500  -0.00163713  -0.00153670   0.00165209
 H   1.0  -1.93904951   0.21769315  -0.71910807   1.00782500  -0.00139772  -0.00112909   0.00031315
States
Ekin        0.019777981640 a.u.
Epot_harm   0.044518668420 a.u.
Epot        0.044518668420 a.u.
Etot_harm   0.064296650060 a.u.
Etot        0.064296650060 a.u.


Index     710
Atoms
 C   6.0  -0.02743954  -0.02948923   0.06012737  12.00000000  -0.00029760  -0.00027694  -0.00024218
 N   7.0   0.00361414   0.04567193   2.44650165  14.00307400   0.00030167   0.00019215   0.00008257
 H   1.0   1.77305313   0.06799116  -0.74844446   1.00782500  -0.00072394  -0.00021182   0.00376297
 H   1.0   1.64104321  -0.21011754   3.56047960   1.00782500  -0.00093949   0.00062123  -0.00011274
 H   1.0  -1.54556061  -0.20031450   3.73154644   1.00782500   0.00069973  -0.00158762  -0.00218686
 H   1.0  -1.59203395   0.05898232  -1.05689560   1.00782500   0.00031577   0.00180580   0.00027302
States
Ekin        0.029227599426 a.u.
Epot_harm   0.016576712091 a.u.
Epot        0.016576712091 a.u.
Etot_harm   0.045804311517 a.u.
Etot        0.045804311517 a.u.


Index     711
Atoms
 C   6.0  -0.04917371  -0.05450482   0.05325185  12.00000000   0.00019084   0.00009276  -0.00006497
 N   7.0   0.01208578   0.01565126   2.49505172  14.00307400  -0.00007421   0.00000008  -0.00021851
 H   1.0   1.98024812   0.15082816  -0.83365276   1.00782500   0.00114790   0.00002528   0.00020382
 H   1.0   1.68718040   0.07153072   3.47425320   1.00782500  -0.00061188  -0.00081471   0.00112300
 H   1.0  -1.53630820  -0.09138539   3.29268839   1.00782500   0.00047142   0.00060672   0.00174768
 H   1.0  -1.71354143   0.30054200  -1.03930878   1.00782500  -0.00224864  -0.00092287   0.00073517
States
Ekin        0.013884200880 a.u.
Epot_harm   0.024163987799 a.u.
Epot        0.024163987799 a.u.
Etot_harm   0.038048188679 a.u.
Etot        0.038048188679 a.u.


Index     712
Atoms
 C   6.0  -0.02137074   0.00332747   0.07662760  12.00000000   0.00050453  -0.00037720   0.00055228
 N   7.0   0.01728472   0.03469821   2.47173069  14.00307400  -0.00024261   0.00007544   0.00009813
 H   1.0   1.83384283  -0.01554521  -0.89653342   1.00782500  -0.00008550   0.00184927  -0.00032333
 H   1.0   1.55329773  -0.25011734   3.43864162   1.00782500  -0.00382124  -0.00003814  -0.00561634
 H   1.0  -1.62545367  -0.13170497   3.38812209   1.00782500   0.00371246   0.00065923   0.00001780
 H   1.0  -1.74738916  -0.12436115  -0.99055076   1.00782500  -0.00244228   0.00097272  -0.00201754
States
Ekin        0.077469593468 a.u.
Epot_harm   0.007046822074 a.u.
Epot        0.007046822074 a.u.
Etot_harm   0.084516415541 a.u.
Etot        0.084516415541 a.u.


Index     713
Atoms
 C   6.0   0.01553418   0.03542221  -0.00469749  12.00000000  -0.00013671   0.00010344   0.00026854
 N   7.0  -0.01140789  -0.01103440   2.51801979  14.00307400   0.00016711  -0.00012377  -0.00020629
 H   1.0   1.81736805  -0.08002820  -0.99025815   1.00782500  -0.00074055  -0.00060681  -0.00071063
 H   1.0   1.66100055  -0.05995434   3.60037242   1.00782500  -0.00391928   0.00079167  -0.00101216
 H   1.0  -1.59649882   0.08212664   3.65688829   1.00782500   0.00122748   0.00020167  -0.00074671
 H   1.0  -1.90832741  -0.21059451  -1.00215623   1.00782500   0.00273832   0.00010160   0.00213838
States
Ekin        0.032177585605 a.u.
Epot_harm   0.015592647570 a.u.
Epot        0.015592647570 a.u.
Etot_harm   0.047770233175 a.u.
Etot        0.047770233175 a.u.


Index     714
Atoms
 C   6.0  -0.02676043   0.00810180   0.08893384  12.00000000  -0.00018615   0.00007440   0.00029421
 N   7.0   0.01469890   0.04524031   2.43096426  14.00307400  -0.00016070   0.00002013  -0.00024608
 H   1.0   1.71072310  -0.05714142  -0.59056158   1.00782500  -0.00008849  -0.00160277   0.00138736
 H   1.0   1.50058456  -0.30991277   3.36748082   1.00782500   0.00414751   0.00067467   0.00092823
 H   1.0  -1.50395280  -0.19815515   3.52752115   1.00782500  -0.00022479  -0.00092302  -0.00477660
 H   1.0  -1.59295471  -0.15984213  -0.94486617   1.00782500   0.00061509   0.00068560   0.00237701
States
Ekin        0.051576463805 a.u.
Epot_harm   0.027716009490 a.u.
Epot        0.027716009490 a.u.
Etot_harm   0.079292473295 a.u.
Etot        0.079292473295 a.u.


Index     715
Atoms
 C   6.0   0.02840759  -0.05640395  -0.04832921  12.00000000   0.00028848  -0.00009425   0.00000917
 N   7.0  -0.03180282   0.01337995   2.55503495  14.00307400   0.00005157   0.00014399   0.00014486
 H   1.0   1.62031020   0.29977739  -1.02596269   1.00782500  -0.00231308  -0.00093776   0.00083833
 H   1.0   1.70173256  -0.06238318   3.59818104   1.00782500  -0.00144653   0.00035382  -0.00125303
 H   1.0  -1.49373488   0.07209698   3.38453652   1.00782500   0.00063814  -0.00181005  -0.00177399
 H   1.0  -1.72467274   0.17619519  -0.68669466   1.00782500  -0.00102991   0.00151560   0.00006674
States
Ekin        0.020848851723 a.u.
Epot_harm   0.049578331914 a.u.
Epot        0.049578331914 a.u.
Etot_harm   0.070427183637 a.u.
Etot        0.070427183637 a.u.


Index     716
Atoms
 C   6.0   0.00028607   0.03815121   0.08223091  12.00000000   0.00007129  -0.00034143  -0.00074537
 N   7.0   0.06080095  -0.02738999   2.50318697  14.00307400  -0.00009746  -0.00001077   0.00007444
 H   1.0   1.71399174  -0.11256065  -1.37883898   1.00782500   0.00162337   0.00161490   0.00227840
 H   1.0   1.22579702   0.07399241   3.58208071   1.00782500  -0.00025312   0.00061645  -0.00075172
 H   1.0  -1.91038254   0.11646762   2.98736463   1.00782500  -0.00083984   0.00047104   0.00438176
 H   1.0  -1.87760210  -0.15159324  -0.75470905   1.00782500  -0.00002509   0.00151252   0.00193228
States
Ekin        0.042160182929 a.u.
Epot_harm   0.055619445121 a.u.
Epot        0.055619445121 a.u.
Etot_harm   0.097779628050 a.u.
Etot        0.097779628050 a.u.


Index     717
Atoms
 C   6.0  -0.03183225   0.02002124   0.07188976  12.00000000  -0.00001852  -0.00009051  -0.00004867
 N   7.0   0.00114166  -0.00017916   2.45844073  14.00307400  -0.00030618  -0.00001451  -0.00003408
 H   1.0   1.94973926  -0.22029839  -0.74574022   1.00782500  -0.00078159  -0.00010612  -0.00111327
 H   1.0   1.70664225   0.11369078   3.46442750   1.00782500  -0.00031327   0.00073481  -0.00012207
 H   1.0  -1.53193847  -0.16623740   3.43762696   1.00782500   0.00230177  -0.00028009   0.00060738
 H   1.0  -1.76128458   0.03694486  -0.97556676   1.00782500   0.00326782   0.00093072   0.00168109
States
Ekin        0.022125256595 a.u.
Epot_harm   0.011987992303 a.u.
Epot        0.011987992303 a.u.
Etot_harm   0.034113248898 a.u.
Etot        0.034113248898 a.u.


Index     718
Atoms
 C   6.0  -0.01313122   0.02175898   0.06231019  12.00000000  -0.00026622  -0.00014314   0.00022454
 N   7.0  -0.02121365  -0.01648318   2.46902981  14.00307400   0.00018470   0.00029697  -0.00004986
 H   1.0   1.88215966  -0.20988887  -0.65733602   1.00782500   0.00033563   0.00076753   0.00100563
 H   1.0   1.59831987   0.20684572   3.33101156   1.00782500  -0.00234794  -0.00220657  -0.00064578
 H   1.0  -1.25402739  -0.08896314   3.39075308   1.00782500   0.00196621  -0.00076808  -0.00158684
 H   1.0  -1.77535108   0.06194895  -0.91674725   1.00782500   0.00064967  -0.00021474  -0.00075381
States
Ekin        0.022040078902 a.u.
Epot_harm   0.042147842824 a.u.
Epot        0.042147842824 a.u.
Etot_harm   0.064187921725 a.u.
Etot        0.064187921725 a.u.


Index     719
Atoms
 C   6.0  -0.01223847   0.00616687   0.10612178  12.00000000  -0.00008922  -0.00019387   0.00011065
 N   7.0  -0.01723224  -0.02294911   2.46044736  14.00307400   0.00027803   0.00011052   0.00012014
 H   1.0   1.70585065  -0.05687721  -0.95190778   1.00782500   0.00199054   0.00021012   0.00028034
 H   1.0   1.71559251   0.18530142   3.44414457   1.00782500  -0.00251428  -0.00004233  -0.00101011
 H   1.0  -1.40557177   0.04446708   3.35802649   1.00782500   0.00013586  -0.00064160  -0.00186822
 H   1.0  -1.63071923   0.07254379  -1.10499141   1.00782500  -0.00241286   0.00124665  -0.00038874
States
Ekin        0.023043473645 a.u.
Epot_harm   0.022172285726 a.u.
Epot        0.022172285726 a.u.
Etot_harm   0.045215759371 a.u.
Etot        0.045215759371 a.u.


Index     720
Atoms
 C   6.0  -0.02188776  -0.00615064   0.08828801  12.00000000  -0.00002051  -0.00009568  -0.00018377
 N   7.0   0.03206758   0.02541686   2.43221635  14.00307400   0.00015071  -0.00003405   0.00031434
 H   1.0   1.67985811   0.10686248  -0.67186237   1.00782500   0.00074779   0.00075889  -0.00231617
 H   1.0   1.43917276  -0.25728501   3.61823769   1.00782500  -0.00180727   0.00023383  -0.00019707
 H   1.0  -1.51751987   0.00096070   3.38309945   1.00782500  -0.00080458   0.00030855  -0.00045727
 H   1.0  -1.78645542  -0.13045442  -0.97960779   1.00782500   0.00001419   0.00031111   0.00079108
States
Ekin        0.012674958373 a.u.
Epot_harm   0.020017325676 a.u.
Epot        0.020017325676 a.u.
Etot_harm   0.032692284049 a.u.
Etot        0.032692284049 a.u.


Index     721
Atoms
 C   6.0   0.02317800  -0.00632972   0.03073486  12.00000000  -0.00055914   0.00035569   0.00062154
 N   7.0  -0.03149918  -0.01115703   2.49894628  14.00307400   0.00022389  -0.00016193  -0.00037648
 H   1.0   1.57336548   0.09760030  -0.77084213   1.00782500   0.00244557  -0.00319088  -0.00310434
 H   1.0   1.76098186   0.01310067   3.15201439   1.00782500  -0.00075918   0.00204645   0.00082673
 H   1.0  -1.60271404   0.12398161   3.75428300   1.00782500  -0.00098115  -0.00091296   0.00153599
 H   1.0  -1.56994908  -0.00429606  -1.02748172   1.00782500   0.00284147   0.00007227  -0.00142801
States
Ekin        0.053743729271 a.u.
Epot_harm   0.030849775437 a.u.
Epot        0.030849775437 a.u.
Etot_harm   0.084593504708 a.u.
Etot        0.084593504708 a.u.


Index     722
Atoms
 C   6.0   0.03229790  -0.02106215   0.07303927  12.00000000  -0.00034731  -0.00009945   0.00051403
 N   7.0  -0.02092753  -0.00348556   2.45135456  14.00307400   0.00000684   0.00029682  -0.00012406
 H   1.0   1.85727916   0.07819075  -0.89341542   1.00782500   0.00184980   0.00000920  -0.00090172
 H   1.0   1.58788893   0.07353548   3.28687028   1.00782500  -0.00087206  -0.00135605  -0.00060980
 H   1.0  -1.62193609   0.02121305   3.84287214   1.00782500   0.00210851  -0.00156160  -0.00180602
 H   1.0  -1.91702320   0.12627364  -0.97080887   1.00782500   0.00095395  -0.00003147  -0.00107916
States
Ekin        0.023503117866 a.u.
Epot_harm   0.027155109735 a.u.
Epot        0.027155109735 a.u.
Etot_harm   0.050658227601 a.u.
Etot        0.050658227601 a.u.


Index     723
Atoms
 C   6.0  -0.04168325  -0.01696420   0.06976707  12.00000000   0.00012711  -0.00011117  -0.00003433
 N   7.0   0.04247524   0.00931021   2.48425684  14.00307400  -0.00009328   0.00022336  -0.00021812
 H   1.0   1.83200879   0.26460413  -1.02568385   1.00782500   0.00192690  -0.00017159  -0.00224326
 H   1.0   1.46401092  -0.24604595   3.65393213   1.00782500  -0.00032665  -0.00066835   0.00131012
 H   1.0  -1.65611795   0.19217886   3.32286085   1.00782500  -0.00121223  -0.00156016   0.00309854
 H   1.0  -1.73375229  -0.13810655  -1.10378528   1.00782500  -0.00060552   0.00062037   0.00127401
States
Ekin        0.026423567407 a.u.
Epot_harm   0.017123327804 a.u.
Epot        0.017123327804 a.u.
Etot_harm   0.043546895211 a.u.
Etot        0.043546895211 a.u.


Index     724
Atoms
 C   6.0  -0.03288429   0.04423741   0.10603533  12.00000000   0.00021509  -0.00046279   0.00050919
 N   7.0   0.02661390  -0.03952301   2.43032490  14.00307400   0.00021834   0.00018698  -0.00008844
 H   1.0   1.91754953   0.06653288  -0.87336986   1.00782500   0.00114012   0.00136440   0.00010212
 H   1.0   1.64890428  -0.07361728   3.57122825   1.00782500  -0.00085583   0.00031519  -0.00153915
 H   1.0  -1.75416862   0.37786469   3.57498061   1.00782500  -0.00141449  -0.00068209  -0.00071150
 H   1.0  -1.79052053  -0.34836098  -1.10800576   1.00782500  -0.00446452   0.00191487  -0.00268549
States
Ekin        0.043810551464 a.u.
Epot_harm   0.035602855687 a.u.
Epot        0.035602855687 a.u.
Etot_harm   0.079413407151 a.u.
Etot        0.079413407151 a.u.


Index     725
Atoms
 C   6.0   0.01365943   0.00184666   0.02686970  12.00000000   0.00060821   0.00005317   0.00045211
 N   7.0  -0.00491949   0.03806828   2.48360522  14.00307400  -0.00051963  -0.00011306  -0.00033330
 H   1.0   1.66124835  -0.04904501  -1.07394447   1.00782500  -0.00026147   0.00000848  -0.00121147
 H   1.0   1.52245657  -0.22812820   3.66817474   1.00782500   0.00125738   0.00028503  -0.00164113
 H   1.0  -1.58067943  -0.18587023   3.56082263   1.00782500   0.00091721   0.00080480  -0.00062743
 H   1.0  -1.69731289  -0.08787843  -0.78790350   1.00782500  -0.00193515  -0.00016054   0.00272778
States
Ekin        0.028811091896 a.u.
Epot_harm   0.011619053950 a.u.
Epot        0.011619053950 a.u.
Etot_harm   0.040430145846 a.u.
Etot        0.040430145846 a.u.


Index     726
Atoms
 C   6.0  -0.04881598   0.01451961   0.09305694  12.00000000   0.00005417   0.00035602   0.00010279
 N   7.0   0.05198839  -0.01135788   2.45493819  14.00307400   0.00003020  -0.00005687  -0.00023437
 H   1.0   1.55394090   0.10029812  -0.91857228   1.00782500  -0.00137033  -0.00145420  -0.00135418
 H   1.0   1.36324692  -0.12098208   3.72887091   1.00782500  -0.00074169  -0.00032011   0.00139725
 H   1.0  -1.54625838   0.20349885   3.38458452   1.00782500  -0.00037334  -0.00034562  -0.00077555
 H   1.0  -1.51203079  -0.19788711  -1.21750418   1.00782500   0.00142071  -0.00132889   0.00276498
States
Ekin        0.021364441571 a.u.
Epot_harm   0.029934827512 a.u.
Epot        0.029934827512 a.u.
Etot_harm   0.051299269083 a.u.
Etot        0.051299269083 a.u.


Index     727
Atoms
 C   6.0  -0.01654018  -0.01259767   0.06379466  12.00000000  -0.00029661   0.00022830   0.00018891
 N   7.0  -0.01585234   0.00400448   2.44380961  14.00307400   0.00011570  -0.00045406  -0.00001806
 H   1.0   1.71423955   0.19534312  -0.93156542   1.00782500   0.00149786  -0.00089169   0.00092753
 H   1.0   1.61993463  -0.16084412   3.66728796   1.00782500  -0.00087241   0.00270325  -0.00248514
 H   1.0  -1.41392357   0.15209769   3.48732648   1.00782500  -0.00004347   0.00136494  -0.00261826
 H   1.0  -1.50305150  -0.09223809  -0.74262467   1.00782500   0.00134221   0.00041404   0.00217756
States
Ekin        0.035586572370 a.u.
Epot_harm   0.040242593933 a.u.
Epot        0.040242593933 a.u.
Etot_harm   0.075829166303 a.u.
Etot        0.075829166303 a.u.


Index     728
Atoms
 C   6.0   0.00983502   0.03042988   0.08819905  12.00000000  -0.00061509   0.00036178   0.00019856
 N   7.0   0.02601613  -0.00961444   2.51337130  14.00307400   0.00009757  -0.00006514  -0.00014443
 H   1.0   1.46939063  -0.16997101  -1.27541033   1.00782500   0.00270562  -0.00272842  -0.00133372
 H   1.0   1.52162088   0.05960247   3.48762776   1.00782500  -0.00209607   0.00050895   0.00040076
 H   1.0  -1.76170316  -0.03910187   3.07626398   1.00782500   0.00274560  -0.00104864  -0.00046443
 H   1.0  -1.70788946  -0.07926659  -1.06515051   1.00782500   0.00261296  -0.00013448   0.00103992
States
Ekin        0.041949238918 a.u.
Epot_harm   0.025660394004 a.u.
Epot        0.025660394004 a.u.
Etot_harm   0.067609632923 a.u.
Etot        0.067609632923 a.u.


Index     729
Atoms
 C   6.0  -0.00030848   0.01101167   0.03263424  12.00000000  -0.00017967   0.00030442   0.00004648
 N   7.0  -0.06005389  -0.03561929   2.50364537  14.00307400   0.00053070  -0.00023574  -0.00002905
 H   1.0   1.88689245   0.02171098  -0.86048731   1.00782500  -0.00251839  -0.00153664  -0.00047322
 H   1.0   2.10224694   0.15876007   3.36400666   1.00782500   0.00012527   0.00077357  -0.00042928
 H   1.0  -1.45883792   0.19394538   3.44341925   1.00782500  -0.00603613   0.00107992   0.00119367
 H   1.0  -1.69221869  -0.01062360  -0.92687145   1.00782500   0.00319489  -0.00066611  -0.00044092
States
Ekin        0.060799705521 a.u.
Epot_harm   0.060228187976 a.u.
Epot        0.060228187976 a.u.
Etot_harm   0.121027893497 a.u.
Etot        0.121027893497 a.u.


Index     730
Atoms
 C   6.0  -0.02308133  -0.05957432   0.03438073  12.00000000  -0.00012883  -0.00007723   0.00011427
 N   7.0   0.02489308   0.05268686   2.45075097  14.00307400   0.00016318   0.00001417  -0.00006559
 H   1.0   1.70845461   0.24921372  -0.85992361   1.00782500  -0.00235918   0.00020486   0.00165986
 H   1.0   1.26968393  -0.26573562   3.66847036   1.00782500  -0.00252851   0.00035044  -0.00230596
 H   1.0  -1.51742731  -0.13820706   3.76491786   1.00782500   0.00103847  -0.00010356  -0.00007311
 H   1.0  -1.53175892   0.13202056  -0.83925930   1.00782500   0.00311600   0.00027090   0.00027000
States
Ekin        0.029448647513 a.u.
Epot_harm   0.051671480083 a.u.
Epot        0.051671480083 a.u.
Etot_harm   0.081120127596 a.u.
Etot        0.081120127596 a.u.


Index     731
Atoms
 C   6.0   0.04019468  -0.00068260  -0.01453792  12.00000000   0.00027479   0.00020317  -0.00025271
 N   7.0   0.00131276   0.01061318   2.53749033  14.00307400   0.00008135  -0.00024307   0.00015739
 H   1.0   1.62950820   0.23181990  -1.06500100   1.00782500  -0.00428463  -0.00051412   0.00176887
 H   1.0   1.35951653  -0.32312973   3.50224060   1.00782500  -0.00051302   0.00051057  -0.00111763
 H   1.0  -1.56625477   0.21096709   3.82142716   1.00782500  -0.00083032   0.00165957   0.00025685
 H   1.0  -1.91960114  -0.25899287  -1.14718248   1.00782500   0.00122586  -0.00069779  -0.00008598
States
Ekin        0.029998236041 a.u.
Epot_harm   0.053769148068 a.u.
Epot        0.053769148068 a.u.
Etot_harm   0.083767384109 a.u.
Etot        0.083767384109 a.u.


Index     732
Atoms
 C   6.0  -0.02924956  -0.05432416   0.10007092  12.00000000   0.00032012  -0.00026063   0.00041535
 N   7.0   0.02266588   0.04676262   2.45925551  14.00307400  -0.00004870   0.00011330  -0.00012890
 H   1.0   1.83667291   0.25353392  -0.91840492   1.00782500  -0.00088255   0.00195880  -0.00370926
 H   1.0   1.54423150  -0.26183967   3.40778452   1.00782500  -0.00159524  -0.00138219   0.00001601
 H   1.0  -1.64726992  -0.09274202   3.52485602   1.00782500  -0.00057604   0.00056552   0.00087656
 H   1.0  -1.70029259   0.09814010  -1.18035719   1.00782500  -0.00008120   0.00038691  -0.00033776
States
Ekin        0.026731716612 a.u.
Epot_harm   0.017742520620 a.u.
Epot        0.017742520620 a.u.
Etot_harm   0.044474237232 a.u.
Etot        0.044474237232 a.u.


Index     733
Atoms
 C   6.0  -0.00334161   0.00597002   0.04239842  12.00000000  -0.00019880  -0.00039114   0.00012011
 N   7.0   0.03377774   0.04408259   2.48777864  14.00307400  -0.00023452   0.00034730  -0.00025115
 H   1.0   2.03106473  -0.07007751  -0.82089758   1.00782500   0.00284776   0.00020984  -0.00172784
 H   1.0   1.37695756  -0.27407832   3.38745883   1.00782500  -0.00120108  -0.00029510   0.00029009
 H   1.0  -1.73021758  -0.21575156   3.29471003   1.00782500   0.00180688  -0.00280674   0.00090571
 H   1.0  -2.10733649  -0.12367570  -0.73700673   1.00782500   0.00217206   0.00272385   0.00259149
States
Ekin        0.045476556133 a.u.
Epot_harm   0.050356360505 a.u.
Epot        0.050356360505 a.u.
Etot_harm   0.095832916637 a.u.
Etot        0.095832916637 a.u.


Index     734
Atoms
 C   6.0   0.02561198  -0.02245596   0.10046170  12.00000000  -0.00013370  -0.00053283  -0.00000639
 N   7.0   0.00248498   0.01544191   2.44618042  14.00307400   0.00035309   0.00023626   0.00002576
 H   1.0   1.56632606   0.21710666  -1.06490839   1.00782500   0.00072823   0.00288265   0.00087071
 H   1.0   1.55683223  -0.20289049   3.68063927   1.00782500  -0.00224283  -0.00093764   0.00009861
 H   1.0  -1.58274169   0.09809126   3.16355532   1.00782500  -0.00026537  -0.00003668  -0.00241908
 H   1.0  -1.87990123  -0.05948346  -0.76839084   1.00782500  -0.00153402   0.00115335   0.00116794
States
Ekin        0.030158704787 a.u.
Epot_harm   0.021774641833 a.u.
Epot        0.021774641833 a.u.
Etot_harm   0.051933346621 a.u.
Etot        0.051933346621 a.u.


Index     735
Atoms
 C   6.0  -0.00314130  -0.01906849   0.07179573  12.00000000   0.00035012  -0.00003858   0.00036585
 N   7.0   0.01062068  -0.00653551   2.46720185  14.00307400  -0.00014844   0.00021094  -0.00023528
 H   1.0   1.78156029   0.28781982  -0.76179720   1.00782500   0.00021278  -0.00029221   0.00163374
 H   1.0   1.55567982  -0.14564427   3.38391100   1.00782500   0.00025786  -0.00052049   0.00092839
 H   1.0  -1.59345710   0.26773571   3.23268067   1.00782500   0.00315241  -0.00172098  -0.00156340
 H   1.0  -1.85394743  -0.09205936  -0.79465742   1.00782500  -0.00572937   0.00006208  -0.00208583
States
Ekin        0.056483326928 a.u.
Epot_harm   0.019115002920 a.u.
Epot        0.019115002920 a.u.
Etot_harm   0.075598329848 a.u.
Etot        0.075598329848 a.u.


Index     736
Atoms
 C   6.0  -0.00911795  -0.00580633   0.11814286  12.00000000  -0.00006273   0.00003193  -0.00078623
 N   7.0   0.01016580   0.01557993   2.40832185  14.00307400  -0.00017163   0.00000205   0.00063998
 H   1.0   1.70743708   0.13785325  -0.77582650   1.00782500   0.00101801  -0.00052481  -0.00062974
 H   1.0   1.65911985  -0.22349175   3.53358798   1.00782500  -0.00047105   0.00043831   0.00075282
 H   1.0  -1.67004757   0.07191065   3.49851855   1.00782500   0.00235186  -0.00057887  -0.00041872
 H   1.0  -1.72919068  -0.13361018  -0.92989111   1.00782500   0.00023280   0.00025670   0.00076508
States
Ekin        0.021092738149 a.u.
Epot_harm   0.016633432285 a.u.
Epot        0.016633432285 a.u.
Etot_harm   0.037726170434 a.u.
Etot        0.037726170434 a.u.


Index     737
Atoms
 C   6.0   0.01960335  -0.05881959  -0.00789646  12.00000000  -0.00020215  -0.00012365  -0.00027907
 N   7.0  -0.00320488   0.01390026   2.48773144  14.00307400   0.00055777  -0.00003898   0.00026585
 H   1.0   1.82804712   0.30277743  -0.99312244   1.00782500  -0.00010947   0.00034355   0.00324551
 H   1.0   1.50476505  -0.05397540   3.65692903   1.00782500  -0.00270578   0.00077177  -0.00309571
 H   1.0  -1.67617789   0.06467124   3.77414261   1.00782500  -0.00198914   0.00013729   0.00136272
 H   1.0  -1.84551829   0.19374641  -0.71417626   1.00782500  -0.00053839   0.00076123  -0.00188349
States
Ekin        0.041688370026 a.u.
Epot_harm   0.028673527302 a.u.
Epot        0.028673527302 a.u.
Etot_harm   0.070361897329 a.u.
Etot        0.070361897329 a.u.


Index     738
Atoms
 C   6.0  -0.00538999   0.03858316   0.02631620  12.00000000  -0.00009399   0.00000494  -0.00005000
 N   7.0   0.03116422  -0.00906256   2.44963322  14.00307400   0.00003927  -0.00012803   0.00010411
 H   1.0   1.75868410  -0.18595850  -0.73007921   1.00782500   0.00046832  -0.00107867  -0.00095036
 H   1.0   1.40483251   0.02124589   3.78569898   1.00782500   0.00025649   0.00226164   0.00183441
 H   1.0  -1.62351884  -0.02885726   3.68370022   1.00782500   0.00039687  -0.00092595  -0.00132500
 H   1.0  -1.90882672  -0.13991483  -0.89356139   1.00782500  -0.00054818   0.00146304  -0.00041017
States
Ekin        0.015424536059 a.u.
Epot_harm   0.027239353678 a.u.
Epot        0.027239353678 a.u.
Etot_harm   0.042663889737 a.u.
Etot        0.042663889737 a.u.


Index     739
Atoms
 C   6.0   0.00556011  -0.05076338   0.01580258  12.00000000  -0.00039830   0.00027354   0.00039085
 N   7.0  -0.01864382   0.03457666   2.51258793  14.00307400   0.00010847  -0.00007083  -0.00085921
 H   1.0   1.87034536   0.16004626  -0.83017741   1.00782500  -0.00103818  -0.00120908   0.00183691
 H   1.0   1.65392802  -0.09639811   3.42122072   1.00782500   0.00090514   0.00050412   0.00027251
 H   1.0  -1.43309120  -0.13695519   3.47768890   1.00782500  -0.00190853  -0.00052468   0.00341800
 H   1.0  -1.89834169   0.19731755  -0.97250451   1.00782500   0.00527693  -0.00104330   0.00175694
States
Ekin        0.064255226636 a.u.
Epot_harm   0.020675514366 a.u.
Epot        0.020675514366 a.u.
Etot_harm   0.084930741002 a.u.
Etot        0.084930741002 a.u.


Index     740
Atoms
 C   6.0  -0.01592781  -0.00131069   0.04640885  12.00000000   0.00021649   0.00001578  -0.00030651
 N   7.0  -0.01637621  -0.00575363   2.51944325  14.00307400  -0.00036696   0.00011722  -0.00023428
 H   1.0   1.97072096   0.13405258  -1.36768708   1.00782500  -0.00177662  -0.00036928   0.00097717
 H   1.0   1.73918779  -0.09676920   3.49978627   1.00782500   0.00540444  -0.00076233   0.00359629
 H   1.0  -1.67078205   0.16214810   3.37481922   1.00782500  -0.00121851  -0.00057096   0.00209426
 H   1.0  -1.62194024  -0.10388234  -0.87036452   1.00782500   0.00011174  -0.00011400   0.00023696
States
Ekin        0.053097229199 a.u.
Epot_harm   0.050251413505 a.u.
Epot        0.050251413505 a.u.
Etot_harm   0.103348642704 a.u.
Etot        0.103348642704 a.u.


Index     741
Atoms
 C   6.0   0.03950956  -0.04566460   0.05737061  12.00000000  -0.00043963   0.00033782  -0.00023726
 N   7.0  -0.02592573   0.06613067   2.49606595  14.00307400   0.00029631  -0.00022077   0.00005343
 H   1.0   1.56630441   0.19468342  -1.04460183   1.00782500   0.00021931  -0.00074494  -0.00113095
 H   1.0   1.66328506  -0.39010515   3.50166157   1.00782500  -0.00011591   0.00034573   0.00184518
 H   1.0  -1.46105851  -0.19611056   3.45001296   1.00782500  -0.00207518   0.00087632   0.00062521
 H   1.0  -1.87874334   0.01641025  -1.07622615   1.00782500   0.00308927  -0.00143210   0.00074319
States
Ekin        0.026942819129 a.u.
Epot_harm   0.032690170852 a.u.
Epot        0.032690170852 a.u.
Etot_harm   0.059632989981 a.u.
Etot        0.059632989981 a.u.


Index     742
Atoms
 C   6.0   0.00021482  -0.01233516   0.05051209  12.00000000  -0.00008524  -0.00015207  -0.00038014
 N   7.0   0.00417375  -0.02222989   2.47162110  14.00307400   0.00026451   0.00026626  -0.00007215
 H   1.0   1.70409991   0.04332635  -0.84121841   1.00782500  -0.00005113  -0.00046240   0.00052743
 H   1.0   1.69828305   0.18880967   3.41978902   1.00782500  -0.00016464  -0.00062246   0.00212245
 H   1.0  -1.78423033   0.08357042   3.32444969   1.00782500  -0.00267772  -0.00177137   0.00195859
 H   1.0  -1.67870203   0.14003608  -0.65086518   1.00782500   0.00023324   0.00096734   0.00092027
States
Ekin        0.023471137841 a.u.
Epot_harm   0.022011647880 a.u.
Epot        0.022011647880 a.u.
Etot_harm   0.045482785721 a.u.
Etot        0.045482785721 a.u.


Index     743
Atoms
 C   6.0  -0.03634668   0.04068015   0.07472185  12.00000000  -0.00019405   0.00019803   0.00034147
 N   7.0   0.01516317  -0.04927220   2.46402220  14.00307400   0.00008033  -0.00013728  -0.00042720
 H   1.0   2.02800524  -0.15270885  -0.68956946   1.00782500  -0.00001887  -0.00033116   0.00175630
 H   1.0   1.60169077   0.25666041   3.52570007   1.00782500   0.00108524  -0.00003694  -0.00079960
 H   1.0  -1.43192638   0.16200244   3.40128517   1.00782500  -0.00125825   0.00095652   0.00051305
 H   1.0  -1.97567834  -0.06572031  -1.16794052   1.00782500   0.00138626  -0.00103894   0.00040009
States
Ekin        0.014827076154 a.u.
Epot_harm   0.040013881951 a.u.
Epot        0.040013881951 a.u.
Etot_harm   0.054840958104 a.u.
Etot        0.054840958104 a.u.


Index     744
Atoms
 C   6.0  -0.02887038   0.03875033   0.00869148  12.00000000   0.00040568   0.00016831   0.00073861
 N   7.0   0.01514197   0.01890935   2.51299745  14.00307400  -0.00013748  -0.00008666  -0.00055841
 H   1.0   1.97394601  -0.22748829  -0.70859379   1.00782500  -0.00314690  -0.00084490  -0.00028703
 H   1.0   1.62805785  -0.13283730   3.47501492   1.00782500  -0.00233497   0.00073460  -0.00105063
 H   1.0  -1.57348034  -0.17573657   3.40129308   1.00782500   0.00209787  -0.00011692  -0.00232176
 H   1.0  -1.89515674  -0.18806467  -0.99250590   1.00782500   0.00046382  -0.00057271   0.00262362
States
Ekin        0.044642172458 a.u.
Epot_harm   0.018955205171 a.u.
Epot        0.018955205171 a.u.
Etot_harm   0.063597377629 a.u.
Etot        0.063597377629 a.u.


Index     745
Atoms
 C   6.0  -0.01525970  -0.00815800   0.06559545  12.00000000   0.00055034  -0.00006650  -0.00041096
 N   7.0  -0.00720229   0.01247308   2.46144462  14.00307400  -0.00029540   0.00042459   0.00028606
 H   1.0   1.75663303   0.07213421  -0.74246205   1.00782500  -0.00185828  -0.00021937  -0.00258972
 H   1.0   1.60067545  -0.11500880   3.29711134   1.00782500  -0.00034315  -0.00230669   0.00061758
 H   1.0  -1.51284861   0.00320289   3.61666005   1.00782500   0.00026744  -0.00212465   0.00134523
 H   1.0  -1.56269405  -0.03649777  -0.95735361   1.00782500  -0.00051446  -0.00045678   0.00154550
States
Ekin        0.032900983088 a.u.
Epot_harm   0.012902913261 a.u.
Epot        0.012902913261 a.u.
Etot_harm   0.045803896349 a.u.
Etot        0.045803896349 a.u.


Index     746
Atoms
 C   6.0   0.00548641   0.01581146   0.06572722  12.00000000   0.00032534   0.00008014   0.00064178
 N   7.0  -0.03219312  -0.02404456   2.50079653  14.00307400  -0.00026577  -0.00026526  -0.00019768
 H   1.0   1.64110578  -0.05725598  -1.09611117   1.00782500  -0.00047555  -0.00022057  -0.00224301
 H   1.0   1.90121288   0.13215221   3.31159016   1.00782500   0.00237423   0.00155575  -0.00090278
 H   1.0  -1.66077729   0.08314533   3.37608367   1.00782500  -0.00093577   0.00123239   0.00032390
 H   1.0  -1.49956469  -0.01222234  -0.92594522   1.00782500  -0.00114396   0.00016393  -0.00207297
States
Ekin        0.028534625674 a.u.
Epot_harm   0.028994834555 a.u.
Epot        0.028994834555 a.u.
Etot_harm   0.057529460228 a.u.
Etot        0.057529460228 a.u.


Index     747
Atoms
 C   6.0  -0.01059889  -0.00431920   0.01289743  12.00000000  -0.00034821  -0.00013914  -0.00052575
 N   7.0  -0.00454384  -0.00205663   2.53144633  14.00307400  -0.00006628  -0.00015868  -0.00006050
 H   1.0   1.82313816  -0.21945622  -1.00158548   1.00782500   0.00077799   0.00057059   0.00030941
 H   1.0   1.76345766   0.28084643   3.49675324   1.00782500   0.00121268   0.00140221   0.00422885
 H   1.0  -1.64427683  -0.24700032   3.29621835   1.00782500   0.00128963   0.00105948   0.00072740
 H   1.0  -1.75298601   0.26561354  -0.92259247   1.00782500   0.00178669   0.00082922   0.00183490
States
Ekin        0.035268290329 a.u.
Epot_harm   0.021815998777 a.u.
Epot        0.021815998777 a.u.
Etot_harm   0.057084289106 a.u.
Etot        0.057084289106 a.u.


Index     748
Atoms
 C   6.0   0.04170829  -0.03687263   0.03193852  12.00000000  -0.00008766  -0.00001420  -0.00019368
 N   7.0  -0.06082815  -0.00716718   2.51522380  14.00307400   0.00013082  -0.00017421  -0.00003920
 H   1.0   1.80283914   0.18774271  -1.24803733   1.00782500   0.00174812   0.00060136   0.00099488
 H   1.0   1.91958662   0.08094183   3.45393961   1.00782500   0.00055039   0.00052938   0.00042781
 H   1.0  -1.55185615   0.09637482   3.68687724   1.00782500  -0.00149348   0.00147483   0.00155618
 H   1.0  -1.82201543   0.17356005  -1.02530334   1.00782500  -0.00157891  -0.00001588  -0.00012810
States
Ekin        0.014479268128 a.u.
Epot_harm   0.038197727928 a.u.
Epot        0.038197727928 a.u.
Etot_harm   0.052676996056 a.u.
Etot        0.052676996056 a.u.


Index     749
Atoms
 C   6.0   0.02070785  -0.01035208   0.07971412  12.00000000  -0.00003764   0.00002521   0.00012825
 N   7.0  -0.01882943   0.06361137   2.41579275  14.00307400   0.00001311  -0.00006712  -0.00027177
 H   1.0   1.67030184  -0.26370960  -0.84420185   1.00782500  -0.00286877   0.00083562   0.00226832
 H   1.0   1.59449844  -0.09796935   3.62878465   1.00782500   0.00282482  -0.00066785   0.00421924
 H   1.0  -1.48412891  -0.55725529   3.88519236   1.00782500   0.00099630   0.00104360  -0.00168872
 H   1.0  -1.76561345   0.15835602  -0.98962503   1.00782500  -0.00068643  -0.00057905  -0.00254975
States
Ekin        0.049508576917 a.u.
Epot_harm   0.039010741861 a.u.
Epot        0.039010741861 a.u.
Etot_harm   0.088519318778 a.u.
Etot        0.088519318778 a.u.


Index     750
Atoms
 C   6.0   0.04239277  -0.06379641   0.10419470  12.00000000  -0.00038603  -0.00010936  -0.00052646
 N   7.0  -0.01607604   0.02675531   2.42041528  14.00307400   0.00013801  -0.00013338  -0.00009955
 H   1.0   1.52518160   0.16840269  -1.09565624   1.00782500   0.00020738   0.00038237   0.00306493
 H   1.0   1.55722365   0.03280237   3.59416573   1.00782500  -0.00012147   0.00163767   0.00150309
 H   1.0  -1.62112883  -0.14667081   3.84025218   1.00782500   0.00015965   0.00026623   0.00202005
 H   1.0  -1.74267372   0.33333093  -1.01432460   1.00782500   0.00243330   0.00086905   0.00106353
States
Ekin        0.029919726018 a.u.
Epot_harm   0.040814381838 a.u.
Epot        0.040814381838 a.u.
Etot_harm   0.070734107856 a.u.
Etot        0.070734107856 a.u.


Index     751
Atoms
 C   6.0   0.03513589   0.00564738   0.00483087  12.00000000   0.00010897   0.00023105   0.00022826
 N   7.0  -0.00972902   0.05164747   2.56605412  14.00307400  -0.00029218   0.00008992  -0.00031063
 H   1.0   1.59506613  -0.15592041  -1.07006230   1.00782500  -0.00143995  -0.00031127  -0.00044977
 H   1.0   1.65138733  -0.23221788   3.16351724   1.00782500   0.00259838  -0.00211982   0.00256651
 H   1.0  -1.75484596  -0.33800519   3.31335075   1.00782500   0.00158759   0.00018315   0.00081231
 H   1.0  -1.77478614  -0.05870687  -0.92281765   1.00782500   0.00001611  -0.00175259  -0.00133098
States
Ekin        0.029856904126 a.u.
Epot_harm   0.038331517744 a.u.
Epot        0.038331517744 a.u.
Etot_harm   0.068188421871 a.u.
Etot        0.068188421871 a.u.


Index     752
Atoms
 C   6.0  -0.00918412  -0.05861203   0.09077556  12.00000000   0.00033549   0.00002975  -0.00046869
 N   7.0  -0.01768405   0.02795247   2.46259885  14.00307400  -0.00030427  -0.00020944   0.00069822
 H   1.0   1.91614688   0.30894053  -0.95291430   1.00782500  -0.00120008   0.00069935  -0.00005219
 H   1.0   1.81506624  -0.16157694   3.31119338   1.00782500  -0.00059007   0.00026418  -0.00121713
 H   1.0  -1.67069698   0.02074249   3.34264512   1.00782500   0.00357573   0.00214797  -0.00268965
 H   1.0  -1.70545412   0.14139586  -0.80282119   1.00782500  -0.00155246  -0.00055569  -0.00016176
States
Ekin        0.040352938480 a.u.
Epot_harm   0.024177630933 a.u.
Epot        0.024177630933 a.u.
Etot_harm   0.064530569413 a.u.
Etot        0.064530569413 a.u.


Index     753
Atoms
 C   6.0  -0.03381145   0.04214621   0.08184660  12.00000000   0.00022459   0.00004550  -0.00005446
 N   7.0   0.01373091  -0.01721219   2.45597755  14.00307400  -0.00037045  -0.00016082  -0.00006216
 H   1.0   1.88692965  -0.30651067  -0.83966489   1.00782500  -0.00186975  -0.00033442   0.00158338
 H   1.0   1.46077351   0.18752280   3.48603831   1.00782500   0.00174355   0.00155190   0.00066780
 H   1.0  -1.44099297  -0.11727509   3.41930442   1.00782500   0.00275375   0.00000357  -0.00171170
 H   1.0  -1.69490509  -0.02641260  -0.96926048   1.00782500  -0.00015454   0.00047159   0.00097262
States
Ekin        0.024619162322 a.u.
Epot_harm   0.021240420766 a.u.
Epot        0.021240420766 a.u.
Etot_harm   0.045859583089 a.u.
Etot        0.045859583089 a.u.


Index     754
Atoms
 C   6.0  -0.01639804   0.01692855   0.07463545  12.00000000   0.00021481  -0.00015393   0.00040159
 N   7.0   0.02346759   0.00432439   2.50226211  14.00307400  -0.00007737  -0.00012985  -0.00032663
 H   1.0   1.68298986  -0.23714292  -1.22477038   1.00782500  -0.00362972   0.00063948   0.00141894
 H   1.0   1.64774811   0.11977340   3.62501446   1.00782500   0.00224474   0.00157983   0.00116621
 H   1.0  -1.76176123  -0.21228786   3.32546916   1.00782500  -0.00026869   0.00029038  -0.00088442
 H   1.0  -1.69979505   0.06800735  -1.18652789   1.00782500   0.00017096   0.00112738  -0.00194403
States
Ekin        0.032361427510 a.u.
Epot_harm   0.017710019483 a.u.
Epot        0.017710019483 a.u.
Etot_harm   0.050071446993 a.u.
Etot        0.050071446993 a.u.


Index     755
Atoms
 C   6.0  -0.05108998  -0.04308103   0.13820054  12.00000000   0.00034441  -0.00033515  -0.00032815
 N   7.0   0.06348326   0.04316577   2.42711655  14.00307400  -0.00013929   0.00015452  -0.00004613
 H   1.0   1.75232761   0.02256805  -1.03103327   1.00782500  -0.00167528   0.00132330  -0.00057597
 H   1.0   1.51786705  -0.05650690   3.81339968   1.00782500   0.00054892  -0.00030949   0.00021679
 H   1.0  -1.79623438  -0.29002078   2.98242166   1.00782500  -0.00253446  -0.00049713   0.00359043
 H   1.0  -1.74769934   0.23715772  -0.93836262   1.00782500   0.00149538   0.00132694   0.00131694
States
Ekin        0.032512626832 a.u.
Epot_harm   0.033418200595 a.u.
Epot        0.033418200595 a.u.
Etot_harm   0.065930827427 a.u.
Etot        0.065930827427 a.u.


Index     756
Atoms
 C   6.0  -0.02727273  -0.02086066   0.10671589  12.00000000  -0.00031592  -0.00002148   0.00032195
 N   7.0   0.04254504   0.02135941   2.46520309  14.00307400   0.00036368   0.00002241  -0.00009755
 H   1.0   1.55436931   0.11745282  -1.15411802   1.00782500   0.00171716  -0.00009864  -0.00277725
 H   1.0   1.38632974  -0.14652369   3.49397688   1.00782500  -0.00290031   0.00029078   0.00136934
 H   1.0  -1.76534850  -0.02618954   3.52068683   1.00782500  -0.00026249  -0.00059906   0.00039994
 H   1.0  -1.44175457   0.00686954  -1.18842560   1.00782500   0.00015415   0.00035127  -0.00147008
States
Ekin        0.026076135690 a.u.
Epot_harm   0.040971450863 a.u.
Epot        0.040971450863 a.u.
Etot_harm   0.067047586553 a.u.
Etot        0.067047586553 a.u.


Index     757
Atoms
 C   6.0  -0.01246709  -0.03630188   0.09239644  12.00000000   0.00040809  -0.00038477   0.00058639
 N   7.0  -0.02460795   0.03375536   2.47833940  14.00307400  -0.00074453   0.00027045  -0.00031439
 H   1.0   1.75535882   0.07389207  -1.03048723   1.00782500  -0.00105929   0.00020934  -0.00154382
 H   1.0   1.96682908  -0.08877794   3.36571800   1.00782500   0.00341886  -0.00040421   0.00158252
 H   1.0  -1.66195801  -0.17509686   3.44383913   1.00782500   0.00456585  -0.00146287  -0.00170783
 H   1.0  -1.56987496   0.15321425  -1.11897110   1.00782500  -0.00143964   0.00248141  -0.00094471
States
Ekin        0.065528014790 a.u.
Epot_harm   0.029718200971 a.u.
Epot        0.029718200971 a.u.
Etot_harm   0.095246215761 a.u.
Etot        0.095246215761 a.u.


Index     758
Atoms
 C   6.0  -0.01637533  -0.04171346   0.01448438  12.00000000  -0.00030332  -0.00010465  -0.00009702
 N   7.0  -0.03688547   0.02973618   2.52760601  14.00307400   0.00032573  -0.00015334  -0.00002339
 H   1.0   2.07888158   0.23861681  -0.86465788   1.00782500   0.00001490   0.00077678  -0.00058073
 H   1.0   1.96720209  -0.20514023   3.21865004   1.00782500   0.00065037   0.00077675   0.00157739
 H   1.0  -1.58956799  -0.00083314   3.65148418   1.00782500  -0.00296216   0.00108758   0.00029320
 H   1.0  -1.74903773   0.05086667  -1.10221955   1.00782500   0.00138257   0.00073544   0.00019043
States
Ekin        0.018521664116 a.u.
Epot_harm   0.035068268529 a.u.
Epot        0.035068268529 a.u.
Etot_harm   0.053589932645 a.u.
Etot        0.053589932645 a.u.


Index     759
Atoms
 C   6.0   0.01094269   0.01575881   0.03595710  12.00000000   0.00000286   0.00006921  -0.00025614
 N   7.0  -0.00554902  -0.01965559   2.47908306  14.00307400   0.00015579  -0.00032462   0.00017901
 H   1.0   1.69023459  -0.04703747  -0.74634432   1.00782500  -0.00113845  -0.00058380  -0.00116919
 H   1.0   1.69085458   0.09026601   3.32899118   1.00782500  -0.00306085   0.00238088   0.00162346
 H   1.0  -1.72225833   0.07802327   3.34387519   1.00782500   0.00144280   0.00108127   0.00207301
 H   1.0  -1.71202357  -0.03578760  -0.60474233   1.00782500   0.00055783   0.00080796  -0.00196465
States
Ekin        0.033211924558 a.u.
Epot_harm   0.026155790418 a.u.
Epot        0.026155790418 a.u.
Etot_harm   0.059367714977 a.u.
Etot        0.059367714977 a.u.


Index     760
Atoms
 C   6.0  -0.01082342   0.06123108   0.06520830  12.00000000   0.00027873   0.00013690  -0.00016663
 N   7.0   0.00885154  -0.06038227   2.47244636  14.00307400  -0.00006276   0.00015989   0.00000751
 H   1.0   1.71962250  -0.15067137  -1.00214835   1.00782500  -0.00101744  -0.00011693  -0.00066537
 H   1.0   1.56330946   0.20249922   3.51032261   1.00782500  -0.00053828  -0.00169291   0.00098675
 H   1.0  -1.65020306   0.27960925   3.45463492   1.00782500  -0.00003469  -0.00017850   0.00199825
 H   1.0  -1.62684272  -0.22153275  -0.89710595   1.00782500  -0.00085643  -0.00186325  -0.00043996
States
Ekin        0.014685489009 a.u.
Epot_harm   0.013427697316 a.u.
Epot        0.013427697316 a.u.
Etot_harm   0.028113186325 a.u.
Etot        0.028113186325 a.u.


Index     761
Atoms
 C   6.0   0.05003044   0.01092834   0.12403068  12.00000000   0.00003542   0.00027932   0.00046570
 N   7.0  -0.04175573   0.00952719   2.44967820  14.00307400  -0.00022547  -0.00023131  -0.00080094
 H   1.0   1.36067847  -0.23577450  -1.22207595   1.00782500  -0.00023353  -0.00095243   0.00073076
 H   1.0   1.57943992   0.11956842   3.56263810   1.00782500   0.00100508   0.00057936   0.00182988
 H   1.0  -1.27233912  -0.25165296   3.40122502   1.00782500   0.00135581   0.00094641   0.00169944
 H   1.0  -1.68331451   0.10536297  -1.06012305   1.00782500   0.00058375  -0.00068523   0.00132345
States
Ekin        0.026082050377 a.u.
Epot_harm   0.063717370005 a.u.
Epot        0.063717370005 a.u.
Etot_harm   0.089799420383 a.u.
Etot        0.089799420383 a.u.


Index     762
Atoms
 C   6.0  -0.01434541  -0.03027080   0.08735977  12.00000000   0.00000363   0.00017689  -0.00017046
 N   7.0   0.03093258   0.03575640   2.43356384  14.00307400   0.00000608  -0.00030893   0.00055019
 H   1.0   1.67544958   0.25104004  -1.02610651   1.00782500  -0.00135058   0.00018193   0.00017103
 H   1.0   1.59287306  -0.33407634   3.74723708   1.00782500   0.00176586   0.00085228   0.00040861
 H   1.0  -1.85433041   0.03229593   3.50821948   1.00782500   0.00088896   0.00190560  -0.00570616
 H   1.0  -1.67297193  -0.08564237  -0.88715322   1.00782500  -0.00143188  -0.00075352  -0.00048837
States
Ekin        0.047773948287 a.u.
Epot_harm   0.034890470789 a.u.
Epot        0.034890470789 a.u.
Etot_harm   0.082664419076 a.u.
Etot        0.082664419076 a.u.


Index     763
Atoms
 C   6.0  -0.01785413  -0.01374109   0.04444681  12.00000000  -0.00004438   0.00011394  -0.00011812
 N   7.0  -0.00513077   0.00948570   2.47537286  14.00307400   0.00025316  -0.00013255  -0.00027554
 H   1.0   2.05312896   0.11027609  -0.54120029   1.00782500   0.00165900  -0.00030605   0.00193609
 H   1.0   1.63878170  -0.09984608   3.13804072   1.00782500  -0.00144961   0.00066628   0.00144115
 H   1.0  -1.55059476   0.03532356   3.62228984   1.00782500  -0.00060658   0.00054217   0.00183428
 H   1.0  -1.85744110  -0.01393838  -0.94688519   1.00782500  -0.00259182  -0.00041743   0.00002344
States
Ekin        0.022677351195 a.u.
Epot_harm   0.022789890894 a.u.
Epot        0.022789890894 a.u.
Etot_harm   0.045467242090 a.u.
Etot        0.045467242090 a.u.


Index     764
Atoms
 C   6.0   0.00958281   0.01433382   0.10290400  12.00000000   0.00020312   0.00006999  -0.00028557
 N   7.0  -0.00337381   0.00944269   2.41547312  14.00307400  -0.00014054   0.00044818   0.00020105
 H   1.0   1.55332328  -0.01058943  -0.73716798   1.00782500   0.00276842  -0.00092007   0.00093388
 H   1.0   1.63089412  -0.14652956   3.50372094   1.00782500   0.00042840  -0.00249500  -0.00210724
 H   1.0  -1.57026529   0.00608710   3.54428697   1.00782500  -0.00072509  -0.00229662   0.00084828
 H   1.0  -1.68117609  -0.15083862  -0.90236664   1.00782500  -0.00293760  -0.00134883   0.00093181
States
Ekin        0.039736086405 a.u.
Epot_harm   0.023362763983 a.u.
Epot        0.023362763983 a.u.
Etot_harm   0.063098850388 a.u.
Etot        0.063098850388 a.u.


Index     765
Atoms
 C   6.0  -0.00841368  -0.01759755   0.05649177  12.00000000   0.00045819  -0.00009697  -0.00001048
 N   7.0   0.01871179   0.01715016   2.51229320  14.00307400  -0.00026183   0.00020259  -0.00026151
 H   1.0   1.83978181   0.05448540  -1.02935873   1.00782500  -0.00125781   0.00038701   0.00080985
 H   1.0   1.79393763  -0.06892472   3.47583627   1.00782500  -0.00113496  -0.00132178  -0.00087761
 H   1.0  -1.86132377  -0.06744584   3.52111471   1.00782500   0.00098260  -0.00058927   0.00103557
 H   1.0  -1.93220366   0.05312588  -1.35174857   1.00782500  -0.00040750  -0.00013615   0.00279053
States
Ekin        0.019895551037 a.u.
Epot_harm   0.050718982197 a.u.
Epot        0.050718982197 a.u.
Etot_harm   0.070614533234 a.u.
Etot        0.070614533234 a.u.


Index     766
Atoms
 C   6.0   0.02492990  -0.02218724   0.12501252  12.00000000  -0.00038685  -0.00017331  -0.00001808
 N   7.0  -0.01249629   0.01173827   2.45592638  14.00307400  -0.00000480   0.00026638   0.00019447
 H   1.0   1.72355973  -0.09693060  -0.84625785   1.00782500   0.00236811   0.00097240   0.00149860
 H   1.0   1.79983195   0.16337692   3.08424060   1.00782500   0.00081698  -0.00210676   0.00103717
 H   1.0  -1.76668040  -0.22911957   3.36604357   1.00782500   0.00348976  -0.00046597  -0.00252524
 H   1.0  -1.87991946   0.26375734  -1.02086714   1.00782500  -0.00200194  -0.00003722  -0.00249722
States
Ekin        0.043876644240 a.u.
Epot_harm   0.031890879408 a.u.
Epot        0.031890879408 a.u.
Etot_harm   0.075767523649 a.u.
Etot        0.075767523649 a.u.


Index     767
Atoms
 C   6.0   0.02070508   0.01313054   0.05745913  12.00000000  -0.00012088  -0.00009124   0.00057869
 N   7.0  -0.03939778  -0.00118091   2.50632173  14.00307400  -0.00006246   0.00005791  -0.00011024
 H   1.0   1.79684193  -0.00066060  -1.15165188   1.00782500   0.00238473   0.00053862  -0.00390183
 H   1.0   1.89744228  -0.07440303   3.47630803   1.00782500  -0.00111010  -0.00030232   0.00056927
 H   1.0  -1.55296409   0.05136633   3.24272122   1.00782500   0.00187348   0.00000399  -0.00017053
 H   1.0  -1.84044539  -0.11623788  -0.88008231   1.00782500  -0.00084092   0.00004144  -0.00185550
States
Ekin        0.032252221943 a.u.
Epot_harm   0.038878207588 a.u.
Epot        0.038878207588 a.u.
Etot_harm   0.071130429532 a.u.
Etot        0.071130429532 a.u.


Index     768
Atoms
 C   6.0  -0.00054368  -0.04460781   0.07151803  12.00000000  -0.00041366   0.00011001   0.00006392
 N   7.0   0.02974129  -0.00092310   2.47579495  14.00307400   0.00016746   0.00004628   0.00024524
 H   1.0   1.65547910   0.33528650  -1.11422963   1.00782500   0.00003753   0.00004171  -0.00105572
 H   1.0   1.41788206  -0.07467600   3.60730515   1.00782500   0.00020665  -0.00109660  -0.00297802
 H   1.0  -1.72601428   0.20595659   3.39764447   1.00782500  -0.00219556   0.00027289  -0.00079206
 H   1.0  -1.75410939   0.07739635  -0.94667206   1.00782500   0.00455003  -0.00117093   0.00065731
States
Ekin        0.039271476006 a.u.
Epot_harm   0.014058066089 a.u.
Epot        0.014058066089 a.u.
Etot_harm   0.053329542095 a.u.
Etot        0.053329542095 a.u.


Index     769
Atoms
 C   6.0   0.00309625   0.06202532   0.07775913  12.00000000   0.00062999   0.00017771   0.00035343
 N   7.0   0.01720223  -0.02296868   2.47055621  14.00307400  -0.00027530  -0.00027662  -0.00042521
 H   1.0   1.74779029  -0.27527947  -1.25486604   1.00782500  -0.00146957  -0.00064379  -0.00145057
 H   1.0   1.50805519   0.06792866   3.62482820   1.00782500  -0.00077923   0.00197782  -0.00084344
 H   1.0  -1.78208480   0.01007787   3.59705166   1.00782500  -0.00056325   0.00051025   0.00322826
 H   1.0  -1.74964099  -0.22211709  -1.02448862   1.00782500  -0.00086399  -0.00011676   0.00076553
States
Ekin        0.030932118467 a.u.
Epot_harm   0.028568922548 a.u.
Epot        0.028568922548 a.u.
Etot_harm   0.059501041015 a.u.
Etot        0.059501041015 a.u.


Index     770
Atoms
 C   6.0  -0.03842013  -0.04606152   0.04080028  12.00000000  -0.00015232   0.00013484  -0.00015996
 N   7.0   0.03283854   0.01319637   2.47744400  14.00307400  -0.00000395   0.00000365   0.00013945
 H   1.0   1.82824397   0.06090921  -0.52185234   1.00782500   0.00117991   0.00072252  -0.00147014
 H   1.0   1.51717822   0.13308843   3.42636280   1.00782500  -0.00155360  -0.00171832   0.00055527
 H   1.0  -1.55760005  -0.14954187   3.48570058   1.00782500   0.00121892   0.00113332   0.00111490
 H   1.0  -1.78663050   0.32063579  -1.10332460   1.00782500   0.00102324  -0.00179384  -0.00023295
States
Ekin        0.017606765302 a.u.
Epot_harm   0.022742224707 a.u.
Epot        0.022742224707 a.u.
Etot_harm   0.040348990009 a.u.
Etot        0.040348990009 a.u.


Index     771
Atoms
 C   6.0  -0.04518974   0.01305689   0.09200891  12.00000000   0.00023083   0.00001755   0.00057384
 N   7.0   0.04536642   0.04058109   2.46251195  14.00307400   0.00019440  -0.00001624  -0.00024978
 H   1.0   1.73685818  -0.03568542  -0.80157175   1.00782500  -0.00113832  -0.00035617   0.00059745
 H   1.0   1.66107197  -0.33175172   3.70283968   1.00782500  -0.00246584   0.00077676  -0.00319644
 H   1.0  -1.68306604  -0.13974166   3.08938718   1.00782500  -0.00097650  -0.00045979  -0.00008591
 H   1.0  -1.80713458  -0.21213520  -1.10602982   1.00782500  -0.00086881   0.00005580  -0.00067714
States
Ekin        0.024970677387 a.u.
Epot_harm   0.026922414277 a.u.
Epot        0.026922414277 a.u.
Etot_harm   0.051893091664 a.u.
Etot        0.051893091664 a.u.


Index     772
Atoms
 C   6.0   0.03426180   0.00082763   0.05143872  12.00000000  -0.00044267  -0.00011035   0.00061196
 N   7.0  -0.06299131  -0.00755489   2.50066091  14.00307400   0.00062871  -0.00003958  -0.00007204
 H   1.0   1.45206927  -0.05095425  -1.00038111   1.00782500  -0.00023722   0.00050245   0.00018265
 H   1.0   2.03314269   0.10372107   3.44060522   1.00782500  -0.00041132   0.00038031  -0.00022735
 H   1.0  -1.43080237  -0.02480935   3.50130788   1.00782500  -0.00303011   0.00033832  -0.00300892
 H   1.0  -1.58713560   0.06715836  -1.10389954   1.00782500   0.00021387   0.00064267  -0.00323185
States
Ekin        0.039043757177 a.u.
Epot_harm   0.069537193505 a.u.
Epot        0.069537193505 a.u.
Etot_harm   0.108580950682 a.u.
Etot        0.108580950682 a.u.


Index     773
Atoms
 C   6.0   0.01492002  -0.00052321   0.10934644  12.00000000  -0.00016704   0.00000726  -0.00000018
 N   7.0  -0.02880188   0.00935898   2.45677251  14.00307400  -0.00003130   0.00017195   0.00024787
 H   1.0   1.84232637  -0.10467913  -1.33099912   1.00782500   0.00050476  -0.00029482  -0.00043314
 H   1.0   1.70887087   0.05091835   3.52900474   1.00782500   0.00042014  -0.00089883  -0.00092882
 H   1.0  -1.58494419  -0.15003970   3.46167368   1.00782500   0.00057416  -0.00085249  -0.00292062
 H   1.0  -1.74371974   0.07999330  -0.90174324   1.00782500   0.00092472  -0.00042950   0.00084072
States
Ekin        0.014079200916 a.u.
Epot_harm   0.028668898087 a.u.
Epot        0.028668898087 a.u.
Etot_harm   0.042748099003 a.u.
Etot        0.042748099003 a.u.


Index     774
Atoms
 C   6.0  -0.02275170  -0.02372490   0.08670638  12.00000000   0.00026780  -0.00010575   0.00020998
 N   7.0   0.02347239   0.02515864   2.49450867  14.00307400   0.00002502   0.00020054  -0.00005171
 H   1.0   1.79985667   0.18229806  -1.15932344   1.00782500  -0.00216006   0.00072342   0.00022588
 H   1.0   1.67411416  -0.22579768   3.68824140   1.00782500  -0.00059019  -0.00166614  -0.00093631
 H   1.0  -1.66047794   0.02006169   3.22324775   1.00782500  -0.00038441  -0.00008415  -0.00016195
 H   1.0  -1.86872581  -0.04363677  -1.24897784   1.00782500  -0.00040153  -0.00050042  -0.00090930
States
Ekin        0.011760173536 a.u.
Epot_harm   0.035600385202 a.u.
Epot        0.035600385202 a.u.
Etot_harm   0.047360558738 a.u.
Etot        0.047360558738 a.u.


Index     775
Atoms
 C   6.0   0.06295760  -0.02145038   0.04818829  12.00000000   0.00000365   0.00038865   0.00013407
 N   7.0  -0.02691962   0.00071131   2.47593294  14.00307400   0.00024783  -0.00016812  -0.00003513
 H   1.0   1.34045811   0.02160133  -1.18964732   1.00782500  -0.00097474  -0.00179898   0.00144064
 H   1.0   1.50679780   0.10784502   3.61635573   1.00782500  -0.00096497   0.00035154  -0.00154236
 H   1.0  -1.54070198  -0.05712659   3.38911462   1.00782500  -0.00139511   0.00026688   0.00103425
 H   1.0  -1.68214875   0.17320295  -0.59590904   1.00782500  -0.00015209  -0.00111115  -0.00204082
States
Ekin        0.019836506475 a.u.
Epot_harm   0.041642993197 a.u.
Epot        0.041642993197 a.u.
Etot_harm   0.061479499672 a.u.
Etot        0.061479499672 a.u.


Index     776
Atoms
 C   6.0  -0.03658939  -0.00084449   0.02343709  12.00000000   0.00047679  -0.00023886  -0.00078965
 N   7.0   0.04399011  -0.02007453   2.55574620  14.00307400  -0.00067920   0.00020313   0.00023121
 H   1.0   1.90159682  -0.01982632  -0.98394245   1.00782500  -0.00239967   0.00012022   0.00128737
 H   1.0   1.55086935   0.16919461   3.45557972   1.00782500   0.00482508   0.00022537   0.00210306
 H   1.0  -1.71995948   0.04876736   3.20249327   1.00782500   0.00170867  -0.00172700   0.00075301
 H   1.0  -1.90805706   0.09084210  -1.26846182   1.00782500  -0.00037412   0.00140314   0.00204620
States
Ekin        0.061170084869 a.u.
Epot_harm   0.039186779036 a.u.
Epot        0.039186779036 a.u.
Etot_harm   0.100356863905 a.u.
Etot        0.100356863905 a.u.


Index     777
Atoms
 C   6.0   0.06085272  -0.01525632   0.10156738  12.00000000   0.00002915  -0.00011050   0.00066844
 N   7.0  -0.00537890   0.07430201   2.42136758  14.00307400   0.00020228  -0.00013991  -0.00023141
 H   1.0   1.61250557  -0.01967033  -1.22028530   1.00782500  -0.00169932   0.00178566   0.00035319
 H   1.0   1.33764571  -0.40810199   3.76477465   1.00782500  -0.00320243  -0.00001246  -0.00155098
 H   1.0  -1.55107594  -0.34863045   3.58752549   1.00782500   0.00228629   0.00210082  -0.00155423
 H   1.0  -2.04890184  -0.07432108  -0.78952636   1.00782500  -0.00054212  -0.00061429  -0.00199158
States
Ekin        0.039272001950 a.u.
Epot_harm   0.042722129821 a.u.
Epot        0.042722129821 a.u.
Etot_harm   0.081994131771 a.u.
Etot        0.081994131771 a.u.


Index     778
Atoms
 C   6.0   0.00700622   0.00944212   0.08183491  12.00000000   0.00070209   0.00014301   0.00026924
 N   7.0  -0.00165038  -0.06233021   2.44058236  14.00307400  -0.00037481  -0.00005850  -0.00003167
 H   1.0   1.78824188   0.16217399  -0.98940600   1.00782500  -0.00034884   0.00020056  -0.00036228
 H   1.0   1.36729128   0.20516588   3.51890104   1.00782500   0.00272697  -0.00042750  -0.00042758
 H   1.0  -1.46326831   0.43877028   3.66098762   1.00782500  -0.00006951   0.00073523   0.00073300
 H   1.0  -1.75275582  -0.05249804  -0.88001992   1.00782500  -0.00546054  -0.00139826  -0.00270889
States
Ekin        0.052688362634 a.u.
Epot_harm   0.023498934002 a.u.
Epot        0.023498934002 a.u.
Etot_harm   0.076187296635 a.u.
Etot        0.076187296635 a.u.


Index     779
Atoms
 C   6.0  -0.00110365   0.03425325   0.03751370  12.00000000   0.00040025  -0.00021068  -0.00005898
 N   7.0   0.04235476  -0.04287517   2.51503842  14.00307400  -0.00026026   0.00035267   0.00002251
 H   1.0   1.58258526  -0.26090495  -0.95230713   1.00782500   0.00007753   0.00055251  -0.00022437
 H   1.0   1.66868426   0.36993482   3.42322119   1.00782500  -0.00246410  -0.00216774  -0.00051221
 H   1.0  -2.06745449  -0.00251076   3.38438998   1.00782500   0.00340661  -0.00119366   0.00141732
 H   1.0  -1.75916603   0.08135595  -1.05163475   1.00782500  -0.00216971   0.00041736  -0.00029120
States
Ekin        0.033736044376 a.u.
Epot_harm   0.052942199439 a.u.
Epot        0.052942199439 a.u.
Etot_harm   0.086678243815 a.u.
Etot        0.086678243815 a.u.


Index     780
Atoms
 C   6.0   0.05099360  -0.01069278   0.07684940  12.00000000   0.00049412  -0.00001631  -0.00007177
 N   7.0  -0.01587820   0.02159762   2.45902144  14.00307400  -0.00053200  -0.00017890  -0.00012922
 H   1.0   1.66822361  -0.16845614  -1.09399895   1.00782500   0.00200071  -0.00080072   0.00094021
 H   1.0   1.43177649   0.09825759   3.42578105   1.00782500   0.00260296   0.00169687   0.00164076
 H   1.0  -1.56896943  -0.30119347   3.69099523   1.00782500   0.00252022   0.00033939  -0.00102955
 H   1.0  -1.91758552   0.19862417  -0.90915203   1.00782500  -0.00561552   0.00144427   0.00109850
States
Ekin        0.062549133151 a.u.
Epot_harm   0.025495858804 a.u.
Epot        0.025495858804 a.u.
Etot_harm   0.088044991955 a.u.
Etot        0.088044991955 a.u.


Index     781
Atoms
 C   6.0  -0.02871161  -0.00209073  -0.05151550  12.00000000  -0.00003241   0.00011607  -0.00025433
 N   7.0   0.01174691   0.02161384   2.55012481  14.00307400  -0.00022238  -0.00003162   0.00056251
 H   1.0   1.85708439   0.05992640  -0.89526518   1.00782500  -0.00024503  -0.00066960   0.00090964
 H   1.0   1.64335792  -0.20507548   3.64769350   1.00782500  -0.00123300   0.00026184  -0.00201501
 H   1.0  -1.64025428  -0.02143798   3.66180635   1.00782500   0.00468362   0.00001948  -0.00038555
 H   1.0  -1.68153943  -0.10882920  -1.03801268   1.00782500   0.00027015  -0.00055448  -0.00329659
States
Ekin        0.042610331438 a.u.
Epot_harm   0.022794826867 a.u.
Epot        0.022794826867 a.u.
Etot_harm   0.065405158306 a.u.
Etot        0.065405158306 a.u.


Index     782
Atoms
 C   6.0  -0.01225908  -0.07117818   0.07889144  12.00000000  -0.00014488  -0.00029464   0.00004066
 N   7.0   0.04380843  -0.00513402   2.42215872  14.00307400  -0.00025878   0.00003987   0.00019089
 H   1.0   1.87678675   0.30455418  -0.88592825   1.00782500   0.00180649   0.00148802  -0.00166300
 H   1.0   1.45489635   0.15755154   3.98878530   1.00782500  -0.00103805   0.00059819  -0.00293279
 H   1.0  -1.67905193   0.09125764   3.20083272   1.00782500   0.00204532  -0.00060503   0.00129466
 H   1.0  -2.11535413   0.36547700  -0.70219512   1.00782500   0.00250696   0.00147312   0.00016468
States
Ekin        0.033213553621 a.u.
Epot_harm   0.046314321979 a.u.
Epot        0.046314321979 a.u.
Etot_harm   0.079527875600 a.u.
Etot        0.079527875600 a.u.


Index     783
Atoms
 C   6.0   0.01994836   0.02483702   0.10120767  12.00000000   0.00008415  -0.00006561   0.00026974
 N   7.0   0.01784107  -0.01977400   2.48439716  14.00307400   0.00004130  -0.00023513   0.00055874
 H   1.0   1.56865360  -0.18955596  -1.28898882   1.00782500  -0.00005386   0.00050979  -0.00210329
 H   1.0   1.68955158   0.18846864   3.51728826   1.00782500  -0.00076353   0.00163363  -0.00467428
 H   1.0  -1.94907496  -0.04360578   3.27032813   1.00782500  -0.00056761   0.00109794  -0.00460868
 H   1.0  -1.79454196   0.02370976  -1.02761123   1.00782500  -0.00019076   0.00080683   0.00041111
States
Ekin        0.054738238162 a.u.
Epot_harm   0.028160612685 a.u.
Epot        0.028160612685 a.u.
Etot_harm   0.082898850847 a.u.
Etot        0.082898850847 a.u.


Index     784
Atoms
 C   6.0  -0.06091792  -0.00488220   0.07258268  12.00000000  -0.00032579   0.00038482   0.00026363
 N   7.0   0.05373158   0.00942791   2.45320616  14.00307400   0.00015501  -0.00043661  -0.00042803
 H   1.0   1.75836434  -0.16753873  -0.94005614   1.00782500   0.00235363   0.00035685   0.00081564
 H   1.0   1.39487927   0.14654952   3.71067526   1.00782500  -0.00267891   0.00044476  -0.00010163
 H   1.0  -1.69312799  -0.23455252   3.60142137   1.00782500   0.00144602   0.00286891   0.00143542
 H   1.0  -1.48134175   0.18267854  -1.12681257   1.00782500   0.00060462  -0.00218610   0.00065884
States
Ekin        0.037777823402 a.u.
Epot_harm   0.036312168598 a.u.
Epot        0.036312168598 a.u.
Etot_harm   0.074089992000 a.u.
Etot        0.074089992000 a.u.


Index     785
Atoms
 C   6.0   0.01074220  -0.03267863   0.10566751  12.00000000   0.00011395  -0.00020895   0.00024476
 N   7.0  -0.00059229  -0.01251277   2.44328915  14.00307400  -0.00045028   0.00016246  -0.00038154
 H   1.0   1.84472647   0.21430899  -1.10585547   1.00782500  -0.00101168   0.00097266  -0.00186637
 H   1.0   1.46831814   0.06324386   3.65820314   1.00782500  -0.00039942  -0.00065784   0.00196280
 H   1.0  -1.46358674   0.16009200   3.09487781   1.00782500   0.00393737  -0.00048794   0.00034696
 H   1.0  -1.96913394   0.12531088  -0.65814262   1.00782500   0.00237330   0.00040379   0.00194354
States
Ekin        0.038557280895 a.u.
Epot_harm   0.044097463019 a.u.
Epot        0.044097463019 a.u.
Etot_harm   0.082654743914 a.u.
Etot        0.082654743914 a.u.


Index     786
Atoms
 C   6.0  -0.01624737   0.01553237   0.05840521  12.00000000  -0.00042205  -0.00009667   0.00009566
 N   7.0   0.02785208   0.01381928   2.51259620  14.00307400   0.00004321  -0.00008673   0.00012195
 H   1.0   1.66998186  -0.08474585  -1.08116318   1.00782500   0.00328067   0.00021940  -0.00349529
 H   1.0   1.63967972  -0.10446725   3.48549523   1.00782500  -0.00102875   0.00086316   0.00132447
 H   1.0  -1.81344856  -0.08625417   3.31490919   1.00782500   0.00131733   0.00045655   0.00000995
 H   1.0  -1.68974496  -0.10148387  -1.13039063   1.00782500   0.00085569   0.00081696  -0.00067257
States
Ekin        0.030400761173 a.u.
Epot_harm   0.010980301032 a.u.
Epot        0.010980301032 a.u.
Etot_harm   0.041381062205 a.u.
Etot        0.041381062205 a.u.


Index     787
Atoms
 C   6.0  -0.02192370   0.03222053   0.02584619  12.00000000   0.00040269   0.00001660  -0.00031982
 N   7.0   0.00339156   0.00521338   2.48991000  14.00307400   0.00004391  -0.00012702   0.00022442
 H   1.0   1.68769294  -0.11479429  -0.98138554   1.00782500  -0.00116544   0.00012959   0.00001112
 H   1.0   1.52315216  -0.11689799   3.64462976   1.00782500  -0.00016359   0.00089177  -0.00090391
 H   1.0  -1.49030311  -0.02677163   3.51731612   1.00782500  -0.00214078   0.00039566   0.00179472
 H   1.0  -1.50662382  -0.19761701  -0.88882502   1.00782500  -0.00193510   0.00015021  -0.00021204
States
Ekin        0.017405766621 a.u.
Epot_harm   0.024736177137 a.u.
Epot        0.024736177137 a.u.
Etot_harm   0.042141943758 a.u.
Etot        0.042141943758 a.u.


Index     788
Atoms
 C   6.0  -0.00324870  -0.10947194   0.05818522  12.00000000   0.00020118  -0.00019807   0.00000298
 N   7.0  -0.00166999   0.04928578   2.48285993  14.00307400   0.00017531   0.00008366   0.00022628
 H   1.0   1.75757234   0.36715142  -1.08498889   1.00782500  -0.00108995  -0.00015824   0.00088548
 H   1.0   1.49421293  -0.05270078   3.31000107   1.00782500  -0.00158951   0.00019220  -0.00084536
 H   1.0  -1.67200996  -0.17894869   3.75352004   1.00782500   0.00018318  -0.00082724   0.00068106
 H   1.0  -1.51789022   0.48316781  -0.97389608   1.00782500  -0.00233495   0.00198922  -0.00390074
States
Ekin        0.030994593912 a.u.
Epot_harm   0.049953095156 a.u.
Epot        0.049953095156 a.u.
Etot_harm   0.080947689068 a.u.
Etot        0.080947689068 a.u.


Index     789
Atoms
 C   6.0   0.00609774  -0.01662923   0.02405937  12.00000000  -0.00029679   0.00009223   0.00010534
 N   7.0  -0.00323772  -0.00802510   2.49300707  14.00307400   0.00050984   0.00011235  -0.00024394
 H   1.0   1.81948453  -0.02596163  -0.85151092   1.00782500  -0.00198173  -0.00109343   0.00030906
 H   1.0   1.61976832   0.19085429   3.34598588   1.00782500  -0.00046021  -0.00001104   0.00166798
 H   1.0  -1.70321275  -0.05939676   3.63403368   1.00782500  -0.00344924  -0.00145949   0.00288071
 H   1.0  -1.76365881   0.20400901  -0.85852979   1.00782500   0.00234112  -0.00009521  -0.00272271
States
Ekin        0.045347952688 a.u.
Epot_harm   0.013171417099 a.u.
Epot        0.013171417099 a.u.
Etot_harm   0.058519369786 a.u.
Etot        0.058519369786 a.u.


Index     790
Atoms
 C   6.0  -0.00555599  -0.01746866   0.01712528  12.00000000   0.00008237  -0.00000422  -0.00010476
 N   7.0   0.04540515  -0.04245605   2.50181898  14.00307400   0.00051020  -0.00017686   0.00004437
 H   1.0   1.45916535   0.16127088  -0.79994635   1.00782500  -0.00266647   0.00058611   0.00082499
 H   1.0   1.45359635   0.23643024   3.58372092   1.00782500  -0.00517352   0.00017850  -0.00122149
 H   1.0  -1.79132989   0.26720916   3.64159947   1.00782500  -0.00082017   0.00168261   0.00075040
 H   1.0  -1.68615267   0.13298538  -1.19526795   1.00782500   0.00059054   0.00006043   0.00027698
States
Ekin        0.041729953432 a.u.
Epot_harm   0.057020946031 a.u.
Epot        0.057020946031 a.u.
Etot_harm   0.098750899462 a.u.
Etot        0.098750899462 a.u.


Index     791
Atoms
 C   6.0   0.01157067   0.09115644   0.08873251  12.00000000  -0.00014866   0.00002151  -0.00015839
 N   7.0   0.02423618   0.00559305   2.43744575  14.00307400   0.00034283  -0.00030373   0.00013762
 H   1.0   1.88141693  -0.24455860  -0.93905704   1.00782500  -0.00245718   0.00076145   0.00294996
 H   1.0   1.46057598  -0.35312321   3.68366410   1.00782500  -0.00074939   0.00136644  -0.00076352
 H   1.0  -1.68088233   0.04502998   3.24064358   1.00782500  -0.00068035   0.00164720  -0.00225738
 H   1.0  -2.13562663  -0.61044406  -0.71333534   1.00782500   0.00089347   0.00018888   0.00004468
States
Ekin        0.028690462306 a.u.
Epot_harm   0.047105781573 a.u.
Epot        0.047105781573 a.u.
Etot_harm   0.075796243879 a.u.
Etot        0.075796243879 a.u.


Index     792
Atoms
 C   6.0   0.01337820   0.00837161  -0.01186605  12.00000000  -0.00057246   0.00006975  -0.00001326
 N   7.0   0.02422189  -0.00067786   2.50249842  14.00307400   0.00046135   0.00007971   0.00050705
 H   1.0   1.72450359   0.11190034  -0.72967680   1.00782500   0.00237372  -0.00022204  -0.00197800
 H   1.0   1.43047140  -0.17019628   3.69805170   1.00782500  -0.00237685  -0.00081005  -0.00103887
 H   1.0  -1.59086181   0.15470252   3.38330033   1.00782500  -0.00059370  -0.00006921  -0.00093851
 H   1.0  -2.05995264  -0.18666750  -0.78581462   1.00782500   0.00100285  -0.00083676  -0.00293188
States
Ekin        0.035929387643 a.u.
Epot_harm   0.031089820439 a.u.
Epot        0.031089820439 a.u.
Etot_harm   0.067019208082 a.u.
Etot        0.067019208082 a.u.


Index     793
Atoms
 C   6.0  -0.01143567   0.01170655   0.02733007  12.00000000   0.00021281   0.00027043  -0.00009201
 N   7.0   0.02454186  -0.02425347   2.54335987  14.00307400   0.00023166  -0.00026108   0.00003009
 H   1.0   1.55641182  -0.14646984  -1.01354621   1.00782500   0.00105818   0.00002094   0.00091399
 H   1.0   1.65520829   0.25681450   3.46342951   1.00782500   0.00035740   0.00014150  -0.00042125
 H   1.0  -1.74571505  -0.02810476   3.36178645   1.00782500  -0.00370670   0.00186290   0.00063810
 H   1.0  -1.67073562   0.11535846  -1.28025402   1.00782500  -0.00346157  -0.00161775  -0.00045338
States
Ekin        0.034884460113 a.u.
Epot_harm   0.021706020879 a.u.
Epot        0.021706020879 a.u.
Etot_harm   0.056590480992 a.u.
Etot        0.056590480992 a.u.


Index     794
Atoms
 C   6.0  -0.05036876  -0.00925306   0.07704024  12.00000000   0.00013680   0.00008467   0.00024159
 N   7.0   0.03692850  -0.01550978   2.47450235  14.00307400  -0.00011481  -0.00008982  -0.00056866
 H   1.0   1.86892600   0.14046244  -0.87096633   1.00782500   0.00013687  -0.00017362  -0.00006673
 H   1.0   1.53619537   0.01589003   3.48745633   1.00782500   0.00100623   0.00032230   0.00203525
 H   1.0  -1.66802417   0.17590897   3.33263721   1.00782500  -0.00075891   0.00054102   0.00242651
 H   1.0  -1.65046253  -0.00658849  -1.05287139   1.00782500  -0.00041776  -0.00044994   0.00062956
States
Ekin        0.017133041849 a.u.
Epot_harm   0.011916013948 a.u.
Epot        0.011916013948 a.u.
Etot_harm   0.029049055797 a.u.
Etot        0.029049055797 a.u.


Index     795
Atoms
 C   6.0   0.02489765   0.02548537   0.05873168  12.00000000   0.00036214   0.00010931   0.00027720
 N   7.0  -0.01188007   0.01198090   2.52888209  14.00307400  -0.00010975  -0.00012965   0.00011158
 H   1.0   1.63685614  -0.17594595  -1.40959969   1.00782500  -0.00128846  -0.00102354  -0.00118911
 H   1.0   1.50500836  -0.05548376   3.36908353   1.00782500  -0.00250146   0.00141169  -0.00329906
 H   1.0  -1.61758944  -0.14256627   3.39918229   1.00782500   0.00113669  -0.00025344   0.00078710
 H   1.0  -1.65566125  -0.09592084  -0.99998467   1.00782500  -0.00013375   0.00036520  -0.00114992
States
Ekin        0.027470714007 a.u.
Epot_harm   0.025425320232 a.u.
Epot        0.025425320232 a.u.
Etot_harm   0.052896034239 a.u.
Etot        0.052896034239 a.u.


Index     796
Atoms
 C   6.0  -0.02015600  -0.03233484   0.01346693  12.00000000   0.00017651   0.00018620   0.00021592
 N   7.0  -0.00301068   0.00451199   2.50072499  14.00307400  -0.00025017  -0.00009466  -0.00034230
 H   1.0   1.95981131   0.06171349  -0.84746426   1.00782500   0.00063184  -0.00106025  -0.00026556
 H   1.0   1.53041033   0.10647064   3.62716932   1.00782500  -0.00023462   0.00068115  -0.00060868
 H   1.0  -1.34608997  -0.06697103   3.32772231   1.00782500   0.00105046  -0.00010451   0.00134066
 H   1.0  -1.86230614   0.22110108  -0.81856162   1.00782500  -0.00007336  -0.00041819   0.00171875
States
Ekin        0.011479006648 a.u.
Epot_harm   0.038913139937 a.u.
Epot        0.038913139937 a.u.
Etot_harm   0.050392146585 a.u.
Etot        0.050392146585 a.u.


Index     797
Atoms
 C   6.0  -0.00494109   0.00208755   0.05508238  12.00000000  -0.00008772   0.00005254  -0.00024311
 N   7.0  -0.00583315  -0.04391824   2.45656047  14.00307400   0.00043849  -0.00024792  -0.00022673
 H   1.0   1.84492035   0.09596578  -0.84753999   1.00782500  -0.00103084  -0.00025642   0.00198864
 H   1.0   1.49224532   0.19350733   3.41162213   1.00782500   0.00100371   0.00127833   0.00243069
 H   1.0  -1.51999771   0.27263489   3.60296304   1.00782500  -0.00413429   0.00152513   0.00243767
 H   1.0  -1.67728744   0.02325130  -0.76005011   1.00782500  -0.00088671   0.00027203  -0.00081199
States
Ekin        0.042054546016 a.u.
Epot_harm   0.016873614605 a.u.
Epot        0.016873614605 a.u.
Etot_harm   0.058928160622 a.u.
Etot        0.058928160622 a.u.


Index     798
Atoms
 C   6.0  -0.01263134  -0.00635536   0.04711746  12.00000000  -0.00028588  -0.00004331   0.00014515
 N   7.0   0.04166436  -0.02760878   2.49447331  14.00307400   0.00034758   0.00025335  -0.00006792
 H   1.0   1.91649804   0.17969411  -1.14442634   1.00782500   0.00292987  -0.00070864  -0.00197871
 H   1.0   1.47952729   0.04050864   3.55093508   1.00782500  -0.00144284  -0.00109121  -0.00005837
 H   1.0  -1.96010511   0.27338884   3.44385704   1.00782500  -0.00282832  -0.00166524  -0.00019268
 H   1.0  -1.86442016  -0.03431339  -0.87530812   1.00782500  -0.00008427   0.00046057   0.00144520
States
Ekin        0.030678399294 a.u.
Epot_harm   0.044473514803 a.u.
Epot        0.044473514803 a.u.
Etot_harm   0.075151914097 a.u.
Etot        0.075151914097 a.u.


Index     799
Atoms
 C   6.0  -0.02809983  -0.01111401   0.07729392  12.00000000   0.00012114  -0.00001706  -0.00020865
 N   7.0   0.01512409  -0.01706350   2.49530739  14.00307400   0.00015885   0.00003253   0.00039240
 H   1.0   1.94708581   0.09174091  -0.95229229   1.00782500   0.00109703   0.00023156   0.00048129
 H   1.0   1.60376154   0.09175080   3.17385013   1.00782500   0.00053735  -0.00052233  -0.00344053
 H   1.0  -1.74460684   0.12180272   3.44623027   1.00782500  -0.00363777   0.00012371   0.00146531
 H   1.0  -1.68180014   0.06412436  -1.06362539   1.00782500  -0.00164614  -0.00008178  -0.00147393
States
Ekin        0.034354016049 a.u.
Epot_harm   0.026749474929 a.u.
Epot        0.026749474929 a.u.
Etot_harm   0.061103490978 a.u.
Etot        0.061103490978 a.u.


Index     800
Atoms
 C   6.0  -0.02143330   0.03910154   0.12547968  12.00000000  -0.00018762  -0.00018601   0.00015065
 N   7.0   0.02658786  -0.00195238   2.42684618  14.00307400   0.00022903   0.00013880  -0.00030895
 H   1.0   1.59452070  -0.25860832  -1.04495117   1.00782500   0.00200517   0.00129686  -0.00014143
 H   1.0   1.68167989   0.04662375   3.79077027   1.00782500  -0.00101766  -0.00125679  -0.00093448
 H   1.0  -1.72275560  -0.13203102   3.32449525   1.00782500  -0.00263305   0.00037220   0.00203328
 H   1.0  -1.66766348  -0.09443276  -1.08866721   1.00782500   0.00069727  -0.00012597   0.00154149
States
Ekin        0.024548466308 a.u.
Epot_harm   0.030607647430 a.u.
Epot        0.030607647430 a.u.
Etot_harm   0.055156113738 a.u.
Etot        0.055156113738 a.u.


Index     801
Atoms
 C   6.0  -0.04469850  -0.02835590   0.10289583  12.00000000  -0.00007464  -0.00046233   0.00048208
 N   7.0   0.00207740   0.00554503   2.49346999  14.00307400  -0.00021234   0.00024577  -0.00041609
 H   1.0   1.73883999   0.17434049  -0.96165871   1.00782500   0.00068769   0.00085185  -0.00047155
 H   1.0   1.91153077  -0.04870708   3.35926991   1.00782500   0.00186977   0.00001731   0.00235993
 H   1.0  -1.63738318   0.06628306   3.02546783   1.00782500   0.00234473  -0.00154251  -0.00173871
 H   1.0  -1.50963434   0.06866772  -1.09822426   1.00782500  -0.00106311   0.00276348  -0.00010844
States
Ekin        0.036310352850 a.u.
Epot_harm   0.048133845924 a.u.
Epot        0.048133845924 a.u.
Etot_harm   0.084444198774 a.u.
Etot        0.084444198774 a.u.


Index     802
Atoms
 C   6.0  -0.05047783  -0.01186351   0.06293274  12.00000000   0.00015276  -0.00002592  -0.00008481
 N   7.0   0.01338955   0.02475073   2.50270978  14.00307400  -0.00004045   0.00026389   0.00038684
 H   1.0   1.87835534  -0.00403443  -0.75307182   1.00782500   0.00262536  -0.00028164  -0.00199785
 H   1.0   1.74210623  -0.09556252   3.24569303   1.00782500  -0.00217397  -0.00134103  -0.00164553
 H   1.0  -1.61870893  -0.13806321   3.44843121   1.00782500   0.00059055  -0.00149367   0.00065438
 H   1.0  -1.58676080   0.03502155  -1.26874487   1.00782500  -0.00229885  -0.00024149  -0.00137612
States
Ekin        0.031199368066 a.u.
Epot_harm   0.012565388595 a.u.
Epot        0.012565388595 a.u.
Etot_harm   0.043764756661 a.u.
Etot        0.043764756661 a.u.


Index     803
Atoms
 C   6.0   0.01584580   0.03924051   0.02902838  12.00000000   0.00019656  -0.00001006  -0.00008754
 N   7.0  -0.02185528   0.02071750   2.52835139  14.00307400  -0.00015629   0.00006221  -0.00035074
 H   1.0   1.78530143  -0.27368751  -1.15632685   1.00782500  -0.00276601   0.00089704   0.00157723
 H   1.0   1.62005120  -0.09849348   3.55344724   1.00782500   0.00002268  -0.00126530  -0.00007496
 H   1.0  -1.39998865  -0.23083910   3.52179895   1.00782500   0.00019418   0.00030989   0.00253721
 H   1.0  -1.89037226  -0.15206626  -1.19919193   1.00782500   0.00238035  -0.00068620   0.00187613
States
Ekin        0.028914837239 a.u.
Epot_harm   0.035725771080 a.u.
Epot        0.035725771080 a.u.
Etot_harm   0.064640608319 a.u.
Etot        0.064640608319 a.u.


Index     804
Atoms
 C   6.0  -0.00081916  -0.00703879   0.00725996  12.00000000   0.00030840  -0.00000763   0.00088879
 N   7.0  -0.00046925   0.03722540   2.51717215  14.00307400   0.00021354   0.00012963  -0.00064369
 H   1.0   1.66684541   0.09555667  -0.92202408   1.00782500  -0.00338817   0.00020512   0.00029180
 H   1.0   1.40133556  -0.32301172   3.54245756   1.00782500  -0.00254282  -0.00093094  -0.00226501
 H   1.0  -1.35180524  -0.05775758   3.54894372   1.00782500  -0.00127432  -0.00039794  -0.00068065
 H   1.0  -1.70010216  -0.14820041  -1.03512860   1.00782500   0.00056622  -0.00058654   0.00101485
States
Ekin        0.041526702037 a.u.
Epot_harm   0.031656458382 a.u.
Epot        0.031656458382 a.u.
Etot_harm   0.073183160419 a.u.
Etot        0.073183160419 a.u.


Index     805
Atoms
 C   6.0  -0.04975787  -0.03807554   0.10062940  12.00000000   0.00031272  -0.00005555  -0.00030712
 N   7.0   0.00555233   0.01243797   2.42710184  14.00307400   0.00039240   0.00006882   0.00015323
 H   1.0   1.91930601   0.17828612  -0.99859455   1.00782500  -0.00272716   0.00059291   0.00044866
 H   1.0   1.71199441  -0.04004377   3.85217467   1.00782500  -0.00410873  -0.00098396  -0.00037159
 H   1.0  -1.47782170   0.01001174   3.46396587   1.00782500  -0.00103390   0.00055380   0.00151309
 H   1.0  -1.63816634   0.13228732  -1.04356290   1.00782500  -0.00130593  -0.00045758  -0.00006245
States
Ekin        0.033537292924 a.u.
Epot_harm   0.049661685967 a.u.
Epot        0.049661685967 a.u.
Etot_harm   0.083198978890 a.u.
Etot        0.083198978890 a.u.


Index     806
Atoms
 C   6.0   0.01083780   0.01401349   0.04667880  12.00000000  -0.00015156  -0.00010168  -0.00033488
 N   7.0  -0.02349418   0.00573923   2.49583761  14.00307400  -0.00003850  -0.00013199   0.00017921
 H   1.0   1.88149929  -0.09931728  -1.28666706   1.00782500   0.00276269  -0.00013756   0.00020471
 H   1.0   1.53118449  -0.02169809   3.65155536   1.00782500  -0.00159958   0.00169620  -0.00138930
 H   1.0  -1.39967134  -0.07808546   3.64922283   1.00782500   0.00113493  -0.00007053  -0.00000936
 H   1.0  -1.81561984  -0.04749835  -1.05278651   1.00782500   0.00004156   0.00155646   0.00269135
States
Ekin        0.026155827357 a.u.
Epot_harm   0.029639407235 a.u.
Epot        0.029639407235 a.u.
Etot_harm   0.055795234592 a.u.
Etot        0.055795234592 a.u.


Index     807
Atoms
 C   6.0   0.02540542   0.00512337   0.00769122  12.00000000   0.00015280  -0.00003635  -0.00040493
 N   7.0  -0.01898474   0.01582023   2.52770076  14.00307400  -0.00037412   0.00012068   0.00019276
 H   1.0   1.71489454  -0.15633012  -1.20066690   1.00782500   0.00069015   0.00008794  -0.00002499
 H   1.0   1.77364522   0.02543588   3.57479781   1.00782500   0.00255051  -0.00079800   0.00095025
 H   1.0  -1.73488343  -0.20933420   3.46351703   1.00782500   0.00097699  -0.00034995  -0.00038580
 H   1.0  -1.79237370   0.05941347  -0.85482262   1.00782500  -0.00083876  -0.00018394   0.00160368
States
Ekin        0.016517966401 a.u.
Epot_harm   0.018321870480 a.u.
Epot        0.018321870480 a.u.
Etot_harm   0.034839836880 a.u.
Etot        0.034839836880 a.u.


Index     808
Atoms
 C   6.0  -0.00047605  -0.01757527   0.01711469  12.00000000   0.00030225  -0.00033510   0.00064430
 N   7.0   0.00167876   0.03762807   2.48374526  14.00307400  -0.00046358   0.00017550  -0.00070259
 H   1.0   1.82928314   0.21763242  -0.86594012   1.00782500  -0.00047834   0.00126810   0.00098202
 H   1.0   1.60858275  -0.39171049   3.76719471   1.00782500   0.00372987  -0.00100959  -0.00054008
 H   1.0  -1.51174571   0.03528217   3.35753106   1.00782500  -0.00008772  -0.00001622   0.00180778
 H   1.0  -1.94377717  -0.17475588  -0.77743081   1.00782500  -0.00032158   0.00130917  -0.00015931
States
Ekin        0.037698911542 a.u.
Epot_harm   0.026275399299 a.u.
Epot        0.026275399299 a.u.
Etot_harm   0.063974310841 a.u.
Etot        0.063974310841 a.u.


Index     809
Atoms
 C   6.0  -0.00886874   0.00379685   0.09184145  12.00000000   0.00038213  -0.00040113   0.00038425
 N   7.0   0.00425339  -0.04310567   2.46971773  14.00307400  -0.00047680   0.00027865  -0.00022672
 H   1.0   1.60109830   0.03615545  -0.92695834   1.00782500   0.00008190   0.00150325   0.00071427
 H   1.0   1.57882718   0.24196624   3.38869121   1.00782500   0.00236624  -0.00072833  -0.00176656
 H   1.0  -1.54220482   0.21079565   3.51900206   1.00782500   0.00137091  -0.00113360   0.00025252
 H   1.0  -1.59122022   0.06479950  -1.19423546   1.00782500  -0.00174410   0.00126313  -0.00062525
States
Ekin        0.028252931755 a.u.
Epot_harm   0.013286662546 a.u.
Epot        0.013286662546 a.u.
Etot_harm   0.041539594301 a.u.
Etot        0.041539594301 a.u.


Index     810
Atoms
 C   6.0  -0.02496690  -0.03120147   0.00927740  12.00000000  -0.00002503   0.00007141  -0.00002290
 N   7.0   0.02524681   0.03878405   2.48800220  14.00307400   0.00034130   0.00001942  -0.00019677
 H   1.0   2.07130586   0.16634671  -0.79795331   1.00782500  -0.00025448   0.00018691   0.00240854
 H   1.0   1.47501178  -0.25745217   3.61875536   1.00782500  -0.00194489  -0.00068258  -0.00070963
 H   1.0  -1.63395743  -0.07432294   3.45074771   1.00782500  -0.00110925   0.00042841   0.00205447
 H   1.0  -1.96587164  -0.00194019  -0.75602509   1.00782500  -0.00113540  -0.00105296  -0.00074685
States
Ekin        0.019773821245 a.u.
Epot_harm   0.026566636370 a.u.
Epot        0.026566636370 a.u.
Etot_harm   0.046340457615 a.u.
Etot        0.046340457615 a.u.


Index     811
Atoms
 C   6.0   0.02398978  -0.00380478   0.03405289  12.00000000   0.00063151  -0.00022358   0.00015822
 N   7.0  -0.00074631   0.00956113   2.46521545  14.00307400  -0.00003668   0.00029980   0.00005166
 H   1.0   1.67626065   0.02569323  -0.72390056   1.00782500  -0.00253999   0.00109553  -0.00112640
 H   1.0   1.55949011  -0.07151820   3.62026378   1.00782500   0.00038520  -0.00186351  -0.00062461
 H   1.0  -1.52115267  -0.02084717   3.45682377   1.00782500  -0.00191608  -0.00075030  -0.00185126
 H   1.0  -1.98987076  -0.02087068  -0.81605268   1.00782500  -0.00293878   0.00001486   0.00100057
States
Ekin        0.034160487335 a.u.
Epot_harm   0.021954229434 a.u.
Epot        0.021954229434 a.u.
Etot_harm   0.056114716769 a.u.
Etot        0.056114716769 a.u.


Index     812
Atoms
 C   6.0  -0.00311192  -0.02126304   0.02401742  12.00000000   0.00018071   0.00010512   0.00081102
 N   7.0  -0.02069864  -0.01285688   2.51490595  14.00307400  -0.00011233   0.00008195  -0.00036810
 H   1.0   1.91223212   0.12865129  -0.98108420   1.00782500   0.00078843   0.00011513  -0.00279687
 H   1.0   1.60442480   0.08630838   3.48555138   1.00782500   0.00044234  -0.00142778   0.00063866
 H   1.0  -1.35602154   0.10966517   3.50791538   1.00782500   0.00032063   0.00008109   0.00027403
 H   1.0  -1.83598807   0.10718857  -1.04617487   1.00782500  -0.00214230  -0.00115876  -0.00265805
States
Ekin        0.031966147955 a.u.
Epot_harm   0.024773283507 a.u.
Epot        0.024773283507 a.u.
Etot_harm   0.056739431461 a.u.
Etot        0.056739431461 a.u.


Index     813
Atoms
 C   6.0  -0.02978605  -0.01260102   0.00254437  12.00000000  -0.00032567  -0.00009337   0.00049163
 N   7.0  -0.02471908   0.00024652   2.52549252  14.00307400   0.00010648  -0.00018049  -0.00042052
 H   1.0   1.93820089   0.06063693  -0.75623608   1.00782500   0.00316030   0.00077321   0.00007284
 H   1.0   1.87132071   0.01239213   3.30931008   1.00782500  -0.00066791   0.00088039   0.00018382
 H   1.0  -1.50947407   0.01924247   3.39936325   1.00782500   0.00035467   0.00133501  -0.00170895
 H   1.0  -1.60193456   0.05434142  -0.87764715   1.00782500  -0.00044879   0.00063097   0.00144144
States
Ekin        0.024522273858 a.u.
Epot_harm   0.034123277483 a.u.
Epot        0.034123277483 a.u.
Etot_harm   0.058645551341 a.u.
Etot        0.058645551341 a.u.


Index     814
Atoms
 C   6.0   0.01883210   0.00562722   0.02206524  12.00000000  -0.00028848   0.00004504  -0.00044042
 N   7.0  -0.02619145  -0.00665392   2.50909330  14.00307400   0.00001914  -0.00009617   0.00058253
 H   1.0   1.82133135  -0.12682610  -0.99933330   1.00782500   0.00249099  -0.00068296   0.00037386
 H   1.0   1.84446470   0.14938063   3.48670889   1.00782500  -0.00169981   0.00085897  -0.00162459
 H   1.0  -1.64807977  -0.09320625   3.60855178   1.00782500   0.00224006  -0.00000217  -0.00112858
 H   1.0  -1.87803367   0.09610131  -1.02571243   1.00782500   0.00013775   0.00062609  -0.00047062
States
Ekin        0.025958739020 a.u.
Epot_harm   0.021024450348 a.u.
Epot        0.021024450348 a.u.
Etot_harm   0.046983189368 a.u.
Etot        0.046983189368 a.u.


Index     815
Atoms
 C   6.0  -0.03605347   0.05569328   0.06340312  12.00000000  -0.00007433   0.00006858   0.00017946
 N   7.0   0.02635607  -0.02661309   2.50129880  14.00307400   0.00019223   0.00006235  -0.00071549
 H   1.0   1.62966754  -0.35302422  -1.02784474   1.00782500   0.00066701  -0.00035853   0.00145869
 H   1.0   1.50260051   0.21861673   3.37026698   1.00782500   0.00101426  -0.00041671   0.00439346
 H   1.0  -1.68314768  -0.08423073   3.52950460   1.00782500  -0.00170484  -0.00033761   0.00169693
 H   1.0  -1.38603833  -0.07472055  -1.18561549   1.00782500  -0.00176233  -0.00057005   0.00025537
States
Ekin        0.037495536260 a.u.
Epot_harm   0.038001701471 a.u.
Epot        0.038001701471 a.u.
Etot_harm   0.075497237731 a.u.
Etot        0.075497237731 a.u.


Index     816
Atoms
 C   6.0  -0.05535865  -0.00584183   0.04830021  12.00000000  -0.00027753  -0.00001233  -0.00015745
 N   7.0   0.00387735  -0.04085947   2.49229117  14.00307400   0.00021771   0.00005610   0.00026568
 H   1.0   1.85457079   0.05907613  -0.70980522   1.00782500   0.00023284  -0.00042145   0.00036992
 H   1.0   1.79086676   0.26239448   3.48635923   1.00782500   0.00172684   0.00018265   0.00199020
 H   1.0  -1.45985679   0.19245964   3.50069704   1.00782500  -0.00094808  -0.00074234  -0.00093029
 H   1.0  -1.58030809   0.12334322  -1.28595681   1.00782500  -0.00073206   0.00034851  -0.00324658
States
Ekin        0.021826420597 a.u.
Epot_harm   0.020786057034 a.u.
Epot        0.020786057034 a.u.
Etot_harm   0.042612477631 a.u.
Etot        0.042612477631 a.u.


Index     817
Atoms
 C   6.0   0.01432284  -0.01415123   0.03552973  12.00000000   0.00010556  -0.00015647   0.00066725
 N   7.0  -0.02367213  -0.01811786   2.47064857  14.00307400  -0.00019498   0.00006377  -0.00044150
 H   1.0   1.68658795   0.07680902  -1.03177115   1.00782500   0.00013209   0.00045635  -0.00347754
 H   1.0   1.63781823   0.13478329   3.47676566   1.00782500   0.00095450   0.00008506  -0.00006347
 H   1.0  -1.62716961   0.09836081   3.90982545   1.00782500  -0.00097223  -0.00034278   0.00127550
 H   1.0  -1.53886731   0.11027905  -0.91075979   1.00782500   0.00133782   0.00077830   0.00045508
States
Ekin        0.025321737683 a.u.
Epot_harm   0.031085159077 a.u.
Epot        0.031085159077 a.u.
Etot_harm   0.056406896760 a.u.
Etot        0.056406896760 a.u.


Index     818
Atoms
 C   6.0  -0.01671835   0.00079224  -0.01663119  12.00000000   0.00023581  -0.00006743   0.00033474
 N   7.0   0.00876494   0.01605428   2.51886342  14.00307400  -0.00043350   0.00015328   0.00005157
 H   1.0   1.84338225  -0.12448726  -1.02512656   1.00782500  -0.00107586  -0.00002644  -0.00115964
 H   1.0   1.49754618   0.01666520   3.65108877   1.00782500   0.00172938  -0.00082483  -0.00044185
 H   1.0  -1.60868312  -0.19129424   3.46524964   1.00782500   0.00283724  -0.00060124  -0.00107520
 H   1.0  -1.65496587   0.06661944  -0.69599449   1.00782500  -0.00027535   0.00012573  -0.00202553
States
Ekin        0.023140387001 a.u.
Epot_harm   0.026734108668 a.u.
Epot        0.026734108668 a.u.
Etot_harm   0.049874495669 a.u.
Etot        0.049874495669 a.u.


Index     819
Atoms
 C   6.0  -0.04703372   0.05533742   0.03688446  12.00000000   0.00007568  -0.00002169   0.00012532
 N   7.0   0.03117571  -0.04279521   2.48935063  14.00307400   0.00002203   0.00011780  -0.00007098
 H   1.0   1.82798406  -0.15422850  -0.95382456   1.00782500  -0.00333634  -0.00060729  -0.00064804
 H   1.0   1.58952066   0.11922052   3.73845162   1.00782500   0.00081476  -0.00014285   0.00018282
 H   1.0  -1.64776171   0.18998165   3.44084509   1.00782500  -0.00145736  -0.00111571  -0.00122058
 H   1.0  -1.64288684  -0.21925526  -1.05739551   1.00782500   0.00277178   0.00048730   0.00117987
States
Ekin        0.025123866228 a.u.
Epot_harm   0.016972249105 a.u.
Epot        0.016972249105 a.u.
Etot_harm   0.042096115333 a.u.
Etot        0.042096115333 a.u.


Index     820
Atoms
 C   6.0  -0.00511310   0.02749952  -0.00063034  12.00000000   0.00004150   0.00023557   0.00024450
 N   7.0  -0.01946315   0.00079076   2.49556715  14.00307400   0.00033758  -0.00033317   0.00004961
 H   1.0   1.87030295  -0.19858877  -0.74321624   1.00782500  -0.00131140  -0.00104961   0.00131192
 H   1.0   1.68807101   0.03564331   3.50566852   1.00782500  -0.00097649   0.00207670  -0.00151249
 H   1.0  -1.46160920  -0.11895601   3.65667954   1.00782500  -0.00141652   0.00093697  -0.00157835
 H   1.0  -1.76545604  -0.05651768  -0.89074748   1.00782500  -0.00148012  -0.00013976  -0.00182155
States
Ekin        0.025318350662 a.u.
Epot_harm   0.013210092878 a.u.
Epot        0.013210092878 a.u.
Etot_harm   0.038528443540 a.u.
Etot        0.038528443540 a.u.


Index     821
Atoms
 C   6.0   0.00629882  -0.00632932   0.12374769  12.00000000  -0.00060212   0.00014798  -0.00032116
 N   7.0   0.00492518  -0.07218949   2.45272870  14.00307400  -0.00008092   0.00003071   0.00009922
 H   1.0   1.56826812   0.02590583  -1.12490148   1.00782500   0.00316294   0.00002832  -0.00065686
 H   1.0   1.52247701   0.52359772   3.58788492   1.00782500   0.00106160  -0.00065025   0.00095535
 H   1.0  -1.49778711   0.26916820   3.05575863   1.00782500   0.00088260   0.00017456  -0.00070291
 H   1.0  -1.73638906   0.25971644  -0.87609317   1.00782500   0.00318652  -0.00174137   0.00284982
States
Ekin        0.038474487503 a.u.
Epot_harm   0.045177931710 a.u.
Epot        0.045177931710 a.u.
Etot_harm   0.083652419213 a.u.
Etot        0.083652419213 a.u.


Index     822
Atoms
 C   6.0  -0.01545518  -0.03671443   0.11176963  12.00000000  -0.00034984  -0.00008281   0.00074886
 N   7.0   0.01063327   0.07438926   2.46212319  14.00307400   0.00023329  -0.00015887  -0.00028174
 H   1.0   1.87276480   0.17435227  -0.99783696   1.00782500   0.00101028   0.00045792  -0.00072039
 H   1.0   1.68649366  -0.48341177   3.41325660   1.00782500  -0.00105344   0.00148266  -0.00238551
 H   1.0  -1.69414581  -0.21587793   3.25921346   1.00782500  -0.00093856   0.00064766  -0.00005331
 H   1.0  -1.82883282  -0.07150058  -1.01989386   1.00782500   0.00190588   0.00060516  -0.00184267
States
Ekin        0.027550690540 a.u.
Epot_harm   0.025312400012 a.u.
Epot        0.025312400012 a.u.
Etot_harm   0.052863090552 a.u.
Etot        0.052863090552 a.u.


Index     823
Atoms
 C   6.0  -0.01821401  -0.04094897   0.15087592  12.00000000  -0.00035122  -0.00012993   0.00001775
 N   7.0   0.00849545   0.06881704   2.40988025  14.00307400   0.00013607   0.00024424   0.00000976
 H   1.0   1.84657038   0.22617005  -0.87649726   1.00782500   0.00166225   0.00016027  -0.00132896
 H   1.0   1.47460514  -0.47338899   3.31916360   1.00782500  -0.00116199  -0.00075082   0.00032885
 H   1.0  -1.52029070  -0.15451716   3.56085759   1.00782500   0.00008471  -0.00155842   0.00076555
 H   1.0  -1.70205254  -0.06685973  -1.08853491   1.00782500   0.00170631   0.00030244  -0.00011237
States
Ekin        0.014218365336 a.u.
Epot_harm   0.032692987132 a.u.
Epot        0.032692987132 a.u.
Etot_harm   0.046911352468 a.u.
Etot        0.046911352468 a.u.


Index     824
Atoms
 C   6.0   0.03711795   0.00413001   0.09082247  12.00000000   0.00013368   0.00008403  -0.00007891
 N   7.0  -0.01308015  -0.02249360   2.46163061  14.00307400   0.00003861   0.00019876   0.00024575
 H   1.0   1.50547874  -0.00399606  -1.39375570   1.00782500  -0.00127195  -0.00042261  -0.00084134
 H   1.0   1.30365780   0.13748021   3.56727541   1.00782500  -0.00126734  -0.00164252  -0.00105705
 H   1.0  -1.48869651   0.09293702   3.50046393   1.00782500  -0.00008109  -0.00075910  -0.00141068
 H   1.0  -1.58065684   0.03693747  -0.76298598   1.00782500   0.00049220  -0.00093790   0.00083407
States
Ekin        0.012970993032 a.u.
Epot_harm   0.037217930031 a.u.
Epot        0.037217930031 a.u.
Etot_harm   0.050188923063 a.u.
Etot        0.050188923063 a.u.


Index     825
Atoms
 C   6.0  -0.01743735  -0.00845889  -0.03577436  12.00000000  -0.00000737   0.00011271   0.00024382
 N   7.0   0.03289710   0.02924090   2.55814847  14.00307400   0.00028572  -0.00002302   0.00036123
 H   1.0   1.86165156   0.02222528  -1.11664038   1.00782500   0.00118203  -0.00117652  -0.00335961
 H   1.0   1.47426143  -0.17760478   3.84520126   1.00782500  -0.00249981   0.00103310   0.00008718
 H   1.0  -1.64565605  -0.11352122   3.36893951   1.00782500   0.00028141  -0.00116936   0.00023897
 H   1.0  -1.93971725  -0.03666399  -1.02018893   1.00782500  -0.00284583   0.00029056  -0.00488866
States
Ekin        0.054106650985 a.u.
Epot_harm   0.027901307164 a.u.
Epot        0.027901307164 a.u.
Etot_harm   0.082007958149 a.u.
Etot        0.082007958149 a.u.


Index     826
Atoms
 C   6.0  -0.01232937  -0.06097100   0.00346127  12.00000000  -0.00052727   0.00013801  -0.00011724
 N   7.0  -0.02408787   0.03650072   2.51593279  14.00307400   0.00031485  -0.00005530  -0.00014575
 H   1.0   1.87421830   0.08715577  -1.07766302   1.00782500  -0.00081482  -0.00067400  -0.00042701
 H   1.0   1.67173002   0.03419121   3.70403367   1.00782500  -0.00026537   0.00105963   0.00269742
 H   1.0  -1.36312281  -0.26044291   3.52188931   1.00782500  -0.00131233  -0.00091433   0.00104299
 H   1.0  -1.70133645   0.35791339  -0.95156111   1.00782500   0.00429603  -0.00034623   0.00010778
States
Ekin        0.034941888427 a.u.
Epot_harm   0.040263108082 a.u.
Epot        0.040263108082 a.u.
Etot_harm   0.075204996509 a.u.
Etot        0.075204996509 a.u.


Index     827
Atoms
 C   6.0   0.00046961  -0.03251345   0.03986345  12.00000000   0.00031108   0.00009894   0.00013923
 N   7.0  -0.00144646   0.01352042   2.46089950  14.00307400  -0.00057829  -0.00001491   0.00005261
 H   1.0   1.81307448   0.11922016  -0.66634998   1.00782500  -0.00236868  -0.00079001   0.00006083
 H   1.0   1.64732565  -0.01880556   3.39129761   1.00782500   0.00274617   0.00008602   0.00111429
 H   1.0  -1.66001525  -0.03798858   3.51086787   1.00782500   0.00468775  -0.00023631  -0.00052997
 H   1.0  -1.78587882   0.13684859  -0.70789924   1.00782500  -0.00073415  -0.00003060  -0.00303387
States
Ekin        0.049005830926 a.u.
Epot_harm   0.014507965959 a.u.
Epot        0.014507965959 a.u.
Etot_harm   0.063513796885 a.u.
Etot        0.063513796885 a.u.


Index     828
Atoms
 C   6.0   0.01983542   0.02115856   0.04353262  12.00000000   0.00003966  -0.00010493   0.00040505
 N   7.0  -0.00116812  -0.01914082   2.47782866  14.00307400  -0.00009697  -0.00002729  -0.00027474
 H   1.0   1.74519563  -0.21720598  -1.03332440   1.00782500  -0.00072281   0.00040440   0.00072390
 H   1.0   1.39532883   0.23745857   3.46133454   1.00782500   0.00084466   0.00051504   0.00101666
 H   1.0  -1.58525399  -0.08939066   3.66456206   1.00782500   0.00168405   0.00012736  -0.00183148
 H   1.0  -1.77521719   0.08315604  -0.84356377   1.00782500  -0.00093073   0.00058175  -0.00091454
States
Ekin        0.013572213822 a.u.
Epot_harm   0.017991559363 a.u.
Epot        0.017991559363 a.u.
Etot_harm   0.031563773186 a.u.
Etot        0.031563773186 a.u.


Index     829
Atoms
 C   6.0   0.02874088  -0.01035739   0.00671729  12.00000000  -0.00050748   0.00008734   0.00044562
 N   7.0  -0.00473485  -0.02128937   2.51741782  14.00307400  -0.00030303   0.00027747  -0.00046399
 H   1.0   1.65276875  -0.11423406  -1.22804885   1.00782500   0.00111850   0.00036363   0.00064941
 H   1.0   1.70863445   0.34102435   3.76410106   1.00782500   0.00046617  -0.00263118   0.00028262
 H   1.0  -1.77139027  -0.08412901   3.46016240   1.00782500   0.00436805  -0.00017259  -0.00197171
 H   1.0  -1.86643802   0.27646425  -0.85891804   1.00782500   0.00430012  -0.00245510   0.00218058
States
Ekin        0.066414093477 a.u.
Epot_harm   0.027910017411 a.u.
Epot        0.027910017411 a.u.
Etot_harm   0.094324110888 a.u.
Etot        0.094324110888 a.u.


Index     830
Atoms
 C   6.0  -0.05906298   0.03397040   0.03349937  12.00000000  -0.00050426   0.00001761  -0.00036813
 N   7.0   0.02476222  -0.00496063   2.52032041  14.00307400  -0.00004302  -0.00005423   0.00024814
 H   1.0   1.95867402  -0.02950846  -0.89812757   1.00782500   0.00212824   0.00087492   0.00089339
 H   1.0   1.58310806  -0.14873741   3.46474040   1.00782500   0.00147597  -0.00089887   0.00152127
 H   1.0  -1.54866269   0.10960777   3.45534738   1.00782500   0.00190346   0.00118171  -0.00244725
 H   1.0  -1.63392151  -0.26691692  -1.24388283   1.00782500   0.00109426  -0.00061394   0.00096804
States
Ekin        0.028069503120 a.u.
Epot_harm   0.021369400465 a.u.
Epot        0.021369400465 a.u.
Etot_harm   0.049438903586 a.u.
Etot        0.049438903586 a.u.


Index     831
Atoms
 C   6.0   0.01093894   0.01913009   0.08049119  12.00000000  -0.00024190   0.00036853   0.00025866
 N   7.0   0.02217928  -0.05344497   2.46401707  14.00307400   0.00028247  -0.00011849  -0.00005924
 H   1.0   1.60482178   0.06002770  -0.93257158   1.00782500   0.00174863  -0.00130507  -0.00104348
 H   1.0   1.44460331   0.19175817   3.49562597   1.00782500  -0.00321238  -0.00033590  -0.00020900
 H   1.0  -1.66609386   0.33036453   3.40622346   1.00782500   0.00082420   0.00055586  -0.00057961
 H   1.0  -1.82174601  -0.06734590  -0.96842579   1.00782500  -0.00040490  -0.00165665  -0.00042464
States
Ekin        0.023208720949 a.u.
Epot_harm   0.016899860407 a.u.
Epot        0.016899860407 a.u.
Etot_harm   0.040108581356 a.u.
Etot        0.040108581356 a.u.


Index     832
Atoms
 C   6.0   0.02288176  -0.03742649   0.02981408  12.00000000   0.00005044   0.00004468   0.00029047
 N   7.0  -0.00347516   0.02089347   2.51552743  14.00307400  -0.00030193   0.00004524  -0.00037369
 H   1.0   1.54166336   0.14813603  -1.15440079   1.00782500   0.00007527  -0.00042397   0.00084964
 H   1.0   1.56985551  -0.07127808   3.57565857   1.00782500   0.00276906  -0.00026692   0.00029517
 H   1.0  -1.61613086  -0.05135892   3.47562038   1.00782500   0.00054595  -0.00041476   0.00109033
 H   1.0  -1.71955204   0.12983064  -1.00832542   1.00782500   0.00020426  -0.00005492  -0.00050158
States
Ekin        0.013778423459 a.u.
Epot_harm   0.010504304619 a.u.
Epot        0.010504304619 a.u.
Etot_harm   0.024282728078 a.u.
Etot        0.024282728078 a.u.


Index     833
Atoms
 C   6.0  -0.02548973   0.01170253   0.05941088  12.00000000   0.00009118   0.00000657   0.00016758
 N   7.0   0.02782747   0.03461383   2.42877182  14.00307400  -0.00017795  -0.00016812  -0.00007805
 H   1.0   1.83376923  -0.05057657  -0.94413162   1.00782500  -0.00132955   0.00077094  -0.00038371
 H   1.0   1.54099332  -0.26465114   3.85662665   1.00782500   0.00059043   0.00023767   0.00098592
 H   1.0  -1.74440516  -0.13905015   3.64665290   1.00782500   0.00166731   0.00146130   0.00099636
 H   1.0  -1.71350013  -0.16599891  -0.81758628   1.00782500   0.00045868  -0.00021223  -0.00250957
States
Ekin        0.016280923721 a.u.
Epot_harm   0.038749600793 a.u.
Epot        0.038749600793 a.u.
Etot_harm   0.055030524514 a.u.
Etot        0.055030524514 a.u.


Index     834
Atoms
 C   6.0  -0.04958400  -0.03370951   0.05609130  12.00000000  -0.00014912  -0.00001958   0.00027731
 N   7.0   0.00759431   0.05654068   2.49515676  14.00307400   0.00013584  -0.00016273  -0.00041582
 H   1.0   1.83996733  -0.10939024  -0.88224911   1.00782500  -0.00051328  -0.00021367   0.00050713
 H   1.0   1.65364499  -0.06727642   3.47487929   1.00782500  -0.00144234   0.00158947   0.00061182
 H   1.0  -1.47819824  -0.44843813   3.26629098   1.00782500   0.00034258   0.00017721   0.00014141
 H   1.0  -1.53054377   0.24088205  -1.00020953   1.00782500   0.00150120   0.00094107   0.00121530
States
Ekin        0.013366481615 a.u.
Epot_harm   0.036394928278 a.u.
Epot        0.036394928278 a.u.
Etot_harm   0.049761409893 a.u.
Etot        0.049761409893 a.u.


Index     835
Atoms
 C   6.0  -0.00799140  -0.01182246  -0.01860319  12.00000000  -0.00013307  -0.00006239   0.00033480
 N   7.0   0.00503201   0.05462466   2.51600148  14.00307400   0.00017993   0.00015689   0.00029384
 H   1.0   1.72336007  -0.20884081  -0.81782748   1.00782500   0.00070614   0.00007047  -0.00335560
 H   1.0   1.65748894  -0.08464620   3.55891664   1.00782500  -0.00198266  -0.00053859  -0.00269232
 H   1.0  -1.67169433  -0.47003231   3.83291718   1.00782500  -0.00104064  -0.00063393  -0.00106753
 H   1.0  -1.68391895   0.14531311  -1.11554400   1.00782500   0.00140151  -0.00033496  -0.00095370
States
Ekin        0.029888335887 a.u.
Epot_harm   0.034320593761 a.u.
Epot        0.034320593761 a.u.
Etot_harm   0.064208929648 a.u.
Etot        0.064208929648 a.u.


Index     836
Atoms
 C   6.0  -0.01525678   0.01092639   0.07735145  12.00000000   0.00000370   0.00001639  -0.00019442
 N   7.0  -0.00630501  -0.01543975   2.47803624  14.00307400  -0.00041627  -0.00035712  -0.00020768
 H   1.0   1.80981676  -0.03978538  -1.29956866   1.00782500   0.00068268  -0.00000684  -0.00028617
 H   1.0   1.69100498   0.08322716   3.61511811   1.00782500   0.00196397   0.00243262   0.00245327
 H   1.0  -1.66500938   0.05291802   3.63099602   1.00782500   0.00220122   0.00132750   0.00040208
 H   1.0  -1.56654846  -0.01193313  -1.10309631   1.00782500   0.00089190   0.00101340   0.00263141
States
Ekin        0.034073354078 a.u.
Epot_harm   0.030220177701 a.u.
Epot        0.030220177701 a.u.
Etot_harm   0.064293531779 a.u.
Etot        0.064293531779 a.u.


Index     837
Atoms
 C   6.0  -0.03719328   0.02283731   0.11021776  12.00000000   0.00003767  -0.00007442  -0.00023179
 N   7.0   0.03156632  -0.00484851   2.46175166  14.00307400   0.00039602   0.00008850   0.00035039
 H   1.0   1.82806882  -0.04716584  -1.09466074   1.00782500   0.00001329   0.00076492   0.00079529
 H   1.0   1.50800036  -0.05952771   3.45729272   1.00782500  -0.00230534  -0.00092104  -0.00126109
 H   1.0  -1.73181257   0.04948359   3.32049815   1.00782500  -0.00160666   0.00028793   0.00075537
 H   1.0  -1.59999607  -0.14734309  -1.00475076   1.00782500  -0.00205225  -0.00047541  -0.00239819
States
Ekin        0.024914023837 a.u.
Epot_harm   0.021509254704 a.u.
Epot        0.021509254704 a.u.
Etot_harm   0.046423278541 a.u.
Etot        0.046423278541 a.u.


Index     838
Atoms
 C   6.0   0.03235574   0.02426209   0.09856344  12.00000000   0.00025428   0.00017775  -0.00031133
 N   7.0   0.01103277  -0.00078466   2.45925611  14.00307400  -0.00020332  -0.00010958   0.00017676
 H   1.0   1.64708527  -0.13749857  -0.98289750   1.00782500   0.00070574  -0.00006748  -0.00017824
 H   1.0   1.50646909   0.00091453   3.40956453   1.00782500   0.00072117  -0.00031760   0.00106237
 H   1.0  -1.71344325  -0.05849390   3.37780574   1.00782500   0.00088948   0.00098361   0.00012330
 H   1.0  -1.97865854  -0.08290431  -0.95265338   1.00782500  -0.00251917  -0.00119246   0.00024359
States
Ekin        0.014112386266 a.u.
Epot_harm   0.021918316571 a.u.
Epot        0.021918316571 a.u.
Etot_harm   0.036030702838 a.u.
Etot        0.036030702838 a.u.


Index     839
Atoms
 C   6.0   0.08712362  -0.03262663   0.06902778  12.00000000  -0.00008203  -0.00004934   0.00008315
 N   7.0  -0.03677284  -0.01448092   2.47067222  14.00307400   0.00023917  -0.00001883  -0.00003409
 H   1.0   1.43787185   0.19965641  -1.34592238   1.00782500  -0.00294913   0.00105564   0.00128185
 H   1.0   1.85317361   0.09280618   3.64554050   1.00782500  -0.00307397  -0.00060463   0.00020870
 H   1.0  -1.87303736   0.15153197   3.57939022   1.00782500   0.00187436   0.00104032  -0.00173803
 H   1.0  -1.94443952   0.14568818  -0.83413237   1.00782500   0.00180233  -0.00064217  -0.00026887
States
Ekin        0.030948285524 a.u.
Epot_harm   0.070272291573 a.u.
Epot        0.070272291573 a.u.
Etot_harm   0.101220577097 a.u.
Etot        0.101220577097 a.u.


Index     840
Atoms
 C   6.0   0.08571598   0.00968324   0.04593152  12.00000000  -0.00000482   0.00026471   0.00000786
 N   7.0  -0.04623208  -0.04161970   2.47598986  14.00307400  -0.00016520  -0.00023036   0.00000203
 H   1.0   1.60848927   0.03130701  -1.31545296   1.00782500   0.00113139  -0.00133369  -0.00023543
 H   1.0   1.69504630   0.19928365   3.70418033   1.00782500  -0.00039514   0.00131085  -0.00032416
 H   1.0  -1.62274478   0.22150042   3.50492021   1.00782500   0.00186554   0.00026336  -0.00026416
 H   1.0  -2.05903149   0.01089082  -0.64765360   1.00782500  -0.00024900  -0.00019159   0.00070197
States
Ekin        0.010360049071 a.u.
Epot_harm   0.036896248462 a.u.
Epot        0.036896248462 a.u.
Etot_harm   0.047256297533 a.u.
Etot        0.047256297533 a.u.


Index     841
Atoms
 C   6.0  -0.00589058   0.01180249   0.10235350  12.00000000  -0.00020353  -0.00020036  -0.00012986
 N   7.0  -0.02560832  -0.03937474   2.45405064  14.00307400  -0.00019065   0.00017549   0.00024830
 H   1.0   1.74659706  -0.12701904  -1.09112499   1.00782500   0.00235922   0.00165221  -0.00049796
 H   1.0   1.57567192   0.34218873   3.44140202   1.00782500   0.00293369  -0.00151714  -0.00037085
 H   1.0  -1.35030105   0.04871062   3.58595706   1.00782500  -0.00017888   0.00014390   0.00055623
 H   1.0  -1.54601889   0.14267587  -1.05721568   1.00782500  -0.00004168  -0.00033160  -0.00159127
States
Ekin        0.023530603563 a.u.
Epot_harm   0.024154227080 a.u.
Epot        0.024154227080 a.u.
Etot_harm   0.047684830643 a.u.
Etot        0.047684830643 a.u.


Index     842
Atoms
 C   6.0  -0.01085476   0.02509233   0.06814486  12.00000000  -0.00011301  -0.00006326  -0.00007333
 N   7.0   0.02542328   0.01892325   2.48636104  14.00307400   0.00005988   0.00011020  -0.00021920
 H   1.0   1.82827252  -0.06166124  -1.14751697   1.00782500   0.00269575   0.00066150  -0.00004536
 H   1.0   1.60043398  -0.22654181   3.44845309   1.00782500  -0.00183316  -0.00109440  -0.00126102
 H   1.0  -1.94742019  -0.04502139   3.12021442   1.00782500  -0.00113407  -0.00003767   0.00146732
 H   1.0  -1.70528061  -0.22847201  -0.58374779   1.00782500   0.00078505  -0.00030727   0.00375791
States
Ekin        0.030578551860 a.u.
Epot_harm   0.038958502395 a.u.
Epot        0.038958502395 a.u.
Etot_harm   0.069537054255 a.u.
Etot        0.069537054255 a.u.


Index     843
Atoms
 C   6.0  -0.02956565   0.01219026   0.03713105  12.00000000  -0.00012487   0.00009400  -0.00013295
 N   7.0   0.04305791  -0.02424891   2.49070131  14.00307400   0.00061564  -0.00024860   0.00043225
 H   1.0   1.54704755  -0.02139478  -0.90118288   1.00782500  -0.00296578   0.00038741   0.00243768
 H   1.0   1.49702704   0.11760116   3.76982319   1.00782500  -0.00105533   0.00067774  -0.00258895
 H   1.0  -1.65400075   0.10974361   3.52260676   1.00782500  -0.00346931   0.00155918  -0.00033818
 H   1.0  -1.63630247  -0.01417457  -1.24487336   1.00782500   0.00042330  -0.00028951  -0.00393334
States
Ekin        0.057611579536 a.u.
Epot_harm   0.021339066419 a.u.
Epot        0.021339066419 a.u.
Etot_harm   0.078950645954 a.u.
Etot        0.078950645954 a.u.


Index     844
Atoms
 C   6.0  -0.02067302   0.01516335   0.03414389  12.00000000   0.00022889  -0.00008058   0.00055690
 N   7.0   0.03467507  -0.01416734   2.55421229  14.00307400  -0.00021083   0.00013814  -0.00025640
 H   1.0   1.65965408  -0.14932246  -1.16364454   1.00782500  -0.00092053   0.00070908  -0.00014024
 H   1.0   1.61329087   0.16646730   3.33389913   1.00782500   0.00122869  -0.00112609  -0.00161103
 H   1.0  -1.91995412  -0.05551907   3.12857278   1.00782500   0.00035501  -0.00021443  -0.00105055
 H   1.0  -1.58862824   0.05467275  -0.99932991   1.00782500  -0.00045923  -0.00032845  -0.00026652
States
Ekin        0.013424099868 a.u.
Epot_harm   0.035905478707 a.u.
Epot        0.035905478707 a.u.
Etot_harm   0.049329578575 a.u.
Etot        0.049329578575 a.u.


Index     845
Atoms
 C   6.0   0.04486691  -0.01154301   0.02025005  12.00000000   0.00014148  -0.00002727  -0.00002141
 N   7.0  -0.03879376  -0.00221600   2.53786799  14.00307400   0.00024473  -0.00011863   0.00029168
 H   1.0   1.62244903   0.09682794  -0.99091509   1.00782500  -0.00147731   0.00060927  -0.00103729
 H   1.0   1.92733653  -0.01626764   3.23288222   1.00782500  -0.00266431   0.00030885  -0.00075026
 H   1.0  -1.70766168   0.07147899   3.45343452   1.00782500  -0.00046062   0.00106167   0.00009073
 H   1.0  -1.83733238   0.01619114  -1.00337915   1.00782500  -0.00048265  -0.00000677  -0.00210102
States
Ekin        0.018243013747 a.u.
Epot_harm   0.028996180884 a.u.
Epot        0.028996180884 a.u.
Etot_harm   0.047239194631 a.u.
Etot        0.047239194631 a.u.


Index     846
Atoms
 C   6.0   0.07862066   0.00805015   0.04817827  12.00000000  -0.00011005  -0.00028677   0.00022713
 N   7.0  -0.06377983   0.01358142   2.47957572  14.00307400   0.00013688   0.00020062  -0.00028857
 H   1.0   1.57962903   0.19082843  -1.10721178   1.00782500   0.00065030   0.00060549   0.00010525
 H   1.0   1.82250591  -0.35508292   3.43492529   1.00782500  -0.00246293   0.00041596   0.00065469
 H   1.0  -1.54888397   0.18727351   3.59311142   1.00782500   0.00148620  -0.00181958   0.00062555
 H   1.0  -1.90319444  -0.30757588  -0.75140573   1.00782500  -0.00026504   0.00142522  -0.00008041
States
Ekin        0.018037508961 a.u.
Epot_harm   0.036231688604 a.u.
Epot        0.036231688604 a.u.
Etot_harm   0.054269197565 a.u.
Etot        0.054269197565 a.u.


Index     847
Atoms
 C   6.0   0.00670510   0.01602522   0.07962173  12.00000000  -0.00025902   0.00006227  -0.00042785
 N   7.0  -0.03270068   0.02442628   2.44748458  14.00307400   0.00000124  -0.00020024  -0.00025429
 H   1.0   1.90201500  -0.11538367  -0.77799199   1.00782500   0.00075936   0.00097487   0.00197285
 H   1.0   1.73520157  -0.14942427   3.12018132   1.00782500   0.00203481  -0.00020977   0.00246699
 H   1.0  -1.60031142  -0.15659199   3.78763530   1.00782500  -0.00087467   0.00171578   0.00111524
 H   1.0  -1.66238696  -0.10879698  -0.88891183   1.00782500   0.00114740  -0.00044019   0.00307257
States
Ekin        0.033285188910 a.u.
Epot_harm   0.019629033935 a.u.
Epot        0.019629033935 a.u.
Etot_harm   0.052914222845 a.u.
Etot        0.052914222845 a.u.


Index     848
Atoms
 C   6.0   0.03192945  -0.01426190   0.02070860  12.00000000  -0.00043155   0.00003821   0.00044868
 N   7.0  -0.01046820   0.02374324   2.53757308  14.00307400  -0.00029713  -0.00005137  -0.00051807
 H   1.0   1.44267549   0.20897201  -1.11745228   1.00782500   0.00332766   0.00040755  -0.00088398
 H   1.0   1.60894004  -0.30496365   3.37400243   1.00782500   0.00303825  -0.00045671  -0.00009202
 H   1.0  -1.65267862   0.08868767   3.39600693   1.00782500   0.00024714   0.00062971  -0.00212843
 H   1.0  -1.63366652  -0.15277892  -0.96189700   1.00782500   0.00265382  -0.00032167   0.00496042
States
Ekin        0.062415281982 a.u.
Epot_harm   0.030029436407 a.u.
Epot        0.030029436407 a.u.
Etot_harm   0.092444718389 a.u.
Etot        0.092444718389 a.u.


Index     849
Atoms
 C   6.0  -0.02057770  -0.03329120   0.06312317  12.00000000   0.00015462  -0.00004322  -0.00032900
 N   7.0   0.03815979   0.01550240   2.44882197  14.00307400  -0.00023540  -0.00004887   0.00005647
 H   1.0   1.79154098   0.12978096  -0.74763475   1.00782500  -0.00211965   0.00059233   0.00206089
 H   1.0   1.49482508  -0.03939695   3.54910966   1.00782500   0.00216111  -0.00009026  -0.00037397
 H   1.0  -1.77723211  -0.03657390   3.51540645   1.00782500   0.00012575   0.00079193   0.00117760
 H   1.0  -1.79432433   0.12718675  -0.89810518   1.00782500   0.00126252  -0.00010043   0.00026820
States
Ekin        0.018429895401 a.u.
Epot_harm   0.018094752237 a.u.
Epot        0.018094752237 a.u.
Etot_harm   0.036524647639 a.u.
Etot        0.036524647639 a.u.


Index     850
Atoms
 C   6.0  -0.01437108  -0.03215075   0.07567484  12.00000000   0.00020892  -0.00029013  -0.00028519
 N   7.0   0.00263426  -0.01335606   2.43732454  14.00307400   0.00025137  -0.00014941   0.00020536
 H   1.0   1.80220381   0.13587826  -0.85264263   1.00782500  -0.00340236   0.00247450   0.00205589
 H   1.0   1.83907729   0.15121156   3.67018760   1.00782500  -0.00239692   0.00001867  -0.00272446
 H   1.0  -1.75844001   0.07974725   3.31294250   1.00782500  -0.00156891   0.00240912   0.00003579
 H   1.0  -1.74832841   0.20155025  -0.70141253   1.00782500   0.00138804   0.00062818   0.00117522
States
Ekin        0.047180104767 a.u.
Epot_harm   0.038368376724 a.u.
Epot        0.038368376724 a.u.
Etot_harm   0.085548481492 a.u.
Etot        0.085548481492 a.u.


Index     851
Atoms
 C   6.0  -0.06318843   0.02246380   0.05698534  12.00000000  -0.00038045   0.00017268   0.00024927
 N   7.0   0.02676262  -0.02442946   2.45647033  14.00307400   0.00027653  -0.00000304  -0.00004019
 H   1.0   2.10236690   0.03223268  -0.67395472   1.00782500   0.00048004  -0.00127512  -0.00168507
 H   1.0   1.43797767  -0.00480087   3.33909049   1.00782500   0.00016415   0.00026840   0.00118475
 H   1.0  -1.56287914   0.20613375   3.73071850   1.00782500  -0.00177375  -0.00064604  -0.00164619
 H   1.0  -1.59694083  -0.16160678  -1.01026507   1.00782500   0.00181729  -0.00036108  -0.00026303
States
Ekin        0.018266517863 a.u.
Epot_harm   0.044393904309 a.u.
Epot        0.044393904309 a.u.
Etot_harm   0.062660422172 a.u.
Etot        0.062660422172 a.u.


Index     852
Atoms
 C   6.0   0.05198982  -0.00202894   0.01561259  12.00000000   0.00002064   0.00024992  -0.00092467
 N   7.0  -0.04567675  -0.02349823   2.50745662  14.00307400  -0.00023050  -0.00001720   0.00041725
 H   1.0   1.67779898   0.04343799  -1.23336154   1.00782500   0.00080540  -0.00078320   0.00442011
 H   1.0   1.70607857   0.13214388   3.46015604   1.00782500   0.00187057  -0.00051752  -0.00078819
 H   1.0  -1.63732370   0.12582265   3.52194754   1.00782500   0.00123008   0.00011308  -0.00175182
 H   1.0  -1.73093897   0.04924641  -0.57895593   1.00782500  -0.00094919  -0.00154914   0.00333230
States
Ekin        0.053546525920 a.u.
Epot_harm   0.021725951185 a.u.
Epot        0.021725951185 a.u.
Etot_harm   0.075272477105 a.u.
Etot        0.075272477105 a.u.


Index     853
Atoms
 C   6.0   0.03914886   0.00298243   0.08103954  12.00000000  -0.00041997   0.00012100   0.00024593
 N   7.0   0.00511764   0.03130459   2.51023590  14.00307400   0.00057741  -0.00017547  -0.00034375
 H   1.0   1.46862799   0.03477046  -1.39301217   1.00782500  -0.00066536  -0.00080221   0.00060891
 H   1.0   1.59027402  -0.27862803   3.51711055   1.00782500  -0.00197298   0.00140880  -0.00064075
 H   1.0  -1.80615343  -0.06579638   3.09821649   1.00782500  -0.00440598   0.00005082   0.00183497
 H   1.0  -1.78999360  -0.16081434  -0.87017261   1.00782500   0.00402203   0.00033986   0.00004488
States
Ekin        0.052032095521 a.u.
Epot_harm   0.022944358059 a.u.
Epot        0.022944358059 a.u.
Etot_harm   0.074976453579 a.u.
Etot        0.074976453579 a.u.


Index     854
Atoms
 C   6.0   0.02090191   0.01010809   0.01161955  12.00000000  -0.00035915  -0.00005751   0.00090385
 N   7.0   0.01492334   0.02814504   2.47865562  14.00307400  -0.00003805   0.00006940  -0.00033842
 H   1.0   1.52015458  -0.12882616  -0.87259799   1.00782500   0.00152586  -0.00016561  -0.00104791
 H   1.0   1.44395378  -0.12352416   3.75449065   1.00782500  -0.00033798  -0.00016323  -0.00245435
 H   1.0  -1.60667265  -0.20634397   3.65358242   1.00782500   0.00140632  -0.00020604  -0.00245595
 H   1.0  -1.81366124  -0.05271803  -0.91797320   1.00782500   0.00221082   0.00025531  -0.00010165
States
Ekin        0.032767563646 a.u.
Epot_harm   0.029737693901 a.u.
Epot        0.029737693901 a.u.
Etot_harm   0.062505257548 a.u.
Etot        0.062505257548 a.u.


Index     855
Atoms
 C   6.0   0.05194811  -0.01346135   0.14162521  12.00000000   0.00047878  -0.00015721  -0.00030468
 N   7.0  -0.03314217   0.00017608   2.43847952  14.00307400  -0.00017184  -0.00004671  -0.00012587
 H   1.0   1.70266522  -0.03556574  -1.39201284   1.00782500  -0.00144979   0.00104926   0.00018773
 H   1.0   1.70534029   0.12304801   3.44925714   1.00782500   0.00013486   0.00031201  -0.00013740
 H   1.0  -1.70226554  -0.08831477   3.16164261   1.00782500  -0.00218393   0.00083528   0.00264111
 H   1.0  -1.86378836   0.15866788  -0.59111953   1.00782500   0.00018567   0.00032424   0.00268528
States
Ekin        0.025805236829 a.u.
Epot_harm   0.034373648882 a.u.
Epot        0.034373648882 a.u.
Etot_harm   0.060178885711 a.u.
Etot        0.060178885711 a.u.


Index     856
Atoms
 C   6.0   0.01349362  -0.00750980   0.07149260  12.00000000  -0.00013528   0.00002860   0.00030786
 N   7.0  -0.02740065   0.01400792   2.51566229  14.00307400  -0.00012615   0.00014680  -0.00003201
 H   1.0   1.60526295  -0.00465112  -1.26286633   1.00782500   0.00141419  -0.00031310  -0.00040343
 H   1.0   1.84830172  -0.04644895   3.38087829   1.00782500  -0.00145717  -0.00086742  -0.00143344
 H   1.0  -1.64992000  -0.08360898   3.43159119   1.00782500   0.00309741  -0.00084580  -0.00116792
 H   1.0  -1.58359664   0.02949602  -1.15918310   1.00782500   0.00030917  -0.00035387  -0.00021598
States
Ekin        0.019314387171 a.u.
Epot_harm   0.020485138063 a.u.
Epot        0.020485138063 a.u.
Etot_harm   0.039799525234 a.u.
Etot        0.039799525234 a.u.


Index     857
Atoms
 C   6.0   0.01595408  -0.00126395   0.09498063  12.00000000   0.00004685   0.00009410   0.00026571
 N   7.0  -0.01920220  -0.02450239   2.46402319  14.00307400   0.00014911   0.00025326  -0.00077820
 H   1.0   1.59014128   0.05297029  -1.12063977   1.00782500  -0.00074526  -0.00123902   0.00182944
 H   1.0   1.69293500   0.12402216   3.65616186   1.00782500   0.00093075  -0.00106072   0.00337743
 H   1.0  -1.44626071   0.14265091   3.28138175   1.00782500  -0.00177087  -0.00180932   0.00009692
 H   1.0  -1.75997599   0.03585106  -0.98866018   1.00782500  -0.00104426  -0.00053026   0.00234504
States
Ekin        0.039240854808 a.u.
Epot_harm   0.030747010197 a.u.
Epot        0.030747010197 a.u.
Etot_harm   0.069987865005 a.u.
Etot        0.069987865005 a.u.


Index     858
Atoms
 C   6.0  -0.04524829  -0.01331217   0.11122234  12.00000000   0.00010629   0.00009176   0.00049162
 N   7.0   0.04297560   0.02460258   2.44337399  14.00307400   0.00004604  -0.00002830  -0.00010632
 H   1.0   1.88923511   0.29367666  -0.77465315   1.00782500  -0.00175561   0.00004134  -0.00265140
 H   1.0   1.49211889  -0.40926698   3.32077662   1.00782500  -0.00322321  -0.00023816  -0.00115990
 H   1.0  -1.76561951   0.18117482   3.25337443   1.00782500   0.00102714   0.00019678  -0.00030414
 H   1.0  -1.67408895  -0.24891570  -0.87773416   1.00782500   0.00204636  -0.00069928  -0.00026102
States
Ekin        0.028649868659 a.u.
Epot_harm   0.036451445585 a.u.
Epot        0.036451445585 a.u.
Etot_harm   0.065101314243 a.u.
Etot        0.065101314243 a.u.


Index     859
Atoms
 C   6.0   0.01046845  -0.04836307   0.18033435  12.00000000   0.00009441  -0.00011228  -0.00027440
 N   7.0  -0.01150453  -0.01628276   2.39243632  14.00307400  -0.00011060   0.00002763  -0.00056721
 H   1.0   1.95077130   0.29953823  -1.13966814   1.00782500  -0.00044358  -0.00006289   0.00182627
 H   1.0   1.58810712   0.09694268   3.27367850   1.00782500   0.00294865   0.00048346   0.00282411
 H   1.0  -1.69520541   0.20956601   3.59338768   1.00782500  -0.00260670   0.00013249   0.00433706
 H   1.0  -1.80847109   0.19604233  -0.92079331   1.00782500   0.00051424   0.00039997   0.00216077
States
Ekin        0.052445979881 a.u.
Epot_harm   0.056084864181 a.u.
Epot        0.056084864181 a.u.
Etot_harm   0.108530844062 a.u.
Etot        0.108530844062 a.u.


Index     860
Atoms
 C   6.0   0.03836203  -0.01096823   0.06749599  12.00000000  -0.00012528  -0.00011714  -0.00015393
 N   7.0   0.01992628   0.07980718   2.49540992  14.00307400   0.00039441  -0.00008507   0.00011548
 H   1.0   1.34279483   0.14841008  -1.15255624   1.00782500   0.00174163   0.00135964   0.00211225
 H   1.0   1.56573810  -0.65727956   3.66991822   1.00782500  -0.00279025   0.00108736  -0.00210070
 H   1.0  -1.77199344  -0.17026251   3.28871360   1.00782500  -0.00122126   0.00060259   0.00075925
 H   1.0  -1.87017238  -0.29914010  -1.08667508   1.00782500  -0.00171847  -0.00047285  -0.00054249
States
Ekin        0.030595967573 a.u.
Epot_harm   0.051714693117 a.u.
Epot        0.051714693117 a.u.
Etot_harm   0.082310660690 a.u.
Etot        0.082310660690 a.u.


Index     861
Atoms
 C   6.0   0.01996824   0.02752716   0.08268721  12.00000000  -0.00011974  -0.00003285   0.00033363
 N   7.0  -0.01309655   0.03519870   2.48717870  14.00307400  -0.00012334  -0.00008095  -0.00050445
 H   1.0   1.69392074  -0.22721191  -1.13437764   1.00782500   0.00095411  -0.00076068  -0.00115672
 H   1.0   1.71404480  -0.17720329   3.32609768   1.00782500   0.00027130   0.00132101   0.00121574
 H   1.0  -1.72938025  -0.27583531   3.46908238   1.00782500   0.00036455  -0.00050659   0.00220961
 H   1.0  -1.73437556  -0.13657376  -1.00791379   1.00782500   0.00154954   0.00146219   0.00076781
States
Ekin        0.020174882602 a.u.
Epot_harm   0.013176221094 a.u.
Epot        0.013176221094 a.u.
Etot_harm   0.033351103696 a.u.
Etot        0.033351103696 a.u.


Index     862
Atoms
 C   6.0   0.00420209   0.03754948   0.04321831  12.00000000  -0.00017342  -0.00010836  -0.00041871
 N   7.0   0.00930354   0.02345609   2.46806430  14.00307400   0.00010397  -0.00002932   0.00023401
 H   1.0   1.74433778  -0.18021293  -0.85155691   1.00782500  -0.00238176   0.00135186   0.00133490
 H   1.0   1.57169572  -0.20886414   3.43749883   1.00782500  -0.00046269  -0.00061791   0.00018692
 H   1.0  -1.76777519  -0.14528865   3.45972261   1.00782500   0.00015191   0.00110172   0.00007389
 H   1.0  -1.72755857  -0.23863665  -0.65724433   1.00782500   0.00331287  -0.00013801   0.00013837
States
Ekin        0.023601914071 a.u.
Epot_harm   0.021723341390 a.u.
Epot        0.021723341390 a.u.
Etot_harm   0.045325255461 a.u.
Etot        0.045325255461 a.u.


Index     863
Atoms
 C   6.0  -0.02782873  -0.02395743   0.02219640  12.00000000  -0.00030751   0.00015230   0.00025722
 N   7.0   0.04497098   0.01933997   2.49285105  14.00307400  -0.00001500  -0.00018983  -0.00028234
 H   1.0   1.61963872   0.11650291  -0.80761249   1.00782500   0.00104855  -0.00074393   0.00063716
 H   1.0   1.36449751  -0.11148993   3.66395301   1.00782500   0.00176210   0.00133635   0.00076048
 H   1.0  -1.61470444  -0.03110262   3.42001719   1.00782500  -0.00028553   0.00024243   0.00020649
 H   1.0  -1.66292239   0.04263028  -0.98202897   1.00782500   0.00134478  -0.00001072  -0.00074386
States
Ekin        0.012782568126 a.u.
Epot_harm   0.022858636414 a.u.
Epot        0.022858636414 a.u.
Etot_harm   0.035641204539 a.u.
Etot        0.035641204539 a.u.


Index     864
Atoms
 C   6.0  -0.02426110  -0.05498584   0.05181443  12.00000000   0.00036403  -0.00037383  -0.00059721
 N   7.0   0.00432325   0.00507078   2.45801757  14.00307400  -0.00033375   0.00034221   0.00045430
 H   1.0   1.90605311   0.10339348  -0.85298453   1.00782500   0.00072576   0.00039826  -0.00056375
 H   1.0   1.63726257   0.20118168   3.58352427   1.00782500   0.00137889  -0.00079573  -0.00018817
 H   1.0  -1.60256310  -0.10605976   3.62007451   1.00782500   0.00034687  -0.00182248   0.00209282
 H   1.0  -1.71194851   0.38573630  -0.92495367   1.00782500  -0.00214874   0.00191621  -0.00054220
States
Ekin        0.030865154365 a.u.
Epot_harm   0.017154305745 a.u.
Epot        0.017154305745 a.u.
Etot_harm   0.048019460110 a.u.
Etot        0.048019460110 a.u.


Index     865
Atoms
 C   6.0   0.00241555  -0.02033662   0.02676925  12.00000000  -0.00010652  -0.00025085  -0.00034146
 N   7.0  -0.00363596   0.01104370   2.48722398  14.00307400  -0.00025760   0.00013501   0.00048229
 H   1.0   1.75227682   0.08828844  -0.82324746   1.00782500   0.00025565   0.00161441  -0.00170335
 H   1.0   1.40707359  -0.04502204   3.36171152   1.00782500   0.00160868  -0.00117394  -0.00136611
 H   1.0  -1.45322073  -0.01829402   3.87709043   1.00782500   0.00014447   0.00035017  -0.00269108
 H   1.0  -1.68437188   0.06372722  -1.09748935   1.00782500   0.00283873   0.00032034   0.00312504
States
Ekin        0.039871453183 a.u.
Epot_harm   0.026972957490 a.u.
Epot        0.026972957490 a.u.
Etot_harm   0.066844410672 a.u.
Etot        0.066844410672 a.u.


Index     866
Atoms
 C   6.0  -0.01870302   0.01501525   0.08894134  12.00000000  -0.00017342   0.00000703  -0.00037712
 N   7.0  -0.00720518   0.00866607   2.48357555  14.00307400   0.00016099  -0.00001494   0.00033528
 H   1.0   1.78247947  -0.19283444  -0.88809765   1.00782500   0.00066815  -0.00036438   0.00032074
 H   1.0   1.59237530   0.05295718   3.16551255   1.00782500  -0.00118559   0.00039446  -0.00027900
 H   1.0  -1.48145189  -0.18691058   3.53103458   1.00782500  -0.00001728  -0.00024029   0.00032141
 H   1.0  -1.57059786   0.02759446  -1.17996425   1.00782500   0.00036277   0.00033408  -0.00053133
States
Ekin        0.006420802240 a.u.
Epot_harm   0.018766359272 a.u.
Epot        0.018766359272 a.u.
Etot_harm   0.025187161512 a.u.
Etot        0.025187161512 a.u.


Index     867
Atoms
 C   6.0  -0.00861144  -0.01727491   0.07203546  12.00000000   0.00032818   0.00003898   0.00006819
 N   7.0  -0.01478644  -0.00778527   2.46948821  14.00307400  -0.00019962  -0.00010151  -0.00020459
 H   1.0   1.81914535   0.28978050  -0.85727395   1.00782500  -0.00217501   0.00003937   0.00042401
 H   1.0   1.73540837  -0.15032593   3.36473351   1.00782500   0.00224792  -0.00000128   0.00025627
 H   1.0  -1.54918675   0.28096343   3.61872248   1.00782500  -0.00105054   0.00109051   0.00183412
 H   1.0  -1.69738410  -0.10655731  -1.10066696   1.00782500  -0.00015632  -0.00018234  -0.00048372
States
Ekin        0.017263388650 a.u.
Epot_harm   0.009184091365 a.u.
Epot        0.009184091365 a.u.
Etot_harm   0.026447480015 a.u.
Etot        0.026447480015 a.u.


Index     868
Atoms
 C   6.0   0.00480612   0.01031304   0.08854156  12.00000000   0.00036709   0.00040440  -0.00018782
 N   7.0  -0.02186279   0.02799255   2.46090132  14.00307400  -0.00023284  -0.00019164   0.00020436
 H   1.0   1.98941145   0.23727685  -0.86804393   1.00782500  -0.00029207  -0.00163251   0.00133806
 H   1.0   1.80941376  -0.52213547   3.31061334   1.00782500   0.00102459   0.00073756  -0.00109155
 H   1.0  -1.61097616   0.19334780   3.35896613   1.00782500   0.00091855   0.00027082  -0.00220774
 H   1.0  -1.94130552  -0.42022317  -0.85324654   1.00782500  -0.00278677  -0.00152829   0.00135805
States
Ekin        0.028393294799 a.u.
Epot_harm   0.038094240913 a.u.
Epot        0.038094240913 a.u.
Etot_harm   0.066487535712 a.u.
Etot        0.066487535712 a.u.


Index     869
Atoms
 C   6.0  -0.01781178  -0.01072730   0.08445127  12.00000000  -0.00010591   0.00005953   0.00048013
 N   7.0   0.02329766   0.03974974   2.45571553  14.00307400  -0.00012441  -0.00007022  -0.00057671
 H   1.0   1.81219345  -0.05032681  -0.80987757   1.00782500   0.00174674   0.00017797  -0.00003445
 H   1.0   1.48228766  -0.15869778   3.48863956   1.00782500  -0.00124484  -0.00025884   0.00075042
 H   1.0  -1.57833477  -0.23915543   3.23836415   1.00782500   0.00252661   0.00072751   0.00093387
 H   1.0  -1.82777035   0.02361129  -0.84808156   1.00782500  -0.00003881  -0.00037974   0.00064636
States
Ekin        0.019727684580 a.u.
Epot_harm   0.014663531262 a.u.
Epot        0.014663531262 a.u.
Etot_harm   0.034391215842 a.u.
Etot        0.034391215842 a.u.


Index     870
Atoms
 C   6.0  -0.03292474   0.06111352  -0.01658885  12.00000000  -0.00016157  -0.00021169   0.00005475
 N   7.0  -0.02362113  -0.04148679   2.54394443  14.00307400   0.00014525   0.00013528   0.00007839
 H   1.0   1.91034505  -0.32370135  -1.02160356   1.00782500   0.00080466   0.00020805  -0.00068327
 H   1.0   1.83508660   0.25764003   3.55184728   1.00782500  -0.00114905  -0.00013570   0.00054900
 H   1.0  -1.48250887   0.02179023   3.66478804   1.00782500   0.00041865  -0.00067563  -0.00237381
 H   1.0  -1.54269321  -0.10696518  -1.14880299   1.00782500  -0.00016864   0.00124423   0.00076707
States
Ekin        0.011783862011 a.u.
Epot_harm   0.040635183997 a.u.
Epot        0.040635183997 a.u.
Etot_harm   0.052419046008 a.u.
Etot        0.052419046008 a.u.


Index     871
Atoms
 C   6.0   0.00403826  -0.04632307   0.03861014  12.00000000   0.00041147   0.00003253  -0.00030751
 N   7.0  -0.01217032  -0.00366896   2.48439761  14.00307400  -0.00010894  -0.00000366   0.00033343
 H   1.0   1.86711593   0.42897225  -0.90195231   1.00782500  -0.00110535  -0.00025003   0.00035073
 H   1.0   1.61415922  -0.14625973   3.33983312   1.00782500  -0.00060263  -0.00006218  -0.00116562
 H   1.0  -1.61325917   0.31170534   3.82397032   1.00782500   0.00037055   0.00010905  -0.00003024
 H   1.0  -1.74700016   0.00812091  -1.04550289   1.00782500  -0.00204824  -0.00013337  -0.00012619
States
Ekin        0.011391801733 a.u.
Epot_harm   0.023275344185 a.u.
Epot        0.023275344185 a.u.
Etot_harm   0.034667145918 a.u.
Etot        0.034667145918 a.u.


Index     872
Atoms
 C   6.0  -0.01829628   0.01438225   0.13111509  12.00000000  -0.00026665  -0.00018417   0.00043741
 N   7.0   0.01580013   0.01597976   2.43648296  14.00307400  -0.00014028  -0.00008578  -0.00006466
 H   1.0   1.80741533  -0.17469650  -0.84001969   1.00782500   0.00224884  -0.00018431   0.00069702
 H   1.0   1.59354054  -0.01458133   3.42351204   1.00782500   0.00106710   0.00172920  -0.00123919
 H   1.0  -1.56492545  -0.19622168   3.30463888   1.00782500   0.00243676  -0.00007714  -0.00275441
 H   1.0  -1.83771225  -0.00777578  -1.10748073   1.00782500  -0.00062866   0.00191705  -0.00101314
States
Ekin        0.031142634594 a.u.
Epot_harm   0.018507677091 a.u.
Epot        0.018507677091 a.u.
Etot_harm   0.049650311686 a.u.
Etot        0.049650311686 a.u.


Index     873
Atoms
 C   6.0  -0.04644565  -0.02224831   0.02153771  12.00000000   0.00003794   0.00005657   0.00038668
 N   7.0   0.04376955  -0.01122032   2.52063634  14.00307400  -0.00045960   0.00004737  -0.00027557
 H   1.0   2.05205011   0.17322136  -0.77319900   1.00782500  -0.00165080  -0.00026826  -0.00128768
 H   1.0   1.51380120   0.03247572   3.48992851   1.00782500   0.00172183  -0.00027280   0.00020626
 H   1.0  -1.66305049   0.14859673   3.19450787   1.00782500   0.00266234  -0.00048176  -0.00057679
 H   1.0  -1.95793000   0.06651209  -0.99512425   1.00782500   0.00320064  -0.00030893   0.00088305
States
Ekin        0.029567018953 a.u.
Epot_harm   0.035129185984 a.u.
Epot        0.035129185984 a.u.
Etot_harm   0.064696204937 a.u.
Etot        0.064696204937 a.u.


Index     874
Atoms
 C   6.0   0.02468980   0.00146899   0.03275243  12.00000000   0.00035890  -0.00023789   0.00053634
 N   7.0  -0.01609538   0.00798796   2.50700536  14.00307400  -0.00008026   0.00021203  -0.00027049
 H   1.0   1.73268827  -0.01181169  -1.00636480   1.00782500  -0.00207424   0.00200933  -0.00271461
 H   1.0   1.52848307  -0.05309066   3.11742910   1.00782500  -0.00441590  -0.00210641  -0.00152481
 H   1.0  -1.70087782  -0.03672252   3.66871445   1.00782500   0.00166938   0.00029407   0.00154814
 H   1.0  -1.63063587  -0.02685370  -0.80780386   1.00782500   0.00166248  -0.00031049   0.00006354
States
Ekin        0.052850551975 a.u.
Epot_harm   0.035668793579 a.u.
Epot        0.035668793579 a.u.
Etot_harm   0.088519345553 a.u.
Etot        0.088519345553 a.u.


Index     875
Atoms
 C   6.0   0.04631821  -0.03657581   0.01595423  12.00000000  -0.00018181  -0.00003378  -0.00041232
 N   7.0  -0.02619969  -0.01769530   2.46361220  14.00307400   0.00008446   0.00003200   0.00034233
 H   1.0   1.65449228   0.19561990  -1.06213274   1.00782500   0.00204767   0.00064069  -0.00128716
 H   1.0   1.44706609   0.14508554   3.73547407   1.00782500  -0.00070369  -0.00063113  -0.00167525
 H   1.0  -1.46876227   0.14453002   3.47755037   1.00782500  -0.00214478   0.00053663   0.00141572
 H   1.0  -1.82027144   0.19613112  -0.37598363   1.00782500   0.00179197  -0.00058863   0.00169975
States
Ekin        0.025254432932 a.u.
Epot_harm   0.038064773351 a.u.
Epot        0.038064773351 a.u.
Etot_harm   0.063319206283 a.u.
Etot        0.063319206283 a.u.


Index     876
Atoms
 C   6.0   0.04314221   0.04834102   0.04508848  12.00000000  -0.00000605  -0.00005914   0.00024752
 N   7.0  -0.01208079  -0.02347521   2.50630273  14.00307400  -0.00004001   0.00006832  -0.00019346
 H   1.0   1.66842525  -0.22587954  -1.14424372   1.00782500  -0.00092746   0.00104120  -0.00056204
 H   1.0   1.54291945   0.10477245   3.45231007   1.00782500  -0.00168951  -0.00137087  -0.00120610
 H   1.0  -1.62170949   0.01590658   3.29804487   1.00782500   0.00085926   0.00094051   0.00122861
 H   1.0  -1.93546732  -0.14421498  -0.77125697   1.00782500   0.00238575  -0.00085595   0.00028044
States
Ekin        0.017898501733 a.u.
Epot_harm   0.016340400360 a.u.
Epot        0.016340400360 a.u.
Etot_harm   0.034238902093 a.u.
Etot        0.034238902093 a.u.


Index     877
Atoms
 C   6.0   0.02710049   0.00325496   0.05636575  12.00000000   0.00006828   0.00015344  -0.00031561
 N   7.0  -0.03304617  -0.00337358   2.49457854  14.00307400   0.00000601  -0.00026586  -0.00005146
 H   1.0   1.81153590  -0.01160470  -1.11473036   1.00782500   0.00064279   0.00008063   0.00037246
 H   1.0   1.59872547   0.01583684   3.30783667   1.00782500   0.00110393   0.00070156   0.00199593
 H   1.0  -1.49984738   0.01155053   3.49036383   1.00782500  -0.00109940   0.00181229   0.00205720
 H   1.0  -1.77393989  -0.00766525  -0.81999241   1.00782500  -0.00154387  -0.00072745   0.00004734
States
Ekin        0.018789423462 a.u.
Epot_harm   0.011863022773 a.u.
Epot        0.011863022773 a.u.
Etot_harm   0.030652446236 a.u.
Etot        0.030652446236 a.u.


Index     878
Atoms
 C   6.0  -0.07874296   0.01074547  -0.01042902  12.00000000   0.00048290   0.00019240   0.00049942
 N   7.0   0.00457062   0.01459935   2.53561378  14.00307400   0.00017231  -0.00009972  -0.00040415
 H   1.0   2.02685624   0.13224418  -0.64277012   1.00782500  -0.00046283  -0.00064249  -0.00032370
 H   1.0   2.04842632  -0.31568360   3.67987627   1.00782500  -0.00122242   0.00058036  -0.00027273
 H   1.0  -1.50221303   0.12960469   3.44037404   1.00782500  -0.00259676   0.00012297   0.00202676
 H   1.0  -1.69899630  -0.27695829  -1.38884653   1.00782500  -0.00386186  -0.00096617  -0.00176145
States
Ekin        0.038275081544 a.u.
Epot_harm   0.083741858566 a.u.
Epot        0.083741858566 a.u.
Etot_harm   0.122016940110 a.u.
Etot        0.122016940110 a.u.


Index     879
Atoms
 C   6.0   0.02405344   0.03079329   0.03503103  12.00000000   0.00021791   0.00000842   0.00003269
 N   7.0  -0.01020027  -0.00322274   2.49483616  14.00307400   0.00016055  -0.00001855   0.00022342
 H   1.0   1.83123249  -0.16811687  -1.21297428   1.00782500  -0.00205463   0.00076007  -0.00245079
 H   1.0   1.46428904   0.00998069   3.57499259   1.00782500  -0.00182609  -0.00072886  -0.00046037
 H   1.0  -1.58103263  -0.05913589   3.35279586   1.00782500  -0.00148782   0.00120894   0.00146284
 H   1.0  -1.85916300  -0.10460060  -0.60088692   1.00782500   0.00054322  -0.00108265  -0.00204530
States
Ekin        0.025741103972 a.u.
Epot_harm   0.019968792612 a.u.
Epot        0.019968792612 a.u.
Etot_harm   0.045709896585 a.u.
Etot        0.045709896585 a.u.


Index     880
Atoms
 C   6.0  -0.03889060  -0.01633768   0.09329201  12.00000000   0.00032675   0.00001428   0.00033631
 N   7.0   0.02437847  -0.03718851   2.45731610  14.00307400  -0.00022395   0.00011965  -0.00012964
 H   1.0   1.74655726   0.10058607  -0.73271054   1.00782500   0.00153077  -0.00018871  -0.00027405
 H   1.0   1.75934769   0.25794894   3.41637846   1.00782500   0.00062086  -0.00077106  -0.00289879
 H   1.0  -1.75199793   0.18602349   3.27555919   1.00782500  -0.00099839  -0.00071489   0.00187397
 H   1.0  -1.62956623   0.16668165  -1.01768656   1.00782500  -0.00193212  -0.00015782  -0.00090430
States
Ekin        0.023186831107 a.u.
Epot_harm   0.018139965249 a.u.
Epot        0.018139965249 a.u.
Etot_harm   0.041326796355 a.u.
Etot        0.041326796355 a.u.


Index     881
Atoms
 C   6.0  -0.00594424  -0.08545729   0.05884610  12.00000000  -0.00063888   0.00009945   0.00009744
 N   7.0   0.01807386  -0.01061249   2.46857796  14.00307400   0.00043741  -0.00004744  -0.00002680
 H   1.0   1.70059212   0.27618034  -0.61885650   1.00782500   0.00296770  -0.00000918  -0.00102226
 H   1.0   1.82487839   0.31804325   3.40632467   1.00782500  -0.00130173   0.00022579   0.00095826
 H   1.0  -1.85370439   0.02846969   3.38745809   1.00782500  -0.00162145  -0.00012091   0.00023192
 H   1.0  -1.85211369   0.54228581  -0.97972035   1.00782500   0.00148502  -0.00062060  -0.00095577
States
Ekin        0.024591613453 a.u.
Epot_harm   0.049476966642 a.u.
Epot        0.049476966642 a.u.
Etot_harm   0.074068580095 a.u.
Etot        0.074068580095 a.u.


Index     882
Atoms
 C   6.0  -0.00305643  -0.02068207   0.09390897  12.00000000   0.00032620  -0.00007602  -0.00006606
 N   7.0   0.04275647   0.03449246   2.42945535  14.00307400   0.00036050   0.00025859   0.00001054
 H   1.0   1.67258454   0.01397198  -0.89019330   1.00782500  -0.00360653  -0.00089915   0.00296775
 H   1.0   1.38604820  -0.12811611   3.78347106   1.00782500  -0.00022958  -0.00032031  -0.00058686
 H   1.0  -1.66684229  -0.18617337   3.36809454   1.00782500  -0.00286217  -0.00217363  -0.00089804
 H   1.0  -1.94947151   0.06732498  -0.94007078   1.00782500  -0.00219470   0.00070526  -0.00084274
States
Ekin        0.043173038775 a.u.
Epot_harm   0.020665174139 a.u.
Epot        0.020665174139 a.u.
Etot_harm   0.063838212914 a.u.
Etot        0.063838212914 a.u.


Index     883
Atoms
 C   6.0   0.02890219   0.02073455   0.11641260  12.00000000  -0.00005543   0.00011557  -0.00056946
 N   7.0  -0.02029018  -0.01050460   2.44612462  14.00307400  -0.00041047  -0.00007752   0.00015288
 H   1.0   1.61351722  -0.08094601  -0.86088528   1.00782500   0.00043887  -0.00100404   0.00049837
 H   1.0   1.62701911   0.03068152   3.18401956   1.00782500   0.00104262   0.00086196   0.00214648
 H   1.0  -1.54773509   0.02575912   3.47024821   1.00782500   0.00367359  -0.00035959  -0.00018734
 H   1.0  -1.75501584  -0.07642272  -0.97163653   1.00782500   0.00120822   0.00020261   0.00219880
States
Ekin        0.031865442641 a.u.
Epot_harm   0.017635335792 a.u.
Epot        0.017635335792 a.u.
Etot_harm   0.049500778433 a.u.
Etot        0.049500778433 a.u.


Index     884
Atoms
 C   6.0  -0.03116134   0.01172107   0.06562228  12.00000000  -0.00049481   0.00016630  -0.00015067
 N   7.0   0.02661883  -0.03132451   2.48516138  14.00307400   0.00030034  -0.00016820   0.00016662
 H   1.0   1.93129241  -0.11985579  -1.14146424   1.00782500   0.00206494  -0.00085837  -0.00010258
 H   1.0   1.58332805   0.27786659   3.64488775   1.00782500   0.00072433   0.00110963   0.00051057
 H   1.0  -1.73654247   0.02676919   3.63128120   1.00782500  -0.00189169   0.00015548  -0.00018864
 H   1.0  -1.77689658   0.11089291  -1.25059747   1.00782500   0.00082109  -0.00004992  -0.00074034
States
Ekin        0.016033257873 a.u.
Epot_harm   0.039057727565 a.u.
Epot        0.039057727565 a.u.
Etot_harm   0.055090985438 a.u.
Etot        0.055090985438 a.u.


Index     885
Atoms
 C   6.0  -0.03211744  -0.01576653   0.05788717  12.00000000  -0.00028801  -0.00004305  -0.00025162
 N   7.0   0.03021375   0.01539579   2.51579561  14.00307400   0.00032600   0.00018828  -0.00003178
 H   1.0   1.60803798  -0.00517075  -0.97854847   1.00782500   0.00135343  -0.00024366   0.00131921
 H   1.0   1.58902081  -0.00321822   3.40166844   1.00782500  -0.00096199  -0.00076517   0.00033940
 H   1.0  -1.71133409  -0.11928624   3.34772458   1.00782500  -0.00192615  -0.00126832   0.00219040
 H   1.0  -1.52310820   0.10149005  -1.22027951   1.00782500   0.00043445   0.00017371  -0.00041151
States
Ekin        0.017935058864 a.u.
Epot_harm   0.017285913269 a.u.
Epot        0.017285913269 a.u.
Etot_harm   0.035220972133 a.u.
Etot        0.035220972133 a.u.


Index     886
Atoms
 C   6.0  -0.00623425   0.01491614   0.16159340  12.00000000  -0.00003901  -0.00011745  -0.00039083
 N   7.0  -0.02539176  -0.03414708   2.42301236  14.00307400   0.00020605   0.00004909   0.00023122
 H   1.0   1.76450186   0.07179887  -0.98662605   1.00782500   0.00093222   0.00011179   0.00050801
 H   1.0   1.80663145   0.06899635   3.25582374   1.00782500  -0.00395121   0.00019755  -0.00118015
 H   1.0  -1.54081062   0.25727011   3.32804165   1.00782500   0.00068588  -0.00032733   0.00161668
 H   1.0  -1.60329045  -0.10121783  -0.99232359   1.00782500  -0.00006527   0.00073432   0.00049637
States
Ekin        0.023465654359 a.u.
Epot_harm   0.026814232107 a.u.
Epot        0.026814232107 a.u.
Etot_harm   0.050279886466 a.u.
Etot        0.050279886466 a.u.


Index     887
Atoms
 C   6.0  -0.03914885  -0.00371602   0.07028122  12.00000000  -0.00019459  -0.00036246  -0.00029461
 N   7.0   0.02951798   0.01581045   2.48667725  14.00307400   0.00021814   0.00018831  -0.00011390
 H   1.0   1.46844195  -0.02762603  -0.75272410   1.00782500   0.00009707   0.00093875   0.00064605
 H   1.0   1.54629386  -0.05834381   3.48117964   1.00782500   0.00042839  -0.00012241   0.00273928
 H   1.0  -1.50604657  -0.10140103   3.31652331   1.00782500  -0.00165949  -0.00092421   0.00054520
 H   1.0  -1.45268374   0.01194091  -1.23740699   1.00782500   0.00042000   0.00180711   0.00115992
States
Ekin        0.020291755378 a.u.
Epot_harm   0.041748647974 a.u.
Epot        0.041748647974 a.u.
Etot_harm   0.062040403352 a.u.
Etot        0.062040403352 a.u.


Index     888
Atoms
 C   6.0   0.01819758   0.05763765   0.07586825  12.00000000   0.00023337  -0.00010003  -0.00037783
 N   7.0   0.00148256  -0.03260385   2.48286042  14.00307400  -0.00062881  -0.00013508   0.00003371
 H   1.0   1.63917722  -0.12916409  -1.27593524   1.00782500  -0.00031477   0.00062333  -0.00016798
 H   1.0   1.38055687   0.00510243   3.52557247   1.00782500   0.00461042   0.00111600   0.00130524
 H   1.0  -1.56107821   0.18835391   3.56295646   1.00782500   0.00069336   0.00049877   0.00088041
 H   1.0  -1.69593051  -0.29756455  -1.01851314   1.00782500   0.00096915   0.00082984   0.00201272
States
Ekin        0.036907157177 a.u.
Epot_harm   0.022674874997 a.u.
Epot        0.022674874997 a.u.
Etot_harm   0.059582032173 a.u.
Etot        0.059582032173 a.u.


Index     889
Atoms
 C   6.0  -0.03135102  -0.02688724   0.03893493  12.00000000  -0.00014585   0.00021609   0.00028358
 N   7.0   0.00463154   0.03100342   2.50101023  14.00307400   0.00018730  -0.00016589  -0.00001266
 H   1.0   1.91406769   0.05268991  -0.85421939   1.00782500  -0.00168656  -0.00170887   0.00004485
 H   1.0   1.88593450  -0.10606837   3.39879750   1.00782500   0.00066307   0.00180093  -0.00227250
 H   1.0  -1.80724966  -0.15385598   3.42216718   1.00782500  -0.00287493  -0.00051352   0.00018082
 H   1.0  -1.68381360   0.09660383  -0.98508584   1.00782500   0.00303268   0.00015343  -0.00115380
States
Ekin        0.033434215803 a.u.
Epot_harm   0.025036222825 a.u.
Epot        0.025036222825 a.u.
Etot_harm   0.058470438629 a.u.
Etot        0.058470438629 a.u.


Index     890
Atoms
 C   6.0  -0.03229475   0.00798922   0.07124376  12.00000000  -0.00001440  -0.00006039   0.00032099
 N   7.0   0.04016439   0.01144314   2.45454387  14.00307400  -0.00012746   0.00016526  -0.00011568
 H   1.0   1.78811924  -0.11403311  -0.89388046   1.00782500   0.00123459  -0.00011536  -0.00234168
 H   1.0   1.36625960  -0.00779757   3.60080000   1.00782500   0.00037364  -0.00085833   0.00108967
 H   1.0  -1.65045528  -0.13687390   3.34697898   1.00782500   0.00074763  -0.00066849  -0.00028712
 H   1.0  -1.67745355   0.00458331  -0.81131492   1.00782500  -0.00041352   0.00006514  -0.00067554
States
Ekin        0.011858966052 a.u.
Epot_harm   0.017751888970 a.u.
Epot        0.017751888970 a.u.
Etot_harm   0.029610855022 a.u.
Etot        0.029610855022 a.u.


Index     891
Atoms
 C   6.0   0.01158552   0.00061792  -0.01719073  12.00000000  -0.00004551   0.00003060   0.00081503
 N   7.0   0.00238436  -0.03603147   2.55288945  14.00307400  -0.00022120  -0.00015582  -0.00059295
 H   1.0   1.62122618   0.06413625  -0.99063507   1.00782500  -0.00019516  -0.00029237  -0.00147176
 H   1.0   1.61408510   0.18160218   3.55883790   1.00782500   0.00284922   0.00140233   0.00063184
 H   1.0  -1.59428484   0.20380957   3.40783911   1.00782500  -0.00035865   0.00029079   0.00014525
 H   1.0  -1.81210232   0.04372841  -1.04693189   1.00782500   0.00131996   0.00039994  -0.00077102
States
Ekin        0.026994719354 a.u.
Epot_harm   0.019235581499 a.u.
Epot        0.019235581499 a.u.
Etot_harm   0.046230300853 a.u.
Etot        0.046230300853 a.u.


Index     892
Atoms
 C   6.0   0.01225057  -0.00613124   0.11923474  12.00000000   0.00023227   0.00002079   0.00003812
 N   7.0  -0.00904330   0.04839635   2.47921232  14.00307400  -0.00015830  -0.00012718  -0.00014056
 H   1.0   1.63797989   0.08511588  -1.04486380   1.00782500  -0.00018217   0.00020630   0.00028605
 H   1.0   1.79498933  -0.39657851   3.23606776   1.00782500  -0.00059149   0.00060666   0.00126185
 H   1.0  -1.71256724  -0.10667133   3.15160659   1.00782500   0.00238162   0.00067593   0.00079957
 H   1.0  -1.74061662  -0.18129825  -1.01439934   1.00782500  -0.00217406   0.00003072  -0.00084843
States
Ekin        0.014883387618 a.u.
Epot_harm   0.026478996977 a.u.
Epot        0.026478996977 a.u.
Etot_harm   0.041362384595 a.u.
Etot        0.041362384595 a.u.


Index     893
Atoms
 C   6.0  -0.03454009   0.05905805   0.10172046  12.00000000   0.00005932  -0.00029640   0.00019318
 N   7.0   0.04216388  -0.02852077   2.46414509  14.00307400  -0.00013006   0.00016239  -0.00026951
 H   1.0   1.70989090  -0.29795452  -0.78247416   1.00782500  -0.00030184   0.00097744  -0.00091560
 H   1.0   1.51106717   0.15081371   3.25318584   1.00782500   0.00118268  -0.00039531   0.00075275
 H   1.0  -1.78354755  -0.00508803   3.55227238   1.00782500  -0.00058053  -0.00036837   0.00072816
 H   1.0  -1.61198731  -0.15468767  -1.27668399   1.00782500   0.00080042   0.00105913   0.00087923
States
Ekin        0.009831281782 a.u.
Epot_harm   0.041385154735 a.u.
Epot        0.041385154735 a.u.
Etot_harm   0.051216436517 a.u.
Etot        0.051216436517 a.u.


Index     894
Atoms
 C   6.0   0.01236861  -0.05368647   0.05249838  12.00000000   0.00011203   0.00001603  -0.00025152
 N   7.0   0.00068575   0.02414047   2.47917275  14.00307400  -0.00006139   0.00018054   0.00012140
 H   1.0   1.77230140   0.25364462  -0.86639075   1.00782500  -0.00103041  -0.00099009   0.00175754
 H   1.0   1.73850199  -0.10571146   3.48150680   1.00782500  -0.00066889  -0.00044690  -0.00055829
 H   1.0  -1.74626396  -0.00757042   3.20587115   1.00782500   0.00159221  -0.00145317  -0.00008767
 H   1.0  -1.92133847   0.16345671  -0.69740781   1.00782500  -0.00037375   0.00019081   0.00019636
States
Ekin        0.011573601238 a.u.
Epot_harm   0.018544803572 a.u.
Epot        0.018544803572 a.u.
Etot_harm   0.030118404810 a.u.
Etot        0.030118404810 a.u.


Index     895
Atoms
 C   6.0   0.01470924  -0.05759896   0.06540041  12.00000000   0.00021982   0.00027442  -0.00010139
 N   7.0  -0.00853815   0.01698410   2.49574891  14.00307400  -0.00023438  -0.00013225   0.00027868
 H   1.0   1.77711489   0.15458557  -1.08518695   1.00782500  -0.00226185  -0.00093966   0.00162744
 H   1.0   1.55757743   0.07767123   3.39072545   1.00782500   0.00241105  -0.00025036   0.00090615
 H   1.0  -1.55885752  -0.10342646   3.31944018   1.00782500   0.00255670   0.00095155  -0.00288188
 H   1.0  -1.83234315   0.32100763  -0.88533660   1.00782500  -0.00206667  -0.00119139  -0.00231652
States
Ekin        0.042285217077 a.u.
Epot_harm   0.017504917006 a.u.
Epot        0.017504917006 a.u.
Etot_harm   0.059790134084 a.u.
Etot        0.059790134084 a.u.


Index     896
Atoms
 C   6.0   0.00890709  -0.00696565   0.15806813  12.00000000   0.00024941  -0.00003276  -0.00054547
 N   7.0  -0.00397347  -0.00494513   2.38729947  14.00307400  -0.00037053   0.00008086   0.00035946
 H   1.0   1.71631475   0.14453208  -1.03472364   1.00782500  -0.00198053   0.00061317  -0.00073262
 H   1.0   1.42060139  -0.07794593   3.65299076   1.00782500   0.00232278  -0.00132564   0.00083851
 H   1.0  -1.36560210   0.15002355   3.64332735   1.00782500   0.00017256   0.00056074   0.00036357
 H   1.0  -1.82216046  -0.06496158  -1.11849648   1.00782500   0.00166378  -0.00058168   0.00103089
States
Ekin        0.023450576338 a.u.
Epot_harm   0.039048738705 a.u.
Epot        0.039048738705 a.u.
Etot_harm   0.062499315044 a.u.
Etot        0.062499315044 a.u.


Index     897
Atoms
 C   6.0  -0.04640438   0.03545561   0.01267134  12.00000000   0.00002742   0.00010658   0.00035265
 N   7.0   0.00940420  -0.05144013   2.50122398  14.00307400   0.00055376  -0.00010973  -0.00056550
 H   1.0   2.12425612  -0.18044996  -0.79717202   1.00782500  -0.00062237   0.00030660   0.00132582
 H   1.0   1.71748957   0.33543077   3.48765979   1.00782500  -0.00216410  -0.00065587   0.00108569
 H   1.0  -1.65207451   0.12073674   3.63990443   1.00782500  -0.00324021   0.00168764   0.00230718
 H   1.0  -1.76780746   0.01684580  -1.03898655   1.00782500  -0.00199400  -0.00108283  -0.00106034
States
Ekin        0.040549532669 a.u.
Epot_harm   0.031708702938 a.u.
Epot        0.031708702938 a.u.
Etot_harm   0.072258235607 a.u.
Etot        0.072258235607 a.u.


Index     898
Atoms
 C   6.0  -0.04684364  -0.00655008   0.07207173  12.00000000  -0.00007931  -0.00010188  -0.00027367
 N   7.0   0.01797236   0.00436968   2.45900074  14.00307400   0.00053202   0.00006962   0.00060824
 H   1.0   1.83957572   0.20162070  -0.85711851   1.00782500  -0.00177797   0.00011371   0.00039087
 H   1.0   1.43937781  -0.20871686   3.51948724   1.00782500  -0.00241699   0.00001994  -0.00060711
 H   1.0  -1.44029715   0.17959283   3.64456178   1.00782500  -0.00126348  -0.00032417  -0.00134223
 H   1.0  -1.53061153  -0.15521983  -1.13613071   1.00782500  -0.00098926   0.00043625  -0.00363415
States
Ekin        0.034591086350 a.u.
Epot_harm   0.022106804280 a.u.
Epot        0.022106804280 a.u.
Etot_harm   0.056697890630 a.u.
Etot        0.056697890630 a.u.


Index     899
Atoms
 C   6.0   0.02087205   0.01831058   0.00955133  12.00000000   0.00025039  -0.00018095   0.00012868
 N   7.0   0.01826592  -0.03613265   2.51939487  14.00307400  -0.00043736   0.00012665  -0.00048612
 H   1.0   1.66201338   0.04704874  -1.08352994   1.00782500  -0.00276160   0.00020767   0.00240003
 H   1.0   1.50064712   0.08841543   3.54134897   1.00782500   0.00542601   0.00013196   0.00170843
 H   1.0  -1.81955642   0.24994757   3.45983161   1.00782500  -0.00049691  -0.00090973   0.00077490
 H   1.0  -1.84541714  -0.10139308  -0.84156834   1.00782500   0.00092802   0.00096495   0.00033885
States
Ekin        0.052283122780 a.u.
Epot_harm   0.017040805217 a.u.
Epot        0.017040805217 a.u.
Etot_harm   0.069323927997 a.u.
Etot        0.069323927997 a.u.


Index     900
Atoms
 C   6.0   0.00653915  -0.01221526   0.02408150  12.00000000  -0.00011028  -0.00026265  -0.00024274
 N   7.0  -0.02154888   0.01515262   2.54230604  14.00307400   0.00034411   0.00029170   0.00028857
 H   1.0   1.87509295   0.02563428  -1.03141637   1.00782500   0.00048350   0.00066209  -0.00041018
 H   1.0   1.73712678  -0.05759771   3.11040393   1.00782500  -0.00007056  -0.00101723   0.00033468
 H   1.0  -1.68184844  -0.07195618   3.41987947   1.00782500  -0.00311279  -0.00156047  -0.00103302
 H   1.0  -1.70882419   0.03882883  -0.91412882   1.00782500  -0.00076836   0.00098995  -0.00001070
States
Ekin        0.020601707114 a.u.
Epot_harm   0.022381653514 a.u.
Epot        0.022381653514 a.u.
Etot_harm   0.042983360627 a.u.
Etot        0.042983360627 a.u.


Index     901
Atoms
 C   6.0  -0.02535306  -0.02049513   0.07151824  12.00000000  -0.00045690  -0.00024826   0.00031683
 N   7.0  -0.01290663   0.00763455   2.46118380  14.00307400   0.00059089  -0.00006140  -0.00021920
 H   1.0   1.77959321   0.04382809  -0.60591387   1.00782500   0.00090053   0.00032566  -0.00085312
 H   1.0   1.54488848   0.02852482   3.19590931   1.00782500   0.00071967   0.00178026   0.00021620
 H   1.0  -1.31125891  -0.05478451   3.60274593   1.00782500  -0.00577462  -0.00040398   0.00191188
 H   1.0  -1.53201901   0.12038652  -1.04568345   1.00782500   0.00138464   0.00210708  -0.00200174
States
Ekin        0.057797647566 a.u.
Epot_harm   0.033708563730 a.u.
Epot        0.033708563730 a.u.
Etot_harm   0.091506211296 a.u.
Etot        0.091506211296 a.u.


Index     902
Atoms
 C   6.0   0.01028071  -0.03529251  -0.02636552  12.00000000  -0.00036224  -0.00015136   0.00008461
 N   7.0  -0.02678411   0.04979013   2.55064345  14.00307400  -0.00030452   0.00020061  -0.00047786
 H   1.0   1.77401009   0.20309573  -1.24807764   1.00782500   0.00152500   0.00036352   0.00186641
 H   1.0   1.76220496  -0.34941832   3.52921353   1.00782500   0.00182372  -0.00103761   0.00087985
 H   1.0  -1.69302497  -0.08946712   3.82614602   1.00782500   0.00246749  -0.00077196  -0.00013618
 H   1.0  -1.59345297  -0.03578994  -1.03772260   1.00782500   0.00272801   0.00046090   0.00302207
States
Ekin        0.038201134022 a.u.
Epot_harm   0.041617377280 a.u.
Epot        0.041617377280 a.u.
Etot_harm   0.079818511301 a.u.
Etot        0.079818511301 a.u.


Index     903
Atoms
 C   6.0   0.03954216   0.02082218  -0.00377008  12.00000000   0.00004042  -0.00006827  -0.00035149
 N   7.0  -0.02697547   0.00238412   2.50733750  14.00307400  -0.00028409   0.00004221   0.00085834
 H   1.0   1.81791147  -0.14750600  -0.90982397   1.00782500   0.00152787  -0.00011993  -0.00347186
 H   1.0   1.78414972   0.01122284   3.44884872   1.00782500  -0.00069404   0.00015034  -0.00197905
 H   1.0  -1.71576510  -0.09348678   3.88770090   1.00782500   0.00206288  -0.00026045  -0.00171029
 H   1.0  -1.98231123  -0.05128206  -1.02449827   1.00782500   0.00056923   0.00045647  -0.00057978
States
Ekin        0.036670449575 a.u.
Epot_harm   0.044543755467 a.u.
Epot        0.044543755467 a.u.
Etot_harm   0.081214205041 a.u.
Etot        0.081214205041 a.u.


Index     904
Atoms
 C   6.0  -0.02501110   0.02546908   0.12662175  12.00000000   0.00006078  -0.00027626  -0.00004049
 N   7.0   0.01035884  -0.03766242   2.42901331  14.00307400   0.00009463   0.00013193  -0.00020707
 H   1.0   1.77328639  -0.05492448  -0.94192861   1.00782500  -0.00223900   0.00112388  -0.00002442
 H   1.0   1.68688398   0.16470455   3.53194004   1.00782500  -0.00046244  -0.00049198   0.00219692
 H   1.0  -1.64351386   0.17061715   3.25430094   1.00782500  -0.00034764   0.00009547   0.00217489
 H   1.0  -1.66278303  -0.06035836  -0.90637448   1.00782500   0.00101062   0.00072889  -0.00098823
States
Ekin        0.019210800051 a.u.
Epot_harm   0.016345922327 a.u.
Epot        0.016345922327 a.u.
Etot_harm   0.035556722378 a.u.
Etot        0.035556722378 a.u.


Index     905
Atoms
 C   6.0   0.02420684   0.00029989   0.07410721  12.00000000  -0.00056016   0.00009648   0.00040497
 N   7.0  -0.00386287   0.01949367   2.50497718  14.00307400  -0.00013922  -0.00027481  -0.00029243
 H   1.0   1.57755343   0.04589221  -1.15697886   1.00782500   0.00370072   0.00027401  -0.00302803
 H   1.0   1.64104746  -0.18998041   3.43829985   1.00782500   0.00155137   0.00091029   0.00156363
 H   1.0  -1.64372149  -0.02025974   3.43939063   1.00782500   0.00107660   0.00169432   0.00006311
 H   1.0  -1.80943406  -0.11007473  -1.21296062   1.00782500   0.00227545  -0.00020906   0.00064245
States
Ekin        0.042886115569 a.u.
Epot_harm   0.017726242662 a.u.
Epot        0.017726242662 a.u.
Etot_harm   0.060612358230 a.u.
Etot        0.060612358230 a.u.


Index     906
Atoms
 C   6.0  -0.01182397  -0.00929250  -0.00948985  12.00000000  -0.00003523  -0.00011931   0.00027580
 N   7.0   0.01696837  -0.02571886   2.52498437  14.00307400   0.00014095  -0.00000004  -0.00035103
 H   1.0   1.89516092  -0.07275668  -1.06727243   1.00782500   0.00074478  -0.00001742  -0.00062284
 H   1.0   1.38115713   0.32050526   3.55973673   1.00782500   0.00105813   0.00086871   0.00128607
 H   1.0  -1.62665068  -0.01892069   3.54025751   1.00782500  -0.00269038  -0.00046997   0.00060299
 H   1.0  -1.74464597   0.23916306  -0.80758197   1.00782500  -0.00065157   0.00103986   0.00032727
States
Ekin        0.015613230580 a.u.
Epot_harm   0.030045170445 a.u.
Epot        0.030045170445 a.u.
Etot_harm   0.045658401026 a.u.
Etot        0.045658401026 a.u.


Index     907
Atoms
 C   6.0  -0.04583365  -0.04674800   0.03740343  12.00000000   0.00021393  -0.00005903  -0.00044846
 N   7.0   0.03569083   0.00143938   2.48400515  14.00307400  -0.00003475  -0.00024035   0.00030348
 H   1.0   1.87339466   0.08089449  -1.01319214   1.00782500  -0.00153850   0.00076328   0.00081124
 H   1.0   1.50708280   0.19901723   3.83857502   1.00782500  -0.00108394   0.00122425  -0.00207066
 H   1.0  -1.61393995  -0.08729444   3.47410956   1.00782500  -0.00021737   0.00160170   0.00009674
 H   1.0  -1.71670507   0.34400393  -1.06332317   1.00782500   0.00077538   0.00045315   0.00228571
States
Ekin        0.022346001015 a.u.
Epot_harm   0.022032929288 a.u.
Epot        0.022032929288 a.u.
Etot_harm   0.044378930303 a.u.
Etot        0.044378930303 a.u.


Index     908
Atoms
 C   6.0   0.03575915   0.00874444   0.03096769  12.00000000  -0.00021273  -0.00011167   0.00055332
 N   7.0  -0.01845502  -0.06753878   2.50884981  14.00307400   0.00017370  -0.00008119  -0.00027026
 H   1.0   1.71636631   0.09525517  -1.11695147   1.00782500   0.00130699   0.00099429   0.00039550
 H   1.0   1.76024115   0.31933151   3.54814299   1.00782500  -0.00099434   0.00015239  -0.00155054
 H   1.0  -1.70806365   0.38246008   3.31977135   1.00782500   0.00007505   0.00101662  -0.00025481
 H   1.0  -1.93790136   0.03724227  -0.78336472   1.00782500  -0.00026821   0.00029436  -0.00142336
States
Ekin        0.014167313709 a.u.
Epot_harm   0.023317054145 a.u.
Epot        0.023317054145 a.u.
Etot_harm   0.037484367855 a.u.
Etot        0.037484367855 a.u.


Index     909
Atoms
 C   6.0  -0.00509915  -0.00855171   0.07402597  12.00000000  -0.00068428   0.00006713  -0.00008780
 N   7.0   0.02412333   0.00556257   2.49482705  14.00307400  -0.00019467   0.00018117   0.00030303
 H   1.0   1.61966182   0.06909576  -0.95732475   1.00782500   0.00300691  -0.00125577  -0.00155256
 H   1.0   1.58670388  -0.06023035   3.53244849   1.00782500   0.00356706  -0.00041596  -0.00017376
 H   1.0  -1.64165372   0.02373694   3.31120809   1.00782500   0.00061914  -0.00179633  -0.00033756
 H   1.0  -1.83917523  -0.00806696  -1.23658417   1.00782500   0.00365929   0.00015160  -0.00110103
States
Ekin        0.048067497103 a.u.
Epot_harm   0.017488854783 a.u.
Epot        0.017488854783 a.u.
Etot_harm   0.065556351887 a.u.
Etot        0.065556351887 a.u.


Index     910
Atoms
 C   6.0  -0.01836803   0.05632509   0.08657454  12.00000000   0.00020841  -0.00002368  -0.00011742
 N   7.0  -0.00544704  -0.01243322   2.47867767  14.00307400  -0.00041421   0.00002481   0.00002428
 H   1.0   1.54962733  -0.39609141  -1.06990252   1.00782500   0.00206517   0.00048133  -0.00065882
 H   1.0   1.67973369   0.16098407   3.65359352   1.00782500   0.00307176  -0.00051936   0.00142350
 H   1.0  -1.40425170  -0.18065366   3.41558480   1.00782500   0.00074736   0.00042859  -0.00077154
 H   1.0  -1.53072129  -0.08214064  -1.27455664   1.00782500  -0.00261070  -0.00045327   0.00106758
States
Ekin        0.026881317411 a.u.
Epot_harm   0.039267010811 a.u.
Epot        0.039267010811 a.u.
Etot_harm   0.066148328222 a.u.
Etot        0.066148328222 a.u.


Index     911
Atoms
 C   6.0   0.04189542   0.04708436   0.05296772  12.00000000  -0.00012089   0.00007078  -0.00048763
 N   7.0  -0.05854541  -0.00981091   2.50563837  14.00307400  -0.00002729   0.00031186   0.00060119
 H   1.0   1.76329766  -0.29563455  -1.14645404   1.00782500  -0.00217277  -0.00080535  -0.00020559
 H   1.0   1.87321028   0.09184278   3.33666834   1.00782500  -0.00184015  -0.00159184   0.00004354
 H   1.0  -1.50443487  -0.11454309   3.32632130   1.00782500   0.00288142  -0.00211665  -0.00214931
 H   1.0  -1.81746420  -0.10597440  -0.76626725   1.00782500   0.00295006  -0.00066211  -0.00023575
States
Ekin        0.043601304955 a.u.
Epot_harm   0.037010130519 a.u.
Epot        0.037010130519 a.u.
Etot_harm   0.080611435474 a.u.
Etot        0.080611435474 a.u.


Index     912
Atoms
 C   6.0  -0.04130846  -0.00038073   0.08192503  12.00000000   0.00003782   0.00017575   0.00040966
 N   7.0   0.03472834  -0.00788810   2.47676936  14.00307400   0.00019878  -0.00022537  -0.00025630
 H   1.0   1.85651666  -0.09591815  -0.80420605   1.00782500  -0.00159283  -0.00059445   0.00037859
 H   1.0   1.51232221   0.16269361   3.34452821   1.00782500   0.00191914   0.00147706  -0.00026282
 H   1.0  -1.65605351  -0.07691523   3.62242397   1.00782500  -0.00341910   0.00048772  -0.00139810
 H   1.0  -1.70346044   0.12427307  -1.35615132   1.00782500  -0.00011955  -0.00033164  -0.00003430
States
Ekin        0.025397435435 a.u.
Epot_harm   0.026477859145 a.u.
Epot        0.026477859145 a.u.
Etot_harm   0.051875294579 a.u.
Etot        0.051875294579 a.u.


Index     913
Atoms
 C   6.0  -0.01139644   0.00277476   0.10168495  12.00000000  -0.00001003   0.00012635  -0.00021206
 N   7.0  -0.01010223   0.02182488   2.45986738  14.00307400   0.00043364   0.00003345   0.00008765
 H   1.0   1.87042019  -0.08923023  -1.06305820   1.00782500   0.00023557  -0.00059644   0.00173945
 H   1.0   1.58844381  -0.07519781   3.27496310   1.00782500  -0.00480017  -0.00018092  -0.00123811
 H   1.0  -1.59715189  -0.16681999   3.35518723   1.00782500   0.00004095  -0.00055191  -0.00012059
 H   1.0  -1.58565271  -0.00503312  -0.76093324   1.00782500  -0.00138201  -0.00063993   0.00092639
States
Ekin        0.032192051554 a.u.
Epot_harm   0.027808827877 a.u.
Epot        0.027808827877 a.u.
Etot_harm   0.060000879432 a.u.
Etot        0.060000879432 a.u.


Index     914
Atoms
 C   6.0  -0.01738119   0.03094558   0.00314800  12.00000000  -0.00014131  -0.00029096  -0.00007881
 N   7.0   0.00846350  -0.03521414   2.52756564  14.00307400  -0.00063807   0.00016481  -0.00048111
 H   1.0   1.84135221  -0.19033068  -0.92410538   1.00782500   0.00049109   0.00188037   0.00091394
 H   1.0   1.49736807   0.25988013   3.54668698   1.00782500   0.00839388  -0.00073539   0.00403051
 H   1.0  -1.45778263   0.03423893   3.60381470   1.00782500  -0.00034551  -0.00005221   0.00117948
 H   1.0  -1.79157764   0.01702555  -1.18759827   1.00782500   0.00200860   0.00008179   0.00149912
States
Ekin        0.101610479558 a.u.
Epot_harm   0.018582826961 a.u.
Epot        0.018582826961 a.u.
Etot_harm   0.120193306518 a.u.
Etot        0.120193306518 a.u.


Index     915
Atoms
 C   6.0   0.02067923   0.01968095   0.10462337  12.00000000  -0.00048112  -0.00006965  -0.00011161
 N   7.0  -0.03188163   0.03033973   2.47460098  14.00307400   0.00005585  -0.00000752   0.00019636
 H   1.0   1.93573081  -0.06269642  -1.21447289   1.00782500   0.00086264   0.00019883  -0.00008930
 H   1.0   1.85338205  -0.27190609   3.28521812   1.00782500  -0.00006626   0.00003209   0.00038355
 H   1.0  -1.72986584  -0.10758468   3.43806037   1.00782500   0.00165495   0.00029943  -0.00143099
 H   1.0  -1.86249651  -0.21370146  -0.94234792   1.00782500   0.00250135   0.00040337  -0.00026270
States
Ekin        0.014619008109 a.u.
Epot_harm   0.039441081758 a.u.
Epot        0.039441081758 a.u.
Etot_harm   0.054060089868 a.u.
Etot        0.054060089868 a.u.


Index     916
Atoms
 C   6.0   0.05492497  -0.01774087   0.04974666  12.00000000   0.00007253   0.00012384   0.00075096
 N   7.0  -0.01980361   0.01805075   2.48973782  14.00307400  -0.00011376  -0.00031493  -0.00076715
 H   1.0   1.73757087   0.25891690  -1.02715917   1.00782500  -0.00044364   0.00039105   0.00038262
 H   1.0   1.56592354  -0.29685563   3.47463643   1.00782500   0.00165342   0.00076399   0.00172991
 H   1.0  -1.54674652   0.15120020   3.50764047   1.00782500   0.00060945   0.00220246   0.00096638
 H   1.0  -2.13557184  -0.15282735  -0.94556895   1.00782500  -0.00110228  -0.00045627  -0.00136140
States
Ekin        0.030331873470 a.u.
Epot_harm   0.039099218516 a.u.
Epot        0.039099218516 a.u.
Etot_harm   0.069431091987 a.u.
Etot        0.069431091987 a.u.


Index     917
Atoms
 C   6.0   0.03004954  -0.01018270   0.01579257  12.00000000  -0.00046164   0.00011673  -0.00084050
 N   7.0  -0.04927465   0.00950724   2.52541690  14.00307400   0.00019709  -0.00010106   0.00065420
 H   1.0   1.86798776   0.23388753  -1.11278290   1.00782500   0.00272273  -0.00043009  -0.00132573
 H   1.0   1.68696932  -0.25713646   3.17209241   1.00782500  -0.00082027   0.00051876   0.00040208
 H   1.0  -1.53445464   0.18270172   3.80522871   1.00782500  -0.00130783   0.00009103  -0.00101407
 H   1.0  -1.69365790  -0.17030604  -0.94644154   1.00782500   0.00216367  -0.00016547   0.00285573
States
Ekin        0.040259165675 a.u.
Epot_harm   0.024172604346 a.u.
Epot        0.024172604346 a.u.
Etot_harm   0.064431770021 a.u.
Etot        0.064431770021 a.u.


Index     918
Atoms
 C   6.0  -0.00629534   0.03283722   0.11520584  12.00000000  -0.00028130  -0.00039483   0.00009391
 N   7.0   0.00696264   0.01422488   2.44456286  14.00307400   0.00013449   0.00016628   0.00019738
 H   1.0   1.85670881  -0.11318465  -1.15109085   1.00782500   0.00251080   0.00060913  -0.00310366
 H   1.0   1.65773366  -0.18642726   3.48083537   1.00782500  -0.00049528   0.00039706  -0.00117650
 H   1.0  -1.79825626  -0.05573213   3.33615786   1.00782500  -0.00202759  -0.00101340  -0.00045155
 H   1.0  -1.73797007  -0.23328864  -0.80808810   1.00782500   0.00149288   0.00239806   0.00087111
States
Ekin        0.033367378511 a.u.
Epot_harm   0.024117771627 a.u.
Epot        0.024117771627 a.u.
Etot_harm   0.057485150138 a.u.
Etot        0.057485150138 a.u.


Index     919
Atoms
 C   6.0   0.06140360  -0.00841375   0.06663040  12.00000000  -0.00030547  -0.00009727   0.00055840
 N   7.0  -0.02647309  -0.05155433   2.48408872  14.00307400   0.00017374   0.00027325  -0.00001353
 H   1.0   1.41643498   0.14533949  -1.33533694   1.00782500   0.00461972   0.00155051  -0.00166197
 H   1.0   1.78109238   0.26066317   3.59734599   1.00782500  -0.00084688  -0.00252193   0.00029216
 H   1.0  -1.80071368   0.31608569   3.79146754   1.00782500   0.00163079  -0.00023509  -0.00143334
 H   1.0  -1.76010949   0.09440673  -1.16646897   1.00782500  -0.00418048  -0.00143191  -0.00365766
States
Ekin        0.071658261476 a.u.
Epot_harm   0.068203344985 a.u.
Epot        0.068203344985 a.u.
Etot_harm   0.139861606460 a.u.
Etot        0.139861606460 a.u.


Index     920
Atoms
 C   6.0   0.02511767  -0.05618651   0.03219861  12.00000000  -0.00052464  -0.00025329   0.00046126
 N   7.0  -0.00640029   0.03303499   2.49382091  14.00307400   0.00029896  -0.00001494  -0.00067592
 H   1.0   1.71657185   0.38594922  -1.25895088   1.00782500   0.00292537   0.00133914   0.00138606
 H   1.0   1.45258075  -0.29681535   3.75457727   1.00782500  -0.00108212   0.00095202  -0.00047159
 H   1.0  -1.53024060   0.09478008   3.41574719   1.00782500  -0.00140641  -0.00010624  -0.00002050
 H   1.0  -1.84905599   0.02608943  -0.74961509   1.00782500   0.00165616   0.00103850   0.00300539
States
Ekin        0.040453009407 a.u.
Epot_harm   0.022267966430 a.u.
Epot        0.022267966430 a.u.
Etot_harm   0.062720975837 a.u.
Etot        0.062720975837 a.u.


Index     921
Atoms
 C   6.0   0.02665958   0.02415256  -0.01698552  12.00000000   0.00007662  -0.00022484   0.00022774
 N   7.0   0.01840634   0.00672682   2.54517999  14.00307400  -0.00003163  -0.00014326  -0.00007462
 H   1.0   1.67260815   0.04562633  -1.15010628   1.00782500  -0.00020434   0.00194887  -0.00072747
 H   1.0   1.43099288  -0.25089021   3.53576165   1.00782500  -0.00213097   0.00089281   0.00031426
 H   1.0  -1.80761551   0.11291192   3.44749703   1.00782500   0.00270797   0.00128177  -0.00107599
 H   1.0  -1.86916076  -0.28869324  -0.79936786   1.00782500  -0.00084546   0.00054422  -0.00018555
States
Ekin        0.021092693722 a.u.
Epot_harm   0.027641057848 a.u.
Epot        0.027641057848 a.u.
Etot_harm   0.048733751571 a.u.
Etot        0.048733751571 a.u.


Index     922
Atoms
 C   6.0   0.03189628  -0.05271524   0.02915581  12.00000000   0.00002147   0.00001544   0.00017564
 N   7.0  -0.02821643  -0.00417965   2.49843122  14.00307400  -0.00033050  -0.00024377  -0.00035242
 H   1.0   1.93696142   0.23761682  -0.76161990   1.00782500  -0.00059780   0.00091896   0.00045876
 H   1.0   1.68382471   0.10623333   3.22753294   1.00782500   0.00126938   0.00062694   0.00033996
 H   1.0  -1.54143985   0.08209017   3.40727590   1.00782500   0.00185131   0.00211109   0.00101978
 H   1.0  -2.06708083   0.25980459  -0.73925764   1.00782500   0.00181343  -0.00045388   0.00098679
States
Ekin        0.019639316665 a.u.
Epot_harm   0.033790704693 a.u.
Epot        0.033790704693 a.u.
Etot_harm   0.053430021359 a.u.
Etot        0.053430021359 a.u.


Index     923
Atoms
 C   6.0   0.00742023  -0.01226312   0.07470284  12.00000000   0.00013160   0.00006609  -0.00001835
 N   7.0   0.01538995  -0.00432552   2.44434781  14.00307400   0.00000694   0.00000013   0.00006762
 H   1.0   1.68026179   0.11725410  -1.01000735   1.00782500  -0.00033561  -0.00035421  -0.00071260
 H   1.0   1.47566590  -0.01896875   3.72439996   1.00782500  -0.00097735  -0.00012345  -0.00299239
 H   1.0  -1.63372982   0.09880287   3.52576095   1.00782500  -0.00184937  -0.00003007   0.00120854
 H   1.0  -1.82438255   0.00902698  -0.89708908   1.00782500   0.00149905  -0.00028105   0.00177536
States
Ekin        0.019627601693 a.u.
Epot_harm   0.008185521074 a.u.
Epot        0.008185521074 a.u.
Etot_harm   0.027813122767 a.u.
Etot        0.027813122767 a.u.


Index     924
Atoms
 C   6.0  -0.07870670  -0.01977511   0.03871845  12.00000000   0.00025902   0.00001967   0.00036665
 N   7.0   0.05771636  -0.02349279   2.50176609  14.00307400   0.00011220   0.00025719  -0.00051258
 H   1.0   1.70140812   0.16573059  -0.75077017   1.00782500  -0.00022494  -0.00159774  -0.00047260
 H   1.0   1.55159191   0.11186626   3.79864412   1.00782500  -0.00222797  -0.00047451   0.00093406
 H   1.0  -1.53199467   0.19432272   3.26581262   1.00782500  -0.00047849  -0.00216263   0.00380626
 H   1.0  -1.58578953   0.08995625  -1.33995179   1.00782500  -0.00171172   0.00042722  -0.00151141
States
Ekin        0.037577238488 a.u.
Epot_harm   0.031296556328 a.u.
Epot        0.031296556328 a.u.
Etot_harm   0.068873794816 a.u.
Etot        0.068873794816 a.u.


Index     925
Atoms
 C   6.0  -0.01191754  -0.03771404  -0.00488558  12.00000000   0.00040549  -0.00016188  -0.00057276
 N   7.0  -0.01499917   0.02971184   2.53170134  14.00307400  -0.00028429  -0.00012579   0.00042558
 H   1.0   1.75191120   0.09714487  -1.09391068   1.00782500  -0.00108295   0.00059199  -0.00007958
 H   1.0   1.50892469  -0.07645028   3.51567625   1.00782500   0.00123497   0.00074836   0.00216350
 H   1.0  -1.40353346  -0.14014211   3.63802559   1.00782500   0.00178723   0.00111284  -0.00114588
 H   1.0  -1.50699852   0.15567534  -0.98280138   1.00782500  -0.00281739   0.00122208  -0.00003155
States
Ekin        0.031019787427 a.u.
Epot_harm   0.030865844113 a.u.
Epot        0.030865844113 a.u.
Etot_harm   0.061885631539 a.u.
Etot        0.061885631539 a.u.


Index     926
Atoms
 C   6.0  -0.00103212  -0.00764674   0.10931677  12.00000000   0.00013850  -0.00006056  -0.00011703
 N   7.0   0.02810923   0.01305357   2.40942152  14.00307400  -0.00006424   0.00004501   0.00010020
 H   1.0   1.74138773  -0.04072958  -0.67184168   1.00782500  -0.00257358   0.00134383   0.00034353
 H   1.0   1.48617331   0.00044362   3.40980651   1.00782500   0.00081175  -0.00139946   0.00056573
 H   1.0  -1.75869433  -0.11987656   3.50663042   1.00782500   0.00032438   0.00102543  -0.00064021
 H   1.0  -1.84713694   0.06984000  -0.82839474   1.00782500   0.00068091  -0.00087412  -0.00026781
States
Ekin        0.013795102459 a.u.
Epot_harm   0.027016277113 a.u.
Epot        0.027016277113 a.u.
Etot_harm   0.040811379572 a.u.
Etot        0.040811379572 a.u.


Index     927
Atoms
 C   6.0  -0.03556763  -0.03655034   0.09231654  12.00000000   0.00040880   0.00015117  -0.00020621
 N   7.0   0.04622561  -0.04116784   2.47074356  14.00307400  -0.00042565  -0.00014685   0.00005090
 H   1.0   1.75876035   0.25133686  -0.92792353   1.00782500  -0.00315688  -0.00011259   0.00042308
 H   1.0   1.38511281   0.25062245   3.57134953   1.00782500   0.00317296   0.00039037   0.00231384
 H   1.0  -1.59501901   0.29109327   3.09366426   1.00782500   0.00163233   0.00094417  -0.00049290
 H   1.0  -1.76763135   0.21414647  -0.97050090   1.00782500  -0.00060171  -0.00098155  -0.00049596
States
Ekin        0.033775682768 a.u.
Epot_harm   0.032230742645 a.u.
Epot        0.032230742645 a.u.
Etot_harm   0.066006425413 a.u.
Etot        0.066006425413 a.u.


Index     928
Atoms
 C   6.0  -0.04381339  -0.00861863   0.02023762  12.00000000   0.00014196  -0.00002390  -0.00010126
 N   7.0   0.04948056  -0.00273089   2.54339023  14.00307400  -0.00020936  -0.00005648  -0.00012669
 H   1.0   1.76449151   0.03173628  -0.97259560   1.00782500  -0.00073718  -0.00097470   0.00207906
 H   1.0   1.52472091   0.03961783   3.51040313   1.00782500   0.00150852   0.00160585  -0.00070759
 H   1.0  -1.76724272   0.01316938   3.14597186   1.00782500   0.00040392  -0.00094169  -0.00010170
 H   1.0  -1.68779143   0.05604105  -1.06833678   1.00782500   0.00004345   0.00137985   0.00169616
States
Ekin        0.016776350498 a.u.
Epot_harm   0.020661030475 a.u.
Epot        0.020661030475 a.u.
Etot_harm   0.037437380973 a.u.
Etot        0.037437380973 a.u.


Index     929
Atoms
 C   6.0   0.04535511   0.01064032   0.08119610  12.00000000  -0.00020856   0.00009479  -0.00007492
 N   7.0  -0.03810642   0.01461842   2.52869650  14.00307400   0.00056625   0.00010733  -0.00004311
 H   1.0   1.70030017   0.02983061  -1.29777507   1.00782500  -0.00260750  -0.00068062   0.00056657
 H   1.0   1.83981486  -0.20370479   3.09470322   1.00782500  -0.00333552  -0.00071930  -0.00248668
 H   1.0  -1.74160239   0.01770738   3.38901508   1.00782500  -0.00483874  -0.00071363   0.00387789
 H   1.0  -1.80908416  -0.17363922  -1.09216307   1.00782500   0.00539744  -0.00050628  -0.00046679
States
Ekin        0.091385158331 a.u.
Epot_harm   0.034159932279 a.u.
Epot        0.034159932279 a.u.
Etot_harm   0.125545090611 a.u.
Etot        0.125545090611 a.u.


Index     930
Atoms
 C   6.0  -0.00736003   0.04193860   0.03219281  12.00000000   0.00000707  -0.00033360  -0.00003594
 N   7.0   0.02642321  -0.02050869   2.48858687  14.00307400  -0.00042972   0.00016533  -0.00006908
 H   1.0   1.83662673  -0.27573130  -1.00273382   1.00782500   0.00200084   0.00094068  -0.00202243
 H   1.0   1.15531884   0.17870769   3.76326371   1.00782500  -0.00058832  -0.00031679   0.00121282
 H   1.0  -1.31257521  -0.07248008   3.56248891   1.00782500   0.00388472  -0.00035786   0.00117785
 H   1.0  -1.95886908  -0.04489717  -1.08846758   1.00782500   0.00058930   0.00140891   0.00101946
States
Ekin        0.032422375361 a.u.
Epot_harm   0.062131035150 a.u.
Epot        0.062131035150 a.u.
Etot_harm   0.094553410511 a.u.
Etot        0.094553410511 a.u.


Index     931
Atoms
 C   6.0  -0.00146518   0.01988865   0.08634900  12.00000000   0.00029662   0.00021432   0.00057960
 N   7.0   0.00939266  -0.00287693   2.42256497  14.00307400  -0.00002215  -0.00001771  -0.00032931
 H   1.0   1.88323643  -0.16641140  -0.99126768   1.00782500  -0.00252042  -0.00134786  -0.00106171
 H   1.0   1.43916942   0.07501078   3.85435999   1.00782500   0.00130437   0.00054164   0.00066893
 H   1.0  -1.46190271  -0.09821331   3.47133139   1.00782500  -0.00141374  -0.00090434  -0.00010889
 H   1.0  -1.97356248  -0.00722373  -0.82736954   1.00782500  -0.00059416  -0.00059522  -0.00182406
States
Ekin        0.023708324515 a.u.
Epot_harm   0.028516861207 a.u.
Epot        0.028516861207 a.u.
Etot_harm   0.052225185722 a.u.
Etot        0.052225185722 a.u.


Index     932
Atoms
 C   6.0   0.01038567  -0.03121881   0.11824878  12.00000000  -0.00019342  -0.00033157  -0.00003009
 N   7.0  -0.03718636   0.01490966   2.48102509  14.00307400  -0.00008393   0.00019997   0.00005909
 H   1.0   1.62441930   0.01268526  -1.23707835   1.00782500   0.00038332   0.00023394  -0.00095197
 H   1.0   1.73532751   0.07904818   3.40522981   1.00782500   0.00118511   0.00060503   0.00113334
 H   1.0  -1.36035741  -0.15428910   3.25848083   1.00782500   0.00073444  -0.00182740   0.00029052
 H   1.0  -1.60636955   0.22711258  -1.11166879   1.00782500   0.00116633   0.00215797  -0.00093465
States
Ekin        0.016095096457 a.u.
Epot_harm   0.049410328585 a.u.
Epot        0.049410328585 a.u.
Etot_harm   0.065505425043 a.u.
Etot        0.065505425043 a.u.


Index     933
Atoms
 C   6.0   0.00600946   0.02261020   0.03207250  12.00000000   0.00010860   0.00035206  -0.00011844
 N   7.0   0.02506224   0.00190693   2.47862727  14.00307400  -0.00013125   0.00012869  -0.00004121
 H   1.0   1.54268970  -0.11627713  -0.90926168   1.00782500  -0.00152839  -0.00235527   0.00283833
 H   1.0   1.62230505  -0.03074759   3.95705681   1.00782500   0.00145822  -0.00081096  -0.00032838
 H   1.0  -1.64070501  -0.05125350   3.41671425   1.00782500   0.00067273  -0.00151682   0.00069427
 H   1.0  -1.94406690  -0.09743316  -1.09014348   1.00782500  -0.00007206  -0.00129702  -0.00122143
States
Ekin        0.025335683125 a.u.
Epot_harm   0.043604208867 a.u.
Epot        0.043604208867 a.u.
Etot_harm   0.068939891992 a.u.
Etot        0.068939891992 a.u.


Index     934
Atoms
 C   6.0  -0.00048786   0.00051608   0.06885553  12.00000000   0.00022700  -0.00011073  -0.00004573
 N   7.0  -0.01351060   0.01045522   2.46178928  14.00307400   0.00020465   0.00021579  -0.00028395
 H   1.0   1.77207499  -0.09050952  -0.65209667   1.00782500  -0.00127810   0.00041104   0.00232469
 H   1.0   1.72723218   0.02112268   3.37878909   1.00782500  -0.00078739  -0.00107842   0.00001472
 H   1.0  -1.46657921  -0.13484956   3.45832355   1.00782500  -0.00178040  -0.00109279   0.00183507
 H   1.0  -1.83919810   0.05282306  -1.01466634   1.00782500  -0.00170045   0.00008038   0.00031523
States
Ekin        0.021032333435 a.u.
Epot_harm   0.016008769295 a.u.
Epot        0.016008769295 a.u.
Etot_harm   0.037041102730 a.u.
Etot        0.037041102730 a.u.


Index     935
Atoms
 C   6.0  -0.02848691   0.03798028   0.01075052  12.00000000  -0.00006415  -0.00021989  -0.00011833
 N   7.0   0.02948328  -0.02583766   2.55036252  14.00307400  -0.00017376   0.00020608   0.00030070
 H   1.0   1.67871428  -0.19569015  -1.08435841   1.00782500   0.00357236  -0.00025751  -0.00210742
 H   1.0   1.56419094   0.15454053   3.43823535   1.00782500  -0.00127326  -0.00024572  -0.00112062
 H   1.0  -1.77298498   0.01970637   3.45016684   1.00782500   0.00207739  -0.00137524   0.00004312
 H   1.0  -1.54038239  -0.07178391  -1.17251553   1.00782500  -0.00119842   0.00163336   0.00041588
States
Ekin        0.031194520692 a.u.
Epot_harm   0.025104386954 a.u.
Epot        0.025104386954 a.u.
Etot_harm   0.056298907646 a.u.
Etot        0.056298907646 a.u.


Index     936
Atoms
 C   6.0   0.00715132   0.05250324   0.10346058  12.00000000  -0.00023464  -0.00041415  -0.00013029
 N   7.0  -0.00688103  -0.00792555   2.42898222  14.00307400   0.00008946   0.00001479   0.00023936
 H   1.0   1.43773663  -0.35598770  -1.04323848   1.00782500  -0.00082276   0.00214433   0.00141962
 H   1.0   1.61594211   0.10970324   3.64136481   1.00782500  -0.00180647   0.00008045  -0.00221846
 H   1.0  -1.56987987  -0.16740158   3.59919495   1.00782500   0.00153455   0.00080879  -0.00075616
 H   1.0  -1.47334104  -0.10134075  -0.98317531   1.00782500   0.00264549   0.00169216  -0.00021948
States
Ekin        0.030128912337 a.u.
Epot_harm   0.039606712965 a.u.
Epot        0.039606712965 a.u.
Etot_harm   0.069735625302 a.u.
Etot        0.069735625302 a.u.


Index     937
Atoms
 C   6.0  -0.00018639   0.01052288  -0.01850682  12.00000000  -0.00054664  -0.00004557  -0.00017442
 N   7.0   0.01753760   0.02796885   2.53498873  14.00307400   0.00035003  -0.00001546   0.00008945
 H   1.0   1.79128868  -0.09756728  -1.15416602   1.00782500   0.00189198  -0.00071043   0.00166898
 H   1.0   1.70929537  -0.15892855   3.91831029   1.00782500  -0.00378136   0.00120187  -0.00184934
 H   1.0  -1.78227311  -0.17017460   3.38256534   1.00782500   0.00134737  -0.00108709   0.00033090
 H   1.0  -1.95976524  -0.08723272  -0.95321020   1.00782500   0.00218733   0.00135297   0.00068340
States
Ekin        0.038590455249 a.u.
Epot_harm   0.039710588455 a.u.
Epot        0.039710588455 a.u.
Etot_harm   0.078301043703 a.u.
Etot        0.078301043703 a.u.


Index     938
Atoms
 C   6.0  -0.00060202  -0.01568898   0.11608922  12.00000000  -0.00002849  -0.00004741   0.00040956
 N   7.0  -0.01818686   0.02783904   2.41482384  14.00307400  -0.00011670  -0.00002706  -0.00012553
 H   1.0   1.68755163   0.13539563  -0.71014280   1.00782500  -0.00038246   0.00014417   0.00051185
 H   1.0   1.75372379  -0.24484852   3.41782905   1.00782500   0.00057924   0.00021643  -0.00142988
 H   1.0  -1.49217828  -0.01154733   3.52535920   1.00782500   0.00118186   0.00028703  -0.00116131
 H   1.0  -1.68923433  -0.07899919  -0.97254506   1.00782500   0.00058211   0.00029286  -0.00105302
States
Ekin        0.008897831967 a.u.
Epot_harm   0.019734529109 a.u.
Epot        0.019734529109 a.u.
Etot_harm   0.028632361076 a.u.
Etot        0.028632361076 a.u.


Index     939
Atoms
 C   6.0  -0.03828989   0.00841260   0.07924887  12.00000000  -0.00033704   0.00021470   0.00020597
 N   7.0   0.04707243  -0.00677397   2.48299961  14.00307400   0.00009521  -0.00012327  -0.00005361
 H   1.0   1.80296820  -0.18330030  -0.96694143   1.00782500  -0.00055883  -0.00169497   0.00005309
 H   1.0   1.50200964   0.19397493   3.53374449   1.00782500   0.00033992   0.00147533   0.00158069
 H   1.0  -1.76113577  -0.14408865   3.27878412   1.00782500   0.00152279  -0.00074477  -0.00121931
 H   1.0  -1.74197179   0.12736660  -1.09369309   1.00782500   0.00138626   0.00012083  -0.00212211
States
Ekin        0.019821801481 a.u.
Epot_harm   0.014535397977 a.u.
Epot        0.014535397977 a.u.
Etot_harm   0.034357199458 a.u.
Etot        0.034357199458 a.u.


Index     940
Atoms
 C   6.0   0.00911010   0.01658745   0.04596680  12.00000000   0.00024809   0.00008975  -0.00017907
 N   7.0  -0.01888321  -0.06086790   2.49330371  14.00307400  -0.00001184  -0.00003049   0.00030869
 H   1.0   1.84330793   0.03057329  -0.87289875   1.00782500  -0.00022073  -0.00003285  -0.00187912
 H   1.0   1.48250897   0.29257663   3.20565532   1.00782500   0.00005251  -0.00065029  -0.00267386
 H   1.0  -1.42712975   0.31620926   3.55620723   1.00782500  -0.00298316   0.00063517   0.00272865
 H   1.0  -1.74478968   0.00885685  -0.88395456   1.00782500   0.00036195  -0.00059707  -0.00033259
States
Ekin        0.028633132539 a.u.
Epot_harm   0.029978373720 a.u.
Epot        0.029978373720 a.u.
Etot_harm   0.058611506259 a.u.
Etot        0.058611506259 a.u.


Index     941
Atoms
 C   6.0   0.00253725   0.00998704   0.11460416  12.00000000  -0.00026295  -0.00006269  -0.00023477
 N   7.0  -0.01136780  -0.02102081   2.44591886  14.00307400   0.00043924   0.00023753   0.00000619
 H   1.0   1.94070685   0.11292827  -1.10044112   1.00782500  -0.00077610   0.00056833   0.00006642
 H   1.0   1.44808192  -0.03743409   3.39841469   1.00782500   0.00017439  -0.00239017   0.00281754
 H   1.0  -1.42619845   0.23609303   3.56553222   1.00782500  -0.00286493   0.00013619   0.00189790
 H   1.0  -1.83485278  -0.13843070  -1.01736816   1.00782500   0.00049470  -0.00086817  -0.00207247
States
Ekin        0.033943248175 a.u.
Epot_harm   0.034690025706 a.u.
Epot        0.034690025706 a.u.
Etot_harm   0.068633273881 a.u.
Etot        0.068633273881 a.u.


Index     942
Atoms
 C   6.0  -0.00507614   0.01410299   0.01087239  12.00000000   0.00011504  -0.00036493   0.00029549
 N   7.0   0.01284676   0.01124137   2.51311620  14.00307400  -0.00052997   0.00024673  -0.00006570
 H   1.0   1.89927731   0.09587631  -0.99742821   1.00782500   0.00116560   0.00169125  -0.00145064
 H   1.0   1.40150133  -0.27366290   3.47469773   1.00782500   0.00184807  -0.00146473  -0.00053956
 H   1.0  -1.60136330   0.11452534   3.48994254   1.00782500   0.00299199  -0.00038018  -0.00165417
 H   1.0  -1.81747204  -0.26085211  -0.81962139   1.00782500  -0.00001187   0.00107064   0.00103882
States
Ekin        0.031118050406 a.u.
Epot_harm   0.024220918271 a.u.
Epot        0.024220918271 a.u.
Etot_harm   0.055338968676 a.u.
Etot        0.055338968676 a.u.


Index     943
Atoms
 C   6.0   0.02166952  -0.01567121   0.03322546  12.00000000   0.00015266   0.00047700  -0.00047587
 N   7.0   0.00023485  -0.02731298   2.49449264  14.00307400  -0.00047147  -0.00043243   0.00047291
 H   1.0   1.67868829   0.12309832  -0.76929013   1.00782500   0.00390193  -0.00165750  -0.00321210
 H   1.0   1.52335312   0.15923373   3.31850605   1.00782500  -0.00106507   0.00200562  -0.00128287
 H   1.0  -1.59050146   0.17683033   3.65651868   1.00782500   0.00228298   0.00139233   0.00047722
 H   1.0  -1.87281831   0.10692813  -1.06553575   1.00782500  -0.00038675  -0.00141165   0.00311309
States
Ekin        0.063231117874 a.u.
Epot_harm   0.026233669520 a.u.
Epot        0.026233669520 a.u.
Etot_harm   0.089464787394 a.u.
Etot        0.089464787394 a.u.


Index     944
Atoms
 C   6.0   0.02809941  -0.03775235  -0.06971627  12.00000000   0.00016042   0.00009489   0.00015005
 N   7.0  -0.02589452   0.03691773   2.55805661  14.00307400   0.00022052  -0.00016752   0.00000268
 H   1.0   1.74028804   0.05810304  -0.96028842   1.00782500  -0.00002603   0.00000071   0.00064226
 H   1.0   1.65901786  -0.08478355   3.57084788   1.00782500  -0.00439581   0.00063890  -0.00416440
 H   1.0  -1.56324928  -0.20911832   3.48368148   1.00782500  -0.00031377   0.00118679  -0.00039226
 H   1.0  -1.81084392   0.17236182  -0.61151259   1.00782500  -0.00023840  -0.00062868   0.00209060
States
Ekin        0.042025085603 a.u.
Epot_harm   0.038140309943 a.u.
Epot        0.038140309943 a.u.
Etot_harm   0.080165395546 a.u.
Etot        0.080165395546 a.u.


Index     945
Atoms
 C   6.0  -0.04424590  -0.01675500   0.07728176  12.00000000  -0.00056720  -0.00029983  -0.00022120
 N   7.0   0.00394676  -0.01790276   2.49385161  14.00307400   0.00018321  -0.00004736  -0.00015708
 H   1.0   1.78704403   0.03612272  -0.71533351   1.00782500  -0.00015679   0.00136627   0.00174436
 H   1.0   1.78671349   0.19408927   3.23249471   1.00782500   0.00032195   0.00078735   0.00137722
 H   1.0  -1.53456144   0.04382716   3.62490821   1.00782500   0.00042113   0.00083351  -0.00060895
 H   1.0  -1.56720541   0.17420698  -1.51753479   1.00782500   0.00362168   0.00124099   0.00230378
States
Ekin        0.032377536325 a.u.
Epot_harm   0.020115248906 a.u.
Epot        0.020115248906 a.u.
Etot_harm   0.052492785231 a.u.
Etot        0.052492785231 a.u.


Index     946
Atoms
 C   6.0  -0.01269767   0.00729069   0.10574611  12.00000000  -0.00033203  -0.00017420   0.00056585
 N   7.0   0.02385306  -0.00556045   2.47075966  14.00307400   0.00008447   0.00000146  -0.00036470
 H   1.0   1.58528286   0.01674784  -1.07825227   1.00782500   0.00097035   0.00051905   0.00059781
 H   1.0   1.64213940  -0.02517989   3.58611235   1.00782500   0.00217880   0.00052232   0.00192307
 H   1.0  -1.71223130   0.06508150   3.27944862   1.00782500   0.00030602   0.00000388  -0.00266981
 H   1.0  -1.69542477  -0.06619963  -1.18084656   1.00782500  -0.00067542   0.00100864  -0.00152138
States
Ekin        0.026392052928 a.u.
Epot_harm   0.012281088198 a.u.
Epot        0.012281088198 a.u.
Etot_harm   0.038673141126 a.u.
Etot        0.038673141126 a.u.


Index     947
Atoms
 C   6.0   0.03320547  -0.01244520   0.08284125  12.00000000   0.00020545   0.00039645  -0.00068236
 N   7.0   0.00127623  -0.00897306   2.47822461  14.00307400  -0.00015309   0.00009810   0.00034964
 H   1.0   1.66138157  -0.01423895  -1.22334859   1.00782500  -0.00092215  -0.00162553   0.00168395
 H   1.0   1.37387461   0.15821090   3.37258907   1.00782500   0.00082867  -0.00166350  -0.00021499
 H   1.0  -1.65916568  -0.02795236   3.58833621   1.00782500   0.00003137  -0.00062120   0.00147426
 H   1.0  -1.78919477   0.15683801  -0.96211098   1.00782500  -0.00025704  -0.00217327   0.00032344
States
Ekin        0.025186636286 a.u.
Epot_harm   0.026966549611 a.u.
Epot        0.026966549611 a.u.
Etot_harm   0.052153185897 a.u.
Etot        0.052153185897 a.u.


Index     948
Atoms
 C   6.0   0.06129998   0.03001437   0.11272119  12.00000000   0.00003993  -0.00022494   0.00037639
 N   7.0  -0.02840813  -0.03946499   2.43995494  14.00307400   0.00013249  -0.00004613  -0.00025329
 H   1.0   1.55032617  -0.02373342  -1.13482851   1.00782500   0.00084850   0.00109788   0.00074995
 H   1.0   1.61583768   0.11463500   3.37154363   1.00782500  -0.00126619   0.00077391  -0.00031719
 H   1.0  -1.65924210   0.22768555   3.58151602   1.00782500   0.00055625   0.00041379  -0.00088301
 H   1.0  -1.84209765  -0.12762275  -0.86680844   1.00782500  -0.00245487   0.00103364  -0.00051210
States
Ekin        0.015552015986 a.u.
Epot_harm   0.020044146293 a.u.
Epot        0.020044146293 a.u.
Etot_harm   0.035596162278 a.u.
Etot        0.035596162278 a.u.


Index     949
Atoms
 C   6.0   0.01060717   0.00841048   0.12161285  12.00000000  -0.00015019  -0.00024438  -0.00006910
 N   7.0  -0.01357265  -0.02930583   2.46404474  14.00307400  -0.00020991   0.00012483   0.00010337
 H   1.0   1.75737376   0.20161425  -1.27251125   1.00782500   0.00107580   0.00001309  -0.00137923
 H   1.0   1.46148981  -0.06520730   3.34011346   1.00782500   0.00046516   0.00079421  -0.00064567
 H   1.0  -1.48513997   0.35716304   3.57647309   1.00782500   0.00111341  -0.00129968   0.00104056
 H   1.0  -1.67143819  -0.18652668  -1.13323625   1.00782500   0.00205045   0.00166781   0.00037084
States
Ekin        0.016090138239 a.u.
Epot_harm   0.034170929025 a.u.
Epot        0.034170929025 a.u.
Etot_harm   0.050261067264 a.u.
Etot        0.050261067264 a.u.


Index     950
Atoms
 C   6.0   0.01040113   0.03251592   0.01453709  12.00000000  -0.00027892  -0.00026542   0.00051510
 N   7.0   0.00826378   0.01032196   2.49636866  14.00307400   0.00026952  -0.00019472  -0.00018188
 H   1.0   1.83084945  -0.11589700  -0.93496794   1.00782500   0.00175865   0.00226275   0.00043867
 H   1.0   1.57398461  -0.15377676   3.66002345   1.00782500  -0.00323274   0.00068910  -0.00292008
 H   1.0  -1.65750253  -0.04557854   3.30989029   1.00782500   0.00081422   0.00228905  -0.00039454
 H   1.0  -1.98599591  -0.21532614  -0.69829386   1.00782500   0.00023615   0.00062489  -0.00073017
States
Ekin        0.038434231412 a.u.
Epot_harm   0.014130655455 a.u.
Epot        0.014130655455 a.u.
Etot_harm   0.052564886867 a.u.
Etot        0.052564886867 a.u.


Index     951
Atoms
 C   6.0  -0.00881477   0.03617692   0.02874122  12.00000000  -0.00009489   0.00017838  -0.00020431
 N   7.0   0.02503945   0.01082973   2.46926249  14.00307400  -0.00021588  -0.00023277   0.00037221
 H   1.0   1.92361099  -0.09692257  -0.81300172   1.00782500  -0.00017005   0.00016801  -0.00002161
 H   1.0   1.59846465  -0.20130048   3.48772487   1.00782500   0.00112056   0.00036147   0.00020646
 H   1.0  -1.92275246  -0.01347057   3.41042834   1.00782500   0.00282288   0.00180780  -0.00268823
 H   1.0  -1.84227413  -0.26953089  -0.54100302   1.00782500   0.00035599  -0.00122694  -0.00023551
States
Ekin        0.023856239650 a.u.
Epot_harm   0.039392631593 a.u.
Epot        0.039392631593 a.u.
Etot_harm   0.063248871243 a.u.
Etot        0.063248871243 a.u.


Index     952
Atoms
 C   6.0   0.01416799  -0.00832477   0.03939139  12.00000000  -0.00008552  -0.00001013   0.00007602
 N   7.0  -0.02613005   0.03141213   2.49050775  14.00307400   0.00030617   0.00034471   0.00008565
 H   1.0   1.79936355  -0.26386098  -1.15867106   1.00782500  -0.00184950  -0.00045964   0.00084627
 H   1.0   1.49870845   0.11747216   3.48952000   1.00782500   0.00084621  -0.00132908   0.00121613
 H   1.0  -1.43114952  -0.43228964   3.70849941   1.00782500  -0.00167972  -0.00227628  -0.00146180
 H   1.0  -1.67255816   0.24134881  -0.91719884   1.00782500  -0.00055274  -0.00060397  -0.00269582
States
Ekin        0.027462409515 a.u.
Epot_harm   0.023302945418 a.u.
Epot        0.023302945418 a.u.
Etot_harm   0.050765354932 a.u.
Etot        0.050765354932 a.u.


Index     953
Atoms
 C   6.0  -0.01032107   0.01360587   0.08504039  12.00000000   0.00063949   0.00023261  -0.00013065
 N   7.0   0.00706174   0.00818369   2.41568393  14.00307400  -0.00023687  -0.00005552   0.00002306
 H   1.0   1.78349486   0.04053389  -0.74832545   1.00782500  -0.00348282  -0.00083232   0.00170001
 H   1.0   1.60954078  -0.18861144   3.59614158   1.00782500  -0.00024236  -0.00003903  -0.00113269
 H   1.0  -1.62646769   0.06367535   3.60659655   1.00782500   0.00124172   0.00026792   0.00333718
 H   1.0  -1.74179502  -0.19130757  -0.83616947   1.00782500  -0.00183972  -0.00139479  -0.00266930
States
Ekin        0.044878239023 a.u.
Epot_harm   0.016173430248 a.u.
Epot        0.016173430248 a.u.
Etot_harm   0.061051669271 a.u.
Etot        0.061051669271 a.u.


Index     954
Atoms
 C   6.0   0.00071934  -0.04835334   0.10293979  12.00000000  -0.00006818   0.00011048  -0.00028073
 N   7.0  -0.03206991  -0.00856033   2.45710232  14.00307400   0.00018863   0.00010209   0.00017825
 H   1.0   1.74865093   0.09570759  -1.08015870   1.00782500   0.00085969  -0.00049664   0.00008331
 H   1.0   1.62850517   0.26396459   3.40134518   1.00782500   0.00263414  -0.00069820   0.00174301
 H   1.0  -1.36095738  -0.04044559   3.36484858   1.00782500  -0.00339765  -0.00075131   0.00076664
 H   1.0  -1.57917317   0.37544855  -0.85639868   1.00782500  -0.00190521  -0.00078779  -0.00172703
States
Ekin        0.030900262360 a.u.
Epot_harm   0.039175555067 a.u.
Epot        0.039175555067 a.u.
Etot_harm   0.070075817426 a.u.
Etot        0.070075817426 a.u.


Index     955
Atoms
 C   6.0   0.02079000  -0.04269365   0.05192015  12.00000000  -0.00010676   0.00008606  -0.00015292
 N   7.0  -0.02056447   0.00079235   2.49986210  14.00307400  -0.00006444   0.00025295   0.00015074
 H   1.0   1.79197437   0.25552801  -1.04639852   1.00782500  -0.00102061  -0.00018012   0.00079068
 H   1.0   1.63774056  -0.01221122   3.43827642   1.00782500   0.00160229  -0.00214309  -0.00141876
 H   1.0  -1.49609024   0.11985429   3.45868233   1.00782500  -0.00096623  -0.00079398   0.00004964
 H   1.0  -1.89543775   0.13416574  -1.00756114   1.00782500   0.00255105  -0.00142201   0.00030471
States
Ekin        0.020967800838 a.u.
Epot_harm   0.016077901520 a.u.
Epot        0.016077901520 a.u.
Etot_harm   0.037045702357 a.u.
Etot        0.037045702357 a.u.


Index     956
Atoms
 C   6.0  -0.00003114   0.00050833   0.05408013  12.00000000  -0.00001419  -0.00013476   0.00012784
 N   7.0  -0.00492092   0.00338481   2.47650716  14.00307400  -0.00020141   0.00005806   0.00002332
 H   1.0   1.76829721   0.08477246  -0.63543923   1.00782500   0.00149220  -0.00002267  -0.00111135
 H   1.0   1.66151355  -0.11946568   3.23611903   1.00782500   0.00242496   0.00045188   0.00034363
 H   1.0  -1.57552444   0.08171837   3.53455304   1.00782500  -0.00011173  -0.00069823  -0.00063042
 H   1.0  -1.78554254  -0.10010756  -0.99345035   1.00782500  -0.00083800   0.00106688  -0.00044805
States
Ekin        0.012525066938 a.u.
Epot_harm   0.012714641109 a.u.
Epot        0.012714641109 a.u.
Etot_harm   0.025239708047 a.u.
Etot        0.025239708047 a.u.


Index     957
Atoms
 C   6.0  -0.05442732   0.07050796   0.07177369  12.00000000  -0.00002968  -0.00025625   0.00001219
 N   7.0  -0.01433867  -0.07147542   2.45694623  14.00307400  -0.00011783   0.00012392   0.00028345
 H   1.0   2.20498648  -0.31825647  -0.64988466   1.00782500  -0.00035646   0.00121518  -0.00081605
 H   1.0   1.72872243   0.40448316   3.20866563   1.00782500  -0.00051259  -0.00078164  -0.00208890
 H   1.0  -1.44936992   0.17156106   3.54929664   1.00782500   0.00098951  -0.00017449  -0.00051087
 H   1.0  -1.63705561  -0.10420946  -0.90518295   1.00782500   0.00187002   0.00107030  -0.00066773
States
Ekin        0.014958470856 a.u.
Epot_harm   0.050222209057 a.u.
Epot        0.050222209057 a.u.
Etot_harm   0.065180679912 a.u.
Etot        0.065180679912 a.u.


Index     958
Atoms
 C   6.0   0.01445551  -0.01544146   0.06901592  12.00000000  -0.00019364  -0.00005079  -0.00026655
 N   7.0  -0.00026701  -0.02146250   2.47480248  14.00307400  -0.00012944   0.00016820   0.00001768
 H   1.0   1.62447641   0.02493675  -0.77189066   1.00782500   0.00190917  -0.00003583  -0.00051744
 H   1.0   1.72755660   0.22313441   3.29923098   1.00782500   0.00222208  -0.00061225   0.00104139
 H   1.0  -1.73773195   0.04945229   3.29417059   1.00782500  -0.00109301  -0.00105174   0.00292298
 H   1.0  -1.78271047   0.18454283  -0.83388109   1.00782500   0.00106588  -0.00003240  -0.00051886
States
Ekin        0.022562591775 a.u.
Epot_harm   0.019315653021 a.u.
Epot        0.019315653021 a.u.
Etot_harm   0.041878244796 a.u.
Etot        0.041878244796 a.u.


Index     959
Atoms
 C   6.0  -0.07559641   0.04742666   0.11541719  12.00000000   0.00022587  -0.00019763   0.00044279
 N   7.0   0.02786428  -0.04104134   2.44486430  14.00307400  -0.00035056   0.00008384  -0.00002653
 H   1.0   1.98743562  -0.06156193  -0.77427937   1.00782500  -0.00065510   0.00137939  -0.00007253
 H   1.0   1.73461359   0.05625425   3.46982390   1.00782500   0.00072975  -0.00045201  -0.00042785
 H   1.0  -1.61917718   0.25562796   3.34882723   1.00782500   0.00372151  -0.00009860  -0.00428156
 H   1.0  -1.58991449  -0.24477856  -1.19326224   1.00782500  -0.00161478   0.00035947  -0.00012163
States
Ekin        0.040024815175 a.u.
Epot_harm   0.029764438955 a.u.
Epot        0.029764438955 a.u.
Etot_harm   0.069789254130 a.u.
Etot        0.069789254130 a.u.


Index     960
Atoms
 C   6.0   0.00683524  -0.01533789   0.13974578  12.00000000   0.00050353  -0.00005640   0.00000956
 N   7.0  -0.01539290   0.03406184   2.42577769  14.00307400   0.00016469  -0.00003429  -0.00011692
 H   1.0   1.72535533  -0.07385981  -0.99837090   1.00782500  -0.00095199   0.00057515   0.00094409
 H   1.0   1.64382113  -0.06346793   3.51228779   1.00782500   0.00002069   0.00024882  -0.00169340
 H   1.0  -1.41927168  -0.26073551   3.46275651   1.00782500  -0.00443522   0.00020576   0.00162023
 H   1.0  -1.81741653   0.10742170  -1.15004416   1.00782500  -0.00291721   0.00011815   0.00063982
States
Ekin        0.036790420148 a.u.
Epot_harm   0.028399608432 a.u.
Epot        0.028399608432 a.u.
Etot_harm   0.065190028580 a.u.
Etot        0.065190028580 a.u.


Index     961
Atoms
 C   6.0   0.00224882  -0.00957425   0.04073499  12.00000000  -0.00008825   0.00013705   0.00015533
 N   7.0   0.01909258   0.00013229   2.48779340  14.00307400  -0.00001932   0.00001390  -0.00028053
 H   1.0   1.59826341  -0.04939482  -1.23338756   1.00782500   0.00096177  -0.00055491  -0.00206405
 H   1.0   1.32425231   0.11369089   3.69273154   1.00782500  -0.00089310  -0.00038544   0.00133893
 H   1.0  -1.62702009  -0.08906332   3.60768906   1.00782500   0.00006336  -0.00008162   0.00159626
 H   1.0  -1.58755096   0.13692814  -0.92316736   1.00782500   0.00118716  -0.00080303   0.00117726
States
Ekin        0.014642031646 a.u.
Epot_harm   0.025325029267 a.u.
Epot        0.025325029267 a.u.
Etot_harm   0.039967060914 a.u.
Etot        0.039967060914 a.u.


Index     962
Atoms
 C   6.0   0.00470720  -0.05526310   0.04715726  12.00000000  -0.00006866  -0.00026995   0.00028557
 N   7.0  -0.01458230   0.03075246   2.45494683  14.00307400   0.00002678   0.00024272  -0.00031904
 H   1.0   1.80831353   0.40625809  -0.91427269   1.00782500  -0.00002610   0.00025522  -0.00078630
 H   1.0   1.50844026  -0.30861235   3.58260062   1.00782500   0.00031926  -0.00017385   0.00212657
 H   1.0  -1.43669942   0.12858574   3.63557644   1.00782500   0.00023371  -0.00193109   0.00187349
 H   1.0  -1.73349057   0.00449132  -0.78012572   1.00782500  -0.00008149   0.00169149  -0.00218114
States
Ekin        0.022434007794 a.u.
Epot_harm   0.019795218584 a.u.
Epot        0.019795218584 a.u.
Etot_harm   0.042229226378 a.u.
Etot        0.042229226378 a.u.


Index     963
Atoms
 C   6.0  -0.06232499   0.00798431   0.17474681  12.00000000  -0.00029198   0.00016213   0.00084662
 N   7.0   0.03039668   0.00980474   2.37875615  14.00307400  -0.00012436  -0.00020559   0.00001155
 H   1.0   1.82881517   0.01133636  -0.63860781   1.00782500   0.00083224  -0.00070963  -0.00269062
 H   1.0   1.79187048  -0.13258115   3.52647837   1.00782500   0.00187739   0.00108882  -0.00144476
 H   1.0  -1.67364637   0.00552402   3.34425132   1.00782500   0.00078792   0.00071106  -0.00449129
 H   1.0  -1.62728849  -0.11557751  -1.16891017   1.00782500   0.00170693  -0.00016410  -0.00161438
States
Ekin        0.048465715606 a.u.
Epot_harm   0.039411564876 a.u.
Epot        0.039411564876 a.u.
Etot_harm   0.087877280483 a.u.
Etot        0.087877280483 a.u.


Index     964
Atoms
 C   6.0   0.01868319  -0.00870370   0.05127436  12.00000000   0.00016198  -0.00008836   0.00031785
 N   7.0  -0.00166361   0.03191621   2.48874961  14.00307400  -0.00020249   0.00003318  -0.00024010
 H   1.0   1.54294168  -0.04348992  -1.05292775   1.00782500   0.00129250   0.00124152  -0.00265093
 H   1.0   1.48517739  -0.12349487   3.58241667   1.00782500  -0.00037538  -0.00104603  -0.00053066
 H   1.0  -1.49679141  -0.19570712   3.58521119   1.00782500   0.00007433   0.00089808   0.00131619
 H   1.0  -1.73067050   0.02287032  -1.10961079   1.00782500  -0.00010656  -0.00050245   0.00141683
States
Ekin        0.017988668146 a.u.
Epot_harm   0.014783015162 a.u.
Epot        0.014783015162 a.u.
Etot_harm   0.032771683308 a.u.
Etot        0.032771683308 a.u.


Index     965
Atoms
 C   6.0   0.00452728   0.02403373   0.09276033  12.00000000   0.00018003   0.00013355  -0.00013319
 N   7.0  -0.01795598  -0.02774138   2.48116397  14.00307400  -0.00053297  -0.00014468  -0.00003772
 H   1.0   1.77470437  -0.18660455  -0.89813931   1.00782500   0.00279693  -0.00033706  -0.00028644
 H   1.0   1.70207218   0.24682187   3.11939119   1.00782500   0.00250082   0.00060650  -0.00128316
 H   1.0  -1.57704795  -0.01417959   3.52840322   1.00782500   0.00088233   0.00055865   0.00179840
 H   1.0  -1.70414746   0.05324516  -1.13313464   1.00782500  -0.00091831  -0.00040800   0.00188123
States
Ekin        0.027773576936 a.u.
Epot_harm   0.013951518950 a.u.
Epot        0.013951518950 a.u.
Etot_harm   0.041725095886 a.u.
Etot        0.041725095886 a.u.


Index     966
Atoms
 C   6.0   0.02541553   0.03270259   0.00232328  12.00000000  -0.00005269   0.00017189  -0.00006565
 N   7.0  -0.03170324  -0.06058377   2.51136492  14.00307400  -0.00021758  -0.00002977   0.00023920
 H   1.0   1.75608809  -0.04165130  -1.05556121   1.00782500   0.00087830  -0.00030351  -0.00291151
 H   1.0   1.71181676   0.26669041   3.41885621   1.00782500   0.00028993  -0.00041331   0.00017968
 H   1.0  -1.64866142   0.29519946   3.65379932   1.00782500   0.00093205   0.00024643  -0.00080244
 H   1.0  -1.68136590  -0.06785048  -0.74337800   1.00782500   0.00155025  -0.00116265   0.00099250
States
Ekin        0.016407320092 a.u.
Epot_harm   0.021576327264 a.u.
Epot        0.021576327264 a.u.
Etot_harm   0.037983647355 a.u.
Etot        0.037983647355 a.u.


Index     967
Atoms
 C   6.0   0.02073947   0.01930095   0.10036956  12.00000000   0.00024889   0.00014479  -0.00019924
 N   7.0  -0.01773337   0.00930919   2.48100692  14.00307400  -0.00011594  -0.00018306  -0.00015383
 H   1.0   1.74049376  -0.20000810  -1.36803721   1.00782500  -0.00084592  -0.00033583   0.00141952
 H   1.0   1.45876193   0.02895537   3.40595203   1.00782500  -0.00148274   0.00074763  -0.00074628
 H   1.0  -1.49651158  -0.18147733   3.61087918   1.00782500   0.00083972   0.00059396   0.00218092
 H   1.0  -1.70329177  -0.00662832  -1.12069320   1.00782500   0.00013640  -0.00018631   0.00165553
States
Ekin        0.015824027558 a.u.
Epot_harm   0.030292622328 a.u.
Epot        0.030292622328 a.u.
Etot_harm   0.046116649886 a.u.
Etot        0.046116649886 a.u.


Index     968
Atoms
 C   6.0   0.01126104  -0.00727350   0.03537028  12.00000000   0.00007365  -0.00012190  -0.00039580
 N   7.0  -0.00745649   0.00225003   2.49142498  14.00307400   0.00012446  -0.00006485   0.00053390
 H   1.0   1.72556833  -0.01992262  -1.00728716   1.00782500  -0.00320933   0.00123210   0.00043354
 H   1.0   1.54676314   0.05198368   3.51129667   1.00782500  -0.00065513  -0.00009934   0.00030204
 H   1.0  -1.55152987  -0.05636755   3.65640726   1.00782500   0.00058619   0.00110757  -0.00196315
 H   1.0  -1.75128179   0.07964808  -1.00313285   1.00782500   0.00067204   0.00011223  -0.00147790
States
Ekin        0.024758688413 a.u.
Epot_harm   0.003852137544 a.u.
Epot        0.003852137544 a.u.
Etot_harm   0.028610825957 a.u.
Etot        0.028610825957 a.u.


Index     969
Atoms
 C   6.0   0.03585640   0.00336938   0.04167476  12.00000000  -0.00017200   0.00019759   0.00024476
 N   7.0  -0.02230043  -0.02571814   2.50251081  14.00307400  -0.00018309  -0.00006432  -0.00025985
 H   1.0   1.66874939   0.06110674  -0.98575163   1.00782500  -0.00134360  -0.00190249   0.00051861
 H   1.0   1.66276278   0.09432269   3.13274094   1.00782500   0.00164987   0.00123700   0.00081751
 H   1.0  -1.75131046   0.17280453   3.74519334   1.00782500   0.00161496  -0.00089700  -0.00035611
 H   1.0  -1.69728780  -0.01101574  -0.96399553   1.00782500   0.00267064   0.00010346  -0.00028394
States
Ekin        0.022398617135 a.u.
Epot_harm   0.028722328523 a.u.
Epot        0.028722328523 a.u.
Etot_harm   0.051120945658 a.u.
Etot        0.051120945658 a.u.


Index     970
Atoms
 C   6.0   0.06260509  -0.01150686   0.07859231  12.00000000  -0.00013200   0.00004340   0.00000011
 N   7.0  -0.00177487  -0.04988605   2.45695188  14.00307400   0.00001718   0.00003773  -0.00020436
 H   1.0   1.39440225   0.02877789  -1.15919719   1.00782500  -0.00012336  -0.00109016   0.00359971
 H   1.0   1.45617738   0.39534897   3.60935236   1.00782500  -0.00261675   0.00044453  -0.00113859
 H   1.0  -1.69542372   0.17189281   3.58768189   1.00782500   0.00341673  -0.00105024   0.00087856
 H   1.0  -1.87592342   0.23412480  -0.91620911   1.00782500   0.00065638   0.00065500  -0.00050157
States
Ekin        0.034959654764 a.u.
Epot_harm   0.038756999235 a.u.
Epot        0.038756999235 a.u.
Etot_harm   0.073716653999 a.u.
Etot        0.073716653999 a.u.


Index     971
Atoms
 C   6.0  -0.00787387   0.01282845   0.11032851  12.00000000  -0.00005121   0.00029315   0.00035443
 N   7.0   0.02696201  -0.04356704   2.43393128  14.00307400  -0.00024579  -0.00024751  -0.00038383
 H   1.0   1.79672647   0.05902816  -0.82131943   1.00782500  -0.00050128  -0.00088110  -0.00138624
 H   1.0   1.50648950   0.16291814   3.45215234   1.00782500   0.00082797   0.00106287   0.00129942
 H   1.0  -1.70053052   0.27022873   3.32935779   1.00782500   0.00127544   0.00086165  -0.00035746
 H   1.0  -1.88355224  -0.03958554  -0.89658395   1.00782500   0.00242278  -0.00109491   0.00155719
States
Ekin        0.022762493530 a.u.
Epot_harm   0.014680682019 a.u.
Epot        0.014680682019 a.u.
Etot_harm   0.037443175550 a.u.
Etot        0.037443175550 a.u.


Index     972
Atoms
 C   6.0   0.00719413  -0.07988725   0.08940846  12.00000000   0.00008257  -0.00029524  -0.00012869
 N   7.0   0.00049851   0.00906214   2.45907059  14.00307400  -0.00002413  -0.00003674   0.00022265
 H   1.0   1.76252965   0.35655730  -0.97582446   1.00782500  -0.00211565   0.00129498   0.00225895
 H   1.0   1.36987084   0.05574294   3.51234790   1.00782500  -0.00004579   0.00073804  -0.00457913
 H   1.0  -1.35508506   0.06424788   3.40185355   1.00782500  -0.00077161   0.00071529   0.00006618
 H   1.0  -1.86990122   0.34874316  -0.97497319   1.00782500   0.00228524   0.00127763   0.00069275
States
Ekin        0.039760525973 a.u.
Epot_harm   0.042038822126 a.u.
Epot        0.042038822126 a.u.
Etot_harm   0.081799348099 a.u.
Etot        0.081799348099 a.u.


Index     973
Atoms
 C   6.0  -0.02188988   0.02311959   0.07987357  12.00000000  -0.00041731  -0.00020422  -0.00000370
 N   7.0   0.03073737  -0.03327808   2.44414801  14.00307400   0.00035052   0.00026971  -0.00012699
 H   1.0   2.02968646   0.05013476  -0.77219317   1.00782500   0.00080391   0.00112410   0.00147464
 H   1.0   1.58719486   0.03425093   3.53993758   1.00782500   0.00027619  -0.00231555   0.00026569
 H   1.0  -1.75993984   0.26036070   3.50337544   1.00782500  -0.00212474   0.00004793   0.00025846
 H   1.0  -2.02337826  -0.15765011  -0.98684621   1.00782500   0.00114321  -0.00017231  -0.00019035
States
Ekin        0.019545982556 a.u.
Epot_harm   0.037035276835 a.u.
Epot        0.037035276835 a.u.
Etot_harm   0.056581259391 a.u.
Etot        0.056581259391 a.u.


Index     974
Atoms
 C   6.0   0.01310976   0.02760480   0.03924623  12.00000000   0.00013739  -0.00001699   0.00031150
 N   7.0  -0.01243217  -0.01051734   2.49055024  14.00307400   0.00002512   0.00006227  -0.00027343
 H   1.0   1.69739472  -0.21431569  -1.07968627   1.00782500   0.00021869   0.00014620   0.00046329
 H   1.0   1.85000944   0.13221904   3.65036077   1.00782500  -0.00175591  -0.00057755   0.00076097
 H   1.0  -1.74810881  -0.09433276   3.55284551   1.00782500   0.00209122   0.00003915  -0.00158845
 H   1.0  -1.78265414  -0.00612466  -1.00023237   1.00782500  -0.00253883  -0.00027074   0.00045438
States
Ekin        0.018739960460 a.u.
Epot_harm   0.030862124748 a.u.
Epot        0.030862124748 a.u.
Etot_harm   0.049602085208 a.u.
Etot        0.049602085208 a.u.


Index     975
Atoms
 C   6.0   0.00454483  -0.01708506   0.06906413  12.00000000   0.00034632  -0.00003295  -0.00089267
 N   7.0  -0.03502247  -0.00115704   2.49466603  14.00307400  -0.00008414  -0.00006682   0.00085686
 H   1.0   1.75441974   0.10940563  -1.09719609   1.00782500  -0.00174385   0.00041217   0.00054557
 H   1.0   1.65614914  -0.00221955   3.01338935   1.00782500   0.00028364   0.00011432   0.00052193
 H   1.0  -1.62207398   0.06113247   3.53775188   1.00782500   0.00086764   0.00073152  -0.00159910
 H   1.0  -1.35599484   0.05118659  -0.74288042   1.00782500  -0.00236190   0.00006268  -0.00074509
States
Ekin        0.032300563904 a.u.
Epot_harm   0.061588949576 a.u.
Epot        0.061588949576 a.u.
Etot_harm   0.093889513480 a.u.
Etot        0.093889513480 a.u.


Index     976
Atoms
 C   6.0   0.03580055  -0.00049979   0.08362747  12.00000000   0.00045175  -0.00009266  -0.00005969
 N   7.0  -0.04501619  -0.01879811   2.46157286  14.00307400  -0.00017639  -0.00002046   0.00016802
 H   1.0   1.75197937   0.15112398  -0.86861064   1.00782500  -0.00240705   0.00024395   0.00150101
 H   1.0   1.75578520  -0.02806776   3.32136230   1.00782500  -0.00035474   0.00063871  -0.00045278
 H   1.0  -1.40175316   0.23137900   3.44932110   1.00782500   0.00258247  -0.00006405  -0.00014918
 H   1.0  -1.90681169  -0.08729671  -0.90460317   1.00782500  -0.00274885   0.00056896  -0.00252292
States
Ekin        0.030519526006 a.u.
Epot_harm   0.026442136703 a.u.
Epot        0.026442136703 a.u.
Etot_harm   0.056961662708 a.u.
Etot        0.056961662708 a.u.


Index     977
Atoms
 C   6.0   0.02062024  -0.00069182   0.08297727  12.00000000  -0.00002982   0.00012376   0.00011492
 N   7.0  -0.02462915  -0.00444951   2.43438718  14.00307400  -0.00016405   0.00006260  -0.00018704
 H   1.0   1.63879271   0.08847576  -1.02047062   1.00782500   0.00068934  -0.00007641   0.00202619
 H   1.0   1.73510589  -0.06034899   3.59499577   1.00782500   0.00234239  -0.00104797   0.00031656
 H   1.0  -1.61893806   0.11003339   3.59264696   1.00782500   0.00076189   0.00014759  -0.00052885
 H   1.0  -1.65827607  -0.06809966  -0.78423319   1.00782500  -0.00115922  -0.00136665  -0.00058337
States
Ekin        0.015602848853 a.u.
Epot_harm   0.021482354462 a.u.
Epot        0.021482354462 a.u.
Etot_harm   0.037085203315 a.u.
Etot        0.037085203315 a.u.


Index     978
Atoms
 C   6.0   0.01002670   0.02189131   0.08060824  12.00000000   0.00010983  -0.00005738   0.00061618
 N   7.0   0.00080800  -0.04214689   2.45836958  14.00307400  -0.00028311  -0.00005839  -0.00013994
 H   1.0   1.61547704   0.00100062  -0.82510029   1.00782500   0.00195685   0.00008433  -0.00384146
 H   1.0   1.69314707   0.15837407   3.57123243   1.00782500   0.00136532   0.00089928   0.00033886
 H   1.0  -1.56872827   0.23485859   3.47590760   1.00782500   0.00065350  -0.00011913  -0.00153194
 H   1.0  -1.87050868  -0.06928573  -1.14411310   1.00782500  -0.00134983   0.00063006  -0.00035778
States
Ekin        0.030032506360 a.u.
Epot_harm   0.024899151497 a.u.
Epot        0.024899151497 a.u.
Etot_harm   0.054931657858 a.u.
Etot        0.054931657858 a.u.


Index     979
Atoms
 C   6.0   0.01582500  -0.03893171  -0.01428800  12.00000000   0.00024378   0.00006302  -0.00040175
 N   7.0  -0.01851825   0.01492156   2.53882731  14.00307400  -0.00010062   0.00024443   0.00020166
 H   1.0   1.70584181   0.24084880  -0.99927205   1.00782500  -0.00063095  -0.00171241  -0.00140272
 H   1.0   1.75191552  -0.12027841   3.52520858   1.00782500  -0.00057304  -0.00033416   0.00018008
 H   1.0  -1.61007040   0.06589364   3.55543299   1.00782500  -0.00058585  -0.00245171   0.00331081
 H   1.0  -1.77881336   0.06976373  -0.99143755   1.00782500   0.00028517   0.00035173  -0.00010657
States
Ekin        0.025279524684 a.u.
Epot_harm   0.015891897302 a.u.
Epot        0.015891897302 a.u.
Etot_harm   0.041171421986 a.u.
Etot        0.041171421986 a.u.


Index     980
Atoms
 C   6.0  -0.07221852   0.04124163   0.02601415  12.00000000  -0.00002019  -0.00017294  -0.00004320
 N   7.0   0.03537085   0.01322561   2.46913112  14.00307400   0.00014282   0.00002798   0.00010439
 H   1.0   2.00506121  -0.28021107  -0.74808251   1.00782500   0.00173714   0.00061987  -0.00058430
 H   1.0   1.78777260  -0.05102960   3.88569244   1.00782500  -0.00122214   0.00009651  -0.00027597
 H   1.0  -1.71233735  -0.20326020   3.38893578   1.00782500  -0.00056101   0.00009161  -0.00197010
 H   1.0  -1.71205780  -0.14031745  -0.94810114   1.00782500  -0.00169798   0.00086240   0.00189433
States
Ekin        0.016155804987 a.u.
Epot_harm   0.056090925086 a.u.
Epot        0.056090925086 a.u.
Etot_harm   0.072246730073 a.u.
Etot        0.072246730073 a.u.


Index     981
Atoms
 C   6.0   0.02791176   0.06640134   0.05003733  12.00000000  -0.00018000  -0.00011746   0.00012926
 N   7.0  -0.05075809  -0.06954762   2.46543600  14.00307400   0.00012712   0.00006384  -0.00036824
 H   1.0   1.81459793  -0.05730095  -0.76324158   1.00782500   0.00055891   0.00009767   0.00133150
 H   1.0   1.80229539   0.13296616   3.40831643   1.00782500  -0.00052065   0.00026610   0.00158243
 H   1.0  -1.35206403   0.43354060   3.47107929   1.00782500   0.00079646  -0.00029661   0.00157180
 H   1.0  -1.89191917  -0.33351621  -0.77240831   1.00782500  -0.00045772   0.00044441  -0.00090842
States
Ekin        0.011342511429 a.u.
Epot_harm   0.044898832346 a.u.
Epot        0.044898832346 a.u.
Etot_harm   0.056241343776 a.u.
Etot        0.056241343776 a.u.


Index     982
Atoms
 C   6.0   0.00088949  -0.02193558   0.03170106  12.00000000  -0.00042128  -0.00006371   0.00020718
 N   7.0   0.01016993  -0.01414984   2.48663556  14.00307400   0.00039951   0.00012500  -0.00024582
 H   1.0   1.74844554  -0.02719983  -0.84013926   1.00782500   0.00304104   0.00054380  -0.00109223
 H   1.0   1.40114306   0.26934180   3.59609310   1.00782500  -0.00209881  -0.00123457  -0.00020681
 H   1.0  -1.42572109  -0.05764756   3.30532988   1.00782500  -0.00264333   0.00017456   0.00072641
 H   1.0  -1.87576308   0.27329161  -0.79376511   1.00782500   0.00116627  -0.00046208   0.00152116
States
Ekin        0.031351715407 a.u.
Epot_harm   0.030348222534 a.u.
Epot        0.030348222534 a.u.
Etot_harm   0.061699937941 a.u.
Etot        0.061699937941 a.u.


Index     983
Atoms
 C   6.0  -0.00668665   0.05509022   0.05081517  12.00000000   0.00024437  -0.00026954   0.00005648
 N   7.0  -0.00385550  -0.02577812   2.42932193  14.00307400  -0.00003463   0.00013022  -0.00023930
 H   1.0   1.86894914  -0.32011656  -0.71890505   1.00782500  -0.00457031   0.00190323   0.00168437
 H   1.0   1.59265188   0.18072449   3.37937104   1.00782500   0.00070059  -0.00087280   0.00009773
 H   1.0  -1.72263010  -0.05366811   3.80705055   1.00782500  -0.00042365  -0.00003148   0.00061889
 H   1.0  -1.60578455  -0.10471943  -0.63125072   1.00782500   0.00186487   0.00040115   0.00025150
States
Ekin        0.032805992111 a.u.
Epot_harm   0.054885530391 a.u.
Epot        0.054885530391 a.u.
Etot_harm   0.087691522502 a.u.
Etot        0.087691522502 a.u.


Index     984
Atoms
 C   6.0  -0.00419967   0.02913138   0.08561201  12.00000000  -0.00012961  -0.00012421  -0.00005342
 N   7.0  -0.01270545   0.01312317   2.45441411  14.00307400  -0.00000401   0.00015500  -0.00013592
 H   1.0   1.70410418  -0.24932478  -1.03562157   1.00782500   0.00010834   0.00030631   0.00006517
 H   1.0   1.79759409  -0.00691060   3.51214507   1.00782500  -0.00067100  -0.00068300  -0.00041516
 H   1.0  -1.70380259  -0.21333046   3.30259729   1.00782500  -0.00026580  -0.00077778   0.00153610
 H   1.0  -1.57135698  -0.05963443  -0.70581460   1.00782500   0.00242751   0.00047984   0.00133847
States
Ekin        0.012097342145 a.u.
Epot_harm   0.032739640640 a.u.
Epot        0.032739640640 a.u.
Etot_harm   0.044836982785 a.u.
Etot        0.044836982785 a.u.


Index     985
Atoms
 C   6.0  -0.02704978   0.02136731   0.01223508  12.00000000   0.00044675   0.00021699   0.00009860
 N   7.0   0.02557614  -0.03935400   2.55094728  14.00307400  -0.00005783  -0.00010063  -0.00037713
 H   1.0   1.92935648  -0.11128416  -1.02400625   1.00782500  -0.00131892   0.00012546   0.00097128
 H   1.0   1.56384979   0.26410179   3.34890114   1.00782500   0.00195419  -0.00062979   0.00021563
 H   1.0  -1.74559395   0.10055204   3.41310120   1.00782500  -0.00323587   0.00120924   0.00329407
 H   1.0  -1.78089915   0.03901178  -1.13226897   1.00782500  -0.00191526  -0.00189046  -0.00041510
States
Ekin        0.038957943982 a.u.
Epot_harm   0.029022223122 a.u.
Epot        0.029022223122 a.u.
Etot_harm   0.067980167104 a.u.
Etot        0.067980167104 a.u.


Index     986
Atoms
 C   6.0   0.01178163  -0.03004922   0.06166458  12.00000000   0.00010936  -0.00027589  -0.00059703
 N   7.0  -0.00498323  -0.02070568   2.46572645  14.00307400  -0.00011861   0.00008272   0.00027600
 H   1.0   1.77464852   0.26860733  -0.80996290   1.00782500   0.00172242   0.00013760  -0.00041677
 H   1.0   1.58193898   0.04549445   3.47072316   1.00782500   0.00227271   0.00120557   0.00267822
 H   1.0  -1.50757790   0.25870412   3.64116171   1.00782500  -0.00090941  -0.00111140   0.00185075
 H   1.0  -1.92005273   0.07267694  -1.10065539   1.00782500  -0.00273980   0.00190379  -0.00083834
States
Ekin        0.037634789362 a.u.
Epot_harm   0.019108039656 a.u.
Epot        0.019108039656 a.u.
Etot_harm   0.056742829018 a.u.
Etot        0.056742829018 a.u.


Index     987
Atoms
 C   6.0   0.00047176  -0.02698877   0.14861234  12.00000000   0.00029739   0.00017235  -0.00008770
 N   7.0   0.01634347   0.00130647   2.48297013  14.00307400  -0.00068612   0.00003854   0.00024422
 H   1.0   1.70872276   0.03948751  -1.37614583   1.00782500  -0.00158113  -0.00084879  -0.00043971
 H   1.0   1.56141781   0.11937976   3.27599618   1.00782500   0.00355352  -0.00043463  -0.00027122
 H   1.0  -1.78235968  -0.05998806   3.46051462   1.00782500   0.00346214  -0.00060025  -0.00250763
 H   1.0  -1.72047997   0.20431888  -1.43396024   1.00782500   0.00055768  -0.00070395   0.00086947
States
Ekin        0.041708250800 a.u.
Epot_harm   0.062676813471 a.u.
Epot        0.062676813471 a.u.
Etot_harm   0.104385064271 a.u.
Etot        0.104385064271 a.u.


Index     988
Atoms
 C   6.0  -0.01734830  -0.03012623  -0.00287641  12.00000000   0.00020304  -0.00041034  -0.00035613
 N   7.0  -0.00045826   0.02238697   2.54409804  14.00307400   0.00016502  -0.00009394   0.00024607
 H   1.0   1.86785994   0.01436467  -0.97435491   1.00782500  -0.00282812   0.00202761   0.00157222
 H   1.0   1.73344421   0.01728827   3.50530715   1.00782500  -0.00030939   0.00096880  -0.00013662
 H   1.0  -1.61663083  -0.17583187   3.29469183   1.00782500  -0.00123158   0.00123687  -0.00063166
 H   1.0  -1.77174286   0.19183436  -0.94482133   1.00782500  -0.00034126   0.00195785   0.00001749
States
Ekin        0.026077168701 a.u.
Epot_harm   0.020097256712 a.u.
Epot        0.020097256712 a.u.
Etot_harm   0.046174425413 a.u.
Etot        0.046174425413 a.u.


Index     989
Atoms
 C   6.0   0.04255128  -0.03015548   0.02604548  12.00000000   0.00005194   0.00030381   0.00003719
 N   7.0  -0.01279526  -0.02071634   2.47398766  14.00307400  -0.00013964   0.00019053  -0.00024147
 H   1.0   1.77399927   0.25794588  -0.96923681   1.00782500   0.00060344  -0.00191248  -0.00046885
 H   1.0   1.34152248   0.05784699   3.46067144   1.00782500   0.00040979  -0.00131014   0.00142350
 H   1.0  -1.52375161   0.24675592   3.59285547   1.00782500   0.00044144  -0.00129367   0.00083597
 H   1.0  -1.92063921   0.08434747  -0.57369715   1.00782500  -0.00013296  -0.00174841   0.00112161
States
Ekin        0.016370782753 a.u.
Epot_harm   0.029637531633 a.u.
Epot        0.029637531633 a.u.
Etot_harm   0.046008314387 a.u.
Etot        0.046008314387 a.u.


Index     990
Atoms
 C   6.0  -0.04657996  -0.02746336   0.03336796  12.00000000   0.00001480  -0.00012980  -0.00019972
 N   7.0   0.02379513  -0.00751654   2.44892494  14.00307400  -0.00026641   0.00018996  -0.00011539
 H   1.0   2.02226231   0.31871084  -0.85233686   1.00782500   0.00056271   0.00064543   0.00115807
 H   1.0   1.44093311  -0.11892974   3.85720919   1.00782500   0.00077202  -0.00122819   0.00026051
 H   1.0  -1.48233153   0.27440034   3.65673396   1.00782500   0.00151241  -0.00026012   0.00028649
 H   1.0  -1.75686214  -0.04274237  -0.88997055   1.00782500   0.00067828  -0.00025097   0.00227633
States
Ekin        0.013553794264 a.u.
Epot_harm   0.035665770626 a.u.
Epot        0.035665770626 a.u.
Etot_harm   0.049219564890 a.u.
Etot        0.049219564890 a.u.


Index     991
Atoms
 C   6.0  -0.03607508  -0.04153125   0.06560437  12.00000000  -0.00004139   0.00009257  -0.00033520
 N   7.0   0.03287444  -0.01120572   2.48169598  14.00307400   0.00011424   0.00019852   0.00037760
 H   1.0   1.68607470   0.01706041  -0.92366942   1.00782500  -0.00064442  -0.00048967  -0.00175375
 H   1.0   1.71799815   0.32491569   3.62961450   1.00782500  -0.00383771  -0.00170657  -0.00023409
 H   1.0  -1.79088908  -0.09153768   3.41190029   1.00782500   0.00199037  -0.00065524   0.00032170
 H   1.0  -1.64041287   0.39976326  -1.18537545   1.00782500   0.00139729  -0.00100893   0.00041082
States
Ekin        0.030603016421 a.u.
Epot_harm   0.025025629041 a.u.
Epot        0.025025629041 a.u.
Etot_harm   0.055628645462 a.u.
Etot        0.055628645462 a.u.


Index     992
Atoms
 C   6.0   0.00513834  -0.00770870   0.05271811  12.00000000  -0.00017886  -0.00012077  -0.00039988
 N   7.0   0.00904209   0.00652097   2.50978896  14.00307400   0.00024463   0.00019834   0.00012735
 H   1.0   1.79732460   0.07662402  -1.13660036   1.00782500   0.00203944   0.00048374  -0.00169220
 H   1.0   1.28730500  -0.08057484   3.34014599   1.00782500  -0.00146569  -0.00118460   0.00220013
 H   1.0  -1.50833785   0.03149165   3.46126768   1.00782500  -0.00154912  -0.00069777   0.00284582
 H   1.0  -1.76310699  -0.02635938  -0.96924263   1.00782500  -0.00029397   0.00008087  -0.00036186
States
Ekin        0.028408523370 a.u.
Epot_harm   0.043080861117 a.u.
Epot        0.043080861117 a.u.
Etot_harm   0.071489384487 a.u.
Etot        0.071489384487 a.u.


Index     993
Atoms
 C   6.0  -0.04475327   0.02405815   0.11201215  12.00000000  -0.00006291  -0.00029093   0.00001924
 N   7.0   0.01478553  -0.00723932   2.40724573  14.00307400  -0.00002279   0.00007848   0.00012779
 H   1.0   1.97977537  -0.12300672  -0.58869791   1.00782500   0.00157899   0.00110135   0.00137228
 H   1.0   1.43216065   0.03217947   3.34577313   1.00782500  -0.00229339  -0.00016888  -0.00278089
 H   1.0  -1.42395986  -0.01986087   3.53088796   1.00782500   0.00242960   0.00000112  -0.00018036
 H   1.0  -1.66054197  -0.07518248  -0.87362485   1.00782500  -0.00064951   0.00144013  -0.00041571
States
Ekin        0.026332744432 a.u.
Epot_harm   0.032264077117 a.u.
Epot        0.032264077117 a.u.
Etot_harm   0.058596821548 a.u.
Etot        0.058596821548 a.u.


Index     994
Atoms
 C   6.0   0.00105651   0.01322625   0.07743176  12.00000000   0.00012923  -0.00014273   0.00038544
 N   7.0   0.02031952  -0.01663205   2.44486958  14.00307400   0.00021720   0.00000563   0.00021552
 H   1.0   1.70739905  -0.07527706  -1.09953766   1.00782500  -0.00055649   0.00122006   0.00028962
 H   1.0   1.63601856   0.11567403   3.71993721   1.00782500  -0.00089686  -0.00040802  -0.00196696
 H   1.0  -1.89271733   0.02702363   3.37995834   1.00782500   0.00025880   0.00074579  -0.00230012
 H   1.0  -1.74560649   0.00618821  -0.69703572   1.00782500  -0.00336208   0.00006332  -0.00360653
States
Ekin        0.037210023232 a.u.
Epot_harm   0.026630687128 a.u.
Epot        0.026630687128 a.u.
Etot_harm   0.063840710361 a.u.
Etot        0.063840710361 a.u.


Index     995
Atoms
 C   6.0  -0.02608911   0.02131513   0.11231526  12.00000000  -0.00054154  -0.00025456   0.00081743
 N   7.0   0.02700381   0.00617149   2.45580844  14.00307400   0.00010835  -0.00007050  -0.00083016
 H   1.0   1.58856275  -0.21647509  -1.08422561   1.00782500   0.00447702   0.00098312  -0.00248905
 H   1.0   1.55274593   0.05630253   3.50365838   1.00782500  -0.00060982   0.00057927   0.00404529
 H   1.0  -1.73610797  -0.18059532   3.35302469   1.00782500   0.00142339   0.00114551   0.00107206
 H   1.0  -1.46976263   0.00122334  -1.03647553   1.00782500  -0.00034806   0.00130266  -0.00082669
States
Ekin        0.067530443490 a.u.
Epot_harm   0.022212026324 a.u.
Epot        0.022212026324 a.u.
Etot_harm   0.089742469814 a.u.
Etot        0.089742469814 a.u.


Index     996
Atoms
 C   6.0   0.00030350   0.04009023   0.07094140  12.00000000   0.00013458  -0.00006159  -0.00000592
 N   7.0   0.02803092  -0.03585377   2.48883355  14.00307400  -0.00009939   0.00001166  -0.00000393
 H   1.0   1.53638385  -0.15078392  -1.11806118   1.00782500  -0.00073909  -0.00118098   0.00250330
 H   1.0   1.61476595   0.16323372   3.54197409   1.00782500  -0.00099568   0.00135851  -0.00325295
 H   1.0  -1.89373832   0.11287805   3.29795196   1.00782500   0.00105106  -0.00164216   0.00059819
 H   1.0  -1.65049661  -0.10451054  -0.95211391   1.00782500   0.00046227   0.00203592   0.00027655
States
Ekin        0.028219992126 a.u.
Epot_harm   0.020063307404 a.u.
Epot        0.020063307404 a.u.
Etot_harm   0.048283299530 a.u.
Etot        0.048283299530 a.u.


Index     997
Atoms
 C   6.0   0.07843711   0.00812593   0.00938295  12.00000000  -0.00028729  -0.00001648   0.00031035
 N   7.0  -0.05594555  -0.02634171   2.53404919  14.00307400   0.00022816   0.00013448  -0.00037265
 H   1.0   1.69740845  -0.01042762  -1.29542243   1.00782500   0.00030502  -0.00008266  -0.00192214
 H   1.0   1.51486905   0.14633853   3.43733123   1.00782500   0.00018690  -0.00084677   0.00180766
 H   1.0  -1.36042797   0.11454796   3.43044663   1.00782500  -0.00249773  -0.00043138   0.00194055
 H   1.0  -2.00845971   0.01878799  -0.69788052   1.00782500   0.00225637  -0.00031136  -0.00034362
States
Ekin        0.026050390001 a.u.
Epot_harm   0.048717935722 a.u.
Epot        0.048717935722 a.u.
Etot_harm   0.074768325723 a.u.
Etot        0.074768325723 a.u.


Index     998
Atoms
 C   6.0  -0.05236113  -0.01800517   0.11222934  12.00000000  -0.00000700  -0.00028990   0.00005390
 N   7.0   0.01036676  -0.03105463   2.45186666  14.00307400   0.00016354   0.00019336  -0.00007171
 H   1.0   1.94023400   0.24126411  -0.76052652   1.00782500  -0.00158952  -0.00014630   0.00091006
 H   1.0   1.66320524   0.07200167   3.26985155   1.00782500  -0.00030851   0.00033416   0.00102984
 H   1.0  -1.54432603   0.31061012   3.21690792   1.00782500  -0.00002377  -0.00159328  -0.00009794
 H   1.0  -1.57969761   0.02199256  -0.93445963   1.00782500  -0.00026718   0.00217062  -0.00148731
States
Ekin        0.014944834841 a.u.
Epot_harm   0.034116110124 a.u.
Epot        0.034116110124 a.u.
Etot_harm   0.049060944965 a.u.
Etot        0.049060944965 a.u.


Index     999
Atoms
 C   6.0  -0.01782196  -0.00935343   0.05473822  12.00000000  -0.00001944  -0.00014632  -0.00012440
 N   7.0   0.01446640   0.05523044   2.49394614  14.00307400  -0.00024869   0.00008011   0.00004985
 H   1.0   1.67298854  -0.01472406  -0.92042800   1.00782500  -0.00137942   0.00061570  -0.00053387
 H   1.0   1.62455834  -0.31587323   3.47751135   1.00782500   0.00288489  -0.00079899   0.00330511
 H   1.0  -1.65403647  -0.25202964   3.15466117   1.00782500   0.00174130   0.00023740  -0.00252607
 H   1.0  -1.63230854  -0.07339438  -0.82010116   1.00782500   0.00044015   0.00057501   0.00054343
States
Ekin        0.031612098679 a.u.
Epot_harm   0.023438595122 a.u.
Epot        0.023438595122 a.u.
Etot_harm   0.055050693801 a.u.
Etot        0.055050693801 a.u.


Index     1000
Atoms
 C   6.0  -0.03855070  -0.00245753   0.04989895  12.00000000   0.00006416   0.00031065  -0.00017687
 N   7.0   0.04505665   0.05050606   2.49282087  14.00307400  -0.00046162  -0.00012410   0.00014094
 H   1.0   1.82333716  -0.09050832  -1.03667286   1.00782500   0.00181844  -0.00158246  -0.00234317
 H   1.0   1.78239337  -0.24377571   3.91458465   1.00782500   0.00103180   0.00015570   0.00203028
 H   1.0  -1.87533073  -0.29213344   3.10960247   1.00782500   0.00370292   0.00026767  -0.00001148
 H   1.0  -1.89741615  -0.04607011  -1.02261574   1.00782500  -0.00090320  -0.00081555   0.00047204
States
Ekin        0.034226380707 a.u.
Epot_harm   0.052957523442 a.u.
Epot        0.052957523442 a.u.
Etot_harm   0.087183904149 a.u.
Etot        0.087183904149 a.u.


