SAVEDIR set to /project/lgagliardi/helenclifford/practice_rcc/sharc4/methaniminium/tutorial_reproduction/traj/Singlet_2/TRAJ_00007/restart
Scratchdir set to /scratch/midway3/helenclifford/sharc_scratch/methaniminium_tutorial/traj/Singlet_2/TRAJ_00007/QM
WARNING: 'no-douglas-kroll' not in template keywords: paddingstates, density_calculation_methods, tCI, basis, baslib, basis_per_element, basis_per_atom, nactel, ras1, ras2, ras3, inactive, roots, origin, origin_pos, isotope_elements, isotope_masses, method, functional, ipea, cort_or_dort, imaginary, frozen, gradaccudefault, gradaccumax, pcmset, pcmstate, iterations, cholesky_accu, rasscf_thrs, rasscf_levshift, rasscf_sxdamp, rasscf_noqune, rasscf_convergence_mults, rasscf_guess_jobiph, rasscf_guess_mult, rasscf_guess_step, mclr_iterations, mclr_cgs
WARNING: 'cholesky' not in template keywords: paddingstates, density_calculation_methods, tCI, basis, baslib, basis_per_element, basis_per_atom, nactel, ras1, ras2, ras3, inactive, roots, origin, origin_pos, isotope_elements, isotope_masses, method, functional, ipea, cort_or_dort, imaginary, frozen, gradaccudefault, gradaccumax, pcmset, pcmstate, iterations, cholesky_accu, rasscf_thrs, rasscf_levshift, rasscf_sxdamp, rasscf_noqune, rasscf_convergence_mults, rasscf_guess_jobiph, rasscf_guess_mult, rasscf_guess_step, mclr_iterations, mclr_cgs
paddingstates not specified setting default, [0, 0, 0]
Starting job execution
['gateway']
['seward']
['copy', '/project/lgagliardi/helenclifford/practice_rcc/sharc4/methaniminium/tutorial_reproduction/traj/Singlet_2/TRAJ_00007/QM/MOLCAS.1.RasOrb.init', 'INPORB']
['rasscf', 1, 4, False, True]
['copy', 'MOLCAS.rasscf.h5', 'MOLCAS.1.rasscf.h5']
['copy', 'MOLCAS.JobIph', 'MOLCAS.1.JobIph']
['copy', '/project/lgagliardi/helenclifford/practice_rcc/sharc4/methaniminium/tutorial_reproduction/traj/Singlet_2/TRAJ_00007/QM/MOLCAS.3.RasOrb.init', 'INPORB']
['rasscf', 3, 3, False, True]
['copy', 'MOLCAS.rasscf.h5', 'MOLCAS.3.rasscf.h5']
['copy', 'MOLCAS.JobIph', 'MOLCAS.3.JobIph']
['link', 'MOLCAS.1.JobIph', 'JOB001']
['rassi', 'dm', [4]]
['copy', 'MOLCAS.rassi.h5', 'MOLCAS.rassi.1.h5']
['link', 'MOLCAS.3.JobIph', 'JOB001']
['rassi', 'dm', [3]]
['copy', 'MOLCAS.rassi.h5', 'MOLCAS.rassi.3.h5']
['link', 'MOLCAS.1.JobIph', 'JOB001']
['link', 'MOLCAS.3.JobIph', 'JOB002']
['rassi', 'soc', [4, 3]]
['copy', '$master_path/MOLCAS.1.JobIph', 'JOBOLD']
['rasscf', 1, 4, True, False]
['mclr', 0.0001, 'sala=2']
['alaska']
['copy', '$master_path/MOLCAS.3.JobIph', 'JOBOLD']
['rasscf', 3, 3, True, False]
['mclr', 0.0001, 'sala=3']
['alaska']
['copy', '$master_path/MOLCAS.3.JobIph', 'JOBOLD']
['rasscf', 3, 3, True, False]
['mclr', 0.0001, 'sala=1']
['alaska']
['copy', '$master_path/MOLCAS.1.JobIph', 'JOBOLD']
['rasscf', 1, 4, True, False]
['mclr', 0.0001, 'sala=1']
['alaska']
['copy', '$master_path/MOLCAS.1.JobIph', 'JOBOLD']
['rasscf', 1, 4, True, False]
['mclr', 0.0001, 'sala=3']
['alaska']
['copy', '$master_path/MOLCAS.3.JobIph', 'JOBOLD']
['rasscf', 3, 3, True, False]
['mclr', 0.0001, 'sala=2']
['alaska']
['copy', '$master_path/MOLCAS.1.JobIph', 'JOBOLD']
['rasscf', 1, 4, True, False]
['mclr', 0.0001, 'sala=4']
['alaska']
All jobs finished:
job: master          code: 0    runtime: 0:00:22.128615
job: grad_1_2        code: 0    runtime: 0:00:09.440842
job: grad_3_3        code: 0    runtime: 0:00:12.304962
job: grad_3_1        code: 0    runtime: 0:00:12.065394
job: grad_1_1        code: 0    runtime: 0:00:09.601245
job: grad_1_3        code: 0    runtime: 0:00:10.497699
job: grad_3_2        code: 0    runtime: 0:00:09.938185
job: grad_1_4        code: 0    runtime: 0:00:13.600888

mkdir: cannot create directory '/project/lgagliardi/helenclifford/practice_rcc/sharc4/methaniminium/tutorial_reproduction/traj/Singlet_2/TRAJ_00007/restart': File exists
Starting job execution
['gateway']
['seward']
['copy', '/project/lgagliardi/helenclifford/practice_rcc/sharc4/methaniminium/tutorial_reproduction/traj/Singlet_2/TRAJ_00007/restart/MOLCAS.1.JobIph.0', 'JOBOLD']
['rasscf', 1, 4, True, False]
['copy', 'MOLCAS.rasscf.h5', 'MOLCAS.1.rasscf.h5']
['copy', 'MOLCAS.JobIph', 'MOLCAS.1.JobIph']
['copy', '/project/lgagliardi/helenclifford/practice_rcc/sharc4/methaniminium/tutorial_reproduction/traj/Singlet_2/TRAJ_00007/restart/MOLCAS.3.JobIph.0', 'JOBOLD']
['rasscf', 3, 3, True, False]
['copy', 'MOLCAS.rasscf.h5', 'MOLCAS.3.rasscf.h5']
['copy', 'MOLCAS.JobIph', 'MOLCAS.3.JobIph']
['link', 'MOLCAS.1.JobIph', 'JOB001']
['rassi', 'dm', [4]]
['copy', 'MOLCAS.rassi.h5', 'MOLCAS.rassi.1.h5']
['link', 'MOLCAS.3.JobIph', 'JOB001']
['rassi', 'dm', [3]]
['copy', 'MOLCAS.rassi.h5', 'MOLCAS.rassi.3.h5']
['copy', '/project/lgagliardi/helenclifford/practice_rcc/sharc4/methaniminium/tutorial_reproduction/traj/Singlet_2/TRAJ_00007/restart/MOLCAS.1.JobIph.0', 'JOB001']
['link', 'MOLCAS.1.JobIph', 'JOB002']
['rassi', 'overlap', [4, 4]]
['copy', 'MOLCAS.rassi.h5', 'MOLCAS.rassi.ovlp.1.h5']
['copy', '/project/lgagliardi/helenclifford/practice_rcc/sharc4/methaniminium/tutorial_reproduction/traj/Singlet_2/TRAJ_00007/restart/MOLCAS.3.JobIph.0', 'JOB001']
['link', 'MOLCAS.3.JobIph', 'JOB002']
['rassi', 'overlap', [3, 3]]
['copy', 'MOLCAS.rassi.h5', 'MOLCAS.rassi.ovlp.3.h5']
['link', 'MOLCAS.1.JobIph', 'JOB001']
['link', 'MOLCAS.3.JobIph', 'JOB002']
['rassi', 'soc', [4, 3]]
['copy', '$master_path/MOLCAS.1.JobIph', 'JOBOLD']
['rasscf', 1, 4, True, False]
['mclr', 0.0001, 'sala=3']
['alaska']
All jobs finished:
job: master          code: 0    runtime: 0:00:18.077519
job: grad_1_3        code: 0    runtime: 0:00:14.978102

Starting job execution
['gateway']
['seward']
['copy', '/project/lgagliardi/helenclifford/practice_rcc/sharc4/methaniminium/tutorial_reproduction/traj/Singlet_2/TRAJ_00007/restart/MOLCAS.1.JobIph.1', 'JOBOLD']
['rasscf', 1, 4, True, False]
['copy', 'MOLCAS.rasscf.h5', 'MOLCAS.1.rasscf.h5']
['copy', 'MOLCAS.JobIph', 'MOLCAS.1.JobIph']
['copy', '/project/lgagliardi/helenclifford/practice_rcc/sharc4/methaniminium/tutorial_reproduction/traj/Singlet_2/TRAJ_00007/restart/MOLCAS.3.JobIph.1', 'JOBOLD']
['rasscf', 3, 3, True, False]
['copy', 'MOLCAS.rasscf.h5', 'MOLCAS.3.rasscf.h5']
['copy', 'MOLCAS.JobIph', 'MOLCAS.3.JobIph']
['link', 'MOLCAS.1.JobIph', 'JOB001']
['rassi', 'dm', [4]]
['copy', 'MOLCAS.rassi.h5', 'MOLCAS.rassi.1.h5']
['link', 'MOLCAS.3.JobIph', 'JOB001']
['rassi', 'dm', [3]]
['copy', 'MOLCAS.rassi.h5', 'MOLCAS.rassi.3.h5']
['copy', '/project/lgagliardi/helenclifford/practice_rcc/sharc4/methaniminium/tutorial_reproduction/traj/Singlet_2/TRAJ_00007/restart/MOLCAS.1.JobIph.1', 'JOB001']
['link', 'MOLCAS.1.JobIph', 'JOB002']
['rassi', 'overlap', [4, 4]]
['copy', 'MOLCAS.rassi.h5', 'MOLCAS.rassi.ovlp.1.h5']
['copy', '/project/lgagliardi/helenclifford/practice_rcc/sharc4/methaniminium/tutorial_reproduction/traj/Singlet_2/TRAJ_00007/restart/MOLCAS.3.JobIph.1', 'JOB001']
['link', 'MOLCAS.3.JobIph', 'JOB002']
['rassi', 'overlap', [3, 3]]
['copy', 'MOLCAS.rassi.h5', 'MOLCAS.rassi.ovlp.3.h5']
['link', 'MOLCAS.1.JobIph', 'JOB001']
['link', 'MOLCAS.3.JobIph', 'JOB002']
['rassi', 'soc', [4, 3]]
['copy', '$master_path/MOLCAS.1.JobIph', 'JOBOLD']
['rasscf', 1, 4, True, False]
['mclr', 0.0001, 'sala=3']
['alaska']
All jobs finished:
job: master          code: 0    runtime: 0:00:24.072076
job: grad_1_3        code: 0    runtime: 0:00:10.414074

Starting job execution
['gateway']
['seward']
['copy', '/project/lgagliardi/helenclifford/practice_rcc/sharc4/methaniminium/tutorial_reproduction/traj/Singlet_2/TRAJ_00007/restart/MOLCAS.1.JobIph.2', 'JOBOLD']
['rasscf', 1, 4, True, False]
['copy', 'MOLCAS.rasscf.h5', 'MOLCAS.1.rasscf.h5']
['copy', 'MOLCAS.JobIph', 'MOLCAS.1.JobIph']
['copy', '/project/lgagliardi/helenclifford/practice_rcc/sharc4/methaniminium/tutorial_reproduction/traj/Singlet_2/TRAJ_00007/restart/MOLCAS.3.JobIph.2', 'JOBOLD']
['rasscf', 3, 3, True, False]
['copy', 'MOLCAS.rasscf.h5', 'MOLCAS.3.rasscf.h5']
['copy', 'MOLCAS.JobIph', 'MOLCAS.3.JobIph']
['link', 'MOLCAS.1.JobIph', 'JOB001']
['rassi', 'dm', [4]]
['copy', 'MOLCAS.rassi.h5', 'MOLCAS.rassi.1.h5']
['link', 'MOLCAS.3.JobIph', 'JOB001']
['rassi', 'dm', [3]]
['copy', 'MOLCAS.rassi.h5', 'MOLCAS.rassi.3.h5']
['copy', '/project/lgagliardi/helenclifford/practice_rcc/sharc4/methaniminium/tutorial_reproduction/traj/Singlet_2/TRAJ_00007/restart/MOLCAS.1.JobIph.1', 'JOB001']
['link', 'MOLCAS.1.JobIph', 'JOB002']
['rassi', 'overlap', [4, 4]]
['copy', 'MOLCAS.rassi.h5', 'MOLCAS.rassi.ovlp.1.h5']
['copy', '/project/lgagliardi/helenclifford/practice_rcc/sharc4/methaniminium/tutorial_reproduction/traj/Singlet_2/TRAJ_00007/restart/MOLCAS.3.JobIph.1', 'JOB001']
['link', 'MOLCAS.3.JobIph', 'JOB002']
['rassi', 'overlap', [3, 3]]
['copy', 'MOLCAS.rassi.h5', 'MOLCAS.rassi.ovlp.3.h5']
['link', 'MOLCAS.1.JobIph', 'JOB001']
['link', 'MOLCAS.3.JobIph', 'JOB002']
['rassi', 'soc', [4, 3]]
['copy', '$master_path/MOLCAS.3.JobIph', 'JOBOLD']
['rasscf', 3, 3, True, False]
['mclr', 0.0001, 'sala=3']
['alaska']
['copy', '$master_path/MOLCAS.1.JobIph', 'JOBOLD']
['rasscf', 1, 4, True, False]
['mclr', 0.0001, 'sala=3']
['alaska']
All jobs finished:
job: master          code: 0    runtime: 0:00:16.743647
job: grad_3_3        code: 0    runtime: 0:00:16.856379
job: grad_1_3        code: 0    runtime: 0:00:02.683046

Starting job execution
['gateway']
['seward']
['copy', '/project/lgagliardi/helenclifford/practice_rcc/sharc4/methaniminium/tutorial_reproduction/traj/Singlet_2/TRAJ_00007/restart/MOLCAS.1.JobIph.2', 'JOBOLD']
['rasscf', 1, 4, True, False]
['copy', 'MOLCAS.rasscf.h5', 'MOLCAS.1.rasscf.h5']
['copy', 'MOLCAS.JobIph', 'MOLCAS.1.JobIph']
['copy', '/project/lgagliardi/helenclifford/practice_rcc/sharc4/methaniminium/tutorial_reproduction/traj/Singlet_2/TRAJ_00007/restart/MOLCAS.3.JobIph.2', 'JOBOLD']
['rasscf', 3, 3, True, False]
['copy', 'MOLCAS.rasscf.h5', 'MOLCAS.3.rasscf.h5']
['copy', 'MOLCAS.JobIph', 'MOLCAS.3.JobIph']
['link', 'MOLCAS.1.JobIph', 'JOB001']
['rassi', 'dm', [4]]
['copy', 'MOLCAS.rassi.h5', 'MOLCAS.rassi.1.h5']
['link', 'MOLCAS.3.JobIph', 'JOB001']
['rassi', 'dm', [3]]
['copy', 'MOLCAS.rassi.h5', 'MOLCAS.rassi.3.h5']
['copy', '/project/lgagliardi/helenclifford/practice_rcc/sharc4/methaniminium/tutorial_reproduction/traj/Singlet_2/TRAJ_00007/restart/MOLCAS.1.JobIph.2', 'JOB001']
['link', 'MOLCAS.1.JobIph', 'JOB002']
['rassi', 'overlap', [4, 4]]
['copy', 'MOLCAS.rassi.h5', 'MOLCAS.rassi.ovlp.1.h5']
['copy', '/project/lgagliardi/helenclifford/practice_rcc/sharc4/methaniminium/tutorial_reproduction/traj/Singlet_2/TRAJ_00007/restart/MOLCAS.3.JobIph.2', 'JOB001']
['link', 'MOLCAS.3.JobIph', 'JOB002']
['rassi', 'overlap', [3, 3]]
['copy', 'MOLCAS.rassi.h5', 'MOLCAS.rassi.ovlp.3.h5']
['link', 'MOLCAS.1.JobIph', 'JOB001']
['link', 'MOLCAS.3.JobIph', 'JOB002']
['rassi', 'soc', [4, 3]]
['copy', '$master_path/MOLCAS.3.JobIph', 'JOBOLD']
['rasscf', 3, 3, True, False]
['mclr', 0.0001, 'sala=3']
['alaska']
['copy', '$master_path/MOLCAS.1.JobIph', 'JOBOLD']
['rasscf', 1, 4, True, False]
['mclr', 0.0001, 'sala=3']
['alaska']
All jobs finished:
job: master          code: 0    runtime: 0:00:27.784456
job: grad_3_3        code: 0    runtime: 0:00:09.694389
job: grad_1_3        code: 0    runtime: 0:00:09.153183

Starting job execution
['gateway']
['seward']
['copy', '/project/lgagliardi/helenclifford/practice_rcc/sharc4/methaniminium/tutorial_reproduction/traj/Singlet_2/TRAJ_00007/restart/MOLCAS.1.JobIph.3', 'JOBOLD']
['rasscf', 1, 4, True, False]
['copy', 'MOLCAS.rasscf.h5', 'MOLCAS.1.rasscf.h5']
['copy', 'MOLCAS.JobIph', 'MOLCAS.1.JobIph']
['copy', '/project/lgagliardi/helenclifford/practice_rcc/sharc4/methaniminium/tutorial_reproduction/traj/Singlet_2/TRAJ_00007/restart/MOLCAS.3.JobIph.3', 'JOBOLD']
['rasscf', 3, 3, True, False]
['copy', 'MOLCAS.rasscf.h5', 'MOLCAS.3.rasscf.h5']
['copy', 'MOLCAS.JobIph', 'MOLCAS.3.JobIph']
['link', 'MOLCAS.1.JobIph', 'JOB001']
['rassi', 'dm', [4]]
['copy', 'MOLCAS.rassi.h5', 'MOLCAS.rassi.1.h5']
['link', 'MOLCAS.3.JobIph', 'JOB001']
['rassi', 'dm', [3]]
['copy', 'MOLCAS.rassi.h5', 'MOLCAS.rassi.3.h5']
['copy', '/project/lgagliardi/helenclifford/practice_rcc/sharc4/methaniminium/tutorial_reproduction/traj/Singlet_2/TRAJ_00007/restart/MOLCAS.1.JobIph.3', 'JOB001']
['link', 'MOLCAS.1.JobIph', 'JOB002']
['rassi', 'overlap', [4, 4]]
['copy', 'MOLCAS.rassi.h5', 'MOLCAS.rassi.ovlp.1.h5']
['copy', '/project/lgagliardi/helenclifford/practice_rcc/sharc4/methaniminium/tutorial_reproduction/traj/Singlet_2/TRAJ_00007/restart/MOLCAS.3.JobIph.3', 'JOB001']
['link', 'MOLCAS.3.JobIph', 'JOB002']
['rassi', 'overlap', [3, 3]]
['copy', 'MOLCAS.rassi.h5', 'MOLCAS.rassi.ovlp.3.h5']
['link', 'MOLCAS.1.JobIph', 'JOB001']
['link', 'MOLCAS.3.JobIph', 'JOB002']
['rassi', 'soc', [4, 3]]
['copy', '$master_path/MOLCAS.3.JobIph', 'JOBOLD']
['rasscf', 3, 3, True, False]
['mclr', 0.0001, 'sala=3']
['alaska']
['copy', '$master_path/MOLCAS.1.JobIph', 'JOBOLD']
['rasscf', 1, 4, True, False]
['mclr', 0.0001, 'sala=3']
['alaska']
All jobs finished:
job: master          code: 0    runtime: 0:00:22.045259
job: grad_3_3        code: 0    runtime: 0:00:09.451631
job: grad_1_3        code: 0    runtime: 0:00:02.923087

Starting job execution
['gateway']
['seward']
['copy', '/project/lgagliardi/helenclifford/practice_rcc/sharc4/methaniminium/tutorial_reproduction/traj/Singlet_2/TRAJ_00007/restart/MOLCAS.1.JobIph.4', 'JOBOLD']
['rasscf', 1, 4, True, False]
['copy', 'MOLCAS.rasscf.h5', 'MOLCAS.1.rasscf.h5']
['copy', 'MOLCAS.JobIph', 'MOLCAS.1.JobIph']
['copy', '/project/lgagliardi/helenclifford/practice_rcc/sharc4/methaniminium/tutorial_reproduction/traj/Singlet_2/TRAJ_00007/restart/MOLCAS.3.JobIph.4', 'JOBOLD']
['rasscf', 3, 3, True, False]
['copy', 'MOLCAS.rasscf.h5', 'MOLCAS.3.rasscf.h5']
['copy', 'MOLCAS.JobIph', 'MOLCAS.3.JobIph']
['link', 'MOLCAS.1.JobIph', 'JOB001']
['rassi', 'dm', [4]]
['copy', 'MOLCAS.rassi.h5', 'MOLCAS.rassi.1.h5']
['link', 'MOLCAS.3.JobIph', 'JOB001']
['rassi', 'dm', [3]]
['copy', 'MOLCAS.rassi.h5', 'MOLCAS.rassi.3.h5']
['copy', '/project/lgagliardi/helenclifford/practice_rcc/sharc4/methaniminium/tutorial_reproduction/traj/Singlet_2/TRAJ_00007/restart/MOLCAS.1.JobIph.4', 'JOB001']
['link', 'MOLCAS.1.JobIph', 'JOB002']
['rassi', 'overlap', [4, 4]]
['copy', 'MOLCAS.rassi.h5', 'MOLCAS.rassi.ovlp.1.h5']
['copy', '/project/lgagliardi/helenclifford/practice_rcc/sharc4/methaniminium/tutorial_reproduction/traj/Singlet_2/TRAJ_00007/restart/MOLCAS.3.JobIph.4', 'JOB001']
['link', 'MOLCAS.3.JobIph', 'JOB002']
['rassi', 'overlap', [3, 3]]
['copy', 'MOLCAS.rassi.h5', 'MOLCAS.rassi.ovlp.3.h5']
['link', 'MOLCAS.1.JobIph', 'JOB001']
['link', 'MOLCAS.3.JobIph', 'JOB002']
['rassi', 'soc', [4, 3]]
['copy', '$master_path/MOLCAS.1.JobIph', 'JOBOLD']
['rasscf', 1, 4, True, False]
['mclr', 0.0001, 'sala=3']
['alaska']
All jobs finished:
job: master          code: 0    runtime: 0:00:22.892555
job: grad_1_3        code: 0    runtime: 0:00:13.007531

Starting job execution
['gateway']
['seward']
['copy', '/project/lgagliardi/helenclifford/practice_rcc/sharc4/methaniminium/tutorial_reproduction/traj/Singlet_2/TRAJ_00007/restart/MOLCAS.1.JobIph.5', 'JOBOLD']
['rasscf', 1, 4, True, False]
['copy', 'MOLCAS.rasscf.h5', 'MOLCAS.1.rasscf.h5']
['copy', 'MOLCAS.JobIph', 'MOLCAS.1.JobIph']
['copy', '/project/lgagliardi/helenclifford/practice_rcc/sharc4/methaniminium/tutorial_reproduction/traj/Singlet_2/TRAJ_00007/restart/MOLCAS.3.JobIph.5', 'JOBOLD']
['rasscf', 3, 3, True, False]
['copy', 'MOLCAS.rasscf.h5', 'MOLCAS.3.rasscf.h5']
['copy', 'MOLCAS.JobIph', 'MOLCAS.3.JobIph']
['link', 'MOLCAS.1.JobIph', 'JOB001']
['rassi', 'dm', [4]]
['copy', 'MOLCAS.rassi.h5', 'MOLCAS.rassi.1.h5']
['link', 'MOLCAS.3.JobIph', 'JOB001']
['rassi', 'dm', [3]]
['copy', 'MOLCAS.rassi.h5', 'MOLCAS.rassi.3.h5']
['copy', '/project/lgagliardi/helenclifford/practice_rcc/sharc4/methaniminium/tutorial_reproduction/traj/Singlet_2/TRAJ_00007/restart/MOLCAS.1.JobIph.5', 'JOB001']
['link', 'MOLCAS.1.JobIph', 'JOB002']
['rassi', 'overlap', [4, 4]]
['copy', 'MOLCAS.rassi.h5', 'MOLCAS.rassi.ovlp.1.h5']
['copy', '/project/lgagliardi/helenclifford/practice_rcc/sharc4/methaniminium/tutorial_reproduction/traj/Singlet_2/TRAJ_00007/restart/MOLCAS.3.JobIph.5', 'JOB001']
['link', 'MOLCAS.3.JobIph', 'JOB002']
['rassi', 'overlap', [3, 3]]
['copy', 'MOLCAS.rassi.h5', 'MOLCAS.rassi.ovlp.3.h5']
['link', 'MOLCAS.1.JobIph', 'JOB001']
['link', 'MOLCAS.3.JobIph', 'JOB002']
['rassi', 'soc', [4, 3]]
['copy', '$master_path/MOLCAS.1.JobIph', 'JOBOLD']
['rasscf', 1, 4, True, False]
['mclr', 0.0001, 'sala=3']
['alaska']
All jobs finished:
job: master          code: 0    runtime: 0:00:18.897354
job: grad_1_3        code: 0    runtime: 0:00:07.881269

Starting job execution
['gateway']
['seward']
['copy', '/project/lgagliardi/helenclifford/practice_rcc/sharc4/methaniminium/tutorial_reproduction/traj/Singlet_2/TRAJ_00007/restart/MOLCAS.1.JobIph.6', 'JOBOLD']
['rasscf', 1, 4, True, False]
['copy', 'MOLCAS.rasscf.h5', 'MOLCAS.1.rasscf.h5']
['copy', 'MOLCAS.JobIph', 'MOLCAS.1.JobIph']
['copy', '/project/lgagliardi/helenclifford/practice_rcc/sharc4/methaniminium/tutorial_reproduction/traj/Singlet_2/TRAJ_00007/restart/MOLCAS.3.JobIph.6', 'JOBOLD']
['rasscf', 3, 3, True, False]
['copy', 'MOLCAS.rasscf.h5', 'MOLCAS.3.rasscf.h5']
['copy', 'MOLCAS.JobIph', 'MOLCAS.3.JobIph']
['link', 'MOLCAS.1.JobIph', 'JOB001']
['rassi', 'dm', [4]]
['copy', 'MOLCAS.rassi.h5', 'MOLCAS.rassi.1.h5']
['link', 'MOLCAS.3.JobIph', 'JOB001']
['rassi', 'dm', [3]]
['copy', 'MOLCAS.rassi.h5', 'MOLCAS.rassi.3.h5']
['copy', '/project/lgagliardi/helenclifford/practice_rcc/sharc4/methaniminium/tutorial_reproduction/traj/Singlet_2/TRAJ_00007/restart/MOLCAS.1.JobIph.6', 'JOB001']
['link', 'MOLCAS.1.JobIph', 'JOB002']
['rassi', 'overlap', [4, 4]]
['copy', 'MOLCAS.rassi.h5', 'MOLCAS.rassi.ovlp.1.h5']
['copy', '/project/lgagliardi/helenclifford/practice_rcc/sharc4/methaniminium/tutorial_reproduction/traj/Singlet_2/TRAJ_00007/restart/MOLCAS.3.JobIph.6', 'JOB001']
['link', 'MOLCAS.3.JobIph', 'JOB002']
['rassi', 'overlap', [3, 3]]
['copy', 'MOLCAS.rassi.h5', 'MOLCAS.rassi.ovlp.3.h5']
['link', 'MOLCAS.1.JobIph', 'JOB001']
['link', 'MOLCAS.3.JobIph', 'JOB002']
['rassi', 'soc', [4, 3]]
['copy', '$master_path/MOLCAS.1.JobIph', 'JOBOLD']
['rasscf', 1, 4, True, False]
['mclr', 0.0001, 'sala=3']
['alaska']
All jobs finished:
job: master          code: 0    runtime: 0:00:20.468653
job: grad_1_3        code: 0    runtime: 0:00:09.741855

Starting job execution
['gateway']
['seward']
['copy', '/project/lgagliardi/helenclifford/practice_rcc/sharc4/methaniminium/tutorial_reproduction/traj/Singlet_2/TRAJ_00007/restart/MOLCAS.1.JobIph.7', 'JOBOLD']
['rasscf', 1, 4, True, False]
['copy', 'MOLCAS.rasscf.h5', 'MOLCAS.1.rasscf.h5']
['copy', 'MOLCAS.JobIph', 'MOLCAS.1.JobIph']
['copy', '/project/lgagliardi/helenclifford/practice_rcc/sharc4/methaniminium/tutorial_reproduction/traj/Singlet_2/TRAJ_00007/restart/MOLCAS.3.JobIph.7', 'JOBOLD']
['rasscf', 3, 3, True, False]
['copy', 'MOLCAS.rasscf.h5', 'MOLCAS.3.rasscf.h5']
['copy', 'MOLCAS.JobIph', 'MOLCAS.3.JobIph']
['link', 'MOLCAS.1.JobIph', 'JOB001']
['rassi', 'dm', [4]]
['copy', 'MOLCAS.rassi.h5', 'MOLCAS.rassi.1.h5']
['link', 'MOLCAS.3.JobIph', 'JOB001']
['rassi', 'dm', [3]]
['copy', 'MOLCAS.rassi.h5', 'MOLCAS.rassi.3.h5']
['copy', '/project/lgagliardi/helenclifford/practice_rcc/sharc4/methaniminium/tutorial_reproduction/traj/Singlet_2/TRAJ_00007/restart/MOLCAS.1.JobIph.7', 'JOB001']
['link', 'MOLCAS.1.JobIph', 'JOB002']
['rassi', 'overlap', [4, 4]]
['copy', 'MOLCAS.rassi.h5', 'MOLCAS.rassi.ovlp.1.h5']
['copy', '/project/lgagliardi/helenclifford/practice_rcc/sharc4/methaniminium/tutorial_reproduction/traj/Singlet_2/TRAJ_00007/restart/MOLCAS.3.JobIph.7', 'JOB001']
['link', 'MOLCAS.3.JobIph', 'JOB002']
['rassi', 'overlap', [3, 3]]
['copy', 'MOLCAS.rassi.h5', 'MOLCAS.rassi.ovlp.3.h5']
['link', 'MOLCAS.1.JobIph', 'JOB001']
['link', 'MOLCAS.3.JobIph', 'JOB002']
['rassi', 'soc', [4, 3]]
['copy', '$master_path/MOLCAS.1.JobIph', 'JOBOLD']
['rasscf', 1, 4, True, False]
['mclr', 0.0001, 'sala=3']
['alaska']
All jobs finished:
job: master          code: 0    runtime: 0:00:16.931638
job: grad_1_3        code: 0    runtime: 0:00:12.776273

Starting job execution
['gateway']
['seward']
['copy', '/project/lgagliardi/helenclifford/practice_rcc/sharc4/methaniminium/tutorial_reproduction/traj/Singlet_2/TRAJ_00007/restart/MOLCAS.1.JobIph.8', 'JOBOLD']
['rasscf', 1, 4, True, False]
['copy', 'MOLCAS.rasscf.h5', 'MOLCAS.1.rasscf.h5']
['copy', 'MOLCAS.JobIph', 'MOLCAS.1.JobIph']
['copy', '/project/lgagliardi/helenclifford/practice_rcc/sharc4/methaniminium/tutorial_reproduction/traj/Singlet_2/TRAJ_00007/restart/MOLCAS.3.JobIph.8', 'JOBOLD']
['rasscf', 3, 3, True, False]
['copy', 'MOLCAS.rasscf.h5', 'MOLCAS.3.rasscf.h5']
['copy', 'MOLCAS.JobIph', 'MOLCAS.3.JobIph']
['link', 'MOLCAS.1.JobIph', 'JOB001']
['rassi', 'dm', [4]]
['copy', 'MOLCAS.rassi.h5', 'MOLCAS.rassi.1.h5']
['link', 'MOLCAS.3.JobIph', 'JOB001']
['rassi', 'dm', [3]]
['copy', 'MOLCAS.rassi.h5', 'MOLCAS.rassi.3.h5']
['copy', '/project/lgagliardi/helenclifford/practice_rcc/sharc4/methaniminium/tutorial_reproduction/traj/Singlet_2/TRAJ_00007/restart/MOLCAS.1.JobIph.8', 'JOB001']
['link', 'MOLCAS.1.JobIph', 'JOB002']
['rassi', 'overlap', [4, 4]]
['copy', 'MOLCAS.rassi.h5', 'MOLCAS.rassi.ovlp.1.h5']
['copy', '/project/lgagliardi/helenclifford/practice_rcc/sharc4/methaniminium/tutorial_reproduction/traj/Singlet_2/TRAJ_00007/restart/MOLCAS.3.JobIph.8', 'JOB001']
['link', 'MOLCAS.3.JobIph', 'JOB002']
['rassi', 'overlap', [3, 3]]
['copy', 'MOLCAS.rassi.h5', 'MOLCAS.rassi.ovlp.3.h5']
['link', 'MOLCAS.1.JobIph', 'JOB001']
['link', 'MOLCAS.3.JobIph', 'JOB002']
['rassi', 'soc', [4, 3]]
['copy', '$master_path/MOLCAS.1.JobIph', 'JOBOLD']
['rasscf', 1, 4, True, False]
['mclr', 0.0001, 'sala=3']
['alaska']
All jobs finished:
job: master          code: 0    runtime: 0:00:20.460085
job: grad_1_3        code: 0    runtime: 0:00:09.914568

Starting job execution
['gateway']
['seward']
['copy', '/project/lgagliardi/helenclifford/practice_rcc/sharc4/methaniminium/tutorial_reproduction/traj/Singlet_2/TRAJ_00007/restart/MOLCAS.1.JobIph.9', 'JOBOLD']
['rasscf', 1, 4, True, False]
['copy', 'MOLCAS.rasscf.h5', 'MOLCAS.1.rasscf.h5']
['copy', 'MOLCAS.JobIph', 'MOLCAS.1.JobIph']
['copy', '/project/lgagliardi/helenclifford/practice_rcc/sharc4/methaniminium/tutorial_reproduction/traj/Singlet_2/TRAJ_00007/restart/MOLCAS.3.JobIph.9', 'JOBOLD']
['rasscf', 3, 3, True, False]
['copy', 'MOLCAS.rasscf.h5', 'MOLCAS.3.rasscf.h5']
['copy', 'MOLCAS.JobIph', 'MOLCAS.3.JobIph']
['link', 'MOLCAS.1.JobIph', 'JOB001']
['rassi', 'dm', [4]]
['copy', 'MOLCAS.rassi.h5', 'MOLCAS.rassi.1.h5']
['link', 'MOLCAS.3.JobIph', 'JOB001']
['rassi', 'dm', [3]]
['copy', 'MOLCAS.rassi.h5', 'MOLCAS.rassi.3.h5']
['copy', '/project/lgagliardi/helenclifford/practice_rcc/sharc4/methaniminium/tutorial_reproduction/traj/Singlet_2/TRAJ_00007/restart/MOLCAS.1.JobIph.9', 'JOB001']
['link', 'MOLCAS.1.JobIph', 'JOB002']
['rassi', 'overlap', [4, 4]]
['copy', 'MOLCAS.rassi.h5', 'MOLCAS.rassi.ovlp.1.h5']
['copy', '/project/lgagliardi/helenclifford/practice_rcc/sharc4/methaniminium/tutorial_reproduction/traj/Singlet_2/TRAJ_00007/restart/MOLCAS.3.JobIph.9', 'JOB001']
['link', 'MOLCAS.3.JobIph', 'JOB002']
['rassi', 'overlap', [3, 3]]
['copy', 'MOLCAS.rassi.h5', 'MOLCAS.rassi.ovlp.3.h5']
['link', 'MOLCAS.1.JobIph', 'JOB001']
['link', 'MOLCAS.3.JobIph', 'JOB002']
['rassi', 'soc', [4, 3]]
['copy', '$master_path/MOLCAS.1.JobIph', 'JOBOLD']
['rasscf', 1, 4, True, False]
['mclr', 0.0001, 'sala=3']
['alaska']
All jobs finished:
job: master          code: 0    runtime: 0:00:19.646549
job: grad_1_3        code: 0    runtime: 0:00:09.077645

Starting job execution
['gateway']
['seward']
['copy', '/project/lgagliardi/helenclifford/practice_rcc/sharc4/methaniminium/tutorial_reproduction/traj/Singlet_2/TRAJ_00007/restart/MOLCAS.1.JobIph.10', 'JOBOLD']
['rasscf', 1, 4, True, False]
['copy', 'MOLCAS.rasscf.h5', 'MOLCAS.1.rasscf.h5']
['copy', 'MOLCAS.JobIph', 'MOLCAS.1.JobIph']
['copy', '/project/lgagliardi/helenclifford/practice_rcc/sharc4/methaniminium/tutorial_reproduction/traj/Singlet_2/TRAJ_00007/restart/MOLCAS.3.JobIph.10', 'JOBOLD']
['rasscf', 3, 3, True, False]
['copy', 'MOLCAS.rasscf.h5', 'MOLCAS.3.rasscf.h5']
['copy', 'MOLCAS.JobIph', 'MOLCAS.3.JobIph']
['link', 'MOLCAS.1.JobIph', 'JOB001']
['rassi', 'dm', [4]]
['copy', 'MOLCAS.rassi.h5', 'MOLCAS.rassi.1.h5']
['link', 'MOLCAS.3.JobIph', 'JOB001']
['rassi', 'dm', [3]]
['copy', 'MOLCAS.rassi.h5', 'MOLCAS.rassi.3.h5']
['copy', '/project/lgagliardi/helenclifford/practice_rcc/sharc4/methaniminium/tutorial_reproduction/traj/Singlet_2/TRAJ_00007/restart/MOLCAS.1.JobIph.9', 'JOB001']
['link', 'MOLCAS.1.JobIph', 'JOB002']
['rassi', 'overlap', [4, 4]]
['copy', 'MOLCAS.rassi.h5', 'MOLCAS.rassi.ovlp.1.h5']
['copy', '/project/lgagliardi/helenclifford/practice_rcc/sharc4/methaniminium/tutorial_reproduction/traj/Singlet_2/TRAJ_00007/restart/MOLCAS.3.JobIph.9', 'JOB001']
['link', 'MOLCAS.3.JobIph', 'JOB002']
['rassi', 'overlap', [3, 3]]
['copy', 'MOLCAS.rassi.h5', 'MOLCAS.rassi.ovlp.3.h5']
['link', 'MOLCAS.1.JobIph', 'JOB001']
['link', 'MOLCAS.3.JobIph', 'JOB002']
['rassi', 'soc', [4, 3]]
['copy', '$master_path/MOLCAS.3.JobIph', 'JOBOLD']
['rasscf', 3, 3, True, False]
['mclr', 0.0001, 'sala=3']
['alaska']
['copy', '$master_path/MOLCAS.1.JobIph', 'JOBOLD']
['rasscf', 1, 4, True, False]
['mclr', 0.0001, 'sala=3']
['alaska']
All jobs finished:
job: master          code: 0    runtime: 0:00:19.699200
job: grad_3_3        code: 0    runtime: 0:00:10.770163
job: grad_1_3        code: 0    runtime: 0:00:09.623381

Starting job execution
['gateway']
['seward']
['copy', '/project/lgagliardi/helenclifford/practice_rcc/sharc4/methaniminium/tutorial_reproduction/traj/Singlet_2/TRAJ_00007/restart/MOLCAS.1.JobIph.10', 'JOBOLD']
['rasscf', 1, 4, True, False]
['copy', 'MOLCAS.rasscf.h5', 'MOLCAS.1.rasscf.h5']
['copy', 'MOLCAS.JobIph', 'MOLCAS.1.JobIph']
['copy', '/project/lgagliardi/helenclifford/practice_rcc/sharc4/methaniminium/tutorial_reproduction/traj/Singlet_2/TRAJ_00007/restart/MOLCAS.3.JobIph.10', 'JOBOLD']
['rasscf', 3, 3, True, False]
['copy', 'MOLCAS.rasscf.h5', 'MOLCAS.3.rasscf.h5']
['copy', 'MOLCAS.JobIph', 'MOLCAS.3.JobIph']
['link', 'MOLCAS.1.JobIph', 'JOB001']
['rassi', 'dm', [4]]
['copy', 'MOLCAS.rassi.h5', 'MOLCAS.rassi.1.h5']
['link', 'MOLCAS.3.JobIph', 'JOB001']
['rassi', 'dm', [3]]
['copy', 'MOLCAS.rassi.h5', 'MOLCAS.rassi.3.h5']
['copy', '/project/lgagliardi/helenclifford/practice_rcc/sharc4/methaniminium/tutorial_reproduction/traj/Singlet_2/TRAJ_00007/restart/MOLCAS.1.JobIph.10', 'JOB001']
['link', 'MOLCAS.1.JobIph', 'JOB002']
['rassi', 'overlap', [4, 4]]
['copy', 'MOLCAS.rassi.h5', 'MOLCAS.rassi.ovlp.1.h5']
['copy', '/project/lgagliardi/helenclifford/practice_rcc/sharc4/methaniminium/tutorial_reproduction/traj/Singlet_2/TRAJ_00007/restart/MOLCAS.3.JobIph.10', 'JOB001']
['link', 'MOLCAS.3.JobIph', 'JOB002']
['rassi', 'overlap', [3, 3]]
['copy', 'MOLCAS.rassi.h5', 'MOLCAS.rassi.ovlp.3.h5']
['link', 'MOLCAS.1.JobIph', 'JOB001']
['link', 'MOLCAS.3.JobIph', 'JOB002']
['rassi', 'soc', [4, 3]]
['copy', '$master_path/MOLCAS.3.JobIph', 'JOBOLD']
['rasscf', 3, 3, True, False]
['mclr', 0.0001, 'sala=3']
['alaska']
['copy', '$master_path/MOLCAS.1.JobIph', 'JOBOLD']
['rasscf', 1, 4, True, False]
['mclr', 0.0001, 'sala=3']
['alaska']
All jobs finished:
job: master          code: 0    runtime: 0:00:19.820877
job: grad_3_3        code: 0    runtime: 0:00:09.703807
job: grad_1_3        code: 0    runtime: 0:00:09.778818

Starting job execution
['gateway']
['seward']
['copy', '/project/lgagliardi/helenclifford/practice_rcc/sharc4/methaniminium/tutorial_reproduction/traj/Singlet_2/TRAJ_00007/restart/MOLCAS.1.JobIph.11', 'JOBOLD']
['rasscf', 1, 4, True, False]
['copy', 'MOLCAS.rasscf.h5', 'MOLCAS.1.rasscf.h5']
['copy', 'MOLCAS.JobIph', 'MOLCAS.1.JobIph']
['copy', '/project/lgagliardi/helenclifford/practice_rcc/sharc4/methaniminium/tutorial_reproduction/traj/Singlet_2/TRAJ_00007/restart/MOLCAS.3.JobIph.11', 'JOBOLD']
['rasscf', 3, 3, True, False]
['copy', 'MOLCAS.rasscf.h5', 'MOLCAS.3.rasscf.h5']
['copy', 'MOLCAS.JobIph', 'MOLCAS.3.JobIph']
['link', 'MOLCAS.1.JobIph', 'JOB001']
['rassi', 'dm', [4]]
['copy', 'MOLCAS.rassi.h5', 'MOLCAS.rassi.1.h5']
['link', 'MOLCAS.3.JobIph', 'JOB001']
['rassi', 'dm', [3]]
['copy', 'MOLCAS.rassi.h5', 'MOLCAS.rassi.3.h5']
['copy', '/project/lgagliardi/helenclifford/practice_rcc/sharc4/methaniminium/tutorial_reproduction/traj/Singlet_2/TRAJ_00007/restart/MOLCAS.1.JobIph.11', 'JOB001']
['link', 'MOLCAS.1.JobIph', 'JOB002']
['rassi', 'overlap', [4, 4]]
['copy', 'MOLCAS.rassi.h5', 'MOLCAS.rassi.ovlp.1.h5']
['copy', '/project/lgagliardi/helenclifford/practice_rcc/sharc4/methaniminium/tutorial_reproduction/traj/Singlet_2/TRAJ_00007/restart/MOLCAS.3.JobIph.11', 'JOB001']
['link', 'MOLCAS.3.JobIph', 'JOB002']
['rassi', 'overlap', [3, 3]]
['copy', 'MOLCAS.rassi.h5', 'MOLCAS.rassi.ovlp.3.h5']
['link', 'MOLCAS.1.JobIph', 'JOB001']
['link', 'MOLCAS.3.JobIph', 'JOB002']
['rassi', 'soc', [4, 3]]
['copy', '$master_path/MOLCAS.1.JobIph', 'JOBOLD']
['rasscf', 1, 4, True, False]
['mclr', 0.0001, 'sala=3']
['alaska']
All jobs finished:
job: master          code: 0    runtime: 0:00:26.518943
job: grad_1_3        code: 0    runtime: 0:00:09.081042

Starting job execution
['gateway']
['seward']
['copy', '/project/lgagliardi/helenclifford/practice_rcc/sharc4/methaniminium/tutorial_reproduction/traj/Singlet_2/TRAJ_00007/restart/MOLCAS.1.JobIph.12', 'JOBOLD']
['rasscf', 1, 4, True, False]
['copy', 'MOLCAS.rasscf.h5', 'MOLCAS.1.rasscf.h5']
['copy', 'MOLCAS.JobIph', 'MOLCAS.1.JobIph']
['copy', '/project/lgagliardi/helenclifford/practice_rcc/sharc4/methaniminium/tutorial_reproduction/traj/Singlet_2/TRAJ_00007/restart/MOLCAS.3.JobIph.12', 'JOBOLD']
['rasscf', 3, 3, True, False]
['copy', 'MOLCAS.rasscf.h5', 'MOLCAS.3.rasscf.h5']
['copy', 'MOLCAS.JobIph', 'MOLCAS.3.JobIph']
['link', 'MOLCAS.1.JobIph', 'JOB001']
['rassi', 'dm', [4]]
['copy', 'MOLCAS.rassi.h5', 'MOLCAS.rassi.1.h5']
['link', 'MOLCAS.3.JobIph', 'JOB001']
['rassi', 'dm', [3]]
['copy', 'MOLCAS.rassi.h5', 'MOLCAS.rassi.3.h5']
['copy', '/project/lgagliardi/helenclifford/practice_rcc/sharc4/methaniminium/tutorial_reproduction/traj/Singlet_2/TRAJ_00007/restart/MOLCAS.1.JobIph.12', 'JOB001']
['link', 'MOLCAS.1.JobIph', 'JOB002']
['rassi', 'overlap', [4, 4]]
['copy', 'MOLCAS.rassi.h5', 'MOLCAS.rassi.ovlp.1.h5']
['copy', '/project/lgagliardi/helenclifford/practice_rcc/sharc4/methaniminium/tutorial_reproduction/traj/Singlet_2/TRAJ_00007/restart/MOLCAS.3.JobIph.12', 'JOB001']
['link', 'MOLCAS.3.JobIph', 'JOB002']
['rassi', 'overlap', [3, 3]]
['copy', 'MOLCAS.rassi.h5', 'MOLCAS.rassi.ovlp.3.h5']
['link', 'MOLCAS.1.JobIph', 'JOB001']
['link', 'MOLCAS.3.JobIph', 'JOB002']
['rassi', 'soc', [4, 3]]
['copy', '$master_path/MOLCAS.1.JobIph', 'JOBOLD']
['rasscf', 1, 4, True, False]
['mclr', 0.0001, 'sala=3']
['alaska']
All jobs finished:
job: master          code: 0    runtime: 0:00:23.599209
job: grad_1_3        code: 0    runtime: 0:00:07.504008

Starting job execution
['gateway']
['seward']
['copy', '/project/lgagliardi/helenclifford/practice_rcc/sharc4/methaniminium/tutorial_reproduction/traj/Singlet_2/TRAJ_00007/restart/MOLCAS.1.JobIph.13', 'JOBOLD']
['rasscf', 1, 4, True, False]
['copy', 'MOLCAS.rasscf.h5', 'MOLCAS.1.rasscf.h5']
['copy', 'MOLCAS.JobIph', 'MOLCAS.1.JobIph']
['copy', '/project/lgagliardi/helenclifford/practice_rcc/sharc4/methaniminium/tutorial_reproduction/traj/Singlet_2/TRAJ_00007/restart/MOLCAS.3.JobIph.13', 'JOBOLD']
['rasscf', 3, 3, True, False]
['copy', 'MOLCAS.rasscf.h5', 'MOLCAS.3.rasscf.h5']
['copy', 'MOLCAS.JobIph', 'MOLCAS.3.JobIph']
['link', 'MOLCAS.1.JobIph', 'JOB001']
['rassi', 'dm', [4]]
['copy', 'MOLCAS.rassi.h5', 'MOLCAS.rassi.1.h5']
['link', 'MOLCAS.3.JobIph', 'JOB001']
['rassi', 'dm', [3]]
['copy', 'MOLCAS.rassi.h5', 'MOLCAS.rassi.3.h5']
['copy', '/project/lgagliardi/helenclifford/practice_rcc/sharc4/methaniminium/tutorial_reproduction/traj/Singlet_2/TRAJ_00007/restart/MOLCAS.1.JobIph.13', 'JOB001']
['link', 'MOLCAS.1.JobIph', 'JOB002']
['rassi', 'overlap', [4, 4]]
['copy', 'MOLCAS.rassi.h5', 'MOLCAS.rassi.ovlp.1.h5']
['copy', '/project/lgagliardi/helenclifford/practice_rcc/sharc4/methaniminium/tutorial_reproduction/traj/Singlet_2/TRAJ_00007/restart/MOLCAS.3.JobIph.13', 'JOB001']
['link', 'MOLCAS.3.JobIph', 'JOB002']
['rassi', 'overlap', [3, 3]]
['copy', 'MOLCAS.rassi.h5', 'MOLCAS.rassi.ovlp.3.h5']
['link', 'MOLCAS.1.JobIph', 'JOB001']
['link', 'MOLCAS.3.JobIph', 'JOB002']
['rassi', 'soc', [4, 3]]
['copy', '$master_path/MOLCAS.1.JobIph', 'JOBOLD']
['rasscf', 1, 4, True, False]
['mclr', 0.0001, 'sala=3']
['alaska']
All jobs finished:
job: master          code: 0    runtime: 0:00:21.170968
job: grad_1_3        code: 0    runtime: 0:00:10.161099

Starting job execution
['gateway']
['seward']
['copy', '/project/lgagliardi/helenclifford/practice_rcc/sharc4/methaniminium/tutorial_reproduction/traj/Singlet_2/TRAJ_00007/restart/MOLCAS.1.JobIph.14', 'JOBOLD']
['rasscf', 1, 4, True, False]
['copy', 'MOLCAS.rasscf.h5', 'MOLCAS.1.rasscf.h5']
['copy', 'MOLCAS.JobIph', 'MOLCAS.1.JobIph']
['copy', '/project/lgagliardi/helenclifford/practice_rcc/sharc4/methaniminium/tutorial_reproduction/traj/Singlet_2/TRAJ_00007/restart/MOLCAS.3.JobIph.14', 'JOBOLD']
['rasscf', 3, 3, True, False]
['copy', 'MOLCAS.rasscf.h5', 'MOLCAS.3.rasscf.h5']
['copy', 'MOLCAS.JobIph', 'MOLCAS.3.JobIph']
['link', 'MOLCAS.1.JobIph', 'JOB001']
['rassi', 'dm', [4]]
['copy', 'MOLCAS.rassi.h5', 'MOLCAS.rassi.1.h5']
['link', 'MOLCAS.3.JobIph', 'JOB001']
['rassi', 'dm', [3]]
['copy', 'MOLCAS.rassi.h5', 'MOLCAS.rassi.3.h5']
['copy', '/project/lgagliardi/helenclifford/practice_rcc/sharc4/methaniminium/tutorial_reproduction/traj/Singlet_2/TRAJ_00007/restart/MOLCAS.1.JobIph.14', 'JOB001']
['link', 'MOLCAS.1.JobIph', 'JOB002']
['rassi', 'overlap', [4, 4]]
['copy', 'MOLCAS.rassi.h5', 'MOLCAS.rassi.ovlp.1.h5']
['copy', '/project/lgagliardi/helenclifford/practice_rcc/sharc4/methaniminium/tutorial_reproduction/traj/Singlet_2/TRAJ_00007/restart/MOLCAS.3.JobIph.14', 'JOB001']
['link', 'MOLCAS.3.JobIph', 'JOB002']
['rassi', 'overlap', [3, 3]]
['copy', 'MOLCAS.rassi.h5', 'MOLCAS.rassi.ovlp.3.h5']
['link', 'MOLCAS.1.JobIph', 'JOB001']
['link', 'MOLCAS.3.JobIph', 'JOB002']
['rassi', 'soc', [4, 3]]
['copy', '$master_path/MOLCAS.1.JobIph', 'JOBOLD']
['rasscf', 1, 4, True, False]
['mclr', 0.0001, 'sala=3']
['alaska']
All jobs finished:
job: master          code: 0    runtime: 0:00:15.869886
job: grad_1_3        code: 0    runtime: 0:00:13.190717

Starting job execution
['gateway']
['seward']
['copy', '/project/lgagliardi/helenclifford/practice_rcc/sharc4/methaniminium/tutorial_reproduction/traj/Singlet_2/TRAJ_00007/restart/MOLCAS.1.JobIph.15', 'JOBOLD']
['rasscf', 1, 4, True, False]
['copy', 'MOLCAS.rasscf.h5', 'MOLCAS.1.rasscf.h5']
['copy', 'MOLCAS.JobIph', 'MOLCAS.1.JobIph']
['copy', '/project/lgagliardi/helenclifford/practice_rcc/sharc4/methaniminium/tutorial_reproduction/traj/Singlet_2/TRAJ_00007/restart/MOLCAS.3.JobIph.15', 'JOBOLD']
['rasscf', 3, 3, True, False]
['copy', 'MOLCAS.rasscf.h5', 'MOLCAS.3.rasscf.h5']
['copy', 'MOLCAS.JobIph', 'MOLCAS.3.JobIph']
['link', 'MOLCAS.1.JobIph', 'JOB001']
['rassi', 'dm', [4]]
['copy', 'MOLCAS.rassi.h5', 'MOLCAS.rassi.1.h5']
['link', 'MOLCAS.3.JobIph', 'JOB001']
['rassi', 'dm', [3]]
['copy', 'MOLCAS.rassi.h5', 'MOLCAS.rassi.3.h5']
['copy', '/project/lgagliardi/helenclifford/practice_rcc/sharc4/methaniminium/tutorial_reproduction/traj/Singlet_2/TRAJ_00007/restart/MOLCAS.1.JobIph.15', 'JOB001']
['link', 'MOLCAS.1.JobIph', 'JOB002']
['rassi', 'overlap', [4, 4]]
['copy', 'MOLCAS.rassi.h5', 'MOLCAS.rassi.ovlp.1.h5']
['copy', '/project/lgagliardi/helenclifford/practice_rcc/sharc4/methaniminium/tutorial_reproduction/traj/Singlet_2/TRAJ_00007/restart/MOLCAS.3.JobIph.15', 'JOB001']
['link', 'MOLCAS.3.JobIph', 'JOB002']
['rassi', 'overlap', [3, 3]]
['copy', 'MOLCAS.rassi.h5', 'MOLCAS.rassi.ovlp.3.h5']
['link', 'MOLCAS.1.JobIph', 'JOB001']
['link', 'MOLCAS.3.JobIph', 'JOB002']
['rassi', 'soc', [4, 3]]
['copy', '$master_path/MOLCAS.1.JobIph', 'JOBOLD']
['rasscf', 1, 4, True, False]
['mclr', 0.0001, 'sala=3']
['alaska']
All jobs finished:
job: master          code: 0    runtime: 0:00:18.721679
job: grad_1_3        code: 0    runtime: 0:00:08.964553

Starting job execution
['gateway']
['seward']
['copy', '/project/lgagliardi/helenclifford/practice_rcc/sharc4/methaniminium/tutorial_reproduction/traj/Singlet_2/TRAJ_00007/restart/MOLCAS.1.JobIph.16', 'JOBOLD']
['rasscf', 1, 4, True, False]
['copy', 'MOLCAS.rasscf.h5', 'MOLCAS.1.rasscf.h5']
['copy', 'MOLCAS.JobIph', 'MOLCAS.1.JobIph']
['copy', '/project/lgagliardi/helenclifford/practice_rcc/sharc4/methaniminium/tutorial_reproduction/traj/Singlet_2/TRAJ_00007/restart/MOLCAS.3.JobIph.16', 'JOBOLD']
['rasscf', 3, 3, True, False]
['copy', 'MOLCAS.rasscf.h5', 'MOLCAS.3.rasscf.h5']
['copy', 'MOLCAS.JobIph', 'MOLCAS.3.JobIph']
['link', 'MOLCAS.1.JobIph', 'JOB001']
['rassi', 'dm', [4]]
['copy', 'MOLCAS.rassi.h5', 'MOLCAS.rassi.1.h5']
['link', 'MOLCAS.3.JobIph', 'JOB001']
['rassi', 'dm', [3]]
['copy', 'MOLCAS.rassi.h5', 'MOLCAS.rassi.3.h5']
['copy', '/project/lgagliardi/helenclifford/practice_rcc/sharc4/methaniminium/tutorial_reproduction/traj/Singlet_2/TRAJ_00007/restart/MOLCAS.1.JobIph.16', 'JOB001']
['link', 'MOLCAS.1.JobIph', 'JOB002']
['rassi', 'overlap', [4, 4]]
['copy', 'MOLCAS.rassi.h5', 'MOLCAS.rassi.ovlp.1.h5']
['copy', '/project/lgagliardi/helenclifford/practice_rcc/sharc4/methaniminium/tutorial_reproduction/traj/Singlet_2/TRAJ_00007/restart/MOLCAS.3.JobIph.16', 'JOB001']
['link', 'MOLCAS.3.JobIph', 'JOB002']
['rassi', 'overlap', [3, 3]]
['copy', 'MOLCAS.rassi.h5', 'MOLCAS.rassi.ovlp.3.h5']
['link', 'MOLCAS.1.JobIph', 'JOB001']
['link', 'MOLCAS.3.JobIph', 'JOB002']
['rassi', 'soc', [4, 3]]
['copy', '$master_path/MOLCAS.1.JobIph', 'JOBOLD']
['rasscf', 1, 4, True, False]
['mclr', 0.0001, 'sala=3']
['alaska']
All jobs finished:
job: master          code: 0    runtime: 0:00:19.604016
job: grad_1_3        code: 0    runtime: 0:00:10.981193

Starting job execution
['gateway']
['seward']
['copy', '/project/lgagliardi/helenclifford/practice_rcc/sharc4/methaniminium/tutorial_reproduction/traj/Singlet_2/TRAJ_00007/restart/MOLCAS.1.JobIph.17', 'JOBOLD']
['rasscf', 1, 4, True, False]
['copy', 'MOLCAS.rasscf.h5', 'MOLCAS.1.rasscf.h5']
['copy', 'MOLCAS.JobIph', 'MOLCAS.1.JobIph']
['copy', '/project/lgagliardi/helenclifford/practice_rcc/sharc4/methaniminium/tutorial_reproduction/traj/Singlet_2/TRAJ_00007/restart/MOLCAS.3.JobIph.17', 'JOBOLD']
['rasscf', 3, 3, True, False]
['copy', 'MOLCAS.rasscf.h5', 'MOLCAS.3.rasscf.h5']
['copy', 'MOLCAS.JobIph', 'MOLCAS.3.JobIph']
['link', 'MOLCAS.1.JobIph', 'JOB001']
['rassi', 'dm', [4]]
['copy', 'MOLCAS.rassi.h5', 'MOLCAS.rassi.1.h5']
['link', 'MOLCAS.3.JobIph', 'JOB001']
['rassi', 'dm', [3]]
['copy', 'MOLCAS.rassi.h5', 'MOLCAS.rassi.3.h5']
['copy', '/project/lgagliardi/helenclifford/practice_rcc/sharc4/methaniminium/tutorial_reproduction/traj/Singlet_2/TRAJ_00007/restart/MOLCAS.1.JobIph.17', 'JOB001']
['link', 'MOLCAS.1.JobIph', 'JOB002']
['rassi', 'overlap', [4, 4]]
['copy', 'MOLCAS.rassi.h5', 'MOLCAS.rassi.ovlp.1.h5']
['copy', '/project/lgagliardi/helenclifford/practice_rcc/sharc4/methaniminium/tutorial_reproduction/traj/Singlet_2/TRAJ_00007/restart/MOLCAS.3.JobIph.17', 'JOB001']
['link', 'MOLCAS.3.JobIph', 'JOB002']
['rassi', 'overlap', [3, 3]]
['copy', 'MOLCAS.rassi.h5', 'MOLCAS.rassi.ovlp.3.h5']
['link', 'MOLCAS.1.JobIph', 'JOB001']
['link', 'MOLCAS.3.JobIph', 'JOB002']
['rassi', 'soc', [4, 3]]
['copy', '$master_path/MOLCAS.1.JobIph', 'JOBOLD']
['rasscf', 1, 4, True, False]
['mclr', 0.0001, 'sala=3']
['alaska']
All jobs finished:
job: master          code: 0    runtime: 0:00:16.121696
job: grad_1_3        code: 0    runtime: 0:00:12.502979

Starting job execution
['gateway']
['seward']
['copy', '/project/lgagliardi/helenclifford/practice_rcc/sharc4/methaniminium/tutorial_reproduction/traj/Singlet_2/TRAJ_00007/restart/MOLCAS.1.JobIph.18', 'JOBOLD']
['rasscf', 1, 4, True, False]
['copy', 'MOLCAS.rasscf.h5', 'MOLCAS.1.rasscf.h5']
['copy', 'MOLCAS.JobIph', 'MOLCAS.1.JobIph']
['copy', '/project/lgagliardi/helenclifford/practice_rcc/sharc4/methaniminium/tutorial_reproduction/traj/Singlet_2/TRAJ_00007/restart/MOLCAS.3.JobIph.18', 'JOBOLD']
['rasscf', 3, 3, True, False]
['copy', 'MOLCAS.rasscf.h5', 'MOLCAS.3.rasscf.h5']
['copy', 'MOLCAS.JobIph', 'MOLCAS.3.JobIph']
['link', 'MOLCAS.1.JobIph', 'JOB001']
['rassi', 'dm', [4]]
['copy', 'MOLCAS.rassi.h5', 'MOLCAS.rassi.1.h5']
['link', 'MOLCAS.3.JobIph', 'JOB001']
['rassi', 'dm', [3]]
['copy', 'MOLCAS.rassi.h5', 'MOLCAS.rassi.3.h5']
['copy', '/project/lgagliardi/helenclifford/practice_rcc/sharc4/methaniminium/tutorial_reproduction/traj/Singlet_2/TRAJ_00007/restart/MOLCAS.1.JobIph.18', 'JOB001']
['link', 'MOLCAS.1.JobIph', 'JOB002']
['rassi', 'overlap', [4, 4]]
['copy', 'MOLCAS.rassi.h5', 'MOLCAS.rassi.ovlp.1.h5']
['copy', '/project/lgagliardi/helenclifford/practice_rcc/sharc4/methaniminium/tutorial_reproduction/traj/Singlet_2/TRAJ_00007/restart/MOLCAS.3.JobIph.18', 'JOB001']
['link', 'MOLCAS.3.JobIph', 'JOB002']
['rassi', 'overlap', [3, 3]]
['copy', 'MOLCAS.rassi.h5', 'MOLCAS.rassi.ovlp.3.h5']
['link', 'MOLCAS.1.JobIph', 'JOB001']
['link', 'MOLCAS.3.JobIph', 'JOB002']
['rassi', 'soc', [4, 3]]
['copy', '$master_path/MOLCAS.1.JobIph', 'JOBOLD']
['rasscf', 1, 4, True, False]
['mclr', 0.0001, 'sala=3']
['alaska']
All jobs finished:
job: master          code: 0    runtime: 0:00:17.808578
job: grad_1_3        code: 0    runtime: 0:00:13.204575

Starting job execution
['gateway']
['seward']
['copy', '/project/lgagliardi/helenclifford/practice_rcc/sharc4/methaniminium/tutorial_reproduction/traj/Singlet_2/TRAJ_00007/restart/MOLCAS.1.JobIph.19', 'JOBOLD']
['rasscf', 1, 4, True, False]
['copy', 'MOLCAS.rasscf.h5', 'MOLCAS.1.rasscf.h5']
['copy', 'MOLCAS.JobIph', 'MOLCAS.1.JobIph']
['copy', '/project/lgagliardi/helenclifford/practice_rcc/sharc4/methaniminium/tutorial_reproduction/traj/Singlet_2/TRAJ_00007/restart/MOLCAS.3.JobIph.19', 'JOBOLD']
['rasscf', 3, 3, True, False]
['copy', 'MOLCAS.rasscf.h5', 'MOLCAS.3.rasscf.h5']
['copy', 'MOLCAS.JobIph', 'MOLCAS.3.JobIph']
['link', 'MOLCAS.1.JobIph', 'JOB001']
['rassi', 'dm', [4]]
['copy', 'MOLCAS.rassi.h5', 'MOLCAS.rassi.1.h5']
['link', 'MOLCAS.3.JobIph', 'JOB001']
['rassi', 'dm', [3]]
['copy', 'MOLCAS.rassi.h5', 'MOLCAS.rassi.3.h5']
['copy', '/project/lgagliardi/helenclifford/practice_rcc/sharc4/methaniminium/tutorial_reproduction/traj/Singlet_2/TRAJ_00007/restart/MOLCAS.1.JobIph.19', 'JOB001']
['link', 'MOLCAS.1.JobIph', 'JOB002']
['rassi', 'overlap', [4, 4]]
['copy', 'MOLCAS.rassi.h5', 'MOLCAS.rassi.ovlp.1.h5']
['copy', '/project/lgagliardi/helenclifford/practice_rcc/sharc4/methaniminium/tutorial_reproduction/traj/Singlet_2/TRAJ_00007/restart/MOLCAS.3.JobIph.19', 'JOB001']
['link', 'MOLCAS.3.JobIph', 'JOB002']
['rassi', 'overlap', [3, 3]]
['copy', 'MOLCAS.rassi.h5', 'MOLCAS.rassi.ovlp.3.h5']
['link', 'MOLCAS.1.JobIph', 'JOB001']
['link', 'MOLCAS.3.JobIph', 'JOB002']
['rassi', 'soc', [4, 3]]
['copy', '$master_path/MOLCAS.1.JobIph', 'JOBOLD']
['rasscf', 1, 4, True, False]
['mclr', 0.0001, 'sala=3']
['alaska']
All jobs finished:
job: master          code: 0    runtime: 0:00:18.516992
job: grad_1_3        code: 0    runtime: 0:00:07.979505

Starting job execution
['gateway']
['seward']
['copy', '/project/lgagliardi/helenclifford/practice_rcc/sharc4/methaniminium/tutorial_reproduction/traj/Singlet_2/TRAJ_00007/restart/MOLCAS.1.JobIph.20', 'JOBOLD']
['rasscf', 1, 4, True, False]
['copy', 'MOLCAS.rasscf.h5', 'MOLCAS.1.rasscf.h5']
['copy', 'MOLCAS.JobIph', 'MOLCAS.1.JobIph']
['copy', '/project/lgagliardi/helenclifford/practice_rcc/sharc4/methaniminium/tutorial_reproduction/traj/Singlet_2/TRAJ_00007/restart/MOLCAS.3.JobIph.20', 'JOBOLD']
['rasscf', 3, 3, True, False]
['copy', 'MOLCAS.rasscf.h5', 'MOLCAS.3.rasscf.h5']
['copy', 'MOLCAS.JobIph', 'MOLCAS.3.JobIph']
['link', 'MOLCAS.1.JobIph', 'JOB001']
['rassi', 'dm', [4]]
['copy', 'MOLCAS.rassi.h5', 'MOLCAS.rassi.1.h5']
['link', 'MOLCAS.3.JobIph', 'JOB001']
['rassi', 'dm', [3]]
['copy', 'MOLCAS.rassi.h5', 'MOLCAS.rassi.3.h5']
['copy', '/project/lgagliardi/helenclifford/practice_rcc/sharc4/methaniminium/tutorial_reproduction/traj/Singlet_2/TRAJ_00007/restart/MOLCAS.1.JobIph.20', 'JOB001']
['link', 'MOLCAS.1.JobIph', 'JOB002']
['rassi', 'overlap', [4, 4]]
['copy', 'MOLCAS.rassi.h5', 'MOLCAS.rassi.ovlp.1.h5']
['copy', '/project/lgagliardi/helenclifford/practice_rcc/sharc4/methaniminium/tutorial_reproduction/traj/Singlet_2/TRAJ_00007/restart/MOLCAS.3.JobIph.20', 'JOB001']
['link', 'MOLCAS.3.JobIph', 'JOB002']
['rassi', 'overlap', [3, 3]]
['copy', 'MOLCAS.rassi.h5', 'MOLCAS.rassi.ovlp.3.h5']
['link', 'MOLCAS.1.JobIph', 'JOB001']
['link', 'MOLCAS.3.JobIph', 'JOB002']
['rassi', 'soc', [4, 3]]
['copy', '$master_path/MOLCAS.1.JobIph', 'JOBOLD']
['rasscf', 1, 4, True, False]
['mclr', 0.0001, 'sala=3']
['alaska']
All jobs finished:
job: master          code: 0    runtime: 0:00:15.891934
job: grad_1_3        code: 0    runtime: 0:00:11.985430

Starting job execution
['gateway']
['seward']
['copy', '/project/lgagliardi/helenclifford/practice_rcc/sharc4/methaniminium/tutorial_reproduction/traj/Singlet_2/TRAJ_00007/restart/MOLCAS.1.JobIph.21', 'JOBOLD']
['rasscf', 1, 4, True, False]
['copy', 'MOLCAS.rasscf.h5', 'MOLCAS.1.rasscf.h5']
['copy', 'MOLCAS.JobIph', 'MOLCAS.1.JobIph']
['copy', '/project/lgagliardi/helenclifford/practice_rcc/sharc4/methaniminium/tutorial_reproduction/traj/Singlet_2/TRAJ_00007/restart/MOLCAS.3.JobIph.21', 'JOBOLD']
['rasscf', 3, 3, True, False]
['copy', 'MOLCAS.rasscf.h5', 'MOLCAS.3.rasscf.h5']
['copy', 'MOLCAS.JobIph', 'MOLCAS.3.JobIph']
['link', 'MOLCAS.1.JobIph', 'JOB001']
['rassi', 'dm', [4]]
['copy', 'MOLCAS.rassi.h5', 'MOLCAS.rassi.1.h5']
['link', 'MOLCAS.3.JobIph', 'JOB001']
['rassi', 'dm', [3]]
['copy', 'MOLCAS.rassi.h5', 'MOLCAS.rassi.3.h5']
['copy', '/project/lgagliardi/helenclifford/practice_rcc/sharc4/methaniminium/tutorial_reproduction/traj/Singlet_2/TRAJ_00007/restart/MOLCAS.1.JobIph.21', 'JOB001']
['link', 'MOLCAS.1.JobIph', 'JOB002']
['rassi', 'overlap', [4, 4]]
['copy', 'MOLCAS.rassi.h5', 'MOLCAS.rassi.ovlp.1.h5']
['copy', '/project/lgagliardi/helenclifford/practice_rcc/sharc4/methaniminium/tutorial_reproduction/traj/Singlet_2/TRAJ_00007/restart/MOLCAS.3.JobIph.21', 'JOB001']
['link', 'MOLCAS.3.JobIph', 'JOB002']
['rassi', 'overlap', [3, 3]]
['copy', 'MOLCAS.rassi.h5', 'MOLCAS.rassi.ovlp.3.h5']
['link', 'MOLCAS.1.JobIph', 'JOB001']
['link', 'MOLCAS.3.JobIph', 'JOB002']
['rassi', 'soc', [4, 3]]
['copy', '$master_path/MOLCAS.1.JobIph', 'JOBOLD']
['rasscf', 1, 4, True, False]
['mclr', 0.0001, 'sala=3']
['alaska']
All jobs finished:
job: master          code: 0    runtime: 0:00:20.381385
job: grad_1_3        code: 0    runtime: 0:00:15.612727

Starting job execution
['gateway']
['seward']
['copy', '/project/lgagliardi/helenclifford/practice_rcc/sharc4/methaniminium/tutorial_reproduction/traj/Singlet_2/TRAJ_00007/restart/MOLCAS.1.JobIph.22', 'JOBOLD']
['rasscf', 1, 4, True, False]
['copy', 'MOLCAS.rasscf.h5', 'MOLCAS.1.rasscf.h5']
['copy', 'MOLCAS.JobIph', 'MOLCAS.1.JobIph']
['copy', '/project/lgagliardi/helenclifford/practice_rcc/sharc4/methaniminium/tutorial_reproduction/traj/Singlet_2/TRAJ_00007/restart/MOLCAS.3.JobIph.22', 'JOBOLD']
['rasscf', 3, 3, True, False]
['copy', 'MOLCAS.rasscf.h5', 'MOLCAS.3.rasscf.h5']
['copy', 'MOLCAS.JobIph', 'MOLCAS.3.JobIph']
['link', 'MOLCAS.1.JobIph', 'JOB001']
['rassi', 'dm', [4]]
['copy', 'MOLCAS.rassi.h5', 'MOLCAS.rassi.1.h5']
['link', 'MOLCAS.3.JobIph', 'JOB001']
['rassi', 'dm', [3]]
['copy', 'MOLCAS.rassi.h5', 'MOLCAS.rassi.3.h5']
['copy', '/project/lgagliardi/helenclifford/practice_rcc/sharc4/methaniminium/tutorial_reproduction/traj/Singlet_2/TRAJ_00007/restart/MOLCAS.1.JobIph.22', 'JOB001']
['link', 'MOLCAS.1.JobIph', 'JOB002']
['rassi', 'overlap', [4, 4]]
['copy', 'MOLCAS.rassi.h5', 'MOLCAS.rassi.ovlp.1.h5']
['copy', '/project/lgagliardi/helenclifford/practice_rcc/sharc4/methaniminium/tutorial_reproduction/traj/Singlet_2/TRAJ_00007/restart/MOLCAS.3.JobIph.22', 'JOB001']
['link', 'MOLCAS.3.JobIph', 'JOB002']
['rassi', 'overlap', [3, 3]]
['copy', 'MOLCAS.rassi.h5', 'MOLCAS.rassi.ovlp.3.h5']
['link', 'MOLCAS.1.JobIph', 'JOB001']
['link', 'MOLCAS.3.JobIph', 'JOB002']
['rassi', 'soc', [4, 3]]
['copy', '$master_path/MOLCAS.1.JobIph', 'JOBOLD']
['rasscf', 1, 4, True, False]
['mclr', 0.0001, 'sala=3']
['alaska']
All jobs finished:
job: master          code: 0    runtime: 0:00:23.702369
job: grad_1_3        code: 0    runtime: 0:00:10.672972

Starting job execution
['gateway']
['seward']
['copy', '/project/lgagliardi/helenclifford/practice_rcc/sharc4/methaniminium/tutorial_reproduction/traj/Singlet_2/TRAJ_00007/restart/MOLCAS.1.JobIph.23', 'JOBOLD']
['rasscf', 1, 4, True, False]
['copy', 'MOLCAS.rasscf.h5', 'MOLCAS.1.rasscf.h5']
['copy', 'MOLCAS.JobIph', 'MOLCAS.1.JobIph']
['copy', '/project/lgagliardi/helenclifford/practice_rcc/sharc4/methaniminium/tutorial_reproduction/traj/Singlet_2/TRAJ_00007/restart/MOLCAS.3.JobIph.23', 'JOBOLD']
['rasscf', 3, 3, True, False]
['copy', 'MOLCAS.rasscf.h5', 'MOLCAS.3.rasscf.h5']
['copy', 'MOLCAS.JobIph', 'MOLCAS.3.JobIph']
['link', 'MOLCAS.1.JobIph', 'JOB001']
['rassi', 'dm', [4]]
['copy', 'MOLCAS.rassi.h5', 'MOLCAS.rassi.1.h5']
['link', 'MOLCAS.3.JobIph', 'JOB001']
['rassi', 'dm', [3]]
['copy', 'MOLCAS.rassi.h5', 'MOLCAS.rassi.3.h5']
['copy', '/project/lgagliardi/helenclifford/practice_rcc/sharc4/methaniminium/tutorial_reproduction/traj/Singlet_2/TRAJ_00007/restart/MOLCAS.1.JobIph.23', 'JOB001']
['link', 'MOLCAS.1.JobIph', 'JOB002']
['rassi', 'overlap', [4, 4]]
['copy', 'MOLCAS.rassi.h5', 'MOLCAS.rassi.ovlp.1.h5']
['copy', '/project/lgagliardi/helenclifford/practice_rcc/sharc4/methaniminium/tutorial_reproduction/traj/Singlet_2/TRAJ_00007/restart/MOLCAS.3.JobIph.23', 'JOB001']
['link', 'MOLCAS.3.JobIph', 'JOB002']
['rassi', 'overlap', [3, 3]]
['copy', 'MOLCAS.rassi.h5', 'MOLCAS.rassi.ovlp.3.h5']
['link', 'MOLCAS.1.JobIph', 'JOB001']
['link', 'MOLCAS.3.JobIph', 'JOB002']
['rassi', 'soc', [4, 3]]
['copy', '$master_path/MOLCAS.1.JobIph', 'JOBOLD']
['rasscf', 1, 4, True, False]
['mclr', 0.0001, 'sala=3']
['alaska']
All jobs finished:
job: master          code: 0    runtime: 0:00:18.910441
job: grad_1_3        code: 0    runtime: 0:00:13.972274

Starting job execution
['gateway']
['seward']
['copy', '/project/lgagliardi/helenclifford/practice_rcc/sharc4/methaniminium/tutorial_reproduction/traj/Singlet_2/TRAJ_00007/restart/MOLCAS.1.JobIph.24', 'JOBOLD']
['rasscf', 1, 4, True, False]
['copy', 'MOLCAS.rasscf.h5', 'MOLCAS.1.rasscf.h5']
['copy', 'MOLCAS.JobIph', 'MOLCAS.1.JobIph']
['copy', '/project/lgagliardi/helenclifford/practice_rcc/sharc4/methaniminium/tutorial_reproduction/traj/Singlet_2/TRAJ_00007/restart/MOLCAS.3.JobIph.24', 'JOBOLD']
['rasscf', 3, 3, True, False]
['copy', 'MOLCAS.rasscf.h5', 'MOLCAS.3.rasscf.h5']
['copy', 'MOLCAS.JobIph', 'MOLCAS.3.JobIph']
['link', 'MOLCAS.1.JobIph', 'JOB001']
['rassi', 'dm', [4]]
['copy', 'MOLCAS.rassi.h5', 'MOLCAS.rassi.1.h5']
['link', 'MOLCAS.3.JobIph', 'JOB001']
['rassi', 'dm', [3]]
['copy', 'MOLCAS.rassi.h5', 'MOLCAS.rassi.3.h5']
['copy', '/project/lgagliardi/helenclifford/practice_rcc/sharc4/methaniminium/tutorial_reproduction/traj/Singlet_2/TRAJ_00007/restart/MOLCAS.1.JobIph.24', 'JOB001']
['link', 'MOLCAS.1.JobIph', 'JOB002']
['rassi', 'overlap', [4, 4]]
['copy', 'MOLCAS.rassi.h5', 'MOLCAS.rassi.ovlp.1.h5']
['copy', '/project/lgagliardi/helenclifford/practice_rcc/sharc4/methaniminium/tutorial_reproduction/traj/Singlet_2/TRAJ_00007/restart/MOLCAS.3.JobIph.24', 'JOB001']
['link', 'MOLCAS.3.JobIph', 'JOB002']
['rassi', 'overlap', [3, 3]]
['copy', 'MOLCAS.rassi.h5', 'MOLCAS.rassi.ovlp.3.h5']
['link', 'MOLCAS.1.JobIph', 'JOB001']
['link', 'MOLCAS.3.JobIph', 'JOB002']
['rassi', 'soc', [4, 3]]
['copy', '$master_path/MOLCAS.1.JobIph', 'JOBOLD']
['rasscf', 1, 4, True, False]
['mclr', 0.0001, 'sala=3']
['alaska']
All jobs finished:
job: master          code: 0    runtime: 0:00:21.996386
job: grad_1_3        code: 0    runtime: 0:00:14.846698

Starting job execution
['gateway']
['seward']
['copy', '/project/lgagliardi/helenclifford/practice_rcc/sharc4/methaniminium/tutorial_reproduction/traj/Singlet_2/TRAJ_00007/restart/MOLCAS.1.JobIph.25', 'JOBOLD']
['rasscf', 1, 4, True, False]
['copy', 'MOLCAS.rasscf.h5', 'MOLCAS.1.rasscf.h5']
['copy', 'MOLCAS.JobIph', 'MOLCAS.1.JobIph']
['copy', '/project/lgagliardi/helenclifford/practice_rcc/sharc4/methaniminium/tutorial_reproduction/traj/Singlet_2/TRAJ_00007/restart/MOLCAS.3.JobIph.25', 'JOBOLD']
['rasscf', 3, 3, True, False]
['copy', 'MOLCAS.rasscf.h5', 'MOLCAS.3.rasscf.h5']
['copy', 'MOLCAS.JobIph', 'MOLCAS.3.JobIph']
['link', 'MOLCAS.1.JobIph', 'JOB001']
['rassi', 'dm', [4]]
['copy', 'MOLCAS.rassi.h5', 'MOLCAS.rassi.1.h5']
['link', 'MOLCAS.3.JobIph', 'JOB001']
['rassi', 'dm', [3]]
['copy', 'MOLCAS.rassi.h5', 'MOLCAS.rassi.3.h5']
['copy', '/project/lgagliardi/helenclifford/practice_rcc/sharc4/methaniminium/tutorial_reproduction/traj/Singlet_2/TRAJ_00007/restart/MOLCAS.1.JobIph.25', 'JOB001']
['link', 'MOLCAS.1.JobIph', 'JOB002']
['rassi', 'overlap', [4, 4]]
['copy', 'MOLCAS.rassi.h5', 'MOLCAS.rassi.ovlp.1.h5']
['copy', '/project/lgagliardi/helenclifford/practice_rcc/sharc4/methaniminium/tutorial_reproduction/traj/Singlet_2/TRAJ_00007/restart/MOLCAS.3.JobIph.25', 'JOB001']
['link', 'MOLCAS.3.JobIph', 'JOB002']
['rassi', 'overlap', [3, 3]]
['copy', 'MOLCAS.rassi.h5', 'MOLCAS.rassi.ovlp.3.h5']
['link', 'MOLCAS.1.JobIph', 'JOB001']
['link', 'MOLCAS.3.JobIph', 'JOB002']
['rassi', 'soc', [4, 3]]
['copy', '$master_path/MOLCAS.1.JobIph', 'JOBOLD']
['rasscf', 1, 4, True, False]
['mclr', 0.0001, 'sala=3']
['alaska']
All jobs finished:
job: master          code: 0    runtime: 0:00:30.067857
job: grad_1_3        code: 0    runtime: 0:00:08.772784

Starting job execution
['gateway']
['seward']
['copy', '/project/lgagliardi/helenclifford/practice_rcc/sharc4/methaniminium/tutorial_reproduction/traj/Singlet_2/TRAJ_00007/restart/MOLCAS.1.JobIph.26', 'JOBOLD']
['rasscf', 1, 4, True, False]
['copy', 'MOLCAS.rasscf.h5', 'MOLCAS.1.rasscf.h5']
['copy', 'MOLCAS.JobIph', 'MOLCAS.1.JobIph']
['copy', '/project/lgagliardi/helenclifford/practice_rcc/sharc4/methaniminium/tutorial_reproduction/traj/Singlet_2/TRAJ_00007/restart/MOLCAS.3.JobIph.26', 'JOBOLD']
['rasscf', 3, 3, True, False]
['copy', 'MOLCAS.rasscf.h5', 'MOLCAS.3.rasscf.h5']
['copy', 'MOLCAS.JobIph', 'MOLCAS.3.JobIph']
['link', 'MOLCAS.1.JobIph', 'JOB001']
['rassi', 'dm', [4]]
['copy', 'MOLCAS.rassi.h5', 'MOLCAS.rassi.1.h5']
['link', 'MOLCAS.3.JobIph', 'JOB001']
['rassi', 'dm', [3]]
['copy', 'MOLCAS.rassi.h5', 'MOLCAS.rassi.3.h5']
['copy', '/project/lgagliardi/helenclifford/practice_rcc/sharc4/methaniminium/tutorial_reproduction/traj/Singlet_2/TRAJ_00007/restart/MOLCAS.1.JobIph.26', 'JOB001']
['link', 'MOLCAS.1.JobIph', 'JOB002']
['rassi', 'overlap', [4, 4]]
['copy', 'MOLCAS.rassi.h5', 'MOLCAS.rassi.ovlp.1.h5']
['copy', '/project/lgagliardi/helenclifford/practice_rcc/sharc4/methaniminium/tutorial_reproduction/traj/Singlet_2/TRAJ_00007/restart/MOLCAS.3.JobIph.26', 'JOB001']
['link', 'MOLCAS.3.JobIph', 'JOB002']
['rassi', 'overlap', [3, 3]]
['copy', 'MOLCAS.rassi.h5', 'MOLCAS.rassi.ovlp.3.h5']
['link', 'MOLCAS.1.JobIph', 'JOB001']
['link', 'MOLCAS.3.JobIph', 'JOB002']
['rassi', 'soc', [4, 3]]
['copy', '$master_path/MOLCAS.1.JobIph', 'JOBOLD']
['rasscf', 1, 4, True, False]
['mclr', 0.0001, 'sala=3']
['alaska']
All jobs finished:
job: master          code: 0    runtime: 0:00:15.200681
job: grad_1_3        code: 0    runtime: 0:00:08.939335

Starting job execution
['gateway']
['seward']
['copy', '/project/lgagliardi/helenclifford/practice_rcc/sharc4/methaniminium/tutorial_reproduction/traj/Singlet_2/TRAJ_00007/restart/MOLCAS.1.JobIph.27', 'JOBOLD']
['rasscf', 1, 4, True, False]
['copy', 'MOLCAS.rasscf.h5', 'MOLCAS.1.rasscf.h5']
['copy', 'MOLCAS.JobIph', 'MOLCAS.1.JobIph']
['copy', '/project/lgagliardi/helenclifford/practice_rcc/sharc4/methaniminium/tutorial_reproduction/traj/Singlet_2/TRAJ_00007/restart/MOLCAS.3.JobIph.27', 'JOBOLD']
['rasscf', 3, 3, True, False]
['copy', 'MOLCAS.rasscf.h5', 'MOLCAS.3.rasscf.h5']
['copy', 'MOLCAS.JobIph', 'MOLCAS.3.JobIph']
['link', 'MOLCAS.1.JobIph', 'JOB001']
['rassi', 'dm', [4]]
['copy', 'MOLCAS.rassi.h5', 'MOLCAS.rassi.1.h5']
['link', 'MOLCAS.3.JobIph', 'JOB001']
['rassi', 'dm', [3]]
['copy', 'MOLCAS.rassi.h5', 'MOLCAS.rassi.3.h5']
['copy', '/project/lgagliardi/helenclifford/practice_rcc/sharc4/methaniminium/tutorial_reproduction/traj/Singlet_2/TRAJ_00007/restart/MOLCAS.1.JobIph.27', 'JOB001']
['link', 'MOLCAS.1.JobIph', 'JOB002']
['rassi', 'overlap', [4, 4]]
['copy', 'MOLCAS.rassi.h5', 'MOLCAS.rassi.ovlp.1.h5']
['copy', '/project/lgagliardi/helenclifford/practice_rcc/sharc4/methaniminium/tutorial_reproduction/traj/Singlet_2/TRAJ_00007/restart/MOLCAS.3.JobIph.27', 'JOB001']
['link', 'MOLCAS.3.JobIph', 'JOB002']
['rassi', 'overlap', [3, 3]]
['copy', 'MOLCAS.rassi.h5', 'MOLCAS.rassi.ovlp.3.h5']
['link', 'MOLCAS.1.JobIph', 'JOB001']
['link', 'MOLCAS.3.JobIph', 'JOB002']
['rassi', 'soc', [4, 3]]
['copy', '$master_path/MOLCAS.1.JobIph', 'JOBOLD']
['rasscf', 1, 4, True, False]
['mclr', 0.0001, 'sala=3']
['alaska']
All jobs finished:
job: master          code: 0    runtime: 0:00:24.314436
job: grad_1_3        code: 0    runtime: 0:00:09.852322

Starting job execution
['gateway']
['seward']
['copy', '/project/lgagliardi/helenclifford/practice_rcc/sharc4/methaniminium/tutorial_reproduction/traj/Singlet_2/TRAJ_00007/restart/MOLCAS.1.JobIph.28', 'JOBOLD']
['rasscf', 1, 4, True, False]
['copy', 'MOLCAS.rasscf.h5', 'MOLCAS.1.rasscf.h5']
['copy', 'MOLCAS.JobIph', 'MOLCAS.1.JobIph']
['copy', '/project/lgagliardi/helenclifford/practice_rcc/sharc4/methaniminium/tutorial_reproduction/traj/Singlet_2/TRAJ_00007/restart/MOLCAS.3.JobIph.28', 'JOBOLD']
['rasscf', 3, 3, True, False]
['copy', 'MOLCAS.rasscf.h5', 'MOLCAS.3.rasscf.h5']
['copy', 'MOLCAS.JobIph', 'MOLCAS.3.JobIph']
['link', 'MOLCAS.1.JobIph', 'JOB001']
['rassi', 'dm', [4]]
['copy', 'MOLCAS.rassi.h5', 'MOLCAS.rassi.1.h5']
['link', 'MOLCAS.3.JobIph', 'JOB001']
['rassi', 'dm', [3]]
['copy', 'MOLCAS.rassi.h5', 'MOLCAS.rassi.3.h5']
['copy', '/project/lgagliardi/helenclifford/practice_rcc/sharc4/methaniminium/tutorial_reproduction/traj/Singlet_2/TRAJ_00007/restart/MOLCAS.1.JobIph.28', 'JOB001']
['link', 'MOLCAS.1.JobIph', 'JOB002']
['rassi', 'overlap', [4, 4]]
['copy', 'MOLCAS.rassi.h5', 'MOLCAS.rassi.ovlp.1.h5']
['copy', '/project/lgagliardi/helenclifford/practice_rcc/sharc4/methaniminium/tutorial_reproduction/traj/Singlet_2/TRAJ_00007/restart/MOLCAS.3.JobIph.28', 'JOB001']
['link', 'MOLCAS.3.JobIph', 'JOB002']
['rassi', 'overlap', [3, 3]]
['copy', 'MOLCAS.rassi.h5', 'MOLCAS.rassi.ovlp.3.h5']
['link', 'MOLCAS.1.JobIph', 'JOB001']
['link', 'MOLCAS.3.JobIph', 'JOB002']
['rassi', 'soc', [4, 3]]
['copy', '$master_path/MOLCAS.1.JobIph', 'JOBOLD']
['rasscf', 1, 4, True, False]
['mclr', 0.0001, 'sala=3']
['alaska']
All jobs finished:
job: master          code: 0    runtime: 0:00:22.963672
job: grad_1_3        code: 0    runtime: 0:00:12.034394

Starting job execution
['gateway']
['seward']
['copy', '/project/lgagliardi/helenclifford/practice_rcc/sharc4/methaniminium/tutorial_reproduction/traj/Singlet_2/TRAJ_00007/restart/MOLCAS.1.JobIph.29', 'JOBOLD']
['rasscf', 1, 4, True, False]
['copy', 'MOLCAS.rasscf.h5', 'MOLCAS.1.rasscf.h5']
['copy', 'MOLCAS.JobIph', 'MOLCAS.1.JobIph']
['copy', '/project/lgagliardi/helenclifford/practice_rcc/sharc4/methaniminium/tutorial_reproduction/traj/Singlet_2/TRAJ_00007/restart/MOLCAS.3.JobIph.29', 'JOBOLD']
['rasscf', 3, 3, True, False]
['copy', 'MOLCAS.rasscf.h5', 'MOLCAS.3.rasscf.h5']
['copy', 'MOLCAS.JobIph', 'MOLCAS.3.JobIph']
['link', 'MOLCAS.1.JobIph', 'JOB001']
['rassi', 'dm', [4]]
['copy', 'MOLCAS.rassi.h5', 'MOLCAS.rassi.1.h5']
['link', 'MOLCAS.3.JobIph', 'JOB001']
['rassi', 'dm', [3]]
['copy', 'MOLCAS.rassi.h5', 'MOLCAS.rassi.3.h5']
['copy', '/project/lgagliardi/helenclifford/practice_rcc/sharc4/methaniminium/tutorial_reproduction/traj/Singlet_2/TRAJ_00007/restart/MOLCAS.1.JobIph.29', 'JOB001']
['link', 'MOLCAS.1.JobIph', 'JOB002']
['rassi', 'overlap', [4, 4]]
['copy', 'MOLCAS.rassi.h5', 'MOLCAS.rassi.ovlp.1.h5']
['copy', '/project/lgagliardi/helenclifford/practice_rcc/sharc4/methaniminium/tutorial_reproduction/traj/Singlet_2/TRAJ_00007/restart/MOLCAS.3.JobIph.29', 'JOB001']
['link', 'MOLCAS.3.JobIph', 'JOB002']
['rassi', 'overlap', [3, 3]]
['copy', 'MOLCAS.rassi.h5', 'MOLCAS.rassi.ovlp.3.h5']
['link', 'MOLCAS.1.JobIph', 'JOB001']
['link', 'MOLCAS.3.JobIph', 'JOB002']
['rassi', 'soc', [4, 3]]
['copy', '$master_path/MOLCAS.1.JobIph', 'JOBOLD']
['rasscf', 1, 4, True, False]
['mclr', 0.0001, 'sala=3']
['alaska']
All jobs finished:
job: master          code: 0    runtime: 0:00:19.447227
job: grad_1_3        code: 0    runtime: 0:00:10.757037

Starting job execution
['gateway']
['seward']
['copy', '/project/lgagliardi/helenclifford/practice_rcc/sharc4/methaniminium/tutorial_reproduction/traj/Singlet_2/TRAJ_00007/restart/MOLCAS.1.JobIph.30', 'JOBOLD']
['rasscf', 1, 4, True, False]
['copy', 'MOLCAS.rasscf.h5', 'MOLCAS.1.rasscf.h5']
['copy', 'MOLCAS.JobIph', 'MOLCAS.1.JobIph']
['copy', '/project/lgagliardi/helenclifford/practice_rcc/sharc4/methaniminium/tutorial_reproduction/traj/Singlet_2/TRAJ_00007/restart/MOLCAS.3.JobIph.30', 'JOBOLD']
['rasscf', 3, 3, True, False]
['copy', 'MOLCAS.rasscf.h5', 'MOLCAS.3.rasscf.h5']
['copy', 'MOLCAS.JobIph', 'MOLCAS.3.JobIph']
['link', 'MOLCAS.1.JobIph', 'JOB001']
['rassi', 'dm', [4]]
['copy', 'MOLCAS.rassi.h5', 'MOLCAS.rassi.1.h5']
['link', 'MOLCAS.3.JobIph', 'JOB001']
['rassi', 'dm', [3]]
['copy', 'MOLCAS.rassi.h5', 'MOLCAS.rassi.3.h5']
['copy', '/project/lgagliardi/helenclifford/practice_rcc/sharc4/methaniminium/tutorial_reproduction/traj/Singlet_2/TRAJ_00007/restart/MOLCAS.1.JobIph.30', 'JOB001']
['link', 'MOLCAS.1.JobIph', 'JOB002']
['rassi', 'overlap', [4, 4]]
['copy', 'MOLCAS.rassi.h5', 'MOLCAS.rassi.ovlp.1.h5']
['copy', '/project/lgagliardi/helenclifford/practice_rcc/sharc4/methaniminium/tutorial_reproduction/traj/Singlet_2/TRAJ_00007/restart/MOLCAS.3.JobIph.30', 'JOB001']
['link', 'MOLCAS.3.JobIph', 'JOB002']
['rassi', 'overlap', [3, 3]]
['copy', 'MOLCAS.rassi.h5', 'MOLCAS.rassi.ovlp.3.h5']
['link', 'MOLCAS.1.JobIph', 'JOB001']
['link', 'MOLCAS.3.JobIph', 'JOB002']
['rassi', 'soc', [4, 3]]
['copy', '$master_path/MOLCAS.1.JobIph', 'JOBOLD']
['rasscf', 1, 4, True, False]
['mclr', 0.0001, 'sala=3']
['alaska']
All jobs finished:
job: master          code: 0    runtime: 0:00:24.759533
job: grad_1_3        code: 0    runtime: 0:00:10.831552

Starting job execution
['gateway']
['seward']
['copy', '/project/lgagliardi/helenclifford/practice_rcc/sharc4/methaniminium/tutorial_reproduction/traj/Singlet_2/TRAJ_00007/restart/MOLCAS.1.JobIph.31', 'JOBOLD']
['rasscf', 1, 4, True, False]
['copy', 'MOLCAS.rasscf.h5', 'MOLCAS.1.rasscf.h5']
['copy', 'MOLCAS.JobIph', 'MOLCAS.1.JobIph']
['copy', '/project/lgagliardi/helenclifford/practice_rcc/sharc4/methaniminium/tutorial_reproduction/traj/Singlet_2/TRAJ_00007/restart/MOLCAS.3.JobIph.31', 'JOBOLD']
['rasscf', 3, 3, True, False]
['copy', 'MOLCAS.rasscf.h5', 'MOLCAS.3.rasscf.h5']
['copy', 'MOLCAS.JobIph', 'MOLCAS.3.JobIph']
['link', 'MOLCAS.1.JobIph', 'JOB001']
['rassi', 'dm', [4]]
['copy', 'MOLCAS.rassi.h5', 'MOLCAS.rassi.1.h5']
['link', 'MOLCAS.3.JobIph', 'JOB001']
['rassi', 'dm', [3]]
['copy', 'MOLCAS.rassi.h5', 'MOLCAS.rassi.3.h5']
['copy', '/project/lgagliardi/helenclifford/practice_rcc/sharc4/methaniminium/tutorial_reproduction/traj/Singlet_2/TRAJ_00007/restart/MOLCAS.1.JobIph.31', 'JOB001']
['link', 'MOLCAS.1.JobIph', 'JOB002']
['rassi', 'overlap', [4, 4]]
['copy', 'MOLCAS.rassi.h5', 'MOLCAS.rassi.ovlp.1.h5']
['copy', '/project/lgagliardi/helenclifford/practice_rcc/sharc4/methaniminium/tutorial_reproduction/traj/Singlet_2/TRAJ_00007/restart/MOLCAS.3.JobIph.31', 'JOB001']
['link', 'MOLCAS.3.JobIph', 'JOB002']
['rassi', 'overlap', [3, 3]]
['copy', 'MOLCAS.rassi.h5', 'MOLCAS.rassi.ovlp.3.h5']
['link', 'MOLCAS.1.JobIph', 'JOB001']
['link', 'MOLCAS.3.JobIph', 'JOB002']
['rassi', 'soc', [4, 3]]
['copy', '$master_path/MOLCAS.1.JobIph', 'JOBOLD']
['rasscf', 1, 4, True, False]
['mclr', 0.0001, 'sala=3']
['alaska']
All jobs finished:
job: master          code: 0    runtime: 0:00:17.366591
job: grad_1_3        code: 0    runtime: 0:00:13.462847

Starting job execution
['gateway']
['seward']
['copy', '/project/lgagliardi/helenclifford/practice_rcc/sharc4/methaniminium/tutorial_reproduction/traj/Singlet_2/TRAJ_00007/restart/MOLCAS.1.JobIph.32', 'JOBOLD']
['rasscf', 1, 4, True, False]
['copy', 'MOLCAS.rasscf.h5', 'MOLCAS.1.rasscf.h5']
['copy', 'MOLCAS.JobIph', 'MOLCAS.1.JobIph']
['copy', '/project/lgagliardi/helenclifford/practice_rcc/sharc4/methaniminium/tutorial_reproduction/traj/Singlet_2/TRAJ_00007/restart/MOLCAS.3.JobIph.32', 'JOBOLD']
['rasscf', 3, 3, True, False]
['copy', 'MOLCAS.rasscf.h5', 'MOLCAS.3.rasscf.h5']
['copy', 'MOLCAS.JobIph', 'MOLCAS.3.JobIph']
['link', 'MOLCAS.1.JobIph', 'JOB001']
['rassi', 'dm', [4]]
['copy', 'MOLCAS.rassi.h5', 'MOLCAS.rassi.1.h5']
['link', 'MOLCAS.3.JobIph', 'JOB001']
['rassi', 'dm', [3]]
['copy', 'MOLCAS.rassi.h5', 'MOLCAS.rassi.3.h5']
['copy', '/project/lgagliardi/helenclifford/practice_rcc/sharc4/methaniminium/tutorial_reproduction/traj/Singlet_2/TRAJ_00007/restart/MOLCAS.1.JobIph.32', 'JOB001']
['link', 'MOLCAS.1.JobIph', 'JOB002']
['rassi', 'overlap', [4, 4]]
['copy', 'MOLCAS.rassi.h5', 'MOLCAS.rassi.ovlp.1.h5']
['copy', '/project/lgagliardi/helenclifford/practice_rcc/sharc4/methaniminium/tutorial_reproduction/traj/Singlet_2/TRAJ_00007/restart/MOLCAS.3.JobIph.32', 'JOB001']
['link', 'MOLCAS.3.JobIph', 'JOB002']
['rassi', 'overlap', [3, 3]]
['copy', 'MOLCAS.rassi.h5', 'MOLCAS.rassi.ovlp.3.h5']
['link', 'MOLCAS.1.JobIph', 'JOB001']
['link', 'MOLCAS.3.JobIph', 'JOB002']
['rassi', 'soc', [4, 3]]
['copy', '$master_path/MOLCAS.1.JobIph', 'JOBOLD']
['rasscf', 1, 4, True, False]
['mclr', 0.0001, 'sala=3']
['alaska']
All jobs finished:
job: master          code: 0    runtime: 0:00:25.149601
job: grad_1_3        code: 0    runtime: 0:00:11.362690

Starting job execution
['gateway']
['seward']
['copy', '/project/lgagliardi/helenclifford/practice_rcc/sharc4/methaniminium/tutorial_reproduction/traj/Singlet_2/TRAJ_00007/restart/MOLCAS.1.JobIph.33', 'JOBOLD']
['rasscf', 1, 4, True, False]
['copy', 'MOLCAS.rasscf.h5', 'MOLCAS.1.rasscf.h5']
['copy', 'MOLCAS.JobIph', 'MOLCAS.1.JobIph']
['copy', '/project/lgagliardi/helenclifford/practice_rcc/sharc4/methaniminium/tutorial_reproduction/traj/Singlet_2/TRAJ_00007/restart/MOLCAS.3.JobIph.33', 'JOBOLD']
['rasscf', 3, 3, True, False]
['copy', 'MOLCAS.rasscf.h5', 'MOLCAS.3.rasscf.h5']
['copy', 'MOLCAS.JobIph', 'MOLCAS.3.JobIph']
['link', 'MOLCAS.1.JobIph', 'JOB001']
['rassi', 'dm', [4]]
['copy', 'MOLCAS.rassi.h5', 'MOLCAS.rassi.1.h5']
['link', 'MOLCAS.3.JobIph', 'JOB001']
['rassi', 'dm', [3]]
['copy', 'MOLCAS.rassi.h5', 'MOLCAS.rassi.3.h5']
['copy', '/project/lgagliardi/helenclifford/practice_rcc/sharc4/methaniminium/tutorial_reproduction/traj/Singlet_2/TRAJ_00007/restart/MOLCAS.1.JobIph.33', 'JOB001']
['link', 'MOLCAS.1.JobIph', 'JOB002']
['rassi', 'overlap', [4, 4]]
['copy', 'MOLCAS.rassi.h5', 'MOLCAS.rassi.ovlp.1.h5']
['copy', '/project/lgagliardi/helenclifford/practice_rcc/sharc4/methaniminium/tutorial_reproduction/traj/Singlet_2/TRAJ_00007/restart/MOLCAS.3.JobIph.33', 'JOB001']
['link', 'MOLCAS.3.JobIph', 'JOB002']
['rassi', 'overlap', [3, 3]]
['copy', 'MOLCAS.rassi.h5', 'MOLCAS.rassi.ovlp.3.h5']
['link', 'MOLCAS.1.JobIph', 'JOB001']
['link', 'MOLCAS.3.JobIph', 'JOB002']
['rassi', 'soc', [4, 3]]
['copy', '$master_path/MOLCAS.1.JobIph', 'JOBOLD']
['rasscf', 1, 4, True, False]
['mclr', 0.0001, 'sala=3']
['alaska']
All jobs finished:
job: master          code: 0    runtime: 0:00:24.669338
job: grad_1_3        code: 0    runtime: 0:00:02.745411

Starting job execution
['gateway']
['seward']
['copy', '/project/lgagliardi/helenclifford/practice_rcc/sharc4/methaniminium/tutorial_reproduction/traj/Singlet_2/TRAJ_00007/restart/MOLCAS.1.JobIph.34', 'JOBOLD']
['rasscf', 1, 4, True, False]
['copy', 'MOLCAS.rasscf.h5', 'MOLCAS.1.rasscf.h5']
['copy', 'MOLCAS.JobIph', 'MOLCAS.1.JobIph']
['copy', '/project/lgagliardi/helenclifford/practice_rcc/sharc4/methaniminium/tutorial_reproduction/traj/Singlet_2/TRAJ_00007/restart/MOLCAS.3.JobIph.34', 'JOBOLD']
['rasscf', 3, 3, True, False]
['copy', 'MOLCAS.rasscf.h5', 'MOLCAS.3.rasscf.h5']
['copy', 'MOLCAS.JobIph', 'MOLCAS.3.JobIph']
['link', 'MOLCAS.1.JobIph', 'JOB001']
['rassi', 'dm', [4]]
['copy', 'MOLCAS.rassi.h5', 'MOLCAS.rassi.1.h5']
['link', 'MOLCAS.3.JobIph', 'JOB001']
['rassi', 'dm', [3]]
['copy', 'MOLCAS.rassi.h5', 'MOLCAS.rassi.3.h5']
['copy', '/project/lgagliardi/helenclifford/practice_rcc/sharc4/methaniminium/tutorial_reproduction/traj/Singlet_2/TRAJ_00007/restart/MOLCAS.1.JobIph.34', 'JOB001']
['link', 'MOLCAS.1.JobIph', 'JOB002']
['rassi', 'overlap', [4, 4]]
['copy', 'MOLCAS.rassi.h5', 'MOLCAS.rassi.ovlp.1.h5']
['copy', '/project/lgagliardi/helenclifford/practice_rcc/sharc4/methaniminium/tutorial_reproduction/traj/Singlet_2/TRAJ_00007/restart/MOLCAS.3.JobIph.34', 'JOB001']
['link', 'MOLCAS.3.JobIph', 'JOB002']
['rassi', 'overlap', [3, 3]]
['copy', 'MOLCAS.rassi.h5', 'MOLCAS.rassi.ovlp.3.h5']
['link', 'MOLCAS.1.JobIph', 'JOB001']
['link', 'MOLCAS.3.JobIph', 'JOB002']
['rassi', 'soc', [4, 3]]
['copy', '$master_path/MOLCAS.1.JobIph', 'JOBOLD']
['rasscf', 1, 4, True, False]
['mclr', 0.0001, 'sala=3']
['alaska']
All jobs finished:
job: master          code: 0    runtime: 0:00:30.783171
job: grad_1_3        code: 0    runtime: 0:00:13.766565

Starting job execution
['gateway']
['seward']
['copy', '/project/lgagliardi/helenclifford/practice_rcc/sharc4/methaniminium/tutorial_reproduction/traj/Singlet_2/TRAJ_00007/restart/MOLCAS.1.JobIph.35', 'JOBOLD']
['rasscf', 1, 4, True, False]
['copy', 'MOLCAS.rasscf.h5', 'MOLCAS.1.rasscf.h5']
['copy', 'MOLCAS.JobIph', 'MOLCAS.1.JobIph']
['copy', '/project/lgagliardi/helenclifford/practice_rcc/sharc4/methaniminium/tutorial_reproduction/traj/Singlet_2/TRAJ_00007/restart/MOLCAS.3.JobIph.35', 'JOBOLD']
['rasscf', 3, 3, True, False]
['copy', 'MOLCAS.rasscf.h5', 'MOLCAS.3.rasscf.h5']
['copy', 'MOLCAS.JobIph', 'MOLCAS.3.JobIph']
['link', 'MOLCAS.1.JobIph', 'JOB001']
['rassi', 'dm', [4]]
['copy', 'MOLCAS.rassi.h5', 'MOLCAS.rassi.1.h5']
['link', 'MOLCAS.3.JobIph', 'JOB001']
['rassi', 'dm', [3]]
['copy', 'MOLCAS.rassi.h5', 'MOLCAS.rassi.3.h5']
['copy', '/project/lgagliardi/helenclifford/practice_rcc/sharc4/methaniminium/tutorial_reproduction/traj/Singlet_2/TRAJ_00007/restart/MOLCAS.1.JobIph.34', 'JOB001']
['link', 'MOLCAS.1.JobIph', 'JOB002']
['rassi', 'overlap', [4, 4]]
['copy', 'MOLCAS.rassi.h5', 'MOLCAS.rassi.ovlp.1.h5']
['copy', '/project/lgagliardi/helenclifford/practice_rcc/sharc4/methaniminium/tutorial_reproduction/traj/Singlet_2/TRAJ_00007/restart/MOLCAS.3.JobIph.34', 'JOB001']
['link', 'MOLCAS.3.JobIph', 'JOB002']
['rassi', 'overlap', [3, 3]]
['copy', 'MOLCAS.rassi.h5', 'MOLCAS.rassi.ovlp.3.h5']
['link', 'MOLCAS.1.JobIph', 'JOB001']
['link', 'MOLCAS.3.JobIph', 'JOB002']
['rassi', 'soc', [4, 3]]
['copy', '$master_path/MOLCAS.1.JobIph', 'JOBOLD']
['rasscf', 1, 4, True, False]
['mclr', 0.0001, 'sala=2']
['alaska']
All jobs finished:
job: master          code: 0    runtime: 0:00:16.126855
job: grad_1_2        code: 0    runtime: 0:00:13.246057

Starting job execution
['gateway']
['seward']
['copy', '/project/lgagliardi/helenclifford/practice_rcc/sharc4/methaniminium/tutorial_reproduction/traj/Singlet_2/TRAJ_00007/restart/MOLCAS.1.JobIph.35', 'JOBOLD']
['rasscf', 1, 4, True, False]
['copy', 'MOLCAS.rasscf.h5', 'MOLCAS.1.rasscf.h5']
['copy', 'MOLCAS.JobIph', 'MOLCAS.1.JobIph']
['copy', '/project/lgagliardi/helenclifford/practice_rcc/sharc4/methaniminium/tutorial_reproduction/traj/Singlet_2/TRAJ_00007/restart/MOLCAS.3.JobIph.35', 'JOBOLD']
['rasscf', 3, 3, True, False]
['copy', 'MOLCAS.rasscf.h5', 'MOLCAS.3.rasscf.h5']
['copy', 'MOLCAS.JobIph', 'MOLCAS.3.JobIph']
['link', 'MOLCAS.1.JobIph', 'JOB001']
['rassi', 'dm', [4]]
['copy', 'MOLCAS.rassi.h5', 'MOLCAS.rassi.1.h5']
['link', 'MOLCAS.3.JobIph', 'JOB001']
['rassi', 'dm', [3]]
['copy', 'MOLCAS.rassi.h5', 'MOLCAS.rassi.3.h5']
['copy', '/project/lgagliardi/helenclifford/practice_rcc/sharc4/methaniminium/tutorial_reproduction/traj/Singlet_2/TRAJ_00007/restart/MOLCAS.1.JobIph.35', 'JOB001']
['link', 'MOLCAS.1.JobIph', 'JOB002']
['rassi', 'overlap', [4, 4]]
['copy', 'MOLCAS.rassi.h5', 'MOLCAS.rassi.ovlp.1.h5']
['copy', '/project/lgagliardi/helenclifford/practice_rcc/sharc4/methaniminium/tutorial_reproduction/traj/Singlet_2/TRAJ_00007/restart/MOLCAS.3.JobIph.35', 'JOB001']
['link', 'MOLCAS.3.JobIph', 'JOB002']
['rassi', 'overlap', [3, 3]]
['copy', 'MOLCAS.rassi.h5', 'MOLCAS.rassi.ovlp.3.h5']
['link', 'MOLCAS.1.JobIph', 'JOB001']
['link', 'MOLCAS.3.JobIph', 'JOB002']
['rassi', 'soc', [4, 3]]
['copy', '$master_path/MOLCAS.1.JobIph', 'JOBOLD']
['rasscf', 1, 4, True, False]
['mclr', 0.0001, 'sala=2']
['alaska']
All jobs finished:
job: master          code: 0    runtime: 0:00:27.962931
job: grad_1_2        code: 0    runtime: 0:00:09.938955

Starting job execution
['gateway']
['seward']
['copy', '/project/lgagliardi/helenclifford/practice_rcc/sharc4/methaniminium/tutorial_reproduction/traj/Singlet_2/TRAJ_00007/restart/MOLCAS.1.JobIph.36', 'JOBOLD']
['rasscf', 1, 4, True, False]
['copy', 'MOLCAS.rasscf.h5', 'MOLCAS.1.rasscf.h5']
['copy', 'MOLCAS.JobIph', 'MOLCAS.1.JobIph']
['copy', '/project/lgagliardi/helenclifford/practice_rcc/sharc4/methaniminium/tutorial_reproduction/traj/Singlet_2/TRAJ_00007/restart/MOLCAS.3.JobIph.36', 'JOBOLD']
['rasscf', 3, 3, True, False]
['copy', 'MOLCAS.rasscf.h5', 'MOLCAS.3.rasscf.h5']
['copy', 'MOLCAS.JobIph', 'MOLCAS.3.JobIph']
['link', 'MOLCAS.1.JobIph', 'JOB001']
['rassi', 'dm', [4]]
['copy', 'MOLCAS.rassi.h5', 'MOLCAS.rassi.1.h5']
['link', 'MOLCAS.3.JobIph', 'JOB001']
['rassi', 'dm', [3]]
['copy', 'MOLCAS.rassi.h5', 'MOLCAS.rassi.3.h5']
['copy', '/project/lgagliardi/helenclifford/practice_rcc/sharc4/methaniminium/tutorial_reproduction/traj/Singlet_2/TRAJ_00007/restart/MOLCAS.1.JobIph.36', 'JOB001']
['link', 'MOLCAS.1.JobIph', 'JOB002']
['rassi', 'overlap', [4, 4]]
['copy', 'MOLCAS.rassi.h5', 'MOLCAS.rassi.ovlp.1.h5']
['copy', '/project/lgagliardi/helenclifford/practice_rcc/sharc4/methaniminium/tutorial_reproduction/traj/Singlet_2/TRAJ_00007/restart/MOLCAS.3.JobIph.36', 'JOB001']
['link', 'MOLCAS.3.JobIph', 'JOB002']
['rassi', 'overlap', [3, 3]]
['copy', 'MOLCAS.rassi.h5', 'MOLCAS.rassi.ovlp.3.h5']
['link', 'MOLCAS.1.JobIph', 'JOB001']
['link', 'MOLCAS.3.JobIph', 'JOB002']
['rassi', 'soc', [4, 3]]
['copy', '$master_path/MOLCAS.1.JobIph', 'JOBOLD']
['rasscf', 1, 4, True, False]
['mclr', 0.0001, 'sala=2']
['alaska']
All jobs finished:
job: master          code: 0    runtime: 0:00:22.123822
job: grad_1_2        code: 0    runtime: 0:00:08.532525

Starting job execution
['gateway']
['seward']
['copy', '/project/lgagliardi/helenclifford/practice_rcc/sharc4/methaniminium/tutorial_reproduction/traj/Singlet_2/TRAJ_00007/restart/MOLCAS.1.JobIph.37', 'JOBOLD']
['rasscf', 1, 4, True, False]
['copy', 'MOLCAS.rasscf.h5', 'MOLCAS.1.rasscf.h5']
['copy', 'MOLCAS.JobIph', 'MOLCAS.1.JobIph']
['copy', '/project/lgagliardi/helenclifford/practice_rcc/sharc4/methaniminium/tutorial_reproduction/traj/Singlet_2/TRAJ_00007/restart/MOLCAS.3.JobIph.37', 'JOBOLD']
['rasscf', 3, 3, True, False]
['copy', 'MOLCAS.rasscf.h5', 'MOLCAS.3.rasscf.h5']
['copy', 'MOLCAS.JobIph', 'MOLCAS.3.JobIph']
['link', 'MOLCAS.1.JobIph', 'JOB001']
['rassi', 'dm', [4]]
['copy', 'MOLCAS.rassi.h5', 'MOLCAS.rassi.1.h5']
['link', 'MOLCAS.3.JobIph', 'JOB001']
['rassi', 'dm', [3]]
['copy', 'MOLCAS.rassi.h5', 'MOLCAS.rassi.3.h5']
['copy', '/project/lgagliardi/helenclifford/practice_rcc/sharc4/methaniminium/tutorial_reproduction/traj/Singlet_2/TRAJ_00007/restart/MOLCAS.1.JobIph.37', 'JOB001']
['link', 'MOLCAS.1.JobIph', 'JOB002']
['rassi', 'overlap', [4, 4]]
['copy', 'MOLCAS.rassi.h5', 'MOLCAS.rassi.ovlp.1.h5']
['copy', '/project/lgagliardi/helenclifford/practice_rcc/sharc4/methaniminium/tutorial_reproduction/traj/Singlet_2/TRAJ_00007/restart/MOLCAS.3.JobIph.37', 'JOB001']
['link', 'MOLCAS.3.JobIph', 'JOB002']
['rassi', 'overlap', [3, 3]]
['copy', 'MOLCAS.rassi.h5', 'MOLCAS.rassi.ovlp.3.h5']
['link', 'MOLCAS.1.JobIph', 'JOB001']
['link', 'MOLCAS.3.JobIph', 'JOB002']
['rassi', 'soc', [4, 3]]
['copy', '$master_path/MOLCAS.1.JobIph', 'JOBOLD']
['rasscf', 1, 4, True, False]
['mclr', 0.0001, 'sala=2']
['alaska']
All jobs finished:
job: master          code: 0    runtime: 0:00:20.009021
job: grad_1_2        code: 0    runtime: 0:00:10.755755

Starting job execution
['gateway']
['seward']
['copy', '/project/lgagliardi/helenclifford/practice_rcc/sharc4/methaniminium/tutorial_reproduction/traj/Singlet_2/TRAJ_00007/restart/MOLCAS.1.JobIph.38', 'JOBOLD']
['rasscf', 1, 4, True, False]
['copy', 'MOLCAS.rasscf.h5', 'MOLCAS.1.rasscf.h5']
['copy', 'MOLCAS.JobIph', 'MOLCAS.1.JobIph']
['copy', '/project/lgagliardi/helenclifford/practice_rcc/sharc4/methaniminium/tutorial_reproduction/traj/Singlet_2/TRAJ_00007/restart/MOLCAS.3.JobIph.38', 'JOBOLD']
['rasscf', 3, 3, True, False]
['copy', 'MOLCAS.rasscf.h5', 'MOLCAS.3.rasscf.h5']
['copy', 'MOLCAS.JobIph', 'MOLCAS.3.JobIph']
['link', 'MOLCAS.1.JobIph', 'JOB001']
['rassi', 'dm', [4]]
['copy', 'MOLCAS.rassi.h5', 'MOLCAS.rassi.1.h5']
['link', 'MOLCAS.3.JobIph', 'JOB001']
['rassi', 'dm', [3]]
['copy', 'MOLCAS.rassi.h5', 'MOLCAS.rassi.3.h5']
['copy', '/project/lgagliardi/helenclifford/practice_rcc/sharc4/methaniminium/tutorial_reproduction/traj/Singlet_2/TRAJ_00007/restart/MOLCAS.1.JobIph.38', 'JOB001']
['link', 'MOLCAS.1.JobIph', 'JOB002']
['rassi', 'overlap', [4, 4]]
['copy', 'MOLCAS.rassi.h5', 'MOLCAS.rassi.ovlp.1.h5']
['copy', '/project/lgagliardi/helenclifford/practice_rcc/sharc4/methaniminium/tutorial_reproduction/traj/Singlet_2/TRAJ_00007/restart/MOLCAS.3.JobIph.38', 'JOB001']
['link', 'MOLCAS.3.JobIph', 'JOB002']
['rassi', 'overlap', [3, 3]]
['copy', 'MOLCAS.rassi.h5', 'MOLCAS.rassi.ovlp.3.h5']
['link', 'MOLCAS.1.JobIph', 'JOB001']
['link', 'MOLCAS.3.JobIph', 'JOB002']
['rassi', 'soc', [4, 3]]
['copy', '$master_path/MOLCAS.1.JobIph', 'JOBOLD']
['rasscf', 1, 4, True, False]
['mclr', 0.0001, 'sala=2']
['alaska']
All jobs finished:
job: master          code: 0    runtime: 0:00:16.616990
job: grad_1_2        code: 0    runtime: 0:00:12.575450

Starting job execution
['gateway']
['seward']
['copy', '/project/lgagliardi/helenclifford/practice_rcc/sharc4/methaniminium/tutorial_reproduction/traj/Singlet_2/TRAJ_00007/restart/MOLCAS.1.JobIph.39', 'JOBOLD']
['rasscf', 1, 4, True, False]
['copy', 'MOLCAS.rasscf.h5', 'MOLCAS.1.rasscf.h5']
['copy', 'MOLCAS.JobIph', 'MOLCAS.1.JobIph']
['copy', '/project/lgagliardi/helenclifford/practice_rcc/sharc4/methaniminium/tutorial_reproduction/traj/Singlet_2/TRAJ_00007/restart/MOLCAS.3.JobIph.39', 'JOBOLD']
['rasscf', 3, 3, True, False]
['copy', 'MOLCAS.rasscf.h5', 'MOLCAS.3.rasscf.h5']
['copy', 'MOLCAS.JobIph', 'MOLCAS.3.JobIph']
['link', 'MOLCAS.1.JobIph', 'JOB001']
['rassi', 'dm', [4]]
['copy', 'MOLCAS.rassi.h5', 'MOLCAS.rassi.1.h5']
['link', 'MOLCAS.3.JobIph', 'JOB001']
['rassi', 'dm', [3]]
['copy', 'MOLCAS.rassi.h5', 'MOLCAS.rassi.3.h5']
['copy', '/project/lgagliardi/helenclifford/practice_rcc/sharc4/methaniminium/tutorial_reproduction/traj/Singlet_2/TRAJ_00007/restart/MOLCAS.1.JobIph.38', 'JOB001']
['link', 'MOLCAS.1.JobIph', 'JOB002']
['rassi', 'overlap', [4, 4]]
['copy', 'MOLCAS.rassi.h5', 'MOLCAS.rassi.ovlp.1.h5']
['copy', '/project/lgagliardi/helenclifford/practice_rcc/sharc4/methaniminium/tutorial_reproduction/traj/Singlet_2/TRAJ_00007/restart/MOLCAS.3.JobIph.38', 'JOB001']
['link', 'MOLCAS.3.JobIph', 'JOB002']
['rassi', 'overlap', [3, 3]]
['copy', 'MOLCAS.rassi.h5', 'MOLCAS.rassi.ovlp.3.h5']
['link', 'MOLCAS.1.JobIph', 'JOB001']
['link', 'MOLCAS.3.JobIph', 'JOB002']
['rassi', 'soc', [4, 3]]
['copy', '$master_path/MOLCAS.3.JobIph', 'JOBOLD']
['rasscf', 3, 3, True, False]
['mclr', 0.0001, 'sala=2']
['alaska']
['copy', '$master_path/MOLCAS.1.JobIph', 'JOBOLD']
['rasscf', 1, 4, True, False]
['mclr', 0.0001, 'sala=2']
['alaska']
All jobs finished:
job: master          code: 0    runtime: 0:00:14.829659
job: grad_3_2        code: 0    runtime: 0:00:15.108482
job: grad_1_2        code: 0    runtime: 0:00:09.275740

Starting job execution
['gateway']
['seward']
['copy', '/project/lgagliardi/helenclifford/practice_rcc/sharc4/methaniminium/tutorial_reproduction/traj/Singlet_2/TRAJ_00007/restart/MOLCAS.1.JobIph.39', 'JOBOLD']
['rasscf', 1, 4, True, False]
['copy', 'MOLCAS.rasscf.h5', 'MOLCAS.1.rasscf.h5']
['copy', 'MOLCAS.JobIph', 'MOLCAS.1.JobIph']
['copy', '/project/lgagliardi/helenclifford/practice_rcc/sharc4/methaniminium/tutorial_reproduction/traj/Singlet_2/TRAJ_00007/restart/MOLCAS.3.JobIph.39', 'JOBOLD']
['rasscf', 3, 3, True, False]
['copy', 'MOLCAS.rasscf.h5', 'MOLCAS.3.rasscf.h5']
['copy', 'MOLCAS.JobIph', 'MOLCAS.3.JobIph']
['link', 'MOLCAS.1.JobIph', 'JOB001']
['rassi', 'dm', [4]]
['copy', 'MOLCAS.rassi.h5', 'MOLCAS.rassi.1.h5']
['link', 'MOLCAS.3.JobIph', 'JOB001']
['rassi', 'dm', [3]]
['copy', 'MOLCAS.rassi.h5', 'MOLCAS.rassi.3.h5']
['copy', '/project/lgagliardi/helenclifford/practice_rcc/sharc4/methaniminium/tutorial_reproduction/traj/Singlet_2/TRAJ_00007/restart/MOLCAS.1.JobIph.39', 'JOB001']
['link', 'MOLCAS.1.JobIph', 'JOB002']
['rassi', 'overlap', [4, 4]]
['copy', 'MOLCAS.rassi.h5', 'MOLCAS.rassi.ovlp.1.h5']
['copy', '/project/lgagliardi/helenclifford/practice_rcc/sharc4/methaniminium/tutorial_reproduction/traj/Singlet_2/TRAJ_00007/restart/MOLCAS.3.JobIph.39', 'JOB001']
['link', 'MOLCAS.3.JobIph', 'JOB002']
['rassi', 'overlap', [3, 3]]
['copy', 'MOLCAS.rassi.h5', 'MOLCAS.rassi.ovlp.3.h5']
['link', 'MOLCAS.1.JobIph', 'JOB001']
['link', 'MOLCAS.3.JobIph', 'JOB002']
['rassi', 'soc', [4, 3]]
['copy', '$master_path/MOLCAS.3.JobIph', 'JOBOLD']
['rasscf', 3, 3, True, False]
['mclr', 0.0001, 'sala=2']
['alaska']
['copy', '$master_path/MOLCAS.1.JobIph', 'JOBOLD']
['rasscf', 1, 4, True, False]
['mclr', 0.0001, 'sala=2']
['alaska']
All jobs finished:
job: master          code: 0    runtime: 0:00:19.259173
job: grad_3_2        code: 0    runtime: 0:00:09.387560
job: grad_1_2        code: 0    runtime: 0:00:09.561104

Starting job execution
['gateway']
['seward']
['copy', '/project/lgagliardi/helenclifford/practice_rcc/sharc4/methaniminium/tutorial_reproduction/traj/Singlet_2/TRAJ_00007/restart/MOLCAS.1.JobIph.40', 'JOBOLD']
['rasscf', 1, 4, True, False]
['copy', 'MOLCAS.rasscf.h5', 'MOLCAS.1.rasscf.h5']
['copy', 'MOLCAS.JobIph', 'MOLCAS.1.JobIph']
['copy', '/project/lgagliardi/helenclifford/practice_rcc/sharc4/methaniminium/tutorial_reproduction/traj/Singlet_2/TRAJ_00007/restart/MOLCAS.3.JobIph.40', 'JOBOLD']
['rasscf', 3, 3, True, False]
['copy', 'MOLCAS.rasscf.h5', 'MOLCAS.3.rasscf.h5']
['copy', 'MOLCAS.JobIph', 'MOLCAS.3.JobIph']
['link', 'MOLCAS.1.JobIph', 'JOB001']
['rassi', 'dm', [4]]
['copy', 'MOLCAS.rassi.h5', 'MOLCAS.rassi.1.h5']
['link', 'MOLCAS.3.JobIph', 'JOB001']
['rassi', 'dm', [3]]
['copy', 'MOLCAS.rassi.h5', 'MOLCAS.rassi.3.h5']
['copy', '/project/lgagliardi/helenclifford/practice_rcc/sharc4/methaniminium/tutorial_reproduction/traj/Singlet_2/TRAJ_00007/restart/MOLCAS.1.JobIph.40', 'JOB001']
['link', 'MOLCAS.1.JobIph', 'JOB002']
['rassi', 'overlap', [4, 4]]
['copy', 'MOLCAS.rassi.h5', 'MOLCAS.rassi.ovlp.1.h5']
['copy', '/project/lgagliardi/helenclifford/practice_rcc/sharc4/methaniminium/tutorial_reproduction/traj/Singlet_2/TRAJ_00007/restart/MOLCAS.3.JobIph.40', 'JOB001']
['link', 'MOLCAS.3.JobIph', 'JOB002']
['rassi', 'overlap', [3, 3]]
['copy', 'MOLCAS.rassi.h5', 'MOLCAS.rassi.ovlp.3.h5']
['link', 'MOLCAS.1.JobIph', 'JOB001']
['link', 'MOLCAS.3.JobIph', 'JOB002']
['rassi', 'soc', [4, 3]]
['copy', '$master_path/MOLCAS.3.JobIph', 'JOBOLD']
['rasscf', 3, 3, True, False]
['mclr', 0.0001, 'sala=2']
['alaska']
['copy', '$master_path/MOLCAS.1.JobIph', 'JOBOLD']
['rasscf', 1, 4, True, False]
['mclr', 0.0001, 'sala=2']
['alaska']
All jobs finished:
job: master          code: 0    runtime: 0:00:19.867497
job: grad_3_2        code: 0    runtime: 0:00:10.754262
job: grad_1_2        code: 0    runtime: 0:00:10.335055

Starting job execution
['gateway']
['seward']
['copy', '/project/lgagliardi/helenclifford/practice_rcc/sharc4/methaniminium/tutorial_reproduction/traj/Singlet_2/TRAJ_00007/restart/MOLCAS.1.JobIph.41', 'JOBOLD']
['rasscf', 1, 4, True, False]
['copy', 'MOLCAS.rasscf.h5', 'MOLCAS.1.rasscf.h5']
['copy', 'MOLCAS.JobIph', 'MOLCAS.1.JobIph']
['copy', '/project/lgagliardi/helenclifford/practice_rcc/sharc4/methaniminium/tutorial_reproduction/traj/Singlet_2/TRAJ_00007/restart/MOLCAS.3.JobIph.41', 'JOBOLD']
['rasscf', 3, 3, True, False]
['copy', 'MOLCAS.rasscf.h5', 'MOLCAS.3.rasscf.h5']
['copy', 'MOLCAS.JobIph', 'MOLCAS.3.JobIph']
['link', 'MOLCAS.1.JobIph', 'JOB001']
['rassi', 'dm', [4]]
['copy', 'MOLCAS.rassi.h5', 'MOLCAS.rassi.1.h5']
['link', 'MOLCAS.3.JobIph', 'JOB001']
['rassi', 'dm', [3]]
['copy', 'MOLCAS.rassi.h5', 'MOLCAS.rassi.3.h5']
['copy', '/project/lgagliardi/helenclifford/practice_rcc/sharc4/methaniminium/tutorial_reproduction/traj/Singlet_2/TRAJ_00007/restart/MOLCAS.1.JobIph.41', 'JOB001']
['link', 'MOLCAS.1.JobIph', 'JOB002']
['rassi', 'overlap', [4, 4]]
['copy', 'MOLCAS.rassi.h5', 'MOLCAS.rassi.ovlp.1.h5']
['copy', '/project/lgagliardi/helenclifford/practice_rcc/sharc4/methaniminium/tutorial_reproduction/traj/Singlet_2/TRAJ_00007/restart/MOLCAS.3.JobIph.41', 'JOB001']
['link', 'MOLCAS.3.JobIph', 'JOB002']
['rassi', 'overlap', [3, 3]]
['copy', 'MOLCAS.rassi.h5', 'MOLCAS.rassi.ovlp.3.h5']
['link', 'MOLCAS.1.JobIph', 'JOB001']
['link', 'MOLCAS.3.JobIph', 'JOB002']
['rassi', 'soc', [4, 3]]
['copy', '$master_path/MOLCAS.1.JobIph', 'JOBOLD']
['rasscf', 1, 4, True, False]
['mclr', 0.0001, 'sala=2']
['alaska']
All jobs finished:
job: master          code: 0    runtime: 0:00:21.393884
job: grad_1_2        code: 0    runtime: 0:00:08.918207

Starting job execution
['gateway']
['seward']
['copy', '/project/lgagliardi/helenclifford/practice_rcc/sharc4/methaniminium/tutorial_reproduction/traj/Singlet_2/TRAJ_00007/restart/MOLCAS.1.JobIph.42', 'JOBOLD']
['rasscf', 1, 4, True, False]
['copy', 'MOLCAS.rasscf.h5', 'MOLCAS.1.rasscf.h5']
['copy', 'MOLCAS.JobIph', 'MOLCAS.1.JobIph']
['copy', '/project/lgagliardi/helenclifford/practice_rcc/sharc4/methaniminium/tutorial_reproduction/traj/Singlet_2/TRAJ_00007/restart/MOLCAS.3.JobIph.42', 'JOBOLD']
['rasscf', 3, 3, True, False]
['copy', 'MOLCAS.rasscf.h5', 'MOLCAS.3.rasscf.h5']
['copy', 'MOLCAS.JobIph', 'MOLCAS.3.JobIph']
['link', 'MOLCAS.1.JobIph', 'JOB001']
['rassi', 'dm', [4]]
['copy', 'MOLCAS.rassi.h5', 'MOLCAS.rassi.1.h5']
['link', 'MOLCAS.3.JobIph', 'JOB001']
['rassi', 'dm', [3]]
['copy', 'MOLCAS.rassi.h5', 'MOLCAS.rassi.3.h5']
['copy', '/project/lgagliardi/helenclifford/practice_rcc/sharc4/methaniminium/tutorial_reproduction/traj/Singlet_2/TRAJ_00007/restart/MOLCAS.1.JobIph.42', 'JOB001']
['link', 'MOLCAS.1.JobIph', 'JOB002']
['rassi', 'overlap', [4, 4]]
['copy', 'MOLCAS.rassi.h5', 'MOLCAS.rassi.ovlp.1.h5']
['copy', '/project/lgagliardi/helenclifford/practice_rcc/sharc4/methaniminium/tutorial_reproduction/traj/Singlet_2/TRAJ_00007/restart/MOLCAS.3.JobIph.42', 'JOB001']
['link', 'MOLCAS.3.JobIph', 'JOB002']
['rassi', 'overlap', [3, 3]]
['copy', 'MOLCAS.rassi.h5', 'MOLCAS.rassi.ovlp.3.h5']
['link', 'MOLCAS.1.JobIph', 'JOB001']
['link', 'MOLCAS.3.JobIph', 'JOB002']
['rassi', 'soc', [4, 3]]
['copy', '$master_path/MOLCAS.1.JobIph', 'JOBOLD']
['rasscf', 1, 4, True, False]
['mclr', 0.0001, 'sala=2']
['alaska']
All jobs finished:
job: master          code: 0    runtime: 0:00:19.515912
job: grad_1_2        code: 0    runtime: 0:00:11.076298

Starting job execution
['gateway']
['seward']
['copy', '/project/lgagliardi/helenclifford/practice_rcc/sharc4/methaniminium/tutorial_reproduction/traj/Singlet_2/TRAJ_00007/restart/MOLCAS.1.JobIph.43', 'JOBOLD']
['rasscf', 1, 4, True, False]
['copy', 'MOLCAS.rasscf.h5', 'MOLCAS.1.rasscf.h5']
['copy', 'MOLCAS.JobIph', 'MOLCAS.1.JobIph']
['copy', '/project/lgagliardi/helenclifford/practice_rcc/sharc4/methaniminium/tutorial_reproduction/traj/Singlet_2/TRAJ_00007/restart/MOLCAS.3.JobIph.43', 'JOBOLD']
['rasscf', 3, 3, True, False]
['copy', 'MOLCAS.rasscf.h5', 'MOLCAS.3.rasscf.h5']
['copy', 'MOLCAS.JobIph', 'MOLCAS.3.JobIph']
['link', 'MOLCAS.1.JobIph', 'JOB001']
['rassi', 'dm', [4]]
['copy', 'MOLCAS.rassi.h5', 'MOLCAS.rassi.1.h5']
['link', 'MOLCAS.3.JobIph', 'JOB001']
['rassi', 'dm', [3]]
['copy', 'MOLCAS.rassi.h5', 'MOLCAS.rassi.3.h5']
['copy', '/project/lgagliardi/helenclifford/practice_rcc/sharc4/methaniminium/tutorial_reproduction/traj/Singlet_2/TRAJ_00007/restart/MOLCAS.1.JobIph.43', 'JOB001']
['link', 'MOLCAS.1.JobIph', 'JOB002']
['rassi', 'overlap', [4, 4]]
['copy', 'MOLCAS.rassi.h5', 'MOLCAS.rassi.ovlp.1.h5']
['copy', '/project/lgagliardi/helenclifford/practice_rcc/sharc4/methaniminium/tutorial_reproduction/traj/Singlet_2/TRAJ_00007/restart/MOLCAS.3.JobIph.43', 'JOB001']
['link', 'MOLCAS.3.JobIph', 'JOB002']
['rassi', 'overlap', [3, 3]]
['copy', 'MOLCAS.rassi.h5', 'MOLCAS.rassi.ovlp.3.h5']
['link', 'MOLCAS.1.JobIph', 'JOB001']
['link', 'MOLCAS.3.JobIph', 'JOB002']
['rassi', 'soc', [4, 3]]
['copy', '$master_path/MOLCAS.1.JobIph', 'JOBOLD']
['rasscf', 1, 4, True, False]
['mclr', 0.0001, 'sala=2']
['alaska']
All jobs finished:
job: master          code: 0    runtime: 0:00:19.058710
job: grad_1_2        code: 0    runtime: 0:00:08.033566

Starting job execution
['gateway']
['seward']
['copy', '/project/lgagliardi/helenclifford/practice_rcc/sharc4/methaniminium/tutorial_reproduction/traj/Singlet_2/TRAJ_00007/restart/MOLCAS.1.JobIph.44', 'JOBOLD']
['rasscf', 1, 4, True, False]
['copy', 'MOLCAS.rasscf.h5', 'MOLCAS.1.rasscf.h5']
['copy', 'MOLCAS.JobIph', 'MOLCAS.1.JobIph']
['copy', '/project/lgagliardi/helenclifford/practice_rcc/sharc4/methaniminium/tutorial_reproduction/traj/Singlet_2/TRAJ_00007/restart/MOLCAS.3.JobIph.44', 'JOBOLD']
['rasscf', 3, 3, True, False]
['copy', 'MOLCAS.rasscf.h5', 'MOLCAS.3.rasscf.h5']
['copy', 'MOLCAS.JobIph', 'MOLCAS.3.JobIph']
['link', 'MOLCAS.1.JobIph', 'JOB001']
['rassi', 'dm', [4]]
['copy', 'MOLCAS.rassi.h5', 'MOLCAS.rassi.1.h5']
['link', 'MOLCAS.3.JobIph', 'JOB001']
['rassi', 'dm', [3]]
['copy', 'MOLCAS.rassi.h5', 'MOLCAS.rassi.3.h5']
['copy', '/project/lgagliardi/helenclifford/practice_rcc/sharc4/methaniminium/tutorial_reproduction/traj/Singlet_2/TRAJ_00007/restart/MOLCAS.1.JobIph.44', 'JOB001']
['link', 'MOLCAS.1.JobIph', 'JOB002']
['rassi', 'overlap', [4, 4]]
['copy', 'MOLCAS.rassi.h5', 'MOLCAS.rassi.ovlp.1.h5']
['copy', '/project/lgagliardi/helenclifford/practice_rcc/sharc4/methaniminium/tutorial_reproduction/traj/Singlet_2/TRAJ_00007/restart/MOLCAS.3.JobIph.44', 'JOB001']
['link', 'MOLCAS.3.JobIph', 'JOB002']
['rassi', 'overlap', [3, 3]]
['copy', 'MOLCAS.rassi.h5', 'MOLCAS.rassi.ovlp.3.h5']
['link', 'MOLCAS.1.JobIph', 'JOB001']
['link', 'MOLCAS.3.JobIph', 'JOB002']
['rassi', 'soc', [4, 3]]
['copy', '$master_path/MOLCAS.1.JobIph', 'JOBOLD']
['rasscf', 1, 4, True, False]
['mclr', 0.0001, 'sala=2']
['alaska']
All jobs finished:
job: master          code: 0    runtime: 0:00:16.709570
job: grad_1_2        code: 0    runtime: 0:00:14.553673

Starting job execution
['gateway']
['seward']
['copy', '/project/lgagliardi/helenclifford/practice_rcc/sharc4/methaniminium/tutorial_reproduction/traj/Singlet_2/TRAJ_00007/restart/MOLCAS.1.JobIph.45', 'JOBOLD']
['rasscf', 1, 4, True, False]
['copy', 'MOLCAS.rasscf.h5', 'MOLCAS.1.rasscf.h5']
['copy', 'MOLCAS.JobIph', 'MOLCAS.1.JobIph']
['copy', '/project/lgagliardi/helenclifford/practice_rcc/sharc4/methaniminium/tutorial_reproduction/traj/Singlet_2/TRAJ_00007/restart/MOLCAS.3.JobIph.45', 'JOBOLD']
['rasscf', 3, 3, True, False]
['copy', 'MOLCAS.rasscf.h5', 'MOLCAS.3.rasscf.h5']
['copy', 'MOLCAS.JobIph', 'MOLCAS.3.JobIph']
['link', 'MOLCAS.1.JobIph', 'JOB001']
['rassi', 'dm', [4]]
['copy', 'MOLCAS.rassi.h5', 'MOLCAS.rassi.1.h5']
['link', 'MOLCAS.3.JobIph', 'JOB001']
['rassi', 'dm', [3]]
['copy', 'MOLCAS.rassi.h5', 'MOLCAS.rassi.3.h5']
['copy', '/project/lgagliardi/helenclifford/practice_rcc/sharc4/methaniminium/tutorial_reproduction/traj/Singlet_2/TRAJ_00007/restart/MOLCAS.1.JobIph.45', 'JOB001']
['link', 'MOLCAS.1.JobIph', 'JOB002']
['rassi', 'overlap', [4, 4]]
['copy', 'MOLCAS.rassi.h5', 'MOLCAS.rassi.ovlp.1.h5']
['copy', '/project/lgagliardi/helenclifford/practice_rcc/sharc4/methaniminium/tutorial_reproduction/traj/Singlet_2/TRAJ_00007/restart/MOLCAS.3.JobIph.45', 'JOB001']
['link', 'MOLCAS.3.JobIph', 'JOB002']
['rassi', 'overlap', [3, 3]]
['copy', 'MOLCAS.rassi.h5', 'MOLCAS.rassi.ovlp.3.h5']
['link', 'MOLCAS.1.JobIph', 'JOB001']
['link', 'MOLCAS.3.JobIph', 'JOB002']
['rassi', 'soc', [4, 3]]
['copy', '$master_path/MOLCAS.1.JobIph', 'JOBOLD']
['rasscf', 1, 4, True, False]
['mclr', 0.0001, 'sala=2']
['alaska']
All jobs finished:
job: master          code: 0    runtime: 0:00:15.633849
job: grad_1_2        code: 0    runtime: 0:00:12.492205

Starting job execution
['gateway']
['seward']
['copy', '/project/lgagliardi/helenclifford/practice_rcc/sharc4/methaniminium/tutorial_reproduction/traj/Singlet_2/TRAJ_00007/restart/MOLCAS.1.JobIph.46', 'JOBOLD']
['rasscf', 1, 4, True, False]
['copy', 'MOLCAS.rasscf.h5', 'MOLCAS.1.rasscf.h5']
['copy', 'MOLCAS.JobIph', 'MOLCAS.1.JobIph']
['copy', '/project/lgagliardi/helenclifford/practice_rcc/sharc4/methaniminium/tutorial_reproduction/traj/Singlet_2/TRAJ_00007/restart/MOLCAS.3.JobIph.46', 'JOBOLD']
['rasscf', 3, 3, True, False]
['copy', 'MOLCAS.rasscf.h5', 'MOLCAS.3.rasscf.h5']
['copy', 'MOLCAS.JobIph', 'MOLCAS.3.JobIph']
['link', 'MOLCAS.1.JobIph', 'JOB001']
['rassi', 'dm', [4]]
['copy', 'MOLCAS.rassi.h5', 'MOLCAS.rassi.1.h5']
['link', 'MOLCAS.3.JobIph', 'JOB001']
['rassi', 'dm', [3]]
['copy', 'MOLCAS.rassi.h5', 'MOLCAS.rassi.3.h5']
['copy', '/project/lgagliardi/helenclifford/practice_rcc/sharc4/methaniminium/tutorial_reproduction/traj/Singlet_2/TRAJ_00007/restart/MOLCAS.1.JobIph.46', 'JOB001']
['link', 'MOLCAS.1.JobIph', 'JOB002']
['rassi', 'overlap', [4, 4]]
['copy', 'MOLCAS.rassi.h5', 'MOLCAS.rassi.ovlp.1.h5']
['copy', '/project/lgagliardi/helenclifford/practice_rcc/sharc4/methaniminium/tutorial_reproduction/traj/Singlet_2/TRAJ_00007/restart/MOLCAS.3.JobIph.46', 'JOB001']
['link', 'MOLCAS.3.JobIph', 'JOB002']
['rassi', 'overlap', [3, 3]]
['copy', 'MOLCAS.rassi.h5', 'MOLCAS.rassi.ovlp.3.h5']
['link', 'MOLCAS.1.JobIph', 'JOB001']
['link', 'MOLCAS.3.JobIph', 'JOB002']
['rassi', 'soc', [4, 3]]
['copy', '$master_path/MOLCAS.1.JobIph', 'JOBOLD']
['rasscf', 1, 4, True, False]
['mclr', 0.0001, 'sala=2']
['alaska']
All jobs finished:
job: master          code: 0    runtime: 0:00:17.346533
job: grad_1_2        code: 0    runtime: 0:00:08.753737

Starting job execution
['gateway']
['seward']
['copy', '/project/lgagliardi/helenclifford/practice_rcc/sharc4/methaniminium/tutorial_reproduction/traj/Singlet_2/TRAJ_00007/restart/MOLCAS.1.JobIph.47', 'JOBOLD']
['rasscf', 1, 4, True, False]
['copy', 'MOLCAS.rasscf.h5', 'MOLCAS.1.rasscf.h5']
['copy', 'MOLCAS.JobIph', 'MOLCAS.1.JobIph']
['copy', '/project/lgagliardi/helenclifford/practice_rcc/sharc4/methaniminium/tutorial_reproduction/traj/Singlet_2/TRAJ_00007/restart/MOLCAS.3.JobIph.47', 'JOBOLD']
['rasscf', 3, 3, True, False]
['copy', 'MOLCAS.rasscf.h5', 'MOLCAS.3.rasscf.h5']
['copy', 'MOLCAS.JobIph', 'MOLCAS.3.JobIph']
['link', 'MOLCAS.1.JobIph', 'JOB001']
['rassi', 'dm', [4]]
['copy', 'MOLCAS.rassi.h5', 'MOLCAS.rassi.1.h5']
['link', 'MOLCAS.3.JobIph', 'JOB001']
['rassi', 'dm', [3]]
['copy', 'MOLCAS.rassi.h5', 'MOLCAS.rassi.3.h5']
['copy', '/project/lgagliardi/helenclifford/practice_rcc/sharc4/methaniminium/tutorial_reproduction/traj/Singlet_2/TRAJ_00007/restart/MOLCAS.1.JobIph.47', 'JOB001']
['link', 'MOLCAS.1.JobIph', 'JOB002']
['rassi', 'overlap', [4, 4]]
['copy', 'MOLCAS.rassi.h5', 'MOLCAS.rassi.ovlp.1.h5']
['copy', '/project/lgagliardi/helenclifford/practice_rcc/sharc4/methaniminium/tutorial_reproduction/traj/Singlet_2/TRAJ_00007/restart/MOLCAS.3.JobIph.47', 'JOB001']
['link', 'MOLCAS.3.JobIph', 'JOB002']
['rassi', 'overlap', [3, 3]]
['copy', 'MOLCAS.rassi.h5', 'MOLCAS.rassi.ovlp.3.h5']
['link', 'MOLCAS.1.JobIph', 'JOB001']
['link', 'MOLCAS.3.JobIph', 'JOB002']
['rassi', 'soc', [4, 3]]
['copy', '$master_path/MOLCAS.1.JobIph', 'JOBOLD']
['rasscf', 1, 4, True, False]
['mclr', 0.0001, 'sala=2']
['alaska']
All jobs finished:
job: master          code: 0    runtime: 0:00:18.257729
job: grad_1_2        code: 0    runtime: 0:00:03.418857

Starting job execution
['gateway']
['seward']
['copy', '/project/lgagliardi/helenclifford/practice_rcc/sharc4/methaniminium/tutorial_reproduction/traj/Singlet_2/TRAJ_00007/restart/MOLCAS.1.JobIph.48', 'JOBOLD']
['rasscf', 1, 4, True, False]
['copy', 'MOLCAS.rasscf.h5', 'MOLCAS.1.rasscf.h5']
['copy', 'MOLCAS.JobIph', 'MOLCAS.1.JobIph']
['copy', '/project/lgagliardi/helenclifford/practice_rcc/sharc4/methaniminium/tutorial_reproduction/traj/Singlet_2/TRAJ_00007/restart/MOLCAS.3.JobIph.48', 'JOBOLD']
['rasscf', 3, 3, True, False]
['copy', 'MOLCAS.rasscf.h5', 'MOLCAS.3.rasscf.h5']
['copy', 'MOLCAS.JobIph', 'MOLCAS.3.JobIph']
['link', 'MOLCAS.1.JobIph', 'JOB001']
['rassi', 'dm', [4]]
['copy', 'MOLCAS.rassi.h5', 'MOLCAS.rassi.1.h5']
['link', 'MOLCAS.3.JobIph', 'JOB001']
['rassi', 'dm', [3]]
['copy', 'MOLCAS.rassi.h5', 'MOLCAS.rassi.3.h5']
['copy', '/project/lgagliardi/helenclifford/practice_rcc/sharc4/methaniminium/tutorial_reproduction/traj/Singlet_2/TRAJ_00007/restart/MOLCAS.1.JobIph.48', 'JOB001']
['link', 'MOLCAS.1.JobIph', 'JOB002']
['rassi', 'overlap', [4, 4]]
['copy', 'MOLCAS.rassi.h5', 'MOLCAS.rassi.ovlp.1.h5']
['copy', '/project/lgagliardi/helenclifford/practice_rcc/sharc4/methaniminium/tutorial_reproduction/traj/Singlet_2/TRAJ_00007/restart/MOLCAS.3.JobIph.48', 'JOB001']
['link', 'MOLCAS.3.JobIph', 'JOB002']
['rassi', 'overlap', [3, 3]]
['copy', 'MOLCAS.rassi.h5', 'MOLCAS.rassi.ovlp.3.h5']
['link', 'MOLCAS.1.JobIph', 'JOB001']
['link', 'MOLCAS.3.JobIph', 'JOB002']
['rassi', 'soc', [4, 3]]
['copy', '$master_path/MOLCAS.1.JobIph', 'JOBOLD']
['rasscf', 1, 4, True, False]
['mclr', 0.0001, 'sala=2']
['alaska']
All jobs finished:
job: master          code: 0    runtime: 0:00:31.696514
job: grad_1_2        code: 0    runtime: 0:00:09.678689

Starting job execution
['gateway']
['seward']
['copy', '/project/lgagliardi/helenclifford/practice_rcc/sharc4/methaniminium/tutorial_reproduction/traj/Singlet_2/TRAJ_00007/restart/MOLCAS.1.JobIph.49', 'JOBOLD']
['rasscf', 1, 4, True, False]
['copy', 'MOLCAS.rasscf.h5', 'MOLCAS.1.rasscf.h5']
['copy', 'MOLCAS.JobIph', 'MOLCAS.1.JobIph']
['copy', '/project/lgagliardi/helenclifford/practice_rcc/sharc4/methaniminium/tutorial_reproduction/traj/Singlet_2/TRAJ_00007/restart/MOLCAS.3.JobIph.49', 'JOBOLD']
['rasscf', 3, 3, True, False]
['copy', 'MOLCAS.rasscf.h5', 'MOLCAS.3.rasscf.h5']
['copy', 'MOLCAS.JobIph', 'MOLCAS.3.JobIph']
['link', 'MOLCAS.1.JobIph', 'JOB001']
['rassi', 'dm', [4]]
['copy', 'MOLCAS.rassi.h5', 'MOLCAS.rassi.1.h5']
['link', 'MOLCAS.3.JobIph', 'JOB001']
['rassi', 'dm', [3]]
['copy', 'MOLCAS.rassi.h5', 'MOLCAS.rassi.3.h5']
['copy', '/project/lgagliardi/helenclifford/practice_rcc/sharc4/methaniminium/tutorial_reproduction/traj/Singlet_2/TRAJ_00007/restart/MOLCAS.1.JobIph.49', 'JOB001']
['link', 'MOLCAS.1.JobIph', 'JOB002']
['rassi', 'overlap', [4, 4]]
['copy', 'MOLCAS.rassi.h5', 'MOLCAS.rassi.ovlp.1.h5']
['copy', '/project/lgagliardi/helenclifford/practice_rcc/sharc4/methaniminium/tutorial_reproduction/traj/Singlet_2/TRAJ_00007/restart/MOLCAS.3.JobIph.49', 'JOB001']
['link', 'MOLCAS.3.JobIph', 'JOB002']
['rassi', 'overlap', [3, 3]]
['copy', 'MOLCAS.rassi.h5', 'MOLCAS.rassi.ovlp.3.h5']
['link', 'MOLCAS.1.JobIph', 'JOB001']
['link', 'MOLCAS.3.JobIph', 'JOB002']
['rassi', 'soc', [4, 3]]
['copy', '$master_path/MOLCAS.1.JobIph', 'JOBOLD']
['rasscf', 1, 4, True, False]
['mclr', 0.0001, 'sala=2']
['alaska']
All jobs finished:
job: master          code: 0    runtime: 0:00:20.913328
job: grad_1_2        code: 0    runtime: 0:00:08.059882

Starting job execution
['gateway']
['seward']
['copy', '/project/lgagliardi/helenclifford/practice_rcc/sharc4/methaniminium/tutorial_reproduction/traj/Singlet_2/TRAJ_00007/restart/MOLCAS.1.JobIph.50', 'JOBOLD']
['rasscf', 1, 4, True, False]
['copy', 'MOLCAS.rasscf.h5', 'MOLCAS.1.rasscf.h5']
['copy', 'MOLCAS.JobIph', 'MOLCAS.1.JobIph']
['copy', '/project/lgagliardi/helenclifford/practice_rcc/sharc4/methaniminium/tutorial_reproduction/traj/Singlet_2/TRAJ_00007/restart/MOLCAS.3.JobIph.50', 'JOBOLD']
['rasscf', 3, 3, True, False]
['copy', 'MOLCAS.rasscf.h5', 'MOLCAS.3.rasscf.h5']
['copy', 'MOLCAS.JobIph', 'MOLCAS.3.JobIph']
['link', 'MOLCAS.1.JobIph', 'JOB001']
['rassi', 'dm', [4]]
['copy', 'MOLCAS.rassi.h5', 'MOLCAS.rassi.1.h5']
['link', 'MOLCAS.3.JobIph', 'JOB001']
['rassi', 'dm', [3]]
['copy', 'MOLCAS.rassi.h5', 'MOLCAS.rassi.3.h5']
['copy', '/project/lgagliardi/helenclifford/practice_rcc/sharc4/methaniminium/tutorial_reproduction/traj/Singlet_2/TRAJ_00007/restart/MOLCAS.1.JobIph.50', 'JOB001']
['link', 'MOLCAS.1.JobIph', 'JOB002']
['rassi', 'overlap', [4, 4]]
['copy', 'MOLCAS.rassi.h5', 'MOLCAS.rassi.ovlp.1.h5']
['copy', '/project/lgagliardi/helenclifford/practice_rcc/sharc4/methaniminium/tutorial_reproduction/traj/Singlet_2/TRAJ_00007/restart/MOLCAS.3.JobIph.50', 'JOB001']
['link', 'MOLCAS.3.JobIph', 'JOB002']
['rassi', 'overlap', [3, 3]]
['copy', 'MOLCAS.rassi.h5', 'MOLCAS.rassi.ovlp.3.h5']
['link', 'MOLCAS.1.JobIph', 'JOB001']
['link', 'MOLCAS.3.JobIph', 'JOB002']
['rassi', 'soc', [4, 3]]
['copy', '$master_path/MOLCAS.1.JobIph', 'JOBOLD']
['rasscf', 1, 4, True, False]
['mclr', 0.0001, 'sala=2']
['alaska']
All jobs finished:
job: master          code: 0    runtime: 0:00:26.191770
job: grad_1_2        code: 0    runtime: 0:00:12.841749

Starting job execution
['gateway']
['seward']
['copy', '/project/lgagliardi/helenclifford/practice_rcc/sharc4/methaniminium/tutorial_reproduction/traj/Singlet_2/TRAJ_00007/restart/MOLCAS.1.JobIph.51', 'JOBOLD']
['rasscf', 1, 4, True, False]
['copy', 'MOLCAS.rasscf.h5', 'MOLCAS.1.rasscf.h5']
['copy', 'MOLCAS.JobIph', 'MOLCAS.1.JobIph']
['copy', '/project/lgagliardi/helenclifford/practice_rcc/sharc4/methaniminium/tutorial_reproduction/traj/Singlet_2/TRAJ_00007/restart/MOLCAS.3.JobIph.51', 'JOBOLD']
['rasscf', 3, 3, True, False]
['copy', 'MOLCAS.rasscf.h5', 'MOLCAS.3.rasscf.h5']
['copy', 'MOLCAS.JobIph', 'MOLCAS.3.JobIph']
['link', 'MOLCAS.1.JobIph', 'JOB001']
['rassi', 'dm', [4]]
['copy', 'MOLCAS.rassi.h5', 'MOLCAS.rassi.1.h5']
['link', 'MOLCAS.3.JobIph', 'JOB001']
['rassi', 'dm', [3]]
['copy', 'MOLCAS.rassi.h5', 'MOLCAS.rassi.3.h5']
['copy', '/project/lgagliardi/helenclifford/practice_rcc/sharc4/methaniminium/tutorial_reproduction/traj/Singlet_2/TRAJ_00007/restart/MOLCAS.1.JobIph.51', 'JOB001']
['link', 'MOLCAS.1.JobIph', 'JOB002']
['rassi', 'overlap', [4, 4]]
['copy', 'MOLCAS.rassi.h5', 'MOLCAS.rassi.ovlp.1.h5']
['copy', '/project/lgagliardi/helenclifford/practice_rcc/sharc4/methaniminium/tutorial_reproduction/traj/Singlet_2/TRAJ_00007/restart/MOLCAS.3.JobIph.51', 'JOB001']
['link', 'MOLCAS.3.JobIph', 'JOB002']
['rassi', 'overlap', [3, 3]]
['copy', 'MOLCAS.rassi.h5', 'MOLCAS.rassi.ovlp.3.h5']
['link', 'MOLCAS.1.JobIph', 'JOB001']
['link', 'MOLCAS.3.JobIph', 'JOB002']
['rassi', 'soc', [4, 3]]
['copy', '$master_path/MOLCAS.1.JobIph', 'JOBOLD']
['rasscf', 1, 4, True, False]
['mclr', 0.0001, 'sala=2']
['alaska']
All jobs finished:
job: master          code: 0    runtime: 0:00:23.633574
job: grad_1_2        code: 0    runtime: 0:00:12.251815

Starting job execution
['gateway']
['seward']
['copy', '/project/lgagliardi/helenclifford/practice_rcc/sharc4/methaniminium/tutorial_reproduction/traj/Singlet_2/TRAJ_00007/restart/MOLCAS.1.JobIph.52', 'JOBOLD']
['rasscf', 1, 4, True, False]
['copy', 'MOLCAS.rasscf.h5', 'MOLCAS.1.rasscf.h5']
['copy', 'MOLCAS.JobIph', 'MOLCAS.1.JobIph']
['copy', '/project/lgagliardi/helenclifford/practice_rcc/sharc4/methaniminium/tutorial_reproduction/traj/Singlet_2/TRAJ_00007/restart/MOLCAS.3.JobIph.52', 'JOBOLD']
['rasscf', 3, 3, True, False]
['copy', 'MOLCAS.rasscf.h5', 'MOLCAS.3.rasscf.h5']
['copy', 'MOLCAS.JobIph', 'MOLCAS.3.JobIph']
['link', 'MOLCAS.1.JobIph', 'JOB001']
['rassi', 'dm', [4]]
['copy', 'MOLCAS.rassi.h5', 'MOLCAS.rassi.1.h5']
['link', 'MOLCAS.3.JobIph', 'JOB001']
['rassi', 'dm', [3]]
['copy', 'MOLCAS.rassi.h5', 'MOLCAS.rassi.3.h5']
['copy', '/project/lgagliardi/helenclifford/practice_rcc/sharc4/methaniminium/tutorial_reproduction/traj/Singlet_2/TRAJ_00007/restart/MOLCAS.1.JobIph.52', 'JOB001']
['link', 'MOLCAS.1.JobIph', 'JOB002']
['rassi', 'overlap', [4, 4]]
['copy', 'MOLCAS.rassi.h5', 'MOLCAS.rassi.ovlp.1.h5']
['copy', '/project/lgagliardi/helenclifford/practice_rcc/sharc4/methaniminium/tutorial_reproduction/traj/Singlet_2/TRAJ_00007/restart/MOLCAS.3.JobIph.52', 'JOB001']
['link', 'MOLCAS.3.JobIph', 'JOB002']
['rassi', 'overlap', [3, 3]]
['copy', 'MOLCAS.rassi.h5', 'MOLCAS.rassi.ovlp.3.h5']
['link', 'MOLCAS.1.JobIph', 'JOB001']
['link', 'MOLCAS.3.JobIph', 'JOB002']
['rassi', 'soc', [4, 3]]
['copy', '$master_path/MOLCAS.1.JobIph', 'JOBOLD']
['rasscf', 1, 4, True, False]
['mclr', 0.0001, 'sala=2']
['alaska']
All jobs finished:
job: master          code: 0    runtime: 0:00:15.473842
job: grad_1_2        code: 0    runtime: 0:00:08.132860

Starting job execution
['gateway']
['seward']
['copy', '/project/lgagliardi/helenclifford/practice_rcc/sharc4/methaniminium/tutorial_reproduction/traj/Singlet_2/TRAJ_00007/restart/MOLCAS.1.JobIph.53', 'JOBOLD']
['rasscf', 1, 4, True, False]
['copy', 'MOLCAS.rasscf.h5', 'MOLCAS.1.rasscf.h5']
['copy', 'MOLCAS.JobIph', 'MOLCAS.1.JobIph']
['copy', '/project/lgagliardi/helenclifford/practice_rcc/sharc4/methaniminium/tutorial_reproduction/traj/Singlet_2/TRAJ_00007/restart/MOLCAS.3.JobIph.53', 'JOBOLD']
['rasscf', 3, 3, True, False]
['copy', 'MOLCAS.rasscf.h5', 'MOLCAS.3.rasscf.h5']
['copy', 'MOLCAS.JobIph', 'MOLCAS.3.JobIph']
['link', 'MOLCAS.1.JobIph', 'JOB001']
['rassi', 'dm', [4]]
['copy', 'MOLCAS.rassi.h5', 'MOLCAS.rassi.1.h5']
['link', 'MOLCAS.3.JobIph', 'JOB001']
['rassi', 'dm', [3]]
['copy', 'MOLCAS.rassi.h5', 'MOLCAS.rassi.3.h5']
['copy', '/project/lgagliardi/helenclifford/practice_rcc/sharc4/methaniminium/tutorial_reproduction/traj/Singlet_2/TRAJ_00007/restart/MOLCAS.1.JobIph.53', 'JOB001']
['link', 'MOLCAS.1.JobIph', 'JOB002']
['rassi', 'overlap', [4, 4]]
['copy', 'MOLCAS.rassi.h5', 'MOLCAS.rassi.ovlp.1.h5']
['copy', '/project/lgagliardi/helenclifford/practice_rcc/sharc4/methaniminium/tutorial_reproduction/traj/Singlet_2/TRAJ_00007/restart/MOLCAS.3.JobIph.53', 'JOB001']
['link', 'MOLCAS.3.JobIph', 'JOB002']
['rassi', 'overlap', [3, 3]]
['copy', 'MOLCAS.rassi.h5', 'MOLCAS.rassi.ovlp.3.h5']
['link', 'MOLCAS.1.JobIph', 'JOB001']
['link', 'MOLCAS.3.JobIph', 'JOB002']
['rassi', 'soc', [4, 3]]
['copy', '$master_path/MOLCAS.1.JobIph', 'JOBOLD']
['rasscf', 1, 4, True, False]
['mclr', 0.0001, 'sala=2']
['alaska']
All jobs finished:
job: master          code: 0    runtime: 0:00:19.807478
job: grad_1_2        code: 0    runtime: 0:00:10.557968

Starting job execution
['gateway']
['seward']
['copy', '/project/lgagliardi/helenclifford/practice_rcc/sharc4/methaniminium/tutorial_reproduction/traj/Singlet_2/TRAJ_00007/restart/MOLCAS.1.JobIph.54', 'JOBOLD']
['rasscf', 1, 4, True, False]
['copy', 'MOLCAS.rasscf.h5', 'MOLCAS.1.rasscf.h5']
['copy', 'MOLCAS.JobIph', 'MOLCAS.1.JobIph']
['copy', '/project/lgagliardi/helenclifford/practice_rcc/sharc4/methaniminium/tutorial_reproduction/traj/Singlet_2/TRAJ_00007/restart/MOLCAS.3.JobIph.54', 'JOBOLD']
['rasscf', 3, 3, True, False]
['copy', 'MOLCAS.rasscf.h5', 'MOLCAS.3.rasscf.h5']
['copy', 'MOLCAS.JobIph', 'MOLCAS.3.JobIph']
['link', 'MOLCAS.1.JobIph', 'JOB001']
['rassi', 'dm', [4]]
['copy', 'MOLCAS.rassi.h5', 'MOLCAS.rassi.1.h5']
['link', 'MOLCAS.3.JobIph', 'JOB001']
['rassi', 'dm', [3]]
['copy', 'MOLCAS.rassi.h5', 'MOLCAS.rassi.3.h5']
['copy', '/project/lgagliardi/helenclifford/practice_rcc/sharc4/methaniminium/tutorial_reproduction/traj/Singlet_2/TRAJ_00007/restart/MOLCAS.1.JobIph.53', 'JOB001']
['link', 'MOLCAS.1.JobIph', 'JOB002']
['rassi', 'overlap', [4, 4]]
['copy', 'MOLCAS.rassi.h5', 'MOLCAS.rassi.ovlp.1.h5']
['copy', '/project/lgagliardi/helenclifford/practice_rcc/sharc4/methaniminium/tutorial_reproduction/traj/Singlet_2/TRAJ_00007/restart/MOLCAS.3.JobIph.53', 'JOB001']
['link', 'MOLCAS.3.JobIph', 'JOB002']
['rassi', 'overlap', [3, 3]]
['copy', 'MOLCAS.rassi.h5', 'MOLCAS.rassi.ovlp.3.h5']
['link', 'MOLCAS.1.JobIph', 'JOB001']
['link', 'MOLCAS.3.JobIph', 'JOB002']
['rassi', 'soc', [4, 3]]
['copy', '$master_path/MOLCAS.3.JobIph', 'JOBOLD']
['rasscf', 3, 3, True, False]
['mclr', 0.0001, 'sala=2']
['alaska']
['copy', '$master_path/MOLCAS.1.JobIph', 'JOBOLD']
['rasscf', 1, 4, True, False]
['mclr', 0.0001, 'sala=2']
['alaska']
All jobs finished:
job: master          code: 0    runtime: 0:00:17.851147
job: grad_3_2        code: 0    runtime: 0:00:09.521712
job: grad_1_2        code: 0    runtime: 0:00:09.858532

Starting job execution
['gateway']
['seward']
['copy', '/project/lgagliardi/helenclifford/practice_rcc/sharc4/methaniminium/tutorial_reproduction/traj/Singlet_2/TRAJ_00007/restart/MOLCAS.1.JobIph.54', 'JOBOLD']
['rasscf', 1, 4, True, False]
['copy', 'MOLCAS.rasscf.h5', 'MOLCAS.1.rasscf.h5']
['copy', 'MOLCAS.JobIph', 'MOLCAS.1.JobIph']
['copy', '/project/lgagliardi/helenclifford/practice_rcc/sharc4/methaniminium/tutorial_reproduction/traj/Singlet_2/TRAJ_00007/restart/MOLCAS.3.JobIph.54', 'JOBOLD']
['rasscf', 3, 3, True, False]
['copy', 'MOLCAS.rasscf.h5', 'MOLCAS.3.rasscf.h5']
['copy', 'MOLCAS.JobIph', 'MOLCAS.3.JobIph']
['link', 'MOLCAS.1.JobIph', 'JOB001']
['rassi', 'dm', [4]]
['copy', 'MOLCAS.rassi.h5', 'MOLCAS.rassi.1.h5']
['link', 'MOLCAS.3.JobIph', 'JOB001']
['rassi', 'dm', [3]]
['copy', 'MOLCAS.rassi.h5', 'MOLCAS.rassi.3.h5']
['copy', '/project/lgagliardi/helenclifford/practice_rcc/sharc4/methaniminium/tutorial_reproduction/traj/Singlet_2/TRAJ_00007/restart/MOLCAS.1.JobIph.54', 'JOB001']
['link', 'MOLCAS.1.JobIph', 'JOB002']
['rassi', 'overlap', [4, 4]]
['copy', 'MOLCAS.rassi.h5', 'MOLCAS.rassi.ovlp.1.h5']
['copy', '/project/lgagliardi/helenclifford/practice_rcc/sharc4/methaniminium/tutorial_reproduction/traj/Singlet_2/TRAJ_00007/restart/MOLCAS.3.JobIph.54', 'JOB001']
['link', 'MOLCAS.3.JobIph', 'JOB002']
['rassi', 'overlap', [3, 3]]
['copy', 'MOLCAS.rassi.h5', 'MOLCAS.rassi.ovlp.3.h5']
['link', 'MOLCAS.1.JobIph', 'JOB001']
['link', 'MOLCAS.3.JobIph', 'JOB002']
['rassi', 'soc', [4, 3]]
['copy', '$master_path/MOLCAS.3.JobIph', 'JOBOLD']
['rasscf', 3, 3, True, False]
['mclr', 0.0001, 'sala=2']
['alaska']
['copy', '$master_path/MOLCAS.1.JobIph', 'JOBOLD']
['rasscf', 1, 4, True, False]
['mclr', 0.0001, 'sala=2']
['alaska']
All jobs finished:
job: master          code: 0    runtime: 0:00:15.207992
job: grad_3_2        code: 0    runtime: 0:00:07.340401
job: grad_1_2        code: 0    runtime: 0:00:12.018226

Starting job execution
['gateway']
['seward']
['copy', '/project/lgagliardi/helenclifford/practice_rcc/sharc4/methaniminium/tutorial_reproduction/traj/Singlet_2/TRAJ_00007/restart/MOLCAS.1.JobIph.55', 'JOBOLD']
['rasscf', 1, 4, True, False]
['copy', 'MOLCAS.rasscf.h5', 'MOLCAS.1.rasscf.h5']
['copy', 'MOLCAS.JobIph', 'MOLCAS.1.JobIph']
['copy', '/project/lgagliardi/helenclifford/practice_rcc/sharc4/methaniminium/tutorial_reproduction/traj/Singlet_2/TRAJ_00007/restart/MOLCAS.3.JobIph.55', 'JOBOLD']
['rasscf', 3, 3, True, False]
['copy', 'MOLCAS.rasscf.h5', 'MOLCAS.3.rasscf.h5']
['copy', 'MOLCAS.JobIph', 'MOLCAS.3.JobIph']
['link', 'MOLCAS.1.JobIph', 'JOB001']
['rassi', 'dm', [4]]
['copy', 'MOLCAS.rassi.h5', 'MOLCAS.rassi.1.h5']
['link', 'MOLCAS.3.JobIph', 'JOB001']
['rassi', 'dm', [3]]
['copy', 'MOLCAS.rassi.h5', 'MOLCAS.rassi.3.h5']
['copy', '/project/lgagliardi/helenclifford/practice_rcc/sharc4/methaniminium/tutorial_reproduction/traj/Singlet_2/TRAJ_00007/restart/MOLCAS.1.JobIph.55', 'JOB001']
['link', 'MOLCAS.1.JobIph', 'JOB002']
['rassi', 'overlap', [4, 4]]
['copy', 'MOLCAS.rassi.h5', 'MOLCAS.rassi.ovlp.1.h5']
['copy', '/project/lgagliardi/helenclifford/practice_rcc/sharc4/methaniminium/tutorial_reproduction/traj/Singlet_2/TRAJ_00007/restart/MOLCAS.3.JobIph.55', 'JOB001']
['link', 'MOLCAS.3.JobIph', 'JOB002']
['rassi', 'overlap', [3, 3]]
['copy', 'MOLCAS.rassi.h5', 'MOLCAS.rassi.ovlp.3.h5']
['link', 'MOLCAS.1.JobIph', 'JOB001']
['link', 'MOLCAS.3.JobIph', 'JOB002']
['rassi', 'soc', [4, 3]]
['copy', '$master_path/MOLCAS.3.JobIph', 'JOBOLD']
['rasscf', 3, 3, True, False]
['mclr', 0.0001, 'sala=2']
['alaska']
['copy', '$master_path/MOLCAS.1.JobIph', 'JOBOLD']
['rasscf', 1, 4, True, False]
['mclr', 0.0001, 'sala=2']
['alaska']
All jobs finished:
job: master          code: 0    runtime: 0:00:19.488486
job: grad_3_2        code: 0    runtime: 0:00:08.732901
job: grad_1_2        code: 0    runtime: 0:00:08.830137

Starting job execution
['gateway']
['seward']
['copy', '/project/lgagliardi/helenclifford/practice_rcc/sharc4/methaniminium/tutorial_reproduction/traj/Singlet_2/TRAJ_00007/restart/MOLCAS.1.JobIph.56', 'JOBOLD']
['rasscf', 1, 4, True, False]
['copy', 'MOLCAS.rasscf.h5', 'MOLCAS.1.rasscf.h5']
['copy', 'MOLCAS.JobIph', 'MOLCAS.1.JobIph']
['copy', '/project/lgagliardi/helenclifford/practice_rcc/sharc4/methaniminium/tutorial_reproduction/traj/Singlet_2/TRAJ_00007/restart/MOLCAS.3.JobIph.56', 'JOBOLD']
['rasscf', 3, 3, True, False]
['copy', 'MOLCAS.rasscf.h5', 'MOLCAS.3.rasscf.h5']
['copy', 'MOLCAS.JobIph', 'MOLCAS.3.JobIph']
['link', 'MOLCAS.1.JobIph', 'JOB001']
['rassi', 'dm', [4]]
['copy', 'MOLCAS.rassi.h5', 'MOLCAS.rassi.1.h5']
['link', 'MOLCAS.3.JobIph', 'JOB001']
['rassi', 'dm', [3]]
['copy', 'MOLCAS.rassi.h5', 'MOLCAS.rassi.3.h5']
['copy', '/project/lgagliardi/helenclifford/practice_rcc/sharc4/methaniminium/tutorial_reproduction/traj/Singlet_2/TRAJ_00007/restart/MOLCAS.1.JobIph.56', 'JOB001']
['link', 'MOLCAS.1.JobIph', 'JOB002']
['rassi', 'overlap', [4, 4]]
['copy', 'MOLCAS.rassi.h5', 'MOLCAS.rassi.ovlp.1.h5']
['copy', '/project/lgagliardi/helenclifford/practice_rcc/sharc4/methaniminium/tutorial_reproduction/traj/Singlet_2/TRAJ_00007/restart/MOLCAS.3.JobIph.56', 'JOB001']
['link', 'MOLCAS.3.JobIph', 'JOB002']
['rassi', 'overlap', [3, 3]]
['copy', 'MOLCAS.rassi.h5', 'MOLCAS.rassi.ovlp.3.h5']
['link', 'MOLCAS.1.JobIph', 'JOB001']
['link', 'MOLCAS.3.JobIph', 'JOB002']
['rassi', 'soc', [4, 3]]
['copy', '$master_path/MOLCAS.3.JobIph', 'JOBOLD']
['rasscf', 3, 3, True, False]
['mclr', 0.0001, 'sala=2']
['alaska']
['copy', '$master_path/MOLCAS.1.JobIph', 'JOBOLD']
['rasscf', 1, 4, True, False]
['mclr', 0.0001, 'sala=2']
['alaska']
All jobs finished:
job: master          code: 0    runtime: 0:00:20.975561
job: grad_3_2        code: 0    runtime: 0:00:08.313279
job: grad_1_2        code: 0    runtime: 0:00:09.623243

Starting job execution
['gateway']
['seward']
['copy', '/project/lgagliardi/helenclifford/practice_rcc/sharc4/methaniminium/tutorial_reproduction/traj/Singlet_2/TRAJ_00007/restart/MOLCAS.1.JobIph.57', 'JOBOLD']
['rasscf', 1, 4, True, False]
['copy', 'MOLCAS.rasscf.h5', 'MOLCAS.1.rasscf.h5']
['copy', 'MOLCAS.JobIph', 'MOLCAS.1.JobIph']
['copy', '/project/lgagliardi/helenclifford/practice_rcc/sharc4/methaniminium/tutorial_reproduction/traj/Singlet_2/TRAJ_00007/restart/MOLCAS.3.JobIph.57', 'JOBOLD']
['rasscf', 3, 3, True, False]
['copy', 'MOLCAS.rasscf.h5', 'MOLCAS.3.rasscf.h5']
['copy', 'MOLCAS.JobIph', 'MOLCAS.3.JobIph']
['link', 'MOLCAS.1.JobIph', 'JOB001']
['rassi', 'dm', [4]]
['copy', 'MOLCAS.rassi.h5', 'MOLCAS.rassi.1.h5']
['link', 'MOLCAS.3.JobIph', 'JOB001']
['rassi', 'dm', [3]]
['copy', 'MOLCAS.rassi.h5', 'MOLCAS.rassi.3.h5']
['copy', '/project/lgagliardi/helenclifford/practice_rcc/sharc4/methaniminium/tutorial_reproduction/traj/Singlet_2/TRAJ_00007/restart/MOLCAS.1.JobIph.57', 'JOB001']
['link', 'MOLCAS.1.JobIph', 'JOB002']
['rassi', 'overlap', [4, 4]]
['copy', 'MOLCAS.rassi.h5', 'MOLCAS.rassi.ovlp.1.h5']
['copy', '/project/lgagliardi/helenclifford/practice_rcc/sharc4/methaniminium/tutorial_reproduction/traj/Singlet_2/TRAJ_00007/restart/MOLCAS.3.JobIph.57', 'JOB001']
['link', 'MOLCAS.3.JobIph', 'JOB002']
['rassi', 'overlap', [3, 3]]
['copy', 'MOLCAS.rassi.h5', 'MOLCAS.rassi.ovlp.3.h5']
['link', 'MOLCAS.1.JobIph', 'JOB001']
['link', 'MOLCAS.3.JobIph', 'JOB002']
['rassi', 'soc', [4, 3]]
['copy', '$master_path/MOLCAS.3.JobIph', 'JOBOLD']
['rasscf', 3, 3, True, False]
['mclr', 0.0001, 'sala=2']
['alaska']
['copy', '$master_path/MOLCAS.1.JobIph', 'JOBOLD']
['rasscf', 1, 4, True, False]
['mclr', 0.0001, 'sala=2']
['alaska']
All jobs finished:
job: master          code: 0    runtime: 0:00:16.874893
job: grad_3_2        code: 0    runtime: 0:00:08.192323
job: grad_1_2        code: 0    runtime: 0:00:11.690794

Starting job execution
['gateway']
['seward']
['copy', '/project/lgagliardi/helenclifford/practice_rcc/sharc4/methaniminium/tutorial_reproduction/traj/Singlet_2/TRAJ_00007/restart/MOLCAS.1.JobIph.58', 'JOBOLD']
['rasscf', 1, 4, True, False]
['copy', 'MOLCAS.rasscf.h5', 'MOLCAS.1.rasscf.h5']
['copy', 'MOLCAS.JobIph', 'MOLCAS.1.JobIph']
['copy', '/project/lgagliardi/helenclifford/practice_rcc/sharc4/methaniminium/tutorial_reproduction/traj/Singlet_2/TRAJ_00007/restart/MOLCAS.3.JobIph.58', 'JOBOLD']
['rasscf', 3, 3, True, False]
['copy', 'MOLCAS.rasscf.h5', 'MOLCAS.3.rasscf.h5']
['copy', 'MOLCAS.JobIph', 'MOLCAS.3.JobIph']
['link', 'MOLCAS.1.JobIph', 'JOB001']
['rassi', 'dm', [4]]
['copy', 'MOLCAS.rassi.h5', 'MOLCAS.rassi.1.h5']
['link', 'MOLCAS.3.JobIph', 'JOB001']
['rassi', 'dm', [3]]
['copy', 'MOLCAS.rassi.h5', 'MOLCAS.rassi.3.h5']
['copy', '/project/lgagliardi/helenclifford/practice_rcc/sharc4/methaniminium/tutorial_reproduction/traj/Singlet_2/TRAJ_00007/restart/MOLCAS.1.JobIph.58', 'JOB001']
['link', 'MOLCAS.1.JobIph', 'JOB002']
['rassi', 'overlap', [4, 4]]
['copy', 'MOLCAS.rassi.h5', 'MOLCAS.rassi.ovlp.1.h5']
['copy', '/project/lgagliardi/helenclifford/practice_rcc/sharc4/methaniminium/tutorial_reproduction/traj/Singlet_2/TRAJ_00007/restart/MOLCAS.3.JobIph.58', 'JOB001']
['link', 'MOLCAS.3.JobIph', 'JOB002']
['rassi', 'overlap', [3, 3]]
['copy', 'MOLCAS.rassi.h5', 'MOLCAS.rassi.ovlp.3.h5']
['link', 'MOLCAS.1.JobIph', 'JOB001']
['link', 'MOLCAS.3.JobIph', 'JOB002']
['rassi', 'soc', [4, 3]]
['copy', '$master_path/MOLCAS.1.JobIph', 'JOBOLD']
['rasscf', 1, 4, True, False]
['mclr', 0.0001, 'sala=2']
['alaska']
All jobs finished:
job: master          code: 0    runtime: 0:00:21.132193
job: grad_1_2        code: 0    runtime: 0:00:10.265361

Starting job execution
['gateway']
['seward']
['copy', '/project/lgagliardi/helenclifford/practice_rcc/sharc4/methaniminium/tutorial_reproduction/traj/Singlet_2/TRAJ_00007/restart/MOLCAS.1.JobIph.59', 'JOBOLD']
['rasscf', 1, 4, True, False]
['copy', 'MOLCAS.rasscf.h5', 'MOLCAS.1.rasscf.h5']
['copy', 'MOLCAS.JobIph', 'MOLCAS.1.JobIph']
['copy', '/project/lgagliardi/helenclifford/practice_rcc/sharc4/methaniminium/tutorial_reproduction/traj/Singlet_2/TRAJ_00007/restart/MOLCAS.3.JobIph.59', 'JOBOLD']
['rasscf', 3, 3, True, False]
['copy', 'MOLCAS.rasscf.h5', 'MOLCAS.3.rasscf.h5']
['copy', 'MOLCAS.JobIph', 'MOLCAS.3.JobIph']
['link', 'MOLCAS.1.JobIph', 'JOB001']
['rassi', 'dm', [4]]
['copy', 'MOLCAS.rassi.h5', 'MOLCAS.rassi.1.h5']
['link', 'MOLCAS.3.JobIph', 'JOB001']
['rassi', 'dm', [3]]
['copy', 'MOLCAS.rassi.h5', 'MOLCAS.rassi.3.h5']
['copy', '/project/lgagliardi/helenclifford/practice_rcc/sharc4/methaniminium/tutorial_reproduction/traj/Singlet_2/TRAJ_00007/restart/MOLCAS.1.JobIph.59', 'JOB001']
['link', 'MOLCAS.1.JobIph', 'JOB002']
['rassi', 'overlap', [4, 4]]
['copy', 'MOLCAS.rassi.h5', 'MOLCAS.rassi.ovlp.1.h5']
['copy', '/project/lgagliardi/helenclifford/practice_rcc/sharc4/methaniminium/tutorial_reproduction/traj/Singlet_2/TRAJ_00007/restart/MOLCAS.3.JobIph.59', 'JOB001']
['link', 'MOLCAS.3.JobIph', 'JOB002']
['rassi', 'overlap', [3, 3]]
['copy', 'MOLCAS.rassi.h5', 'MOLCAS.rassi.ovlp.3.h5']
['link', 'MOLCAS.1.JobIph', 'JOB001']
['link', 'MOLCAS.3.JobIph', 'JOB002']
['rassi', 'soc', [4, 3]]
['copy', '$master_path/MOLCAS.1.JobIph', 'JOBOLD']
['rasscf', 1, 4, True, False]
['mclr', 0.0001, 'sala=2']
['alaska']
All jobs finished:
job: master          code: 0    runtime: 0:00:15.947960
job: grad_1_2        code: 0    runtime: 0:00:12.468081

Starting job execution
['gateway']
['seward']
['copy', '/project/lgagliardi/helenclifford/practice_rcc/sharc4/methaniminium/tutorial_reproduction/traj/Singlet_2/TRAJ_00007/restart/MOLCAS.1.JobIph.60', 'JOBOLD']
['rasscf', 1, 4, True, False]
['copy', 'MOLCAS.rasscf.h5', 'MOLCAS.1.rasscf.h5']
['copy', 'MOLCAS.JobIph', 'MOLCAS.1.JobIph']
['copy', '/project/lgagliardi/helenclifford/practice_rcc/sharc4/methaniminium/tutorial_reproduction/traj/Singlet_2/TRAJ_00007/restart/MOLCAS.3.JobIph.60', 'JOBOLD']
['rasscf', 3, 3, True, False]
['copy', 'MOLCAS.rasscf.h5', 'MOLCAS.3.rasscf.h5']
['copy', 'MOLCAS.JobIph', 'MOLCAS.3.JobIph']
['link', 'MOLCAS.1.JobIph', 'JOB001']
['rassi', 'dm', [4]]
['copy', 'MOLCAS.rassi.h5', 'MOLCAS.rassi.1.h5']
['link', 'MOLCAS.3.JobIph', 'JOB001']
['rassi', 'dm', [3]]
['copy', 'MOLCAS.rassi.h5', 'MOLCAS.rassi.3.h5']
['copy', '/project/lgagliardi/helenclifford/practice_rcc/sharc4/methaniminium/tutorial_reproduction/traj/Singlet_2/TRAJ_00007/restart/MOLCAS.1.JobIph.60', 'JOB001']
['link', 'MOLCAS.1.JobIph', 'JOB002']
['rassi', 'overlap', [4, 4]]
['copy', 'MOLCAS.rassi.h5', 'MOLCAS.rassi.ovlp.1.h5']
['copy', '/project/lgagliardi/helenclifford/practice_rcc/sharc4/methaniminium/tutorial_reproduction/traj/Singlet_2/TRAJ_00007/restart/MOLCAS.3.JobIph.60', 'JOB001']
['link', 'MOLCAS.3.JobIph', 'JOB002']
['rassi', 'overlap', [3, 3]]
['copy', 'MOLCAS.rassi.h5', 'MOLCAS.rassi.ovlp.3.h5']
['link', 'MOLCAS.1.JobIph', 'JOB001']
['link', 'MOLCAS.3.JobIph', 'JOB002']
['rassi', 'soc', [4, 3]]
['copy', '$master_path/MOLCAS.1.JobIph', 'JOBOLD']
['rasscf', 1, 4, True, False]
['mclr', 0.0001, 'sala=2']
['alaska']
All jobs finished:
job: master          code: 0    runtime: 0:00:26.865807
job: grad_1_2        code: 0    runtime: 0:00:09.112445

Starting job execution
['gateway']
['seward']
['copy', '/project/lgagliardi/helenclifford/practice_rcc/sharc4/methaniminium/tutorial_reproduction/traj/Singlet_2/TRAJ_00007/restart/MOLCAS.1.JobIph.61', 'JOBOLD']
['rasscf', 1, 4, True, False]
['copy', 'MOLCAS.rasscf.h5', 'MOLCAS.1.rasscf.h5']
['copy', 'MOLCAS.JobIph', 'MOLCAS.1.JobIph']
['copy', '/project/lgagliardi/helenclifford/practice_rcc/sharc4/methaniminium/tutorial_reproduction/traj/Singlet_2/TRAJ_00007/restart/MOLCAS.3.JobIph.61', 'JOBOLD']
['rasscf', 3, 3, True, False]
['copy', 'MOLCAS.rasscf.h5', 'MOLCAS.3.rasscf.h5']
['copy', 'MOLCAS.JobIph', 'MOLCAS.3.JobIph']
['link', 'MOLCAS.1.JobIph', 'JOB001']
['rassi', 'dm', [4]]
['copy', 'MOLCAS.rassi.h5', 'MOLCAS.rassi.1.h5']
['link', 'MOLCAS.3.JobIph', 'JOB001']
['rassi', 'dm', [3]]
['copy', 'MOLCAS.rassi.h5', 'MOLCAS.rassi.3.h5']
['copy', '/project/lgagliardi/helenclifford/practice_rcc/sharc4/methaniminium/tutorial_reproduction/traj/Singlet_2/TRAJ_00007/restart/MOLCAS.1.JobIph.61', 'JOB001']
['link', 'MOLCAS.1.JobIph', 'JOB002']
['rassi', 'overlap', [4, 4]]
['copy', 'MOLCAS.rassi.h5', 'MOLCAS.rassi.ovlp.1.h5']
['copy', '/project/lgagliardi/helenclifford/practice_rcc/sharc4/methaniminium/tutorial_reproduction/traj/Singlet_2/TRAJ_00007/restart/MOLCAS.3.JobIph.61', 'JOB001']
['link', 'MOLCAS.3.JobIph', 'JOB002']
['rassi', 'overlap', [3, 3]]
['copy', 'MOLCAS.rassi.h5', 'MOLCAS.rassi.ovlp.3.h5']
['link', 'MOLCAS.1.JobIph', 'JOB001']
['link', 'MOLCAS.3.JobIph', 'JOB002']
['rassi', 'soc', [4, 3]]
['copy', '$master_path/MOLCAS.1.JobIph', 'JOBOLD']
['rasscf', 1, 4, True, False]
['mclr', 0.0001, 'sala=2']
['alaska']
All jobs finished:
job: master          code: 0    runtime: 0:00:21.915314
job: grad_1_2        code: 0    runtime: 0:00:11.443960

Starting job execution
['gateway']
['seward']
['copy', '/project/lgagliardi/helenclifford/practice_rcc/sharc4/methaniminium/tutorial_reproduction/traj/Singlet_2/TRAJ_00007/restart/MOLCAS.1.JobIph.62', 'JOBOLD']
['rasscf', 1, 4, True, False]
['copy', 'MOLCAS.rasscf.h5', 'MOLCAS.1.rasscf.h5']
['copy', 'MOLCAS.JobIph', 'MOLCAS.1.JobIph']
['copy', '/project/lgagliardi/helenclifford/practice_rcc/sharc4/methaniminium/tutorial_reproduction/traj/Singlet_2/TRAJ_00007/restart/MOLCAS.3.JobIph.62', 'JOBOLD']
['rasscf', 3, 3, True, False]
['copy', 'MOLCAS.rasscf.h5', 'MOLCAS.3.rasscf.h5']
['copy', 'MOLCAS.JobIph', 'MOLCAS.3.JobIph']
['link', 'MOLCAS.1.JobIph', 'JOB001']
['rassi', 'dm', [4]]
['copy', 'MOLCAS.rassi.h5', 'MOLCAS.rassi.1.h5']
['link', 'MOLCAS.3.JobIph', 'JOB001']
['rassi', 'dm', [3]]
['copy', 'MOLCAS.rassi.h5', 'MOLCAS.rassi.3.h5']
['copy', '/project/lgagliardi/helenclifford/practice_rcc/sharc4/methaniminium/tutorial_reproduction/traj/Singlet_2/TRAJ_00007/restart/MOLCAS.1.JobIph.62', 'JOB001']
['link', 'MOLCAS.1.JobIph', 'JOB002']
['rassi', 'overlap', [4, 4]]
['copy', 'MOLCAS.rassi.h5', 'MOLCAS.rassi.ovlp.1.h5']
['copy', '/project/lgagliardi/helenclifford/practice_rcc/sharc4/methaniminium/tutorial_reproduction/traj/Singlet_2/TRAJ_00007/restart/MOLCAS.3.JobIph.62', 'JOB001']
['link', 'MOLCAS.3.JobIph', 'JOB002']
['rassi', 'overlap', [3, 3]]
['copy', 'MOLCAS.rassi.h5', 'MOLCAS.rassi.ovlp.3.h5']
['link', 'MOLCAS.1.JobIph', 'JOB001']
['link', 'MOLCAS.3.JobIph', 'JOB002']
['rassi', 'soc', [4, 3]]
['copy', '$master_path/MOLCAS.1.JobIph', 'JOBOLD']
['rasscf', 1, 4, True, False]
['mclr', 0.0001, 'sala=2']
['alaska']
All jobs finished:
job: master          code: 0    runtime: 0:00:25.797271
job: grad_1_2        code: 0    runtime: 0:00:10.133778

Starting job execution
['gateway']
['seward']
['copy', '/project/lgagliardi/helenclifford/practice_rcc/sharc4/methaniminium/tutorial_reproduction/traj/Singlet_2/TRAJ_00007/restart/MOLCAS.1.JobIph.63', 'JOBOLD']
['rasscf', 1, 4, True, False]
['copy', 'MOLCAS.rasscf.h5', 'MOLCAS.1.rasscf.h5']
['copy', 'MOLCAS.JobIph', 'MOLCAS.1.JobIph']
['copy', '/project/lgagliardi/helenclifford/practice_rcc/sharc4/methaniminium/tutorial_reproduction/traj/Singlet_2/TRAJ_00007/restart/MOLCAS.3.JobIph.63', 'JOBOLD']
['rasscf', 3, 3, True, False]
['copy', 'MOLCAS.rasscf.h5', 'MOLCAS.3.rasscf.h5']
['copy', 'MOLCAS.JobIph', 'MOLCAS.3.JobIph']
['link', 'MOLCAS.1.JobIph', 'JOB001']
['rassi', 'dm', [4]]
['copy', 'MOLCAS.rassi.h5', 'MOLCAS.rassi.1.h5']
['link', 'MOLCAS.3.JobIph', 'JOB001']
['rassi', 'dm', [3]]
['copy', 'MOLCAS.rassi.h5', 'MOLCAS.rassi.3.h5']
['copy', '/project/lgagliardi/helenclifford/practice_rcc/sharc4/methaniminium/tutorial_reproduction/traj/Singlet_2/TRAJ_00007/restart/MOLCAS.1.JobIph.63', 'JOB001']
['link', 'MOLCAS.1.JobIph', 'JOB002']
['rassi', 'overlap', [4, 4]]
['copy', 'MOLCAS.rassi.h5', 'MOLCAS.rassi.ovlp.1.h5']
['copy', '/project/lgagliardi/helenclifford/practice_rcc/sharc4/methaniminium/tutorial_reproduction/traj/Singlet_2/TRAJ_00007/restart/MOLCAS.3.JobIph.63', 'JOB001']
['link', 'MOLCAS.3.JobIph', 'JOB002']
['rassi', 'overlap', [3, 3]]
['copy', 'MOLCAS.rassi.h5', 'MOLCAS.rassi.ovlp.3.h5']
['link', 'MOLCAS.1.JobIph', 'JOB001']
['link', 'MOLCAS.3.JobIph', 'JOB002']
['rassi', 'soc', [4, 3]]
['copy', '$master_path/MOLCAS.1.JobIph', 'JOBOLD']
['rasscf', 1, 4, True, False]
['mclr', 0.0001, 'sala=2']
['alaska']
All jobs finished:
job: master          code: 0    runtime: 0:00:22.214732
job: grad_1_2        code: 0    runtime: 0:00:10.368222

Starting job execution
['gateway']
['seward']
['copy', '/project/lgagliardi/helenclifford/practice_rcc/sharc4/methaniminium/tutorial_reproduction/traj/Singlet_2/TRAJ_00007/restart/MOLCAS.1.JobIph.64', 'JOBOLD']
['rasscf', 1, 4, True, False]
['copy', 'MOLCAS.rasscf.h5', 'MOLCAS.1.rasscf.h5']
['copy', 'MOLCAS.JobIph', 'MOLCAS.1.JobIph']
['copy', '/project/lgagliardi/helenclifford/practice_rcc/sharc4/methaniminium/tutorial_reproduction/traj/Singlet_2/TRAJ_00007/restart/MOLCAS.3.JobIph.64', 'JOBOLD']
['rasscf', 3, 3, True, False]
['copy', 'MOLCAS.rasscf.h5', 'MOLCAS.3.rasscf.h5']
['copy', 'MOLCAS.JobIph', 'MOLCAS.3.JobIph']
['link', 'MOLCAS.1.JobIph', 'JOB001']
['rassi', 'dm', [4]]
['copy', 'MOLCAS.rassi.h5', 'MOLCAS.rassi.1.h5']
['link', 'MOLCAS.3.JobIph', 'JOB001']
['rassi', 'dm', [3]]
['copy', 'MOLCAS.rassi.h5', 'MOLCAS.rassi.3.h5']
['copy', '/project/lgagliardi/helenclifford/practice_rcc/sharc4/methaniminium/tutorial_reproduction/traj/Singlet_2/TRAJ_00007/restart/MOLCAS.1.JobIph.64', 'JOB001']
['link', 'MOLCAS.1.JobIph', 'JOB002']
['rassi', 'overlap', [4, 4]]
['copy', 'MOLCAS.rassi.h5', 'MOLCAS.rassi.ovlp.1.h5']
['copy', '/project/lgagliardi/helenclifford/practice_rcc/sharc4/methaniminium/tutorial_reproduction/traj/Singlet_2/TRAJ_00007/restart/MOLCAS.3.JobIph.64', 'JOB001']
['link', 'MOLCAS.3.JobIph', 'JOB002']
['rassi', 'overlap', [3, 3]]
['copy', 'MOLCAS.rassi.h5', 'MOLCAS.rassi.ovlp.3.h5']
['link', 'MOLCAS.1.JobIph', 'JOB001']
['link', 'MOLCAS.3.JobIph', 'JOB002']
['rassi', 'soc', [4, 3]]
['copy', '$master_path/MOLCAS.1.JobIph', 'JOBOLD']
['rasscf', 1, 4, True, False]
['mclr', 0.0001, 'sala=2']
['alaska']
All jobs finished:
job: master          code: 0    runtime: 0:00:21.027810
job: grad_1_2        code: 0    runtime: 0:00:10.854111

Starting job execution
['gateway']
['seward']
['copy', '/project/lgagliardi/helenclifford/practice_rcc/sharc4/methaniminium/tutorial_reproduction/traj/Singlet_2/TRAJ_00007/restart/MOLCAS.1.JobIph.65', 'JOBOLD']
['rasscf', 1, 4, True, False]
['copy', 'MOLCAS.rasscf.h5', 'MOLCAS.1.rasscf.h5']
['copy', 'MOLCAS.JobIph', 'MOLCAS.1.JobIph']
['copy', '/project/lgagliardi/helenclifford/practice_rcc/sharc4/methaniminium/tutorial_reproduction/traj/Singlet_2/TRAJ_00007/restart/MOLCAS.3.JobIph.65', 'JOBOLD']
['rasscf', 3, 3, True, False]
['copy', 'MOLCAS.rasscf.h5', 'MOLCAS.3.rasscf.h5']
['copy', 'MOLCAS.JobIph', 'MOLCAS.3.JobIph']
['link', 'MOLCAS.1.JobIph', 'JOB001']
['rassi', 'dm', [4]]
['copy', 'MOLCAS.rassi.h5', 'MOLCAS.rassi.1.h5']
['link', 'MOLCAS.3.JobIph', 'JOB001']
['rassi', 'dm', [3]]
['copy', 'MOLCAS.rassi.h5', 'MOLCAS.rassi.3.h5']
['copy', '/project/lgagliardi/helenclifford/practice_rcc/sharc4/methaniminium/tutorial_reproduction/traj/Singlet_2/TRAJ_00007/restart/MOLCAS.1.JobIph.65', 'JOB001']
['link', 'MOLCAS.1.JobIph', 'JOB002']
['rassi', 'overlap', [4, 4]]
['copy', 'MOLCAS.rassi.h5', 'MOLCAS.rassi.ovlp.1.h5']
['copy', '/project/lgagliardi/helenclifford/practice_rcc/sharc4/methaniminium/tutorial_reproduction/traj/Singlet_2/TRAJ_00007/restart/MOLCAS.3.JobIph.65', 'JOB001']
['link', 'MOLCAS.3.JobIph', 'JOB002']
['rassi', 'overlap', [3, 3]]
['copy', 'MOLCAS.rassi.h5', 'MOLCAS.rassi.ovlp.3.h5']
['link', 'MOLCAS.1.JobIph', 'JOB001']
['link', 'MOLCAS.3.JobIph', 'JOB002']
['rassi', 'soc', [4, 3]]
['copy', '$master_path/MOLCAS.1.JobIph', 'JOBOLD']
['rasscf', 1, 4, True, False]
['mclr', 0.0001, 'sala=2']
['alaska']
All jobs finished:
job: master          code: 0    runtime: 0:00:17.491309
job: grad_1_2        code: 0    runtime: 0:00:07.573827

Starting job execution
['gateway']
['seward']
['copy', '/project/lgagliardi/helenclifford/practice_rcc/sharc4/methaniminium/tutorial_reproduction/traj/Singlet_2/TRAJ_00007/restart/MOLCAS.1.JobIph.66', 'JOBOLD']
['rasscf', 1, 4, True, False]
['copy', 'MOLCAS.rasscf.h5', 'MOLCAS.1.rasscf.h5']
['copy', 'MOLCAS.JobIph', 'MOLCAS.1.JobIph']
['copy', '/project/lgagliardi/helenclifford/practice_rcc/sharc4/methaniminium/tutorial_reproduction/traj/Singlet_2/TRAJ_00007/restart/MOLCAS.3.JobIph.66', 'JOBOLD']
['rasscf', 3, 3, True, False]
['copy', 'MOLCAS.rasscf.h5', 'MOLCAS.3.rasscf.h5']
['copy', 'MOLCAS.JobIph', 'MOLCAS.3.JobIph']
['link', 'MOLCAS.1.JobIph', 'JOB001']
['rassi', 'dm', [4]]
['copy', 'MOLCAS.rassi.h5', 'MOLCAS.rassi.1.h5']
['link', 'MOLCAS.3.JobIph', 'JOB001']
['rassi', 'dm', [3]]
['copy', 'MOLCAS.rassi.h5', 'MOLCAS.rassi.3.h5']
['copy', '/project/lgagliardi/helenclifford/practice_rcc/sharc4/methaniminium/tutorial_reproduction/traj/Singlet_2/TRAJ_00007/restart/MOLCAS.1.JobIph.66', 'JOB001']
['link', 'MOLCAS.1.JobIph', 'JOB002']
['rassi', 'overlap', [4, 4]]
['copy', 'MOLCAS.rassi.h5', 'MOLCAS.rassi.ovlp.1.h5']
['copy', '/project/lgagliardi/helenclifford/practice_rcc/sharc4/methaniminium/tutorial_reproduction/traj/Singlet_2/TRAJ_00007/restart/MOLCAS.3.JobIph.66', 'JOB001']
['link', 'MOLCAS.3.JobIph', 'JOB002']
['rassi', 'overlap', [3, 3]]
['copy', 'MOLCAS.rassi.h5', 'MOLCAS.rassi.ovlp.3.h5']
['link', 'MOLCAS.1.JobIph', 'JOB001']
['link', 'MOLCAS.3.JobIph', 'JOB002']
['rassi', 'soc', [4, 3]]
['copy', '$master_path/MOLCAS.1.JobIph', 'JOBOLD']
['rasscf', 1, 4, True, False]
['mclr', 0.0001, 'sala=2']
['alaska']
All jobs finished:
job: master          code: 0    runtime: 0:00:22.400044
job: grad_1_2        code: 0    runtime: 0:00:10.649236

Starting job execution
['gateway']
['seward']
['copy', '/project/lgagliardi/helenclifford/practice_rcc/sharc4/methaniminium/tutorial_reproduction/traj/Singlet_2/TRAJ_00007/restart/MOLCAS.1.JobIph.67', 'JOBOLD']
['rasscf', 1, 4, True, False]
['copy', 'MOLCAS.rasscf.h5', 'MOLCAS.1.rasscf.h5']
['copy', 'MOLCAS.JobIph', 'MOLCAS.1.JobIph']
['copy', '/project/lgagliardi/helenclifford/practice_rcc/sharc4/methaniminium/tutorial_reproduction/traj/Singlet_2/TRAJ_00007/restart/MOLCAS.3.JobIph.67', 'JOBOLD']
['rasscf', 3, 3, True, False]
['copy', 'MOLCAS.rasscf.h5', 'MOLCAS.3.rasscf.h5']
['copy', 'MOLCAS.JobIph', 'MOLCAS.3.JobIph']
['link', 'MOLCAS.1.JobIph', 'JOB001']
['rassi', 'dm', [4]]
['copy', 'MOLCAS.rassi.h5', 'MOLCAS.rassi.1.h5']
['link', 'MOLCAS.3.JobIph', 'JOB001']
['rassi', 'dm', [3]]
['copy', 'MOLCAS.rassi.h5', 'MOLCAS.rassi.3.h5']
['copy', '/project/lgagliardi/helenclifford/practice_rcc/sharc4/methaniminium/tutorial_reproduction/traj/Singlet_2/TRAJ_00007/restart/MOLCAS.1.JobIph.67', 'JOB001']
['link', 'MOLCAS.1.JobIph', 'JOB002']
['rassi', 'overlap', [4, 4]]
['copy', 'MOLCAS.rassi.h5', 'MOLCAS.rassi.ovlp.1.h5']
['copy', '/project/lgagliardi/helenclifford/practice_rcc/sharc4/methaniminium/tutorial_reproduction/traj/Singlet_2/TRAJ_00007/restart/MOLCAS.3.JobIph.67', 'JOB001']
['link', 'MOLCAS.3.JobIph', 'JOB002']
['rassi', 'overlap', [3, 3]]
['copy', 'MOLCAS.rassi.h5', 'MOLCAS.rassi.ovlp.3.h5']
['link', 'MOLCAS.1.JobIph', 'JOB001']
['link', 'MOLCAS.3.JobIph', 'JOB002']
['rassi', 'soc', [4, 3]]
['copy', '$master_path/MOLCAS.1.JobIph', 'JOBOLD']
['rasscf', 1, 4, True, False]
['mclr', 0.0001, 'sala=2']
['alaska']
All jobs finished:
job: master          code: 0    runtime: 0:00:19.770600
job: grad_1_2        code: 0    runtime: 0:00:10.008258

Starting job execution
['gateway']
['seward']
['copy', '/project/lgagliardi/helenclifford/practice_rcc/sharc4/methaniminium/tutorial_reproduction/traj/Singlet_2/TRAJ_00007/restart/MOLCAS.1.JobIph.68', 'JOBOLD']
['rasscf', 1, 4, True, False]
['copy', 'MOLCAS.rasscf.h5', 'MOLCAS.1.rasscf.h5']
['copy', 'MOLCAS.JobIph', 'MOLCAS.1.JobIph']
['copy', '/project/lgagliardi/helenclifford/practice_rcc/sharc4/methaniminium/tutorial_reproduction/traj/Singlet_2/TRAJ_00007/restart/MOLCAS.3.JobIph.68', 'JOBOLD']
['rasscf', 3, 3, True, False]
['copy', 'MOLCAS.rasscf.h5', 'MOLCAS.3.rasscf.h5']
['copy', 'MOLCAS.JobIph', 'MOLCAS.3.JobIph']
['link', 'MOLCAS.1.JobIph', 'JOB001']
['rassi', 'dm', [4]]
['copy', 'MOLCAS.rassi.h5', 'MOLCAS.rassi.1.h5']
['link', 'MOLCAS.3.JobIph', 'JOB001']
['rassi', 'dm', [3]]
['copy', 'MOLCAS.rassi.h5', 'MOLCAS.rassi.3.h5']
['copy', '/project/lgagliardi/helenclifford/practice_rcc/sharc4/methaniminium/tutorial_reproduction/traj/Singlet_2/TRAJ_00007/restart/MOLCAS.1.JobIph.67', 'JOB001']
['link', 'MOLCAS.1.JobIph', 'JOB002']
['rassi', 'overlap', [4, 4]]
['copy', 'MOLCAS.rassi.h5', 'MOLCAS.rassi.ovlp.1.h5']
['copy', '/project/lgagliardi/helenclifford/practice_rcc/sharc4/methaniminium/tutorial_reproduction/traj/Singlet_2/TRAJ_00007/restart/MOLCAS.3.JobIph.67', 'JOB001']
['link', 'MOLCAS.3.JobIph', 'JOB002']
['rassi', 'overlap', [3, 3]]
['copy', 'MOLCAS.rassi.h5', 'MOLCAS.rassi.ovlp.3.h5']
['link', 'MOLCAS.1.JobIph', 'JOB001']
['link', 'MOLCAS.3.JobIph', 'JOB002']
['rassi', 'soc', [4, 3]]
['copy', '$master_path/MOLCAS.3.JobIph', 'JOBOLD']
['rasscf', 3, 3, True, False]
['mclr', 0.0001, 'sala=2']
['alaska']
['copy', '$master_path/MOLCAS.1.JobIph', 'JOBOLD']
['rasscf', 1, 4, True, False]
['mclr', 0.0001, 'sala=2']
['alaska']
All jobs finished:
job: master          code: 0    runtime: 0:00:14.102493
job: grad_3_2        code: 0    runtime: 0:00:11.819270
job: grad_1_2        code: 0    runtime: 0:00:02.613857

Starting job execution
['gateway']
['seward']
['copy', '/project/lgagliardi/helenclifford/practice_rcc/sharc4/methaniminium/tutorial_reproduction/traj/Singlet_2/TRAJ_00007/restart/MOLCAS.1.JobIph.68', 'JOBOLD']
['rasscf', 1, 4, True, False]
['copy', 'MOLCAS.rasscf.h5', 'MOLCAS.1.rasscf.h5']
['copy', 'MOLCAS.JobIph', 'MOLCAS.1.JobIph']
['copy', '/project/lgagliardi/helenclifford/practice_rcc/sharc4/methaniminium/tutorial_reproduction/traj/Singlet_2/TRAJ_00007/restart/MOLCAS.3.JobIph.68', 'JOBOLD']
['rasscf', 3, 3, True, False]
['copy', 'MOLCAS.rasscf.h5', 'MOLCAS.3.rasscf.h5']
['copy', 'MOLCAS.JobIph', 'MOLCAS.3.JobIph']
['link', 'MOLCAS.1.JobIph', 'JOB001']
['rassi', 'dm', [4]]
['copy', 'MOLCAS.rassi.h5', 'MOLCAS.rassi.1.h5']
['link', 'MOLCAS.3.JobIph', 'JOB001']
['rassi', 'dm', [3]]
['copy', 'MOLCAS.rassi.h5', 'MOLCAS.rassi.3.h5']
['copy', '/project/lgagliardi/helenclifford/practice_rcc/sharc4/methaniminium/tutorial_reproduction/traj/Singlet_2/TRAJ_00007/restart/MOLCAS.1.JobIph.68', 'JOB001']
['link', 'MOLCAS.1.JobIph', 'JOB002']
['rassi', 'overlap', [4, 4]]
['copy', 'MOLCAS.rassi.h5', 'MOLCAS.rassi.ovlp.1.h5']
['copy', '/project/lgagliardi/helenclifford/practice_rcc/sharc4/methaniminium/tutorial_reproduction/traj/Singlet_2/TRAJ_00007/restart/MOLCAS.3.JobIph.68', 'JOB001']
['link', 'MOLCAS.3.JobIph', 'JOB002']
['rassi', 'overlap', [3, 3]]
['copy', 'MOLCAS.rassi.h5', 'MOLCAS.rassi.ovlp.3.h5']
['link', 'MOLCAS.1.JobIph', 'JOB001']
['link', 'MOLCAS.3.JobIph', 'JOB002']
['rassi', 'soc', [4, 3]]
['copy', '$master_path/MOLCAS.3.JobIph', 'JOBOLD']
['rasscf', 3, 3, True, False]
['mclr', 0.0001, 'sala=2']
['alaska']
['copy', '$master_path/MOLCAS.1.JobIph', 'JOBOLD']
['rasscf', 1, 4, True, False]
['mclr', 0.0001, 'sala=2']
['alaska']
All jobs finished:
job: master          code: 0    runtime: 0:00:25.973975
job: grad_3_2        code: 0    runtime: 0:00:18.460573
job: grad_1_2        code: 0    runtime: 0:00:08.554785

Starting job execution
['gateway']
['seward']
['copy', '/project/lgagliardi/helenclifford/practice_rcc/sharc4/methaniminium/tutorial_reproduction/traj/Singlet_2/TRAJ_00007/restart/MOLCAS.1.JobIph.69', 'JOBOLD']
['rasscf', 1, 4, True, False]
['copy', 'MOLCAS.rasscf.h5', 'MOLCAS.1.rasscf.h5']
['copy', 'MOLCAS.JobIph', 'MOLCAS.1.JobIph']
['copy', '/project/lgagliardi/helenclifford/practice_rcc/sharc4/methaniminium/tutorial_reproduction/traj/Singlet_2/TRAJ_00007/restart/MOLCAS.3.JobIph.69', 'JOBOLD']
['rasscf', 3, 3, True, False]
['copy', 'MOLCAS.rasscf.h5', 'MOLCAS.3.rasscf.h5']
['copy', 'MOLCAS.JobIph', 'MOLCAS.3.JobIph']
['link', 'MOLCAS.1.JobIph', 'JOB001']
['rassi', 'dm', [4]]
['copy', 'MOLCAS.rassi.h5', 'MOLCAS.rassi.1.h5']
['link', 'MOLCAS.3.JobIph', 'JOB001']
['rassi', 'dm', [3]]
['copy', 'MOLCAS.rassi.h5', 'MOLCAS.rassi.3.h5']
['copy', '/project/lgagliardi/helenclifford/practice_rcc/sharc4/methaniminium/tutorial_reproduction/traj/Singlet_2/TRAJ_00007/restart/MOLCAS.1.JobIph.69', 'JOB001']
['link', 'MOLCAS.1.JobIph', 'JOB002']
['rassi', 'overlap', [4, 4]]
['copy', 'MOLCAS.rassi.h5', 'MOLCAS.rassi.ovlp.1.h5']
['copy', '/project/lgagliardi/helenclifford/practice_rcc/sharc4/methaniminium/tutorial_reproduction/traj/Singlet_2/TRAJ_00007/restart/MOLCAS.3.JobIph.69', 'JOB001']
['link', 'MOLCAS.3.JobIph', 'JOB002']
['rassi', 'overlap', [3, 3]]
['copy', 'MOLCAS.rassi.h5', 'MOLCAS.rassi.ovlp.3.h5']
['link', 'MOLCAS.1.JobIph', 'JOB001']
['link', 'MOLCAS.3.JobIph', 'JOB002']
['rassi', 'soc', [4, 3]]
['copy', '$master_path/MOLCAS.1.JobIph', 'JOBOLD']
['rasscf', 1, 4, True, False]
['mclr', 0.0001, 'sala=2']
['alaska']
All jobs finished:
job: master          code: 0    runtime: 0:00:17.562184
job: grad_1_2        code: 0    runtime: 0:00:17.886917

Starting job execution
['gateway']
['seward']
['copy', '/project/lgagliardi/helenclifford/practice_rcc/sharc4/methaniminium/tutorial_reproduction/traj/Singlet_2/TRAJ_00007/restart/MOLCAS.1.JobIph.70', 'JOBOLD']
['rasscf', 1, 4, True, False]
['copy', 'MOLCAS.rasscf.h5', 'MOLCAS.1.rasscf.h5']
['copy', 'MOLCAS.JobIph', 'MOLCAS.1.JobIph']
['copy', '/project/lgagliardi/helenclifford/practice_rcc/sharc4/methaniminium/tutorial_reproduction/traj/Singlet_2/TRAJ_00007/restart/MOLCAS.3.JobIph.70', 'JOBOLD']
['rasscf', 3, 3, True, False]
['copy', 'MOLCAS.rasscf.h5', 'MOLCAS.3.rasscf.h5']
['copy', 'MOLCAS.JobIph', 'MOLCAS.3.JobIph']
['link', 'MOLCAS.1.JobIph', 'JOB001']
['rassi', 'dm', [4]]
['copy', 'MOLCAS.rassi.h5', 'MOLCAS.rassi.1.h5']
['link', 'MOLCAS.3.JobIph', 'JOB001']
['rassi', 'dm', [3]]
['copy', 'MOLCAS.rassi.h5', 'MOLCAS.rassi.3.h5']
['copy', '/project/lgagliardi/helenclifford/practice_rcc/sharc4/methaniminium/tutorial_reproduction/traj/Singlet_2/TRAJ_00007/restart/MOLCAS.1.JobIph.70', 'JOB001']
['link', 'MOLCAS.1.JobIph', 'JOB002']
['rassi', 'overlap', [4, 4]]
['copy', 'MOLCAS.rassi.h5', 'MOLCAS.rassi.ovlp.1.h5']
['copy', '/project/lgagliardi/helenclifford/practice_rcc/sharc4/methaniminium/tutorial_reproduction/traj/Singlet_2/TRAJ_00007/restart/MOLCAS.3.JobIph.70', 'JOB001']
['link', 'MOLCAS.3.JobIph', 'JOB002']
['rassi', 'overlap', [3, 3]]
['copy', 'MOLCAS.rassi.h5', 'MOLCAS.rassi.ovlp.3.h5']
['link', 'MOLCAS.1.JobIph', 'JOB001']
['link', 'MOLCAS.3.JobIph', 'JOB002']
['rassi', 'soc', [4, 3]]
['copy', '$master_path/MOLCAS.1.JobIph', 'JOBOLD']
['rasscf', 1, 4, True, False]
['mclr', 0.0001, 'sala=2']
['alaska']
All jobs finished:
job: master          code: 0    runtime: 0:00:23.877892
job: grad_1_2        code: 0    runtime: 0:00:12.063069

Starting job execution
['gateway']
['seward']
['copy', '/project/lgagliardi/helenclifford/practice_rcc/sharc4/methaniminium/tutorial_reproduction/traj/Singlet_2/TRAJ_00007/restart/MOLCAS.1.JobIph.71', 'JOBOLD']
['rasscf', 1, 4, True, False]
['copy', 'MOLCAS.rasscf.h5', 'MOLCAS.1.rasscf.h5']
['copy', 'MOLCAS.JobIph', 'MOLCAS.1.JobIph']
['copy', '/project/lgagliardi/helenclifford/practice_rcc/sharc4/methaniminium/tutorial_reproduction/traj/Singlet_2/TRAJ_00007/restart/MOLCAS.3.JobIph.71', 'JOBOLD']
['rasscf', 3, 3, True, False]
['copy', 'MOLCAS.rasscf.h5', 'MOLCAS.3.rasscf.h5']
['copy', 'MOLCAS.JobIph', 'MOLCAS.3.JobIph']
['link', 'MOLCAS.1.JobIph', 'JOB001']
['rassi', 'dm', [4]]
['copy', 'MOLCAS.rassi.h5', 'MOLCAS.rassi.1.h5']
['link', 'MOLCAS.3.JobIph', 'JOB001']
['rassi', 'dm', [3]]
['copy', 'MOLCAS.rassi.h5', 'MOLCAS.rassi.3.h5']
['copy', '/project/lgagliardi/helenclifford/practice_rcc/sharc4/methaniminium/tutorial_reproduction/traj/Singlet_2/TRAJ_00007/restart/MOLCAS.1.JobIph.71', 'JOB001']
['link', 'MOLCAS.1.JobIph', 'JOB002']
['rassi', 'overlap', [4, 4]]
['copy', 'MOLCAS.rassi.h5', 'MOLCAS.rassi.ovlp.1.h5']
['copy', '/project/lgagliardi/helenclifford/practice_rcc/sharc4/methaniminium/tutorial_reproduction/traj/Singlet_2/TRAJ_00007/restart/MOLCAS.3.JobIph.71', 'JOB001']
['link', 'MOLCAS.3.JobIph', 'JOB002']
['rassi', 'overlap', [3, 3]]
['copy', 'MOLCAS.rassi.h5', 'MOLCAS.rassi.ovlp.3.h5']
['link', 'MOLCAS.1.JobIph', 'JOB001']
['link', 'MOLCAS.3.JobIph', 'JOB002']
['rassi', 'soc', [4, 3]]
['copy', '$master_path/MOLCAS.1.JobIph', 'JOBOLD']
['rasscf', 1, 4, True, False]
['mclr', 0.0001, 'sala=2']
['alaska']
All jobs finished:
job: master          code: 0    runtime: 0:00:23.957527
job: grad_1_2        code: 0    runtime: 0:00:12.480064

Starting job execution
['gateway']
['seward']
['copy', '/project/lgagliardi/helenclifford/practice_rcc/sharc4/methaniminium/tutorial_reproduction/traj/Singlet_2/TRAJ_00007/restart/MOLCAS.1.JobIph.72', 'JOBOLD']
['rasscf', 1, 4, True, False]
['copy', 'MOLCAS.rasscf.h5', 'MOLCAS.1.rasscf.h5']
['copy', 'MOLCAS.JobIph', 'MOLCAS.1.JobIph']
['copy', '/project/lgagliardi/helenclifford/practice_rcc/sharc4/methaniminium/tutorial_reproduction/traj/Singlet_2/TRAJ_00007/restart/MOLCAS.3.JobIph.72', 'JOBOLD']
['rasscf', 3, 3, True, False]
['copy', 'MOLCAS.rasscf.h5', 'MOLCAS.3.rasscf.h5']
['copy', 'MOLCAS.JobIph', 'MOLCAS.3.JobIph']
['link', 'MOLCAS.1.JobIph', 'JOB001']
['rassi', 'dm', [4]]
['copy', 'MOLCAS.rassi.h5', 'MOLCAS.rassi.1.h5']
['link', 'MOLCAS.3.JobIph', 'JOB001']
['rassi', 'dm', [3]]
['copy', 'MOLCAS.rassi.h5', 'MOLCAS.rassi.3.h5']
['copy', '/project/lgagliardi/helenclifford/practice_rcc/sharc4/methaniminium/tutorial_reproduction/traj/Singlet_2/TRAJ_00007/restart/MOLCAS.1.JobIph.72', 'JOB001']
['link', 'MOLCAS.1.JobIph', 'JOB002']
['rassi', 'overlap', [4, 4]]
['copy', 'MOLCAS.rassi.h5', 'MOLCAS.rassi.ovlp.1.h5']
['copy', '/project/lgagliardi/helenclifford/practice_rcc/sharc4/methaniminium/tutorial_reproduction/traj/Singlet_2/TRAJ_00007/restart/MOLCAS.3.JobIph.72', 'JOB001']
['link', 'MOLCAS.3.JobIph', 'JOB002']
['rassi', 'overlap', [3, 3]]
['copy', 'MOLCAS.rassi.h5', 'MOLCAS.rassi.ovlp.3.h5']
['link', 'MOLCAS.1.JobIph', 'JOB001']
['link', 'MOLCAS.3.JobIph', 'JOB002']
['rassi', 'soc', [4, 3]]
['copy', '$master_path/MOLCAS.1.JobIph', 'JOBOLD']
['rasscf', 1, 4, True, False]
['mclr', 0.0001, 'sala=2']
['alaska']
All jobs finished:
job: master          code: 0    runtime: 0:00:18.644670
job: grad_1_2        code: 0    runtime: 0:00:12.221870

Starting job execution
['gateway']
['seward']
['copy', '/project/lgagliardi/helenclifford/practice_rcc/sharc4/methaniminium/tutorial_reproduction/traj/Singlet_2/TRAJ_00007/restart/MOLCAS.1.JobIph.73', 'JOBOLD']
['rasscf', 1, 4, True, False]
['copy', 'MOLCAS.rasscf.h5', 'MOLCAS.1.rasscf.h5']
['copy', 'MOLCAS.JobIph', 'MOLCAS.1.JobIph']
['copy', '/project/lgagliardi/helenclifford/practice_rcc/sharc4/methaniminium/tutorial_reproduction/traj/Singlet_2/TRAJ_00007/restart/MOLCAS.3.JobIph.73', 'JOBOLD']
['rasscf', 3, 3, True, False]
['copy', 'MOLCAS.rasscf.h5', 'MOLCAS.3.rasscf.h5']
['copy', 'MOLCAS.JobIph', 'MOLCAS.3.JobIph']
['link', 'MOLCAS.1.JobIph', 'JOB001']
['rassi', 'dm', [4]]
['copy', 'MOLCAS.rassi.h5', 'MOLCAS.rassi.1.h5']
['link', 'MOLCAS.3.JobIph', 'JOB001']
['rassi', 'dm', [3]]
['copy', 'MOLCAS.rassi.h5', 'MOLCAS.rassi.3.h5']
['copy', '/project/lgagliardi/helenclifford/practice_rcc/sharc4/methaniminium/tutorial_reproduction/traj/Singlet_2/TRAJ_00007/restart/MOLCAS.1.JobIph.73', 'JOB001']
['link', 'MOLCAS.1.JobIph', 'JOB002']
['rassi', 'overlap', [4, 4]]
['copy', 'MOLCAS.rassi.h5', 'MOLCAS.rassi.ovlp.1.h5']
['copy', '/project/lgagliardi/helenclifford/practice_rcc/sharc4/methaniminium/tutorial_reproduction/traj/Singlet_2/TRAJ_00007/restart/MOLCAS.3.JobIph.73', 'JOB001']
['link', 'MOLCAS.3.JobIph', 'JOB002']
['rassi', 'overlap', [3, 3]]
['copy', 'MOLCAS.rassi.h5', 'MOLCAS.rassi.ovlp.3.h5']
['link', 'MOLCAS.1.JobIph', 'JOB001']
['link', 'MOLCAS.3.JobIph', 'JOB002']
['rassi', 'soc', [4, 3]]
['copy', '$master_path/MOLCAS.1.JobIph', 'JOBOLD']
['rasscf', 1, 4, True, False]
['mclr', 0.0001, 'sala=2']
['alaska']
All jobs finished:
job: master          code: 0    runtime: 0:00:18.960731
job: grad_1_2        code: 0    runtime: 0:00:10.241951

Starting job execution
['gateway']
['seward']
['copy', '/project/lgagliardi/helenclifford/practice_rcc/sharc4/methaniminium/tutorial_reproduction/traj/Singlet_2/TRAJ_00007/restart/MOLCAS.1.JobIph.74', 'JOBOLD']
['rasscf', 1, 4, True, False]
['copy', 'MOLCAS.rasscf.h5', 'MOLCAS.1.rasscf.h5']
['copy', 'MOLCAS.JobIph', 'MOLCAS.1.JobIph']
['copy', '/project/lgagliardi/helenclifford/practice_rcc/sharc4/methaniminium/tutorial_reproduction/traj/Singlet_2/TRAJ_00007/restart/MOLCAS.3.JobIph.74', 'JOBOLD']
['rasscf', 3, 3, True, False]
['copy', 'MOLCAS.rasscf.h5', 'MOLCAS.3.rasscf.h5']
['copy', 'MOLCAS.JobIph', 'MOLCAS.3.JobIph']
['link', 'MOLCAS.1.JobIph', 'JOB001']
['rassi', 'dm', [4]]
['copy', 'MOLCAS.rassi.h5', 'MOLCAS.rassi.1.h5']
['link', 'MOLCAS.3.JobIph', 'JOB001']
['rassi', 'dm', [3]]
['copy', 'MOLCAS.rassi.h5', 'MOLCAS.rassi.3.h5']
['copy', '/project/lgagliardi/helenclifford/practice_rcc/sharc4/methaniminium/tutorial_reproduction/traj/Singlet_2/TRAJ_00007/restart/MOLCAS.1.JobIph.74', 'JOB001']
['link', 'MOLCAS.1.JobIph', 'JOB002']
['rassi', 'overlap', [4, 4]]
['copy', 'MOLCAS.rassi.h5', 'MOLCAS.rassi.ovlp.1.h5']
['copy', '/project/lgagliardi/helenclifford/practice_rcc/sharc4/methaniminium/tutorial_reproduction/traj/Singlet_2/TRAJ_00007/restart/MOLCAS.3.JobIph.74', 'JOB001']
['link', 'MOLCAS.3.JobIph', 'JOB002']
['rassi', 'overlap', [3, 3]]
['copy', 'MOLCAS.rassi.h5', 'MOLCAS.rassi.ovlp.3.h5']
['link', 'MOLCAS.1.JobIph', 'JOB001']
['link', 'MOLCAS.3.JobIph', 'JOB002']
['rassi', 'soc', [4, 3]]
['copy', '$master_path/MOLCAS.1.JobIph', 'JOBOLD']
['rasscf', 1, 4, True, False]
['mclr', 0.0001, 'sala=2']
['alaska']
All jobs finished:
job: master          code: 0    runtime: 0:00:19.829697
job: grad_1_2        code: 0    runtime: 0:00:14.537413

Starting job execution
['gateway']
['seward']
['copy', '/project/lgagliardi/helenclifford/practice_rcc/sharc4/methaniminium/tutorial_reproduction/traj/Singlet_2/TRAJ_00007/restart/MOLCAS.1.JobIph.75', 'JOBOLD']
['rasscf', 1, 4, True, False]
['copy', 'MOLCAS.rasscf.h5', 'MOLCAS.1.rasscf.h5']
['copy', 'MOLCAS.JobIph', 'MOLCAS.1.JobIph']
['copy', '/project/lgagliardi/helenclifford/practice_rcc/sharc4/methaniminium/tutorial_reproduction/traj/Singlet_2/TRAJ_00007/restart/MOLCAS.3.JobIph.75', 'JOBOLD']
['rasscf', 3, 3, True, False]
['copy', 'MOLCAS.rasscf.h5', 'MOLCAS.3.rasscf.h5']
['copy', 'MOLCAS.JobIph', 'MOLCAS.3.JobIph']
['link', 'MOLCAS.1.JobIph', 'JOB001']
['rassi', 'dm', [4]]
['copy', 'MOLCAS.rassi.h5', 'MOLCAS.rassi.1.h5']
['link', 'MOLCAS.3.JobIph', 'JOB001']
['rassi', 'dm', [3]]
['copy', 'MOLCAS.rassi.h5', 'MOLCAS.rassi.3.h5']
['copy', '/project/lgagliardi/helenclifford/practice_rcc/sharc4/methaniminium/tutorial_reproduction/traj/Singlet_2/TRAJ_00007/restart/MOLCAS.1.JobIph.75', 'JOB001']
['link', 'MOLCAS.1.JobIph', 'JOB002']
['rassi', 'overlap', [4, 4]]
['copy', 'MOLCAS.rassi.h5', 'MOLCAS.rassi.ovlp.1.h5']
['copy', '/project/lgagliardi/helenclifford/practice_rcc/sharc4/methaniminium/tutorial_reproduction/traj/Singlet_2/TRAJ_00007/restart/MOLCAS.3.JobIph.75', 'JOB001']
['link', 'MOLCAS.3.JobIph', 'JOB002']
['rassi', 'overlap', [3, 3]]
['copy', 'MOLCAS.rassi.h5', 'MOLCAS.rassi.ovlp.3.h5']
['link', 'MOLCAS.1.JobIph', 'JOB001']
['link', 'MOLCAS.3.JobIph', 'JOB002']
['rassi', 'soc', [4, 3]]
['copy', '$master_path/MOLCAS.1.JobIph', 'JOBOLD']
['rasscf', 1, 4, True, False]
['mclr', 0.0001, 'sala=2']
['alaska']
All jobs finished:
job: master          code: 0    runtime: 0:00:13.904324
job: grad_1_2        code: 0    runtime: 0:00:08.339922

Starting job execution
['gateway']
['seward']
['copy', '/project/lgagliardi/helenclifford/practice_rcc/sharc4/methaniminium/tutorial_reproduction/traj/Singlet_2/TRAJ_00007/restart/MOLCAS.1.JobIph.76', 'JOBOLD']
['rasscf', 1, 4, True, False]
['copy', 'MOLCAS.rasscf.h5', 'MOLCAS.1.rasscf.h5']
['copy', 'MOLCAS.JobIph', 'MOLCAS.1.JobIph']
['copy', '/project/lgagliardi/helenclifford/practice_rcc/sharc4/methaniminium/tutorial_reproduction/traj/Singlet_2/TRAJ_00007/restart/MOLCAS.3.JobIph.76', 'JOBOLD']
['rasscf', 3, 3, True, False]
['copy', 'MOLCAS.rasscf.h5', 'MOLCAS.3.rasscf.h5']
['copy', 'MOLCAS.JobIph', 'MOLCAS.3.JobIph']
['link', 'MOLCAS.1.JobIph', 'JOB001']
['rassi', 'dm', [4]]
['copy', 'MOLCAS.rassi.h5', 'MOLCAS.rassi.1.h5']
['link', 'MOLCAS.3.JobIph', 'JOB001']
['rassi', 'dm', [3]]
['copy', 'MOLCAS.rassi.h5', 'MOLCAS.rassi.3.h5']
['copy', '/project/lgagliardi/helenclifford/practice_rcc/sharc4/methaniminium/tutorial_reproduction/traj/Singlet_2/TRAJ_00007/restart/MOLCAS.1.JobIph.76', 'JOB001']
['link', 'MOLCAS.1.JobIph', 'JOB002']
['rassi', 'overlap', [4, 4]]
['copy', 'MOLCAS.rassi.h5', 'MOLCAS.rassi.ovlp.1.h5']
['copy', '/project/lgagliardi/helenclifford/practice_rcc/sharc4/methaniminium/tutorial_reproduction/traj/Singlet_2/TRAJ_00007/restart/MOLCAS.3.JobIph.76', 'JOB001']
['link', 'MOLCAS.3.JobIph', 'JOB002']
['rassi', 'overlap', [3, 3]]
['copy', 'MOLCAS.rassi.h5', 'MOLCAS.rassi.ovlp.3.h5']
['link', 'MOLCAS.1.JobIph', 'JOB001']
['link', 'MOLCAS.3.JobIph', 'JOB002']
['rassi', 'soc', [4, 3]]
['copy', '$master_path/MOLCAS.1.JobIph', 'JOBOLD']
['rasscf', 1, 4, True, False]
['mclr', 0.0001, 'sala=2']
['alaska']
All jobs finished:
job: master          code: 0    runtime: 0:00:20.328580
job: grad_1_2        code: 0    runtime: 0:00:10.164352

Starting job execution
['gateway']
['seward']
['copy', '/project/lgagliardi/helenclifford/practice_rcc/sharc4/methaniminium/tutorial_reproduction/traj/Singlet_2/TRAJ_00007/restart/MOLCAS.1.JobIph.77', 'JOBOLD']
['rasscf', 1, 4, True, False]
['copy', 'MOLCAS.rasscf.h5', 'MOLCAS.1.rasscf.h5']
['copy', 'MOLCAS.JobIph', 'MOLCAS.1.JobIph']
['copy', '/project/lgagliardi/helenclifford/practice_rcc/sharc4/methaniminium/tutorial_reproduction/traj/Singlet_2/TRAJ_00007/restart/MOLCAS.3.JobIph.77', 'JOBOLD']
['rasscf', 3, 3, True, False]
['copy', 'MOLCAS.rasscf.h5', 'MOLCAS.3.rasscf.h5']
['copy', 'MOLCAS.JobIph', 'MOLCAS.3.JobIph']
['link', 'MOLCAS.1.JobIph', 'JOB001']
['rassi', 'dm', [4]]
['copy', 'MOLCAS.rassi.h5', 'MOLCAS.rassi.1.h5']
['link', 'MOLCAS.3.JobIph', 'JOB001']
['rassi', 'dm', [3]]
['copy', 'MOLCAS.rassi.h5', 'MOLCAS.rassi.3.h5']
['copy', '/project/lgagliardi/helenclifford/practice_rcc/sharc4/methaniminium/tutorial_reproduction/traj/Singlet_2/TRAJ_00007/restart/MOLCAS.1.JobIph.76', 'JOB001']
['link', 'MOLCAS.1.JobIph', 'JOB002']
['rassi', 'overlap', [4, 4]]
['copy', 'MOLCAS.rassi.h5', 'MOLCAS.rassi.ovlp.1.h5']
['copy', '/project/lgagliardi/helenclifford/practice_rcc/sharc4/methaniminium/tutorial_reproduction/traj/Singlet_2/TRAJ_00007/restart/MOLCAS.3.JobIph.76', 'JOB001']
['link', 'MOLCAS.3.JobIph', 'JOB002']
['rassi', 'overlap', [3, 3]]
['copy', 'MOLCAS.rassi.h5', 'MOLCAS.rassi.ovlp.3.h5']
['link', 'MOLCAS.1.JobIph', 'JOB001']
['link', 'MOLCAS.3.JobIph', 'JOB002']
['rassi', 'soc', [4, 3]]
['copy', '$master_path/MOLCAS.3.JobIph', 'JOBOLD']
['rasscf', 3, 3, True, False]
['mclr', 0.0001, 'sala=1']
['alaska']
['copy', '$master_path/MOLCAS.1.JobIph', 'JOBOLD']
['rasscf', 1, 4, True, False]
['mclr', 0.0001, 'sala=1']
['alaska']
All jobs finished:
job: master          code: 0    runtime: 0:00:19.016802
job: grad_3_1        code: 0    runtime: 0:00:09.951125
job: grad_1_1        code: 0    runtime: 0:00:11.244196

Starting job execution
['gateway']
['seward']
['copy', '/project/lgagliardi/helenclifford/practice_rcc/sharc4/methaniminium/tutorial_reproduction/traj/Singlet_2/TRAJ_00007/restart/MOLCAS.1.JobIph.77', 'JOBOLD']
['rasscf', 1, 4, True, False]
['copy', 'MOLCAS.rasscf.h5', 'MOLCAS.1.rasscf.h5']
['copy', 'MOLCAS.JobIph', 'MOLCAS.1.JobIph']
['copy', '/project/lgagliardi/helenclifford/practice_rcc/sharc4/methaniminium/tutorial_reproduction/traj/Singlet_2/TRAJ_00007/restart/MOLCAS.3.JobIph.77', 'JOBOLD']
['rasscf', 3, 3, True, False]
['copy', 'MOLCAS.rasscf.h5', 'MOLCAS.3.rasscf.h5']
['copy', 'MOLCAS.JobIph', 'MOLCAS.3.JobIph']
['link', 'MOLCAS.1.JobIph', 'JOB001']
['rassi', 'dm', [4]]
['copy', 'MOLCAS.rassi.h5', 'MOLCAS.rassi.1.h5']
['link', 'MOLCAS.3.JobIph', 'JOB001']
['rassi', 'dm', [3]]
['copy', 'MOLCAS.rassi.h5', 'MOLCAS.rassi.3.h5']
['copy', '/project/lgagliardi/helenclifford/practice_rcc/sharc4/methaniminium/tutorial_reproduction/traj/Singlet_2/TRAJ_00007/restart/MOLCAS.1.JobIph.77', 'JOB001']
['link', 'MOLCAS.1.JobIph', 'JOB002']
['rassi', 'overlap', [4, 4]]
['copy', 'MOLCAS.rassi.h5', 'MOLCAS.rassi.ovlp.1.h5']
['copy', '/project/lgagliardi/helenclifford/practice_rcc/sharc4/methaniminium/tutorial_reproduction/traj/Singlet_2/TRAJ_00007/restart/MOLCAS.3.JobIph.77', 'JOB001']
['link', 'MOLCAS.3.JobIph', 'JOB002']
['rassi', 'overlap', [3, 3]]
['copy', 'MOLCAS.rassi.h5', 'MOLCAS.rassi.ovlp.3.h5']
['link', 'MOLCAS.1.JobIph', 'JOB001']
['link', 'MOLCAS.3.JobIph', 'JOB002']
['rassi', 'soc', [4, 3]]
['copy', '$master_path/MOLCAS.3.JobIph', 'JOBOLD']
['rasscf', 3, 3, True, False]
['mclr', 0.0001, 'sala=1']
['alaska']
['copy', '$master_path/MOLCAS.1.JobIph', 'JOBOLD']
['rasscf', 1, 4, True, False]
['mclr', 0.0001, 'sala=1']
['alaska']
All jobs finished:
job: master          code: 0    runtime: 0:00:17.787189
job: grad_3_1        code: 0    runtime: 0:00:02.456340
job: grad_1_1        code: 0    runtime: 0:00:12.890996

Starting job execution
['gateway']
['seward']
['copy', '/project/lgagliardi/helenclifford/practice_rcc/sharc4/methaniminium/tutorial_reproduction/traj/Singlet_2/TRAJ_00007/restart/MOLCAS.1.JobIph.78', 'JOBOLD']
['rasscf', 1, 4, True, False]
['copy', 'MOLCAS.rasscf.h5', 'MOLCAS.1.rasscf.h5']
['copy', 'MOLCAS.JobIph', 'MOLCAS.1.JobIph']
['copy', '/project/lgagliardi/helenclifford/practice_rcc/sharc4/methaniminium/tutorial_reproduction/traj/Singlet_2/TRAJ_00007/restart/MOLCAS.3.JobIph.78', 'JOBOLD']
['rasscf', 3, 3, True, False]
['copy', 'MOLCAS.rasscf.h5', 'MOLCAS.3.rasscf.h5']
['copy', 'MOLCAS.JobIph', 'MOLCAS.3.JobIph']
['link', 'MOLCAS.1.JobIph', 'JOB001']
['rassi', 'dm', [4]]
['copy', 'MOLCAS.rassi.h5', 'MOLCAS.rassi.1.h5']
['link', 'MOLCAS.3.JobIph', 'JOB001']
['rassi', 'dm', [3]]
['copy', 'MOLCAS.rassi.h5', 'MOLCAS.rassi.3.h5']
['copy', '/project/lgagliardi/helenclifford/practice_rcc/sharc4/methaniminium/tutorial_reproduction/traj/Singlet_2/TRAJ_00007/restart/MOLCAS.1.JobIph.78', 'JOB001']
['link', 'MOLCAS.1.JobIph', 'JOB002']
['rassi', 'overlap', [4, 4]]
['copy', 'MOLCAS.rassi.h5', 'MOLCAS.rassi.ovlp.1.h5']
['copy', '/project/lgagliardi/helenclifford/practice_rcc/sharc4/methaniminium/tutorial_reproduction/traj/Singlet_2/TRAJ_00007/restart/MOLCAS.3.JobIph.78', 'JOB001']
['link', 'MOLCAS.3.JobIph', 'JOB002']
['rassi', 'overlap', [3, 3]]
['copy', 'MOLCAS.rassi.h5', 'MOLCAS.rassi.ovlp.3.h5']
['link', 'MOLCAS.1.JobIph', 'JOB001']
['link', 'MOLCAS.3.JobIph', 'JOB002']
['rassi', 'soc', [4, 3]]
['copy', '$master_path/MOLCAS.3.JobIph', 'JOBOLD']
['rasscf', 3, 3, True, False]
['mclr', 0.0001, 'sala=1']
['alaska']
['copy', '$master_path/MOLCAS.1.JobIph', 'JOBOLD']
['rasscf', 1, 4, True, False]
['mclr', 0.0001, 'sala=1']
['alaska']
All jobs finished:
job: master          code: 0    runtime: 0:00:18.038965
job: grad_3_1        code: 0    runtime: 0:00:17.391662
job: grad_1_1        code: 0    runtime: 0:00:08.461533

Starting job execution
['gateway']
['seward']
['copy', '/project/lgagliardi/helenclifford/practice_rcc/sharc4/methaniminium/tutorial_reproduction/traj/Singlet_2/TRAJ_00007/restart/MOLCAS.1.JobIph.79', 'JOBOLD']
['rasscf', 1, 4, True, False]
['copy', 'MOLCAS.rasscf.h5', 'MOLCAS.1.rasscf.h5']
['copy', 'MOLCAS.JobIph', 'MOLCAS.1.JobIph']
['copy', '/project/lgagliardi/helenclifford/practice_rcc/sharc4/methaniminium/tutorial_reproduction/traj/Singlet_2/TRAJ_00007/restart/MOLCAS.3.JobIph.79', 'JOBOLD']
['rasscf', 3, 3, True, False]
['copy', 'MOLCAS.rasscf.h5', 'MOLCAS.3.rasscf.h5']
['copy', 'MOLCAS.JobIph', 'MOLCAS.3.JobIph']
['link', 'MOLCAS.1.JobIph', 'JOB001']
['rassi', 'dm', [4]]
['copy', 'MOLCAS.rassi.h5', 'MOLCAS.rassi.1.h5']
['link', 'MOLCAS.3.JobIph', 'JOB001']
['rassi', 'dm', [3]]
['copy', 'MOLCAS.rassi.h5', 'MOLCAS.rassi.3.h5']
['copy', '/project/lgagliardi/helenclifford/practice_rcc/sharc4/methaniminium/tutorial_reproduction/traj/Singlet_2/TRAJ_00007/restart/MOLCAS.1.JobIph.79', 'JOB001']
['link', 'MOLCAS.1.JobIph', 'JOB002']
['rassi', 'overlap', [4, 4]]
['copy', 'MOLCAS.rassi.h5', 'MOLCAS.rassi.ovlp.1.h5']
['copy', '/project/lgagliardi/helenclifford/practice_rcc/sharc4/methaniminium/tutorial_reproduction/traj/Singlet_2/TRAJ_00007/restart/MOLCAS.3.JobIph.79', 'JOB001']
['link', 'MOLCAS.3.JobIph', 'JOB002']
['rassi', 'overlap', [3, 3]]
['copy', 'MOLCAS.rassi.h5', 'MOLCAS.rassi.ovlp.3.h5']
['link', 'MOLCAS.1.JobIph', 'JOB001']
['link', 'MOLCAS.3.JobIph', 'JOB002']
['rassi', 'soc', [4, 3]]
['copy', '$master_path/MOLCAS.1.JobIph', 'JOBOLD']
['rasscf', 1, 4, True, False]
['mclr', 0.0001, 'sala=1']
['alaska']
All jobs finished:
job: master          code: 0    runtime: 0:00:22.184284
job: grad_1_1        code: 0    runtime: 0:00:12.218090

Starting job execution
['gateway']
['seward']
['copy', '/project/lgagliardi/helenclifford/practice_rcc/sharc4/methaniminium/tutorial_reproduction/traj/Singlet_2/TRAJ_00007/restart/MOLCAS.1.JobIph.80', 'JOBOLD']
['rasscf', 1, 4, True, False]
['copy', 'MOLCAS.rasscf.h5', 'MOLCAS.1.rasscf.h5']
['copy', 'MOLCAS.JobIph', 'MOLCAS.1.JobIph']
['copy', '/project/lgagliardi/helenclifford/practice_rcc/sharc4/methaniminium/tutorial_reproduction/traj/Singlet_2/TRAJ_00007/restart/MOLCAS.3.JobIph.80', 'JOBOLD']
['rasscf', 3, 3, True, False]
['copy', 'MOLCAS.rasscf.h5', 'MOLCAS.3.rasscf.h5']
['copy', 'MOLCAS.JobIph', 'MOLCAS.3.JobIph']
['link', 'MOLCAS.1.JobIph', 'JOB001']
['rassi', 'dm', [4]]
['copy', 'MOLCAS.rassi.h5', 'MOLCAS.rassi.1.h5']
['link', 'MOLCAS.3.JobIph', 'JOB001']
['rassi', 'dm', [3]]
['copy', 'MOLCAS.rassi.h5', 'MOLCAS.rassi.3.h5']
['copy', '/project/lgagliardi/helenclifford/practice_rcc/sharc4/methaniminium/tutorial_reproduction/traj/Singlet_2/TRAJ_00007/restart/MOLCAS.1.JobIph.80', 'JOB001']
['link', 'MOLCAS.1.JobIph', 'JOB002']
['rassi', 'overlap', [4, 4]]
['copy', 'MOLCAS.rassi.h5', 'MOLCAS.rassi.ovlp.1.h5']
['copy', '/project/lgagliardi/helenclifford/practice_rcc/sharc4/methaniminium/tutorial_reproduction/traj/Singlet_2/TRAJ_00007/restart/MOLCAS.3.JobIph.80', 'JOB001']
['link', 'MOLCAS.3.JobIph', 'JOB002']
['rassi', 'overlap', [3, 3]]
['copy', 'MOLCAS.rassi.h5', 'MOLCAS.rassi.ovlp.3.h5']
['link', 'MOLCAS.1.JobIph', 'JOB001']
['link', 'MOLCAS.3.JobIph', 'JOB002']
['rassi', 'soc', [4, 3]]
['copy', '$master_path/MOLCAS.1.JobIph', 'JOBOLD']
['rasscf', 1, 4, True, False]
['mclr', 0.0001, 'sala=1']
['alaska']
All jobs finished:
job: master          code: 0    runtime: 0:00:21.006586
job: grad_1_1        code: 0    runtime: 0:00:08.190108

Starting job execution
['gateway']
['seward']
['copy', '/project/lgagliardi/helenclifford/practice_rcc/sharc4/methaniminium/tutorial_reproduction/traj/Singlet_2/TRAJ_00007/restart/MOLCAS.1.JobIph.81', 'JOBOLD']
['rasscf', 1, 4, True, False]
['copy', 'MOLCAS.rasscf.h5', 'MOLCAS.1.rasscf.h5']
['copy', 'MOLCAS.JobIph', 'MOLCAS.1.JobIph']
['copy', '/project/lgagliardi/helenclifford/practice_rcc/sharc4/methaniminium/tutorial_reproduction/traj/Singlet_2/TRAJ_00007/restart/MOLCAS.3.JobIph.81', 'JOBOLD']
['rasscf', 3, 3, True, False]
['copy', 'MOLCAS.rasscf.h5', 'MOLCAS.3.rasscf.h5']
['copy', 'MOLCAS.JobIph', 'MOLCAS.3.JobIph']
['link', 'MOLCAS.1.JobIph', 'JOB001']
['rassi', 'dm', [4]]
['copy', 'MOLCAS.rassi.h5', 'MOLCAS.rassi.1.h5']
['link', 'MOLCAS.3.JobIph', 'JOB001']
['rassi', 'dm', [3]]
['copy', 'MOLCAS.rassi.h5', 'MOLCAS.rassi.3.h5']
['copy', '/project/lgagliardi/helenclifford/practice_rcc/sharc4/methaniminium/tutorial_reproduction/traj/Singlet_2/TRAJ_00007/restart/MOLCAS.1.JobIph.81', 'JOB001']
['link', 'MOLCAS.1.JobIph', 'JOB002']
['rassi', 'overlap', [4, 4]]
['copy', 'MOLCAS.rassi.h5', 'MOLCAS.rassi.ovlp.1.h5']
['copy', '/project/lgagliardi/helenclifford/practice_rcc/sharc4/methaniminium/tutorial_reproduction/traj/Singlet_2/TRAJ_00007/restart/MOLCAS.3.JobIph.81', 'JOB001']
['link', 'MOLCAS.3.JobIph', 'JOB002']
['rassi', 'overlap', [3, 3]]
['copy', 'MOLCAS.rassi.h5', 'MOLCAS.rassi.ovlp.3.h5']
['link', 'MOLCAS.1.JobIph', 'JOB001']
['link', 'MOLCAS.3.JobIph', 'JOB002']
['rassi', 'soc', [4, 3]]
['copy', '$master_path/MOLCAS.1.JobIph', 'JOBOLD']
['rasscf', 1, 4, True, False]
['mclr', 0.0001, 'sala=1']
['alaska']
All jobs finished:
job: master          code: 0    runtime: 0:00:15.611116
job: grad_1_1        code: 0    runtime: 0:00:20.922628

Starting job execution
['gateway']
['seward']
['copy', '/project/lgagliardi/helenclifford/practice_rcc/sharc4/methaniminium/tutorial_reproduction/traj/Singlet_2/TRAJ_00007/restart/MOLCAS.1.JobIph.82', 'JOBOLD']
['rasscf', 1, 4, True, False]
['copy', 'MOLCAS.rasscf.h5', 'MOLCAS.1.rasscf.h5']
['copy', 'MOLCAS.JobIph', 'MOLCAS.1.JobIph']
['copy', '/project/lgagliardi/helenclifford/practice_rcc/sharc4/methaniminium/tutorial_reproduction/traj/Singlet_2/TRAJ_00007/restart/MOLCAS.3.JobIph.82', 'JOBOLD']
['rasscf', 3, 3, True, False]
['copy', 'MOLCAS.rasscf.h5', 'MOLCAS.3.rasscf.h5']
['copy', 'MOLCAS.JobIph', 'MOLCAS.3.JobIph']
['link', 'MOLCAS.1.JobIph', 'JOB001']
['rassi', 'dm', [4]]
['copy', 'MOLCAS.rassi.h5', 'MOLCAS.rassi.1.h5']
['link', 'MOLCAS.3.JobIph', 'JOB001']
['rassi', 'dm', [3]]
['copy', 'MOLCAS.rassi.h5', 'MOLCAS.rassi.3.h5']
['copy', '/project/lgagliardi/helenclifford/practice_rcc/sharc4/methaniminium/tutorial_reproduction/traj/Singlet_2/TRAJ_00007/restart/MOLCAS.1.JobIph.82', 'JOB001']
['link', 'MOLCAS.1.JobIph', 'JOB002']
['rassi', 'overlap', [4, 4]]
['copy', 'MOLCAS.rassi.h5', 'MOLCAS.rassi.ovlp.1.h5']
['copy', '/project/lgagliardi/helenclifford/practice_rcc/sharc4/methaniminium/tutorial_reproduction/traj/Singlet_2/TRAJ_00007/restart/MOLCAS.3.JobIph.82', 'JOB001']
['link', 'MOLCAS.3.JobIph', 'JOB002']
['rassi', 'overlap', [3, 3]]
['copy', 'MOLCAS.rassi.h5', 'MOLCAS.rassi.ovlp.3.h5']
['link', 'MOLCAS.1.JobIph', 'JOB001']
['link', 'MOLCAS.3.JobIph', 'JOB002']
['rassi', 'soc', [4, 3]]
['copy', '$master_path/MOLCAS.1.JobIph', 'JOBOLD']
['rasscf', 1, 4, True, False]
['mclr', 0.0001, 'sala=1']
['alaska']
All jobs finished:
job: master          code: 0    runtime: 0:00:22.709510
job: grad_1_1        code: 0    runtime: 0:00:08.342038

Starting job execution
['gateway']
['seward']
['copy', '/project/lgagliardi/helenclifford/practice_rcc/sharc4/methaniminium/tutorial_reproduction/traj/Singlet_2/TRAJ_00007/restart/MOLCAS.1.JobIph.83', 'JOBOLD']
['rasscf', 1, 4, True, False]
['copy', 'MOLCAS.rasscf.h5', 'MOLCAS.1.rasscf.h5']
['copy', 'MOLCAS.JobIph', 'MOLCAS.1.JobIph']
['copy', '/project/lgagliardi/helenclifford/practice_rcc/sharc4/methaniminium/tutorial_reproduction/traj/Singlet_2/TRAJ_00007/restart/MOLCAS.3.JobIph.83', 'JOBOLD']
['rasscf', 3, 3, True, False]
['copy', 'MOLCAS.rasscf.h5', 'MOLCAS.3.rasscf.h5']
['copy', 'MOLCAS.JobIph', 'MOLCAS.3.JobIph']
['link', 'MOLCAS.1.JobIph', 'JOB001']
['rassi', 'dm', [4]]
['copy', 'MOLCAS.rassi.h5', 'MOLCAS.rassi.1.h5']
['link', 'MOLCAS.3.JobIph', 'JOB001']
['rassi', 'dm', [3]]
['copy', 'MOLCAS.rassi.h5', 'MOLCAS.rassi.3.h5']
['copy', '/project/lgagliardi/helenclifford/practice_rcc/sharc4/methaniminium/tutorial_reproduction/traj/Singlet_2/TRAJ_00007/restart/MOLCAS.1.JobIph.82', 'JOB001']
['link', 'MOLCAS.1.JobIph', 'JOB002']
['rassi', 'overlap', [4, 4]]
['copy', 'MOLCAS.rassi.h5', 'MOLCAS.rassi.ovlp.1.h5']
['copy', '/project/lgagliardi/helenclifford/practice_rcc/sharc4/methaniminium/tutorial_reproduction/traj/Singlet_2/TRAJ_00007/restart/MOLCAS.3.JobIph.82', 'JOB001']
['link', 'MOLCAS.3.JobIph', 'JOB002']
['rassi', 'overlap', [3, 3]]
['copy', 'MOLCAS.rassi.h5', 'MOLCAS.rassi.ovlp.3.h5']
['link', 'MOLCAS.1.JobIph', 'JOB001']
['link', 'MOLCAS.3.JobIph', 'JOB002']
['rassi', 'soc', [4, 3]]
['copy', '$master_path/MOLCAS.3.JobIph', 'JOBOLD']
['rasscf', 3, 3, True, False]
['mclr', 0.0001, 'sala=1']
['alaska']
['copy', '$master_path/MOLCAS.1.JobIph', 'JOBOLD']
['rasscf', 1, 4, True, False]
['mclr', 0.0001, 'sala=1']
['alaska']
All jobs finished:
job: master          code: 0    runtime: 0:00:20.975293
job: grad_3_1        code: 0    runtime: 0:00:07.707112
job: grad_1_1        code: 0    runtime: 0:00:10.189788

Starting job execution
['gateway']
['seward']
['copy', '/project/lgagliardi/helenclifford/practice_rcc/sharc4/methaniminium/tutorial_reproduction/traj/Singlet_2/TRAJ_00007/restart/MOLCAS.1.JobIph.83', 'JOBOLD']
['rasscf', 1, 4, True, False]
['copy', 'MOLCAS.rasscf.h5', 'MOLCAS.1.rasscf.h5']
['copy', 'MOLCAS.JobIph', 'MOLCAS.1.JobIph']
['copy', '/project/lgagliardi/helenclifford/practice_rcc/sharc4/methaniminium/tutorial_reproduction/traj/Singlet_2/TRAJ_00007/restart/MOLCAS.3.JobIph.83', 'JOBOLD']
['rasscf', 3, 3, True, False]
['copy', 'MOLCAS.rasscf.h5', 'MOLCAS.3.rasscf.h5']
['copy', 'MOLCAS.JobIph', 'MOLCAS.3.JobIph']
['link', 'MOLCAS.1.JobIph', 'JOB001']
['rassi', 'dm', [4]]
['copy', 'MOLCAS.rassi.h5', 'MOLCAS.rassi.1.h5']
['link', 'MOLCAS.3.JobIph', 'JOB001']
['rassi', 'dm', [3]]
['copy', 'MOLCAS.rassi.h5', 'MOLCAS.rassi.3.h5']
['copy', '/project/lgagliardi/helenclifford/practice_rcc/sharc4/methaniminium/tutorial_reproduction/traj/Singlet_2/TRAJ_00007/restart/MOLCAS.1.JobIph.83', 'JOB001']
['link', 'MOLCAS.1.JobIph', 'JOB002']
['rassi', 'overlap', [4, 4]]
['copy', 'MOLCAS.rassi.h5', 'MOLCAS.rassi.ovlp.1.h5']
['copy', '/project/lgagliardi/helenclifford/practice_rcc/sharc4/methaniminium/tutorial_reproduction/traj/Singlet_2/TRAJ_00007/restart/MOLCAS.3.JobIph.83', 'JOB001']
['link', 'MOLCAS.3.JobIph', 'JOB002']
['rassi', 'overlap', [3, 3]]
['copy', 'MOLCAS.rassi.h5', 'MOLCAS.rassi.ovlp.3.h5']
['link', 'MOLCAS.1.JobIph', 'JOB001']
['link', 'MOLCAS.3.JobIph', 'JOB002']
['rassi', 'soc', [4, 3]]
['copy', '$master_path/MOLCAS.3.JobIph', 'JOBOLD']
['rasscf', 3, 3, True, False]
['mclr', 0.0001, 'sala=1']
['alaska']
['copy', '$master_path/MOLCAS.1.JobIph', 'JOBOLD']
['rasscf', 1, 4, True, False]
['mclr', 0.0001, 'sala=1']
['alaska']
All jobs finished:
job: master          code: 0    runtime: 0:00:18.650291
job: grad_3_1        code: 0    runtime: 0:00:09.245511
job: grad_1_1        code: 0    runtime: 0:00:16.430408

Starting job execution
['gateway']
['seward']
['copy', '/project/lgagliardi/helenclifford/practice_rcc/sharc4/methaniminium/tutorial_reproduction/traj/Singlet_2/TRAJ_00007/restart/MOLCAS.1.JobIph.84', 'JOBOLD']
['rasscf', 1, 4, True, False]
['copy', 'MOLCAS.rasscf.h5', 'MOLCAS.1.rasscf.h5']
['copy', 'MOLCAS.JobIph', 'MOLCAS.1.JobIph']
['copy', '/project/lgagliardi/helenclifford/practice_rcc/sharc4/methaniminium/tutorial_reproduction/traj/Singlet_2/TRAJ_00007/restart/MOLCAS.3.JobIph.84', 'JOBOLD']
['rasscf', 3, 3, True, False]
['copy', 'MOLCAS.rasscf.h5', 'MOLCAS.3.rasscf.h5']
['copy', 'MOLCAS.JobIph', 'MOLCAS.3.JobIph']
['link', 'MOLCAS.1.JobIph', 'JOB001']
['rassi', 'dm', [4]]
['copy', 'MOLCAS.rassi.h5', 'MOLCAS.rassi.1.h5']
['link', 'MOLCAS.3.JobIph', 'JOB001']
['rassi', 'dm', [3]]
['copy', 'MOLCAS.rassi.h5', 'MOLCAS.rassi.3.h5']
['copy', '/project/lgagliardi/helenclifford/practice_rcc/sharc4/methaniminium/tutorial_reproduction/traj/Singlet_2/TRAJ_00007/restart/MOLCAS.1.JobIph.84', 'JOB001']
['link', 'MOLCAS.1.JobIph', 'JOB002']
['rassi', 'overlap', [4, 4]]
['copy', 'MOLCAS.rassi.h5', 'MOLCAS.rassi.ovlp.1.h5']
['copy', '/project/lgagliardi/helenclifford/practice_rcc/sharc4/methaniminium/tutorial_reproduction/traj/Singlet_2/TRAJ_00007/restart/MOLCAS.3.JobIph.84', 'JOB001']
['link', 'MOLCAS.3.JobIph', 'JOB002']
['rassi', 'overlap', [3, 3]]
['copy', 'MOLCAS.rassi.h5', 'MOLCAS.rassi.ovlp.3.h5']
['link', 'MOLCAS.1.JobIph', 'JOB001']
['link', 'MOLCAS.3.JobIph', 'JOB002']
['rassi', 'soc', [4, 3]]
['copy', '$master_path/MOLCAS.3.JobIph', 'JOBOLD']
['rasscf', 3, 3, True, False]
['mclr', 0.0001, 'sala=1']
['alaska']
['copy', '$master_path/MOLCAS.1.JobIph', 'JOBOLD']
['rasscf', 1, 4, True, False]
['mclr', 0.0001, 'sala=1']
['alaska']
All jobs finished:
job: master          code: 0    runtime: 0:00:19.670111
job: grad_3_1        code: 0    runtime: 0:00:11.363196
job: grad_1_1        code: 0    runtime: 0:00:12.179011

Starting job execution
['gateway']
['seward']
['copy', '/project/lgagliardi/helenclifford/practice_rcc/sharc4/methaniminium/tutorial_reproduction/traj/Singlet_2/TRAJ_00007/restart/MOLCAS.1.JobIph.85', 'JOBOLD']
['rasscf', 1, 4, True, False]
['copy', 'MOLCAS.rasscf.h5', 'MOLCAS.1.rasscf.h5']
['copy', 'MOLCAS.JobIph', 'MOLCAS.1.JobIph']
['copy', '/project/lgagliardi/helenclifford/practice_rcc/sharc4/methaniminium/tutorial_reproduction/traj/Singlet_2/TRAJ_00007/restart/MOLCAS.3.JobIph.85', 'JOBOLD']
['rasscf', 3, 3, True, False]
['copy', 'MOLCAS.rasscf.h5', 'MOLCAS.3.rasscf.h5']
['copy', 'MOLCAS.JobIph', 'MOLCAS.3.JobIph']
['link', 'MOLCAS.1.JobIph', 'JOB001']
['rassi', 'dm', [4]]
['copy', 'MOLCAS.rassi.h5', 'MOLCAS.rassi.1.h5']
['link', 'MOLCAS.3.JobIph', 'JOB001']
['rassi', 'dm', [3]]
['copy', 'MOLCAS.rassi.h5', 'MOLCAS.rassi.3.h5']
['copy', '/project/lgagliardi/helenclifford/practice_rcc/sharc4/methaniminium/tutorial_reproduction/traj/Singlet_2/TRAJ_00007/restart/MOLCAS.1.JobIph.85', 'JOB001']
['link', 'MOLCAS.1.JobIph', 'JOB002']
['rassi', 'overlap', [4, 4]]
['copy', 'MOLCAS.rassi.h5', 'MOLCAS.rassi.ovlp.1.h5']
['copy', '/project/lgagliardi/helenclifford/practice_rcc/sharc4/methaniminium/tutorial_reproduction/traj/Singlet_2/TRAJ_00007/restart/MOLCAS.3.JobIph.85', 'JOB001']
['link', 'MOLCAS.3.JobIph', 'JOB002']
['rassi', 'overlap', [3, 3]]
['copy', 'MOLCAS.rassi.h5', 'MOLCAS.rassi.ovlp.3.h5']
['link', 'MOLCAS.1.JobIph', 'JOB001']
['link', 'MOLCAS.3.JobIph', 'JOB002']
['rassi', 'soc', [4, 3]]
['copy', '$master_path/MOLCAS.1.JobIph', 'JOBOLD']
['rasscf', 1, 4, True, False]
['mclr', 0.0001, 'sala=1']
['alaska']
All jobs finished:
job: master          code: 0    runtime: 0:00:16.580599
job: grad_1_1        code: 0    runtime: 0:00:08.782079

Starting job execution
['gateway']
['seward']
['copy', '/project/lgagliardi/helenclifford/practice_rcc/sharc4/methaniminium/tutorial_reproduction/traj/Singlet_2/TRAJ_00007/restart/MOLCAS.1.JobIph.86', 'JOBOLD']
['rasscf', 1, 4, True, False]
['copy', 'MOLCAS.rasscf.h5', 'MOLCAS.1.rasscf.h5']
['copy', 'MOLCAS.JobIph', 'MOLCAS.1.JobIph']
['copy', '/project/lgagliardi/helenclifford/practice_rcc/sharc4/methaniminium/tutorial_reproduction/traj/Singlet_2/TRAJ_00007/restart/MOLCAS.3.JobIph.86', 'JOBOLD']
['rasscf', 3, 3, True, False]
['copy', 'MOLCAS.rasscf.h5', 'MOLCAS.3.rasscf.h5']
['copy', 'MOLCAS.JobIph', 'MOLCAS.3.JobIph']
['link', 'MOLCAS.1.JobIph', 'JOB001']
['rassi', 'dm', [4]]
['copy', 'MOLCAS.rassi.h5', 'MOLCAS.rassi.1.h5']
['link', 'MOLCAS.3.JobIph', 'JOB001']
['rassi', 'dm', [3]]
['copy', 'MOLCAS.rassi.h5', 'MOLCAS.rassi.3.h5']
['copy', '/project/lgagliardi/helenclifford/practice_rcc/sharc4/methaniminium/tutorial_reproduction/traj/Singlet_2/TRAJ_00007/restart/MOLCAS.1.JobIph.86', 'JOB001']
['link', 'MOLCAS.1.JobIph', 'JOB002']
['rassi', 'overlap', [4, 4]]
['copy', 'MOLCAS.rassi.h5', 'MOLCAS.rassi.ovlp.1.h5']
['copy', '/project/lgagliardi/helenclifford/practice_rcc/sharc4/methaniminium/tutorial_reproduction/traj/Singlet_2/TRAJ_00007/restart/MOLCAS.3.JobIph.86', 'JOB001']
['link', 'MOLCAS.3.JobIph', 'JOB002']
['rassi', 'overlap', [3, 3]]
['copy', 'MOLCAS.rassi.h5', 'MOLCAS.rassi.ovlp.3.h5']
['link', 'MOLCAS.1.JobIph', 'JOB001']
['link', 'MOLCAS.3.JobIph', 'JOB002']
['rassi', 'soc', [4, 3]]
['copy', '$master_path/MOLCAS.1.JobIph', 'JOBOLD']
['rasscf', 1, 4, True, False]
['mclr', 0.0001, 'sala=1']
['alaska']
All jobs finished:
job: master          code: 0    runtime: 0:00:19.831782
job: grad_1_1        code: 0    runtime: 0:00:07.393360

Starting job execution
['gateway']
['seward']
['copy', '/project/lgagliardi/helenclifford/practice_rcc/sharc4/methaniminium/tutorial_reproduction/traj/Singlet_2/TRAJ_00007/restart/MOLCAS.1.JobIph.87', 'JOBOLD']
['rasscf', 1, 4, True, False]
['copy', 'MOLCAS.rasscf.h5', 'MOLCAS.1.rasscf.h5']
['copy', 'MOLCAS.JobIph', 'MOLCAS.1.JobIph']
['copy', '/project/lgagliardi/helenclifford/practice_rcc/sharc4/methaniminium/tutorial_reproduction/traj/Singlet_2/TRAJ_00007/restart/MOLCAS.3.JobIph.87', 'JOBOLD']
['rasscf', 3, 3, True, False]
['copy', 'MOLCAS.rasscf.h5', 'MOLCAS.3.rasscf.h5']
['copy', 'MOLCAS.JobIph', 'MOLCAS.3.JobIph']
['link', 'MOLCAS.1.JobIph', 'JOB001']
['rassi', 'dm', [4]]
['copy', 'MOLCAS.rassi.h5', 'MOLCAS.rassi.1.h5']
['link', 'MOLCAS.3.JobIph', 'JOB001']
['rassi', 'dm', [3]]
['copy', 'MOLCAS.rassi.h5', 'MOLCAS.rassi.3.h5']
['copy', '/project/lgagliardi/helenclifford/practice_rcc/sharc4/methaniminium/tutorial_reproduction/traj/Singlet_2/TRAJ_00007/restart/MOLCAS.1.JobIph.87', 'JOB001']
['link', 'MOLCAS.1.JobIph', 'JOB002']
['rassi', 'overlap', [4, 4]]
['copy', 'MOLCAS.rassi.h5', 'MOLCAS.rassi.ovlp.1.h5']
['copy', '/project/lgagliardi/helenclifford/practice_rcc/sharc4/methaniminium/tutorial_reproduction/traj/Singlet_2/TRAJ_00007/restart/MOLCAS.3.JobIph.87', 'JOB001']
['link', 'MOLCAS.3.JobIph', 'JOB002']
['rassi', 'overlap', [3, 3]]
['copy', 'MOLCAS.rassi.h5', 'MOLCAS.rassi.ovlp.3.h5']
['link', 'MOLCAS.1.JobIph', 'JOB001']
['link', 'MOLCAS.3.JobIph', 'JOB002']
['rassi', 'soc', [4, 3]]
['copy', '$master_path/MOLCAS.1.JobIph', 'JOBOLD']
['rasscf', 1, 4, True, False]
['mclr', 0.0001, 'sala=1']
['alaska']
All jobs finished:
job: master          code: 0    runtime: 0:00:21.388456
job: grad_1_1        code: 0    runtime: 0:00:09.770084

Starting job execution
['gateway']
['seward']
['copy', '/project/lgagliardi/helenclifford/practice_rcc/sharc4/methaniminium/tutorial_reproduction/traj/Singlet_2/TRAJ_00007/restart/MOLCAS.1.JobIph.88', 'JOBOLD']
['rasscf', 1, 4, True, False]
['copy', 'MOLCAS.rasscf.h5', 'MOLCAS.1.rasscf.h5']
['copy', 'MOLCAS.JobIph', 'MOLCAS.1.JobIph']
['copy', '/project/lgagliardi/helenclifford/practice_rcc/sharc4/methaniminium/tutorial_reproduction/traj/Singlet_2/TRAJ_00007/restart/MOLCAS.3.JobIph.88', 'JOBOLD']
['rasscf', 3, 3, True, False]
['copy', 'MOLCAS.rasscf.h5', 'MOLCAS.3.rasscf.h5']
['copy', 'MOLCAS.JobIph', 'MOLCAS.3.JobIph']
['link', 'MOLCAS.1.JobIph', 'JOB001']
['rassi', 'dm', [4]]
['copy', 'MOLCAS.rassi.h5', 'MOLCAS.rassi.1.h5']
['link', 'MOLCAS.3.JobIph', 'JOB001']
['rassi', 'dm', [3]]
['copy', 'MOLCAS.rassi.h5', 'MOLCAS.rassi.3.h5']
['copy', '/project/lgagliardi/helenclifford/practice_rcc/sharc4/methaniminium/tutorial_reproduction/traj/Singlet_2/TRAJ_00007/restart/MOLCAS.1.JobIph.88', 'JOB001']
['link', 'MOLCAS.1.JobIph', 'JOB002']
['rassi', 'overlap', [4, 4]]
['copy', 'MOLCAS.rassi.h5', 'MOLCAS.rassi.ovlp.1.h5']
['copy', '/project/lgagliardi/helenclifford/practice_rcc/sharc4/methaniminium/tutorial_reproduction/traj/Singlet_2/TRAJ_00007/restart/MOLCAS.3.JobIph.88', 'JOB001']
['link', 'MOLCAS.3.JobIph', 'JOB002']
['rassi', 'overlap', [3, 3]]
['copy', 'MOLCAS.rassi.h5', 'MOLCAS.rassi.ovlp.3.h5']
['link', 'MOLCAS.1.JobIph', 'JOB001']
['link', 'MOLCAS.3.JobIph', 'JOB002']
['rassi', 'soc', [4, 3]]
['copy', '$master_path/MOLCAS.1.JobIph', 'JOBOLD']
['rasscf', 1, 4, True, False]
['mclr', 0.0001, 'sala=1']
['alaska']
All jobs finished:
job: master          code: 0    runtime: 0:00:19.561517
job: grad_1_1        code: 0    runtime: 0:00:10.982519

Starting job execution
['gateway']
['seward']
['copy', '/project/lgagliardi/helenclifford/practice_rcc/sharc4/methaniminium/tutorial_reproduction/traj/Singlet_2/TRAJ_00007/restart/MOLCAS.1.JobIph.89', 'JOBOLD']
['rasscf', 1, 4, True, False]
['copy', 'MOLCAS.rasscf.h5', 'MOLCAS.1.rasscf.h5']
['copy', 'MOLCAS.JobIph', 'MOLCAS.1.JobIph']
['copy', '/project/lgagliardi/helenclifford/practice_rcc/sharc4/methaniminium/tutorial_reproduction/traj/Singlet_2/TRAJ_00007/restart/MOLCAS.3.JobIph.89', 'JOBOLD']
['rasscf', 3, 3, True, False]
['copy', 'MOLCAS.rasscf.h5', 'MOLCAS.3.rasscf.h5']
['copy', 'MOLCAS.JobIph', 'MOLCAS.3.JobIph']
['link', 'MOLCAS.1.JobIph', 'JOB001']
['rassi', 'dm', [4]]
['copy', 'MOLCAS.rassi.h5', 'MOLCAS.rassi.1.h5']
['link', 'MOLCAS.3.JobIph', 'JOB001']
['rassi', 'dm', [3]]
['copy', 'MOLCAS.rassi.h5', 'MOLCAS.rassi.3.h5']
['copy', '/project/lgagliardi/helenclifford/practice_rcc/sharc4/methaniminium/tutorial_reproduction/traj/Singlet_2/TRAJ_00007/restart/MOLCAS.1.JobIph.89', 'JOB001']
['link', 'MOLCAS.1.JobIph', 'JOB002']
['rassi', 'overlap', [4, 4]]
['copy', 'MOLCAS.rassi.h5', 'MOLCAS.rassi.ovlp.1.h5']
['copy', '/project/lgagliardi/helenclifford/practice_rcc/sharc4/methaniminium/tutorial_reproduction/traj/Singlet_2/TRAJ_00007/restart/MOLCAS.3.JobIph.89', 'JOB001']
['link', 'MOLCAS.3.JobIph', 'JOB002']
['rassi', 'overlap', [3, 3]]
['copy', 'MOLCAS.rassi.h5', 'MOLCAS.rassi.ovlp.3.h5']
['link', 'MOLCAS.1.JobIph', 'JOB001']
['link', 'MOLCAS.3.JobIph', 'JOB002']
['rassi', 'soc', [4, 3]]
['copy', '$master_path/MOLCAS.1.JobIph', 'JOBOLD']
['rasscf', 1, 4, True, False]
['mclr', 0.0001, 'sala=1']
['alaska']
All jobs finished:
job: master          code: 0    runtime: 0:00:18.497627
job: grad_1_1        code: 0    runtime: 0:00:09.037214

Starting job execution
['gateway']
['seward']
['copy', '/project/lgagliardi/helenclifford/practice_rcc/sharc4/methaniminium/tutorial_reproduction/traj/Singlet_2/TRAJ_00007/restart/MOLCAS.1.JobIph.90', 'JOBOLD']
['rasscf', 1, 4, True, False]
['copy', 'MOLCAS.rasscf.h5', 'MOLCAS.1.rasscf.h5']
['copy', 'MOLCAS.JobIph', 'MOLCAS.1.JobIph']
['copy', '/project/lgagliardi/helenclifford/practice_rcc/sharc4/methaniminium/tutorial_reproduction/traj/Singlet_2/TRAJ_00007/restart/MOLCAS.3.JobIph.90', 'JOBOLD']
['rasscf', 3, 3, True, False]
['copy', 'MOLCAS.rasscf.h5', 'MOLCAS.3.rasscf.h5']
['copy', 'MOLCAS.JobIph', 'MOLCAS.3.JobIph']
['link', 'MOLCAS.1.JobIph', 'JOB001']
['rassi', 'dm', [4]]
['copy', 'MOLCAS.rassi.h5', 'MOLCAS.rassi.1.h5']
['link', 'MOLCAS.3.JobIph', 'JOB001']
['rassi', 'dm', [3]]
['copy', 'MOLCAS.rassi.h5', 'MOLCAS.rassi.3.h5']
['copy', '/project/lgagliardi/helenclifford/practice_rcc/sharc4/methaniminium/tutorial_reproduction/traj/Singlet_2/TRAJ_00007/restart/MOLCAS.1.JobIph.90', 'JOB001']
['link', 'MOLCAS.1.JobIph', 'JOB002']
['rassi', 'overlap', [4, 4]]
['copy', 'MOLCAS.rassi.h5', 'MOLCAS.rassi.ovlp.1.h5']
['copy', '/project/lgagliardi/helenclifford/practice_rcc/sharc4/methaniminium/tutorial_reproduction/traj/Singlet_2/TRAJ_00007/restart/MOLCAS.3.JobIph.90', 'JOB001']
['link', 'MOLCAS.3.JobIph', 'JOB002']
['rassi', 'overlap', [3, 3]]
['copy', 'MOLCAS.rassi.h5', 'MOLCAS.rassi.ovlp.3.h5']
['link', 'MOLCAS.1.JobIph', 'JOB001']
['link', 'MOLCAS.3.JobIph', 'JOB002']
['rassi', 'soc', [4, 3]]
['copy', '$master_path/MOLCAS.1.JobIph', 'JOBOLD']
['rasscf', 1, 4, True, False]
['mclr', 0.0001, 'sala=1']
['alaska']
All jobs finished:
job: master          code: 0    runtime: 0:00:18.992450
job: grad_1_1        code: 0    runtime: 0:00:07.927106

Starting job execution
['gateway']
['seward']
['copy', '/project/lgagliardi/helenclifford/practice_rcc/sharc4/methaniminium/tutorial_reproduction/traj/Singlet_2/TRAJ_00007/restart/MOLCAS.1.JobIph.91', 'JOBOLD']
['rasscf', 1, 4, True, False]
['copy', 'MOLCAS.rasscf.h5', 'MOLCAS.1.rasscf.h5']
['copy', 'MOLCAS.JobIph', 'MOLCAS.1.JobIph']
['copy', '/project/lgagliardi/helenclifford/practice_rcc/sharc4/methaniminium/tutorial_reproduction/traj/Singlet_2/TRAJ_00007/restart/MOLCAS.3.JobIph.91', 'JOBOLD']
['rasscf', 3, 3, True, False]
['copy', 'MOLCAS.rasscf.h5', 'MOLCAS.3.rasscf.h5']
['copy', 'MOLCAS.JobIph', 'MOLCAS.3.JobIph']
['link', 'MOLCAS.1.JobIph', 'JOB001']
['rassi', 'dm', [4]]
['copy', 'MOLCAS.rassi.h5', 'MOLCAS.rassi.1.h5']
['link', 'MOLCAS.3.JobIph', 'JOB001']
['rassi', 'dm', [3]]
['copy', 'MOLCAS.rassi.h5', 'MOLCAS.rassi.3.h5']
['copy', '/project/lgagliardi/helenclifford/practice_rcc/sharc4/methaniminium/tutorial_reproduction/traj/Singlet_2/TRAJ_00007/restart/MOLCAS.1.JobIph.91', 'JOB001']
['link', 'MOLCAS.1.JobIph', 'JOB002']
['rassi', 'overlap', [4, 4]]
['copy', 'MOLCAS.rassi.h5', 'MOLCAS.rassi.ovlp.1.h5']
['copy', '/project/lgagliardi/helenclifford/practice_rcc/sharc4/methaniminium/tutorial_reproduction/traj/Singlet_2/TRAJ_00007/restart/MOLCAS.3.JobIph.91', 'JOB001']
['link', 'MOLCAS.3.JobIph', 'JOB002']
['rassi', 'overlap', [3, 3]]
['copy', 'MOLCAS.rassi.h5', 'MOLCAS.rassi.ovlp.3.h5']
['link', 'MOLCAS.1.JobIph', 'JOB001']
['link', 'MOLCAS.3.JobIph', 'JOB002']
['rassi', 'soc', [4, 3]]
['copy', '$master_path/MOLCAS.1.JobIph', 'JOBOLD']
['rasscf', 1, 4, True, False]
['mclr', 0.0001, 'sala=1']
['alaska']
All jobs finished:
job: master          code: 0    runtime: 0:00:21.926365
job: grad_1_1        code: 0    runtime: 0:00:11.574680

Starting job execution
['gateway']
['seward']
['copy', '/project/lgagliardi/helenclifford/practice_rcc/sharc4/methaniminium/tutorial_reproduction/traj/Singlet_2/TRAJ_00007/restart/MOLCAS.1.JobIph.92', 'JOBOLD']
['rasscf', 1, 4, True, False]
['copy', 'MOLCAS.rasscf.h5', 'MOLCAS.1.rasscf.h5']
['copy', 'MOLCAS.JobIph', 'MOLCAS.1.JobIph']
['copy', '/project/lgagliardi/helenclifford/practice_rcc/sharc4/methaniminium/tutorial_reproduction/traj/Singlet_2/TRAJ_00007/restart/MOLCAS.3.JobIph.92', 'JOBOLD']
['rasscf', 3, 3, True, False]
['copy', 'MOLCAS.rasscf.h5', 'MOLCAS.3.rasscf.h5']
['copy', 'MOLCAS.JobIph', 'MOLCAS.3.JobIph']
['link', 'MOLCAS.1.JobIph', 'JOB001']
['rassi', 'dm', [4]]
['copy', 'MOLCAS.rassi.h5', 'MOLCAS.rassi.1.h5']
['link', 'MOLCAS.3.JobIph', 'JOB001']
['rassi', 'dm', [3]]
['copy', 'MOLCAS.rassi.h5', 'MOLCAS.rassi.3.h5']
['copy', '/project/lgagliardi/helenclifford/practice_rcc/sharc4/methaniminium/tutorial_reproduction/traj/Singlet_2/TRAJ_00007/restart/MOLCAS.1.JobIph.91', 'JOB001']
['link', 'MOLCAS.1.JobIph', 'JOB002']
['rassi', 'overlap', [4, 4]]
['copy', 'MOLCAS.rassi.h5', 'MOLCAS.rassi.ovlp.1.h5']
['copy', '/project/lgagliardi/helenclifford/practice_rcc/sharc4/methaniminium/tutorial_reproduction/traj/Singlet_2/TRAJ_00007/restart/MOLCAS.3.JobIph.91', 'JOB001']
['link', 'MOLCAS.3.JobIph', 'JOB002']
['rassi', 'overlap', [3, 3]]
['copy', 'MOLCAS.rassi.h5', 'MOLCAS.rassi.ovlp.3.h5']
['link', 'MOLCAS.1.JobIph', 'JOB001']
['link', 'MOLCAS.3.JobIph', 'JOB002']
['rassi', 'soc', [4, 3]]
['copy', '$master_path/MOLCAS.3.JobIph', 'JOBOLD']
['rasscf', 3, 3, True, False]
['mclr', 0.0001, 'sala=1']
['alaska']
['copy', '$master_path/MOLCAS.1.JobIph', 'JOBOLD']
['rasscf', 1, 4, True, False]
['mclr', 0.0001, 'sala=1']
['alaska']
All jobs finished:
job: master          code: 0    runtime: 0:00:18.039377
job: grad_3_1        code: 0    runtime: 0:00:08.199950
job: grad_1_1        code: 0    runtime: 0:00:08.687038

Starting job execution
['gateway']
['seward']
['copy', '/project/lgagliardi/helenclifford/practice_rcc/sharc4/methaniminium/tutorial_reproduction/traj/Singlet_2/TRAJ_00007/restart/MOLCAS.1.JobIph.92', 'JOBOLD']
['rasscf', 1, 4, True, False]
['copy', 'MOLCAS.rasscf.h5', 'MOLCAS.1.rasscf.h5']
['copy', 'MOLCAS.JobIph', 'MOLCAS.1.JobIph']
['copy', '/project/lgagliardi/helenclifford/practice_rcc/sharc4/methaniminium/tutorial_reproduction/traj/Singlet_2/TRAJ_00007/restart/MOLCAS.3.JobIph.92', 'JOBOLD']
['rasscf', 3, 3, True, False]
['copy', 'MOLCAS.rasscf.h5', 'MOLCAS.3.rasscf.h5']
['copy', 'MOLCAS.JobIph', 'MOLCAS.3.JobIph']
['link', 'MOLCAS.1.JobIph', 'JOB001']
['rassi', 'dm', [4]]
['copy', 'MOLCAS.rassi.h5', 'MOLCAS.rassi.1.h5']
['link', 'MOLCAS.3.JobIph', 'JOB001']
['rassi', 'dm', [3]]
['copy', 'MOLCAS.rassi.h5', 'MOLCAS.rassi.3.h5']
['copy', '/project/lgagliardi/helenclifford/practice_rcc/sharc4/methaniminium/tutorial_reproduction/traj/Singlet_2/TRAJ_00007/restart/MOLCAS.1.JobIph.92', 'JOB001']
['link', 'MOLCAS.1.JobIph', 'JOB002']
['rassi', 'overlap', [4, 4]]
['copy', 'MOLCAS.rassi.h5', 'MOLCAS.rassi.ovlp.1.h5']
['copy', '/project/lgagliardi/helenclifford/practice_rcc/sharc4/methaniminium/tutorial_reproduction/traj/Singlet_2/TRAJ_00007/restart/MOLCAS.3.JobIph.92', 'JOB001']
['link', 'MOLCAS.3.JobIph', 'JOB002']
['rassi', 'overlap', [3, 3]]
['copy', 'MOLCAS.rassi.h5', 'MOLCAS.rassi.ovlp.3.h5']
['link', 'MOLCAS.1.JobIph', 'JOB001']
['link', 'MOLCAS.3.JobIph', 'JOB002']
['rassi', 'soc', [4, 3]]
['copy', '$master_path/MOLCAS.3.JobIph', 'JOBOLD']
['rasscf', 3, 3, True, False]
['mclr', 0.0001, 'sala=1']
['alaska']
['copy', '$master_path/MOLCAS.1.JobIph', 'JOBOLD']
['rasscf', 1, 4, True, False]
['mclr', 0.0001, 'sala=1']
['alaska']
All jobs finished:
job: master          code: 0    runtime: 0:00:16.384667
job: grad_3_1        code: 0    runtime: 0:00:07.659715
job: grad_1_1        code: 0    runtime: 0:00:08.726704

Starting job execution
['gateway']
['seward']
['copy', '/project/lgagliardi/helenclifford/practice_rcc/sharc4/methaniminium/tutorial_reproduction/traj/Singlet_2/TRAJ_00007/restart/MOLCAS.1.JobIph.93', 'JOBOLD']
['rasscf', 1, 4, True, False]
['copy', 'MOLCAS.rasscf.h5', 'MOLCAS.1.rasscf.h5']
['copy', 'MOLCAS.JobIph', 'MOLCAS.1.JobIph']
['copy', '/project/lgagliardi/helenclifford/practice_rcc/sharc4/methaniminium/tutorial_reproduction/traj/Singlet_2/TRAJ_00007/restart/MOLCAS.3.JobIph.93', 'JOBOLD']
['rasscf', 3, 3, True, False]
['copy', 'MOLCAS.rasscf.h5', 'MOLCAS.3.rasscf.h5']
['copy', 'MOLCAS.JobIph', 'MOLCAS.3.JobIph']
['link', 'MOLCAS.1.JobIph', 'JOB001']
['rassi', 'dm', [4]]
['copy', 'MOLCAS.rassi.h5', 'MOLCAS.rassi.1.h5']
['link', 'MOLCAS.3.JobIph', 'JOB001']
['rassi', 'dm', [3]]
['copy', 'MOLCAS.rassi.h5', 'MOLCAS.rassi.3.h5']
['copy', '/project/lgagliardi/helenclifford/practice_rcc/sharc4/methaniminium/tutorial_reproduction/traj/Singlet_2/TRAJ_00007/restart/MOLCAS.1.JobIph.93', 'JOB001']
['link', 'MOLCAS.1.JobIph', 'JOB002']
['rassi', 'overlap', [4, 4]]
['copy', 'MOLCAS.rassi.h5', 'MOLCAS.rassi.ovlp.1.h5']
['copy', '/project/lgagliardi/helenclifford/practice_rcc/sharc4/methaniminium/tutorial_reproduction/traj/Singlet_2/TRAJ_00007/restart/MOLCAS.3.JobIph.93', 'JOB001']
['link', 'MOLCAS.3.JobIph', 'JOB002']
['rassi', 'overlap', [3, 3]]
['copy', 'MOLCAS.rassi.h5', 'MOLCAS.rassi.ovlp.3.h5']
['link', 'MOLCAS.1.JobIph', 'JOB001']
['link', 'MOLCAS.3.JobIph', 'JOB002']
['rassi', 'soc', [4, 3]]
['copy', '$master_path/MOLCAS.3.JobIph', 'JOBOLD']
['rasscf', 3, 3, True, False]
['mclr', 0.0001, 'sala=1']
['alaska']
['copy', '$master_path/MOLCAS.1.JobIph', 'JOBOLD']
['rasscf', 1, 4, True, False]
['mclr', 0.0001, 'sala=1']
['alaska']
All jobs finished:
job: master          code: 0    runtime: 0:00:16.491611
job: grad_3_1        code: 0    runtime: 0:00:07.747055
job: grad_1_1        code: 0    runtime: 0:00:09.322502

Starting job execution
['gateway']
['seward']
['copy', '/project/lgagliardi/helenclifford/practice_rcc/sharc4/methaniminium/tutorial_reproduction/traj/Singlet_2/TRAJ_00007/restart/MOLCAS.1.JobIph.94', 'JOBOLD']
['rasscf', 1, 4, True, False]
['copy', 'MOLCAS.rasscf.h5', 'MOLCAS.1.rasscf.h5']
['copy', 'MOLCAS.JobIph', 'MOLCAS.1.JobIph']
['copy', '/project/lgagliardi/helenclifford/practice_rcc/sharc4/methaniminium/tutorial_reproduction/traj/Singlet_2/TRAJ_00007/restart/MOLCAS.3.JobIph.94', 'JOBOLD']
['rasscf', 3, 3, True, False]
['copy', 'MOLCAS.rasscf.h5', 'MOLCAS.3.rasscf.h5']
['copy', 'MOLCAS.JobIph', 'MOLCAS.3.JobIph']
['link', 'MOLCAS.1.JobIph', 'JOB001']
['rassi', 'dm', [4]]
['copy', 'MOLCAS.rassi.h5', 'MOLCAS.rassi.1.h5']
['link', 'MOLCAS.3.JobIph', 'JOB001']
['rassi', 'dm', [3]]
['copy', 'MOLCAS.rassi.h5', 'MOLCAS.rassi.3.h5']
['copy', '/project/lgagliardi/helenclifford/practice_rcc/sharc4/methaniminium/tutorial_reproduction/traj/Singlet_2/TRAJ_00007/restart/MOLCAS.1.JobIph.94', 'JOB001']
['link', 'MOLCAS.1.JobIph', 'JOB002']
['rassi', 'overlap', [4, 4]]
['copy', 'MOLCAS.rassi.h5', 'MOLCAS.rassi.ovlp.1.h5']
['copy', '/project/lgagliardi/helenclifford/practice_rcc/sharc4/methaniminium/tutorial_reproduction/traj/Singlet_2/TRAJ_00007/restart/MOLCAS.3.JobIph.94', 'JOB001']
['link', 'MOLCAS.3.JobIph', 'JOB002']
['rassi', 'overlap', [3, 3]]
['copy', 'MOLCAS.rassi.h5', 'MOLCAS.rassi.ovlp.3.h5']
['link', 'MOLCAS.1.JobIph', 'JOB001']
['link', 'MOLCAS.3.JobIph', 'JOB002']
['rassi', 'soc', [4, 3]]
['copy', '$master_path/MOLCAS.1.JobIph', 'JOBOLD']
['rasscf', 1, 4, True, False]
['mclr', 0.0001, 'sala=1']
['alaska']
All jobs finished:
job: master          code: 0    runtime: 0:00:19.263105
job: grad_1_1        code: 0    runtime: 0:00:12.344134

Starting job execution
['gateway']
['seward']
['copy', '/project/lgagliardi/helenclifford/practice_rcc/sharc4/methaniminium/tutorial_reproduction/traj/Singlet_2/TRAJ_00007/restart/MOLCAS.1.JobIph.95', 'JOBOLD']
['rasscf', 1, 4, True, False]
['copy', 'MOLCAS.rasscf.h5', 'MOLCAS.1.rasscf.h5']
['copy', 'MOLCAS.JobIph', 'MOLCAS.1.JobIph']
['copy', '/project/lgagliardi/helenclifford/practice_rcc/sharc4/methaniminium/tutorial_reproduction/traj/Singlet_2/TRAJ_00007/restart/MOLCAS.3.JobIph.95', 'JOBOLD']
['rasscf', 3, 3, True, False]
['copy', 'MOLCAS.rasscf.h5', 'MOLCAS.3.rasscf.h5']
['copy', 'MOLCAS.JobIph', 'MOLCAS.3.JobIph']
['link', 'MOLCAS.1.JobIph', 'JOB001']
['rassi', 'dm', [4]]
['copy', 'MOLCAS.rassi.h5', 'MOLCAS.rassi.1.h5']
['link', 'MOLCAS.3.JobIph', 'JOB001']
['rassi', 'dm', [3]]
['copy', 'MOLCAS.rassi.h5', 'MOLCAS.rassi.3.h5']
['copy', '/project/lgagliardi/helenclifford/practice_rcc/sharc4/methaniminium/tutorial_reproduction/traj/Singlet_2/TRAJ_00007/restart/MOLCAS.1.JobIph.95', 'JOB001']
['link', 'MOLCAS.1.JobIph', 'JOB002']
['rassi', 'overlap', [4, 4]]
['copy', 'MOLCAS.rassi.h5', 'MOLCAS.rassi.ovlp.1.h5']
['copy', '/project/lgagliardi/helenclifford/practice_rcc/sharc4/methaniminium/tutorial_reproduction/traj/Singlet_2/TRAJ_00007/restart/MOLCAS.3.JobIph.95', 'JOB001']
['link', 'MOLCAS.3.JobIph', 'JOB002']
['rassi', 'overlap', [3, 3]]
['copy', 'MOLCAS.rassi.h5', 'MOLCAS.rassi.ovlp.3.h5']
['link', 'MOLCAS.1.JobIph', 'JOB001']
['link', 'MOLCAS.3.JobIph', 'JOB002']
['rassi', 'soc', [4, 3]]
['copy', '$master_path/MOLCAS.1.JobIph', 'JOBOLD']
['rasscf', 1, 4, True, False]
['mclr', 0.0001, 'sala=1']
['alaska']
All jobs finished:
job: master          code: 0    runtime: 0:00:21.592377
job: grad_1_1        code: 0    runtime: 0:00:10.772825

Starting job execution
['gateway']
['seward']
['copy', '/project/lgagliardi/helenclifford/practice_rcc/sharc4/methaniminium/tutorial_reproduction/traj/Singlet_2/TRAJ_00007/restart/MOLCAS.1.JobIph.96', 'JOBOLD']
['rasscf', 1, 4, True, False]
['copy', 'MOLCAS.rasscf.h5', 'MOLCAS.1.rasscf.h5']
['copy', 'MOLCAS.JobIph', 'MOLCAS.1.JobIph']
['copy', '/project/lgagliardi/helenclifford/practice_rcc/sharc4/methaniminium/tutorial_reproduction/traj/Singlet_2/TRAJ_00007/restart/MOLCAS.3.JobIph.96', 'JOBOLD']
['rasscf', 3, 3, True, False]
['copy', 'MOLCAS.rasscf.h5', 'MOLCAS.3.rasscf.h5']
['copy', 'MOLCAS.JobIph', 'MOLCAS.3.JobIph']
['link', 'MOLCAS.1.JobIph', 'JOB001']
['rassi', 'dm', [4]]
['copy', 'MOLCAS.rassi.h5', 'MOLCAS.rassi.1.h5']
['link', 'MOLCAS.3.JobIph', 'JOB001']
['rassi', 'dm', [3]]
['copy', 'MOLCAS.rassi.h5', 'MOLCAS.rassi.3.h5']
['copy', '/project/lgagliardi/helenclifford/practice_rcc/sharc4/methaniminium/tutorial_reproduction/traj/Singlet_2/TRAJ_00007/restart/MOLCAS.1.JobIph.96', 'JOB001']
['link', 'MOLCAS.1.JobIph', 'JOB002']
['rassi', 'overlap', [4, 4]]
['copy', 'MOLCAS.rassi.h5', 'MOLCAS.rassi.ovlp.1.h5']
['copy', '/project/lgagliardi/helenclifford/practice_rcc/sharc4/methaniminium/tutorial_reproduction/traj/Singlet_2/TRAJ_00007/restart/MOLCAS.3.JobIph.96', 'JOB001']
['link', 'MOLCAS.3.JobIph', 'JOB002']
['rassi', 'overlap', [3, 3]]
['copy', 'MOLCAS.rassi.h5', 'MOLCAS.rassi.ovlp.3.h5']
['link', 'MOLCAS.1.JobIph', 'JOB001']
['link', 'MOLCAS.3.JobIph', 'JOB002']
['rassi', 'soc', [4, 3]]
['copy', '$master_path/MOLCAS.1.JobIph', 'JOBOLD']
['rasscf', 1, 4, True, False]
['mclr', 0.0001, 'sala=1']
['alaska']
All jobs finished:
job: master          code: 0    runtime: 0:00:16.572622
job: grad_1_1        code: 0    runtime: 0:00:07.520511

Starting job execution
['gateway']
['seward']
['copy', '/project/lgagliardi/helenclifford/practice_rcc/sharc4/methaniminium/tutorial_reproduction/traj/Singlet_2/TRAJ_00007/restart/MOLCAS.1.JobIph.97', 'JOBOLD']
['rasscf', 1, 4, True, False]
['copy', 'MOLCAS.rasscf.h5', 'MOLCAS.1.rasscf.h5']
['copy', 'MOLCAS.JobIph', 'MOLCAS.1.JobIph']
['copy', '/project/lgagliardi/helenclifford/practice_rcc/sharc4/methaniminium/tutorial_reproduction/traj/Singlet_2/TRAJ_00007/restart/MOLCAS.3.JobIph.97', 'JOBOLD']
['rasscf', 3, 3, True, False]
['copy', 'MOLCAS.rasscf.h5', 'MOLCAS.3.rasscf.h5']
['copy', 'MOLCAS.JobIph', 'MOLCAS.3.JobIph']
['link', 'MOLCAS.1.JobIph', 'JOB001']
['rassi', 'dm', [4]]
['copy', 'MOLCAS.rassi.h5', 'MOLCAS.rassi.1.h5']
['link', 'MOLCAS.3.JobIph', 'JOB001']
['rassi', 'dm', [3]]
['copy', 'MOLCAS.rassi.h5', 'MOLCAS.rassi.3.h5']
['copy', '/project/lgagliardi/helenclifford/practice_rcc/sharc4/methaniminium/tutorial_reproduction/traj/Singlet_2/TRAJ_00007/restart/MOLCAS.1.JobIph.97', 'JOB001']
['link', 'MOLCAS.1.JobIph', 'JOB002']
['rassi', 'overlap', [4, 4]]
['copy', 'MOLCAS.rassi.h5', 'MOLCAS.rassi.ovlp.1.h5']
['copy', '/project/lgagliardi/helenclifford/practice_rcc/sharc4/methaniminium/tutorial_reproduction/traj/Singlet_2/TRAJ_00007/restart/MOLCAS.3.JobIph.97', 'JOB001']
['link', 'MOLCAS.3.JobIph', 'JOB002']
['rassi', 'overlap', [3, 3]]
['copy', 'MOLCAS.rassi.h5', 'MOLCAS.rassi.ovlp.3.h5']
['link', 'MOLCAS.1.JobIph', 'JOB001']
['link', 'MOLCAS.3.JobIph', 'JOB002']
['rassi', 'soc', [4, 3]]
['copy', '$master_path/MOLCAS.1.JobIph', 'JOBOLD']
['rasscf', 1, 4, True, False]
['mclr', 0.0001, 'sala=1']
['alaska']
All jobs finished:
job: master          code: 0    runtime: 0:00:18.503091
job: grad_1_1        code: 0    runtime: 0:00:02.632111

Starting job execution
['gateway']
['seward']
['copy', '/project/lgagliardi/helenclifford/practice_rcc/sharc4/methaniminium/tutorial_reproduction/traj/Singlet_2/TRAJ_00007/restart/MOLCAS.1.JobIph.98', 'JOBOLD']
['rasscf', 1, 4, True, False]
['copy', 'MOLCAS.rasscf.h5', 'MOLCAS.1.rasscf.h5']
['copy', 'MOLCAS.JobIph', 'MOLCAS.1.JobIph']
['copy', '/project/lgagliardi/helenclifford/practice_rcc/sharc4/methaniminium/tutorial_reproduction/traj/Singlet_2/TRAJ_00007/restart/MOLCAS.3.JobIph.98', 'JOBOLD']
['rasscf', 3, 3, True, False]
['copy', 'MOLCAS.rasscf.h5', 'MOLCAS.3.rasscf.h5']
['copy', 'MOLCAS.JobIph', 'MOLCAS.3.JobIph']
['link', 'MOLCAS.1.JobIph', 'JOB001']
['rassi', 'dm', [4]]
['copy', 'MOLCAS.rassi.h5', 'MOLCAS.rassi.1.h5']
['link', 'MOLCAS.3.JobIph', 'JOB001']
['rassi', 'dm', [3]]
['copy', 'MOLCAS.rassi.h5', 'MOLCAS.rassi.3.h5']
['copy', '/project/lgagliardi/helenclifford/practice_rcc/sharc4/methaniminium/tutorial_reproduction/traj/Singlet_2/TRAJ_00007/restart/MOLCAS.1.JobIph.98', 'JOB001']
['link', 'MOLCAS.1.JobIph', 'JOB002']
['rassi', 'overlap', [4, 4]]
['copy', 'MOLCAS.rassi.h5', 'MOLCAS.rassi.ovlp.1.h5']
['copy', '/project/lgagliardi/helenclifford/practice_rcc/sharc4/methaniminium/tutorial_reproduction/traj/Singlet_2/TRAJ_00007/restart/MOLCAS.3.JobIph.98', 'JOB001']
['link', 'MOLCAS.3.JobIph', 'JOB002']
['rassi', 'overlap', [3, 3]]
['copy', 'MOLCAS.rassi.h5', 'MOLCAS.rassi.ovlp.3.h5']
['link', 'MOLCAS.1.JobIph', 'JOB001']
['link', 'MOLCAS.3.JobIph', 'JOB002']
['rassi', 'soc', [4, 3]]
['copy', '$master_path/MOLCAS.1.JobIph', 'JOBOLD']
['rasscf', 1, 4, True, False]
['mclr', 0.0001, 'sala=1']
['alaska']
All jobs finished:
job: master          code: 0    runtime: 0:00:30.530012
job: grad_1_1        code: 0    runtime: 0:00:12.963983

Starting job execution
['gateway']
['seward']
['copy', '/project/lgagliardi/helenclifford/practice_rcc/sharc4/methaniminium/tutorial_reproduction/traj/Singlet_2/TRAJ_00007/restart/MOLCAS.1.JobIph.99', 'JOBOLD']
['rasscf', 1, 4, True, False]
['copy', 'MOLCAS.rasscf.h5', 'MOLCAS.1.rasscf.h5']
['copy', 'MOLCAS.JobIph', 'MOLCAS.1.JobIph']
['copy', '/project/lgagliardi/helenclifford/practice_rcc/sharc4/methaniminium/tutorial_reproduction/traj/Singlet_2/TRAJ_00007/restart/MOLCAS.3.JobIph.99', 'JOBOLD']
['rasscf', 3, 3, True, False]
['copy', 'MOLCAS.rasscf.h5', 'MOLCAS.3.rasscf.h5']
['copy', 'MOLCAS.JobIph', 'MOLCAS.3.JobIph']
['link', 'MOLCAS.1.JobIph', 'JOB001']
['rassi', 'dm', [4]]
['copy', 'MOLCAS.rassi.h5', 'MOLCAS.rassi.1.h5']
['link', 'MOLCAS.3.JobIph', 'JOB001']
['rassi', 'dm', [3]]
['copy', 'MOLCAS.rassi.h5', 'MOLCAS.rassi.3.h5']
['copy', '/project/lgagliardi/helenclifford/practice_rcc/sharc4/methaniminium/tutorial_reproduction/traj/Singlet_2/TRAJ_00007/restart/MOLCAS.1.JobIph.99', 'JOB001']
['link', 'MOLCAS.1.JobIph', 'JOB002']
['rassi', 'overlap', [4, 4]]
['copy', 'MOLCAS.rassi.h5', 'MOLCAS.rassi.ovlp.1.h5']
['copy', '/project/lgagliardi/helenclifford/practice_rcc/sharc4/methaniminium/tutorial_reproduction/traj/Singlet_2/TRAJ_00007/restart/MOLCAS.3.JobIph.99', 'JOB001']
['link', 'MOLCAS.3.JobIph', 'JOB002']
['rassi', 'overlap', [3, 3]]
['copy', 'MOLCAS.rassi.h5', 'MOLCAS.rassi.ovlp.3.h5']
['link', 'MOLCAS.1.JobIph', 'JOB001']
['link', 'MOLCAS.3.JobIph', 'JOB002']
['rassi', 'soc', [4, 3]]
['copy', '$master_path/MOLCAS.1.JobIph', 'JOBOLD']
['rasscf', 1, 4, True, False]
['mclr', 0.0001, 'sala=1']
['alaska']
All jobs finished:
job: master          code: 0    runtime: 0:00:20.778647
job: grad_1_1        code: 0    runtime: 0:00:10.417034

Starting job execution
['gateway']
['seward']
['copy', '/project/lgagliardi/helenclifford/practice_rcc/sharc4/methaniminium/tutorial_reproduction/traj/Singlet_2/TRAJ_00007/restart/MOLCAS.1.JobIph.100', 'JOBOLD']
['rasscf', 1, 4, True, False]
['copy', 'MOLCAS.rasscf.h5', 'MOLCAS.1.rasscf.h5']
['copy', 'MOLCAS.JobIph', 'MOLCAS.1.JobIph']
['copy', '/project/lgagliardi/helenclifford/practice_rcc/sharc4/methaniminium/tutorial_reproduction/traj/Singlet_2/TRAJ_00007/restart/MOLCAS.3.JobIph.100', 'JOBOLD']
['rasscf', 3, 3, True, False]
['copy', 'MOLCAS.rasscf.h5', 'MOLCAS.3.rasscf.h5']
['copy', 'MOLCAS.JobIph', 'MOLCAS.3.JobIph']
['link', 'MOLCAS.1.JobIph', 'JOB001']
['rassi', 'dm', [4]]
['copy', 'MOLCAS.rassi.h5', 'MOLCAS.rassi.1.h5']
['link', 'MOLCAS.3.JobIph', 'JOB001']
['rassi', 'dm', [3]]
['copy', 'MOLCAS.rassi.h5', 'MOLCAS.rassi.3.h5']
['copy', '/project/lgagliardi/helenclifford/practice_rcc/sharc4/methaniminium/tutorial_reproduction/traj/Singlet_2/TRAJ_00007/restart/MOLCAS.1.JobIph.100', 'JOB001']
['link', 'MOLCAS.1.JobIph', 'JOB002']
['rassi', 'overlap', [4, 4]]
['copy', 'MOLCAS.rassi.h5', 'MOLCAS.rassi.ovlp.1.h5']
['copy', '/project/lgagliardi/helenclifford/practice_rcc/sharc4/methaniminium/tutorial_reproduction/traj/Singlet_2/TRAJ_00007/restart/MOLCAS.3.JobIph.100', 'JOB001']
['link', 'MOLCAS.3.JobIph', 'JOB002']
['rassi', 'overlap', [3, 3]]
['copy', 'MOLCAS.rassi.h5', 'MOLCAS.rassi.ovlp.3.h5']
['link', 'MOLCAS.1.JobIph', 'JOB001']
['link', 'MOLCAS.3.JobIph', 'JOB002']
['rassi', 'soc', [4, 3]]
['copy', '$master_path/MOLCAS.1.JobIph', 'JOBOLD']
['rasscf', 1, 4, True, False]
['mclr', 0.0001, 'sala=1']
['alaska']
All jobs finished:
job: master          code: 0    runtime: 0:00:14.229741
job: grad_1_1        code: 0    runtime: 0:00:12.829367

Starting job execution
['gateway']
['seward']
['copy', '/project/lgagliardi/helenclifford/practice_rcc/sharc4/methaniminium/tutorial_reproduction/traj/Singlet_2/TRAJ_00007/restart/MOLCAS.1.JobIph.101', 'JOBOLD']
['rasscf', 1, 4, True, False]
['copy', 'MOLCAS.rasscf.h5', 'MOLCAS.1.rasscf.h5']
['copy', 'MOLCAS.JobIph', 'MOLCAS.1.JobIph']
['copy', '/project/lgagliardi/helenclifford/practice_rcc/sharc4/methaniminium/tutorial_reproduction/traj/Singlet_2/TRAJ_00007/restart/MOLCAS.3.JobIph.101', 'JOBOLD']
['rasscf', 3, 3, True, False]
['copy', 'MOLCAS.rasscf.h5', 'MOLCAS.3.rasscf.h5']
['copy', 'MOLCAS.JobIph', 'MOLCAS.3.JobIph']
['link', 'MOLCAS.1.JobIph', 'JOB001']
['rassi', 'dm', [4]]
['copy', 'MOLCAS.rassi.h5', 'MOLCAS.rassi.1.h5']
['link', 'MOLCAS.3.JobIph', 'JOB001']
['rassi', 'dm', [3]]
['copy', 'MOLCAS.rassi.h5', 'MOLCAS.rassi.3.h5']
['copy', '/project/lgagliardi/helenclifford/practice_rcc/sharc4/methaniminium/tutorial_reproduction/traj/Singlet_2/TRAJ_00007/restart/MOLCAS.1.JobIph.101', 'JOB001']
['link', 'MOLCAS.1.JobIph', 'JOB002']
['rassi', 'overlap', [4, 4]]
['copy', 'MOLCAS.rassi.h5', 'MOLCAS.rassi.ovlp.1.h5']
['copy', '/project/lgagliardi/helenclifford/practice_rcc/sharc4/methaniminium/tutorial_reproduction/traj/Singlet_2/TRAJ_00007/restart/MOLCAS.3.JobIph.101', 'JOB001']
['link', 'MOLCAS.3.JobIph', 'JOB002']
['rassi', 'overlap', [3, 3]]
['copy', 'MOLCAS.rassi.h5', 'MOLCAS.rassi.ovlp.3.h5']
['link', 'MOLCAS.1.JobIph', 'JOB001']
['link', 'MOLCAS.3.JobIph', 'JOB002']
['rassi', 'soc', [4, 3]]
['copy', '$master_path/MOLCAS.1.JobIph', 'JOBOLD']
['rasscf', 1, 4, True, False]
['mclr', 0.0001, 'sala=1']
['alaska']
All jobs finished:
job: master          code: 0    runtime: 0:00:19.373202
job: grad_1_1        code: 0    runtime: 0:00:07.451094

Starting job execution
['gateway']
['seward']
['copy', '/project/lgagliardi/helenclifford/practice_rcc/sharc4/methaniminium/tutorial_reproduction/traj/Singlet_2/TRAJ_00007/restart/MOLCAS.1.JobIph.102', 'JOBOLD']
['rasscf', 1, 4, True, False]
['copy', 'MOLCAS.rasscf.h5', 'MOLCAS.1.rasscf.h5']
['copy', 'MOLCAS.JobIph', 'MOLCAS.1.JobIph']
['copy', '/project/lgagliardi/helenclifford/practice_rcc/sharc4/methaniminium/tutorial_reproduction/traj/Singlet_2/TRAJ_00007/restart/MOLCAS.3.JobIph.102', 'JOBOLD']
['rasscf', 3, 3, True, False]
['copy', 'MOLCAS.rasscf.h5', 'MOLCAS.3.rasscf.h5']
['copy', 'MOLCAS.JobIph', 'MOLCAS.3.JobIph']
['link', 'MOLCAS.1.JobIph', 'JOB001']
['rassi', 'dm', [4]]
['copy', 'MOLCAS.rassi.h5', 'MOLCAS.rassi.1.h5']
['link', 'MOLCAS.3.JobIph', 'JOB001']
['rassi', 'dm', [3]]
['copy', 'MOLCAS.rassi.h5', 'MOLCAS.rassi.3.h5']
['copy', '/project/lgagliardi/helenclifford/practice_rcc/sharc4/methaniminium/tutorial_reproduction/traj/Singlet_2/TRAJ_00007/restart/MOLCAS.1.JobIph.102', 'JOB001']
['link', 'MOLCAS.1.JobIph', 'JOB002']
['rassi', 'overlap', [4, 4]]
['copy', 'MOLCAS.rassi.h5', 'MOLCAS.rassi.ovlp.1.h5']
['copy', '/project/lgagliardi/helenclifford/practice_rcc/sharc4/methaniminium/tutorial_reproduction/traj/Singlet_2/TRAJ_00007/restart/MOLCAS.3.JobIph.102', 'JOB001']
['link', 'MOLCAS.3.JobIph', 'JOB002']
['rassi', 'overlap', [3, 3]]
['copy', 'MOLCAS.rassi.h5', 'MOLCAS.rassi.ovlp.3.h5']
['link', 'MOLCAS.1.JobIph', 'JOB001']
['link', 'MOLCAS.3.JobIph', 'JOB002']
['rassi', 'soc', [4, 3]]
['copy', '$master_path/MOLCAS.1.JobIph', 'JOBOLD']
['rasscf', 1, 4, True, False]
['mclr', 0.0001, 'sala=1']
['alaska']
All jobs finished:
job: master          code: 0    runtime: 0:00:20.814145
job: grad_1_1        code: 0    runtime: 0:00:07.240048

Starting job execution
['gateway']
['seward']
['copy', '/project/lgagliardi/helenclifford/practice_rcc/sharc4/methaniminium/tutorial_reproduction/traj/Singlet_2/TRAJ_00007/restart/MOLCAS.1.JobIph.103', 'JOBOLD']
['rasscf', 1, 4, True, False]
['copy', 'MOLCAS.rasscf.h5', 'MOLCAS.1.rasscf.h5']
['copy', 'MOLCAS.JobIph', 'MOLCAS.1.JobIph']
['copy', '/project/lgagliardi/helenclifford/practice_rcc/sharc4/methaniminium/tutorial_reproduction/traj/Singlet_2/TRAJ_00007/restart/MOLCAS.3.JobIph.103', 'JOBOLD']
['rasscf', 3, 3, True, False]
['copy', 'MOLCAS.rasscf.h5', 'MOLCAS.3.rasscf.h5']
['copy', 'MOLCAS.JobIph', 'MOLCAS.3.JobIph']
['link', 'MOLCAS.1.JobIph', 'JOB001']
['rassi', 'dm', [4]]
['copy', 'MOLCAS.rassi.h5', 'MOLCAS.rassi.1.h5']
['link', 'MOLCAS.3.JobIph', 'JOB001']
['rassi', 'dm', [3]]
['copy', 'MOLCAS.rassi.h5', 'MOLCAS.rassi.3.h5']
['copy', '/project/lgagliardi/helenclifford/practice_rcc/sharc4/methaniminium/tutorial_reproduction/traj/Singlet_2/TRAJ_00007/restart/MOLCAS.1.JobIph.103', 'JOB001']
['link', 'MOLCAS.1.JobIph', 'JOB002']
['rassi', 'overlap', [4, 4]]
['copy', 'MOLCAS.rassi.h5', 'MOLCAS.rassi.ovlp.1.h5']
['copy', '/project/lgagliardi/helenclifford/practice_rcc/sharc4/methaniminium/tutorial_reproduction/traj/Singlet_2/TRAJ_00007/restart/MOLCAS.3.JobIph.103', 'JOB001']
['link', 'MOLCAS.3.JobIph', 'JOB002']
['rassi', 'overlap', [3, 3]]
['copy', 'MOLCAS.rassi.h5', 'MOLCAS.rassi.ovlp.3.h5']
['link', 'MOLCAS.1.JobIph', 'JOB001']
['link', 'MOLCAS.3.JobIph', 'JOB002']
['rassi', 'soc', [4, 3]]
['copy', '$master_path/MOLCAS.1.JobIph', 'JOBOLD']
['rasscf', 1, 4, True, False]
['mclr', 0.0001, 'sala=1']
['alaska']
All jobs finished:
job: master          code: 0    runtime: 0:00:26.798914
job: grad_1_1        code: 0    runtime: 0:00:12.883663

Starting job execution
['gateway']
['seward']
['copy', '/project/lgagliardi/helenclifford/practice_rcc/sharc4/methaniminium/tutorial_reproduction/traj/Singlet_2/TRAJ_00007/restart/MOLCAS.1.JobIph.104', 'JOBOLD']
['rasscf', 1, 4, True, False]
['copy', 'MOLCAS.rasscf.h5', 'MOLCAS.1.rasscf.h5']
['copy', 'MOLCAS.JobIph', 'MOLCAS.1.JobIph']
['copy', '/project/lgagliardi/helenclifford/practice_rcc/sharc4/methaniminium/tutorial_reproduction/traj/Singlet_2/TRAJ_00007/restart/MOLCAS.3.JobIph.104', 'JOBOLD']
['rasscf', 3, 3, True, False]
['copy', 'MOLCAS.rasscf.h5', 'MOLCAS.3.rasscf.h5']
['copy', 'MOLCAS.JobIph', 'MOLCAS.3.JobIph']
['link', 'MOLCAS.1.JobIph', 'JOB001']
['rassi', 'dm', [4]]
['copy', 'MOLCAS.rassi.h5', 'MOLCAS.rassi.1.h5']
['link', 'MOLCAS.3.JobIph', 'JOB001']
['rassi', 'dm', [3]]
['copy', 'MOLCAS.rassi.h5', 'MOLCAS.rassi.3.h5']
['copy', '/project/lgagliardi/helenclifford/practice_rcc/sharc4/methaniminium/tutorial_reproduction/traj/Singlet_2/TRAJ_00007/restart/MOLCAS.1.JobIph.104', 'JOB001']
['link', 'MOLCAS.1.JobIph', 'JOB002']
['rassi', 'overlap', [4, 4]]
['copy', 'MOLCAS.rassi.h5', 'MOLCAS.rassi.ovlp.1.h5']
['copy', '/project/lgagliardi/helenclifford/practice_rcc/sharc4/methaniminium/tutorial_reproduction/traj/Singlet_2/TRAJ_00007/restart/MOLCAS.3.JobIph.104', 'JOB001']
['link', 'MOLCAS.3.JobIph', 'JOB002']
['rassi', 'overlap', [3, 3]]
['copy', 'MOLCAS.rassi.h5', 'MOLCAS.rassi.ovlp.3.h5']
['link', 'MOLCAS.1.JobIph', 'JOB001']
['link', 'MOLCAS.3.JobIph', 'JOB002']
['rassi', 'soc', [4, 3]]
['copy', '$master_path/MOLCAS.1.JobIph', 'JOBOLD']
['rasscf', 1, 4, True, False]
['mclr', 0.0001, 'sala=1']
['alaska']
All jobs finished:
job: master          code: 0    runtime: 0:00:30.689779
job: grad_1_1        code: 0    runtime: 0:00:09.578302

Starting job execution
['gateway']
['seward']
['copy', '/project/lgagliardi/helenclifford/practice_rcc/sharc4/methaniminium/tutorial_reproduction/traj/Singlet_2/TRAJ_00007/restart/MOLCAS.1.JobIph.105', 'JOBOLD']
['rasscf', 1, 4, True, False]
['copy', 'MOLCAS.rasscf.h5', 'MOLCAS.1.rasscf.h5']
['copy', 'MOLCAS.JobIph', 'MOLCAS.1.JobIph']
['copy', '/project/lgagliardi/helenclifford/practice_rcc/sharc4/methaniminium/tutorial_reproduction/traj/Singlet_2/TRAJ_00007/restart/MOLCAS.3.JobIph.105', 'JOBOLD']
['rasscf', 3, 3, True, False]
['copy', 'MOLCAS.rasscf.h5', 'MOLCAS.3.rasscf.h5']
['copy', 'MOLCAS.JobIph', 'MOLCAS.3.JobIph']
['link', 'MOLCAS.1.JobIph', 'JOB001']
['rassi', 'dm', [4]]
['copy', 'MOLCAS.rassi.h5', 'MOLCAS.rassi.1.h5']
['link', 'MOLCAS.3.JobIph', 'JOB001']
['rassi', 'dm', [3]]
['copy', 'MOLCAS.rassi.h5', 'MOLCAS.rassi.3.h5']
['copy', '/project/lgagliardi/helenclifford/practice_rcc/sharc4/methaniminium/tutorial_reproduction/traj/Singlet_2/TRAJ_00007/restart/MOLCAS.1.JobIph.104', 'JOB001']
['link', 'MOLCAS.1.JobIph', 'JOB002']
['rassi', 'overlap', [4, 4]]
['copy', 'MOLCAS.rassi.h5', 'MOLCAS.rassi.ovlp.1.h5']
['copy', '/project/lgagliardi/helenclifford/practice_rcc/sharc4/methaniminium/tutorial_reproduction/traj/Singlet_2/TRAJ_00007/restart/MOLCAS.3.JobIph.104', 'JOB001']
['link', 'MOLCAS.3.JobIph', 'JOB002']
['rassi', 'overlap', [3, 3]]
['copy', 'MOLCAS.rassi.h5', 'MOLCAS.rassi.ovlp.3.h5']
['link', 'MOLCAS.1.JobIph', 'JOB001']
['link', 'MOLCAS.3.JobIph', 'JOB002']
['rassi', 'soc', [4, 3]]
['copy', '$master_path/MOLCAS.3.JobIph', 'JOBOLD']
['rasscf', 3, 3, True, False]
['mclr', 0.0001, 'sala=1']
['alaska']
['copy', '$master_path/MOLCAS.1.JobIph', 'JOBOLD']
['rasscf', 1, 4, True, False]
['mclr', 0.0001, 'sala=1']
['alaska']
All jobs finished:
job: master          code: 0    runtime: 0:00:16.092722
job: grad_3_1        code: 0    runtime: 0:00:08.041985
job: grad_1_1        code: 0    runtime: 0:00:07.711189

Starting job execution
['gateway']
['seward']
['copy', '/project/lgagliardi/helenclifford/practice_rcc/sharc4/methaniminium/tutorial_reproduction/traj/Singlet_2/TRAJ_00007/restart/MOLCAS.1.JobIph.105', 'JOBOLD']
['rasscf', 1, 4, True, False]
['copy', 'MOLCAS.rasscf.h5', 'MOLCAS.1.rasscf.h5']
['copy', 'MOLCAS.JobIph', 'MOLCAS.1.JobIph']
['copy', '/project/lgagliardi/helenclifford/practice_rcc/sharc4/methaniminium/tutorial_reproduction/traj/Singlet_2/TRAJ_00007/restart/MOLCAS.3.JobIph.105', 'JOBOLD']
['rasscf', 3, 3, True, False]
['copy', 'MOLCAS.rasscf.h5', 'MOLCAS.3.rasscf.h5']
['copy', 'MOLCAS.JobIph', 'MOLCAS.3.JobIph']
['link', 'MOLCAS.1.JobIph', 'JOB001']
['rassi', 'dm', [4]]
['copy', 'MOLCAS.rassi.h5', 'MOLCAS.rassi.1.h5']
['link', 'MOLCAS.3.JobIph', 'JOB001']
['rassi', 'dm', [3]]
['copy', 'MOLCAS.rassi.h5', 'MOLCAS.rassi.3.h5']
['copy', '/project/lgagliardi/helenclifford/practice_rcc/sharc4/methaniminium/tutorial_reproduction/traj/Singlet_2/TRAJ_00007/restart/MOLCAS.1.JobIph.105', 'JOB001']
['link', 'MOLCAS.1.JobIph', 'JOB002']
['rassi', 'overlap', [4, 4]]
['copy', 'MOLCAS.rassi.h5', 'MOLCAS.rassi.ovlp.1.h5']
['copy', '/project/lgagliardi/helenclifford/practice_rcc/sharc4/methaniminium/tutorial_reproduction/traj/Singlet_2/TRAJ_00007/restart/MOLCAS.3.JobIph.105', 'JOB001']
['link', 'MOLCAS.3.JobIph', 'JOB002']
['rassi', 'overlap', [3, 3]]
['copy', 'MOLCAS.rassi.h5', 'MOLCAS.rassi.ovlp.3.h5']
['link', 'MOLCAS.1.JobIph', 'JOB001']
['link', 'MOLCAS.3.JobIph', 'JOB002']
['rassi', 'soc', [4, 3]]
['copy', '$master_path/MOLCAS.3.JobIph', 'JOBOLD']
['rasscf', 3, 3, True, False]
['mclr', 0.0001, 'sala=1']
['alaska']
['copy', '$master_path/MOLCAS.1.JobIph', 'JOBOLD']
['rasscf', 1, 4, True, False]
['mclr', 0.0001, 'sala=1']
['alaska']
All jobs finished:
job: master          code: 0    runtime: 0:00:20.249469
job: grad_3_1        code: 0    runtime: 0:00:02.444488
job: grad_1_1        code: 0    runtime: 0:00:15.544454

Starting job execution
['gateway']
['seward']
['copy', '/project/lgagliardi/helenclifford/practice_rcc/sharc4/methaniminium/tutorial_reproduction/traj/Singlet_2/TRAJ_00007/restart/MOLCAS.1.JobIph.106', 'JOBOLD']
['rasscf', 1, 4, True, False]
['copy', 'MOLCAS.rasscf.h5', 'MOLCAS.1.rasscf.h5']
['copy', 'MOLCAS.JobIph', 'MOLCAS.1.JobIph']
['copy', '/project/lgagliardi/helenclifford/practice_rcc/sharc4/methaniminium/tutorial_reproduction/traj/Singlet_2/TRAJ_00007/restart/MOLCAS.3.JobIph.106', 'JOBOLD']
['rasscf', 3, 3, True, False]
['copy', 'MOLCAS.rasscf.h5', 'MOLCAS.3.rasscf.h5']
['copy', 'MOLCAS.JobIph', 'MOLCAS.3.JobIph']
['link', 'MOLCAS.1.JobIph', 'JOB001']
['rassi', 'dm', [4]]
['copy', 'MOLCAS.rassi.h5', 'MOLCAS.rassi.1.h5']
['link', 'MOLCAS.3.JobIph', 'JOB001']
['rassi', 'dm', [3]]
['copy', 'MOLCAS.rassi.h5', 'MOLCAS.rassi.3.h5']
['copy', '/project/lgagliardi/helenclifford/practice_rcc/sharc4/methaniminium/tutorial_reproduction/traj/Singlet_2/TRAJ_00007/restart/MOLCAS.1.JobIph.106', 'JOB001']
['link', 'MOLCAS.1.JobIph', 'JOB002']
['rassi', 'overlap', [4, 4]]
['copy', 'MOLCAS.rassi.h5', 'MOLCAS.rassi.ovlp.1.h5']
['copy', '/project/lgagliardi/helenclifford/practice_rcc/sharc4/methaniminium/tutorial_reproduction/traj/Singlet_2/TRAJ_00007/restart/MOLCAS.3.JobIph.106', 'JOB001']
['link', 'MOLCAS.3.JobIph', 'JOB002']
['rassi', 'overlap', [3, 3]]
['copy', 'MOLCAS.rassi.h5', 'MOLCAS.rassi.ovlp.3.h5']
['link', 'MOLCAS.1.JobIph', 'JOB001']
['link', 'MOLCAS.3.JobIph', 'JOB002']
['rassi', 'soc', [4, 3]]
['copy', '$master_path/MOLCAS.3.JobIph', 'JOBOLD']
['rasscf', 3, 3, True, False]
['mclr', 0.0001, 'sala=1']
['alaska']
['copy', '$master_path/MOLCAS.1.JobIph', 'JOBOLD']
['rasscf', 1, 4, True, False]
['mclr', 0.0001, 'sala=1']
['alaska']
All jobs finished:
job: master          code: 0    runtime: 0:00:22.036445
job: grad_3_1        code: 0    runtime: 0:00:10.124938
job: grad_1_1        code: 0    runtime: 0:00:10.257433

Starting job execution
['gateway']
['seward']
['copy', '/project/lgagliardi/helenclifford/practice_rcc/sharc4/methaniminium/tutorial_reproduction/traj/Singlet_2/TRAJ_00007/restart/MOLCAS.1.JobIph.107', 'JOBOLD']
['rasscf', 1, 4, True, False]
['copy', 'MOLCAS.rasscf.h5', 'MOLCAS.1.rasscf.h5']
['copy', 'MOLCAS.JobIph', 'MOLCAS.1.JobIph']
['copy', '/project/lgagliardi/helenclifford/practice_rcc/sharc4/methaniminium/tutorial_reproduction/traj/Singlet_2/TRAJ_00007/restart/MOLCAS.3.JobIph.107', 'JOBOLD']
['rasscf', 3, 3, True, False]
['copy', 'MOLCAS.rasscf.h5', 'MOLCAS.3.rasscf.h5']
['copy', 'MOLCAS.JobIph', 'MOLCAS.3.JobIph']
['link', 'MOLCAS.1.JobIph', 'JOB001']
['rassi', 'dm', [4]]
['copy', 'MOLCAS.rassi.h5', 'MOLCAS.rassi.1.h5']
['link', 'MOLCAS.3.JobIph', 'JOB001']
['rassi', 'dm', [3]]
['copy', 'MOLCAS.rassi.h5', 'MOLCAS.rassi.3.h5']
['copy', '/project/lgagliardi/helenclifford/practice_rcc/sharc4/methaniminium/tutorial_reproduction/traj/Singlet_2/TRAJ_00007/restart/MOLCAS.1.JobIph.107', 'JOB001']
['link', 'MOLCAS.1.JobIph', 'JOB002']
['rassi', 'overlap', [4, 4]]
['copy', 'MOLCAS.rassi.h5', 'MOLCAS.rassi.ovlp.1.h5']
['copy', '/project/lgagliardi/helenclifford/practice_rcc/sharc4/methaniminium/tutorial_reproduction/traj/Singlet_2/TRAJ_00007/restart/MOLCAS.3.JobIph.107', 'JOB001']
['link', 'MOLCAS.3.JobIph', 'JOB002']
['rassi', 'overlap', [3, 3]]
['copy', 'MOLCAS.rassi.h5', 'MOLCAS.rassi.ovlp.3.h5']
['link', 'MOLCAS.1.JobIph', 'JOB001']
['link', 'MOLCAS.3.JobIph', 'JOB002']
['rassi', 'soc', [4, 3]]
['copy', '$master_path/MOLCAS.3.JobIph', 'JOBOLD']
['rasscf', 3, 3, True, False]
['mclr', 0.0001, 'sala=1']
['alaska']
['copy', '$master_path/MOLCAS.1.JobIph', 'JOBOLD']
['rasscf', 1, 4, True, False]
['mclr', 0.0001, 'sala=1']
['alaska']
All jobs finished:
job: master          code: 0    runtime: 0:00:20.189922
job: grad_3_1        code: 0    runtime: 0:00:09.157904
job: grad_1_1        code: 0    runtime: 0:00:10.141071

Starting job execution
['gateway']
['seward']
['copy', '/project/lgagliardi/helenclifford/practice_rcc/sharc4/methaniminium/tutorial_reproduction/traj/Singlet_2/TRAJ_00007/restart/MOLCAS.1.JobIph.108', 'JOBOLD']
['rasscf', 1, 4, True, False]
['copy', 'MOLCAS.rasscf.h5', 'MOLCAS.1.rasscf.h5']
['copy', 'MOLCAS.JobIph', 'MOLCAS.1.JobIph']
['copy', '/project/lgagliardi/helenclifford/practice_rcc/sharc4/methaniminium/tutorial_reproduction/traj/Singlet_2/TRAJ_00007/restart/MOLCAS.3.JobIph.108', 'JOBOLD']
['rasscf', 3, 3, True, False]
['copy', 'MOLCAS.rasscf.h5', 'MOLCAS.3.rasscf.h5']
['copy', 'MOLCAS.JobIph', 'MOLCAS.3.JobIph']
['link', 'MOLCAS.1.JobIph', 'JOB001']
['rassi', 'dm', [4]]
['copy', 'MOLCAS.rassi.h5', 'MOLCAS.rassi.1.h5']
['link', 'MOLCAS.3.JobIph', 'JOB001']
['rassi', 'dm', [3]]
['copy', 'MOLCAS.rassi.h5', 'MOLCAS.rassi.3.h5']
['copy', '/project/lgagliardi/helenclifford/practice_rcc/sharc4/methaniminium/tutorial_reproduction/traj/Singlet_2/TRAJ_00007/restart/MOLCAS.1.JobIph.108', 'JOB001']
['link', 'MOLCAS.1.JobIph', 'JOB002']
['rassi', 'overlap', [4, 4]]
['copy', 'MOLCAS.rassi.h5', 'MOLCAS.rassi.ovlp.1.h5']
['copy', '/project/lgagliardi/helenclifford/practice_rcc/sharc4/methaniminium/tutorial_reproduction/traj/Singlet_2/TRAJ_00007/restart/MOLCAS.3.JobIph.108', 'JOB001']
['link', 'MOLCAS.3.JobIph', 'JOB002']
['rassi', 'overlap', [3, 3]]
['copy', 'MOLCAS.rassi.h5', 'MOLCAS.rassi.ovlp.3.h5']
['link', 'MOLCAS.1.JobIph', 'JOB001']
['link', 'MOLCAS.3.JobIph', 'JOB002']
['rassi', 'soc', [4, 3]]
['copy', '$master_path/MOLCAS.1.JobIph', 'JOBOLD']
['rasscf', 1, 4, True, False]
['mclr', 0.0001, 'sala=1']
['alaska']
All jobs finished:
job: master          code: 0    runtime: 0:00:18.354515
job: grad_1_1        code: 0    runtime: 0:00:08.357483

Starting job execution
['gateway']
['seward']
['copy', '/project/lgagliardi/helenclifford/practice_rcc/sharc4/methaniminium/tutorial_reproduction/traj/Singlet_2/TRAJ_00007/restart/MOLCAS.1.JobIph.109', 'JOBOLD']
['rasscf', 1, 4, True, False]
['copy', 'MOLCAS.rasscf.h5', 'MOLCAS.1.rasscf.h5']
['copy', 'MOLCAS.JobIph', 'MOLCAS.1.JobIph']
['copy', '/project/lgagliardi/helenclifford/practice_rcc/sharc4/methaniminium/tutorial_reproduction/traj/Singlet_2/TRAJ_00007/restart/MOLCAS.3.JobIph.109', 'JOBOLD']
['rasscf', 3, 3, True, False]
['copy', 'MOLCAS.rasscf.h5', 'MOLCAS.3.rasscf.h5']
['copy', 'MOLCAS.JobIph', 'MOLCAS.3.JobIph']
['link', 'MOLCAS.1.JobIph', 'JOB001']
['rassi', 'dm', [4]]
['copy', 'MOLCAS.rassi.h5', 'MOLCAS.rassi.1.h5']
['link', 'MOLCAS.3.JobIph', 'JOB001']
['rassi', 'dm', [3]]
['copy', 'MOLCAS.rassi.h5', 'MOLCAS.rassi.3.h5']
['copy', '/project/lgagliardi/helenclifford/practice_rcc/sharc4/methaniminium/tutorial_reproduction/traj/Singlet_2/TRAJ_00007/restart/MOLCAS.1.JobIph.109', 'JOB001']
['link', 'MOLCAS.1.JobIph', 'JOB002']
['rassi', 'overlap', [4, 4]]
['copy', 'MOLCAS.rassi.h5', 'MOLCAS.rassi.ovlp.1.h5']
['copy', '/project/lgagliardi/helenclifford/practice_rcc/sharc4/methaniminium/tutorial_reproduction/traj/Singlet_2/TRAJ_00007/restart/MOLCAS.3.JobIph.109', 'JOB001']
['link', 'MOLCAS.3.JobIph', 'JOB002']
['rassi', 'overlap', [3, 3]]
['copy', 'MOLCAS.rassi.h5', 'MOLCAS.rassi.ovlp.3.h5']
['link', 'MOLCAS.1.JobIph', 'JOB001']
['link', 'MOLCAS.3.JobIph', 'JOB002']
['rassi', 'soc', [4, 3]]
['copy', '$master_path/MOLCAS.1.JobIph', 'JOBOLD']
['rasscf', 1, 4, True, False]
['mclr', 0.0001, 'sala=1']
['alaska']
All jobs finished:
job: master          code: 0    runtime: 0:00:27.003644
job: grad_1_1        code: 0    runtime: 0:00:02.676163

Starting job execution
['gateway']
['seward']
['copy', '/project/lgagliardi/helenclifford/practice_rcc/sharc4/methaniminium/tutorial_reproduction/traj/Singlet_2/TRAJ_00007/restart/MOLCAS.1.JobIph.110', 'JOBOLD']
['rasscf', 1, 4, True, False]
['copy', 'MOLCAS.rasscf.h5', 'MOLCAS.1.rasscf.h5']
['copy', 'MOLCAS.JobIph', 'MOLCAS.1.JobIph']
['copy', '/project/lgagliardi/helenclifford/practice_rcc/sharc4/methaniminium/tutorial_reproduction/traj/Singlet_2/TRAJ_00007/restart/MOLCAS.3.JobIph.110', 'JOBOLD']
['rasscf', 3, 3, True, False]
['copy', 'MOLCAS.rasscf.h5', 'MOLCAS.3.rasscf.h5']
['copy', 'MOLCAS.JobIph', 'MOLCAS.3.JobIph']
['link', 'MOLCAS.1.JobIph', 'JOB001']
['rassi', 'dm', [4]]
['copy', 'MOLCAS.rassi.h5', 'MOLCAS.rassi.1.h5']
['link', 'MOLCAS.3.JobIph', 'JOB001']
['rassi', 'dm', [3]]
['copy', 'MOLCAS.rassi.h5', 'MOLCAS.rassi.3.h5']
['copy', '/project/lgagliardi/helenclifford/practice_rcc/sharc4/methaniminium/tutorial_reproduction/traj/Singlet_2/TRAJ_00007/restart/MOLCAS.1.JobIph.110', 'JOB001']
['link', 'MOLCAS.1.JobIph', 'JOB002']
['rassi', 'overlap', [4, 4]]
['copy', 'MOLCAS.rassi.h5', 'MOLCAS.rassi.ovlp.1.h5']
['copy', '/project/lgagliardi/helenclifford/practice_rcc/sharc4/methaniminium/tutorial_reproduction/traj/Singlet_2/TRAJ_00007/restart/MOLCAS.3.JobIph.110', 'JOB001']
['link', 'MOLCAS.3.JobIph', 'JOB002']
['rassi', 'overlap', [3, 3]]
['copy', 'MOLCAS.rassi.h5', 'MOLCAS.rassi.ovlp.3.h5']
['link', 'MOLCAS.1.JobIph', 'JOB001']
['link', 'MOLCAS.3.JobIph', 'JOB002']
['rassi', 'soc', [4, 3]]
['copy', '$master_path/MOLCAS.1.JobIph', 'JOBOLD']
['rasscf', 1, 4, True, False]
['mclr', 0.0001, 'sala=1']
['alaska']
All jobs finished:
job: master          code: 0    runtime: 0:00:12.707106
job: grad_1_1        code: 0    runtime: 0:00:09.064701

Starting job execution
['gateway']
['seward']
['copy', '/project/lgagliardi/helenclifford/practice_rcc/sharc4/methaniminium/tutorial_reproduction/traj/Singlet_2/TRAJ_00007/restart/MOLCAS.1.JobIph.111', 'JOBOLD']
['rasscf', 1, 4, True, False]
['copy', 'MOLCAS.rasscf.h5', 'MOLCAS.1.rasscf.h5']
['copy', 'MOLCAS.JobIph', 'MOLCAS.1.JobIph']
['copy', '/project/lgagliardi/helenclifford/practice_rcc/sharc4/methaniminium/tutorial_reproduction/traj/Singlet_2/TRAJ_00007/restart/MOLCAS.3.JobIph.111', 'JOBOLD']
['rasscf', 3, 3, True, False]
['copy', 'MOLCAS.rasscf.h5', 'MOLCAS.3.rasscf.h5']
['copy', 'MOLCAS.JobIph', 'MOLCAS.3.JobIph']
['link', 'MOLCAS.1.JobIph', 'JOB001']
['rassi', 'dm', [4]]
['copy', 'MOLCAS.rassi.h5', 'MOLCAS.rassi.1.h5']
['link', 'MOLCAS.3.JobIph', 'JOB001']
['rassi', 'dm', [3]]
['copy', 'MOLCAS.rassi.h5', 'MOLCAS.rassi.3.h5']
['copy', '/project/lgagliardi/helenclifford/practice_rcc/sharc4/methaniminium/tutorial_reproduction/traj/Singlet_2/TRAJ_00007/restart/MOLCAS.1.JobIph.111', 'JOB001']
['link', 'MOLCAS.1.JobIph', 'JOB002']
['rassi', 'overlap', [4, 4]]
['copy', 'MOLCAS.rassi.h5', 'MOLCAS.rassi.ovlp.1.h5']
['copy', '/project/lgagliardi/helenclifford/practice_rcc/sharc4/methaniminium/tutorial_reproduction/traj/Singlet_2/TRAJ_00007/restart/MOLCAS.3.JobIph.111', 'JOB001']
['link', 'MOLCAS.3.JobIph', 'JOB002']
['rassi', 'overlap', [3, 3]]
['copy', 'MOLCAS.rassi.h5', 'MOLCAS.rassi.ovlp.3.h5']
['link', 'MOLCAS.1.JobIph', 'JOB001']
['link', 'MOLCAS.3.JobIph', 'JOB002']
['rassi', 'soc', [4, 3]]
['copy', '$master_path/MOLCAS.1.JobIph', 'JOBOLD']
['rasscf', 1, 4, True, False]
['mclr', 0.0001, 'sala=1']
['alaska']
All jobs finished:
job: master          code: 0    runtime: 0:00:21.341431
job: grad_1_1        code: 0    runtime: 0:00:09.085231

Starting job execution
['gateway']
['seward']
['copy', '/project/lgagliardi/helenclifford/practice_rcc/sharc4/methaniminium/tutorial_reproduction/traj/Singlet_2/TRAJ_00007/restart/MOLCAS.1.JobIph.112', 'JOBOLD']
['rasscf', 1, 4, True, False]
['copy', 'MOLCAS.rasscf.h5', 'MOLCAS.1.rasscf.h5']
['copy', 'MOLCAS.JobIph', 'MOLCAS.1.JobIph']
['copy', '/project/lgagliardi/helenclifford/practice_rcc/sharc4/methaniminium/tutorial_reproduction/traj/Singlet_2/TRAJ_00007/restart/MOLCAS.3.JobIph.112', 'JOBOLD']
['rasscf', 3, 3, True, False]
['copy', 'MOLCAS.rasscf.h5', 'MOLCAS.3.rasscf.h5']
['copy', 'MOLCAS.JobIph', 'MOLCAS.3.JobIph']
['link', 'MOLCAS.1.JobIph', 'JOB001']
['rassi', 'dm', [4]]
['copy', 'MOLCAS.rassi.h5', 'MOLCAS.rassi.1.h5']
['link', 'MOLCAS.3.JobIph', 'JOB001']
['rassi', 'dm', [3]]
['copy', 'MOLCAS.rassi.h5', 'MOLCAS.rassi.3.h5']
['copy', '/project/lgagliardi/helenclifford/practice_rcc/sharc4/methaniminium/tutorial_reproduction/traj/Singlet_2/TRAJ_00007/restart/MOLCAS.1.JobIph.112', 'JOB001']
['link', 'MOLCAS.1.JobIph', 'JOB002']
['rassi', 'overlap', [4, 4]]
['copy', 'MOLCAS.rassi.h5', 'MOLCAS.rassi.ovlp.1.h5']
['copy', '/project/lgagliardi/helenclifford/practice_rcc/sharc4/methaniminium/tutorial_reproduction/traj/Singlet_2/TRAJ_00007/restart/MOLCAS.3.JobIph.112', 'JOB001']
['link', 'MOLCAS.3.JobIph', 'JOB002']
['rassi', 'overlap', [3, 3]]
['copy', 'MOLCAS.rassi.h5', 'MOLCAS.rassi.ovlp.3.h5']
['link', 'MOLCAS.1.JobIph', 'JOB001']
['link', 'MOLCAS.3.JobIph', 'JOB002']
['rassi', 'soc', [4, 3]]
['copy', '$master_path/MOLCAS.1.JobIph', 'JOBOLD']
['rasscf', 1, 4, True, False]
['mclr', 0.0001, 'sala=1']
['alaska']
All jobs finished:
job: master          code: 0    runtime: 0:00:21.310262
job: grad_1_1        code: 0    runtime: 0:00:10.077225

Starting job execution
['gateway']
['seward']
['copy', '/project/lgagliardi/helenclifford/practice_rcc/sharc4/methaniminium/tutorial_reproduction/traj/Singlet_2/TRAJ_00007/restart/MOLCAS.1.JobIph.113', 'JOBOLD']
['rasscf', 1, 4, True, False]
['copy', 'MOLCAS.rasscf.h5', 'MOLCAS.1.rasscf.h5']
['copy', 'MOLCAS.JobIph', 'MOLCAS.1.JobIph']
['copy', '/project/lgagliardi/helenclifford/practice_rcc/sharc4/methaniminium/tutorial_reproduction/traj/Singlet_2/TRAJ_00007/restart/MOLCAS.3.JobIph.113', 'JOBOLD']
['rasscf', 3, 3, True, False]
['copy', 'MOLCAS.rasscf.h5', 'MOLCAS.3.rasscf.h5']
['copy', 'MOLCAS.JobIph', 'MOLCAS.3.JobIph']
['link', 'MOLCAS.1.JobIph', 'JOB001']
['rassi', 'dm', [4]]
['copy', 'MOLCAS.rassi.h5', 'MOLCAS.rassi.1.h5']
['link', 'MOLCAS.3.JobIph', 'JOB001']
['rassi', 'dm', [3]]
['copy', 'MOLCAS.rassi.h5', 'MOLCAS.rassi.3.h5']
['copy', '/project/lgagliardi/helenclifford/practice_rcc/sharc4/methaniminium/tutorial_reproduction/traj/Singlet_2/TRAJ_00007/restart/MOLCAS.1.JobIph.113', 'JOB001']
['link', 'MOLCAS.1.JobIph', 'JOB002']
['rassi', 'overlap', [4, 4]]
['copy', 'MOLCAS.rassi.h5', 'MOLCAS.rassi.ovlp.1.h5']
['copy', '/project/lgagliardi/helenclifford/practice_rcc/sharc4/methaniminium/tutorial_reproduction/traj/Singlet_2/TRAJ_00007/restart/MOLCAS.3.JobIph.113', 'JOB001']
['link', 'MOLCAS.3.JobIph', 'JOB002']
['rassi', 'overlap', [3, 3]]
['copy', 'MOLCAS.rassi.h5', 'MOLCAS.rassi.ovlp.3.h5']
['link', 'MOLCAS.1.JobIph', 'JOB001']
['link', 'MOLCAS.3.JobIph', 'JOB002']
['rassi', 'soc', [4, 3]]
['copy', '$master_path/MOLCAS.1.JobIph', 'JOBOLD']
['rasscf', 1, 4, True, False]
['mclr', 0.0001, 'sala=1']
['alaska']
All jobs finished:
job: master          code: 0    runtime: 0:00:18.564876
job: grad_1_1        code: 0    runtime: 0:00:09.378101

Starting job execution
['gateway']
['seward']
['copy', '/project/lgagliardi/helenclifford/practice_rcc/sharc4/methaniminium/tutorial_reproduction/traj/Singlet_2/TRAJ_00007/restart/MOLCAS.1.JobIph.114', 'JOBOLD']
['rasscf', 1, 4, True, False]
['copy', 'MOLCAS.rasscf.h5', 'MOLCAS.1.rasscf.h5']
['copy', 'MOLCAS.JobIph', 'MOLCAS.1.JobIph']
['copy', '/project/lgagliardi/helenclifford/practice_rcc/sharc4/methaniminium/tutorial_reproduction/traj/Singlet_2/TRAJ_00007/restart/MOLCAS.3.JobIph.114', 'JOBOLD']
['rasscf', 3, 3, True, False]
['copy', 'MOLCAS.rasscf.h5', 'MOLCAS.3.rasscf.h5']
['copy', 'MOLCAS.JobIph', 'MOLCAS.3.JobIph']
['link', 'MOLCAS.1.JobIph', 'JOB001']
['rassi', 'dm', [4]]
['copy', 'MOLCAS.rassi.h5', 'MOLCAS.rassi.1.h5']
['link', 'MOLCAS.3.JobIph', 'JOB001']
['rassi', 'dm', [3]]
['copy', 'MOLCAS.rassi.h5', 'MOLCAS.rassi.3.h5']
['copy', '/project/lgagliardi/helenclifford/practice_rcc/sharc4/methaniminium/tutorial_reproduction/traj/Singlet_2/TRAJ_00007/restart/MOLCAS.1.JobIph.114', 'JOB001']
['link', 'MOLCAS.1.JobIph', 'JOB002']
['rassi', 'overlap', [4, 4]]
['copy', 'MOLCAS.rassi.h5', 'MOLCAS.rassi.ovlp.1.h5']
['copy', '/project/lgagliardi/helenclifford/practice_rcc/sharc4/methaniminium/tutorial_reproduction/traj/Singlet_2/TRAJ_00007/restart/MOLCAS.3.JobIph.114', 'JOB001']
['link', 'MOLCAS.3.JobIph', 'JOB002']
['rassi', 'overlap', [3, 3]]
['copy', 'MOLCAS.rassi.h5', 'MOLCAS.rassi.ovlp.3.h5']
['link', 'MOLCAS.1.JobIph', 'JOB001']
['link', 'MOLCAS.3.JobIph', 'JOB002']
['rassi', 'soc', [4, 3]]
['copy', '$master_path/MOLCAS.1.JobIph', 'JOBOLD']
['rasscf', 1, 4, True, False]
['mclr', 0.0001, 'sala=1']
['alaska']
All jobs finished:
job: master          code: 0    runtime: 0:00:28.693972
job: grad_1_1        code: 0    runtime: 0:00:10.478299

Starting job execution
['gateway']
['seward']
['copy', '/project/lgagliardi/helenclifford/practice_rcc/sharc4/methaniminium/tutorial_reproduction/traj/Singlet_2/TRAJ_00007/restart/MOLCAS.1.JobIph.115', 'JOBOLD']
['rasscf', 1, 4, True, False]
['copy', 'MOLCAS.rasscf.h5', 'MOLCAS.1.rasscf.h5']
['copy', 'MOLCAS.JobIph', 'MOLCAS.1.JobIph']
['copy', '/project/lgagliardi/helenclifford/practice_rcc/sharc4/methaniminium/tutorial_reproduction/traj/Singlet_2/TRAJ_00007/restart/MOLCAS.3.JobIph.115', 'JOBOLD']
['rasscf', 3, 3, True, False]
['copy', 'MOLCAS.rasscf.h5', 'MOLCAS.3.rasscf.h5']
['copy', 'MOLCAS.JobIph', 'MOLCAS.3.JobIph']
['link', 'MOLCAS.1.JobIph', 'JOB001']
['rassi', 'dm', [4]]
['copy', 'MOLCAS.rassi.h5', 'MOLCAS.rassi.1.h5']
['link', 'MOLCAS.3.JobIph', 'JOB001']
['rassi', 'dm', [3]]
['copy', 'MOLCAS.rassi.h5', 'MOLCAS.rassi.3.h5']
['copy', '/project/lgagliardi/helenclifford/practice_rcc/sharc4/methaniminium/tutorial_reproduction/traj/Singlet_2/TRAJ_00007/restart/MOLCAS.1.JobIph.115', 'JOB001']
['link', 'MOLCAS.1.JobIph', 'JOB002']
['rassi', 'overlap', [4, 4]]
['copy', 'MOLCAS.rassi.h5', 'MOLCAS.rassi.ovlp.1.h5']
['copy', '/project/lgagliardi/helenclifford/practice_rcc/sharc4/methaniminium/tutorial_reproduction/traj/Singlet_2/TRAJ_00007/restart/MOLCAS.3.JobIph.115', 'JOB001']
['link', 'MOLCAS.3.JobIph', 'JOB002']
['rassi', 'overlap', [3, 3]]
['copy', 'MOLCAS.rassi.h5', 'MOLCAS.rassi.ovlp.3.h5']
['link', 'MOLCAS.1.JobIph', 'JOB001']
['link', 'MOLCAS.3.JobIph', 'JOB002']
['rassi', 'soc', [4, 3]]
['copy', '$master_path/MOLCAS.1.JobIph', 'JOBOLD']
['rasscf', 1, 4, True, False]
['mclr', 0.0001, 'sala=1']
['alaska']
All jobs finished:
job: master          code: 0    runtime: 0:00:18.788393
job: grad_1_1        code: 0    runtime: 0:00:06.835692

Starting job execution
['gateway']
['seward']
['copy', '/project/lgagliardi/helenclifford/practice_rcc/sharc4/methaniminium/tutorial_reproduction/traj/Singlet_2/TRAJ_00007/restart/MOLCAS.1.JobIph.116', 'JOBOLD']
['rasscf', 1, 4, True, False]
['copy', 'MOLCAS.rasscf.h5', 'MOLCAS.1.rasscf.h5']
['copy', 'MOLCAS.JobIph', 'MOLCAS.1.JobIph']
['copy', '/project/lgagliardi/helenclifford/practice_rcc/sharc4/methaniminium/tutorial_reproduction/traj/Singlet_2/TRAJ_00007/restart/MOLCAS.3.JobIph.116', 'JOBOLD']
['rasscf', 3, 3, True, False]
['copy', 'MOLCAS.rasscf.h5', 'MOLCAS.3.rasscf.h5']
['copy', 'MOLCAS.JobIph', 'MOLCAS.3.JobIph']
['link', 'MOLCAS.1.JobIph', 'JOB001']
['rassi', 'dm', [4]]
['copy', 'MOLCAS.rassi.h5', 'MOLCAS.rassi.1.h5']
['link', 'MOLCAS.3.JobIph', 'JOB001']
['rassi', 'dm', [3]]
['copy', 'MOLCAS.rassi.h5', 'MOLCAS.rassi.3.h5']
['copy', '/project/lgagliardi/helenclifford/practice_rcc/sharc4/methaniminium/tutorial_reproduction/traj/Singlet_2/TRAJ_00007/restart/MOLCAS.1.JobIph.116', 'JOB001']
['link', 'MOLCAS.1.JobIph', 'JOB002']
['rassi', 'overlap', [4, 4]]
['copy', 'MOLCAS.rassi.h5', 'MOLCAS.rassi.ovlp.1.h5']
['copy', '/project/lgagliardi/helenclifford/practice_rcc/sharc4/methaniminium/tutorial_reproduction/traj/Singlet_2/TRAJ_00007/restart/MOLCAS.3.JobIph.116', 'JOB001']
['link', 'MOLCAS.3.JobIph', 'JOB002']
['rassi', 'overlap', [3, 3]]
['copy', 'MOLCAS.rassi.h5', 'MOLCAS.rassi.ovlp.3.h5']
['link', 'MOLCAS.1.JobIph', 'JOB001']
['link', 'MOLCAS.3.JobIph', 'JOB002']
['rassi', 'soc', [4, 3]]
['copy', '$master_path/MOLCAS.1.JobIph', 'JOBOLD']
['rasscf', 1, 4, True, False]
['mclr', 0.0001, 'sala=1']
['alaska']
All jobs finished:
job: master          code: 0    runtime: 0:00:23.417492
job: grad_1_1        code: 0    runtime: 0:00:10.984819

Starting job execution
['gateway']
['seward']
['copy', '/project/lgagliardi/helenclifford/practice_rcc/sharc4/methaniminium/tutorial_reproduction/traj/Singlet_2/TRAJ_00007/restart/MOLCAS.1.JobIph.117', 'JOBOLD']
['rasscf', 1, 4, True, False]
['copy', 'MOLCAS.rasscf.h5', 'MOLCAS.1.rasscf.h5']
['copy', 'MOLCAS.JobIph', 'MOLCAS.1.JobIph']
['copy', '/project/lgagliardi/helenclifford/practice_rcc/sharc4/methaniminium/tutorial_reproduction/traj/Singlet_2/TRAJ_00007/restart/MOLCAS.3.JobIph.117', 'JOBOLD']
['rasscf', 3, 3, True, False]
['copy', 'MOLCAS.rasscf.h5', 'MOLCAS.3.rasscf.h5']
['copy', 'MOLCAS.JobIph', 'MOLCAS.3.JobIph']
['link', 'MOLCAS.1.JobIph', 'JOB001']
['rassi', 'dm', [4]]
['copy', 'MOLCAS.rassi.h5', 'MOLCAS.rassi.1.h5']
['link', 'MOLCAS.3.JobIph', 'JOB001']
['rassi', 'dm', [3]]
['copy', 'MOLCAS.rassi.h5', 'MOLCAS.rassi.3.h5']
['copy', '/project/lgagliardi/helenclifford/practice_rcc/sharc4/methaniminium/tutorial_reproduction/traj/Singlet_2/TRAJ_00007/restart/MOLCAS.1.JobIph.117', 'JOB001']
['link', 'MOLCAS.1.JobIph', 'JOB002']
['rassi', 'overlap', [4, 4]]
['copy', 'MOLCAS.rassi.h5', 'MOLCAS.rassi.ovlp.1.h5']
['copy', '/project/lgagliardi/helenclifford/practice_rcc/sharc4/methaniminium/tutorial_reproduction/traj/Singlet_2/TRAJ_00007/restart/MOLCAS.3.JobIph.117', 'JOB001']
['link', 'MOLCAS.3.JobIph', 'JOB002']
['rassi', 'overlap', [3, 3]]
['copy', 'MOLCAS.rassi.h5', 'MOLCAS.rassi.ovlp.3.h5']
['link', 'MOLCAS.1.JobIph', 'JOB001']
['link', 'MOLCAS.3.JobIph', 'JOB002']
['rassi', 'soc', [4, 3]]
['copy', '$master_path/MOLCAS.1.JobIph', 'JOBOLD']
['rasscf', 1, 4, True, False]
['mclr', 0.0001, 'sala=1']
['alaska']
All jobs finished:
job: master          code: 0    runtime: 0:00:18.121976
job: grad_1_1        code: 0    runtime: 0:00:08.829804

Starting job execution
['gateway']
['seward']
['copy', '/project/lgagliardi/helenclifford/practice_rcc/sharc4/methaniminium/tutorial_reproduction/traj/Singlet_2/TRAJ_00007/restart/MOLCAS.1.JobIph.118', 'JOBOLD']
['rasscf', 1, 4, True, False]
['copy', 'MOLCAS.rasscf.h5', 'MOLCAS.1.rasscf.h5']
['copy', 'MOLCAS.JobIph', 'MOLCAS.1.JobIph']
['copy', '/project/lgagliardi/helenclifford/practice_rcc/sharc4/methaniminium/tutorial_reproduction/traj/Singlet_2/TRAJ_00007/restart/MOLCAS.3.JobIph.118', 'JOBOLD']
['rasscf', 3, 3, True, False]
['copy', 'MOLCAS.rasscf.h5', 'MOLCAS.3.rasscf.h5']
['copy', 'MOLCAS.JobIph', 'MOLCAS.3.JobIph']
['link', 'MOLCAS.1.JobIph', 'JOB001']
['rassi', 'dm', [4]]
['copy', 'MOLCAS.rassi.h5', 'MOLCAS.rassi.1.h5']
['link', 'MOLCAS.3.JobIph', 'JOB001']
['rassi', 'dm', [3]]
['copy', 'MOLCAS.rassi.h5', 'MOLCAS.rassi.3.h5']
['copy', '/project/lgagliardi/helenclifford/practice_rcc/sharc4/methaniminium/tutorial_reproduction/traj/Singlet_2/TRAJ_00007/restart/MOLCAS.1.JobIph.118', 'JOB001']
['link', 'MOLCAS.1.JobIph', 'JOB002']
['rassi', 'overlap', [4, 4]]
['copy', 'MOLCAS.rassi.h5', 'MOLCAS.rassi.ovlp.1.h5']
['copy', '/project/lgagliardi/helenclifford/practice_rcc/sharc4/methaniminium/tutorial_reproduction/traj/Singlet_2/TRAJ_00007/restart/MOLCAS.3.JobIph.118', 'JOB001']
['link', 'MOLCAS.3.JobIph', 'JOB002']
['rassi', 'overlap', [3, 3]]
['copy', 'MOLCAS.rassi.h5', 'MOLCAS.rassi.ovlp.3.h5']
['link', 'MOLCAS.1.JobIph', 'JOB001']
['link', 'MOLCAS.3.JobIph', 'JOB002']
['rassi', 'soc', [4, 3]]
['copy', '$master_path/MOLCAS.1.JobIph', 'JOBOLD']
['rasscf', 1, 4, True, False]
['mclr', 0.0001, 'sala=1']
['alaska']
All jobs finished:
job: master          code: 0    runtime: 0:00:16.916194
job: grad_1_1        code: 0    runtime: 0:00:07.226023

Starting job execution
['gateway']
['seward']
['copy', '/project/lgagliardi/helenclifford/practice_rcc/sharc4/methaniminium/tutorial_reproduction/traj/Singlet_2/TRAJ_00007/restart/MOLCAS.1.JobIph.119', 'JOBOLD']
['rasscf', 1, 4, True, False]
['copy', 'MOLCAS.rasscf.h5', 'MOLCAS.1.rasscf.h5']
['copy', 'MOLCAS.JobIph', 'MOLCAS.1.JobIph']
['copy', '/project/lgagliardi/helenclifford/practice_rcc/sharc4/methaniminium/tutorial_reproduction/traj/Singlet_2/TRAJ_00007/restart/MOLCAS.3.JobIph.119', 'JOBOLD']
['rasscf', 3, 3, True, False]
['copy', 'MOLCAS.rasscf.h5', 'MOLCAS.3.rasscf.h5']
['copy', 'MOLCAS.JobIph', 'MOLCAS.3.JobIph']
['link', 'MOLCAS.1.JobIph', 'JOB001']
['rassi', 'dm', [4]]
['copy', 'MOLCAS.rassi.h5', 'MOLCAS.rassi.1.h5']
['link', 'MOLCAS.3.JobIph', 'JOB001']
['rassi', 'dm', [3]]
['copy', 'MOLCAS.rassi.h5', 'MOLCAS.rassi.3.h5']
['copy', '/project/lgagliardi/helenclifford/practice_rcc/sharc4/methaniminium/tutorial_reproduction/traj/Singlet_2/TRAJ_00007/restart/MOLCAS.1.JobIph.119', 'JOB001']
['link', 'MOLCAS.1.JobIph', 'JOB002']
['rassi', 'overlap', [4, 4]]
['copy', 'MOLCAS.rassi.h5', 'MOLCAS.rassi.ovlp.1.h5']
['copy', '/project/lgagliardi/helenclifford/practice_rcc/sharc4/methaniminium/tutorial_reproduction/traj/Singlet_2/TRAJ_00007/restart/MOLCAS.3.JobIph.119', 'JOB001']
['link', 'MOLCAS.3.JobIph', 'JOB002']
['rassi', 'overlap', [3, 3]]
['copy', 'MOLCAS.rassi.h5', 'MOLCAS.rassi.ovlp.3.h5']
['link', 'MOLCAS.1.JobIph', 'JOB001']
['link', 'MOLCAS.3.JobIph', 'JOB002']
['rassi', 'soc', [4, 3]]
['copy', '$master_path/MOLCAS.1.JobIph', 'JOBOLD']
['rasscf', 1, 4, True, False]
['mclr', 0.0001, 'sala=1']
['alaska']
All jobs finished:
job: master          code: 0    runtime: 0:00:22.119676
job: grad_1_1        code: 0    runtime: 0:00:09.453363

Starting job execution
['gateway']
['seward']
['copy', '/project/lgagliardi/helenclifford/practice_rcc/sharc4/methaniminium/tutorial_reproduction/traj/Singlet_2/TRAJ_00007/restart/MOLCAS.1.JobIph.120', 'JOBOLD']
['rasscf', 1, 4, True, False]
['copy', 'MOLCAS.rasscf.h5', 'MOLCAS.1.rasscf.h5']
['copy', 'MOLCAS.JobIph', 'MOLCAS.1.JobIph']
['copy', '/project/lgagliardi/helenclifford/practice_rcc/sharc4/methaniminium/tutorial_reproduction/traj/Singlet_2/TRAJ_00007/restart/MOLCAS.3.JobIph.120', 'JOBOLD']
['rasscf', 3, 3, True, False]
['copy', 'MOLCAS.rasscf.h5', 'MOLCAS.3.rasscf.h5']
['copy', 'MOLCAS.JobIph', 'MOLCAS.3.JobIph']
['link', 'MOLCAS.1.JobIph', 'JOB001']
['rassi', 'dm', [4]]
['copy', 'MOLCAS.rassi.h5', 'MOLCAS.rassi.1.h5']
['link', 'MOLCAS.3.JobIph', 'JOB001']
['rassi', 'dm', [3]]
['copy', 'MOLCAS.rassi.h5', 'MOLCAS.rassi.3.h5']
['copy', '/project/lgagliardi/helenclifford/practice_rcc/sharc4/methaniminium/tutorial_reproduction/traj/Singlet_2/TRAJ_00007/restart/MOLCAS.1.JobIph.120', 'JOB001']
['link', 'MOLCAS.1.JobIph', 'JOB002']
['rassi', 'overlap', [4, 4]]
['copy', 'MOLCAS.rassi.h5', 'MOLCAS.rassi.ovlp.1.h5']
['copy', '/project/lgagliardi/helenclifford/practice_rcc/sharc4/methaniminium/tutorial_reproduction/traj/Singlet_2/TRAJ_00007/restart/MOLCAS.3.JobIph.120', 'JOB001']
['link', 'MOLCAS.3.JobIph', 'JOB002']
['rassi', 'overlap', [3, 3]]
['copy', 'MOLCAS.rassi.h5', 'MOLCAS.rassi.ovlp.3.h5']
['link', 'MOLCAS.1.JobIph', 'JOB001']
['link', 'MOLCAS.3.JobIph', 'JOB002']
['rassi', 'soc', [4, 3]]
['copy', '$master_path/MOLCAS.1.JobIph', 'JOBOLD']
['rasscf', 1, 4, True, False]
['mclr', 0.0001, 'sala=1']
['alaska']
All jobs finished:
job: master          code: 0    runtime: 0:00:19.388186
job: grad_1_1        code: 0    runtime: 0:00:09.551362

Starting job execution
['gateway']
['seward']
['copy', '/project/lgagliardi/helenclifford/practice_rcc/sharc4/methaniminium/tutorial_reproduction/traj/Singlet_2/TRAJ_00007/restart/MOLCAS.1.JobIph.121', 'JOBOLD']
['rasscf', 1, 4, True, False]
['copy', 'MOLCAS.rasscf.h5', 'MOLCAS.1.rasscf.h5']
['copy', 'MOLCAS.JobIph', 'MOLCAS.1.JobIph']
['copy', '/project/lgagliardi/helenclifford/practice_rcc/sharc4/methaniminium/tutorial_reproduction/traj/Singlet_2/TRAJ_00007/restart/MOLCAS.3.JobIph.121', 'JOBOLD']
['rasscf', 3, 3, True, False]
['copy', 'MOLCAS.rasscf.h5', 'MOLCAS.3.rasscf.h5']
['copy', 'MOLCAS.JobIph', 'MOLCAS.3.JobIph']
['link', 'MOLCAS.1.JobIph', 'JOB001']
['rassi', 'dm', [4]]
['copy', 'MOLCAS.rassi.h5', 'MOLCAS.rassi.1.h5']
['link', 'MOLCAS.3.JobIph', 'JOB001']
['rassi', 'dm', [3]]
['copy', 'MOLCAS.rassi.h5', 'MOLCAS.rassi.3.h5']
['copy', '/project/lgagliardi/helenclifford/practice_rcc/sharc4/methaniminium/tutorial_reproduction/traj/Singlet_2/TRAJ_00007/restart/MOLCAS.1.JobIph.120', 'JOB001']
['link', 'MOLCAS.1.JobIph', 'JOB002']
['rassi', 'overlap', [4, 4]]
['copy', 'MOLCAS.rassi.h5', 'MOLCAS.rassi.ovlp.1.h5']
['copy', '/project/lgagliardi/helenclifford/practice_rcc/sharc4/methaniminium/tutorial_reproduction/traj/Singlet_2/TRAJ_00007/restart/MOLCAS.3.JobIph.120', 'JOB001']
['link', 'MOLCAS.3.JobIph', 'JOB002']
['rassi', 'overlap', [3, 3]]
['copy', 'MOLCAS.rassi.h5', 'MOLCAS.rassi.ovlp.3.h5']
['link', 'MOLCAS.1.JobIph', 'JOB001']
['link', 'MOLCAS.3.JobIph', 'JOB002']
['rassi', 'soc', [4, 3]]
['copy', '$master_path/MOLCAS.1.JobIph', 'JOBOLD']
['rasscf', 1, 4, True, False]
['mclr', 0.0001, 'sala=2']
['alaska']
All jobs finished:
job: master          code: 0    runtime: 0:00:13.248973
job: grad_1_2        code: 0    runtime: 0:00:14.018707

Starting job execution
['gateway']
['seward']
['copy', '/project/lgagliardi/helenclifford/practice_rcc/sharc4/methaniminium/tutorial_reproduction/traj/Singlet_2/TRAJ_00007/restart/MOLCAS.1.JobIph.121', 'JOBOLD']
['rasscf', 1, 4, True, False]
['copy', 'MOLCAS.rasscf.h5', 'MOLCAS.1.rasscf.h5']
['copy', 'MOLCAS.JobIph', 'MOLCAS.1.JobIph']
['copy', '/project/lgagliardi/helenclifford/practice_rcc/sharc4/methaniminium/tutorial_reproduction/traj/Singlet_2/TRAJ_00007/restart/MOLCAS.3.JobIph.121', 'JOBOLD']
['rasscf', 3, 3, True, False]
['copy', 'MOLCAS.rasscf.h5', 'MOLCAS.3.rasscf.h5']
['copy', 'MOLCAS.JobIph', 'MOLCAS.3.JobIph']
['link', 'MOLCAS.1.JobIph', 'JOB001']
['rassi', 'dm', [4]]
['copy', 'MOLCAS.rassi.h5', 'MOLCAS.rassi.1.h5']
['link', 'MOLCAS.3.JobIph', 'JOB001']
['rassi', 'dm', [3]]
['copy', 'MOLCAS.rassi.h5', 'MOLCAS.rassi.3.h5']
['copy', '/project/lgagliardi/helenclifford/practice_rcc/sharc4/methaniminium/tutorial_reproduction/traj/Singlet_2/TRAJ_00007/restart/MOLCAS.1.JobIph.121', 'JOB001']
['link', 'MOLCAS.1.JobIph', 'JOB002']
['rassi', 'overlap', [4, 4]]
['copy', 'MOLCAS.rassi.h5', 'MOLCAS.rassi.ovlp.1.h5']
['copy', '/project/lgagliardi/helenclifford/practice_rcc/sharc4/methaniminium/tutorial_reproduction/traj/Singlet_2/TRAJ_00007/restart/MOLCAS.3.JobIph.121', 'JOB001']
['link', 'MOLCAS.3.JobIph', 'JOB002']
['rassi', 'overlap', [3, 3]]
['copy', 'MOLCAS.rassi.h5', 'MOLCAS.rassi.ovlp.3.h5']
['link', 'MOLCAS.1.JobIph', 'JOB001']
['link', 'MOLCAS.3.JobIph', 'JOB002']
['rassi', 'soc', [4, 3]]
['copy', '$master_path/MOLCAS.1.JobIph', 'JOBOLD']
['rasscf', 1, 4, True, False]
['mclr', 0.0001, 'sala=2']
['alaska']
All jobs finished:
job: master          code: 0    runtime: 0:00:25.377607
job: grad_1_2        code: 0    runtime: 0:00:08.550184

Starting job execution
['gateway']
['seward']
['copy', '/project/lgagliardi/helenclifford/practice_rcc/sharc4/methaniminium/tutorial_reproduction/traj/Singlet_2/TRAJ_00007/restart/MOLCAS.1.JobIph.122', 'JOBOLD']
['rasscf', 1, 4, True, False]
['copy', 'MOLCAS.rasscf.h5', 'MOLCAS.1.rasscf.h5']
['copy', 'MOLCAS.JobIph', 'MOLCAS.1.JobIph']
['copy', '/project/lgagliardi/helenclifford/practice_rcc/sharc4/methaniminium/tutorial_reproduction/traj/Singlet_2/TRAJ_00007/restart/MOLCAS.3.JobIph.122', 'JOBOLD']
['rasscf', 3, 3, True, False]
['copy', 'MOLCAS.rasscf.h5', 'MOLCAS.3.rasscf.h5']
['copy', 'MOLCAS.JobIph', 'MOLCAS.3.JobIph']
['link', 'MOLCAS.1.JobIph', 'JOB001']
['rassi', 'dm', [4]]
['copy', 'MOLCAS.rassi.h5', 'MOLCAS.rassi.1.h5']
['link', 'MOLCAS.3.JobIph', 'JOB001']
['rassi', 'dm', [3]]
['copy', 'MOLCAS.rassi.h5', 'MOLCAS.rassi.3.h5']
['copy', '/project/lgagliardi/helenclifford/practice_rcc/sharc4/methaniminium/tutorial_reproduction/traj/Singlet_2/TRAJ_00007/restart/MOLCAS.1.JobIph.122', 'JOB001']
['link', 'MOLCAS.1.JobIph', 'JOB002']
['rassi', 'overlap', [4, 4]]
['copy', 'MOLCAS.rassi.h5', 'MOLCAS.rassi.ovlp.1.h5']
['copy', '/project/lgagliardi/helenclifford/practice_rcc/sharc4/methaniminium/tutorial_reproduction/traj/Singlet_2/TRAJ_00007/restart/MOLCAS.3.JobIph.122', 'JOB001']
['link', 'MOLCAS.3.JobIph', 'JOB002']
['rassi', 'overlap', [3, 3]]
['copy', 'MOLCAS.rassi.h5', 'MOLCAS.rassi.ovlp.3.h5']
['link', 'MOLCAS.1.JobIph', 'JOB001']
['link', 'MOLCAS.3.JobIph', 'JOB002']
['rassi', 'soc', [4, 3]]
['copy', '$master_path/MOLCAS.1.JobIph', 'JOBOLD']
['rasscf', 1, 4, True, False]
['mclr', 0.0001, 'sala=2']
['alaska']
All jobs finished:
job: master          code: 0    runtime: 0:00:17.726186
job: grad_1_2        code: 0    runtime: 0:00:08.624295

Starting job execution
['gateway']
['seward']
['copy', '/project/lgagliardi/helenclifford/practice_rcc/sharc4/methaniminium/tutorial_reproduction/traj/Singlet_2/TRAJ_00007/restart/MOLCAS.1.JobIph.123', 'JOBOLD']
['rasscf', 1, 4, True, False]
['copy', 'MOLCAS.rasscf.h5', 'MOLCAS.1.rasscf.h5']
['copy', 'MOLCAS.JobIph', 'MOLCAS.1.JobIph']
['copy', '/project/lgagliardi/helenclifford/practice_rcc/sharc4/methaniminium/tutorial_reproduction/traj/Singlet_2/TRAJ_00007/restart/MOLCAS.3.JobIph.123', 'JOBOLD']
['rasscf', 3, 3, True, False]
['copy', 'MOLCAS.rasscf.h5', 'MOLCAS.3.rasscf.h5']
['copy', 'MOLCAS.JobIph', 'MOLCAS.3.JobIph']
['link', 'MOLCAS.1.JobIph', 'JOB001']
['rassi', 'dm', [4]]
['copy', 'MOLCAS.rassi.h5', 'MOLCAS.rassi.1.h5']
['link', 'MOLCAS.3.JobIph', 'JOB001']
['rassi', 'dm', [3]]
['copy', 'MOLCAS.rassi.h5', 'MOLCAS.rassi.3.h5']
['copy', '/project/lgagliardi/helenclifford/practice_rcc/sharc4/methaniminium/tutorial_reproduction/traj/Singlet_2/TRAJ_00007/restart/MOLCAS.1.JobIph.123', 'JOB001']
['link', 'MOLCAS.1.JobIph', 'JOB002']
['rassi', 'overlap', [4, 4]]
['copy', 'MOLCAS.rassi.h5', 'MOLCAS.rassi.ovlp.1.h5']
['copy', '/project/lgagliardi/helenclifford/practice_rcc/sharc4/methaniminium/tutorial_reproduction/traj/Singlet_2/TRAJ_00007/restart/MOLCAS.3.JobIph.123', 'JOB001']
['link', 'MOLCAS.3.JobIph', 'JOB002']
['rassi', 'overlap', [3, 3]]
['copy', 'MOLCAS.rassi.h5', 'MOLCAS.rassi.ovlp.3.h5']
['link', 'MOLCAS.1.JobIph', 'JOB001']
['link', 'MOLCAS.3.JobIph', 'JOB002']
['rassi', 'soc', [4, 3]]
['copy', '$master_path/MOLCAS.1.JobIph', 'JOBOLD']
['rasscf', 1, 4, True, False]
['mclr', 0.0001, 'sala=2']
['alaska']
All jobs finished:
job: master          code: 0    runtime: 0:00:22.746913
job: grad_1_2        code: 0    runtime: 0:00:08.921345

Starting job execution
['gateway']
['seward']
['copy', '/project/lgagliardi/helenclifford/practice_rcc/sharc4/methaniminium/tutorial_reproduction/traj/Singlet_2/TRAJ_00007/restart/MOLCAS.1.JobIph.124', 'JOBOLD']
['rasscf', 1, 4, True, False]
['copy', 'MOLCAS.rasscf.h5', 'MOLCAS.1.rasscf.h5']
['copy', 'MOLCAS.JobIph', 'MOLCAS.1.JobIph']
['copy', '/project/lgagliardi/helenclifford/practice_rcc/sharc4/methaniminium/tutorial_reproduction/traj/Singlet_2/TRAJ_00007/restart/MOLCAS.3.JobIph.124', 'JOBOLD']
['rasscf', 3, 3, True, False]
['copy', 'MOLCAS.rasscf.h5', 'MOLCAS.3.rasscf.h5']
['copy', 'MOLCAS.JobIph', 'MOLCAS.3.JobIph']
['link', 'MOLCAS.1.JobIph', 'JOB001']
['rassi', 'dm', [4]]
['copy', 'MOLCAS.rassi.h5', 'MOLCAS.rassi.1.h5']
['link', 'MOLCAS.3.JobIph', 'JOB001']
['rassi', 'dm', [3]]
['copy', 'MOLCAS.rassi.h5', 'MOLCAS.rassi.3.h5']
['copy', '/project/lgagliardi/helenclifford/practice_rcc/sharc4/methaniminium/tutorial_reproduction/traj/Singlet_2/TRAJ_00007/restart/MOLCAS.1.JobIph.124', 'JOB001']
['link', 'MOLCAS.1.JobIph', 'JOB002']
['rassi', 'overlap', [4, 4]]
['copy', 'MOLCAS.rassi.h5', 'MOLCAS.rassi.ovlp.1.h5']
['copy', '/project/lgagliardi/helenclifford/practice_rcc/sharc4/methaniminium/tutorial_reproduction/traj/Singlet_2/TRAJ_00007/restart/MOLCAS.3.JobIph.124', 'JOB001']
['link', 'MOLCAS.3.JobIph', 'JOB002']
['rassi', 'overlap', [3, 3]]
['copy', 'MOLCAS.rassi.h5', 'MOLCAS.rassi.ovlp.3.h5']
['link', 'MOLCAS.1.JobIph', 'JOB001']
['link', 'MOLCAS.3.JobIph', 'JOB002']
['rassi', 'soc', [4, 3]]
['copy', '$master_path/MOLCAS.1.JobIph', 'JOBOLD']
['rasscf', 1, 4, True, False]
['mclr', 0.0001, 'sala=2']
['alaska']
All jobs finished:
job: master          code: 0    runtime: 0:00:21.248311
job: grad_1_2        code: 0    runtime: 0:00:11.963558

Starting job execution
['gateway']
['seward']
['copy', '/project/lgagliardi/helenclifford/practice_rcc/sharc4/methaniminium/tutorial_reproduction/traj/Singlet_2/TRAJ_00007/restart/MOLCAS.1.JobIph.125', 'JOBOLD']
['rasscf', 1, 4, True, False]
['copy', 'MOLCAS.rasscf.h5', 'MOLCAS.1.rasscf.h5']
['copy', 'MOLCAS.JobIph', 'MOLCAS.1.JobIph']
['copy', '/project/lgagliardi/helenclifford/practice_rcc/sharc4/methaniminium/tutorial_reproduction/traj/Singlet_2/TRAJ_00007/restart/MOLCAS.3.JobIph.125', 'JOBOLD']
['rasscf', 3, 3, True, False]
['copy', 'MOLCAS.rasscf.h5', 'MOLCAS.3.rasscf.h5']
['copy', 'MOLCAS.JobIph', 'MOLCAS.3.JobIph']
['link', 'MOLCAS.1.JobIph', 'JOB001']
['rassi', 'dm', [4]]
['copy', 'MOLCAS.rassi.h5', 'MOLCAS.rassi.1.h5']
['link', 'MOLCAS.3.JobIph', 'JOB001']
['rassi', 'dm', [3]]
['copy', 'MOLCAS.rassi.h5', 'MOLCAS.rassi.3.h5']
['copy', '/project/lgagliardi/helenclifford/practice_rcc/sharc4/methaniminium/tutorial_reproduction/traj/Singlet_2/TRAJ_00007/restart/MOLCAS.1.JobIph.125', 'JOB001']
['link', 'MOLCAS.1.JobIph', 'JOB002']
['rassi', 'overlap', [4, 4]]
['copy', 'MOLCAS.rassi.h5', 'MOLCAS.rassi.ovlp.1.h5']
['copy', '/project/lgagliardi/helenclifford/practice_rcc/sharc4/methaniminium/tutorial_reproduction/traj/Singlet_2/TRAJ_00007/restart/MOLCAS.3.JobIph.125', 'JOB001']
['link', 'MOLCAS.3.JobIph', 'JOB002']
['rassi', 'overlap', [3, 3]]
['copy', 'MOLCAS.rassi.h5', 'MOLCAS.rassi.ovlp.3.h5']
['link', 'MOLCAS.1.JobIph', 'JOB001']
['link', 'MOLCAS.3.JobIph', 'JOB002']
['rassi', 'soc', [4, 3]]
['copy', '$master_path/MOLCAS.1.JobIph', 'JOBOLD']
['rasscf', 1, 4, True, False]
['mclr', 0.0001, 'sala=2']
['alaska']
All jobs finished:
job: master          code: 0    runtime: 0:00:18.891184
job: grad_1_2        code: 0    runtime: 0:00:09.281791

Starting job execution
['gateway']
['seward']
['copy', '/project/lgagliardi/helenclifford/practice_rcc/sharc4/methaniminium/tutorial_reproduction/traj/Singlet_2/TRAJ_00007/restart/MOLCAS.1.JobIph.126', 'JOBOLD']
['rasscf', 1, 4, True, False]
['copy', 'MOLCAS.rasscf.h5', 'MOLCAS.1.rasscf.h5']
['copy', 'MOLCAS.JobIph', 'MOLCAS.1.JobIph']
['copy', '/project/lgagliardi/helenclifford/practice_rcc/sharc4/methaniminium/tutorial_reproduction/traj/Singlet_2/TRAJ_00007/restart/MOLCAS.3.JobIph.126', 'JOBOLD']
['rasscf', 3, 3, True, False]
['copy', 'MOLCAS.rasscf.h5', 'MOLCAS.3.rasscf.h5']
['copy', 'MOLCAS.JobIph', 'MOLCAS.3.JobIph']
['link', 'MOLCAS.1.JobIph', 'JOB001']
['rassi', 'dm', [4]]
['copy', 'MOLCAS.rassi.h5', 'MOLCAS.rassi.1.h5']
['link', 'MOLCAS.3.JobIph', 'JOB001']
['rassi', 'dm', [3]]
['copy', 'MOLCAS.rassi.h5', 'MOLCAS.rassi.3.h5']
['copy', '/project/lgagliardi/helenclifford/practice_rcc/sharc4/methaniminium/tutorial_reproduction/traj/Singlet_2/TRAJ_00007/restart/MOLCAS.1.JobIph.126', 'JOB001']
['link', 'MOLCAS.1.JobIph', 'JOB002']
['rassi', 'overlap', [4, 4]]
['copy', 'MOLCAS.rassi.h5', 'MOLCAS.rassi.ovlp.1.h5']
['copy', '/project/lgagliardi/helenclifford/practice_rcc/sharc4/methaniminium/tutorial_reproduction/traj/Singlet_2/TRAJ_00007/restart/MOLCAS.3.JobIph.126', 'JOB001']
['link', 'MOLCAS.3.JobIph', 'JOB002']
['rassi', 'overlap', [3, 3]]
['copy', 'MOLCAS.rassi.h5', 'MOLCAS.rassi.ovlp.3.h5']
['link', 'MOLCAS.1.JobIph', 'JOB001']
['link', 'MOLCAS.3.JobIph', 'JOB002']
['rassi', 'soc', [4, 3]]
['copy', '$master_path/MOLCAS.1.JobIph', 'JOBOLD']
['rasscf', 1, 4, True, False]
['mclr', 0.0001, 'sala=2']
['alaska']
All jobs finished:
job: master          code: 0    runtime: 0:00:19.227229
job: grad_1_2        code: 0    runtime: 0:00:08.395217

Starting job execution
['gateway']
['seward']
['copy', '/project/lgagliardi/helenclifford/practice_rcc/sharc4/methaniminium/tutorial_reproduction/traj/Singlet_2/TRAJ_00007/restart/MOLCAS.1.JobIph.127', 'JOBOLD']
['rasscf', 1, 4, True, False]
['copy', 'MOLCAS.rasscf.h5', 'MOLCAS.1.rasscf.h5']
['copy', 'MOLCAS.JobIph', 'MOLCAS.1.JobIph']
['copy', '/project/lgagliardi/helenclifford/practice_rcc/sharc4/methaniminium/tutorial_reproduction/traj/Singlet_2/TRAJ_00007/restart/MOLCAS.3.JobIph.127', 'JOBOLD']
['rasscf', 3, 3, True, False]
['copy', 'MOLCAS.rasscf.h5', 'MOLCAS.3.rasscf.h5']
['copy', 'MOLCAS.JobIph', 'MOLCAS.3.JobIph']
['link', 'MOLCAS.1.JobIph', 'JOB001']
['rassi', 'dm', [4]]
['copy', 'MOLCAS.rassi.h5', 'MOLCAS.rassi.1.h5']
['link', 'MOLCAS.3.JobIph', 'JOB001']
['rassi', 'dm', [3]]
['copy', 'MOLCAS.rassi.h5', 'MOLCAS.rassi.3.h5']
['copy', '/project/lgagliardi/helenclifford/practice_rcc/sharc4/methaniminium/tutorial_reproduction/traj/Singlet_2/TRAJ_00007/restart/MOLCAS.1.JobIph.126', 'JOB001']
['link', 'MOLCAS.1.JobIph', 'JOB002']
['rassi', 'overlap', [4, 4]]
['copy', 'MOLCAS.rassi.h5', 'MOLCAS.rassi.ovlp.1.h5']
['copy', '/project/lgagliardi/helenclifford/practice_rcc/sharc4/methaniminium/tutorial_reproduction/traj/Singlet_2/TRAJ_00007/restart/MOLCAS.3.JobIph.126', 'JOB001']
['link', 'MOLCAS.3.JobIph', 'JOB002']
['rassi', 'overlap', [3, 3]]
['copy', 'MOLCAS.rassi.h5', 'MOLCAS.rassi.ovlp.3.h5']
['link', 'MOLCAS.1.JobIph', 'JOB001']
['link', 'MOLCAS.3.JobIph', 'JOB002']
['rassi', 'soc', [4, 3]]
['copy', '$master_path/MOLCAS.1.JobIph', 'JOBOLD']
['rasscf', 1, 4, True, False]
['mclr', 0.0001, 'sala=1']
['alaska']
['copy', '$master_path/MOLCAS.1.JobIph', 'JOBOLD']
['rasscf', 1, 4, True, False]
['mclr', 0.0001, 'sala=2']
['alaska']
All jobs finished:
job: master          code: 0    runtime: 0:00:20.934678
job: grad_1_1        code: 0    runtime: 0:00:17.121297
job: grad_1_2        code: 0    runtime: 0:00:10.943840

Starting job execution
['gateway']
['seward']
['copy', '/project/lgagliardi/helenclifford/practice_rcc/sharc4/methaniminium/tutorial_reproduction/traj/Singlet_2/TRAJ_00007/restart/MOLCAS.1.JobIph.127', 'JOBOLD']
['rasscf', 1, 4, True, False]
['copy', 'MOLCAS.rasscf.h5', 'MOLCAS.1.rasscf.h5']
['copy', 'MOLCAS.JobIph', 'MOLCAS.1.JobIph']
['copy', '/project/lgagliardi/helenclifford/practice_rcc/sharc4/methaniminium/tutorial_reproduction/traj/Singlet_2/TRAJ_00007/restart/MOLCAS.3.JobIph.127', 'JOBOLD']
['rasscf', 3, 3, True, False]
['copy', 'MOLCAS.rasscf.h5', 'MOLCAS.3.rasscf.h5']
['copy', 'MOLCAS.JobIph', 'MOLCAS.3.JobIph']
['link', 'MOLCAS.1.JobIph', 'JOB001']
['rassi', 'dm', [4]]
['copy', 'MOLCAS.rassi.h5', 'MOLCAS.rassi.1.h5']
['link', 'MOLCAS.3.JobIph', 'JOB001']
['rassi', 'dm', [3]]
['copy', 'MOLCAS.rassi.h5', 'MOLCAS.rassi.3.h5']
['copy', '/project/lgagliardi/helenclifford/practice_rcc/sharc4/methaniminium/tutorial_reproduction/traj/Singlet_2/TRAJ_00007/restart/MOLCAS.1.JobIph.127', 'JOB001']
['link', 'MOLCAS.1.JobIph', 'JOB002']
['rassi', 'overlap', [4, 4]]
['copy', 'MOLCAS.rassi.h5', 'MOLCAS.rassi.ovlp.1.h5']
['copy', '/project/lgagliardi/helenclifford/practice_rcc/sharc4/methaniminium/tutorial_reproduction/traj/Singlet_2/TRAJ_00007/restart/MOLCAS.3.JobIph.127', 'JOB001']
['link', 'MOLCAS.3.JobIph', 'JOB002']
['rassi', 'overlap', [3, 3]]
['copy', 'MOLCAS.rassi.h5', 'MOLCAS.rassi.ovlp.3.h5']
['link', 'MOLCAS.1.JobIph', 'JOB001']
['link', 'MOLCAS.3.JobIph', 'JOB002']
['rassi', 'soc', [4, 3]]
['copy', '$master_path/MOLCAS.1.JobIph', 'JOBOLD']
['rasscf', 1, 4, True, False]
['mclr', 0.0001, 'sala=1']
['alaska']
['copy', '$master_path/MOLCAS.1.JobIph', 'JOBOLD']
['rasscf', 1, 4, True, False]
['mclr', 0.0001, 'sala=2']
['alaska']
All jobs finished:
job: master          code: 0    runtime: 0:00:20.692085
job: grad_1_1        code: 0    runtime: 0:00:08.950510
job: grad_1_2        code: 0    runtime: 0:00:02.932616

Starting job execution
['gateway']
['seward']
['copy', '/project/lgagliardi/helenclifford/practice_rcc/sharc4/methaniminium/tutorial_reproduction/traj/Singlet_2/TRAJ_00007/restart/MOLCAS.1.JobIph.128', 'JOBOLD']
['rasscf', 1, 4, True, False]
['copy', 'MOLCAS.rasscf.h5', 'MOLCAS.1.rasscf.h5']
['copy', 'MOLCAS.JobIph', 'MOLCAS.1.JobIph']
['copy', '/project/lgagliardi/helenclifford/practice_rcc/sharc4/methaniminium/tutorial_reproduction/traj/Singlet_2/TRAJ_00007/restart/MOLCAS.3.JobIph.128', 'JOBOLD']
['rasscf', 3, 3, True, False]
['copy', 'MOLCAS.rasscf.h5', 'MOLCAS.3.rasscf.h5']
['copy', 'MOLCAS.JobIph', 'MOLCAS.3.JobIph']
['link', 'MOLCAS.1.JobIph', 'JOB001']
['rassi', 'dm', [4]]
['copy', 'MOLCAS.rassi.h5', 'MOLCAS.rassi.1.h5']
['link', 'MOLCAS.3.JobIph', 'JOB001']
['rassi', 'dm', [3]]
['copy', 'MOLCAS.rassi.h5', 'MOLCAS.rassi.3.h5']
['copy', '/project/lgagliardi/helenclifford/practice_rcc/sharc4/methaniminium/tutorial_reproduction/traj/Singlet_2/TRAJ_00007/restart/MOLCAS.1.JobIph.128', 'JOB001']
['link', 'MOLCAS.1.JobIph', 'JOB002']
['rassi', 'overlap', [4, 4]]
['copy', 'MOLCAS.rassi.h5', 'MOLCAS.rassi.ovlp.1.h5']
['copy', '/project/lgagliardi/helenclifford/practice_rcc/sharc4/methaniminium/tutorial_reproduction/traj/Singlet_2/TRAJ_00007/restart/MOLCAS.3.JobIph.128', 'JOB001']
['link', 'MOLCAS.3.JobIph', 'JOB002']
['rassi', 'overlap', [3, 3]]
['copy', 'MOLCAS.rassi.h5', 'MOLCAS.rassi.ovlp.3.h5']
['link', 'MOLCAS.1.JobIph', 'JOB001']
['link', 'MOLCAS.3.JobIph', 'JOB002']
['rassi', 'soc', [4, 3]]
['copy', '$master_path/MOLCAS.1.JobIph', 'JOBOLD']
['rasscf', 1, 4, True, False]
['mclr', 0.0001, 'sala=1']
['alaska']
All jobs finished:
job: master          code: 0    runtime: 0:00:37.101860
job: grad_1_1        code: 0    runtime: 0:00:09.472838

Starting job execution
['gateway']
['seward']
['copy', '/project/lgagliardi/helenclifford/practice_rcc/sharc4/methaniminium/tutorial_reproduction/traj/Singlet_2/TRAJ_00007/restart/MOLCAS.1.JobIph.129', 'JOBOLD']
['rasscf', 1, 4, True, False]
['copy', 'MOLCAS.rasscf.h5', 'MOLCAS.1.rasscf.h5']
['copy', 'MOLCAS.JobIph', 'MOLCAS.1.JobIph']
['copy', '/project/lgagliardi/helenclifford/practice_rcc/sharc4/methaniminium/tutorial_reproduction/traj/Singlet_2/TRAJ_00007/restart/MOLCAS.3.JobIph.129', 'JOBOLD']
['rasscf', 3, 3, True, False]
['copy', 'MOLCAS.rasscf.h5', 'MOLCAS.3.rasscf.h5']
['copy', 'MOLCAS.JobIph', 'MOLCAS.3.JobIph']
['link', 'MOLCAS.1.JobIph', 'JOB001']
['rassi', 'dm', [4]]
['copy', 'MOLCAS.rassi.h5', 'MOLCAS.rassi.1.h5']
['link', 'MOLCAS.3.JobIph', 'JOB001']
['rassi', 'dm', [3]]
['copy', 'MOLCAS.rassi.h5', 'MOLCAS.rassi.3.h5']
['copy', '/project/lgagliardi/helenclifford/practice_rcc/sharc4/methaniminium/tutorial_reproduction/traj/Singlet_2/TRAJ_00007/restart/MOLCAS.1.JobIph.129', 'JOB001']
['link', 'MOLCAS.1.JobIph', 'JOB002']
['rassi', 'overlap', [4, 4]]
['copy', 'MOLCAS.rassi.h5', 'MOLCAS.rassi.ovlp.1.h5']
['copy', '/project/lgagliardi/helenclifford/practice_rcc/sharc4/methaniminium/tutorial_reproduction/traj/Singlet_2/TRAJ_00007/restart/MOLCAS.3.JobIph.129', 'JOB001']
['link', 'MOLCAS.3.JobIph', 'JOB002']
['rassi', 'overlap', [3, 3]]
['copy', 'MOLCAS.rassi.h5', 'MOLCAS.rassi.ovlp.3.h5']
['link', 'MOLCAS.1.JobIph', 'JOB001']
['link', 'MOLCAS.3.JobIph', 'JOB002']
['rassi', 'soc', [4, 3]]
['copy', '$master_path/MOLCAS.1.JobIph', 'JOBOLD']
['rasscf', 1, 4, True, False]
['mclr', 0.0001, 'sala=1']
['alaska']
All jobs finished:
job: master          code: 0    runtime: 0:00:18.577237
job: grad_1_1        code: 0    runtime: 0:00:07.237232

Starting job execution
['gateway']
['seward']
['copy', '/project/lgagliardi/helenclifford/practice_rcc/sharc4/methaniminium/tutorial_reproduction/traj/Singlet_2/TRAJ_00007/restart/MOLCAS.1.JobIph.130', 'JOBOLD']
['rasscf', 1, 4, True, False]
['copy', 'MOLCAS.rasscf.h5', 'MOLCAS.1.rasscf.h5']
['copy', 'MOLCAS.JobIph', 'MOLCAS.1.JobIph']
['copy', '/project/lgagliardi/helenclifford/practice_rcc/sharc4/methaniminium/tutorial_reproduction/traj/Singlet_2/TRAJ_00007/restart/MOLCAS.3.JobIph.130', 'JOBOLD']
['rasscf', 3, 3, True, False]
['copy', 'MOLCAS.rasscf.h5', 'MOLCAS.3.rasscf.h5']
['copy', 'MOLCAS.JobIph', 'MOLCAS.3.JobIph']
['link', 'MOLCAS.1.JobIph', 'JOB001']
['rassi', 'dm', [4]]
['copy', 'MOLCAS.rassi.h5', 'MOLCAS.rassi.1.h5']
['link', 'MOLCAS.3.JobIph', 'JOB001']
['rassi', 'dm', [3]]
['copy', 'MOLCAS.rassi.h5', 'MOLCAS.rassi.3.h5']
['copy', '/project/lgagliardi/helenclifford/practice_rcc/sharc4/methaniminium/tutorial_reproduction/traj/Singlet_2/TRAJ_00007/restart/MOLCAS.1.JobIph.130', 'JOB001']
['link', 'MOLCAS.1.JobIph', 'JOB002']
['rassi', 'overlap', [4, 4]]
['copy', 'MOLCAS.rassi.h5', 'MOLCAS.rassi.ovlp.1.h5']
['copy', '/project/lgagliardi/helenclifford/practice_rcc/sharc4/methaniminium/tutorial_reproduction/traj/Singlet_2/TRAJ_00007/restart/MOLCAS.3.JobIph.130', 'JOB001']
['link', 'MOLCAS.3.JobIph', 'JOB002']
['rassi', 'overlap', [3, 3]]
['copy', 'MOLCAS.rassi.h5', 'MOLCAS.rassi.ovlp.3.h5']
['link', 'MOLCAS.1.JobIph', 'JOB001']
['link', 'MOLCAS.3.JobIph', 'JOB002']
['rassi', 'soc', [4, 3]]
['copy', '$master_path/MOLCAS.1.JobIph', 'JOBOLD']
['rasscf', 1, 4, True, False]
['mclr', 0.0001, 'sala=1']
['alaska']
All jobs finished:
job: master          code: 0    runtime: 0:00:18.789535
job: grad_1_1        code: 0    runtime: 0:00:09.244681

Starting job execution
['gateway']
['seward']
['copy', '/project/lgagliardi/helenclifford/practice_rcc/sharc4/methaniminium/tutorial_reproduction/traj/Singlet_2/TRAJ_00007/restart/MOLCAS.1.JobIph.131', 'JOBOLD']
['rasscf', 1, 4, True, False]
['copy', 'MOLCAS.rasscf.h5', 'MOLCAS.1.rasscf.h5']
['copy', 'MOLCAS.JobIph', 'MOLCAS.1.JobIph']
['copy', '/project/lgagliardi/helenclifford/practice_rcc/sharc4/methaniminium/tutorial_reproduction/traj/Singlet_2/TRAJ_00007/restart/MOLCAS.3.JobIph.131', 'JOBOLD']
['rasscf', 3, 3, True, False]
['copy', 'MOLCAS.rasscf.h5', 'MOLCAS.3.rasscf.h5']
['copy', 'MOLCAS.JobIph', 'MOLCAS.3.JobIph']
['link', 'MOLCAS.1.JobIph', 'JOB001']
['rassi', 'dm', [4]]
['copy', 'MOLCAS.rassi.h5', 'MOLCAS.rassi.1.h5']
['link', 'MOLCAS.3.JobIph', 'JOB001']
['rassi', 'dm', [3]]
['copy', 'MOLCAS.rassi.h5', 'MOLCAS.rassi.3.h5']
['copy', '/project/lgagliardi/helenclifford/practice_rcc/sharc4/methaniminium/tutorial_reproduction/traj/Singlet_2/TRAJ_00007/restart/MOLCAS.1.JobIph.131', 'JOB001']
['link', 'MOLCAS.1.JobIph', 'JOB002']
['rassi', 'overlap', [4, 4]]
['copy', 'MOLCAS.rassi.h5', 'MOLCAS.rassi.ovlp.1.h5']
['copy', '/project/lgagliardi/helenclifford/practice_rcc/sharc4/methaniminium/tutorial_reproduction/traj/Singlet_2/TRAJ_00007/restart/MOLCAS.3.JobIph.131', 'JOB001']
['link', 'MOLCAS.3.JobIph', 'JOB002']
['rassi', 'overlap', [3, 3]]
['copy', 'MOLCAS.rassi.h5', 'MOLCAS.rassi.ovlp.3.h5']
['link', 'MOLCAS.1.JobIph', 'JOB001']
['link', 'MOLCAS.3.JobIph', 'JOB002']
['rassi', 'soc', [4, 3]]
['copy', '$master_path/MOLCAS.1.JobIph', 'JOBOLD']
['rasscf', 1, 4, True, False]
['mclr', 0.0001, 'sala=1']
['alaska']
All jobs finished:
job: master          code: 0    runtime: 0:00:16.539246
job: grad_1_1        code: 0    runtime: 0:00:12.315099

Starting job execution
['gateway']
['seward']
['copy', '/project/lgagliardi/helenclifford/practice_rcc/sharc4/methaniminium/tutorial_reproduction/traj/Singlet_2/TRAJ_00007/restart/MOLCAS.1.JobIph.132', 'JOBOLD']
['rasscf', 1, 4, True, False]
['copy', 'MOLCAS.rasscf.h5', 'MOLCAS.1.rasscf.h5']
['copy', 'MOLCAS.JobIph', 'MOLCAS.1.JobIph']
['copy', '/project/lgagliardi/helenclifford/practice_rcc/sharc4/methaniminium/tutorial_reproduction/traj/Singlet_2/TRAJ_00007/restart/MOLCAS.3.JobIph.132', 'JOBOLD']
['rasscf', 3, 3, True, False]
['copy', 'MOLCAS.rasscf.h5', 'MOLCAS.3.rasscf.h5']
['copy', 'MOLCAS.JobIph', 'MOLCAS.3.JobIph']
['link', 'MOLCAS.1.JobIph', 'JOB001']
['rassi', 'dm', [4]]
['copy', 'MOLCAS.rassi.h5', 'MOLCAS.rassi.1.h5']
['link', 'MOLCAS.3.JobIph', 'JOB001']
['rassi', 'dm', [3]]
['copy', 'MOLCAS.rassi.h5', 'MOLCAS.rassi.3.h5']
['copy', '/project/lgagliardi/helenclifford/practice_rcc/sharc4/methaniminium/tutorial_reproduction/traj/Singlet_2/TRAJ_00007/restart/MOLCAS.1.JobIph.132', 'JOB001']
['link', 'MOLCAS.1.JobIph', 'JOB002']
['rassi', 'overlap', [4, 4]]
['copy', 'MOLCAS.rassi.h5', 'MOLCAS.rassi.ovlp.1.h5']
['copy', '/project/lgagliardi/helenclifford/practice_rcc/sharc4/methaniminium/tutorial_reproduction/traj/Singlet_2/TRAJ_00007/restart/MOLCAS.3.JobIph.132', 'JOB001']
['link', 'MOLCAS.3.JobIph', 'JOB002']
['rassi', 'overlap', [3, 3]]
['copy', 'MOLCAS.rassi.h5', 'MOLCAS.rassi.ovlp.3.h5']
['link', 'MOLCAS.1.JobIph', 'JOB001']
['link', 'MOLCAS.3.JobIph', 'JOB002']
['rassi', 'soc', [4, 3]]
['copy', '$master_path/MOLCAS.1.JobIph', 'JOBOLD']
['rasscf', 1, 4, True, False]
['mclr', 0.0001, 'sala=1']
['alaska']
All jobs finished:
job: master          code: 0    runtime: 0:00:16.455587
job: grad_1_1        code: 0    runtime: 0:00:02.683481

Starting job execution
['gateway']
['seward']
['copy', '/project/lgagliardi/helenclifford/practice_rcc/sharc4/methaniminium/tutorial_reproduction/traj/Singlet_2/TRAJ_00007/restart/MOLCAS.1.JobIph.133', 'JOBOLD']
['rasscf', 1, 4, True, False]
['copy', 'MOLCAS.rasscf.h5', 'MOLCAS.1.rasscf.h5']
['copy', 'MOLCAS.JobIph', 'MOLCAS.1.JobIph']
['copy', '/project/lgagliardi/helenclifford/practice_rcc/sharc4/methaniminium/tutorial_reproduction/traj/Singlet_2/TRAJ_00007/restart/MOLCAS.3.JobIph.133', 'JOBOLD']
['rasscf', 3, 3, True, False]
['copy', 'MOLCAS.rasscf.h5', 'MOLCAS.3.rasscf.h5']
['copy', 'MOLCAS.JobIph', 'MOLCAS.3.JobIph']
['link', 'MOLCAS.1.JobIph', 'JOB001']
['rassi', 'dm', [4]]
['copy', 'MOLCAS.rassi.h5', 'MOLCAS.rassi.1.h5']
['link', 'MOLCAS.3.JobIph', 'JOB001']
['rassi', 'dm', [3]]
['copy', 'MOLCAS.rassi.h5', 'MOLCAS.rassi.3.h5']
['copy', '/project/lgagliardi/helenclifford/practice_rcc/sharc4/methaniminium/tutorial_reproduction/traj/Singlet_2/TRAJ_00007/restart/MOLCAS.1.JobIph.133', 'JOB001']
['link', 'MOLCAS.1.JobIph', 'JOB002']
['rassi', 'overlap', [4, 4]]
['copy', 'MOLCAS.rassi.h5', 'MOLCAS.rassi.ovlp.1.h5']
['copy', '/project/lgagliardi/helenclifford/practice_rcc/sharc4/methaniminium/tutorial_reproduction/traj/Singlet_2/TRAJ_00007/restart/MOLCAS.3.JobIph.133', 'JOB001']
['link', 'MOLCAS.3.JobIph', 'JOB002']
['rassi', 'overlap', [3, 3]]
['copy', 'MOLCAS.rassi.h5', 'MOLCAS.rassi.ovlp.3.h5']
['link', 'MOLCAS.1.JobIph', 'JOB001']
['link', 'MOLCAS.3.JobIph', 'JOB002']
['rassi', 'soc', [4, 3]]
['copy', '$master_path/MOLCAS.1.JobIph', 'JOBOLD']
['rasscf', 1, 4, True, False]
['mclr', 0.0001, 'sala=1']
['alaska']
All jobs finished:
job: master          code: 0    runtime: 0:00:17.423912
job: grad_1_1        code: 0    runtime: 0:00:12.157871

Starting job execution
['gateway']
['seward']
['copy', '/project/lgagliardi/helenclifford/practice_rcc/sharc4/methaniminium/tutorial_reproduction/traj/Singlet_2/TRAJ_00007/restart/MOLCAS.1.JobIph.134', 'JOBOLD']
['rasscf', 1, 4, True, False]
['copy', 'MOLCAS.rasscf.h5', 'MOLCAS.1.rasscf.h5']
['copy', 'MOLCAS.JobIph', 'MOLCAS.1.JobIph']
['copy', '/project/lgagliardi/helenclifford/practice_rcc/sharc4/methaniminium/tutorial_reproduction/traj/Singlet_2/TRAJ_00007/restart/MOLCAS.3.JobIph.134', 'JOBOLD']
['rasscf', 3, 3, True, False]
['copy', 'MOLCAS.rasscf.h5', 'MOLCAS.3.rasscf.h5']
['copy', 'MOLCAS.JobIph', 'MOLCAS.3.JobIph']
['link', 'MOLCAS.1.JobIph', 'JOB001']
['rassi', 'dm', [4]]
['copy', 'MOLCAS.rassi.h5', 'MOLCAS.rassi.1.h5']
['link', 'MOLCAS.3.JobIph', 'JOB001']
['rassi', 'dm', [3]]
['copy', 'MOLCAS.rassi.h5', 'MOLCAS.rassi.3.h5']
['copy', '/project/lgagliardi/helenclifford/practice_rcc/sharc4/methaniminium/tutorial_reproduction/traj/Singlet_2/TRAJ_00007/restart/MOLCAS.1.JobIph.133', 'JOB001']
['link', 'MOLCAS.1.JobIph', 'JOB002']
['rassi', 'overlap', [4, 4]]
['copy', 'MOLCAS.rassi.h5', 'MOLCAS.rassi.ovlp.1.h5']
['copy', '/project/lgagliardi/helenclifford/practice_rcc/sharc4/methaniminium/tutorial_reproduction/traj/Singlet_2/TRAJ_00007/restart/MOLCAS.3.JobIph.133', 'JOB001']
['link', 'MOLCAS.3.JobIph', 'JOB002']
['rassi', 'overlap', [3, 3]]
['copy', 'MOLCAS.rassi.h5', 'MOLCAS.rassi.ovlp.3.h5']
['link', 'MOLCAS.1.JobIph', 'JOB001']
['link', 'MOLCAS.3.JobIph', 'JOB002']
['rassi', 'soc', [4, 3]]
['copy', '$master_path/MOLCAS.3.JobIph', 'JOBOLD']
['rasscf', 3, 3, True, False]
['mclr', 0.0001, 'sala=1']
['alaska']
['copy', '$master_path/MOLCAS.1.JobIph', 'JOBOLD']
['rasscf', 1, 4, True, False]
['mclr', 0.0001, 'sala=1']
['alaska']
All jobs finished:
job: master          code: 0    runtime: 0:00:16.589237
job: grad_3_1        code: 0    runtime: 0:00:03.698594
job: grad_1_1        code: 0    runtime: 0:00:07.592434

Starting job execution
['gateway']
['seward']
['copy', '/project/lgagliardi/helenclifford/practice_rcc/sharc4/methaniminium/tutorial_reproduction/traj/Singlet_2/TRAJ_00007/restart/MOLCAS.1.JobIph.134', 'JOBOLD']
['rasscf', 1, 4, True, False]
['copy', 'MOLCAS.rasscf.h5', 'MOLCAS.1.rasscf.h5']
['copy', 'MOLCAS.JobIph', 'MOLCAS.1.JobIph']
['copy', '/project/lgagliardi/helenclifford/practice_rcc/sharc4/methaniminium/tutorial_reproduction/traj/Singlet_2/TRAJ_00007/restart/MOLCAS.3.JobIph.134', 'JOBOLD']
['rasscf', 3, 3, True, False]
['copy', 'MOLCAS.rasscf.h5', 'MOLCAS.3.rasscf.h5']
['copy', 'MOLCAS.JobIph', 'MOLCAS.3.JobIph']
['link', 'MOLCAS.1.JobIph', 'JOB001']
['rassi', 'dm', [4]]
['copy', 'MOLCAS.rassi.h5', 'MOLCAS.rassi.1.h5']
['link', 'MOLCAS.3.JobIph', 'JOB001']
['rassi', 'dm', [3]]
['copy', 'MOLCAS.rassi.h5', 'MOLCAS.rassi.3.h5']
['copy', '/project/lgagliardi/helenclifford/practice_rcc/sharc4/methaniminium/tutorial_reproduction/traj/Singlet_2/TRAJ_00007/restart/MOLCAS.1.JobIph.134', 'JOB001']
['link', 'MOLCAS.1.JobIph', 'JOB002']
['rassi', 'overlap', [4, 4]]
['copy', 'MOLCAS.rassi.h5', 'MOLCAS.rassi.ovlp.1.h5']
['copy', '/project/lgagliardi/helenclifford/practice_rcc/sharc4/methaniminium/tutorial_reproduction/traj/Singlet_2/TRAJ_00007/restart/MOLCAS.3.JobIph.134', 'JOB001']
['link', 'MOLCAS.3.JobIph', 'JOB002']
['rassi', 'overlap', [3, 3]]
['copy', 'MOLCAS.rassi.h5', 'MOLCAS.rassi.ovlp.3.h5']
['link', 'MOLCAS.1.JobIph', 'JOB001']
['link', 'MOLCAS.3.JobIph', 'JOB002']
['rassi', 'soc', [4, 3]]
['copy', '$master_path/MOLCAS.3.JobIph', 'JOBOLD']
['rasscf', 3, 3, True, False]
['mclr', 0.0001, 'sala=1']
['alaska']
['copy', '$master_path/MOLCAS.1.JobIph', 'JOBOLD']
['rasscf', 1, 4, True, False]
['mclr', 0.0001, 'sala=1']
['alaska']
All jobs finished:
job: master          code: 0    runtime: 0:00:22.301087
job: grad_3_1        code: 0    runtime: 0:00:10.507949
job: grad_1_1        code: 0    runtime: 0:00:09.715415

Starting job execution
['gateway']
['seward']
['copy', '/project/lgagliardi/helenclifford/practice_rcc/sharc4/methaniminium/tutorial_reproduction/traj/Singlet_2/TRAJ_00007/restart/MOLCAS.1.JobIph.135', 'JOBOLD']
['rasscf', 1, 4, True, False]
['copy', 'MOLCAS.rasscf.h5', 'MOLCAS.1.rasscf.h5']
['copy', 'MOLCAS.JobIph', 'MOLCAS.1.JobIph']
['copy', '/project/lgagliardi/helenclifford/practice_rcc/sharc4/methaniminium/tutorial_reproduction/traj/Singlet_2/TRAJ_00007/restart/MOLCAS.3.JobIph.135', 'JOBOLD']
['rasscf', 3, 3, True, False]
['copy', 'MOLCAS.rasscf.h5', 'MOLCAS.3.rasscf.h5']
['copy', 'MOLCAS.JobIph', 'MOLCAS.3.JobIph']
['link', 'MOLCAS.1.JobIph', 'JOB001']
['rassi', 'dm', [4]]
['copy', 'MOLCAS.rassi.h5', 'MOLCAS.rassi.1.h5']
['link', 'MOLCAS.3.JobIph', 'JOB001']
['rassi', 'dm', [3]]
['copy', 'MOLCAS.rassi.h5', 'MOLCAS.rassi.3.h5']
['copy', '/project/lgagliardi/helenclifford/practice_rcc/sharc4/methaniminium/tutorial_reproduction/traj/Singlet_2/TRAJ_00007/restart/MOLCAS.1.JobIph.135', 'JOB001']
['link', 'MOLCAS.1.JobIph', 'JOB002']
['rassi', 'overlap', [4, 4]]
['copy', 'MOLCAS.rassi.h5', 'MOLCAS.rassi.ovlp.1.h5']
['copy', '/project/lgagliardi/helenclifford/practice_rcc/sharc4/methaniminium/tutorial_reproduction/traj/Singlet_2/TRAJ_00007/restart/MOLCAS.3.JobIph.135', 'JOB001']
['link', 'MOLCAS.3.JobIph', 'JOB002']
['rassi', 'overlap', [3, 3]]
['copy', 'MOLCAS.rassi.h5', 'MOLCAS.rassi.ovlp.3.h5']
['link', 'MOLCAS.1.JobIph', 'JOB001']
['link', 'MOLCAS.3.JobIph', 'JOB002']
['rassi', 'soc', [4, 3]]
['copy', '$master_path/MOLCAS.1.JobIph', 'JOBOLD']
['rasscf', 1, 4, True, False]
['mclr', 0.0001, 'sala=1']
['alaska']
All jobs finished:
job: master          code: 0    runtime: 0:00:25.820645
job: grad_1_1        code: 0    runtime: 0:00:12.984730

Starting job execution
['gateway']
['seward']
['copy', '/project/lgagliardi/helenclifford/practice_rcc/sharc4/methaniminium/tutorial_reproduction/traj/Singlet_2/TRAJ_00007/restart/MOLCAS.1.JobIph.136', 'JOBOLD']
['rasscf', 1, 4, True, False]
['copy', 'MOLCAS.rasscf.h5', 'MOLCAS.1.rasscf.h5']
['copy', 'MOLCAS.JobIph', 'MOLCAS.1.JobIph']
['copy', '/project/lgagliardi/helenclifford/practice_rcc/sharc4/methaniminium/tutorial_reproduction/traj/Singlet_2/TRAJ_00007/restart/MOLCAS.3.JobIph.136', 'JOBOLD']
['rasscf', 3, 3, True, False]
['copy', 'MOLCAS.rasscf.h5', 'MOLCAS.3.rasscf.h5']
['copy', 'MOLCAS.JobIph', 'MOLCAS.3.JobIph']
['link', 'MOLCAS.1.JobIph', 'JOB001']
['rassi', 'dm', [4]]
['copy', 'MOLCAS.rassi.h5', 'MOLCAS.rassi.1.h5']
['link', 'MOLCAS.3.JobIph', 'JOB001']
['rassi', 'dm', [3]]
['copy', 'MOLCAS.rassi.h5', 'MOLCAS.rassi.3.h5']
['copy', '/project/lgagliardi/helenclifford/practice_rcc/sharc4/methaniminium/tutorial_reproduction/traj/Singlet_2/TRAJ_00007/restart/MOLCAS.1.JobIph.136', 'JOB001']
['link', 'MOLCAS.1.JobIph', 'JOB002']
['rassi', 'overlap', [4, 4]]
['copy', 'MOLCAS.rassi.h5', 'MOLCAS.rassi.ovlp.1.h5']
['copy', '/project/lgagliardi/helenclifford/practice_rcc/sharc4/methaniminium/tutorial_reproduction/traj/Singlet_2/TRAJ_00007/restart/MOLCAS.3.JobIph.136', 'JOB001']
['link', 'MOLCAS.3.JobIph', 'JOB002']
['rassi', 'overlap', [3, 3]]
['copy', 'MOLCAS.rassi.h5', 'MOLCAS.rassi.ovlp.3.h5']
['link', 'MOLCAS.1.JobIph', 'JOB001']
['link', 'MOLCAS.3.JobIph', 'JOB002']
['rassi', 'soc', [4, 3]]
['copy', '$master_path/MOLCAS.1.JobIph', 'JOBOLD']
['rasscf', 1, 4, True, False]
['mclr', 0.0001, 'sala=1']
['alaska']
All jobs finished:
job: master          code: 0    runtime: 0:00:16.520621
job: grad_1_1        code: 0    runtime: 0:00:08.539806

Starting job execution
['gateway']
['seward']
['copy', '/project/lgagliardi/helenclifford/practice_rcc/sharc4/methaniminium/tutorial_reproduction/traj/Singlet_2/TRAJ_00007/restart/MOLCAS.1.JobIph.137', 'JOBOLD']
['rasscf', 1, 4, True, False]
['copy', 'MOLCAS.rasscf.h5', 'MOLCAS.1.rasscf.h5']
['copy', 'MOLCAS.JobIph', 'MOLCAS.1.JobIph']
['copy', '/project/lgagliardi/helenclifford/practice_rcc/sharc4/methaniminium/tutorial_reproduction/traj/Singlet_2/TRAJ_00007/restart/MOLCAS.3.JobIph.137', 'JOBOLD']
['rasscf', 3, 3, True, False]
['copy', 'MOLCAS.rasscf.h5', 'MOLCAS.3.rasscf.h5']
['copy', 'MOLCAS.JobIph', 'MOLCAS.3.JobIph']
['link', 'MOLCAS.1.JobIph', 'JOB001']
['rassi', 'dm', [4]]
['copy', 'MOLCAS.rassi.h5', 'MOLCAS.rassi.1.h5']
['link', 'MOLCAS.3.JobIph', 'JOB001']
['rassi', 'dm', [3]]
['copy', 'MOLCAS.rassi.h5', 'MOLCAS.rassi.3.h5']
['copy', '/project/lgagliardi/helenclifford/practice_rcc/sharc4/methaniminium/tutorial_reproduction/traj/Singlet_2/TRAJ_00007/restart/MOLCAS.1.JobIph.137', 'JOB001']
['link', 'MOLCAS.1.JobIph', 'JOB002']
['rassi', 'overlap', [4, 4]]
['copy', 'MOLCAS.rassi.h5', 'MOLCAS.rassi.ovlp.1.h5']
['copy', '/project/lgagliardi/helenclifford/practice_rcc/sharc4/methaniminium/tutorial_reproduction/traj/Singlet_2/TRAJ_00007/restart/MOLCAS.3.JobIph.137', 'JOB001']
['link', 'MOLCAS.3.JobIph', 'JOB002']
['rassi', 'overlap', [3, 3]]
['copy', 'MOLCAS.rassi.h5', 'MOLCAS.rassi.ovlp.3.h5']
['link', 'MOLCAS.1.JobIph', 'JOB001']
['link', 'MOLCAS.3.JobIph', 'JOB002']
['rassi', 'soc', [4, 3]]
['copy', '$master_path/MOLCAS.1.JobIph', 'JOBOLD']
['rasscf', 1, 4, True, False]
['mclr', 0.0001, 'sala=1']
['alaska']
All jobs finished:
job: master          code: 0    runtime: 0:00:18.354624
job: grad_1_1        code: 0    runtime: 0:00:08.912988

Starting job execution
['gateway']
['seward']
['copy', '/project/lgagliardi/helenclifford/practice_rcc/sharc4/methaniminium/tutorial_reproduction/traj/Singlet_2/TRAJ_00007/restart/MOLCAS.1.JobIph.138', 'JOBOLD']
['rasscf', 1, 4, True, False]
['copy', 'MOLCAS.rasscf.h5', 'MOLCAS.1.rasscf.h5']
['copy', 'MOLCAS.JobIph', 'MOLCAS.1.JobIph']
['copy', '/project/lgagliardi/helenclifford/practice_rcc/sharc4/methaniminium/tutorial_reproduction/traj/Singlet_2/TRAJ_00007/restart/MOLCAS.3.JobIph.138', 'JOBOLD']
['rasscf', 3, 3, True, False]
['copy', 'MOLCAS.rasscf.h5', 'MOLCAS.3.rasscf.h5']
['copy', 'MOLCAS.JobIph', 'MOLCAS.3.JobIph']
['link', 'MOLCAS.1.JobIph', 'JOB001']
['rassi', 'dm', [4]]
['copy', 'MOLCAS.rassi.h5', 'MOLCAS.rassi.1.h5']
['link', 'MOLCAS.3.JobIph', 'JOB001']
['rassi', 'dm', [3]]
['copy', 'MOLCAS.rassi.h5', 'MOLCAS.rassi.3.h5']
['copy', '/project/lgagliardi/helenclifford/practice_rcc/sharc4/methaniminium/tutorial_reproduction/traj/Singlet_2/TRAJ_00007/restart/MOLCAS.1.JobIph.138', 'JOB001']
['link', 'MOLCAS.1.JobIph', 'JOB002']
['rassi', 'overlap', [4, 4]]
['copy', 'MOLCAS.rassi.h5', 'MOLCAS.rassi.ovlp.1.h5']
['copy', '/project/lgagliardi/helenclifford/practice_rcc/sharc4/methaniminium/tutorial_reproduction/traj/Singlet_2/TRAJ_00007/restart/MOLCAS.3.JobIph.138', 'JOB001']
['link', 'MOLCAS.3.JobIph', 'JOB002']
['rassi', 'overlap', [3, 3]]
['copy', 'MOLCAS.rassi.h5', 'MOLCAS.rassi.ovlp.3.h5']
['link', 'MOLCAS.1.JobIph', 'JOB001']
['link', 'MOLCAS.3.JobIph', 'JOB002']
['rassi', 'soc', [4, 3]]
['copy', '$master_path/MOLCAS.1.JobIph', 'JOBOLD']
['rasscf', 1, 4, True, False]
['mclr', 0.0001, 'sala=1']
['alaska']
All jobs finished:
job: master          code: 0    runtime: 0:00:16.358712
job: grad_1_1        code: 0    runtime: 0:00:09.415133

Starting job execution
['gateway']
['seward']
['copy', '/project/lgagliardi/helenclifford/practice_rcc/sharc4/methaniminium/tutorial_reproduction/traj/Singlet_2/TRAJ_00007/restart/MOLCAS.1.JobIph.139', 'JOBOLD']
['rasscf', 1, 4, True, False]
['copy', 'MOLCAS.rasscf.h5', 'MOLCAS.1.rasscf.h5']
['copy', 'MOLCAS.JobIph', 'MOLCAS.1.JobIph']
['copy', '/project/lgagliardi/helenclifford/practice_rcc/sharc4/methaniminium/tutorial_reproduction/traj/Singlet_2/TRAJ_00007/restart/MOLCAS.3.JobIph.139', 'JOBOLD']
['rasscf', 3, 3, True, False]
['copy', 'MOLCAS.rasscf.h5', 'MOLCAS.3.rasscf.h5']
['copy', 'MOLCAS.JobIph', 'MOLCAS.3.JobIph']
['link', 'MOLCAS.1.JobIph', 'JOB001']
['rassi', 'dm', [4]]
['copy', 'MOLCAS.rassi.h5', 'MOLCAS.rassi.1.h5']
['link', 'MOLCAS.3.JobIph', 'JOB001']
['rassi', 'dm', [3]]
['copy', 'MOLCAS.rassi.h5', 'MOLCAS.rassi.3.h5']
['copy', '/project/lgagliardi/helenclifford/practice_rcc/sharc4/methaniminium/tutorial_reproduction/traj/Singlet_2/TRAJ_00007/restart/MOLCAS.1.JobIph.139', 'JOB001']
['link', 'MOLCAS.1.JobIph', 'JOB002']
['rassi', 'overlap', [4, 4]]
['copy', 'MOLCAS.rassi.h5', 'MOLCAS.rassi.ovlp.1.h5']
['copy', '/project/lgagliardi/helenclifford/practice_rcc/sharc4/methaniminium/tutorial_reproduction/traj/Singlet_2/TRAJ_00007/restart/MOLCAS.3.JobIph.139', 'JOB001']
['link', 'MOLCAS.3.JobIph', 'JOB002']
['rassi', 'overlap', [3, 3]]
['copy', 'MOLCAS.rassi.h5', 'MOLCAS.rassi.ovlp.3.h5']
['link', 'MOLCAS.1.JobIph', 'JOB001']
['link', 'MOLCAS.3.JobIph', 'JOB002']
['rassi', 'soc', [4, 3]]
['copy', '$master_path/MOLCAS.1.JobIph', 'JOBOLD']
['rasscf', 1, 4, True, False]
['mclr', 0.0001, 'sala=1']
['alaska']
All jobs finished:
job: master          code: 0    runtime: 0:00:20.555911
job: grad_1_1        code: 0    runtime: 0:00:12.077019

Starting job execution
['gateway']
['seward']
['copy', '/project/lgagliardi/helenclifford/practice_rcc/sharc4/methaniminium/tutorial_reproduction/traj/Singlet_2/TRAJ_00007/restart/MOLCAS.1.JobIph.140', 'JOBOLD']
['rasscf', 1, 4, True, False]
['copy', 'MOLCAS.rasscf.h5', 'MOLCAS.1.rasscf.h5']
['copy', 'MOLCAS.JobIph', 'MOLCAS.1.JobIph']
['copy', '/project/lgagliardi/helenclifford/practice_rcc/sharc4/methaniminium/tutorial_reproduction/traj/Singlet_2/TRAJ_00007/restart/MOLCAS.3.JobIph.140', 'JOBOLD']
['rasscf', 3, 3, True, False]
['copy', 'MOLCAS.rasscf.h5', 'MOLCAS.3.rasscf.h5']
['copy', 'MOLCAS.JobIph', 'MOLCAS.3.JobIph']
['link', 'MOLCAS.1.JobIph', 'JOB001']
['rassi', 'dm', [4]]
['copy', 'MOLCAS.rassi.h5', 'MOLCAS.rassi.1.h5']
['link', 'MOLCAS.3.JobIph', 'JOB001']
['rassi', 'dm', [3]]
['copy', 'MOLCAS.rassi.h5', 'MOLCAS.rassi.3.h5']
['copy', '/project/lgagliardi/helenclifford/practice_rcc/sharc4/methaniminium/tutorial_reproduction/traj/Singlet_2/TRAJ_00007/restart/MOLCAS.1.JobIph.140', 'JOB001']
['link', 'MOLCAS.1.JobIph', 'JOB002']
['rassi', 'overlap', [4, 4]]
['copy', 'MOLCAS.rassi.h5', 'MOLCAS.rassi.ovlp.1.h5']
['copy', '/project/lgagliardi/helenclifford/practice_rcc/sharc4/methaniminium/tutorial_reproduction/traj/Singlet_2/TRAJ_00007/restart/MOLCAS.3.JobIph.140', 'JOB001']
['link', 'MOLCAS.3.JobIph', 'JOB002']
['rassi', 'overlap', [3, 3]]
['copy', 'MOLCAS.rassi.h5', 'MOLCAS.rassi.ovlp.3.h5']
['link', 'MOLCAS.1.JobIph', 'JOB001']
['link', 'MOLCAS.3.JobIph', 'JOB002']
['rassi', 'soc', [4, 3]]
['copy', '$master_path/MOLCAS.1.JobIph', 'JOBOLD']
['rasscf', 1, 4, True, False]
['mclr', 0.0001, 'sala=1']
['alaska']
All jobs finished:
job: master          code: 0    runtime: 0:00:16.875456
job: grad_1_1        code: 0    runtime: 0:00:08.590187

Starting job execution
['gateway']
['seward']
['copy', '/project/lgagliardi/helenclifford/practice_rcc/sharc4/methaniminium/tutorial_reproduction/traj/Singlet_2/TRAJ_00007/restart/MOLCAS.1.JobIph.141', 'JOBOLD']
['rasscf', 1, 4, True, False]
['copy', 'MOLCAS.rasscf.h5', 'MOLCAS.1.rasscf.h5']
['copy', 'MOLCAS.JobIph', 'MOLCAS.1.JobIph']
['copy', '/project/lgagliardi/helenclifford/practice_rcc/sharc4/methaniminium/tutorial_reproduction/traj/Singlet_2/TRAJ_00007/restart/MOLCAS.3.JobIph.141', 'JOBOLD']
['rasscf', 3, 3, True, False]
['copy', 'MOLCAS.rasscf.h5', 'MOLCAS.3.rasscf.h5']
['copy', 'MOLCAS.JobIph', 'MOLCAS.3.JobIph']
['link', 'MOLCAS.1.JobIph', 'JOB001']
['rassi', 'dm', [4]]
['copy', 'MOLCAS.rassi.h5', 'MOLCAS.rassi.1.h5']
['link', 'MOLCAS.3.JobIph', 'JOB001']
['rassi', 'dm', [3]]
['copy', 'MOLCAS.rassi.h5', 'MOLCAS.rassi.3.h5']
['copy', '/project/lgagliardi/helenclifford/practice_rcc/sharc4/methaniminium/tutorial_reproduction/traj/Singlet_2/TRAJ_00007/restart/MOLCAS.1.JobIph.141', 'JOB001']
['link', 'MOLCAS.1.JobIph', 'JOB002']
['rassi', 'overlap', [4, 4]]
['copy', 'MOLCAS.rassi.h5', 'MOLCAS.rassi.ovlp.1.h5']
['copy', '/project/lgagliardi/helenclifford/practice_rcc/sharc4/methaniminium/tutorial_reproduction/traj/Singlet_2/TRAJ_00007/restart/MOLCAS.3.JobIph.141', 'JOB001']
['link', 'MOLCAS.3.JobIph', 'JOB002']
['rassi', 'overlap', [3, 3]]
['copy', 'MOLCAS.rassi.h5', 'MOLCAS.rassi.ovlp.3.h5']
['link', 'MOLCAS.1.JobIph', 'JOB001']
['link', 'MOLCAS.3.JobIph', 'JOB002']
['rassi', 'soc', [4, 3]]
['copy', '$master_path/MOLCAS.1.JobIph', 'JOBOLD']
['rasscf', 1, 4, True, False]
['mclr', 0.0001, 'sala=1']
['alaska']
All jobs finished:
job: master          code: 0    runtime: 0:00:19.681536
job: grad_1_1        code: 0    runtime: 0:00:08.906916

Starting job execution
['gateway']
['seward']
['copy', '/project/lgagliardi/helenclifford/practice_rcc/sharc4/methaniminium/tutorial_reproduction/traj/Singlet_2/TRAJ_00007/restart/MOLCAS.1.JobIph.142', 'JOBOLD']
['rasscf', 1, 4, True, False]
['copy', 'MOLCAS.rasscf.h5', 'MOLCAS.1.rasscf.h5']
['copy', 'MOLCAS.JobIph', 'MOLCAS.1.JobIph']
['copy', '/project/lgagliardi/helenclifford/practice_rcc/sharc4/methaniminium/tutorial_reproduction/traj/Singlet_2/TRAJ_00007/restart/MOLCAS.3.JobIph.142', 'JOBOLD']
['rasscf', 3, 3, True, False]
['copy', 'MOLCAS.rasscf.h5', 'MOLCAS.3.rasscf.h5']
['copy', 'MOLCAS.JobIph', 'MOLCAS.3.JobIph']
['link', 'MOLCAS.1.JobIph', 'JOB001']
['rassi', 'dm', [4]]
['copy', 'MOLCAS.rassi.h5', 'MOLCAS.rassi.1.h5']
['link', 'MOLCAS.3.JobIph', 'JOB001']
['rassi', 'dm', [3]]
['copy', 'MOLCAS.rassi.h5', 'MOLCAS.rassi.3.h5']
['copy', '/project/lgagliardi/helenclifford/practice_rcc/sharc4/methaniminium/tutorial_reproduction/traj/Singlet_2/TRAJ_00007/restart/MOLCAS.1.JobIph.142', 'JOB001']
['link', 'MOLCAS.1.JobIph', 'JOB002']
['rassi', 'overlap', [4, 4]]
['copy', 'MOLCAS.rassi.h5', 'MOLCAS.rassi.ovlp.1.h5']
['copy', '/project/lgagliardi/helenclifford/practice_rcc/sharc4/methaniminium/tutorial_reproduction/traj/Singlet_2/TRAJ_00007/restart/MOLCAS.3.JobIph.142', 'JOB001']
['link', 'MOLCAS.3.JobIph', 'JOB002']
['rassi', 'overlap', [3, 3]]
['copy', 'MOLCAS.rassi.h5', 'MOLCAS.rassi.ovlp.3.h5']
['link', 'MOLCAS.1.JobIph', 'JOB001']
['link', 'MOLCAS.3.JobIph', 'JOB002']
['rassi', 'soc', [4, 3]]
['copy', '$master_path/MOLCAS.1.JobIph', 'JOBOLD']
['rasscf', 1, 4, True, False]
['mclr', 0.0001, 'sala=1']
['alaska']
All jobs finished:
job: master          code: 0    runtime: 0:00:21.018038
job: grad_1_1        code: 0    runtime: 0:00:07.679851

Starting job execution
['gateway']
['seward']
['copy', '/project/lgagliardi/helenclifford/practice_rcc/sharc4/methaniminium/tutorial_reproduction/traj/Singlet_2/TRAJ_00007/restart/MOLCAS.1.JobIph.143', 'JOBOLD']
['rasscf', 1, 4, True, False]
['copy', 'MOLCAS.rasscf.h5', 'MOLCAS.1.rasscf.h5']
['copy', 'MOLCAS.JobIph', 'MOLCAS.1.JobIph']
['copy', '/project/lgagliardi/helenclifford/practice_rcc/sharc4/methaniminium/tutorial_reproduction/traj/Singlet_2/TRAJ_00007/restart/MOLCAS.3.JobIph.143', 'JOBOLD']
['rasscf', 3, 3, True, False]
['copy', 'MOLCAS.rasscf.h5', 'MOLCAS.3.rasscf.h5']
['copy', 'MOLCAS.JobIph', 'MOLCAS.3.JobIph']
['link', 'MOLCAS.1.JobIph', 'JOB001']
['rassi', 'dm', [4]]
['copy', 'MOLCAS.rassi.h5', 'MOLCAS.rassi.1.h5']
['link', 'MOLCAS.3.JobIph', 'JOB001']
['rassi', 'dm', [3]]
['copy', 'MOLCAS.rassi.h5', 'MOLCAS.rassi.3.h5']
['copy', '/project/lgagliardi/helenclifford/practice_rcc/sharc4/methaniminium/tutorial_reproduction/traj/Singlet_2/TRAJ_00007/restart/MOLCAS.1.JobIph.143', 'JOB001']
['link', 'MOLCAS.1.JobIph', 'JOB002']
['rassi', 'overlap', [4, 4]]
['copy', 'MOLCAS.rassi.h5', 'MOLCAS.rassi.ovlp.1.h5']
['copy', '/project/lgagliardi/helenclifford/practice_rcc/sharc4/methaniminium/tutorial_reproduction/traj/Singlet_2/TRAJ_00007/restart/MOLCAS.3.JobIph.143', 'JOB001']
['link', 'MOLCAS.3.JobIph', 'JOB002']
['rassi', 'overlap', [3, 3]]
['copy', 'MOLCAS.rassi.h5', 'MOLCAS.rassi.ovlp.3.h5']
['link', 'MOLCAS.1.JobIph', 'JOB001']
['link', 'MOLCAS.3.JobIph', 'JOB002']
['rassi', 'soc', [4, 3]]
['copy', '$master_path/MOLCAS.1.JobIph', 'JOBOLD']
['rasscf', 1, 4, True, False]
['mclr', 0.0001, 'sala=1']
['alaska']
All jobs finished:
job: master          code: 0    runtime: 0:00:21.950992
job: grad_1_1        code: 0    runtime: 0:00:08.055144

Starting job execution
['gateway']
['seward']
['copy', '/project/lgagliardi/helenclifford/practice_rcc/sharc4/methaniminium/tutorial_reproduction/traj/Singlet_2/TRAJ_00007/restart/MOLCAS.1.JobIph.144', 'JOBOLD']
['rasscf', 1, 4, True, False]
['copy', 'MOLCAS.rasscf.h5', 'MOLCAS.1.rasscf.h5']
['copy', 'MOLCAS.JobIph', 'MOLCAS.1.JobIph']
['copy', '/project/lgagliardi/helenclifford/practice_rcc/sharc4/methaniminium/tutorial_reproduction/traj/Singlet_2/TRAJ_00007/restart/MOLCAS.3.JobIph.144', 'JOBOLD']
['rasscf', 3, 3, True, False]
['copy', 'MOLCAS.rasscf.h5', 'MOLCAS.3.rasscf.h5']
['copy', 'MOLCAS.JobIph', 'MOLCAS.3.JobIph']
['link', 'MOLCAS.1.JobIph', 'JOB001']
['rassi', 'dm', [4]]
['copy', 'MOLCAS.rassi.h5', 'MOLCAS.rassi.1.h5']
['link', 'MOLCAS.3.JobIph', 'JOB001']
['rassi', 'dm', [3]]
['copy', 'MOLCAS.rassi.h5', 'MOLCAS.rassi.3.h5']
['copy', '/project/lgagliardi/helenclifford/practice_rcc/sharc4/methaniminium/tutorial_reproduction/traj/Singlet_2/TRAJ_00007/restart/MOLCAS.1.JobIph.144', 'JOB001']
['link', 'MOLCAS.1.JobIph', 'JOB002']
['rassi', 'overlap', [4, 4]]
['copy', 'MOLCAS.rassi.h5', 'MOLCAS.rassi.ovlp.1.h5']
['copy', '/project/lgagliardi/helenclifford/practice_rcc/sharc4/methaniminium/tutorial_reproduction/traj/Singlet_2/TRAJ_00007/restart/MOLCAS.3.JobIph.144', 'JOB001']
['link', 'MOLCAS.3.JobIph', 'JOB002']
['rassi', 'overlap', [3, 3]]
['copy', 'MOLCAS.rassi.h5', 'MOLCAS.rassi.ovlp.3.h5']
['link', 'MOLCAS.1.JobIph', 'JOB001']
['link', 'MOLCAS.3.JobIph', 'JOB002']
['rassi', 'soc', [4, 3]]
['copy', '$master_path/MOLCAS.1.JobIph', 'JOBOLD']
['rasscf', 1, 4, True, False]
['mclr', 0.0001, 'sala=1']
['alaska']
All jobs finished:
job: master          code: 0    runtime: 0:00:17.022519
job: grad_1_1        code: 0    runtime: 0:00:09.446597

Starting job execution
['gateway']
['seward']
['copy', '/project/lgagliardi/helenclifford/practice_rcc/sharc4/methaniminium/tutorial_reproduction/traj/Singlet_2/TRAJ_00007/restart/MOLCAS.1.JobIph.145', 'JOBOLD']
['rasscf', 1, 4, True, False]
['copy', 'MOLCAS.rasscf.h5', 'MOLCAS.1.rasscf.h5']
['copy', 'MOLCAS.JobIph', 'MOLCAS.1.JobIph']
['copy', '/project/lgagliardi/helenclifford/practice_rcc/sharc4/methaniminium/tutorial_reproduction/traj/Singlet_2/TRAJ_00007/restart/MOLCAS.3.JobIph.145', 'JOBOLD']
['rasscf', 3, 3, True, False]
['copy', 'MOLCAS.rasscf.h5', 'MOLCAS.3.rasscf.h5']
['copy', 'MOLCAS.JobIph', 'MOLCAS.3.JobIph']
['link', 'MOLCAS.1.JobIph', 'JOB001']
['rassi', 'dm', [4]]
['copy', 'MOLCAS.rassi.h5', 'MOLCAS.rassi.1.h5']
['link', 'MOLCAS.3.JobIph', 'JOB001']
['rassi', 'dm', [3]]
['copy', 'MOLCAS.rassi.h5', 'MOLCAS.rassi.3.h5']
['copy', '/project/lgagliardi/helenclifford/practice_rcc/sharc4/methaniminium/tutorial_reproduction/traj/Singlet_2/TRAJ_00007/restart/MOLCAS.1.JobIph.145', 'JOB001']
['link', 'MOLCAS.1.JobIph', 'JOB002']
['rassi', 'overlap', [4, 4]]
['copy', 'MOLCAS.rassi.h5', 'MOLCAS.rassi.ovlp.1.h5']
['copy', '/project/lgagliardi/helenclifford/practice_rcc/sharc4/methaniminium/tutorial_reproduction/traj/Singlet_2/TRAJ_00007/restart/MOLCAS.3.JobIph.145', 'JOB001']
['link', 'MOLCAS.3.JobIph', 'JOB002']
['rassi', 'overlap', [3, 3]]
['copy', 'MOLCAS.rassi.h5', 'MOLCAS.rassi.ovlp.3.h5']
['link', 'MOLCAS.1.JobIph', 'JOB001']
['link', 'MOLCAS.3.JobIph', 'JOB002']
['rassi', 'soc', [4, 3]]
['copy', '$master_path/MOLCAS.1.JobIph', 'JOBOLD']
['rasscf', 1, 4, True, False]
['mclr', 0.0001, 'sala=1']
['alaska']
All jobs finished:
job: master          code: 0    runtime: 0:00:18.568833
job: grad_1_1        code: 0    runtime: 0:00:09.969246

Starting job execution
['gateway']
['seward']
['copy', '/project/lgagliardi/helenclifford/practice_rcc/sharc4/methaniminium/tutorial_reproduction/traj/Singlet_2/TRAJ_00007/restart/MOLCAS.1.JobIph.146', 'JOBOLD']
['rasscf', 1, 4, True, False]
['copy', 'MOLCAS.rasscf.h5', 'MOLCAS.1.rasscf.h5']
['copy', 'MOLCAS.JobIph', 'MOLCAS.1.JobIph']
['copy', '/project/lgagliardi/helenclifford/practice_rcc/sharc4/methaniminium/tutorial_reproduction/traj/Singlet_2/TRAJ_00007/restart/MOLCAS.3.JobIph.146', 'JOBOLD']
['rasscf', 3, 3, True, False]
['copy', 'MOLCAS.rasscf.h5', 'MOLCAS.3.rasscf.h5']
['copy', 'MOLCAS.JobIph', 'MOLCAS.3.JobIph']
['link', 'MOLCAS.1.JobIph', 'JOB001']
['rassi', 'dm', [4]]
['copy', 'MOLCAS.rassi.h5', 'MOLCAS.rassi.1.h5']
['link', 'MOLCAS.3.JobIph', 'JOB001']
['rassi', 'dm', [3]]
['copy', 'MOLCAS.rassi.h5', 'MOLCAS.rassi.3.h5']
['copy', '/project/lgagliardi/helenclifford/practice_rcc/sharc4/methaniminium/tutorial_reproduction/traj/Singlet_2/TRAJ_00007/restart/MOLCAS.1.JobIph.146', 'JOB001']
['link', 'MOLCAS.1.JobIph', 'JOB002']
['rassi', 'overlap', [4, 4]]
['copy', 'MOLCAS.rassi.h5', 'MOLCAS.rassi.ovlp.1.h5']
['copy', '/project/lgagliardi/helenclifford/practice_rcc/sharc4/methaniminium/tutorial_reproduction/traj/Singlet_2/TRAJ_00007/restart/MOLCAS.3.JobIph.146', 'JOB001']
['link', 'MOLCAS.3.JobIph', 'JOB002']
['rassi', 'overlap', [3, 3]]
['copy', 'MOLCAS.rassi.h5', 'MOLCAS.rassi.ovlp.3.h5']
['link', 'MOLCAS.1.JobIph', 'JOB001']
['link', 'MOLCAS.3.JobIph', 'JOB002']
['rassi', 'soc', [4, 3]]
['copy', '$master_path/MOLCAS.1.JobIph', 'JOBOLD']
['rasscf', 1, 4, True, False]
['mclr', 0.0001, 'sala=1']
['alaska']
All jobs finished:
job: master          code: 0    runtime: 0:00:17.594875
job: grad_1_1        code: 0    runtime: 0:00:11.935685

Starting job execution
['gateway']
['seward']
['copy', '/project/lgagliardi/helenclifford/practice_rcc/sharc4/methaniminium/tutorial_reproduction/traj/Singlet_2/TRAJ_00007/restart/MOLCAS.1.JobIph.147', 'JOBOLD']
['rasscf', 1, 4, True, False]
['copy', 'MOLCAS.rasscf.h5', 'MOLCAS.1.rasscf.h5']
['copy', 'MOLCAS.JobIph', 'MOLCAS.1.JobIph']
['copy', '/project/lgagliardi/helenclifford/practice_rcc/sharc4/methaniminium/tutorial_reproduction/traj/Singlet_2/TRAJ_00007/restart/MOLCAS.3.JobIph.147', 'JOBOLD']
['rasscf', 3, 3, True, False]
['copy', 'MOLCAS.rasscf.h5', 'MOLCAS.3.rasscf.h5']
['copy', 'MOLCAS.JobIph', 'MOLCAS.3.JobIph']
['link', 'MOLCAS.1.JobIph', 'JOB001']
['rassi', 'dm', [4]]
['copy', 'MOLCAS.rassi.h5', 'MOLCAS.rassi.1.h5']
['link', 'MOLCAS.3.JobIph', 'JOB001']
['rassi', 'dm', [3]]
['copy', 'MOLCAS.rassi.h5', 'MOLCAS.rassi.3.h5']
['copy', '/project/lgagliardi/helenclifford/practice_rcc/sharc4/methaniminium/tutorial_reproduction/traj/Singlet_2/TRAJ_00007/restart/MOLCAS.1.JobIph.147', 'JOB001']
['link', 'MOLCAS.1.JobIph', 'JOB002']
['rassi', 'overlap', [4, 4]]
['copy', 'MOLCAS.rassi.h5', 'MOLCAS.rassi.ovlp.1.h5']
['copy', '/project/lgagliardi/helenclifford/practice_rcc/sharc4/methaniminium/tutorial_reproduction/traj/Singlet_2/TRAJ_00007/restart/MOLCAS.3.JobIph.147', 'JOB001']
['link', 'MOLCAS.3.JobIph', 'JOB002']
['rassi', 'overlap', [3, 3]]
['copy', 'MOLCAS.rassi.h5', 'MOLCAS.rassi.ovlp.3.h5']
['link', 'MOLCAS.1.JobIph', 'JOB001']
['link', 'MOLCAS.3.JobIph', 'JOB002']
['rassi', 'soc', [4, 3]]
['copy', '$master_path/MOLCAS.1.JobIph', 'JOBOLD']
['rasscf', 1, 4, True, False]
['mclr', 0.0001, 'sala=1']
['alaska']
All jobs finished:
job: master          code: 0    runtime: 0:00:19.932349
job: grad_1_1        code: 0    runtime: 0:00:07.750674

Starting job execution
['gateway']
['seward']
['copy', '/project/lgagliardi/helenclifford/practice_rcc/sharc4/methaniminium/tutorial_reproduction/traj/Singlet_2/TRAJ_00007/restart/MOLCAS.1.JobIph.148', 'JOBOLD']
['rasscf', 1, 4, True, False]
['copy', 'MOLCAS.rasscf.h5', 'MOLCAS.1.rasscf.h5']
['copy', 'MOLCAS.JobIph', 'MOLCAS.1.JobIph']
['copy', '/project/lgagliardi/helenclifford/practice_rcc/sharc4/methaniminium/tutorial_reproduction/traj/Singlet_2/TRAJ_00007/restart/MOLCAS.3.JobIph.148', 'JOBOLD']
['rasscf', 3, 3, True, False]
['copy', 'MOLCAS.rasscf.h5', 'MOLCAS.3.rasscf.h5']
['copy', 'MOLCAS.JobIph', 'MOLCAS.3.JobIph']
['link', 'MOLCAS.1.JobIph', 'JOB001']
['rassi', 'dm', [4]]
['copy', 'MOLCAS.rassi.h5', 'MOLCAS.rassi.1.h5']
['link', 'MOLCAS.3.JobIph', 'JOB001']
['rassi', 'dm', [3]]
['copy', 'MOLCAS.rassi.h5', 'MOLCAS.rassi.3.h5']
['copy', '/project/lgagliardi/helenclifford/practice_rcc/sharc4/methaniminium/tutorial_reproduction/traj/Singlet_2/TRAJ_00007/restart/MOLCAS.1.JobIph.148', 'JOB001']
['link', 'MOLCAS.1.JobIph', 'JOB002']
['rassi', 'overlap', [4, 4]]
['copy', 'MOLCAS.rassi.h5', 'MOLCAS.rassi.ovlp.1.h5']
['copy', '/project/lgagliardi/helenclifford/practice_rcc/sharc4/methaniminium/tutorial_reproduction/traj/Singlet_2/TRAJ_00007/restart/MOLCAS.3.JobIph.148', 'JOB001']
['link', 'MOLCAS.3.JobIph', 'JOB002']
['rassi', 'overlap', [3, 3]]
['copy', 'MOLCAS.rassi.h5', 'MOLCAS.rassi.ovlp.3.h5']
['link', 'MOLCAS.1.JobIph', 'JOB001']
['link', 'MOLCAS.3.JobIph', 'JOB002']
['rassi', 'soc', [4, 3]]
['copy', '$master_path/MOLCAS.1.JobIph', 'JOBOLD']
['rasscf', 1, 4, True, False]
['mclr', 0.0001, 'sala=1']
['alaska']
All jobs finished:
job: master          code: 0    runtime: 0:00:20.436206
job: grad_1_1        code: 0    runtime: 0:00:08.631225

Starting job execution
['gateway']
['seward']
['copy', '/project/lgagliardi/helenclifford/practice_rcc/sharc4/methaniminium/tutorial_reproduction/traj/Singlet_2/TRAJ_00007/restart/MOLCAS.1.JobIph.149', 'JOBOLD']
['rasscf', 1, 4, True, False]
['copy', 'MOLCAS.rasscf.h5', 'MOLCAS.1.rasscf.h5']
['copy', 'MOLCAS.JobIph', 'MOLCAS.1.JobIph']
['copy', '/project/lgagliardi/helenclifford/practice_rcc/sharc4/methaniminium/tutorial_reproduction/traj/Singlet_2/TRAJ_00007/restart/MOLCAS.3.JobIph.149', 'JOBOLD']
['rasscf', 3, 3, True, False]
['copy', 'MOLCAS.rasscf.h5', 'MOLCAS.3.rasscf.h5']
['copy', 'MOLCAS.JobIph', 'MOLCAS.3.JobIph']
['link', 'MOLCAS.1.JobIph', 'JOB001']
['rassi', 'dm', [4]]
['copy', 'MOLCAS.rassi.h5', 'MOLCAS.rassi.1.h5']
['link', 'MOLCAS.3.JobIph', 'JOB001']
['rassi', 'dm', [3]]
['copy', 'MOLCAS.rassi.h5', 'MOLCAS.rassi.3.h5']
['copy', '/project/lgagliardi/helenclifford/practice_rcc/sharc4/methaniminium/tutorial_reproduction/traj/Singlet_2/TRAJ_00007/restart/MOLCAS.1.JobIph.149', 'JOB001']
['link', 'MOLCAS.1.JobIph', 'JOB002']
['rassi', 'overlap', [4, 4]]
['copy', 'MOLCAS.rassi.h5', 'MOLCAS.rassi.ovlp.1.h5']
['copy', '/project/lgagliardi/helenclifford/practice_rcc/sharc4/methaniminium/tutorial_reproduction/traj/Singlet_2/TRAJ_00007/restart/MOLCAS.3.JobIph.149', 'JOB001']
['link', 'MOLCAS.3.JobIph', 'JOB002']
['rassi', 'overlap', [3, 3]]
['copy', 'MOLCAS.rassi.h5', 'MOLCAS.rassi.ovlp.3.h5']
['link', 'MOLCAS.1.JobIph', 'JOB001']
['link', 'MOLCAS.3.JobIph', 'JOB002']
['rassi', 'soc', [4, 3]]
['copy', '$master_path/MOLCAS.1.JobIph', 'JOBOLD']
['rasscf', 1, 4, True, False]
['mclr', 0.0001, 'sala=1']
['alaska']
All jobs finished:
job: master          code: 0    runtime: 0:00:22.425352
job: grad_1_1        code: 0    runtime: 0:00:02.551925

Starting job execution
['gateway']
['seward']
['copy', '/project/lgagliardi/helenclifford/practice_rcc/sharc4/methaniminium/tutorial_reproduction/traj/Singlet_2/TRAJ_00007/restart/MOLCAS.1.JobIph.150', 'JOBOLD']
['rasscf', 1, 4, True, False]
['copy', 'MOLCAS.rasscf.h5', 'MOLCAS.1.rasscf.h5']
['copy', 'MOLCAS.JobIph', 'MOLCAS.1.JobIph']
['copy', '/project/lgagliardi/helenclifford/practice_rcc/sharc4/methaniminium/tutorial_reproduction/traj/Singlet_2/TRAJ_00007/restart/MOLCAS.3.JobIph.150', 'JOBOLD']
['rasscf', 3, 3, True, False]
['copy', 'MOLCAS.rasscf.h5', 'MOLCAS.3.rasscf.h5']
['copy', 'MOLCAS.JobIph', 'MOLCAS.3.JobIph']
['link', 'MOLCAS.1.JobIph', 'JOB001']
['rassi', 'dm', [4]]
['copy', 'MOLCAS.rassi.h5', 'MOLCAS.rassi.1.h5']
['link', 'MOLCAS.3.JobIph', 'JOB001']
['rassi', 'dm', [3]]
['copy', 'MOLCAS.rassi.h5', 'MOLCAS.rassi.3.h5']
['copy', '/project/lgagliardi/helenclifford/practice_rcc/sharc4/methaniminium/tutorial_reproduction/traj/Singlet_2/TRAJ_00007/restart/MOLCAS.1.JobIph.150', 'JOB001']
['link', 'MOLCAS.1.JobIph', 'JOB002']
['rassi', 'overlap', [4, 4]]
['copy', 'MOLCAS.rassi.h5', 'MOLCAS.rassi.ovlp.1.h5']
['copy', '/project/lgagliardi/helenclifford/practice_rcc/sharc4/methaniminium/tutorial_reproduction/traj/Singlet_2/TRAJ_00007/restart/MOLCAS.3.JobIph.150', 'JOB001']
['link', 'MOLCAS.3.JobIph', 'JOB002']
['rassi', 'overlap', [3, 3]]
['copy', 'MOLCAS.rassi.h5', 'MOLCAS.rassi.ovlp.3.h5']
['link', 'MOLCAS.1.JobIph', 'JOB001']
['link', 'MOLCAS.3.JobIph', 'JOB002']
['rassi', 'soc', [4, 3]]
['copy', '$master_path/MOLCAS.1.JobIph', 'JOBOLD']
['rasscf', 1, 4, True, False]
['mclr', 0.0001, 'sala=1']
['alaska']
All jobs finished:
job: master          code: 0    runtime: 0:00:25.750735
job: grad_1_1        code: 0    runtime: 0:00:08.236910

Starting job execution
['gateway']
['seward']
['copy', '/project/lgagliardi/helenclifford/practice_rcc/sharc4/methaniminium/tutorial_reproduction/traj/Singlet_2/TRAJ_00007/restart/MOLCAS.1.JobIph.151', 'JOBOLD']
['rasscf', 1, 4, True, False]
['copy', 'MOLCAS.rasscf.h5', 'MOLCAS.1.rasscf.h5']
['copy', 'MOLCAS.JobIph', 'MOLCAS.1.JobIph']
['copy', '/project/lgagliardi/helenclifford/practice_rcc/sharc4/methaniminium/tutorial_reproduction/traj/Singlet_2/TRAJ_00007/restart/MOLCAS.3.JobIph.151', 'JOBOLD']
['rasscf', 3, 3, True, False]
['copy', 'MOLCAS.rasscf.h5', 'MOLCAS.3.rasscf.h5']
['copy', 'MOLCAS.JobIph', 'MOLCAS.3.JobIph']
['link', 'MOLCAS.1.JobIph', 'JOB001']
['rassi', 'dm', [4]]
['copy', 'MOLCAS.rassi.h5', 'MOLCAS.rassi.1.h5']
['link', 'MOLCAS.3.JobIph', 'JOB001']
['rassi', 'dm', [3]]
['copy', 'MOLCAS.rassi.h5', 'MOLCAS.rassi.3.h5']
['copy', '/project/lgagliardi/helenclifford/practice_rcc/sharc4/methaniminium/tutorial_reproduction/traj/Singlet_2/TRAJ_00007/restart/MOLCAS.1.JobIph.151', 'JOB001']
['link', 'MOLCAS.1.JobIph', 'JOB002']
['rassi', 'overlap', [4, 4]]
['copy', 'MOLCAS.rassi.h5', 'MOLCAS.rassi.ovlp.1.h5']
['copy', '/project/lgagliardi/helenclifford/practice_rcc/sharc4/methaniminium/tutorial_reproduction/traj/Singlet_2/TRAJ_00007/restart/MOLCAS.3.JobIph.151', 'JOB001']
['link', 'MOLCAS.3.JobIph', 'JOB002']
['rassi', 'overlap', [3, 3]]
['copy', 'MOLCAS.rassi.h5', 'MOLCAS.rassi.ovlp.3.h5']
['link', 'MOLCAS.1.JobIph', 'JOB001']
['link', 'MOLCAS.3.JobIph', 'JOB002']
['rassi', 'soc', [4, 3]]
['copy', '$master_path/MOLCAS.1.JobIph', 'JOBOLD']
['rasscf', 1, 4, True, False]
['mclr', 0.0001, 'sala=1']
['alaska']
All jobs finished:
job: master          code: 0    runtime: 0:00:17.254309
job: grad_1_1        code: 0    runtime: 0:00:02.902836

Starting job execution
['gateway']
['seward']
['copy', '/project/lgagliardi/helenclifford/practice_rcc/sharc4/methaniminium/tutorial_reproduction/traj/Singlet_2/TRAJ_00007/restart/MOLCAS.1.JobIph.152', 'JOBOLD']
['rasscf', 1, 4, True, False]
['copy', 'MOLCAS.rasscf.h5', 'MOLCAS.1.rasscf.h5']
['copy', 'MOLCAS.JobIph', 'MOLCAS.1.JobIph']
['copy', '/project/lgagliardi/helenclifford/practice_rcc/sharc4/methaniminium/tutorial_reproduction/traj/Singlet_2/TRAJ_00007/restart/MOLCAS.3.JobIph.152', 'JOBOLD']
['rasscf', 3, 3, True, False]
['copy', 'MOLCAS.rasscf.h5', 'MOLCAS.3.rasscf.h5']
['copy', 'MOLCAS.JobIph', 'MOLCAS.3.JobIph']
['link', 'MOLCAS.1.JobIph', 'JOB001']
['rassi', 'dm', [4]]
['copy', 'MOLCAS.rassi.h5', 'MOLCAS.rassi.1.h5']
['link', 'MOLCAS.3.JobIph', 'JOB001']
['rassi', 'dm', [3]]
['copy', 'MOLCAS.rassi.h5', 'MOLCAS.rassi.3.h5']
['copy', '/project/lgagliardi/helenclifford/practice_rcc/sharc4/methaniminium/tutorial_reproduction/traj/Singlet_2/TRAJ_00007/restart/MOLCAS.1.JobIph.152', 'JOB001']
['link', 'MOLCAS.1.JobIph', 'JOB002']
['rassi', 'overlap', [4, 4]]
['copy', 'MOLCAS.rassi.h5', 'MOLCAS.rassi.ovlp.1.h5']
['copy', '/project/lgagliardi/helenclifford/practice_rcc/sharc4/methaniminium/tutorial_reproduction/traj/Singlet_2/TRAJ_00007/restart/MOLCAS.3.JobIph.152', 'JOB001']
['link', 'MOLCAS.3.JobIph', 'JOB002']
['rassi', 'overlap', [3, 3]]
['copy', 'MOLCAS.rassi.h5', 'MOLCAS.rassi.ovlp.3.h5']
['link', 'MOLCAS.1.JobIph', 'JOB001']
['link', 'MOLCAS.3.JobIph', 'JOB002']
['rassi', 'soc', [4, 3]]
['copy', '$master_path/MOLCAS.1.JobIph', 'JOBOLD']
['rasscf', 1, 4, True, False]
['mclr', 0.0001, 'sala=1']
['alaska']
All jobs finished:
job: master          code: 0    runtime: 0:00:27.998005
job: grad_1_1        code: 0    runtime: 0:00:08.036243

Starting job execution
['gateway']
['seward']
['copy', '/project/lgagliardi/helenclifford/practice_rcc/sharc4/methaniminium/tutorial_reproduction/traj/Singlet_2/TRAJ_00007/restart/MOLCAS.1.JobIph.153', 'JOBOLD']
['rasscf', 1, 4, True, False]
['copy', 'MOLCAS.rasscf.h5', 'MOLCAS.1.rasscf.h5']
['copy', 'MOLCAS.JobIph', 'MOLCAS.1.JobIph']
['copy', '/project/lgagliardi/helenclifford/practice_rcc/sharc4/methaniminium/tutorial_reproduction/traj/Singlet_2/TRAJ_00007/restart/MOLCAS.3.JobIph.153', 'JOBOLD']
['rasscf', 3, 3, True, False]
['copy', 'MOLCAS.rasscf.h5', 'MOLCAS.3.rasscf.h5']
['copy', 'MOLCAS.JobIph', 'MOLCAS.3.JobIph']
['link', 'MOLCAS.1.JobIph', 'JOB001']
['rassi', 'dm', [4]]
['copy', 'MOLCAS.rassi.h5', 'MOLCAS.rassi.1.h5']
['link', 'MOLCAS.3.JobIph', 'JOB001']
['rassi', 'dm', [3]]
['copy', 'MOLCAS.rassi.h5', 'MOLCAS.rassi.3.h5']
['copy', '/project/lgagliardi/helenclifford/practice_rcc/sharc4/methaniminium/tutorial_reproduction/traj/Singlet_2/TRAJ_00007/restart/MOLCAS.1.JobIph.153', 'JOB001']
['link', 'MOLCAS.1.JobIph', 'JOB002']
['rassi', 'overlap', [4, 4]]
['copy', 'MOLCAS.rassi.h5', 'MOLCAS.rassi.ovlp.1.h5']
['copy', '/project/lgagliardi/helenclifford/practice_rcc/sharc4/methaniminium/tutorial_reproduction/traj/Singlet_2/TRAJ_00007/restart/MOLCAS.3.JobIph.153', 'JOB001']
['link', 'MOLCAS.3.JobIph', 'JOB002']
['rassi', 'overlap', [3, 3]]
['copy', 'MOLCAS.rassi.h5', 'MOLCAS.rassi.ovlp.3.h5']
['link', 'MOLCAS.1.JobIph', 'JOB001']
['link', 'MOLCAS.3.JobIph', 'JOB002']
['rassi', 'soc', [4, 3]]
['copy', '$master_path/MOLCAS.1.JobIph', 'JOBOLD']
['rasscf', 1, 4, True, False]
['mclr', 0.0001, 'sala=1']
['alaska']
All jobs finished:
job: master          code: 0    runtime: 0:00:19.977572
job: grad_1_1        code: 0    runtime: 0:00:11.311195

Starting job execution
['gateway']
['seward']
['copy', '/project/lgagliardi/helenclifford/practice_rcc/sharc4/methaniminium/tutorial_reproduction/traj/Singlet_2/TRAJ_00007/restart/MOLCAS.1.JobIph.154', 'JOBOLD']
['rasscf', 1, 4, True, False]
['copy', 'MOLCAS.rasscf.h5', 'MOLCAS.1.rasscf.h5']
['copy', 'MOLCAS.JobIph', 'MOLCAS.1.JobIph']
['copy', '/project/lgagliardi/helenclifford/practice_rcc/sharc4/methaniminium/tutorial_reproduction/traj/Singlet_2/TRAJ_00007/restart/MOLCAS.3.JobIph.154', 'JOBOLD']
['rasscf', 3, 3, True, False]
['copy', 'MOLCAS.rasscf.h5', 'MOLCAS.3.rasscf.h5']
['copy', 'MOLCAS.JobIph', 'MOLCAS.3.JobIph']
['link', 'MOLCAS.1.JobIph', 'JOB001']
['rassi', 'dm', [4]]
['copy', 'MOLCAS.rassi.h5', 'MOLCAS.rassi.1.h5']
['link', 'MOLCAS.3.JobIph', 'JOB001']
['rassi', 'dm', [3]]
['copy', 'MOLCAS.rassi.h5', 'MOLCAS.rassi.3.h5']
['copy', '/project/lgagliardi/helenclifford/practice_rcc/sharc4/methaniminium/tutorial_reproduction/traj/Singlet_2/TRAJ_00007/restart/MOLCAS.1.JobIph.154', 'JOB001']
['link', 'MOLCAS.1.JobIph', 'JOB002']
['rassi', 'overlap', [4, 4]]
['copy', 'MOLCAS.rassi.h5', 'MOLCAS.rassi.ovlp.1.h5']
['copy', '/project/lgagliardi/helenclifford/practice_rcc/sharc4/methaniminium/tutorial_reproduction/traj/Singlet_2/TRAJ_00007/restart/MOLCAS.3.JobIph.154', 'JOB001']
['link', 'MOLCAS.3.JobIph', 'JOB002']
['rassi', 'overlap', [3, 3]]
['copy', 'MOLCAS.rassi.h5', 'MOLCAS.rassi.ovlp.3.h5']
['link', 'MOLCAS.1.JobIph', 'JOB001']
['link', 'MOLCAS.3.JobIph', 'JOB002']
['rassi', 'soc', [4, 3]]
['copy', '$master_path/MOLCAS.1.JobIph', 'JOBOLD']
['rasscf', 1, 4, True, False]
['mclr', 0.0001, 'sala=1']
['alaska']
All jobs finished:
job: master          code: 0    runtime: 0:00:17.955398
job: grad_1_1        code: 0    runtime: 0:00:09.267419

Starting job execution
['gateway']
['seward']
['copy', '/project/lgagliardi/helenclifford/practice_rcc/sharc4/methaniminium/tutorial_reproduction/traj/Singlet_2/TRAJ_00007/restart/MOLCAS.1.JobIph.155', 'JOBOLD']
['rasscf', 1, 4, True, False]
['copy', 'MOLCAS.rasscf.h5', 'MOLCAS.1.rasscf.h5']
['copy', 'MOLCAS.JobIph', 'MOLCAS.1.JobIph']
['copy', '/project/lgagliardi/helenclifford/practice_rcc/sharc4/methaniminium/tutorial_reproduction/traj/Singlet_2/TRAJ_00007/restart/MOLCAS.3.JobIph.155', 'JOBOLD']
['rasscf', 3, 3, True, False]
['copy', 'MOLCAS.rasscf.h5', 'MOLCAS.3.rasscf.h5']
['copy', 'MOLCAS.JobIph', 'MOLCAS.3.JobIph']
['link', 'MOLCAS.1.JobIph', 'JOB001']
['rassi', 'dm', [4]]
['copy', 'MOLCAS.rassi.h5', 'MOLCAS.rassi.1.h5']
['link', 'MOLCAS.3.JobIph', 'JOB001']
['rassi', 'dm', [3]]
['copy', 'MOLCAS.rassi.h5', 'MOLCAS.rassi.3.h5']
['copy', '/project/lgagliardi/helenclifford/practice_rcc/sharc4/methaniminium/tutorial_reproduction/traj/Singlet_2/TRAJ_00007/restart/MOLCAS.1.JobIph.155', 'JOB001']
['link', 'MOLCAS.1.JobIph', 'JOB002']
['rassi', 'overlap', [4, 4]]
['copy', 'MOLCAS.rassi.h5', 'MOLCAS.rassi.ovlp.1.h5']
['copy', '/project/lgagliardi/helenclifford/practice_rcc/sharc4/methaniminium/tutorial_reproduction/traj/Singlet_2/TRAJ_00007/restart/MOLCAS.3.JobIph.155', 'JOB001']
['link', 'MOLCAS.3.JobIph', 'JOB002']
['rassi', 'overlap', [3, 3]]
['copy', 'MOLCAS.rassi.h5', 'MOLCAS.rassi.ovlp.3.h5']
['link', 'MOLCAS.1.JobIph', 'JOB001']
['link', 'MOLCAS.3.JobIph', 'JOB002']
['rassi', 'soc', [4, 3]]
['copy', '$master_path/MOLCAS.1.JobIph', 'JOBOLD']
['rasscf', 1, 4, True, False]
['mclr', 0.0001, 'sala=1']
['alaska']
All jobs finished:
job: master          code: 0    runtime: 0:00:17.014266
job: grad_1_1        code: 0    runtime: 0:00:11.185441

Starting job execution
['gateway']
['seward']
['copy', '/project/lgagliardi/helenclifford/practice_rcc/sharc4/methaniminium/tutorial_reproduction/traj/Singlet_2/TRAJ_00007/restart/MOLCAS.1.JobIph.156', 'JOBOLD']
['rasscf', 1, 4, True, False]
['copy', 'MOLCAS.rasscf.h5', 'MOLCAS.1.rasscf.h5']
['copy', 'MOLCAS.JobIph', 'MOLCAS.1.JobIph']
['copy', '/project/lgagliardi/helenclifford/practice_rcc/sharc4/methaniminium/tutorial_reproduction/traj/Singlet_2/TRAJ_00007/restart/MOLCAS.3.JobIph.156', 'JOBOLD']
['rasscf', 3, 3, True, False]
['copy', 'MOLCAS.rasscf.h5', 'MOLCAS.3.rasscf.h5']
['copy', 'MOLCAS.JobIph', 'MOLCAS.3.JobIph']
['link', 'MOLCAS.1.JobIph', 'JOB001']
['rassi', 'dm', [4]]
['copy', 'MOLCAS.rassi.h5', 'MOLCAS.rassi.1.h5']
['link', 'MOLCAS.3.JobIph', 'JOB001']
['rassi', 'dm', [3]]
['copy', 'MOLCAS.rassi.h5', 'MOLCAS.rassi.3.h5']
['copy', '/project/lgagliardi/helenclifford/practice_rcc/sharc4/methaniminium/tutorial_reproduction/traj/Singlet_2/TRAJ_00007/restart/MOLCAS.1.JobIph.156', 'JOB001']
['link', 'MOLCAS.1.JobIph', 'JOB002']
['rassi', 'overlap', [4, 4]]
['copy', 'MOLCAS.rassi.h5', 'MOLCAS.rassi.ovlp.1.h5']
['copy', '/project/lgagliardi/helenclifford/practice_rcc/sharc4/methaniminium/tutorial_reproduction/traj/Singlet_2/TRAJ_00007/restart/MOLCAS.3.JobIph.156', 'JOB001']
['link', 'MOLCAS.3.JobIph', 'JOB002']
['rassi', 'overlap', [3, 3]]
['copy', 'MOLCAS.rassi.h5', 'MOLCAS.rassi.ovlp.3.h5']
['link', 'MOLCAS.1.JobIph', 'JOB001']
['link', 'MOLCAS.3.JobIph', 'JOB002']
['rassi', 'soc', [4, 3]]
['copy', '$master_path/MOLCAS.1.JobIph', 'JOBOLD']
['rasscf', 1, 4, True, False]
['mclr', 0.0001, 'sala=1']
['alaska']
All jobs finished:
job: master          code: 0    runtime: 0:00:16.354384
job: grad_1_1        code: 0    runtime: 0:00:08.167615

Starting job execution
['gateway']
['seward']
['copy', '/project/lgagliardi/helenclifford/practice_rcc/sharc4/methaniminium/tutorial_reproduction/traj/Singlet_2/TRAJ_00007/restart/MOLCAS.1.JobIph.157', 'JOBOLD']
['rasscf', 1, 4, True, False]
['copy', 'MOLCAS.rasscf.h5', 'MOLCAS.1.rasscf.h5']
['copy', 'MOLCAS.JobIph', 'MOLCAS.1.JobIph']
['copy', '/project/lgagliardi/helenclifford/practice_rcc/sharc4/methaniminium/tutorial_reproduction/traj/Singlet_2/TRAJ_00007/restart/MOLCAS.3.JobIph.157', 'JOBOLD']
['rasscf', 3, 3, True, False]
['copy', 'MOLCAS.rasscf.h5', 'MOLCAS.3.rasscf.h5']
['copy', 'MOLCAS.JobIph', 'MOLCAS.3.JobIph']
['link', 'MOLCAS.1.JobIph', 'JOB001']
['rassi', 'dm', [4]]
['copy', 'MOLCAS.rassi.h5', 'MOLCAS.rassi.1.h5']
['link', 'MOLCAS.3.JobIph', 'JOB001']
['rassi', 'dm', [3]]
['copy', 'MOLCAS.rassi.h5', 'MOLCAS.rassi.3.h5']
['copy', '/project/lgagliardi/helenclifford/practice_rcc/sharc4/methaniminium/tutorial_reproduction/traj/Singlet_2/TRAJ_00007/restart/MOLCAS.1.JobIph.157', 'JOB001']
['link', 'MOLCAS.1.JobIph', 'JOB002']
['rassi', 'overlap', [4, 4]]
['copy', 'MOLCAS.rassi.h5', 'MOLCAS.rassi.ovlp.1.h5']
['copy', '/project/lgagliardi/helenclifford/practice_rcc/sharc4/methaniminium/tutorial_reproduction/traj/Singlet_2/TRAJ_00007/restart/MOLCAS.3.JobIph.157', 'JOB001']
['link', 'MOLCAS.3.JobIph', 'JOB002']
['rassi', 'overlap', [3, 3]]
['copy', 'MOLCAS.rassi.h5', 'MOLCAS.rassi.ovlp.3.h5']
['link', 'MOLCAS.1.JobIph', 'JOB001']
['link', 'MOLCAS.3.JobIph', 'JOB002']
['rassi', 'soc', [4, 3]]
['copy', '$master_path/MOLCAS.1.JobIph', 'JOBOLD']
['rasscf', 1, 4, True, False]
['mclr', 0.0001, 'sala=1']
['alaska']
All jobs finished:
job: master          code: 0    runtime: 0:00:18.290493
job: grad_1_1        code: 0    runtime: 0:00:07.679118

Starting job execution
['gateway']
['seward']
['copy', '/project/lgagliardi/helenclifford/practice_rcc/sharc4/methaniminium/tutorial_reproduction/traj/Singlet_2/TRAJ_00007/restart/MOLCAS.1.JobIph.158', 'JOBOLD']
['rasscf', 1, 4, True, False]
['copy', 'MOLCAS.rasscf.h5', 'MOLCAS.1.rasscf.h5']
['copy', 'MOLCAS.JobIph', 'MOLCAS.1.JobIph']
['copy', '/project/lgagliardi/helenclifford/practice_rcc/sharc4/methaniminium/tutorial_reproduction/traj/Singlet_2/TRAJ_00007/restart/MOLCAS.3.JobIph.158', 'JOBOLD']
['rasscf', 3, 3, True, False]
['copy', 'MOLCAS.rasscf.h5', 'MOLCAS.3.rasscf.h5']
['copy', 'MOLCAS.JobIph', 'MOLCAS.3.JobIph']
['link', 'MOLCAS.1.JobIph', 'JOB001']
['rassi', 'dm', [4]]
['copy', 'MOLCAS.rassi.h5', 'MOLCAS.rassi.1.h5']
['link', 'MOLCAS.3.JobIph', 'JOB001']
['rassi', 'dm', [3]]
['copy', 'MOLCAS.rassi.h5', 'MOLCAS.rassi.3.h5']
['copy', '/project/lgagliardi/helenclifford/practice_rcc/sharc4/methaniminium/tutorial_reproduction/traj/Singlet_2/TRAJ_00007/restart/MOLCAS.1.JobIph.158', 'JOB001']
['link', 'MOLCAS.1.JobIph', 'JOB002']
['rassi', 'overlap', [4, 4]]
['copy', 'MOLCAS.rassi.h5', 'MOLCAS.rassi.ovlp.1.h5']
['copy', '/project/lgagliardi/helenclifford/practice_rcc/sharc4/methaniminium/tutorial_reproduction/traj/Singlet_2/TRAJ_00007/restart/MOLCAS.3.JobIph.158', 'JOB001']
['link', 'MOLCAS.3.JobIph', 'JOB002']
['rassi', 'overlap', [3, 3]]
['copy', 'MOLCAS.rassi.h5', 'MOLCAS.rassi.ovlp.3.h5']
['link', 'MOLCAS.1.JobIph', 'JOB001']
['link', 'MOLCAS.3.JobIph', 'JOB002']
['rassi', 'soc', [4, 3]]
['copy', '$master_path/MOLCAS.1.JobIph', 'JOBOLD']
['rasscf', 1, 4, True, False]
['mclr', 0.0001, 'sala=1']
['alaska']
All jobs finished:
job: master          code: 0    runtime: 0:00:18.583569
job: grad_1_1        code: 0    runtime: 0:00:08.588161

Starting job execution
['gateway']
['seward']
['copy', '/project/lgagliardi/helenclifford/practice_rcc/sharc4/methaniminium/tutorial_reproduction/traj/Singlet_2/TRAJ_00007/restart/MOLCAS.1.JobIph.159', 'JOBOLD']
['rasscf', 1, 4, True, False]
['copy', 'MOLCAS.rasscf.h5', 'MOLCAS.1.rasscf.h5']
['copy', 'MOLCAS.JobIph', 'MOLCAS.1.JobIph']
['copy', '/project/lgagliardi/helenclifford/practice_rcc/sharc4/methaniminium/tutorial_reproduction/traj/Singlet_2/TRAJ_00007/restart/MOLCAS.3.JobIph.159', 'JOBOLD']
['rasscf', 3, 3, True, False]
['copy', 'MOLCAS.rasscf.h5', 'MOLCAS.3.rasscf.h5']
['copy', 'MOLCAS.JobIph', 'MOLCAS.3.JobIph']
['link', 'MOLCAS.1.JobIph', 'JOB001']
['rassi', 'dm', [4]]
['copy', 'MOLCAS.rassi.h5', 'MOLCAS.rassi.1.h5']
['link', 'MOLCAS.3.JobIph', 'JOB001']
['rassi', 'dm', [3]]
['copy', 'MOLCAS.rassi.h5', 'MOLCAS.rassi.3.h5']
['copy', '/project/lgagliardi/helenclifford/practice_rcc/sharc4/methaniminium/tutorial_reproduction/traj/Singlet_2/TRAJ_00007/restart/MOLCAS.1.JobIph.159', 'JOB001']
['link', 'MOLCAS.1.JobIph', 'JOB002']
['rassi', 'overlap', [4, 4]]
['copy', 'MOLCAS.rassi.h5', 'MOLCAS.rassi.ovlp.1.h5']
['copy', '/project/lgagliardi/helenclifford/practice_rcc/sharc4/methaniminium/tutorial_reproduction/traj/Singlet_2/TRAJ_00007/restart/MOLCAS.3.JobIph.159', 'JOB001']
['link', 'MOLCAS.3.JobIph', 'JOB002']
['rassi', 'overlap', [3, 3]]
['copy', 'MOLCAS.rassi.h5', 'MOLCAS.rassi.ovlp.3.h5']
['link', 'MOLCAS.1.JobIph', 'JOB001']
['link', 'MOLCAS.3.JobIph', 'JOB002']
['rassi', 'soc', [4, 3]]
['copy', '$master_path/MOLCAS.1.JobIph', 'JOBOLD']
['rasscf', 1, 4, True, False]
['mclr', 0.0001, 'sala=1']
['alaska']
All jobs finished:
job: master          code: 0    runtime: 0:00:15.993762
job: grad_1_1        code: 0    runtime: 0:00:11.684678

Starting job execution
['gateway']
['seward']
['copy', '/project/lgagliardi/helenclifford/practice_rcc/sharc4/methaniminium/tutorial_reproduction/traj/Singlet_2/TRAJ_00007/restart/MOLCAS.1.JobIph.160', 'JOBOLD']
['rasscf', 1, 4, True, False]
['copy', 'MOLCAS.rasscf.h5', 'MOLCAS.1.rasscf.h5']
['copy', 'MOLCAS.JobIph', 'MOLCAS.1.JobIph']
['copy', '/project/lgagliardi/helenclifford/practice_rcc/sharc4/methaniminium/tutorial_reproduction/traj/Singlet_2/TRAJ_00007/restart/MOLCAS.3.JobIph.160', 'JOBOLD']
['rasscf', 3, 3, True, False]
['copy', 'MOLCAS.rasscf.h5', 'MOLCAS.3.rasscf.h5']
['copy', 'MOLCAS.JobIph', 'MOLCAS.3.JobIph']
['link', 'MOLCAS.1.JobIph', 'JOB001']
['rassi', 'dm', [4]]
['copy', 'MOLCAS.rassi.h5', 'MOLCAS.rassi.1.h5']
['link', 'MOLCAS.3.JobIph', 'JOB001']
['rassi', 'dm', [3]]
['copy', 'MOLCAS.rassi.h5', 'MOLCAS.rassi.3.h5']
['copy', '/project/lgagliardi/helenclifford/practice_rcc/sharc4/methaniminium/tutorial_reproduction/traj/Singlet_2/TRAJ_00007/restart/MOLCAS.1.JobIph.160', 'JOB001']
['link', 'MOLCAS.1.JobIph', 'JOB002']
['rassi', 'overlap', [4, 4]]
['copy', 'MOLCAS.rassi.h5', 'MOLCAS.rassi.ovlp.1.h5']
['copy', '/project/lgagliardi/helenclifford/practice_rcc/sharc4/methaniminium/tutorial_reproduction/traj/Singlet_2/TRAJ_00007/restart/MOLCAS.3.JobIph.160', 'JOB001']
['link', 'MOLCAS.3.JobIph', 'JOB002']
['rassi', 'overlap', [3, 3]]
['copy', 'MOLCAS.rassi.h5', 'MOLCAS.rassi.ovlp.3.h5']
['link', 'MOLCAS.1.JobIph', 'JOB001']
['link', 'MOLCAS.3.JobIph', 'JOB002']
['rassi', 'soc', [4, 3]]
['copy', '$master_path/MOLCAS.1.JobIph', 'JOBOLD']
['rasscf', 1, 4, True, False]
['mclr', 0.0001, 'sala=1']
['alaska']
All jobs finished:
job: master          code: 0    runtime: 0:00:15.735794
job: grad_1_1        code: 0    runtime: 0:00:08.805413

Starting job execution
['gateway']
['seward']
['copy', '/project/lgagliardi/helenclifford/practice_rcc/sharc4/methaniminium/tutorial_reproduction/traj/Singlet_2/TRAJ_00007/restart/MOLCAS.1.JobIph.161', 'JOBOLD']
['rasscf', 1, 4, True, False]
['copy', 'MOLCAS.rasscf.h5', 'MOLCAS.1.rasscf.h5']
['copy', 'MOLCAS.JobIph', 'MOLCAS.1.JobIph']
['copy', '/project/lgagliardi/helenclifford/practice_rcc/sharc4/methaniminium/tutorial_reproduction/traj/Singlet_2/TRAJ_00007/restart/MOLCAS.3.JobIph.161', 'JOBOLD']
['rasscf', 3, 3, True, False]
['copy', 'MOLCAS.rasscf.h5', 'MOLCAS.3.rasscf.h5']
['copy', 'MOLCAS.JobIph', 'MOLCAS.3.JobIph']
['link', 'MOLCAS.1.JobIph', 'JOB001']
['rassi', 'dm', [4]]
['copy', 'MOLCAS.rassi.h5', 'MOLCAS.rassi.1.h5']
['link', 'MOLCAS.3.JobIph', 'JOB001']
['rassi', 'dm', [3]]
['copy', 'MOLCAS.rassi.h5', 'MOLCAS.rassi.3.h5']
['copy', '/project/lgagliardi/helenclifford/practice_rcc/sharc4/methaniminium/tutorial_reproduction/traj/Singlet_2/TRAJ_00007/restart/MOLCAS.1.JobIph.161', 'JOB001']
['link', 'MOLCAS.1.JobIph', 'JOB002']
['rassi', 'overlap', [4, 4]]
['copy', 'MOLCAS.rassi.h5', 'MOLCAS.rassi.ovlp.1.h5']
['copy', '/project/lgagliardi/helenclifford/practice_rcc/sharc4/methaniminium/tutorial_reproduction/traj/Singlet_2/TRAJ_00007/restart/MOLCAS.3.JobIph.161', 'JOB001']
['link', 'MOLCAS.3.JobIph', 'JOB002']
['rassi', 'overlap', [3, 3]]
['copy', 'MOLCAS.rassi.h5', 'MOLCAS.rassi.ovlp.3.h5']
['link', 'MOLCAS.1.JobIph', 'JOB001']
['link', 'MOLCAS.3.JobIph', 'JOB002']
['rassi', 'soc', [4, 3]]
['copy', '$master_path/MOLCAS.1.JobIph', 'JOBOLD']
['rasscf', 1, 4, True, False]
['mclr', 0.0001, 'sala=1']
['alaska']
All jobs finished:
job: master          code: 0    runtime: 0:00:17.209456
job: grad_1_1        code: 0    runtime: 0:00:09.066890

Starting job execution
['gateway']
['seward']
['copy', '/project/lgagliardi/helenclifford/practice_rcc/sharc4/methaniminium/tutorial_reproduction/traj/Singlet_2/TRAJ_00007/restart/MOLCAS.1.JobIph.162', 'JOBOLD']
['rasscf', 1, 4, True, False]
['copy', 'MOLCAS.rasscf.h5', 'MOLCAS.1.rasscf.h5']
['copy', 'MOLCAS.JobIph', 'MOLCAS.1.JobIph']
['copy', '/project/lgagliardi/helenclifford/practice_rcc/sharc4/methaniminium/tutorial_reproduction/traj/Singlet_2/TRAJ_00007/restart/MOLCAS.3.JobIph.162', 'JOBOLD']
['rasscf', 3, 3, True, False]
['copy', 'MOLCAS.rasscf.h5', 'MOLCAS.3.rasscf.h5']
['copy', 'MOLCAS.JobIph', 'MOLCAS.3.JobIph']
['link', 'MOLCAS.1.JobIph', 'JOB001']
['rassi', 'dm', [4]]
['copy', 'MOLCAS.rassi.h5', 'MOLCAS.rassi.1.h5']
['link', 'MOLCAS.3.JobIph', 'JOB001']
['rassi', 'dm', [3]]
['copy', 'MOLCAS.rassi.h5', 'MOLCAS.rassi.3.h5']
['copy', '/project/lgagliardi/helenclifford/practice_rcc/sharc4/methaniminium/tutorial_reproduction/traj/Singlet_2/TRAJ_00007/restart/MOLCAS.1.JobIph.162', 'JOB001']
['link', 'MOLCAS.1.JobIph', 'JOB002']
['rassi', 'overlap', [4, 4]]
['copy', 'MOLCAS.rassi.h5', 'MOLCAS.rassi.ovlp.1.h5']
['copy', '/project/lgagliardi/helenclifford/practice_rcc/sharc4/methaniminium/tutorial_reproduction/traj/Singlet_2/TRAJ_00007/restart/MOLCAS.3.JobIph.162', 'JOB001']
['link', 'MOLCAS.3.JobIph', 'JOB002']
['rassi', 'overlap', [3, 3]]
['copy', 'MOLCAS.rassi.h5', 'MOLCAS.rassi.ovlp.3.h5']
['link', 'MOLCAS.1.JobIph', 'JOB001']
['link', 'MOLCAS.3.JobIph', 'JOB002']
['rassi', 'soc', [4, 3]]
['copy', '$master_path/MOLCAS.1.JobIph', 'JOBOLD']
['rasscf', 1, 4, True, False]
['mclr', 0.0001, 'sala=1']
['alaska']
All jobs finished:
job: master          code: 0    runtime: 0:00:16.073270
job: grad_1_1        code: 0    runtime: 0:00:09.627692

Starting job execution
['gateway']
['seward']
['copy', '/project/lgagliardi/helenclifford/practice_rcc/sharc4/methaniminium/tutorial_reproduction/traj/Singlet_2/TRAJ_00007/restart/MOLCAS.1.JobIph.163', 'JOBOLD']
['rasscf', 1, 4, True, False]
['copy', 'MOLCAS.rasscf.h5', 'MOLCAS.1.rasscf.h5']
['copy', 'MOLCAS.JobIph', 'MOLCAS.1.JobIph']
['copy', '/project/lgagliardi/helenclifford/practice_rcc/sharc4/methaniminium/tutorial_reproduction/traj/Singlet_2/TRAJ_00007/restart/MOLCAS.3.JobIph.163', 'JOBOLD']
['rasscf', 3, 3, True, False]
['copy', 'MOLCAS.rasscf.h5', 'MOLCAS.3.rasscf.h5']
['copy', 'MOLCAS.JobIph', 'MOLCAS.3.JobIph']
['link', 'MOLCAS.1.JobIph', 'JOB001']
['rassi', 'dm', [4]]
['copy', 'MOLCAS.rassi.h5', 'MOLCAS.rassi.1.h5']
['link', 'MOLCAS.3.JobIph', 'JOB001']
['rassi', 'dm', [3]]
['copy', 'MOLCAS.rassi.h5', 'MOLCAS.rassi.3.h5']
['copy', '/project/lgagliardi/helenclifford/practice_rcc/sharc4/methaniminium/tutorial_reproduction/traj/Singlet_2/TRAJ_00007/restart/MOLCAS.1.JobIph.163', 'JOB001']
['link', 'MOLCAS.1.JobIph', 'JOB002']
['rassi', 'overlap', [4, 4]]
['copy', 'MOLCAS.rassi.h5', 'MOLCAS.rassi.ovlp.1.h5']
['copy', '/project/lgagliardi/helenclifford/practice_rcc/sharc4/methaniminium/tutorial_reproduction/traj/Singlet_2/TRAJ_00007/restart/MOLCAS.3.JobIph.163', 'JOB001']
['link', 'MOLCAS.3.JobIph', 'JOB002']
['rassi', 'overlap', [3, 3]]
['copy', 'MOLCAS.rassi.h5', 'MOLCAS.rassi.ovlp.3.h5']
['link', 'MOLCAS.1.JobIph', 'JOB001']
['link', 'MOLCAS.3.JobIph', 'JOB002']
['rassi', 'soc', [4, 3]]
['copy', '$master_path/MOLCAS.1.JobIph', 'JOBOLD']
['rasscf', 1, 4, True, False]
['mclr', 0.0001, 'sala=1']
['alaska']
All jobs finished:
job: master          code: 0    runtime: 0:00:16.611861
job: grad_1_1        code: 0    runtime: 0:00:02.884422

Starting job execution
['gateway']
['seward']
['copy', '/project/lgagliardi/helenclifford/practice_rcc/sharc4/methaniminium/tutorial_reproduction/traj/Singlet_2/TRAJ_00007/restart/MOLCAS.1.JobIph.164', 'JOBOLD']
['rasscf', 1, 4, True, False]
['copy', 'MOLCAS.rasscf.h5', 'MOLCAS.1.rasscf.h5']
['copy', 'MOLCAS.JobIph', 'MOLCAS.1.JobIph']
['copy', '/project/lgagliardi/helenclifford/practice_rcc/sharc4/methaniminium/tutorial_reproduction/traj/Singlet_2/TRAJ_00007/restart/MOLCAS.3.JobIph.164', 'JOBOLD']
['rasscf', 3, 3, True, False]
['copy', 'MOLCAS.rasscf.h5', 'MOLCAS.3.rasscf.h5']
['copy', 'MOLCAS.JobIph', 'MOLCAS.3.JobIph']
['link', 'MOLCAS.1.JobIph', 'JOB001']
['rassi', 'dm', [4]]
['copy', 'MOLCAS.rassi.h5', 'MOLCAS.rassi.1.h5']
['link', 'MOLCAS.3.JobIph', 'JOB001']
['rassi', 'dm', [3]]
['copy', 'MOLCAS.rassi.h5', 'MOLCAS.rassi.3.h5']
['copy', '/project/lgagliardi/helenclifford/practice_rcc/sharc4/methaniminium/tutorial_reproduction/traj/Singlet_2/TRAJ_00007/restart/MOLCAS.1.JobIph.164', 'JOB001']
['link', 'MOLCAS.1.JobIph', 'JOB002']
['rassi', 'overlap', [4, 4]]
['copy', 'MOLCAS.rassi.h5', 'MOLCAS.rassi.ovlp.1.h5']
['copy', '/project/lgagliardi/helenclifford/practice_rcc/sharc4/methaniminium/tutorial_reproduction/traj/Singlet_2/TRAJ_00007/restart/MOLCAS.3.JobIph.164', 'JOB001']
['link', 'MOLCAS.3.JobIph', 'JOB002']
['rassi', 'overlap', [3, 3]]
['copy', 'MOLCAS.rassi.h5', 'MOLCAS.rassi.ovlp.3.h5']
['link', 'MOLCAS.1.JobIph', 'JOB001']
['link', 'MOLCAS.3.JobIph', 'JOB002']
['rassi', 'soc', [4, 3]]
['copy', '$master_path/MOLCAS.1.JobIph', 'JOBOLD']
['rasscf', 1, 4, True, False]
['mclr', 0.0001, 'sala=1']
['alaska']
All jobs finished:
job: master          code: 0    runtime: 0:00:19.662958
job: grad_1_1        code: 0    runtime: 0:00:12.256516

Starting job execution
['gateway']
['seward']
['copy', '/project/lgagliardi/helenclifford/practice_rcc/sharc4/methaniminium/tutorial_reproduction/traj/Singlet_2/TRAJ_00007/restart/MOLCAS.1.JobIph.165', 'JOBOLD']
['rasscf', 1, 4, True, False]
['copy', 'MOLCAS.rasscf.h5', 'MOLCAS.1.rasscf.h5']
['copy', 'MOLCAS.JobIph', 'MOLCAS.1.JobIph']
['copy', '/project/lgagliardi/helenclifford/practice_rcc/sharc4/methaniminium/tutorial_reproduction/traj/Singlet_2/TRAJ_00007/restart/MOLCAS.3.JobIph.165', 'JOBOLD']
['rasscf', 3, 3, True, False]
['copy', 'MOLCAS.rasscf.h5', 'MOLCAS.3.rasscf.h5']
['copy', 'MOLCAS.JobIph', 'MOLCAS.3.JobIph']
['link', 'MOLCAS.1.JobIph', 'JOB001']
['rassi', 'dm', [4]]
['copy', 'MOLCAS.rassi.h5', 'MOLCAS.rassi.1.h5']
['link', 'MOLCAS.3.JobIph', 'JOB001']
['rassi', 'dm', [3]]
['copy', 'MOLCAS.rassi.h5', 'MOLCAS.rassi.3.h5']
['copy', '/project/lgagliardi/helenclifford/practice_rcc/sharc4/methaniminium/tutorial_reproduction/traj/Singlet_2/TRAJ_00007/restart/MOLCAS.1.JobIph.165', 'JOB001']
['link', 'MOLCAS.1.JobIph', 'JOB002']
['rassi', 'overlap', [4, 4]]
['copy', 'MOLCAS.rassi.h5', 'MOLCAS.rassi.ovlp.1.h5']
['copy', '/project/lgagliardi/helenclifford/practice_rcc/sharc4/methaniminium/tutorial_reproduction/traj/Singlet_2/TRAJ_00007/restart/MOLCAS.3.JobIph.165', 'JOB001']
['link', 'MOLCAS.3.JobIph', 'JOB002']
['rassi', 'overlap', [3, 3]]
['copy', 'MOLCAS.rassi.h5', 'MOLCAS.rassi.ovlp.3.h5']
['link', 'MOLCAS.1.JobIph', 'JOB001']
['link', 'MOLCAS.3.JobIph', 'JOB002']
['rassi', 'soc', [4, 3]]
['copy', '$master_path/MOLCAS.1.JobIph', 'JOBOLD']
['rasscf', 1, 4, True, False]
['mclr', 0.0001, 'sala=1']
['alaska']
All jobs finished:
job: master          code: 0    runtime: 0:00:17.451829
job: grad_1_1        code: 0    runtime: 0:00:07.802615

Starting job execution
['gateway']
['seward']
['copy', '/project/lgagliardi/helenclifford/practice_rcc/sharc4/methaniminium/tutorial_reproduction/traj/Singlet_2/TRAJ_00007/restart/MOLCAS.1.JobIph.166', 'JOBOLD']
['rasscf', 1, 4, True, False]
['copy', 'MOLCAS.rasscf.h5', 'MOLCAS.1.rasscf.h5']
['copy', 'MOLCAS.JobIph', 'MOLCAS.1.JobIph']
['copy', '/project/lgagliardi/helenclifford/practice_rcc/sharc4/methaniminium/tutorial_reproduction/traj/Singlet_2/TRAJ_00007/restart/MOLCAS.3.JobIph.166', 'JOBOLD']
['rasscf', 3, 3, True, False]
['copy', 'MOLCAS.rasscf.h5', 'MOLCAS.3.rasscf.h5']
['copy', 'MOLCAS.JobIph', 'MOLCAS.3.JobIph']
['link', 'MOLCAS.1.JobIph', 'JOB001']
['rassi', 'dm', [4]]
['copy', 'MOLCAS.rassi.h5', 'MOLCAS.rassi.1.h5']
['link', 'MOLCAS.3.JobIph', 'JOB001']
['rassi', 'dm', [3]]
['copy', 'MOLCAS.rassi.h5', 'MOLCAS.rassi.3.h5']
['copy', '/project/lgagliardi/helenclifford/practice_rcc/sharc4/methaniminium/tutorial_reproduction/traj/Singlet_2/TRAJ_00007/restart/MOLCAS.1.JobIph.166', 'JOB001']
['link', 'MOLCAS.1.JobIph', 'JOB002']
['rassi', 'overlap', [4, 4]]
['copy', 'MOLCAS.rassi.h5', 'MOLCAS.rassi.ovlp.1.h5']
['copy', '/project/lgagliardi/helenclifford/practice_rcc/sharc4/methaniminium/tutorial_reproduction/traj/Singlet_2/TRAJ_00007/restart/MOLCAS.3.JobIph.166', 'JOB001']
['link', 'MOLCAS.3.JobIph', 'JOB002']
['rassi', 'overlap', [3, 3]]
['copy', 'MOLCAS.rassi.h5', 'MOLCAS.rassi.ovlp.3.h5']
['link', 'MOLCAS.1.JobIph', 'JOB001']
['link', 'MOLCAS.3.JobIph', 'JOB002']
['rassi', 'soc', [4, 3]]
['copy', '$master_path/MOLCAS.1.JobIph', 'JOBOLD']
['rasscf', 1, 4, True, False]
['mclr', 0.0001, 'sala=1']
['alaska']
All jobs finished:
job: master          code: 0    runtime: 0:00:15.145685
job: grad_1_1        code: 0    runtime: 0:00:06.361383

Starting job execution
['gateway']
['seward']
['copy', '/project/lgagliardi/helenclifford/practice_rcc/sharc4/methaniminium/tutorial_reproduction/traj/Singlet_2/TRAJ_00007/restart/MOLCAS.1.JobIph.167', 'JOBOLD']
['rasscf', 1, 4, True, False]
['copy', 'MOLCAS.rasscf.h5', 'MOLCAS.1.rasscf.h5']
['copy', 'MOLCAS.JobIph', 'MOLCAS.1.JobIph']
['copy', '/project/lgagliardi/helenclifford/practice_rcc/sharc4/methaniminium/tutorial_reproduction/traj/Singlet_2/TRAJ_00007/restart/MOLCAS.3.JobIph.167', 'JOBOLD']
['rasscf', 3, 3, True, False]
['copy', 'MOLCAS.rasscf.h5', 'MOLCAS.3.rasscf.h5']
['copy', 'MOLCAS.JobIph', 'MOLCAS.3.JobIph']
['link', 'MOLCAS.1.JobIph', 'JOB001']
['rassi', 'dm', [4]]
['copy', 'MOLCAS.rassi.h5', 'MOLCAS.rassi.1.h5']
['link', 'MOLCAS.3.JobIph', 'JOB001']
['rassi', 'dm', [3]]
['copy', 'MOLCAS.rassi.h5', 'MOLCAS.rassi.3.h5']
['copy', '/project/lgagliardi/helenclifford/practice_rcc/sharc4/methaniminium/tutorial_reproduction/traj/Singlet_2/TRAJ_00007/restart/MOLCAS.1.JobIph.167', 'JOB001']
['link', 'MOLCAS.1.JobIph', 'JOB002']
['rassi', 'overlap', [4, 4]]
['copy', 'MOLCAS.rassi.h5', 'MOLCAS.rassi.ovlp.1.h5']
['copy', '/project/lgagliardi/helenclifford/practice_rcc/sharc4/methaniminium/tutorial_reproduction/traj/Singlet_2/TRAJ_00007/restart/MOLCAS.3.JobIph.167', 'JOB001']
['link', 'MOLCAS.3.JobIph', 'JOB002']
['rassi', 'overlap', [3, 3]]
['copy', 'MOLCAS.rassi.h5', 'MOLCAS.rassi.ovlp.3.h5']
['link', 'MOLCAS.1.JobIph', 'JOB001']
['link', 'MOLCAS.3.JobIph', 'JOB002']
['rassi', 'soc', [4, 3]]
['copy', '$master_path/MOLCAS.1.JobIph', 'JOBOLD']
['rasscf', 1, 4, True, False]
['mclr', 0.0001, 'sala=1']
['alaska']
All jobs finished:
job: master          code: 0    runtime: 0:00:16.046027
job: grad_1_1        code: 0    runtime: 0:00:08.995743

Starting job execution
['gateway']
['seward']
['copy', '/project/lgagliardi/helenclifford/practice_rcc/sharc4/methaniminium/tutorial_reproduction/traj/Singlet_2/TRAJ_00007/restart/MOLCAS.1.JobIph.168', 'JOBOLD']
['rasscf', 1, 4, True, False]
['copy', 'MOLCAS.rasscf.h5', 'MOLCAS.1.rasscf.h5']
['copy', 'MOLCAS.JobIph', 'MOLCAS.1.JobIph']
['copy', '/project/lgagliardi/helenclifford/practice_rcc/sharc4/methaniminium/tutorial_reproduction/traj/Singlet_2/TRAJ_00007/restart/MOLCAS.3.JobIph.168', 'JOBOLD']
['rasscf', 3, 3, True, False]
['copy', 'MOLCAS.rasscf.h5', 'MOLCAS.3.rasscf.h5']
['copy', 'MOLCAS.JobIph', 'MOLCAS.3.JobIph']
['link', 'MOLCAS.1.JobIph', 'JOB001']
['rassi', 'dm', [4]]
['copy', 'MOLCAS.rassi.h5', 'MOLCAS.rassi.1.h5']
['link', 'MOLCAS.3.JobIph', 'JOB001']
['rassi', 'dm', [3]]
['copy', 'MOLCAS.rassi.h5', 'MOLCAS.rassi.3.h5']
['copy', '/project/lgagliardi/helenclifford/practice_rcc/sharc4/methaniminium/tutorial_reproduction/traj/Singlet_2/TRAJ_00007/restart/MOLCAS.1.JobIph.168', 'JOB001']
['link', 'MOLCAS.1.JobIph', 'JOB002']
['rassi', 'overlap', [4, 4]]
['copy', 'MOLCAS.rassi.h5', 'MOLCAS.rassi.ovlp.1.h5']
['copy', '/project/lgagliardi/helenclifford/practice_rcc/sharc4/methaniminium/tutorial_reproduction/traj/Singlet_2/TRAJ_00007/restart/MOLCAS.3.JobIph.168', 'JOB001']
['link', 'MOLCAS.3.JobIph', 'JOB002']
['rassi', 'overlap', [3, 3]]
['copy', 'MOLCAS.rassi.h5', 'MOLCAS.rassi.ovlp.3.h5']
['link', 'MOLCAS.1.JobIph', 'JOB001']
['link', 'MOLCAS.3.JobIph', 'JOB002']
['rassi', 'soc', [4, 3]]
['copy', '$master_path/MOLCAS.1.JobIph', 'JOBOLD']
['rasscf', 1, 4, True, False]
['mclr', 0.0001, 'sala=1']
['alaska']
All jobs finished:
job: master          code: 0    runtime: 0:00:17.483472
job: grad_1_1        code: 0    runtime: 0:00:11.822589

Starting job execution
['gateway']
['seward']
['copy', '/project/lgagliardi/helenclifford/practice_rcc/sharc4/methaniminium/tutorial_reproduction/traj/Singlet_2/TRAJ_00007/restart/MOLCAS.1.JobIph.169', 'JOBOLD']
['rasscf', 1, 4, True, False]
['copy', 'MOLCAS.rasscf.h5', 'MOLCAS.1.rasscf.h5']
['copy', 'MOLCAS.JobIph', 'MOLCAS.1.JobIph']
['copy', '/project/lgagliardi/helenclifford/practice_rcc/sharc4/methaniminium/tutorial_reproduction/traj/Singlet_2/TRAJ_00007/restart/MOLCAS.3.JobIph.169', 'JOBOLD']
['rasscf', 3, 3, True, False]
['copy', 'MOLCAS.rasscf.h5', 'MOLCAS.3.rasscf.h5']
['copy', 'MOLCAS.JobIph', 'MOLCAS.3.JobIph']
['link', 'MOLCAS.1.JobIph', 'JOB001']
['rassi', 'dm', [4]]
['copy', 'MOLCAS.rassi.h5', 'MOLCAS.rassi.1.h5']
['link', 'MOLCAS.3.JobIph', 'JOB001']
['rassi', 'dm', [3]]
['copy', 'MOLCAS.rassi.h5', 'MOLCAS.rassi.3.h5']
['copy', '/project/lgagliardi/helenclifford/practice_rcc/sharc4/methaniminium/tutorial_reproduction/traj/Singlet_2/TRAJ_00007/restart/MOLCAS.1.JobIph.169', 'JOB001']
['link', 'MOLCAS.1.JobIph', 'JOB002']
['rassi', 'overlap', [4, 4]]
['copy', 'MOLCAS.rassi.h5', 'MOLCAS.rassi.ovlp.1.h5']
['copy', '/project/lgagliardi/helenclifford/practice_rcc/sharc4/methaniminium/tutorial_reproduction/traj/Singlet_2/TRAJ_00007/restart/MOLCAS.3.JobIph.169', 'JOB001']
['link', 'MOLCAS.3.JobIph', 'JOB002']
['rassi', 'overlap', [3, 3]]
['copy', 'MOLCAS.rassi.h5', 'MOLCAS.rassi.ovlp.3.h5']
['link', 'MOLCAS.1.JobIph', 'JOB001']
['link', 'MOLCAS.3.JobIph', 'JOB002']
['rassi', 'soc', [4, 3]]
['copy', '$master_path/MOLCAS.1.JobIph', 'JOBOLD']
['rasscf', 1, 4, True, False]
['mclr', 0.0001, 'sala=1']
['alaska']
All jobs finished:
job: master          code: 0    runtime: 0:00:16.929679
job: grad_1_1        code: 0    runtime: 0:00:14.145631

Starting job execution
['gateway']
['seward']
['copy', '/project/lgagliardi/helenclifford/practice_rcc/sharc4/methaniminium/tutorial_reproduction/traj/Singlet_2/TRAJ_00007/restart/MOLCAS.1.JobIph.170', 'JOBOLD']
['rasscf', 1, 4, True, False]
['copy', 'MOLCAS.rasscf.h5', 'MOLCAS.1.rasscf.h5']
['copy', 'MOLCAS.JobIph', 'MOLCAS.1.JobIph']
['copy', '/project/lgagliardi/helenclifford/practice_rcc/sharc4/methaniminium/tutorial_reproduction/traj/Singlet_2/TRAJ_00007/restart/MOLCAS.3.JobIph.170', 'JOBOLD']
['rasscf', 3, 3, True, False]
['copy', 'MOLCAS.rasscf.h5', 'MOLCAS.3.rasscf.h5']
['copy', 'MOLCAS.JobIph', 'MOLCAS.3.JobIph']
['link', 'MOLCAS.1.JobIph', 'JOB001']
['rassi', 'dm', [4]]
['copy', 'MOLCAS.rassi.h5', 'MOLCAS.rassi.1.h5']
['link', 'MOLCAS.3.JobIph', 'JOB001']
['rassi', 'dm', [3]]
['copy', 'MOLCAS.rassi.h5', 'MOLCAS.rassi.3.h5']
['copy', '/project/lgagliardi/helenclifford/practice_rcc/sharc4/methaniminium/tutorial_reproduction/traj/Singlet_2/TRAJ_00007/restart/MOLCAS.1.JobIph.170', 'JOB001']
['link', 'MOLCAS.1.JobIph', 'JOB002']
['rassi', 'overlap', [4, 4]]
['copy', 'MOLCAS.rassi.h5', 'MOLCAS.rassi.ovlp.1.h5']
['copy', '/project/lgagliardi/helenclifford/practice_rcc/sharc4/methaniminium/tutorial_reproduction/traj/Singlet_2/TRAJ_00007/restart/MOLCAS.3.JobIph.170', 'JOB001']
['link', 'MOLCAS.3.JobIph', 'JOB002']
['rassi', 'overlap', [3, 3]]
['copy', 'MOLCAS.rassi.h5', 'MOLCAS.rassi.ovlp.3.h5']
['link', 'MOLCAS.1.JobIph', 'JOB001']
['link', 'MOLCAS.3.JobIph', 'JOB002']
['rassi', 'soc', [4, 3]]
['copy', '$master_path/MOLCAS.1.JobIph', 'JOBOLD']
['rasscf', 1, 4, True, False]
['mclr', 0.0001, 'sala=1']
['alaska']
All jobs finished:
job: master          code: 0    runtime: 0:00:14.572244
job: grad_1_1        code: 0    runtime: 0:00:12.460441

Starting job execution
['gateway']
['seward']
['copy', '/project/lgagliardi/helenclifford/practice_rcc/sharc4/methaniminium/tutorial_reproduction/traj/Singlet_2/TRAJ_00007/restart/MOLCAS.1.JobIph.171', 'JOBOLD']
['rasscf', 1, 4, True, False]
['copy', 'MOLCAS.rasscf.h5', 'MOLCAS.1.rasscf.h5']
['copy', 'MOLCAS.JobIph', 'MOLCAS.1.JobIph']
['copy', '/project/lgagliardi/helenclifford/practice_rcc/sharc4/methaniminium/tutorial_reproduction/traj/Singlet_2/TRAJ_00007/restart/MOLCAS.3.JobIph.171', 'JOBOLD']
['rasscf', 3, 3, True, False]
['copy', 'MOLCAS.rasscf.h5', 'MOLCAS.3.rasscf.h5']
['copy', 'MOLCAS.JobIph', 'MOLCAS.3.JobIph']
['link', 'MOLCAS.1.JobIph', 'JOB001']
['rassi', 'dm', [4]]
['copy', 'MOLCAS.rassi.h5', 'MOLCAS.rassi.1.h5']
['link', 'MOLCAS.3.JobIph', 'JOB001']
['rassi', 'dm', [3]]
['copy', 'MOLCAS.rassi.h5', 'MOLCAS.rassi.3.h5']
['copy', '/project/lgagliardi/helenclifford/practice_rcc/sharc4/methaniminium/tutorial_reproduction/traj/Singlet_2/TRAJ_00007/restart/MOLCAS.1.JobIph.171', 'JOB001']
['link', 'MOLCAS.1.JobIph', 'JOB002']
['rassi', 'overlap', [4, 4]]
['copy', 'MOLCAS.rassi.h5', 'MOLCAS.rassi.ovlp.1.h5']
['copy', '/project/lgagliardi/helenclifford/practice_rcc/sharc4/methaniminium/tutorial_reproduction/traj/Singlet_2/TRAJ_00007/restart/MOLCAS.3.JobIph.171', 'JOB001']
['link', 'MOLCAS.3.JobIph', 'JOB002']
['rassi', 'overlap', [3, 3]]
['copy', 'MOLCAS.rassi.h5', 'MOLCAS.rassi.ovlp.3.h5']
['link', 'MOLCAS.1.JobIph', 'JOB001']
['link', 'MOLCAS.3.JobIph', 'JOB002']
['rassi', 'soc', [4, 3]]
['copy', '$master_path/MOLCAS.1.JobIph', 'JOBOLD']
['rasscf', 1, 4, True, False]
['mclr', 0.0001, 'sala=1']
['alaska']
All jobs finished:
job: master          code: 0    runtime: 0:00:18.391000
job: grad_1_1        code: 0    runtime: 0:00:10.092321

Starting job execution
['gateway']
['seward']
['copy', '/project/lgagliardi/helenclifford/practice_rcc/sharc4/methaniminium/tutorial_reproduction/traj/Singlet_2/TRAJ_00007/restart/MOLCAS.1.JobIph.172', 'JOBOLD']
['rasscf', 1, 4, True, False]
['copy', 'MOLCAS.rasscf.h5', 'MOLCAS.1.rasscf.h5']
['copy', 'MOLCAS.JobIph', 'MOLCAS.1.JobIph']
['copy', '/project/lgagliardi/helenclifford/practice_rcc/sharc4/methaniminium/tutorial_reproduction/traj/Singlet_2/TRAJ_00007/restart/MOLCAS.3.JobIph.172', 'JOBOLD']
['rasscf', 3, 3, True, False]
['copy', 'MOLCAS.rasscf.h5', 'MOLCAS.3.rasscf.h5']
['copy', 'MOLCAS.JobIph', 'MOLCAS.3.JobIph']
['link', 'MOLCAS.1.JobIph', 'JOB001']
['rassi', 'dm', [4]]
['copy', 'MOLCAS.rassi.h5', 'MOLCAS.rassi.1.h5']
['link', 'MOLCAS.3.JobIph', 'JOB001']
['rassi', 'dm', [3]]
['copy', 'MOLCAS.rassi.h5', 'MOLCAS.rassi.3.h5']
['copy', '/project/lgagliardi/helenclifford/practice_rcc/sharc4/methaniminium/tutorial_reproduction/traj/Singlet_2/TRAJ_00007/restart/MOLCAS.1.JobIph.172', 'JOB001']
['link', 'MOLCAS.1.JobIph', 'JOB002']
['rassi', 'overlap', [4, 4]]
['copy', 'MOLCAS.rassi.h5', 'MOLCAS.rassi.ovlp.1.h5']
['copy', '/project/lgagliardi/helenclifford/practice_rcc/sharc4/methaniminium/tutorial_reproduction/traj/Singlet_2/TRAJ_00007/restart/MOLCAS.3.JobIph.172', 'JOB001']
['link', 'MOLCAS.3.JobIph', 'JOB002']
['rassi', 'overlap', [3, 3]]
['copy', 'MOLCAS.rassi.h5', 'MOLCAS.rassi.ovlp.3.h5']
['link', 'MOLCAS.1.JobIph', 'JOB001']
['link', 'MOLCAS.3.JobIph', 'JOB002']
['rassi', 'soc', [4, 3]]
['copy', '$master_path/MOLCAS.1.JobIph', 'JOBOLD']
['rasscf', 1, 4, True, False]
['mclr', 0.0001, 'sala=1']
['alaska']
All jobs finished:
job: master          code: 0    runtime: 0:00:16.814580
job: grad_1_1        code: 0    runtime: 0:00:08.788712

Starting job execution
['gateway']
['seward']
['copy', '/project/lgagliardi/helenclifford/practice_rcc/sharc4/methaniminium/tutorial_reproduction/traj/Singlet_2/TRAJ_00007/restart/MOLCAS.1.JobIph.173', 'JOBOLD']
['rasscf', 1, 4, True, False]
['copy', 'MOLCAS.rasscf.h5', 'MOLCAS.1.rasscf.h5']
['copy', 'MOLCAS.JobIph', 'MOLCAS.1.JobIph']
['copy', '/project/lgagliardi/helenclifford/practice_rcc/sharc4/methaniminium/tutorial_reproduction/traj/Singlet_2/TRAJ_00007/restart/MOLCAS.3.JobIph.173', 'JOBOLD']
['rasscf', 3, 3, True, False]
['copy', 'MOLCAS.rasscf.h5', 'MOLCAS.3.rasscf.h5']
['copy', 'MOLCAS.JobIph', 'MOLCAS.3.JobIph']
['link', 'MOLCAS.1.JobIph', 'JOB001']
['rassi', 'dm', [4]]
['copy', 'MOLCAS.rassi.h5', 'MOLCAS.rassi.1.h5']
['link', 'MOLCAS.3.JobIph', 'JOB001']
['rassi', 'dm', [3]]
['copy', 'MOLCAS.rassi.h5', 'MOLCAS.rassi.3.h5']
['copy', '/project/lgagliardi/helenclifford/practice_rcc/sharc4/methaniminium/tutorial_reproduction/traj/Singlet_2/TRAJ_00007/restart/MOLCAS.1.JobIph.173', 'JOB001']
['link', 'MOLCAS.1.JobIph', 'JOB002']
['rassi', 'overlap', [4, 4]]
['copy', 'MOLCAS.rassi.h5', 'MOLCAS.rassi.ovlp.1.h5']
['copy', '/project/lgagliardi/helenclifford/practice_rcc/sharc4/methaniminium/tutorial_reproduction/traj/Singlet_2/TRAJ_00007/restart/MOLCAS.3.JobIph.173', 'JOB001']
['link', 'MOLCAS.3.JobIph', 'JOB002']
['rassi', 'overlap', [3, 3]]
['copy', 'MOLCAS.rassi.h5', 'MOLCAS.rassi.ovlp.3.h5']
['link', 'MOLCAS.1.JobIph', 'JOB001']
['link', 'MOLCAS.3.JobIph', 'JOB002']
['rassi', 'soc', [4, 3]]
['copy', '$master_path/MOLCAS.1.JobIph', 'JOBOLD']
['rasscf', 1, 4, True, False]
['mclr', 0.0001, 'sala=1']
['alaska']
All jobs finished:
job: master          code: 0    runtime: 0:00:18.346635
job: grad_1_1        code: 0    runtime: 0:00:07.668044

Starting job execution
['gateway']
['seward']
['copy', '/project/lgagliardi/helenclifford/practice_rcc/sharc4/methaniminium/tutorial_reproduction/traj/Singlet_2/TRAJ_00007/restart/MOLCAS.1.JobIph.174', 'JOBOLD']
['rasscf', 1, 4, True, False]
['copy', 'MOLCAS.rasscf.h5', 'MOLCAS.1.rasscf.h5']
['copy', 'MOLCAS.JobIph', 'MOLCAS.1.JobIph']
['copy', '/project/lgagliardi/helenclifford/practice_rcc/sharc4/methaniminium/tutorial_reproduction/traj/Singlet_2/TRAJ_00007/restart/MOLCAS.3.JobIph.174', 'JOBOLD']
['rasscf', 3, 3, True, False]
['copy', 'MOLCAS.rasscf.h5', 'MOLCAS.3.rasscf.h5']
['copy', 'MOLCAS.JobIph', 'MOLCAS.3.JobIph']
['link', 'MOLCAS.1.JobIph', 'JOB001']
['rassi', 'dm', [4]]
['copy', 'MOLCAS.rassi.h5', 'MOLCAS.rassi.1.h5']
['link', 'MOLCAS.3.JobIph', 'JOB001']
['rassi', 'dm', [3]]
['copy', 'MOLCAS.rassi.h5', 'MOLCAS.rassi.3.h5']
['copy', '/project/lgagliardi/helenclifford/practice_rcc/sharc4/methaniminium/tutorial_reproduction/traj/Singlet_2/TRAJ_00007/restart/MOLCAS.1.JobIph.174', 'JOB001']
['link', 'MOLCAS.1.JobIph', 'JOB002']
['rassi', 'overlap', [4, 4]]
['copy', 'MOLCAS.rassi.h5', 'MOLCAS.rassi.ovlp.1.h5']
['copy', '/project/lgagliardi/helenclifford/practice_rcc/sharc4/methaniminium/tutorial_reproduction/traj/Singlet_2/TRAJ_00007/restart/MOLCAS.3.JobIph.174', 'JOB001']
['link', 'MOLCAS.3.JobIph', 'JOB002']
['rassi', 'overlap', [3, 3]]
['copy', 'MOLCAS.rassi.h5', 'MOLCAS.rassi.ovlp.3.h5']
['link', 'MOLCAS.1.JobIph', 'JOB001']
['link', 'MOLCAS.3.JobIph', 'JOB002']
['rassi', 'soc', [4, 3]]
['copy', '$master_path/MOLCAS.1.JobIph', 'JOBOLD']
['rasscf', 1, 4, True, False]
['mclr', 0.0001, 'sala=1']
['alaska']
All jobs finished:
job: master          code: 0    runtime: 0:00:19.470838
job: grad_1_1        code: 0    runtime: 0:00:13.116038

Starting job execution
['gateway']
['seward']
['copy', '/project/lgagliardi/helenclifford/practice_rcc/sharc4/methaniminium/tutorial_reproduction/traj/Singlet_2/TRAJ_00007/restart/MOLCAS.1.JobIph.175', 'JOBOLD']
['rasscf', 1, 4, True, False]
['copy', 'MOLCAS.rasscf.h5', 'MOLCAS.1.rasscf.h5']
['copy', 'MOLCAS.JobIph', 'MOLCAS.1.JobIph']
['copy', '/project/lgagliardi/helenclifford/practice_rcc/sharc4/methaniminium/tutorial_reproduction/traj/Singlet_2/TRAJ_00007/restart/MOLCAS.3.JobIph.175', 'JOBOLD']
['rasscf', 3, 3, True, False]
['copy', 'MOLCAS.rasscf.h5', 'MOLCAS.3.rasscf.h5']
['copy', 'MOLCAS.JobIph', 'MOLCAS.3.JobIph']
['link', 'MOLCAS.1.JobIph', 'JOB001']
['rassi', 'dm', [4]]
['copy', 'MOLCAS.rassi.h5', 'MOLCAS.rassi.1.h5']
['link', 'MOLCAS.3.JobIph', 'JOB001']
['rassi', 'dm', [3]]
['copy', 'MOLCAS.rassi.h5', 'MOLCAS.rassi.3.h5']
['copy', '/project/lgagliardi/helenclifford/practice_rcc/sharc4/methaniminium/tutorial_reproduction/traj/Singlet_2/TRAJ_00007/restart/MOLCAS.1.JobIph.175', 'JOB001']
['link', 'MOLCAS.1.JobIph', 'JOB002']
['rassi', 'overlap', [4, 4]]
['copy', 'MOLCAS.rassi.h5', 'MOLCAS.rassi.ovlp.1.h5']
['copy', '/project/lgagliardi/helenclifford/practice_rcc/sharc4/methaniminium/tutorial_reproduction/traj/Singlet_2/TRAJ_00007/restart/MOLCAS.3.JobIph.175', 'JOB001']
['link', 'MOLCAS.3.JobIph', 'JOB002']
['rassi', 'overlap', [3, 3]]
['copy', 'MOLCAS.rassi.h5', 'MOLCAS.rassi.ovlp.3.h5']
['link', 'MOLCAS.1.JobIph', 'JOB001']
['link', 'MOLCAS.3.JobIph', 'JOB002']
['rassi', 'soc', [4, 3]]
['copy', '$master_path/MOLCAS.1.JobIph', 'JOBOLD']
['rasscf', 1, 4, True, False]
['mclr', 0.0001, 'sala=1']
['alaska']
All jobs finished:
job: master          code: 0    runtime: 0:00:21.330878
job: grad_1_1        code: 0    runtime: 0:00:07.988209

Starting job execution
['gateway']
['seward']
['copy', '/project/lgagliardi/helenclifford/practice_rcc/sharc4/methaniminium/tutorial_reproduction/traj/Singlet_2/TRAJ_00007/restart/MOLCAS.1.JobIph.176', 'JOBOLD']
['rasscf', 1, 4, True, False]
['copy', 'MOLCAS.rasscf.h5', 'MOLCAS.1.rasscf.h5']
['copy', 'MOLCAS.JobIph', 'MOLCAS.1.JobIph']
['copy', '/project/lgagliardi/helenclifford/practice_rcc/sharc4/methaniminium/tutorial_reproduction/traj/Singlet_2/TRAJ_00007/restart/MOLCAS.3.JobIph.176', 'JOBOLD']
['rasscf', 3, 3, True, False]
['copy', 'MOLCAS.rasscf.h5', 'MOLCAS.3.rasscf.h5']
['copy', 'MOLCAS.JobIph', 'MOLCAS.3.JobIph']
['link', 'MOLCAS.1.JobIph', 'JOB001']
['rassi', 'dm', [4]]
['copy', 'MOLCAS.rassi.h5', 'MOLCAS.rassi.1.h5']
['link', 'MOLCAS.3.JobIph', 'JOB001']
['rassi', 'dm', [3]]
['copy', 'MOLCAS.rassi.h5', 'MOLCAS.rassi.3.h5']
['copy', '/project/lgagliardi/helenclifford/practice_rcc/sharc4/methaniminium/tutorial_reproduction/traj/Singlet_2/TRAJ_00007/restart/MOLCAS.1.JobIph.176', 'JOB001']
['link', 'MOLCAS.1.JobIph', 'JOB002']
['rassi', 'overlap', [4, 4]]
['copy', 'MOLCAS.rassi.h5', 'MOLCAS.rassi.ovlp.1.h5']
['copy', '/project/lgagliardi/helenclifford/practice_rcc/sharc4/methaniminium/tutorial_reproduction/traj/Singlet_2/TRAJ_00007/restart/MOLCAS.3.JobIph.176', 'JOB001']
['link', 'MOLCAS.3.JobIph', 'JOB002']
['rassi', 'overlap', [3, 3]]
['copy', 'MOLCAS.rassi.h5', 'MOLCAS.rassi.ovlp.3.h5']
['link', 'MOLCAS.1.JobIph', 'JOB001']
['link', 'MOLCAS.3.JobIph', 'JOB002']
['rassi', 'soc', [4, 3]]
['copy', '$master_path/MOLCAS.1.JobIph', 'JOBOLD']
['rasscf', 1, 4, True, False]
['mclr', 0.0001, 'sala=1']
['alaska']
All jobs finished:
job: master          code: 0    runtime: 0:00:18.583242
job: grad_1_1        code: 0    runtime: 0:00:08.124047

Starting job execution
['gateway']
['seward']
['copy', '/project/lgagliardi/helenclifford/practice_rcc/sharc4/methaniminium/tutorial_reproduction/traj/Singlet_2/TRAJ_00007/restart/MOLCAS.1.JobIph.177', 'JOBOLD']
['rasscf', 1, 4, True, False]
['copy', 'MOLCAS.rasscf.h5', 'MOLCAS.1.rasscf.h5']
['copy', 'MOLCAS.JobIph', 'MOLCAS.1.JobIph']
['copy', '/project/lgagliardi/helenclifford/practice_rcc/sharc4/methaniminium/tutorial_reproduction/traj/Singlet_2/TRAJ_00007/restart/MOLCAS.3.JobIph.177', 'JOBOLD']
['rasscf', 3, 3, True, False]
['copy', 'MOLCAS.rasscf.h5', 'MOLCAS.3.rasscf.h5']
['copy', 'MOLCAS.JobIph', 'MOLCAS.3.JobIph']
['link', 'MOLCAS.1.JobIph', 'JOB001']
['rassi', 'dm', [4]]
['copy', 'MOLCAS.rassi.h5', 'MOLCAS.rassi.1.h5']
['link', 'MOLCAS.3.JobIph', 'JOB001']
['rassi', 'dm', [3]]
['copy', 'MOLCAS.rassi.h5', 'MOLCAS.rassi.3.h5']
['copy', '/project/lgagliardi/helenclifford/practice_rcc/sharc4/methaniminium/tutorial_reproduction/traj/Singlet_2/TRAJ_00007/restart/MOLCAS.1.JobIph.177', 'JOB001']
['link', 'MOLCAS.1.JobIph', 'JOB002']
['rassi', 'overlap', [4, 4]]
['copy', 'MOLCAS.rassi.h5', 'MOLCAS.rassi.ovlp.1.h5']
['copy', '/project/lgagliardi/helenclifford/practice_rcc/sharc4/methaniminium/tutorial_reproduction/traj/Singlet_2/TRAJ_00007/restart/MOLCAS.3.JobIph.177', 'JOB001']
['link', 'MOLCAS.3.JobIph', 'JOB002']
['rassi', 'overlap', [3, 3]]
['copy', 'MOLCAS.rassi.h5', 'MOLCAS.rassi.ovlp.3.h5']
['link', 'MOLCAS.1.JobIph', 'JOB001']
['link', 'MOLCAS.3.JobIph', 'JOB002']
['rassi', 'soc', [4, 3]]
['copy', '$master_path/MOLCAS.1.JobIph', 'JOBOLD']
['rasscf', 1, 4, True, False]
['mclr', 0.0001, 'sala=1']
['alaska']
All jobs finished:
job: master          code: 0    runtime: 0:00:21.859155
job: grad_1_1        code: 0    runtime: 0:00:11.685326

Starting job execution
['gateway']
['seward']
['copy', '/project/lgagliardi/helenclifford/practice_rcc/sharc4/methaniminium/tutorial_reproduction/traj/Singlet_2/TRAJ_00007/restart/MOLCAS.1.JobIph.178', 'JOBOLD']
['rasscf', 1, 4, True, False]
['copy', 'MOLCAS.rasscf.h5', 'MOLCAS.1.rasscf.h5']
['copy', 'MOLCAS.JobIph', 'MOLCAS.1.JobIph']
['copy', '/project/lgagliardi/helenclifford/practice_rcc/sharc4/methaniminium/tutorial_reproduction/traj/Singlet_2/TRAJ_00007/restart/MOLCAS.3.JobIph.178', 'JOBOLD']
['rasscf', 3, 3, True, False]
['copy', 'MOLCAS.rasscf.h5', 'MOLCAS.3.rasscf.h5']
['copy', 'MOLCAS.JobIph', 'MOLCAS.3.JobIph']
['link', 'MOLCAS.1.JobIph', 'JOB001']
['rassi', 'dm', [4]]
['copy', 'MOLCAS.rassi.h5', 'MOLCAS.rassi.1.h5']
['link', 'MOLCAS.3.JobIph', 'JOB001']
['rassi', 'dm', [3]]
['copy', 'MOLCAS.rassi.h5', 'MOLCAS.rassi.3.h5']
['copy', '/project/lgagliardi/helenclifford/practice_rcc/sharc4/methaniminium/tutorial_reproduction/traj/Singlet_2/TRAJ_00007/restart/MOLCAS.1.JobIph.178', 'JOB001']
['link', 'MOLCAS.1.JobIph', 'JOB002']
['rassi', 'overlap', [4, 4]]
['copy', 'MOLCAS.rassi.h5', 'MOLCAS.rassi.ovlp.1.h5']
['copy', '/project/lgagliardi/helenclifford/practice_rcc/sharc4/methaniminium/tutorial_reproduction/traj/Singlet_2/TRAJ_00007/restart/MOLCAS.3.JobIph.178', 'JOB001']
['link', 'MOLCAS.3.JobIph', 'JOB002']
['rassi', 'overlap', [3, 3]]
['copy', 'MOLCAS.rassi.h5', 'MOLCAS.rassi.ovlp.3.h5']
['link', 'MOLCAS.1.JobIph', 'JOB001']
['link', 'MOLCAS.3.JobIph', 'JOB002']
['rassi', 'soc', [4, 3]]
['copy', '$master_path/MOLCAS.1.JobIph', 'JOBOLD']
['rasscf', 1, 4, True, False]
['mclr', 0.0001, 'sala=1']
['alaska']
All jobs finished:
job: master          code: 0    runtime: 0:00:22.729597
job: grad_1_1        code: 0    runtime: 0:00:08.433253

Starting job execution
['gateway']
['seward']
['copy', '/project/lgagliardi/helenclifford/practice_rcc/sharc4/methaniminium/tutorial_reproduction/traj/Singlet_2/TRAJ_00007/restart/MOLCAS.1.JobIph.179', 'JOBOLD']
['rasscf', 1, 4, True, False]
['copy', 'MOLCAS.rasscf.h5', 'MOLCAS.1.rasscf.h5']
['copy', 'MOLCAS.JobIph', 'MOLCAS.1.JobIph']
['copy', '/project/lgagliardi/helenclifford/practice_rcc/sharc4/methaniminium/tutorial_reproduction/traj/Singlet_2/TRAJ_00007/restart/MOLCAS.3.JobIph.179', 'JOBOLD']
['rasscf', 3, 3, True, False]
['copy', 'MOLCAS.rasscf.h5', 'MOLCAS.3.rasscf.h5']
['copy', 'MOLCAS.JobIph', 'MOLCAS.3.JobIph']
['link', 'MOLCAS.1.JobIph', 'JOB001']
['rassi', 'dm', [4]]
['copy', 'MOLCAS.rassi.h5', 'MOLCAS.rassi.1.h5']
['link', 'MOLCAS.3.JobIph', 'JOB001']
['rassi', 'dm', [3]]
['copy', 'MOLCAS.rassi.h5', 'MOLCAS.rassi.3.h5']
['copy', '/project/lgagliardi/helenclifford/practice_rcc/sharc4/methaniminium/tutorial_reproduction/traj/Singlet_2/TRAJ_00007/restart/MOLCAS.1.JobIph.179', 'JOB001']
['link', 'MOLCAS.1.JobIph', 'JOB002']
['rassi', 'overlap', [4, 4]]
['copy', 'MOLCAS.rassi.h5', 'MOLCAS.rassi.ovlp.1.h5']
['copy', '/project/lgagliardi/helenclifford/practice_rcc/sharc4/methaniminium/tutorial_reproduction/traj/Singlet_2/TRAJ_00007/restart/MOLCAS.3.JobIph.179', 'JOB001']
['link', 'MOLCAS.3.JobIph', 'JOB002']
['rassi', 'overlap', [3, 3]]
['copy', 'MOLCAS.rassi.h5', 'MOLCAS.rassi.ovlp.3.h5']
['link', 'MOLCAS.1.JobIph', 'JOB001']
['link', 'MOLCAS.3.JobIph', 'JOB002']
['rassi', 'soc', [4, 3]]
['copy', '$master_path/MOLCAS.1.JobIph', 'JOBOLD']
['rasscf', 1, 4, True, False]
['mclr', 0.0001, 'sala=1']
['alaska']
All jobs finished:
job: master          code: 0    runtime: 0:00:18.526903
job: grad_1_1        code: 0    runtime: 0:00:06.253180

Starting job execution
['gateway']
['seward']
['copy', '/project/lgagliardi/helenclifford/practice_rcc/sharc4/methaniminium/tutorial_reproduction/traj/Singlet_2/TRAJ_00007/restart/MOLCAS.1.JobIph.180', 'JOBOLD']
['rasscf', 1, 4, True, False]
['copy', 'MOLCAS.rasscf.h5', 'MOLCAS.1.rasscf.h5']
['copy', 'MOLCAS.JobIph', 'MOLCAS.1.JobIph']
['copy', '/project/lgagliardi/helenclifford/practice_rcc/sharc4/methaniminium/tutorial_reproduction/traj/Singlet_2/TRAJ_00007/restart/MOLCAS.3.JobIph.180', 'JOBOLD']
['rasscf', 3, 3, True, False]
['copy', 'MOLCAS.rasscf.h5', 'MOLCAS.3.rasscf.h5']
['copy', 'MOLCAS.JobIph', 'MOLCAS.3.JobIph']
['link', 'MOLCAS.1.JobIph', 'JOB001']
['rassi', 'dm', [4]]
['copy', 'MOLCAS.rassi.h5', 'MOLCAS.rassi.1.h5']
['link', 'MOLCAS.3.JobIph', 'JOB001']
['rassi', 'dm', [3]]
['copy', 'MOLCAS.rassi.h5', 'MOLCAS.rassi.3.h5']
['copy', '/project/lgagliardi/helenclifford/practice_rcc/sharc4/methaniminium/tutorial_reproduction/traj/Singlet_2/TRAJ_00007/restart/MOLCAS.1.JobIph.180', 'JOB001']
['link', 'MOLCAS.1.JobIph', 'JOB002']
['rassi', 'overlap', [4, 4]]
['copy', 'MOLCAS.rassi.h5', 'MOLCAS.rassi.ovlp.1.h5']
['copy', '/project/lgagliardi/helenclifford/practice_rcc/sharc4/methaniminium/tutorial_reproduction/traj/Singlet_2/TRAJ_00007/restart/MOLCAS.3.JobIph.180', 'JOB001']
['link', 'MOLCAS.3.JobIph', 'JOB002']
['rassi', 'overlap', [3, 3]]
['copy', 'MOLCAS.rassi.h5', 'MOLCAS.rassi.ovlp.3.h5']
['link', 'MOLCAS.1.JobIph', 'JOB001']
['link', 'MOLCAS.3.JobIph', 'JOB002']
['rassi', 'soc', [4, 3]]
['copy', '$master_path/MOLCAS.1.JobIph', 'JOBOLD']
['rasscf', 1, 4, True, False]
['mclr', 0.0001, 'sala=1']
['alaska']
All jobs finished:
job: master          code: 0    runtime: 0:00:16.295195
job: grad_1_1        code: 0    runtime: 0:00:09.205275

Starting job execution
['gateway']
['seward']
['copy', '/project/lgagliardi/helenclifford/practice_rcc/sharc4/methaniminium/tutorial_reproduction/traj/Singlet_2/TRAJ_00007/restart/MOLCAS.1.JobIph.181', 'JOBOLD']
['rasscf', 1, 4, True, False]
['copy', 'MOLCAS.rasscf.h5', 'MOLCAS.1.rasscf.h5']
['copy', 'MOLCAS.JobIph', 'MOLCAS.1.JobIph']
['copy', '/project/lgagliardi/helenclifford/practice_rcc/sharc4/methaniminium/tutorial_reproduction/traj/Singlet_2/TRAJ_00007/restart/MOLCAS.3.JobIph.181', 'JOBOLD']
['rasscf', 3, 3, True, False]
['copy', 'MOLCAS.rasscf.h5', 'MOLCAS.3.rasscf.h5']
['copy', 'MOLCAS.JobIph', 'MOLCAS.3.JobIph']
['link', 'MOLCAS.1.JobIph', 'JOB001']
['rassi', 'dm', [4]]
['copy', 'MOLCAS.rassi.h5', 'MOLCAS.rassi.1.h5']
['link', 'MOLCAS.3.JobIph', 'JOB001']
['rassi', 'dm', [3]]
['copy', 'MOLCAS.rassi.h5', 'MOLCAS.rassi.3.h5']
['copy', '/project/lgagliardi/helenclifford/practice_rcc/sharc4/methaniminium/tutorial_reproduction/traj/Singlet_2/TRAJ_00007/restart/MOLCAS.1.JobIph.181', 'JOB001']
['link', 'MOLCAS.1.JobIph', 'JOB002']
['rassi', 'overlap', [4, 4]]
['copy', 'MOLCAS.rassi.h5', 'MOLCAS.rassi.ovlp.1.h5']
['copy', '/project/lgagliardi/helenclifford/practice_rcc/sharc4/methaniminium/tutorial_reproduction/traj/Singlet_2/TRAJ_00007/restart/MOLCAS.3.JobIph.181', 'JOB001']
['link', 'MOLCAS.3.JobIph', 'JOB002']
['rassi', 'overlap', [3, 3]]
['copy', 'MOLCAS.rassi.h5', 'MOLCAS.rassi.ovlp.3.h5']
['link', 'MOLCAS.1.JobIph', 'JOB001']
['link', 'MOLCAS.3.JobIph', 'JOB002']
['rassi', 'soc', [4, 3]]
['copy', '$master_path/MOLCAS.1.JobIph', 'JOBOLD']
['rasscf', 1, 4, True, False]
['mclr', 0.0001, 'sala=1']
['alaska']
All jobs finished:
job: master          code: 0    runtime: 0:00:21.726476
job: grad_1_1        code: 0    runtime: 0:00:07.321528

Starting job execution
['gateway']
['seward']
['copy', '/project/lgagliardi/helenclifford/practice_rcc/sharc4/methaniminium/tutorial_reproduction/traj/Singlet_2/TRAJ_00007/restart/MOLCAS.1.JobIph.182', 'JOBOLD']
['rasscf', 1, 4, True, False]
['copy', 'MOLCAS.rasscf.h5', 'MOLCAS.1.rasscf.h5']
['copy', 'MOLCAS.JobIph', 'MOLCAS.1.JobIph']
['copy', '/project/lgagliardi/helenclifford/practice_rcc/sharc4/methaniminium/tutorial_reproduction/traj/Singlet_2/TRAJ_00007/restart/MOLCAS.3.JobIph.182', 'JOBOLD']
['rasscf', 3, 3, True, False]
['copy', 'MOLCAS.rasscf.h5', 'MOLCAS.3.rasscf.h5']
['copy', 'MOLCAS.JobIph', 'MOLCAS.3.JobIph']
['link', 'MOLCAS.1.JobIph', 'JOB001']
['rassi', 'dm', [4]]
['copy', 'MOLCAS.rassi.h5', 'MOLCAS.rassi.1.h5']
['link', 'MOLCAS.3.JobIph', 'JOB001']
['rassi', 'dm', [3]]
['copy', 'MOLCAS.rassi.h5', 'MOLCAS.rassi.3.h5']
['copy', '/project/lgagliardi/helenclifford/practice_rcc/sharc4/methaniminium/tutorial_reproduction/traj/Singlet_2/TRAJ_00007/restart/MOLCAS.1.JobIph.182', 'JOB001']
['link', 'MOLCAS.1.JobIph', 'JOB002']
['rassi', 'overlap', [4, 4]]
['copy', 'MOLCAS.rassi.h5', 'MOLCAS.rassi.ovlp.1.h5']
['copy', '/project/lgagliardi/helenclifford/practice_rcc/sharc4/methaniminium/tutorial_reproduction/traj/Singlet_2/TRAJ_00007/restart/MOLCAS.3.JobIph.182', 'JOB001']
['link', 'MOLCAS.3.JobIph', 'JOB002']
['rassi', 'overlap', [3, 3]]
['copy', 'MOLCAS.rassi.h5', 'MOLCAS.rassi.ovlp.3.h5']
['link', 'MOLCAS.1.JobIph', 'JOB001']
['link', 'MOLCAS.3.JobIph', 'JOB002']
['rassi', 'soc', [4, 3]]
['copy', '$master_path/MOLCAS.1.JobIph', 'JOBOLD']
['rasscf', 1, 4, True, False]
['mclr', 0.0001, 'sala=1']
['alaska']
All jobs finished:
job: master          code: 0    runtime: 0:00:16.856913
job: grad_1_1        code: 0    runtime: 0:00:11.016219

Starting job execution
['gateway']
['seward']
['copy', '/project/lgagliardi/helenclifford/practice_rcc/sharc4/methaniminium/tutorial_reproduction/traj/Singlet_2/TRAJ_00007/restart/MOLCAS.1.JobIph.183', 'JOBOLD']
['rasscf', 1, 4, True, False]
['copy', 'MOLCAS.rasscf.h5', 'MOLCAS.1.rasscf.h5']
['copy', 'MOLCAS.JobIph', 'MOLCAS.1.JobIph']
['copy', '/project/lgagliardi/helenclifford/practice_rcc/sharc4/methaniminium/tutorial_reproduction/traj/Singlet_2/TRAJ_00007/restart/MOLCAS.3.JobIph.183', 'JOBOLD']
['rasscf', 3, 3, True, False]
['copy', 'MOLCAS.rasscf.h5', 'MOLCAS.3.rasscf.h5']
['copy', 'MOLCAS.JobIph', 'MOLCAS.3.JobIph']
['link', 'MOLCAS.1.JobIph', 'JOB001']
['rassi', 'dm', [4]]
['copy', 'MOLCAS.rassi.h5', 'MOLCAS.rassi.1.h5']
['link', 'MOLCAS.3.JobIph', 'JOB001']
['rassi', 'dm', [3]]
['copy', 'MOLCAS.rassi.h5', 'MOLCAS.rassi.3.h5']
['copy', '/project/lgagliardi/helenclifford/practice_rcc/sharc4/methaniminium/tutorial_reproduction/traj/Singlet_2/TRAJ_00007/restart/MOLCAS.1.JobIph.182', 'JOB001']
['link', 'MOLCAS.1.JobIph', 'JOB002']
['rassi', 'overlap', [4, 4]]
['copy', 'MOLCAS.rassi.h5', 'MOLCAS.rassi.ovlp.1.h5']
['copy', '/project/lgagliardi/helenclifford/practice_rcc/sharc4/methaniminium/tutorial_reproduction/traj/Singlet_2/TRAJ_00007/restart/MOLCAS.3.JobIph.182', 'JOB001']
['link', 'MOLCAS.3.JobIph', 'JOB002']
['rassi', 'overlap', [3, 3]]
['copy', 'MOLCAS.rassi.h5', 'MOLCAS.rassi.ovlp.3.h5']
['link', 'MOLCAS.1.JobIph', 'JOB001']
['link', 'MOLCAS.3.JobIph', 'JOB002']
['rassi', 'soc', [4, 3]]
['copy', '$master_path/MOLCAS.3.JobIph', 'JOBOLD']
['rasscf', 3, 3, True, False]
['mclr', 0.0001, 'sala=1']
['alaska']
['copy', '$master_path/MOLCAS.1.JobIph', 'JOBOLD']
['rasscf', 1, 4, True, False]
['mclr', 0.0001, 'sala=1']
['alaska']
All jobs finished:
job: master          code: 0    runtime: 0:00:18.488276
job: grad_3_1        code: 0    runtime: 0:00:07.885610
job: grad_1_1        code: 0    runtime: 0:00:08.589652

Starting job execution
['gateway']
['seward']
['copy', '/project/lgagliardi/helenclifford/practice_rcc/sharc4/methaniminium/tutorial_reproduction/traj/Singlet_2/TRAJ_00007/restart/MOLCAS.1.JobIph.183', 'JOBOLD']
['rasscf', 1, 4, True, False]
['copy', 'MOLCAS.rasscf.h5', 'MOLCAS.1.rasscf.h5']
['copy', 'MOLCAS.JobIph', 'MOLCAS.1.JobIph']
['copy', '/project/lgagliardi/helenclifford/practice_rcc/sharc4/methaniminium/tutorial_reproduction/traj/Singlet_2/TRAJ_00007/restart/MOLCAS.3.JobIph.183', 'JOBOLD']
['rasscf', 3, 3, True, False]
['copy', 'MOLCAS.rasscf.h5', 'MOLCAS.3.rasscf.h5']
['copy', 'MOLCAS.JobIph', 'MOLCAS.3.JobIph']
['link', 'MOLCAS.1.JobIph', 'JOB001']
['rassi', 'dm', [4]]
['copy', 'MOLCAS.rassi.h5', 'MOLCAS.rassi.1.h5']
['link', 'MOLCAS.3.JobIph', 'JOB001']
['rassi', 'dm', [3]]
['copy', 'MOLCAS.rassi.h5', 'MOLCAS.rassi.3.h5']
['copy', '/project/lgagliardi/helenclifford/practice_rcc/sharc4/methaniminium/tutorial_reproduction/traj/Singlet_2/TRAJ_00007/restart/MOLCAS.1.JobIph.183', 'JOB001']
['link', 'MOLCAS.1.JobIph', 'JOB002']
['rassi', 'overlap', [4, 4]]
['copy', 'MOLCAS.rassi.h5', 'MOLCAS.rassi.ovlp.1.h5']
['copy', '/project/lgagliardi/helenclifford/practice_rcc/sharc4/methaniminium/tutorial_reproduction/traj/Singlet_2/TRAJ_00007/restart/MOLCAS.3.JobIph.183', 'JOB001']
['link', 'MOLCAS.3.JobIph', 'JOB002']
['rassi', 'overlap', [3, 3]]
['copy', 'MOLCAS.rassi.h5', 'MOLCAS.rassi.ovlp.3.h5']
['link', 'MOLCAS.1.JobIph', 'JOB001']
['link', 'MOLCAS.3.JobIph', 'JOB002']
['rassi', 'soc', [4, 3]]
['copy', '$master_path/MOLCAS.3.JobIph', 'JOBOLD']
['rasscf', 3, 3, True, False]
['mclr', 0.0001, 'sala=1']
['alaska']
['copy', '$master_path/MOLCAS.1.JobIph', 'JOBOLD']
['rasscf', 1, 4, True, False]
['mclr', 0.0001, 'sala=1']
['alaska']
All jobs finished:
job: master          code: 0    runtime: 0:00:20.496734
job: grad_3_1        code: 0    runtime: 0:00:02.610414
job: grad_1_1        code: 0    runtime: 0:00:16.820980

Starting job execution
['gateway']
['seward']
['copy', '/project/lgagliardi/helenclifford/practice_rcc/sharc4/methaniminium/tutorial_reproduction/traj/Singlet_2/TRAJ_00007/restart/MOLCAS.1.JobIph.184', 'JOBOLD']
['rasscf', 1, 4, True, False]
['copy', 'MOLCAS.rasscf.h5', 'MOLCAS.1.rasscf.h5']
['copy', 'MOLCAS.JobIph', 'MOLCAS.1.JobIph']
['copy', '/project/lgagliardi/helenclifford/practice_rcc/sharc4/methaniminium/tutorial_reproduction/traj/Singlet_2/TRAJ_00007/restart/MOLCAS.3.JobIph.184', 'JOBOLD']
['rasscf', 3, 3, True, False]
['copy', 'MOLCAS.rasscf.h5', 'MOLCAS.3.rasscf.h5']
['copy', 'MOLCAS.JobIph', 'MOLCAS.3.JobIph']
['link', 'MOLCAS.1.JobIph', 'JOB001']
['rassi', 'dm', [4]]
['copy', 'MOLCAS.rassi.h5', 'MOLCAS.rassi.1.h5']
['link', 'MOLCAS.3.JobIph', 'JOB001']
['rassi', 'dm', [3]]
['copy', 'MOLCAS.rassi.h5', 'MOLCAS.rassi.3.h5']
['copy', '/project/lgagliardi/helenclifford/practice_rcc/sharc4/methaniminium/tutorial_reproduction/traj/Singlet_2/TRAJ_00007/restart/MOLCAS.1.JobIph.184', 'JOB001']
['link', 'MOLCAS.1.JobIph', 'JOB002']
['rassi', 'overlap', [4, 4]]
['copy', 'MOLCAS.rassi.h5', 'MOLCAS.rassi.ovlp.1.h5']
['copy', '/project/lgagliardi/helenclifford/practice_rcc/sharc4/methaniminium/tutorial_reproduction/traj/Singlet_2/TRAJ_00007/restart/MOLCAS.3.JobIph.184', 'JOB001']
['link', 'MOLCAS.3.JobIph', 'JOB002']
['rassi', 'overlap', [3, 3]]
['copy', 'MOLCAS.rassi.h5', 'MOLCAS.rassi.ovlp.3.h5']
['link', 'MOLCAS.1.JobIph', 'JOB001']
['link', 'MOLCAS.3.JobIph', 'JOB002']
['rassi', 'soc', [4, 3]]
['copy', '$master_path/MOLCAS.1.JobIph', 'JOBOLD']
['rasscf', 1, 4, True, False]
['mclr', 0.0001, 'sala=1']
['alaska']
All jobs finished:
job: master          code: 0    runtime: 0:00:21.795083
job: grad_1_1        code: 0    runtime: 0:00:09.979596

Starting job execution
['gateway']
['seward']
['copy', '/project/lgagliardi/helenclifford/practice_rcc/sharc4/methaniminium/tutorial_reproduction/traj/Singlet_2/TRAJ_00007/restart/MOLCAS.1.JobIph.185', 'JOBOLD']
['rasscf', 1, 4, True, False]
['copy', 'MOLCAS.rasscf.h5', 'MOLCAS.1.rasscf.h5']
['copy', 'MOLCAS.JobIph', 'MOLCAS.1.JobIph']
['copy', '/project/lgagliardi/helenclifford/practice_rcc/sharc4/methaniminium/tutorial_reproduction/traj/Singlet_2/TRAJ_00007/restart/MOLCAS.3.JobIph.185', 'JOBOLD']
['rasscf', 3, 3, True, False]
['copy', 'MOLCAS.rasscf.h5', 'MOLCAS.3.rasscf.h5']
['copy', 'MOLCAS.JobIph', 'MOLCAS.3.JobIph']
['link', 'MOLCAS.1.JobIph', 'JOB001']
['rassi', 'dm', [4]]
['copy', 'MOLCAS.rassi.h5', 'MOLCAS.rassi.1.h5']
['link', 'MOLCAS.3.JobIph', 'JOB001']
['rassi', 'dm', [3]]
['copy', 'MOLCAS.rassi.h5', 'MOLCAS.rassi.3.h5']
['copy', '/project/lgagliardi/helenclifford/practice_rcc/sharc4/methaniminium/tutorial_reproduction/traj/Singlet_2/TRAJ_00007/restart/MOLCAS.1.JobIph.185', 'JOB001']
['link', 'MOLCAS.1.JobIph', 'JOB002']
['rassi', 'overlap', [4, 4]]
['copy', 'MOLCAS.rassi.h5', 'MOLCAS.rassi.ovlp.1.h5']
['copy', '/project/lgagliardi/helenclifford/practice_rcc/sharc4/methaniminium/tutorial_reproduction/traj/Singlet_2/TRAJ_00007/restart/MOLCAS.3.JobIph.185', 'JOB001']
['link', 'MOLCAS.3.JobIph', 'JOB002']
['rassi', 'overlap', [3, 3]]
['copy', 'MOLCAS.rassi.h5', 'MOLCAS.rassi.ovlp.3.h5']
['link', 'MOLCAS.1.JobIph', 'JOB001']
['link', 'MOLCAS.3.JobIph', 'JOB002']
['rassi', 'soc', [4, 3]]
['copy', '$master_path/MOLCAS.1.JobIph', 'JOBOLD']
['rasscf', 1, 4, True, False]
['mclr', 0.0001, 'sala=1']
['alaska']
All jobs finished:
job: master          code: 0    runtime: 0:00:20.975203
job: grad_1_1        code: 0    runtime: 0:00:02.612983

Starting job execution
['gateway']
['seward']
['copy', '/project/lgagliardi/helenclifford/practice_rcc/sharc4/methaniminium/tutorial_reproduction/traj/Singlet_2/TRAJ_00007/restart/MOLCAS.1.JobIph.186', 'JOBOLD']
['rasscf', 1, 4, True, False]
['copy', 'MOLCAS.rasscf.h5', 'MOLCAS.1.rasscf.h5']
['copy', 'MOLCAS.JobIph', 'MOLCAS.1.JobIph']
['copy', '/project/lgagliardi/helenclifford/practice_rcc/sharc4/methaniminium/tutorial_reproduction/traj/Singlet_2/TRAJ_00007/restart/MOLCAS.3.JobIph.186', 'JOBOLD']
['rasscf', 3, 3, True, False]
['copy', 'MOLCAS.rasscf.h5', 'MOLCAS.3.rasscf.h5']
['copy', 'MOLCAS.JobIph', 'MOLCAS.3.JobIph']
['link', 'MOLCAS.1.JobIph', 'JOB001']
['rassi', 'dm', [4]]
['copy', 'MOLCAS.rassi.h5', 'MOLCAS.rassi.1.h5']
['link', 'MOLCAS.3.JobIph', 'JOB001']
['rassi', 'dm', [3]]
['copy', 'MOLCAS.rassi.h5', 'MOLCAS.rassi.3.h5']
['copy', '/project/lgagliardi/helenclifford/practice_rcc/sharc4/methaniminium/tutorial_reproduction/traj/Singlet_2/TRAJ_00007/restart/MOLCAS.1.JobIph.186', 'JOB001']
['link', 'MOLCAS.1.JobIph', 'JOB002']
['rassi', 'overlap', [4, 4]]
['copy', 'MOLCAS.rassi.h5', 'MOLCAS.rassi.ovlp.1.h5']
['copy', '/project/lgagliardi/helenclifford/practice_rcc/sharc4/methaniminium/tutorial_reproduction/traj/Singlet_2/TRAJ_00007/restart/MOLCAS.3.JobIph.186', 'JOB001']
['link', 'MOLCAS.3.JobIph', 'JOB002']
['rassi', 'overlap', [3, 3]]
['copy', 'MOLCAS.rassi.h5', 'MOLCAS.rassi.ovlp.3.h5']
['link', 'MOLCAS.1.JobIph', 'JOB001']
['link', 'MOLCAS.3.JobIph', 'JOB002']
['rassi', 'soc', [4, 3]]
['copy', '$master_path/MOLCAS.1.JobIph', 'JOBOLD']
['rasscf', 1, 4, True, False]
['mclr', 0.0001, 'sala=1']
['alaska']
All jobs finished:
job: master          code: 0    runtime: 0:00:23.728763
job: grad_1_1        code: 0    runtime: 0:00:13.074800

Starting job execution
['gateway']
['seward']
['copy', '/project/lgagliardi/helenclifford/practice_rcc/sharc4/methaniminium/tutorial_reproduction/traj/Singlet_2/TRAJ_00007/restart/MOLCAS.1.JobIph.187', 'JOBOLD']
['rasscf', 1, 4, True, False]
['copy', 'MOLCAS.rasscf.h5', 'MOLCAS.1.rasscf.h5']
['copy', 'MOLCAS.JobIph', 'MOLCAS.1.JobIph']
['copy', '/project/lgagliardi/helenclifford/practice_rcc/sharc4/methaniminium/tutorial_reproduction/traj/Singlet_2/TRAJ_00007/restart/MOLCAS.3.JobIph.187', 'JOBOLD']
['rasscf', 3, 3, True, False]
['copy', 'MOLCAS.rasscf.h5', 'MOLCAS.3.rasscf.h5']
['copy', 'MOLCAS.JobIph', 'MOLCAS.3.JobIph']
['link', 'MOLCAS.1.JobIph', 'JOB001']
['rassi', 'dm', [4]]
['copy', 'MOLCAS.rassi.h5', 'MOLCAS.rassi.1.h5']
['link', 'MOLCAS.3.JobIph', 'JOB001']
['rassi', 'dm', [3]]
['copy', 'MOLCAS.rassi.h5', 'MOLCAS.rassi.3.h5']
['copy', '/project/lgagliardi/helenclifford/practice_rcc/sharc4/methaniminium/tutorial_reproduction/traj/Singlet_2/TRAJ_00007/restart/MOLCAS.1.JobIph.187', 'JOB001']
['link', 'MOLCAS.1.JobIph', 'JOB002']
['rassi', 'overlap', [4, 4]]
['copy', 'MOLCAS.rassi.h5', 'MOLCAS.rassi.ovlp.1.h5']
['copy', '/project/lgagliardi/helenclifford/practice_rcc/sharc4/methaniminium/tutorial_reproduction/traj/Singlet_2/TRAJ_00007/restart/MOLCAS.3.JobIph.187', 'JOB001']
['link', 'MOLCAS.3.JobIph', 'JOB002']
['rassi', 'overlap', [3, 3]]
['copy', 'MOLCAS.rassi.h5', 'MOLCAS.rassi.ovlp.3.h5']
['link', 'MOLCAS.1.JobIph', 'JOB001']
['link', 'MOLCAS.3.JobIph', 'JOB002']
['rassi', 'soc', [4, 3]]
['copy', '$master_path/MOLCAS.1.JobIph', 'JOBOLD']
['rasscf', 1, 4, True, False]
['mclr', 0.0001, 'sala=1']
['alaska']
All jobs finished:
job: master          code: 0    runtime: 0:00:13.941217
job: grad_1_1        code: 0    runtime: 0:00:07.614872

Starting job execution
['gateway']
['seward']
['copy', '/project/lgagliardi/helenclifford/practice_rcc/sharc4/methaniminium/tutorial_reproduction/traj/Singlet_2/TRAJ_00007/restart/MOLCAS.1.JobIph.188', 'JOBOLD']
['rasscf', 1, 4, True, False]
['copy', 'MOLCAS.rasscf.h5', 'MOLCAS.1.rasscf.h5']
['copy', 'MOLCAS.JobIph', 'MOLCAS.1.JobIph']
['copy', '/project/lgagliardi/helenclifford/practice_rcc/sharc4/methaniminium/tutorial_reproduction/traj/Singlet_2/TRAJ_00007/restart/MOLCAS.3.JobIph.188', 'JOBOLD']
['rasscf', 3, 3, True, False]
['copy', 'MOLCAS.rasscf.h5', 'MOLCAS.3.rasscf.h5']
['copy', 'MOLCAS.JobIph', 'MOLCAS.3.JobIph']
['link', 'MOLCAS.1.JobIph', 'JOB001']
['rassi', 'dm', [4]]
['copy', 'MOLCAS.rassi.h5', 'MOLCAS.rassi.1.h5']
['link', 'MOLCAS.3.JobIph', 'JOB001']
['rassi', 'dm', [3]]
['copy', 'MOLCAS.rassi.h5', 'MOLCAS.rassi.3.h5']
['copy', '/project/lgagliardi/helenclifford/practice_rcc/sharc4/methaniminium/tutorial_reproduction/traj/Singlet_2/TRAJ_00007/restart/MOLCAS.1.JobIph.188', 'JOB001']
['link', 'MOLCAS.1.JobIph', 'JOB002']
['rassi', 'overlap', [4, 4]]
['copy', 'MOLCAS.rassi.h5', 'MOLCAS.rassi.ovlp.1.h5']
['copy', '/project/lgagliardi/helenclifford/practice_rcc/sharc4/methaniminium/tutorial_reproduction/traj/Singlet_2/TRAJ_00007/restart/MOLCAS.3.JobIph.188', 'JOB001']
['link', 'MOLCAS.3.JobIph', 'JOB002']
['rassi', 'overlap', [3, 3]]
['copy', 'MOLCAS.rassi.h5', 'MOLCAS.rassi.ovlp.3.h5']
['link', 'MOLCAS.1.JobIph', 'JOB001']
['link', 'MOLCAS.3.JobIph', 'JOB002']
['rassi', 'soc', [4, 3]]
['copy', '$master_path/MOLCAS.1.JobIph', 'JOBOLD']
['rasscf', 1, 4, True, False]
['mclr', 0.0001, 'sala=1']
['alaska']
All jobs finished:
job: master          code: 0    runtime: 0:00:16.125723
job: grad_1_1        code: 0    runtime: 0:00:10.062741

Starting job execution
['gateway']
['seward']
['copy', '/project/lgagliardi/helenclifford/practice_rcc/sharc4/methaniminium/tutorial_reproduction/traj/Singlet_2/TRAJ_00007/restart/MOLCAS.1.JobIph.189', 'JOBOLD']
['rasscf', 1, 4, True, False]
['copy', 'MOLCAS.rasscf.h5', 'MOLCAS.1.rasscf.h5']
['copy', 'MOLCAS.JobIph', 'MOLCAS.1.JobIph']
['copy', '/project/lgagliardi/helenclifford/practice_rcc/sharc4/methaniminium/tutorial_reproduction/traj/Singlet_2/TRAJ_00007/restart/MOLCAS.3.JobIph.189', 'JOBOLD']
['rasscf', 3, 3, True, False]
['copy', 'MOLCAS.rasscf.h5', 'MOLCAS.3.rasscf.h5']
['copy', 'MOLCAS.JobIph', 'MOLCAS.3.JobIph']
['link', 'MOLCAS.1.JobIph', 'JOB001']
['rassi', 'dm', [4]]
['copy', 'MOLCAS.rassi.h5', 'MOLCAS.rassi.1.h5']
['link', 'MOLCAS.3.JobIph', 'JOB001']
['rassi', 'dm', [3]]
['copy', 'MOLCAS.rassi.h5', 'MOLCAS.rassi.3.h5']
['copy', '/project/lgagliardi/helenclifford/practice_rcc/sharc4/methaniminium/tutorial_reproduction/traj/Singlet_2/TRAJ_00007/restart/MOLCAS.1.JobIph.189', 'JOB001']
['link', 'MOLCAS.1.JobIph', 'JOB002']
['rassi', 'overlap', [4, 4]]
['copy', 'MOLCAS.rassi.h5', 'MOLCAS.rassi.ovlp.1.h5']
['copy', '/project/lgagliardi/helenclifford/practice_rcc/sharc4/methaniminium/tutorial_reproduction/traj/Singlet_2/TRAJ_00007/restart/MOLCAS.3.JobIph.189', 'JOB001']
['link', 'MOLCAS.3.JobIph', 'JOB002']
['rassi', 'overlap', [3, 3]]
['copy', 'MOLCAS.rassi.h5', 'MOLCAS.rassi.ovlp.3.h5']
['link', 'MOLCAS.1.JobIph', 'JOB001']
['link', 'MOLCAS.3.JobIph', 'JOB002']
['rassi', 'soc', [4, 3]]
['copy', '$master_path/MOLCAS.1.JobIph', 'JOBOLD']
['rasscf', 1, 4, True, False]
['mclr', 0.0001, 'sala=1']
['alaska']
All jobs finished:
job: master          code: 0    runtime: 0:00:18.910979
job: grad_1_1        code: 0    runtime: 0:00:11.508153

Starting job execution
['gateway']
['seward']
['copy', '/project/lgagliardi/helenclifford/practice_rcc/sharc4/methaniminium/tutorial_reproduction/traj/Singlet_2/TRAJ_00007/restart/MOLCAS.1.JobIph.190', 'JOBOLD']
['rasscf', 1, 4, True, False]
['copy', 'MOLCAS.rasscf.h5', 'MOLCAS.1.rasscf.h5']
['copy', 'MOLCAS.JobIph', 'MOLCAS.1.JobIph']
['copy', '/project/lgagliardi/helenclifford/practice_rcc/sharc4/methaniminium/tutorial_reproduction/traj/Singlet_2/TRAJ_00007/restart/MOLCAS.3.JobIph.190', 'JOBOLD']
['rasscf', 3, 3, True, False]
['copy', 'MOLCAS.rasscf.h5', 'MOLCAS.3.rasscf.h5']
['copy', 'MOLCAS.JobIph', 'MOLCAS.3.JobIph']
['link', 'MOLCAS.1.JobIph', 'JOB001']
['rassi', 'dm', [4]]
['copy', 'MOLCAS.rassi.h5', 'MOLCAS.rassi.1.h5']
['link', 'MOLCAS.3.JobIph', 'JOB001']
['rassi', 'dm', [3]]
['copy', 'MOLCAS.rassi.h5', 'MOLCAS.rassi.3.h5']
['copy', '/project/lgagliardi/helenclifford/practice_rcc/sharc4/methaniminium/tutorial_reproduction/traj/Singlet_2/TRAJ_00007/restart/MOLCAS.1.JobIph.190', 'JOB001']
['link', 'MOLCAS.1.JobIph', 'JOB002']
['rassi', 'overlap', [4, 4]]
['copy', 'MOLCAS.rassi.h5', 'MOLCAS.rassi.ovlp.1.h5']
['copy', '/project/lgagliardi/helenclifford/practice_rcc/sharc4/methaniminium/tutorial_reproduction/traj/Singlet_2/TRAJ_00007/restart/MOLCAS.3.JobIph.190', 'JOB001']
['link', 'MOLCAS.3.JobIph', 'JOB002']
['rassi', 'overlap', [3, 3]]
['copy', 'MOLCAS.rassi.h5', 'MOLCAS.rassi.ovlp.3.h5']
['link', 'MOLCAS.1.JobIph', 'JOB001']
['link', 'MOLCAS.3.JobIph', 'JOB002']
['rassi', 'soc', [4, 3]]
['copy', '$master_path/MOLCAS.1.JobIph', 'JOBOLD']
['rasscf', 1, 4, True, False]
['mclr', 0.0001, 'sala=1']
['alaska']
All jobs finished:
job: master          code: 0    runtime: 0:00:23.522858
job: grad_1_1        code: 0    runtime: 0:00:16.199200

Starting job execution
['gateway']
['seward']
['copy', '/project/lgagliardi/helenclifford/practice_rcc/sharc4/methaniminium/tutorial_reproduction/traj/Singlet_2/TRAJ_00007/restart/MOLCAS.1.JobIph.191', 'JOBOLD']
['rasscf', 1, 4, True, False]
['copy', 'MOLCAS.rasscf.h5', 'MOLCAS.1.rasscf.h5']
['copy', 'MOLCAS.JobIph', 'MOLCAS.1.JobIph']
['copy', '/project/lgagliardi/helenclifford/practice_rcc/sharc4/methaniminium/tutorial_reproduction/traj/Singlet_2/TRAJ_00007/restart/MOLCAS.3.JobIph.191', 'JOBOLD']
['rasscf', 3, 3, True, False]
['copy', 'MOLCAS.rasscf.h5', 'MOLCAS.3.rasscf.h5']
['copy', 'MOLCAS.JobIph', 'MOLCAS.3.JobIph']
['link', 'MOLCAS.1.JobIph', 'JOB001']
['rassi', 'dm', [4]]
['copy', 'MOLCAS.rassi.h5', 'MOLCAS.rassi.1.h5']
['link', 'MOLCAS.3.JobIph', 'JOB001']
['rassi', 'dm', [3]]
['copy', 'MOLCAS.rassi.h5', 'MOLCAS.rassi.3.h5']
['copy', '/project/lgagliardi/helenclifford/practice_rcc/sharc4/methaniminium/tutorial_reproduction/traj/Singlet_2/TRAJ_00007/restart/MOLCAS.1.JobIph.190', 'JOB001']
['link', 'MOLCAS.1.JobIph', 'JOB002']
['rassi', 'overlap', [4, 4]]
['copy', 'MOLCAS.rassi.h5', 'MOLCAS.rassi.ovlp.1.h5']
['copy', '/project/lgagliardi/helenclifford/practice_rcc/sharc4/methaniminium/tutorial_reproduction/traj/Singlet_2/TRAJ_00007/restart/MOLCAS.3.JobIph.190', 'JOB001']
['link', 'MOLCAS.3.JobIph', 'JOB002']
['rassi', 'overlap', [3, 3]]
['copy', 'MOLCAS.rassi.h5', 'MOLCAS.rassi.ovlp.3.h5']
['link', 'MOLCAS.1.JobIph', 'JOB001']
['link', 'MOLCAS.3.JobIph', 'JOB002']
['rassi', 'soc', [4, 3]]
['copy', '$master_path/MOLCAS.1.JobIph', 'JOBOLD']
['rasscf', 1, 4, True, False]
['mclr', 0.0001, 'sala=2']
['alaska']
All jobs finished:
job: master          code: 0    runtime: 0:00:18.185207
job: grad_1_2        code: 0    runtime: 0:00:08.897066

Starting job execution
['gateway']
['seward']
['copy', '/project/lgagliardi/helenclifford/practice_rcc/sharc4/methaniminium/tutorial_reproduction/traj/Singlet_2/TRAJ_00007/restart/MOLCAS.1.JobIph.191', 'JOBOLD']
['rasscf', 1, 4, True, False]
['copy', 'MOLCAS.rasscf.h5', 'MOLCAS.1.rasscf.h5']
['copy', 'MOLCAS.JobIph', 'MOLCAS.1.JobIph']
['copy', '/project/lgagliardi/helenclifford/practice_rcc/sharc4/methaniminium/tutorial_reproduction/traj/Singlet_2/TRAJ_00007/restart/MOLCAS.3.JobIph.191', 'JOBOLD']
['rasscf', 3, 3, True, False]
['copy', 'MOLCAS.rasscf.h5', 'MOLCAS.3.rasscf.h5']
['copy', 'MOLCAS.JobIph', 'MOLCAS.3.JobIph']
['link', 'MOLCAS.1.JobIph', 'JOB001']
['rassi', 'dm', [4]]
['copy', 'MOLCAS.rassi.h5', 'MOLCAS.rassi.1.h5']
['link', 'MOLCAS.3.JobIph', 'JOB001']
['rassi', 'dm', [3]]
['copy', 'MOLCAS.rassi.h5', 'MOLCAS.rassi.3.h5']
['copy', '/project/lgagliardi/helenclifford/practice_rcc/sharc4/methaniminium/tutorial_reproduction/traj/Singlet_2/TRAJ_00007/restart/MOLCAS.1.JobIph.191', 'JOB001']
['link', 'MOLCAS.1.JobIph', 'JOB002']
['rassi', 'overlap', [4, 4]]
['copy', 'MOLCAS.rassi.h5', 'MOLCAS.rassi.ovlp.1.h5']
['copy', '/project/lgagliardi/helenclifford/practice_rcc/sharc4/methaniminium/tutorial_reproduction/traj/Singlet_2/TRAJ_00007/restart/MOLCAS.3.JobIph.191', 'JOB001']
['link', 'MOLCAS.3.JobIph', 'JOB002']
['rassi', 'overlap', [3, 3]]
['copy', 'MOLCAS.rassi.h5', 'MOLCAS.rassi.ovlp.3.h5']
['link', 'MOLCAS.1.JobIph', 'JOB001']
['link', 'MOLCAS.3.JobIph', 'JOB002']
['rassi', 'soc', [4, 3]]
['copy', '$master_path/MOLCAS.1.JobIph', 'JOBOLD']
['rasscf', 1, 4, True, False]
['mclr', 0.0001, 'sala=2']
['alaska']
All jobs finished:
job: master          code: 0    runtime: 0:00:19.523689
job: grad_1_2        code: 0    runtime: 0:00:08.603163

Starting job execution
['gateway']
['seward']
['copy', '/project/lgagliardi/helenclifford/practice_rcc/sharc4/methaniminium/tutorial_reproduction/traj/Singlet_2/TRAJ_00007/restart/MOLCAS.1.JobIph.192', 'JOBOLD']
['rasscf', 1, 4, True, False]
['copy', 'MOLCAS.rasscf.h5', 'MOLCAS.1.rasscf.h5']
['copy', 'MOLCAS.JobIph', 'MOLCAS.1.JobIph']
['copy', '/project/lgagliardi/helenclifford/practice_rcc/sharc4/methaniminium/tutorial_reproduction/traj/Singlet_2/TRAJ_00007/restart/MOLCAS.3.JobIph.192', 'JOBOLD']
['rasscf', 3, 3, True, False]
['copy', 'MOLCAS.rasscf.h5', 'MOLCAS.3.rasscf.h5']
['copy', 'MOLCAS.JobIph', 'MOLCAS.3.JobIph']
['link', 'MOLCAS.1.JobIph', 'JOB001']
['rassi', 'dm', [4]]
['copy', 'MOLCAS.rassi.h5', 'MOLCAS.rassi.1.h5']
['link', 'MOLCAS.3.JobIph', 'JOB001']
['rassi', 'dm', [3]]
['copy', 'MOLCAS.rassi.h5', 'MOLCAS.rassi.3.h5']
['copy', '/project/lgagliardi/helenclifford/practice_rcc/sharc4/methaniminium/tutorial_reproduction/traj/Singlet_2/TRAJ_00007/restart/MOLCAS.1.JobIph.192', 'JOB001']
['link', 'MOLCAS.1.JobIph', 'JOB002']
['rassi', 'overlap', [4, 4]]
['copy', 'MOLCAS.rassi.h5', 'MOLCAS.rassi.ovlp.1.h5']
['copy', '/project/lgagliardi/helenclifford/practice_rcc/sharc4/methaniminium/tutorial_reproduction/traj/Singlet_2/TRAJ_00007/restart/MOLCAS.3.JobIph.192', 'JOB001']
['link', 'MOLCAS.3.JobIph', 'JOB002']
['rassi', 'overlap', [3, 3]]
['copy', 'MOLCAS.rassi.h5', 'MOLCAS.rassi.ovlp.3.h5']
['link', 'MOLCAS.1.JobIph', 'JOB001']
['link', 'MOLCAS.3.JobIph', 'JOB002']
['rassi', 'soc', [4, 3]]
['copy', '$master_path/MOLCAS.1.JobIph', 'JOBOLD']
['rasscf', 1, 4, True, False]
['mclr', 0.0001, 'sala=2']
['alaska']
All jobs finished:
job: master          code: 0    runtime: 0:00:17.091778
job: grad_1_2        code: 0    runtime: 0:00:14.941914

Starting job execution
['gateway']
['seward']
['copy', '/project/lgagliardi/helenclifford/practice_rcc/sharc4/methaniminium/tutorial_reproduction/traj/Singlet_2/TRAJ_00007/restart/MOLCAS.1.JobIph.193', 'JOBOLD']
['rasscf', 1, 4, True, False]
['copy', 'MOLCAS.rasscf.h5', 'MOLCAS.1.rasscf.h5']
['copy', 'MOLCAS.JobIph', 'MOLCAS.1.JobIph']
['copy', '/project/lgagliardi/helenclifford/practice_rcc/sharc4/methaniminium/tutorial_reproduction/traj/Singlet_2/TRAJ_00007/restart/MOLCAS.3.JobIph.193', 'JOBOLD']
['rasscf', 3, 3, True, False]
['copy', 'MOLCAS.rasscf.h5', 'MOLCAS.3.rasscf.h5']
['copy', 'MOLCAS.JobIph', 'MOLCAS.3.JobIph']
['link', 'MOLCAS.1.JobIph', 'JOB001']
['rassi', 'dm', [4]]
['copy', 'MOLCAS.rassi.h5', 'MOLCAS.rassi.1.h5']
['link', 'MOLCAS.3.JobIph', 'JOB001']
['rassi', 'dm', [3]]
['copy', 'MOLCAS.rassi.h5', 'MOLCAS.rassi.3.h5']
['copy', '/project/lgagliardi/helenclifford/practice_rcc/sharc4/methaniminium/tutorial_reproduction/traj/Singlet_2/TRAJ_00007/restart/MOLCAS.1.JobIph.193', 'JOB001']
['link', 'MOLCAS.1.JobIph', 'JOB002']
['rassi', 'overlap', [4, 4]]
['copy', 'MOLCAS.rassi.h5', 'MOLCAS.rassi.ovlp.1.h5']
['copy', '/project/lgagliardi/helenclifford/practice_rcc/sharc4/methaniminium/tutorial_reproduction/traj/Singlet_2/TRAJ_00007/restart/MOLCAS.3.JobIph.193', 'JOB001']
['link', 'MOLCAS.3.JobIph', 'JOB002']
['rassi', 'overlap', [3, 3]]
['copy', 'MOLCAS.rassi.h5', 'MOLCAS.rassi.ovlp.3.h5']
['link', 'MOLCAS.1.JobIph', 'JOB001']
['link', 'MOLCAS.3.JobIph', 'JOB002']
['rassi', 'soc', [4, 3]]
['copy', '$master_path/MOLCAS.1.JobIph', 'JOBOLD']
['rasscf', 1, 4, True, False]
['mclr', 0.0001, 'sala=2']
['alaska']
All jobs finished:
job: master          code: 0    runtime: 0:00:20.928487
job: grad_1_2        code: 0    runtime: 0:00:07.739750

Starting job execution
['gateway']
['seward']
['copy', '/project/lgagliardi/helenclifford/practice_rcc/sharc4/methaniminium/tutorial_reproduction/traj/Singlet_2/TRAJ_00007/restart/MOLCAS.1.JobIph.194', 'JOBOLD']
['rasscf', 1, 4, True, False]
['copy', 'MOLCAS.rasscf.h5', 'MOLCAS.1.rasscf.h5']
['copy', 'MOLCAS.JobIph', 'MOLCAS.1.JobIph']
['copy', '/project/lgagliardi/helenclifford/practice_rcc/sharc4/methaniminium/tutorial_reproduction/traj/Singlet_2/TRAJ_00007/restart/MOLCAS.3.JobIph.194', 'JOBOLD']
['rasscf', 3, 3, True, False]
['copy', 'MOLCAS.rasscf.h5', 'MOLCAS.3.rasscf.h5']
['copy', 'MOLCAS.JobIph', 'MOLCAS.3.JobIph']
['link', 'MOLCAS.1.JobIph', 'JOB001']
['rassi', 'dm', [4]]
['copy', 'MOLCAS.rassi.h5', 'MOLCAS.rassi.1.h5']
['link', 'MOLCAS.3.JobIph', 'JOB001']
['rassi', 'dm', [3]]
['copy', 'MOLCAS.rassi.h5', 'MOLCAS.rassi.3.h5']
['copy', '/project/lgagliardi/helenclifford/practice_rcc/sharc4/methaniminium/tutorial_reproduction/traj/Singlet_2/TRAJ_00007/restart/MOLCAS.1.JobIph.194', 'JOB001']
['link', 'MOLCAS.1.JobIph', 'JOB002']
['rassi', 'overlap', [4, 4]]
['copy', 'MOLCAS.rassi.h5', 'MOLCAS.rassi.ovlp.1.h5']
['copy', '/project/lgagliardi/helenclifford/practice_rcc/sharc4/methaniminium/tutorial_reproduction/traj/Singlet_2/TRAJ_00007/restart/MOLCAS.3.JobIph.194', 'JOB001']
['link', 'MOLCAS.3.JobIph', 'JOB002']
['rassi', 'overlap', [3, 3]]
['copy', 'MOLCAS.rassi.h5', 'MOLCAS.rassi.ovlp.3.h5']
['link', 'MOLCAS.1.JobIph', 'JOB001']
['link', 'MOLCAS.3.JobIph', 'JOB002']
['rassi', 'soc', [4, 3]]
['copy', '$master_path/MOLCAS.1.JobIph', 'JOBOLD']
['rasscf', 1, 4, True, False]
['mclr', 0.0001, 'sala=2']
['alaska']
All jobs finished:
job: master          code: 0    runtime: 0:00:19.963831
job: grad_1_2        code: 0    runtime: 0:00:08.687972

Starting job execution
['gateway']
['seward']
['copy', '/project/lgagliardi/helenclifford/practice_rcc/sharc4/methaniminium/tutorial_reproduction/traj/Singlet_2/TRAJ_00007/restart/MOLCAS.1.JobIph.195', 'JOBOLD']
['rasscf', 1, 4, True, False]
['copy', 'MOLCAS.rasscf.h5', 'MOLCAS.1.rasscf.h5']
['copy', 'MOLCAS.JobIph', 'MOLCAS.1.JobIph']
['copy', '/project/lgagliardi/helenclifford/practice_rcc/sharc4/methaniminium/tutorial_reproduction/traj/Singlet_2/TRAJ_00007/restart/MOLCAS.3.JobIph.195', 'JOBOLD']
['rasscf', 3, 3, True, False]
['copy', 'MOLCAS.rasscf.h5', 'MOLCAS.3.rasscf.h5']
['copy', 'MOLCAS.JobIph', 'MOLCAS.3.JobIph']
['link', 'MOLCAS.1.JobIph', 'JOB001']
['rassi', 'dm', [4]]
['copy', 'MOLCAS.rassi.h5', 'MOLCAS.rassi.1.h5']
['link', 'MOLCAS.3.JobIph', 'JOB001']
['rassi', 'dm', [3]]
['copy', 'MOLCAS.rassi.h5', 'MOLCAS.rassi.3.h5']
['copy', '/project/lgagliardi/helenclifford/practice_rcc/sharc4/methaniminium/tutorial_reproduction/traj/Singlet_2/TRAJ_00007/restart/MOLCAS.1.JobIph.195', 'JOB001']
['link', 'MOLCAS.1.JobIph', 'JOB002']
['rassi', 'overlap', [4, 4]]
['copy', 'MOLCAS.rassi.h5', 'MOLCAS.rassi.ovlp.1.h5']
['copy', '/project/lgagliardi/helenclifford/practice_rcc/sharc4/methaniminium/tutorial_reproduction/traj/Singlet_2/TRAJ_00007/restart/MOLCAS.3.JobIph.195', 'JOB001']
['link', 'MOLCAS.3.JobIph', 'JOB002']
['rassi', 'overlap', [3, 3]]
['copy', 'MOLCAS.rassi.h5', 'MOLCAS.rassi.ovlp.3.h5']
['link', 'MOLCAS.1.JobIph', 'JOB001']
['link', 'MOLCAS.3.JobIph', 'JOB002']
['rassi', 'soc', [4, 3]]
['copy', '$master_path/MOLCAS.1.JobIph', 'JOBOLD']
['rasscf', 1, 4, True, False]
['mclr', 0.0001, 'sala=2']
['alaska']
All jobs finished:
job: master          code: 0    runtime: 0:00:20.043855
job: grad_1_2        code: 0    runtime: 0:00:13.442524

Starting job execution
['gateway']
['seward']
['copy', '/project/lgagliardi/helenclifford/practice_rcc/sharc4/methaniminium/tutorial_reproduction/traj/Singlet_2/TRAJ_00007/restart/MOLCAS.1.JobIph.196', 'JOBOLD']
['rasscf', 1, 4, True, False]
['copy', 'MOLCAS.rasscf.h5', 'MOLCAS.1.rasscf.h5']
['copy', 'MOLCAS.JobIph', 'MOLCAS.1.JobIph']
['copy', '/project/lgagliardi/helenclifford/practice_rcc/sharc4/methaniminium/tutorial_reproduction/traj/Singlet_2/TRAJ_00007/restart/MOLCAS.3.JobIph.196', 'JOBOLD']
['rasscf', 3, 3, True, False]
['copy', 'MOLCAS.rasscf.h5', 'MOLCAS.3.rasscf.h5']
['copy', 'MOLCAS.JobIph', 'MOLCAS.3.JobIph']
['link', 'MOLCAS.1.JobIph', 'JOB001']
['rassi', 'dm', [4]]
['copy', 'MOLCAS.rassi.h5', 'MOLCAS.rassi.1.h5']
['link', 'MOLCAS.3.JobIph', 'JOB001']
['rassi', 'dm', [3]]
['copy', 'MOLCAS.rassi.h5', 'MOLCAS.rassi.3.h5']
['copy', '/project/lgagliardi/helenclifford/practice_rcc/sharc4/methaniminium/tutorial_reproduction/traj/Singlet_2/TRAJ_00007/restart/MOLCAS.1.JobIph.195', 'JOB001']
['link', 'MOLCAS.1.JobIph', 'JOB002']
['rassi', 'overlap', [4, 4]]
['copy', 'MOLCAS.rassi.h5', 'MOLCAS.rassi.ovlp.1.h5']
['copy', '/project/lgagliardi/helenclifford/practice_rcc/sharc4/methaniminium/tutorial_reproduction/traj/Singlet_2/TRAJ_00007/restart/MOLCAS.3.JobIph.195', 'JOB001']
['link', 'MOLCAS.3.JobIph', 'JOB002']
['rassi', 'overlap', [3, 3]]
['copy', 'MOLCAS.rassi.h5', 'MOLCAS.rassi.ovlp.3.h5']
['link', 'MOLCAS.1.JobIph', 'JOB001']
['link', 'MOLCAS.3.JobIph', 'JOB002']
['rassi', 'soc', [4, 3]]
['copy', '$master_path/MOLCAS.1.JobIph', 'JOBOLD']
['rasscf', 1, 4, True, False]
['mclr', 0.0001, 'sala=1']
['alaska']
All jobs finished:
job: master          code: 0    runtime: 0:00:17.114594
job: grad_1_1        code: 0    runtime: 0:00:06.641733

Starting job execution
['gateway']
['seward']
['copy', '/project/lgagliardi/helenclifford/practice_rcc/sharc4/methaniminium/tutorial_reproduction/traj/Singlet_2/TRAJ_00007/restart/MOLCAS.1.JobIph.196', 'JOBOLD']
['rasscf', 1, 4, True, False]
['copy', 'MOLCAS.rasscf.h5', 'MOLCAS.1.rasscf.h5']
['copy', 'MOLCAS.JobIph', 'MOLCAS.1.JobIph']
['copy', '/project/lgagliardi/helenclifford/practice_rcc/sharc4/methaniminium/tutorial_reproduction/traj/Singlet_2/TRAJ_00007/restart/MOLCAS.3.JobIph.196', 'JOBOLD']
['rasscf', 3, 3, True, False]
['copy', 'MOLCAS.rasscf.h5', 'MOLCAS.3.rasscf.h5']
['copy', 'MOLCAS.JobIph', 'MOLCAS.3.JobIph']
['link', 'MOLCAS.1.JobIph', 'JOB001']
['rassi', 'dm', [4]]
['copy', 'MOLCAS.rassi.h5', 'MOLCAS.rassi.1.h5']
['link', 'MOLCAS.3.JobIph', 'JOB001']
['rassi', 'dm', [3]]
['copy', 'MOLCAS.rassi.h5', 'MOLCAS.rassi.3.h5']
['copy', '/project/lgagliardi/helenclifford/practice_rcc/sharc4/methaniminium/tutorial_reproduction/traj/Singlet_2/TRAJ_00007/restart/MOLCAS.1.JobIph.196', 'JOB001']
['link', 'MOLCAS.1.JobIph', 'JOB002']
['rassi', 'overlap', [4, 4]]
['copy', 'MOLCAS.rassi.h5', 'MOLCAS.rassi.ovlp.1.h5']
['copy', '/project/lgagliardi/helenclifford/practice_rcc/sharc4/methaniminium/tutorial_reproduction/traj/Singlet_2/TRAJ_00007/restart/MOLCAS.3.JobIph.196', 'JOB001']
['link', 'MOLCAS.3.JobIph', 'JOB002']
['rassi', 'overlap', [3, 3]]
['copy', 'MOLCAS.rassi.h5', 'MOLCAS.rassi.ovlp.3.h5']
['link', 'MOLCAS.1.JobIph', 'JOB001']
['link', 'MOLCAS.3.JobIph', 'JOB002']
['rassi', 'soc', [4, 3]]
['copy', '$master_path/MOLCAS.1.JobIph', 'JOBOLD']
['rasscf', 1, 4, True, False]
['mclr', 0.0001, 'sala=1']
['alaska']
All jobs finished:
job: master          code: 0    runtime: 0:00:22.125346
job: grad_1_1        code: 0    runtime: 0:00:16.079075

Starting job execution
['gateway']
['seward']
['copy', '/project/lgagliardi/helenclifford/practice_rcc/sharc4/methaniminium/tutorial_reproduction/traj/Singlet_2/TRAJ_00007/restart/MOLCAS.1.JobIph.197', 'JOBOLD']
['rasscf', 1, 4, True, False]
['copy', 'MOLCAS.rasscf.h5', 'MOLCAS.1.rasscf.h5']
['copy', 'MOLCAS.JobIph', 'MOLCAS.1.JobIph']
['copy', '/project/lgagliardi/helenclifford/practice_rcc/sharc4/methaniminium/tutorial_reproduction/traj/Singlet_2/TRAJ_00007/restart/MOLCAS.3.JobIph.197', 'JOBOLD']
['rasscf', 3, 3, True, False]
['copy', 'MOLCAS.rasscf.h5', 'MOLCAS.3.rasscf.h5']
['copy', 'MOLCAS.JobIph', 'MOLCAS.3.JobIph']
['link', 'MOLCAS.1.JobIph', 'JOB001']
['rassi', 'dm', [4]]
['copy', 'MOLCAS.rassi.h5', 'MOLCAS.rassi.1.h5']
['link', 'MOLCAS.3.JobIph', 'JOB001']
['rassi', 'dm', [3]]
['copy', 'MOLCAS.rassi.h5', 'MOLCAS.rassi.3.h5']
['copy', '/project/lgagliardi/helenclifford/practice_rcc/sharc4/methaniminium/tutorial_reproduction/traj/Singlet_2/TRAJ_00007/restart/MOLCAS.1.JobIph.197', 'JOB001']
['link', 'MOLCAS.1.JobIph', 'JOB002']
['rassi', 'overlap', [4, 4]]
['copy', 'MOLCAS.rassi.h5', 'MOLCAS.rassi.ovlp.1.h5']
['copy', '/project/lgagliardi/helenclifford/practice_rcc/sharc4/methaniminium/tutorial_reproduction/traj/Singlet_2/TRAJ_00007/restart/MOLCAS.3.JobIph.197', 'JOB001']
['link', 'MOLCAS.3.JobIph', 'JOB002']
['rassi', 'overlap', [3, 3]]
['copy', 'MOLCAS.rassi.h5', 'MOLCAS.rassi.ovlp.3.h5']
['link', 'MOLCAS.1.JobIph', 'JOB001']
['link', 'MOLCAS.3.JobIph', 'JOB002']
['rassi', 'soc', [4, 3]]
['copy', '$master_path/MOLCAS.1.JobIph', 'JOBOLD']
['rasscf', 1, 4, True, False]
['mclr', 0.0001, 'sala=1']
['alaska']
All jobs finished:
job: master          code: 0    runtime: 0:00:16.790255
job: grad_1_1        code: 0    runtime: 0:00:09.335682

Starting job execution
['gateway']
['seward']
['copy', '/project/lgagliardi/helenclifford/practice_rcc/sharc4/methaniminium/tutorial_reproduction/traj/Singlet_2/TRAJ_00007/restart/MOLCAS.1.JobIph.198', 'JOBOLD']
['rasscf', 1, 4, True, False]
['copy', 'MOLCAS.rasscf.h5', 'MOLCAS.1.rasscf.h5']
['copy', 'MOLCAS.JobIph', 'MOLCAS.1.JobIph']
['copy', '/project/lgagliardi/helenclifford/practice_rcc/sharc4/methaniminium/tutorial_reproduction/traj/Singlet_2/TRAJ_00007/restart/MOLCAS.3.JobIph.198', 'JOBOLD']
['rasscf', 3, 3, True, False]
['copy', 'MOLCAS.rasscf.h5', 'MOLCAS.3.rasscf.h5']
['copy', 'MOLCAS.JobIph', 'MOLCAS.3.JobIph']
['link', 'MOLCAS.1.JobIph', 'JOB001']
['rassi', 'dm', [4]]
['copy', 'MOLCAS.rassi.h5', 'MOLCAS.rassi.1.h5']
['link', 'MOLCAS.3.JobIph', 'JOB001']
['rassi', 'dm', [3]]
['copy', 'MOLCAS.rassi.h5', 'MOLCAS.rassi.3.h5']
['copy', '/project/lgagliardi/helenclifford/practice_rcc/sharc4/methaniminium/tutorial_reproduction/traj/Singlet_2/TRAJ_00007/restart/MOLCAS.1.JobIph.198', 'JOB001']
['link', 'MOLCAS.1.JobIph', 'JOB002']
['rassi', 'overlap', [4, 4]]
['copy', 'MOLCAS.rassi.h5', 'MOLCAS.rassi.ovlp.1.h5']
['copy', '/project/lgagliardi/helenclifford/practice_rcc/sharc4/methaniminium/tutorial_reproduction/traj/Singlet_2/TRAJ_00007/restart/MOLCAS.3.JobIph.198', 'JOB001']
['link', 'MOLCAS.3.JobIph', 'JOB002']
['rassi', 'overlap', [3, 3]]
['copy', 'MOLCAS.rassi.h5', 'MOLCAS.rassi.ovlp.3.h5']
['link', 'MOLCAS.1.JobIph', 'JOB001']
['link', 'MOLCAS.3.JobIph', 'JOB002']
['rassi', 'soc', [4, 3]]
['copy', '$master_path/MOLCAS.1.JobIph', 'JOBOLD']
['rasscf', 1, 4, True, False]
['mclr', 0.0001, 'sala=1']
['alaska']
All jobs finished:
job: master          code: 0    runtime: 0:00:16.478109
job: grad_1_1        code: 0    runtime: 0:00:10.752125

Starting job execution
['gateway']
['seward']
['copy', '/project/lgagliardi/helenclifford/practice_rcc/sharc4/methaniminium/tutorial_reproduction/traj/Singlet_2/TRAJ_00007/restart/MOLCAS.1.JobIph.199', 'JOBOLD']
['rasscf', 1, 4, True, False]
['copy', 'MOLCAS.rasscf.h5', 'MOLCAS.1.rasscf.h5']
['copy', 'MOLCAS.JobIph', 'MOLCAS.1.JobIph']
['copy', '/project/lgagliardi/helenclifford/practice_rcc/sharc4/methaniminium/tutorial_reproduction/traj/Singlet_2/TRAJ_00007/restart/MOLCAS.3.JobIph.199', 'JOBOLD']
['rasscf', 3, 3, True, False]
['copy', 'MOLCAS.rasscf.h5', 'MOLCAS.3.rasscf.h5']
['copy', 'MOLCAS.JobIph', 'MOLCAS.3.JobIph']
['link', 'MOLCAS.1.JobIph', 'JOB001']
['rassi', 'dm', [4]]
['copy', 'MOLCAS.rassi.h5', 'MOLCAS.rassi.1.h5']
['link', 'MOLCAS.3.JobIph', 'JOB001']
['rassi', 'dm', [3]]
['copy', 'MOLCAS.rassi.h5', 'MOLCAS.rassi.3.h5']
['copy', '/project/lgagliardi/helenclifford/practice_rcc/sharc4/methaniminium/tutorial_reproduction/traj/Singlet_2/TRAJ_00007/restart/MOLCAS.1.JobIph.198', 'JOB001']
['link', 'MOLCAS.1.JobIph', 'JOB002']
['rassi', 'overlap', [4, 4]]
['copy', 'MOLCAS.rassi.h5', 'MOLCAS.rassi.ovlp.1.h5']
['copy', '/project/lgagliardi/helenclifford/practice_rcc/sharc4/methaniminium/tutorial_reproduction/traj/Singlet_2/TRAJ_00007/restart/MOLCAS.3.JobIph.198', 'JOB001']
['link', 'MOLCAS.3.JobIph', 'JOB002']
['rassi', 'overlap', [3, 3]]
['copy', 'MOLCAS.rassi.h5', 'MOLCAS.rassi.ovlp.3.h5']
['link', 'MOLCAS.1.JobIph', 'JOB001']
['link', 'MOLCAS.3.JobIph', 'JOB002']
['rassi', 'soc', [4, 3]]
['copy', '$master_path/MOLCAS.1.JobIph', 'JOBOLD']
['rasscf', 1, 4, True, False]
['mclr', 0.0001, 'sala=2']
['alaska']
All jobs finished:
job: master          code: 0    runtime: 0:00:14.144117
job: grad_1_2        code: 0    runtime: 0:00:10.819162

Starting job execution
['gateway']
['seward']
['copy', '/project/lgagliardi/helenclifford/practice_rcc/sharc4/methaniminium/tutorial_reproduction/traj/Singlet_2/TRAJ_00007/restart/MOLCAS.1.JobIph.199', 'JOBOLD']
['rasscf', 1, 4, True, False]
['copy', 'MOLCAS.rasscf.h5', 'MOLCAS.1.rasscf.h5']
['copy', 'MOLCAS.JobIph', 'MOLCAS.1.JobIph']
['copy', '/project/lgagliardi/helenclifford/practice_rcc/sharc4/methaniminium/tutorial_reproduction/traj/Singlet_2/TRAJ_00007/restart/MOLCAS.3.JobIph.199', 'JOBOLD']
['rasscf', 3, 3, True, False]
['copy', 'MOLCAS.rasscf.h5', 'MOLCAS.3.rasscf.h5']
['copy', 'MOLCAS.JobIph', 'MOLCAS.3.JobIph']
['link', 'MOLCAS.1.JobIph', 'JOB001']
['rassi', 'dm', [4]]
['copy', 'MOLCAS.rassi.h5', 'MOLCAS.rassi.1.h5']
['link', 'MOLCAS.3.JobIph', 'JOB001']
['rassi', 'dm', [3]]
['copy', 'MOLCAS.rassi.h5', 'MOLCAS.rassi.3.h5']
['copy', '/project/lgagliardi/helenclifford/practice_rcc/sharc4/methaniminium/tutorial_reproduction/traj/Singlet_2/TRAJ_00007/restart/MOLCAS.1.JobIph.199', 'JOB001']
['link', 'MOLCAS.1.JobIph', 'JOB002']
['rassi', 'overlap', [4, 4]]
['copy', 'MOLCAS.rassi.h5', 'MOLCAS.rassi.ovlp.1.h5']
['copy', '/project/lgagliardi/helenclifford/practice_rcc/sharc4/methaniminium/tutorial_reproduction/traj/Singlet_2/TRAJ_00007/restart/MOLCAS.3.JobIph.199', 'JOB001']
['link', 'MOLCAS.3.JobIph', 'JOB002']
['rassi', 'overlap', [3, 3]]
['copy', 'MOLCAS.rassi.h5', 'MOLCAS.rassi.ovlp.3.h5']
['link', 'MOLCAS.1.JobIph', 'JOB001']
['link', 'MOLCAS.3.JobIph', 'JOB002']
['rassi', 'soc', [4, 3]]
['copy', '$master_path/MOLCAS.1.JobIph', 'JOBOLD']
['rasscf', 1, 4, True, False]
['mclr', 0.0001, 'sala=2']
['alaska']
All jobs finished:
job: master          code: 0    runtime: 0:00:18.861647
job: grad_1_2        code: 0    runtime: 0:00:08.133442

Timing per step (SHARC_MOLCAS): 32680.201663955002 ms
Timing per step full 35926.417561894996 ms
Timing: 7185283.512379 ms
Timing: 7292018.586577 ms
