0.0,0.32302050172857144,0.6460410034571429,0.9690615051857143,1.2920820069142858,1.6151025086428572,1.9381230103714286,2.2611435121000003,2.5841640138285715,2.9071845155571427,3.2302050172857144,3.553225519014286,3.8762460207428573,4.1992665224714285,4.522287024200001,4.845307525928572,5.168328027657143,5.491348529385714,5.8143690311142855,6.137389532842858,6.460410034571429,6.7834305363,7.106451038028572,7.429471539757143,7.752492041485715,8.075512543214286,8.398533044942857,8.721553546671428,9.044574048400001,9.367594550128572,9.690615051857144,10.013635553585715,10.336656055314286,10.659676557042857,10.982697058771429,11.3057175605,11.628738062228571,11.951758563957144,12.274779065685715,12.597799567414286,12.920820069142858,13.243840570871429,13.5668610726,13.889881574328571,14.212902076057144,14.535922577785716,14.858943079514287,15.181963581242858,15.50498408297143,15.8280045847,time_fs
-2.0652671578279636e-05,-5.2970150794822805e-05,-0.00011255254174055982,-0.00024727700443534246,-0.00048149170115648163,-0.0006654165568798614,-0.0006367225004752383,-0.00047273629992127436,-0.0002949949423101605,-0.0001386135956717624,-4.180864319976767e-05,-7.427487584994581e-06,-7.53060993662773e-07,-4.7486464805232806e-08,-1.9512140858174393e-08,-4.1429361243134666e-08,-5.350757583488584e-08,-3.9128013885605066e-08,-1.6201279555312524e-08,-3.803572822199625e-09,-5.073653575029861e-10,-4.4352415200817854e-11,-7.874281235203633e-10,-6.020726618629133e-08,-2.6163471461824754e-06,-6.46684183614918e-05,-0.0009136012126377828,-0.007447370755859604,-0.03572831323039901,-0.10495881307510928,-0.20187650834337947,-0.2752942216151836,-0.28261815271500107,-0.22838888764225052,-0.14960840325084146,-0.07534086591794283,-0.025928568439291956,-0.005551937877079462,-0.0007041404178032533,-5.168044266622307e-05,-2.1691806554133857e-06,-5.171141842824959e-08,-6.971226147015595e-10,-5.299277028951431e-12,-2.2671277575467732e-14,-5.4516975624010964e-17,-7.36232581784697e-20,-5.580614930335634e-23,-2.373407723265838e-26,-5.662139711768634e-30,0.0
-2.4335310683435562e-05,-6.223926666701509e-05,-0.00014859879337742626,-0.0003337295539815756,-0.0005647167533430592,-0.0006403045270785717,-0.000511331676125333,-0.0003400844064694135,-0.00019849420028984245,-8.494969427994689e-05,-2.2584061513146403e-05,-3.4798416628885294e-06,-3.08060471179907e-07,-4.565249172344901e-08,-1.2537397217729683e-07,-2.8843992204032924e-07,-3.7735670636288e-07,-2.795454037906395e-07,-1.1717597155798439e-07,-2.7778326119763494e-08,-3.723471170515325e-09,-3.0534740283106895e-10,-2.690791304060425e-09,-1.7473343866678204e-07,-6.454228084628429e-06,-0.00013555672986786667,-0.0016304413223405328,-0.011378106010133593,-0.04722093493976044,-0.12198898211720932,-0.21140237647473026,-0.2697699155911188,-0.27250172688134555,-0.22154141878625222,-0.13821576367724095,-0.060345642540799244,-0.016854345503509255,-0.002837698652430611,-0.0002789529563071951,-1.5756662404626033e-05,-5.072615761693384e-07,-9.265778773817557e-09,-9.576391599146644e-11,-5.58918815822601e-13,-1.8394435944522263e-15,-3.4096803690477342e-18,-3.55653880435591e-21,-2.0859472639400037e-24,-6.875111422061642e-28,-1.2727635386684816e-31,0.5
-3.5346298817762625e-05,-9.573146623136829e-05,-0.00022192098420107507,-0.0004225788718207356,-0.0005745140915559424,-0.000523693275503944,-0.0003480347113451551,-0.00020273071891234971,-0.0001025650991888475,-3.623592094693417e-05,-7.719422991558162e-06,-9.480054789359311e-07,-1.2175412919027072e-07,-2.799091840923356e-07,-7.605608054305427e-07,-1.1770644201446453e-06,-1.0323694054997917e-06,-5.161743414672239e-07,-1.484862059182077e-07,-2.4906757913722403e-08,-2.4797220965552837e-09,-3.2054567202588835e-10,-1.5556494842573788e-08,-7.953649483691425e-07,-2.3014440331408285e-05,-0.00037903003051811194,-0.003593501053990907,-0.020023760313221707,-0.06795148176604766,-0.14848121762407013,-0.22632914350164407,-0.26599944954950405,-0.2578683835381952,-0.19688613056938284,-0.10499384817171682,-0.03549310068308891,-0.007211331794387456,-0.0008568871960031005,-5.8662368606540305e-05,-2.293247917709791e-06,-5.0908189845612796e-08,-6.394989042743044e-10,-4.5354936909055436e-12,-1.8134248356528368e-14,-4.083505780092758e-17,-5.1751586980547937e-20,-3.689346470715132e-23,-1.4789002478334398e-26,-3.3323635882382145e-30,-4.219603699615885e-34,1.0
-4.4008154487543285e-05,-0.00012580891974851136,-0.0002860297692472499,-0.0004833262087598448,-0.0005590533164592719,-0.00044622072693698754,-0.0002724189009758159,-0.00013701832408772463,-5.196858730945671e-05,-1.2860119596960952e-05,-1.9032898275579996e-06,-1.719355580577151e-07,-1.5701547473211493e-07,-1.282647096224286e-06,-6.188628058069898e-06,-1.675521535211193e-05,-2.5444056054716643e-05,-2.1668994278422426e-05,-1.0348330446501162e-05,-2.7711461508691904e-06,-4.1611266034252456e-07,-3.693821946042686e-08,-1.2795142044711293e-07,-4.731044375595344e-06,-0.0001007143081075562,-0.001230749709321917,-0.00879075651641132,-0.03778497503396847,-0.10169222172966003,-0.1796107153679641,-0.2228255156354131,-0.21840354314646268,-0.18291260619493643,-0.11730013306769169,-0.048644342092637884,-0.011892874863901386,-0.0016570340700344983,-0.00013015323696703384,-5.743879723063665e-06,-1.4227753798336498e-07,-1.9774638072665843e-09,-1.5419696796138333e-11,-6.745598236411781e-14,-1.6555157051975014e-16,-2.2793329123428717e-19,-1.760508072896983e-22,-7.628136807271654e-26,-1.8541444433468833e-29,-2.5281786298634165e-33,-1.933773165588362e-37,1.5
-7.347963896187848e-05,-0.0002064467534214114,-0.00039086309166276004,-0.000490818135634744,-0.00041531687825935385,-0.00027457462465100006,-0.00017126208210913288,-8.927250692620633e-05,-3.0451848838892622e-05,-6.07334567071837e-06,-6.860749532553667e-07,-4.3598971453618284e-08,-1.971028250347373e-09,-2.637049484802703e-09,-9.64402361838697e-09,-2.1088218919454582e-08,-2.700514348288022e-08,-2.008691185205424e-08,-8.632140202709888e-09,-2.145502055666579e-09,-6.600973974981077e-10,-2.8248867070350223e-08,-1.2873143681403775e-06,-3.336986998324303e-05,-0.0004957164066962867,-0.004282202828093788,-0.022050039650216964,-0.07037699963877297,-0.1472012756943749,-0.21679296360321224,-0.24334621583832014,-0.21710499196438976,-0.14652958722031437,-0.06752555876438283,-0.01957820933844991,-0.003414736416063848,-0.000350363344048744,-2.0889781396696747e-05,-7.179307286075852e-07,-1.4134305476550504e-08,-1.5861184697507358e-10,-1.0104385553202283e-12,-3.642582431884976e-15,-7.412495971969521e-18,-8.499025479558567e-21,-5.483106910653647e-24,-1.9883895761137258e-27,-4.050217488825711e-31,-4.6316006261657987e-35,-2.972337768291903e-39,2.0
-0.00013823029969692793,-0.00030961273237453945,-0.00045130641417135434,-0.00043715927576167956,-0.00031867580041715615,-0.00022817118526163407,-0.00015838478472996796,-7.792111047265007e-05,-2.2855290878103936e-05,-3.811008897086739e-06,-3.5738393616756003e-07,-1.882958819017348e-08,-7.973323415151189e-10,-1.3602568293737301e-09,-4.491874362350907e-09,-8.8553707505471e-09,-1.0308113751653591e-08,-7.100718316323435e-09,-2.9427868510983562e-09,-8.429848472875622e-10,-7.692862962658236e-09,-4.067430020722548e-07,-1.2439234309191487e-05,-0.00021775328721205346,-0.0022056607551718082,-0.013169871997914476,-0.047901047119275036,-0.11225899293506017,-0.18367149453214127,-0.22556173578887334,-0.21158143063974444,-0.14759142053347485,-0.07452404344784264,-0.0264594931697815,-0.006275350658640925,-0.0009344229358905441,-8.312973516128861e-05,-4.285462236039531e-06,-1.259303358817294e-07,-2.091919881198413e-09,-1.9563823078271925e-11,-1.0279506663585019e-13,-3.031522546796087e-16,-5.015318431888216e-19,-4.653433837042676e-22,-2.421189306333639e-25,-7.06374005563956e-29,-1.1555166133353052e-32,-1.0598521124454839e-36,-5.450518130452224e-41,2.5
-0.00013226159563493284,-0.00029436067616684747,-0.0004078598483896028,-0.00037870087816635305,-0.00028666883988718157,-0.0002147197938857605,-0.00013517820208226998,-5.532815971583486e-05,-1.320904902710166e-05,-1.7854814450036944e-06,-1.3564931303564537e-07,-5.836521812797308e-09,-5.202858441157919e-10,-1.670718750462301e-09,-4.557864266121689e-09,-7.726831466288067e-09,-8.14773972943384e-09,-5.452992336604404e-09,-2.70527187951289e-09,-2.3664299168024154e-08,-9.896228592420435e-07,-2.4097649584708743e-05,-0.000333704192453122,-0.0026674666551938786,-0.012714504373877342,-0.03869524428431966,-0.08463917937453748,-0.1488079158392394,-0.20775707147387337,-0.2087227720872005,-0.14440081308586616,-0.07278910178046472,-0.028652613101263397,-0.008331766180930865,-0.001572931176610865,-0.000176568491591833,-1.1346679429948039e-05,-4.1173270192459655e-07,-8.396854986830956e-09,-9.609186102332596e-11,-6.167285216562785e-13,-2.2195284683087637e-15,-4.4787835243737304e-18,-5.067374597672025e-21,-3.2145961563912924e-24,-1.1433764274478738e-27,-2.280190227499164e-31,-2.549598708315904e-35,-1.5984219734997103e-39,-5.618623053408416e-44,3.0
-0.00010676981745273537,-0.00023728310770003175,-0.000348106570102988,-0.00035941797629547627,-0.00029310784341204336,-0.0001985696341878111,-9.870669139223155e-05,-3.096719356441167e-05,-5.677089953495397e-06,-5.913432712406319e-07,-3.473189289938432e-08,-1.6549077867701851e-09,-2.93946863327235e-09,-9.547370243717159e-09,-1.8124531593182865e-08,-2.042162110724264e-08,-1.4361841515195433e-08,-7.673678129990133e-09,-6.094807656009194e-08,-2.3735984772032603e-06,-5.472127571345592e-05,-0.0007212694922352956,-0.005473583521171903,-0.024265651989220854,-0.06521601022561897,-0.11711935527882594,-0.1676167616756559,-0.20942576356896506,-0.20264450931922995,-0.13739050638354836,-0.0691175013274195,-0.028319575091179067,-0.00879296375846163,-0.0017694188979583201,-0.00021014446049671246,-1.4219680189423334e-05,-5.420957472188927e-07,-1.1603930531322675e-08,-1.3932809527180738e-10,-9.380940288252662e-13,-3.541517154340916e-15,-7.496457452110028e-18,-8.896990293155525e-21,-5.9203779065019895e-24,-2.2088931585338097e-27,-4.620818039356012e-31,-5.419782676004399e-35,-3.564213559131955e-39,-1.3142088920559268e-43,-2.7169642351736208e-48,3.5
-0.00011065402857854174,-0.00024717038105643587,-0.0003740825965059413,-0.0003981162990091195,-0.000307892585289042,-0.00017179874805150336,-6.465837605575762e-05,-1.5131821203045067e-05,-2.084417592935786e-06,-1.643883425255264e-07,-7.371400237699411e-09,-5.477050676035339e-10,-1.9143712994484846e-09,-5.827796486941589e-09,-1.0562747777548401e-08,-1.1865960835703699e-08,-1.017510825788979e-08,-1.0390331206101297e-07,-3.6400188461753945e-06,-7.553332032785812e-05,-0.0008985920573584004,-0.0061949184174336725,-0.0252278794274313,-0.06324438450154096,-0.10743472770424793,-0.1446817921146817,-0.16581972415740884,-0.1469090409199165,-0.09630335904785547,-0.05186028529501065,-0.02356469471653143,-0.00763480729917313,-0.0015169659832448982,-0.00017364170054912697,-1.1230237411011688e-05,-4.0810677394476495e-07,-8.320261182806378e-09,-9.512428822806116e-11,-6.097966274651601e-13,-2.1918112696316526e-15,-4.417145813192031e-18,-4.991138325496211e-21,-3.1621061246064165e-24,-1.1232389362455293e-27,-2.2371067318923596e-31,-2.4981591323414893e-35,-1.564128147842121e-39,-5.490898308800628e-44,-1.0807700632085152e-48,-1.192729741663562e-53,4.0
-0.00010740222437317556,-0.00023701179837779787,-0.00036835657947443656,-0.0003985489597809051,-0.0002904827548397052,-0.00013774238523027004,-4.096045851871701e-05,-7.365963860432751e-06,-7.777412032962426e-07,-4.726349023540192e-08,-1.6958498453366602e-09,-5.443603294279424e-10,-2.4418384659658632e-09,-6.9739036114813744e-09,-1.2364603278839343e-08,-2.0099898381438972e-08,-3.4322797500242897e-07,-9.747512766888757e-06,-0.00016126660628748283,-0.0015285585454710763,-0.008459980436266811,-0.028380352631444727,-0.06220692973244927,-0.10259421839436493,-0.14801180401271313,-0.18240077813444902,-0.16725664527114484,-0.11031832601157349,-0.0567307324124621,-0.023210779292087313,-0.006683969827493407,-0.0011931084361769659,-0.00012388641980945938,-7.3053582990085804e-06,-2.426110856758426e-07,-4.524616768870191e-09,-4.7338844432286365e-11,-2.777551706190122e-13,-9.138158358477544e-16,-1.6857237859532215e-18,-1.7435629254165613e-21,-1.0111356448957358e-24,-3.287764577834649e-28,-5.993922042198313e-32,-6.126894463030253e-36,-3.511466921163305e-40,-1.1283806081005306e-44,-2.0330192370229608e-49,-2.053743494827324e-54,-1.1632411336193756e-59,4.5
-9.196922918505344e-05,-0.00020919500448771664,-0.0003397938900391909,-0.00036913840941291695,-0.00025193789954397374,-0.00010420588239817011,-2.5611720270141977e-05,-3.6900052235713015e-06,-3.081601881255871e-07,-1.4805594733273244e-08,-8.240979349942734e-10,-4.164293281022481e-09,-2.5652379938350966e-08,-9.544842177737492e-08,-2.4298667372011695e-07,-1.763590860101144e-06,-3.354997381095974e-05,-0.00041577955703638535,-0.002950704043465627,-0.012254757835306796,-0.03181955456040888,-0.05937395824606263,-0.09541341198533895,-0.13941895908571766,-0.1666605856970399,-0.14911180229292106,-0.1005688961440665,-0.05310675248623157,-0.02100060727738816,-0.005553231236263822,-0.0008957445579043127,-8.40118257653413e-05,-4.486164185636311e-06,-1.3519226702701416e-07,-2.290647780959671e-09,-2.1787552923268247e-11,-1.1625365531994183e-13,-3.478757850351838e-16,-5.837204439527423e-19,-5.4919172348674555e-22,-2.8971469935457324e-25,-8.569189166848065e-29,-1.4211157537047074e-32,-1.3214135655209948e-36,-6.889175288790536e-41,-2.0137923754193568e-45,-3.3005099827904958e-50,-3.0329571488038495e-55,-1.5626810565307743e-60,-4.5143295815142073e-66,5.0
-8.190998418875639e-05,-0.00019359874712333988,-0.0003205390486013257,-0.00033581107963998687,-0.0002087640816076036,-7.491263677172804e-05,-1.5356389492307107e-05,-1.7910670163624245e-06,-1.1862878399462979e-07,-4.562846338143186e-09,-1.0044274599779464e-09,-4.539911123942195e-09,-1.8096674024537114e-08,-2.748987822854042e-07,-7.270712325180801e-06,-0.00011727116479421654,-0.0010672721487460647,-0.005508685667063412,-0.016639446101093962,-0.03280750067600136,-0.05445925791724586,-0.09142725290975867,-0.1346800637631389,-0.15202275679849075,-0.13242195819782301,-0.09220482158157206,-0.04957297186976225,-0.018698673076513114,-0.004512235223893349,-0.0006555209356283047,-5.5401899951201655e-05,-2.675144824308381e-06,-7.311648278016521e-08,-1.125847798070314e-09,-9.74333174947845e-12,-4.7334660586787336e-14,-1.2901315259038458e-16,-1.9721523264565644e-19,-1.690568190674283e-22,-8.126012638356631e-26,-2.1900706976798496e-29,-3.309528986984535e-33,-2.8041252538058375e-37,-1.3321393261602258e-41,-3.548312242390365e-46,-5.299237738867499e-51,-4.437354191000738e-56,-2.0833093662022233e-61,-5.4840618676225783e-67,-8.094122961866615e-73,5.5
-9.819399145952536e-05,-0.00021623301944342772,-0.00032534879613063845,-0.0003038044110722611,-0.00016589751334112184,-5.161312843096902e-05,-9.058017688756078e-06,-8.935146677754884e-07,-4.971724860642283e-08,-4.086633451539221e-09,-1.578019473628448e-08,-9.274625971157283e-08,-1.652879214763485e-06,-3.238455281006739e-05,-0.0003754987256327591,-0.0024519130125020836,-0.009052904956250765,-0.019625303740181566,-0.029904970250516773,-0.049057988759936125,-0.09100016466792475,-0.13394315180091418,-0.1442015946910079,-0.12406363520328482,-0.08771614762350716,-0.04621560696663998,-0.01621154586305023,-0.00352897813939732,-0.0004580879937651903,-3.4614513426511116e-05,-1.4998474562773449e-06,-3.692288647323455e-08,-5.135603266971728e-10,-4.022700486862801e-12,-1.771145906770862e-14,-4.378557945120152e-17,-6.074068386453069e-20,-4.726584686320755e-23,-2.0627553282752615e-26,-5.048139023962948e-30,-6.927400624847818e-34,-5.330265996785409e-38,-2.2996305123249628e-42,-5.5627911242255645e-47,-7.544840550465512e-52,-5.737574835163568e-57,-2.446395757933001e-62,-5.848501351811382e-68,-7.839379753155352e-74,-5.891662631341394e-80,6.0
-0.0001257824071779905,-0.0002582732971732982,-0.00033794547277588943,-0.00027473026857777286,-0.00013485773601362876,-3.904493900797397e-05,-6.557361078242582e-06,-6.317207939841672e-07,-3.509491243186388e-08,-1.0774039600581227e-08,-3.3239477835847524e-07,-8.42794950641457e-06,-0.00012371831535836216,-0.0010216160411582972,-0.004736124302992841,-0.012406801771578328,-0.019347488215831692,-0.02442017254786548,-0.04478838460012069,-0.08982357545142344,-0.1297066157704525,-0.13701324389347455,-0.11921016303646675,-0.08403926273366487,-0.041993309338659385,-0.013399944577722181,-0.0025937638134651323,-0.00029674091300220355,-1.9742888846869e-05,-7.552052308676271e-07,-1.6473356058074222e-08,-2.0374040701023374e-10,-1.4231979861978187e-12,-5.600534759621357e-15,-1.2394816874031613e-17,-1.5410790312295737e-20,-1.0756715024820827e-23,-4.213168264516892e-27,-9.257349416346546e-31,-1.1408600812372532e-34,-7.884858591177568e-39,-3.0558891804972e-43,-6.641125444683879e-48,-8.092673343823307e-53,-5.529417164171597e-58,-2.1183498125997402e-63,-4.550331128994757e-69,-5.480405501515448e-75,-3.700879995874818e-81,-1.401260097501428e-87,6.5
-0.00019337554600550524,-0.0003203498039611473,-0.0003600904261548315,-0.00027432711082421823,-0.0001354242361272176,-4.090723678699411e-05,-7.248477571396965e-06,-7.368193850987594e-07,-1.0302854381940585e-07,-2.005184063714985e-06,-3.719573874327127e-05,-0.0003873529256824348,-0.00226230332915176,-0.00741847831448341,-0.013805377817697268,-0.01600033863016471,-0.01945730166940215,-0.04169632453083291,-0.0843206872878176,-0.12092002268723433,-0.13504719360203338,-0.13075749492630317,-0.1008202426460893,-0.0527453738147099,-0.017067370326882474,-0.003287527594015501,-0.000370397061065121,-2.414772237739304e-05,-9.037393349741429e-07,-1.9298977643447042e-08,-2.3408944674873806e-10,-1.607519687767093e-12,-6.235036079437108e-15,-1.3636705013331312e-17,-1.679796305253811e-20,-1.1644293085935032e-23,-4.5395131481545375e-27,-9.948135561021372e-31,-1.2250458601082284e-34,-8.474512231751936e-39,-3.2924916030572132e-43,-7.18281319526731e-48,-8.797296161208123e-53,-6.048159605203358e-58,-2.3337767681624666e-63,-5.053668819901552e-69,-6.14074059826442e-75,-4.186598965899517e-81,-1.6013754254797296e-87,-3.436249006460781e-94,7.0
-0.0001564698074698839,-0.000284862282128643,-0.00036647051216375545,-0.0003205694447554169,-0.00017734431248412157,-5.855682101678278e-05,-1.1178093696645205e-05,-1.6327708801174412e-06,-9.974507945907903e-06,-0.00013026843180052915,-0.0009611119225539525,-0.00397778856160925,-0.009265509461116133,-0.012487953789559993,-0.012002924222127821,-0.01697750808326358,-0.037808353591721744,-0.07233598751041806,-0.10341496290444274,-0.11568609421250671,-0.10693368739430834,-0.07647191977738002,-0.03732033585919926,-0.01152279661901699,-0.002189694929142079,-0.00025316459142740033,-1.7592055714767788e-05,-7.235488728690776e-07,-1.7344551427143353e-08,-2.3925770502162723e-10,-1.8817457519996406e-12,-8.386156740289394e-15,-2.1093969815766073e-17,-2.9872993176077684e-20,-2.378284986805567e-23,-1.0634201444391025e-26,-2.668986262057503e-30,-3.7586050502400543e-34,-2.969218107692074e-38,-1.3156024092821527e-42,-3.269107460021322e-47,-4.555385637179311e-52,-3.5595206720893857e-57,-1.5596016648103384e-62,-3.831610539763614e-68,-5.2782164767866755e-74,-4.0768614329973176e-80,-1.7656061094229534e-86,-4.287341347757599e-93,-5.837228091231456e-100,7.5
-9.222662269696843e-05,-0.0002349209448354242,-0.0003914421822858273,-0.000415091904576092,-0.000267838843153689,-0.00010140797369248778,-2.4216978502198067e-05,-4.0214631669955964e-05,-0.00035274019749648356,-0.0018581522936217112,-0.005500481915421005,-0.009254849811386835,-0.009680030539433023,-0.009835328744760785,-0.016348581343728987,-0.031519377967575396,-0.058130924340490914,-0.0947009725763678,-0.1254434573232054,-0.12907620019864208,-0.09537776013144157,-0.04705477309943527,-0.015165910797926433,-0.0032149688777254447,-0.00044500003491657,-3.8836725832554405e-05,-2.046283064306167e-06,-6.295470261188522e-08,-1.108531431774349e-09,-1.1054834326351855e-11,-6.211188718581859e-14,-1.9611986668149476e-16,-3.475918513661594e-19,-3.455959551407216e-22,-1.9270763509558348e-25,-6.02563310740716e-29,-1.0564574332731682e-32,-1.0385640465167586e-36,-5.72453055782528e-41,-1.769165728210023e-45,-3.0656148420824e-50,-2.978422439812423e-55,-1.6224608857187594e-60,-4.955428481240763e-66,-8.486080100638525e-72,-8.148017034497712e-78,-4.386474328193021e-84,-1.3240308529839055e-90,-2.2407812497175526e-97,-2.1262761028861748e-104,8.0
-8.369604376382331e-05,-0.0002218152447077559,-0.0004151077582432098,-0.0005273604840345701,-0.00041991643598366366,-0.00020563200572269773,-0.00015977925235348994,-0.0007363608159976738,-0.002784983534221448,-0.0060090959610920374,-0.007657704663948677,-0.007498162230055568,-0.009917867969481254,-0.015446108876614644,-0.023164426288456764,-0.043130664018683304,-0.08107359701158866,-0.11643505508653257,-0.12019880107176152,-0.08760201603634031,-0.044751244715879795,-0.016339170534197638,-0.004289087708703791,-0.0007685876807544911,-8.689016656199926e-05,-5.8401752293713115e-06,-2.260231267313889e-07,-4.962256046546817e-09,-6.1397432302319e-11,-4.2689582164421943e-13,-1.665902536601149e-15,-3.646636842313961e-18,-4.476547471052274e-21,-3.0814364174038144e-24,-1.1893251421595739e-27,-2.5738032170847916e-31,-3.1230061305733274e-35,-2.1246675282863434e-39,-8.104547975987397e-44,-1.7333482971270584e-48,-2.0785567900995493e-53,-1.3975162648682202e-58,-5.2683027290127385e-64,-1.1135338628848598e-69,-1.319638506301153e-75,-8.76850130481687e-82,-3.266740229026942e-88,-6.823743098674928e-95,-7.991891375648421e-102,-5.24801797101112e-109,8.5
-7.591742495644693e-05,-0.00018136297999974608,-0.00035343849952878344,-0.0005603691797681327,-0.000624568660023098,-0.0006101177328623545,-0.0012792226285171778,-0.0032672307311869568,-0.00531421434640543,-0.005838115147308997,-0.007029841782668165,-0.010619850981399009,-0.012771004475580699,-0.014895542914624848,-0.03124482538612663,-0.06916985230135494,-0.10615994191610713,-0.10980434354757145,-0.07969716018469314,-0.04285931758529705,-0.017974597730901137,-0.005792374754826933,-0.0012993028088969562,-0.0001827940670873681,-1.5153610611395843e-05,-7.191152666287905e-07,-1.929776732266167e-08,-2.9138233125506576e-10,-2.4704294716866284e-12,-1.1750740646092505e-14,-3.134641164773884e-17,-4.688953632654068e-20,-3.932806306190819e-23,-1.849508454909234e-26,-4.876771774275631e-30,-7.209893732193738e-34,-5.976470225254859e-38,-2.7776643132520462e-42,-7.238252136526029e-47,-1.0575637095213445e-51,-8.663596727927906e-57,-3.979319067152972e-62,-1.024797688986135e-67,-1.479743190249424e-73,-1.1979905713098251e-79,-5.438001046763067e-86,-1.384025240602114e-92,-1.9750021410146487e-99,-1.5801923963979703e-106,-7.088775153341488e-114,9.0
-7.756123957387814e-05,-0.00014330421571036837,-0.00022903413309642042,-0.00046128508538239573,-0.000980162347462556,-0.001934185317408932,-0.003229622320511381,-0.003819375254074058,-0.0035081175461652856,-0.004234870381590109,-0.005976317474776257,-0.0063385454166398235,-0.008503845959488256,-0.024152391068534992,-0.05929751190036809,-0.09357753066787143,-0.09743202977919646,-0.07230494333441737,-0.041723388873886026,-0.019882798392199186,-0.007573781580880278,-0.0020384558679889943,-0.0003447552287324677,-3.430550464749003e-05,-1.9509747128904457e-06,-6.267596111343594e-08,-1.1322148237852704e-09,-1.1480613452858186e-11,-6.529963184270644e-14,-2.0828090139180908e-16,-3.725082961867727e-19,-3.735533022995706e-22,-2.1003537863549376e-25,-6.621446654878468e-29,-1.1703959841999599e-32,-1.159930211252393e-36,-6.445399427154176e-41,-2.0081062541443057e-45,-3.5078611418474613e-50,-3.4357134977296e-55,-1.8867324876807893e-60,-5.809283241334731e-66,-1.0028907203703363e-71,-9.707413083785174e-78,-5.26832120085866e-84,-1.6030970559636847e-90,-2.735056009626409e-97,-2.6163236617577143e-104,-1.4032516129759154e-111,-4.2198641298883667e-119,9.5
-8.458429691050146e-05,-0.00012803704189623332,-0.00017306591539695856,-0.00047747035168402285,-0.001401759612107893,-0.0025535406191720626,-0.0029452052951169975,-0.0031053863910074264,-0.0041389459151436134,-0.004688427525851194,-0.003976177650453849,-0.0066215066995874055,-0.02130974533031687,-0.05086228972235879,-0.07906326208503872,-0.08399897789366052,-0.0663710609931627,-0.04227794352602973,-0.02250156372502075,-0.009629169014514861,-0.0029549079261406313,-0.0005771742384830477,-6.67472690808801e-05,-4.42152039890951e-06,-1.655593124524988e-07,-3.4863764483243093e-09,-4.121029439852046e-11,-2.732367217090527e-13,-1.0159196231120303e-15,-2.1179894613650706e-18,-2.4758053429697236e-21,-1.6226749664031164e-24,-5.9630261763458215e-28,-1.2286302857675142e-31,-1.4193670987268295e-35,-9.193632828038154e-40,-3.338861756439803e-44,-6.798742085978385e-49,-7.762069641610935e-54,-4.968729354691892e-59,-1.7833311071620943e-64,-3.588702569571506e-70,-4.049130583008193e-76,-2.5615623815414144e-82,-9.085878546385291e-89,-1.8069567357598325e-95,-2.0148717977740815e-102,-1.2596964877722174e-109,-4.415737574269705e-117,-8.678794981739443e-125,10.0
-7.440247381100795e-05,-0.0001228498570029119,-0.00023846802548735792,-0.0005825020041095812,-0.0011563073287225844,-0.001911561091948258,-0.002993118705389734,-0.0037335676212206393,-0.003143464284966307,-0.0027607269253886336,-0.006947024766468062,-0.02042865770130901,-0.04293479869550601,-0.06362222589946559,-0.06954366512209792,-0.06136487925759552,-0.04574082628286041,-0.027477679794593854,-0.01256735021780616,-0.004093819854463813,-0.0008676888201340327,-0.00011102733193288366,-8.224531779484918e-06,-3.460488124595036e-07,-8.20533210666579e-09,-1.0930371550892783e-10,-8.170073559116823e-13,-3.425032774632255e-15,-8.051413242738033e-18,-1.0612496619262692e-20,-7.84312744310314e-24,-3.24999491647916e-27,-7.550853332828277e-31,-9.836229461975756e-35,-7.184230700448978e-39,-2.9420550095610724e-43,-6.755230442344201e-48,-8.69657796792114e-53,-6.277337244342196e-58,-2.540512674088914e-63,-5.764824726164515e-69,-7.334486035869678e-75,-5.23205259781753e-81,-2.0926343661222417e-87,-4.692815085991242e-94,-5.900548262663741e-101,-4.159777761311543e-108,-1.6442457472990854e-115,-3.644031834764697e-123,-4.528104428412129e-131,10.5
-4.320901545560005e-05,-0.00010943104497139375,-0.00024082027120456503,-0.0005161371619940582,-0.0011364675863619062,-0.0020093677561556977,-0.0023418292033999984,-0.0020044096505323784,-0.002872199168925777,-0.008029007020236241,-0.01944261165712636,-0.03537572516399534,-0.048122108702307854,-0.05100641900334952,-0.05021857895922395,-0.04782409944201413,-0.035646319019470275,-0.018050215392460114,-0.005970472486808063,-0.0012579714488222776,-0.00016284064815613999,-1.2497378584918815e-05,-5.544237405795313e-07,-1.4007784638988119e-08,-1.9997456114273953e-10,-1.6066930928820123e-12,-7.251004382110725e-15,-1.83637304885689e-17,-2.6086994089576836e-20,-2.0782269236368942e-23,-9.283727087325715e-27,-2.3253617744880143e-30,-3.2657810754348374e-34,-2.571621267503005e-38,-1.1353975972532361e-42,-2.8106632493074837e-47,-3.901117186814414e-52,-3.035905533959502e-57,-1.3246662225634102e-62,-3.2407353211461177e-68,-4.445284135284265e-74,-3.418805057839936e-80,-1.4742393281136529e-86,-3.5643511832014484e-93,-4.831831929643164e-100,-3.672501560969559e-107,-1.5650600138664606e-114,-3.739545649182434e-122,-5.009859186525515e-130,-3.763145721701072e-138,11.0
-1.8591985111312008e-05,-8.262944690923978e-05,-0.00030681697753147386,-0.0007302445576444195,-0.0010146058277855727,-0.0008808481583429851,-0.0009692357875382813,-0.0027929872010003967,-0.008194501250470934,-0.018045347675557488,-0.029729834056546396,-0.03559258910455645,-0.03257537550255369,-0.03204641978220102,-0.040344544132406984,-0.041845099639935095,-0.027010563612082355,-0.010144586818969872,-0.002189890335718184,-0.00027122599666890804,-1.926681551001748e-05,-7.843373454003792e-07,-1.8269447817769405e-08,-2.4295668011566224e-10,-1.8400100303312376e-12,-7.915531893095933e-15,-1.929536314968725e-17,-2.659510273738383e-20,-2.0688605993403287e-23,-9.069633688264917e-27,-2.2379804485551577e-30,-3.105435633678876e-34,-2.4214362750428414e-38,-1.0603928261480478e-42,-2.606879966436428e-47,-3.5966497760384995e-52,-2.784164446569209e-57,-1.2090215854650361e-62,-2.9448156661635916e-68,-4.022760986702544e-74,-3.081772398460568e-80,-1.3239252612706948e-86,-3.1893002882385687e-93,-4.30807627145985e-100,-3.2630050160399594e-107,-1.3857705920977926e-114,-3.2998856327972645e-122,-4.405918539430812e-130,-3.298383591941788e-138,-1.3844932159852406e-146,11.5
-5.031449257470651e-05,-0.000144589446892528,-0.00024323264218058125,-0.00023972082027895903,-0.00018031165877597217,-0.0004679474954959905,-0.0022874164185065307,-0.007780716488603279,-0.017488199444555565,-0.025954151503170923,-0.025656384229564514,-0.01935160100937409,-0.017848286647383544,-0.02690048031131083,-0.03811951020811689,-0.034781016744542356,-0.018531579273186143,-0.005635963224237255,-0.0009718242780461987,-9.47217612906755e-05,-5.208349480542487e-06,-1.6132431691449995e-07,-2.8116115819634434e-09,-2.754774817770824e-11,-1.5163570958709051e-13,-4.686852520828085e-16,-8.131297892091677e-19,-7.916136975745854e-22,-4.323636736634193e-25,-1.3246432089139192e-28,-2.276205940841697e-32,-2.1935594866928435e-36,-1.1854538198416623e-40,-3.5924988208745195e-45,-6.10478249560541e-50,-5.81693356641876e-55,-3.107850238951484e-60,-9.31026467510383e-66,-1.5638512291474403e-71,-1.4728448102278591e-77,-7.777575567205739e-84,-2.3027955620875867e-90,-3.8228661495938926e-97,-3.558314945305522e-104,-1.8570369224679176e-111,-5.433967313124274e-119,-8.915248259160554e-127,-8.201050916658271e-135,-4.229850416364301e-143,-1.2232065203777964e-151,12.0
-0.00010076697443889458,-0.00017460968888837575,-0.00017258774009598968,-0.00014358768122833888,-0.000521811338346047,-0.0027925255514199996,-0.009234103420387465,-0.01794817924498615,-0.020719418780362205,-0.015331535008547555,-0.010577645546640101,-0.01195282085377803,-0.014932763720897033,-0.012948744620288742,-0.006835276180309168,-0.0021057903804018543,-0.00037145585462888033,-3.716237100258445e-05,-2.098423926604136e-06,-6.67058515804782e-08,-1.1920804743886836e-09,-1.1966572159267352e-11,-6.744495330626911e-14,-2.1336189626777603e-16,-3.787826099333224e-19,-3.7732382408232037e-22,-2.108876640430864e-25,-6.612607571686783e-29,-1.1632074470482554e-32,-1.147854218513084e-36,-6.353987888423608e-41,-1.9729808791448487e-45,-3.43640431649348e-50,-3.357217809240014e-55,-1.8396636013966868e-60,-5.654202113589755e-66,-9.746960008766447e-72,-9.423742327104032e-78,-5.110058360515105e-84,-1.5540638578966814e-90,-2.650605615809409e-97,-2.5354071937665203e-104,-1.360097814658039e-111,-4.091722875205175e-119,-6.9031942007148105e-127,-6.531249447623983e-135,-3.465289754795657e-143,-1.0310388784166448e-151,-1.7202759478581164e-160,-1.6095498600617953e-169,12.5
-0.0005288500256901574,-0.0010868909470974752,-0.0013127394120622232,-0.0014227361822206585,-0.003419451042280999,-0.00899061822315892,-0.014587044222908324,-0.013980893457619221,-0.008966797545528128,-0.006924673523648242,-0.009912174078676375,-0.012972648909089245,-0.011139944869341188,-0.005979548847538065,-0.0019783629676286677,-0.00039687351045333195,-4.736759044648333e-05,-3.305462214071437e-06,-1.3304113264147167e-07,-3.0588179549694697e-09,-3.9915070905118384e-11,-2.94386746679204e-13,-1.2238481774787539e-15,-2.8629171183456107e-18,-3.764161187574117e-21,-2.7795770617142656e-24,-1.1521794668003958e-27,-2.680044617489724e-31,-3.497358988995833e-35,-2.5600101829386585e-39,-1.0509808730292982e-43,-2.4197068022724783e-48,-3.1240579145721194e-53,-2.2617508823383343e-58,-9.181762472390771e-64,-2.0900320583615623e-69,-2.6675845643025433e-75,-1.9090465497232643e-81,-7.660269848038067e-88,-1.7234474380278648e-94,-2.1740843711773334e-101,-1.5377212963261509e-108,-6.098185870057308e-116,-1.355953143962183e-123,-1.6904764401969543e-131,-1.1816627696583133e-139,-4.631243993387036e-148,-1.017703396888678e-156,-1.25390337952012e-165,-8.662157723422461e-175,13.0
-0.00018233681789814115,-0.000790792478485796,-0.002242494339528859,-0.004869405972810891,-0.008570113207154263,-0.010824665549152264,-0.008999836267463385,-0.00600616681298861,-0.005982893045261176,-0.007964361313704248,-0.0088754038817957,-0.008109776238249647,-0.005887205644628527,-0.002908757031623404,-0.0008713161964880525,-0.00015090048171174431,-1.487198664867833e-05,-8.296302796038972e-07,-2.6138267277270347e-08,-4.6450919968674234e-10,-4.6518450245347135e-12,-2.6231538869247646e-14,-8.323209366769148e-17,-1.4851417188974673e-19,-1.489476400391296e-22,-8.392673119701964e-26,-2.6558909379603167e-29,-4.718803702731068e-33,-4.7060481770746345e-37,-2.633866654085804e-41,-8.271236075696798e-46,-1.4572227247004678e-50,-1.4401612276606551e-55,-7.983363046414762e-61,-2.4820907872953454e-66,-4.327928094289757e-72,-4.232057709871891e-78,-2.320678353052794e-84,-7.136020874265364e-91,-1.2304492721158774e-97,-1.1896756815628103e-104,-6.449756401709318e-112,-1.9606583012926825e-119,-3.341946952417581e-127,-3.1939810057838215e-135,-1.711579573916605e-143,-5.14270139309457e-152,-8.663889762986411e-161,-8.18389915976376e-170,-4.334430343868857e-179,13.5
-0.00011590998111286859,-0.000758700033453852,-0.003005019648940049,-0.006922993995559855,-0.009270517504071901,-0.00786560545715203,-0.005896994374587097,-0.005421516522399847,-0.00483092418814634,-0.004341536116289464,-0.00528106766487017,-0.005902591529895708,-0.00419478750676922,-0.0017229670513227468,-0.0004014077499640528,-5.2821860263602935e-05,-3.921082893693817e-06,-1.6409166634499717e-07,-3.869385530376301e-09,-5.138946045999376e-11,-3.842293379279986e-13,-1.6166137071151757e-15,-3.826005528047072e-18,-5.091484997007258e-21,-3.808481293999245e-24,-1.6007750328218491e-27,-3.7796910351318042e-31,-5.012098922585739e-35,-3.731838433875696e-39,-1.559840744268713e-43,-3.659460882576398e-48,-4.8180173964761e-53,-3.559407937429009e-58,-1.475355967032283e-63,-3.4307088819200613e-69,-4.475105153691686e-75,-3.2743454831958024e-81,-1.3437600238492288e-87,-3.092949985099613e-94,-3.992633402471629e-101,-2.8904512619704682e-108,-1.1734872686056218e-115,-2.6716935619410117e-123,-3.4109969112176917e-131,-2.442052188490564e-139,-9.803957186300454e-148,-2.2070687533072388e-156,-2.786086010755588e-165,-1.97212541104658e-174,-7.827694649184612e-184,14.0
-0.00032752922954240333,-0.0013614718251705158,-0.0033316167654441624,-0.005258681219710594,-0.006265764682640714,-0.006074953696025356,-0.0043426349296361915,-0.002315174656441396,-0.0019182592532912897,-0.003568461552931654,-0.00553641494114809,-0.005156571404805564,-0.0027485843942972278,-0.0008308496633566171,-0.00014209369377502472,-1.373566250673054e-05,-7.499763436752897e-07,-2.3114343446393247e-08,-4.018478166791408e-10,-3.9382170815645664e-12,-2.174288748535177e-14,-6.758524816451969e-17,-1.1821206264620544e-19,-1.1628610806176182e-22,-6.430648202621723e-26,-1.9983458100268185e-29,-3.488396178010636e-33,-3.419723488573853e-37,-1.8821554071296015e-41,-5.814668633850369e-46,-1.0081370445332197e-50,-9.807806611013677e-56,-5.35334554811798e-61,-1.6392011021569045e-66,-2.8154840437119295e-72,-2.712405679295309e-78,-1.4655794311311225e-84,-4.441137894443261e-91,-7.547276403637077e-98,-7.192527213445154e-105,-3.843747873356938e-112,-1.1518594753037726e-119,-1.9355585205803513e-127,-1.823760640240477e-135,-9.635580981423516e-144,-2.8545087857132947e-152,-4.74159038282056e-161,-4.41623672897822e-170,-2.306287353116634e-179,-6.753125934169213e-189,14.5
-0.0003575845743778809,-0.0009764696182496951,-0.0016325789961489602,-0.0019279821219540414,-0.002188010159972357,-0.002691281403245741,-0.002723310411192974,-0.0022830315492544124,-0.002920842402936852,-0.0048190349804856395,-0.005460470851631276,-0.0036277304191949683,-0.0013835982235113056,-0.0003017241914105259,-3.753229774634962e-05,-2.6568467546107045e-06,-1.0677254169813784e-07,-2.4305592136390863e-09,-3.12774693372826e-11,-2.2713644394258162e-13,-9.295048159427654e-16,-2.1410429172758864e-18,-2.7733936026073276e-21,-2.018834061354865e-24,-8.253798835231089e-28,-1.8944731615401166e-31,-2.440423963244162e-35,-1.7639206710592327e-39,-7.152375607701166e-44,-1.626744262386342e-48,-2.0751096810326344e-53,-1.4845059986322386e-58,-5.955479828144145e-64,-1.3397586754232574e-69,-1.6900412017636215e-75,-1.1954140097153151e-81,-4.7411296492958235e-88,-1.0543428712922645e-94,-1.314661786141558e-101,-9.191260208359696e-109,-3.602985177434255e-116,-7.919074845752017e-124,-9.759096425222292e-132,-6.743213937529462e-140,-2.6124360855049134e-148,-5.6747305875634044e-157,-6.911387400297155e-166,-4.7196014542465535e-175,-1.8070296633349622e-184,-3.879224640233179e-194,15.0
-2.1716204497884453e-05,-8.548163637093708e-05,-0.0002233149025687372,-0.0004396282938627974,-0.0008899164705878739,-0.0018238332545510245,-0.002853484080410619,-0.003580926544962183,-0.004587239420747922,-0.005284686026150626,-0.004145997603874711,-0.001974227774657736,-0.0005523683870307116,-8.961215190987096e-05,-8.353373978376632e-06,-4.4422807574796917e-07,-1.3404067729175159e-08,-2.2858624843964558e-10,-2.197187038631277e-12,-1.1882104828744173e-14,-3.61080786837227e-17,-6.161087274678313e-20,-5.899705386424406e-23,-3.169423060436171e-26,-9.550259844545926e-30,-1.6138994714022352e-33,-1.5294194486182201e-37,-8.127215724791397e-42,-2.4216258041975026e-46,-4.045880492354672e-51,-3.7901308979843615e-56,-1.9907984686941095e-61,-5.863145957187703e-67,-9.681974176846447e-73,-8.964523651018075e-79,-4.65394748417696e-85,-1.3547154584043854e-91,-2.211102536571428e-98,-2.0235137460671516e-105,-1.0383473981615431e-112,-2.9875949949373175e-120,-4.820001253655296e-128,-4.3603714036750354e-136,-2.2118516558272274e-144,-6.29145140353095e-153,-1.0034949706333162e-161,-8.975474109964821e-171,-4.501809775596575e-180,-1.2662390243599233e-189,-1.9973590693730937e-199,15.5
-0.0005263818496264294,-0.0013011946220494578,-0.0019423199275954012,-0.0021381995904716077,-0.0024958002379295474,-0.003328007355464383,-0.004297350527904021,-0.005116472070195763,-0.005420656782771347,-0.004548046828698972,-0.002624473144884433,-0.0009470991633869016,-0.0002032158154866749,-2.5252861388383116e-05,-1.7916023149826822e-06,-7.199088966973039e-08,-1.6310549837255891e-09,-2.0783845198900123e-11,-1.487460631446129e-13,-5.974401735280037e-16,-1.3461401954935692e-18,-1.7011160174219856e-21,-1.2055141738837837e-24,-4.790470777667073e-28,-1.0674290707085615e-31,-1.3336785290245757e-35,-9.343656844024709e-40,-3.670651626351263e-44,-8.086144558310039e-49,-9.989146541088857e-54,-6.920325146092402e-59,-2.6888492926933724e-64,-5.859887288731096e-70,-7.163901004835714e-76,-4.9138296556000677e-82,-1.8914602252471313e-88,-4.087034343461992e-95,-4.959305686678442e-102,-3.3810700327884776e-109,-1.295963219210743e-116,-2.7951302495684436e-124,-3.3958299729966486e-132,-2.327029911484768e-140,-9.00892991815372e-149,-1.974193048401707e-157,-2.4540998824284427e-166,-1.7345733539390663e-175,-6.987199770332435e-185,-1.607457896243649e-194,-2.1154899698841237e-204,16.0
-2.4533203470964077e-05,-6.656557127932948e-05,-0.00013934458341791222,-0.00035120054222137785,-0.0011729634930689953,-0.0033794059325747867,-0.0065165841878830795,-0.008011706418404856,-0.0065973051282753395,-0.0038889760687204084,-0.001625059729328581,-0.00044276458137487717,-7.275373584388768e-05,-6.909157820486727e-06,-3.722854136142907e-07,-1.129894733614618e-08,-1.9261531709025485e-10,-1.8423305954150762e-12,-9.883035366000941e-15,-2.972992131705848e-17,-5.014851571269097e-20,-4.743345292179777e-23,-2.5158714832583035e-26,-7.483362678842118e-30,-1.2484006949008813e-33,-1.1682305334086386e-37,-6.13373964836558e-42,-1.80760802614958e-46,-2.9916310881932234e-51,-2.7829342077502185e-56,-1.456924043697056e-61,-4.3005002493371815e-67,-7.176622669041897e-73,-6.796497010146837e-79,-3.6713270409921086e-85,-1.1384374345957599e-91,-2.041267762435578e-98,-2.1314749300682045e-105,-1.3031113178476067e-112,-4.6743103949746487e-120,-9.819504252849778e-128,-1.20183514027089e-135,-8.50995602953211e-144,-3.4607273062740656e-152,-8.030725787458097e-161,-1.0578885254303036e-169,-7.880272816159635e-179,-3.310234145658433e-188,-7.826394086251705e-198,-1.0401286739034715e-207,16.5
-7.521923726128191e-05,-0.00017853159573842867,-0.0003770503486818832,-0.0007187126067074875,-0.0012897678914809728,-0.002359484882054477,-0.0040925672252816086,-0.006425202614136577,-0.008503340058299787,-0.00798139550387942,-0.004670212897721339,-0.0016101994324694232,-0.00031985149920321995,-3.622201038896235e-05,-2.324641484604417e-06,-8.422917301932745e-08,-1.7188103223231816e-09,-1.97223527828965e-11,-1.2711760434917588e-13,-4.599174678933334e-16,-9.33676361178294e-19,-1.0632541841703388e-21,-6.790895580733423e-25,-2.4323078213138235e-28,-4.8851881113604447e-32,-5.5016901597817374e-36,-3.474168540789661e-40,-1.2300927216612595e-44,-2.442036455279193e-49,-2.718257998418639e-54,-1.6964907193056276e-59,-5.936539303202417e-65,-1.1647573843424995e-70,-1.2813193150957358e-76,-7.903123019128951e-83,-2.7331243451526184e-89,-5.299552555137846e-96,-5.761533791551347e-103,-3.512012756920206e-110,-1.2003091094587723e-117,-2.3001129537935933e-125,-2.4712932236197253e-133,-1.488738642011058e-141,-5.028422186429168e-150,-9.522788161915295e-159,-1.0111501747419076e-167,-6.0198599004428835e-177,-2.00944597130084e-186,-3.7608460609755606e-196,-3.946518184001144e-206,17.0
-0.00012951972240134852,-0.00042707212389523524,-0.0009274707240009224,-0.0013893184444900611,-0.0018274861339559036,-0.002638042765787033,-0.003522315671645347,-0.0039035002396343057,-0.004003284892958814,-0.0049410024210198265,-0.007156914005075708,-0.007819655928944314,-0.00512084882813721,-0.0019040142702473123,-0.0003978434585737154,-4.662875846145746e-05,-3.064412060436076e-06,-1.1291854649046741e-07,-2.3329386443228055e-09,-2.7024669348346718e-11,-1.7552392966851379e-13,-6.391916912941425e-16,-1.3051028754372273e-18,-1.4940915475893794e-21,-9.590218627674292e-25,-3.4514266132139466e-28,-6.964462685271549e-32,-7.879441305273474e-36,-4.998297136991844e-40,-1.777737168148851e-44,-3.545127600053892e-49,-3.963830060274469e-54,-2.4849463628225045e-59,-8.734495949065979e-65,-1.7213830137848595e-70,-1.902111692143458e-76,-1.1784559508858737e-82,-4.0936388832333054e-89,-7.973050980759899e-96,-8.706796411693525e-103,-5.331029365544943e-110,-1.830132766470815e-117,-3.5226780648571546e-125,-3.801737706218574e-133,-2.3004361410530446e-141,-7.804715027506285e-150,-1.484645462755493e-158,-1.5834607290164102e-167,-9.469143002815294e-177,-3.174920757331412e-186,17.5
-0.0003040501942296952,-0.0009346475361002411,-0.0017119747110127253,-0.0020499440383199255,-0.00218305321790406,-0.0027379672652418554,-0.003395636224572576,-0.003455506630599225,-0.0025804751925385793,-0.0014679062728405327,-0.0017732250325901303,-0.00462108116928159,-0.00818503647945834,-0.00821827665288978,-0.004629195748688638,-0.0014620486463564517,-0.0002589033018105163,-2.5705865173052282e-05,-1.4310199883948535e-06,-4.466609768368107e-08,-7.816802864136505e-10,-7.67006676025797e-12,-4.219762082333977e-14,-1.301654197770469e-16,-2.2512416647815254e-19,-2.1830689318291194e-22,-1.1869477920020295e-25,-3.618383725203484e-29,-6.184669015476939e-33,-5.927030201599009e-37,-3.1847595941211316e-41,-9.594779656020587e-46,-1.6207356806924587e-50,-1.5349994265172593e-55,-8.15122870227785e-61,-2.4269273506002446e-66,-4.051439054533618e-72,-3.792107855314446e-78,-1.9900816193909304e-84,-5.855715018288193e-91,-9.660682593225682e-98,-8.936233964167697e-105,-4.634683531945082e-112,-1.3477349021695997e-119,-2.1973928278826125e-127,-2.0087679316219376e-135,-1.0296050573984386e-143,-2.9589007936684117e-152,-4.7677006351977135e-161,-4.3073125713570755e-170,18.0
-6.48120807819754e-05,-0.00025332318980629656,-0.0008416431805613775,-0.0020753826734920574,-0.003379969735355958,-0.0038548840045311344,-0.0037486039306726384,-0.0032173931831530143,-0.0019785644960938127,-0.0007518085876676273,-0.0002586818464495439,-0.0007438568005547647,-0.003040370993329058,-0.007153899883865881,-0.00944215812080972,-0.006987498833613048,-0.0028992864021982335,-0.0006744959192703522,-8.798048890269332e-05,-6.434462173452497e-06,-2.6384992184486666e-07,-6.066253072094806e-09,-7.819930896523609e-11,-5.652025895356859e-13,-2.2904678871035555e-15,-5.2043094047393096e-18,-6.630111708483896e-21,-4.735844346535116e-24,-1.8966746111847757e-27,-4.258994490509171e-31,-5.362164861492168e-35,-3.785228341131604e-39,-1.4981760168584296e-43,-3.32469977889408e-48,-4.13676514137283e-53,-2.885945547327132e-58,-1.1288447990611356e-63,-2.4757066142513915e-69,-3.044268501613762e-75,-2.0988701350297e-81,-8.113477169761799e-88,-1.758519973914881e-94,-2.1370093843041495e-101,-1.4560771602806807e-108,-5.562642975074129e-116,-1.1915076096106947e-123,-1.4309725096012314e-131,-9.635729451408982e-140,-3.637950127844218e-148,-7.701010601807073e-157,18.5
-4.649847328400143e-05,-0.00021102769268467253,-0.0006917427534205927,-0.001634565645520366,-0.0027805869083994076,-0.0036062645087170456,-0.0037736765849209516,-0.002968774113334367,-0.00152861781331812,-0.00047009942179537475,-8.625151640215246e-05,-6.016215120401551e-05,-0.0004566991979319736,-0.0022495735736988132,-0.006219083564836241,-0.009639937648789742,-0.008378010726086462,-0.0040825022798423845,-0.0011154004014699145,-0.00017086534729336813,-1.4675605453680509e-05,-7.067354853598824e-07,-1.9082558611217632e-08,-2.888917559798984e-10,-2.4521810334800504e-12,-1.1670480734434638e-14,-3.114180633943832e-17,-4.659267980854846e-20,-3.908502704379165e-23,-1.838323674950382e-26,-4.847885797011818e-30,-7.168059758476222e-34,-5.942506845913358e-38,-2.7622094122162573e-42,-7.198837121895687e-47,-1.0519302177624395e-51,-8.618473504297688e-57,-3.9590647754298e-62,-1.019703008610107e-67,-1.4725621404024566e-73,-1.1923188145471837e-79,-5.412899955154306e-86,-1.3778008236444828e-92,-1.966354047506418e-99,-1.5734604443084885e-106,-7.059416069966154e-114,-1.775826635127463e-121,-2.5046738902555e-129,-1.9807088777548054e-137,-8.782313670646836e-146,19.0
-6.834933817179396e-05,-0.0002547568460905488,-0.0006162443683562146,-0.001202743214713935,-0.0022051349699490504,-0.00334869535119668,-0.0035964234492732775,-0.002551349236252397,-0.001157005638382758,-0.000327324582994587,-5.67145197656115e-05,-8.284051719974292e-06,-4.04182023517392e-05,-0.0003760861513714176,-0.001979717186762407,-0.005843226845105096,-0.009669883361522642,-0.008972398650633047,-0.004667826699069812,-0.001361569212784132,-0.00022268120278097869,-2.041955299518946e-05,-1.0498511773998922e-06,-3.0264122430522334e-08,-4.891558675606281e-10,-4.4328729702537665e-12,-2.2523824857811347e-14,-6.416790107028773e-17,-1.0249728518170193e-19,-9.179641652090547e-23,-4.6095436288021677e-26,-1.297803582069394e-29,-2.0487022471417054e-33,-1.813291207562853e-37,-8.99860325298388e-42,-2.5038106907535396e-46,-3.9061301646913006e-51,-3.416730855882677e-56,-1.675689949390359e-61,-4.607818844457929e-67,-7.104212850056631e-73,-6.14123010065559e-79,-2.9765529425020434e-85,-8.088922785960846e-92,-1.2324990826922788e-98,-1.0529345010532958e-105,-5.0435339019014925e-113,-1.3545260734837853e-120,-2.039664000105466e-128,-1.7220617832262035e-136,19.5
-0.00014377544477763832,-0.00037239653674316455,-0.000637972663028685,-0.0008549909399572426,-0.0012549685924678007,-0.001919762078931917,-0.0021579088379292785,-0.0015653825033062757,-0.0007355932920781613,-0.00022680484474399862,-4.488604473543609e-05,-5.545874634403033e-06,-3.11038903149639e-06,-4.460714138664286e-05,-0.0004099230089668005,-0.0021128810796397475,-0.006106144055890831,-0.00989413599404328,-0.008988920542808452,-0.00457884607465809,-0.0013077459497489688,-0.00020941585517780424,-1.8802455621264296e-05,-9.465388012238031e-07,-2.6716595032126765e-08,-4.228074489858308e-10,-3.751655822233453e-12,-1.866475033640234e-14,-5.206432203884306e-17,-8.142862223882336e-20,-7.140568543703927e-23,-3.5108100650881744e-26,-9.678336411273984e-30,-1.4959357096975171e-33,-1.2964148040283867e-37,-6.299322899599675e-42,-1.7161790502688819e-46,-2.6215017884545954e-51,-2.245207876718761e-56,-1.0781564679626092e-61,-2.9028584870909928e-67,-4.3821654800729005e-73,-3.7091168797104113e-79,-1.7602368185137168e-85,-4.6837156327789e-92,-6.987611882957711e-99,-5.8450181841673e-106,-2.741333006519502e-113,-7.208693496641131e-121,-1.0628455588221233e-128,20.0
-6.499114779300518e-05,-0.00020261168935342358,-0.000478304601103801,-0.0008910410415060052,-0.0014582712336066745,-0.0019151118921519699,-0.001747684899103601,-0.0010877069261515245,-0.00048592156141382553,-0.00015534488908943027,-3.2732581914754045e-05,-4.186902557143188e-06,-4.894121122699221e-07,-4.756676016569666e-06,-7.013528168068115e-05,-0.0005813972486954619,-0.0027022786709045067,-0.007042163988760651,-0.01028965874183082,-0.00842974904131202,-0.0038721052739461633,-0.0009972372757244578,-0.0001440020542676474,-1.165890351330528e-05,-5.292557260996986e-07,-1.3470764982336868e-08,-1.9223735828597783e-10,-1.5381622795843693e-12,-6.900576275387207e-15,-1.7357509079995328e-17,-2.447982327165047e-20,-1.9357443121790793e-23,-8.582356333213577e-27,-2.1334571723013358e-30,-2.973583598951862e-34,-2.3237810881958403e-38,-1.018190662146742e-42,-2.5013924996349443e-47,-3.445509196371249e-52,-2.660993539754615e-57,-1.1522668391553217e-62,-2.797571169195476e-68,-3.808272882774175e-74,-2.906657185652199e-80,-1.2438797668378243e-86,-2.9845704183548618e-93,-4.015171438428409e-100,-3.0286228401216985e-107,-1.2808702235736883e-114,-3.037273513058581e-122,20.5
-3.405412082700852e-05,-0.00015455978734176307,-0.00045405002295743023,-0.0009648499377650422,-0.0015449093652345302,-0.0017448293156004518,-0.0013206389767167826,-0.0007000851859026943,-0.0002814388377867078,-8.362936519116459e-05,-1.633315945788297e-05,-1.911795249744429e-06,-1.4257188872033345e-07,-5.561802010466361e-07,-1.2097502539456518e-05,-0.00014883896552617178,-0.0010267391921059215,-0.003971206561234449,-0.008611992667504034,-0.010471373776330653,-0.0071387555255661385,-0.002728727660478825,-0.0005848125902147346,-7.027357875764879e-05,-4.73463239031562e-06,-1.7885426270326302e-07,-3.788184846010319e-09,-4.498646481007107e-11,-2.995376419286465e-13,-1.1182522574084207e-15,-2.3407066943261628e-18,-2.7470910089095856e-21,-1.8076649380138815e-24,-6.669321569441065e-28,-1.3796350466537036e-31,-1.6001681245161364e-35,-1.0406048565561483e-39,-3.79424105145193e-44,-7.756804133981826e-49,-8.891183400697845e-54,-5.714196208003593e-59,-2.0590626709611463e-64,-4.16009088360071e-70,-4.7125384695493077e-76,-2.993131758481685e-82,-1.0658978794599877e-88,-2.128257624969044e-95,-2.38260272679903e-102,-1.4955395672280851e-109,-5.263359293003088e-117,21.0
-2.776391445478105e-05,-0.00013759209062583856,-0.0004417545536968337,-0.0009723160310529905,-0.001465592438845931,-0.0014483993984791387,-0.000922959261427523,-0.00039929556597724514,-0.00012716077478201643,-2.9677608022876107e-05,-4.594257759982545e-06,-4.3036133882969655e-07,-2.4834841620166904e-08,-8.348868635867197e-08,-2.487832736243291e-06,-4.1925144482866835e-05,-0.0003961402674683664,-0.002098660801891167,-0.006233821294030318,-0.010382101774727282,-0.009694715131246362,-0.005075790158885423,-0.0014900165870801766,-0.00024524343102043936,-2.2631977378315126e-05,-1.1710257741387844e-06,-3.3972635865855914e-08,-5.52599987868211e-10,-5.0397771663587456e-12,-2.5770962244854098e-14,-7.388712555758206e-17,-1.1877519302352981e-19,-1.0705366866984252e-22,-5.409986751901784e-26,-1.5328853898472325e-29,-2.435241324569983e-33,-2.169167862366035e-37,-1.083335948586863e-41,-3.033555776685904e-46,-4.76277045653924e-51,-4.1926262987122e-56,-2.0693382906656595e-61,-5.7265844590744774e-67,-8.885434778309313e-73,-7.730018495469868e-79,-3.7705197447107334e-85,-1.0311948664036046e-91,-1.5812447692711467e-98,-1.3594908787038957e-105,-6.553485320294578e-113,21.5
-2.4365387949833548e-05,-0.00012325593795515244,-0.0003957163052418113,-0.0008383352896367698,-0.0011796055719698576,-0.0010816664291626494,-0.0006373295092052509,-0.00024238219329757282,-6.004441570286904e-05,-9.61441933701313e-06,-9.677478856539732e-07,-5.934036799799452e-08,-2.468425616211494e-09,-1.8637341876606272e-08,-7.044718426418662e-07,-1.4972348055983023e-05,-0.00017841678636546204,-0.00119206612892822,-0.004465641143381091,-0.009379639120829392,-0.011046056870295681,-0.0072936892647637265,-0.002700263063287383,-0.0005605104723601632,-6.523493338683831e-05,-4.2569206209915746e-06,-1.557505960177537e-07,-3.1950872283454856e-09,-3.674976428396835e-11,-2.36998301230821e-13,-8.569485434141881e-16,-1.7373330977730407e-18,-1.97483255795979e-21,-1.2586248449180523e-24,-4.497603422712992e-28,-9.011246167241119e-32,-1.0122956846797927e-35,-6.3760065394504636e-40,-2.251691864911331e-44,-4.458492088796425e-49,-4.949779795529439e-54,-3.0810772939227147e-59,-1.0753210438285955e-64,-2.104226729689594e-70,-2.3086907231378704e-76,-1.4202271781313833e-82,-4.898563219384127e-89,-9.4732380779313e-96,-1.027181108154135e-102,-6.244741006714177e-110,22.0
-2.3352719049923196e-05,-0.00011535731389996173,-0.0003567307222607252,-0.0007131670269298205,-0.0009355354882721367,-0.0008039165604316442,-0.00044894693103544544,-0.00016099047958960573,-3.6299302291903436e-05,-5.000096716261298e-06,-4.0932898083778195e-07,-1.9697202278124647e-08,-6.941129903716288e-10,-7.04831496683302e-09,-3.083797072045098e-07,-7.5855927435562765e-06,-0.00010461969331768118,-0.0008090143063922159,-0.0035076624798221798,-0.008527038612806787,-0.011622444969208265,-0.0088820988892893,-0.0038058577018570306,-0.0009143412752449437,-0.00012316376052760438,-9.302001233198754e-06,-3.939024495049194e-07,-9.352329660693113e-09,-1.245001196799206e-10,-9.292628334501997e-13,-3.888894870081364e-15,-9.12499583278029e-18,-1.2004884426196837e-20,-8.855276546334663e-24,-3.662394392633506e-27,-8.49272240497507e-31,-1.1041995961833964e-34,-8.049466100269305e-39,-3.2900720146901813e-43,-7.539847624027472e-48,-9.688099059691704e-53,-6.979646205936805e-58,-2.8193376041751584e-63,-6.385274844280021e-69,-8.108321188596572e-75,-5.772994298191306e-81,-2.3045713049496055e-87,-5.158197992802417e-94,-6.473284622821201e-101,-4.554809672473551e-108,22.5
-2.3175662537785106e-05,-0.0001083007751215103,-0.00032084762356280895,-0.0006301282202953004,-0.0008351290472727812,-0.0007333251575670229,-0.0004110835198164082,-0.00014189014742082095,-2.932448081676673e-05,-3.5576809295909516e-06,-2.504492770130908e-07,-1.0404103027288035e-08,-3.8671985641687267e-10,-4.8466694665621775e-09,-2.2451500231379178e-07,-5.853719142238339e-06,-8.557363511667166e-05,-0.0007014018747533402,-0.003223388858148121,-0.008305720552492717,-0.01199943414049929,-0.009719928144788156,-0.004414527016279381,-0.0011241496774832692,-0.0001605029200858601,-1.28487409327097e-05,-5.767094179701365e-07,-1.4513506491272709e-08,-2.047889389822494e-10,-1.6201658616601233e-12,-7.186729430645186e-15,-1.7874008040391972e-17,-2.492478609719348e-20,-1.9487663302297423e-23,-8.542931650797323e-27,-2.099775831122247e-30,-2.8937284231057497e-34,-2.2359466871069933e-38,-9.686880785313837e-43,-2.3530182869214734e-47,-3.204686024517508e-52,-2.447172068747817e-57,-1.0477613266871109e-62,-2.515237841710612e-68,-3.3854358507671975e-74,-2.554870879057749e-80,-1.0810409863609747e-86,-2.5646859964899686e-93,-3.4114976592379234e-100,-2.5443379248447114e-107,23.0
-2.4376269218359044e-05,-0.00010678784688936986,-0.00031401776878148453,-0.0006523479576007175,-0.000934908440453979,-0.000861099068940992,-0.0004796636749880234,-0.00015604137753558918,-2.91310705752369e-05,-3.0944866390481124e-06,-1.8684070216901333e-07,-6.752176346425706e-09,-3.3415705929381435e-10,-6.200193419008258e-09,-2.7861781828185616e-07,-7.049101989515271e-06,-9.999571447233033e-05,-0.0007953308464449727,-0.003546770618790487,-0.008868235434614192,-0.01243254852695181,-0.009772416053435398,-0.004306878007318099,-0.0010642460064857343,-0.00014744848835253148,-1.1454007323548759e-05,-4.988769347123442e-07,-1.218283129582371e-08,-1.6680991925237795e-10,-1.280602515646168e-12,-5.512208871927894e-15,-1.330319072536548e-17,-1.8001338806943273e-20,-1.3657544711571098e-23,-5.809774721866058e-27,-1.3856858780169662e-30,-1.8530584826385755e-34,-1.389416005550938e-38,-5.84109548417012e-43,-1.3768136104501668e-47,-1.819595407484389e-52,-1.3483211598280993e-57,-5.601840059220414e-63,-1.3049290407553801e-68,-1.704362320319235e-74,-1.248118409546997e-80,-5.1247005126634634e-87,-1.1797772797981117e-93,-1.5228264196662593e-100,-1.1020964768059415e-107,23.5
-2.5382492903169393e-05,-9.642427678995105e-05,-0.0002651416741242672,-0.0005882674937663884,-0.000987223531623664,-0.0010878388748340947,-0.0007206948123925606,-0.00027651586392102084,-6.051311785799314e-05,-7.501646934968657e-06,-5.256119718408721e-07,-2.1236960992279944e-08,-8.643488752749994e-10,-1.4613237545242949e-08,-5.832735707517581e-07,-1.3094792885710235e-05,-0.000164834182854188,-0.0011633617259023759,-0.004603637302011955,-0.010214244884973474,-0.012706626600333643,-0.008862844028943242,-0.003466049668349807,-0.0007600029776066844,-9.343608700371302e-05,-6.440696394846226e-06,-2.4892576443097426e-07,-5.39418339732939e-09,-6.553908941796623e-11,-4.464716989008767e-13,-1.7053216405641933e-15,-3.6520566729870334e-18,-4.3851812653357264e-21,-2.952272412841475e-24,-1.1144078003259149e-27,-2.3585804525256788e-31,-2.798827181948001e-35,-1.8621742113279534e-39,-6.946777187475302e-44,-1.4529988399508987e-48,-1.703985921763296e-53,-1.1204321799989003e-58,-4.130703111239329e-64,-8.538492994477074e-70,-9.895945794072372e-76,-6.430610801767824e-82,-2.3429659670466212e-88,-4.7862851796672074e-95,-5.48213844982831e-102,-3.520629014601535e-109,24.0
-2.7574469758600685e-05,-8.537395646721909e-05,-0.00018838137611454234,-0.00037533335373092866,-0.0007282413360985897,-0.0011104020478251743,-0.001088472732957372,-0.0006280378175179361,-0.00020667805515327533,-3.836761847205619e-05,-4.003029796655141e-06,-2.3496345027435045e-07,-9.054963061335272e-09,-6.234903955372786e-08,-2.007108978500067e-06,-3.634692538311432e-05,-0.00036905010222066645,-0.002100979545199486,-0.006706210095765687,-0.01200193644474965,-0.012043267334262517,-0.0067757311828385205,-0.002137405118763958,-0.00037803878545630186,-3.748907371460485e-05,-2.08445199281988e-06,-6.498272531618144e-08,-1.1358547065961554e-09,-1.1131827791409191e-11,-6.116866654183092e-14,-1.884561799643806e-16,-3.255446712027178e-19,-3.153041120451142e-22,-1.7122513413198337e-25,-5.213438228679317e-29,-8.900200408551864e-33,-8.519109025053284e-37,-4.572012438382899e-41,-1.3757498270007544e-45,-2.3210813773605544e-50,-2.1956347922186455e-55,-1.1645246277381678e-60,-3.4630286755765496e-66,-5.774073854852274e-72,-5.397932108332896e-78,-2.829380382725319e-84,-8.315226714956678e-91,-1.3701738924063513e-97,-1.2658904342196668e-104,-6.557455992938862e-112,24.5
-4.1015769516877756e-05,-0.00010819447743662069,-0.00018367735696081807,-0.00023803854603655556,-0.00037118390864518793,-0.0007576886310348274,-0.0011778775862853485,-0.0010877152472859215,-0.0005685372753665244,-0.00016687784719648856,-2.7471548564919897e-05,-2.536524270051533e-06,-1.425720081351942e-07,-4.6296684828205437e-07,-1.0749928366612973e-05,-0.00014113833095925793,-0.0010389776770137618,-0.004288311228625757,-0.009923964783337022,-0.012876652283627882,-0.009367842034875291,-0.003821157915627584,-0.0008739151128408214,-0.00011206302723999314,-8.057017134897059e-06,-3.247918036316351e-07,-7.340990656116435e-09,-9.303002084143757e-11,-6.610136105017256e-13,-2.6333981255019097e-15,-5.8822229189069175e-18,-7.366908443985522e-21,-5.1730646096170645e-24,-2.0367108144313057e-27,-4.496034890401991e-31,-5.564790422501759e-35,-3.861773424573986e-39,-1.5026007555318152e-43,-3.2780777711828534e-48,-4.0097171624841155e-53,-2.7499643430286998e-58,-1.0574484927669193e-63,-2.2798707094014673e-69,-2.7560053237655286e-75,-1.8679649454860782e-81,-7.098657593928143e-88,-1.5125250337853028e-94,-1.8069567222821282e-101,-1.2103522096523548e-108,-4.545635628085243e-116,25.0
-5.2697125673487195e-05,-0.00011291792429828632,-0.00015441472691778027,-0.0001445094159763188,-0.00015112322025718887,-0.0003685693839887377,-0.0008761177907568444,-0.001241937210818978,-0.0009922487750970105,-0.00044469226152979023,-0.00011174801464036859,-1.5749512255560396e-05,-1.4364054239930646e-06,-5.231022037275116e-06,-7.81443766529942e-05,-0.0006614836574027939,-0.0031395471159400144,-0.008354755424032346,-0.012465775851689169,-0.010428545078593929,-0.0048915553108454055,-0.00128643856563218,-0.00018969241703174669,-1.5683021074680194e-05,-7.269898015370986e-07,-1.889495002160038e-08,-2.7534805508580614e-10,-2.2497647897946594e-12,-1.0306496366131968e-14,-2.6473040866114177e-17,-3.8125490721426385e-20,-3.078547728876221e-23,-1.393783043422825e-26,-3.5380445635738155e-30,-5.035588783998213e-34,-4.018426720079723e-38,-1.7979627300042688e-42,-4.510494459313122e-47,-6.3443401422829606e-52,-5.003427381544076e-57,-2.212420018994682e-62,-5.485123302660543e-68,-7.62472257592056e-74,-5.942655232472723e-80,-2.596903789995817e-86,-6.362825632659522e-93,-8.741038243653339e-100,-6.732786692214179e-107,-2.907672754599098e-114,-7.040686960512531e-122,25.5
-4.708125512050099e-05,-9.075757069020035e-05,-0.0001122818301075647,-9.316680540673701e-05,-7.149713787614633e-05,-0.0001605454435792199,-0.0005186794958204969,-0.001037744034172708,-0.0011716768027208817,-0.0007420585398029202,-0.0002635176146050705,-5.263398241762925e-05,-1.0401141762092988e-05,-7.009768343328605e-05,-0.0006000483099798372,-0.0028949896455240424,-0.007831336706288262,-0.01187800908910981,-0.010101136654988914,-0.004816323797833793,-0.001287596961349376,-0.00019300254967433725,-1.6220527970285307e-05,-7.643385474603616e-07,-2.0194140605667068e-08,-2.9914643082517146e-10,-2.484626494490863e-12,-1.1570636096757779e-14,-3.021149347060874e-17,-4.4228884991359977e-20,-3.630434652477241e-23,-1.6708216476489577e-26,-4.3114206717879695e-30,-6.237772659863447e-34,-5.060081618528409e-38,-2.301464806449328e-42,-5.869079480685683e-47,-8.391787544865722e-52,-6.727563509887478e-57,-3.0239873422091835e-62,-7.62115805009151e-68,-1.0769134577453552e-73,-8.53216954342446e-80,-3.7901551307242515e-86,-9.440029072690256e-93,-1.318282583050414e-99,-1.0321968595397055e-106,-4.531431185251454e-114,-1.1153908603921397e-121,-1.5393508312319348e-129,26.0
-4.2732059882105314e-05,-7.520292739478141e-05,-9.054082392029687e-05,-7.826580971441643e-05,-5.299584817541702e-05,-7.71720580654522e-05,-0.00028417428128695504,-0.0007333446121984315,-0.0010740784354548007,-0.0008825972563959531,-0.0004069568190463501,-0.00011258563804857274,-0.00011854872118960816,-0.0007958533918139993,-0.003426144908485998,-0.008282432939069072,-0.011226282064323244,-0.008531647075446132,-0.003635370271222608,-0.0008685268671402096,-0.00011634204686428285,-8.737938419437699e-06,-3.679595641297164e-07,-8.68780467815768e-09,-1.1501085650583038e-10,-8.536630104412251e-13,-3.5526541105160376e-15,-8.289688767645508e-18,-1.0845319764859899e-20,-7.955460684656168e-24,-3.271953650458087e-27,-7.5451484469185275e-31,-9.755449185938561e-35,-7.072054358148184e-39,-2.8745028648520514e-43,-6.550866335313824e-48,-8.370541753479112e-53,-5.996905878600012e-58,-2.408905342745357e-63,-5.425391388339054e-69,-6.851114869346018e-75,-4.850765290257341e-81,-1.9256533524425283e-87,-4.286124633401801e-94,-5.3489719132801575e-101,-3.7427832407146936e-108,-1.4683780080643332e-115,-3.22998052196492e-123,-3.983646305695663e-131,-2.7547391243162356e-139,26.5
-2.2874800155727553e-05,-4.865658157512692e-05,-7.435425435599963e-05,-7.42601273383304e-05,-4.715147737079148e-05,-4.316876294174683e-05,-0.00015847572492754856,-0.00048734351173349184,-0.000855767868497396,-0.0008443235105108461,-0.0004887162734406593,-0.0003886408061874834,-0.0014846468292323933,-0.004890553115499354,-0.009178607736618319,-0.009663151422518243,-0.005704079096538989,-0.0018878665981769713,-0.00035032885348338494,-3.6450152506167625e-05,-2.126383669827433e-06,-6.955089829352075e-08,-1.2755065566569116e-09,-1.3115398292375524e-11,-7.561345958703457e-14,-2.4441934212101466e-16,-4.429868854739896e-19,-4.501580327914549e-22,-2.5648264039942045e-25,-8.193506154352789e-29,-1.4675754197794004e-32,-1.4738385464926688e-36,-8.2988560027605e-41,-2.6200246895248328e-45,-4.6377931561217755e-50,-4.602949429087233e-55,-2.5614145267908347e-60,-7.991758831543813e-66,-1.398053231509001e-71,-1.3712728655014409e-77,-7.541242278680851e-84,-2.3253093698328775e-90,-4.0201052752007176e-97,-3.896843345881664e-104,-2.1179090456435235e-111,-6.453874258199085e-119,-1.1026877015490616e-126,-1.0563392052352885e-134,-5.673787981198284e-143,-1.7086835722319175e-151,27.0
-2.0827102792072294e-05,-5.092249516534169e-05,-7.890595749723226e-05,-7.17424587185766e-05,-3.846016874002548e-05,-2.5879411349307096e-05,-9.47952228507873e-05,-0.00032553052026863106,-0.0006472868338955746,-0.0008163837853669757,-0.0012324281816345267,-0.003311020117374904,-0.007050234620597693,-0.008748578469076894,-0.006107941351605543,-0.0023916793974740913,-0.000525099303889423,-6.463976496978436e-05,-4.461460165617594e-06,-1.7265259693222077e-07,-3.746174883990508e-09,-4.557448998394925e-11,-3.1086685770696957e-13,-1.1889014753225903e-15,-2.5493892212791717e-18,-3.0651043274199867e-21,-2.066204075538144e-24,-7.809441987104645e-28,-1.6549528644881338e-31,-1.9663919672134093e-35,-1.310006319090729e-39,-4.893228835519779e-44,-1.0247938223811367e-48,-1.2033620406061482e-53,-7.922731781995211e-59,-2.9246401365879505e-64,-6.053252007527513e-70,-7.024637379200984e-76,-4.570649329711916e-82,-1.667441980662616e-88,-3.410691170272088e-95,-3.911586143597783e-102,-2.5152562555246165e-109,-9.068394673567903e-117,-1.8331475605159631e-124,-2.0777020767843823e-132,-1.3203466235612695e-140,-4.704478424536839e-149,-9.398398157665314e-158,-1.0527252382463783e-166,27.5
-2.408555513117174e-05,-5.6603752082426853e-05,-7.53107004318906e-05,-5.649138319775603e-05,-2.4688142611393758e-05,-1.5536984923772083e-05,-6.957117043068778e-05,-0.0003184438669292731,-0.0011202286944968973,-0.0031208331800416647,-0.006059378318289515,-0.007210087477645806,-0.00495384982494704,-0.0019256047580413643,-0.0004207981192949696,-5.1599260935243165e-05,-3.5484085391693294e-06,-1.3682723778917707e-07,-2.9582793383144506e-09,-3.586140036555974e-11,-2.4374455016973553e-13,-9.288843529491851e-16,-1.9847567326410075e-18,-2.3777805855724196e-21,-1.597184592757205e-24,-6.015299918801119e-28,-1.2702180993488875e-31,-1.5038971778853688e-35,-9.983362221525852e-40,-3.715817276921843e-44,-7.754444773163068e-49,-9.073313180935801e-54,-5.952507241906214e-59,-2.189539578463011e-64,-4.515693992483534e-70,-5.2217376101073725e-76,-3.3855125057280725e-82,-1.2307012351046932e-88,-2.5084167212971994e-95,-2.8665899536625336e-102,-1.8367510571411324e-109,-6.598631244541774e-117,-1.3291569189270422e-124,-1.501127185842429e-132,-9.505556787985091e-141,-3.3748654884981578e-149,-6.71821984864526e-158,-7.498437779281599e-167,-4.692520830719039e-176,-1.6464951769864188e-185,28.0
-2.779455479704576e-05,-5.210665366658075e-05,-5.484152237398787e-05,-3.303981623416447e-05,-2.3092272702384554e-05,-0.00013360926114412016,-0.0007894503861526173,-0.0026566946076611014,-0.005018423231699967,-0.005320052079083255,-0.0031653776394433546,-0.0010571628394262227,-0.00019820515889294512,-2.086405279558028e-05,-1.2332489426901942e-06,-4.093854906427387e-08,-7.633228631409567e-10,-7.995499299245803e-12,-4.7055899385549794e-14,-1.556270317897174e-16,-2.892880763290121e-19,-3.022890669555254e-22,-1.7759522103920988e-25,-5.867119982868333e-29,-1.0901030029781149e-32,-1.1392464898547254e-36,-6.697728572065271e-41,-2.2153443136719448e-45,-4.122815276579363e-50,-4.317283475465363e-55,-2.5439331497011346e-60,-8.434950629638201e-66,-1.5737407606859356e-71,-1.6521091530622317e-77,-9.758202496998905e-84,-3.2425558654892603e-90,-6.060996874110048e-97,-6.372129635469612e-104,-3.7674544358458476e-111,-1.252473292792684e-118,-2.3408675119651473e-126,-2.459245384223199e-134,-1.452016269606299e-142,-4.8174123321829474e-151,-8.979624085039361e-160,-9.402334381517067e-169,-5.529427601922707e-178,-1.8261160747673484e-187,-3.3862610946503373e-197,-3.5253325395551515e-207,28.5
-2.1935482949176726e-05,-3.266072201655073e-05,-4.737554320834173e-05,-0.0001937254055655312,-0.0008318840900295917,-0.002114342145713074,-0.0030426212796491694,-0.0025310641703496024,-0.0013373835287181013,-0.0005729876465126268,-0.000236258162819959,-7.594862973108581e-05,-1.5195937969651992e-05,-1.747653742624121e-06,-1.1331208125066928e-07,-4.124090018697825e-09,-8.418001150034113e-11,-9.634569225588552e-13,-6.18271937376865e-15,-2.2245731689694945e-17,-4.4877941235320714e-20,-5.076192034256815e-23,-3.219304142488132e-26,-1.1447346074817601e-29,-2.282267016417561e-33,-2.5512142489515356e-37,-1.5989918365815702e-41,-5.619069423692128e-46,-1.107137053204119e-50,-1.2230866064022385e-55,-7.575858799855917e-61,-2.631027391200595e-66,-5.123157458531053e-72,-5.593309807574198e-78,-3.4238827415320727e-84,-1.1751349076787393e-90,-2.261389692605767e-97,-2.4399556138936595e-104,-1.476071110368074e-111,-5.006698868892896e-119,-9.521700105278032e-127,-1.0153046215997531e-134,-6.07011702585018e-143,-2.0347759760574516e-151,-3.824326611625407e-160,-4.030066257101635e-169,-2.381158109920772e-178,-7.888294529744997e-188,-1.4651997584847838e-197,-1.5259116743625525e-207,29.0
-1.898979271292829e-05,-0.00010191602432293053,-0.0003619675401242419,-0.0007428458290079995,-0.0008593010599160373,-0.0005615509318077921,-0.00023018300249799618,-0.00014085395006289107,-0.00020728046959221918,-0.00023153518646757906,-0.00014802134213492805,-5.312028388668484e-05,-1.068918814891509e-05,-1.206007080425548e-06,-7.629113311907074e-08,-2.70593383551608e-09,-5.3812000986193145e-11,-6.000120272556847e-13,-3.751108367005497e-15,-1.3148557317016061e-17,-2.584136403925778e-20,-2.847551592313055e-23,-1.7593271523695886e-26,-6.094533183160191e-30,-1.1837312781817506e-33,-1.2890941490118566e-37,-7.871091984982813e-42,-2.6946612366593096e-46,-5.172401140699071e-51,-5.566715923571591e-56,-3.3591141038237345e-61,-1.1364996076628205e-66,-2.1559200949250725e-72,-2.293057090426258e-78,-1.3674640292991506e-84,-4.5723113036616625e-91,-8.571848928855314e-98,-9.010150846822143e-105,-5.31017033394259e-112,-1.7547032439271123e-119,-3.2510057859604504e-127,-3.377152268915562e-135,-1.9669910292758343e-143,-6.42351810644428e-152,-1.1761490514122198e-160,-1.2074540409563478e-169,-6.950206248913063e-179,-2.2430740573051916e-188,-4.05890016251923e-198,-4.118053288821299e-208,29.5
-1.5563092354393739e-07,-2.741879692444276e-07,-2.829367970235557e-07,-1.886975138137946e-07,-4.134748554899361e-07,-3.936031451499643e-06,-2.460522536330115e-05,-8.658794157760158e-05,-0.00017088023094312865,-0.00018908582830501114,-0.00011731394965986479,-4.080948537787759e-05,-7.959618760475287e-06,-8.704475901973592e-07,-5.337181719950824e-08,-1.8348487159082655e-09,-3.536774768903346e-11,-3.8223759159254304e-13,-2.316211594537893e-15,-7.869405164482393e-18,-1.499078648662406e-20,-1.601126952702709e-23,-9.588395843001065e-27,-3.219474416464362e-30,-6.0609798248706155e-34,-6.397636121806193e-38,-3.786300409724806e-42,-1.2564043704842704e-46,-2.3375593434464068e-51,-2.438454679742542e-56,-1.4262168669607139e-61,-4.677085237872692e-67,-8.599710629859693e-73,-8.865663180751663e-79,-5.1245702882175033e-85,-1.6608198136309705e-91,-3.017910923867427e-98,-3.0747453502644666e-105,-1.7564295152163182e-112,-5.625629624474146e-120,-1.0102535432591344e-127,-1.017204950732778e-135,-5.742557927006472e-144,-1.8176955371551101e-152,-3.225935900873892e-161,-3.2100305319446238e-170,-1.790941620175464e-179,-5.602379600448626e-189,-9.82612922535123e-199,-9.662983708116005e-209,30.0
-2.4829419805682833e-07,-3.359783850017625e-07,-2.5661982444755106e-07,-1.304634666873965e-07,-3.9551887300919393e-07,-3.96717808190772e-06,-2.4094899784352715e-05,-8.22022378359381e-05,-0.0001572587030130236,-0.00016868440603816945,-0.00010145135477884789,-3.421065273887269e-05,-6.468216558456949e-06,-6.856886949229751e-07,-4.075570988137517e-08,-1.3582160808145413e-09,-2.537862903229075e-11,-2.658803895857446e-13,-1.561792392493867e-15,-5.143741579886135e-18,-9.498473588503421e-21,-9.834387920936617e-24,-5.708995335552577e-27,-1.858193249767139e-30,-3.391102404370343e-34,-3.4698425483706966e-38,-1.990661734276114e-42,-6.403302294417804e-47,-1.1548601038769007e-51,-1.1678137606597308e-56,-6.621198911693534e-62,-2.1048372368151408e-67,-3.7516234187840376e-73,-3.7492016091135033e-79,-2.1007636201298368e-85,-6.599855359297756e-92,-1.1625469048180995e-98,-1.148167864154512e-105,-6.357979555086233e-113,-1.9740207043467825e-120,-3.436395300373222e-128,-3.3540796066717096e-136,-1.8355340798301538e-144,-5.63210023323653e-153,-9.68940557481927e-162,-9.346364862657498e-171,-5.054837093648455e-180,-1.5328174406743797e-189,-2.606108779737838e-199,-2.484354015753258e-209,30.5
-3.0479028484825843e-08,-9.55933334756049e-08,-3.4651404768745296e-07,-9.095497010818112e-07,-1.7471950640565255e-06,-5.511980108292486e-06,-2.6436515435132102e-05,-8.59135238300874e-05,-0.00015927241818478857,-0.00016578795120600684,-9.676894992286527e-05,-3.166965771465285e-05,-5.811264828492637e-06,-5.978844499206347e-07,-3.448918398082165e-08,-1.1154947759526365e-09,-2.0228844024649894e-11,-2.0568066281754205e-13,-1.1725590322856332e-15,-3.747958872562739e-18,-6.716975418476933e-21,-6.749499055527117e-24,-3.802665819970839e-27,-1.2012229437225172e-30,-2.1275408793540535e-34,-2.112764277243618e-38,-1.176367489261817e-42,-3.672432471281472e-47,-6.428112376710567e-52,-6.308584709328414e-57,-3.471356796672846e-62,-1.0709899754603149e-67,-1.8526372596998397e-73,-1.7968599101642087e-79,-9.771402003489948e-86,-2.9793284185138577e-92,-5.093293629895842e-99,-4.882001243137942e-106,-2.623710382429193e-113,-7.905925885392622e-121,-1.335698444392406e-128,-1.2652692058034444e-136,-6.72010862352896e-145,-2.001190738970181e-153,-3.341331095647065e-162,-3.128018961915441e-171,-1.6418673943910996e-180,-4.831985432236761e-190,-7.973187749958405e-200,-7.376616437951514e-210,31.0
-3.688914165577711e-08,-4.626725104400713e-08,-3.4684548119612074e-08,-4.383675208018496e-08,-5.313629970846422e-07,-5.380238467995102e-06,-3.08017139640505e-05,-9.889721691980234e-05,-0.0001780423361721186,-0.00017971526195977836,-0.0001017108857179889,-3.227527194046021e-05,-5.742379829092859e-06,-5.728397857172178e-07,-3.2040074538581616e-08,-1.0047843173224632e-09,-1.7667337454863074e-11,-1.741759752889104e-13,-9.627738070385465e-16,-2.983864776656356e-18,-5.1850489091492944e-21,-5.0517915297128984e-24,-2.7596679144650147e-27,-8.452536740996058e-31,-1.4515638646392886e-34,-1.397668144582766e-38,-7.545548634908743e-43,-2.284001661185663e-47,-3.876330916394177e-52,-3.688621653028413e-57,-1.968005076455783e-62,-5.887177824686024e-68,-9.874313929347547e-74,-9.285932949091908e-80,-4.8962433317958045e-86,-1.4475023563886191e-92,-2.3993544085344855e-99,-2.2299152720933447e-106,-1.1619867024766688e-113,-3.3949453759891992e-121,-5.561388832258679e-129,-5.108019735676791e-137,-2.6305145560157554e-145,-7.595348205673022e-154,-1.2296273226461569e-162,-1.1161386760094604e-171,-5.680435680581838e-181,-1.6209289266759584e-190,-2.5933738967811607e-200,-2.326403992011377e-210,31.5
-4.6815212855129385e-08,-5.629652382560982e-08,-4.137912064292855e-08,-6.051537715968092e-08,-7.702386147968704e-07,-7.537274127016938e-06,-4.158162901774142e-05,-0.00012863318862124301,-0.0002231141054185748,-0.00021698095376257632,-0.00011831401675105476,-3.6171823787219805e-05,-6.200461044651009e-06,-5.959320702573548e-07,-3.2113571888223674e-08,-9.702853440943076e-10,-1.6437254469557523e-11,-1.561269941652113e-13,-8.314681285201118e-16,-2.4827448314181106e-18,-4.156592278965439e-21,-3.9017695882817825e-24,-2.0535470595814326e-27,-6.059915160716068e-31,-1.0026451792233236e-34,-9.301368190228837e-39,-4.837993059586188e-43,-1.4109203068298934e-47,-2.3070582764841115e-52,-2.1151125549831695e-57,-1.0872445477273509e-62,-3.1335731025218734e-68,-5.063738382971732e-74,-4.5879801026203654e-80,-2.3307228203617927e-86,-6.63863158340554e-93,-1.0601940042214393e-99,-9.493163407181026e-107,-4.7660150111154706e-114,-1.3415865384495206e-121,-2.117389789769441e-129,-1.8737074079996637e-137,-9.296544870374876e-146,-2.5861886558145144e-154,-4.0338307434436733e-163,-3.5277189453458914e-172,-1.7297730239011365e-181,-4.755575698076299e-191,-7.330539104550927e-201,-6.335597331610071e-211,32.0
-6.250285456992231e-08,-6.513188797156437e-08,-4.3864585989155937e-08,-9.958971475935278e-08,-1.3952232142620897e-06,-1.2958158520950871e-05,-6.765306538940058e-05,-0.00019804742058365015,-0.0003250656962776411,-0.0002991526159045803,-0.00015435972020032252,-4.46575121089144e-05,-7.2439311490513205e-06,-6.588298370416736e-07,-3.3596287571709296e-08,-9.605685228126345e-10,-1.5398712099435575e-11,-1.3840742903183031e-13,-6.975146469614417e-16,-1.9709071704978372e-18,-3.122467302833409e-21,-2.7736298895849662e-24,-1.3813953455770121e-27,-3.857503516920964e-31,-6.039674449682007e-35,-5.301998268895059e-39,-2.609663324831117e-43,-7.201918941348376e-48,-1.1143736128266936e-52,-9.667902306417691e-58,-4.7027568827617263e-63,-1.2826012012739738e-68,-1.961325145575664e-74,-1.6816142894072394e-80,-8.08392024446198e-87,-2.1788959373046743e-93,-3.2928336840658195e-100,-2.790113945235705e-107,-1.3255402543149415e-114,-3.5308782232777336e-122,-5.273408256097368e-130,-4.4158965129591284e-138,-2.073314649284705e-146,-5.457960423894585e-155,-8.055905906503114e-164,-6.666796894950396e-173,-3.093420082753849e-182,-8.047841483275714e-192,-1.173920706695266e-201,-9.601010605810508e-212,32.5
-2.5798952372706366e-07,-2.0739530817895852e-07,-1.0553822514014185e-07,-2.6290402276299255e-07,-3.555044327001099e-06,-2.995830704035378e-05,-0.0001417312040986764,-0.00037595923761358195,-0.0005591596380113458,-0.0004662839362489587,-0.00021801411202784806,-5.715289180339728e-05,-8.400617429216447e-06,-6.923146906969251e-07,-3.199006950267931e-08,-8.287929987392751e-10,-1.2039159798153354e-11,-9.80540337813685e-14,-4.477688716603884e-16,-1.1464667205547692e-18,-1.6458418461848111e-21,-1.3247496633207619e-24,-5.97858741796811e-28,-1.5128030056492405e-31,-2.1462740997128794e-35,-1.7072887783044397e-39,-7.614611796451898e-44,-1.904177880482428e-48,-2.6698460508525536e-53,-2.0988619177077743e-58,-9.251250695611087e-64,-2.2863144296588743e-69,-3.168037997257562e-75,-2.4612952639527985e-81,-1.0721509953542624e-87,-2.6185874793637726e-94,-3.585891230354005e-101,-2.7532523808366154e-108,-1.1852605138247795e-115,-2.860885567692592e-123,-3.871738624185271e-131,-2.9378555978226634e-139,-1.2498955649912761e-147,-2.9815072726605595e-156,-3.987648604114954e-165,-2.9903136831915253e-174,-1.2572900329812653e-183,-2.963964876390699e-193,-3.9176847556348345e-203,-2.9033859620080158e-213,33.0
-9.090472295500547e-09,-1.3539277925700502e-08,-5.825787888470249e-08,-1.082855407962259e-06,-1.3449470207756128e-05,-9.403778452543906e-05,-0.00036868646579242765,-0.0008104621589124366,-0.0009989144007548985,-0.000690309505860992,-0.0002674727660276668,-5.8107944607788613e-05,-7.0780200757846455e-06,-4.834020707668021e-07,-1.8510825196217042e-08,-3.9743282596504123e-10,-4.784345188051799e-12,-3.2292542361009045e-14,-1.22208970181556e-16,-2.593135504203827e-19,-3.085096808957788e-22,-2.0579462638887195e-25,-7.696993461524017e-29,-1.6140994043189513e-32,-1.8978493891627302e-36,-1.2511684120479425e-40,-4.624796506960706e-45,-9.585010775591548e-50,-1.1138225688680481e-54,-7.257101311564169e-60,-2.651151097870156e-65,-5.430380732024425e-71,-6.2366445834274364e-77,-4.016031094593582e-83,-1.4500032212842889e-89,-2.935399406626723e-96,-3.3319027303761004e-103,-2.1205322671232862e-110,-7.567031432119812e-118,-1.5140316015803182e-125,-1.6985322884225166e-133,-1.0684222051817789e-141,-3.768279055004238e-150,-7.452039351300493e-159,-8.263044601801928e-168,-5.1373474325485795e-177,-1.790905793982805e-186,-3.50060142669384e-196,-3.836630256382492e-206,-2.3577400044220197e-216,33.5
-3.36371640531009e-07,-2.6855659977502823e-07,-4.901264434289906e-07,-6.199841562177706e-06,-5.624733599028754e-05,-0.0002876123432176954,-0.0008256412058415778,-0.0013309585872169816,-0.0012053157045673936,-0.0006135013838933126,-0.00017561941052013981,-2.829378275877186e-05,-2.567744839786658e-06,-1.3140166404467228e-07,-3.796188198212837e-09,-6.199522111168384e-11,-5.731086918738285e-13,-3.0033083833660543e-15,-8.933788007538346e-18,-1.510286967261789e-20,-1.4523311655217625e-23,-7.948516304443783e-27,-2.476076718993633e-30,-4.38883832728767e-34,-4.422991316096736e-38,-2.5316075611813273e-42,-8.21917945265434e-47,-1.5114830322329367e-51,-1.5721974266574347e-56,-9.237492501764666e-62,-3.0620215097038795e-67,-5.719983843097198e-73,-6.015951115877641e-79,-3.559514060551407e-85,-1.184040148562167e-91,-2.213071565397296e-98,-2.3231976030966404e-105,-1.3692543214318317e-112,-4.5296619182854596e-120,-8.408775061651111e-128,-8.758039153706597e-136,-5.117130396638061e-144,-1.6770377020348693e-152,-3.0826026760256323e-161,-3.1777556495481903e-170,-1.8370796513042025e-179,-5.95554388490673e-189,-1.0826454543661265e-198,-1.1035983741333806e-208,-6.307930096143424e-219,34.0
-8.787555005325124e-09,-2.484502520411283e-07,-4.630996219386872e-06,-4.882089767548308e-05,-0.00028869741753641677,-0.0009572135613157653,-0.001779488444055338,-0.0018548210385539994,-0.001084002320727633,-0.000355206652848437,-6.526144290971452e-05,-6.722952382918445e-06,-3.8832547631694436e-07,-1.2576835705354125e-08,-2.2840072741404295e-10,-2.325898939925817e-12,-1.3282409624811726e-14,-4.2539684824837514e-17,-7.641910104241216e-20,-7.701748451778949e-23,-4.3560433677327573e-26,-1.3832977487564627e-29,-2.4681320105338978e-33,-2.4769158319967007e-37,-1.4003126006106865e-41,-4.469905300180419e-46,-8.082235779961265e-51,-8.314471829141356e-56,-4.8940897508461515e-61,-1.6594739552755216e-66,-3.2644000218195033e-72,-3.7482087111570205e-78,-2.521109818329884e-84,-9.93349825141643e-91,-2.2844746737237664e-97,-3.0477994586323925e-104,-2.3422246797291902e-111,-1.0298829761834455e-118,-2.5763423137313355e-126,-3.650639296574428e-134,-2.920697305781505e-142,-1.3163457480904092e-150,-3.3368761238904954e-159,-4.752663896861767e-168,-3.8006088678724454e-177,-1.7056255060822745e-186,-4.294308644742375e-196,-6.064467028556659e-206,-4.803116252301967e-216,-2.133271025274089e-226,34.5
-1.6667351091866117e-07,-3.404102664347298e-06,-3.912890455120295e-05,-0.00025225906808914864,-0.000911856308155096,-0.0018481053842986626,-0.0021001372363855884,-0.0013381061414746958,-0.00047803307579755334,-9.575346150881122e-05,-1.075446139730479e-05,-6.772920515474359e-07,-2.3919089647458614e-08,-4.737465700346038e-10,-5.263490515377445e-12,-3.281693136074095e-14,-1.1490170973954107e-16,-2.2621141781291983e-19,-2.5098787401406696e-22,-1.5757177904646687e-25,-5.635649613648237e-29,-1.160901019777869e-32,-1.3994461367693773e-36,-1.0068801103878123e-40,-4.402658726422399e-45,-1.1796956360388525e-49,-1.9250657786202934e-54,-1.8806206933605241e-59,-1.0781863397486313e-64,-3.567636405739726e-70,-6.734379699187705e-76,-7.198767693985012e-82,-4.338851185150302e-88,-1.4708455886492463e-94,-2.8004548368704154e-101,-2.9924179542177144e-108,-1.7937503860447732e-115,-6.0303897656948194e-123,-1.1368837882717017e-130,-1.2018303504778601e-138,-7.123766934528688e-147,-2.367589331553139e-155,-4.411924582577454e-164,-4.609693188509133e-173,-2.700453238909691e-182,-8.8699497767899e-192,-1.6335222606624383e-201,-1.6867398189120686e-211,-9.765402378781177e-222,-3.1699405497109895e-232,35.0
-1.9786007546211614e-06,-2.6707535578848615e-05,-0.0002021615480840495,-0.0008580079962394574,-0.0020417592564080343,-0.0027241920032896275,-0.002037943677856641,-0.0008548135844203245,-0.00020104071026915847,-2.651251711503432e-05,-1.9607563437915663e-06,-8.134437404288521e-08,-1.8943876678310827e-09,-2.4807996690221268e-11,-1.8343664605219347e-13,-7.733153180211054e-16,-1.899034252379293e-18,-2.8326220224892946e-21,-2.7290266999533623e-24,-1.782071957876559e-27,-7.806366459134105e-31,-2.1647396438681936e-34,-3.589606182312227e-38,-3.4379665193779627e-42,-1.8699418179889708e-46,-5.733147121607152e-51,-9.877194884997112e-56,-9.549606372230869e-61,-5.178652978489244e-66,-1.574826408450913e-71,-2.685308986949578e-77,-2.5673534227702176e-83,-1.3762596428095905e-89,-4.1365260411671475e-96,-6.970930244130332e-103,-6.586654057396117e-110,-3.4894576610284305e-117,-1.0365014169710463e-124,-1.7262382068009812e-132,-1.6119456487712948e-140,-8.439542490423236e-149,-2.4774577217557808e-157,-4.077673389014381e-166,-3.76302807876569e-175,-1.9470688894330315e-184,-5.648641507019376e-194,-9.188096439679045e-204,-8.379650659069128e-214,-4.2849436883304875e-224,-1.2285226300563358e-234,35.5
-5.4787183124947724e-05,-0.00032712788523467286,-0.0010951607441030593,-0.0020556985407159164,-0.002163526685033052,-0.001276693094495379,-0.0004224082550036625,-7.836103415331146e-05,-8.150608998823824e-06,-4.753378393693069e-07,-1.5543093418562207e-08,-2.8496768190135777e-10,-2.9293901446388736e-12,-1.6884285244255016e-14,-5.4564784172391037e-17,-9.887055606848186e-20,-1.0044927444745492e-22,-5.722061057876172e-26,-1.8276146890665336e-29,-3.272984335486625e-33,-3.2864805904570523e-37,-1.850320076485598e-41,-5.84106647837459e-46,-1.0338745953478198e-50,-1.0260653307735174e-55,-5.7097184541559455e-61,-1.7815092983313256e-66,-3.116710789119739e-72,-3.0573230390354654e-78,-1.6816053864995397e-84,-5.186166305561965e-91,-8.968300891095296e-98,-8.695953919660453e-105,-4.72791573102488e-112,-1.441351658177754e-119,-2.4638847306455013e-127,-2.3616945066637184e-135,-1.2693543243973667e-143,-3.825612572627005e-152,-6.46519302873163e-161,-6.1267209111635365e-170,-3.2557031126328065e-179,-9.701433654489592e-189,-1.6210863462683725e-198,-1.519009678726515e-208,-7.981868286910843e-219,-2.3520366587020044e-229,-3.886739918420552e-240,-3.601932612536357e-251,-1.8719824011729386e-262,36.0
-0.00037429172357934045,-0.0009008800674327635,-0.001215749740359492,-0.0009199022133773193,-0.00039026468544212307,-9.283180977341163e-05,-1.2380957379979706e-05,-9.258302752691769e-07,-3.881755424891432e-08,-9.125244548349443e-10,-1.2027637508322258e-11,-8.888644881966593e-14,-3.6830712880927953e-16,-8.556654248027719e-19,-1.1145949797714883e-21,-8.140468089139396e-25,-3.333502854507866e-28,-7.65369950735045e-32,-9.852831942188762e-36,-7.111640707738653e-40,-2.8780449914160747e-44,-6.530468936961198e-49,-8.308261458918136e-54,-5.926454069763106e-59,-2.3702745619462676e-64,-5.315221156243399e-70,-6.682869212850975e-76,-4.7111128984598184e-82,-1.8620999128815617e-88,-4.1266853542516324e-95,-5.127653081525696e-102,-3.5723566197629184e-109,-1.3954358209635523e-116,-3.0562143446126586e-124,-3.752983282605578e-132,-2.5839750921593217e-140,-9.975137372550849e-149,-2.159077905419906e-157,-2.620213038932272e-166,-1.782886733962039e-175,-6.801892450689618e-185,-1.454971957261616e-194,-1.7450116797268324e-204,-1.1734400440061335e-214,-4.424277109389154e-225,-9.352820190470738e-236,-1.1085663621776072e-246,-7.367152396053888e-258,-2.7450891668653178e-269,-5.734982567534294e-281,36.5
-0.0004059644431335215,-0.0006466430003968633,-0.000577510949374164,-0.00028918443286956376,-8.119114733478623e-05,-1.2780907355183458e-05,-1.1280658945134313e-06,-5.5824993232648173e-08,-1.548992600099061e-09,-2.409970138359772e-11,-2.1026235634726246e-13,-1.029052111644012e-15,-2.827847398982572e-18,-4.375883748399314e-21,-3.8454719272571995e-24,-1.9655952108985083e-27,-6.201649394268326e-31,-1.3435832792503449e-34,-2.1765008434796315e-38,-2.5273299694895833e-42,-1.8794708087946912e-46,-8.272922763235914e-51,-2.081674453997589e-55,-2.956284295764253e-60,-2.3591445141414463e-65,-1.056329548276211e-70,-2.652580085401316e-76,-3.735006262419376e-82,-2.948794920150242e-88,-1.305330467196693e-94,-3.239787209358544e-101,-4.508496693781681e-108,-3.51775833389014e-115,-1.5389309304595203e-122,-3.774775332057378e-130,-5.1913693634008e-138,-4.003055299740904e-146,-1.7306931975126123e-154,-4.1953424896395815e-163,-5.70208374100808e-172,-4.345288320968864e-181,-1.8566175104677324e-190,-4.447798690239931e-200,-5.974294673355214e-210,-4.499321154096067e-220,-1.8998800565361864e-230,-4.498049297786626e-241,-5.970917554824759e-252,-4.444027880136887e-263,-1.8545191053453566e-274,37.0
-0.00026424054684584335,-0.00031838036141618013,-0.00021508594928356994,-8.146983489683339e-05,-1.7302184528802948e-05,-2.0602762148559716e-06,-1.3755444668794046e-07,-5.149500509754992e-09,-1.0810891299934984e-10,-1.2735478603192756e-12,-8.437267424531275e-15,-3.170744791415874e-17,-6.976159192116579e-20,-9.922157772076067e-23,-1.1064679584264925e-25,-1.0588799565869312e-28,-7.395482978591994e-32,-3.189177778979179e-35,-7.926949717462668e-39,-1.1128215572638848e-42,-8.77576176121264e-47,-3.8821665585463645e-51,-9.630228518788763e-56,-1.3394662909881955e-60,-1.0445985001760288e-65,-4.567586306714383e-71,-1.1198070545306505e-76,-1.539283213142443e-82,-1.1863496852006782e-88,-5.126556477399178e-95,-1.2421029999686348e-101,-1.6873621853262236e-108,-1.2852211097495362e-115,-5.488658687339646e-123,-1.314236233101818e-130,-1.764409893969382e-138,-1.3281415670924863e-146,-5.6054191181535126e-155,-1.3264492800965973e-163,-1.7599164186971204e-172,-1.3092189240411814e-181,-5.460738024457946e-191,-1.2770539553041541e-200,-1.6745032224528746e-210,-1.2310666474951443e-220,-5.0745318164428954e-231,-1.1728142411353811e-241,-1.519782076994477e-252,-1.1042114413986011e-263,-4.498233584542901e-275,37.5
-6.782211131184984e-05,-6.667545269270393e-05,-3.675189166785889e-05,-1.1358280214288043e-05,-1.96817987235684e-06,-1.9122145203725967e-07,-1.0416661633260287e-08,-3.1815700434806263e-10,-5.448499403982732e-12,-5.2316348285160286e-14,-2.816615601549511e-16,-8.502670195986748e-19,-1.4392446368948011e-21,-1.3661233739890822e-24,-7.272175087850413e-28,-2.1713695744397363e-31,-3.637742898758744e-35,-3.4213285089374497e-39,-1.80815657558835e-43,-5.378713081059693e-48,-9.03167090002042e-53,-8.602168327852622e-58,-4.6839183028909656e-63,-1.4755130730535597e-68,-2.732686386653561e-74,-3.0289482517178158e-80,-2.037204524240192e-86,-8.34098033657078e-93,-2.0601165566469728e-99,-3.018777137815935e-106,-2.579087708575962e-113,-1.2667551125484329e-120,-3.5422241756616806e-128,-5.6043854102060476e-136,-4.99835382145284e-144,-2.507390804469514e-152,-7.0658252113718454e-161,-1.1177187072516177e-169,-9.92081921784582e-179,-4.939701397495846e-188,-1.3795202295069663e-197,-2.160679981246763e-207,-1.897854051098961e-217,-9.348209329544255e-228,-2.5821144420436872e-238,-3.9994031277117795e-249,-3.473606561072709e-260,-1.69171114668999e-271,-4.619843098193589e-283,-7.074237426931555e-295,38.0
-7.650920180467848e-09,-5.890821723064054e-09,-2.5473025307295328e-09,-6.193342539468622e-10,-8.482779444009241e-11,-6.565667432291728e-12,-2.8861527470232684e-13,-7.260757153586382e-15,-1.0567993964468781e-16,-9.022357365020545e-19,-4.583115889561571e-21,-1.3996157894920088e-23,-2.5748727770439747e-26,-2.8334018272334655e-29,-1.8410460479691872e-32,-6.966338751814657e-36,-1.5173568150064852e-39,-1.8866470267992283e-43,-1.3318645243313374e-47,-5.3208472966166e-52,-1.200780773399694e-56,-1.529369782884792e-61,-1.0989205002062704e-66,-4.454491402990383e-72,-1.0187098148898933e-77,-1.3146006742161828e-83,-9.57414511008189e-90,-3.935724779351587e-96,-9.132649214173397e-103,-1.1962218894499856e-109,-8.84360860387626e-117,-3.6895622015680912e-124,-8.684409545174985e-132,-1.1528983792271008e-139,-8.62920067123286e-148,-3.640048609929525e-156,-8.650080538387327e-165,-1.1575121209709635e-173,-8.718489457047851e-183,-3.694800359927671e-192,-8.806582140965713e-202,-1.1801417862052666e-211,-8.888478363773421e-222,-3.761456803454591e-232,-8.941330591391109e-243,-1.1936039804315483e-253,-8.946166866547669e-265,-3.764004255866077e-276,-8.88848102075651e-288,-1.1778948448150465e-299,38.5
-2.532840225979625e-07,-1.9152474433454e-07,-8.120460682096044e-08,-1.930578601689508e-08,-2.57374765307608e-09,-1.9242029040709207e-10,-8.068662598347386e-12,-1.8981063119691783e-13,-2.506032142265561e-15,-1.8582944765423783e-17,-7.749271116364032e-20,-1.821421230265173e-22,-2.4226518145045203e-25,-1.8359715365134376e-28,-8.016452740574651e-32,-2.0506602361917233e-35,-3.1395082466840476e-39,-2.936131840933221e-43,-1.6948263150970596e-47,-6.003483363152436e-52,-1.2813378667503531e-56,-1.6126485108764502e-61,-1.1754950150847691e-66,-4.901229645531022e-72,-1.1599178427833763e-77,-1.5509666409618455e-83,-1.168657851260899e-89,-4.954792693596908e-96,-1.1809609264302594e-102,-1.5815799428527584e-109,-1.1897449697161434e-116,-5.026156797003397e-124,-1.192285008860156e-131,-1.5879871413313869e-139,-1.1874337865308199e-147,-4.984799392073282e-156,-1.1747549887161863e-164,-1.5541651611011397e-173,-1.1542198881971143e-182,-4.811873687254797e-192,-1.1260763993148833e-201,-1.4792570249698028e-211,-1.0907768042367035e-221,-4.514803400012014e-232,-1.0489298274259837e-242,-1.3678932437644393e-253,-1.0012653479126652e-264,-4.113673884761069e-276,-9.486065534323659e-288,-1.2277481168452064e-299,39.0
-1.0636355814274556e-08,-1.672831500831102e-08,-1.4757225151415783e-08,-7.301073857360421e-09,-2.0256198394199843e-09,-3.1513214536973305e-10,-2.7490004229759476e-11,-1.344602624764775e-12,-3.687598443584586e-14,-5.670477963604827e-16,-4.888993404467511e-18,-2.3634221239641954e-20,-6.405958627019773e-23,-9.73525341031936e-26,-8.295264639469526e-29,-3.963079590551805e-32,-1.0615848599257778e-35,-1.5943948515647036e-39,-1.342629574080816e-43,-6.33921721099731e-48,-1.678162883002464e-52,-2.4908731539132107e-57,-2.07294657931517e-62,-9.672607985778852e-68,-2.5305680820984767e-73,-3.712029460655266e-79,-3.052978463555771e-85,-1.4078454942825725e-91,-3.640031730215948e-98,-5.27684400381396e-105,-4.289061236871627e-112,-1.9546506004573903e-119,-4.994533392626726e-127,-7.155493530874805e-135,-5.747819873890506e-143,-2.5887230206876097e-151,-6.537126633070284e-160,-9.255653393416975e-169,-7.347610686625434e-178,-3.2704239779545946e-187,-8.161704063709532e-197,-1.1420273130071864e-206,-8.959649027757878e-217,-3.941162684570444e-227,-9.720230927800274e-238,-1.3441497565972942e-248,-1.0421676440504752e-259,-4.5305024020890115e-271,-1.1042667479466072e-282,-1.5091085292612807e-294,39.5
-1.2839143795156027e-08,-1.7494685660230284e-08,-1.3390543353902587e-08,-5.754687974572063e-09,-1.3881522351620971e-09,-1.8790569729979997e-10,-1.427090518837429e-11,-6.080109680508508e-13,-1.453024068941211e-14,-1.947596874704463e-16,-1.4640681934366024e-18,-6.172151776474797e-21,-1.4591726104665424e-23,-1.9344472891194685e-26,-1.438055207657957e-29,-5.9945034403623794e-33,-1.4011423843282607e-36,-1.8363548663640796e-40,-1.3494950583543988e-44,-5.560608982116482e-49,-1.2847143561301429e-53,-1.6642607642768285e-58,-1.208828437800658e-63,-4.92305611050621e-69,-1.1241658429248689e-74,-1.4392969160206586e-80,-1.0332227496230921e-86,-4.158726930586117e-93,-9.385322457563455e-100,-1.1875719458590395e-106,-8.425434063193901e-114,-3.3515525174678793e-121,-7.475168696202801e-129,-9.347965084009495e-137,-6.554419248430477e-145,-2.576750586466832e-153,-5.679781049274779e-162,-7.019592394011552e-171,-4.86422166771731e-180,-1.8898880689527685e-189,-4.1169936221434855e-199,-5.028585487483806e-209,-3.443762427980003e-219,-1.3223378356006626e-229,-2.8469102526007827e-240,-3.436588080637566e-251,-2.325968336516395e-262,-8.826794674311484e-274,-1.8781292493423634e-285,-2.2406369989760997e-297,40.0
-1.471825708616294e-08,-1.723942438842945e-08,-1.1326516799108797e-08,-4.174019003379492e-09,-8.627346168419216e-10,-1.0001102823931393e-10,-6.502076149530222e-12,-2.37070545878292e-13,-4.847463077790122e-15,-5.558462383361381e-17,-3.574306340128625e-19,-1.2889059352986558e-21,-2.6063943798883202e-24,-2.955611173615862e-27,-1.8795042205829277e-30,-6.702404037533454e-34,-1.3403361056042526e-37,-1.503140130781054e-41,-9.453602353076962e-46,-3.3344163549346836e-50,-6.596037000035136e-55,-7.318253986258401e-60,-4.554266746684768e-65,-1.589818533182327e-70,-3.113389983504e-76,-3.4207696122525757e-82,-2.108998595448318e-88,-7.297281432784424e-95,-1.4173040878087987e-101,-1.5455537393295333e-108,-9.465560163675459e-116,-3.256827298080821e-123,-6.297968943950656e-131,-6.848001705360886e-139,-4.1890575854465754e-147,-1.442521409642762e-155,-2.7981990572585207e-164,-3.059936564933619e-173,-1.8878848344844625e-182,-6.577112337103861e-192,-1.2949763177827735e-201,-1.442152997834513e-211,-9.090892785024281e-222,-3.245759553153065e-232,-6.566543638288416e-243,-7.529675861561728e-254,-4.893804679551346e-265,-1.802448430213174e-276,-3.760539954686275e-288,-4.441793233045703e-300,40.5
-1.85319544806907e-08,-1.829866746955915e-08,-1.0156916057568021e-08,-3.1722782690294492e-09,-5.582399777637607e-10,-5.5446882601204953e-11,-3.115611938882672e-12,-9.93333805648018e-14,-1.803379603258175e-15,-1.8719918912585513e-17,-1.1159106968039596e-19,-3.8355016918742325e-22,-7.624821620107301e-25,-8.780563237711034e-28,-5.855316483183666e-31,-2.2562481438665994e-34,-5.006536580402229e-38,-6.371264185031322e-42,-4.630800379904416e-46,-1.9151155269192359e-50,-4.492206223518374e-55,-5.961253118855465e-60,-4.466460666107458e-65,-1.886598746298442e-70,-4.487363642329978e-76,-6.005218517292323e-82,-4.518713369484994e-88,-1.910906533565968e-94,-4.539856167565797e-101,-6.057558264117543e-108,-4.538440363609008e-115,-1.9089245116759815e-122,-4.506895972240458e-130,-5.971962911024737e-138,-4.440784687338728e-146,-1.852951419726201e-154,-4.338043066182192e-163,-5.697931839651845e-172,-4.1986128770724956e-181,-1.7355386868633345e-190,-4.0242040622800795e-200,-5.2338661136783795e-210,-3.818070123375243e-220,-1.5621670748924165e-230,-3.584747872511002e-241,-4.613431370188558e-252,-3.3297522751882e-263,-1.3477567062714108e-274,-3.059237474152269e-286,-3.8941113625922585e-298,41.0
-4.605490488275872e-08,-3.734297655837153e-08,-1.7033792009500446e-08,-4.382960007086561e-09,-6.393051678278713e-10,-5.33179269984809e-11,-2.5792366440621012e-12,-7.394865168318935e-14,-1.2908202583093164e-15,-1.4045486511877428e-17,-9.60275029078353e-20,-4.0753476075453575e-22,-1.0484074074816984e-24,-1.5968205333179668e-27,-1.4148843858463415e-30,-7.2109741754008595e-34,-2.099096755782202e-37,-3.474709705937461e-41,-3.2610729590000663e-45,-1.7314760973197065e-49,-5.192223582010448e-54,-8.781682171296156e-59,-8.367597961283743e-64,-4.487650220134333e-69,-1.3536307160204845e-74,-2.2949490161523052e-80,-2.1858351718269076e-86,-1.1691116596684737e-92,-3.5103208106587086e-99,-5.915299599340355e-106,-5.593144698994215e-113,-2.966974169506404e-120,-8.828641927897149e-128,-1.4735077202066915e-135,-1.3792871513084726e-143,-7.240583534284099e-152,-2.1315118886988708e-160,-3.518686612931798e-169,-3.25715933843638e-178,-1.6906464445424607e-187,-4.9205537014889485e-197,-8.030014000101944e-207,-7.347758860168422e-217,-3.7698662330780365e-227,-1.084492263440821e-237,-1.749259014372075e-248,-1.582002293780483e-259,-8.022024834872065e-271,-2.2807815477418335e-282,-3.635844558492938e-294,41.5
-9.230432257842001e-07,-6.257811282049864e-06,-2.3790213348121184e-05,-5.071237346080606e-05,-6.061414907051657e-05,-4.062696368059633e-05,-1.5273402550368284e-05,-3.2226115404650823e-06,-3.8224927991069113e-07,-2.5599664825706533e-08,-9.788194555647355e-10,-2.1948659823017988e-11,-3.0512694542094945e-13,-2.8513744114338182e-15,-1.8829010076459562e-17,-8.466737776656048e-20,-2.390414984075913e-22,-3.985967454027484e-25,-3.8064626727802248e-28,-2.05491965147533e-31,-6.239366197304525e-35,-1.0634439546391803e-38,-1.0167142735861638e-42,-5.450970475036974e-47,-1.638681214374111e-51,-2.762129518533498e-56,-2.6104550445339023e-61,-1.383275390524243e-66,-4.109797750087062e-72,-6.846226844452517e-78,-6.39441812876596e-84,-3.348649108709055e-90,-9.832344797120636e-97,-1.6186889359452434e-103,-1.4941305122936334e-110,-7.732723983072236e-118,-2.2438577385035976e-125,-3.65070689671803e-133,-3.3302547023020096e-141,-1.703322058800859e-149,-4.884666616006025e-158,-7.854018534719478e-167,-7.080562364129053e-176,-3.5790059421066784e-185,-1.0143221822532354e-194,-1.6117892823397704e-204,-1.4360165350015686e-214,-7.173472773076701e-225,-2.0091774933486503e-235,-3.1551934487388784e-246,42.0
-9.319095552254521e-06,-6.098908409570446e-05,-0.0002238182339762877,-0.0004605376818762102,-0.000531322494896061,-0.0003436998946453013,-0.00012466452520633095,-2.5356249341638627e-05,-2.892667699929432e-06,-1.8519099084018884e-07,-6.662685777402518e-09,-1.3517615629941084e-10,-1.559950784737112e-12,-1.044905519271891e-14,-4.238265386124334e-17,-1.11401347298328e-19,-2.0145241116708873e-22,-2.491493885153713e-25,-1.9747554178952688e-28,-9.400755630325889e-32,-2.5867269599793027e-35,-4.041143306693075e-39,-3.5575758304669685e-43,-1.75947340637383e-47,-4.882788762208552e-52,-7.59984098061522e-57,-6.633028114834126e-62,-3.246073519918613e-67,-8.907004502506198e-73,-1.370335631081515e-78,-1.182067530675413e-84,-5.71711517881529e-91,-1.5503530912954625e-97,-2.357236773020971e-104,-2.0095307716266456e-111,-9.605167929538264e-119,-2.574151506155562e-126,-3.8679609880765753e-134,-3.258733935039517e-142,-1.539340011944667e-150,-4.076984400652759e-159,-6.0542782662885245e-168,-5.040858922229298e-177,-2.353236330848288e-186,-6.159498913643172e-196,-9.039492689276131e-206,-7.438092405150719e-216,-3.431609943451075e-226,-8.876731881678981e-237,-1.287440372176126e-247,42.5
-6.302098722227642e-10,-8.753738745016009e-10,-7.279189471758893e-10,-3.5471410399944434e-10,-9.964831465318058e-11,-1.5963158347664163e-11,-1.448410060630235e-12,-7.413660738544977e-14,-2.1355149848772443e-15,-3.456871974825567e-17,-3.1419796914847935e-19,-1.602641726608333e-21,-4.586087042161489e-24,-7.360930741199878e-27,-6.626001097418941e-30,-3.344739147678452e-33,-9.467628619864112e-37,-1.5027013839821863e-40,-1.337353454598804e-44,-6.673516302040112e-49,-1.8672113366119843e-53,-2.92926852556733e-58,-2.576615404087063e-63,-1.2707588540087077e-68,-3.5139753844373754e-74,-5.4482311244783975e-80,-4.736232361916655e-86,-2.3085045515477503e-92,-6.308824112555212e-99,-9.66686881525835e-106,-8.305060052092171e-113,-4.000544831074185e-120,-1.080475226541899e-127,-1.6361748420045385e-135,-1.3891967740553923e-143,-6.613280244851224e-152,-1.7651806132914005e-160,-2.6416811486261418e-169,-2.2166169059217062e-178,-1.0428452252687315e-187,-2.7508570580716963e-197,-4.068507533207634e-207,-3.3738140641715016e-217,-1.5686500624451576e-227,-4.08930868156773e-238,-5.977128679474302e-249,-4.8983994446946286e-260,-2.250788370889691e-271,-5.798744806795225e-283,-8.37629944260486e-295,43.0
-2.0895888299249056e-09,-2.586554143150997e-09,-1.7982150233340048e-09,-7.019738346390472e-10,-1.5384819080171704e-10,-1.8928528637069065e-11,-1.307311803549485e-12,-5.0685697539981495e-14,-1.1032167391853964e-15,-1.3481821716257741e-17,-9.251431703024932e-20,-3.5654887074026586e-22,-7.7192085252368035e-25,-9.390325143564369e-28,-6.420514790838089e-31,-2.468220676568018e-34,-5.336815159285876e-38,-6.492884305535713e-42,-4.4466781070800705e-46,-1.7150235387437193e-50,-3.726824538672253e-55,-4.564982701845129e-60,-3.1532598795349025e-65,-1.2287823613601696e-70,-2.70231771595477e-76,-3.354795711760071e-82,-2.3515275629634254e-88,-9.307519102420452e-95,-2.0802719574472772e-101,-2.6252326527168352e-108,-1.870230579219648e-115,-7.519409161122472e-123,-1.7056284207643338e-130,-2.1818489529389585e-138,-1.573315458980771e-146,-6.392345802440636e-155,-1.462709707862309e-163,-1.8841382035399135e-172,-1.3656360017290077e-181,-5.567322629430823e-191,-1.2760908827260651e-200,-1.6439525216102474e-210,-1.1899606410672522e-220,-4.838259918841936e-231,-1.1047156427012943e-241,-1.4161880619454145e-252,-1.019100060960957e-263,-4.1159055307048565e-275,-9.328322759875997e-287,-1.1862517999753507e-298,43.5
-4.421566217029794e-08,-3.4734902735623116e-08,-1.5303863173406235e-08,-3.782664686144314e-09,-5.248095077191832e-10,-4.092002733849209e-11,-1.797721358095804e-12,-4.4745240658208093e-14,-6.381685534762928e-16,-5.3305446012535205e-18,-2.70393638213711e-20,-8.709685226456578e-23,-1.8329236388773106e-25,-2.4915083526476933e-28,-2.0993815619972506e-31,-1.0514850827048115e-34,-3.043077933714473e-38,-5.0104691795108145e-42,-4.657475733986426e-46,-2.4352354351697054e-50,-7.15004903031297e-55,-1.1779065382932689e-59,-1.0883928283260386e-64,-5.639718677610485e-70,-1.6386618981488616e-75,-2.6697039580225246e-81,-2.4387608714073155e-87,-1.2491153932393737e-93,-3.5872380519215395e-100,-5.77617526238208e-107,-5.214851348595877e-114,-2.639758333109815e-121,-7.492151731947436e-129,-1.19225392611774e-136,-1.0637767795268551e-144,-5.321715021968896e-153,-1.4926979992599828e-161,-2.347531430581433e-170,-2.0699980454885795e-179,-1.0234048129505699e-188,-2.836899389223452e-198,-4.409195352525985e-208,-3.8423210825667447e-218,-1.87735695085549e-228,-5.14302850930487e-239,-7.899686824772325e-250,-6.803300841151218e-261,-3.2850980045431474e-272,-8.89397356167728e-284,-1.3500883317506834e-295,44.0
-4.796851472897599e-11,-6.54491495407925e-11,-5.3685816405511905e-11,-2.6539944169162383e-11,-7.856096459105756e-12,-1.3749650387217376e-12,-1.4027880453807467e-13,-8.240254390769518e-15,-2.761287033373457e-16,-5.245032124664569e-18,-5.62422982156393e-20,-3.3957329613592834e-22,-1.1525678073222575e-24,-2.197039060682756e-27,-2.3506540623531147e-30,-1.4111122071219939e-33,-4.751818626808804e-37,-8.974794425680406e-41,-9.506465016092526e-45,-5.6470398677392415e-49,-1.8811165986408175e-53,-3.513942245613739e-58,-3.680880522025895e-63,-2.1621366177024636e-68,-7.12174092607889e-74,-1.315403224951378e-79,-1.362385000569513e-85,-7.912392811481507e-92,-2.5768067838411167e-98,-4.705665003494468e-105,-4.818639885547866e-112,-2.7668873095741837e-119,-8.908842050424615e-127,-1.6084705189439502e-134,-1.6284194998625468e-142,-9.244429620829598e-151,-2.942753505449963e-159,-5.252752020018512e-168,-5.257490211694946e-177,-2.950719510968148e-186,-9.286126384009707e-196,-1.6386937163128727e-205,-1.6214996490932988e-215,-8.996863750641543e-226,-2.7991101509656694e-236,-4.883180182025858e-247,-4.776818977489977e-258,-2.6201578596900547e-269,-8.058758545834276e-281,-1.3898253258078078e-292,44.5
-1.0093133023682441e-10,-1.594227811517199e-10,-1.434819948461959e-10,-7.377141029271432e-11,-2.17169575761774e-11,-3.666271971935833e-12,-3.5519287622319567e-13,-1.9740912554818035e-14,-6.285759069651387e-16,-1.1442690915323934e-17,-1.187877284203379e-19,-7.0131887791340825e-22,-2.3487124467903495e-24,-4.4513990134156054e-27,-4.764787928214449e-30,-2.8757541857927375e-33,-9.773371480102315e-37,-1.8683957635265113e-40,-2.0075921306864428e-44,-1.2117060727381179e-48,-4.1061259009762553e-53,-7.809595569808042e-58,-8.334364811786214e-63,-4.9897575233630824e-68,-1.6756617905587048e-73,-3.1560693878382886e-79,-3.3336909417497227e-85,-1.9746817137941855e-91,-6.559079375985356e-98,-1.2216552377590713e-104,-1.2758630732513325e-111,-7.471390788729216e-119,-2.4532124596213404e-126,-4.5164896587388155e-134,-4.662254154619071e-142,-2.698470398134949e-150,-8.75718409722509e-159,-1.5934379902301558e-167,-1.6256565706602953e-176,-9.29918122823488e-186,-2.982513308159036e-195,-5.363415829497579e-205,-5.407813126007891e-215,-3.0571926448218155e-225,-9.690467085801889e-236,-1.7222146468154893e-246,-1.7161309598388715e-257,-9.588133950364162e-269,-3.003573276497168e-280,-5.275490054533052e-292,45.0
-1.1762659687974325e-10,-1.9181183626582386e-10,-1.783048144028658e-10,-9.467231035056328e-11,-2.8755439388751824e-11,-5.000736249607074e-12,-4.979644494711645e-13,-2.837214177702763e-14,-9.236055834431868e-16,-1.7144807752062787e-17,-1.810774992797173e-19,-1.0856635135335752e-21,-3.687142803474957e-24,-7.079641758360498e-27,-7.672561896492378e-30,-4.686837026352914e-33,-1.611925877132014e-36,-3.118532308739043e-40,-3.39150496406117e-44,-2.0722217632224603e-48,-7.110495564480779e-53,-1.3697580056484455e-57,-1.4810213711105276e-62,-8.986086345920864e-68,-3.0592086351085604e-73,-5.842905873744856e-79,-6.260269664266283e-85,-3.762469236739275e-91,-1.2683710888087752e-97,-2.3982563389717688e-104,-2.543353675113955e-111,-1.512754624196948e-118,-5.0462819982794685e-126,-9.440784665363864e-134,-9.905391289905306e-142,-5.828495398293029e-150,-1.9233465814774202e-158,-3.559347848755737e-167,-3.6939502452778765e-176,-2.149887022120177e-185,-7.01682666823785e-195,-1.2842900414349954e-204,-1.3181949979852324e-214,-7.587303507729787e-225,-2.4489714205306495e-235,-4.4326737277609297e-246,-4.499155843974617e-257,-2.560808254417881e-268,-8.173375664851426e-280,-1.462857228797494e-291,45.5
-1.6731192311369157e-10,-2.706776821615506e-10,-2.500710285376084e-10,-1.322828565676481e-10,-4.0152624319961217e-11,-7.0030921077613006e-12,-7.020673371043081e-13,-4.042523943081496e-14,-1.334639857997898e-15,-2.5203881631580897e-17,-2.7149645187075154e-19,-1.6635527167610763e-21,-5.782899178736874e-24,-1.1378569329307311e-26,-1.2647835313699256e-29,-7.929389456453669e-33,-2.8003103155760203e-36,-5.565208669617367e-40,-6.219106017219244e-44,-3.9055701411774445e-48,-1.377682688802148e-52,-2.728766501135984e-57,-3.0339967792472785e-62,-1.8932206264295853e-67,-6.62904219476217e-73,-1.3022827651484236e-78,-1.435218642301803e-84,-8.872611904336632e-91,-3.076627721127508e-97,-5.983610741547434e-104,-6.5267326983947435e-111,-3.992593036387913e-118,-1.3697028408782907e-125,-2.63510158344858e-133,-2.8428732082732893e-141,-1.7198781687789113e-149,-5.834587317764451e-158,-1.1099109407257769e-166,-1.1839294113575789e-175,-7.081383244658579e-185,-2.374983407315405e-194,-4.466315454312354e-204,-4.709569064740426e-214,-2.784536781767509e-224,-9.231285388336112e-235,-1.7159576370983681e-245,-1.788480160536749e-256,-1.045184908992738e-267,-3.4247749925565517e-279,-6.2921566139523054e-291,46.0
-3.2008947628620776e-10,-4.906132036610345e-10,-4.3131027026096566e-10,-2.187078835192153e-10,-6.430395948572076e-11,-1.1004355697997051e-11,-1.0976697169837686e-12,-6.373581427287654e-14,-2.1462372728904535e-15,-4.169508362206169e-17,-4.646697333515967e-19,-2.9549948297655386e-21,-1.0675139769696036e-23,-2.1829884743141377e-26,-2.520127097724503e-29,-1.639191650191694e-32,-5.998700898829184e-36,-1.2338641173768955e-39,-1.4254484362496744e-43,-9.244697161181849e-48,-3.364636704262486e-52,-6.870372933143585e-57,-7.869422430977465e-62,-5.055586660953616e-67,-1.821493181009448e-72,-3.680296449504867e-78,-4.169816632917269e-84,-2.6492022262067197e-90,-9.437702325705276e-97,-1.8852210704534528e-103,-2.1115289168550552e-110,-1.3260683810474513e-117,-4.669447081930879e-125,-9.219194772708458e-133,-1.0205786542954649e-140,-6.334675337679664e-149,-2.2045777559637222e-157,-4.301785184008388e-166,-4.706450820513814e-175,-2.887082980453647e-184,-9.929914235977751e-194,-1.914925435164045e-203,-2.0705136698986862e-213,-1.2552319482961699e-223,-4.26667284971403e-234,-8.131563306103115e-245,-8.689163874025969e-256,-5.205963058873215e-267,-1.748812560161739e-278,-3.2938550283631076e-290,46.5
-1.2824714552557986e-09,-1.6314855283936393e-09,-1.358274406176001e-09,-8.757193242467625e-10,-4.721314418990424e-10,-1.8600596256360499e-10,-4.59370496591715e-11,-6.615376923930168e-12,-5.415550074201088e-13,-2.4985569651468058e-14,-6.476763949127842e-16,-9.421752359252853e-18,-7.687684094880027e-20,-3.5176782910187633e-22,-9.02550359372172e-25,-1.2984411594641838e-27,-1.0473689971088027e-30,-4.736958999283923e-34,-1.2012131426196044e-37,-1.7078910341873947e-41,-1.3615056643146438e-45,-6.085520899444006e-50,-1.525088277396547e-54,-2.1429452860081424e-59,-1.6882860705638274e-64,-7.457612902550815e-70,-1.8470237390222372e-75,-2.564861721418211e-81,-1.9969825614228258e-87,-8.717730232973276e-94,-2.1337887251661983e-100,-2.928318039689501e-107,-2.253221603635557e-114,-9.720943228743058e-122,-2.3514283162183123e-129,-3.189142441856067e-137,-2.4251294604965693e-145,-1.0339862756266684e-153,-2.4718007390494855e-162,-3.313072791358265e-171,-2.4898164650401026e-180,-1.0491136265377895e-189,-2.478543571373112e-199,-3.283140168137572e-209,-2.438378542198449e-219,-1.0153871612115438e-229,-2.3707242621924904e-240,-3.1034821905611877e-251,-2.2779086687142806e-262,-9.374372222387062e-274,47.0
-5.378046167596306e-09,-5.413342536416076e-09,-3.194150973941011e-09,-1.1505949993770457e-09,-2.665115226503097e-10,-4.102381334652505e-11,-4.131485474638252e-12,-2.5914894672025867e-13,-9.660616080068263e-15,-2.077969006387981e-16,-2.53993370345493e-18,-1.7515825209527997e-20,-6.792754881585295e-23,-1.4792150577648224e-25,-1.8075845140296891e-28,-1.2391246143449482e-31,-4.7644978691964214e-35,-1.0274800012174623e-38,-1.2427011659527034e-42,-8.429215710179515e-47,-3.206478423346825e-51,-6.840463920330981e-56,-8.183804816980403e-61,-5.4907846095024e-66,-2.065952369516431e-71,-4.3592370561431525e-77,-5.158252905959752e-83,-3.422902412836905e-89,-1.2737494134163426e-95,-2.6580857033175926e-102,-3.110623311192506e-109,-2.0413492973964985e-116,-7.5123656782812216e-124,-1.5503283290224301e-131,-1.794139962070964e-139,-1.1643211084286035e-147,-4.2371243755196185e-156,-8.646689288059496e-165,-9.89479811601413e-174,-6.34951779426071e-183,-2.2848073531890063e-192,-4.610327914627224e-202,-5.2165793037091e-212,-3.309862870267839e-222,-1.1776136536669038e-232,-2.349431561236951e-243,-2.6283816440640082e-254,-1.6488390876675424e-265,-5.800039365784388e-277,-1.1440501358187888e-288,47.5
-2.9177161784457494e-10,-6.440842380240896e-10,-8.101012452650259e-10,-5.772289642081963e-10,-2.3212757322832022e-10,-5.2556614610642236e-11,-6.6895342115827695e-12,-4.782212641102141e-13,-1.91901946694789e-14,-4.3211212743795663e-16,-5.4586818318862435e-18,-3.868090029159553e-20,-1.5374023421293593e-22,-3.4271913678629273e-25,-4.284839190643731e-28,-3.0044589556573316e-31,-1.181480792545466e-34,-2.6056164438719404e-38,-3.222653192720491e-42,-2.2352823763568303e-46,-8.694884671450183e-51,-1.896727716449087e-55,-2.3203482846925124e-60,-1.5918633779285871e-65,-6.1243545177796666e-71,-1.3213392256702043e-76,-1.5986942838505985e-82,-1.084704077369875e-88,-4.1271437470603954e-95,-8.805989319658755e-102,-1.0536460909712232e-108,-7.069639537569061e-116,-2.660011968587992e-123,-5.612439488919711e-131,-6.6404806028708045e-139,-4.4058038611008087e-147,-1.639180221655337e-155,-3.4198124659353816e-164,-4.000830057222566e-173,-2.624631756881212e-182,-9.655069337514069e-192,-1.991633783548268e-201,-2.303716402906537e-211,-1.494212637948792e-221,-5.4344815595686024e-232,-1.1083187072054312e-242,-1.2674492781330927e-253,-8.127453368996079e-265,-2.922368599701662e-276,-5.892109154956869e-288,48.0
-5.126778152482443e-10,-1.1677575301226182e-09,-1.5104992232961823e-09,-1.1035545648241329e-09,-4.539575797603616e-10,-1.0495921373309525e-10,-1.3626506018266812e-11,-9.92822801558287e-13,-4.058372569135802e-14,-9.305771790066375e-16,-1.1968292041901956e-17,-8.633114850466065e-20,-3.492562013317106e-22,-7.924153308340866e-25,-1.0082946096074869e-27,-7.195203982246148e-31,-2.879492740377029e-34,-6.462531798487934e-38,-8.133924377267057e-42,-5.7412357940043546e-46,-2.2725615666548227e-50,-5.044617535481121e-55,-6.27972336127256e-60,-4.383791487379667e-65,-1.7161445484141534e-70,-3.767471609209772e-76,-4.638054668645322e-82,-3.201910231014124e-88,-1.239560052952907e-94,-2.6909702608687077e-101,-3.2759024599665405e-108,-2.236308175450789e-115,-8.560692749877538e-123,-1.8376412797061793e-130,-2.2120003456545445e-138,-1.493070716999401e-146,-5.651249284240411e-155,-1.1994321080383798e-163,-1.427487341380363e-172,-9.526482514793097e-182,-3.5649625552518866e-191,-7.480625014820739e-201,-8.801968050857235e-211,-5.807366092298745e-221,-2.1484967783808924e-231,-4.4570233866348194e-242,-5.1845191925848366e-253,-3.3816148030340913e-264,-1.2367747577192727e-275,-2.5363355628450383e-287,48.5
-9.762975570068626e-10,-2.260126912943966e-09,-2.968443076990879e-09,-2.199028690361983e-09,-9.161606626003821e-10,-2.1435292617060076e-10,-2.8145021118796942e-11,-2.073197360316544e-12,-8.565922092531404e-14,-1.9850233047153362e-15,-2.5798597731617775e-17,-1.880420324053091e-19,-7.686621426023712e-22,-1.7621103355149806e-24,-2.265395574310887e-27,-1.6332968238788947e-30,-6.603791367802932e-34,-1.4973589225094108e-37,-1.903970065436482e-41,-1.357667151952756e-45,-5.429038561012044e-50,-1.2174368736699728e-54,-1.53095150047325e-59,-1.0796064598550158e-64,-4.26929572743282e-70,-9.467415662410365e-76,-1.177304680161753e-81,-8.209682275241589e-88,-3.210271584652723e-94,-7.039358677081052e-101,-8.655622648214409e-108,-5.968091834023784e-115,-2.3075055798066704e-122,-5.002859141186421e-130,-6.082194024410065e-138,-4.146360182718752e-146,-1.5850277638167587e-154,-3.397568337349208e-163,-4.0837527676752974e-172,-2.752384369669828e-181,-1.0401971477301867e-190,-2.2043357867352148e-200,-2.6193527580772148e-210,-1.7452717169680405e-220,-6.520541328790646e-231,-1.366012133387515e-241,-1.604628757570593e-252,-1.0569210353279247e-263,-3.903528502017683e-275,-8.083844240045968e-287,49.0
-2.017400974596566e-09,-4.6057613795928174e-09,-6.029585599905961e-09,-4.467936709124357e-09,-1.8637178342442554e-09,-4.366501716425016e-10,-5.740815525307785e-11,-4.233899426948808e-12,-1.7513343442659794e-13,-4.062855974489399e-15,-5.285851384485791e-17,-3.8566745151609625e-19,-1.578052097612487e-21,-3.621068822438049e-24,-4.659684579926833e-27,-3.362621276337876e-30,-1.3608134432264785e-33,-3.0882751900392657e-37,-3.9303188653304184e-41,-2.8049921254575894e-45,-1.1226006719810577e-49,-2.5194544628256703e-54,-3.1708311385946755e-59,-2.2378087767221773e-64,-8.856334458396421e-70,-1.9654599309910394e-75,-2.44597238199366e-81,-1.7069238368651718e-87,-6.679594482434201e-94,-1.4657421621690965e-100,-1.8035775116892635e-107,-1.244457466258732e-114,-4.814948365916204e-122,-1.044643014487548e-129,-1.2708879987744669e-137,-8.66978271474422e-146,-3.316417594258685e-154,-7.113589792596584e-163,-8.555898554958917e-172,-5.77029838833139e-181,-2.182154167846878e-190,-4.627280436377115e-200,-5.501969815318342e-210,-3.66827070614008e-220,-1.3713685384618547e-230,-2.8747196147524776e-241,-3.3789691183500863e-252,-2.2269954131914622e-263,-8.229998896291121e-275,-1.7053935068785049e-286,49.5
-3.917948715843249e-09,-9.20019611007806e-09,-1.2116137035854823e-08,-8.94865236893697e-09,-3.7065945343572308e-09,-8.61021756642376e-10,-1.1216888292343134e-10,-8.194972914594482e-12,-3.357663385649444e-13,-7.715053702817544e-15,-9.941469808290694e-17,-7.184057313898355e-19,-2.9113488527316065e-21,-6.616399563257175e-24,-8.432376559124178e-27,-6.0266622817552324e-30,-2.415461655042549e-33,-5.428973657096919e-37,-6.842700233640567e-41,-4.836458015788425e-45,-1.9169704805610184e-49,-4.260784108661595e-54,-5.310651183492559e-59,-3.7118314579767994e-64,-1.454819327079832e-69,-3.197483971632182e-75,-3.94079993741797e-81,-2.72354987650639e-87,-1.0555030397762727e-93,-2.293798001105728e-100,-2.7952504971940204e-107,-1.910093269099815e-114,-7.319056965045723e-122,-1.57260939951838e-129,-1.8947429810056615e-137,-1.2800944031888706e-145,-4.849472859084826e-154,-1.0301644011543394e-162,-1.2270907423899095e-171,-8.196032282301041e-181,-3.0696313326852095e-190,-6.446487296139447e-200,-7.591248465108712e-210,-5.012510431451205e-220,-1.8558730243289734e-230,-3.852929191616928e-241,-4.485207499434789e-252,-2.92766763520946e-263,-1.071538382106442e-274,-2.1990720508164063e-286,50.0
-7.998872208640328e-09,-1.840209789109625e-08,-2.3743066018349398e-08,-1.7180473446478462e-08,-6.972046576811991e-09,-1.5867561933850437e-09,-2.0252695294913182e-10,-1.4496931446330497e-11,-5.819529738633614e-13,-1.3101353550044476e-14,-1.6540888260225305e-16,-1.1711534371579183e-18,-4.650278923012135e-21,-1.0355054273453302e-23,-1.293099293999113e-26,-9.055562814443986e-30,-3.5563219682646224e-33,-7.832253607052585e-37,-9.67320662098015e-41,-6.699621577340136e-45,-2.602101415702705e-49,-5.667485011427345e-54,-6.922243275101068e-59,-4.7412382595898195e-64,-1.8210560040398965e-69,-3.9222891538855654e-75,-4.737387476319997e-81,-3.208628573424515e-87,-1.2186514160568122e-93,-2.5954780759213177e-100,-3.0997836619441117e-107,-2.0759645193642213e-114,-7.796171626653283e-122,-1.641777171563541e-129,-1.938727889959458e-137,-1.2837717878948287e-145,-4.766785990579131e-154,-9.924963199362233e-163,-1.1587671623969098e-171,-7.586231824515424e-181,-2.784949740842314e-190,-5.732824323546748e-200,-6.617266944989692e-210,-4.282981397363485e-220,-1.5544259132349963e-230,-3.1633627670799896e-241,-3.6097901666203186e-252,-2.3097649732884488e-263,-8.28715413323152e-275,-1.6672233335534348e-286,50.5
-1.5137054433948815e-08,-3.377891843027331e-08,-4.227565878231264e-08,-2.967383894917201e-08,-1.1681380722638034e-08,-2.5789923730213934e-09,-3.1932996764906036e-10,-2.2174881411980063e-11,-8.63601090807487e-13,-1.88622507713655e-14,-2.310470808074615e-16,-1.5872021996149467e-18,-6.114866337470911e-21,-1.3211822965927858e-23,-1.6008760217523623e-26,-1.0878522924131481e-29,-4.14569676948522e-33,-8.860099376761041e-37,-1.061918522978527e-40,-7.137620082962077e-45,-2.6904403982280003e-49,-5.687208251862423e-54,-6.741845481737092e-59,-4.4818825682921685e-64,-1.670868556461275e-69,-3.493191264757248e-75,-4.095423869819967e-81,-2.6925881118319873e-87,-9.927359426376225e-94,-2.052525318113172e-100,-2.3797562405647907e-107,-1.547261937767727e-114,-5.641322016112221e-122,-1.153405208805504e-129,-1.3224072096417704e-137,-8.502157174949038e-146,-3.06529330356354e-154,-6.197154477198083e-163,-7.025680658634864e-172,-4.466411525817732e-181,-1.5922152821076998e-190,-3.1828492409286285e-200,-3.5677967949598045e-210,-2.242603419803151e-220,-7.904452042985706e-231,-1.5622718251306602e-241,-1.7314327491617182e-252,-1.076013035933964e-263,-3.7496525578560747e-275,-7.326977442330833e-287,51.0
-2.3340629493245733e-08,-5.019129076089414e-08,-6.053074156136999e-08,-4.0940645675802827e-08,-1.552971996850015e-08,-3.3037101319098814e-09,-3.9415650684842643e-10,-2.6373207622610428e-11,-9.89654681922813e-13,-2.082714951504702e-14,-2.4581043239833986e-16,-1.6270240612607305e-18,-6.0396205732002845e-21,-1.2573209237588981e-23,-1.46791934939826e-26,-9.611176212537366e-30,-3.5291317756936245e-33,-7.267329850610329e-37,-8.392593324368451e-41,-5.4353863553659626e-45,-1.9741320456825317e-49,-4.020981739290336e-54,-4.593002658874858e-59,-2.9421752777704113e-64,-1.0569298886822438e-69,-2.129257287614166e-75,-2.4055420640208624e-81,-1.5240497258569057e-87,-5.414834669208598e-94,-1.0788713425635825e-100,-1.2054550368749019e-107,-7.553144382553173e-115,-2.6539851036622627e-122,-5.229517423384729e-130,-5.778507839850275e-138,-3.5806286720864364e-146,-1.2442019646421842e-154,-2.42442661555234e-163,-2.6491851917932336e-172,-1.6233018138409576e-181,-5.577871238561251e-191,-1.0747774361782405e-200,-1.1613096752017428e-210,-7.036482548933895e-221,-2.3907814980640595e-231,-4.555116708478402e-242,-4.866684022443583e-253,-2.915677564614545e-264,-9.795288863553255e-276,-1.8452921348360855e-287,51.5
-2.4134000394485157e-08,-5.000039982411682e-08,-5.808943674203048e-08,-3.784427711638395e-08,-1.3825550731596901e-08,-2.8323286482399374e-09,-3.253745752427797e-10,-2.0960523093130006e-11,-7.571796039841319e-13,-1.533817623885555e-14,-1.742313455878202e-16,-1.109829635653192e-18,-3.9642724945500246e-21,-7.940493903893008e-24,-8.918833107727407e-27,-5.617521137544045e-30,-1.9840709186488285e-33,-3.92957058891884e-37,-4.3642341253826905e-41,-2.7179761070004866e-45,-9.49199430409454e-50,-1.858844777680854e-54,-2.041278098996626e-59,-1.2569968259644878e-64,-4.340489319359834e-70,-8.404565192113772e-76,-9.125641190821423e-82,-5.556260918868424e-88,-1.897022556899637e-94,-3.631888329170131e-101,-3.8990796561316035e-108,-2.347258130201553e-115,-7.923703334667883e-123,-1.4999046596992283e-130,-1.5920865356210662e-138,-9.476254657909526e-147,-3.162811293358604e-155,-5.919374318654615e-164,-6.2121759753753484e-173,-3.6557506987534194e-182,-1.2063510880613833e-191,-2.232207911072632e-201,-2.3161078836917593e-211,-1.3475521734330945e-221,-4.396372637006765e-232,-8.042756986320637e-243,-8.250426106070067e-254,-4.7457868789529967e-265,-1.5307347494908962e-276,-2.7685409187758195e-288,52.0
-1.5651095503900737e-08,-3.1368138871640265e-08,-3.5249682726289234e-08,-2.2209773024554872e-08,-7.846129522823226e-09,-1.5541368871001703e-09,-1.7260187277301344e-10,-1.0747913831210015e-11,-3.7525395886642297e-13,-7.345964429276421e-15,-8.062965253636078e-17,-4.962073368072779e-19,-1.71219804724016e-21,-3.312586543883617e-24,-3.59337784805772e-27,-2.185551037836898e-30,-7.4531769102577745e-34,-1.425096633910763e-37,-1.5278108949733234e-41,-9.183691613692064e-46,-3.0951904599845067e-50,-5.8489762549927065e-55,-6.197188819496859e-60,-3.681560873573184e-65,-1.2262855930788299e-70,-2.2902012408160693e-76,-2.3981593705292883e-82,-1.408006981032351e-88,-4.635044876065304e-95,-8.555106940264836e-102,-8.853587876294689e-109,-5.13730698269051e-116,-1.671375708624769e-123,-3.048842585506174e-131,-3.1183026357928633e-139,-1.7882319965491878e-147,-5.749787526400504e-156,-1.0365781795313245e-164,-1.0477909797700308e-173,-5.938401682593426e-183,-1.8870647567000663e-192,-3.362221726403984e-202,-3.358831407570032e-212,-1.8813619877779594e-222,-5.908521552900003e-233,-1.0404173310315787e-243,-1.0272085413104638e-254,-5.6863285764102394e-266,-1.7649303071854068e-277,-3.071464117364513e-289,52.5
-7.108202164882131e-09,-1.3846939453576828e-08,-1.512569057035769e-08,-9.264972220999295e-09,-3.18229624989114e-09,-6.129213390148425e-10,-6.619673785617307e-11,-4.009001309035823e-12,-1.3614560060198313e-13,-2.592619959094585e-15,-2.7684836342314634e-17,-1.657726656629201e-19,-5.566109403142722e-22,-1.0479930377508747e-24,-1.1064527515954932e-27,-6.550510222318119e-31,-2.174628705521507e-34,-4.048207619612871e-38,-4.2257912903185565e-42,-2.4735507956948537e-46,-8.118972225486629e-51,-1.4943372046876272e-55,-1.5422805497749366e-60,-8.925760918436729e-66,-2.896637046633973e-71,-5.271202870024823e-77,-5.378882369289885e-83,-3.0778033256608714e-89,-9.87542990671451e-96,-1.7767949138176939e-102,-1.7926047643524896e-109,-1.0141391314393267e-116,-3.2171852871715595e-124,-5.72294965822832e-132,-5.708590186685759e-140,-3.193027498990628e-148,-1.0014771753724028e-156,-1.7613424527174266e-165,-1.7370432708500292e-174,-9.605971374567556e-184,-2.978759754183849e-193,-5.179560610924573e-203,-5.050255163295108e-213,-2.7611905795815573e-223,-8.465289170329419e-234,-1.4552890215065093e-244,-1.4028732330850324e-255,-7.583138708290424e-267,-2.298479502515156e-278,-3.906546493508404e-290,53.0
-2.783958960105081e-09,-4.787265215744845e-09,-4.897150408702017e-09,-2.8904397312910226e-09,-9.693058069028273e-10,-1.833870340301304e-10,-1.9513702280484726e-11,-1.1662471706861725e-12,-3.912630197894142e-14,-7.366529948158592e-16,-7.782545935771973e-18,-4.613376505263293e-20,-1.5344016274702276e-22,-2.8633272393625944e-25,-2.9978182777051524e-28,-1.7608942911509254e-31,-5.8029182643905e-35,-1.0728435749181141e-38,-1.112742715382453e-42,-6.474603203045643e-47,-2.113407615717488e-51,-3.8698738768678245e-56,-3.9750773095582536e-61,-2.290453390489225e-66,-7.403148247434917e-72,-1.342216799579221e-77,-1.3649992238531001e-83,-7.786424589515567e-90,-2.491336021065794e-96,-4.471032916787558e-103,-4.5004686244777265e-110,-2.5408269907411644e-117,-8.045505036659481e-125,-1.428847803072895e-132,-1.423203053673445e-140,-7.950418681360534e-149,-2.4908615211346408e-157,-4.3766321111546895e-166,-4.3127671351363773e-175,-2.383374700144548e-184,-7.386590685427373e-194,-1.2838266379252967e-203,-1.251338519516764e-213,-6.83982456821145e-224,-2.0965858706271705e-234,-3.6039096646731706e-245,-3.4739604814597126e-256,-1.8778545246635408e-267,-5.692219457850911e-279,-9.675660756111679e-291,53.5
-9.62843951929236e-10,-1.6904038154168999e-09,-1.7332620901132825e-09,-1.0204964959679896e-09,-3.4152318464754713e-10,-6.46001233993242e-11,-6.885363467365955e-12,-4.1284875610808813e-13,-1.3913557620202953e-14,-2.634192632621788e-16,-2.8008107101817746e-18,-1.672076426324159e-20,-5.603992115684626e-23,-1.0542751641765555e-25,-1.1132160143370574e-28,-6.596796989290381e-32,-2.1937043702680495e-35,-4.0933670336139726e-39,-4.285583597567283e-43,-2.517315066088289e-47,-8.29540255515079e-52,-1.5335071108422652e-56,-1.590232944134275e-61,-9.250014386933916e-67,-3.0179540983413506e-72,-5.522743802046864e-78,-5.6683179620879e-84,-3.2628487033204746e-90,-1.0533452868431074e-96,-1.9070606098146244e-103,-1.9362795352573114e-110,-1.1024840367359082e-117,-3.520213644192374e-125,-6.303050118251361e-133,-6.328646328914027e-141,-3.56322448001563e-149,-1.124973770592471e-157,-1.99160667896683e-166,-1.9770712181505017e-175,-1.1005116831552844e-184,-3.43492331735257e-194,-6.011547475533635e-204,-5.89928650625126e-214,-3.246041641578869e-224,-1.0014926281514244e-234,-1.73252063844852e-245,-1.6805219815227568e-256,-9.139941607222834e-268,-2.7872413860280135e-279,-4.765805658865909e-291,54.0
-2.2905312253625164e-09,-3.8517469129847685e-09,-3.657421773099077e-09,-1.960063745531868e-09,-5.927448714395588e-10,-1.011562821645496e-10,-9.743976752355914e-12,-5.299394535315111e-13,-1.6278139485528765e-14,-2.824925842092151e-16,-2.7704166779030003e-18,-1.5356577173580822e-20,-4.811548613640298e-23,-8.521096209321224e-26,-8.52812468264576e-29,-4.822117477855372e-32,-1.5398715450227634e-35,-2.7758504038159335e-39,-2.8232586476614514e-43,-1.6192434459000592e-47,-5.23406491136246e-52,-9.529997363167528e-57,-9.768847294549697e-62,-5.6347461533333035e-67,-1.828041338611043e-72,-3.334237743917201e-78,-3.4177711201219246e-84,-1.96825167838065e-90,-6.366231985303651e-97,-1.1562126398774219e-103,-1.178828176663304e-110,-6.745875353197486e-118,-2.1663589694092981e-125,-3.903610783477842e-133,-3.94634705523879e-141,-2.2380677257059037e-149,-7.119730573962305e-158,-1.2703845891499263e-166,-1.2713408916669052e-175,-7.135459117092977e-185,-2.2459310121658277e-194,-3.964331186768282e-204,-3.924003800681756e-214,-2.1780303973755387e-224,-6.778979287217554e-235,-1.1831037900161202e-245,-1.1577988608396675e-256,-6.353159193724726e-268,-1.9547363894881345e-279,-3.372288546014043e-291,54.5
-6.369113677839696e-09,-9.78774702901454e-09,-8.45065588865671e-09,-4.101533413383621e-09,-1.1198530772823484e-09,-1.7215702968879403e-10,-1.4918264737219006e-11,-7.296626888976702e-13,-2.0175203166397366e-14,-3.159210718091383e-16,-2.8069957448838167e-18,-1.41795522764309e-20,-4.0798687038737e-23,-6.696798531004836e-26,-6.27752537102788e-29,-3.3620085315474125e-32,-1.0284569921098915e-35,-1.79536724663423e-39,-1.7859628178597318e-43,-1.0105611421442422e-47,-3.246179238239479e-52,-5.908159056068445e-57,-6.081430714043928e-62,-3.5344608987750003e-67,-1.1582278551093414e-72,-2.1375105931784576e-78,-2.2194700001762923e-84,-1.2956337492189054e-90,-4.2495384915745624e-97,-7.827435188987778e-104,-8.093811943904102e-111,-4.696961444287952e-118,-1.5293760062876353e-125,-2.793640568006843e-133,-2.862389625083316e-141,-1.644922101043313e-149,-5.3013563895020024e-158,-9.581386487294655e-167,-9.710689443374523e-176,-5.518707686803214e-185,-1.7586488255774903e-194,-3.14243817894916e-204,-3.14842790841361e-214,-1.768704280002753e-224,-5.5711828537080874e-235,-9.839373832281288e-246,-9.743459975442505e-257,-5.40982228846065e-268,-1.6841299137741418e-279,-2.9396121088439196e-291,55.0
-1.3169124964684327e-08,-1.805562683946189e-08,-1.3897412588933941e-08,-6.0086689124738925e-09,-1.460563003247808e-09,-1.9984853408557786e-10,-1.5420213368340186e-11,-6.726089158934248e-13,-1.6640695177656714e-14,-2.3453121950568316e-16,-1.892961008442914e-18,-8.801113030904302e-21,-2.3705545527927067e-23,-3.715194788659973e-26,-3.394746689194352e-29,-1.8068815799280627e-32,-5.582023059384585e-36,-9.955999428323076e-40,-1.0191726650168419e-43,-5.95475649004517e-48,-1.976442920538233e-52,-3.712723342086483e-57,-3.936200092929394e-62,-2.350500325667063e-67,-7.894438498952313e-73,-1.489799877023848e-78,-1.5786396473151947e-84,-9.388220412839042e-91,-3.132496592502748e-97,-5.862885123823753e-104,-6.154351701063377e-111,-3.622935844938184e-118,-1.195962451579217e-125,-2.213775456139604e-133,-2.2977120570745435e-141,-1.337195206544644e-149,-4.363402063453182e-158,-7.983307343590448e-167,-8.189642608157096e-176,-4.710529253134857e-185,-1.519133288266311e-194,-2.7468986838537256e-204,-2.784898838545758e-214,-1.5830544301133842e-224,-5.0454702928946415e-235,-9.016264990080119e-246,-9.033806217118842e-257,-5.074974709235958e-268,-1.598512175482154e-279,-2.823039350403351e-291,55.5
-2.6902099500487856e-08,-3.043137783965592e-08,-1.965901465667032e-08,-7.218085068867365e-09,-1.5021114535805668e-09,-1.7704683682161786e-10,-1.1836447046957052e-11,-4.5069211235135465e-13,-9.845637760096123e-15,-1.2475994638957512e-16,-9.298991672112366e-19,-4.134974217494004e-21,-1.1073798535740837e-23,-1.7868836877962897e-26,-1.721958633760092e-29,-9.77100126059283e-33,-3.21786520732666e-36,-6.078333084467287e-40,-6.530288152361884e-44,-3.968322853856935e-48,-1.35926115089911e-52,-2.618808099897855e-57,-2.8343929711654532e-62,-1.7220476990117157e-67,-5.870359457832719e-73,-1.1225422147393943e-78,-1.2038972086937282e-84,-7.240730510345702e-91,-2.4420538953933506e-97,-4.618396592424765e-104,-4.897555175045396e-111,-2.912139198471626e-118,-9.70922016852556e-126,-1.8150648669121997e-133,-1.9025348427210404e-141,-1.1181587779431271e-149,-3.6847065029463994e-158,-6.808154433433414e-167,-7.053127516814192e-176,-4.0969331576126e-185,-1.3343198734911814e-194,-2.4365999150757194e-204,-2.4947731433960775e-214,-1.4321876498934534e-224,-4.609887842119949e-235,-8.31959093006751e-246,-8.418494447548967e-257,-4.7762543153975614e-268,-1.5193602733106787e-279,-2.7099057721061447e-291,56.0
-3.830745137027485e-08,-3.8736656663518926e-08,-2.1982791913097105e-08,-7.007486215062113e-09,-1.2570744435464974e-09,-1.2737169752185293e-10,-7.341618948602212e-12,-2.439120793101066e-13,-4.77520692040252e-15,-5.682083565262121e-17,-4.237651724928862e-19,-2.0064483121483406e-21,-5.943896335219747e-24,-1.0677714705572129e-26,-1.1282692428731703e-29,-6.86403875787662e-33,-2.3740578160158115e-36,-4.6365018839276685e-40,-5.095149234983858e-44,-3.14504722261943e-48,-1.0894869432056427e-52,-2.117161706708711e-57,-2.307440660314095e-62,-1.41028091460419e-67,-4.833439735987624e-73,-9.289040712571443e-79,-1.0010208565790533e-84,-6.048805691365156e-91,-2.0495016759191557e-97,-3.8938356269226894e-104,-4.14816988827076e-111,-2.4779018620094064e-118,-8.299644167391194e-126,-1.5587693519774506e-133,-1.6415363417770343e-141,-9.693144209315033e-150,-3.209398639471873e-158,-5.9583605594379826e-167,-6.2025938805557446e-176,-3.620451237920141e-185,-1.1849341176531983e-194,-2.1745391037482993e-204,-2.2375932350971877e-214,-1.29102710290051e-224,-4.17666163944012e-235,-7.576390835799765e-246,-7.706089188553777e-257,-4.394846713856324e-268,-1.4053708517110264e-279,-2.5198526278280027e-291,56.5
-1.2297612327725463e-07,-1.1300793967148069e-07,-5.875763012612498e-08,-1.7294668455797052e-08,-2.8842639655770006e-09,-2.730260347600891e-10,-1.4724218207352266e-11,-4.558117695897448e-13,-8.215376568191932e-15,-8.827845066470462e-17,-5.838763768460104e-19,-2.4455785145324724e-21,-6.530058102912662e-24,-1.0886373348711781e-26,-1.0955932896656718e-29,-6.460696989546194e-33,-2.1885123378568216e-36,-4.210218690272152e-40,-4.572049592011786e-44,-2.793939668995317e-48,-9.592717441060235e-53,-1.8490242222315675e-57,-2.0000788041531258e-62,-1.2138544608354899e-67,-4.1328946039216114e-73,-7.893763773003487e-79,-8.457463711841673e-85,-5.082900517416243e-91,-1.7135243835993986e-97,-3.2401806088674765e-104,-3.436703722506941e-111,-2.0445746016468264e-118,-6.822539861763225e-126,-1.2769263693601732e-133,-1.3404690730828826e-141,-7.892480733849059e-150,-2.6063382228513747e-158,-4.827289591598144e-167,-5.014483482662898e-176,-2.9214225427270698e-185,-9.54559555484797e-195,-1.749232138780449e-204,-1.7977240873322954e-214,-1.0361564335932646e-224,-3.349268585808878e-235,-6.071454798459052e-246,-6.172336722853656e-257,-3.51897798126015e-268,-1.1250964430921842e-279,-2.0172768879583023e-291,57.0
-0.00018211216793951503,-0.0002446338352036397,-0.00018425548245832614,-7.781313390946343e-05,-1.8425400050610454e-05,-2.446337100137948e-06,-1.821193166972427e-07,-7.602256805456551e-09,-1.7794439113988686e-10,-2.335566743438371e-12,-1.7190192543442384e-14,-7.095258677688205e-17,-1.6423997860225927e-19,-2.1322789429994723e-22,-1.552759999000346e-25,-6.343261237859536e-29,-1.4539087534725564e-32,-1.8701065369970187e-36,-1.3502497988676226e-40,-5.4742786367516445e-45,-1.2467863560019634e-49,-1.5960550838781192e-54,-1.1491989732855005e-59,-4.658112569175482e-65,-1.064034226870427e-70,-1.3714936352793373e-76,-9.990571326120248e-83,-4.120138794858202e-89,-9.638492194377854e-96,-1.2816870916821305e-102,-9.707891304453839e-110,-4.1961884839523194e-117,-1.036654206085146e-124,-1.4652042845016766e-132,-1.1852651587868566e-140,-5.486297691902762e-149,-1.4519207234749768e-157,-2.194233167457007e-166,-1.8909317575316964e-175,-9.278378190705157e-185,-2.5885199460664775e-194,-4.1007277130077765e-204,-3.6849394276025564e-214,-1.8766099919668614e-224,-5.412286930459004e-235,-8.834844245230696e-246,-8.15865526259862e-257,-4.2604543655020105e-268,-1.2575892750445185e-279,-2.097474099248273e-291,57.5
-0.00015724596668765405,-0.0004163575410583888,-0.0006181233207378862,-0.0005145241789938194,-0.00024013674913989815,-6.283966751187024e-05,-9.22001853530276e-06,-7.584948634402039e-07,-3.498619545006493e-08,-9.048244474948013e-10,-1.3120663620555486e-11,-1.0667717333368595e-13,-4.863084340314758e-16,-1.2430171359532487e-18,-1.7814263783465982e-21,-1.431477605610312e-24,-6.449523867019787e-28,-1.6292874127100353e-31,-2.307784623380312e-35,-1.832824941921904e-39,-8.161603472767285e-44,-2.0377903014411272e-48,-2.852815836235292e-53,-2.2393348075689872e-58,-9.855898708015e-64,-2.43223904974644e-69,-3.3655038219917054e-75,-2.611131682629434e-81,-1.135908729309144e-87,-2.7707368101555665e-94,-3.789531899690899e-101,-2.9061343204566004e-108,-1.249646232296579e-115,-3.0130152519344207e-123,-4.073428404296967e-131,-3.087913560858519e-139,-1.3125575972777396e-147,-3.1283966956770623e-156,-4.1809756661720865e-165,-3.1332001406306507e-174,-1.316605805500801e-183,-3.1022953430036854e-193,-4.098954042909752e-203,-3.036885772009528e-213,-1.2616895953749838e-223,-2.9393317244913835e-234,-3.839903138349328e-245,-2.8130102778122665e-256,-1.155595339419688e-267,-2.662121889329516e-279,58.0
-5.4500165789411296e-05,-0.0002667910482910703,-0.0007322612564514765,-0.0011268910449736289,-0.000972341159288905,-0.00047040954402456224,-0.00012760102190947573,-1.940674180806106e-05,-1.654898776353363e-06,-7.912440660140361e-08,-2.121141407955986e-09,-3.188223885282844e-11,-2.686877999329843e-13,-1.2696001097937893e-15,-3.363610886902279e-18,-4.996481380315286e-21,-4.161428711975828e-24,-1.9433017793440174e-27,-5.088122815719168e-31,-7.469549684568753e-35,-6.148238487317014e-39,-2.837438102623708e-43,-7.342119572138373e-48,-1.0652114779481795e-52,-8.665018901672114e-58,-3.952050189911112e-63,-1.0106356597463804e-68,-1.4490587253020109e-74,-1.164921149270612e-80,-5.250809048581891e-87,-1.3270126066873004e-93,-1.8803685563604796e-100,-1.493929146110083e-107,-6.654816592396565e-115,-1.662115635575336e-122,-2.3275842901724296e-130,-1.827547288966295e-138,-8.045459258184149e-147,-1.9858756668837387e-155,-2.7483513689854928e-164,-2.1326099534023837e-173,-9.278324856613473e-183,-2.2633237098661403e-192,-3.0955849014663943e-202,-2.3738742331359707e-212,-1.020684749444038e-222,-2.460619553567034e-233,-3.3259539760417e-244,-2.520617302204202e-255,-1.0710666548825551e-266,58.5
-1.1334209667566814e-05,-9.609898242487501e-05,-0.00045684467137275663,-0.001217697620376066,-0.0018198319544208376,-0.0015249094120877217,-0.000716436601680641,-0.00018872632777058244,-2.7874575575648447e-05,-2.3083684726889747e-06,-1.0718231917287128e-07,-2.7903736366485126e-09,-4.0730788256626646e-11,-3.3335315216413914e-13,-1.529704928741633e-15,-3.935792267681415e-18,-5.677774335196258e-21,-4.592462296048134e-24,-2.0827380024472305e-27,-5.295967501731549e-31,-7.550534023679885e-35,-6.03575738472253e-39,-2.705251769883686e-43,-6.798380660766678e-48,-9.579110966775119e-53,-7.567752730189807e-58,-3.3522062611594166e-63,-8.325621655305765e-69,-1.1593773673612172e-74,-9.05222301603916e-81,-3.9628535639643805e-87,-9.727096646702431e-94,-1.3386928384614772e-100,-1.0330021586839096e-107,-4.469348051956057e-115,-1.0842011502001196e-122,-1.4746819743797279e-130,-1.1246303115818018e-138,-4.8088827449749935e-147,-1.152926623987926e-155,-1.5498237605796917e-164,-1.1681166603756296e-173,-4.936435542089922e-183,-1.1696721954027865e-192,-1.5539548686457292e-202,-1.1575407106857708e-212,-4.834570348126173e-223,-1.1321483378473162e-233,-1.48652673957251e-244,-1.0943750094099911e-255,59.0
-4.8702383448581986e-08,-1.3580479868368505e-06,-2.139203804195139e-05,-0.00018904932826624136,-0.0009367851015018443,-0.002602713785787069,-0.004054456844052672,-0.003541266123518301,-0.001734219150861654,-0.0004761774833189729,-7.330829841310365e-05,-6.327858742769865e-06,-3.0625255285298e-07,-8.310399861474255e-09,-1.264396676696343e-10,-1.078608793518567e-12,-5.158978535958603e-15,-1.3835109771079449e-17,-2.0802742568746787e-20,-1.7537902573885742e-23,-8.289985338698322e-27,-2.197095338945065e-30,-3.2648486693735184e-34,-2.720170995062648e-38,-1.2707155269046683e-42,-3.3282767854732414e-47,-4.887755700296971e-52,-4.0245607804571845e-57,-1.8580030608135611e-62,-4.809426423090087e-68,-6.980058497397479e-74,-5.679940015879017e-80,-2.591476883495929e-86,-6.629332864650122e-93,-9.508482328960527e-100,-7.646654496522253e-107,-3.447867859725683e-114,-8.716630484310678e-122,-1.235564813600745e-129,-9.819769603754416e-138,-4.375784560097496e-146,-1.093275029663302e-154,-1.5315168803301444e-163,-1.2029096425045073e-172,-5.2974038348516465e-182,-1.3080128550753919e-191,-1.8108388209533084e-201,-1.4056151597994686e-211,-6.117470997117511e-222,-1.4927815364806404e-232,59.5
-5.483893078852876e-09,-1.3203489095820438e-07,-3.200683029905034e-06,-4.497726169815573e-05,-0.0003548544973295722,-0.001569823538720841,-0.0038937843576477265,-0.005415173994748198,-0.004222524910376826,-0.0018460829155628683,-0.0004525319875448235,-6.219656473136531e-05,-4.792945619838742e-06,-2.0708925092597045e-07,-5.016854869499902e-09,-6.814349780130004e-11,-5.189627598618059e-13,-2.2159851347796534e-15,-5.305378309485545e-18,-7.121717324864465e-21,-5.36008849417349e-24,-2.2619241528092507e-27,-5.351838049430804e-31,-7.099810090446847e-35,-5.280917026201667e-39,-2.2023726076317532e-43,-5.149808619169941e-48,-6.751654683712563e-53,-4.963044770243869e-58,-2.0455259898207583e-63,-4.726946083656582e-69,-6.124563376284805e-75,-4.449266858506493e-81,-1.812260453282055e-87,-4.138773019843019e-94,-5.299579873454131e-101,-3.804784920549166e-108,-1.5315727057290125e-115,-3.456718081474582e-123,-4.374305807912961e-131,-3.1036529886817415e-139,-1.2346845432150526e-147,-2.753960464974033e-156,-3.444119629990421e-165,-2.415002537672857e-174,-9.494580728401079e-184,-2.0929209638611076e-193,-2.5867157145373184e-203,-1.792517529483568e-213,-6.964612501152466e-224,60.0
-0.0002220580259735736,-0.000427020299466349,-0.0004610250395754664,-0.00029102962438556923,-0.0002348563475334016,-0.0008882528572646291,-0.0030241864606735725,-0.005884569575892201,-0.006423886443865236,-0.003931949802356224,-0.0013493893653907189,-0.0002596483265311631,-2.8012551096518536e-05,-1.6944886550248753e-06,-5.7470308315262146e-08,-1.092866814727903e-09,-1.1652250042949007e-11,-6.965803102143518e-14,-2.3348094012915653e-16,-4.387837254778229e-19,-4.623474077897762e-22,-2.7315250045483255e-25,-9.048170403149194e-29,-1.6804871602442607e-32,-1.7499613748269663e-36,-1.0217403961803623e-40,-3.344810379397996e-45,-6.139334223270134e-50,-6.318149357824039e-55,-3.6456698462969276e-60,-1.1794610969702414e-65,-2.139482517640091e-71,-2.1759689805602267e-77,-1.240839170044414e-83,-3.967319032784505e-90,-7.112095728630111e-97,-7.148532534206547e-104,-4.028608263028253e-111,-1.2729519682565348e-118,-2.2552143759435317e-126,-2.240177765043414e-134,-1.2476591902773528e-142,-3.8960838430825996e-151,-6.821493272788101e-160,-6.696524355749336e-169,-3.685855345204257e-178,-1.1374857318680521e-187,-1.9682146733930296e-197,-1.909491851095773e-207,-1.0386805280641617e-217,60.5
-0.0001533975041399295,-0.00035184964062745196,-0.00045271462921245265,-0.00033179567191998836,-0.0002066309370565212,-0.0005968086610251733,-0.0024154307410448727,-0.005752412184804289,-0.007692508582236528,-0.005767984983073552,-0.0024249327012598825,-0.0005716025071699315,-7.554529169232581e-05,-5.598085393486125e-06,-2.3258969715548847e-07,-5.418265282959463e-09,-7.07699506830499e-11,-5.182703431338496e-13,-2.1280540766458076e-15,-4.899229658909647e-18,-6.3239987176810146e-21,-4.576933314925804e-24,-1.8572750867687276e-27,-4.225681091899021e-31,-5.390586753530308e-35,-3.855619765623149e-39,-1.5462196667157286e-43,-3.476698453178896e-48,-4.383103162444906e-53,-3.098241003392472e-58,-1.2279128342874353e-63,-2.728592724079542e-69,-3.3996071299763273e-75,-2.3748576488438244e-81,-9.301763016554106e-88,-2.042733895389261e-94,-2.5152268269838752e-101,-1.7364462886348085e-108,-6.721471923279274e-116,-1.4587681076833917e-123,-1.7751169369214178e-131,-1.211118148804278e-139,-4.633027661762107e-148,-9.937156072125781e-157,-1.1950282313401677e-165,-8.057736405638473e-175,-3.046258708274518e-184,-6.457127292066123e-194,-7.674158217570926e-204,-5.1137675887632226e-214,61.0
-0.00010931057619508468,-0.0002624284278734026,-0.00035340550175640416,-0.00027086669226104106,-0.00017467113890104653,-0.0005294632932633044,-0.0022941944798094754,-0.0058525450090522,-0.008383280088853754,-0.006733186250850847,-0.0030321219724275938,-0.0007655817341080327,-0.00010838153487478063,-8.602761210442452e-06,-3.828593662928301e-07,-9.553434290236962e-09,-1.3365912144475215e-10,-1.0484712351958114e-12,-4.611405091068904e-15,-1.1371790912662232e-17,-1.572328526458338e-20,-1.2189238039769737e-23,-5.298203796097748e-27,-1.2912180762103743e-30,-1.7643688093372934e-34,-1.3517549940050859e-38,-5.806647072101311e-43,-1.3985297676663352e-47,-1.888586303345209e-52,-1.429949806507834e-57,-6.07048775679343e-63,-1.4449247110220574e-68,-1.928349217382286e-74,-1.442929093379489e-80,-6.053731165035347e-87,-1.4240331792154926e-93,-1.878174424179372e-100,-1.3888987050095912e-107,-5.758694772833864e-115,-1.3387404452972103e-122,-1.7449683124464686e-130,-1.2752564890124476e-138,-5.22548223886527e-147,-1.2005328454157259e-155,-1.54646663152309e-164,-1.1169298492337948e-173,-4.5230363470073476e-183,-1.026958975119437e-192,-1.307359263383521e-202,-9.331589779289462e-213,61.5
-9.449471777437693e-05,-0.00019815353254733662,-0.00023320824068047432,-0.00015946815049028547,-0.00013754108516789458,-0.0006326866688542447,-0.002677518941685694,-0.006467095815623427,-0.008762236837520926,-0.006656489168124841,-0.00283527038080402,-0.0006771152282609778,-9.066705748684157e-05,-6.806992929396231e-06,-2.865364756286832e-07,-6.7627505279318195e-09,-8.949229712130237e-11,-6.639980155371304e-13,-2.7622739236171516e-15,-6.442961592640517e-18,-8.426033432118842e-21,-6.17845161667275e-24,-2.5401242395243517e-27,-5.855299364927313e-31,-7.56766826680973e-35,-5.483955284181148e-39,-2.2281506969796933e-43,-5.075911625335975e-48,-6.483393492067194e-53,-4.6431161289921164e-58,-1.8643847752650495e-63,-4.1974002714238483e-69,-5.298391695989652e-75,-3.74995946383897e-81,-1.4880856254331692e-87,-3.3109155728729506e-94,-4.130352601008107e-101,-2.8889830014486625e-108,-1.1329785336197632e-115,-2.4912494337328468e-123,-3.071366062729888e-131,-2.123072309607996e-139,-8.228427131384512e-148,-1.7880831293530356e-156,-2.178599604002911e-165,-1.4882845445250372e-174,-5.700505378240574e-184,-1.2242203217519282e-193,-1.4740921915611148e-203,-9.951958208628847e-214,62.0
-7.790934588834104e-05,-0.00012309407989518912,-0.00010963359286887689,-6.698879332245497e-05,-0.000165072129254471,-0.0009842935084727169,-0.0036044303009359216,-0.0074175243097859035,-0.008559023029586985,-0.005537439975932095,-0.0020086896811885085,-0.0004085409362027839,-4.6588335423601094e-05,-2.9787748020232214e-06,-1.0678665973864555e-07,-2.146422336241415e-09,-2.418979558704948e-11,-1.5285092026933177e-13,-5.415302929785473e-16,-1.0757126896232621e-18,-1.198087853099892e-21,-7.481692858362922e-25,-2.6195694840865925e-28,-5.14255335875543e-32,-5.660392245413524e-36,-3.4932774848364285e-40,-1.2087555434788567e-44,-2.3451072512493822e-49,-2.550972500467198e-54,-1.5558498450771953e-59,-5.3204506792230364e-65,-1.0201123348135655e-70,-1.0966458837960275e-76,-6.610033544412481e-83,-2.2338795409642303e-89,-4.232867503710149e-96,-4.497057442292167e-103,-2.6788045757651416e-110,-8.946897581807297e-118,-1.6754162996139448e-125,-1.7591053250300802e-133,-1.035570778074157e-141,-3.4181141899625223e-150,-6.32575233052523e-159,-6.5638196202419485e-168,-3.818738572239623e-177,-1.2456672737391912e-186,-2.278258599632153e-196,-2.3362688494603754e-206,-1.3432642458160967e-216,62.5
-3.512568822699787e-05,-3.7243565410025104e-05,-2.4271446757679095e-05,-4.368705088327314e-05,-0.0003352334241944355,-0.0017194470439408647,-0.004964270206784824,-0.008036670489018582,-0.007294857424486747,-0.00371258599088455,-0.0010593883791647637,-0.0001694934055863871,-1.5204400254864e-05,-7.647238747321434e-07,-2.1565466632659805e-08,-3.4098236509164524e-10,-3.0229002840664982e-12,-1.5025694862278245e-14,-4.187589941968915e-17,-6.543537102532922e-20,-5.732972098393536e-23,-2.8162157581487515e-26,-7.756590382391639e-30,-1.1978284595992506e-33,-1.0371396416112344e-37,-5.034990758052579e-42,-1.3704997414015998e-46,-2.091597310916293e-51,-1.7897650717498703e-56,-8.586829082282777e-62,-2.309874823735792e-67,-3.483877763437982e-73,-2.946159186562121e-79,-1.3969097404437186e-85,-3.71363587876594e-92,-5.535401524497349e-99,-4.626129391172858e-106,-2.1677303540862726e-113,-5.6952340817465145e-121,-8.389512692355751e-129,-6.929162216883278e-137,-3.208806719617619e-145,-8.331538871553964e-154,-1.2129020441801416e-162,-9.900225066487305e-172,-4.5308871362468593e-181,-1.1626266054832052e-190,-1.6726924889103864e-200,-1.3493070608988763e-210,-6.10273224584924e-221,63.0
-1.0874634725421357e-08,-3.816319827832135e-07,-8.309306521648054e-06,-0.0001019098900310043,-0.000700948466399254,-0.0027032199908337646,-0.005845164335319761,-0.007086494447885333,-0.004817096381271222,-0.001835939013080807,-0.0003923287352789923,-4.700682220742227e-05,-3.157843084811673e-06,-1.1894304735053604e-07,-2.5119236110601386e-09,-2.9743538985401606e-11,-1.9746844040978582e-13,-7.350579706002963e-16,-1.5341376380817762e-18,-1.7952539727519064e-21,-1.1778942598249866e-24,-4.333168240160858e-28,-8.937655980542645e-32,-1.0336191664712106e-35,-6.702183438374156e-40,-2.4366373856843e-44,-4.96688761200964e-49,-5.676708576475832e-54,-3.637706889727933e-59,-1.307006183726667e-64,-2.6329730791128074e-70,-2.973952527248497e-76,-1.8833909589225565e-82,-6.687530374052483e-89,-1.3314041013604379e-95,-1.4861849189335294e-102,-9.30153546220168e-110,-3.2640385470539086e-117,-6.422065761636868e-125,-7.084562801641679e-133,-4.3819780441201507e-141,-1.519659105231943e-149,-2.9548877836289543e-158,-3.221474108156249e-167,-1.9691877907173492e-176,-6.748984959707993e-186,-1.2969063683763671e-195,-1.3973256202277492e-205,-8.441224636502251e-216,-2.859118332684678e-226,63.5
-2.07987442587767e-07,-4.4991135262532976e-06,-5.477283905053689e-05,-0.0003739774168735997,-0.0014317151832962118,-0.0030731878647109324,-0.003698633574191048,-0.0024958171072814476,-0.0009442853452239553,-0.00020031463624490934,-2.3825444114098266e-05,-1.5888693592771073e-06,-5.940927124680414e-08,-1.2454867267908183e-09,-1.4640058839230813e-11,-9.648623922949474e-14,-3.565387795677637e-16,-7.386981392944623e-19,-8.581161457621211e-22,-5.589127006580199e-25,-2.041083257876931e-28,-4.179230251007459e-32,-4.7978947197123076e-36,-3.088331888654957e-40,-1.1145923403482679e-44,-2.255417673449578e-49,-2.5589201900796338e-54,-1.6278160987756419e-59,-5.805943085456337e-65,-1.161071716376362e-70,-1.3018596122462438e-76,-8.184423598164803e-83,-2.884900775272356e-89,-5.7015442406594594e-96,-6.317902992803666e-103,-3.925294490518202e-110,-1.3673836188222459e-117,-2.670713719813802e-125,-2.924712213879884e-133,-1.795799212276765e-141,-6.182316735830465e-150,-1.1933382534920633e-158,-1.2915008917896639e-167,-7.836907033020042e-177,-2.666327647889978e-186,-5.086290649964141e-196,-5.440109835751552e-206,-3.2623683807693326e-216,-1.0969255867459268e-226,-2.067950653595882e-237,64.0
-1.5212710252179714e-06,-2.161281907227551e-05,-0.00017223864145405945,-0.0007696516823757225,-0.0019283322696851714,-0.0027088816629860383,-0.0021336232435823135,-0.000942246616858091,-0.000233308425212773,-3.239031431194201e-05,-2.5212666012264506e-06,-1.1003763071047458e-07,-2.6926662953885202e-09,-3.694389468878025e-11,-2.841984199692371e-13,-1.2257996074609232e-15,-2.964395421010475e-18,-4.01949623649209e-21,-3.0558072411211898e-24,-1.3025641517598842e-27,-3.113086042451286e-31,-4.1715933221621243e-35,-3.1342356020357745e-39,-1.3203228884106453e-43,-3.118512586547834e-48,-4.129844380937819e-53,-3.0664699243533068e-58,-1.2766227180627837e-63,-2.979924524151258e-69,-3.9000196637513213e-75,-2.8618519681469034e-81,-1.1774605664482185e-87,-2.716216691315813e-94,-3.513187206456041e-101,-2.5477511606862847e-108,-1.0359327433635116e-115,-2.3617011937780524e-123,-3.018819694146739e-131,-2.1635564782771974e-139,-8.693969962803796e-148,-1.9587854561746183e-156,-2.474425842701796e-165,-1.7525921066885518e-174,-6.959949631270223e-184,-1.549709083271003e-193,-1.9346976186796957e-203,-1.35423755197598e-213,-5.314904239538989e-224,-1.1695394415637578e-234,-1.4429561636621087e-245,64.5
-4.515343201496179e-06,-4.7540928532381946e-05,-0.0002806999512142687,-0.0009292912483670328,-0.001724981915605022,-0.0017953021693308392,-0.0010476348999079192,-0.0003427689037646629,-6.287989356468295e-05,-6.467568726386423e-06,-3.7298310306033826e-07,-1.2060244310898168e-08,-2.1864617916917877e-10,-2.2225242942200865e-12,-1.2666889394167915e-14,-4.047736906350451e-17,-7.252260768087011e-20,-7.285399693704502e-23,-4.1034787749782663e-26,-1.295895065878788e-29,-2.294596452502867e-33,-2.278041523356105e-37,-1.2680482843357717e-41,-3.957571612798587e-46,-6.925332191500206e-51,-6.7947154656048075e-56,-3.7378405946155846e-61,-1.1528932974106796e-66,-1.9937756559295138e-72,-1.93322454373164e-78,-1.051010725700086e-84,-3.2036925595827906e-91,-5.4753685080432504e-98,-5.246802436603759e-105,-2.8189988972810706e-112,-8.492077267358225e-120,-1.4343389921164472e-127,-1.3583400601540269e-135,-7.212470503654315e-144,-2.1472293147347676e-152,-3.584195101218214e-161,-3.354468305269929e-170,-1.760250921357777e-179,-5.178980841711142e-189,-8.54344179981206e-199,-7.902058903448424e-209,-4.097948504936815e-219,-1.1915480696502277e-229,-1.9425646204578851e-240,-1.7756534876639537e-251,65.0
-4.915830604592056e-06,-4.609623306016605e-05,-0.00024241170024642616,-0.0007147959398006769,-0.0011817748286185301,-0.0010954881979465705,-0.0005693770320068136,-0.00016592474410249202,-2.711073223858066e-05,-2.4836488248655016e-06,-1.2757276571218204e-07,-3.674046012591908e-09,-5.932668037981531e-11,-5.371237326926229e-13,-2.7265751522267736e-15,-7.76031660283651e-18,-1.2383980049576389e-20,-1.108051342362161e-23,-5.558765601311648e-27,-1.5635640453618203e-30,-2.4658793604665645e-34,-2.1804534156491452e-38,-1.0810371935625153e-42,-3.0050610305827684e-47,-4.6836538819517e-52,-4.0929376343961593e-57,-2.0054151772827373e-62,-5.509247766822384e-68,-8.485924193329405e-74,-7.328664287720115e-80,-3.548700475578348e-86,-9.634578023600984e-93,-1.4666108317244819e-99,-1.2517451427847318e-106,-5.990123523833615e-114,-1.6072168545914247e-121,-2.417864811181994e-129,-2.03942804866924e-137,-9.645030332998058e-146,-2.557511789077922e-154,-3.8023363154732084e-163,-3.1695838636730445e-172,-1.4814015803382663e-181,-3.882059581853148e-191,-5.70388060695979e-201,-4.698913957256531e-211,-2.1704180653371805e-221,-5.6209294604814914e-232,-8.161908305233417e-243,-6.644986825662549e-254,65.5
-1.986889704219077e-06,-2.0478979716972994e-05,-0.00011844476166649288,-0.0003841498577506676,-0.0006985778926361214,-0.0007122785721168763,-0.00040719663568333716,-0.00013052010400567556,-2.345683961001209e-05,-2.3636350785220405e-06,-1.335396374339958e-07,-4.2301794948479815e-09,-7.513222239976665e-11,-7.481910550305691e-13,-4.177511216624698e-15,-1.3078007263437106e-17,-2.295537334220702e-20,-2.2591547635054315e-23,-1.2465980488102596e-26,-3.856787748724548e-30,-6.690273492090111e-34,-6.507000514573958e-38,-3.548433307472451e-42,-1.0849539112387168e-46,-1.8599649877956966e-51,-1.7877923929463774e-56,-9.63492276419752e-62,-2.9113755256804014e-67,-4.93249953131048e-73,-4.685486761396698e-79,-2.495520916219394e-85,-7.452235145153511e-92,-1.247759032513917e-98,-1.1713690137111179e-105,-6.165603281048074e-113,-1.819601387776175e-120,-3.0108961636529485e-128,-2.7934064647047533e-136,-1.4530860253664554e-144,-4.238062478884952e-153,-6.930462539295275e-162,-6.354420088806506e-171,-3.266694048251635e-180,-9.41585661963746e-190,-1.5217035320517354e-199,-1.378856584378635e-209,-7.0053039366169254e-220,-1.995509062891759e-230,-3.18712621915765e-241,-2.8540636761120006e-252,66.0
-4.099072437402136e-07,-5.251983546710605e-06,-3.807713862231149e-05,-0.00015492792652076543,-0.0003534763444639379,-0.0004521848150770069,-0.00032433320213624356,-0.00013043251836114067,-2.941028518742165e-05,-3.718188844019134e-06,-2.63561816830936e-07,-1.0474960165598683e-08,-2.3342163393942376e-10,-2.916410588162528e-12,-2.0430315083244236e-14,-8.024542830457724e-17,-1.7671945802707289e-19,-2.182062969063026e-22,-1.51066797964656e-25,-5.863941180628059e-29,-1.2762302180879548e-32,-1.557353768753878e-36,-1.065526780448764e-40,-4.087523829501757e-45,-8.791744575816583e-50,-1.0602509332885447e-54,-7.169041613745143e-60,-2.717893129810743e-65,-5.777267636218821e-71,-6.8854358246837765e-77,-4.6010740116733695e-83,-1.7238752733590035e-89,-3.621356646325683e-96,-4.2653590230963437e-103,-2.8168175855113306e-110,-1.0429913124596222e-117,-2.165317048318826e-125,-2.5204676992137137e-133,-1.6449761804956973e-141,-6.019451614254832e-150,-1.2350174064968237e-158,-1.4207185993742873e-167,-9.163510675578053e-177,-3.313863005894233e-186,-6.719331198912212e-196,-7.638997751016075e-206,-4.8692890157545515e-216,-1.7402576839626514e-226,-3.487228488262309e-237,-3.918014910562307e-248,66.5
-2.189176906657735e-07,-2.7310299010671194e-06,-2.0723413961083163e-05,-8.871273498625948e-05,-0.00021302704184719896,-0.0002868272490737159,-0.00021653449778177316,-9.165434267465223e-05,-2.1751937744356388e-05,-2.894421201022231e-06,-2.159455997936378e-07,-9.033287414885738e-09,-2.1186837523454627e-10,-2.786155046827659e-12,-2.0542971439529212e-14,-8.492588486424083e-17,-1.9685014338957822e-19,-2.5582926729823336e-22,-1.8641615892819023e-25,-7.616154052537957e-29,-1.744643599117694e-32,-2.2407662752023316e-36,-1.6136347361040544e-40,-6.515274912831556e-45,-1.4749560972371987e-49,-1.872165673644897e-54,-1.3323805964296167e-59,-5.316565359715312e-65,-1.1894682437917203e-70,-1.4920843766468737e-76,-1.049428249502719e-82,-4.1383856093074285e-89,-9.150145421279435e-96,-1.1343416381494864e-102,-7.884580440447291e-110,-3.0727847535060653e-117,-6.714358516462342e-125,-8.226133459274945e-133,-5.65074633500329e-141,-2.1763799161705292e-149,-4.699833187761314e-158,-5.690481483177188e-167,-3.8630864038147466e-176,-1.4704107393093866e-185,-3.138063638745023e-195,-3.7549457252116817e-205,-2.519210269180192e-215,-9.476413626969038e-226,-1.9986761762569057e-236,-2.363522275117795e-247,67.0
-2.0246669151334583e-06,-1.3982601012226031e-05,-5.857145658138958e-05,-0.00013876184765357946,-0.00018448874638308862,-0.00013754042306860225,-5.7492888681439524e-05,-1.3474641820500203e-05,-1.7706764981241733e-06,-1.3046080692911674e-07,-5.389391531442444e-09,-1.248297922320016e-10,-1.6211216149773494e-12,-1.1804070151011205e-14,-4.8191096042962876e-17,-1.1031146760097644e-19,-1.4157721268542167e-22,-1.0187905075213691e-25,-4.1105057343404793e-29,-9.298747685626815e-33,-1.1794309102594947e-36,-8.38763231007784e-41,-3.3444530151522825e-45,-7.477039085275058e-50,-9.37244799386086e-55,-6.587115284354428e-60,-2.5957109308419847e-65,-5.7350370021489284e-71,-7.104523567096095e-77,-4.934606549360641e-83,-1.9217148184803302e-89,-4.196084099291347e-96,-5.137102903715627e-103,-3.5262344457440143e-110,-1.3571346478768977e-117,-2.92855597705539e-125,-3.54325947933184e-133,-2.4036499603714167e-141,-9.142360106798947e-150,-1.9496841521578137e-158,-2.33125100377061e-167,-1.5629052403819585e-176,-5.874827176270656e-186,-1.2381588883919078e-195,-1.463108390243893e-205,-9.693831323251243e-216,-3.601084007921356e-226,-7.50049427589947e-237,-8.759218330484404e-248,-5.73534643460667e-259,67.5
-2.9988811237938533e-06,-1.4691065978966303e-05,-4.038404376621384e-05,-6.225136387988908e-05,-5.3804612752665795e-05,-2.6074251218567536e-05,-7.084737539746587e-06,-1.0793312532462487e-06,-9.219442415715769e-08,-4.415434294966382e-09,-1.185662394988986e-10,-1.7851203741891966e-12,-1.5069290547584248e-14,-7.132420568475933e-17,-1.8927790398190154e-19,-2.816318247864434e-22,-2.3495374778321365e-25,-1.0990105497384942e-28,-2.8823066416304213e-32,-4.2383551004351845e-36,-3.4944057764957544e-40,-1.6153556893783085e-44,-4.1867963153531786e-49,-6.084352085397731e-54,-4.957533738900232e-59,-2.2648312881393076e-64,-5.801293932264234e-70,-8.331682680839678e-76,-6.709024975151545e-82,-3.029039471692399e-88,-7.667773813701421e-95,-1.0883096769742275e-101,-8.660730503505803e-109,-3.864340579379451e-116,-9.667520524766264e-124,-1.356043579257292e-131,-1.0664758544792886e-139,-4.702699673379728e-148,-1.1626856122559092e-156,-1.61174446985418e-165,-1.2527053028738198e-174,-5.459092832457176e-184,-1.333861937728028e-193,-1.827343181187179e-203,-1.4036156136812234e-213,-6.044983237253679e-224,-1.4596907227418107e-234,-1.9762661471234335e-245,-1.5001989306327316e-256,-6.385150061868793e-268,68.0
-6.887339531843186e-07,-2.25869901966389e-06,-4.160462385868813e-06,-4.298872762964849e-06,-2.4908660248716233e-06,-8.092586089602316e-07,-1.474186667315953e-07,-1.5057091815695448e-08,-8.622855928147088e-10,-2.7687358582728744e-11,-4.984615846175504e-13,-5.031544083380004e-15,-2.847672709224379e-17,-9.036451703801233e-20,-1.6077731549290394e-22,-1.603875092519781e-25,-8.970883323340619e-29,-2.813317495800339e-32,-4.946763481193605e-36,-4.87688367150101e-40,-2.6957678713197293e-44,-8.354903385272158e-49,-1.4518415181712545e-53,-1.4145419461202672e-58,-7.727362519617543e-64,-2.366821912928812e-69,-4.064608425877149e-75,-3.913728382104241e-81,-2.112912377804474e-87,-6.395744847259002e-94,-1.0854744580656826e-100,-1.0329205657261583e-107,-5.511033828371518e-115,-1.6486105167727418e-122,-2.7651703516639746e-130,-2.6004263261524794e-138,-1.371153425959695e-146,-4.05365131282026e-155,-6.7193236628879385e-164,-6.244872415746105e-173,-3.2541713383975835e-182,-9.507713749464429e-192,-1.5575091858924298e-201,-1.4305530651305848e-211,-7.367093204481361e-222,-2.127194459277995e-232,-3.443793155295381e-243,-3.125976872356974e-254,-1.5909381612514064e-265,-4.539830879232765e-277,68.5
-3.281742437010887e-05,-9.127791573399092e-05,-0.00014244038367341728,-0.00012465228215842352,-6.116595289260639e-05,-1.682850157200744e-05,-2.5959872084029107e-06,-2.2453266105158603e-07,-1.0888694897008717e-08,-2.960678426078741e-10,-4.513626775337902e-12,-3.858148930829523e-14,-1.8490609775820965e-16,-4.968695236552748e-19,-7.486043599313932e-22,-6.323844794373539e-25,-2.9952212228581173e-28,-7.954180704609355e-32,-1.1843521318272143e-35,-9.887467775571111e-40,-4.628157784060768e-44,-1.2146469710882162e-48,-1.787355022975227e-53,-1.4746549633125856e-58,-6.821640782097092e-64,-1.7693188858489107e-69,-2.573014403307551e-75,-2.0979597819554453e-81,-9.59115559665625e-88,-2.45846229249271e-94,-3.5332551715368836e-101,-2.8471168512717332e-108,-1.286335978896781e-115,-3.2585349164700985e-123,-4.628168664900655e-131,-3.685656126656259e-139,-1.645656861384615e-147,-4.119861283168918e-156,-5.782887434517263e-165,-4.551197902715256e-174,-2.008285900215065e-183,-4.968716230491467e-193,-6.892577947292853e-203,-5.360903808100443e-213,-2.337831358550274e-223,-5.716196918679674e-234,-7.836461781414247e-245,-6.023538560538297e-256,-2.5959851662867625e-267,-6.272946084427985e-279,69.0
-5.775857503907873e-05,-0.0002170317510807649,-0.00045726903409400724,-0.0005401933301789964,-0.0003578083025588881,-0.00013288409954322042,-2.767042578598131e-05,-3.2305633272571068e-06,-2.114754357238635e-07,-7.761768136377986e-09,-1.5972774711515075e-10,-1.8429730090501886e-12,-1.1922750606916473e-14,-4.3246683035544516e-17,-8.795246094802203e-20,-1.0029101616504056e-22,-6.412020587842656e-26,-2.2985111951193647e-29,-4.619736196024491e-33,-5.20602880631812e-37,-3.289385655953401e-41,-1.1653110335675039e-45,-2.314662947038727e-50,-2.5778194564855534e-55,-1.6096671150955033e-60,-5.635578229048177e-66,-1.1062664214395426e-71,-1.2175864735520663e-77,-7.513784511967754e-84,-2.5997793712420108e-90,-5.043512338737656e-97,-5.4859079802934245e-104,-3.345667565302279e-111,-1.144025988346673e-118,-2.1933494548832747e-126,-2.357754641577811e-134,-1.4210462816631998e-142,-4.802160523614246e-151,-9.098796683360123e-160,-9.666073310082019e-169,-5.757514564366431e-178,-1.9228209375163032e-187,-3.6004889001830426e-197,-3.780097022869082e-207,-2.225170297062267e-217,-7.344164532597281e-228,-1.3590654696569158e-238,-1.4101236465130943e-249,-8.20338036873168e-261,-2.6757611229193235e-272,69.5
-1.5679882894284266e-05,-0.0001062005757314887,-0.0004042284427447228,-0.0008632256619701982,-0.001033760762953857,-0.0006941568571548034,-0.00026134901349821336,-5.517026174799836e-05,-6.529933126557666e-06,-4.3334270513674045e-07,-1.612401406564802e-08,-3.363827504931239e-10,-3.934713520445092e-12,-2.580544551064427e-14,-9.489174750852423e-17,-1.9564302361899094e-19,-2.261617338827487e-22,-1.4658607657491096e-25,-5.327030136329257e-29,-1.0854165098376421e-32,-1.2400138311617745e-36,-7.942833743269758e-41,-2.8526155915173966e-45,-5.744204167047995e-50,-6.48537839486968e-55,-4.1054390585513257e-60,-1.4571448839461328e-65,-2.899777651730085e-71,-3.235530497534873e-77,-2.024161376289418e-83,-7.100085952286581e-90,-1.3963713043991668e-96,-1.5397742808817368e-103,-9.51989248738303e-111,-3.3000905980857582e-118,-6.414141234851129e-126,-6.989884682671338e-134,-4.270909215296529e-142,-1.463152203111914e-150,-2.8104606425693306e-159,-3.0268043313149444e-168,-1.8277215072372177e-177,-6.18806026349016e-187,-1.174675425555359e-196,-1.250259228213351e-206,-7.461069592752775e-217,-2.4964389481302594e-227,-4.683382674083456e-238,-4.926258270101097e-249,-2.905317135683555e-260,70.0
-1.400402255766236e-06,-1.7362921895474914e-05,-0.000128265250060491,-0.0005350255786880134,-0.0012524045795223732,-0.0016439417829465586,-0.0012099152754877253,-0.0004992794412774244,-0.00011551849969752419,-1.4985744268656994e-05,-1.0899936310943705e-06,-4.445170786161867e-08,-1.0164166807391853e-09,-1.3030886274532768e-11,-9.36688013425127e-14,-3.775155175922204e-16,-8.530873256040769e-19,-1.0808638905475334e-21,-7.678340432290146e-25,-3.0583173973915285e-28,-6.829935207081378e-32,-8.552034591286716e-36,-6.004006456486355e-40,-2.363369839903534e-44,-5.216041811472861e-49,-6.454599138584376e-54,-4.478332383926875e-59,-1.7421366164839617e-64,-3.7998541770900427e-70,-4.646976633290065e-76,-3.1863456345857734e-82,-1.2249944328952493e-88,-2.6405487089683953e-95,-3.191340089742795e-102,-2.1625732628894794e-109,-8.216510361965826e-117,-1.7503416291856992e-124,-2.0906294950844333e-132,-1.4000713259367782e-140,-5.257049734814158e-149,-1.1067584511690179e-157,-1.3064188700127475e-166,-8.646311528939391e-176,-3.208471237081473e-185,-6.6755070373510916e-195,-7.787341179544164e-205,-5.093460980052597e-215,-1.8679085117564477e-225,-3.8407589867149176e-236,-4.42789533185377e-247,70.5
-1.0293618607890786e-07,-1.784027161136935e-06,-2.3809661477296056e-05,-0.00018176065865519359,-0.0007789089985066007,-0.0018716738528437528,-0.0025217182217562996,-0.0019049456274457437,-0.0008068404907582346,-0.00019160714554408964,-2.551259183445598e-05,-1.9046549379843927e-06,-7.972543047468676e-08,-1.871096888346037e-09,-2.4621500542644254e-11,-1.816567728661758e-13,-7.514628388206898e-16,-1.742939288253898e-18,-2.266605023905326e-21,-1.652678095863778e-24,-6.756465007091212e-28,-1.5487083117308986e-31,-1.990391751105177e-35,-1.4342548718418973e-39,-5.794726474562438e-44,-1.312678538638494e-48,-1.6672574450614097e-53,-1.1873145299275444e-58,-4.740757451787541e-64,-1.0613253236569935e-69,-1.3321960875323632e-75,-9.375762931379307e-82,-3.6996779219236657e-88,-8.185402784188983e-95,-1.015395018598897e-101,-7.062343526997502e-109,-2.754111290380834e-116,-6.02189209362151e-124,-7.382497171910041e-132,-5.074490526360118e-140,-1.955691911051847e-148,-4.225978366875564e-157,-5.120035076056115e-166,-3.478062961653428e-175,-1.3247098925804363e-184,-2.828934917056303e-194,-3.3872244016705325e-204,-2.2739652268291327e-214,-8.559383904454185e-225,-1.806425390340079e-235,71.0
-3.1606333664608105e-08,-2.0063564636720407e-07,-3.789214689786247e-06,-4.6852141844057595e-05,-0.0003265806922459281,-0.0012766353545479127,-0.00279814024756871,-0.0034386843027966623,-0.0023693779730098335,-0.0009153671741919235,-0.00019827830200738327,-2.4080965434631877e-05,-1.639802095554617e-06,-6.260770977296124e-08,-1.3402414164307095e-09,-1.6086334245289925e-11,-1.0825550214398318e-13,-4.084714490180836e-16,-8.641562389783072e-19,-1.0250420229058746e-21,-6.817260779030988e-25,-2.5421254644235907e-28,-5.314995379527885e-32,-6.230567971958252e-36,-4.0951632754105226e-40,-1.5091542883785467e-44,-3.1182784905294485e-49,-3.6125593647601365e-54,-2.346572207745958e-59,-8.546173186664839e-65,-1.7451320432530737e-70,-1.9980379506970452e-76,-1.2826200059643906e-82,-4.6164817493328756e-89,-9.3162915880188e-96,-1.0541292384142891e-102,-6.687495191734468e-110,-2.3787672061056103e-117,-4.744159035167166e-125,-5.304999805293359e-133,-3.3260620121075487e-141,-1.1692143812058737e-149,-2.3045004196320973e-158,-2.546702831882429e-167,-1.577969437928483e-176,-5.481983707872956e-186,-1.0678142939462947e-195,-1.1661987090433965e-205,-7.141151046778369e-216,-2.451786891166712e-226,71.5
-1.0668522852280443e-08,-3.2629195582936955e-08,-5.533676882871022e-07,-1.0071231021209357e-05,-0.00010553806650778946,-0.0006206185108678115,-0.002046346838810444,-0.003783166531993534,-0.003921490280405022,-0.0022791127731824727,-0.0007426759503187383,-0.00013569122137814562,-1.3900261849119975e-05,-7.983862492486274e-07,-2.5711176645602108e-08,-4.6424762701059554e-10,-4.6999828104991066e-12,-2.6678516926461015e-14,-8.490747649404476e-17,-1.5151269406414175e-19,-1.5159013652234494e-22,-8.503773894913307e-26,-2.674676741393026e-29,-4.7168246845975766e-33,-4.663876103054264e-37,-2.5856105523410845e-41,-8.037075626482207e-46,-1.4007216295667373e-50,-1.368751006782371e-55,-7.499216728065583e-61,-2.303701445803609e-66,-3.9678506912305376e-72,-3.8318039842220147e-78,-2.074770596164152e-84,-6.298769574164446e-91,-1.072161465230227e-97,-1.0232541244939846e-104,-5.475523538194051e-112,-1.6428073349920149e-119,-2.7635444410059934e-127,-2.606544292638305e-135,-1.3784232892721215e-143,-4.087134518441944e-152,-6.794759631642988e-161,-6.333563086575978e-170,-3.310098673747299e-179,-9.699573009506494e-189,-1.5936139732312049e-198,-1.4680217108414257e-208,-7.582294777236323e-219,72.0
-8.763450156273537e-09,-1.6195318123409368e-08,-1.0505874997025541e-07,-2.3534202623729886e-06,-3.36516214052875e-05,-0.0002706561831832749,-0.0012206843813598368,-0.003086836498439019,-0.004376669361774464,-0.0034793080496516473,-0.0015508182326206639,-0.0003875678629644259,-5.430670537361949e-05,-4.266561313011322e-06,-1.8794092612225507e-07,-4.641769502473796e-09,-6.427833453763344e-11,-4.990734849474949e-13,-2.1726172086146008e-15,-5.3029895321392024e-18,-7.257334841806187e-21,-5.5686816282288946e-24,-2.3957773449868183e-27,-5.77908863094743e-31,-7.816117741925136e-35,-5.927091987904459e-39,-2.520061146982978e-43,-6.007576730869902e-48,-8.029831109539463e-53,-6.017724926051883e-58,-2.528582277487748e-63,-5.957179468636069e-69,-7.8690646801147175e-75,-5.828064944496588e-81,-2.4201622746492176e-87,-5.63486385953347e-94,-7.355991272747447e-101,-5.384158291931144e-108,-2.209598010857612e-115,-5.084257731275277e-123,-6.559348138572892e-131,-4.744742439821911e-139,-1.9243472334013937e-147,-4.375957282164589e-156,-5.579323513140738e-165,-3.988493160409478e-174,-1.5986559026087297e-183,-3.592691910098615e-193,-4.52693014756151e-203,-3.1982060978590153e-213,72.5
-8.113803418616728e-09,-1.344206428867142e-08,-3.717576181328824e-08,-7.891348611147792e-07,-1.369942181442284e-05,-0.00013451475578575467,-0.0007407661371347618,-0.0022872939377715554,-0.0039598900331527295,-0.003843822447108519,-0.002092003365123879,-0.0006383814811163877,-0.00010922373374782946,-1.04778600598877e-05,-5.6356888277611e-07,-1.6995746871857545e-08,-2.873772201297227e-10,-2.7244777232797107e-12,-1.4482149275839876e-14,-4.3162005403593464e-17,-7.212553481530061e-20,-6.75764409202811e-23,-3.549935153124828e-26,-1.0455970793648954e-29,-1.726740756080079e-33,-1.598853804345394e-37,-8.30059465121217e-42,-2.416175600529886e-46,-3.943361746485802e-51,-3.6084740012403575e-56,-1.85139624546087e-61,-5.325912331871149e-67,-8.590283260660832e-73,-7.76854691297065e-79,-3.9390449553611816e-85,-1.1198527442394115e-91,-1.7850473328473474e-98,-1.595355195494842e-105,-7.994363327561987e-113,-2.246100631612578e-120,-3.5382895876260624e-128,-3.1251896365760285e-136,-1.5476694614069628e-144,-4.2973318036289066e-153,-6.690189178750614e-162,-5.83978349237349e-171,-2.8580770351627835e-180,-7.842778529761634e-190,-1.2066597009899003e-199,-1.040922756034878e-209,73.0
-7.405006161711368e-09,-1.2030082894048967e-08,-2.370284076345157e-08,-4.361068555615744e-07,-8.180342430358506e-06,-8.732298414518156e-05,-0.0005228828523387709,-0.0017555496820365315,-0.003304776707241111,-0.0034881095145359855,-0.0020642246354173675,-0.0006849244038767919,-0.00012742280492322595,-1.3291393567592015e-05,-7.773430351288019e-07,-2.549022929167281e-08,-4.686553823329749e-10,-4.831169921824993e-12,-2.792350000909553e-14,-9.049117552788151e-17,-1.6442257430770814e-19,-1.675079770181518e-22,-9.568158931754831e-26,-3.064362252836515e-29,-5.5026344666588794e-33,-5.540131342195028e-37,-3.127435014803135e-41,-9.898636225303032e-46,-1.7566339454852865e-50,-1.7478574667645106e-55,-9.751009825964133e-61,-3.0500854786625473e-66,-5.349254538365453e-72,-5.260092163751134e-78,-2.900095370858854e-84,-8.964994824612297e-91,-1.5538412370658226e-97,-1.5100178435301645e-104,-8.22766029711089e-112,-2.5135611887515344e-119,-4.305478334722134e-127,-4.134968363221902e-135,-2.2265979795353803e-143,-6.722491578254572e-152,-1.1379876781199714e-160,-1.0800993111281531e-169,-5.747892738695377e-179,-1.715032908837783e-188,-2.8691621782251435e-198,-2.6912656806417354e-208,73.5
-7.020921718807436e-09,-1.1114903739796025e-08,-2.155245965739737e-08,-3.832234703081259e-07,-7.026441187942645e-06,-7.343820406266569e-05,-0.0004306013051129888,-0.001415677095408282,-0.0026095967865266603,-0.0026971282180718505,-0.0015629627483863889,-0.0005078254939197905,-9.251224257966419e-05,-9.449367824649559e-06,-5.411593133629745e-07,-1.7376662103690252e-08,-3.128429783965813e-10,-3.1579503981558337e-12,-1.7873229555641802e-14,-5.671782900149067e-17,-1.0091483192145429e-19,-1.006721259894948e-22,-5.630958358096255e-26,-1.7659330226044754e-29,-3.105167104426805e-33,-3.0613611191519035e-37,-1.6922440050192147e-41,-5.244815833286821e-46,-9.114153492797576e-51,-8.880169804333912e-56,-4.851153747874532e-61,-1.4858933677200651e-66,-2.5518144134853776e-72,-2.4571369605695207e-78,-1.3265648324516275e-84,-4.0155628867914945e-91,-6.81527241997831e-98,-6.485431031104814e-105,-3.460296447934869e-112,-1.0351579105441879e-119,-1.7362759125248632e-127,-1.6328628635377768e-135,-8.60992800946199e-144,-2.5454710674444052e-152,-4.21944807348943e-161,-3.9215879983602695e-170,-2.043558711885682e-179,-5.970780572333334e-189,-9.781240538395175e-199,-8.98412123538401e-209,74.0
-6.6220765477665926e-09,-1.0227068595552415e-08,-2.126557826562574e-08,-3.71005666055492e-07,-6.288935755704185e-06,-6.073106058243698e-05,-0.00032900105799814404,-0.0009993450624436945,-0.0017019758894228384,-0.0016252128348349711,-0.0008701335728504004,-0.00026120437382637113,-4.396365597678051e-05,-4.148833377369592e-06,-2.195214802590505e-07,-6.512487284645953e-09,-1.0832671934955491e-10,-1.0102831971426585e-12,-5.2828649141967526e-15,-1.5488691085245027e-17,-2.5461194062893715e-20,-2.346722042902257e-23,-1.2127279165654989e-26,-3.513855789964216e-30,-5.70851740400676e-34,-5.199739201189667e-38,-2.6555753607436085e-42,-7.60421759865157e-47,-1.2208695949878467e-51,-1.0990130686482356e-56,-5.546963039884907e-62,-1.5697356592512178e-67,-2.490672426128871e-73,-2.2157743878251432e-79,-1.1052316165261623e-85,-3.091006358872435e-92,-4.846914219726322e-99,-4.261373545903089e-106,-2.1006452382347976e-113,-5.805968283226541e-121,-8.997367107337865e-129,-7.817629050194821e-137,-3.808496090560111e-145,-1.0402813336189192e-153,-1.5931876603347077e-162,-1.3680497747585327e-171,-6.586515231284001e-181,-1.7779860067977549e-190,-2.6910378946258277e-200,-2.2836530586359543e-210,74.5
-6.007511113499708e-09,-9.102882251506718e-09,-1.721826723549969e-08,-2.6342972542035903e-07,-4.193974744009082e-06,-3.814038191916161e-05,-0.0001945753056256176,-0.0005565674225567198,-0.0008926209970134849,-0.0008026667533888806,-0.00040468982866860597,-0.00011440055731621469,-1.8132297161040578e-05,-1.6113740011753517e-06,-8.02894925696619e-08,-2.24305493860461e-09,-3.513499896044086e-11,-3.0857363455034386e-13,-1.5194853716614393e-15,-4.195203840238364e-18,-6.494241705351775e-21,-5.636670727527516e-24,-2.743062606138855e-27,-7.484583028649863e-31,-1.1450338820533957e-34,-9.821727978530285e-39,-4.723634679351135e-43,-1.2737480719211334e-47,-1.9257930430992373e-52,-1.632505014650461e-57,-7.75922366939705e-63,-2.067763452313054e-68,-3.089600134355512e-74,-2.5883472020990536e-80,-1.215798563873758e-86,-3.2019869410858483e-93,-4.728205276627082e-100,-3.914640878672406e-107,-1.8172152265645103e-114,-4.7297658799422335e-122,-6.902267038603201e-130,-5.647584110022471e-138,-2.59091099727134e-146,-6.664400952806507e-155,-9.611442626206058e-164,-7.772037269498652e-173,-3.52370877395683e-182,-8.957441443408157e-192,-1.2766939029893003e-201,-1.0202542852853327e-211,75.0
-4.122596191052947e-06,-4.549424452822074e-06,-2.8307266677130918e-06,-1.3245898701540438e-06,-4.878672014339428e-06,-3.570317143083491e-05,-0.0001523142833403555,-0.0003645402251202671,-0.0004891847965097522,-0.0003680606140652738,-0.00015526893699837434,-3.672557886534798e-05,-4.870477669955972e-06,-3.62154011290054e-07,-1.5098502661965703e-08,-3.529338360420639e-10,-4.6256370164844765e-12,-3.399136771211821e-14,-1.4005046856996887e-16,-3.235335546598802e-19,-4.190568355564988e-22,-3.0433042016237104e-25,-1.2391864007114844e-28,-2.8290899008135345e-32,-3.6213933080276985e-36,-2.5991029232818947e-40,-1.0458998418296899e-44,-2.3598019386043182e-49,-2.985244084725561e-54,-2.117400327820901e-59,-8.420636924652527e-65,-1.877611536182038e-70,-2.3473907255318415e-76,-1.6454468569423436e-82,-6.466974867128161e-89,-1.425073691145956e-95,-1.7607281531792323e-102,-1.2197368117436155e-109,-4.737604366248462e-117,-1.031740042640057e-124,-1.2597971417910089e-132,-8.62481499011734e-141,-3.310684485465728e-149,-7.125324309343097e-158,-8.598254885038507e-167,-5.8174790879949774e-176,-2.2068772777038067e-185,-4.6939706753867025e-195,-5.597851814553132e-205,-3.743012348978945e-215,75.5
-4.988681377781635e-06,-5.876668943616862e-06,-3.911946612934304e-06,-2.0063548805000427e-06,-6.3787655766123916e-06,-3.66079635525385e-05,-0.00012337924378036093,-0.00023336221296468937,-0.0002474832583860284,-0.00014715672695829417,-4.90606451202088e-05,-9.170757850983061e-06,-9.611607653499306e-07,-5.648142945442611e-08,-1.8609476705435532e-09,-3.4378069023998815e-11,-3.560800432682213e-13,-2.0679147240553068e-15,-6.733431612449744e-18,-1.2293035006062104e-20,-1.2583475842472763e-23,-7.222057763907986e-27,-2.3240214510907015e-30,-4.1931282286343714e-34,-4.2418469191086967e-38,-2.405972594075328e-42,-7.651475592982402e-47,-1.3643272550249458e-51,-1.3639886281293948e-56,-7.645779703562207e-62,-2.4029882562047645e-67,-4.2344826006202307e-73,-4.183770888545304e-79,-2.3176842597874998e-85,-7.198789683388062e-92,-1.2536708748583349e-98,-1.2241268505148332e-105,-6.701748845702935e-113,-2.05716302129728e-120,-3.540528596324802e-128,-3.4165386693226565e-136,-1.8485168396401348e-144,-5.607629588506278e-153,-9.53792850305643e-162,-9.095941179227626e-171,-4.863624757424527e-180,-1.4581134445270612e-189,-2.450989241390192e-199,-2.309991235399761e-209,-1.2206695072820899e-219,76.0
-5.966210166065593e-06,-7.532782000656195e-06,-5.4199977051586385e-06,-3.4116342972422513e-06,-1.0840590504184188e-05,-4.660207092395337e-05,-0.00011714539761888159,-0.00016530512829071229,-0.00013079195327583655,-5.802230653473194e-05,-1.4432042609229062e-05,-2.0127018825275504e-06,-1.573801445437228e-07,-6.899843868661132e-09,-1.6960842600538503e-10,-2.337622726239677e-12,-1.8064263283200857e-14,-7.826812404010876e-17,-1.9013778550694367e-19,-2.5898271235206717e-22,-1.9778436398867825e-25,-8.468996860380237e-29,-2.0332502073819695e-32,-2.7369604093692336e-36,-2.0656895000056945e-40,-8.741388156920982e-45,-2.0740279524274988e-49,-2.75910127451198e-54,-2.0579722531276334e-59,-8.606572368734572e-65,-2.01808647295435e-70,-2.6531887949508266e-76,-1.955759165742082e-82,-8.083164750649805e-89,-1.8731231169248856e-95,-2.433716874505823e-102,-1.7729342081513815e-109,-7.241591501426601e-117,-1.6584189903658906e-124,-2.129478886115015e-132,-1.5331027096453136e-140,-6.188537126310148e-149,-1.4006305243596334e-157,-1.7773706715213245e-166,-1.2645944427146682e-175,-5.0447931649402796e-185,-1.1283771881419222e-194,-1.4150900162685834e-204,-9.950219765067507e-215,-3.922835668158091e-225,76.5
-7.066124710740058e-06,-9.600776744675418e-06,-7.78937272311877e-06,-8.27628690998187e-06,-2.9815082036070806e-05,-9.165264156637077e-05,-0.00016165417490057358,-0.0001600224732289222,-8.882035467864128e-05,-2.7641631885704566e-05,-4.823182873013308e-06,-4.7187027132262774e-07,-2.5883937458289084e-08,-7.960803485156423e-10,-1.372784293325852e-11,-1.327292182241138e-13,-7.195311627382425e-16,-2.1870137625210882e-18,-3.7271104312561765e-21,-3.561326916544974e-24,-1.9079643693966732e-27,-5.731225741601927e-31,-9.652584364366968e-35,-9.115039059201486e-39,-4.826055350507764e-43,-1.4326658199505286e-47,-2.384604381499978e-52,-2.2253924590385854e-57,-1.1644362666086065e-62,-3.4162030092412102e-68,-5.619406575016605e-74,-5.182700069386112e-80,-2.680035420822063e-86,-7.770408096067288e-93,-1.2631820892232978e-99,-1.1513488372246427e-106,-5.8839196155216024e-114,-1.685952643850985e-121,-2.7085873708096286e-129,-2.4398277315171435e-137,-1.2322371955510336e-145,-3.489380272087079e-154,-5.540144921918024e-163,-4.9318832363927474e-172,-2.4616328751394954e-181,-6.888943409867063e-191,-1.0809380078697327e-200,-9.509721422773642e-211,-4.690872607514191e-221,-1.2973534742899952e-231,77.0
-8.322739985694547e-06,-1.2438148634586517e-05,-1.379835006555742e-05,-3.056294363010166e-05,-9.859669260697782e-05,-0.00020469087011759838,-0.00024073466570773933,-0.0001588577312556414,-5.877848833233602e-05,-1.2194073551570154e-05,-1.4183981390853531e-06,-9.250524130390104e-08,-3.3826211912913888e-09,-6.935203784511945e-11,-7.972305365072026e-13,-5.138394689447413e-15,-1.8569056246729884e-17,-3.762452622599601e-20,-4.2743598795200124e-23,-2.7226384046678923e-26,-9.723613420221028e-30,-1.9470819873842795e-33,-2.186047681738049e-37,-1.3761122423589624e-41,-4.856986799714664e-46,-9.611669398014755e-51,-1.0664722572065952e-55,-6.634667104106834e-61,-2.3142354830158242e-66,-4.5260025671675073e-72,-4.962961205549265e-78,-3.0513062705363314e-84,-1.0518397017600314e-90,-2.0329755410976138e-97,-2.2030968252572684e-104,-1.3386093442257937e-111,-4.560295199631666e-119,-8.710656692133618e-127,-9.328840655953066e-135,-5.6017444072203235e-143,-1.8859828536932887e-151,-3.560172387601704e-160,-3.768106349210501e-169,-2.2361148838824958e-178,-7.440188003331776e-188,-1.3880098359873504e-197,-1.451844201352833e-207,-8.514640607014046e-218,-2.7998287291502377e-228,-5.161969641876496e-239,77.5
-9.943783281684593e-06,-1.840615023536473e-05,-3.735450380180382e-05,-0.00010979041432399431,-0.0002520650660951592,-0.00034080479937621913,-0.00025986527881118656,-0.00011117351617002912,-2.666901102339389e-05,-3.5870319111017278e-06,-2.705097212707871e-07,-1.1437982045519303e-08,-2.7116572197968564e-10,-3.6044500115370475e-12,-2.686346694838536e-14,-1.1225454973534628e-16,-2.6300540874598597e-19,-3.4549697101971388e-22,-2.544735481372225e-25,-1.0508963481099236e-28,-2.4333016864089986e-32,-3.1590090348433196e-36,-2.299453414832756e-40,-9.384630971507651e-45,-2.1474774912819668e-49,-2.7552364669287627e-54,-1.9820197237571894e-59,-7.994216444910448e-65,-1.8078511507934115e-70,-2.2922832132234634e-76,-1.629643897244082e-82,-6.495850061250317e-89,-1.4517709628380957e-95,-1.8191941729565973e-102,-1.2781412269576456e-109,-5.034976723929018e-117,-1.1120771763669384e-124,-1.3771816414249728e-132,-9.562387931626966e-141,-3.7227196247365017e-149,-8.125931101455233e-158,-9.94499981295887e-167,-6.824255202870662e-176,-2.6255758942102152e-185,-5.663862869775975e-195,-6.850459767347246e-205,-4.645639940452345e-215,-1.7664046945342105e-225,-3.765769297731638e-236,-4.501280188080934e-247,78.0
-1.3310315607713019e-05,-3.7632992753151056e-05,-0.00011063904485185114,-0.00027018321260438967,-0.0004156694077177714,-0.0003675744203046355,-0.0001831358465997178,-5.120679573892744e-05,-8.029334526242435e-06,-7.059369371802212e-07,-3.4799605697602826e-08,-9.618388672946096e-10,-1.4905596768741473e-11,-1.2951358511728261e-13,-6.309575643185099e-16,-1.723470401335596e-18,-2.639528475989008e-21,-2.2665625808314846e-24,-1.0912591954377336e-27,-2.9458250821706172e-31,-4.4586648885579135e-35,-3.7837422605312246e-39,-1.8003506335612715e-43,-4.802987792619094e-48,-7.184304090433347e-53,-6.0252735206936466e-58,-2.833268046368605e-63,-7.469944880466147e-69,-1.1042463373887043e-74,-9.152365899011217e-81,-4.253237338017502e-87,-1.1082167192060063e-93,-1.6190065830686167e-100,-1.3261460865889844e-107,-6.090500147739861e-115,-1.568315319525099e-122,-2.264293125512918e-130,-1.832950547430965e-138,-8.319317220659533e-147,-2.1171101668101385e-155,-3.0207728380012483e-164,-2.4166375206717974e-173,-1.0839863094121068e-182,-2.7261824452386977e-192,-3.8441902536687294e-202,-3.0393006734896685e-212,-1.3472906503529653e-222,-3.348634615078243e-233,-4.666519287540931e-244,-3.6461724455826746e-255,78.5
-2.2583217939676353e-05,-8.466273457734677e-05,-0.00023470773682360833,-0.00042100731961081594,-0.0004470753770043028,-0.00027103260009957576,-9.265347879553151e-05,-1.779094238541319e-05,-1.9164692467007637e-06,-1.1577241427737566e-07,-3.921541628802593e-09,-7.448013012501337e-11,-7.931406156560454e-13,-4.735696798370401e-15,-1.5854057501636992e-17,-2.9759054193967756e-20,-3.131983497423524e-23,-1.8481662645568696e-26,-6.114817483219704e-30,-1.1343486296966233e-33,-1.1798585483522548e-37,-6.880713284325952e-42,-2.2498673857810114e-46,-4.124774034636516e-51,-4.2399726079038645e-56,-2.44368639738456e-61,-7.89673063182434e-67,-1.430765710182547e-72,-1.4534797867963385e-78,-8.278824592374729e-85,-2.6439152104754906e-91,-4.7341877509232746e-98,-4.752941882521938e-105,-2.6754606576838974e-112,-8.444105371706052e-120,-1.4942652752821808e-127,-1.482588844415907e-135,-8.247696996181358e-144,-2.5725486524761255e-152,-4.498973272753862e-161,-4.411457855127844e-170,-2.425323927350648e-179,-7.476119854544227e-189,-1.2921164004017373e-198,-1.252119837422501e-208,-6.803133945689308e-219,-2.0724831641258696e-229,-3.539907066474148e-240,-3.3900926428594546e-251,-1.8203299987941972e-262,79.0
-3.91916751360504e-05,-0.00014568507847950463,-0.0003332126936088011,-0.00045216295519610053,-0.00035469726322401106,-0.0001584390832666691,-3.9984327944021354e-05,-5.678721181208709e-06,-4.530389523435836e-07,-2.0284712682119974e-08,-5.095485110898129e-10,-7.180007641881873e-12,-5.675193362904995e-14,-2.5163930576829344e-16,-6.259895337387811e-19,-8.738081045880535e-22,-6.845694766756671e-25,-3.010854476320492e-28,-7.436742598108284e-32,-1.032012288127154e-35,-8.050644623077315e-40,-3.5327193321182556e-44,-8.727141123174808e-49,-1.214899738070086e-53,-9.541327217593827e-59,-4.23294440007065e-64,-1.062350840106309e-69,-1.5106023146428284e-75,-1.2188732105949666e-81,-5.588818819065064e-88,-1.458023370227088e-94,-2.1660604357437103e-101,-1.833254097974127e-108,-8.838702585784175e-116,-2.4261812032731013e-123,-3.7879001542699843e-131,-3.35931096759321e-139,-1.6897928912344296e-147,-4.813664854883041e-156,-7.753908382049925e-165,-7.052740621258414e-174,-3.6177821196511983e-183,-1.0454456655019231e-192,-1.7003366800241241e-202,-1.555286208345263e-212,-7.995681799819685e-223,-2.3091399177740484e-233,-3.744708186622856e-244,-3.408930215608906e-255,-1.741563577968361e-266,79.5
-5.512025234599142e-05,-0.0001848532571929594,-0.0003549157997246261,-0.00038840134552424146,-0.00024132606504351464,-8.48632577194707e-05,-1.6848902683655365e-05,-1.8853828607132787e-06,-1.1877015408255404e-07,-4.209657304241982e-09,-8.395206216743754e-11,-9.42749107740713e-13,-5.972040528365984e-15,-2.141177719272083e-17,-4.369145077141328e-20,-5.117854873178202e-23,-3.483257303372866e-26,-1.3979688597396366e-29,-3.35563352484512e-33,-4.858053607802121e-37,-4.236277008200659e-41,-2.2020413194750228e-45,-6.722839066978974e-50,-1.1883164912004526e-54,-1.2023939379021056e-59,-6.909870613729925e-65,-2.2438111160627944e-70,-4.104187289079715e-76,-4.220551958799269e-82,-2.4373905608472053e-88,-7.899669486033897e-95,-1.4363289422588348e-101,-1.464748955671093e-108,-8.376847363764553e-116,-2.6864182779704e-123,-4.830849939822614e-131,-4.871016193812386e-139,-2.753946925668799e-147,-8.730277736965529e-156,-1.5517978418875547e-164,-1.5465921665412972e-173,-8.642702444550582e-183,-2.7080471782244377e-192,-4.757686225208428e-202,-4.6867131305187393e-212,-2.5886546338818345e-222,-8.017024640868254e-233,-1.392149608993802e-243,-1.3554778419177434e-254,-7.400021856011268e-266,80.0
-6.365234369137769e-05,-0.0001917823178612365,-0.00032399544751943806,-0.000306911911506556,-0.00016302421257646698,-4.856186780980594e-05,-8.113955840727845e-06,-7.607742150393327e-07,-4.006627873973138e-08,-1.1876710940361982e-09,-1.9903269622284996e-11,-1.9032351925258498e-13,-1.0579032831364767e-15,-3.532849040162514e-18,-7.42534700245459e-21,-1.022435863714777e-23,-9.252595565494906e-27,-5.309278475378119e-30,-1.845959911960992e-33,-3.761584664626045e-37,-4.4084898757280296e-41,-2.9433729927645866e-45,-1.1143046501368572e-49,-2.386227677575727e-54,-2.886344731271905e-59,-1.9700625361714925e-64,-7.581571042869265e-70,-1.6439247706165596e-75,-2.0071244023493897e-81,-1.3790755129806386e-87,-5.329662423497204e-94,-1.158003962300272e-100,-1.4139804832491135e-107,-9.699435167347207e-115,-3.736684212048722e-122,-8.082565777040824e-130,-9.813810383309771e-138,-6.687580094712857e-146,-2.557251173443609e-154,-5.4864571752939475e-163,-6.603518743513505e-172,-4.458433326921845e-181,-1.6884103354580932e-190,-3.5861937297362674e-200,-4.2719433311511305e-210,-2.8538636425279256e-220,-1.0691541781704072e-230,-2.2461204374671774e-241,-2.6460611237648654e-252,-1.747959379745208e-263,80.5
-6.52261670932874e-05,-0.00017620093773948993,-0.00027395913748619045,-0.00024658904164701724,-0.00012909646454760078,-3.940877503633376e-05,-7.012324501086242e-06,-7.251651447814659e-07,-4.3386888052400635e-08,-1.4951841955244445e-09,-2.960971557277921e-11,-3.3791555542594913e-13,-2.252200529260069e-15,-9.052130067728942e-18,-2.3179528319769492e-20,-4.000433471398628e-23,-4.695793857461796e-26,-3.570114447699901e-29,-1.652564949136594e-32,-4.464530678660895e-36,-6.886724901826308e-40,-6.004753243855292e-44,-2.946434659677742e-48,-8.120274715299561e-53,-1.2558452011522662e-57,-1.0894694319993604e-62,-5.30054031387891e-68,-1.446125610763624e-73,-2.212319327685793e-79,-1.8977161139807454e-85,-9.1274148772517e-92,-2.4614568432857244e-98,-3.721870696177507e-105,-3.155388861382372e-112,-1.499911814194672e-119,-3.997596406120549e-127,-5.973818204258286e-135,-5.005235787236465e-143,-2.3513448909168745e-151,-6.193373009162358e-160,-9.146546592745185e-169,-7.573663671593947e-178,-3.5162017818781677e-187,-9.152936480358128e-197,-1.335875468624957e-206,-1.0931766776939764e-216,-5.015723534050325e-227,-1.290314767669106e-237,-1.8611294762443835e-248,-1.5051380929205656e-259,81.0
-6.223577054744507e-05,-0.00014760994105039564,-0.00021799434915177626,-0.00020891457083782033,-0.00013103396884488864,-5.209450993115332e-05,-1.2538087862654505e-05,-1.7628459390317713e-06,-1.4182882484764418e-07,-6.4646416299056565e-09,-1.6636279664133502e-10,-2.420981040964148e-12,-2.008915650858898e-14,-9.704749569784235e-17,-2.8469865322028243e-19,-5.4068609695844045e-22,-7.002135677963027e-25,-6.123944225163279e-28,-3.4033098809598e-31,-1.132223423055639e-34,-2.1756032045683196e-38,-2.3735948998999e-42,-1.4594725015115734e-46,-5.042135664025678e-51,-9.775063961993713e-56,-1.06289824229323e-60,-6.481003854062824e-66,-2.2158264275077554e-71,-4.247737893466387e-77,-4.565647935828788e-83,-2.7514874466226125e-89,-9.297198901227148e-96,-1.7613911131549502e-102,-1.8710199542578212e-109,-1.1143456341918763e-116,-3.721176469524417e-124,-6.967218964628679e-132,-7.314042720773011e-140,-4.305011971126291e-148,-1.4207251591453342e-156,-2.6288427946274393e-165,-2.7273319324125524e-174,-1.586463977591852e-183,-5.174176868798522e-193,-9.461743302751987e-203,-9.701075608958756e-213,-5.576830617301052e-223,-1.7975205135134547e-233,-3.2484717415433676e-244,-3.2915705478667614e-255,81.5
-5.6081916907690806e-05,-0.00011345823447727495,-0.00016124385546796628,-0.00018129006158312268,-0.00015262500998279658,-8.310711211224594e-05,-2.671389393832963e-05,-4.893906979646571e-06,-5.052747973001908e-07,-2.9309452669015523e-08,-9.550538030353563e-10,-1.7514387591933612e-11,-1.817069651989004e-13,-1.0799799266498395e-15,-3.780962235031753e-18,-8.212324334693181e-21,-1.1833993977719925e-23,-1.1714549049810353e-26,-7.700565200294888e-30,-3.14353713595239e-33,-7.563318112196787e-37,-1.04277649407028e-40,-8.134213505994932e-45,-3.570692193147505e-49,-8.801347339568846e-54,-1.2170871744793456e-58,-9.438780422835911e-64,-4.1045925296098684e-69,-1.0008281305359607e-74,-1.3682780849530363e-80,-1.0488435341496882e-86,-4.507823752179144e-93,-1.0862815592824153e-99,-1.4676986380125615e-106,-1.1118604424880629e-113,-4.7226148766899045e-121,-1.1246920616803307e-128,-1.5017705023392761e-136,-1.1243262436495495e-144,-4.7195431758553005e-153,-1.1107758168537912e-161,-1.4657898336269064e-170,-1.0845156691381243e-179,-4.499029011331024e-189,-1.0464550854267744e-198,-1.3647126861248497e-208,-9.97885474970574e-219,-4.091089779702019e-229,-9.40407655771317e-240,-1.2120265640755237e-250,82.0
-4.8231616209779694e-05,-8.218879681443019e-05,-0.00011173325883803779,-0.00015370936657012514,-0.00017431043389142992,-0.00012492123713623746,-5.155485418961208e-05,-1.1995240146733531e-05,-1.5667389621754587e-06,-1.1479899045938116e-07,-4.720310171748299e-09,-1.0904740428596787e-10,-1.4197463563395686e-12,-1.049666815798745e-14,-4.486296374679357e-17,-1.151192294141206e-19,-1.8894392069952814e-22,-2.112861017004853e-25,-1.6197255167069454e-28,-8.035220060336549e-32,-2.4140418528674157e-35,-4.211537790746761e-39,-4.180664962262019e-43,-2.340760230167044e-47,-7.365809077196422e-52,-1.3008069103552923e-56,-1.2885058462915248e-61,-7.157197613977708e-67,-2.2291734171600458e-72,-3.892902977122757e-78,-3.811764936490673e-84,-2.09266180496033e-90,-6.441565715242187e-97,-1.1117391961530224e-103,-1.075804427409469e-110,-5.836904824211424e-118,-1.7756229438970052e-125,-3.0285707747007363e-133,-2.8963000057989116e-141,-1.5529883603034958e-149,-4.6688690501643204e-158,-7.869987138157579e-167,-7.43798312363486e-176,-3.941442464787576e-185,-1.1710462040939324e-194,-1.950795327247942e-204,-1.8220832646821826e-214,-9.542091319641701e-225,-2.8018040222016953e-235,-4.61265291658104e-246,82.5
-4.201093362269898e-05,-6.182377182612743e-05,-7.750543727054617e-05,-0.00012487284361441538,-0.0001818324106277317,-0.00016501645553642006,-8.534953807479617e-05,-2.481011080788041e-05,-4.045318031916632e-06,-3.6991001740677197e-07,-1.897426145524106e-08,-5.463538315584524e-10,-8.847759366528674e-12,-8.096326538938229e-14,-4.2351101512885063e-16,-1.3005504345925126e-18,-2.470704402597367e-21,-3.122428675115778e-24,-2.7413283006272585e-27,-1.618721235303411e-30,-5.9797921748852286e-34,-1.305406297679272e-37,-1.6339831245573171e-41,-1.1571649146568326e-45,-4.611192015656065e-50,-1.0317097666629155e-54,-1.294964347932354e-59,-9.11526549504511e-65,-3.597788782947166e-70,-7.962232559941118e-76,-9.880031932505215e-82,-6.873893519830509e-88,-2.6814327963125764e-94,-5.864759295665095e-101,-7.192045558926366e-108,-4.945082630213354e-115,-1.9063978149917e-122,-4.120712872387221e-130,-4.994017002401372e-138,-3.3934895537206545e-146,-1.2928908257076311e-154,-2.7618241804073937e-163,-3.30787460735668e-172,-2.221369913980597e-181,-8.36395272556062e-191,-1.7657169661128675e-200,-2.0900152125108572e-210,-1.3870644499570177e-220,-5.16134240802847e-231,-1.0768309727389565e-241,83.0
-3.9805829299889545e-05,-5.420795234825529e-05,-5.976086515200705e-05,-9.896714789382818e-05,-0.00017324161471193834,-0.00019236746706906497,-0.00012159116628648558,-4.3166311143606315e-05,-8.594279383972648e-06,-9.595097378954105e-07,-6.008015900450381e-08,-2.1108100866422417e-09,-4.165935170124569e-11,-4.632722987358897e-13,-2.9252427294739478e-15,-1.0686065248857629e-17,-2.3527488742461185e-20,-3.347707823698112e-23,-3.2958300488273667e-26,-2.247950328189605e-29,-9.932329760945129e-33,-2.6494238170566093e-36,-4.092100751431589e-40,-3.5900265719882405e-44,-1.774888865302757e-48,-4.929624916582979e-53,-7.682490482640517e-58,-6.714817736558909e-63,-3.2910405061729985e-68,-9.044184889157173e-74,-1.3935787234639223e-79,-1.2039684664964627e-85,-5.832014372182013e-92,-1.583949351228172e-98,-2.412031543460462e-105,-2.059413570514534e-112,-9.858776386357238e-120,-2.646191726886937e-127,-3.982340938203186e-135,-3.360271799388268e-143,-1.5897513893777153e-151,-4.216992766199204e-160,-6.271845270542664e-169,-5.230059765834603e-178,-2.4453262198269274e-187,-6.410409805566785e-197,-9.422228239156719e-207,-7.76497895280689e-217,-3.5879450429980146e-227,-9.295443560638767e-238,83.5
-4.017026454846299e-05,-5.452843910141889e-05,-5.369194280908511e-05,-7.977944030280879e-05,-0.00015585918885021948,-0.00020394176765439786,-0.00015257812581869867,-6.412687882196845e-05,-1.5114728393242159e-05,-1.9976373637953833e-06,-1.4805707601656995e-07,-6.155500022896996e-09,-1.436657319935985e-10,-1.8861631717413122e-12,-1.4003482929230783e-14,-5.958393369323886e-17,-1.4992930700477643e-19,-2.3723995517858707e-22,-2.5565193739311584e-25,-1.9413635400170347e-28,-9.874035133407129e-32,-3.1066501455990375e-35,-5.7272447082604564e-39,-6.0264496091372626e-43,-3.580111224505029e-47,-1.19561984971323e-51,-2.2409953208804483e-56,-2.35597577915805e-61,-1.3889322728777858e-66,-4.5912754698119e-72,-8.50967965243176e-78,-8.84331721381184e-84,-5.1527286713319555e-90,-1.6833663812108413e-96,-3.0834651039627674e-103,-3.166783177069816e-110,-1.8235449884355938e-117,-5.887534720623709e-125,-1.0657843054730146e-132,-1.0817427617658998e-140,-6.155984424278996e-149,-1.9642188004784996e-157,-3.51399429049048e-166,-3.524772375425999e-175,-1.982348184522651e-184,-6.250973176448076e-194,-1.1051829335743094e-203,-1.0955685105468031e-213,-6.089249215350005e-224,-1.8976092701049967e-234,84.0
-4.1097225625499264e-05,-5.746642409263403e-05,-5.345531873633146e-05,-6.782833166368103e-05,-0.00013807197905585036,-0.0002041433342336163,-0.00017396654815545924,-8.33312669402374e-05,-2.2385902874910713e-05,-3.3720054244911523e-06,-2.8482157368308143e-07,-1.3493171181068571e-08,-3.587098578302986e-10,-5.358959146306717e-12,-4.5161677265118576e-14,-2.168133994240658e-16,-6.074978130004075e-19,-1.0464411451873271e-21,-1.2017356705132487e-24,-9.76595106041092e-28,-5.464788715923293e-31,-1.9402259913232344e-34,-4.091409323552932e-38,-4.952613241716329e-42,-3.392026423138614e-46,-1.307046369739258e-50,-2.8274712823774046e-55,-3.4310872402894415e-60,-2.334863134561476e-65,-8.909199691289761e-71,-1.906099197629368e-76,-2.2865206255214604e-82,-1.5378892696935537e-88,-5.799551353379584e-95,-1.2262605922927529e-101,-1.4537511062990618e-108,-9.663094121658001e-116,-3.6013158168672706e-123,-7.525321308195068e-131,-8.816733730269092e-139,-5.791742429123734e-147,-2.133190254954763e-155,-4.4052319372797705e-164,-5.1006650340754634e-173,-3.31133916142413e-182,-1.205311675236772e-191,-2.459879867295792e-201,-2.8147982308135725e-211,-1.8059240320880072e-221,-6.496366556878791e-232,84.5
-4.1145130477252314e-05,-5.9129728548906346e-05,-5.401980377072164e-05,-6.098300051019635e-05,-0.00012473459574331445,-0.0001997340192746162,-0.0001858015953290857,-9.72078304624693e-05,-2.8522715184575108e-05,-4.692703110001483e-06,-4.329248806926154e-07,-2.239868234370073e-08,-6.501685029206331e-10,-1.0599617748619146e-11,-9.733498167757918e-14,-5.073086672684403e-16,-1.5299587057518114e-18,-2.7895807924580563e-21,-3.3213156700658194e-24,-2.7831998102213094e-27,-1.636165552936441e-30,-6.2445209125394815e-34,-1.4351724328814348e-37,-1.9050259390646724e-41,-1.4341428168876992e-45,-6.079559716049057e-50,-1.447322887346172e-54,-1.933012744904713e-59,-1.447831029210046e-64,-6.080719697693829e-70,-1.4319369292539014e-75,-1.8906729856383595e-81,-1.399682564693901e-87,-5.809813295088099e-94,-1.3521157667125496e-100,-1.7643490324720334e-107,-1.2908447112469067e-114,-5.295199713903941e-122,-1.2178941113361731e-129,-1.5705636977998294e-137,-1.1355870111757844e-145,-4.6036692560841745e-154,-1.0464214897780406e-162,-1.3336074769243921e-171,-9.529458655007918e-181,-3.817923966399113e-190,-8.576402542829319e-200,-1.0801942850758112e-209,-7.628118485929362e-220,-3.0203120952229817e-230,85.0
-3.85870157597969e-05,-5.624153016002767e-05,-5.14806394196717e-05,-5.658541109713983e-05,-0.00011745407216298822,-0.00019590710417158265,-0.00019028440736151018,-0.00010395915289284424,-3.185372326263639e-05,-5.472648705592929e-06,-5.272122913717912e-07,-2.8482374578896558e-08,-8.632027506032736e-10,-1.46886882925074e-11,-1.4067926019774306e-13,-7.63176548134744e-16,-2.3838184291084888e-18,-4.454618353800398e-21,-5.3513386490199206e-24,-4.483196952923132e-27,-2.6579804863292323e-30,-1.0399167816753869e-33,-2.477913759038945e-37,-3.428383301640815e-41,-2.6960393968428235e-45,-1.1948345507596684e-49,-2.9746442372930965e-54,-4.155151222904426e-59,-3.2551446534166865e-64,-1.429928085695508e-69,-3.5220237349782344e-75,-4.864014413202358e-81,-3.7663298295814813e-87,-1.6351645081388617e-93,-3.980372107072328e-100,-5.432563826642282e-107,-4.157237881064427e-114,-1.7837080209331574e-121,-4.291029462157512e-129,-5.787860646532788e-137,-4.3771705964999115e-145,-1.8560416479113956e-153,-4.4126633730404196e-162,-5.882104221547421e-171,-4.396261013006055e-180,-1.8422690665016823e-189,-4.328540518791688e-199,-5.702282789354876e-209,-4.2118689680141424e-219,-1.744294409837406e-229,85.5
-3.1461064750207924e-05,-4.645034526387365e-05,-4.397868194491909e-05,-5.340777309356178e-05,-0.00011657813012953992,-0.00019515045202084092,-0.0001891725977177149,-0.0001030999935989478,-3.1512417572222696e-05,-5.400612001776614e-06,-5.189830746605024e-07,-2.7968014615710308e-08,-8.454791535859433e-10,-1.4349591202113192e-11,-1.370386597501238e-13,-7.407735421216104e-16,-2.301203761148693e-18,-4.257588040290096e-21,-5.023921655414829e-24,-4.1042570383884454e-27,-2.3742741429796705e-30,-9.122768099595467e-34,-2.1469018626361245e-37,-2.942521864766727e-41,-2.2952708048116864e-45,-1.0095443713048318e-49,-2.4949057539079234e-54,-3.459736244527769e-59,-2.6907741001437606e-64,-1.1734841419524898e-69,-2.8695475412610363e-75,-3.9343672572873587e-81,-3.0245278714345053e-87,-1.3036469852509581e-93,-3.150515221106705e-100,-4.268960314612462e-107,-3.243258271507418e-114,-1.381528359895087e-121,-3.299566741617362e-129,-4.418479753274352e-137,-3.317474998688616e-145,-1.39656542157014e-153,-3.296353262875599e-162,-4.362395609636664e-171,-3.236943984340177e-180,-1.3466792143617181e-189,-3.141318460949718e-199,-4.10845574129016e-209,-3.012756941577257e-219,-1.2387064965420251e-229,86.0
-1.992132047154826e-05,-3.087057240449157e-05,-3.3169925371186064e-05,-5.2536112301505e-05,-0.00012236252236177825,-0.00019735257212763255,-0.00018245164226966343,-9.47664977105647e-05,-2.760358238597747e-05,-4.508316723626958e-06,-4.128720277157937e-07,-2.1204221019638912e-08,-6.109138635977727e-10,-9.882677741993978e-12,-8.997661136525066e-14,-4.638968353160779e-16,-1.3756695318908757e-18,-2.432621218044133e-21,-2.7448293094504326e-24,-2.1387231816410748e-27,-1.1737414482299451e-30,-4.260263594200523e-34,-9.454329009484916e-38,-1.2214529332164808e-41,-8.981171279639926e-46,-3.7238753837317788e-50,-8.675919391606894e-55,-1.1342468783250889e-59,-8.316695538017147e-65,-3.419498401332503e-70,-7.883360768738455e-76,-1.019028156815678e-81,-7.385542560590313e-88,-3.001224182070996e-94,-6.838072017216875e-101,-8.735502189793475e-108,-6.256925316725927e-115,-2.5127710585024275e-122,-5.658010058890503e-130,-7.143208856792954e-138,-5.056404617964227e-146,-2.0068232651153042e-154,-4.46575889369537e-163,-5.571860737112969e-172,-3.8978405660929485e-181,-1.52885650620183e-190,-3.3622361791554096e-200,-4.14580188773376e-210,-2.8662080373131988e-220,-1.1110298075600033e-230,86.5
-9.307850404177745e-06,-1.6624783083724847e-05,-2.4737595992312516e-05,-5.6886726690510335e-05,-0.00013464956700193594,-0.00019978861965524368,-0.0001684263932277364,-7.972744880573145e-05,-2.116413183517031e-05,-3.1501796123918274e-06,-2.6292457723564415e-07,-1.230706697506835e-08,-3.232078735472257e-10,-4.767335439799601e-12,-3.9604076150233575e-14,-1.866211959302374e-16,-5.076243519403869e-19,-8.287903624260266e-22,-8.702119672070912e-25,-6.3157641537665305e-28,-3.1936920797311037e-31,-1.053766205367045e-34,-2.1085534062223283e-38,-2.447848723541567e-42,-1.61535634962983e-46,-6.008822894146672e-51,-1.2557945321942275e-55,-1.4726718081228632e-60,-9.685932728733746e-66,-3.5722755611048047e-71,-7.387304650841054e-77,-8.565506003039497e-83,-5.5685430739560424e-89,-2.0297848657695642e-95,-4.148371723827764e-102,-4.753618300600705e-109,-3.0541463282228945e-116,-1.1002065685579847e-123,-2.222170976219053e-131,-2.5165151437695103e-139,-1.5978663955928197e-147,-5.68853213037833e-156,-1.1354782098641306e-164,-1.2707971438594622e-173,-7.974298572066006e-183,-2.8056118769378264e-192,-5.534539953991996e-202,-6.121449897071299e-212,-3.7961722320220347e-222,-1.3199465755693975e-232,87.0
-4.671742239943173e-06,-1.1014657933320741e-05,-2.5226822405896176e-05,-6.999177258279745e-05,-0.00015177080351963022,-0.00019722001192264967,-0.0001452046203335742,-6.003661001122978e-05,-1.3921362640074183e-05,-1.8101064871984011e-06,-1.319793870650393e-07,-5.397317482607442e-09,-1.2386729893443092e-10,-1.5975363941451658e-12,-1.1620078090945285e-14,-4.809440444850195e-17,-1.1568261840441414e-19,-1.6902749022047447e-22,-1.6096475786573668e-25,-1.0606115662450588e-28,-4.786090036363888e-32,-1.3810242158570453e-35,-2.3873135605337858e-39,-2.3815391903399383e-43,-1.3477725699922564e-47,-4.296420342323192e-52,-7.693112971400731e-57,-7.728980085849562e-62,-4.354917078802823e-67,-1.37594959595665e-72,-2.43759685084561e-78,-2.4212911199225774e-84,-1.3485084309610068e-90,-4.210951149635277e-97,-7.372690146098085e-104,-7.237536293641807e-111,-3.98358808409657e-118,-1.2293539894835562e-125,-2.1271510529060815e-133,-2.0636619056905522e-141,-1.1225290828808984e-149,-3.423540683618831e-158,-5.8542628988276385e-167,-5.61290622562702e-176,-3.017325675023234e-185,-9.094428787802471e-195,-1.5369066921611783e-204,-1.456258298795488e-214,-7.736564695265993e-225,-2.304500180597007e-235,87.5
-4.174380309050034e-06,-1.3345103429690993e-05,-3.712284011426602e-05,-9.409655576641393e-05,-0.00016958394132175896,-0.00018361631032014049,-0.0001133219778887185,-3.936046625730448e-05,-7.671866373802215e-06,-8.386426632057079e-07,-5.1413796889371685e-08,-1.7682034823639138e-09,-3.414100470527217e-11,-3.708300208248913e-13,-2.2770227596597264e-15,-7.9984577402803e-18,-1.6507395878900657e-20,-2.1066780217402126e-23,-1.7813488593408685e-26,-1.0386423352868795e-29,-4.0481003155052325e-33,-9.846510916825094e-37,-1.4149768374807991e-40,-1.166264897043126e-44,-5.440287224884171e-49,-1.4282284808378056e-53,-2.1054409081958793e-58,-1.7412681889955616e-63,-8.076246831154033e-69,-2.100452912837875e-74,-3.0630299634337157e-80,-2.504463764573404e-86,-1.1481526233183278e-92,-2.9512386486615724e-99,-4.253322073810344e-106,-3.436934092013784e-113,-1.557159274950859e-120,-3.955612413130317e-128,-5.6339536746250035e-136,-4.499162225713258e-144,-2.0145074229915227e-152,-5.05737233456557e-161,-7.118685752839248e-170,-5.618152867294172e-179,-2.4860285895069038e-188,-6.16790281606775e-198,-8.5800093723585e-208,-6.692013970758792e-218,-2.92647455447877e-228,-7.175488988082458e-239,88.0
-4.280375114523945e-06,-1.840064248444012e-05,-5.699166406310569e-05,-0.00012595153111770343,-0.00018119732374859197,-0.00015646949938163173,-7.780211964906875e-05,-2.190326939510808e-05,-3.4695833505041224e-06,-3.0857267758331023e-07,-1.5398991079776695e-08,-4.3129795586241095e-10,-6.787424949309304e-12,-6.019598299554138e-14,-3.0303949396468074e-16,-8.804979710931684e-19,-1.5287637271315385e-21,-1.6811157337242546e-24,-1.2439674395380953e-27,-6.26860070272065e-31,-2.0473630792760603e-34,-4.0672281184473647e-38,-4.7078407733616267e-42,-3.106630822545904e-46,-1.1573961447387142e-50,-2.424503622335797e-55,-2.8509004086219614e-60,-1.880453041047927e-65,-6.95574553929649e-71,-1.4427027150935375e-76,-1.677807954719772e-82,-1.0940367351016332e-88,-3.999839717428614e-95,-8.199228600833737e-102,-9.423724834428947e-109,-6.072830779806321e-116,-2.1942123640713148e-123,-4.4451354236426924e-131,-5.049055928221134e-139,-3.2155421497320213e-147,-1.1481987515047037e-155,-2.2987872046516934e-164,-2.580472937777357e-173,-1.6241221273624004e-182,-5.7313495227830124e-192,-1.13400231784214e-201,-1.2580266076405765e-211,-7.825003630879208e-222,-2.7289658779976056e-232,-5.336180356458274e-243,88.5
-4.399061143267316e-06,-2.3803002628560796e-05,-7.807869935398238e-05,-0.00015372024820714512,-0.00017874758355537808,-0.00012078772705728674,-4.682543287891234e-05,-1.0321595702289419e-05,-1.286378014799899e-06,-9.034548175997545e-08,-3.5696409494146663e-09,-7.93184464772609e-11,-9.925261020278726e-13,-7.0252276064194475e-15,-2.8438009728160104e-17,-6.744423085289835e-20,-9.804525019872245e-23,-9.288211747056904e-26,-5.96541508851614e-29,-2.544375905689682e-32,-6.790191943611505e-36,-1.0754826371165174e-39,-9.80271898261444e-44,-5.0661566840442277e-48,-1.474934764922146e-52,-2.4123121648046888e-57,-2.213925697607431e-62,-1.1396084182436764e-67,-3.289474203481098e-73,-5.32403136894884e-79,-4.831518259302702e-85,-2.45838344371312e-91,-7.013521951653314e-98,-1.1218692305625019e-104,-1.0061609044149178e-111,-5.059546540905168e-119,-1.4265093993459165e-126,-2.255051874799825e-134,-1.998744496071998e-142,-9.932918337291688e-151,-2.7676762509024965e-159,-4.323869187397245e-168,-3.7874651268861254e-177,-1.8601311935734148e-186,-5.122209595810991e-196,-7.908424114839961e-206,-6.846070933989767e-216,-3.3228571725598216e-226,-9.042755542457308e-237,-1.3797764983303444e-247,89.0
-5.550537242695348e-06,-3.049455189675392e-05,-9.412721434115729e-05,-0.0001632152728577122,-0.00015896960434341886,-8.696297136019001e-05,-2.6716903897933095e-05,-4.609403671828584e-06,-4.4659200444786824e-07,-2.4302216702101574e-08,-7.431142931114751e-10,-1.278477248934003e-11,-1.241461362621501e-13,-6.855654860810488e-16,-2.1898392202153738e-18,-4.1873390842284924e-21,-5.066064231383165e-24,-4.0977836591424285e-27,-2.2360271569254225e-30,-7.856373728194447e-34,-1.675039271129561e-37,-2.080417802989181e-41,-1.4735460895308845e-45,-5.894410581022401e-50,-1.326036956677156e-54,-1.6747107950539808e-59,-1.1865104112307524e-64,-4.7142990018674896e-70,-1.0503184306398713e-75,-1.312079269433075e-81,-9.190196691001599e-88,-3.60920212923181e-94,-7.947263560995801e-101,-9.81167948529185e-108,-6.791850683034863e-115,-2.636038975973677e-122,-5.736333560216529e-130,-6.998997171344051e-138,-4.788021387362399e-146,-1.836517979781939e-154,-3.94960009850278e-163,-4.7624442265801393e-172,-3.219774948892505e-181,-1.2205061390236254e-190,-2.5940196167349402e-200,-3.091187727183915e-210,-2.065362757454508e-220,-7.737241263871036e-231,-1.625154945091577e-241,-1.9139132307088616e-252,89.5
-8.308815582285392e-06,-3.826307139488403e-05,-0.00010026371153216398,-0.00014996764833293813,-0.0001284332083289396,-6.314179949910721e-05,-1.785128203998871e-05,-2.9038384232513835e-06,-2.715860663103585e-07,-1.4577048983774003e-08,-4.478427247808176e-10,-7.852550334904002e-12,-7.836472008747777e-14,-4.440928793759199e-16,-1.427104532218549e-18,-2.599983272701263e-21,-2.689307081785065e-24,-1.5852023980619031e-27,-5.361233265278916e-31,-1.0513701820825863e-34,-1.2122363309190444e-38,-8.339518890235971e-43,-3.4594153779525615e-47,-8.666413661517715e-52,-1.3001891231730173e-56,-1.1514416456993528e-61,-5.928818022967988e-67,-1.7528978704478866e-72,-2.9493286151611664e-78,-2.807496061417484e-84,-1.5064588454673115e-90,-4.546519242068957e-97,-7.707545496825689e-104,-7.333900353935427e-111,-3.9150860246380145e-118,-1.1722548092333843e-125,-1.968392170197739e-133,-1.8534128867934138e-141,-9.785470390657502e-150,-2.8968599998133946e-158,-4.808418137905565e-167,-4.475088355349434e-176,-2.335195316903366e-185,-6.832279029239461e-195,-1.12079953618966e-204,-1.030883953153441e-214,-5.316316522799269e-225,-1.5372019810060387e-235,-2.492126043116209e-246,-2.2653117696808387e-257,90.0
-1.2043077755443082e-05,-4.392861229737769e-05,-9.451119182629811e-05,-0.00012320420014788716,-9.970375409227384e-05,-5.049738205232384e-05,-1.5790254049032465e-05,-2.9693620687250246e-06,-3.2725971471236366e-07,-2.0745771082223744e-08,-7.477189720982397e-10,-1.5222024146175534e-11,-1.744206091893427e-13,-1.1228168699738776e-15,-4.056845796692991e-18,-8.222849037194268e-21,-9.34762826307206e-24,-5.958971281631106e-27,-2.1301272130459095e-30,-4.269653458907693e-34,-4.798759825586242e-38,-3.024236768233311e-42,-1.0687030485452564e-46,-2.1176745046725142e-51,-2.3530481988516906e-56,-1.466164498294333e-61,-5.123045348984027e-67,-1.003884401318172e-72,-1.1032379919461892e-78,-6.800002190575113e-85,-2.3508927978260041e-91,-4.559071812058887e-98,-4.960019293549236e-105,-3.027653629016034e-112,-1.0370704841381447e-119,-1.9937274042721557e-127,-2.1516413505929465e-135,-1.3038548480094647e-143,-4.437850220281758e-152,-8.486949713750539e-161,-9.123114737620414e-170,-5.5150777354181934e-179,-1.875903959739661e-188,-3.592383688596392e-198,-3.8757733223831372e-208,-2.3575001590219405e-218,-8.09084604920391e-229,-1.5679167385815843e-239,-1.7170004825575772e-250,-1.0632738038611658e-261,90.5
-1.5111023555639769e-05,-4.4466330439014514e-05,-8.099390426552147e-05,-9.771169735690643e-05,-8.106417853798994e-05,-4.480197223414366e-05,-1.5419882932699944e-05,-3.132778712756546e-06,-3.649677009812882e-07,-2.406239711816212e-08,-8.928502032562181e-10,-1.860346325144809e-11,-2.1746550293297213e-13,-1.4256424074566466e-15,-5.240726699717061e-18,-1.0802094204502195e-20,-1.2483889734640972e-23,-8.089345845870251e-27,-2.9389811614243064e-30,-5.9868652574528335e-34,-6.837875565632417e-38,-4.378867746320779e-42,-1.572249076048991e-46,-3.165189638384246e-51,-3.572703560192849e-56,-2.2610652063853264e-61,-8.02320790983858e-67,-1.596253490157301e-72,-1.7806334450903979e-78,-1.1136944238675159e-84,-3.905497964444205e-91,-7.679017148657591e-98,-8.465521355124622e-105,-5.232637287865674e-112,-1.8134534127617393e-119,-3.523798151712015e-127,-3.8391447955820573e-135,-2.3451833848562856e-143,-8.032263970572154e-152,-1.54247446614801e-160,-1.6607981064861805e-169,-1.0026158008691875e-178,-3.3936816022239774e-188,-6.4406023898162845e-198,-6.853315549673787e-208,-4.0887806545659294e-218,-1.3677469091012764e-228,-2.5652902759464675e-239,-2.6976532861090732e-250,-1.5905766097172575e-261,91.0
-1.6254094992938148e-05,-4.0866825032683974e-05,-6.831131177479811e-05,-8.26930325128673e-05,-7.155316435292395e-05,-4.02500698743611e-05,-1.3568505032305604e-05,-2.6312790731063813e-06,-2.887729553015525e-07,-1.7827545168799674e-08,-6.177966368166864e-10,-1.200862490875223e-11,-1.3089439150758548e-13,-7.99998341751591e-16,-2.741470272501844e-18,-5.26743932091954e-21,-5.674601657909138e-24,-3.4276025178446256e-27,-1.1608190861387683e-30,-2.2042332981031885e-34,-2.3467643107124682e-38,-1.4008778624887784e-42,-4.688672965672652e-47,-8.798699324876768e-52,-9.257759043577977e-57,-5.461502365516748e-62,-1.8064969517399795e-67,-3.350280667519825e-73,-3.483726069589149e-79,-2.0310735603752594e-85,-6.639359003977693e-92,-1.216873676059266e-98,-1.2504999629571888e-105,-7.205111600943538e-113,-2.327644128119064e-120,-4.216103780256149e-128,-4.28178486769757e-136,-2.4381321024280845e-144,-7.784100985899597e-153,-1.3934087357159759e-161,-1.3985159847351743e-170,-7.870008082395809e-180,-2.4831431680879933e-189,-4.392858145186916e-199,-4.3572395391555737e-209,-2.4232294030866914e-219,-7.556078503718539e-230,-1.3210438387100222e-240,-1.2949614364601177e-251,-7.117300097904551e-263,91.5
-1.5909105228338636e-05,-3.7474010747919225e-05,-6.290458939216706e-05,-7.736529669927545e-05,-6.419853463846842e-05,-3.265036202717464e-05,-9.642667893385326e-06,-1.6170683023462145e-06,-1.52722940163998e-07,-8.09964018730452e-09,-2.4097731874884634e-10,-4.020545545254128e-12,-3.761319769525106e-14,-1.9729862111821179e-16,-5.802700430299199e-19,-9.568775901524054e-22,-8.847121199476675e-25,-4.586344207354775e-28,-1.3330617855428475e-31,-2.1724652000154384e-35,-1.9850628895101268e-39,-1.016985102241134e-43,-2.921284007996058e-48,-4.704915571892279e-53,-4.248628382564468e-58,-2.1511193744106452e-63,-6.106595155786121e-69,-9.71969404880497e-75,-8.674109637881122e-81,-4.340263182123908e-87,-1.217660073824738e-93,-1.9153798307344942e-100,-1.689283714808381e-107,-8.353512399643559e-115,-2.316084968436767e-122,-3.600465832545484e-130,-3.1382080999291814e-138,-1.5336406908545727e-146,-4.202273794763191e-155,-6.456005702126755e-164,-5.5611204727930286e-173,-2.685836301046441e-182,-7.273033914634471e-192,-1.104257921717512e-201,-9.400355360724561e-212,-4.48680150304739e-222,-1.2007380660663137e-232,-1.8016836533976257e-243,-1.5157502008458009e-254,-7.149827559927332e-266,92.0
-1.5973734112466723e-05,-3.830755917029078e-05,-6.478488856017641e-05,-7.38101408066925e-05,-5.229663393801239e-05,-2.1774277680034723e-05,-5.1811677711957465e-06,-6.963925805143042e-07,-5.262977501774836e-08,-2.2325280870064577e-09,-5.312032705089178e-11,-7.087827346878916e-13,-5.3028865081434114e-15,-2.2245507035284536e-17,-5.232349812126759e-20,-6.900382248140579e-23,-5.1023507340172557e-26,-2.1153765493743217e-29,-4.917280188874131e-33,-6.408876499302864e-37,-4.683368927907339e-41,-1.9189083629171937e-45,-4.408282322338411e-50,-5.678109783683091e-55,-4.1006936330990005e-60,-1.6604659063686475e-65,-3.769829055431353e-71,-4.798796912295336e-77,-3.425011803596049e-83,-1.3706000319819754e-89,-3.07523525726896e-96,-3.868698436245624e-103,-2.728791299112135e-110,-1.0791819289531852e-117,-2.3929735395403613e-125,-2.9750893234755567e-133,-2.073867456717669e-141,-8.105519453695513e-150,-1.7762315178983196e-158,-2.1824140626791868e-167,-1.5034659172206393e-176,-5.807227994043044e-186,-1.257659332713418e-195,-1.52712999824774e-205,-1.0396995271003497e-215,-3.968793756943155e-226,-8.494309097992152e-237,-1.0193338207965777e-247,-6.85841326803793e-259,-2.587317405943924e-270,92.5
-1.841020586389445e-05,-4.393119734960385e-05,-6.73171382286479e-05,-6.332267958599876e-05,-3.512373766816688e-05,-1.1201885429165613e-05,-2.0270698025040684e-06,-2.0680155637527605e-07,-1.1859307789734015e-08,-3.817697187054646e-10,-6.894757356651851e-12,-6.983883741316342e-14,-3.967225298391953e-16,-1.2637756618328497e-18,-2.257572062518739e-21,-2.2615365749471433e-24,-1.270460581643488e-27,-4.002409894648009e-31,-7.071203254013081e-35,-7.006259927199263e-39,-3.89324066362812e-43,-1.2133341448509448e-47,-2.120835938120259e-52,-2.0792459797611637e-57,-1.1433860802011696e-62,-3.526840369875248e-68,-6.102445041624584e-74,-5.923360924270986e-80,-3.225534755180723e-86,-9.8543828891491e-93,-1.6891895609258044e-99,-1.6247175280817503e-106,-8.769188639705624e-114,-2.6561763982840083e-121,-4.515508036915284e-129,-4.3087088401676915e-137,-2.3079130266651296e-145,-6.940115007585e-154,-1.1717476772399143e-162,-1.110884461450863e-171,-5.914524052583744e-181,-1.7686294668841124e-190,-2.970782904557085e-200,-2.8033232340938406e-210,-1.4862593125903388e-220,-4.4277716321227707e-231,-7.412991727149579e-242,-6.975343778831944e-253,-3.6893046967142295e-264,-1.0969058733204986e-275,93.0
-2.360566558885101e-05,-4.952407001714019e-05,-6.145594746480622e-05,-4.435039256323682e-05,-1.8366505952261678e-05,-4.325167040444096e-06,-5.759257326581819e-07,-4.3220153559503456e-08,-1.8247383105836729e-09,-4.331013559149492e-11,-5.779083432753286e-13,-4.338202962325409e-15,-1.8347611283856046e-17,-4.3827711636708655e-20,-5.936228853973431e-23,-4.58538130843586e-26,-2.0362630610278087e-29,-5.251757743645858e-33,-7.954696456493082e-37,-7.144122945813369e-41,-3.823037582514259e-45,-1.2169929900946188e-49,-2.2875215645879838e-54,-2.5126265163170037e-59,-1.596060215367002e-64,-5.812326520570584e-70,-1.2056340365102956e-75,-1.4180571331533398e-81,-9.429458328073786e-88,-3.537928357173103e-94,-7.480507121282523e-101,-8.905739956166001e-108,-5.966481461905857e-115,-2.2485267800204313e-122,-4.76511581968327e-130,-5.67719623028352e-138,-3.801756574695106e-146,-1.4306700023174463e-154,-3.024969772758068e-163,-3.5929887361826086e-172,-2.3970394230416844e-181,-8.980785236199055e-191,-1.8893502549850495e-200,-2.2315814770548727e-210,-1.4796603000732916e-220,-5.506947906444487e-231,-1.1503075102394629e-241,-1.348431651752826e-252,-8.86987137503372e-264,-3.2737370943371495e-275,93.5
-2.8135579142609856e-05,-4.7017461054396925e-05,-4.4690246260559376e-05,-2.4091035026567425e-05,-7.3479418448474354e-06,-1.2660766005264742e-06,-1.2319466665395948e-07,-6.783886659373836e-09,-2.1306139417717705e-10,-3.899187703988627e-12,-4.372309213886776e-14,-3.2824913395775936e-16,-1.7891907551732824e-18,-6.97849019049403e-21,-1.7790679944488156e-23,-2.741936490134634e-26,-2.4532673332404874e-29,-1.2521081836207425e-32,-3.618109809894371e-36,-5.898157171181402e-40,-5.413724987096472e-44,-2.794410476074231e-48,-8.104707753762398e-53,-1.3200233181916808e-57,-1.2068073864443327e-62,-6.191158556254422e-68,-1.781909081384753e-73,-2.876785443607661e-79,-2.604868610685711e-85,-1.322765513151082e-91,-3.7667881034658825e-98,-6.014934539131645e-105,-5.385767109012002e-112,-2.7040250361378736e-119,-7.612244396777155e-127,-1.2015673097567137e-134,-1.0634396679767515e-142,-5.2772064175393224e-151,-1.4683165068003157e-159,-2.2906468084496826e-168,-2.0036337004653386e-177,-9.82651385370482e-187,-2.7020972772939178e-196,-4.166030396696753e-206,-3.60133506285378e-216,-1.745516842721967e-226,-4.7435536539345904e-237,-7.227743529813379e-248,-6.17476890781278e-259,-2.9577242449298293e-270,94.0
-2.591801741995781e-05,-3.355121125028114e-05,-2.4378008703375785e-05,-9.944384806031798e-06,-2.2796547361492854e-06,-2.9474710960763413e-07,-2.17879468258364e-08,-9.671807044139815e-10,-2.983029933505709e-11,-8.008245039163369e-13,-1.8793714512200344e-14,-3.1000104193917873e-16,-3.1172275621940086e-18,-1.8186217286790254e-20,-6.05780078214082e-23,-1.1444329797056857e-25,-1.221659830852035e-28,-7.350823848071207e-32,-2.488975913185318e-35,-4.736987287266317e-39,-5.0633189310483355e-43,-3.037971998500973e-47,-1.0227911405986244e-51,-1.931682926828615e-56,-2.0462403368651286e-61,-1.2156246807262136e-66,-4.0497740914921225e-72,-7.56532891589611e-78,-7.9245618800169045e-84,-4.6543906041282325e-90,-1.5327932045341073e-96,-2.8303021325295365e-103,-2.930268196276159e-110,-1.7010033214093127e-117,-5.536365310200176e-125,-1.0103343988429771e-132,-1.0337742624734984e-140,-5.930700999037243e-149,-1.9076811427913994e-157,-3.440525568931584e-166,-3.4790678988344344e-175,-1.9725137611310585e-184,-6.270412909935233e-194,-1.1176122660327189e-203,-1.1168762919255644e-213,-6.258033153603135e-224,-1.9660271426446554e-234,-3.463059975494421e-245,-3.420183165127127e-256,-1.893902256169669e-267,94.5
-1.5544385899887707e-05,-1.61796499530978e-05,-9.481342614233543e-06,-3.132420177223921e-06,-5.865978976250002e-07,-6.376004649396687e-08,-4.438219009879007e-09,-2.592129426175521e-10,-1.5499761442532974e-11,-7.505872692851713e-13,-2.316305267125943e-14,-4.2068942678819127e-16,-4.405854697909722e-18,-2.641538023711773e-20,-9.025831372820235e-23,-1.7512440611763496e-25,-1.9236705099581866e-28,-1.1934053542104048e-31,-4.1734708802919217e-35,-8.215488728224608e-39,-9.093445906544591e-43,-5.655069685370129e-47,-1.974741524522581e-51,-3.870464560456142e-56,-4.256621851548545e-61,-2.626163822107409e-66,-9.08794591334362e-72,-1.7637966167781577e-77,-1.919710007642882e-83,-1.1716624123492996e-89,-4.0098818161409086e-96,-7.695030744674073e-103,-8.279992800671995e-110,-4.995558359585782e-117,-1.689927536691063e-124,-3.205375303986268e-132,-3.4088992359192025e-140,-2.0326953299059293e-148,-6.795980211279904e-157,-1.2739511918860896e-165,-1.3389789671385315e-174,-7.890682805655609e-184,-2.6072038251480434e-193,-4.830084636064345e-203,-5.017110936676824e-213,-2.9219431881770758e-223,-9.541328649931035e-234,-1.746887403136646e-244,-1.7932461310817101e-255,-1.0321285613069502e-266,95.0
-3.0827337534393564e-05,-4.923625787284829e-05,-4.765430549817253e-05,-3.275530214333027e-05,-2.2328597279769592e-05,-1.497714966388858e-05,-7.011856642024621e-06,-1.9357170886565345e-06,-3.026056485566287e-07,-2.6575872449054178e-08,-1.3093067798588311e-09,-3.6178857493774685e-11,-5.607492460449549e-13,-4.8761995551797056e-15,-2.3798885911364767e-17,-6.523117807243559e-20,-1.0050557948985271e-22,-8.717833872910979e-26,-4.266880550870302e-29,-1.1825167059576935e-32,-1.865111311371182e-36,-1.6859730991949675e-40,-8.81279985394573e-45,-2.6902989689629972e-49,-4.839292385005932e-54,-5.156261926899768e-59,-3.253140792066735e-64,-1.2082472060352498e-69,-2.6176306560556577e-75,-3.2754434125337536e-81,-2.3467122662595123e-87,-9.561711614170509e-94,-2.2048815339257245e-100,-2.8679317720731073e-107,-2.099601047145031e-114,-8.639249762778744e-122,-1.9961623443482555e-129,-2.588507023829374e-137,-1.8831340770670325e-145,-7.68412161021922e-154,-1.7584394852579478e-162,-2.256538704679264e-171,-1.6237402035234415e-180,-6.551396087305325e-190,-1.4821271363376474e-199,-1.8800333838580028e-209,-1.3371205004929761e-219,-5.332098423260262e-230,-1.1921941250666673e-240,-1.4945695269774716e-251,95.5
-3.298613403192408e-05,-5.751864856519411e-05,-5.846201540883835e-05,-4.120505674385272e-05,-3.7135792656364404e-05,-4.464344992680476e-05,-3.804417705808694e-05,-1.8755949741780804e-05,-5.2032584262118755e-06,-8.09672780358995e-07,-7.06453808910268e-08,-3.456048247740525e-09,-9.479715800564202e-11,-1.4579074632055307e-12,-1.2571399213781437e-14,-6.077937714977517e-17,-1.6475849322129464e-19,-2.504138219358202e-22,-2.133966936670488e-25,-1.0196144211612773e-28,-2.7315121569279476e-32,-4.1028834925220264e-36,-3.45536639310066e-40,-1.6316157699181225e-44,-4.319769251095095e-49,-6.412421557704353e-54,-5.337064381498627e-59,-2.4905867613210527e-64,-6.516580492175096e-70,-9.559973889059008e-76,-7.86343859938226e-82,-3.626495511553698e-88,-9.377361049354466e-95,-1.3595430964101933e-101,-1.105157479085205e-108,-5.037026099859153e-116,-1.2871912545215364e-123,-1.8442967626055534e-131,-1.4816218396334873e-139,-6.673640085867596e-148,-1.6854156941520654e-156,-2.386547749284378e-165,-1.8947506459010144e-174,-8.434373723694381e-184,-2.1050986746575649e-193,-2.945851940971613e-203,-2.3113632973826312e-213,-1.01682063192175e-223,-2.5080681093280818e-234,-3.4685913879008703e-245,96.0
-3.5741104084045855e-05,-6.621626459799873e-05,-7.161133010087453e-05,-5.295704493562021e-05,-4.5727383459260416e-05,-5.03231669957287e-05,-4.010617024844514e-05,-1.864122476584169e-05,-4.882911141068261e-06,-7.176061741405846e-07,-5.913569695789948e-08,-2.7323579300488503e-09,-7.078567456416464e-11,-1.0281875255837937e-12,-8.37371676489578e-15,-3.823693851977517e-17,-9.789642527026401e-20,-1.405301185523299e-22,-1.1310735349535637e-25,-5.104240315556435e-29,-1.2914875622389466e-32,-1.832180190098052e-36,-1.4573537340722042e-40,-6.499509940818088e-45,-1.6252309556391168e-49,-2.2786016001557737e-54,-1.7911854353387957e-59,-7.894625611167926e-65,-1.9509285662495786e-70,-2.703149312624701e-76,-2.099991521695258e-82,-9.147109668737955e-89,-2.2339274742026533e-95,-3.0589550218554695e-102,-2.3485291320902225e-109,-1.0109685622398705e-116,-2.440046979746989e-124,-3.30200376498203e-132,-2.5053925317897434e-140,-1.0658420037745194e-148,-2.5423112695159866e-157,-3.4000355051502967e-166,-2.5495117638144466e-175,-1.071888043414263e-184,-2.52674067244014e-194,-3.3395715613092154e-204,-2.474797537929446e-214,-1.0282706378077134e-224,-2.3954881807699847e-235,-3.1289560881766584e-246,96.5
-3.845280537725201e-05,-7.204133522289393e-05,-8.007509851250819e-05,-6.12380660432305e-05,-5.248434987390905e-05,-5.4912107871061305e-05,-4.1770980196539856e-05,-1.8614688736429408e-05,-4.680431895469949e-06,-6.604391294209727e-07,-5.225943486563132e-08,-2.318624481579616e-09,-5.7679300340475616e-11,-8.045084495701494e-13,-6.291601536378011e-15,-2.758743329481728e-17,-6.782356935885558e-20,-9.349085774677272e-23,-7.225647362185037e-26,-3.1311472083518294e-29,-7.607628910756827e-33,-1.0363686780014666e-36,-7.915865045684512e-41,-3.3900152409238934e-45,-8.139994513729766e-50,-1.0958870476043e-54,-8.272308586660292e-60,-3.501119576075192e-65,-8.308191167114908e-71,-1.1054150597083252e-76,-8.246386273121098e-83,-3.449224142843509e-89,-8.089071160151435e-96,-1.063641914140831e-102,-7.841729104898655e-110,-3.2415139515331636e-117,-7.512832201515495e-125,-9.762910075232193e-133,-7.113359752516776e-141,-2.9059639741005203e-149,-6.656190421631192e-158,-8.548332518697677e-167,-6.155415027160593e-176,-2.4851559780744733e-185,-5.625620940452842e-195,-7.140159533337095e-205,-5.081198317719953e-215,-2.0274274046824812e-225,-4.535713190526471e-236,-5.68940885537077e-247,97.0
-4.5555792931503924e-05,-8.021677721355224e-05,-8.559378303721504e-05,-6.464715016214949e-05,-5.606777647461551e-05,-5.8272651335492784e-05,-4.343029603631605e-05,-1.8919621436519475e-05,-4.649000539278865e-06,-6.410588287854354e-07,-4.956902682404633e-08,-2.1490744649189787e-09,-5.2241324384273766e-11,-7.120285201951479e-13,-5.441278362107459e-15,-2.3314437114266877e-17,-5.601051484053834e-20,-7.544580791861188e-23,-5.697993255856169e-26,-2.4128506360597293e-29,-5.728766727005468e-33,-7.62631298768771e-37,-5.692350058626045e-41,-2.3822804654620026e-45,-5.590098606737394e-50,-7.354827390202128e-55,-5.425668921942159e-60,-2.2442098996652886e-65,-5.204810381941396e-71,-6.768303279894571e-77,-4.935041012617003e-83,-2.0176267876732326e-89,-4.625232992007525e-96,-5.945294010414936e-103,-4.285139629998307e-110,-1.7318664217411426e-117,-3.9248987633946773e-125,-4.987871591996544e-133,-3.5545473434086996e-141,-1.4205179350287274e-149,-3.183578736570956e-158,-4.001347343734056e-167,-2.8205684568914643e-176,-1.115135839236023e-185,-2.472886483886717e-195,-3.0760578646837825e-205,-2.1465059103202552e-215,-8.403413211757653e-226,-1.8459093203649932e-236,-2.2753490594413527e-247,97.5
-2.36841451878133e-05,-3.367088757045514e-05,-3.0274282162209344e-05,-2.9286206527213287e-05,-4.555399409230365e-05,-5.8199074165694686e-05,-4.3947118668525254e-05,-1.8712997963660735e-05,-4.470371635256536e-06,-5.988194106378157e-07,-4.4975199136123586e-08,-1.89396171128826e-09,-4.471868992528605e-11,-5.92006213666299e-13,-4.394227579279811e-15,-1.828764551250521e-17,-4.267287963130413e-20,-5.582965967026263e-23,-4.0954050987499626e-26,-1.6844091814344432e-29,-3.884339450455338e-33,-5.022333997288547e-37,-3.64093431902048e-41,-1.479922372290921e-45,-3.372747769059001e-50,-4.3097058441287495e-55,-3.087665395296492e-60,-1.2403140662476353e-65,-2.7935210238606487e-71,-3.527695215041274e-77,-2.4977502119008435e-83,-9.915755045489402e-90,-2.207096953834332e-96,-2.7544561932096607e-103,-1.927388062435639e-110,-7.561732265614636e-118,-1.663383023509288e-125,-2.05154982862498e-133,-1.4187004656279897e-141,-5.500702908889135e-150,-1.1958163974753318e-158,-1.4575707881284388e-167,-9.961245506666574e-177,-3.8169499799919686e-186,-8.200458404685265e-196,-9.878218496490246e-206,-6.67172232430537e-216,-2.5264815672738464e-226,-5.364301038629666e-237,-6.3860010639009065e-248,98.0
-3.067230628262827e-05,-5.1050481863654813e-05,-5.160467853846841e-05,-4.4365209811409186e-05,-5.347862520305095e-05,-6.156608967975693e-05,-4.426959689861417e-05,-1.811463097589408e-05,-4.1639442702764605e-06,-5.367962281508796e-07,-3.880156805574731e-08,-1.5725747524388324e-09,-3.57349560877834e-11,-4.552967317831016e-13,-3.252481959074611e-15,-1.3027294322030084e-17,-2.925583234983853e-20,-3.6837450453953006e-23,-2.600671668986669e-26,-1.0294383314084897e-29,-2.2847252742558907e-33,-2.843062953022047e-37,-1.9836169224294847e-41,-7.759754304535657e-46,-1.7019898799263583e-50,-2.0930751097697673e-55,-1.4432165144836267e-60,-5.57952211181902e-66,-1.2094317150669448e-71,-1.4698889990272365e-77,-1.0016282450957596e-83,-3.8269027206570424e-90,-8.197984996664753e-97,-9.846585409060148e-104,-6.631060985280252e-111,-2.5037976559945145e-118,-5.3007127681314275e-126,-6.291991847872378e-134,-4.187558311302338e-142,-1.562616553065786e-150,-3.269360491900195e-159,-3.835235497604217e-168,-2.522551835561344e-177,-9.302656795711325e-187,-1.9235024105441387e-196,-2.229961205302023e-206,-1.4495083353464221e-216,-5.282785329790614e-227,-1.0795034778034956e-237,-1.2368127827870716e-248,98.5
-3.4317206826010335e-05,-6.497059296102073e-05,-7.360026846544076e-05,-6.322274280723652e-05,-6.420622069588933e-05,-6.554567677722164e-05,-4.415409989965201e-05,-1.7153161705916567e-05,-3.752591662234653e-06,-4.6060518336280696e-07,-3.170235698320971e-08,-1.223436248200871e-09,-2.6472310646834846e-11,-3.211602674170323e-13,-2.1845947007711106e-15,-8.331801409528069e-18,-1.7816641813844093e-20,-2.136149582845364e-23,-1.4360062426971445e-26,-5.412524082911504e-30,-1.1438318821456087e-33,-1.3553248234175387e-37,-9.00416461096395e-42,-3.3539941188707164e-46,-7.004868785336795e-51,-8.202694728762292e-56,-5.385573167857619e-61,-1.9825591280728663e-66,-4.0920337159308157e-72,-4.735557287661167e-78,-3.072711761909713e-84,-1.1178702220684574e-90,-2.280235952200985e-97,-2.6078765357928154e-104,-1.6722958092411084e-111,-6.012540470934992e-119,-1.2120534177907363e-126,-1.3699488276482397e-134,-8.6817198239231e-143,-3.084792980493959e-151,-6.145611724979866e-160,-6.864723503255227e-169,-4.29932045653622e-178,-1.5097165691592377e-187,-2.9724178619857484e-197,-3.2812788560693196e-207,-2.0309314001219986e-217,-7.048005026237986e-228,-1.3713742565362277e-238,-1.4961137583723276e-249,99.0
-5.280865250940602e-05,-0.00011441481271435402,-0.00014470248470800862,-0.00012083374023725917,-9.237808476864248e-05,-7.374246881668723e-05,-4.424384833275968e-05,-1.6000699199098535e-05,-3.2910776727747192e-06,-3.8056016942917094e-07,-2.4686064786937942e-08,-8.9794691840369e-10,-1.8314355973309186e-11,-2.0944805483428636e-13,-1.3431222940580648e-15,-4.829783640738664e-18,-9.739600601602709e-21,-1.1015382783441095e-23,-6.988269809557992e-27,-2.4874422054870155e-30,-4.969402848359433e-34,-5.575163500786986e-38,-3.5153325550386264e-42,-1.247264594502132e-46,-2.494671665649179e-51,-2.820064876028132e-56,-1.8083515923463303e-61,-6.610328593338291e-67,-1.3860581086733743e-72,-1.6790406389263912e-78,-1.183439193703293e-84,-4.8802712273097154e-91,-1.1803709773158845e-97,-1.672051460677317e-104,-1.3804935969878956e-111,-6.597826880683849e-119,-1.8121665685585548e-126,-2.841776132167633e-134,-2.5309361209710466e-142,-1.2750963342454623e-150,-3.623545642275014e-159,-5.7968245133987515e-168,-5.213444702541726e-177,-2.6335612250739666e-186,-7.467652256954485e-196,-1.1881565789708166e-205,-1.0604697831577504e-215,-5.30863916469672e-226,-1.4903196810785833e-236,-2.346145521339947e-247,99.5
-5.276166528348607e-05,-0.00012706329590872066,-0.00017915563313169373,-0.0001626840446078799,-0.00012023983894648403,-8.357852745924107e-05,-4.449655380350587e-05,-1.4703162224121995e-05,-2.7941640011215925e-06,-2.995024645682059e-07,-1.8025983270369036e-08,-6.085926907120424e-10,-1.1525067065851422e-11,-1.2244733644544994e-13,-7.302598052636254e-16,-2.447265275221698e-18,-4.617630384312632e-21,-4.923701026839728e-24,-2.9867514899160647e-27,-1.042660414600877e-30,-2.1330014736683463e-34,-2.619630220826211e-38,-1.9781750635037432e-42,-9.294670309810387e-47,-2.696488030784625e-51,-4.7238108541849015e-56,-4.8740897265077614e-61,-2.904348808346585e-66,-9.866396318482388e-72,-1.8963652063574053e-77,-2.053534604399134e-83,-1.2499927247375295e-89,-4.271812855309537e-96,-8.191045660195994e-103,-8.809349136394114e-110,-5.313122605110117e-117,-1.7968748156737912e-124,-3.4074314872272873e-132,-3.6229889093606968e-140,-2.1598909568115168e-148,-7.219692006424115e-157,-1.3530879094272084e-165,-1.4218476303342678e-174,-8.377209791997456e-184,-2.7673545044337024e-193,-5.125652522897715e-203,-5.322950484437846e-213,-3.099378108781953e-223,-1.0118486352171887e-233,-1.8521467117872712e-244,100.0
