0.0,0.32302050172857144,0.6460410034571429,0.9690615051857143,1.2920820069142858,1.6151025086428572,1.9381230103714286,2.2611435121000003,2.5841640138285715,2.9071845155571427,3.2302050172857144,3.553225519014286,3.8762460207428573,4.1992665224714285,4.522287024200001,4.845307525928572,5.168328027657143,5.491348529385714,5.8143690311142855,6.137389532842858,6.460410034571429,6.7834305363,7.106451038028572,7.429471539757143,7.752492041485715,8.075512543214286,8.398533044942857,8.721553546671428,9.044574048400001,9.367594550128572,9.690615051857144,10.013635553585715,10.336656055314286,10.659676557042857,10.982697058771429,11.3057175605,11.628738062228571,11.951758563957144,12.274779065685715,12.597799567414286,12.920820069142858,13.243840570871429,13.5668610726,13.889881574328571,14.212902076057144,14.535922577785716,14.858943079514287,15.181963581242858,15.50498408297143,15.8280045847,time_fs
1.9185489707248683e-05,8.816971422388947e-05,0.00026745910171448677,0.0005556523698120367,0.0008022215748917357,0.0008090573233734383,0.0005656040995602698,0.00026382263138628276,7.746727273250053e-05,1.3611227519483934e-05,1.385847486469005e-06,8.03809817740944e-08,2.633727721500404e-09,4.855588216895097e-11,5.027546035147528e-13,2.9210106879750954e-15,9.519050958708438e-18,1.7396116323787704e-20,1.7826590230404997e-23,1.0242875712841264e-26,3.2999214814043776e-30,5.960857195374626e-34,6.037191295853695e-38,3.4283182298384844e-42,1.091557767407829e-46,1.9486392401502465e-51,1.9504514501466248e-56,1.0946058256060385e-61,3.444286264511701e-67,6.076585037540543e-73,6.010889806803094e-79,3.3337789077252513e-85,1.0367013446510078e-91,1.807546036012868e-98,1.7670299460128254e-105,9.685393925922575e-113,2.9765248003632468e-120,5.128856622349997e-128,4.955077463099627e-136,2.684102982454411e-144,8.152048178468545e-153,1.3882035074752426e-161,1.3254348142180104e-170,7.095490887930108e-180,2.1297339610206953e-189,3.584157638054467e-199,3.381953915745134e-209,1.7892338459659634e-219,5.307443273002837e-230,8.827189577287886e-241,0.0
2.0200923877708423e-05,9.156814535870504e-05,0.00026910332314947677,0.0005334822652988229,0.0007211794013589579,0.0006563477167460485,0.00039417493861746957,0.00015240345712393643,3.675104121835603e-05,5.344804425492781e-06,4.559489070697883e-07,2.2384147677608118e-08,6.251106787127365e-10,9.864888946520236e-12,8.765368441280227e-14,4.37664858773564e-16,1.2267408984768074e-18,1.929130767707468e-21,1.701527681002661e-24,8.4161960886529e-28,2.334291606334678e-31,3.630252804408078e-35,3.165558598203456e-39,1.5477105018651494e-43,4.242792633455738e-48,6.521310060067084e-53,5.62002058931016e-58,2.7155665658776337e-63,7.357024442572392e-69,1.1175397611812015e-74,9.517934654534673e-81,4.545078137282787e-87,1.2169111243792154e-93,1.8268177610704525e-100,1.5376250210957342e-107,7.256454770531529e-115,1.920071441487426e-122,2.8485846013288024e-130,2.3695162655510896e-138,1.1051191472554525e-146,2.889863633768263e-155,4.2370582343412935e-164,3.4831353663068116e-173,1.6054438083093628e-182,4.148954793629759e-192,6.01175305580245e-202,4.884075844066725e-212,2.224756594059245e-222,5.682002789035984e-233,8.136529794631829e-244,0.5
2.3595290657224936e-05,0.0001021022582648906,0.00027622597965435114,0.0004883316191166719,0.0005777907472256415,0.00045457257053443923,0.00023257535136681095,7.568020478949568e-05,1.5340027033471787e-05,1.8940985402498817e-06,1.392594479787395e-07,5.9771432234264255e-09,1.4755815367432944e-10,2.074380097262337e-12,1.6501851204379945e-14,7.40015780534238e-17,1.8665272239064024e-19,2.644481077667771e-22,2.1029390372101253e-25,9.382096850998968e-29,2.3477297304387155e-32,3.294626224175717e-36,2.5926040383684436e-40,1.1439740067824578e-44,2.8303044856343744e-49,3.926265576180488e-54,3.053875210198838e-59,1.3318196516006238e-64,3.2565710125808426e-70,4.464736142139546e-76,3.432026484462386e-82,1.4791926578024975e-88,3.574521817032619e-95,4.8431748963868394e-102,3.6792667918552376e-109,1.5671526419437527e-116,3.742658366822426e-124,5.011502237124205e-132,3.7624827610674244e-140,1.58379859068755e-148,3.738042425342287e-157,4.9466062178095014e-166,3.6701962739887684e-175,1.5268278685821483e-184,3.5613093821699005e-194,4.6574496249256225e-204,3.4151160446840717e-214,1.404046856226549e-224,3.2365071745248224e-235,4.183024260599716e-246,1.0
4.539857540421299e-05,0.00015688452086572055,0.0003671635599349472,0.0005811577062176583,0.0006102806318631797,0.0004121789561816678,0.000173782414038132,4.479229651375104e-05,6.970619194012163e-06,6.497526728515018e-07,3.602010832356919e-08,1.1780968293871223e-09,2.253059398988861e-11,2.49697332159678e-13,1.5906500319387323e-15,5.785359233924438e-18,1.1951163838966458e-20,1.3967876390049202e-23,9.210456247984409e-27,3.4198861131036655e-30,7.140551672509783e-34,8.375985098330495e-38,5.5162865320156666e-42,2.0388051855184506e-46,4.22760421079787e-51,4.917173033842624e-56,3.207599568158418e-61,1.1734057400073828e-66,2.4070909210093886e-72,2.768819010228663e-78,1.785837424250768e-84,6.45841670287512e-91,1.309607748619967e-97,1.4889617093541893e-104,9.491837349196199e-112,3.39265506874266e-119,6.799086447930548e-127,7.639800591385075e-135,4.813195715590234e-143,1.7002182507629615e-151,3.3674039623823976e-160,3.7394263007816084e-169,2.3282726250092887e-178,8.127962613527644e-188,1.5909206483630177e-197,1.7459598703247206e-207,1.0743329316206282e-217,3.706486251498321e-228,7.1697623531490895e-239,7.776174224779177e-250,1.5
6.583849018086572e-05,0.00019158276967459886,0.0003779923100282755,0.0005158251254521698,0.0004924574746213539,0.0003170421863930316,0.00012893089531981037,3.136258279033752e-05,4.4185606183966465e-06,3.5470961597693684e-07,1.609859455773368e-08,4.1153372531013423e-10,5.914813923507039e-12,4.775349843345032e-14,2.1646967571242707e-16,5.508180839717157e-19,7.866394872627447e-22,6.304634738764254e-25,2.835520453976199e-28,7.156036947963721e-32,1.0133535731785149e-35,8.051592640730213e-40,3.5893844474239065e-44,8.977626330708752e-49,1.259775549331809e-53,9.917502691124645e-59,4.3800290855415585e-64,1.0851899707463008e-69,1.5082655450590491e-75,1.1759336071245055e-81,5.142934123219934e-88,1.261690999298387e-94,1.7362015354494976e-101,1.3401210373439482e-108,5.801987508250205e-116,1.408935058412802e-123,1.9190201652601777e-131,1.4660062453180335e-139,6.281357828965753e-148,1.5094778446987924e-156,2.034463206973255e-165,1.5378625905337079e-174,6.519658124869396e-184,1.550125969720184e-193,2.0669957480539815e-203,1.5457469053793903e-213,6.48275219172401e-224,1.524750999568619e-234,2.011191136889052e-245,1.4877135332086644e-256,2.0
7.050564151580652e-05,0.00022967138524626388,0.0004819912799618892,0.0006769345418553569,0.0006394790312232273,0.0003921499131199428,0.00014858358166639478,3.3453763598534995e-05,4.370109388256522e-06,3.268622222196562e-07,1.3897206474734112e-08,3.3451212610683546e-10,4.5473498755225115e-12,3.4856766243630064e-14,1.5049824497562366e-16,3.6572285434150866e-19,4.999087335530629e-22,3.841878487318707e-25,1.6593811072303e-28,4.026824902201378e-32,5.488838449303163e-36,4.201498041670428e-40,1.8057320781158603e-44,4.356715651081106e-49,5.900150256752317e-54,4.48450308354918e-59,1.912799079524029e-64,4.5781536970747735e-70,6.148151099122622e-76,4.63236965262043e-82,1.9581291654353067e-88,4.6434087405810505e-95,6.176899827522458e-102,4.609195511177128e-109,1.929236314616294e-116,4.529371257955891e-124,5.964451586905241e-132,4.405268538651256e-140,1.824877782969815e-148,4.239805278514947e-157,5.524599543646781e-166,4.037301842800291e-175,1.654666824244673e-184,3.803231670306334e-194,4.902440583402164e-204,3.5439217679014374e-214,1.436691178321883e-224,3.26622322893382e-235,4.1641597019693953e-246,2.977173740525149e-257,2.5
0.00011225365917167688,0.00028782084451129037,0.0005542426733071083,0.0007867328450845545,0.000779911624291013,0.0005024105755257497,0.00019819750515922004,4.617980798835286e-05,6.234923958169494e-06,4.830527806882603e-07,2.1363187908080194e-08,5.376446957532772e-10,7.683810758536433e-12,6.226252112800731e-14,2.8568082753296964e-16,7.413875894294702e-19,1.0871066415609634e-21,8.99812892629484e-25,4.200592951154652e-28,1.1051116543565316e-31,1.6373117208224707e-35,1.3652492315619765e-39,6.403328075646263e-44,1.688500392016637e-48,2.502158271030132e-53,2.0829980652642664e-58,9.738424042472446e-64,2.5562288040504e-69,3.766388869357003e-75,3.1144645333822404e-81,1.4451265717815753e-87,3.7621423787746466e-94,5.4944395219811794e-101,4.501220718829301e-108,2.0683428741552756e-115,5.330552461391988e-123,7.704707963302095e-131,6.24532602456047e-139,2.8389187372541733e-147,7.236629875468539e-156,1.0344135423642711e-164,8.291196779690065e-174,3.7264709370731625e-183,9.391378361543022e-193,1.3271092781389562e-202,1.0515388856925687e-212,4.671771479667292e-223,1.1637839403012386e-233,1.625530303297817e-244,1.2730561954067503e-255,3.0
0.00010037587751476963,0.00028647956217895873,0.0005464102995572422,0.0007383139558577752,0.0007259315425500045,0.0005147256955200658,0.0002571499723565904,8.735617585736142e-05,1.916338956132444e-05,2.5744242837422113e-06,2.0361338519366157e-07,9.25914509252912e-09,2.390451364936175e-10,3.4814631343896492e-12,2.851370762059794e-14,1.3112696544478534e-16,3.3834091401089907e-19,4.896487697443043e-22,3.9738026146958677e-25,1.8083490502435854e-28,4.614179165476539e-32,6.601368876189067e-36,5.295373092072259e-40,2.381661386018136e-44,6.005972110171245e-49,8.49192087293593e-54,6.732054863862869e-59,2.9923218995263787e-64,7.45740742751582e-70,1.0420445740839651e-75,8.164010847884091e-82,3.5862428329787244e-88,8.832723869609307e-95,1.2197433311258007e-101,9.444111121741596e-109,4.0998933691123197e-116,9.979364178150003e-124,1.3619213197212699e-131,1.0421254496656053e-139,4.471022156074472e-148,1.0755051114892893e-156,1.4505642578823115e-165,1.0969335058564683e-174,4.6509585485383307e-184,1.1056647710334107e-193,1.473748283134856e-203,1.1013921803378906e-213,4.615082850922963e-224,1.0842660306815945e-234,1.4282723815206913e-245,3.5
8.32494249830452e-05,0.000272919609955109,0.0006304494373919902,0.0010435612216774376,0.0012222058875397518,0.0009670388617836075,0.0004947410825135025,0.00015898090917787564,3.138632647792483e-05,3.7265481529689265e-06,2.6079694858027543e-07,1.0580501705819421e-08,2.4583591380271154e-10,3.2448208461782196e-12,2.4205049575060497e-14,1.0172267650113354e-16,2.403791197304847e-19,3.1904035566943256e-22,2.3766586859009018e-25,9.933033847298615e-29,2.3285392877142527e-32,3.0613070116490086e-36,2.2569005638642115e-40,9.329880548287315e-45,2.1626341101248923e-49,2.810762605865855e-54,2.0483008853733895e-59,8.36928304196281e-65,1.9173678853926253e-70,2.4628838454839345e-76,1.7737924900554173e-82,7.162778656450258e-89,1.621734397697855e-95,2.058719486476267e-102,1.465324208878879e-109,5.847756527935974e-117,1.3084700539954607e-124,1.6415616645618123e-132,1.1547008842979477e-140,4.554080070859859e-149,1.007049184888787e-157,1.2485891358077051e-166,8.679750991857151e-176,3.3830921122541376e-185,7.393315153632578e-195,9.059066646573168e-205,6.223669592491319e-215,2.3973334198406108e-225,5.177608257511385e-236,6.269729062866969e-247,4.0
7.989230744178746e-05,0.0002605949255024616,0.0006439102191019785,0.001155649136016787,0.001475188244255326,0.0012887883823865397,0.0007326459887641909,0.0002591433117538375,5.515781743312584e-05,6.900148903514486e-06,4.992022255441346e-07,2.066279504402959e-08,4.859236567165818e-10,6.463785234611361e-12,4.84986385517436e-14,2.0489239374502658e-16,4.868346476105634e-19,6.500873285241608e-22,4.876140792318908e-25,2.053714039649468e-28,4.855670564976797e-32,6.443433668232919e-36,4.798176063374434e-40,2.0047969986611784e-44,4.699528945393625e-49,6.180015788731364e-54,4.558727364816432e-59,1.8862038694246606e-64,4.377244107831888e-70,5.697174329301576e-76,4.1586003132465464e-82,1.7023487937144668e-88,3.9079631705631214e-95,5.030852581407089e-102,3.631718348802032e-109,1.4701232341180822e-116,3.3370220080816765e-124,4.247387552318663e-132,3.0313550512026383e-140,1.2131071915543243e-148,2.7221058179104992e-157,3.4249232524917856e-166,2.4162047610318885e-175,9.557650153858498e-185,2.1198290154707188e-194,2.6362157887241384e-204,1.8381878015152833e-214,7.186645208585151e-225,1.575392349061346e-235,1.9363168635593484e-246,4.5
6.269910599322923e-05,0.00024278206202296715,0.0006647741541139209,0.0013061175432391478,0.0018424230784753772,0.0018010205428148213,0.001154862912928683,0.00046199479071998804,0.00011108076021850841,1.5645829086150292e-05,1.2693690778599318e-06,5.86896940642252e-08,1.5362672976055138e-09,2.267720153844215e-11,1.8832883096667143e-13,8.787300490330797e-16,2.301759205822208e-18,3.383213980575748e-21,2.7896393365512973e-24,1.2901747429460411e-27,3.3465105919620995e-31,4.868070381405597e-35,3.97127355977265e-39,1.8167866803293875e-43,4.66095934126237e-48,6.705664999502057e-53,5.4100656597385024e-58,2.4476930531965793e-63,6.210192303931844e-69,8.835821726082744e-75,7.049898650751861e-81,3.1543734864653077e-87,7.91476385580556e-94,1.1136730617767664e-100,8.787648128956056e-108,3.8885085912791513e-115,9.649152607821602e-123,1.3427378166869146e-130,1.0478265512922457e-138,4.585470300055384e-147,1.1253168604288311e-155,1.5486823288030002e-164,1.1952163611477869e-173,5.172821019164339e-183,1.2554665581038558e-192,1.7087543421651838e-202,1.3042200789637413e-212,5.582373070068767e-223,1.3399342368085535e-233,1.8036184247862388e-244,5.0
4.5211879099138914e-05,0.00021106970842585472,0.000640554876156602,0.0013473075712124244,0.002063804792595406,0.00228140049301029,0.0017158158079150594,0.0008240907934856804,0.00024190843922578404,4.236890486951792e-05,4.385500017047531e-06,2.6835682713416073e-07,9.76741569709143e-09,2.1299750101381013e-10,2.792838029234146e-12,2.1947631716336086e-14,1.0238272448911046e-16,2.7990799709139766e-19,4.4292865961498935e-22,4.0156296144406806e-25,2.070321156370787e-28,6.039172099706581e-32,9.934068208727587e-36,9.195239630913562e-40,4.78301963119924e-44,1.3969431447672174e-48,2.2896214350322046e-53,2.1052972936199312e-58,1.085769865266289e-63,3.14036345952782e-69,5.09335463643173e-75,4.632196971409274e-81,2.362189544144761e-87,6.75426124245704e-94,1.0828553501030576e-100,9.733941535010835e-108,4.906030934440613e-115,1.3864158905867384e-122,2.196733936901854e-130,1.9515578349079514e-138,9.720867117363585e-147,2.71486305306519e-155,4.251185068592176e-164,3.732425478242428e-173,1.8373472924709496e-182,5.071194742557534e-192,7.847805272382788e-202,6.809340049608899e-212,3.3126891758072293e-222,9.035978881158183e-233,5.5
3.858539380780181e-05,0.0001833091305182409,0.0005767875005579578,0.001268612113440904,0.0020581863036942404,0.002525517425265446,0.0022628544345304276,0.001374466730525452,0.0005320017813341346,0.0001282726307495061,1.967217050166755e-05,2.0232387126922887e-06,1.4509529251630445e-07,7.075332069399359e-09,2.189478975397187e-10,4.0479243318463846e-12,4.319108073511418e-14,2.616418185672293e-16,8.934158142366883e-19,1.7143668211986953e-21,1.8462620314487962e-24,1.1152759680447619e-27,3.7780534265287953e-31,7.176396674294654e-35,7.643253919906766e-39,4.5643125108497685e-43,1.5282488843891855e-47,2.869015284190277e-52,3.019889197401037e-57,1.78224837238912e-62,5.897451590962184e-68,1.094156449089806e-73,1.1381862134298614e-79,6.638440430350207e-86,2.1708891329888396e-92,3.980412350921848e-99,4.0920159987203134e-106,2.3586604119515223e-113,7.622761809500805e-121,1.381268531772421e-128,1.4033394134546622e-136,7.994037190157556e-145,2.5532212047595414e-153,4.572245672445753e-162,4.59081200940834e-171,2.584450968370781e-180,8.157666038751017e-190,1.443718040853639e-199,1.4325760344617284e-209,7.970247656887179e-220,6.0
4.567692107503242e-05,0.0001837169366177353,0.0005244189680665214,0.0011539580079963645,0.001980456231248673,0.002642324352314262,0.0027295427507891185,0.002068994027776334,0.001067753197856026,0.00036160747239008745,8.194645308991611e-05,1.3277682719474955e-05,1.6244170885526564e-06,1.4446806608793848e-07,8.437564828564809e-09,2.9798760198733196e-10,6.0943558253081675e-12,7.082222681667658e-14,4.639983365593299e-16,1.7083333216218276e-18,3.529902678295404e-21,4.09116650696298e-24,2.659041524211448e-27,9.69067226243422e-31,1.9802284035480555e-34,2.2688272960196421e-38,1.4575014552630972e-42,5.249724422430418e-47,1.0601891027214064e-51,1.2004641988033497e-56,7.62138704955038e-62,2.712924447329409e-67,5.414523397257351e-73,6.059009235629822e-79,3.801559867284927e-85,1.3373370972954046e-91,2.637781311619133e-98,2.917128222399706e-105,1.8088022421113785e-112,6.288477235116604e-120,1.2257975108585063e-127,1.3397100454689443e-135,8.20959493126725e-144,2.8206648148369244e-152,5.4337552119858265e-161,5.869045751501354e-170,3.554297343064622e-179,1.2068654524928682e-188,2.297644270834919e-198,2.452593440450521e-208,6.5
6.755035478535153e-05,0.00022309721608059128,0.0005021836198204929,0.0009660543045622099,0.0017246530230599494,0.002567943154145952,0.003043726061023657,0.0027942915505096907,0.0018514108957363464,0.0008489165548052719,0.0002738070451864564,6.463998932562891e-05,1.1420644801544905e-05,1.4801968290010567e-06,1.3208335207172922e-07,7.516698502002363e-09,2.571953415084934e-10,5.109555747602026e-12,5.788009830142761e-14,3.70569974102811e-16,1.3353028567363702e-18,2.702666050397148e-21,3.0697114701651713e-24,1.9556903213670814e-27,6.987259770059492e-31,1.3998241264728293e-34,1.5724561295735491e-38,9.904028159452732e-43,3.497587273372238e-47,6.925422371246543e-52,7.688539553293924e-57,4.7858686960539865e-62,1.6703088554631617e-67,3.268524469757761e-73,3.586126375602581e-79,2.2060649925563848e-85,7.609039969006842e-92,1.4715000141616016e-98,1.59554668308322e-105,9.700130976151581e-113,3.306469481959629e-120,6.319318951324218e-128,6.771655718747487e-136,4.0685372868113284e-144,1.3705679375101562e-152,2.5886996913761925e-161,2.7414581001723268e-170,1.6277975479057537e-179,5.4192352457713645e-189,1.0115665374500686e-198,7.0
0.00016687428890689254,0.0003810680948180894,0.0006547425354588409,0.0010364439013544559,0.0018312730272332625,0.0028988130115987494,0.0035787536671967202,0.0035895892280585536,0.0028405603016038107,0.0016440821362054417,0.0007020783910191096,0.00023362500471028804,5.9932082583063124e-05,1.0992773015650427e-05,1.3430462770226507e-06,1.0423329945978353e-07,4.967638104973715e-09,1.4157193418046654e-10,2.3633349613507624e-12,2.2763484470076565e-14,1.2519871430796374e-16,3.90511517859042e-19,6.8776877213623e-22,6.820861760801482e-25,3.802703408836712e-28,1.1905687663162172e-31,2.0919582158736128e-35,2.0621623411694527e-39,1.1401554156503376e-43,3.5352178610973884e-48,6.146710127083815e-53,5.9926879588653036e-58,3.2759681809002314e-63,1.0041272096656984e-68,1.7256948475852127e-74,1.6628862875471289e-80,8.984266396364189e-87,2.721592784413355e-93,4.622569845387004e-100,4.402133863136846e-107,2.350510522058016e-114,7.036880981358486e-122,1.1811829722658605e-129,1.1116627779058625e-137,5.866078017833137e-146,1.7355673449248192e-154,2.8790815034977427e-163,2.6778441382364285e-172,1.3964824261374134e-181,4.0832361179519675e-191,7.5
0.0002709914333219251,0.000593506246465636,0.0008748176105479812,0.0009723204596175349,0.001308222001511418,0.002287750484680268,0.003369333197660105,0.003954731234093764,0.003797435773823957,0.0027316525878088005,0.0014427500874217888,0.0006258994628637877,0.00023298798565230344,6.545248166915428e-05,1.213808372145689e-05,1.3837981340601474e-06,9.352464760985147e-08,3.669164548188129e-09,8.250222479496424e-11,1.0552629645081722e-12,7.645410953058667e-15,3.1301520558867635e-17,7.232692305904562e-20,9.4253986005418e-23,6.924469701398936e-26,2.867088360920482e-29,6.68908616436368e-33,8.791670794920615e-37,6.508167474975211e-41,2.712848638897675e-45,6.365931479332404e-50,8.407223527248947e-55,6.247107598526213e-60,2.611089694587426e-65,6.1370966469091796e-71,8.109379515967188e-77,6.0226216830785215e-83,2.5133470146269693e-89,5.892376108475358e-96,7.759055950819585e-103,5.737520913820907e-110,2.38210261308936e-117,5.551985507399154e-125,7.263158479446439e-133,5.3325644104054e-141,2.197000216921504e-149,5.07882193721686e-158,6.587115592333811e-167,4.7928303822972e-176,1.9562415707546336e-185,8.0
0.000366487357524161,0.0008654324184518983,0.0012987763105240444,0.0013047394753835442,0.0013022335021496505,0.002113497349583956,0.0034533465352212167,0.004370540075203052,0.004676522124912344,0.004058382007946965,0.002538795228773406,0.001248215391465193,0.0006112846738696261,0.0002765302263859589,8.904880172423299e-05,1.8047807460653213e-05,2.211443924965132e-06,1.604024419185608e-07,6.7740667391992345e-09,1.6444002102543028e-10,2.273676696682085e-12,1.779950330053446e-14,7.859695449623787e-17,1.9530604266054094e-19,2.727258569811684e-22,2.138290594076917e-25,9.408294036888837e-29,2.3223079557597216e-32,3.215193010071222e-36,2.4964223796592e-40,1.0869710043564285e-44,2.6538968663242946e-49,3.6333007957709114e-54,2.7890730504887693e-59,1.2004743019873922e-64,2.8971810955594077e-70,3.9203514108081845e-76,2.974395311590644e-82,1.265304737368477e-88,3.017958198022933e-95,4.036009245853759e-102,3.026295732782207e-109,1.272302715634774e-116,2.9990874402767394e-124,3.9637584285531895e-132,2.9372739609781217e-140,1.2203962094706077e-148,2.8429962366794742e-157,3.713391193674142e-166,2.719468698388199e-175,8.5
0.00042097055777149414,0.0010874636001835072,0.0017883375218656582,0.001920668907358854,0.001629121273779348,0.0019490490856317367,0.00319575078379515,0.004479147107461472,0.005309506346792664,0.005473572638664913,0.004221516250125843,0.0022427820556595807,0.0010531086805814073,0.0006392266287781247,0.0003722607954375595,0.00014640384616264497,3.5403382063990586e-05,5.135050807023907e-06,4.393069893093223e-07,2.183666725958809e-08,6.230961882170566e-10,1.0118536100817262e-11,9.297857588996375e-14,4.816990978186462e-16,1.4038774350890204e-18,2.298575919046941e-21,2.112591737286e-24,1.089411021082892e-27,3.1511161553441023e-31,5.111646092670993e-35,4.6498386888411926e-39,2.371757960872727e-43,6.783334642256183e-48,1.0877965472405652e-52,9.780891742428562e-58,4.930971514128912e-63,1.393824150418347e-68,2.2090414005287702e-74,1.96299625822573e-80,9.780351464443693e-87,2.732175579069659e-93,4.279389060194877e-100,3.758148059521133e-107,1.8504821557636797e-114,5.108751663575559e-122,7.907943213906878e-130,6.863270910574827e-138,3.3397778982668844e-146,9.112192209975618e-155,1.3939493610654028e-163,9.0
0.00042267530942022096,0.0011755305403027695,0.002140582401778555,0.00267817103768409,0.0024845998854409234,0.0022779653764544456,0.002882562971630717,0.00434514742368801,0.00645102579862508,0.008675226247884799,0.009828465838130095,0.008568326080551412,0.005274471548196683,0.002198251650019438,0.0007158894862958737,0.00029514995620504687,0.00014237455987705538,4.756110191696253e-05,9.219468689437181e-06,1.0070749033165275e-06,6.17251669069402e-08,2.1214489723892977e-09,4.088181903733121e-11,4.4172112600877725e-13,2.6759947042971205e-15,9.089525697838875e-18,1.731075629672127e-20,1.848458489104173e-23,1.1066803504177036e-26,3.714954787305686e-30,6.9920367595080136e-34,7.378578631651558e-38,4.365766995890547e-42,1.4483290230780558e-46,2.6939699710264904e-51,2.809552190066901e-56,1.642859010491946e-61,5.38619808068685e-67,9.901094011940922e-73,1.0204762090949959e-78,5.89713976515411e-85,1.9107276759612262e-91,3.471162969939226e-98,3.535656380875858e-105,2.019221370263301e-112,6.46571643174429e-120,1.1608288959046363e-127,1.1685266009379723e-135,6.595197919414291e-144,2.0870646368906918e-152,9.5
0.00038154595746650463,0.0011259480795070334,0.0021949789129049897,0.0031898393089589017,0.003743708527433478,0.0037891642074590814,0.003667631165004246,0.0037846964536799917,0.005127189363385002,0.008294746121564035,0.0118734309005432,0.01304714546627518,0.01018892382062183,0.005332277485498316,0.0018494077083506945,0.0005687664248646372,0.0003059641696299642,0.00018094413069346256,6.716687775105691e-05,1.4149462793939636e-05,1.6733119149953282e-06,1.1096522942874429e-07,4.1259248291939724e-09,8.601518249473493e-11,1.0054206829031105e-12,6.589301170802361e-15,2.4213063336675423e-17,4.988603131067027e-20,5.762713232636417e-23,3.732449141325241e-26,1.3554379017312782e-29,2.759841805688697e-33,3.1507038895344478e-37,2.0167395990117433e-41,7.237872012371814e-46,1.4564340011568577e-50,1.643196706684342e-55,1.0394584620548257e-60,3.6867488972914837e-66,7.331600895145719e-72,8.174720425298026e-78,5.110528782451975e-84,1.791338273284842e-90,3.520531285920325e-97,3.879338243585635e-104,2.3967675946433838e-111,8.302579392880696e-119,1.612571525499309e-126,1.7560778826518707e-134,1.0722286218461545e-142,10.0
0.00031545116513450846,0.0010139333616087163,0.00204664802472943,0.0031399467448398675,0.0045605001576418365,0.006022404077127432,0.0061344081727205905,0.0046532952414432335,0.0038206995073659664,0.00606254658212743,0.011121890704063058,0.016097386899985126,0.016776532348659903,0.011737621981389829,0.0052259313102627535,0.0014969107785396268,0.00041945230028356283,0.0002475517771482063,0.00014835731751798936,5.361892328668524e-05,1.093300851412399e-05,1.2505543047951102e-06,8.020523465404917e-08,2.884185904451427e-09,5.815174527655791e-11,6.57386990347209e-13,4.166758160588338e-15,1.4807928915922424e-17,2.9505921587880326e-20,3.2964226045720066e-23,2.06488286238287e-26,7.252150241883903e-30,1.4280946832143005e-33,1.5767616498937132e-37,9.760991425577991e-42,3.387978539567468e-46,6.593351160692117e-51,7.194334054166846e-56,4.40143030018552e-61,1.5097877415463593e-66,2.9037337841154866e-72,3.1312413015562885e-78,1.8931939705756728e-84,6.417893783129751e-91,1.2198565834059927e-97,1.3000015202239268e-104,7.767795483541399e-112,2.6023789757856045e-119,4.888348245117531e-127,5.148403415504431e-135,10.5
0.00023002294804587287,0.0008644629147428734,0.0019244367357260104,0.0029190289833108483,0.004321308829884602,0.0070553709429058715,0.008845704776758202,0.0069065726686240525,0.003698715410892172,0.00351403703743229,0.007752846091264303,0.01511944828657364,0.021525162481942778,0.020986459767965017,0.013180413447462354,0.005178066019624773,0.0012907076226869635,0.000250228969037565,8.249342354120966e-05,4.127500871319802e-05,1.4201573553457043e-05,2.8010662781316243e-06,3.104831491902361e-07,1.9301157290857117e-08,6.727604990009988e-10,1.3147949225832878e-11,1.4407034167109126e-13,8.851360268580264e-16,3.0490482055976775e-18,5.8889436836667284e-21,6.377189885551141e-24,3.872042654236383e-27,1.31816493223713e-30,2.5160438816631163e-34,2.692684717196798e-38,1.6157405935864868e-42,5.435964397799398e-47,1.0254167512175773e-51,1.0845336925629914e-56,6.431385259071744e-62,2.1383797834698595e-67,3.986428605256007e-73,4.166793497912513e-79,2.4419614388771715e-85,8.024065446274586e-92,1.478321725675658e-98,1.5270817720009504e-105,8.844523978216265e-113,2.8721391096134173e-120,5.229441565366378e-128,11.0
0.0002182882057350547,0.0007456758551955791,0.0018372832621940775,0.0030539551952620224,0.004142735171235227,0.006310098261161025,0.009414809325252326,0.01000777186984194,0.006748793361791353,0.003471311488876935,0.00397426326512736,0.008489163407586079,0.014645747116563372,0.01893341855166501,0.017282176787153228,0.010214403849179272,0.0038788739242670723,0.0011073300032204015,0.0004294834780384517,0.0004095754926076603,0.0003963742085667119,0.00023381783594456158,7.807166045402601e-05,1.463197200152254e-05,1.537753530093866e-06,9.061416294037835e-08,2.9938160641297395e-09,5.545913775240502e-11,5.760232046426957e-13,3.354483749437736e-15,1.0952928357921122e-17,2.005181275716506e-20,2.0582393256386957e-23,1.1845596638487987e-26,3.822406275157397e-30,6.915691112234783e-34,7.015411753893686e-38,3.9901532998514513e-42,1.2724620342471442e-46,2.2751965579884236e-51,2.2809294222286347e-56,1.2821050453175407e-61,4.0406776715345056e-67,7.140089291538718e-73,7.074111728354352e-79,3.9296966191855125e-85,1.2239536402174848e-91,2.1374194155335198e-98,2.0928271869854488e-105,1.1489359625874535e-112,11.5
0.0004452968182879649,0.0010940494438880265,0.0021474688329787724,0.0035616264794268537,0.0049003936088880505,0.006009423899964799,0.007516939405548675,0.009928271894090923,0.01107706952768825,0.00834110009957765,0.005027888088803534,0.006835631315591065,0.014582480487683588,0.022263766446685054,0.022092731791504696,0.013986297751353457,0.005574658746094661,0.0015497367560408238,0.0004783092974227548,0.00021393008752188783,9.396353425760184e-05,3.3366672978580136e-05,8.392707615731029e-06,1.3169291907423058e-06,1.2045569956496838e-07,6.257456557699011e-09,1.8300983459390184e-10,3.0049402510129356e-12,2.7675477929571835e-14,1.429322285005772e-16,4.1390662965965876e-19,6.720468526488478e-22,6.118116569629466e-25,3.1228827323049443e-28,8.937434761991919e-32,1.4341322234255342e-35,1.2902816475915302e-39,6.508768344258379e-44,1.8409078338408827e-48,2.9193367227600896e-53,2.5957043854656883e-58,1.2940324107821004e-63,3.6170453119203196e-69,5.668675660054912e-75,4.981132873198627e-81,2.454107020892651e-87,6.779188634586531e-94,1.0499794177330887e-100,9.11806528946675e-108,4.439596006289872e-115,12.0
0.0001251558144142287,0.0005913584749109518,0.0018578580134890972,0.004003715888478936,0.006200810459034047,0.007275784695113027,0.00704037381579886,0.007564826764154641,0.010768356606694611,0.01338321942785538,0.011538579861559808,0.009867371697522363,0.01683727018584804,0.0304004404538165,0.03558896698606146,0.025159940400123725,0.010611611665710391,0.002699274119177792,0.0005352517120807634,0.00022680650093077426,0.0001479766716021307,6.629826776303644e-05,1.7926358833993102e-05,2.858950758127354e-06,2.6480404387869334e-07,1.4071260284775035e-08,4.252731722135905e-10,7.268971108917736e-12,7.002017279351813e-14,3.79315354061747e-16,1.1541477057256777e-18,1.9710065855962744e-21,1.8884068777131048e-24,1.0147917248729166e-27,3.0582326653099427e-31,5.168222185400335e-35,4.897438326873866e-39,2.6022135091721537e-43,7.752776050246829e-48,1.2951175437821694e-52,1.2131035768803504e-57,6.371234336123832e-63,1.8762351155826013e-68,3.0980643128423514e-74,2.8683687742668733e-80,1.4890976212238606e-86,4.334684935741081e-93,7.075236452414232e-100,6.47554965922874e-107,3.323289160952278e-114,12.5
3.324078509201881e-05,0.00018761461662850613,0.0009013906922518413,0.003070233087169952,0.006628270803452679,0.009061054189041077,0.008664359976389275,0.007664298225554498,0.009194677790213428,0.013248935851505696,0.016674013775679772,0.01898586403708306,0.02545768354411262,0.03601226912884776,0.036904238433732764,0.023045948529812264,0.008379360060386023,0.0017755737495100325,0.00028269053929082114,0.00013579524480397077,0.00011608310293558766,6.225158658935833e-05,1.8935802681464398e-05,3.250791413066983e-06,3.147763419147751e-07,1.7184407186027173e-08,5.286794755809417e-10,9.161727173499118e-12,8.93906369579793e-14,4.908459351612033e-16,1.5161953674446471e-18,2.633615469604765e-21,2.5714666444203877e-24,1.4109097681628972e-27,4.348909141764103e-31,7.52854676245077e-35,7.317992535672786e-39,3.99333155995593e-43,1.2231092602399184e-47,2.1024014854318467e-52,2.0278213182521785e-57,1.097383645634914e-62,3.331656723745005e-68,5.674130734469034e-74,5.4205765314750224e-80,2.9045111810150184e-86,8.728918806856395e-93,1.4712604320618317e-99,1.3907376798801933e-106,7.37250196436373e-114,13.0
1.6218248342572746e-05,7.941910469286838e-05,0.0003798841214900823,0.0016892613596306428,0.0051297977176250785,0.009295181399432797,0.010196002936484448,0.008128165110339746,0.006926274425851884,0.008424270304470847,0.01516330473968408,0.028156117880488614,0.04130210858001164,0.044649502518359224,0.03435672142747339,0.0184069193725277,0.006774661509629593,0.0017294164048648883,0.000490735576920785,0.00045587515284580975,0.00045786249525118464,0.0002717776297707986,9.073649001296073e-05,1.698891351644529e-05,1.7835406657576792e-06,1.0498521102493851e-07,3.4649761608350397e-09,6.412083703882424e-11,6.65311121844814e-13,3.8705879431004774e-15,1.262570250395306e-17,2.3091945867640584e-20,2.3680550336224494e-23,1.361599089037358e-26,4.389679728009759e-30,7.934918369522705e-34,8.042259103681572e-38,4.5702457519843734e-42,1.456219584512875e-46,2.601596439785216e-51,2.6060255390493493e-56,1.4636694540350344e-61,4.609277806218902e-67,8.138572217270757e-73,8.057289182061354e-79,4.472547931373616e-85,1.3920226759397048e-91,2.4291973690790872e-98,2.3768644339365805e-105,1.303980428025396e-112,13.5
7.2000681110632115e-06,4.0124695440578745e-05,0.00018613964826526196,0.0008662695759927172,0.0032257843850738563,0.007684331533715633,0.011042747638555157,0.010078425218621522,0.008054032590413217,0.010818169979570698,0.020602103549591664,0.03450236341485037,0.04457628555105828,0.04527533806807383,0.03732484913206669,0.024101016848694243,0.01149957676269221,0.004006247118594634,0.0012954251356761418,0.0007483716040876682,0.0005189424006999139,0.00023471856390549413,6.142553633103007e-05,9.194805566209944e-06,7.879518167779419e-07,3.8718486276519913e-08,1.0918671940417713e-09,1.7667473784567005e-11,1.6383607263642204e-13,8.689540642035709e-16,2.6292734605403465e-18,4.5262927990146566e-21,4.421457240593292e-24,2.4448938753453157e-27,7.637103330047167e-31,1.345331552736111e-34,1.334647148483045e-38,7.448564720936334e-43,2.3366130185963197e-47,4.117501729203088e-52,4.073855112728234e-57,2.2622783106347832e-62,7.049179191243236e-68,1.2322430625406268e-73,1.2082454078582718e-79,6.644574817489834e-86,2.0492609404323397e-92,3.544208948361778e-99,3.4372739550426915e-106,1.8692508112446593e-113,14.0
0.00021108355481829123,0.0005635956341525678,0.0008935722297461352,0.0011003371666498075,0.0021099829853463113,0.005314463776673695,0.009918518931967194,0.01230836916039062,0.010905568669645253,0.009402695914618276,0.012932817103888345,0.02119609191488223,0.026920722972738696,0.02863315702814223,0.032066502865053775,0.033090631585109075,0.02471221148489432,0.012156305923013736,0.003907158642147145,0.0010216659058802846,0.00045745909250197923,0.00027399370536196436,0.00010991735005836374,2.5493107780682174e-05,3.358505410291809e-06,2.5042486408611255e-07,1.0547539625635176e-08,2.5054203636102195e-10,3.3520129348687438e-12,2.5233461226735022e-14,1.0679209565733769e-16,2.539312102229449e-19,3.3907412690157626e-22,2.5416276487067035e-25,1.0691638112909298e-28,2.52347112846036e-32,3.341213753772595e-36,2.4814752804195653e-40,1.0336583617364201e-44,2.4147796890402656e-49,3.1636722364975265e-54,2.3243694445802243e-59,9.576560909053998e-65,2.2125830140065262e-70,2.866639349698241e-76,2.082718010195563e-82,8.485441453428512e-89,1.9386951742733642e-95,2.48394573678721e-102,1.784761859660586e-109,14.5
0.00015345144332253456,0.0006123529190411754,0.0013863266529173825,0.0018764171445899186,0.002049608361663511,0.003439078393820496,0.007273944780832417,0.012427561422180005,0.01603855476281759,0.01648666215556731,0.015835161846183513,0.016324825396015392,0.017746302039188224,0.021789244640083333,0.0272755969151921,0.029314905053768478,0.029753231770015154,0.028660921492494242,0.02048800099534039,0.009242710627554164,0.0025937586126534087,0.0004988891628421599,7.620309898253886e-05,9.286294490000145e-06,7.76827153641327e-07,3.958680369802319e-08,1.1690819221404946e-09,1.9673018032780818e-11,1.8752972680779339e-13,1.010017541946815e-15,3.068909178507441e-18,5.25462270329051e-21,5.0652240280183175e-24,2.7467545971507837e-27,8.373871464207008e-31,1.434459058245206e-34,1.3801228991037219e-38,7.455262846841743e-43,2.260482775283425e-47,3.846221360940217e-52,3.671840315308393e-57,1.9664701462571267e-62,5.907387840809644e-68,9.953342616478709e-74,9.405388770961394e-80,4.984187620759872e-86,1.4811618375733095e-92,2.468231574122209e-99,2.3063888988484285e-106,1.2084618874086319e-113,15.0
2.6653630525994244e-05,0.0001923244735183693,0.0007808105862536501,0.001803319451390945,0.0025294089494773504,0.002976529816885186,0.005210581898499207,0.010931660299076421,0.017987490602550824,0.020860454392432077,0.018310014416478962,0.014117503489891773,0.010638623247521885,0.011586501517627893,0.017933129573125664,0.022087285482588002,0.020989622723788928,0.022058770337092307,0.027232905200608427,0.027338821429525186,0.017711552208116904,0.006793907804615789,0.0014934273681800885,0.0001857435538406495,1.3007805224097467e-05,5.121046740120267e-07,1.1333280865295943e-08,1.411609756536951e-10,9.926647654791276e-13,3.969461182603209e-15,9.167254392389008e-18,1.260804014887345e-20,1.0851992054364272e-23,6.160875443292406e-27,2.3434132898025585e-30,5.756149972644204e-34,8.636779621424567e-38,7.590464251473802e-42,3.817107155110393e-46,1.0860855479889615e-50,1.739600243914203e-55,1.565010012745797e-60,7.900245992335612e-66,2.2368292453517335e-71,3.551494723610393e-77,3.161832582008569e-83,1.5783357618253286e-89,4.4175883846853456e-96,6.932549443435593e-103,6.099875646737895e-110,15.5
2.1059815185216773e-06,2.7563104210758516e-05,0.00020329752979463624,0.0008456677457304165,0.002033013753312131,0.003224751473096967,0.005132665699421363,0.010267189961714697,0.01790805681700839,0.022955450040332316,0.022115684328329263,0.01693003724551826,0.01210713442095271,0.010925140136419074,0.011353632866185437,0.011560770161113142,0.01441283006960429,0.022589049180163336,0.030936816330623403,0.02832630167877834,0.01563358760635062,0.005009320817151422,0.0009169461120193267,9.510589201191707e-05,5.564983726299328e-06,1.833009252448393e-07,3.396967953871064e-09,3.547391941935824e-11,2.098499107368214e-13,7.12619891712352e-16,1.4305919881732862e-18,1.791377574016471e-21,1.4947408278790279e-24,8.557349806108236e-28,3.233976981911425e-31,7.547699569944619e-35,1.0349073981575415e-38,8.11964694519451e-43,3.6020878659774405e-47,8.990400007134244e-52,1.2598610353965615e-56,9.904354566253781e-62,4.3666186332116385e-67,1.0794983011263053e-72,1.496349506757515e-78,1.1629718277768375e-84,5.067884146569032e-91,1.2382376350295432e-97,1.696291787059138e-104,1.3029150971393517e-111,16.0
5.526110750048849e-07,9.506775650086118e-06,9.759979013652836e-05,0.0005785410370747985,0.00200837255684991,0.004262534517259746,0.00613745702068973,0.007268747822995442,0.009101751134853349,0.013801410711669439,0.020532107997428172,0.023093762431277823,0.018204432007649953,0.010602841901628718,0.005459775395780461,0.0044853356035953655,0.008588912719629388,0.018484599939812364,0.027862707587085613,0.02545442178710962,0.013615796614269177,0.004270189018732583,0.0007954094221076332,8.921561249082075e-05,6.066270836745014e-06,2.4898139734662635e-07,6.0874049879518714e-09,8.722782231320318e-11,7.222216440337029e-13,3.4224779754295564e-15,9.25448917223838e-18,1.440470032799575e-20,1.3389995092102426e-23,8.176706947714022e-27,3.771743501064379e-30,1.3589299818338345e-33,3.379227611768701e-37,5.13595155017294e-41,4.506966479187817e-45,2.238268507053443e-49,6.250665180994433e-54,9.79624169201531e-59,8.610741362798905e-64,4.2440757690548075e-69,1.1728951028324914e-74,1.817436564828793e-80,1.5789926856335632e-86,7.691668484261674e-93,2.1007778613669786e-99,3.217056335759069e-106,16.5
3.988017096853921e-07,2.520906251838271e-06,3.3796460604694515e-05,0.0002876989323716023,0.0014424809978450187,0.004330013394394826,0.00793494994625134,0.009036316306635398,0.0068413721722409655,0.005753713447395568,0.010638588718153826,0.019448263419581616,0.02306217884206854,0.017933350168379766,0.01024832885232644,0.006307980995831306,0.010286390575904704,0.022242005152363034,0.031028807122765862,0.02537305511723356,0.012181709583597626,0.0034810596749187683,0.0005995184607445326,6.249970203398295e-05,3.919008517163746e-06,1.457569649609828e-07,3.1653976005451367e-09,3.965656120167064e-11,2.8626472912628566e-13,1.2387358375754307e-15,3.879365949351859e-18,1.2510357532887095e-20,3.910142177751646e-23,8.31560980878995e-26,1.0338001220828157e-28,7.262499229425178e-32,2.864639946027866e-35,6.337005888536531e-39,7.860263733110514e-43,5.466540797263119e-47,2.1316090818824784e-51,4.660381669170887e-56,5.712869017858387e-61,3.926502595478248e-66,1.5131303704484658e-71,3.269381827361278e-77,3.9607166773808955e-83,2.690300215698536e-89,1.0245816004070743e-95,2.1878180203383235e-102,17.0
6.372648313658366e-05,0.00010375399724886889,0.00022391559596525966,0.0005830883205578095,0.001458237072936442,0.003806038604392724,0.008101955743984923,0.010935220740561372,0.008910414336205767,0.005363007893777256,0.005247610456428036,0.010323790190896704,0.018501187588615402,0.022034480478048655,0.017139523589284618,0.011639825825063739,0.015417308957035282,0.027663964495451245,0.03364166841945963,0.024654774218121876,0.010992447891307532,0.003039658097686476,0.0005237407769344855,5.540234599836661e-05,3.5083762995252577e-06,1.298731320476205e-07,2.767045063835368e-09,3.403703353351443e-11,2.6473474304870577e-13,1.977883281653873e-15,2.0171923444494523e-17,1.7194104973381667e-19,8.839372720272722e-22,2.573647414201216e-24,4.20697294943334e-27,3.85641954698858e-30,1.9821087095617228e-33,5.712033962449217e-37,9.229392080364022e-41,8.361308920970505e-45,4.247117558997891e-49,1.2095759195502509e-53,1.931482683354739e-58,1.7292880569421916e-63,8.680858995975794e-69,2.4433005824404175e-74,3.855759450163211e-80,3.411629032024238e-86,1.6925149282284005e-92,4.70784386382754e-99,17.5
0.00011560417960535783,0.0002666955940468252,0.0004401577080149994,0.0007252711259153545,0.0013366780844481362,0.0028035527387896297,0.006174483220312282,0.010238890131174523,0.010734054730758384,0.0071466170473220274,0.004090437123915729,0.005291846714928385,0.011761807687201897,0.019440310687028433,0.020394861994238383,0.016849196521277643,0.021037915449800756,0.03227610955448661,0.03453618017374621,0.023376595297432835,0.010334152218077337,0.0030373515705810084,0.0005763142582087741,6.703308706892944e-05,4.5824636209818725e-06,1.797444416203855e-07,4.018164106252035e-09,5.33281672010046e-11,5.655347156062653e-13,8.843930096277054e-15,1.4802359654117256e-16,1.58252491580894e-18,9.642106213757085e-21,3.300104559169431e-23,6.334251467542229e-26,6.816984786699662e-29,4.113480007427972e-32,1.391699370520015e-35,2.639978092804363e-39,2.8078509715267472e-43,1.6744285526720557e-47,5.5985817635943564e-52,1.049562404775941e-56,1.1032078496391479e-61,6.501675011308614e-67,2.1483844880479255e-72,3.980316393163703e-78,4.134681103052605e-84,2.4081596748555166e-90,7.864070115208567e-97,18.0
6.911282627551399e-05,0.00026592856934305975,0.0006357434013428897,0.0011176456310312667,0.001777987076163139,0.002798749269713423,0.004637183463833786,0.007850623435210084,0.01131441187791022,0.011979480387714356,0.008896247729364972,0.0056733878792002805,0.006166486000746689,0.010992471311719258,0.018056422821262113,0.02481117327537928,0.03221217980149229,0.03811571986359975,0.034028071806399184,0.021722426410246215,0.010311277553842419,0.0035279614328452397,0.0007843914168463107,0.00010429423649722645,7.967092400728e-06,3.445359615401749e-07,8.449966971458555e-09,1.244508190077082e-10,1.5453559946435513e-12,2.800082049907645e-14,4.98789874608553e-16,5.555824504227844e-18,3.518920260215262e-20,1.2517696238580093e-22,2.4971573406676803e-25,2.7931656174818536e-28,1.7517315355881411e-31,6.159669269354445e-35,1.2144121240748019e-38,1.3424361332373503e-42,8.320319603514244e-47,2.89138032399283e-51,5.633642322064809e-56,6.154491213325711e-61,3.7697615307958657e-66,1.2946561455993446e-71,2.4929515191779824e-77,2.691485627303212e-83,1.629255267746973e-89,5.529744168726619e-96,18.5
2.5438850600087598e-05,0.00015392404301317256,0.0005545995165507263,0.0012885893059467208,0.0021835762807759515,0.0030529001470125795,0.004046573833218759,0.005837681939386825,0.008527720050722505,0.010343389699293291,0.009156527576708288,0.006691569486065213,0.007527729733283346,0.013264727610903256,0.02068927179633027,0.02749624845813651,0.035645849263830166,0.0395149773544532,0.03186404118017167,0.0200416004263127,0.010938188855598196,0.004564895422078081,0.0012101229272648982,0.0001867115870511978,1.6317983072431107e-05,8.024649735148828e-07,2.2279705565932746e-08,3.614766757942185e-10,4.145291416128496e-12,5.37319538985973e-14,7.711342637950106e-16,7.693101036313889e-18,4.468378161495338e-20,1.4634735050670205e-22,2.6896867083518823e-25,2.7719831187636787e-28,1.601791917376677e-31,5.189692111648304e-35,9.427490263784119e-39,9.60217137966589e-43,5.483548053708672e-47,1.75579048626487e-51,3.152118718603795e-56,3.172862685413849e-61,1.7906834716352168e-66,5.666373653099235e-72,1.0053341390687113e-77,1.000079415336304e-83,5.5779855212257834e-90,1.7443720269245784e-96,19.0
8.011323200983422e-06,7.008418605080316e-05,0.0003595220732755934,0.0011347449110951898,0.0023746988936348247,0.0035770875690097296,0.004253947561768983,0.004752719402258869,0.005968754314425522,0.007878949369847121,0.008856875837944849,0.007979616625493246,0.008113115780779615,0.013277718377384331,0.02298631437622988,0.03308335196666643,0.04055657640759469,0.039295445968189784,0.028535049990019854,0.01868602556044207,0.012328918861452216,0.006263519025965572,0.0019623064247664187,0.00035309503082043225,3.5862542778789806e-05,2.0479508502299084e-06,6.584041489579239e-08,1.2061148083289347e-09,1.331219062036692e-11,1.0722764614508351e-13,8.334250745300181e-16,5.74612682284306e-18,2.638336491370131e-20,7.083681562898836e-23,1.0759902601171367e-25,9.180893049322706e-29,4.393865654291735e-32,1.1791299439249283e-35,1.7741994109965305e-39,1.4967989666989084e-43,7.080169456700314e-48,1.877771431535322e-52,2.792290840863359e-57,2.328077402392848e-62,1.0883109932809737e-67,2.852511825961839e-73,4.1919947275406676e-79,3.454083551038519e-85,1.5957460789551607e-91,4.1334583892364594e-98,19.5
2.685315523658464e-06,3.0982574340533834e-05,0.00020875649175568843,0.0008499433222183349,0.0022170376553031198,0.003932543666058381,0.00492015802582372,0.004695877821837144,0.004499341753180649,0.005293838797447185,0.005950357856238263,0.0055340207099001774,0.006084267667248164,0.011590276827737035,0.023754344989371807,0.03900130741101723,0.04749081555021618,0.03992921233370007,0.024526418460239056,0.016478922839915568,0.013844074066724534,0.008834150840524285,0.0033460813957384592,0.000717184219626154,8.637472722466407e-05,5.8461897053093104e-06,2.2322790200887239e-07,4.8667324928024705e-09,6.268650825242124e-11,5.172653915024873e-13,3.0881463912451966e-15,1.4012470398259846e-17,4.409818855917316e-20,8.584817251740383e-23,9.717014160567814e-26,6.242685795063964e-29,2.257695072902181e-32,4.5839401351092e-36,5.2205001209823045e-40,3.3339744412153216e-44,1.1938505681815857e-48,2.396969645400544e-53,2.698335045802436e-58,1.7031334353939638e-63,6.027268155686453e-69,1.1959451288026268e-74,1.3305182998303962e-80,8.299449629926733e-87,2.9026627099767255e-93,5.691971162570611e-100,20.0
1.377695009276111e-06,1.5847488376388744e-05,0.00012677344883969339,0.0006152241654877638,0.0018885245543773235,0.003886311406203679,0.005478768356211612,0.00533650975854512,0.004413804895723748,0.004870903100939253,0.005873243201569598,0.005490196045408678,0.005736901475869823,0.011555395684671317,0.02574155483801245,0.04345557416550553,0.050769843655934684,0.03941459405426818,0.022316205109881117,0.014996920688523839,0.014437739277754328,0.011111240218773182,0.005315200052834828,0.001563017358907947,0.00029458241669583533,3.67189472196533e-05,2.987012650817914e-06,1.513278051726414e-07,4.559239629312928e-09,7.929098934485607e-11,7.836561016271551e-13,4.368901458665965e-15,1.36930436368e-17,2.4091157409771503e-20,2.37770698613909e-23,1.3160610793288263e-26,4.084657132323546e-30,7.108416233019516e-34,6.936129466128628e-38,3.7947572245182616e-42,1.1640489321686374e-46,2.002064300450064e-51,1.9306518252799325e-56,1.0438759197352208e-61,3.164555402138889e-67,5.378923869377619e-73,5.1262165251601466e-79,2.739159628706802e-85,8.2064736879606e-92,1.3785250486835695e-98,20.5
3.631550938492003e-05,4.8203082373827586e-05,0.00010297743205127972,0.0004474828082039071,0.0015326165594244602,0.003524842468441281,0.005573518519513066,0.0061214527003148255,0.005329261774789199,0.005400669093401924,0.006090331907612951,0.005456136990653614,0.005729790256895934,0.012809776250644013,0.030001814469564195,0.048438672197656185,0.050158339424739566,0.03474952394731709,0.02031431187455375,0.015748094221935474,0.016038353370839215,0.013201167203859408,0.007074624955000813,0.0026539574469952717,0.0008884884214038025,0.0002706226602173931,5.789606516220012e-05,7.400284139413062e-06,5.383202120385282e-07,2.2029251940809648e-08,5.058223328722582e-10,6.513070839986489e-12,4.70227520437841e-14,1.903498606620764e-16,4.320327601439467e-19,5.497937523790156e-22,3.922850836356569e-25,1.5693601977498943e-28,3.5201592514084664e-32,4.42711522849223e-36,3.121750408263052e-40,1.2342250740512142e-44,2.735957770181503e-49,3.4005036938076844e-54,2.3697140789975575e-59,9.259072469739421e-65,2.0284198618470815e-70,2.49153540071661e-76,1.715912375933154e-82,6.625855916157281e-89,21.0
1.8710812523111234e-05,4.120494320473942e-05,8.680467824178708e-05,0.00032320865997340303,0.001194341305141793,0.003010911944935494,0.005168187662913706,0.006392536698812327,0.006432095574104379,0.006356171721504666,0.00608740529368546,0.005062049766461307,0.006046501392364734,0.01577743820912955,0.03689855880086003,0.054008022333707405,0.047491752635312405,0.02720658636714251,0.01605550828474988,0.016517199816650015,0.018758303259828628,0.015833057251410827,0.008631302015791043,0.0030887645511999983,0.0010780743774221942,0.000541011201983689,0.00023222888707003314,6.017427044362035e-05,8.826835247182919e-06,7.268398903776443e-07,3.356261931594608e-08,8.689599726207558e-10,1.261431072443201e-11,1.026706324252504e-13,4.685412174074007e-16,1.198859266949091e-18,1.7199168231412783e-21,1.3834565409957216e-24,6.239394334235573e-28,1.5777499825219843e-31,2.2369319392653873e-35,1.7782228785743488e-39,7.925715032142595e-44,1.9806582609234786e-48,2.77523320206182e-53,2.1802598250745642e-58,9.603639705990699e-64,2.371823137858632e-69,3.2843360020231554e-75,2.549950189964961e-81,21.5
3.0852886468859596e-06,4.486781896221488e-06,2.4273805748979476e-05,0.00018682653500918384,0.0009166316146848479,0.002784302545687077,0.005445000558558096,0.007452890196391244,0.00853945853589394,0.010695008083165806,0.018877474339099448,0.039216921218812026,0.06220280604858165,0.06432761110962565,0.046063521800957005,0.027409105149081618,0.015200296709115328,0.009015255492031627,0.00988366219919673,0.016427827285578935,0.02187265093986686,0.019058095933194262,0.010243023839296718,0.0032809013705870724,0.0006112700376704043,6.520429909561104e-05,3.9447728892989655e-06,1.3463627677624472e-07,2.584879225198616e-09,2.787310889786438e-11,1.686718418582344e-13,5.725652202772075e-16,1.0900199715783506e-18,1.163642602415245e-21,6.965518569614989e-25,2.3378778882577616e-28,4.3996414817215695e-32,4.642329294972748e-36,2.746475528169885e-40,9.110360815087018e-45,1.694395944646379e-49,1.7669058520354634e-54,1.033072818645285e-59,3.386627226827373e-65,6.224761924302345e-71,6.415004441345573e-77,3.706722116053374e-83,1.2008864438840386e-89,2.181386880692427e-96,2.2216840171305653e-103,22.0
1.5317989261067668e-05,2.9595898295115596e-05,4.2621194476920595e-05,0.00012068103821484107,0.0005497569503818515,0.0018119224839232184,0.0038468795694847286,0.005849352293250202,0.008187353254836154,0.01288723014898664,0.02444542545950561,0.046552317428170245,0.0639142413673956,0.05639501302393576,0.037172077334271664,0.025134842653360072,0.016825682202383247,0.009690944372635145,0.008428247911986177,0.0151168028537759,0.02323560676612747,0.021699695885704015,0.011700762411106257,0.0036138078639169,0.0006377596031839753,6.41861295898718e-05,3.6761893683302764e-06,1.1955517908290478e-07,2.2030385653454277e-09,2.2956606116374848e-11,1.350459295085192e-13,4.478334723421719e-16,8.361772644917213e-19,8.78240432068722e-22,5.184831957486518e-25,1.7195171059334898e-28,3.202070666639629e-32,3.346999756155808e-36,1.9631990898964686e-40,6.460530247949614e-45,1.1926135297795192e-49,1.234832236367841e-54,7.170578472431216e-60,2.3351201645753527e-65,4.264332357531557e-71,4.366797109358605e-77,2.5074519820251864e-83,8.073288285111472e-90,1.4575029485774151e-96,1.4753812305592435e-103,22.5
1.766197587752039e-05,5.627634830056241e-05,0.0001097261891551342,0.0001767988270082435,0.0004001207943316886,0.0010888720441174118,0.0023963701518262773,0.004142824887127969,0.007140036300789109,0.014520165498039262,0.03072327013432253,0.053360587354192496,0.0623134173492155,0.04721319349767941,0.03086643773093398,0.025710982439544727,0.01959382662500298,0.010362109585599882,0.007570640519247064,0.014766849368993291,0.02395936874716598,0.02261472251629291,0.01204759034375701,0.003610929333682949,0.0006086135766812753,5.7693008257133616e-05,3.076973289827739e-06,9.237639835508366e-08,1.5620370804881912e-09,1.4886722391559082e-11,8.001816710523638e-14,2.427589010676533e-16,4.159819935186825e-19,4.0289412184985768e-22,2.2070112538368926e-25,6.841638243640828e-29,1.2007667406876741e-32,1.1935890954977656e-36,6.721434926020118e-41,2.1446999528908792e-45,3.878402739500117e-50,3.9759326192831104e-55,2.3116473341444467e-60,7.628320985298869e-66,1.430464860783186e-71,1.5269351986132942e-77,9.299986962078262e-84,3.241476883565151e-90,6.48725809150148e-97,7.480132916990508e-104,23.0
8.326991237485154e-06,4.122786448833918e-05,0.000123408212912548,0.00024838944208161574,0.0004115337552757371,0.0006997691855138413,0.0012891147980056057,0.0024721513325188945,0.005727415002102203,0.015712933801174153,0.03648485726965146,0.0578653111723301,0.05805639738742003,0.03968304020162934,0.028312654433240953,0.02686957269356822,0.02089446033189525,0.011401054741083445,0.009077279238537945,0.016251207438324165,0.02375134248309019,0.021154432947188214,0.011322072705758324,0.0036729804186039624,0.000722926265893161,8.547346090627194e-05,5.972752317992259e-06,2.426522616136356e-07,5.656845037493573e-09,7.49908546702368e-11,5.620578907401247e-13,2.3734210063066345e-15,5.635030159216518e-18,7.513262056988729e-21,5.621803053014997e-24,2.3597676881966547e-27,5.555389864607961e-31,7.334301521072846e-35,5.4296704603785476e-39,2.2539512581768615e-43,5.246461234319527e-48,6.847619856652477e-53,5.011511270331156e-58,2.056658641968787e-63,4.732958970625494e-69,6.10797982287724e-75,4.420586964345427e-81,1.7943634226762744e-87,4.0853501558787754e-94,5.2178233434353216e-101,23.5
2.58296433387188e-06,1.9108694811651733e-05,8.419320892447375e-05,0.00022554243380369697,0.00038682449004769206,0.0004992460833535255,0.0007101392107086059,0.001525685651347448,0.0050489207436535625,0.017272197076461722,0.04080854799098669,0.05908733377695294,0.05314315884799798,0.03519380265407002,0.02713207156322352,0.02683059390203905,0.021626607720447305,0.013318808923551763,0.011906038160004538,0.017462481919387443,0.020928763022290804,0.01775199095038503,0.0109804531920722,0.004723738197568786,0.0012843221053146488,0.00020618507369238087,1.8930673497870887e-05,9.815973686957728e-07,2.8611832793031968e-08,4.680360459929021e-10,4.294139758808483e-12,2.2092471425633998e-14,6.37310020228649e-17,1.0308217999597783e-19,9.348424900780122e-23,4.753501154989781e-26,1.3552155675797508e-29,2.1663192753244413e-33,1.9415817897814705e-37,9.756812705716503e-42,2.749028489875502e-46,4.3427963987909037e-51,3.8466141655389736e-56,1.910322517685057e-61,5.3192899117047686e-67,8.304615226132531e-73,7.26949516040108e-79,3.567860502490609e-85,9.818165635509695e-92,1.5148572711320456e-98,24.0
4.446215783301628e-07,4.584069933850067e-06,2.872893923560551e-05,0.00010840778830379004,0.00025045699950330947,0.00038254668600835786,0.0005410306787899197,0.0014124124062391567,0.0059992574040795025,0.021616916399186444,0.05161025441016122,0.08007484892728028,0.08327675766664153,0.058008815157647456,0.026106660452013018,0.008099978788719136,0.0039918830081194,0.006419459479888635,0.011670818066166768,0.01528127045425474,0.014538717490368471,0.013259532526436987,0.011867588913308701,0.007547642125434884,0.0028520053509232994,0.0006114163294990303,7.36623395103016e-05,4.978148329962503e-06,1.8864586802480915e-07,4.0082379816441144e-09,4.775078199114551e-11,3.189532659918203e-13,1.1945185799504012e-15,2.508291208516333e-18,2.9531270826282095e-21,1.9494199548597776e-24,7.2151893406649125e-28,1.497300882593241e-31,1.7421655662557472e-35,1.1365505199463437e-39,4.1572583951127615e-44,8.525978458300246e-49,9.803933725202988e-54,6.320848976086248e-59,2.2849113859167717e-64,4.6310791274853245e-70,5.262764362631747e-76,3.3532391351545713e-82,1.197937054231868e-88,2.399508748487163e-95,24.5
5.018178875696179e-07,4.953843463379352e-06,2.9848295482558617e-05,0.00010801669664159659,0.0002342566619981134,0.0003191118753988738,0.00044589924082069345,0.0017185382985462282,0.008180963508701759,0.027015303472504124,0.058367795168090174,0.08395704924046318,0.08081338415620798,0.05063628622193761,0.020467181017997455,0.007069674610048706,0.005776011981100276,0.009168781106037372,0.012145485171572096,0.010528480202406284,0.007220684924755882,0.008311825838407588,0.011907954418380115,0.011035687716316536,0.005818107594486734,0.0017221510356472446,0.00028584852713715376,2.660277403206532e-05,1.3881606332530398e-06,4.061384045420688e-08,6.662389481593689e-10,6.127844459918425e-12,3.160147439321545e-14,9.137533922475042e-17,1.4814017681657536e-19,1.3466014482018496e-22,6.863218540883942e-26,1.961278600135706e-29,3.1424881527010554e-33,2.823131462379168e-37,1.4220401350933676e-41,4.0162072866454684e-46,6.359809760153295e-51,5.646718077222991e-56,2.8110741948743086e-61,7.846446054346968e-67,1.228000181904994e-72,1.0775784718657864e-78,5.301816795839883e-85,1.4626020363084253e-91,25.0
6.796613065716427e-07,5.3401870066440955e-06,2.7097807503817714e-05,9.10161539220491e-05,0.00022131824290665876,0.0004327377697338672,0.0008637683104113541,0.0029233410814708716,0.011789594499818798,0.03405795199376285,0.06510389719118637,0.08358838505176557,0.07166414305473937,0.04054572252904952,0.016775193162039896,0.008484351955946712,0.00880772129350497,0.010717484550604731,0.009178059512715706,0.004844958635107458,0.002454981440673876,0.004614172319085053,0.010037618828309388,0.012828031053252946,0.009210544865666836,0.003708469558764242,0.0008372529814406248,0.00010599168816370574,7.523882159712908e-06,2.994810457471878e-07,6.684302679097804e-09,8.365745262858618e-11,5.871071999904536e-13,2.3104524254648914e-15,5.098545033055785e-18,6.309108416377223e-21,4.377894289208099e-24,1.7034967346404567e-27,3.7170590760599346e-31,4.548239060120409e-35,3.120875763675587e-39,1.2008892344599803e-43,2.591354220361559e-48,3.1358281330997883e-53,2.1280598655075104e-58,8.098903690008458e-64,1.7285594774277625e-69,2.0690130561629344e-75,1.3888913562415764e-81,5.228835894683896e-88,25.5
9.99845462368046e-07,5.760238853395761e-06,2.3273155004181523e-05,6.0630872188866344e-05,0.00010630053622655091,0.0002118183080163045,0.0009291850138431159,0.0047221969709200055,0.017743168512165883,0.04424822660247127,0.0725019841499446,0.0797593719962174,0.06041010728768982,0.03357282863315094,0.0169265497286789,0.011406803269260005,0.010497408327594583,0.008199226548967632,0.004072487652682581,0.0012325602262953312,0.0007078435593251878,0.0026647287795331593,0.0076570333340618794,0.01244654274841732,0.011367667208224566,0.005830857826703593,0.0016792215339909231,0.00027145294735605167,2.462667469054718e-05,1.2536311711098371e-06,3.580362774575567e-08,5.736253090828765e-10,5.155051535455043e-12,2.5984104382664775e-14,7.345562918579645e-17,1.1645616458058146e-19,1.0353840959964622e-22,5.162106771290521e-26,1.4432002219698682e-29,2.2625082835955513e-33,1.9888841138085375e-37,9.803422611576539e-42,2.709501456101314e-46,4.1989427724039514e-51,3.648595670705961e-56,1.7776396416892097e-61,4.856142942990013e-67,7.438184355194746e-73,6.388053097999419e-79,3.076060429015695e-85,26.0
7.14441616888319e-06,1.892487889789758e-05,3.655336803370818e-05,6.050281854560585e-05,0.00010676510863170477,0.0003277957381091548,0.00160412296458802,0.007460215887174659,0.02474912324896163,0.052946020156589065,0.07348656368412979,0.07029405099102284,0.050781109670138755,0.030938304302267985,0.018370336135795824,0.012138872533949038,0.0075893096228889555,0.003327122039781005,0.00088330578009268,0.00017295512413126706,0.0003470800361600006,0.0017863887029839992,0.005695683812050847,0.010631454450231713,0.011413668466944644,0.006969604872795667,0.0024049828613717707,0.0004672620526536171,5.101510468672054e-05,3.1265806204841592e-06,1.0750544202701269e-07,2.0732563177311826e-09,2.2421756759956792e-11,1.3597051113858864e-13,4.623379170900554e-16,8.814630355399164e-19,9.422655409929565e-22,5.647605976888851e-25,1.8979112719026895e-28,3.5760789584268303e-32,3.777961892049461e-36,2.2378301267233878e-40,7.432169723655499e-45,1.3839583571462823e-49,1.4449382803540923e-54,8.458520879877803e-60,2.7762489069902595e-65,5.109062517886506e-71,5.271605139525275e-77,3.0497438656565376e-83,26.5
1.6930479790827835e-05,2.1164794668409116e-05,2.5377852835729216e-05,3.985443795046341e-05,7.445525895060664e-05,0.00028299453731409714,0.0018411010792086047,0.009328814554642502,0.029609393042790404,0.05805299777583447,0.07359281372157168,0.06614187717222889,0.04809739068862697,0.0320665385892454,0.020467213653375945,0.011094007258618446,0.004181740251085143,0.0009631363626888626,0.00013713843861474088,8.227064170804422e-05,0.00038390358795845487,0.0014922307800758717,0.0043485147105012285,0.008536870576657397,0.01018416724289279,0.007014049292383721,0.0027353470089043048,0.0006000415464221835,7.388002875145745e-05,5.101998791420746e-06,1.9756987877852738e-07,4.289785734090752e-09,5.222451064474118e-11,3.564787449517345e-13,1.3643075149728844e-15,2.927587689210646e-18,3.522300836276237e-21,2.3760842433391428e-24,8.987027391453762e-28,1.9058518363355843e-31,2.2661102842913986e-35,1.5107471561927827e-39,5.647046524264571e-44,1.1835041435853128e-48,1.3907114696622398e-53,9.162692813288319e-59,3.3847613534802375e-64,7.010545579277666e-70,8.141312353904406e-76,5.30097619891471e-82,27.0
1.3992413054891066e-05,2.069058268910612e-05,2.8432495665819087e-05,4.104288954578462e-05,7.306560762719085e-05,0.0003842465165681343,0.002720281629277347,0.012412764631980813,0.03390513176126925,0.057632314916000765,0.06670420587349445,0.05936625243098343,0.04375901647040356,0.02688141264076528,0.014007019954290307,0.0060936728909459,0.001969785377611133,0.0004209747828189447,9.742926002657347e-05,0.00021918932528864458,0.0006388188050890107,0.0014504340113345717,0.003318836776472901,0.00655198496315794,0.008368002275153066,0.0061899351181987266,0.0025842787138207024,0.0006057343635138617,7.962636315425457e-05,5.8691164112407045e-06,2.4255588715493623e-07,5.6204440137508455e-09,7.302111185017993e-11,5.319185395097923e-13,2.172504361312076e-15,4.975022215722633e-18,6.3877546788253395e-21,4.5985431898884894e-24,1.856141784405904e-27,4.200692213356825e-31,5.330272507642271e-35,3.792248605214114e-39,1.5127355895210987e-43,3.3833590247428264e-48,4.242794359623912e-53,2.983147428697514e-58,1.1760242786646017e-63,2.5994214306194043e-69,3.2214837065447795e-75,2.2384841302767245e-81,27.5
1.9596475796330286e-05,3.358622061622495e-05,4.344509827873903e-05,5.031086081739442e-05,9.530895367040587e-05,0.0006058786647964152,0.003934733465126013,0.015765123370440892,0.038089583593112264,0.05912613324021005,0.0656055524436936,0.056518636519679,0.037871355513002025,0.020084808537350105,0.009544626403757719,0.00437226355818639,0.0016992187080601042,0.0004960458975571212,0.00022377747586345797,0.0004669012920999143,0.0008902841032961974,0.0012955833094849794,0.0023988848024023316,0.004811572421641298,0.006404345780281528,0.004902841417051706,0.0021117126689244423,0.0005101986792945458,6.911765864130943e-05,5.250020935093003e-06,2.235899876841219e-07,5.339032528628702e-09,7.148116572813235e-11,5.365862302988605e-13,2.2584280430877075e-15,5.329565801362217e-18,7.051739100862646e-21,5.231418694239966e-24,2.176013375911341e-27,5.074841444241511e-31,6.635936657145375e-35,4.8652013928633843e-39,1.9999459081068676e-43,4.6095073672167244e-48,5.956753297380677e-53,4.316021018713348e-58,1.7533811154594644e-63,3.9938149203242056e-69,5.100566123601302e-75,3.652310280736671e-81,28.0
2.0168395078648027e-05,3.723443497086815e-05,4.671507959060801e-05,4.776536408168317e-05,0.00011581467405000465,0.0008677220439087781,0.0051901342306268075,0.018805523419342496,0.04180023298229177,0.06143699028784071,0.06519519815690149,0.05163279909529808,0.030746571618154403,0.015478123718226136,0.008017228924230431,0.0044075777270827865,0.0022636726075488094,0.0009715321208707423,0.0005199522765059529,0.0006972180854036684,0.0009584886203154807,0.0010206455873665679,0.0015995035402451047,0.003251692178493083,0.004449857455064891,0.00348692683904076,0.001535312553937536,0.00037910953681799466,5.248812768025832e-05,4.074527597078897e-06,1.7734231825579947e-07,4.327791660086145e-09,5.92160108898073e-11,4.542874991746933e-13,1.954075149137004e-15,4.712708455471683e-18,6.372630271590369e-21,4.831541425080514e-24,2.053863274913081e-27,4.895264786226823e-31,6.541836461237449e-35,4.9016468103991315e-39,2.0592220655211168e-43,4.850462913303536e-48,6.405927659960145e-53,4.7435087752802495e-58,1.9694103832810473e-63,4.584495754820951e-69,5.983644221893024e-75,4.378837090042054e-81,28.5
1.763982222181065e-05,3.6925563383979696e-05,5.301226897734502e-05,5.696474701291971e-05,0.0001510115288622111,0.0011734194946699894,0.0065716196582017395,0.02204089286176951,0.045701052924439586,0.06290550308068663,0.061331379970157286,0.04338214300798531,0.02418347350070495,0.013573686008335443,0.00785997949963799,0.0038291625050564156,0.002053852460523557,0.0022408741452755714,0.003090246332162363,0.003225782306968657,0.0024507972998447057,0.0015128556943673288,0.0012157549287750424,0.0019103413335985167,0.002624024903337025,0.0021401968730560997,0.0009844497018939172,0.000254042349799292,3.675894721320497e-05,2.9822319159696624e-06,1.356559535295129e-07,3.4598332317477815e-09,4.9475513730033543e-11,3.966836457104382e-13,1.7832700520348445e-15,4.494783448964884e-18,6.352128374816943e-21,5.033251093949546e-24,2.2361285335585856e-27,5.570109934834977e-31,7.779462770268238e-35,6.091921289664722e-39,2.6747167457129984e-43,6.584459741293923e-48,9.088272351383993e-53,7.033335857108738e-58,3.051829145222101e-63,7.424682944096603e-69,1.0127784360683946e-74,7.745863074364876e-81,29.0
1.5415972712274853e-05,3.2598336172344135e-05,5.084666318838552e-05,6.354353541754008e-05,0.00020708404615755072,0.0015672076949551478,0.008083177581253126,0.024901621442292923,0.04783335524293304,0.06181194928271905,0.057121190857628665,0.03913492412670403,0.02338629352613668,0.015678019385779184,0.009845942776657894,0.004440548962762074,0.0018900157713516838,0.0024563715058639342,0.005927500933829331,0.010320368037425698,0.010859237227717412,0.006819980787686936,0.002749604104509213,0.0012023769194636517,0.0011022186532691207,0.0009361723237057953,0.0004732074132218313,0.0001348451347817355,2.1555489452389693e-05,1.9320593282699875e-06,9.709658226942856e-08,2.7359393947958215e-09,4.3224289179907164e-11,3.82884764940138e-13,1.9016349420670873e-15,5.295476539430665e-18,8.268025062871302e-21,7.237979640897863e-24,3.55264462391494e-27,9.776986434148215e-31,1.5086103928185077e-34,1.3051728002715815e-38,6.331079550002006e-43,1.7218938029810311e-47,2.6257525276628325e-52,2.2450191922744714e-57,1.0762301651890146e-62,2.8927379931377194e-68,4.359451750855884e-74,3.683608680804345e-80,29.5
0.00010216030722679453,0.00015921854302843006,0.0002141107758123591,0.00022566687315238386,0.00037491832438115515,0.0020478277753555136,0.00952607202327894,0.027140509068513577,0.04898736297235959,0.06059600035807625,0.05441837483573656,0.03787977739730989,0.02629099123742906,0.02083008408701623,0.013390726356899113,0.0056061063801254125,0.001881808236021916,0.00196220316916797,0.005361463057728129,0.011509252689094375,0.01537028768626517,0.012846754846371577,0.008136871602069847,0.005616306109410083,0.003911561388672859,0.001897005127888448,0.0005524816759833229,9.513243980299237e-05,9.951418703311565e-06,6.585911885585178e-07,2.8309939275143456e-08,7.820342872982394e-10,1.335626582942016e-11,1.3548769198637424e-13,7.941575019820666e-16,2.6486243067169748e-18,4.987378039181867e-21,5.282598822768796e-24,3.1418854404648654e-27,1.0484562557932134e-30,1.962303673169401e-34,2.0595099353794432e-38,1.2120186016533684e-42,3.999325649799676e-47,7.399275006381088e-52,7.67561522555555e-57,4.464340784483642e-62,1.4558643319028125e-67,2.6619725901907034e-73,2.7290105383490394e-79,30.0
0.00010673001987249008,0.00032056880973003234,0.0007948854093483971,0.0013308041392027534,0.0016586506121489765,0.0034708297252958155,0.01165939734199613,0.029203039328705976,0.048919813357754915,0.05841333631603077,0.05163114339708311,0.03660737922693414,0.02970039267677095,0.029148883867724684,0.021788501279815853,0.01012089090926282,0.003056996329765068,0.0013419399125791627,0.0032022289183253343,0.009398240578039493,0.018038131280034977,0.021089905442505188,0.016358379870681394,0.01285032004369436,0.014416180015380602,0.01387697180566376,0.008195646182989243,0.002782554514302244,0.0005395273517929192,5.9940381591661886e-05,3.835414862595099e-06,1.4207254621502844e-07,3.058227105880158e-09,3.831484970155395e-11,2.790691300580261e-13,1.1775501943000515e-15,2.8641141154926336e-18,3.9934959170116175e-21,3.1755314900438414e-24,1.4337164644234948e-27,3.6624566647139217e-31,5.279513190793467e-35,4.286340925113512e-39,1.9572698793391392e-43,5.0218546774356863e-48,7.234923527242312e-53,5.85002918187002e-58,2.65398066358638e-63,6.753957473833767e-69,9.639956767659244e-75,30.5
4.891585389591847e-05,0.0001004556478192957,0.00017658628380911516,0.0005282174421824855,0.0021128444643696512,0.006805902963248373,0.016866604334859186,0.03249448650208541,0.04844152208892205,0.055971492975456734,0.04864287415200842,0.03353087141897429,0.02824448393178279,0.03146232274288138,0.026794622092300588,0.014274168887905857,0.005047292693297265,0.001931306097252598,0.0022381984955184386,0.005582456671925352,0.014091032139177454,0.025265499141140887,0.029372319679577947,0.024992426446666015,0.021310404263334973,0.01834690619009737,0.011392647504237456,0.004251489664513716,0.0009063012210237674,0.0001089351271355686,7.355361679812994e-06,2.7864640501996235e-07,5.920121436857284e-09,7.052896304229534e-11,4.711277181515107e-13,1.7645521435158194e-15,3.705539015224861e-18,4.363027612417601e-21,2.880339554802975e-24,1.066150151956713e-27,2.2126460175124315e-31,2.574686534655234e-35,1.6797924551228635e-39,6.144771389275892e-44,1.2603021330195704e-48,1.4493138738129044e-53,9.344779639064042e-59,3.3782712435780496e-64,6.84760664705041e-70,7.782191794022719e-76,31.0
2.4153674276933005e-05,0.00010932094555051623,0.0004420041611223208,0.0014205278368251634,0.0034531941466859877,0.007304609526777941,0.015667206696092048,0.03066375859165384,0.047536829438998666,0.05613775961061086,0.04859619985022133,0.032602222982878175,0.0270916632373925,0.030850356221443793,0.026521977054043903,0.013968750294145134,0.005044849170722196,0.0022708473293299707,0.002674864719069451,0.005125972082774844,0.009948170692402006,0.019466398179763155,0.035845199633423086,0.0503953329108657,0.050432971903606266,0.0387860745156739,0.02420626228505196,0.011153898950491997,0.0033090561675502795,0.0005832478235666496,5.9039397345056294e-05,3.3869363880972288e-06,1.0952129995267403e-07,1.9914350742740224e-09,2.0337040195195045e-11,1.165677268355469e-13,3.748615995197644e-16,6.761815643605969e-19,6.840550436671429e-22,3.880725989970153e-25,1.2345327365932993e-28,2.2021292092351564e-32,2.2025329878920462e-36,1.2351914209942607e-40,3.883950130467649e-45,6.84758625319833e-50,6.768990226691023e-55,3.7517292221841987e-60,1.1658950880844011e-65,2.031455455488516e-71,31.5
1.6662142913371557e-05,6.278276451778282e-05,0.00027056930522907115,0.0010834019581572715,0.0032411746155196087,0.007735154950794302,0.016454006368071077,0.029892313035541993,0.043917120784193076,0.05200068408306944,0.04739490567256879,0.034471607184240805,0.028551759977970437,0.029517591260361527,0.02426919057740485,0.01294171499387893,0.004698514353592343,0.0018532738517098302,0.002535063319215074,0.006286365548670064,0.012347504719011755,0.01710207648394466,0.02194487142186539,0.03510786528879284,0.05030230617485982,0.05059518972623072,0.038832627960594196,0.02605073764970625,0.013857652124611734,0.004814260045542795,0.000985649470861767,0.00011485000194729951,7.537564451409212e-06,2.7777208275290394e-07,5.742534475426904e-09,6.658144858195016e-11,4.3291094904316606e-13,1.5784344178687448e-15,3.2272466837366893e-18,3.700095945773377e-21,2.3788517482478057e-24,8.576181718856782e-28,1.7337701064963872e-31,1.965435337771296e-35,1.249379924328992e-39,4.4534606457651537e-44,8.901575608058614e-49,9.977027681028977e-54,6.27045953024233e-59,2.2098375730161732e-64,32.0
2.9758348697292922e-05,0.00015982583464549513,0.0006441681514722145,0.0016987030837356796,0.003044048551880018,0.005518637931930041,0.013139442851439066,0.027724569073211816,0.04364196231203055,0.052201584162730796,0.046130759079413254,0.030955096110394556,0.023785589595897202,0.026016440222235277,0.023159608520174485,0.012580120040995048,0.004065975369219388,0.0011886118889139685,0.0015877693711913558,0.0050484575512335225,0.013338313013222018,0.022626577036870973,0.023909287659819263,0.021251924087602594,0.029585627548317877,0.04550551173766191,0.0502689104320652,0.04205443092676181,0.03159863533185178,0.02058791763183608,0.009476222973518212,0.00268391209486943,0.0004431349480612413,4.189517651407152e-05,2.2554309904755074e-06,6.902822445461782e-08,1.200438320009503e-09,1.1858350262090808e-11,6.650723528700784e-14,2.1162381094827032e-16,3.8169309631737455e-19,3.8981664382091674e-22,2.2517213958400953e-25,7.348300170707903e-29,1.3533401035447805e-32,1.405206764774438e-36,8.218575836032574e-41,2.7054148370235516e-45,5.009078618159472e-50,5.213377835935812e-55,32.5
7.984530704307982e-05,0.00039614291652805965,0.0012160391796613439,0.002259336415223938,0.0028847707650031785,0.0047329132523093835,0.012081148626416445,0.025606036960323028,0.03974638424379494,0.048042307908575305,0.04438290754885168,0.030548501204346892,0.020099618120775837,0.01944934118017545,0.01970948716574774,0.01392858100798468,0.0065995383394060105,0.0024657405706582734,0.0014077988920715772,0.0030067551994869234,0.009020528216270574,0.020225412844278735,0.029587186179232797,0.028515976030063204,0.023199436225819735,0.02819891337211335,0.04200742214801063,0.04696407487538197,0.042684323719684586,0.04035734305474567,0.03352509114097252,0.018638282132704482,0.006291588554294958,0.0012643782100387147,0.00015094163585931258,1.0703777685110732e-05,4.5002957440027363e-07,1.1164139739496488e-08,1.622172784408805e-10,1.3687795028055808e-12,6.651095876240156e-15,1.8476933184444134e-17,2.917782432224481e-20,2.6080013549365166e-23,1.3154390557882675e-26,3.736139515058315e-30,5.9667733197745615e-34,5.353030688724987e-38,2.696022025668271e-42,7.619471510866565e-47,33.0
7.961799008445e-05,0.00042174249477641376,0.001261145244507541,0.00215350736370555,0.0024103239628992107,0.0036394192355567517,0.009982969619126529,0.023174702852953363,0.038421430406108466,0.04708070670551067,0.04232470802288483,0.02748092066931662,0.016018834613079885,0.01557180069471736,0.01876835431906239,0.015519333693029387,0.008076589416488937,0.003309421758424986,0.0018398539538224208,0.002136060203004784,0.0043053297310820604,0.01015284593318301,0.02185896516669414,0.03377558232671721,0.034819166893341386,0.029718310043332925,0.03361644723589878,0.047338963413681205,0.0540842755846206,0.044858029526984616,0.03244628466896712,0.025729531640872893,0.020401104484121437,0.01235392174664167,0.004759629682697355,0.0010762928842005907,0.0001386625166514914,1.0074610728138528e-05,4.1137967793459277e-07,9.42942551906499e-09,1.212722183165459e-10,8.749548371829567e-13,3.5408799442899105e-15,8.03722900824207e-18,1.023167626833957e-20,7.304874825322768e-24,2.9247435962550105e-27,6.566862681607777e-31,8.268208443976204e-35,5.837653066719345e-39,33.5
2.9391211327784333e-05,0.00018871674361604966,0.0006873977692402695,0.001440621741761661,0.00195566672342382,0.0031278887628458703,0.008819527842670427,0.02230137005860426,0.03905076566245316,0.04716912802473028,0.04022203646790823,0.0250278861368396,0.01276511766991064,0.009727633129414544,0.01392092059940424,0.016149824491652774,0.01159870906558377,0.005433922426985781,0.0024042562477038757,0.0024009390094195055,0.004048174549138417,0.006320045931631548,0.010976117098562135,0.02274749681462134,0.036822495252501114,0.037111669562817313,0.026252333910979853,0.02839705437202603,0.05122836637863232,0.070292345940352,0.06042616829507051,0.03233162343168441,0.011861029838575501,0.006638486655506079,0.011280030773879094,0.016594722581580807,0.014304280872533758,0.006954680446362253,0.001897933669517476,0.0002904687905732167,2.4926232469698783e-05,1.1993247569396938e-06,3.2354646805874326e-08,4.893905138465109e-10,4.150432024163095e-12,1.9735580649072257e-14,5.261691120552328e-17,7.865378529314095e-20,6.592235952518453e-23,3.097880744522768e-26,34.0
4.53648431479345e-06,4.467636816696314e-05,0.00025475380389944395,0.0008438289266382479,0.001749228258467753,0.0032189934210335616,0.00842130966419663,0.022205497644189207,0.04047729104460135,0.047451308963079614,0.03700064758279198,0.021296469270919556,0.010661861666489398,0.0070467851132772884,0.010313001904492672,0.015627685913434018,0.014840139674335416,0.008797316792079278,0.004555402030087453,0.003772565185522945,0.00503907743107179,0.006987666482888185,0.008336242230288372,0.012913348347970902,0.027143684497656525,0.04251223918118457,0.03945466269145289,0.02206979748324106,0.015029475042926907,0.03290335708937581,0.0654127532122733,0.07695247618345852,0.052770338287199986,0.022258663161234968,0.008081543479794003,0.009037792622108647,0.019722720439946457,0.028609236231140017,0.023631024204291678,0.010961501624999332,0.0028513621290184687,0.0004158742481334891,3.400881269187528e-05,1.5593365387414749e-06,4.00873261483286e-08,5.778207869983028e-10,4.669797735318635e-12,2.116029975713996e-14,5.3760635976026574e-17,7.65818434593617e-20,34.5
5.759160260094191e-07,6.442099943991302e-06,4.901082090828654e-05,0.00025061846934838837,0.0008996136265328454,0.002731735454928364,0.008570973076809511,0.02334018347412209,0.04266430362426284,0.04788426774759598,0.03381651980914419,0.017233891208743017,0.008244288026415221,0.005102284171894133,0.006249700291846234,0.011618816296916043,0.016299156667768686,0.013903636417625466,0.007388723310184205,0.0036609702264693966,0.004154479219390018,0.006975602258632073,0.009528039559941127,0.012492104199868608,0.023486404643885885,0.04193078380417151,0.047112394348576246,0.030463462494090418,0.012293136879066807,0.007782319113911729,0.017650730588690974,0.03879768748954302,0.05731464023121232,0.05792125386858135,0.04399283303683543,0.02623474700877208,0.013705658234256318,0.014643709019119076,0.02766188223511066,0.03557015190606767,0.026054200770818083,0.010713203154629208,0.002470142328529694,0.00031933526914441603,2.3146797720636097e-05,9.407057657421122e-07,2.1435594558491085e-08,2.738647263703787e-10,1.961803479809555e-12,7.879410715944249e-15,35.0
2.48065704508553e-07,2.898577695447807e-06,2.0935301106605638e-05,0.0001004608705819215,0.0004382177092258002,0.0021749042661609722,0.009329588916367287,0.026764630385645662,0.0468353820567807,0.04871727820952351,0.03101331458489038,0.014098072658063232,0.006414086294381722,0.003921085987059713,0.003857916420878899,0.005856028797439201,0.008630514051400452,0.008542554173154342,0.0051881975028744715,0.002459115754712634,0.0022987890430765153,0.00449827192816961,0.009256768442458575,0.01812455981603098,0.033882367472860456,0.048649555509607784,0.044067408403196465,0.02361737840501786,0.007854397043189581,0.002585018555028122,0.00368844754164124,0.012028412021589753,0.028330380046756427,0.04055027120025194,0.04035833322124642,0.03982276005563304,0.040896371219456204,0.033027642804875405,0.02629325103658611,0.03449120283612958,0.042854798000249814,0.032537778931926324,0.013991964603593997,0.0033774253055814827,0.0004571604522979262,3.4695807518367074e-05,1.4764031239821611e-06,3.522506788367365e-08,4.712133319716657e-10,3.534289642282442e-12,35.5
1.1413848864077061e-07,1.7550193988234098e-06,1.647137121382939e-05,9.336270938425059e-05,0.000390892754555533,0.0018052547474261974,0.008310489086429718,0.02578935002549066,0.046747582988197284,0.04846772270532514,0.029604199597250618,0.012355205642090583,0.005170534958800571,0.0028111210937607814,0.002409745566006701,0.0038837194399717664,0.00682317896398541,0.00884493067475863,0.007341076272600873,0.00403586037603444,0.002138588954403691,0.0027290463823808563,0.009299233375569815,0.027843361514578818,0.04963357090214814,0.05020069215737866,0.028817028844187083,0.009557253450370697,0.0020710657153154757,0.0006356627875260245,0.0009076255715542966,0.0038802186847965814,0.013470748250334931,0.02719362876845665,0.03182251237084491,0.026037293139296085,0.027786062379737804,0.04144980045659366,0.052171578313325806,0.056195770145385696,0.055091284476528474,0.04021196969162251,0.018155127604249432,0.004722580229154582,0.0006936987774164215,5.7238240487288324e-05,2.6492995182665388e-06,6.876225415552314e-08,1.0006970867972598e-09,8.165407921692131e-12,36.0
4.584153355507396e-08,9.375577899639645e-07,1.2104391559343081e-05,9.497242315841423e-05,0.0005125768841626504,0.002368695251053377,0.009455735237234777,0.026263930545667846,0.04413464796165241,0.0432286376447388,0.0254067069270536,0.010818333016379723,0.005335848277944862,0.003252174975180248,0.0019880039359192283,0.0023640891346972484,0.005234123934119022,0.00929961609569793,0.010465336968565954,0.0072924281960029995,0.004364766186176618,0.007753807787026146,0.02106932397550995,0.036079517026782214,0.03527793482666473,0.02084696103605181,0.011344198480994497,0.010461430305686399,0.009346213614253192,0.0053698219153220355,0.0022790141399713646,0.0023314840017945463,0.007527285571330787,0.01846834686639305,0.026242933617487828,0.022383091532574634,0.0181382389498779,0.03197600562254116,0.06376610376589181,0.08523817328008201,0.06952004486105004,0.03351799306574588,0.009381177097865128,0.0015077028515846243,0.0001382038572827292,7.193325284470631e-06,2.119199616684905e-07,3.5255863837606088e-09,3.3062872296092205e-11,1.745483221935398e-13,36.5
1.8038847587313986e-08,4.750753054609118e-07,8.463143823037018e-06,9.150056961685222e-05,0.0006353849238729175,0.0031192746465373363,0.011213655143667059,0.02755702007327076,0.04251535720511176,0.039613238995318205,0.022652038734246035,0.009125413684342307,0.004204552433154763,0.003078010292382057,0.0025430184851934455,0.0032818602465065896,0.006944299169654289,0.01198570947585602,0.013916233630531263,0.011469516702109486,0.00985782571439178,0.015929218090868183,0.02665595075517612,0.027828362389751733,0.01659904892546479,0.00602020555046505,0.0032482359678253905,0.006310868286534064,0.01052771708291672,0.010427340627803035,0.006005311352474667,0.002795358122323326,0.004874992663566172,0.012847750688256894,0.020656763533093488,0.021593847567277183,0.026501121157608033,0.05065886913867926,0.07587047463783171,0.06788472303676914,0.03508218254896234,0.010449758860541093,0.001794065921968172,0.00017734999519228385,1.007205398177926e-05,3.2762243278686026e-07,6.082933355026515e-09,6.424912406291553e-11,3.848595941209167e-13,1.304008564776949e-15,37.0
8.097360595857419e-09,2.6608234283428297e-07,6.299788939546323e-06,8.836883394670278e-05,0.000743697358568568,0.003897662533541488,0.013162925215771434,0.02887638799216404,0.04044838830154413,0.03568172923882563,0.02034085214820751,0.008607692949328526,0.004283973229309453,0.00423395246298552,0.006852254174991319,0.010991279046314185,0.012526134207539586,0.010531661055537475,0.009654602900465348,0.010799170321257073,0.012333304214918269,0.016432430954667045,0.020220341799122896,0.016209842607168724,0.0076458464998807995,0.00251767032176487,0.0017012542756550421,0.0034909392911482862,0.007870712412034476,0.012105971280135292,0.01100053661972538,0.006349050725291921,0.005384492473075685,0.011378502799818259,0.022108221733577522,0.03499245344950714,0.05012752497141462,0.061344415635735526,0.05385991748027093,0.02960022290858934,0.009524375452642108,0.0017465985663409444,0.00018071199352541527,1.0510481669990993e-05,3.4318166187133885e-07,6.28758937215673e-09,6.462914713422545e-11,3.726746854682632e-13,1.2055315101541282e-15,2.1876123326987678e-18,37.5
4.9239443329216515e-09,1.8986638376027607e-07,5.41555929028427e-06,8.888075658680081e-05,0.0008372522988626598,0.004592347914191599,0.015006639050059674,0.030054779624064207,0.03794590409003991,0.031106933022356762,0.01765356024147965,0.00896045417948531,0.008361717065699246,0.013096751043801792,0.01620008156027175,0.013324737714622658,0.008095196155809649,0.004774735186754909,0.004042820846362502,0.0049114645219859605,0.0069460707782683555,0.010654511818918867,0.012843128896399573,0.009684656062203097,0.004532723414251264,0.0018203711173537386,0.0011267437489767323,0.0014724178109551034,0.004319044126763516,0.010469862415295416,0.01553750160627316,0.01638324673725164,0.018106398226595828,0.021358693683936128,0.022758255918269195,0.030868870983978933,0.046907610858494014,0.04849504167896811,0.028999940457915683,0.00976671422863775,0.0018454073731120684,0.00019552121639998722,1.1615021130140684e-05,3.868706567462264e-07,7.224878575906301e-09,7.565091539173995e-11,4.441367192549173e-13,1.4619685447065519e-15,2.6982254370046607e-18,2.7921406473534843e-21,38.0
2.6625147711013986e-05,2.4390057483970314e-05,1.7637327044421025e-05,9.62420476963849e-05,0.0009181037213203102,0.005147054884725368,0.016550178395995683,0.031180727971620654,0.03577007959874368,0.026795586329639354,0.016275156123543664,0.013959404435096098,0.016036177045812203,0.014273257540582944,0.009958607378632847,0.008075713290694904,0.00752062891179,0.006413680603566679,0.006008374120896255,0.007188409609472641,0.012262888658748857,0.02186519817224962,0.02609307353474836,0.01828827016976737,0.007709596371400175,0.0023315689483129707,0.0007154468448616895,0.0004441948860536975,0.0014644084230486778,0.004666811967606512,0.008859661400862305,0.01063341170874399,0.011132614587170391,0.017426177115999954,0.031372039146445256,0.04008974231921183,0.03168307921081398,0.015059765130620108,0.004253208490171393,0.0007050210327319119,6.775358010516078e-05,3.735438032607918e-06,1.1721694238562681e-07,2.082076054612177e-09,2.0859137291070045e-11,1.1759716560393585e-13,3.7254666245137276e-16,6.626261884957291e-19,6.613471426359703e-22,3.702739072439611e-25,38.5
0.0001528747022088262,0.0001549139772006062,9.334684179140797e-05,0.00012661110120167993,0.0009943781438242027,0.0055822422521294,0.017823468453226028,0.032861831359293193,0.03727381854129652,0.030563302305635753,0.022235309400144582,0.01453901695666545,0.008649582129093253,0.006589590968731243,0.006840170307005581,0.007028254211408791,0.006525418931108109,0.00656855981887426,0.007576876913340043,0.009312167857002415,0.014952438047174825,0.02333183307098375,0.02369735343790896,0.01413943951403208,0.005133102489906658,0.001694074343072569,0.0022538120780103616,0.004936253036101207,0.006810679058525924,0.006154708724021022,0.006918693611795417,0.014251062531199201,0.025898075391900546,0.032372549819764264,0.028793035357933858,0.01860766834682685,0.00816376893228932,0.002219225093086993,0.000352890450817627,3.1980555433676444e-05,1.6348440009696735e-06,4.696168961595569e-08,7.569685580745163e-10,6.843162722195726e-12,3.4689686807831875e-14,9.860053085656232e-17,1.5713862414504516e-19,1.4041310446719105e-22,7.034803276508181e-26,1.976129462763458e-29,39.0
0.00025586039741557176,0.00031351139082328106,0.00022071027239533547,0.0001835806906836155,0.0010468299256529297,0.005942077045611793,0.019513285534678855,0.03697458689879285,0.04158225339075849,0.02948291780130872,0.014814974781480346,0.006825087924050049,0.0052856737661712725,0.006772992713763888,0.007612701142283173,0.006660808828117192,0.005984099119111631,0.007553005340270181,0.009857644597827729,0.01218941557986398,0.01809259842859539,0.024171812450167387,0.020802265031990418,0.011065354521059967,0.005387888131644222,0.00518432075668314,0.005410515361939405,0.0041216200141946414,0.005292684443605399,0.013280706408191545,0.02420512485641025,0.027485862303900252,0.02294538864974749,0.017804726177052223,0.011772156491308115,0.00514707633941474,0.001318257280293558,0.00019124703091501135,1.5592348931665587e-05,7.131368727979166e-07,1.828958294315882e-08,2.6300557689284535e-10,2.1205451150662167e-12,9.586266321944225e-15,2.4297994567876688e-17,3.4531085992265075e-20,2.751496005112988e-23,1.2292674282420346e-26,3.0792340393814883e-30,4.324718662754447e-34,39.5
0.000280109150043406,0.0004318940477488702,0.00038279919458325,0.0003381925976278778,0.001476447467937167,0.0074502423306292915,0.02228964998000295,0.03830366439594008,0.03812759864718619,0.02326992941629007,0.011066229769472824,0.006701929544899807,0.006009105594226642,0.006644313269168237,0.0070280441314218905,0.005997429852334332,0.005611189637093458,0.00836197309660554,0.012457144045774209,0.01616759887214174,0.021466949553651537,0.024440588162273867,0.019338293009724273,0.011436396573097134,0.006398065754546095,0.0036123441719067453,0.004131880279886963,0.011379798810948215,0.022824363008401294,0.026539444323989428,0.019200149644489257,0.012629646231630105,0.011072282877493324,0.008396198276589502,0.003891706836737579,0.0010241760112801367,0.00015138445434453447,1.2549035272368098e-05,5.832738584457412e-07,1.5200416856306007e-08,2.221046217035776e-10,1.8196110619747972e-12,8.358308238537408e-15,2.1526679017814138e-17,3.108526141517852e-20,2.5168124258107737e-23,1.1425257886160668e-26,2.9080375518366273e-30,4.150045380368647e-34,3.3206608178249336e-38,40.0
0.0002397274118244412,0.0004862516124739366,0.0006093362059692892,0.0008284400660230435,0.0024224807335764312,0.008046019439445981,0.02044004597187587,0.03440312618510797,0.03557589885126103,0.023166258226090513,0.012041372757308485,0.007460885235370614,0.0057343029919796696,0.00552742891169796,0.005848508427000278,0.005121480880585486,0.0046147141635220455,0.007616307193419692,0.014335896936931205,0.021355914473134008,0.026359460975553292,0.025991869436565715,0.018035094721265212,0.00845915160760937,0.004232144511461011,0.008062462926501708,0.018546472557659507,0.026070120008203513,0.021745514091836837,0.011479187979333495,0.005465610713898792,0.004567188703281797,0.00414303271029041,0.0023662692178589963,0.0007683960428450909,0.00014013642941990194,1.4332642542008796e-05,8.219244739027093e-07,2.6427610633553862e-08,4.764341918137551e-10,4.815781857583266e-12,2.7292890394379584e-14,8.672635482676058e-17,1.5451530079992637e-19,1.543514547244425e-22,8.645075667552022e-26,2.7148491768436935e-29,4.780149204288487e-33,4.7190658159377066e-37,2.6120979170523543e-41,40.5
0.00016148467607476457,0.00045208573732209636,0.0007991603827545673,0.0011558962104514679,0.0021171932292543003,0.0059517849746963765,0.016700362617451177,0.031479317605689644,0.03617431085579293,0.026562202993992336,0.014708352285331565,0.008088465682328494,0.005276704885384239,0.004387509509307162,0.004561363211029017,0.0042340388750944785,0.0034112576819454177,0.0052477759939564125,0.013199162235577174,0.025480551608319225,0.032578922195739345,0.026913776461962757,0.014560103361926353,0.008348062151552198,0.012818415493986955,0.020817238554415567,0.022030114875206952,0.016002654423688218,0.008809817507137654,0.004011080812051068,0.00227094995420066,0.001899683414535545,0.001247575189653464,0.00048402243009138646,0.00010598794762047299,1.302330395893394e-05,8.973223261580252e-07,3.466570257921416e-08,7.508808745964158e-10,9.119289389571222e-12,6.209688279359449e-14,2.3708137602833723e-16,5.075091956529417e-19,6.091289334538597e-22,4.0991459216634346e-25,1.5466653817848194e-28,3.2720368650926597e-32,3.881135879691515e-36,2.5811803134476686e-40,9.624909996280356e-45,41.0
8.343731617445419e-05,0.00031425155986703336,0.0006826377323389789,0.000918786980032154,0.0012635781982855115,0.004101104270435156,0.013821290413803151,0.02891329019752983,0.03676089570516253,0.030843356297248232,0.01965877328875555,0.011178008995220833,0.006303069381049149,0.004062748457243691,0.003912212509504899,0.0041396115732455635,0.003752668824801985,0.004784347971799434,0.010832589363332671,0.022943294906206987,0.03270770353803113,0.029338004455203466,0.019267267841495177,0.014010915113188995,0.011320459850476996,0.008497269058203806,0.008238049656381606,0.00900786650557926,0.00865839822611261,0.008710102713120373,0.007986626218033208,0.0048438777639595604,0.0017086330636515747,0.0003403616344605553,3.806680210972085e-05,2.387723747305227e-06,8.397732836956645e-08,1.6560099296008873e-09,1.8309792728762126e-11,1.1350706724142875e-13,3.9453109853978033e-16,7.688797494829681e-19,8.401453758367398e-22,5.14717929805559e-25,1.768084386236803e-28,3.40530109253512e-32,3.677281553096652e-36,2.226471217406927e-40,7.55833477525872e-45,1.4386461876272333e-49,41.5
3.278571925373359e-05,0.00016721433603965097,0.00047953227252757843,0.0007974351914529846,0.0010745761007803635,0.003081497048222149,0.011094927340180206,0.025374684943140675,0.03472514443870141,0.03129972003560943,0.023011136460982337,0.016020667232955046,0.009674007515282863,0.005294337014239399,0.003894225608595117,0.0040293144132822496,0.004356281994880102,0.004744590339233589,0.007353186051108064,0.015221218385507483,0.025358338028671577,0.028126618107145247,0.020320480470947044,0.009762561223241593,0.003917058355038674,0.003873929826356216,0.007590610365213533,0.013030241303291447,0.017466928243234744,0.016008048780905733,0.008924886139055642,0.002868097468294019,0.00052130149816926,5.326817146917142e-05,3.054367622234708e-06,9.82204968127795e-08,1.7710662949660826e-09,1.7905910365309548e-11,1.015032373661915e-13,3.226139563162257e-16,5.749175005910341e-19,5.744428519876454e-22,3.2181552653936943e-25,1.0108483395228522e-28,1.780261703803766e-32,1.7579257776196695e-36,9.732760943204037e-41,3.0212760975864853e-45,5.258520968286355e-50,5.131633620545492e-55,42.0
1.0584762980962998e-05,7.445162684997564e-05,0.0002941840999200996,0.0006640712100803485,0.0010187927544811624,0.0023022787926944587,0.008207852540090935,0.020697261174493553,0.03057474571624775,0.02820541271018299,0.0221219812026862,0.020548089414781853,0.01764334647879482,0.011511937176736993,0.006674108952128289,0.0048550757786961045,0.005256000687820355,0.00610106981411241,0.0075293357775428355,0.012464810515672444,0.0193851069977645,0.02072177982419687,0.014082362703287788,0.0063284832020102585,0.0033572031505674374,0.005263645529864293,0.011202946181123448,0.018924450525762155,0.020587503802065463,0.013138022168007937,0.004764024113433127,0.0009722966458739887,0.00011138205646871288,7.156238380145927e-06,2.5781687646733646e-07,5.207959008210711e-09,5.898555727010981e-11,3.7457908770681225e-13,1.3337070704256386e-15,2.6625408931910248e-18,2.9802381964595714e-21,1.870356997490177e-24,6.581378669171732e-28,1.2984585392952982e-31,1.4363428974417792e-35,8.90854980209845e-40,3.097952323817893e-44,6.040338597883994e-49,6.603385854925267e-54,4.0475377006610285e-59,42.5
2.1084148024744182e-05,0.00015137923014008146,0.000620815010096595,0.001461539398241269,0.001999219234599474,0.0017204427302669205,0.0014773630845929084,0.002184644037161519,0.0032343898919883493,0.0044059402669837594,0.008979923004217558,0.021313830745114656,0.035489905753474625,0.035316362583636324,0.020990129923077996,0.009652944199955634,0.007439023913259605,0.008914259105747578,0.011356302032609834,0.015574226869344558,0.01866739525244146,0.016301215463674093,0.009915569660944428,0.004967996663121394,0.003816595995606978,0.006081572693823853,0.012739184977875604,0.020163976494271048,0.0190934936137118,0.010260539919340632,0.003098496522018634,0.0005248546804301239,4.985218332037028e-05,2.6549497886800044e-06,7.927734975889097e-08,1.327275893706073e-09,1.2459259553400663e-11,6.557557736453963e-14,1.9351331660918122e-16,3.201831168736089e-19,2.9703309247444516e-22,1.5450056868556e-25,4.505823383466744e-29,7.36778736086919e-33,6.7548986739686396e-37,3.4723175145598316e-41,1.0007805577429934e-45,1.61724987063451e-50,1.4653259038917313e-55,7.44406515609842e-61,43.0
1.5269243485946265e-05,0.0001267274744394816,0.0005986747475273186,0.0016231701146190965,0.0025618651061136443,0.0024559617706883894,0.0017581765331837979,0.0016592414405957006,0.0022309443444678756,0.0030626770347322624,0.004966244098932496,0.010659635575741927,0.02154545159782593,0.031182169127099243,0.030156862261257182,0.02055601595531935,0.01281159637637955,0.00987356564813451,0.009361595639992242,0.012599821944390658,0.01833763176206259,0.019191062850159764,0.013183816399603098,0.006503058028501828,0.0034365909678826124,0.005239704251381233,0.012808666688745246,0.020895060972685293,0.019650833209003165,0.010443280244940225,0.0031210092456277834,0.0005235939268010322,4.9275266839527916e-05,2.6005889074653928e-06,7.696093877264757e-08,1.2770362238277395e-09,1.1881226720214788e-11,6.197846650347793e-14,1.8127599615698649e-16,2.9727546294699386e-19,2.7333601112027195e-22,1.409138092189997e-25,4.073138020175378e-29,6.601209989202183e-33,5.998419182840861e-37,3.0561095262999155e-41,8.730112794701846e-46,1.3982654676778535e-50,1.2556778872874339e-55,6.322454274738886e-61,43.5
3.157719109601784e-06,3.877781724378975e-05,0.0002693414008009803,0.0010625110307320917,0.002396255878952728,0.0031355940261586913,0.0025336457994775538,0.0017310019453491117,0.0018758915846185209,0.0027042866661477717,0.0037948767771474254,0.006093284446689822,0.01122438184737374,0.017744814708545175,0.02234933588419928,0.024480361071189134,0.022666011732902547,0.01626628956030736,0.009405612873156843,0.007479978035021456,0.013567071514087672,0.023140981183869824,0.02449596404495366,0.015174024372961987,0.0060340222613403695,0.0048223578899892865,0.011983875407215773,0.021445959878903787,0.021933869888268936,0.012654897044305379,0.004108412517539845,0.0007494872395905267,7.676477151455271e-05,4.412050132359334e-06,1.4225252813106242e-07,2.5723777668605195e-09,2.608626876183199e-11,1.4834034589540664e-13,4.729953511562738e-16,8.4565370030750205e-19,8.47732579858489e-22,4.764872279915527e-25,1.5016437835551173e-28,2.653408606077038e-32,2.6288260212043672e-36,1.4602910140386198e-40,4.548167411061143e-45,7.942417104212069e-50,7.776568658466071e-55,4.269158814115942e-60,44.0
1.7121267353354922e-07,3.6569717953343736e-06,4.4868859864716774e-05,0.0003104596305767209,0.0012128715638828223,0.002696724655218432,0.0035257393008038315,0.0030889851765902986,0.0026064224833355844,0.0028924446516276833,0.0036214957248953653,0.004818310919889328,0.007791882204151472,0.012346971586301022,0.014903546837212286,0.015931922477377205,0.018358439027226187,0.01776781576330782,0.011720981785936767,0.006335480120046099,0.007672505829325234,0.01733245626666994,0.02904846903421274,0.03135910295708647,0.022235779271738525,0.012627117908483657,0.013319751633325464,0.022000493546032434,0.024500133266007446,0.015557489835305836,0.0055471357339499094,0.0011091496518266613,0.0001243524824442291,7.817301131831996e-06,2.755473606165788e-07,5.445929552322416e-09,6.035086572775064e-11,3.7499899856568426e-13,1.3065055169582802e-15,2.5522685156775033e-18,2.7955992276437913e-21,1.716944952093453e-24,5.91248751621577e-28,1.141605418200965e-31,1.235928237417776e-35,7.502421900202208e-40,2.553525907499274e-44,4.8731433610350384e-49,5.2144419061923634e-54,3.1284974912571393e-59,44.5
3.5109065657008435e-08,8.32798630493403e-07,1.1751703995815334e-05,9.966368856510208e-05,0.0005153906661064145,0.0016367137587736803,0.0032035481929826087,0.003974506212622822,0.0035397906770646475,0.002992083880037309,0.0029108810898478333,0.003305622739271659,0.00514215021226601,0.009351931581193865,0.013340393969095553,0.01366889252312226,0.011850122211212896,0.010503323795954549,0.010003825535256335,0.012268083198968516,0.01855420440268686,0.024155028975342423,0.027698989326075542,0.03385677224685354,0.03869667108542286,0.03688558449325821,0.033260987826419695,0.03251709060482691,0.0287788803582031,0.01743869535552976,0.006371140442885274,0.001362174904879074,0.00017122829302764658,1.2853335547284796e-05,5.850258125012033e-07,1.624463345142834e-08,2.732965530189388e-10,2.74093536353384e-12,1.6088792492642765e-14,5.4428723141213834e-17,1.0497810941767453e-19,1.1463745829388109e-22,7.058309058624493e-26,2.444371959996688e-29,4.754718130415498e-33,5.190788297796275e-37,3.17908509291931e-41,1.0920048107717426e-45,2.103492220259001e-50,2.2720504869170563e-55,45.0
1.9750428510481344e-07,2.99514644603643e-06,2.5590092112175577e-05,0.00012491103040896166,0.0003684326776686004,0.0007868168436178595,0.0016114766259086109,0.003112535280226361,0.004488804928406494,0.004473066130262354,0.0034772449801342264,0.002924413883712208,0.0038093940712146577,0.007334929328972044,0.012149314194099377,0.01303224014336063,0.009266728970606118,0.0059795761132344916,0.006063172347424113,0.010572678800146182,0.019174551777448017,0.024080099496465654,0.019059922010508084,0.013910573575257344,0.02183089343620162,0.040767917431219235,0.05840770671390288,0.06454474361323759,0.051189151656984316,0.02613584868136491,0.008443590061443492,0.0019931760855533653,0.00043092799182831664,7.974758122277425e-05,9.847517319584579e-06,7.149628145647098e-07,2.9434678020645636e-08,6.812058641481191e-10,8.844484369143996e-12,6.43937697972998e-14,2.628738117580699e-16,6.0168982560603e-19,7.721782125398408e-22,5.556245350125026e-25,2.24163118183461e-28,5.070674681132794e-32,6.431113528862092e-36,4.5732552455528675e-40,1.823406685638578e-44,4.076246896334011e-49,45.5
1.159928127319392e-06,1.1775228673965361e-05,6.756233448802554e-05,0.00022248089669653267,0.0004595986605537038,0.0008117325758645968,0.0017033457776287565,0.003399275708517936,0.005135270349211177,0.005782100417851452,0.005052425783509448,0.003886148959547706,0.0037544928782099573,0.0061210647933437,0.011094803787216279,0.01715129786619792,0.023365106857514892,0.02571681897674214,0.020160524145749033,0.014960003163121051,0.019620673735005572,0.026433899476803184,0.022608815823769238,0.012242078087033018,0.007557463918163044,0.016561758502609897,0.04198772965013838,0.06849236231070911,0.07244335016917867,0.05398072621732727,0.02960371994155279,0.01186569814371091,0.003735988360079532,0.0010656340868172047,0.00025369416697643474,4.0300624681179916e-05,3.7820555000907716e-06,2.0174572231539283e-07,6.054764239953351e-09,1.0197248271548447e-10,9.631208717047543e-13,5.100592766952452e-15,1.514555270684284e-17,2.5215633278872575e-20,2.3538231411769123e-23,1.2319602711220023e-26,3.615250843250497e-30,5.948384203553405e-34,5.487549177024197e-38,2.838420114414346e-42,46.0
6.005994000709932e-06,4.076683241639247e-05,0.00015620448246813934,0.00034439058560965693,0.00047455202328014414,0.0005644126703529651,0.0009795978945280213,0.0020708013604483705,0.0036115220364981975,0.004977837833023191,0.0057782094945900125,0.005604826952394682,0.004805423518863335,0.005066887575046714,0.008099624483253333,0.014776169370276846,0.023618432425040685,0.02801909623523295,0.0224841032057214,0.015309798729971909,0.018020175384951903,0.025722177262784685,0.024691887659842593,0.015632498729210086,0.012493546070628086,0.02094581120147367,0.03037212732577423,0.03166543435548376,0.036425227720709566,0.05252893741640975,0.06095521284905038,0.046872056218384285,0.023797267233264356,0.009054973233525365,0.0032475648893687606,0.0010564817338402984,0.00023756850828385827,3.175040875455657e-05,2.4126187033578453e-06,1.0312142549728585e-07,2.473151406756869e-09,3.326179384550167e-11,2.508283384082515e-13,1.0605479867851605e-15,2.5142230012998606e-18,3.3419220333730857e-21,2.4906214112263426e-24,1.0407297486727054e-27,2.4382995557446456e-31,3.2029856098296985e-35,46.5
2.210567629249941e-05,0.00010524044050906686,0.00028509353301576503,0.0004566945866705996,0.0004935834694339652,0.000498187180360655,0.0006656167641278682,0.0011927167811819736,0.0023163111037779872,0.004099083329841168,0.006080441716965675,0.007193226355276597,0.006827039490592357,0.006163147232744294,0.007604629065560347,0.013096910400881968,0.02229482426782962,0.029453830820223965,0.02737705302353907,0.020756597342051004,0.02068949422397335,0.027079965612356566,0.033457781176766156,0.03684282338449399,0.037463916241611335,0.03558819749709079,0.028036905315130152,0.016351980546308823,0.007640195113104289,0.00623159927294689,0.015217308721378473,0.03100936517890869,0.03665078781355348,0.025439165855636783,0.016580180367396773,0.027845101104078656,0.050016579619526026,0.05354427232717923,0.03226310575602365,0.010902357082537959,0.0020656640716899444,0.00021944121802292043,1.3070601507983212e-05,4.365075716111455e-07,8.173476628864128e-09,8.581055395653028e-11,5.051186719319607e-13,1.6671127632067587e-15,3.085001409446705e-18,3.2008446294064847e-21,47.0
3.9974386610909486e-05,0.00016041237562256893,0.0003704853923041797,0.000518051808149377,0.0005043047074361676,0.0004607592745646018,0.0005439688964580987,0.0008222733328585945,0.0015378891119024565,0.0032824426544657897,0.005716757206088823,0.007340194409433204,0.007846704093324447,0.0074915928196274744,0.007009839947265666,0.009962981837744724,0.01867188252020182,0.02890406130400209,0.033189875005858925,0.03147874392151841,0.029901097241185077,0.028388727463503256,0.028976009410437535,0.03671981177891844,0.04187464736320271,0.03227260337801755,0.015618904725890559,0.005984248714894332,0.005540806677930293,0.009038879898201123,0.014861025757559484,0.027379056021271806,0.04014514168748893,0.03638727670407084,0.022256732165477675,0.021852387598897318,0.03950290005081593,0.05047589750917093,0.03683987175960599,0.015095030449590171,0.003468227855314233,0.00044678931065587234,3.2271336253217026e-05,1.3069229137617026e-06,2.967575887757657e-08,3.7780920220133416e-10,2.6968827559787545e-12,1.0793702350540996e-14,2.4221310978978026e-17,3.047499831110488e-20,47.5
2.5867530079530188e-05,0.0001204216157367897,0.00032322454682906775,0.0005141458247889725,0.0005241490506022484,0.00044789910309757895,0.0005077537618557239,0.0007297515618089906,0.001352201619578693,0.003214383024909063,0.006259546612678645,0.008456928046181022,0.00817965171973758,0.006535672841841489,0.0063546490939041834,0.00970724528937402,0.017121421342121357,0.02727513351878703,0.03711385085079191,0.043855907042191916,0.044440638001231755,0.03572604535528119,0.0262839327733229,0.027181388313895737,0.03019514205375105,0.023120034240413187,0.011167150179914221,0.004772856680121245,0.004664384288937429,0.007462439968783491,0.015947468606466477,0.033523676097822634,0.04568765310501356,0.03593124103569162,0.017460026994498504,0.012852751867388665,0.026769630952234322,0.04308155141687168,0.039597266172139725,0.020424007452800395,0.005906819455954872,0.0009578249124994545,8.708381325702618e-05,4.43922937497025e-06,1.2688099335753746e-07,2.0333137206110076e-09,1.8269684560950794e-11,9.203998589186584e-14,2.5998055974948424e-16,4.1174093097529557e-19,48.0
1.0033790489699123e-05,5.9018723272513526e-05,0.00019984684198557913,0.00039227534225412156,0.00047282156981462545,0.00045232054583046116,0.0005231871872377155,0.0007719946850883524,0.00170833936275967,0.004427953113819839,0.008470120311428773,0.01046916330469496,0.008159051640872796,0.0042884902536687855,0.003394864791470587,0.007821445132647997,0.01667859859630761,0.027605243217236466,0.04130635171383718,0.05534092728454634,0.057521812418966145,0.04259908604195906,0.025036916972529397,0.01629355311068578,0.012775622408996755,0.011390112182254322,0.011108434968844241,0.010522198953651996,0.009284034798059154,0.00764348895020406,0.011107214563270686,0.02578567447774245,0.041304134594446484,0.037864754004777436,0.01995445313245515,0.009158336754213549,0.015019880718754557,0.031561196296865796,0.039373138451748335,0.02760632438719523,0.01085371555743261,0.0023925931088226464,0.000295718276243451,2.049303699031233e-05,7.962571015224742e-07,1.7346791160913317e-08,2.118867589564128e-10,1.4511333480947403e-12,5.572238080283626e-15,1.1996949804819503e-17,48.5
8.458677677526104e-06,3.7483897494272396e-05,0.00011076503788663136,0.0002291997637668516,0.0003532301339747645,0.00046022643692469867,0.000595812680852248,0.0010372920670054084,0.002887243560077267,0.007218681628934002,0.01167580513387102,0.011517699853410428,0.006947866168452636,0.002791360652092955,0.0018268854794346683,0.005229713501770578,0.014535095266880828,0.029969361585198487,0.0502870460823118,0.06601435952243116,0.06135547623465535,0.04030916269893306,0.021327956285567173,0.010698374625345826,0.005534131093059865,0.00513525573248929,0.009916937905367913,0.014849028377190016,0.013006850521132266,0.0072234973287898145,0.00709744916340815,0.018714618224957194,0.035745834277496544,0.03880341737615674,0.02370315291380953,0.00888412879341006,0.006469660694255774,0.01681748946874614,0.031575260191191196,0.033549315084079656,0.019992535914673513,0.006679978023630699,0.0012514144023133003,0.00013144561564535178,7.741228690958824e-06,2.5561864413052546e-07,4.732536725766854e-09,4.91263270921528e-11,2.8592585916695075e-13,9.330639508314968e-16,49.0
1.1716291974456981e-05,3.659555515449006e-05,7.357575385030323e-05,0.0001195387040470233,0.00022142744901878809,0.00042302883690387816,0.0007364576288037825,0.0017633247976177725,0.005217840041482449,0.011110711609076847,0.014365268256133502,0.01105709383949778,0.005216618148866066,0.0018161396849312164,0.0011050557273709115,0.0031827619625607127,0.012054465030376592,0.032896281125850184,0.061167923415878483,0.07427667615058181,0.05695127262652598,0.030088383998046295,0.01618348296975643,0.010927135150455118,0.00723161623038171,0.007460103660291186,0.012031694402905461,0.014735132967303456,0.011830555123020522,0.006997496387453147,0.005776482824458828,0.013551989919667065,0.02957792258628209,0.03795476082481611,0.02741313327221319,0.011173432231350354,0.0032817986151784774,0.004834365924216941,0.015038256569125975,0.02800947073423125,0.02929310365885703,0.017177435717027085,0.0056476842004062324,0.001041121271553172,0.00010760961360079807,6.236194627089354e-06,2.026315591690372e-07,3.69158904245441e-09,3.770842966105451e-11,2.15964506994395e-13,49.5
1.4087081709403882e-05,3.555063923129593e-05,5.540022323539401e-05,6.901917532089005e-05,0.00013945844955959495,0.00037546598226074725,0.000994377229740378,0.003130326761061608,0.008630982917242704,0.015244397874662495,0.015858997555945446,0.009610851728834835,0.0035226471799378236,0.001135018105134157,0.0008366887433451691,0.0016956926785370973,0.008057177044164168,0.03004770910377086,0.06503910827158145,0.08010301560032501,0.05723787122773595,0.025700453492499057,0.010290755143545594,0.0083546437118786,0.011366931421047104,0.015417182647468941,0.0183140293565836,0.01582729241864915,0.009494881475996912,0.005435294495954125,0.005169514697096997,0.01047158307863049,0.023967195981009642,0.035678934334843745,0.030522278501247058,0.014712441493015455,0.004008576150317142,0.000955481710845401,0.002500166035591532,0.00956846627550087,0.02095243675990767,0.025730853945584484,0.01771715661367461,0.0068399464495027115,0.0014805743315996077,0.00017969109976636246,1.2227614949181298e-05,4.665259204070936e-07,9.979956289250368e-09,1.1970170503645132e-10,50.0
1.4998545144503223e-05,3.27176100412662e-05,4.369398402858893e-05,4.742943131929732e-05,0.0001037790699856326,0.0003717651231849882,0.001429462980874867,0.005085478436515021,0.012596457714771964,0.018816126202062824,0.016306011628212866,0.008144017123597884,0.0024254191866041265,0.0007390594492057959,0.0008720013437077463,0.0021131956416669,0.008303918150684472,0.02771090672148099,0.05809613303659679,0.07362976261259034,0.05729532233101173,0.02966312514722454,0.012844075044400539,0.006712905587853,0.007152458630055246,0.013980418583435893,0.02243899062719658,0.022182678578568808,0.013151305229554273,0.005826681791382913,0.004260659998925707,0.007565719526891236,0.018393180976077773,0.03279985699475787,0.0345667503435286,0.020736635194482003,0.007064650456520347,0.0013768010899511858,0.00022353768102096366,0.0006794750341078289,0.0035702138221604318,0.01067104032921737,0.01788474368054173,0.01680652188306498,0.008855066142258707,0.0026159209156311064,0.00043328758737016653,4.023895761266125e-05,2.095250883954369e-06,6.117080276243494e-08,50.5
1.548805712226384e-05,3.076125408632772e-05,3.731255518271767e-05,3.838769441783726e-05,9.598339457636004e-05,0.0004365919014764124,0.002027257177151728,0.007216221683231143,0.016201066192674085,0.02147025154398097,0.016573827626251984,0.007462215379105642,0.0020062854975683346,0.0005334985486371215,0.0009057680449236368,0.0032422999358379745,0.011277180431041155,0.029865690088980927,0.054785703993421885,0.06675554598653854,0.052760411460722495,0.029164717947292147,0.014844300311922687,0.008811908680038304,0.006268031977418831,0.006685738952348294,0.011234265217327906,0.016977152983907146,0.01626684630337225,0.009569542339809261,0.004754413703839535,0.005136549418306283,0.012481405206275449,0.026939272017781325,0.035607511943667534,0.02689701797709789,0.011995192217074863,0.00452330957288111,0.003298406644001295,0.004481771631950629,0.012479914559275817,0.03330457378341996,0.0535082454367249,0.04852544763756745,0.024688834848702542,0.00704326765890302,0.0011265974471299494,0.0001010374464455858,5.080597783034959e-06,1.4324059136710056e-07,51.0
1.639608846808968e-05,3.1259015882757085e-05,3.62853697467404e-05,3.6740918688414686e-05,0.00010940688592082122,0.0006068270941864586,0.0029358840269845124,0.009619299593217936,0.019162780853673848,0.02276565049297606,0.016574547237887063,0.007794648460437727,0.0024927363079743073,0.0007146434542797328,0.001305247893310087,0.00557470680141388,0.016809282186464023,0.034836513380301526,0.052476877986585686,0.05857118567558809,0.04688553619897031,0.02696538047671871,0.013317971773778307,0.008154543408801288,0.006953588632063332,0.006750909053366537,0.007672400322980629,0.011090641430841703,0.013753820141857229,0.011090847208980629,0.005945703653814613,0.003607239336650677,0.007122011552179027,0.019710499423282367,0.035419371274023614,0.03763167303256577,0.024895673780141823,0.012287546551312251,0.009875609670474706,0.022102512543747822,0.042207772711837704,0.0469479455392913,0.029369765685380238,0.010304233778666365,0.00202702625662771,0.0002235747268199331,1.3826267377980133e-05,4.79408838348254e-07,9.320215599396813e-09,1.0159321819815884e-10,51.5
1.7598406389185002e-05,3.440699288420962e-05,4.0925655915171954e-05,4.307887173147637e-05,0.00015495575378111275,0.0009690504705752041,0.004486293462425749,0.012910570811982472,0.02191204092373364,0.02199894264614882,0.013913250441889886,0.006458734245786018,0.002929569138926986,0.0025693258207921603,0.004850549578263959,0.011365309562468446,0.025382873492579193,0.04304288039006707,0.05346689993408603,0.052109119968915034,0.03934396608392618,0.020506922151663564,0.0073612538413065365,0.004335657808724887,0.006713225150574011,0.00849611014841959,0.00849353531456828,0.00990952238954182,0.011378721382006737,0.008875342085914334,0.004693654008628748,0.003269830268043867,0.008071737822399906,0.022965248159489755,0.04006113320018095,0.04004284614284127,0.02563321938668202,0.021105819909462253,0.03179359105868343,0.036842584359847684,0.024715505620270018,0.009321019508421246,0.0019713810285234886,0.00023377833866383447,1.554380819261286e-05,5.794680255002604e-07,1.2112125616594183e-08,1.4194826630147172e-10,9.327358204018027e-13,3.436418553328264e-15,52.0
1.7949667008779583e-05,3.906027461829574e-05,5.2030157083045276e-05,6.227496654605315e-05,0.0002672192848154107,0.001699280820414537,0.007053695922480176,0.017252680362168715,0.024324619150304486,0.01993332001023958,0.010507620533160001,0.005408752136507027,0.004139586836327983,0.004171103175570328,0.006615015035982802,0.015609925656207578,0.033578127062493725,0.048235159479500744,0.04621633710125379,0.038020102030819576,0.031520933310622085,0.020941059591761135,0.010734361676620837,0.00686539877318509,0.006581832955469029,0.007788937472457791,0.010838250092708633,0.012981705634423602,0.010469171793238492,0.005989019441512299,0.00609115681036408,0.014241436650303434,0.02697662016284262,0.03301391079099468,0.02703217375853154,0.020392334588842893,0.022360041091798816,0.023516338421579252,0.015496968584660637,0.005819479525065314,0.0012280730034086307,0.0001453521618891978,9.646222829063246e-06,3.5893410358556516e-07,7.488440718828663e-09,8.759654202550087e-11,5.74515001430848e-13,2.1126843832709615e-15,4.355988331229691e-18,5.0356742673061654e-21,52.5
1.5706827137161662e-05,4.121374356651724e-05,6.837005948070302e-05,0.00010775547273512523,0.0005251518109903765,0.0030623280290305982,0.010891736929796196,0.022170370251842184,0.025669852901076096,0.01703388821077707,0.0071079910140597535,0.003843572382343728,0.005699545492628231,0.00921634219483338,0.013775016256973754,0.021796461386063243,0.03245135556609451,0.037520075060461476,0.034865180363517954,0.033502267401698566,0.03394545977321325,0.026647055162348027,0.01365031791073252,0.005581431293358215,0.005319963902202655,0.009965067907866968,0.013959514382223774,0.013446101087394064,0.013837877776367297,0.020728282977072986,0.026291046214669742,0.02148972557783331,0.01265099572071161,0.009367062413006296,0.011292179773054674,0.011357209853004601,0.006896561738596768,0.0023788546843515833,0.0004611954624927579,5.015665840739907e-05,3.058666907340616e-06,1.0458341673213447e-07,2.004998013010123e-09,2.155183394087631e-11,1.2988931306708875e-13,4.3891604548197016e-16,8.315882314313313e-19,8.8339319346602e-22,5.26160933713297e-25,1.7571222859781919e-28,53.0
1.0699245800566272e-05,3.4960942490681796e-05,8.070808948530621e-05,0.0001993835894538216,0.0010505692936105216,0.005248815082697488,0.015681105016692773,0.02655273146489683,0.025422303807049476,0.014002248369374094,0.0053694927196518945,0.003972062112007898,0.006327612497583805,0.009263753686562085,0.014029009681819657,0.023561220550874062,0.03159035755758152,0.029250675148894303,0.024697614618477613,0.029001772731384615,0.034944365797193414,0.029811071489668026,0.01689717638522294,0.00908975020419069,0.009399361577319295,0.012856602305798256,0.018809814331591724,0.026062023502836814,0.026933976100195732,0.022003590657570862,0.01752481771482623,0.013150229693225707,0.008701591743801354,0.0050920047849755965,0.002240916302085593,0.0006200561575482813,9.955527410321318e-05,9.046695215695333e-06,4.62081229977549e-07,1.3241947976833768e-08,2.1280399687813402e-10,1.917548816603155e-12,9.688067641359152e-15,2.744404458235406e-17,4.3589137075570806e-20,3.881748194244142e-23,1.9381853645354817e-26,5.426028909991336e-30,8.517021337745998e-34,7.495700135193401e-38,53.5
5.945626161698035e-06,2.1780640778598254e-05,7.679581759208362e-05,0.0003332239386331531,0.0018790204262035279,0.008046412913702517,0.02047796047645332,0.02970032844452684,0.02469261683707981,0.01251714606074882,0.005140687965429395,0.003451783949946638,0.004589029026948777,0.007904031870386234,0.016334935198364504,0.030780864215526695,0.038647217641536974,0.029675630508852732,0.01751976779707956,0.018311453627,0.027721430589370773,0.031008428705408375,0.024743137775871834,0.01965038188462583,0.022213444341096147,0.02565970567765895,0.022712176909132263,0.016327646026410958,0.010666172929308871,0.008182636248677867,0.010657126697954152,0.013677965288657454,0.011178384474993072,0.005292942800576259,0.0014232878448852747,0.00021588472898381264,1.8414379913652827e-05,8.81961313798807e-07,2.370159192392341e-08,3.572574765959745e-10,3.019824813894451e-12,1.4313291884792944e-14,3.803953641717712e-17,5.66838295352481e-20,4.735945138960801e-23,2.2185810221940763e-26,5.827253441644082e-30,8.581672256129264e-34,7.085965916834437e-38,3.280538730732692e-42,54.0
3.5742023168497917e-06,1.1603426991288692e-05,6.318759587015995e-05,0.00046250878678811744,0.0027963396390865212,0.010838228671868884,0.024670639702100147,0.03227257381399002,0.02425010439772652,0.01067194757430611,0.003497019700864214,0.00317560520624914,0.006661846940728012,0.013381430119108952,0.023199613555756022,0.030158585969895773,0.029237884957872676,0.02435266085305804,0.01970486891125288,0.020001289360936907,0.027608167861244592,0.035595248710015744,0.03715183371944858,0.032475054815517546,0.024912824277051437,0.017033480080834943,0.009505332568888199,0.004090627328902806,0.0018344233403691022,0.0021880695460947818,0.006728403495003815,0.016246651283359777,0.022757275694119936,0.017929862836153783,0.007922898963303372,0.0019630114977495887,0.0002726978114675912,2.1240240089598593e-05,9.275899601352193e-07,2.271284280072536e-08,3.118213070184455e-10,2.4002634763058735e-12,1.0359311265917475e-14,2.5068115378189825e-17,3.401193371022297e-20,2.5873775146901983e-23,1.1035883620657875e-26,2.63920582406306e-30,3.5388181539085417e-34,2.6604926823080583e-38,54.5
2.684658875472936e-06,8.430900229857417e-06,6.188714323545429e-05,0.0005849490865654205,0.003609380323036885,0.013123989748380546,0.02761678195423121,0.03347687988470857,0.023472282423757925,0.009898042104356165,0.00398434074644893,0.005873675791989704,0.012944342291724078,0.02231301187067697,0.027721389277512682,0.023253962294934014,0.015134273981618072,0.015025427633479123,0.022466522220735058,0.03049921574584943,0.038733900275116064,0.04452258685517298,0.03989206389220371,0.026871681847834377,0.01388910514968527,0.005477668820744433,0.0019696769622068898,0.0010742806797881047,0.0011523515355616847,0.003682657148726119,0.012782885694143112,0.026703950159773254,0.03144985996379409,0.020776113303908373,0.0076956111604444604,0.0015982396478926514,0.00018610567278432084,1.2150556417391455e-05,4.4478646032896555e-07,9.1290542387375e-09,1.0505551422821949e-10,6.778455590014479e-13,2.452231652540969e-15,4.974060568131433e-18,5.656912762301895e-21,3.607170993914159e-24,1.2896528297096428e-27,2.585221370747676e-31,2.9056379289580015e-35,1.8310663907277472e-39,55.0
4.016043581446597e-06,2.451947154393362e-05,0.00014378666640219517,0.0008159769819202423,0.004031982323576196,0.013801197104919803,0.02864195217979225,0.03464961371473731,0.02452872563912736,0.011188167620013656,0.007295104245121747,0.014782793696166684,0.027848218559361135,0.033034854519845086,0.02364849615793168,0.010692764922661696,0.00610404656064854,0.01217012300212937,0.025974459095699235,0.03992723661509078,0.04619026033236822,0.04235866875321418,0.029714606883053288,0.014500426943441086,0.004970312208877427,0.0019249046505486532,0.001330261346759995,0.001270378309655069,0.0037255375186235826,0.013357948384734867,0.028820105482462128,0.03500508307024914,0.02384426270210788,0.009106700282824431,0.0019501020400577937,0.00023413831254132783,1.576182382860202e-05,5.949209883395168e-07,1.2590151297448521e-08,1.4938997139263209e-10,9.93872732704702e-13,3.707310352943016e-15,7.75364564071543e-18,9.092258831790107e-21,5.978007679009335e-24,2.203738116316926e-27,4.5549365831329235e-31,5.278657970393892e-35,3.429916501240311e-39,1.2495752335314412e-43,55.5
2.8570390780801835e-05,0.0001109419140559036,0.0002781586980515734,0.0008068141277771968,0.003710177588632229,0.013464301037312384,0.02905034387265086,0.03619858146185987,0.026606329688101893,0.013432196849520153,0.010960310438295444,0.02055098504173101,0.03134710802081941,0.029015395530836596,0.01585022226100458,0.005792034520537853,0.005262405460860586,0.016086691964731933,0.036048809297262646,0.0507318471705908,0.04820392550959299,0.03344467960388329,0.017191546097090407,0.006763177005204157,0.002709782871097672,0.0013679856543376153,0.0011343710443328602,0.004146225397846412,0.014741742493033212,0.030235968558806756,0.03480909566820034,0.02246976378578485,0.008132494884087533,0.001650319204515157,0.00018777204922941723,1.1978785135403648e-05,4.2846311485649667e-07,8.592765167352405e-09,9.662094528401924e-11,6.091559038484592e-13,2.153299650670954e-15,4.267753418014435e-18,4.742561860168341e-21,2.9549186325902634e-24,1.0322785077583663e-27,2.0219344913453e-31,2.2205272791762946e-35,1.3673005281614214e-39,4.720529183602823e-44,9.13768597161982e-49,56.0
7.524237173061508e-05,0.00013889903698746832,0.0001819844989466027,0.0005671030617148223,0.0033552674287194877,0.013017619263784449,0.029015870235494606,0.03737439444623131,0.028917475771960403,0.01649992769525174,0.015335395890497696,0.024981076923969742,0.030894411503365655,0.022960142754258304,0.010256847265844436,0.003986065156144541,0.0069290715870510755,0.02185659007017261,0.04466552067662687,0.05567398692080573,0.0442546947496211,0.02430050508809628,0.010247599516281087,0.0037064885515485815,0.0012640430220090244,0.0010128464768485704,0.004378970373503411,0.015115346122521387,0.029640684589979847,0.032604773973942444,0.02010948990744117,0.00695408660244897,0.001348335556049038,0.0001465799998157352,8.934500616428663e-06,3.053406924096489e-07,5.850836010213621e-09,6.285936679746691e-11,3.7865257519412237e-13,1.2788825579659826e-15,2.421805440133519e-18,2.5713824365551285e-21,1.5307805398966513e-24,5.109495589984641e-28,9.562291116716087e-32,1.0033783607861211e-35,5.903184222502875e-40,1.9472727176108734e-44,3.601521887091303e-49,3.7347726885849635e-54,56.5
7.209260944518685e-06,1.5057625756433378e-05,5.506115935848027e-05,0.0004620776797033789,0.0031425782068512484,0.012578656005459795,0.02878371621939833,0.038165427451915715,0.030896978509847642,0.019369566890561702,0.018721715235208755,0.026600203194089223,0.028171131747809205,0.018364602401193465,0.007746065855018299,0.003990957674046611,0.00895310766375834,0.024932187641563366,0.04504678881928734,0.05179064490484056,0.03977325211175247,0.02127130731595112,0.008003006019034583,0.002189027255466298,0.0010487359858330184,0.0038369898971366734,0.013277721058195009,0.02636810078243804,0.029397986439954713,0.018378669363055485,0.006442170689770357,0.0012661041674826626,0.0001395164770879226,8.619863772538999e-06,2.9860298164205315e-07,5.799715821972502e-09,6.315941883613076e-11,3.856455929511731e-13,1.3202538935095378e-15,2.5342262070569236e-18,2.72742071833545e-21,1.6458025440432739e-24,5.568294032699776e-28,1.0562954946242753e-31,1.1234856545624734e-35,6.69990233590432e-40,2.240207512703803e-44,4.19978311585318e-49,4.414528386643601e-54,2.601720272558122e-59,57.0
1.4415219595006321e-05,3.820152549020651e-05,8.987687061001311e-05,0.00047630158681618174,0.003055467479431241,0.012324244546085297,0.02857075378203456,0.038333216321405544,0.03174783853880312,0.021447423466372365,0.020900224593684544,0.02601649641218783,0.02516911518660215,0.015857314514804835,0.006734418858577261,0.005602785838396962,0.01670246460239188,0.038884073868865776,0.05774904607920058,0.06114544980106489,0.05149384894852729,0.03308188356469177,0.01429831113775731,0.004197617453725387,0.0029821978757715345,0.009147452274209482,0.02024983839203244,0.02543540447725612,0.017929881294712638,0.0070872570076652,0.0015707346255717342,0.00019518520096441144,1.3599090451566013e-05,5.312411201213313e-07,1.1635695372455683e-08,1.4289329092548168e-10,9.838982107789357e-13,3.7984580970527424e-15,8.222111187940923e-18,9.978796998724156e-21,6.79034541340033e-24,2.590743291281232e-27,5.542117567266787e-31,6.647309854529449e-35,4.470282288131866e-39,1.6855545443439204e-43,3.563440482831123e-48,4.223913782521022e-53,2.8072391820110185e-58,1.0460745242249753e-63,57.5
1.7000495086472052e-06,1.276028198810317e-05,8.384578669128749e-05,0.0005365438386849331,0.003056739152463576,0.011945294064423323,0.027918543195484282,0.03808590405351638,0.032418938346959594,0.02297370688051968,0.021323949331811327,0.023573594053442462,0.022513594066008193,0.015604257620233887,0.008225785443661267,0.009397794377726655,0.024010500789807335,0.04660656797837014,0.06214938474991811,0.060681133033613804,0.04552090529464213,0.026856697214526402,0.012185114857693975,0.004715424470664255,0.005120201847185628,0.01229124101338743,0.01962568819130712,0.017801542108720602,0.009067604263052021,0.0025903383450880764,0.0004149145813291267,3.7263465128363104e-05,1.8764078780338645e-06,5.297734740984211e-08,8.386331555112978e-10,7.443422789115163e-12,3.7041808702766414e-14,1.033547683894868e-16,1.6169168552778523e-19,1.418285605376643e-22,6.975230097475129e-26,1.9234115458907578e-29,2.973751920042492e-33,2.5778407748358166e-37,1.2529284732551643e-41,3.4144071367423822e-46,5.217028014220306e-51,4.469406628072343e-56,2.1468188764199353e-61,5.781756249136608e-67,58.0
1.0840526187009298e-05,4.19387267605594e-05,0.00011582626628307537,0.0004697649590702981,0.002729115715424898,0.011229183782131622,0.027054756517032194,0.03780665903918337,0.032989193822013554,0.02346100653156298,0.01990402167958212,0.019867117605602017,0.019898320916724912,0.017080674081432025,0.012679452802763346,0.01608540476324941,0.032207848223812875,0.052133577092947525,0.06070311734353662,0.05168475689319493,0.03642439698252059,0.025950333882415366,0.01706463809341964,0.008998484754944006,0.007420585040247198,0.012333583392020342,0.015525198002865222,0.011314865235475355,0.0046432741652980185,0.0010692323765072735,0.00013807697224889578,9.997922544346389e-06,4.059030457020776e-07,9.239639122392012e-09,1.1792527039961741e-10,8.438741326187748e-13,3.3858469813846e-15,7.616857336514426e-18,9.607339853430465e-21,6.794372031894497e-24,2.694103831888169e-27,5.989604859783863e-31,7.466221191501557e-35,5.218219798231723e-39,2.0448559570064605e-43,4.492849908318795e-48,5.534774565711101e-53,3.822933990506749e-58,1.4805139321208019e-63,3.2147487386030253e-69,58.5
1.324202257887342e-05,2.5236600274939917e-05,4.993831768105217e-05,0.0003371763640754248,0.0024282104940225573,0.010497090885148025,0.026031645602962162,0.037371755436642035,0.03324838873311861,0.023129629857902276,0.01795766723642248,0.01658585018278312,0.017274255588615922,0.018559209206679514,0.018969387538682447,0.02319623892280951,0.03438553067631369,0.04797017373893058,0.05516508071040095,0.047151468583683534,0.03184304686635613,0.024257850911730217,0.021313607973436448,0.015325258561551083,0.011224207239734111,0.012376735458036633,0.012102297672102748,0.0072211172956998144,0.0024481505166022246,0.0004665720868549395,4.98892991742819e-05,2.9915972909656226e-06,1.0058813832370407e-07,1.8963526325175187e-09,2.0045349612246863e-11,1.1880320728399275e-13,3.947861694095041e-16,7.355541788635951e-19,7.683981106768133e-22,4.500665769263952e-25,1.4780396291599768e-28,2.721536938473944e-32,2.8097082406676635e-36,1.6263988333195743e-40,5.2785145094872196e-45,9.6053948447204e-50,9.800259168787218e-55,5.60633101588156e-60,1.7982031267623245e-65,3.2338330652458583e-71,59.0
0.00012674496875474844,0.00016771989917717552,0.0001415964699525255,0.0003090366947631589,0.002090980299098359,0.009501963813724559,0.024612216195034183,0.03648959180102753,0.03250734508977226,0.021160682800856256,0.015289348784003584,0.015146711550317342,0.018994186182505868,0.024621097249383914,0.027215727353595245,0.025480606363861985,0.022708338445519654,0.026093743913297468,0.03759313047180371,0.04227418656710376,0.0323311708986417,0.022564187976788976,0.02069876217714391,0.018969173213918777,0.016020408242633375,0.01458229179877655,0.011057971352295266,0.005284554183030127,0.0014539438901098488,0.00022567655722005537,1.967342271161784e-05,9.621396485035246e-07,2.6388266853594296e-08,4.058290456819516e-10,3.4995501765658833e-12,1.6920308234934428e-14,4.586979860824806e-17,6.972136941692748e-20,5.94188967799278e-23,2.839242219175794e-26,7.606752745227073e-30,1.1426548426400838e-33,9.62386891297809e-38,4.5446786995780466e-42,1.2033044265183073e-46,1.7863505316776817e-51,1.486882639976178e-56,6.939138176357602e-62,1.81573814389352e-67,2.6639111484784298e-73,59.5
0.0002507471910353409,0.0003794836465625182,0.00033315546317996044,0.0003380178237086749,0.001671503638218624,0.008083394629564913,0.0225687615743939,0.03591544229301144,0.03395332281346369,0.02265070569855936,0.016209215490061338,0.016150924820238267,0.020290332520874456,0.02637110296327146,0.028133223043902058,0.022589555740798708,0.014888522712006417,0.013057530911611919,0.02091539385216749,0.03096003182484003,0.03170314149325388,0.02482033872003043,0.019586723243245174,0.01764094639302481,0.017855930490295064,0.01762752629711774,0.012445919405514904,0.005280087649246413,0.0012780199283701171,0.0001742517392499535,1.334057658527262e-05,5.729781173662598e-07,1.3801705494929678e-08,1.8642432221911282e-10,1.4119544098212178e-12,5.9961615747629904e-15,1.4277536179110467e-17,1.9061479634850482e-20,1.4268596291753102e-23,5.988610398816853e-27,1.4092577328931607e-30,1.8594051053127138e-34,1.3755508789276196e-38,5.705559633161933e-43,1.3269016594104095e-47,1.7302071224696808e-52,1.2649585894177608e-57,5.185293787853771e-63,1.1917612733804297e-68,1.5357623252674764e-74,60.0
9.65536442860262e-09,2.2509597238923162e-07,6.780983957493989e-06,0.00011770058751069222,0.0011481710207847384,0.006297750422884812,0.019484455599656825,0.03435744192383509,0.035949222002781674,0.026136358484728353,0.019478698761748413,0.019181452609816303,0.02231172494397239,0.02524980758972104,0.02292743759135058,0.016221789445900445,0.011023599885245573,0.014766647153547675,0.03058358492532207,0.04548479272645542,0.04410823435071968,0.03195015748216548,0.020447100867164083,0.014433849126991591,0.01599790980439383,0.01883653972235625,0.014471898843002713,0.006399149391357525,0.0015946223082274275,0.00022310936456323733,1.7511772528327345e-05,7.708523187278092e-07,1.9027731937506128e-08,2.633606481004613e-10,2.04384952172991e-12,8.893523839339962e-15,2.1698111091052775e-17,2.968185695759427e-20,2.27656591597832e-23,9.790138888946172e-27,2.3605686930872733e-30,3.1912692211885406e-34,2.418962704955031e-38,1.0280489326738414e-42,2.449724595979703e-47,3.272951643910251e-52,2.4517758269853126e-57,1.0297712654623065e-62,2.425043973718496e-68,3.201970340434139e-74,60.5
8.280475563052474e-09,9.823991393935488e-08,3.2437104248900792e-06,6.404147701388176e-05,0.0007103400501937838,0.004428224076669609,0.015575390328374386,0.031297816144874424,0.03757502281985165,0.03151316982256578,0.026003958844982255,0.025015498200947017,0.023342240637377235,0.018919625588054868,0.013835069333030343,0.009880815507666809,0.007691464230450053,0.011226252858950517,0.025162935749521904,0.04192240585881613,0.04589059437326081,0.036487449976332964,0.02317547367780929,0.01389765878857883,0.01397650951486112,0.017745901933600046,0.014971044737874242,0.007236324744970578,0.001967205800678339,0.0003000542145718827,2.566683900881964e-05,1.231142373415357e-06,3.3111830025052096e-08,4.993283604864243e-10,4.2219436174558416e-12,2.0015178077532743e-14,5.320179064643162e-17,7.928888432163018e-20,6.625480794638536e-23,3.104140861655073e-26,8.154255615429504e-30,1.2010084927264126e-33,9.918058860178628e-38,4.59225636878105e-42,1.192187070524412e-46,1.7353278128330864e-51,1.4162420482670963e-56,6.480556156342199e-62,1.6626694183865616e-67,2.3917642826871237e-73,61.0
4.333549190611256e-09,3.3800419291186326e-08,1.2443114992838776e-06,2.8828610429851844e-05,0.00037534113364008826,0.002745810689625331,0.011340021782238701,0.026875573234447045,0.03861149062128892,0.039069034542902614,0.03454946265084055,0.02751524152508114,0.018315074982082784,0.011862668636361793,0.0086080428972323,0.0059023046679182595,0.0047694999449130315,0.008842824564504354,0.02136716106935765,0.03794587374593797,0.044399456739745984,0.03626146498659594,0.02326049329707572,0.013927715516324895,0.012483111624674924,0.015234468053874822,0.013297537792969681,0.00674796571303913,0.0019296439365572978,0.0003096306295790042,2.7861187149232197e-05,1.405703408714385e-06,3.976613541369862e-08,6.307460045748086e-10,5.6093882232356524e-12,2.7970210905179856e-14,7.819788172039222e-17,1.2257817219760094e-19,1.0773334832933893e-22,5.308918060311532e-26,1.4668331894929835e-29,2.2723450164183103e-33,1.97372505276785e-37,9.61209096601015e-42,2.624629026001554e-46,4.0182487598066804e-51,3.449249006798446e-56,1.6600880109320144e-61,4.479778230690132e-67,6.777987342474346e-73,61.5
3.6357308124437764e-09,1.0716803711611562e-08,3.7515733343207775e-07,1.0537002395797283e-05,0.000167154931689865,0.0014958606217524636,0.007608099525109813,0.02237835580287324,0.03955038512012029,0.045146725966608625,0.036830179842566854,0.023850604198625912,0.01440718491157942,0.010034247884107159,0.0071451917461146435,0.003983696043552771,0.0025673674064132304,0.005876781392458328,0.01742185471573534,0.03477706890206503,0.04418121323178377,0.03796452324353336,0.02509686916119343,0.015270697835012939,0.01185047766775715,0.012253592691144392,0.010038851028613257,0.004956818192871763,0.0013899397408371717,0.00021902968674068088,1.9360579935867176e-05,9.596045981286195e-07,2.6668253895628355e-08,4.155451953800033e-10,3.6304593665389233e-12,1.7783776697125747e-14,4.884333859338186e-17,7.521518994802215e-20,6.494184461983236e-23,3.1438551267461917e-26,8.533344283219961e-30,1.2986581580178492e-33,1.1081263067558633e-37,5.301545814799581e-42,1.4221146463903328e-46,2.138875650170914e-51,1.8036625999948904e-56,8.527935370410153e-62,2.260743742007612e-67,3.3602965878186096e-73,62.0
2.9940587941392193e-09,5.98223217887426e-09,1.677861378962395e-07,4.980855370929556e-06,8.797275776644771e-05,0.0009094874178812388,0.005455969181767501,0.018875823475835905,0.03769259034815582,0.044366984761755296,0.03358887308467697,0.02116323742979566,0.015431321094695182,0.011938722217421328,0.007324775107317525,0.003208061324894993,0.001814940828472153,0.004192817978375191,0.012801398905988047,0.02849248703617445,0.041967798649015245,0.04117189523623038,0.029377970030265228,0.01843397125767974,0.012688547931529574,0.009789911260641358,0.006440228891252391,0.00278319580568581,0.0007070757077070317,0.00010205141805642473,8.28808272441208e-06,3.777773422620266e-07,9.657269041941132e-09,1.3842808792758048e-10,1.1125564786782685e-12,5.013503560455996e-15,1.2667186439415761e-17,1.794477630000344e-20,1.4253280600249716e-23,6.347613530325173e-27,1.5849842899672513e-30,2.219005022547756e-34,1.7418487683416017e-38,7.666222912508972e-43,1.8917828206233604e-47,2.617459364548452e-52,2.0305208602693404e-57,8.831893014704141e-63,2.1538674856630816e-68,2.9451200180721847e-74,62.5
8.86650316025178e-10,3.7317807908374635e-08,9.788430904051076e-07,1.5689286797017313e-05,0.0001574810164421519,0.0010169720209651048,0.004364142645527504,0.012857390568037665,0.026211981275888262,0.036150477548530915,0.03389229198089756,0.024834122616240448,0.018528222015069245,0.014053499137147069,0.00828027828944552,0.003372691986139752,0.001666102836509929,0.0031055692239833274,0.008992331876785473,0.021549370376333477,0.03602432788312866,0.041264567345755704,0.03402268015669811,0.022809775046480615,0.014753685875479166,0.008949997533796487,0.004167543901742407,0.0013008233484152185,0.0002542281574444106,2.979372001152839e-05,2.033926648638367e-06,7.946388326952725e-08,1.7592818102327347e-09,2.1956504267499617e-11,1.5405967620438145e-13,6.069100021756374e-16,1.3414477837819352e-18,1.6629899772665223e-21,1.156106998025932e-24,4.506735657027208e-28,9.850615728981364e-32,1.207237472126002e-35,8.295555605733403e-40,3.1960929162914195e-44,6.90419921345729e-49,8.362317608998201e-54,5.678833611124377e-59,2.1622735134150282e-64,4.616161991262857e-70,5.5254842572783726e-76,63.0
2.0650267467736653e-05,1.8320775000083545e-05,1.4481999890643836e-05,7.417009450135008e-05,0.0005225113565788137,0.0021851389961500597,0.005511203414381952,0.009949819248668303,0.017217447906187257,0.027902556520274062,0.03289475128262688,0.027818150599928544,0.021220442472398952,0.016489250036890404,0.01142886289436254,0.006481656036257558,0.003185652788466831,0.002747386943773845,0.006915832755444836,0.017170859008970793,0.0295199141471374,0.037133741027764205,0.0371668774699073,0.02942628533980579,0.01917491028358674,0.011409865832617896,0.0055723588287319645,0.0017983026975733052,0.0003422549545649951,3.703562271120861e-05,2.2556980476268866e-06,7.71168557064527e-08,1.4787901836481186e-09,1.5903004328942297e-11,9.591295882597053e-14,3.2445972518265793e-16,6.158122255169398e-19,6.560728951519226e-22,3.9268481941758433e-25,1.3224201380639905e-28,2.5120768804107153e-32,2.703258369100459e-36,1.6593273035342503e-40,5.871270759392816e-45,1.214958948476597e-49,1.4951420400486623e-54,1.1099595193737104e-59,4.999493498401466e-65,1.3583535984436512e-70,2.1945070301823074e-76,63.5
4.191887942331046e-05,6.130124821953549e-05,8.498935645728369e-05,0.00033534009903981796,0.0014451927212092404,0.003763156139984724,0.005909120199057979,0.00719141677632633,0.011883776803197152,0.02302643457008973,0.031561106447435275,0.027363293804212523,0.01762857404834129,0.012957949663393333,0.013702280167667573,0.017670586333322563,0.022431245179302315,0.022634556586305518,0.01864901061014553,0.019416609797275646,0.025070061641738906,0.028561116503298362,0.031766267709506364,0.03403513936516302,0.028336905080415437,0.018639922891383703,0.011155014344919884,0.0054400504789134056,0.0017352833785461961,0.00032523079981622153,3.4658426804953676e-05,2.080915809330568e-06,7.019806496605162e-08,1.32916457898623e-09,1.4119356054118893e-11,8.412555786716863e-14,2.8109824166912273e-16,5.267090442446581e-19,5.534089531147049e-22,3.2604222306331675e-25,1.0770831260969672e-28,1.9951330248164515e-32,2.0722607509864664e-36,1.2069024557891548e-40,3.9415141746164435e-45,7.218183710856912e-50,7.412773954898981e-55,4.2691326183788735e-60,1.3788836554233785e-65,2.4978933078925343e-71,64.0
2.752974116416375e-05,7.950418761027091e-05,0.00025021969333944834,0.0009588927350420574,0.0027151307419786136,0.0046035958445051475,0.00473204231131679,0.004043756776141393,0.006754084950232914,0.01618088209575072,0.02750536384320551,0.0285103393192763,0.01909832460467247,0.011871760614181298,0.011265102924353346,0.015189199124038714,0.021064277457571536,0.02266607251118357,0.01961375289964846,0.020101446175198892,0.02412630198399339,0.02372179603575174,0.021465797617371676,0.026319998277478114,0.03259494710016854,0.028748081348457362,0.019297546437310204,0.011786220736924015,0.0058788050913155775,0.0019068807075526457,0.000361267594353316,3.876088932975871e-05,2.3372534866285206e-06,7.906398075093546e-08,1.4997788342089891e-09,1.5951736972620113e-11,9.512852169114148e-14,3.1807762701671306e-16,5.963133559236554e-19,6.268084638211732e-22,3.6941458165916353e-25,1.2207087889411936e-28,2.2616685534691304e-32,2.3494418238815117e-36,1.3684195731552566e-40,4.468818368304034e-45,8.182480371985545e-50,8.40032488046096e-55,4.8353290511114203e-60,1.5605397122902809e-65,64.5
1.56162923408893e-05,0.00011131216204177343,0.0005701881039941061,0.0018853069443961537,0.003732258345077674,0.004337777048009327,0.0031934342635558813,0.002510330049852169,0.004852074382973057,0.0123111985399717,0.023665827827149797,0.029159658536060715,0.02209575829308703,0.01286130276171721,0.012429011890769117,0.01834590559210101,0.0227362134784597,0.021278813774625274,0.018142396742094724,0.020040315648531898,0.024674827290406674,0.023792744643442533,0.016973892325748634,0.014166911546455071,0.022155241325077745,0.03212797428767929,0.03103983036314487,0.022399379341149647,0.014117961387274709,0.0069816233587684205,0.002219322453145611,0.00041172389127263145,4.327747029482441e-05,2.5573456949478646e-06,8.478626774903233e-08,1.5763514957221973e-09,1.6433029914524286e-11,9.605182613512462e-14,3.147846786012856e-16,5.784164943340192e-19,5.959182150966963e-22,3.442322112404374e-25,1.114898147850067e-28,2.0245929447805324e-32,2.061384855930199e-36,1.1767908418468515e-40,3.7666764375190737e-45,6.759836431464791e-50,6.801941556747141e-55,3.837500467792271e-60,65.0
3.475836825065903e-05,0.00026748217249132503,0.0011633584734158432,0.0028605936433655334,0.0040047282747229926,0.003312238369757109,0.0019448528558450074,0.001618812868118556,0.0034050531217118046,0.00929990059858595,0.020298935131490888,0.029537866044227295,0.026596366371270882,0.01618546408486873,0.012556589633277849,0.017519830089078325,0.021542612751401038,0.0195454743841156,0.017683676726459093,0.021994693089099106,0.027432677039917183,0.025514850607107384,0.016853544312398924,0.009047680502979223,0.009086229791185554,0.01922085424066639,0.030984019713010347,0.032845022789584614,0.02655851393534383,0.017749928091101166,0.00857241639570628,0.0025672527927146113,0.0004447756807621059,4.359171781247024e-05,2.4013796051205387e-06,7.42220302334084e-08,1.2864864052637643e-09,1.2503132223775123e-11,6.813298952168709e-14,2.081692593148534e-16,3.566112592165772e-19,3.4252515346222104e-22,1.84462784464743e-25,5.569855095468257e-29,9.429699927885078e-33,8.950982050728328e-37,4.763896708728991e-41,1.421584970941889e-45,2.378494475551035e-50,2.2312606545419568e-55,65.5
0.00011416845313080875,0.0006344247834346628,0.0019860636537817017,0.003513544214453123,0.003557337297659717,0.0022203136509662004,0.0013139788495196677,0.0017999091386125385,0.0039032615418546535,0.00791586057534035,0.015579183523626928,0.02672097174990287,0.031380443098432714,0.02398746492190532,0.015582341111603643,0.014123862551870148,0.016185818238146944,0.01747076649640282,0.02038520903722525,0.027606999446723988,0.0318939985591996,0.026808290692031396,0.01741787846303602,0.009350155870573596,0.00484282984749669,0.007073796670299977,0.017170771977843332,0.028710588856616363,0.03380630446613279,0.03162644677797273,0.022377073946160682,0.01030282296792912,0.0028056372509011984,0.00043559637185920804,3.8108720374710176e-05,1.8720701047374983e-06,5.1585313214310624e-08,7.970834149305155e-10,6.905838050294e-12,3.354691215216712e-14,9.137111590121007e-17,1.3953544663110404e-19,1.1947557232827353e-22,5.735781034959536e-26,1.5439202181873187e-29,2.3301076457167804e-33,1.971723228671025e-37,9.354805399952886e-42,2.4885272412089675e-46,3.711665903871565e-51,66.0
0.0002779467238177523,0.0011011535764166697,0.002500117381155502,0.003364863249293998,0.0029063917207454086,0.001988430848572608,0.002134122249566127,0.004641230598906573,0.008433055419477746,0.010090447410030304,0.011565571599110178,0.019227946232772866,0.029393165991100288,0.03078796666673358,0.02252597096854125,0.013884504467320875,0.011500186967867657,0.015424921640416854,0.024627982463787876,0.034671904896033966,0.03540174230652492,0.027176563604043455,0.02004022569388457,0.01450103338782394,0.007830424320793576,0.003848213786736575,0.00635948393850529,0.015054076219806804,0.02592240441477863,0.035339121607253096,0.03764818943764238,0.026885692143900224,0.011496768721824565,0.0028135377968603863,0.0003883933179357903,3.0114057527589663e-05,1.3097986786017824e-06,3.194637940420612e-08,4.3689361274137155e-10,3.35006931113113e-12,1.4402975577759333e-14,3.471921710786672e-17,4.6925248746559205e-20,3.5560029745049254e-23,1.5109026905595848e-26,3.599396691759858e-30,4.807748811969557e-34,3.6005816363167917e-38,1.5118976493808438e-42,3.559516071270989e-47,66.5
0.0004316347616844006,0.0013060131666938713,0.002254281799662962,0.0023876898593771876,0.002066875735142795,0.0023905784426733042,0.00422680399596325,0.008416085711823002,0.012261179684348473,0.010931687610526762,0.006334609256124913,0.0039519928747066314,0.005149742396883764,0.00922690222036026,0.01641465533545851,0.025137913390316464,0.029664825058012798,0.02927292127028875,0.03205743354694762,0.03799317306533183,0.03575554200898371,0.025613849100093036,0.020405080510283526,0.02109052722175391,0.017110109655894577,0.008553739220928606,0.003796929631970992,0.005700378885557814,0.012530612701235452,0.023567595511174048,0.03804873890285134,0.0438196665181003,0.03075177568776075,0.012383734865742523,0.002812987863197195,0.00035881504039536925,2.5672129297480248e-05,1.0299473480805157e-06,2.316849967788135e-08,2.922149321130282e-10,2.066457305980471e-12,8.193500494038463e-15,1.821509385453091e-17,2.270451297645819e-20,1.5867620578624447e-23,6.217707123009883e-27,1.3660530089372687e-30,1.6827658110886603e-34,1.1622475626093573e-38,4.500828293912554e-43,67.0
0.00019419991439552744,0.00044710868312081435,0.0005967859424046316,0.0005295849430291183,0.0006021225596982648,0.0016369785492293869,0.004998239659186972,0.011106526626572093,0.015847355537499563,0.01386162412795821,0.007940963065638204,0.0046051849451265205,0.004426861393954134,0.005107973752230573,0.009139666030837271,0.02146719032151164,0.036198754001201074,0.04126061663362209,0.040550986841018884,0.039330664432077986,0.030142669077987364,0.016950688454651853,0.013779796720619167,0.022592960702454125,0.029117563922311233,0.022041015978562024,0.009782466543945401,0.003931890864028486,0.004997133845452957,0.009967451110100807,0.02110063351393255,0.03967752953434201,0.049038533025168925,0.03524522680126848,0.014309004041716259,0.003261950098145614,0.00041705207130277234,2.989833192437007e-05,1.201786638886857e-06,2.7084921757389305e-08,3.422526551851899e-10,2.4248503480244588e-12,9.632563921750627e-15,2.1454465364168478e-17,2.6792443922913367e-20,1.8759696195922636e-23,7.364751678549019e-27,1.621097932409236e-30,2.0006873782521877e-34,1.38442058873564e-38,67.5
8.385365347689179e-05,0.00020452058189556133,0.00029859104426758343,0.0002850335078491202,0.00026429893639423163,0.0008077461546421847,0.003733495325446019,0.010942163646930238,0.018538262941066745,0.018247175615422315,0.011237008486100923,0.005833675415776254,0.003628890351203703,0.00254809907352172,0.004624627135449954,0.014744289335344428,0.031436478877131704,0.04214464433697523,0.04160874459178904,0.03637002737019187,0.026993637011133054,0.01534374809811415,0.011313093486525396,0.021048954575808205,0.0354958120951189,0.03561629848504697,0.020423113463872627,0.007090322522303991,0.0030396916678875406,0.004176119481634195,0.00770546422323668,0.018576247698925002,0.03972735654440333,0.05271777398292285,0.039850543773419386,0.016929267146183556,0.0040337296429929954,0.0005389088748765207,4.036879331657243e-05,1.695490953503147e-06,3.99267615517371e-08,5.271710361005989e-10,3.902634093147063e-12,1.6198804500364855e-14,3.769874828769101e-17,4.9191462392094545e-20,3.598913209944146e-23,1.476290584507997e-26,3.395401709505172e-30,4.378539910537629e-34,68.0
4.74700611439331e-05,0.0001292036737513709,0.00021054630230267756,0.0002079383350757598,0.00014860668636502256,0.00035191925341326115,0.0020875630882565806,0.007973575521874322,0.017411889547090446,0.021889229593090996,0.01648250611867662,0.008248828685161854,0.0032134828128634178,0.0011990786842746804,0.0017147724285624141,0.0067663469064241375,0.01942383900715378,0.03660454525167219,0.04633020924671109,0.041461784864318,0.029147498327968337,0.019015235680018804,0.013811750215665561,0.01729149025684218,0.03127458286284698,0.04069121302071341,0.030986818469366184,0.013508958298542987,0.0039631602225520274,0.0024324266547444463,0.003588877641003631,0.006824118266483601,0.018984759502671675,0.04180640901589502,0.05438418395323026,0.03991568476454996,0.01643802795984964,0.0037958696848481755,0.0004914687926490564,3.567795263415016e-05,1.4521878417151225e-06,3.314091625577431e-08,4.240578075593923e-10,3.0423169194927076e-12,1.2237781038891318e-14,2.760067738456957e-17,3.4902427993136923e-20,2.474630580155345e-23,9.837481930625685e-27,2.1926855600155978e-30,68.5
4.210692703986653e-05,0.00012124579654599477,0.00021188087315262557,0.00022270090521987095,0.00016528091747877087,0.00026305995397636313,0.0010815152279604373,0.00415215929171071,0.011383898783731207,0.019724862098486493,0.02049254467478664,0.01264512811607018,0.00471872995145407,0.0012246899949828393,0.0008999986739223678,0.0031449837238494314,0.010322769022853982,0.026157826514838885,0.04582454163487108,0.0511890856679962,0.03803493299054669,0.024766382284795437,0.01988472222648194,0.019624272018649174,0.02583879978630001,0.03673845486743284,0.03681091724601277,0.02188348635319918,0.007605318219403199,0.002344016451775054,0.0023622775862081834,0.0038049847970211895,0.008920535930312059,0.025159208601875014,0.04761335071990785,0.05171865383430475,0.031583848988729374,0.010817746846474192,0.0020775086483991257,0.00022370179330532007,1.3505638743602929e-05,4.5717202933439184e-07,8.676868458710358e-09,9.233475742308672e-11,5.509170942883563e-13,1.8430033324465763e-15,3.4568841823654735e-18,3.6354851496654545e-21,2.143674081949084e-24,7.087188369574002e-28,69.0
3.676639391131969e-05,0.00010122424589449508,0.0001933659145203123,0.0002683541389254393,0.0003238580097395413,0.0004882406481680043,0.000841126188303964,0.0017072778324730676,0.00493895951576127,0.012267401066215664,0.019112460327696677,0.017673752209259916,0.009809372725531756,0.0035000508853113873,0.0012717736276855126,0.001854243494600603,0.005767222143624883,0.01760639892232625,0.040044190307560464,0.058445867110399924,0.05487145689753631,0.03716052736938417,0.021827774880331323,0.01730670237605779,0.026505353223252096,0.039517635150434716,0.039216501087677866,0.02531100476692912,0.011344621031274453,0.003910895424571507,0.001907210271545605,0.0025674716574757097,0.0044878446221698395,0.011752951330429718,0.030507380542273605,0.049701471787779554,0.04607485985961527,0.023991546983377784,0.007005924967111685,0.001147104262644468,0.00010530779248825815,5.420472253163736e-06,1.564345217538363e-07,2.5313191867442483e-09,2.2965719710069677e-11,1.168239929127018e-13,3.331983700656412e-16,5.328347337419748e-19,4.777503600148586e-22,2.4017530744813245e-25,69.5
2.962804740170313e-05,7.034099041489216e-05,0.00014563677910878678,0.000308692464281676,0.000568987829712164,0.0007853049897692536,0.0008293135079270336,0.0010000085629858731,0.002094015185464613,0.005271322282149786,0.01102356650020543,0.015550817253476679,0.013408883811607937,0.006975691528616914,0.002544814188426608,0.001572133286708894,0.0035754891598125424,0.011877692484593853,0.03150880782426056,0.055255640326125746,0.06383726623025011,0.05100624026627519,0.028765647058702062,0.013151834821890572,0.013712292325788258,0.029051760050815594,0.04304888108948785,0.03774947932972102,0.020760577672229438,0.009430761148335838,0.004965742807334047,0.003119499040641448,0.0029413634417570188,0.004408785023617287,0.011665221862593061,0.030267229827900317,0.04861508493763421,0.04431623419287641,0.02268212488732886,0.00651018870828519,0.0010476839813797906,9.453372927796363e-05,4.782579748212029e-06,1.3566146385960776e-07,2.1575934527763524e-09,1.923984499897924e-11,9.619496898227327e-14,2.696633873586503e-16,4.238483031822325e-19,3.7352334380683544e-22,70.0
2.488830818915266e-05,5.599812277776555e-05,0.0001339218803021278,0.0003597282299394614,0.0007080850900504985,0.0008567659623951362,0.0007628257923044162,0.0009379067642898009,0.001524246573333953,0.00240017540064598,0.004811394931774276,0.009396606816235177,0.012002691082727519,0.009102697975392267,0.004285584626551366,0.0018448591773685442,0.002544963017906721,0.008449226841824269,0.02396299188441295,0.04619618049053053,0.061056541131405205,0.05639237722370963,0.03511192397195414,0.014689066707859235,0.008854777647000621,0.01982639036734707,0.0394938744431029,0.04645430655974432,0.03253252142070973,0.01623209580912989,0.008458744949356728,0.0048321683265702756,0.003078108964684048,0.003136911503587307,0.004833926963250034,0.012960471007213863,0.03207570102416606,0.04818329766984558,0.04095279595593859,0.01953533465663534,0.0052254522622424545,0.0007837018006618996,6.590178754453911e-05,3.1071515876631217e-06,8.213845536566489e-08,1.2174453042771807e-09,1.0117453638885072e-11,4.714241467759735e-14,1.2316044830497788e-16,1.8040540087180556e-19,70.5
2.346039664097107e-05,6.718137811829264e-05,0.00018208224716103548,0.0003978612050486322,0.0006088300725280517,0.0006809371595672994,0.0007567564461797887,0.0010841541609343767,0.0014068170709783012,0.0014104662551984132,0.002186853326096258,0.005363164098813178,0.009241590031082431,0.009266137746414334,0.005509105730358416,0.002442398758282424,0.002546362788855822,0.0077699883437632,0.02066885630635788,0.037880927579312426,0.05075612532517124,0.05102392240812112,0.03531760517071152,0.01605523711856682,0.009674821359400596,0.02147054054170677,0.04319525811167057,0.0510703133162472,0.03518310395384157,0.01518022230120053,0.004984321528497731,0.0017990726551865175,0.0017923918733670798,0.003330583785941348,0.004725740905010092,0.0077374432940660876,0.019638842510252365,0.038972930620852775,0.04533247831014809,0.029706116704164634,0.010919874476380851,0.0022507684161863803,0.0002601148616994222,1.6854605897257786e-05,6.123375608971429e-07,1.247331922202187e-08,1.424596953251109e-10,9.122645986115364e-13,3.275431107612841e-15,6.593787597768729e-18,71.0
2.0012543403109827e-05,5.960835929789895e-05,0.00013522639816934503,0.00020732463009744711,0.00024191945842242326,0.00036741895812244266,0.0007630821704086939,0.001260282061547775,0.0013377589020020111,0.0009503446974671417,0.0010718523182039765,0.003103210348100135,0.006855349119020707,0.008738932332294823,0.006524006043962325,0.0035617622280233394,0.0037243576854233892,0.009261262436534936,0.020541015078937193,0.03327927852270132,0.043507756569967415,0.045421676166102064,0.03249615794819203,0.015910705075117756,0.013986270127391238,0.031313342309585344,0.051416832975903076,0.04919404002443887,0.027493296276341117,0.009430442219032852,0.002676181869105591,0.001775730133775483,0.0030584997285576384,0.005521278226671533,0.006914252207587232,0.007572559981651381,0.01489803740972618,0.031637988063515095,0.04165069883067973,0.03104735761458971,0.012987910303950146,0.0030465534083975085,0.0004006825674586767,2.9546853483494505e-05,1.221633387445449e-06,2.8319748205707716e-08,3.680922881140068e-10,2.6825194915983858e-12,1.0960942275128275e-14,2.5111446575538997e-17,71.5
1.8455927224734014e-05,6.0275700453011777e-05,0.00013701277030646547,0.00021531830078525953,0.0003611832661498983,0.0008041065181569316,0.0014190048409477576,0.001563443288134624,0.0010736001371547386,0.0005252426659267648,0.0005402495277546755,0.002003651612507422,0.006216475865454083,0.013518780866634031,0.022075682210731615,0.026177027749201713,0.02051348273590332,0.010803305832647122,0.0071625326596790545,0.014192591192182684,0.02887549499959964,0.035911436767941264,0.026419206183888034,0.016705991835067158,0.024441168222055838,0.04303461504740911,0.04925476209890156,0.03703471797336269,0.02079830281925333,0.009310238828533423,0.003753901115368639,0.003877197732602998,0.007729439492340062,0.010687573614256827,0.009144062622784452,0.00717741703570164,0.013562314136392618,0.028850077710142436,0.03711254512926146,0.026910907455370305,0.010944917000413557,0.002495894401704952,0.00031912403573787924,2.2877665798314096e-05,9.19565665735665e-07,2.072395403241549e-08,2.6186733583104015e-10,1.855277492852253e-12,7.369792475130174e-15,1.6414228626819337e-17,72.0
1.4848948209157162e-05,4.873633804005305e-05,0.00011703422069386148,0.00021520709975512192,0.00041425092645386925,0.0008188123083642533,0.001175057812623719,0.0011050818461928239,0.0007858418979225209,0.0005495282420986621,0.0006153796328902319,0.001690356214224371,0.005383003768445761,0.013314844155595295,0.023453461404760803,0.02762092676751235,0.02063447102622034,0.010541083676539583,0.008316932473493426,0.016610368722145216,0.027595401424729722,0.028505710708389184,0.021579562750018114,0.023269515819239903,0.035841662228598435,0.04164859986962663,0.03576089695637985,0.030137025852862414,0.02379019558489443,0.013206845990829535,0.006103559070887542,0.006825620889302098,0.01092895934615714,0.011798946604426486,0.00857910390774291,0.007619958669401356,0.01597864555324588,0.03004970798371485,0.03323387201432768,0.020688927464803195,0.00722363791959761,0.0014141810529220405,0.0001552293941334691,9.553485328620343e-06,3.296617536066787e-07,6.3781411395397226e-09,6.918923406464262e-11,4.208252180588593e-13,1.4351054970773088e-15,2.7440039705807577e-18,72.5
1.1038765898652532e-05,3.4519611138739515e-05,9.0101407556464e-05,0.0002079064382525854,0.0004555195631995181,0.0008226518031205877,0.0010141170057231955,0.000811278570327834,0.0005201973942901877,0.0005231561236831669,0.0009257705034262435,0.0019646932928778157,0.004982735192180325,0.012576946884171693,0.023628656213401142,0.02865518242303951,0.021759658315725787,0.01273295702212957,0.012739231051242814,0.019099979056470172,0.021781620358132955,0.019952866911937588,0.022933814910410442,0.03267322134753174,0.036390911638647896,0.029223336212809328,0.02660013450434516,0.03213714554225203,0.02971855843664303,0.01780670086788115,0.009735234688714234,0.0077566689324715075,0.006531029660469558,0.00614497285398045,0.008211699070089042,0.013170957870582752,0.023590318160947556,0.033455267707076006,0.029126111453338783,0.014480072717008467,0.004050277260638008,0.0006356229944902577,5.593529433198235e-05,2.75994810126108e-06,7.635484027531608e-08,1.184380938096459e-09,1.0300662210039844e-11,5.022936994786758e-14,1.3733118089669224e-16,2.1052293470471099e-19,73.0
8.63289647282648e-06,2.4460716336134835e-05,6.419073885871028e-05,0.00017770210596979117,0.00045289348191339125,0.0008246372242176096,0.000955996889191628,0.0006934443214581665,0.000382788960117299,0.0004931911618832876,0.0012725628177260842,0.002529008073619138,0.004795955101277872,0.01131149635693518,0.022761196367060334,0.029705020205243,0.025255700103184207,0.018781858499423074,0.017284684053593496,0.01524780245097249,0.012878540875034102,0.017692781126601765,0.029065788488279967,0.03521100073544781,0.02859801764104014,0.02113139609488339,0.02606100395012906,0.034522168478247954,0.03089634643981621,0.018429319064342243,0.008975365075286826,0.00440279722441091,0.0029310227830857006,0.006339815026400768,0.01638730621621071,0.03002183054734607,0.040657031340208094,0.03999446353405359,0.025707461931037616,0.00989668124909459,0.0021888301287303455,0.0002737295580229692,1.9248420203011437e-05,7.596378968990469e-07,1.681426369306394e-08,2.0869651831163736e-10,1.4524033972693864e-12,5.667394814859691e-15,1.239938952935837e-17,1.5210257790381247e-20,73.5
7.559678450806494e-06,1.9576808872391695e-05,4.630499427155749e-05,0.00013451220823582554,0.0004002537332327047,0.0008105843726000106,0.0009728441099658276,0.0006860965563858544,0.00038464288733521755,0.000652834415716428,0.0017498256310463818,0.0031784404976851685,0.0048669796059617135,0.010168773199481944,0.021861846021737918,0.03251789953150364,0.032428600657074355,0.024214371350905275,0.014737375704599634,0.00892043936730117,0.010963887010104497,0.020164050870803887,0.029579584640783276,0.030157208706858063,0.023612143150076013,0.022484509721149,0.028377191997112496,0.03059900300067161,0.023338871722169516,0.01222514545088297,0.0057245057501734255,0.005577773342685911,0.0126355434311748,0.031038237912439783,0.05299259846839679,0.06096391615857688,0.05477035588464248,0.04056279226010418,0.021301137736884784,0.006857133367337521,0.0012717374339818186,0.00013326014105355014,7.845862978499284e-06,2.591504744654494e-07,4.800109366744488e-09,4.985261872891809e-11,2.9030119539904e-13,9.478288472629247e-16,1.7351229097896082e-18,1.7809409019645567e-21,74.0
7.257047799086981e-06,1.814843490419036e-05,3.931390835731752e-05,0.00010597936004659755,0.00033841121428457256,0.0007683063614759156,0.0010244583810962115,0.0007974221795288036,0.0005210930019514709,0.0009037400484479977,0.0021632458428561315,0.003958639286359361,0.006956835383362035,0.01402429618278035,0.02648674703059545,0.03726356935186747,0.03523710743487182,0.02306053241792717,0.01352089072480092,0.010871595753631433,0.011712254067907657,0.015889963854174405,0.023692658312233758,0.028656277095960914,0.028124018360721228,0.025789237615400244,0.023339222281261576,0.01905312136735139,0.011630645348276394,0.005753791033749282,0.006539200234807609,0.01516953438127816,0.03048165528342016,0.04567526883803823,0.04924033107639311,0.04474138092114779,0.04244035507082082,0.034051721673367154,0.017423718819947764,0.005144053469947871,0.0008564732516500825,8.004670773984877e-05,4.195576293909665e-06,1.2330433714181288e-07,2.03183216759356e-09,1.877227563413532e-11,9.724449004713199e-14,2.8244373839669186e-16,4.599575391186494e-19,4.1997396662129666e-22,74.5
7.310449029588298e-06,1.8685948662081526e-05,4.1391379550545355e-05,9.670928981071603e-05,0.00026406925990907145,0.000610978848621118,0.0009498630673453787,0.0009420920008408923,0.0007673933675876125,0.0011880105714585647,0.0025315208307245675,0.004387874117978887,0.00783394939951197,0.01556732807545332,0.0269709110851816,0.03655129655028941,0.03725984065529644,0.028491112935526895,0.017734881592070723,0.01033468920534972,0.00797958895225105,0.013028158649131807,0.024283616813495456,0.031238141295860524,0.027128582745683413,0.019543242293627097,0.013792503542417537,0.00824407605662698,0.0052873070682391415,0.009144711554439142,0.020692864612725556,0.03383176335509208,0.03972906455254465,0.03655271034401308,0.030057294980091447,0.03097797833660281,0.036389318397547395,0.030127755007858747,0.014592009472764919,0.003989892012142625,0.0006123468907183792,5.2702014815921884e-05,2.5432410654697923e-06,6.881268961700081e-08,1.043923488118628e-09,8.879483173255475e-12,4.234728306240145e-14,1.1323540897604216e-16,1.697687656095114e-19,1.427092637209725e-22,75.0
3.838662351983565e-06,1.919545059486326e-05,6.086487543868887e-05,0.0001300181454773147,0.0002188228052324088,0.00038803514075525354,0.0007042481294533596,0.0009683658338164318,0.0010733052461114065,0.0017708439762478025,0.003847459742959527,0.006327007199177595,0.008007212755501683,0.011562013732148898,0.021883812878053337,0.03718021317376859,0.044034500617579825,0.03325484885652146,0.01668840346724146,0.008480449742412651,0.009072616976356553,0.015841228158639708,0.0241169205922046,0.02455357717621967,0.0175637974445586,0.011407776409918012,0.007671687272946048,0.00710208025364399,0.014211129938261482,0.027395042403156104,0.03526525196001192,0.03363279582177108,0.029528499861104188,0.025012386386859237,0.023270503897048805,0.02565048841843283,0.022266241724858374,0.011704645649936863,0.0034973784474374666,0.0005872927679209116,5.5316540026031234e-05,2.9214781186802013e-06,8.651150656747133e-08,1.4363647857740178e-09,1.3371329605102089e-11,6.979162309656776e-14,2.0424472229251672e-16,3.351330237530185e-19,3.083205298123681e-22,1.5904004826566438e-25,75.5
3.5157135347550043e-06,2.0958811019668742e-05,7.261254740490948e-05,0.00014727818570442678,0.00018724003799430324,0.00022446709260273427,0.0004465747615010458,0.00094046616021585,0.0017179667002661704,0.00326195981379903,0.0054914744993835,0.00643605168723095,0.005970118444853716,0.009072777304559557,0.020964105246701302,0.0381404924431584,0.04573701845459151,0.0352378677446129,0.019150167174633567,0.010487995568699907,0.009668136049871696,0.01376995857837249,0.01675663444393343,0.013028139047727235,0.0069368488672606815,0.005613541878260744,0.010674338407978039,0.021151254268793326,0.030753740456200954,0.03130450294604502,0.028589798057374445,0.028901608115628457,0.026277427401007504,0.020922113860249645,0.015874278881168543,0.009336197396825646,0.003426946911167081,0.0007244309851465295,8.63936940295487e-05,5.784814803277375e-06,2.172456992991715e-07,4.574694846417304e-09,5.401305212827504e-11,3.575655510078997e-13,1.3271860303763477e-15,2.762020171875503e-18,3.2228548338141442e-21,2.108499404710343e-24,7.734372041584781e-28,1.5907263376838071e-31,76.0
2.8407508361050396e-06,1.9155120954767075e-05,7.266007759143821e-05,0.0001548204728472029,0.00018753576355528195,0.00015810933100781214,0.00029462269206146713,0.0010539812284761818,0.0026286921145991598,0.0042904644873367915,0.005405774911576058,0.006280339908617793,0.007310759228492956,0.009585648500299674,0.014132920353773115,0.01967719720285622,0.024319814335386193,0.029443141253966926,0.03299110551192949,0.02803341768988928,0.01895346346085881,0.01410247390800002,0.0107775110543766,0.006641247344738298,0.005447679801600629,0.010747484808770646,0.0218416125646873,0.02935141717429108,0.028298091284358735,0.02881063981278882,0.03219247491650851,0.028330220195934546,0.01889871757725842,0.01032304468010837,0.00421740695608661,0.0011002361753498047,0.0001681214369023504,1.4593548475696239e-05,7.129468761373122e-07,1.9549709952249212e-08,3.006598911867164e-10,2.592790217777647e-12,1.25368625365652e-14,3.3988519259829556e-17,5.166486886250556e-20,4.4032921598083683e-23,2.1041591233071607e-26,5.6376552355746494e-30,8.469100566894656e-34,7.133372523258945e-38,76.5
1.9324080706643696e-06,1.4162225285844112e-05,5.969035035653553e-05,0.00014518933361116554,0.0002146760929095798,0.00027403687840786925,0.0005942670980794748,0.0014925456230718468,0.0028209932299326865,0.004084452653764038,0.005296360869038609,0.006879198682617897,0.008114365487654698,0.009006404649830747,0.012423015670811829,0.01837556398683517,0.023243510197761465,0.02758655186690121,0.031058680660151702,0.027755806814124637,0.019113552950752802,0.011326711567222356,0.006275621415068621,0.006011807421560753,0.011954270479607843,0.019564388450683885,0.02172740971544802,0.02216146338632018,0.029750179134828098,0.03657868859523769,0.03042060178014023,0.018196258583229662,0.009480634934508618,0.004149106479198203,0.001224938483545575,0.00021444199677445651,2.135688605454669e-05,1.1968957792578982e-06,3.7642713113601246e-08,6.639259614583199e-10,6.565996991068575e-12,3.6408796235936466e-14,1.131962972152715e-16,1.973228177568548e-19,1.928596255993073e-22,1.0568763703797513e-25,3.247326066736325e-29,5.594308953909643e-33,5.403632844521735e-37,2.926469855661515e-41,77.0
1.1179504859945948e-06,8.749691348125636e-06,4.146137983032714e-05,0.00012622752713654993,0.000284951416603569,0.000571317577852592,0.0010279574237416756,0.0016221975337875052,0.0026094719794429993,0.004020974854829814,0.00504204961877586,0.005975298552802214,0.007804455482877405,0.010252832792602242,0.013570810243224688,0.016993194696920063,0.018924343941406227,0.023113459459784484,0.029874818985998284,0.02921005149997736,0.018911596852529678,0.008652392475926295,0.005695479117508071,0.01100714121792571,0.01861483482175545,0.019678317571052036,0.018399928280226012,0.02652574788489121,0.03730765594233946,0.03355460405073949,0.0182990626400541,0.006271120440621838,0.0014117374784654302,0.00021100343899247795,2.0230384942419687e-05,1.1834903094055275e-06,4.06517567504853e-08,8.018965110200153e-10,8.982534684331156e-12,5.682511626847937e-14,2.0246929324081143e-16,4.057221894687441e-19,4.568620938595977e-22,2.8893133088430923e-25,1.0258740676402592e-28,2.0443831757511842e-32,2.2861582251355446e-36,1.4343429467289076e-40,5.048293821681119e-45,9.9663271872876e-50,77.5
5.809844530874793e-07,5.3375156038778566e-06,3.259920362858092e-05,0.0001411509972534794,0.0004309148119301525,0.0008709761895427744,0.0011838759100695157,0.0015304785216636665,0.002751049809263675,0.004531271949603619,0.00521160778255347,0.005439193880056554,0.007980370232054753,0.012478520425752444,0.01563648588554099,0.015580976651947612,0.01455146806437857,0.018897783592731743,0.028389610318278906,0.030103384547238057,0.019351072237085244,0.009128678917386928,0.009016035761354589,0.015427443625830798,0.019515223255266095,0.020299646487943912,0.02605911244431848,0.03605238754929893,0.03521661691954142,0.021027135285713386,0.008405885284579445,0.003315383292065355,0.0015014671420214296,0.0005138754509267883,0.00010489009667105928,1.2127930270354024e-05,7.875318988604953e-07,2.868011869725564e-08,5.856395098224702e-10,6.705041110177143e-12,4.304193662723617e-14,1.5491771038710135e-16,3.126289438589031e-19,3.5373345473430717e-22,2.244098547994801e-25,7.982272514768715e-29,1.5919521614170355e-32,1.7801324294349157e-36,1.116075173736001e-40,3.923317179903888e-45,78.0
6.624173354987958e-07,8.071233814520877e-06,5.7145922628254404e-05,0.0002349080993005235,0.0005729641725337306,0.0008989975340275891,0.0011382035557552508,0.0016605775600594397,0.002981878655176769,0.00484332956583196,0.005772636691104966,0.005710189585885846,0.007167816109650782,0.011559339770895837,0.016205795583318472,0.016105197666731748,0.012460472490858599,0.014151770072519903,0.02414184384663569,0.030032467809800536,0.022747846334462973,0.013943369823595647,0.014368212418449326,0.01780558698569249,0.018120814634489044,0.022333961500748442,0.03447537471579696,0.040711908845375344,0.029484847468671735,0.012558168368083936,0.003716263922836937,0.001807975723582597,0.001444519817239827,0.0007934257936340308,0.00024866706284961976,4.375514314578721e-05,4.317204648843336e-06,2.3883519505798753e-07,7.4082069600767314e-09,1.2883882180406433e-10,1.2563169556144475e-12,6.868636518009648e-15,2.1055263677945947e-17,3.6188424091511846e-20,3.4873657217985623e-23,1.8842744285513036e-26,5.708337611295923e-30,9.696030749059513e-34,9.234154868129539e-38,4.930820130849569e-42,78.5
1.5117846521177608e-06,1.2399261512773733e-05,5.852976050710166e-05,0.00016693079922959313,0.0003360474684726978,0.0006215006366926659,0.0011107848246344205,0.0017582130671861635,0.0029091219446444262,0.004977725745706525,0.006454779348643275,0.005681394399545824,0.004901168009101227,0.00784067937158564,0.013442296937228822,0.015832494541962696,0.013126677699201634,0.011804341361381886,0.018364541044261887,0.02795894962389555,0.02914283180906937,0.023728718828046294,0.01983992320994379,0.01589641643758771,0.014729873175610891,0.02623140135525996,0.043500043806891375,0.04333273175311471,0.02444241660997541,0.007920445847201937,0.0020537369905710974,0.0015220752163939393,0.0015958095054587843,0.0010217238212155443,0.00036839818094367674,7.449295961178992e-05,8.445720862010427e-06,5.368801654663877e-07,1.9135370011559685e-08,3.82397647490182e-10,4.2846208555817934e-12,2.6917109424014627e-14,9.481199378206832e-17,1.8724790845885415e-19,2.0734306209722917e-22,1.287303284423783e-25,4.481166526770678e-29,8.746214532882039e-33,9.57123556238869e-37,5.872658146245771e-41,79.0
6.7005547323849896e-06,3.2415717930708014e-05,9.53661365334508e-05,0.00020801613947150942,0.0004403028744555083,0.0008346994284646537,0.0011448300190129333,0.0012223730552345126,0.001359457045938098,0.0016128913996136059,0.0017905495764454855,0.0021862364052414244,0.004051833715188232,0.00859477290821904,0.013326323489793034,0.01353432759772543,0.0096109615503785,0.007111819419978956,0.011331950448333362,0.022723748886891076,0.033052740184952446,0.03312698202251676,0.024667389998717253,0.01580233476390134,0.016499806250604723,0.031570917907012955,0.04657190627366433,0.04204329272403261,0.023276147512517664,0.008220841962454217,0.0022402360866552572,0.0009169671013620538,0.0005340323163844868,0.00021755341417172686,5.105777998990073e-05,6.738876220781507e-06,4.988607978354602e-07,2.070651790752579e-08,4.81898552755008e-10,6.2881554093716444e-12,4.6005503304287254e-14,1.8871879286519424e-16,4.340495916752315e-19,5.5973490618281615e-22,4.047103091074979e-25,1.640684140039522e-28,3.729276026016095e-32,4.752727508280125e-36,3.3960974046728814e-40,1.3606179533304603e-44,79.5
1.0912958649454739e-05,3.629410643920148e-05,9.32413596850217e-05,0.0002604068858495684,0.0006832223750593237,0.00128994350319419,0.001764589134659939,0.0019278528960335146,0.0017562178579922376,0.0015212887279651506,0.0016029896259739812,0.0021775133449604828,0.0038110410818681714,0.007124280252321187,0.010645090523523474,0.011517295042606887,0.00907026927997915,0.005993634087630168,0.006309672838467537,0.01339819144773969,0.027358872345857058,0.03792253348339511,0.03316708015217735,0.021488685155077875,0.021976187361313352,0.034743649728417314,0.04034029341386578,0.032827819590637346,0.023881924731244418,0.01587013823723096,0.007477964773765885,0.0021657863305667314,0.0003826351196396445,4.3794874380619295e-05,3.4875908455847958e-06,1.942038125324679e-07,7.054051346017378e-09,1.5513327420306426e-10,1.97691894563453e-12,1.431064663501154e-14,5.837463187176879e-17,1.3376198484594653e-19,1.7197736918773932e-22,1.240069269608641e-25,5.013990899080082e-29,1.1367280414961938e-32,1.44495621687573e-36,1.0298500360894802e-40,4.115409065046791e-45,9.220855163658945e-50,80.0
1.9234709475259156e-06,1.396638834689979e-05,9.252092750179451e-05,0.00041176782352193137,0.0011460388632993808,0.0020306661335554106,0.0023314479260515813,0.0017294312048739683,0.0009310695655183012,0.0008434551934177653,0.0015887872236413224,0.002757124046850307,0.00451958572898235,0.007176822451239738,0.009438840520886834,0.010190742946729425,0.00954376246635903,0.00784056192509223,0.0063293613975830346,0.007614280153710917,0.015142339071614823,0.025268801554739578,0.02686600095402345,0.022825608424097515,0.02751041678136394,0.035958357285475535,0.033439675733448616,0.028821727713212737,0.034547446798037354,0.036617802260651845,0.02375154584885096,0.00874540948010915,0.001808877898647567,0.00020989009123438524,1.3660373580212146e-05,4.986830402627704e-07,1.0211544230723836e-08,1.1729480409813942e-10,7.557944666857404e-13,2.7320240378126112e-15,5.540395239411886e-18,6.3036666228757265e-21,4.024057049631452e-24,1.4413746856786643e-27,2.8970521104978865e-31,3.267596840866575e-35,2.0683342551998206e-39,7.347872927846253e-44,1.4651459363389996e-48,1.6398690094121458e-53,80.5
1.695793195411162e-05,6.142793094413492e-05,0.00020439175566988965,0.0006347428014109501,0.0014785957059921194,0.002298462095975739,0.0022974441991141874,0.00143770775260104,0.0006108367252360042,0.0005421577566557172,0.0014593987067693377,0.003230553613561624,0.005378291921315772,0.0071364360160751554,0.007966853745283433,0.009089359752968165,0.010535251959470672,0.00944684772268343,0.006181734197638941,0.0055404822964335585,0.011792369558253142,0.02227591252342449,0.027355125507328645,0.026624600401570556,0.02867406557496016,0.029372051331093513,0.022039029322006257,0.015784781791712207,0.018977022319097495,0.029748133192228934,0.03999624866744781,0.036309242776239425,0.019711591403260256,0.006118895693958171,0.0010711124392663734,0.00010530239527295856,5.807245119409869e-06,1.795900124288113e-07,3.114089000035854e-09,3.027638343913598e-11,1.650431021175728e-13,5.044406322652118e-16,8.644536652351628e-19,8.306006309773223e-22,4.474676491890066e-25,1.3516052448717748e-28,2.2890587125809588e-32,2.1736160530331568e-36,1.1572510148945214e-40,3.454547307892668e-45,81.0
2.194412921509171e-05,0.00011280144825296351,0.00037498406692583995,0.0008582554622913606,0.00143470119777772,0.0018856065006509766,0.00201263959208227,0.0015905308349107121,0.0008761830753797797,0.0006435861579090242,0.0014039851658210498,0.003251884032554898,0.005649034759234822,0.00701387492839467,0.006993829465284403,0.00820246296511586,0.010674104768007127,0.010086958205787403,0.006423710544803075,0.005531503703897892,0.011956459039598235,0.022623816666244724,0.027900468212025433,0.027101972409620013,0.026833729780272993,0.023935048064958133,0.016675136045516417,0.011423768621161248,0.0087808045244206,0.00863481446919137,0.01765340092622948,0.03570620466866769,0.046396316145806867,0.03810413723230035,0.020375468395714372,0.007078791532385555,0.0015398828143223476,0.0002007499116881665,1.5195388373663435e-05,6.559278562168442e-07,1.600161525807733e-08,2.1967038023157685e-10,1.6936265033554853e-12,7.326708130286912e-15,1.7777334718023184e-17,2.4188560752826972e-20,1.8454506449767286e-23,7.894549006332398e-27,1.8935519292280266e-30,2.546529660428555e-34,81.5
6.57287235373761e-06,6.143133956952295e-05,0.0003228660153359738,0.0009565911608124217,0.0016193771106883588,0.0016846941503715087,0.0014429115041830346,0.0014749341992417165,0.0014550739968549444,0.001301717000872834,0.0016695845147068533,0.002866578599246192,0.004537442865121543,0.005479799051407407,0.005277952829533074,0.005784640768946628,0.00787728183638924,0.00938039106314413,0.00819668610264871,0.0072920644414717906,0.012840488818462972,0.023841124476794942,0.03009981735023816,0.02880308455812595,0.025374307328181717,0.019861179541823627,0.014692460206084283,0.012796429568106853,0.009830601284858893,0.004806267859560472,0.0017073472899461137,0.0031221577997854596,0.012893789897535847,0.03279752782823373,0.04940827333307984,0.04578758713513925,0.027192335622679132,0.010512904049558038,0.002585632307857724,0.0003877186415763552,3.416173966950511e-05,1.728132521766289e-06,4.9576031141066005e-08,8.01667070874073e-10,7.286203763346347e-12,3.7172088107230756e-14,1.0638383368209654e-16,1.707480313376271e-19,1.5367438891726164e-22,7.755102641317606e-26,82.0
5.4356035382284296e-06,4.8332697581304316e-05,0.00024621774463208523,0.0007388498951950329,0.001384772037980259,0.001772348978355921,0.0016985289271064612,0.0014456015972248227,0.001555444011204587,0.0020030310613712013,0.002422147802302212,0.003137774211979213,0.004412239583142483,0.005408762600747308,0.005646728796583393,0.005953211521749923,0.00707287513086831,0.00847843404396459,0.008487889089686987,0.008075541007493069,0.013090133467601746,0.02472807428467231,0.03317056524458185,0.03203834069377284,0.024896911253517406,0.01676775661407909,0.013832426273793271,0.015386714357963897,0.013110376127213707,0.006605683783600279,0.0018805257650455957,0.00031213894154038635,0.0002110136077947518,0.0016317698001715737,0.008303290044976767,0.024882197050231696,0.045426397333620194,0.05246611990613796,0.03905143022751834,0.018442816872340076,0.0053259908414999176,0.0009075692435330813,8.908595962593733e-05,4.969389311401098e-06,1.5643773345067815e-07,2.769777832461934e-09,2.7536190824891555e-11,1.535966515815368e-13,4.805291310981276e-16,8.430298647751376e-19,82.5
6.519428375737192e-06,5.616775841769492e-05,0.00027245895522319606,0.000745971689956508,0.001172391711491468,0.00118326481854425,0.0012194671820210557,0.0018113984916666834,0.0025169629749469315,0.002850985912939575,0.0030246453116165206,0.0034326010971784436,0.003966412052212971,0.004473940649524546,0.005628872867504308,0.007057031464701224,0.007867225086131685,0.008349236936888282,0.008329421376198954,0.008286247423372181,0.012627688782230554,0.02489600472106897,0.037115925159373696,0.03729235411307316,0.026039216589676676,0.014849154208370689,0.013926988680950911,0.020278550049988006,0.020662733581612577,0.012087683929173256,0.003973808087049545,0.0007326369220730455,7.606445323893466e-05,1.3392231920801794e-05,0.00013836748661665512,0.0012059361658859457,0.006097234866754188,0.01864248343047885,0.03700498419888243,0.05093334363928756,0.04842663748089864,0.029684126051451962,0.01094864152488526,0.002334483122953966,0.0002825433973516361,1.9265790216265516e-05,7.379274240004303e-07,1.5858758823113844e-08,1.9114478656477965e-10,1.2918739257612742e-12,83.0
7.0462508574741145e-06,6.084745723482334e-05,0.00029593888187186594,0.0008117241474608214,0.0012589044359951837,0.00111793412221489,0.0006673234652349447,0.0007635969085273558,0.001939161692655235,0.0037464911011783333,0.004905580454725806,0.004893286513439092,0.004011675333713833,0.0029409593436408284,0.003517528529037184,0.00669703829447158,0.010190200479822224,0.011142324983566685,0.00951428243710612,0.007972337078250645,0.011303858312384495,0.02396862955557983,0.040572024863594056,0.04430905072254945,0.030309019294919342,0.015231012783990064,0.01480479534128761,0.026897427089962993,0.03335325088259157,0.0235217182595633,0.009309606785771894,0.0020660477191884984,0.000257081294965865,1.7952364973027664e-05,1.3988999546826096e-06,1.640249110371909e-05,0.0002162939770179071,0.001610527004822313,0.0068708860273584416,0.017661713887889167,0.0310649154404309,0.044024826665752775,0.049663664983785806,0.03769352115864517,0.017101660689843534,0.0044341864114928005,0.0006481058622261455,5.319196172094021e-05,2.448749866375102e-06,6.321370740238505e-08,83.5
6.625199216970338e-06,5.85449161675364e-05,0.00029148406389871103,0.0008207023156923559,0.0013177883890941055,0.0012421282964707034,0.000807663568590303,0.0006611118174669993,0.0009067867608893148,0.001625140349158754,0.0036044155929866,0.006333860021714025,0.006835101855501346,0.004398269773090376,0.0024804048451407684,0.004115167576552402,0.009354476096069249,0.014432390544210853,0.014473147174714438,0.01044256537450278,0.01011357812433048,0.021301886078938397,0.04112825879355094,0.050427047498403765,0.037328526552254285,0.018836103087389904,0.01580926686469257,0.027094256069906345,0.03333829263964591,0.023429417832251706,0.009243334186541321,0.0020447950499645775,0.0002536250317880896,1.7638199236378233e-05,6.907974260187092e-07,1.7756717377811118e-07,4.868397748013257e-06,8.176876159588615e-05,0.0007706149190505027,0.00408611154677828,0.012349632588403468,0.02253791268156626,0.030153947047771475,0.03888123749147379,0.044097640266623966,0.03316960671470129,0.014576664048399305,0.003623590839361002,0.000505988998008622,3.9630367205496755e-05,84.0
5.263528428821975e-06,4.890692926943459e-05,0.00025687315661268145,0.0007647633108039052,0.001308368347782087,0.0013613497788370998,0.0010547235381624049,0.0008684697243197918,0.0008321561570842329,0.0011658097633982204,0.002436220755286956,0.004207527569712068,0.0054203010665557225,0.005917022881476506,0.005463228306877398,0.0049435100607516215,0.007420927870455291,0.013397706501428068,0.017668538569353007,0.015367355304237476,0.011872194110172339,0.019156931483560673,0.03957962213344035,0.054398586100918994,0.04471231405600961,0.02464616713013621,0.01930677440688809,0.02718696640394154,0.02826659909663755,0.016916519605744217,0.005688482197169485,0.001072694161277004,0.0001134177522700571,6.723689489954831e-06,2.2352405620891035e-07,7.351230646757889e-09,1.7198304240640284e-07,5.202961443475753e-06,8.828408018026049e-05,0.0008402646082752111,0.0044931467631099,0.01360281623838798,0.02415486811334268,0.028829827922161252,0.030797771461996207,0.03139595798354303,0.023064543012208692,0.01016697566415126,0.00255067747748424,0.0003599157225921846,84.5
3.403244653787466e-06,3.388362291913501e-05,0.00019427943997794267,0.0006393605935915715,0.0012226352763889969,0.0014442719866827112,0.001248590154381096,0.0009727360979932612,0.0008114406642948089,0.001331683359287007,0.0029600043850637357,0.0043308899228060305,0.0037941602736848287,0.002855828029018828,0.004159333726587129,0.007197042840803927,0.009955360699311373,0.013521747284106078,0.0176303398976451,0.016871684286176643,0.013083956357410978,0.01882665305272951,0.039350246433681464,0.056703188535861856,0.04925936891374028,0.029517031417841306,0.02269896395082761,0.02520564274594679,0.020388523284143,0.009563990180271703,0.002524819414296467,0.0003738685607359873,3.1041991618267225e-05,1.4451607128796134e-06,3.773110863988104e-08,9.226055578627038e-10,2.6792778840136613e-08,1.0874552804544041e-06,2.4751919178150783e-05,0.0003159222833918279,0.002262250351999649,0.009110520933330186,0.02087744660142364,0.028713003155751884,0.02858050600255413,0.027451656028268608,0.023705933911178093,0.013732897686318577,0.004659801724214521,0.0008947787792797242,85.0
1.7569141910511436e-06,1.850306328244213e-05,0.00011828406372627398,0.0004513087271151467,0.0010257328362844034,0.0014256060314923958,0.001304729315780084,0.000927741890388504,0.0008323006319465486,0.0016806647280919898,0.0036913279543567246,0.005151994738388714,0.0041741092072455355,0.0020883001521076485,0.001534644918929678,0.003845541777621259,0.008672645199047351,0.013930687057918464,0.017728536589050964,0.018188439579382376,0.016939050408321544,0.024089965445413974,0.04317223384806462,0.056799765823695864,0.04901739709350152,0.031858989165213986,0.023303870453328785,0.01917797388789629,0.011327500012612478,0.003942308079969606,0.0007760660959532553,8.579203645989875e-05,5.319162715302709e-06,1.849242343314646e-07,3.6095429175267896e-09,6.02096627715298e-10,3.9299905781397927e-08,1.5389928988496465e-06,3.379141083858386e-05,0.0004160189046049506,0.002872405766167775,0.011135963335241934,0.02441276356923651,0.03148445196186732,0.028643310135034256,0.02710413454572649,0.026216379256048045,0.017606808604995052,0.006928363553606423,0.0015405199509776542,85.5
7.934243611595374e-07,8.320306528052935e-06,5.824133052079193e-05,0.0002627441324802043,0.0007276860381086231,0.0011978808836281803,0.0011754113980503465,0.0008048989057802296,0.0008508180326597454,0.001984042742119839,0.004311726010037282,0.006311578414672763,0.005949934496431236,0.003875742677466837,0.0022840858742547514,0.0024002681967314286,0.004881885985776827,0.010709151426542298,0.01830335569620223,0.02243749638213903,0.025279988647557164,0.03557160669094707,0.0484730313529318,0.05138172003702857,0.04314444461407177,0.030521455073598682,0.01969947856277122,0.011176041395092698,0.00454972021903601,0.0011364854511535106,0.0001636275441862053,1.3316902654061556e-05,6.091762288888964e-07,1.563778368347928e-08,3.258949978729542e-10,8.894253136434321e-09,4.399848654144221e-07,1.2206043341756567e-05,0.00018986234924704535,0.0016560313124139748,0.008103911248101376,0.022319180052376892,0.0352296569243418,0.03506252607764957,0.030389128116974425,0.029805828564700248,0.023933578094774557,0.011826348987089029,0.0033327478278012503,0.0005281274564161047,86.0
4.470824489257799e-07,4.816659722699008e-06,3.414440592245347e-05,0.000157625637975052,0.00045638603585878884,0.0007999132506207546,0.0008482091294022653,0.0006572807242596324,0.0008289344071451183,0.0020103112991466123,0.004583219142434614,0.007347677197413581,0.007340834997098842,0.004438487520188226,0.0020310637426681167,0.0016983556420894954,0.002723035210164996,0.005879349072196896,0.013329673945877177,0.02494416478131091,0.039694663659757656,0.05175297134452445,0.05044675291907805,0.041548132003682826,0.03527060511480909,0.026435205068855345,0.014310182027150342,0.005417415292558749,0.001423122062807325,0.00024494144288587114,2.576455196861665e-05,1.5818280404884412e-06,5.54131735024578e-08,1.434200410805697e-09,2.615487439979851e-08,1.1349384368536356e-06,2.762685582891914e-05,0.0003771247330150635,0.0028885218286619435,0.01244294352910026,0.03044107555428787,0.04395381377267448,0.042477690463037315,0.034533279853245474,0.024777295554166183,0.012617163976897628,0.003879112322250523,0.0006814884427171852,6.743637856404687e-05,3.74561384709985e-06,86.5
3.809349015886402e-07,4.279581885333493e-06,2.784944508562535e-05,0.000106802318727734,0.00025069136589144354,0.00038652754388428685,0.0004489584540311648,0.0005665401988524913,0.0011906126157661839,0.0029890282035515098,0.006115880773742415,0.009077892065736696,0.009778161389168406,0.009454706863251856,0.010799873097859193,0.011051930879429883,0.007522044984074159,0.004704217941038149,0.008497152296815217,0.022621663266503736,0.0434852883524571,0.053244584585386986,0.04454727206293267,0.03606273431847202,0.033421164788828256,0.024294217690485637,0.01093370425085873,0.002913475240345049,0.00046545285292330885,4.5911614056733285e-05,2.8708531089507717e-06,1.1439046666508784e-07,1.6518594384634756e-08,6.574913463372632e-07,1.771237869197946e-05,0.00026800177473518575,0.002283157668639918,0.011019318258699833,0.030574668876577536,0.050354012465001964,0.052125570461841825,0.03627041758942262,0.017366722934116608,0.005466429086315181,0.0010565830388899887,0.0001195213609746358,7.720938283738761e-06,2.817564209587959e-07,5.782386498598701e-09,6.661657666968497e-11,87.0
8.392653433588052e-07,7.992822084807303e-06,4.2838334360495256e-05,0.00012985024416103157,0.00022783874929807954,0.0002614093179686761,0.000321776203906655,0.0007003928713094845,0.0017005517963873834,0.003256209378388759,0.00497537243572131,0.006945190252210394,0.008738260056691833,0.009732414986896703,0.011146063330193839,0.011607508652923636,0.009001191500539563,0.008081950889472238,0.015132925488688113,0.030462408762448052,0.045068296339818625,0.04519544632062472,0.03426554821247896,0.029533889025409616,0.02943838694204735,0.021508155486655422,0.009453850198901494,0.002417003093831671,0.00036193005770065545,3.236845593575038e-05,1.7965103805633917e-06,1.3303003189621016e-06,3.0980595007474394e-05,0.00042780865345526,0.003359995054291812,0.01508714980963732,0.03896797694573067,0.058263415297773555,0.05070454889798099,0.025768645986550796,0.007649119889224162,0.001322251860691042,0.00013240469541270388,7.632008725345842e-06,2.516733927430316e-07,4.722573487826188e-09,5.0213277814944245e-11,3.015588626897298e-13,1.0205628071716617e-15,1.9432066116779025e-18,87.5
1.4210398382781075e-06,1.1411542583267354e-05,5.172302044220736e-05,0.0001333001715131361,0.00020149982064222264,0.00021633716840287816,0.00032748069737991255,0.0008104018026179396,0.0017595873067016482,0.002788407283081719,0.003554318485520668,0.004925148368897859,0.007446409899009517,0.009810576402947791,0.011776008336543157,0.013195924881872819,0.01375296295294886,0.01638785941892586,0.02311707485714425,0.03351042650147399,0.040030269018582476,0.0332709277188346,0.023439158554305638,0.024056559514866842,0.0262747014300257,0.0186127997682331,0.007625222645385312,0.0017859496323908639,0.0002405520511555156,2.2567096696412144e-05,8.018625571866646e-05,0.0009390191561074598,0.006254324257155421,0.02342786935183552,0.04933197915151633,0.05837127570984541,0.03879701982776005,0.01448104114137861,0.0030345559364679388,0.0003569374249164122,2.3562002907809324e-05,8.727487233763221e-07,1.8137076594801924e-08,2.1144599989716666e-10,1.3827588520521826e-12,5.071953961700139e-15,1.0434185616180737e-17,1.203852540723159e-20,7.789335598488343e-24,2.8263375798057745e-27,88.0
1.9738909451507345e-06,1.4150970967549456e-05,5.714617753594908e-05,0.0001315667402622322,0.00018422810469862893,0.00021976000075359437,0.00041289957180808893,0.0009319004806715107,0.0016900500669364844,0.0023089059243847233,0.0025577234086457054,0.003344545914712899,0.005888113024316661,0.009521889125192242,0.013376672049505978,0.017898834702463187,0.022237842698471108,0.02469354114171477,0.027197524286798804,0.03094390051468635,0.028545381476285634,0.019533893314522585,0.016031691737616722,0.021201780917162266,0.022763742833856668,0.01451664697488996,0.005240979317703073,0.0010771133522186538,0.0003142114915151533,0.0018649689412705596,0.01013229313757553,0.031101299132466138,0.05365989665653024,0.052001163531088974,0.028291263331246302,0.00863795975681851,0.0014797097267060014,0.00014218932351431007,7.663445069713175e-06,2.3163582586374803e-07,3.926286101971052e-09,3.731909789201921e-11,1.989014225969249e-13,5.944169218000132e-16,9.960544257302067e-19,9.358536978207567e-22,4.9301689560410075e-25,1.4562693557487444e-28,2.4118240562766163e-32,2.2396082794166152e-36,88.5
2.170737177676915e-06,1.497458550319853e-05,5.8586053193035024e-05,0.00013538427588030645,0.00021647425775051844,0.00033467802472940985,0.0005600794439324085,0.0008907782896960988,0.0013730888892693025,0.001857889757921519,0.0019838690634403364,0.002349632559070189,0.004549853258734076,0.009280484862609123,0.01605872652691722,0.023770824052823793,0.028463757206746418,0.02754375335825535,0.02432334031064616,0.019333158776675453,0.012218588641255959,0.007107098325264991,0.004671743193814892,0.0028198629677642917,0.0013253966861882008,0.0005049170001442732,0.0004222986472340206,0.002468935703588869,0.012047205406681196,0.03362880944382239,0.05292616378949935,0.04687489607245555,0.023337742902237373,0.00652676430006078,0.0010247615477204201,9.029557547296068e-05,4.463859490441233e-06,1.2378595316431797e-07,1.925263219310401e-09,1.6792885280093778e-11,8.213870721568004e-14,2.2528760066983757e-16,3.4648085972315115e-19,2.9878835680847553e-22,1.4447193593392337e-25,3.9168213541683323e-29,5.9540299134872396e-33,5.0747283961069616e-37,2.4251434400252097e-41,6.498059724850098e-46,89.0
1.8709619472166277e-06,1.3471650424026523e-05,5.564593586227379e-05,0.00013970925723290266,0.0002488853362200485,0.0003871476075809681,0.00055153708907053,0.0007525814384683516,0.0011274379806829203,0.001582922337264057,0.0017224447155341407,0.001893703256330968,0.003974616623282604,0.01059581959469193,0.02214564669374567,0.03237151928684849,0.03215021097309265,0.022806366191733925,0.01294040439541514,0.0062150718580904025,0.003304515897899589,0.003968777304978866,0.005582721342345142,0.00509847206021019,0.00298327450490754,0.0028984059924681282,0.010476527506669869,0.030130562415648314,0.04964241303319527,0.046013441268166796,0.023953168114237075,0.00699969965810312,0.0011479395357415166,0.00010563287573320242,5.453246566939936e-06,1.5791944983231388e-07,2.5650705193027744e-09,2.3367547445798566e-11,1.193852359075785e-13,3.4205079243594766e-16,5.495613058064068e-19,4.951237322998189e-22,2.5013392733480407e-25,7.085722079409023e-29,1.1254894131107959e-32,1.0023953133451682e-36,5.005789578404937e-41,1.4016469061000472e-45,2.200565774848467e-50,1.9371246837966456e-55,89.5
1.2588012487226678e-06,1.0472663643013308e-05,5.082201822104137e-05,0.00015009580452914775,0.00029138555412123725,0.00041608575433544443,0.000502033346863208,0.0006122262370866603,0.0008840690431141281,0.0013315214110204165,0.0016118279329153423,0.0019423053606732975,0.004925108157536532,0.014877233344230249,0.029608737108705943,0.03527978222117045,0.025397285487608997,0.011716721508487868,0.003919598898779715,0.0013263822872264484,0.00133943541659489,0.0030456477667710753,0.005693468045312201,0.0073755151122554445,0.010154683829533292,0.02262344683956186,0.042670827738637014,0.04789184067576287,0.030336148618251686,0.010781694897482659,0.0021486779983150715,0.00024009598398447806,1.5042668832343641e-05,5.284346141363594e-07,1.0408406024277875e-08,1.14948708133086e-10,7.117888650917905e-13,2.471302219125607e-15,4.810923774177866e-18,5.2512106274811985e-21,3.2138024040320863e-24,1.1028288717394118e-27,2.1219091619176694e-31,2.2891574554727262e-35,1.3846987679566002e-39,4.696413059576987e-44,8.931187872504012e-49,9.52324097116875e-54,5.693687496722464e-59,1.9086949367152406e-64,90.0
7.521103840797504e-07,7.665327123799649e-06,4.4605046438689866e-05,0.0001508060102520677,0.0003108977279607591,0.0004340270946614069,0.00047882302183350215,0.0004934149005573166,0.0006531846050057293,0.0011299799008853298,0.0016804074551073516,0.0028381689363974525,0.008208201510992998,0.020562757212977553,0.03150600140357887,0.028578432586381416,0.015954549069162712,0.005932709898939738,0.0016156488310452698,0.0004738650816506637,0.0007366072364705575,0.002310936752647765,0.0065022493413100695,0.016307504958837326,0.033591297798149164,0.04762796842408474,0.041122828537022815,0.020573206903242252,0.005946540940804076,0.0010758961627729874,0.00016737420212649843,3.0456115480231437e-05,4.698951324175182e-06,4.496135937257721e-07,2.4556144065528965e-08,7.542038852410893e-10,1.299417713973733e-11,1.2553442778650363e-13,6.799885817357241e-16,2.0651909667383422e-18,3.516720211292246e-21,3.357641185616959e-24,1.7974200876291865e-27,5.3949041870395745e-31,9.078972861729015e-35,8.566600938904876e-39,4.532096949933692e-43,1.3443386456800795e-47,2.2358209019934114e-52,2.0848949481182874e-57,90.5
6.082829226689742e-07,5.834730781193936e-06,3.4608966994547435e-05,0.00012821971807891304,0.0003036513919062525,0.0004704817861044834,0.0004886611299290602,0.0003927862421014935,0.0004857899851338366,0.0010548065757997377,0.0021917707995598996,0.0051223761768899815,0.012484210686653681,0.022186763463892735,0.025985973017353333,0.020839847400617475,0.011935091636016562,0.00482348403499385,0.001317492100123449,0.00031422373633712753,0.0005740166821512688,0.003298180492619738,0.013802757717794456,0.03445930860822713,0.04937683363178103,0.04023926151159601,0.01860526850083597,0.0048852538431043415,0.0007555758875221019,0.0001591261713859692,0.0001942317926906587,0.00021096213533220462,0.00013039611393063567,4.520736441715676e-05,8.787734339953424e-06,9.577752405325905e-07,5.8528734292941986e-08,2.0053652994001628e-09,3.852447203716875e-11,4.1495283123306504e-13,2.5059915676334086e-15,8.485536680376278e-18,1.611008610247e-20,1.714885959673493e-23,1.023508525081258e-26,3.4250468838779985e-30,6.426291384935015e-34,6.760411678865544e-38,3.9875368506889316e-42,1.3187276508644317e-46,91.0
5.459661551301466e-07,4.386599762126642e-06,2.4511998620863264e-05,9.966608869859452e-05,0.0002773603721393017,0.00048195117558110575,0.0005013587646137243,0.00036212481792106277,0.00045261817967644127,0.0012381959617580767,0.0033972722133414146,0.008068057205461526,0.014621038026714646,0.019128417410510853,0.01952582635985378,0.016502253800027816,0.010730605933545774,0.004844508429557931,0.0014570550978113136,0.0005296799307313925,0.0020787798398527063,0.00971434153430317,0.02667268366330801,0.04240485114699946,0.039938636184253855,0.023369489179378825,0.009025415779163928,0.0023731909455389586,0.0004125134041389201,4.669605168001017e-05,2.2304864733334372e-05,9.943195078450354e-05,0.00028431952508551733,0.0004563073964262813,0.0004106108873429844,0.00020716780916914875,5.8604764216248474e-05,9.295278561824425e-06,8.26629180765546e-07,4.121714364163278e-08,1.1522955586539874e-09,1.8062119896415726e-11,1.5874219831559344e-13,7.822307716528241e-16,2.161206370951778e-18,3.3479303815314128e-21,2.907872996699279e-24,1.416097927378552e-27,3.8666064977363266e-31,5.919506507723768e-35,91.5
5.930652063909219e-07,4.873540697147266e-06,2.6043661699660686e-05,9.318606308623263e-05,0.0002300764545231868,0.0003985624711946717,0.00048090758887046084,0.00044766395416378623,0.0006348665328316291,0.001815173768977072,0.004970525282872803,0.009967868202049214,0.014259726298835155,0.015743118399652117,0.015358963514845163,0.013947475681655651,0.010535235056442454,0.005844236949487133,0.002377977304198684,0.0016872790423734883,0.006207501641781458,0.019490438403780105,0.035309761488830145,0.03716455634573778,0.02452828898333695,0.012467555517383891,0.006076623656883681,0.002614845073819712,0.0017989662336765008,0.00621498389694285,0.01870917163798381,0.03211152428168457,0.030917632991672456,0.016690795709393563,0.005052041200989551,0.000857384382872716,8.158364228305613e-05,4.35260692602189e-06,1.3020109713579762e-07,2.1837286676332567e-09,2.053532326134452e-11,1.0827376748689726e-13,3.200838707537244e-16,5.305461514154332e-19,4.930618301036384e-22,2.569203085040487e-25,7.506099601564271e-29,1.229558078863586e-32,1.1292825285250305e-36,5.815338605008822e-41,92.0
1.5498434241656173e-06,1.0728749722033725e-05,4.2764278182756316e-05,0.00010251590930870151,0.00016921097868576585,0.00025443053287356996,0.0004032437702487246,0.0006198658831004073,0.0011399239899304412,0.0027473790588403786,0.006074551622515519,0.010250970046556875,0.013036309254307382,0.013197357987720098,0.012383616162299351,0.011828647901223142,0.009976552775831099,0.0069336565072786955,0.004463142528900472,0.004751656785130429,0.01223678989999534,0.026565664036012952,0.033914605953700584,0.025248056229821986,0.012798514501837733,0.007479137277210103,0.005981622100491425,0.003769385209334991,0.0014801806894269133,0.0007087408594418616,0.002999937510334836,0.01276285636442507,0.030853883600008323,0.04183002805461393,0.03179705851645302,0.013552037679143947,0.0032384790501258456,0.00043390676380209933,3.259647102137441e-05,1.372978024623457e-06,3.2424659500446826e-08,4.2934469270554803e-10,3.187539755507865e-12,1.3268565051294695e-14,3.096785626226132e-17,4.0524453212253425e-20,2.9733225290093443e-23,1.2231668882687599e-26,2.8212933622883736e-30,3.648628236780584e-34,92.5
5.257484200117597e-06,2.3802139458013825e-05,6.172604028965907e-05,9.660686289730484e-05,0.00010981516906520249,0.00014857223289399917,0.00034554550817108106,0.0008940752582851184,0.001892996029236627,0.003536731761820599,0.0064002770941734505,0.009902206098336624,0.011615144917880299,0.011138507708471431,0.01101169044294658,0.011338979313968506,0.009705978462106553,0.007121645556246366,0.006479765637834578,0.00966504335991454,0.019074963863079938,0.029277757953873124,0.027269560684658467,0.014892790298269981,0.005837520233596241,0.0042485117504049005,0.005449580799606454,0.005014023433806503,0.0027501885482720872,0.0009041763576736023,0.0005889658035569514,0.0033517570452616,0.014497507341834085,0.03532677212403624,0.04826821913140142,0.03697752223488697,0.01588302354796998,0.0038251404794470245,0.0005165120235286418,3.9105002545039956e-05,1.659980697377398e-06,3.950868674656955e-08,5.272310595378396e-10,3.944829310020113e-12,1.6549096270991573e-14,3.892594682815289e-17,5.133610616208829e-20,3.795993851855714e-23,1.5737904765696018e-26,3.658366084395651e-30,93.0
1.1838457258427212e-05,3.612368931515622e-05,6.417520413163083e-05,7.401953070961465e-05,8.400215409884745e-05,0.00017600976404844403,0.0005186382188009416,0.0012658542000822425,0.0023371220269521415,0.003949554463933659,0.006596589823662306,0.009078420894591488,0.009970501693074361,0.010454953649434493,0.011661712176354816,0.012335813416954057,0.010594871451269812,0.007340772184699848,0.0065767434766851535,0.01270428353844981,0.02330929395478603,0.02639356502437776,0.01756416045753012,0.007144080280794302,0.0022678360318570756,0.001910475350187626,0.0037668052485437917,0.005279440604942635,0.004382399083598383,0.002130359161221161,0.000928197428521946,0.0029577670638052354,0.013281203599764325,0.03446017446187902,0.05016165676224443,0.040940208895199115,0.018734718381047104,0.004806878252998298,0.00069150912077517,5.577653606121819e-05,2.52245834250933e-06,6.396100848644879e-08,9.093382079581109e-10,7.2486046384819315e-12,3.2396808034826353e-14,8.118370530163294e-17,1.140655114743563e-19,8.985839806486194e-23,3.969006667301458e-26,9.82932786459223e-30,93.5
1.7058920455845344e-05,3.8850805934583145e-05,5.490674084851596e-05,6.646445557704169e-05,0.00013402237577660888,0.0003853517021148653,0.0009092961571927687,0.001600961997114765,0.0026161902654868075,0.00450087622729397,0.006526652069331593,0.007557494182781704,0.008825579521135005,0.011047248651987356,0.01248196342809175,0.011721979245520273,0.00988065514873,0.009690739148852053,0.013179948275833464,0.020072088201340377,0.023205458065955867,0.017052939901803964,0.008245116602927007,0.003220308803942059,0.001261873741853341,0.0009444282064106885,0.0021511937069658865,0.004279981720679694,0.005320636920249868,0.0043729780991480244,0.005179182091822648,0.015130590701257794,0.03491748260165071,0.04633885292429504,0.03453378753677894,0.01443124167829519,0.00338130704255569,0.0004442060976875563,3.271924467444042e-05,1.3512660336792806e-06,3.128940377347889e-08,4.0623052281757553e-10,2.9571043659518264e-12,1.2069230729449952e-14,2.7619217102372894e-17,3.543741010030497e-20,2.5493614934607674e-23,1.0282996919066418e-26,2.3255561302976762e-30,2.9488506904318634e-34,94.0
1.922339544631428e-05,3.6853369398723627e-05,5.074469451422418e-05,9.529682184685547e-05,0.00029459931113050985,0.0008006901633500892,0.0015596696577751116,0.0025049965308473407,0.0037879820769259765,0.0047203849990698965,0.004779655581195724,0.0057762011108921235,0.0088730232168523,0.011981668280546037,0.012502252401450607,0.010000996388953657,0.008320978841666127,0.012800363320016248,0.02170050089970898,0.02493702571465605,0.0179501841991611,0.010269639278411765,0.00958524918635108,0.011160010806347513,0.010056187792552863,0.011954855987115157,0.022299651751674136,0.031198612370532754,0.026486333187496876,0.014351692436723983,0.005646531815713902,0.0017246840125439771,0.00037276080347606257,5.024345707985561e-05,3.945280210609849e-06,1.7590695337529555e-07,4.415877913168094e-09,6.224666796922225e-11,4.922826431810074e-13,2.1837127938138187e-15,5.432747327660761e-18,7.580029341736146e-21,5.931186589694763e-24,2.602711207845834e-27,6.4050028078348654e-31,8.839287376043494e-35,6.84093787000357e-39,2.969002515835078e-43,7.226004775524735e-48,9.862228823737393e-53,94.5
2.1484149897729645e-05,3.8634974224793546e-05,6.462945018489458e-05,0.00020501766393345448,0.0006863025398567211,0.001594502734470995,0.002669945278877378,0.003422985392938188,0.0032179784767089347,0.0024714573351521927,0.0031277212164797738,0.006154081797676062,0.009933562086101707,0.012102337685634347,0.01123357257595453,0.008162401407591332,0.008415436599333291,0.016273983121407962,0.024699682847219268,0.02326460757964061,0.01612281038087144,0.01215607330061328,0.00989818120568394,0.007382166858479922,0.010000374026092818,0.022485102044590127,0.035278870813833546,0.03192691498721773,0.017030488217374785,0.007092787234448015,0.004356431982485013,0.0029727478199648963,0.0013098454586103559,0.0003296486685338248,4.666872887176279e-05,3.7103486446742748e-06,1.656355428838738e-07,4.151942838528262e-09,5.844185585497637e-11,4.619410414461492e-13,2.0504655117797195e-15,5.111322638916092e-18,7.155475485266608e-21,5.625684303703998e-24,2.4839844334298772e-27,6.159730122226376e-31,8.57855355453911e-35,6.709712230075383e-39,2.94731589444138e-43,7.270690557564571e-48,95.0
2.199810418231514e-06,2.6605253583290966e-05,0.0001809517714442782,0.0006932769511296226,0.0015115280017674666,0.001971411867854641,0.001871763971743682,0.0018292855571613864,0.0018337397433250903,0.001993321265269082,0.003649327156144166,0.007018988918551717,0.01051623292157318,0.014410892717090402,0.02042962288072014,0.027630602721735793,0.03302533523651556,0.03429746716880592,0.028458328914948736,0.018515959893275164,0.01240551490438428,0.010258404249046884,0.012702133987838003,0.027643817718225935,0.0538077763804728,0.07209281571613925,0.06631216383103883,0.0416797943275983,0.018540160977711703,0.008245705888286436,0.0050044190193658375,0.002566456744673421,0.0007986124370546799,0.00014094454644607128,1.396925931678006e-05,7.764497969030188e-07,2.4198336715545952e-08,4.2284220438790616e-10,4.142764371317579e-12,2.275731436584077e-14,7.009235092163856e-17,1.2104283354286885e-19,1.1719966587433574e-22,6.362568954247627e-26,1.93667821406392e-29,3.30522682575694e-33,3.1627430298292118e-37,1.696857539013126e-41,5.104411682614121e-46,8.609240544216269e-51,95.5
1.0052530883652575e-05,8.61968512805989e-05,0.00044233405110471737,0.0013109460105786262,0.0022670008274005,0.0023763155036158404,0.0017275323491723438,0.0012221387654746693,0.0011720557220090862,0.0018987279950860095,0.003979599290397915,0.006991683599543675,0.010480523213812867,0.015211315402371741,0.02457703345892612,0.04221012084836863,0.05711693293965228,0.053023607339852036,0.03560212676892207,0.02074338198827728,0.013421076128355615,0.00941749949943799,0.007191943734114529,0.013249380717449582,0.03540887105389798,0.06700228198840633,0.0813689200807307,0.06283214019402278,0.031000122253845068,0.011420800041079386,0.00532001812113698,0.003067653542191889,0.0012434891478496752,0.00029246722906480844,3.8743210327561647e-05,2.8793093103415006e-06,1.1998670565933946e-07,2.803503540274488e-09,3.6727256690462234e-11,2.6977070209915556e-13,1.1110149947243225e-15,2.565452018433544e-18,3.3214422774430012e-21,2.4110618920168504e-24,9.813159211887828e-28,2.2393819215313784e-31,2.8652751106265633e-35,2.055527651272719e-39,8.267975024496491e-44,1.8646349723126078e-48,96.0
9.243591358772934e-06,6.612085291507965e-05,0.00027942752050497664,0.000727283447097739,0.0012283372794574436,0.0014195341734625942,0.0012175997012729266,0.0009631445786964713,0.0011131703357290816,0.00201536261231469,0.0032483619087861964,0.004007275032847048,0.00488041699615552,0.007574928786685434,0.016374099730620914,0.03551722075771745,0.05277622945560184,0.04878221769666967,0.03153849545164775,0.019804512789073313,0.01504350529285265,0.011845844884154296,0.007892266638901942,0.006401929515859468,0.014938339473171747,0.039355383817441476,0.07055459295243326,0.0829717629430448,0.06358881846680944,0.03167611575863677,0.011316793440996972,0.0038271604281693867,0.0012865991167727848,0.0003140804075861421,4.594810136267828e-05,3.8224284130059534e-06,1.7880197626580863e-07,4.692173448713458e-09,6.90470101256464e-11,5.696979189830454e-13,2.6355135634550327e-15,6.8360483078118575e-18,9.941774522883931e-21,8.106652342882192e-24,3.706278307813633e-27,9.50065055077275e-31,1.365486773091455e-34,1.1003744243211145e-38,4.971784708711723e-43,1.2595139371886184e-47,96.5
1.2180364047922152e-05,8.628006923739774e-05,0.0003566720966563419,0.0008934452300923255,0.0014449401050372944,0.0016237387177435287,0.0014129606469074464,0.001288250457716022,0.0016381884628084902,0.002203207113498389,0.002370501767927638,0.0024944292903918957,0.004048191458958269,0.00776990746152282,0.015765057549369844,0.032010050541301516,0.0474080515290143,0.04334885512574821,0.02616836694533506,0.015851510357193635,0.013726491575135344,0.013068886146363748,0.010898408420559938,0.0072220989569006895,0.007006102385338027,0.01768519037069215,0.04141869370492722,0.067312340879732,0.07925373396952946,0.06705578922779015,0.03759485751528286,0.013095210067284544,0.0027971943486544784,0.00037526202127908273,3.259965918767048e-05,1.8404760204394249e-06,6.54537603374795e-08,1.4046695262440657e-09,1.7589811536330388e-11,1.2597891791676582e-13,5.106992772414721e-16,1.1659195576889631e-18,1.4954627552286373e-21,1.0764848417256213e-24,4.346557087070475e-28,9.842082733351743e-32,1.249644616306012e-35,8.896572876398085e-40,3.551288642392893e-44,7.9482548232257e-49,97.0
9.962264767069479e-06,8.119640835105944e-05,0.0003868956513634603,0.0011075034158672269,0.001974546979556648,0.002274095545060929,0.0018292742819531272,0.001536661010208316,0.0021288671114909467,0.002734941813361501,0.0022760133737843437,0.0017344510976257052,0.003015094092912728,0.0069776071851529765,0.01478221451676975,0.0289629585145455,0.04281002064972055,0.03975311786979124,0.022716912841566392,0.011101834064846631,0.009474848972915985,0.011118880769396024,0.012151899588620828,0.010392921366125036,0.0071783149721195445,0.009727318193115985,0.024440218510958032,0.04616770779074137,0.0627080887443181,0.07127872655171691,0.06468204172967684,0.03888866709499229,0.013845675003536492,0.00280767978083733,0.00032067373147807917,2.056475201642815e-05,7.398612984974415e-07,1.4928848302840817e-08,1.6892984307705068e-10,1.0719328987606812e-12,3.814128019305125e-15,7.609895928401436e-18,8.513533222267184e-21,5.3405049496011316e-24,1.8784137798138147e-27,3.7045275274840567e-31,4.0964155053358955e-35,2.539817094302304e-39,8.829300761942314e-44,1.7209734544795742e-48,97.5
3.76013394201336e-05,0.00014675157150844767,0.0005660662705351518,0.0016208394441287848,0.0028369113684318754,0.002931202531589551,0.0019975083718174105,0.0015021502115442399,0.0020617650569946257,0.003112964033121086,0.003518215434485728,0.0029661748365734787,0.0032358244875992097,0.00644095174340199,0.013712641670712162,0.026279586892923205,0.03893657605085169,0.03743137785085265,0.02163624660017184,0.008428449140039939,0.005116919385207425,0.00758123659472669,0.011523822675660787,0.012663875557125759,0.009352336874798863,0.007949635775164537,0.017059057186744084,0.03535693483107658,0.049250142778096674,0.056947352618264196,0.0648690523245084,0.05775130819875443,0.03190521829657896,0.010124065627250774,0.001811813517409511,0.00018212507790425653,1.0272853047940316e-05,3.2504175053942875e-07,5.768318733525129e-09,5.7409185030194975e-11,3.2041120755546613e-13,1.0027855368773392e-15,1.759817966008035e-18,1.731713178683202e-21,9.554870144265092e-25,2.956027166677215e-28,5.127699878859223e-32,4.987285118740525e-36,2.7197621598458535e-40,8.316126914433178e-45,98.0
3.484166555894698e-05,0.00017231377990116551,0.0008089425332653605,0.002565710108107979,0.004768009949814165,0.0050897308737586815,0.0033189176678858545,0.001797235875181306,0.0015635001522414556,0.002389482699832748,0.003968185577034387,0.005135904635488531,0.005452504654928029,0.0072564850515772755,0.013083847588238873,0.02400867252888802,0.035646244612970744,0.035566629274101626,0.02160491593158614,0.008037971917938987,0.003630131200072506,0.006739317081239951,0.01274912899594042,0.014719119336809004,0.01016627186641376,0.0058928157132820125,0.010128089705488563,0.025558203576307493,0.042881136893250425,0.052411766394175954,0.06015776066423706,0.060445844567700774,0.04060147806587506,0.016001350426396672,0.0035721604450126704,0.0004481195083215944,3.153454997751832e-05,1.2443551778076453e-06,2.7531574326389063e-08,3.415378278245884e-10,2.3755595148405642e-12,9.264286307356006e-15,2.0257081883182358e-17,2.4834798555162923e-20,1.7071168052412462e-23,6.579375460411931e-27,1.421755576682838e-30,1.7225984289234e-34,1.1702051088598819e-38,4.457165594493288e-43,98.5
2.7492250414623818e-05,0.00014707422714648654,0.0008010242373703313,0.0029874457811780225,0.006518470112109924,0.008116638463645113,0.005922643700095469,0.0028776141898327594,0.0013492170346563856,0.0011717672497798543,0.0024641494858958224,0.00532468388424352,0.008240518628050357,0.010496295770305355,0.014514129573128214,0.022911975012265367,0.03263636045650788,0.0331976564430285,0.021409408495710495,0.00918272592018884,0.006507990985007949,0.012648315509337371,0.019154445311838637,0.01702484457005633,0.0088585978906087,0.003313060934647073,0.003567753166894087,0.011548758036090295,0.029263717771836943,0.051088968563557435,0.0665120139575541,0.06441224985836234,0.041626784118965185,0.016272786549920717,0.0036672140324021415,0.0004677877008144435,3.356234331949103e-05,1.351536673373152e-06,3.052611526384947e-08,3.8661902651948783e-10,2.7455535053950805e-12,1.093202853065698e-14,2.440575166470754e-17,3.054942438814574e-20,2.144040089157892e-23,8.436876080147391e-27,1.8614410890031793e-30,2.302691540505495e-34,1.597132964859454e-38,6.2110527705477105e-43,99.0
5.357862342852396e-06,7.271601820245725e-05,0.0005574966808532441,0.0024100383143602997,0.005875799713997731,0.008088268524957858,0.006317586834860117,0.0028739475877232142,0.0008693335672681693,0.00032663148678566074,0.0006786241631253905,0.002707448424033638,0.007697358666674863,0.01477618081137898,0.021098300952525705,0.026363159776165684,0.030675942999141986,0.029254639713705947,0.019967680532424058,0.012054207893353989,0.017093288107784342,0.03364300041143206,0.043636438435589314,0.03424766741756061,0.01664893394914649,0.005406846161970113,0.0017759255606202681,0.0037047852686924333,0.014681003380839651,0.0383166491341034,0.062137854385633434,0.061497180500700716,0.03624997311582438,0.012446385456839407,0.0024499488741423214,0.0002737543681865892,1.7266001352052266e-05,6.12763046997382e-07,1.22161191772974e-08,1.366864803846159e-10,8.579545890458231e-13,3.020239916439419e-15,5.9621128461876795e-18,6.59949525339623e-21,4.095975718454344e-24,1.4253841752844434e-27,2.7811863419870127e-31,3.042633036164396e-35,1.866333327646969e-39,6.418719102047824e-44,99.5
1.8270061414997814e-06,2.4951156196434993e-05,0.00020200642394824507,0.0010005285647914058,0.0031398818755977156,0.006347883612296057,0.008149343628947163,0.006429222227948824,0.0030372500034068113,0.0009420370333199075,0.0007013866632961477,0.002266369282744589,0.007167864534941075,0.016779390443830863,0.0265162534219421,0.02864976074620643,0.024857683914758327,0.021284272034576515,0.01787089035944395,0.017656997928336728,0.02587722378686891,0.0384541558590218,0.04619380234697402,0.04111820886753047,0.024813903509792283,0.009524336116739383,0.0024653626094564953,0.0024843025100365745,0.011104644286783481,0.03187135411339357,0.051690823214074234,0.047215903574551944,0.02426547397295055,0.007010958083782135,0.0011381182360930232,0.00010375523335731997,5.309859519583047e-06,1.5250396486548826e-07,2.4575816976674307e-09,2.221721782571606e-11,1.1266001745964437e-13,3.2040945544759313e-16,5.110500059586197e-19,4.571082660920561e-22,2.2927324570653786e-25,6.448398866411018e-29,1.0169595247905397e-32,8.992913048568251e-37,4.4589824629731847e-41,1.2396668652292722e-45,100.0
