0.0,0.32302050172857144,0.6460410034571429,0.9690615051857143,1.2920820069142858,1.6151025086428572,1.9381230103714286,2.2611435121000003,2.5841640138285715,2.9071845155571427,3.2302050172857144,3.553225519014286,3.8762460207428573,4.1992665224714285,4.522287024200001,4.845307525928572,5.168328027657143,5.491348529385714,5.8143690311142855,6.137389532842858,6.460410034571429,6.7834305363,7.106451038028572,7.429471539757143,7.752492041485715,8.075512543214286,8.398533044942857,8.721553546671428,9.044574048400001,9.367594550128572,9.690615051857144,10.013635553585715,10.336656055314286,10.659676557042857,10.982697058771429,11.3057175605,11.628738062228571,11.951758563957144,12.274779065685715,12.597799567414286,12.920820069142858,13.243840570871429,13.5668610726,13.889881574328571,14.212902076057144,14.535922577785716,14.858943079514287,15.181963581242858,15.50498408297143,15.8280045847,time_fs
-1.4671818710309524e-06,3.519956342906666e-05,0.00015490655997392694,0.00030837536537669423,0.00032072987373525403,0.00014364076649357694,-7.111840091496855e-05,-0.0002089136685349916,-0.00021752766957765994,-0.00012500236815227847,-4.0422795713298664e-05,-7.347106603220487e-06,-7.504272659412726e-07,-4.743790892306386e-08,-1.9511638103570878e-08,-4.142935832212398e-08,-5.350757582536679e-08,-3.912801388558767e-08,-1.6201279555312507e-08,-3.803572822199625e-09,-5.073653575029861e-10,-4.4352415200817854e-11,-7.874281235203633e-10,-6.020726618629133e-08,-2.6163471461824754e-06,-6.46684183614918e-05,-0.0009136012126377828,-0.007447370755859604,-0.03572831323039901,-0.10495881307510928,-0.20187650834337947,-0.2752942216151836,-0.28261815271500107,-0.22838888764225052,-0.14960840325084146,-0.07534086591794283,-0.025928568439291956,-0.005551937877079462,-0.0007041404178032533,-5.168044266622307e-05,-2.1691806554133857e-06,-5.171141842824959e-08,-6.971226147015595e-10,-5.299277028951431e-12,-2.2671277575467732e-14,-5.4516975624010964e-17,-7.36232581784697e-20,-5.580614930335634e-23,-2.373407723265838e-26,-5.662139711768634e-30,0.0
-4.134386805727139e-06,2.9328878691689954e-05,0.00012050452977205051,0.00019975271131724727,0.00015646264801589865,1.60431896674768e-05,-0.00011715673750786342,-0.0001876809493454771,-0.00016174315907148642,-7.960488985445411e-05,-2.2128112606076616e-05,-3.4574575152109215e-06,-3.074353605011942e-07,-4.564262683450249e-08,-1.2537388452361242e-07,-2.884399216026644e-07,-3.7735670636165326e-07,-2.795454037906376e-07,-1.1717597155798439e-07,-2.7778326119763494e-08,-3.723471170515325e-09,-3.0534740283106895e-10,-2.690791304060425e-09,-1.7473343866678204e-07,-6.454228084628429e-06,-0.00013555672986786667,-0.0016304413223405328,-0.011378106010133593,-0.04722093493976044,-0.12198898211720932,-0.21140237647473026,-0.2697699155911188,-0.27250172688134555,-0.22154141878625222,-0.13821576367724095,-0.060345642540799244,-0.016854345503509255,-0.002837698652430611,-0.0002789529563071951,-1.5756662404626033e-05,-5.072615761693384e-07,-9.265778773817557e-09,-9.576391599146644e-11,-5.58918815822601e-13,-1.8394435944522263e-15,-3.4096803690477342e-18,-3.55653880435591e-21,-2.0859472639400037e-24,-6.875111422061642e-28,-1.2727635386684816e-31,0.5
-1.1751008160537689e-05,6.370792033522313e-06,5.430499545327607e-05,6.575274729593632e-05,3.2766556696990634e-06,-6.912070496950474e-05,-0.00011545935997834414,-0.00012705051412285402,-8.722507215537572e-05,-3.434182240668429e-05,-7.5801635435794225e-06,-9.420283357125047e-07,-1.216065710365964e-07,-2.7990710971223837e-07,-7.605607889286915e-07,-1.1770644200706436e-06,-1.0323694054996052e-06,-5.161743414672237e-07,-1.484862059182077e-07,-2.4906757913722403e-08,-2.4797220965552837e-09,-3.2054567202588835e-10,-1.5556494842573788e-08,-7.953649483691425e-07,-2.3014440331408285e-05,-0.00037903003051811194,-0.003593501053990907,-0.020023760313221707,-0.06795148176604766,-0.14848121762407013,-0.22632914350164407,-0.26599944954950405,-0.2578683835381952,-0.19688613056938284,-0.10499384817171682,-0.03549310068308891,-0.007211331794387456,-0.0008568871960031005,-5.8662368606540305e-05,-2.293247917709791e-06,-5.0908189845612796e-08,-6.394989042743044e-10,-4.5354936909055436e-12,-1.8134248356528368e-14,-4.083505780092758e-17,-5.1751586980547937e-20,-3.689346470715132e-23,-1.4789002478334398e-26,-3.3323635882382145e-30,-4.219603699615885e-34,1.0
1.3904209166697019e-06,3.107560111720919e-05,8.113379068769728e-05,9.783149745781343e-05,5.122731540390779e-05,-3.4041770755319765e-05,-9.86364869376839e-05,-9.222602757397359e-05,-4.499796811544455e-05,-1.221036692410945e-05,-1.8672697192344304e-06,-1.7075746122832798e-07,-1.5699294413812504e-07,-1.282646846526954e-06,-6.188628056479248e-06,-1.6755215352106144e-05,-2.544405605471663e-05,-2.1668994278422426e-05,-1.0348330446501162e-05,-2.7711461508691904e-06,-4.1611266034252456e-07,-3.693821946042686e-08,-1.2795142044711293e-07,-4.731044375595344e-06,-0.0001007143081075562,-0.001230749709321917,-0.00879075651641132,-0.03778497503396847,-0.10169222172966003,-0.1796107153679641,-0.2228255156354131,-0.21840354314646268,-0.18291260619493643,-0.11730013306769169,-0.048644342092637884,-0.011892874863901386,-0.0016570340700344983,-0.00013015323696703384,-5.743879723063665e-06,-1.4227753798336498e-07,-1.9774638072665843e-09,-1.5419696796138333e-11,-6.745598236411781e-14,-1.6555157051975014e-16,-2.2793329123428717e-19,-1.760508072896983e-22,-7.628136807271654e-26,-1.8541444433468833e-29,-2.5281786298634165e-33,-1.933773165588362e-37,1.5
-7.641148781012755e-06,-1.486398374681255e-05,-1.2870781634484517e-05,2.5006989817425882e-05,7.714059636200005e-05,4.246756174203155e-05,-4.2331186789322506e-05,-5.7909924135868806e-05,-2.6033288220495975e-05,-5.718636054741434e-06,-6.699763586976331e-07,-4.318743772830815e-08,-1.965113436423866e-09,-2.63700173130427e-09,-9.644023401917295e-09,-2.1088218918903762e-08,-2.7005143482879433e-08,-2.008691185205424e-08,-8.632140202709888e-09,-2.145502055666579e-09,-6.600973974981077e-10,-2.8248867070350223e-08,-1.2873143681403775e-06,-3.336986998324303e-05,-0.0004957164066962867,-0.004282202828093788,-0.022050039650216964,-0.07037699963877297,-0.1472012756943749,-0.21679296360321224,-0.24334621583832014,-0.21710499196438976,-0.14652958722031437,-0.06752555876438283,-0.01957820933844991,-0.003414736416063848,-0.000350363344048744,-2.0889781396696747e-05,-7.179307286075852e-07,-1.4134305476550504e-08,-1.5861184697507358e-10,-1.0104385553202283e-12,-3.642582431884976e-15,-7.412495971969521e-18,-8.499025479558567e-21,-5.483106910653647e-24,-1.9883895761137258e-27,-4.050217488825711e-31,-4.6316006261657987e-35,-2.972337768291903e-39,2.0
-6.772465818112141e-05,-7.994134712827557e-05,3.0684865790534866e-05,0.00023977526609367738,0.0003208032308060712,0.0001639787278583087,-9.801203063573182e-06,-4.446734687411508e-05,-1.8485181489847412e-05,-3.484146674867083e-06,-3.434867296928259e-07,-1.8495076064066643e-08,-7.927849916395964e-10,-1.3602219726074865e-09,-4.491874211852662e-09,-8.855370750181376e-09,-1.0308113751653092e-08,-7.100718316323435e-09,-2.9427868510983562e-09,-8.429848472875622e-10,-7.692862962658236e-09,-4.067430020722548e-07,-1.2439234309191487e-05,-0.00021775328721205346,-0.0022056607551718082,-0.013169871997914476,-0.047901047119275036,-0.11225899293506017,-0.18367149453214127,-0.22556173578887334,-0.21158143063974444,-0.14759142053347485,-0.07452404344784264,-0.0264594931697815,-0.006275350658640925,-0.0009344229358905441,-8.312973516128861e-05,-4.285462236039531e-06,-1.259303358817294e-07,-2.091919881198413e-09,-1.9563823078271925e-11,-1.0279506663585019e-13,-3.031522546796087e-16,-5.015318431888216e-19,-4.653433837042676e-22,-2.421189306333639e-25,-7.06374005563956e-29,-1.1555166133353052e-32,-1.0598521124454839e-36,-5.450518130452224e-41,2.5
-2.0007936463255967e-05,-6.539831655557097e-06,0.00014638282491750553,0.00040803196691820143,0.0004932427844038315,0.0002876907816399892,6.301930307695005e-05,-9.148351727482e-06,-6.974125068932166e-06,-1.302428664315434e-06,-1.1428612512756517e-07,-5.2988771170440306e-09,-5.126020333572554e-10,-1.6706564879411729e-09,-4.557863980440861e-09,-7.72683146554668e-09,-8.147739729432753e-09,-5.452992336604403e-09,-2.70527187951289e-09,-2.3664299168024154e-08,-9.896228592420435e-07,-2.4097649584708743e-05,-0.000333704192453122,-0.0026674666551938786,-0.012714504373877342,-0.03869524428431966,-0.08463917937453748,-0.1488079158392394,-0.20775707147387337,-0.2087227720872005,-0.14440081308586616,-0.07278910178046472,-0.028652613101263397,-0.008331766180930865,-0.001572931176610865,-0.000176568491591833,-1.1346679429948039e-05,-4.1173270192459655e-07,-8.396854986830956e-09,-9.609186102332596e-11,-6.167285216562785e-13,-2.2195284683087637e-15,-4.4787835243737304e-18,-5.067374597672025e-21,-3.2145961563912924e-24,-1.1433764274478738e-27,-2.280190227499164e-31,-2.549598708315904e-35,-1.5984219734997103e-39,-5.618623053408416e-44,3.0
-6.3939399379657355e-06,4.919645447892698e-05,0.0001983037294542542,0.0003788959795622989,0.0004328236991379611,0.00031615606133225465,0.00015844328096435885,5.6388982292949756e-05,1.3486299607829044e-05,1.9830810125015793e-06,1.6888149229427725e-07,7.604237305758935e-09,-2.7004234967787324e-09,-9.543888780582769e-09,-1.8124503079475244e-08,-2.0421620976115673e-08,-1.4361841514857091e-08,-7.673678129989643e-09,-6.094807656009194e-08,-2.3735984772032603e-06,-5.472127571345592e-05,-0.0007212694922352956,-0.005473583521171903,-0.024265651989220854,-0.06521601022561897,-0.11711935527882594,-0.1676167616756559,-0.20942576356896506,-0.20264450931922995,-0.13739050638354836,-0.0691175013274195,-0.028319575091179067,-0.00879296375846163,-0.0017694188979583201,-0.00021014446049671246,-1.4219680189423334e-05,-5.420957472188927e-07,-1.1603930531322675e-08,-1.3932809527180738e-10,-9.380940288252662e-13,-3.541517154340916e-15,-7.496457452110028e-18,-8.896990293155525e-21,-5.9203779065019895e-24,-2.2088931585338097e-27,-4.620818039356012e-31,-5.419782676004399e-35,-3.564213559131955e-39,-1.3142088920559268e-43,-2.7169642351736208e-48,3.5
-2.740460359549654e-05,2.5749228898673115e-05,0.0002563668408860489,0.0006454449226683181,0.0009143133022507099,0.0007952401137321041,0.0004300827064577449,0.00014384908797483058,2.9301908884989042e-05,3.5621598104434002e-06,2.5342554834257603e-07,1.0032796638215887e-08,-1.668535385645773e-09,-5.8245516660954105e-09,-1.0562723572498827e-08,-1.1865960733981022e-08,-1.0175108257649411e-08,-1.0390331206101265e-07,-3.6400188461753945e-06,-7.553332032785812e-05,-0.0008985920573584004,-0.0061949184174336725,-0.0252278794274313,-0.06324438450154096,-0.10743472770424793,-0.1446817921146817,-0.16581972415740884,-0.1469090409199165,-0.09630335904785547,-0.05186028529501065,-0.02356469471653143,-0.00763480729917313,-0.0015169659832448982,-0.00017364170054912697,-1.1230237411011688e-05,-4.0810677394476495e-07,-8.320261182806378e-09,-9.512428822806116e-11,-6.097966274651601e-13,-2.1918112696316526e-15,-4.417145813192031e-18,-4.991138325496211e-21,-3.1621061246064165e-24,-1.1232389362455293e-27,-2.2371067318923596e-31,-2.4981591323414893e-35,-1.564128147842121e-39,-5.490898308800628e-44,-1.0807700632085152e-48,-1.192729741663562e-53,4.0
-2.75099169313881e-05,2.358312712466375e-05,0.0002755536396275419,0.0007571001762358818,0.0011847054894156208,0.0011510459971562697,0.000691685530245474,0.00025177734789340474,5.4380076229829596e-05,6.852885413279084e-06,4.97506375698798e-07,2.0118434714601647e-08,-1.9559148092492813e-09,-6.9674398262467635e-09,-1.236455478020079e-08,-2.009989817654658e-08,-3.4322797500194214e-07,-9.747512766888757e-06,-0.00016126660628748283,-0.0015285585454710763,-0.008459980436266811,-0.028380352631444727,-0.06220692973244927,-0.10259421839436493,-0.14801180401271313,-0.18240077813444902,-0.16725664527114484,-0.11031832601157349,-0.0567307324124621,-0.023210779292087313,-0.006683969827493407,-0.0011931084361769659,-0.00012388641980945938,-7.3053582990085804e-06,-2.426110856758426e-07,-4.524616768870191e-09,-4.7338844432286365e-11,-2.777551706190122e-13,-9.138158358477544e-16,-1.6857237859532215e-18,-1.7435629254165613e-21,-1.0111356448957358e-24,-3.287764577834649e-28,-5.993922042198313e-32,-6.126894463030253e-36,-3.511466921163305e-40,-1.1283806081005306e-44,-2.0330192370229608e-49,-2.053743494827324e-54,-1.1632411336193756e-59,4.5
-2.927012319182421e-05,3.3587057535250505e-05,0.00032498026407472996,0.0009369791338262308,0.0015904851789314035,0.001696814660416651,0.001129251192658541,0.00045830478549641675,0.00011077260003038282,1.563102349141702e-05,1.2685449799249375e-06,5.452540078320272e-08,-2.4116112640745453e-08,-9.542574457583647e-08,-2.42986485391286e-07,-1.763590859222414e-06,-3.3549973810957436e-05,-0.00041577955703638535,-0.002950704043465627,-0.012254757835306796,-0.03181955456040888,-0.05937395824606263,-0.09541341198533895,-0.13941895908571766,-0.1666605856970399,-0.14911180229292106,-0.1005688961440665,-0.05310675248623157,-0.02100060727738816,-0.005553231236263822,-0.0008957445579043127,-8.40118257653413e-05,-4.486164185636311e-06,-1.3519226702701416e-07,-2.290647780959671e-09,-2.1787552923268247e-11,-1.1625365531994183e-13,-3.478757850351838e-16,-5.837204439527423e-19,-5.4919172348674555e-22,-2.8971469935457324e-25,-8.569189166848065e-29,-1.4211157537047074e-32,-1.3214135655209948e-36,-6.889175288790536e-41,-2.0137923754193568e-45,-3.3005099827904958e-50,-3.0329571488038495e-55,-1.5626810565307743e-60,-4.5143295815142073e-66,5.0
-3.6698105089617476e-05,1.7470961302514838e-05,0.0003200158275552763,0.0010114964915724375,0.0018550407109878021,0.002206487856238562,0.0017004594184227523,0.0008222997264693179,0.0002417898104417894,4.236434202317978e-05,4.384495589587554e-06,2.638169160102185e-07,-8.329258327445683e-09,-2.746857847843904e-07,-7.270709532342772e-06,-0.00011727116477226892,-0.0010672721487459623,-0.005508685667063412,-0.016639446101093962,-0.03280750067600136,-0.05445925791724586,-0.09142725290975867,-0.1346800637631389,-0.15202275679849075,-0.13242195819782301,-0.09220482158157206,-0.04957297186976225,-0.018698673076513114,-0.004512235223893349,-0.0006555209356283047,-5.5401899951201655e-05,-2.675144824308381e-06,-7.311648278016521e-08,-1.125847798070314e-09,-9.74333174947845e-12,-4.7334660586787336e-14,-1.2901315259038458e-16,-1.9721523264565644e-19,-1.690568190674283e-22,-8.126012638356631e-26,-2.1900706976798496e-29,-3.309528986984535e-33,-2.8041252538058375e-37,-1.3321393261602258e-41,-3.548312242390365e-46,-5.299237738867499e-51,-4.437354191000738e-56,-2.0833093662022233e-61,-5.4840618676225783e-67,-8.094122961866615e-73,5.5
-5.960859765172355e-05,-3.292388892518682e-05,0.0002514387044273193,0.0009648077023686429,0.0018922887903531185,0.002473904296834477,0.0022537964168416716,0.0013735732158576765,0.0005319520640855281,0.00012826854411605458,1.9656390306931265e-05,1.930492452980716e-06,-1.5077839222471806e-06,-3.237747747799799e-05,-0.0003754985066848616,-0.0024519130084541593,-0.009052904956207574,-0.019625303740181305,-0.029904970250516773,-0.049057988759936125,-0.09100016466792475,-0.13394315180091418,-0.1442015946910079,-0.12406363520328482,-0.08771614762350716,-0.04621560696663998,-0.01621154586305023,-0.00352897813939732,-0.0004580879937651903,-3.4614513426511116e-05,-1.4998474562773449e-06,-3.692288647323455e-08,-5.135603266971728e-10,-4.022700486862801e-12,-1.771145906770862e-14,-4.378557945120152e-17,-6.074068386453069e-20,-4.726584686320755e-23,-2.0627553282752615e-26,-5.048139023962948e-30,-6.927400624847818e-34,-5.330265996785409e-38,-2.2996305123249628e-42,-5.5627911242255645e-47,-7.544840550465512e-52,-5.737574835163568e-57,-2.446395757933001e-62,-5.848501351811382e-68,-7.839379753155352e-74,-5.891662631341394e-80,6.0
-8.010548610295808e-05,-7.455636055556287e-05,0.00018647349529063196,0.0008792277394185917,0.001845598495235044,0.002603279413306288,0.002722985389710876,0.00206836230698235,0.001067718102943594,0.00036159669835048687,8.161405831155763e-05,4.8497332130603846e-06,-0.0001220938982698095,-0.0010214715730922092,-0.004736115865428013,-0.012406801473590726,-0.019347488209737338,-0.024420172547794657,-0.044788384600120225,-0.08982357545142344,-0.1297066157704525,-0.13701324389347455,-0.11921016303646675,-0.08403926273366487,-0.041993309338659385,-0.013399944577722181,-0.0025937638134651323,-0.00029674091300220355,-1.9742888846869e-05,-7.552052308676271e-07,-1.6473356058074222e-08,-2.0374040701023374e-10,-1.4231979861978187e-12,-5.600534759621357e-15,-1.2394816874031613e-17,-1.5410790312295737e-20,-1.0756715024820827e-23,-4.213168264516892e-27,-9.257349416346546e-31,-1.1408600812372532e-34,-7.884858591177568e-39,-3.0558891804972e-43,-6.641125444683879e-48,-8.092673343823307e-53,-5.529417164171597e-58,-2.1183498125997402e-63,-4.550331128994757e-69,-5.480405501515448e-75,-3.700879995874818e-81,-1.401260097501428e-87,6.5
-0.0001258251912201537,-9.725258788055604e-05,0.0001420931936656614,0.0006917271937379916,0.001589228786932732,0.002527035917358958,0.00303647758345226,0.002793554731124592,0.001851307867192527,0.0008469113707415569,0.00023661130644318513,-0.0003227129363568059,-0.002250882684350215,-0.007416998117654409,-0.013805245734345196,-0.016000331113466208,-0.01945730141220681,-0.041696324525723354,-0.08432068728775971,-0.12092002268723395,-0.13504719360203338,-0.13075749492630317,-0.1008202426460893,-0.0527453738147099,-0.017067370326882474,-0.003287527594015501,-0.000370397061065121,-2.414772237739304e-05,-9.037393349741429e-07,-1.9298977643447042e-08,-2.3408944674873806e-10,-1.607519687767093e-12,-6.235036079437108e-15,-1.3636705013331312e-17,-1.679796305253811e-20,-1.1644293085935032e-23,-4.5395131481545375e-27,-9.948135561021372e-31,-1.2250458601082284e-34,-8.474512231751936e-39,-3.2924916030572132e-43,-7.18281319526731e-48,-8.797296161208123e-53,-6.048159605203358e-58,-2.3337767681624666e-63,-5.053668819901552e-69,-6.14074059826442e-75,-4.186598965899517e-81,-1.6013754254797296e-87,-3.436249006460781e-94,7.0
1.040448143700863e-05,9.620581268944637e-05,0.0002882720232950855,0.000715874456599039,0.001653928714749141,0.0028402561905819666,0.003567575573500075,0.0035879564571784364,0.002830585793657903,0.0015138137044049126,-0.0002590335315348428,-0.003744163556898962,-0.00920557737853307,-0.012476961016544342,-0.012001581175850798,-0.01697740384996412,-0.03780834862408364,-0.07233598736884612,-0.10341496290207941,-0.11568609421248395,-0.10693368739430821,-0.07647191977738002,-0.03732033585919926,-0.01152279661901699,-0.002189694929142079,-0.00025316459142740033,-1.7592055714767788e-05,-7.235488728690776e-07,-1.7344551427143353e-08,-2.3925770502162723e-10,-1.8817457519996406e-12,-8.386156740289394e-15,-2.1093969815766073e-17,-2.9872993176077684e-20,-2.378284986805567e-23,-1.0634201444391025e-26,-2.668986262057503e-30,-3.7586050502400543e-34,-2.969218107692074e-38,-1.3156024092821527e-42,-3.269107460021322e-47,-4.555385637179311e-52,-3.5595206720893857e-57,-1.5596016648103384e-62,-3.831610539763614e-68,-5.2782164767866755e-74,-4.0768614329973176e-80,-1.7656061094229534e-86,-4.287341347757599e-93,-5.837228091231456e-100,7.5
0.00017876481062495668,0.0003585853016302118,0.00048337542826215385,0.0005572285550414429,0.001040383158357729,0.0021863425109877803,0.0033451162191579066,0.003914516602423808,0.003444695576327474,0.0008735002941870893,-0.004057731827999216,-0.008628950348523047,-0.00944704255378072,-0.00976987626309163,-0.016336443260007532,-0.031517994169441337,-0.058130830815843304,-0.09470096890720325,-0.12544345724070316,-0.1290762001975868,-0.09537776013143393,-0.04705477309943523,-0.015165910797926433,-0.0032149688777254447,-0.00044500003491657,-3.8836725832554405e-05,-2.046283064306167e-06,-6.295470261188522e-08,-1.108531431774349e-09,-1.1054834326351855e-11,-6.211188718581859e-14,-1.9611986668149476e-16,-3.475918513661594e-19,-3.455959551407216e-22,-1.9270763509558348e-25,-6.02563310740716e-29,-1.0564574332731682e-32,-1.0385640465167586e-36,-5.72453055782528e-41,-1.769165728210023e-45,-3.0656148420824e-50,-2.978422439812423e-55,-1.6224608857187594e-60,-4.955428481240763e-66,-8.486080100638525e-72,-8.148017034497712e-78,-4.386474328193021e-84,-1.3240308529839055e-90,-2.2407812497175526e-97,-2.1262761028861748e-104,8.0
0.0002827913137603377,0.0006436171737441424,0.0008836685522808346,0.0007773789913489742,0.0008823170661659868,0.0019078653438612584,0.003293567282867727,0.0036341792592053785,0.0018915385906908963,-0.0019507139531450722,-0.00511890943517527,-0.006249946838590375,-0.009306583295611627,-0.015169578650228685,-0.02307537748673253,-0.04311261621122265,-0.08107138556766369,-0.11643489468409066,-0.12019879429769478,-0.0876020158719003,-0.04475124471360612,-0.01633917053417984,-0.0042890877087037125,-0.0007685876807544909,-8.689016656199926e-05,-5.8401752293713115e-06,-2.260231267313889e-07,-4.962256046546817e-09,-6.1397432302319e-11,-4.2689582164421943e-13,-1.665902536601149e-15,-3.646636842313961e-18,-4.476547471052274e-21,-3.0814364174038144e-24,-1.1893251421595739e-27,-2.5738032170847916e-31,-3.1230061305733274e-35,-2.1246675282863434e-39,-8.104547975987397e-44,-1.7333482971270584e-48,-2.0785567900995493e-53,-1.3975162648682202e-58,-5.2683027290127385e-64,-1.1135338628848598e-69,-1.319638506301153e-75,-8.76850130481687e-82,-3.266740229026942e-88,-6.823743098674928e-95,-7.991891375648421e-102,-5.24801797101112e-109,8.5
0.0003450531328150472,0.0009061006201837611,0.0014348990223368749,0.0013602997275907213,0.00100455261375625,0.001338931352769382,0.0019165281552779724,0.0012119163762745154,-4.707999612765454e-06,-0.00036454250864408413,-0.0028083255325423223,-0.008377068925739427,-0.011717895794999291,-0.014256316285846723,-0.030872564590689072,-0.0690234484551923,-0.10612453853404313,-0.10979920849676442,-0.07969672087770382,-0.04285929574862979,-0.017974597107804947,-0.005792374744708397,-0.0012993028088039776,-0.00018279406708688638,-1.5153610611394438e-05,-7.191152666287882e-07,-1.9297767322661667e-08,-2.9138233125506576e-10,-2.4704294716866284e-12,-1.1750740646092505e-14,-3.134641164773884e-17,-4.688953632654068e-20,-3.932806306190819e-23,-1.849508454909234e-26,-4.876771774275631e-30,-7.209893732193738e-34,-5.976470225254859e-38,-2.7776643132520462e-42,-7.238252136526029e-47,-1.0575637095213445e-51,-8.663596727927906e-57,-3.979319067152972e-62,-1.024797688986135e-67,-1.479743190249424e-73,-1.1979905713098251e-79,-5.438001046763067e-86,-1.384025240602114e-92,-1.9750021410146487e-99,-1.5801923963979703e-106,-7.088775153341488e-114,9.0
0.00034511406984634284,0.0010322263245924012,0.0019115482686821346,0.002216885952301694,0.0015044375379783673,0.0003437800590455136,-0.0003470593488806642,0.0005257721696139517,0.0029429082524597945,0.00444035586629469,0.003852148363353838,0.0022297806639115887,-0.003229374411291573,-0.021954139418515553,-0.058581622414072214,-0.09328238071166639,-0.0972896552193194,-0.0722573822325004,-0.04171416940519659,-0.01988179131729587,-0.007573719855713371,-0.002038453746540022,-0.00034475518785064864,-3.4305504205768904e-05,-1.950974710214451e-06,-6.267596110434641e-08,-1.1322148237679596e-09,-1.1480613452839702e-11,-6.529963184269537e-14,-2.0828090139180535e-16,-3.72508296186772e-19,-3.7355330229957053e-22,-2.1003537863549376e-25,-6.621446654878468e-29,-1.1703959841999599e-32,-1.159930211252393e-36,-6.445399427154176e-41,-2.0081062541443057e-45,-3.5078611418474613e-50,-3.4357134977296e-55,-1.8867324876807893e-60,-5.809283241334731e-66,-1.0028907203703363e-71,-9.707413083785174e-78,-5.26832120085866e-84,-1.6030970559636847e-90,-2.735056009626409e-97,-2.6163236617577143e-104,-1.4032516129759154e-111,-4.2198641298883667e-119,9.5
0.00029696166055600317,0.0009979110376108,0.002021912997508031,0.002712368957274879,0.0023419489153255852,0.0012356235882870189,0.0007224258698872487,0.0006793100626725653,0.0009882434482413882,0.003606318595712841,0.007897253250089352,0.006425638766687774,-0.011120821509695039,-0.04553001223686047,-0.07721385437668803,-0.08343021146879588,-0.06606509682353273,-0.04209699939533627,-0.022434396847269694,-0.009615019551720921,-0.002953234614225636,-0.000577063273253619,-6.67431431560509e-05,-4.421434383727015e-06,-1.655583070318159e-07,-3.4863698590231386e-09,-4.1210270185457124e-11,-2.7323667182302136e-13,-1.0159195654848978e-15,-2.117989424040579e-18,-2.4758053294153447e-21,-1.6226749636432746e-24,-5.963026173195118e-28,-1.2286302855658402e-31,-1.4193670986544507e-35,-9.193632827892511e-40,-3.3388617564233714e-44,-6.7987420859679906e-49,-7.762069641607247e-54,-4.968729354691159e-59,-1.7833311071620127e-64,-3.588702569571455e-70,-4.049130583008175e-76,-2.561562381541411e-82,-9.085878546385287e-89,-1.806956735759832e-95,-2.0148717977740815e-102,-1.2596964877722174e-109,-4.415737574269705e-117,-8.678794981739443e-125,10.0
0.0002410486913235005,0.0008910835046058044,0.0018081799992420724,0.0025574447407302864,0.003404192828919252,0.004110842985179174,0.0031412894673308565,0.0009197276202225942,0.0006772352223996594,0.0033018196567387963,0.004174865937594996,-0.004331270801323884,-0.026158266346846107,-0.05188460391807576,-0.06431773381183517,-0.05986796847905589,-0.045321373982576844,-0.02723012801744565,-0.01241899290028817,-0.004040200931177128,-0.0008567558116199087,-0.00010977677762808855,-8.144326544830869e-06,-3.431646265550522e-07,-8.147180361389232e-09,-1.0864632851858061e-10,-8.12840597751094e-13,-3.4102248457163326e-15,-8.021907321150153e-18,-1.0579532393216972e-20,-7.82247861447931e-24,-3.2427427662372766e-27,-7.5365723859961344e-31,-9.820461845476819e-35,-7.1744697090234e-39,-2.9386670310215048e-43,-6.748637091183509e-48,-8.689383633866972e-53,-6.27293581404201e-58,-2.5390028863473673e-63,-5.761920992380399e-69,-7.331354794568122e-75,-5.230159403846954e-81,-2.0919925767439288e-87,-4.691595229407836e-94,-5.899248261143517e-101,-4.159000981763189e-108,-1.643985509401507e-115,-3.6435429999401855e-123,-4.527589588070579e-131,10.5
0.00018681393259027283,0.0007550318697714796,0.0016836164645214454,0.00240289182131679,0.003184841243522696,0.005046003186750174,0.006503875573358204,0.004902163018091674,0.0008265162419663946,-0.004514969982803951,-0.011689765565862056,-0.0202562768774217,-0.026596946220365077,-0.030019959235384502,-0.037038165511761596,-0.04264603342238935,-0.03435561139678331,-0.01779998642342255,-0.005887979063266853,-0.0012166964401090796,-0.00014863907460268294,-9.69631230678719e-06,-2.4394059138929526e-07,5.293372651868998e-09,4.727859378582593e-10,1.1541256132950865e-11,1.3681933728898053e-13,8.667722963694576e-16,3.0229612115081007e-18,5.8681614144303596e-21,6.3679061584638154e-24,3.869717292461895e-27,1.3178383541295865e-30,2.515786719536366e-34,2.6925711774370725e-38,1.6157124869539938e-42,5.435925386627529e-47,1.0254137153120433e-51,1.0845323678967688e-56,6.431382018336423e-62,2.138379338941446e-67,3.986428263375501e-73,4.16679335048858e-79,2.4419614032336597e-85,8.024065397956267e-92,1.4783217220031566e-98,1.5270817704358904e-105,8.844523974476719e-113,2.8721391091124314e-120,5.229441564990064e-128,11.0
0.00019969622062374268,0.0006630464082863392,0.0015304662846626037,0.002323710637617603,0.0031281293434496545,0.00542925010281804,0.008445573537714045,0.007214784668841543,-0.0014457078886795805,-0.014574036186680553,-0.025755570791419036,-0.02710342569697037,-0.01792962838599032,-0.01311300123053601,-0.023062367345253756,-0.03163069579075582,-0.02313168968781528,-0.00903725681574947,-0.0017604068576797323,0.00013834949593875226,0.00037710739305669446,0.0002330334985991612,7.805339100620824e-05,1.4631729044842424e-05,1.5377516900838357e-06,9.061415502484645e-08,2.9938160448343765e-09,5.5459137725809914e-11,5.760232046220071e-13,3.3544837494286664e-15,1.0952928357918884e-17,2.005181275716475e-20,2.0582393256386934e-23,1.1845596638487985e-26,3.822406275157397e-30,6.915691112234783e-34,7.015411753893686e-38,3.9901532998514513e-42,1.2724620342471442e-46,2.2751965579884236e-51,2.2809294222286347e-56,1.2821050453175407e-61,4.0406776715345056e-67,7.140089291538718e-73,7.074111728354352e-79,3.9296966191855125e-85,1.2239536402174848e-91,2.1374194155335198e-98,2.0928271869854488e-105,1.1489359625874535e-112,11.5
0.00039498232571325844,0.0009494599969954985,0.0019042361907981912,0.0033219056591478947,0.0047200819501120785,0.005541476404468808,0.0052295229870421445,0.002147555405487644,-0.006411129916867316,-0.017613051403593274,-0.02062849614076098,-0.012515969693783026,-0.003265806159699956,-0.004636713864625774,-0.01602677841661219,-0.0207947189931889,-0.012956920527091482,-0.004086226468196431,-0.000493514980623444,0.00011920832623121233,8.875518477705936e-05,3.320534866166564e-05,8.389896004149065e-06,1.3169016429941281e-06,1.204555479292588e-07,6.2574560890137585e-09,1.8300983378077206e-10,3.0049402502213218e-12,2.767547792913947e-14,1.4293222850044475e-16,4.13906629659636e-19,6.720468526488456e-22,6.118116569629465e-25,3.1228827323049443e-28,8.937434761991919e-32,1.4341322234255342e-35,1.2902816475915302e-39,6.508768344258379e-44,1.8409078338408827e-48,2.9193367227600896e-53,2.5957043854656883e-58,1.2940324107821004e-63,3.6170453119203196e-69,5.668675660054912e-75,4.981132873198627e-81,2.454107020892651e-87,6.779188634586531e-94,1.0499794177330887e-100,9.11806528946675e-108,4.439596006289872e-115,12.0
2.4388839975334105e-05,0.000416748786022576,0.0016852702733931076,0.003860128207250597,0.005678999120688,0.004483259143693027,-0.002193729604588605,-0.01038335248083151,-0.009951062173667594,-0.0019483155806921757,0.0009609343149197067,-0.0020854491562556678,0.0019045064649510068,0.017451695833527757,0.028753690805752293,0.02305415001972187,0.010240155811081512,0.0026621117481752075,0.0005331532881541592,0.00022673979507919378,0.0001479754795216563,6.629825579646429e-05,1.7926358766548148e-05,2.858950757913992e-06,2.6480404387831455e-07,1.4071260284774658e-08,4.252731722135903e-10,7.268971108917736e-12,7.002017279351813e-14,3.79315354061747e-16,1.1541477057256777e-18,1.9710065855962744e-21,1.8884068777131048e-24,1.0147917248729166e-27,3.0582326653099427e-31,5.168222185400335e-35,4.897438326873866e-39,2.6022135091721537e-43,7.752776050246829e-48,1.2951175437821694e-52,1.2131035768803504e-57,6.371234336123832e-63,1.8762351155826013e-68,3.0980643128423514e-74,2.8683687742668733e-80,1.4890976212238606e-86,4.334684935741081e-93,7.075236452414232e-100,6.47554965922874e-107,3.323289160952278e-114,12.5
-0.0004956092405981387,-0.0008992763304689691,-0.00041134871981038184,0.0016474969049492937,0.00320881976117168,7.043596588215614e-05,-0.005922684246519049,-0.006316595232064724,0.00022788024468529955,0.006324262327857454,0.006761839697003396,0.006013215127993816,0.014317738674771433,0.030032720281309693,0.034925875466104095,0.022649075019358932,0.00833199246993954,0.0017722682872959611,0.00028255749815817965,0.0001357921859860158,0.00011608306302051675,6.225158629497158e-05,1.893580268024055e-05,3.25079141306412e-06,3.147763419147713e-07,1.718440718602717e-08,5.286794755809417e-10,9.161727173499118e-12,8.93906369579793e-14,4.908459351612033e-16,1.5161953674446471e-18,2.633615469604765e-21,2.5714666444203877e-24,1.4109097681628972e-27,4.348909141764103e-31,7.52854676245077e-35,7.317992535672786e-39,3.99333155995593e-43,1.2231092602399184e-47,2.1024014854318467e-52,2.0278213182521785e-57,1.097383645634914e-62,3.331656723745005e-68,5.674130734469034e-74,5.4205765314750224e-80,2.9045111810150184e-86,8.728918806856395e-93,1.4712604320618317e-99,1.3907376798801933e-106,7.37250196436373e-114,13.0
-0.0001661185695555684,-0.0007113733737929277,-0.0018626102180387765,-0.003180144613180248,-0.0034403154895291848,-0.001529484149719467,0.0011961666690210628,0.002121998297351136,0.0009433813805907075,0.00045990899076659916,0.006287900857888381,0.020046341642238966,0.035414902935383116,0.04174074548673582,0.03348540523098534,0.018256018890815955,0.006759789522980915,0.0017285867745852844,0.0004907094386535077,0.00045587468833661003,0.0004578624905993396,0.0002717776297445671,9.07364900128775e-05,1.698891351644514e-05,1.783540665757679e-06,1.0498521102493851e-07,3.4649761608350397e-09,6.412083703882424e-11,6.65311121844814e-13,3.8705879431004774e-15,1.262570250395306e-17,2.3091945867640584e-20,2.3680550336224494e-23,1.361599089037358e-26,4.389679728009759e-30,7.934918369522705e-34,8.042259103681572e-38,4.5702457519843734e-42,1.456219584512875e-46,2.601596439785216e-51,2.6060255390493493e-56,1.4636694540350344e-61,4.609277806218902e-67,8.138572217270757e-73,8.057289182061354e-79,4.472547931373616e-85,1.3920226759397048e-91,2.4291973690790872e-98,2.3768644339365805e-105,1.303980428025396e-112,13.5
-0.00010870991300180538,-0.0007185753380132732,-0.0028188800006747872,-0.006056724419567137,-0.006044733118998045,-0.00018127392343639595,0.00514575326396806,0.004656908696221675,0.0032231084022668775,0.006476633863281234,0.015321035884721494,0.02859977188495466,0.04038149804428906,0.043552371016751086,0.036923441382102636,0.02404819498843064,0.011495655679798517,0.004006083026928289,0.0012954212662906115,0.0007483715526982077,0.0005189424003156846,0.0002347185639038775,6.142553633102625e-05,9.194805566209939e-06,7.879518167779419e-07,3.8718486276519913e-08,1.0918671940417713e-09,1.7667473784567005e-11,1.6383607263642204e-13,8.689540642035709e-16,2.6292734605403465e-18,4.5262927990146566e-21,4.421457240593292e-24,2.4448938753453157e-27,7.637103330047167e-31,1.345331552736111e-34,1.334647148483045e-38,7.448564720936334e-43,2.3366130185963197e-47,4.117501729203088e-52,4.073855112728234e-57,2.2622783106347832e-62,7.049179191243236e-68,1.2322430625406268e-73,1.2082454078582718e-79,6.644574817489834e-86,2.0492609404323397e-92,3.544208948361778e-99,3.4372739550426915e-106,1.8692508112446593e-113,14.0
-0.0001164456747241121,-0.0007978761910179481,-0.002438044535698027,-0.004158344053060786,-0.004155781697294403,-0.0007604899193516612,0.005575884002331002,0.009993194503949225,0.008987309416353964,0.005834234361686622,0.007396402162740255,0.016039520510076666,0.024172138578441468,0.027802307364785613,0.03192440917127875,0.033076895922602344,0.024711461508550647,0.01215628280867029,0.003907158240299329,0.0010216659019420674,0.00045745909248023637,0.00027399370536189676,0.00010991735005836361,2.5493107780682174e-05,3.358505410291809e-06,2.5042486408611255e-07,1.0547539625635176e-08,2.5054203636102195e-10,3.3520129348687438e-12,2.5233461226735022e-14,1.0679209565733769e-16,2.539312102229449e-19,3.3907412690157626e-22,2.5416276487067035e-25,1.0691638112909298e-28,2.52347112846036e-32,3.341213753772595e-36,2.4814752804195653e-40,1.0336583617364201e-44,2.4147796890402656e-49,3.1636722364975265e-54,2.3243694445802243e-59,9.576560909053998e-65,2.2125830140065262e-70,2.866639349698241e-76,2.082718010195563e-82,8.485441453428512e-89,1.9386951742733642e-95,2.48394573678721e-102,1.784761859660586e-109,14.5
-0.00020413313105534635,-0.0003641166992085197,-0.0002462523432315777,-5.156497736412283e-05,-0.00013840179830884635,0.0007477969905747553,0.004550634369639444,0.010144529872925592,0.013117712359880738,0.011667627175081671,0.010374690994552236,0.012697094976820424,0.016362703815676918,0.021487520448672807,0.02723806461744575,0.029312248207013867,0.029753124997473457,0.02866091906193503,0.02048800096406292,0.009242710627327028,0.0025937586126524794,0.0004988891628421577,7.620309898253886e-05,9.286294490000145e-06,7.76827153641327e-07,3.958680369802319e-08,1.1690819221404946e-09,1.9673018032780818e-11,1.8752972680779339e-13,1.010017541946815e-15,3.068909178507441e-18,5.25462270329051e-21,5.0652240280183175e-24,2.7467545971507837e-27,8.373871464207008e-31,1.434459058245206e-34,1.3801228991037219e-38,7.455262846841743e-43,2.260482775283425e-47,3.846221360940217e-52,3.671840315308393e-57,1.9664701462571267e-62,5.907387840809644e-68,9.953342616478709e-74,9.405388770961394e-80,4.984187620759872e-86,1.4811618375733095e-92,2.468231574122209e-99,2.3063888988484285e-106,1.2084618874086319e-113,15.0
4.93742602810979e-06,0.00010684283714743222,0.0005574956836849128,0.0013636911575281476,0.0016394924788894765,0.0011526965623341616,0.002357097818088588,0.007350733754114238,0.013400251181802901,0.01557576836628145,0.014164016812604251,0.012143275715234037,0.010086254860491172,0.011496889365718022,0.01792477619914729,0.022086841254512254,0.020989609319721197,0.02205877010850606,0.02723290519841124,0.027338821429513303,0.01771155220811687,0.006793907804615789,0.0014934273681800885,0.0001857435538406495,1.3007805224097467e-05,5.121046740120267e-07,1.1333280865295943e-08,1.411609756536951e-10,9.926647654791276e-13,3.969461182603209e-15,9.167254392389008e-18,1.260804014887345e-20,1.0851992054364272e-23,6.160875443292406e-27,2.3434132898025585e-30,5.756149972644204e-34,8.636779621424567e-38,7.590464251473802e-42,3.817107155110393e-46,1.0860855479889615e-50,1.739600243914203e-55,1.565010012745797e-60,7.900245992335612e-66,2.2368292453517335e-71,3.551494723610393e-77,3.161832582008569e-83,1.5783357618253286e-89,4.4175883846853456e-96,6.932549443435593e-103,6.099875646737895e-110,15.5
-0.0005242758681079077,-0.0012736315178386993,-0.001739022397800765,-0.0012925318447411913,-0.00046278648461741626,-0.00010325588236741613,0.0008353151715173417,0.005150717891518934,0.012487400034237043,0.018407403211633346,0.01949121118344483,0.01598293808213136,0.011903918605466036,0.010899887275030691,0.011351841263870455,0.011560698170223472,0.014412828438549307,0.02258904915937949,0.030936816330474657,0.028326301678777744,0.01563358760635062,0.005009320817151422,0.0009169461120193267,9.510589201191707e-05,5.564983726299328e-06,1.833009252448393e-07,3.396967953871064e-09,3.547391941935824e-11,2.098499107368214e-13,7.12619891712352e-16,1.4305919881732862e-18,1.791377574016471e-21,1.4947408278790279e-24,8.557349806108236e-28,3.233976981911425e-31,7.547699569944619e-35,1.0349073981575415e-38,8.11964694519451e-43,3.6020878659774405e-47,8.990400007134244e-52,1.2598610353965615e-56,9.904354566253781e-62,4.3666186332116385e-67,1.0794983011263053e-72,1.496349506757515e-78,1.1629718277768375e-84,5.067884146569032e-91,1.2382376350295432e-97,1.696291787059138e-104,1.3029150971393517e-111,16.0
-2.3980592395959192e-05,-5.705879562924336e-05,-4.174479328138386e-05,0.0002273404948534207,0.0008354090637809146,0.0008831285846849588,-0.0003791271671933494,-0.0007429585954094146,0.0025044460065780094,0.00991243464294903,0.01890704826809959,0.022650997849902946,0.018131678271806066,0.010595932743808231,0.005459403110366847,0.00448532430464803,0.00858891252701407,0.018484599937970032,0.02786270758707573,0.025454421787109587,0.013615796614269177,0.004270189018732583,0.0007954094221076332,8.921561249082075e-05,6.066270836745014e-06,2.4898139734662635e-07,6.0874049879518714e-09,8.722782231320318e-11,7.222216440337029e-13,3.4224779754295564e-15,9.25448917223838e-18,1.440470032799575e-20,1.3389995092102426e-23,8.176706947714022e-27,3.771743501064379e-30,1.3589299818338345e-33,3.379227611768701e-37,5.13595155017294e-41,4.506966479187817e-45,2.238268507053443e-49,6.250665180994433e-54,9.79624169201531e-59,8.610741362798905e-64,4.2440757690548075e-69,1.1728951028324914e-74,1.817436564828793e-80,1.5789926856335632e-86,7.691668484261674e-93,2.1007778613669786e-99,3.217056335759069e-106,16.5
-7.482043555159652e-05,-0.0001760106894865904,-0.0003432538880771887,-0.00043101367433588515,0.0001527131063640459,0.0019705285123403486,0.003842382720969731,0.0026111136924988213,-0.0016619678860588212,-0.0022276820564838514,0.005968375820432486,0.017838063987112192,0.02274232734286532,0.017897128157990803,0.010246004210841835,0.006307896766658287,0.010286388857094382,0.022242005132640682,0.031028807122638745,0.0253730551172331,0.012181709583597624,0.0034810596749187683,0.0005995184607445326,6.249970203398295e-05,3.919008517163746e-06,1.457569649609828e-07,3.1653976005451367e-09,3.965656120167064e-11,2.8626472912628566e-13,1.2387358375754307e-15,3.879365949351859e-18,1.2510357532887095e-20,3.910142177751646e-23,8.31560980878995e-26,1.0338001220828157e-28,7.262499229425178e-32,2.864639946027866e-35,6.337005888536531e-39,7.860263733110514e-43,5.466540797263119e-47,2.1316090818824784e-51,4.660381669170887e-56,5.712869017858387e-61,3.926502595478248e-66,1.5131303704484658e-71,3.269381827361278e-77,3.9607166773808955e-83,2.690300215698536e-89,1.0245816004070743e-95,2.1878180203383235e-102,17.0
-6.579323926476486e-05,-0.00032331812664636636,-0.0007035551280356627,-0.0008062301239322516,-0.0003692490610194615,0.0011679958386056912,0.0045796400723395764,0.0070317205009270654,0.004907129443246953,0.00042200547275742916,-0.0019093035486476726,0.00250413426195239,0.013380338760478193,0.020130466207801342,0.016741680130710902,0.011593197066602282,0.015414244544974845,0.027663851576904756,0.03364166608652099,0.024654774191097205,0.010992447891132007,0.0030396580976858366,0.0005237407769344842,5.540234599836661e-05,3.5083762995252577e-06,1.298731320476205e-07,2.767045063835368e-09,3.403703353351443e-11,2.6473474304870577e-13,1.977883281653873e-15,2.0171923444494523e-17,1.7194104973381667e-19,8.839372720272722e-22,2.573647414201216e-24,4.20697294943334e-27,3.85641954698858e-30,1.9821087095617228e-33,5.712033962449217e-37,9.229392080364022e-41,8.361308920970505e-45,4.247117558997891e-49,1.2095759195502509e-53,1.931482683354739e-58,1.7292880569421916e-63,8.680858995975794e-69,2.4433005824404175e-74,3.855759450163211e-80,3.411629032024238e-86,1.6925149282284005e-92,4.70784386382754e-99,17.5
-0.00018844601462433738,-0.0006679519420534159,-0.001271817002997726,-0.001324672912404571,-0.000846375133455924,6.558547354777429e-05,0.002778846995739706,0.006783383500575299,0.008153579538219805,0.005678710774481495,0.002317212091325599,0.0006707655456467954,0.003576771207743556,0.011222034034138652,0.015765666245549745,0.015387147874921191,0.02077901214799024,0.032250403689313555,0.034534749153757816,0.02337655063133515,0.01033415143639705,0.0030373515629109416,0.0005763142581665765,6.703308706879927e-05,4.582463620981647e-06,1.7974444162038528e-07,4.018164106252035e-09,5.33281672010046e-11,5.655347156062653e-13,8.843930096277054e-15,1.4802359654117256e-16,1.58252491580894e-18,9.642106213757085e-21,3.300104559169431e-23,6.334251467542229e-26,6.816984786699662e-29,4.113480007427972e-32,1.391699370520015e-35,2.639978092804363e-39,2.8078509715267472e-43,1.6744285526720557e-47,5.5985817635943564e-52,1.049562404775941e-56,1.1032078496391479e-61,6.501675011308614e-67,2.1483844880479255e-72,3.980316393163703e-78,4.134681103052605e-84,2.4081596748555166e-90,7.864070115208567e-97,18.0
4.3007454935385875e-06,1.2605379536763188e-05,-0.00020589977921848775,-0.0009577370424607907,-0.001601982659192819,-0.0010561347348177113,0.0008885795331611476,0.00463323025205707,0.009335847381816408,0.011227671800046728,0.008637565882915428,0.0049295310786455155,0.003126115007417631,0.0038385714278533776,0.008614264700452392,0.017823674441766232,0.029312893399294056,0.037441223944329395,0.03394009131749649,0.021715991948072763,0.010311013703920574,0.003527955366592168,0.0007843913386470017,0.00010429423593202386,7.96709239843753e-06,3.4453596153497055e-07,8.449966971451925e-09,1.2445081900770346e-10,1.5453559946435494e-12,2.800082049907645e-14,4.98789874608553e-16,5.555824504227844e-18,3.518920260215262e-20,1.2517696238580093e-22,2.4971573406676803e-25,2.7931656174818536e-28,1.7517315355881411e-31,6.159669269354445e-35,1.2144121240748019e-38,1.3424361332373503e-42,8.320319603514244e-47,2.89138032399283e-51,5.633642322064809e-56,6.154491213325711e-61,3.7697615307958657e-66,1.2946561455993446e-71,2.4929515191779824e-77,2.691485627303212e-83,1.629255267746973e-89,5.529744168726619e-96,18.5
-2.105962268391383e-05,-5.710364967149997e-05,-0.00013714323686986644,-0.00034597633957364525,-0.0005970106276234561,-0.0005533643617044661,0.00027289724829780747,0.002868907826052458,0.006999102237404385,0.009873290277497917,0.009070276060306135,0.0066314073348611976,0.0070710305353513725,0.011015154037204442,0.01447018823149403,0.017856310809346767,0.027267838537743706,0.035432475074610816,0.030748640778701757,0.019870735079019333,0.010923513250144515,0.004564188686592721,0.001210103844706287,0.00018671129815944182,1.6317980620250074e-05,8.024649618444021e-07,2.227970553479094e-08,3.6147667574762585e-10,4.145291416089411e-12,5.3731953898578915e-14,7.711342637950058e-16,7.693101036313889e-18,4.468378161495338e-20,1.4634735050670205e-22,2.6896867083518823e-25,2.7719831187636787e-28,1.601791917376677e-31,5.189692111648304e-35,9.427490263784119e-39,9.60217137966589e-43,5.483548053708672e-47,1.75579048626487e-51,3.152118718603795e-56,3.172862685413849e-61,1.7906834716352168e-66,5.666373653099235e-72,1.0053341390687113e-77,1.000079415336304e-83,5.5779855212257834e-90,1.7443720269245784e-96,19.0
-6.033801497081054e-05,-0.0001846726600397456,-0.0002567222950806212,-6.799830361874527e-05,0.00016956392368577431,0.00022839221781304972,0.0006575241124957055,0.0022013701660064723,0.004811748676042764,0.007551624786852534,0.008800161318179237,0.007971332573773271,0.008072697578427875,0.012901632226012913,0.021006597189467475,0.027240125121561334,0.03088669304607205,0.030323047317556737,0.023867223290950042,0.01732445634765794,0.012106237658671238,0.006243099472970383,0.001961256573589019,0.00035306476669800174,3.586205362292225e-05,2.047946417356938e-06,6.584039237196754e-08,1.2061147441610335e-09,1.3312190517869634e-11,1.072276460532871e-13,8.334250744839227e-16,5.7461268228300826e-18,2.6383364913699262e-20,7.083681562898818e-23,1.0759902601171367e-25,9.180893049322706e-29,4.393865654291735e-32,1.1791299439249283e-35,1.7741994109965305e-39,1.4967989666989084e-43,7.080169456700314e-48,1.877771431535322e-52,2.792290840863359e-57,2.328077402392848e-62,1.0883109932809737e-67,2.852511825961839e-73,4.1919947275406676e-79,3.454083551038519e-85,1.5957460789551607e-91,4.1334583892364594e-98,19.5
-0.00014109012925397985,-0.0003414139624026307,-0.0004292161712729966,-5.0476177389076555e-06,0.0009620690628353191,0.0020127815871264646,0.0027622491878944414,0.003130495318530868,0.003763748461102488,0.005067033952703187,0.005905471811502827,0.005528474835265774,0.006081157278216668,0.011545669686350393,0.023344421980405008,0.03688842633137748,0.04138467149432534,0.030035076339656793,0.015537497917430605,0.011900076765257478,0.012536328116975564,0.00862473498534648,0.003327278940117195,0.0007162376808249302,8.634801062963195e-05,5.845766897860324e-06,2.2322415035305016e-07,4.866713828052134e-09,6.26864561880992e-11,5.17265310073865e-13,3.088146319839511e-15,1.4012470363151746e-17,4.409818854949483e-20,8.58481725159079e-23,9.71701416055485e-26,6.242685795063334e-29,2.2576950729021636e-32,4.5839401351091976e-36,5.2205001209823045e-40,3.3339744412153216e-44,1.1938505681815857e-48,2.396969645400544e-53,2.698335045802436e-58,1.7031334353939638e-63,6.027268155686453e-69,1.1959451288026268e-74,1.3305182998303962e-80,8.299449629926733e-87,2.9026627099767255e-93,5.691971162570611e-100,20.0
-6.361345278372908e-05,-0.00018676420097703484,-0.0003515311522641076,-0.00027581687601824136,0.000430253320770649,0.001971199514051709,0.003731083457108011,0.004248802832393595,0.003927883334309923,0.004715558211849822,0.005840510619654844,0.0054860091428515344,0.005736412063757553,0.011550639008654748,0.02567141955633177,0.042874176916810065,0.048067564985030176,0.032372430065507524,0.012026546368050298,0.006567171647211819,0.010565634003808165,0.010114002943048723,0.00517119799856718,0.0015513584553946418,0.00029405316096973565,3.6705476454670966e-05,2.9868204134596278e-06,1.513262670103618e-07,4.5592327287366526e-09,7.929097198734699e-11,7.836560771473319e-13,4.368901439308522e-15,1.3693043628217643e-17,2.4091157407638045e-20,2.3777069861093542e-23,1.3160610793265026e-26,4.084657132322528e-30,7.108416233019266e-34,6.936129466128594e-38,3.794757224518259e-42,1.1640489321686372e-46,2.002064300450064e-51,1.9306518252799325e-56,1.0438759197352208e-61,3.164555402138889e-67,5.378923869377619e-73,5.1262165251601466e-79,2.739159628706802e-85,8.2064736879606e-92,1.3785250486835695e-98,20.5
2.2613885579115107e-06,-0.00010635670496793548,-0.0003510725909061505,-0.0005173671295611352,-1.2292805810070048e-05,0.001780013152840829,0.004252879542796283,0.005421367514412131,0.005047822937002492,0.005317039728210759,0.006073998748155068,0.005454225195403869,0.005729647685007213,0.012809220070442965,0.029989716967024738,0.048289833232130014,0.049131600232633646,0.03077831738608264,0.011702319207049717,0.005276720445604821,0.008899597845273076,0.010472439543380584,0.006489812364786078,0.002583683868237623,0.0008837537890134869,0.00027044380595468985,5.789227697735411e-05,7.400239152948252e-06,5.383199125008863e-07,2.202925082255739e-08,5.058223305315515e-10,6.513070837239398e-12,4.702275204197643e-14,1.9034986066140946e-16,4.320327601438088e-19,5.497937523789996e-22,3.9228508363565586e-25,1.5693601977498939e-28,3.5201592514084664e-32,4.42711522849223e-36,3.121750408263052e-40,1.2342250740512142e-44,2.735957770181503e-49,3.4005036938076844e-54,2.3697140789975575e-59,9.259072469739421e-65,2.0284198618470815e-70,2.49153540071661e-76,1.715912375933154e-82,6.625855916157281e-89,21.0
-9.053101931669817e-06,-9.638714742109914e-05,-0.00035494987545504664,-0.0006491073710795874,-0.00027125113370413817,0.001562512546456355,0.004245228401486183,0.005993241132835082,0.0063049347993223625,0.006326494113481789,0.0060828110359254775,0.005061619405122477,0.006046476557523114,0.015777354720443188,0.036896070968123786,0.053966097189224536,0.04709561236784404,0.025107925565251342,0.009821686990719562,0.006135098041922733,0.009063588128582266,0.010757267092525405,0.007141285428710866,0.002843521120179559,0.001055442400043879,0.0005398401762095502,0.00023219491443416727,6.017371784363248e-05,8.826830207405753e-06,7.26839864606682e-07,3.356261924205895e-08,8.689599725019806e-10,1.2614310724324956e-11,1.026706324251963e-13,4.685412174073855e-16,1.1988592669490886e-18,1.719916823141278e-21,1.3834565409957216e-24,6.239394334235573e-28,1.5777499825219843e-31,2.2369319392653873e-35,1.7782228785743488e-39,7.925715032142595e-44,1.9806582609234786e-48,2.77523320206182e-53,2.1802598250745642e-58,9.603639705990699e-64,2.371823137858632e-69,3.2843360020231554e-75,2.549950189964961e-81,21.5
-2.128009930294759e-05,-0.00011876915605893096,-0.00037144249949283185,-0.000651508754627586,-0.0002629739572850096,0.0017026361165244275,0.004807671049352845,0.007210508003093671,0.008479414120191072,0.010685393663828794,0.018876506591213794,0.039216861878444025,0.062202803580156035,0.06432759247228377,0.04606281732911437,0.027394132801025636,0.015021879922749866,0.007823189363103406,0.005418021055815639,0.0070481881647495425,0.010826594069571177,0.011764406668430535,0.007542760776009334,0.002720390898226909,0.000546035104283566,6.094737847461947e-05,3.789022293281212e-06,1.3144118954789923e-07,2.5481294609146476e-09,2.7636110596633557e-11,1.6781489331482022e-13,5.708278871794345e-16,1.0880451390203908e-18,1.162383977570327e-21,6.961020966192276e-25,2.3369767636410374e-28,4.39862918603689e-32,4.641691694318803e-36,2.7462503589833938e-40,9.109914965878138e-45,1.6943464468484237e-49,1.766875041262524e-54,1.0330620654348466e-59,3.3866061845600765e-65,6.224738837395113e-71,6.414990239073792e-77,3.7067172174901545e-83,1.2008854965602308e-89,2.181385853511319e-96,2.2216833926564646e-103,22.0
-8.034729788855528e-06,-8.576141560484613e-05,-0.00031410952778380464,-0.0005924859887149794,-0.0003857785378902852,0.0010080059234915742,0.0033979326384492832,0.005688361813660597,0.00815105395254425,0.012882230052270379,0.02444501613052477,0.046552297730967966,0.06391424067328261,0.05639500597562079,0.037171768954564456,0.025127257060616515,0.016721062509065566,0.00888193006624293,0.004920585432163997,0.006589764240969112,0.011613161796919205,0.012817596996414715,0.007894904709249227,0.002699466588671956,0.000514595842656371,5.4884128356673053e-05,3.282286918825357e-06,1.1020284942221166e-07,2.078538445665507e-09,2.2027343282924648e-11,1.3115703463843784e-13,4.3870847650939163e-16,8.241723800655244e-19,8.693851555223875e-22,5.148208013560183e-25,1.7110243835285148e-28,3.191028670677795e-32,3.338950290055539e-36,1.9599090178817782e-40,6.452990400325586e-45,1.19164471987355e-49,1.2341342717472475e-54,7.16775913482704e-60,2.3344816370909247e-65,4.263521525412697e-71,4.3662198099287855e-77,2.5072215248946915e-83,8.072772465312193e-90,1.457438215731187e-96,1.4753356824625187e-103,22.5
-5.513686660264716e-06,-5.202442682094789e-05,-0.00021112143440767475,-0.00045332939328705693,-0.00043500825294109257,0.00035554688655038897,0.001985286632009869,0.004000934739707148,0.007110711819972342,0.01451660781710967,0.030723019685045518,0.053360576950089465,0.06231341696249564,0.047213188651009944,0.030866213215931665,0.02570512872040249,0.01950825298988631,0.009660707710846542,0.004347251661098943,0.006461128816500574,0.01195993460666669,0.012894794371504755,0.007633063327477628,0.00248677965619968,0.00044811065659541513,4.4844267324423915e-05,2.5002638718576026e-06,7.786289186381095e-08,1.3572481415059419e-09,1.326655652989896e-11,7.28314376745912e-14,2.2488489302726134e-16,3.9105720742148904e-19,3.8340645854756025e-22,2.1215819373289195e-25,6.631660660528603e-29,1.1718294564566166e-32,1.1712296286266957e-36,6.624566118166979e-41,2.1211697700216644e-45,3.846355879254942e-50,3.9514608985956325e-55,2.3011697208775756e-60,7.603168606881762e-66,1.4270794249324186e-71,1.5243803277342364e-77,9.289176552214653e-84,3.238912197568661e-90,6.483846593842243e-97,7.477588579065663e-104,23.0
-1.604927798087389e-05,-6.555998240103068e-05,-0.00019060955586893652,-0.0004039585155191018,-0.0005233746851782419,-0.00016132988342715065,0.0008094511230175823,0.0023161099549833053,0.005698283931526967,0.015709839314535106,0.036484670428949297,0.05786530442015375,0.05805639705326297,0.03968303400143592,0.02831237581542267,0.026862523591578705,0.02079446461742292,0.010605723894638472,0.005530508619747458,0.007382972003709973,0.011318793956138381,0.011382016893752817,0.007015194698440225,0.002608734412118228,0.0005754777775406296,7.401945358272318e-05,5.473875383279914e-06,2.3046943031781187e-07,5.490035118241195e-09,7.371025215459063e-11,5.565456818681969e-13,2.360117815581269e-15,5.617028820409575e-18,7.499604512277158e-21,5.615993278293131e-24,2.358382002318638e-27,5.553536806125323e-31,7.332912105067295e-35,5.429086350830131e-39,2.2538135768158167e-43,5.2462792747787786e-48,6.847485024536494e-53,5.011455251930564e-58,2.0566455926783794e-63,4.732941927002291e-69,6.107967341693144e-75,4.420581839644914e-81,1.7943622428989945e-87,4.085348633052356e-94,5.217822241338845e-101,23.5
-2.2799528569297512e-05,-7.731558197829932e-05,-0.00018094846519979346,-0.00036272505996269144,-0.000600399041575972,-0.0005885927914805692,-1.0555601683954704e-05,0.001249169787426427,0.004988407625795569,0.017264695429526754,0.04080802237901485,0.05908731253999194,0.0531431579836491,0.03519378804083247,0.02713148828965277,0.02681749910915334,0.021461773537593116,0.012155447197649386,0.007302400857992583,0.007248237034413969,0.008222136421957162,0.008889146921441788,0.007514403523722393,0.003963735219962102,0.0011908860183109358,0.00019974437729753465,1.8681747733439913e-05,9.762031852984435e-07,2.8546293703614e-08,4.675895742940012e-10,4.292434437167919e-12,2.208881936896101e-14,6.372661684159956e-17,1.0307922772356498e-19,9.348313460000089e-23,4.753477569185256e-26,1.355212768752569e-29,2.16631741315023e-33,1.941581095103752e-37,9.756811252717664e-42,2.7490283194769096e-46,4.3427962867476856e-51,3.8466141242319426e-56,1.910322509146564e-61,5.3192899018088226e-67,8.304615219701921e-73,7.269495158058114e-79,3.567860502011981e-85,9.81816563496148e-92,1.5148572710968393e-98,24.0
-2.7129848180270523e-05,-8.078988653336903e-05,-0.00015965243687893682,-0.0002669255654271386,-0.00047778433659528027,-0.0007278553618168164,-0.0005474420541674522,0.0007843745887212207,0.005792579348926227,0.02157854878071439,0.051606251380364565,0.08007461396383,0.08327674861167847,0.0580087528086079,0.026104653343034516,0.008063631863336022,0.0036228329058987335,0.004318479934689149,0.004964607970401081,0.0032793340095050895,0.0024954501561059543,0.0064838013435984665,0.009730183794544742,0.007169603339978582,0.0028145162772086948,0.0006093318775062104,7.359735678498542e-05,4.977012475255907e-06,1.8863473619701774e-07,4.0081768129775724e-09,4.7750593534965545e-11,3.189529404471491e-13,1.194518264646289e-15,2.508291037291199e-18,2.953127030493827e-21,1.9494199459595772e-24,7.2151893321458035e-28,1.4973008821360398e-31,1.7421655661181722e-35,1.1365505199231329e-39,4.157258395090805e-44,8.5259784582886e-49,9.803933725199525e-54,6.320848976085671e-59,2.2849113859167177e-64,4.631079127485296e-70,5.2627643626317383e-76,3.35323913515457e-82,1.1979370542318679e-88,2.399508748487163e-95,24.5
-4.051395162930814e-05,-0.00010324063397324134,-0.00015382906147825946,-0.00013002184939495896,-0.00013692724664707452,-0.00043857675563595364,-0.000731978345464655,0.0006308230512603067,0.007612426233335234,0.026848425625307634,0.05834032361952526,0.08395451271619313,0.08081324158419985,0.05063582325508933,0.02045643108963084,0.006928536279089448,0.004737034304086514,0.004880469877411616,0.0022215203882350737,-0.002348172081221598,-0.0021471571101194095,0.004490667922780004,0.011034039305539294,0.010923624689076544,0.005810050577351836,0.001721826243843613,0.00028584118614649763,2.660268100204448e-05,1.3881599722394293e-06,4.0613837820808754e-08,6.66238942277146e-10,6.1278444525515166e-12,3.160147438804238e-14,9.13753392227137e-17,1.4814017681612575e-19,1.346601448201293e-22,6.863218540883556e-26,1.9612786001356908e-29,3.142488152701052e-33,2.8231314623791675e-37,1.4220401350933676e-41,4.0162072866454684e-46,6.359809760153295e-51,5.646718077222991e-56,2.8110741948743086e-61,7.846446054346968e-67,1.228000181904994e-72,1.0775784718657864e-78,5.301816795839883e-85,1.4626020363084253e-91,25.0
-5.201746436691555e-05,-0.00010757773729164223,-0.00012731691941396256,-5.349326205426969e-05,7.019502264946989e-05,6.41683857451295e-05,-1.2349480345490312e-05,0.0016814038706518936,0.010797345724721788,0.033613259732233065,0.064992149176546,0.08357263553951,0.07166270664931537,0.04054049150701224,0.0166970487853869,0.007822868298543917,0.005668174177564956,0.0023627291265723854,-0.0032877163389734634,-0.005583586443486471,-0.0024365738701715295,0.0033277337534528733,0.009847926411277642,0.012812348032178265,0.009209817875865299,0.0037084506638142205,0.0008372527060925696,0.00010599168591394096,7.523882149406412e-06,2.994810457207147e-07,6.684302679059678e-09,8.36574526285554e-11,5.871071999904397e-13,2.310452425464888e-15,5.098545033055784e-18,6.309108416377223e-21,4.377894289208099e-24,1.7034967346404567e-27,3.7170590760599346e-31,4.548239060120409e-35,3.120875763675587e-39,1.2008892344599803e-43,2.591354220361559e-48,3.1358281330997883e-53,2.1280598655075104e-58,8.098903690008458e-64,1.7285594774277625e-69,2.0690130561629344e-75,1.3888913562415764e-81,5.228835894683896e-88,25.5
-4.6081409658132945e-05,-8.499733183680459e-05,-8.900867510338318e-05,-3.253593321787067e-05,3.480339835040458e-05,5.1272864437084596e-05,0.00041050551802261897,0.0036844529367472973,0.016571491709445,0.04350616806266835,0.07223846653533954,0.07970673801379977,0.060399706145927726,0.03350273094971765,0.016326501418699065,0.008511813623735962,0.0026660716213063214,-0.0036787825401421777,-0.006028649002306333,-0.0035837635715384617,-0.0005797534020241882,0.002471726229858822,0.007640812806091594,0.01244577840986986,0.01136764701408396,0.005830857527557162,0.0016792215315062967,0.000271452947344481,2.4626674690516967e-05,1.2536311711097929e-06,3.580362774575564e-08,5.736253090828765e-10,5.155051535455043e-12,2.5984104382664775e-14,7.345562918579645e-17,1.1645616458058146e-19,1.0353840959964622e-22,5.162106771290521e-26,1.4432002219698682e-29,2.2625082835955513e-33,1.9888841138085375e-37,9.803422611576539e-42,2.709501456101314e-46,4.1989427724039514e-51,3.648595670705961e-56,1.7776396416892097e-61,4.856142942990013e-67,7.438184355194746e-73,6.388053097999419e-79,3.076060429015695e-85,26.0
-3.558764371322213e-05,-5.6278048496883835e-05,-5.398745588658869e-05,-1.7762991168810578e-05,5.376926045628775e-05,0.0002506236800437026,0.001319948683301065,0.006726871274976228,0.02367504481350683,0.05206342290019311,0.07307960686508344,0.07018146535297427,0.050662560948949144,0.030142450910453984,0.014944191227309826,0.003856439594879966,-0.003636972441434288,-0.005204525035665127,-0.0027520644911299278,-0.0006955717430089425,0.00023073798929571776,0.0017776507645645616,0.005695315852486717,0.010631445762427034,0.011413668351933788,0.006969604871942005,0.002404982861368218,0.0004672620526536088,5.101510468672053e-05,3.1265806204841592e-06,1.0750544202701269e-07,2.0732563177311826e-09,2.2421756759956792e-11,1.3597051113858864e-13,4.623379170900554e-16,8.814630355399164e-19,9.422655409929565e-22,5.647605976888851e-25,1.8979112719026895e-28,3.5760789584268303e-32,3.777961892049461e-36,2.2378301267233878e-40,7.432169723655499e-45,1.3839583571462823e-49,1.4449382803540923e-54,8.458520879877803e-60,2.7762489069902595e-65,5.109062517886506e-71,5.271605139525275e-77,3.0497438656565376e-83,26.5
-5.944320364899718e-06,-2.7491786906717804e-05,-4.8976401520270415e-05,-3.440568938786699e-05,2.7303781579815156e-05,0.0002398257743723503,0.0016826253542810562,0.00884147104290901,0.02875362517429301,0.057208674265323625,0.07310409744813103,0.0657532363660414,0.04661274385939458,0.02717598547374605,0.011288605916757627,0.001430855836100203,-0.0015223388454538465,-0.0009247302354881086,-0.00021319041486864406,4.582048920187659e-05,0.00038177720428862744,0.0014921612291775783,0.004348513434994672,0.008536870563542,0.010184167242817177,0.0070140492923834764,0.0027353470089043043,0.0006000415464221835,7.388002875145745e-05,5.101998791420746e-06,1.9756987877852738e-07,4.289785734090752e-09,5.222451064474118e-11,3.564787449517345e-13,1.3643075149728844e-15,2.927587689210646e-18,3.522300836276237e-21,2.3760842433391428e-24,8.987027391453762e-28,1.9058518363355843e-31,2.2661102842913986e-35,1.5107471561927827e-39,5.647046524264571e-44,1.1835041435853128e-48,1.3907114696622398e-53,9.162692813288319e-59,3.3847613534802375e-64,7.010545579277666e-70,8.141312353904406e-76,5.30097619891471e-82,27.0
-6.834689737181228e-06,-3.023191247623557e-05,-5.0473461831413176e-05,-3.069956917279198e-05,3.460543888716537e-05,0.0003583671052188272,0.0026254864064265597,0.012087234111712182,0.03325784492737367,0.05681593113063379,0.06547177769185993,0.056055232313608525,0.03670878184980587,0.018132834171688386,0.007899078602684764,0.0037019934934718088,0.0014446860737217099,0.00035633501784916035,9.296779986095588e-05,0.00021901667269171236,0.0006388150589141268,0.0014504339657600818,0.0033188367761620343,0.006551984963156751,0.008368002275153065,0.0061899351181987266,0.0025842787138207024,0.0006057343635138617,7.962636315425457e-05,5.8691164112407045e-06,2.4255588715493623e-07,5.6204440137508455e-09,7.302111185017993e-11,5.319185395097923e-13,2.172504361312076e-15,4.975022215722633e-18,6.3877546788253395e-21,4.5985431898884894e-24,1.856141784405904e-27,4.200692213356825e-31,5.330272507642271e-35,3.792248605214114e-39,1.5127355895210987e-43,3.3833590247428264e-48,4.242794359623912e-53,2.983147428697514e-58,1.1760242786646017e-63,2.5994214306194043e-69,3.2214837065447795e-75,2.2384841302767245e-81,27.5
-4.489079334841455e-06,-2.3017531466201905e-05,-3.186560215315157e-05,-6.180522380361608e-06,7.062081105901212e-05,0.0005903416798726431,0.0038651622946953255,0.01544667950351162,0.036969354898615366,0.056005300060168385,0.059546174125404076,0.04930854904203319,0.03291750568805499,0.01815920377930874,0.009123828284462749,0.0043206642972511465,0.0016956702995209348,0.000495909070319332,0.00022377451758411965,0.0004669012562385139,0.0008902841030524528,0.0012955833094840505,0.0023988848024023295,0.004811572421641298,0.006404345780281528,0.004902841417051706,0.0021117126689244423,0.0005101986792945458,6.911765864130943e-05,5.250020935093003e-06,2.235899876841219e-07,5.339032528628702e-09,7.148116572813235e-11,5.365862302988605e-13,2.2584280430877075e-15,5.329565801362217e-18,7.051739100862646e-21,5.231418694239966e-24,2.176013375911341e-27,5.074841444241511e-31,6.635936657145375e-35,4.8652013928633843e-39,1.9999459081068676e-43,4.6095073672167244e-48,5.956753297380677e-53,4.316021018713348e-58,1.7533811154594644e-63,3.9938149203242056e-69,5.100566123601302e-75,3.652310280736671e-81,28.0
-7.6261597183977325e-06,-1.4872218695712597e-05,-8.126442783379857e-06,1.4725547847518699e-05,9.27224013476201e-05,0.000734112782764658,0.00440068384447419,0.016148828811681393,0.0367818097505918,0.05611693820875746,0.06202982051745813,0.05057563625587186,0.03054836645926146,0.015457259665430555,0.00801599567528774,0.004407536788533722,0.002263671844225946,0.000971532112875243,0.000519952276458897,0.0006972180854035128,0.0009584886203154804,0.0010206455873665679,0.0015995035402451047,0.003251692178493083,0.004449857455064891,0.00348692683904076,0.001535312553937536,0.00037910953681799466,5.248812768025832e-05,4.074527597078897e-06,1.7734231825579947e-07,4.327791660086145e-09,5.92160108898073e-11,4.542874991746933e-13,1.954075149137004e-15,4.712708455471683e-18,6.372630271590369e-21,4.831541425080514e-24,2.053863274913081e-27,4.895264786226823e-31,6.541836461237449e-35,4.9016468103991315e-39,2.0592220655211168e-43,4.850462913303536e-48,6.405927659960145e-53,4.7435087752802495e-58,1.9694103832810473e-63,4.584495754820951e-69,5.983644221893024e-75,4.378837090042054e-81,28.5
-4.295660727366075e-06,4.264841367428966e-06,5.636725769003291e-06,-0.0001367606585526115,-0.0006808725611673806,-0.0009409226510430845,0.00352899837855257,0.019509828691419907,0.044363669395721485,0.062332515434174,0.061095121807337324,0.043306194378254226,0.024168277562735298,0.013571938354592819,0.00785986618755674,0.003829158380966397,0.0020538523763435454,0.0022408741443121147,0.0030902463321561807,0.003225782306968635,0.0024507972998447057,0.0015128556943673288,0.0012157549287750424,0.0019103413335985167,0.002624024903337025,0.0021401968730560997,0.0009844497018939172,0.000254042349799292,3.675894721320497e-05,2.9822319159696624e-06,1.356559535295129e-07,3.4598332317477815e-09,4.9475513730033543e-11,3.966836457104382e-13,1.7832700520348445e-15,4.494783448964884e-18,6.352128374816943e-21,5.033251093949546e-24,2.2361285335585856e-27,5.570109934834977e-31,7.779462770268238e-35,6.091921289664722e-39,2.6747167457129984e-43,6.584459741293923e-48,9.088272351383993e-53,7.033335857108738e-58,3.051829145222101e-63,7.424682944096603e-69,1.0127784360683946e-74,7.745863074364876e-81,29.0
-3.573820000653436e-06,-6.93176881505864e-05,-0.0003111208769358564,-0.0006793022935904595,-0.0006522170137584866,0.0010056567631473558,0.00785299457875513,0.02476076749223003,0.047626074773340826,0.061580414096251465,0.056973169515493735,0.03908180384281735,0.023375604337987764,0.015676813378698758,0.009845866485524775,0.0044405462568282384,0.0018900157175396827,0.002456371505263922,0.00592750093382558,0.010320368037425684,0.010859237227717412,0.006819980787686936,0.002749604104509213,0.0012023769194636517,0.0011022186532691207,0.0009361723237057953,0.0004732074132218313,0.0001348451347817355,2.1555489452389693e-05,1.9320593282699875e-06,9.709658226942856e-08,2.7359393947958215e-09,4.3224289179907164e-11,3.82884764940138e-13,1.9016349420670873e-15,5.295476539430665e-18,8.268025062871302e-21,7.237979640897863e-24,3.55264462391494e-27,9.776986434148215e-31,1.5086103928185077e-34,1.3051728002715815e-38,6.331079550002006e-43,1.7218938029810311e-47,2.6257525276628325e-52,2.2450191922744714e-57,1.0762301651890146e-62,2.8927379931377194e-68,4.359451750855884e-74,3.683608680804345e-80,29.5
0.00010200467630325059,0.00015894435505918564,0.00021382783901533554,0.00022547817563857005,0.0003745048495256652,0.002043891743904014,0.009501466797915638,0.027053921126935974,0.04881648274141646,0.06040691452977124,0.054301060886076696,0.03783896791193201,0.026283031618668583,0.020829213639426032,0.013390672985081913,0.005606104545276697,0.0018818082006541682,0.0019622031687857324,0.005361463057725813,0.011509252689094366,0.01537028768626517,0.012846754846371577,0.008136871602069847,0.005616306109410083,0.003911561388672859,0.001897005127888448,0.0005524816759833229,9.513243980299237e-05,9.951418703311565e-06,6.585911885585178e-07,2.8309939275143456e-08,7.820342872982394e-10,1.335626582942016e-11,1.3548769198637424e-13,7.941575019820666e-16,2.6486243067169748e-18,4.987378039181867e-21,5.282598822768796e-24,3.1418854404648654e-27,1.0484562557932134e-30,1.962303673169401e-34,2.0595099353794432e-38,1.2120186016533684e-42,3.999325649799676e-47,7.399275006381088e-52,7.67561522555555e-57,4.464340784483642e-62,1.4558643319028125e-67,2.6619725901907034e-73,2.7290105383490394e-79,30.0
0.00010648172567443325,0.00032023283134503057,0.0007946287895239496,0.001330673675736066,0.0016582550932759672,0.0034668625472139077,0.011635302442211776,0.029120837090870037,0.04876255465474189,0.0582446519099926,0.05152969204230426,0.03657316857419527,0.029693924460212493,0.02914819817902976,0.021788460524105973,0.010120889551046739,0.003056996304386439,0.0013419399123132823,0.0032022289183237726,0.009398240578039488,0.018038131280034977,0.021089905442505188,0.016358379870681394,0.01285032004369436,0.014416180015380602,0.01387697180566376,0.008195646182989243,0.002782554514302244,0.0005395273517929192,5.9940381591661886e-05,3.835414862595099e-06,1.4207254621502844e-07,3.058227105880158e-09,3.831484970155395e-11,2.790691300580261e-13,1.1775501943000515e-15,2.8641141154926336e-18,3.9934959170116175e-21,3.1755314900438414e-24,1.4337164644234948e-27,3.6624566647139217e-31,5.279513190793467e-35,4.286340925113512e-39,1.9572698793391392e-43,5.0218546774356863e-48,7.234923527242312e-53,5.85002918187002e-58,2.65398066358638e-63,6.753957473833767e-69,9.639956767659244e-75,30.5
4.888537486743365e-05,0.00010036005448582009,0.0001762397697614277,0.0005273078924814036,0.002111097269305595,0.0068003909831400805,0.016840167819424053,0.03240857297825532,0.048282249670737264,0.05580570502425073,0.048546105202085556,0.03349920176125964,0.028238672666954297,0.03146172485843146,0.026794587603116607,0.01427416777241108,0.005047292673068421,0.0019313060970469172,0.002238198495517266,0.005582456671925348,0.014091032139177454,0.025265499141140887,0.029372319679577947,0.024992426446666015,0.021310404263334973,0.01834690619009737,0.011392647504237456,0.004251489664513716,0.0009063012210237674,0.0001089351271355686,7.355361679812994e-06,2.7864640501996235e-07,5.920121436857284e-09,7.052896304229534e-11,4.711277181515107e-13,1.7645521435158194e-15,3.705539015224861e-18,4.363027612417601e-21,2.880339554802975e-24,1.066150151956713e-27,2.2126460175124315e-31,2.574686534655234e-35,1.6797924551228635e-39,6.144771389275892e-44,1.2603021330195704e-48,1.4493138738129044e-53,9.344779639064042e-59,3.3782712435780496e-64,6.84760664705041e-70,7.782191794022719e-76,31.0
2.4116785135277228e-05,0.00010927467829947222,0.0004419694765742012,0.0014204840000730833,0.0034526627836889033,0.007299229288309945,0.015636404982127997,0.030564861374734038,0.047358787102826545,0.055958044348651086,0.04849448896450334,0.03256994771093771,0.02708592085756341,0.030849783381658075,0.026521945013969365,0.013968749289360817,0.005044849153054858,0.002270847329155795,0.0026748647190684882,0.005125972082774841,0.009948170692402006,0.019466398179763155,0.035845199633423086,0.0503953329108657,0.050432971903606266,0.0387860745156739,0.02420626228505196,0.011153898950491997,0.0033090561675502795,0.0005832478235666496,5.9039397345056294e-05,3.3869363880972288e-06,1.0952129995267403e-07,1.9914350742740224e-09,2.0337040195195045e-11,1.165677268355469e-13,3.748615995197644e-16,6.761815643605969e-19,6.840550436671429e-22,3.880725989970153e-25,1.2345327365932993e-28,2.2021292092351564e-32,2.2025329878920462e-36,1.2351914209942607e-40,3.883950130467649e-45,6.84758625319833e-50,6.768990226691023e-55,3.7517292221841987e-60,1.1658950880844011e-65,2.031455455488516e-71,31.5
1.6615327700516428e-05,6.272646799395721e-05,0.00027052792610842823,0.0010833414427801119,0.0032404043769048117,0.007727617676667285,0.016412424739053334,0.02976367984692075,0.0436940066787745,0.051783703129306864,0.04727659165581774,0.034435435360453584,0.028545559516925785,0.02951699532829127,0.02426915846383296,0.012941714023593587,0.0046985143371550886,0.001853273851553703,0.0025350633192142424,0.006286365548670061,0.012347504719011755,0.01710207648394466,0.02194487142186539,0.03510786528879284,0.05030230617485982,0.05059518972623072,0.038832627960594196,0.02605073764970625,0.013857652124611734,0.004814260045542795,0.000985649470861767,0.00011485000194729951,7.537564451409212e-06,2.7777208275290394e-07,5.742534475426904e-09,6.658144858195016e-11,4.3291094904316606e-13,1.5784344178687448e-15,3.2272466837366893e-18,3.700095945773377e-21,2.3788517482478057e-24,8.576181718856782e-28,1.7337701064963872e-31,1.965435337771296e-35,1.249379924328992e-39,4.4534606457651537e-44,8.901575608058614e-49,9.977027681028977e-54,6.27045953024233e-59,2.2098375730161732e-64,32.0
2.9695845842723e-05,0.00015976070275752356,0.0006441242868862253,0.0016986034940209202,0.003042653328665756,0.00550567977340909,0.013071789786049665,0.027526521652628165,0.04331689661575291,0.051902431546826215,0.04597639935921293,0.03091043859828564,0.02377834566474815,0.026015781392398237,0.023159574923886914,0.012580119080426526,0.004065975353820676,0.001188611888775561,0.0015877693711906582,0.005048457551233521,0.013338313013222018,0.022626577036870973,0.023909287659819263,0.021251924087602594,0.029585627548317877,0.04550551173766191,0.0502689104320652,0.04205443092676181,0.03159863533185178,0.02058791763183608,0.009476222973518212,0.00268391209486943,0.0004431349480612413,4.189517651407152e-05,2.2554309904755074e-06,6.902822445461782e-08,1.200438320009503e-09,1.1858350262090808e-11,6.650723528700784e-14,2.1162381094827032e-16,3.8169309631737455e-19,3.8981664382091674e-22,2.2517213958400953e-25,7.348300170707903e-29,1.3533401035447805e-32,1.405206764774438e-36,8.218575836032574e-41,2.7054148370235516e-45,5.009078618159472e-50,5.213377835935812e-55,32.5
7.958731751935277e-05,0.0003959355212198807,0.0012159336414362038,0.002259073511201175,0.0028812157206761775,0.004702954945269029,0.011939417422317768,0.025230077722709444,0.03918722460578359,0.047576023972326346,0.04416489343682383,0.030491348312543496,0.02009121750334662,0.019448648865484752,0.019709455175678237,0.01392858017919168,0.006599538327366851,0.0024657405705602194,0.0014077988920711295,0.003006755199486922,0.009020528216270574,0.020225412844278735,0.029587186179232797,0.028515976030063204,0.023199436225819735,0.02819891337211335,0.04200742214801063,0.04696407487538197,0.042684323719684586,0.04035734305474567,0.03352509114097252,0.018638282132704482,0.006291588554294958,0.0012643782100387147,0.00015094163585931258,1.0703777685110732e-05,4.5002957440027363e-07,1.1164139739496488e-08,1.622172784408805e-10,1.3687795028055808e-12,6.651095876240156e-15,1.8476933184444134e-17,2.917782432224481e-20,2.6080013549365166e-23,1.3154390557882675e-26,3.736139515058315e-30,5.9667733197745615e-34,5.353030688724987e-38,2.696022025668271e-42,7.619471510866565e-47,33.0
7.96088996121545e-05,0.00042172895549848807,0.0012610869866286562,0.0021524245082975876,0.0023968744926914547,0.003545381451031313,0.009614283153334102,0.022364240694040926,0.03742251600535357,0.04639039719964968,0.04205723525685716,0.02742281272470883,0.0160117565930041,0.015571317292646594,0.018768335808237193,0.01551933329559656,0.008076589411704593,0.003309421758392693,0.0018398539538222985,0.0021360602030047835,0.0043053297310820604,0.01015284593318301,0.02185896516669414,0.03377558232671721,0.034819166893341386,0.029718310043332925,0.03361644723589878,0.047338963413681205,0.0540842755846206,0.044858029526984616,0.03244628466896712,0.025729531640872893,0.020401104484121437,0.01235392174664167,0.004759629682697355,0.0010762928842005907,0.0001386625166514914,1.0074610728138528e-05,4.1137967793459277e-07,9.42942551906499e-09,1.212722183165459e-10,8.749548371829567e-13,3.5408799442899105e-15,8.03722900824207e-18,1.023167626833957e-20,7.304874825322768e-24,2.9247435962550105e-27,6.566862681607777e-31,8.268208443976204e-35,5.837653066719345e-39,33.5
2.9054839687253323e-05,0.00018844818701627464,0.0006869076427968406,0.0014344219001994833,0.0018994193874335324,0.002840276419628175,0.007993886636828849,0.02097041147138728,0.03784544995788577,0.04655562664083696,0.04004641705738809,0.024999592354080828,0.012762549925070853,0.0097275017277505,0.01392091680321604,0.016149824429657553,0.01159870906501066,0.005433922426982777,0.0024042562477038665,0.0024009390094195055,0.004048174549138417,0.006320045931631548,0.010976117098562135,0.02274749681462134,0.036822495252501114,0.037111669562817313,0.026252333910979853,0.02839705437202603,0.05122836637863232,0.070292345940352,0.06042616829507051,0.03233162343168441,0.011861029838575501,0.006638486655506079,0.011280030773879094,0.016594722581580807,0.014304280872533758,0.006954680446362253,0.001897933669517476,0.0002904687905732167,2.4926232469698783e-05,1.1993247569396938e-06,3.2354646805874326e-08,4.893905138465109e-10,4.150432024163095e-12,1.9735580649072257e-14,5.261691120552328e-17,7.865378529314095e-20,6.592235952518453e-23,3.097880744522768e-26,34.0
4.527696759788125e-06,4.442791791492201e-05,0.0002501228076800571,0.0007950080289627648,0.0014605308409313363,0.0022617798597177963,0.006641821220141292,0.020350676605635207,0.039393288723873716,0.047096102310231175,0.036935386139882266,0.021289746318536636,0.010661473341013082,0.007046772536441583,0.010313001676091945,0.01562768591110812,0.014840139674322133,0.008797316792079235,0.004555402030087453,0.003772565185522945,0.00503907743107179,0.006987666482888185,0.008336242230288372,0.012913348347970902,0.027143684497656525,0.04251223918118457,0.03945466269145289,0.02206979748324106,0.015029475042926907,0.03290335708937581,0.0654127532122733,0.07695247618345852,0.052770338287199986,0.022258663161234968,0.008081543479794003,0.009037792622108647,0.019722720439946457,0.028609236231140017,0.023631024204291678,0.010961501624999332,0.0028513621290184687,0.0004158742481334891,3.400881269187528e-05,1.5593365387414749e-06,4.00873261483286e-08,5.778207869983028e-10,4.669797735318635e-12,2.116029975713996e-14,5.3760635976026574e-17,7.65818434593617e-20,34.5
4.092425150907579e-07,3.037997279644004e-06,9.881916357083586e-06,-1.6405987407602774e-06,-1.2242681622250595e-05,0.0008836300706297014,0.006470835840423923,0.022002077332647394,0.04218627054846529,0.047788514286087165,0.03380576534774689,0.01723321391669147,0.008244264107325573,0.005102283698147563,0.006249700286582744,0.011618816296883225,0.016299156667768572,0.013903636417625466,0.007388723310184205,0.0036609702264693966,0.004154479219390018,0.006975602258632073,0.009528039559941127,0.012492104199868608,0.023486404643885885,0.04193078380417151,0.047112394348576246,0.030463462494090418,0.012293136879066807,0.007782319113911729,0.017650730588690974,0.03879768748954302,0.05731464023121232,0.05792125386858135,0.04399283303683543,0.02623474700877208,0.013705658234256318,0.014643709019119076,0.02766188223511066,0.03557015190606767,0.026054200770818083,0.010713203154629208,0.002470142328529694,0.00031933526914441603,2.3146797720636097e-05,9.407057657421122e-07,2.1435594558491085e-08,2.738647263703787e-10,1.961803479809555e-12,7.879410715944249e-15,35.0
-1.7305350501126085e-06,-2.380895788340081e-05,-0.00018122624697744386,-0.0007575471256575359,-0.0016035415471822342,-0.0005492877371286553,0.007291645238510646,0.025909816801225338,0.046634341346511544,0.048690765692408475,0.031011353828546587,0.01409799131368919,0.006414084399994055,0.003921085962251716,0.0038579164206954623,0.005856028797438427,0.00863051405140045,0.008542554173154342,0.0051881975028744715,0.002459115754712634,0.0022987890430765153,0.00449827192816961,0.009256768442458575,0.01812455981603098,0.033882367472860456,0.048649555509607784,0.044067408403196465,0.02361737840501786,0.007854397043189581,0.002585018555028122,0.00368844754164124,0.012028412021589753,0.028330380046756427,0.04055027120025194,0.04035833322124642,0.03982276005563304,0.040896371219456204,0.033027642804875405,0.02629325103658611,0.03449120283612958,0.042854798000249814,0.032537778931926324,0.013991964603593997,0.0033774253055814827,0.0004571604522979262,3.4695807518367074e-05,1.4764031239821611e-06,3.522506788367365e-08,4.712133319716657e-10,3.534289642282442e-12,35.5
-5.4673044636306956e-05,-0.00032537286583584946,-0.00107868937288923,-0.0019623358313316658,-0.0017726339304775188,0.0005285616529308184,0.007888080831426055,0.02571098899133735,0.04673943237919846,0.048467247367485776,0.029604184054157198,0.012355205357122902,0.005170534955871181,0.002811121093743897,0.0024097455660066465,0.0038837194399717664,0.00682317896398541,0.00884493067475863,0.007341076272600873,0.00403586037603444,0.002138588954403691,0.0027290463823808563,0.009299233375569815,0.027843361514578818,0.04963357090214814,0.05020069215737866,0.028817028844187083,0.009557253450370697,0.0020710657153154757,0.0006356627875260245,0.0009076255715542966,0.0038802186847965814,0.013470748250334931,0.02719362876845665,0.03182251237084491,0.026037293139296085,0.027786062379737804,0.04144980045659366,0.052171578313325806,0.056195770145385696,0.055091284476528474,0.04021196969162251,0.018155127604249432,0.004722580229154582,0.0006936987774164215,5.7238240487288324e-05,2.6492995182665388e-06,6.876225415552314e-08,1.0006970867972598e-09,8.165407921692131e-12,36.0
-0.00037424588204578536,-0.0008999425096427996,-0.0012036453488001489,-0.000824929790218905,0.0001223121987205273,0.002275863441279965,0.009443354279854797,0.026263004715392578,0.04413460914409816,0.043228636732214346,0.025406706915025966,0.010818333016290836,0.005335848277944494,0.003252174975180247,0.0019880039359192283,0.0023640891346972484,0.005234123934119022,0.00929961609569793,0.010465336968565954,0.0072924281960029995,0.004364766186176618,0.007753807787026146,0.02106932397550995,0.036079517026782214,0.03527793482666473,0.02084696103605181,0.011344198480994497,0.010461430305686399,0.009346213614253192,0.0053698219153220355,0.0022790141399713646,0.0023314840017945463,0.007527285571330787,0.01846834686639305,0.026242933617487828,0.022383091532574634,0.0181382389498779,0.03197600562254116,0.06376610376589181,0.08523817328008201,0.06952004486105004,0.03351799306574588,0.009381177097865128,0.0015077028515846243,0.0001382038572827292,7.193325284470631e-06,2.119199616684905e-07,3.5255863837606088e-09,3.3062872296092205e-11,1.745483221935398e-13,36.5
-0.0004059464042859342,-0.0006461679250914025,-0.0005690478055511269,-0.00019768386325271154,0.0005541937765381312,0.0031064937391821527,0.011212527077772545,0.027556964248277527,0.04251535565611916,0.0396132389712185,0.022652038734035772,0.009125413684341279,0.004204552433154761,0.003078010292382057,0.0025430184851934455,0.0032818602465065896,0.006944299169654289,0.01198570947585602,0.013916233630531263,0.011469516702109486,0.00985782571439178,0.015929218090868183,0.02665595075517612,0.027828362389751733,0.01659904892546479,0.00602020555046505,0.0032482359678253905,0.006310868286534064,0.01052771708291672,0.010427340627803035,0.006005311352474667,0.002795358122323326,0.004874992663566172,0.012847750688256894,0.020656763533093488,0.021593847567277183,0.026501121157608033,0.05065886913867926,0.07587047463783171,0.06788472303676914,0.03508218254896234,0.010449758860541093,0.001794065921968172,0.00017734999519228385,1.007205398177926e-05,3.2762243278686026e-07,6.082933355026515e-09,6.424912406291553e-11,3.848595941209167e-13,1.304008564776949e-15,37.0
-0.0002642324494852475,-0.00031811427907334585,-0.00020878616034402362,6.89899904986939e-06,0.0007263951740397651,0.003895602257326632,0.013162787661324747,0.02887638284266353,0.04044838819343522,0.03568172923755208,0.02034085214819907,0.008607692949328494,0.004283973229309453,0.00423395246298552,0.006852254174991319,0.010991279046314185,0.012526134207539586,0.010531661055537475,0.009654602900465348,0.010799170321257073,0.012333304214918269,0.016432430954667045,0.020220341799122896,0.016209842607168724,0.0076458464998807995,0.00251767032176487,0.0017012542756550421,0.0034909392911482862,0.007870712412034476,0.012105971280135292,0.01100053661972538,0.006349050725291921,0.005384492473075685,0.011378502799818259,0.022108221733577522,0.03499245344950714,0.05012752497141462,0.061344415635735526,0.05385991748027093,0.02960022290858934,0.009524375452642108,0.0017465985663409444,0.00018071199352541527,1.0510481669990993e-05,3.4318166187133885e-07,6.28758937215673e-09,6.462914713422545e-11,3.726746854682632e-13,1.2055315101541282e-15,2.1876123326987678e-18,37.5
-6.781718736751692e-05,-6.648558630894365e-05,-3.1336332377574614e-05,7.752247637251276e-05,0.000835284118990303,0.004592156692739562,0.01500662863339804,0.030054779305907203,0.037945904084591406,0.031106933022304446,0.01765356024147937,0.00896045417948531,0.008361717065699246,0.013096751043801792,0.01620008156027175,0.013324737714622658,0.008095196155809649,0.004774735186754909,0.004042820846362502,0.0049114645219859605,0.0069460707782683555,0.010654511818918867,0.012843128896399573,0.009684656062203097,0.004532723414251264,0.0018203711173537386,0.0011267437489767323,0.0014724178109551034,0.004319044126763516,0.010469862415295416,0.01553750160627316,0.01638324673725164,0.018106398226595828,0.021358693683936128,0.022758255918269195,0.030868870983978933,0.046907610858494014,0.04849504167896811,0.028999940457915683,0.00976671422863775,0.0018454073731120684,0.00019552121639998722,1.1615021130140684e-05,3.868706567462264e-07,7.224878575906301e-09,7.565091539173995e-11,4.441367192549173e-13,1.4619685447065519e-15,2.6982254370046607e-18,2.7921406473534843e-21,38.0
2.6617496790833517e-05,2.438416666224725e-05,1.7634779741890295e-05,9.624142836213095e-05,0.0009181036364925158,0.005147054878159701,0.016550178395707067,0.031180727971613392,0.03577007959874358,0.026795586329639354,0.016275156123543664,0.013959404435096098,0.016036177045812203,0.014273257540582944,0.009958607378632847,0.008075713290694904,0.00752062891179,0.006413680603566679,0.006008374120896255,0.007188409609472641,0.012262888658748857,0.02186519817224962,0.02609307353474836,0.01828827016976737,0.007709596371400175,0.0023315689483129707,0.0007154468448616895,0.0004441948860536975,0.0014644084230486778,0.004666811967606512,0.008859661400862305,0.01063341170874399,0.011132614587170391,0.017426177115999954,0.031372039146445256,0.04008974231921183,0.03168307921081398,0.015059765130620108,0.004253208490171393,0.0007050210327319119,6.775358010516078e-05,3.735438032607918e-06,1.1721694238562681e-07,2.082076054612177e-09,2.0859137291070045e-11,1.1759716560393585e-13,3.7254666245137276e-16,6.626261884957291e-19,6.613471426359703e-22,3.702739072439611e-25,38.5
0.00015262141818622821,0.00015472245245627165,9.3265637184587e-05,0.00012659179541566303,0.0009943755700765496,0.0055822420597091095,0.017823468445157364,0.03286183135910338,0.03727381854129402,0.030563302305635736,0.022235309400144582,0.01453901695666545,0.008649582129093253,0.006589590968731243,0.006840170307005581,0.007028254211408791,0.006525418931108109,0.00656855981887426,0.007576876913340043,0.009312167857002415,0.014952438047174825,0.02333183307098375,0.02369735343790896,0.01413943951403208,0.005133102489906658,0.001694074343072569,0.0022538120780103616,0.004936253036101207,0.006810679058525924,0.006154708724021022,0.006918693611795417,0.014251062531199201,0.025898075391900546,0.032372549819764264,0.028793035357933858,0.01860766834682685,0.00816376893228932,0.002219225093086993,0.000352890450817627,3.1980555433676444e-05,1.6348440009696735e-06,4.696168961595569e-08,7.569685580745163e-10,6.843162722195726e-12,3.4689686807831875e-14,9.860053085656232e-17,1.5713862414504516e-19,1.4041310446719105e-22,7.034803276508181e-26,1.976129462763458e-29,39.0
0.0002558497610597575,0.00031349466250827273,0.00022069551517018405,0.00018357338960975814,0.0010468279000330903,0.005942076730479647,0.01951328550718885,0.036974586897448244,0.041582253390721614,0.029482917801308156,0.01481497478148034,0.006825087924050049,0.0052856737661712725,0.006772992713763888,0.007612701142283173,0.006660808828117192,0.005984099119111631,0.007553005340270181,0.009857644597827729,0.01218941557986398,0.01809259842859539,0.024171812450167387,0.020802265031990418,0.011065354521059967,0.005387888131644222,0.00518432075668314,0.005410515361939405,0.0041216200141946414,0.005292684443605399,0.013280706408191545,0.02420512485641025,0.027485862303900252,0.02294538864974749,0.017804726177052223,0.011772156491308115,0.00514707633941474,0.001318257280293558,0.00019124703091501135,1.5592348931665587e-05,7.131368727979166e-07,1.828958294315882e-08,2.6300557689284535e-10,2.1205451150662167e-12,9.586266321944225e-15,2.4297994567876688e-17,3.4531085992265075e-20,2.751496005112988e-23,1.2292674282420346e-26,3.0792340393814883e-30,4.324718662754447e-34,39.5
0.0002800963108996108,0.00043187655306320996,0.0003827858040398961,0.00033818684293990324,0.0014764460797849319,0.007450242142723594,0.022289649965732045,0.03830366439533207,0.03812759864717166,0.023269929416289876,0.011066229769472823,0.006701929544899807,0.006009105594226642,0.006644313269168237,0.0070280441314218905,0.005997429852334332,0.005611189637093458,0.00836197309660554,0.012457144045774209,0.01616759887214174,0.021466949553651537,0.024440588162273867,0.019338293009724273,0.011436396573097134,0.006398065754546095,0.0036123441719067453,0.004131880279886963,0.011379798810948215,0.022824363008401294,0.026539444323989428,0.019200149644489257,0.012629646231630105,0.011072282877493324,0.008396198276589502,0.003891706836737579,0.0010241760112801367,0.00015138445434453447,1.2549035272368098e-05,5.832738584457412e-07,1.5200416856306007e-08,2.221046217035776e-10,1.8196110619747972e-12,8.358308238537408e-15,2.1526679017814138e-17,3.108526141517852e-20,2.5168124258107737e-23,1.1425257886160668e-26,2.9080375518366273e-30,4.150045380368647e-34,3.3206608178249336e-38,40.0
0.00023971269356735505,0.00048623437304954817,0.0006093248794524901,0.0008284358920040402,0.0024224798708418144,0.008046019339434952,0.020440045965373792,0.0344031261848709,0.03557589885125618,0.023166258226090457,0.012041372757308485,0.007460885235370614,0.0057343029919796696,0.00552742891169796,0.005848508427000278,0.005121480880585486,0.0046147141635220455,0.007616307193419692,0.014335896936931205,0.021355914473134008,0.026359460975553292,0.025991869436565715,0.018035094721265212,0.00845915160760937,0.004232144511461011,0.008062462926501708,0.018546472557659507,0.026070120008203513,0.021745514091836837,0.011479187979333495,0.005465610713898792,0.004567188703281797,0.00414303271029041,0.0023662692178589963,0.0007683960428450909,0.00014013642941990194,1.4332642542008796e-05,8.219244739027093e-07,2.6427610633553862e-08,4.764341918137551e-10,4.815781857583266e-12,2.7292890394379584e-14,8.672635482676058e-17,1.5451530079992637e-19,1.543514547244425e-22,8.645075667552022e-26,2.7148491768436935e-29,4.780149204288487e-33,4.7190658159377066e-37,2.6120979170523543e-41,40.5
0.00016146614412028388,0.0004520674386546268,0.0007991502258385098,0.0011558930381731988,0.0021171926710143226,0.005951784919249494,0.016700362614335565,0.031479317605590314,0.03617431085579113,0.02656220299399232,0.014708352285331565,0.008088465682328494,0.005276704885384239,0.004387509509307162,0.004561363211029017,0.0042340388750944785,0.0034112576819454177,0.0052477759939564125,0.013199162235577174,0.025480551608319225,0.032578922195739345,0.026913776461962757,0.014560103361926353,0.008348062151552198,0.012818415493986955,0.020817238554415567,0.022030114875206952,0.016002654423688218,0.008809817507137654,0.004011080812051068,0.00227094995420066,0.001899683414535545,0.001247575189653464,0.00048402243009138646,0.00010598794762047299,1.302330395893394e-05,8.973223261580252e-07,3.466570257921416e-08,7.508808745964158e-10,9.119289389571222e-12,6.209688279359449e-14,2.3708137602833723e-16,5.075091956529417e-19,6.091289334538597e-22,4.0991459216634346e-25,1.5466653817848194e-28,3.2720368650926597e-32,3.881135879691515e-36,2.5811803134476686e-40,9.624909996280356e-45,41.0
8.339126126957144e-05,0.000314214216890475,0.0006826206985469694,0.0009187825970721469,0.0012635775589803437,0.004101104217117229,0.013821290411223914,0.028913290197455883,0.03676089570516124,0.030843356297248218,0.01965877328875555,0.011178008995220833,0.006303069381049149,0.004062748457243691,0.003912212509504899,0.0041396115732455635,0.003752668824801985,0.004784347971799434,0.010832589363332671,0.022943294906206987,0.03270770353803113,0.029338004455203466,0.019267267841495177,0.014010915113188995,0.011320459850476996,0.008497269058203806,0.008238049656381606,0.00900786650557926,0.00865839822611261,0.008710102713120373,0.007986626218033208,0.0048438777639595604,0.0017086330636515747,0.0003403616344605553,3.806680210972085e-05,2.387723747305227e-06,8.397732836956645e-08,1.6560099296008873e-09,1.8309792728762126e-11,1.1350706724142875e-13,3.9453109853978033e-16,7.688797494829681e-19,8.401453758367398e-22,5.14717929805559e-25,1.768084386236803e-28,3.40530109253512e-32,3.677281553096652e-36,2.226471217406927e-40,7.55833477525872e-45,1.4386461876272333e-49,41.5
3.186267602794939e-05,0.0001609565247576011,0.00045574205917945726,0.0007467228179921786,0.0010139619517098469,0.0030408700845415523,0.011079653937629838,0.02537146233160021,0.0347247621894215,0.0312996944359446,0.02301113548216288,0.01602066721100639,0.009674007514977736,0.005294337014236548,0.0038942256085950982,0.0040293144132822496,0.004356281994880102,0.004744590339233589,0.007353186051108064,0.015221218385507483,0.025358338028671577,0.028126618107145247,0.020320480470947044,0.009762561223241593,0.003917058355038674,0.003873929826356216,0.007590610365213533,0.013030241303291447,0.017466928243234744,0.016008048780905733,0.008924886139055642,0.002868097468294019,0.00052130149816926,5.326817146917142e-05,3.054367622234708e-06,9.82204968127795e-08,1.7710662949660826e-09,1.7905910365309548e-11,1.015032373661915e-13,3.226139563162257e-16,5.749175005910341e-19,5.744428519876454e-22,3.2181552653936943e-25,1.0108483395228522e-28,1.780261703803766e-32,1.7579257776196695e-36,9.732760943204037e-41,3.0212760975864853e-45,5.258520968286355e-50,5.131633620545492e-55,42.0
1.2656674287084774e-06,1.3462542754271174e-05,7.03658659438119e-05,0.00020353352820413835,0.0004874702595851014,0.0019585788980491575,0.008083188014884604,0.020671904925151915,0.030571853048547818,0.02820522751919215,0.022121974540000422,0.020548089279605698,0.01764334647723487,0.011511937176726545,0.006674108952128247,0.0048550757786961045,0.005256000687820355,0.00610106981411241,0.0075293357775428355,0.012464810515672444,0.0193851069977645,0.02072177982419687,0.014082362703287788,0.0063284832020102585,0.0033572031505674374,0.005263645529864293,0.011202946181123448,0.018924450525762155,0.020587503802065463,0.013138022168007937,0.004764024113433127,0.0009722966458739887,0.00011138205646871288,7.156238380145927e-06,2.5781687646733646e-07,5.207959008210711e-09,5.898555727010981e-11,3.7457908770681225e-13,1.3337070704256386e-15,2.6625408931910248e-18,2.9802381964595714e-21,1.870356997490177e-24,6.581378669171732e-28,1.2984585392952982e-31,1.4363428974417792e-35,8.90854980209845e-40,3.097952323817893e-44,6.040338597883994e-49,6.603385854925267e-54,4.0475377006610285e-59,42.5
2.108351781487196e-05,0.00015137835476620697,0.0006208142821776479,0.001461539043527165,0.001999219134951159,0.0017204427143037622,0.0014773630831444984,0.0021846440370873826,0.003234389891986214,0.004405940266983725,0.008979923004217558,0.021313830745114656,0.035489905753474625,0.035316362583636324,0.020990129923077996,0.009652944199955634,0.007439023913259605,0.008914259105747578,0.011356302032609834,0.015574226869344558,0.01866739525244146,0.016301215463674093,0.009915569660944428,0.004967996663121394,0.003816595995606978,0.006081572693823853,0.012739184977875604,0.020163976494271048,0.0190934936137118,0.010260539919340632,0.003098496522018634,0.0005248546804301239,4.985218332037028e-05,2.6549497886800044e-06,7.927734975889097e-08,1.327275893706073e-09,1.2459259553400663e-11,6.557557736453963e-14,1.9351331660918122e-16,3.201831168736089e-19,2.9703309247444516e-22,1.5450056868556e-25,4.505823383466744e-29,7.36778736086919e-33,6.7548986739686396e-37,3.4723175145598316e-41,1.0007805577429934e-45,1.61724987063451e-50,1.4653259038917313e-55,7.44406515609842e-61,43.0
1.526715389711634e-05,0.00012672488788533846,0.0005986729493122953,0.0016231694126452618,0.0025618649522654536,0.002455961751759861,0.001758176531876486,0.0016592414405450148,0.0022309443444667723,0.003062677034732249,0.004966244098932496,0.010659635575741927,0.02154545159782593,0.031182169127099243,0.030156862261257182,0.02055601595531935,0.01281159637637955,0.00987356564813451,0.009361595639992242,0.012599821944390658,0.01833763176206259,0.019191062850159764,0.013183816399603098,0.006503058028501828,0.0034365909678826124,0.005239704251381233,0.012808666688745246,0.020895060972685293,0.019650833209003165,0.010443280244940225,0.0031210092456277834,0.0005235939268010322,4.9275266839527916e-05,2.6005889074653928e-06,7.696093877264757e-08,1.2770362238277395e-09,1.1881226720214788e-11,6.197846650347793e-14,1.8127599615698649e-16,2.9727546294699386e-19,2.7333601112027195e-22,1.409138092189997e-25,4.073138020175378e-29,6.601209989202183e-33,5.998419182840861e-37,3.0561095262999155e-41,8.730112794701846e-46,1.3982654676778535e-50,1.2556778872874339e-55,6.322454274738886e-61,43.5
3.113503447431486e-06,3.8743082341054126e-05,0.00026932609693780686,0.0010625072480674057,0.00239625535414322,0.003135593985238664,0.0025336457976798325,0.0017310019453043665,0.0018758915846178827,0.0027042866661477665,0.0037948767771474254,0.006093284446689822,0.01122438184737374,0.017744814708545175,0.02234933588419928,0.024480361071189134,0.022666011732902547,0.01626628956030736,0.009405612873156843,0.007479978035021456,0.013567071514087672,0.023140981183869824,0.02449596404495366,0.015174024372961987,0.0060340222613403695,0.0048223578899892865,0.011983875407215773,0.021445959878903787,0.021933869888268936,0.012654897044305379,0.004108412517539845,0.0007494872395905267,7.676477151455271e-05,4.412050132359334e-06,1.4225252813106242e-07,2.5723777668605195e-09,2.608626876183199e-11,1.4834034589540664e-13,4.729953511562738e-16,8.4565370030750205e-19,8.47732579858489e-22,4.764872279915527e-25,1.5016437835551173e-28,2.653408606077038e-32,2.6288260212043672e-36,1.4602910140386198e-40,4.548167411061143e-45,7.942417104212069e-50,7.776568658466071e-55,4.269158814115942e-60,44.0
1.7116470501882025e-07,3.6569063461848328e-06,4.486880617890037e-05,0.0003104596040367767,0.0012128715560267259,0.002696724653843467,0.0035257393006635526,0.0030889851765820583,0.002606422483335308,0.002892444651627678,0.0036214957248953653,0.004818310919889328,0.007791882204151472,0.012346971586301022,0.014903546837212286,0.015931922477377205,0.018358439027226187,0.01776781576330782,0.011720981785936767,0.006335480120046099,0.007672505829325234,0.01733245626666994,0.02904846903421274,0.03135910295708647,0.022235779271738525,0.012627117908483657,0.013319751633325464,0.022000493546032434,0.024500133266007446,0.015557489835305836,0.0055471357339499094,0.0011091496518266613,0.0001243524824442291,7.817301131831996e-06,2.755473606165788e-07,5.445929552322416e-09,6.035086572775064e-11,3.7499899856568426e-13,1.3065055169582802e-15,2.5522685156775033e-18,2.7955992276437913e-21,1.716944952093453e-24,5.91248751621577e-28,1.141605418200965e-31,1.235928237417776e-35,7.502421900202208e-40,2.553525907499274e-44,4.8731433610350384e-49,5.2144419061923634e-54,3.1284974912571393e-59,44.5
3.5008134326771614e-08,8.326392077122514e-07,1.1751560513820487e-05,9.966361479369178e-05,0.000515390644389457,0.0016367137551074084,0.003203548192627416,0.003974506212603081,0.003539790677064019,0.002992083880037298,0.0029108810898478333,0.003305622739271659,0.00514215021226601,0.009351931581193865,0.013340393969095553,0.01366889252312226,0.011850122211212896,0.010503323795954549,0.010003825535256335,0.012268083198968516,0.01855420440268686,0.024155028975342423,0.027698989326075542,0.03385677224685354,0.03869667108542286,0.03688558449325821,0.033260987826419695,0.03251709060482691,0.0287788803582031,0.01743869535552976,0.006371140442885274,0.001362174904879074,0.00017122829302764658,1.2853335547284796e-05,5.850258125012033e-07,1.624463345142834e-08,2.732965530189388e-10,2.74093536353384e-12,1.6088792492642765e-14,5.4428723141213834e-17,1.0497810941767453e-19,1.1463745829388109e-22,7.058309058624493e-26,2.444371959996688e-29,4.754718130415498e-33,5.190788297796275e-37,3.17908509291931e-41,1.0920048107717426e-45,2.103492220259001e-50,2.2720504869170563e-55,45.0
1.973866585079337e-07,2.994954634200164e-06,2.5589913807361176e-05,0.0001249109357366513,0.000368432648913161,0.0007868168386171232,0.0016114766254106464,0.0031125352801979886,0.00448880492840557,0.004473066130262337,0.0034772449801342264,0.002924413883712208,0.0038093940712146577,0.007334929328972044,0.012149314194099377,0.01303224014336063,0.009266728970606118,0.0059795761132344916,0.006063172347424113,0.010572678800146182,0.019174551777448017,0.024080099496465654,0.019059922010508084,0.013910573575257344,0.02183089343620162,0.040767917431219235,0.05840770671390288,0.06454474361323759,0.051189151656984316,0.02613584868136491,0.008443590061443492,0.0019931760855533653,0.00043092799182831664,7.974758122277425e-05,9.847517319584579e-06,7.149628145647098e-07,2.9434678020645636e-08,6.812058641481191e-10,8.844484369143996e-12,6.43937697972998e-14,2.628738117580699e-16,6.0168982560603e-19,7.721782125398408e-22,5.556245350125026e-25,2.24163118183461e-28,5.070674681132794e-32,6.431113528862092e-36,4.5732552455528675e-40,1.823406685638578e-44,4.076246896334011e-49,45.5
1.1597608153962782e-06,1.1774957996283199e-05,6.7562084416997e-05,0.0002224807644136761,0.00045959862040107944,0.0008117325688615047,0.0017033457769266892,0.003399275708477511,0.005135270349209842,0.005782100417851427,0.005052425783509448,0.003886148959547706,0.0037544928782099573,0.0061210647933437,0.011094803787216279,0.01715129786619792,0.023365106857514892,0.02571681897674214,0.020160524145749033,0.014960003163121051,0.019620673735005572,0.026433899476803184,0.022608815823769238,0.012242078087033018,0.007557463918163044,0.016561758502609897,0.04198772965013838,0.06849236231070911,0.07244335016917867,0.05398072621732727,0.02960371994155279,0.01186569814371091,0.003735988360079532,0.0010656340868172047,0.00025369416697643474,4.0300624681179916e-05,3.7820555000907716e-06,2.0174572231539283e-07,6.054764239953351e-09,1.0197248271548447e-10,9.631208717047543e-13,5.100592766952452e-15,1.514555270684284e-17,2.5215633278872575e-20,2.3538231411769123e-23,1.2319602711220023e-26,3.615250843250497e-30,5.948384203553405e-34,5.487549177024197e-38,2.838420114414346e-42,46.0
6.005673911233646e-06,4.076634180318881e-05,0.00015620405115786908,0.0003443903669017734,0.0004745519589761846,0.0005644126593486094,0.0009795978934303516,0.0020708013603846346,0.0036115220364960512,0.004977837833023149,0.005778209494590012,0.005604826952394682,0.004805423518863335,0.005066887575046714,0.008099624483253333,0.014776169370276846,0.023618432425040685,0.02801909623523295,0.0224841032057214,0.015309798729971909,0.018020175384951903,0.025722177262784685,0.024691887659842593,0.015632498729210086,0.012493546070628086,0.02094581120147367,0.03037212732577423,0.03166543435548376,0.036425227720709566,0.05252893741640975,0.06095521284905038,0.046872056218384285,0.023797267233264356,0.009054973233525365,0.0032475648893687606,0.0010564817338402984,0.00023756850828385827,3.175040875455657e-05,2.4126187033578453e-06,1.0312142549728585e-07,2.473151406756869e-09,3.326179384550167e-11,2.508283384082515e-13,1.0605479867851605e-15,2.5142230012998606e-18,3.3419220333730857e-21,2.4906214112263426e-24,1.0407297486727054e-27,2.4382995557446456e-31,3.2029856098296985e-35,46.5
2.2104393821044156e-05,0.00010523880902353847,0.00028509217474135883,0.0004566937109512753,0.0004935829973025233,0.0004981869943546924,0.0006656167181908186,0.0011927167745665968,0.002316311103236432,0.004099083329816183,0.006080441716965027,0.007193226355276587,0.006827039490592357,0.006163147232744294,0.007604629065560347,0.013096910400881968,0.02229482426782962,0.029453830820223965,0.02737705302353907,0.020756597342051004,0.02068949422397335,0.027079965612356566,0.033457781176766156,0.03684282338449399,0.037463916241611335,0.03558819749709079,0.028036905315130152,0.016351980546308823,0.007640195113104289,0.00623159927294689,0.015217308721378473,0.03100936517890869,0.03665078781355348,0.025439165855636783,0.016580180367396773,0.027845101104078656,0.050016579619526026,0.05354427232717923,0.03226310575602365,0.010902357082537959,0.0020656640716899444,0.00021944121802292043,1.3070601507983212e-05,4.365075716111455e-07,8.173476628864128e-09,8.581055395653028e-11,5.051186719319607e-13,1.6671127632067587e-15,3.085001409446705e-18,3.2008446294064847e-21,47.0
3.996900856474189e-05,0.00016040696228003252,0.00037048219815320575,0.0005180506575543776,0.0005043044409246449,0.0004607592335407884,0.0005439688923266131,0.0008222733325994456,0.0015378891118927958,0.003282442654465582,0.005716757206088821,0.007340194409433204,0.007846704093324447,0.0074915928196274744,0.007009839947265666,0.009962981837744724,0.01867188252020182,0.02890406130400209,0.033189875005858925,0.03147874392151841,0.029901097241185077,0.028388727463503256,0.028976009410437535,0.03671981177891844,0.04187464736320271,0.03227260337801755,0.015618904725890559,0.005984248714894332,0.005540806677930293,0.009038879898201123,0.014861025757559484,0.027379056021271806,0.04014514168748893,0.03638727670407084,0.022256732165477675,0.021852387598897318,0.03950290005081593,0.05047589750917093,0.03683987175960599,0.015095030449590171,0.003468227855314233,0.00044678931065587234,3.2271336253217026e-05,1.3069229137617026e-06,2.967575887757657e-08,3.7780920220133416e-10,2.6968827559787545e-12,1.0793702350540996e-14,2.4221310978978026e-17,3.047499831110488e-20,47.5
2.5867238307912342e-05,0.00012042097165255167,0.0003232237367278225,0.0005141452475600083,0.0005241488184746752,0.00044789905054096435,0.0005077537551661897,0.0007297515613307692,0.0013522016195595028,0.003214383024908631,0.00625954661267864,0.008456928046181022,0.00817965171973758,0.006535672841841489,0.0063546490939041834,0.00970724528937402,0.017121421342121357,0.02727513351878703,0.03711385085079191,0.043855907042191916,0.044440638001231755,0.03572604535528119,0.0262839327733229,0.027181388313895737,0.03019514205375105,0.023120034240413187,0.011167150179914221,0.004772856680121245,0.004664384288937429,0.007462439968783491,0.015947468606466477,0.033523676097822634,0.04568765310501356,0.03593124103569162,0.017460026994498504,0.012852751867388665,0.026769630952234322,0.04308155141687168,0.039597266172139725,0.020424007452800395,0.005906819455954872,0.0009578249124994545,8.708381325702618e-05,4.43922937497025e-06,1.2688099335753746e-07,2.0333137206110076e-09,1.8269684560950794e-11,9.203998589186584e-14,2.5998055974948424e-16,4.1174093097529557e-19,48.0
1.0033277811883875e-05,5.90175555149834e-05,0.00019984533148635584,0.0003922742386995567,0.0004728211158570457,0.0004523204408712474,0.0005231871736112094,0.0007719946840955296,0.0017083393627190864,0.004427953113818908,0.00847012031142876,0.01046916330469496,0.008159051640872796,0.0042884902536687855,0.003394864791470587,0.007821445132647997,0.01667859859630761,0.027605243217236466,0.04130635171383718,0.05534092728454634,0.057521812418966145,0.04259908604195906,0.025036916972529397,0.01629355311068578,0.012775622408996755,0.011390112182254322,0.011108434968844241,0.010522198953651996,0.009284034798059154,0.00764348895020406,0.011107214563270686,0.02578567447774245,0.041304134594446484,0.037864754004777436,0.01995445313245515,0.009158336754213549,0.015019880718754557,0.031561196296865796,0.039373138451748335,0.02760632438719523,0.01085371555743261,0.0023925931088226464,0.000295718276243451,2.049303699031233e-05,7.962571015224742e-07,1.7346791160913317e-08,2.118867589564128e-10,1.4511333480947403e-12,5.572238080283626e-15,1.1996949804819503e-17,48.5
8.457701379969097e-06,3.7481637367359455e-05,0.00011076206944355436,0.00022919756473816123,0.0003532292178141019,0.0004602262225717725,0.0005958126527072268,0.001037292064932211,0.0028872435599916076,0.007218681628932017,0.011675805133870993,0.011517699853410428,0.006947866168452636,0.002791360652092955,0.0018268854794346683,0.005229713501770578,0.014535095266880828,0.029969361585198487,0.0502870460823118,0.06601435952243116,0.06135547623465535,0.04030916269893306,0.021327956285567173,0.010698374625345826,0.005534131093059865,0.00513525573248929,0.009916937905367913,0.014849028377190016,0.013006850521132266,0.0072234973287898145,0.00709744916340815,0.018714618224957194,0.035745834277496544,0.03880341737615674,0.02370315291380953,0.00888412879341006,0.006469660694255774,0.01681748946874614,0.031575260191191196,0.033549315084079656,0.019992535914673513,0.006679978023630699,0.0012514144023133003,0.00013144561564535178,7.741228690958824e-06,2.5561864413052546e-07,4.732536725766854e-09,4.91263270921528e-11,2.8592585916695075e-13,9.330639508314968e-16,49.0
1.1714274573482384e-05,3.659094939311047e-05,7.356972426470332e-05,0.00011953423611031417,0.00022142558530095384,0.0004230284002537065,0.0007364575713956273,0.001763324793383873,0.005217840041307316,0.011110711609072784,0.01436526825613345,0.01105709383949778,0.005216618148866066,0.0018161396849312164,0.0011050557273709115,0.0031827619625607127,0.012054465030376592,0.032896281125850184,0.061167923415878483,0.07427667615058181,0.05695127262652598,0.030088383998046295,0.01618348296975643,0.010927135150455118,0.00723161623038171,0.007460103660291186,0.012031694402905461,0.014735132967303456,0.011830555123020522,0.006997496387453147,0.005776482824458828,0.013551989919667065,0.02957792258628209,0.03795476082481611,0.02741313327221319,0.011173432231350354,0.0032817986151784774,0.004834365924216941,0.015038256569125975,0.02800947073423125,0.02929310365885703,0.017177435717027085,0.0056476842004062324,0.001041121271553172,0.00010760961360079807,6.236194627089354e-06,2.026315591690372e-07,3.69158904245441e-09,3.770842966105451e-11,2.15964506994395e-13,49.5
1.4083163760688038e-05,3.5541439035185855e-05,5.5388107098358155e-05,6.90102266685211e-05,0.00013945474296506058,0.0003754651212389906,0.0009943771175714951,0.003130326752866635,0.008630982916906938,0.01524439787465478,0.015858997555945345,0.009610851728834835,0.0035226471799378236,0.001135018105134157,0.0008366887433451691,0.0016956926785370973,0.008057177044164168,0.03004770910377086,0.06503910827158145,0.08010301560032501,0.05723787122773595,0.025700453492499057,0.010290755143545594,0.0083546437118786,0.011366931421047104,0.015417182647468941,0.0183140293565836,0.01582729241864915,0.009494881475996912,0.005435294495954125,0.005169514697096997,0.01047158307863049,0.023967195981009642,0.035678934334843745,0.030522278501247058,0.014712441493015455,0.004008576150317142,0.000955481710845401,0.002500166035591532,0.00956846627550087,0.02095243675990767,0.025730853945584484,0.01771715661367461,0.0068399464495027115,0.0014805743315996077,0.00017969109976636246,1.2227614949181298e-05,4.665259204070936e-07,9.979956289250368e-09,1.1970170503645132e-10,50.0
1.4990546272294583e-05,3.2699207943375104e-05,4.367024096257058e-05,4.741225084585084e-05,0.00010377209793905579,0.00037176353642879483,0.0014294627783479142,0.00508547842201809,0.012596457714190011,0.018816126202049723,0.0163060116282127,0.008144017123597882,0.0024254191866041265,0.0007390594492057959,0.0008720013437077463,0.0021131956416669,0.008303918150684472,0.02771090672148099,0.05809613303659679,0.07362976261259034,0.05729532233101173,0.02966312514722454,0.012844075044400539,0.006712905587853,0.007152458630055246,0.013980418583435893,0.02243899062719658,0.022182678578568808,0.013151305229554273,0.005826681791382913,0.004260659998925707,0.007565719526891236,0.018393180976077773,0.03279985699475787,0.0345667503435286,0.020736635194482003,0.007064650456520347,0.0013768010899511858,0.00022353768102096366,0.0006794750341078289,0.0035702138221604318,0.01067104032921737,0.01788474368054173,0.01680652188306498,0.008855066142258707,0.0026159209156311064,0.00043328758737016653,4.023895761266125e-05,2.095250883954369e-06,6.117080276243494e-08,50.5
1.547292006782989e-05,3.0727475167897446e-05,3.727027952393536e-05,3.835802057888809e-05,9.59717131956374e-05,0.0004365893224840394,0.00202725685782176,0.007216221661056261,0.016201066191810484,0.021470251543962107,0.01657382762625175,0.0074622153791056405,0.0020062854975683346,0.0005334985486371215,0.0009057680449236368,0.0032422999358379745,0.011277180431041155,0.029865690088980927,0.054785703993421885,0.06675554598653854,0.052760411460722495,0.029164717947292147,0.014844300311922687,0.008811908680038304,0.006268031977418831,0.006685738952348294,0.011234265217327906,0.016977152983907146,0.01626684630337225,0.009569542339809261,0.004754413703839535,0.005136549418306283,0.012481405206275449,0.026939272017781325,0.035607511943667534,0.02689701797709789,0.011995192217074863,0.00452330957288111,0.003298406644001295,0.004481771631950629,0.012479914559275817,0.03330457378341996,0.0535082454367249,0.04852544763756745,0.024688834848702542,0.00704326765890302,0.0011265974471299494,0.0001010374464455858,5.080597783034959e-06,1.4324059136710056e-07,51.0
1.6372747838596433e-05,3.120882459199619e-05,3.622483900517903e-05,3.669997804273888e-05,0.00010939135620085272,0.0006068237904763267,0.0029358836328280055,0.009619299566844729,0.01916278085268419,0.022765650492955234,0.016574547237886816,0.007794648460437726,0.0024927363079743073,0.0007146434542797328,0.001305247893310087,0.00557470680141388,0.016809282186464023,0.034836513380301526,0.052476877986585686,0.05857118567558809,0.04688553619897031,0.02696538047671871,0.013317971773778307,0.008154543408801288,0.006953588632063332,0.006750909053366537,0.007672400322980629,0.011090641430841703,0.013753820141857229,0.011090847208980629,0.005945703653814613,0.003607239336650677,0.007122011552179027,0.019710499423282367,0.035419371274023614,0.03763167303256577,0.024895673780141823,0.012287546551312251,0.009875609670474706,0.022102512543747822,0.042207772711837704,0.0469479455392913,0.029369765685380238,0.010304233778666365,0.00202702625662771,0.0002235747268199331,1.3826267377980133e-05,4.79408838348254e-07,9.320215599396813e-09,1.0159321819815884e-10,51.5
1.7574272388790517e-05,3.43569924843855e-05,4.0867566478429926e-05,4.304102745435998e-05,0.00015494192823038114,0.0009690476382465559,0.004486293137051174,0.012910570791021949,0.02191204092297646,0.02199894264613348,0.013913250441889713,0.006458734245786017,0.002929569138926986,0.0025693258207921603,0.004850549578263959,0.011365309562468446,0.025382873492579193,0.04304288039006707,0.05346689993408603,0.052109119968915034,0.03934396608392618,0.020506922151663564,0.0073612538413065365,0.004335657808724887,0.006713225150574011,0.00849611014841959,0.00849353531456828,0.00990952238954182,0.011378721382006737,0.008875342085914334,0.004693654008628748,0.003269830268043867,0.008071737822399906,0.022965248159489755,0.04006113320018095,0.04004284614284127,0.02563321938668202,0.021105819909462253,0.03179359105868343,0.036842584359847684,0.024715505620270018,0.009321019508421246,0.0019713810285234886,0.00023377833866383447,1.554380819261286e-05,5.794680255002604e-07,1.2112125616594183e-08,1.4194826630147172e-10,9.327358204018027e-13,3.436418553328264e-15,52.0
1.7934015913275683e-05,3.9028906479424095e-05,5.1994907400318984e-05,6.225275677302859e-05,0.00026721143868588785,0.0016992792662776498,0.007053695749878303,0.0172526803514208,0.02432461914992923,0.019933320010232236,0.010507620533159921,0.005408752136507026,0.004139586836327983,0.004171103175570328,0.006615015035982802,0.015609925656207578,0.033578127062493725,0.048235159479500744,0.04621633710125379,0.038020102030819576,0.031520933310622085,0.020941059591761135,0.010734361676620837,0.00686539877318509,0.006581832955469029,0.007788937472457791,0.010838250092708633,0.012981705634423602,0.010469171793238492,0.005989019441512299,0.00609115681036408,0.014241436650303434,0.02697662016284262,0.03301391079099468,0.02703217375853154,0.020392334588842893,0.022360041091798816,0.023516338421579252,0.015496968584660637,0.005819479525065314,0.0012280730034086307,0.0001453521618891978,9.646222829063246e-06,3.5893410358556516e-07,7.488440718828663e-09,8.759654202550087e-11,5.74515001430848e-13,2.1126843832709615e-15,4.355988331229691e-18,5.0356742673061654e-21,52.5
1.569971893499678e-05,4.119989662706366e-05,6.835493379013266e-05,0.00010774620776290423,0.0005251486286941266,0.003062327416109259,0.010891736863599458,0.022170370247833183,0.02566985290093995,0.017033888210774478,0.007107991014059726,0.003843572382343728,0.005699545492628231,0.00921634219483338,0.013775016256973754,0.021796461386063243,0.03245135556609451,0.037520075060461476,0.034865180363517954,0.033502267401698566,0.03394545977321325,0.026647055162348027,0.01365031791073252,0.005581431293358215,0.005319963902202655,0.009965067907866968,0.013959514382223774,0.013446101087394064,0.013837877776367297,0.020728282977072986,0.026291046214669742,0.02148972557783331,0.01265099572071161,0.009367062413006296,0.011292179773054674,0.011357209853004601,0.006896561738596768,0.0023788546843515833,0.0004611954624927579,5.015665840739907e-05,3.058666907340616e-06,1.0458341673213447e-07,2.004998013010123e-09,2.155183394087631e-11,1.2988931306708875e-13,4.3891604548197016e-16,8.315882314313313e-19,8.8339319346602e-22,5.26160933713297e-25,1.7571222859781919e-28,53.0
1.0696461841606166e-05,3.495615522546605e-05,8.070319233489751e-05,0.00019938069901409032,0.0010505683243047148,0.005248814899310454,0.01568110499717907,0.02655273146373058,0.02542230380701035,0.014002248369373357,0.005369492719651887,0.003972062112007898,0.006327612497583805,0.009263753686562085,0.014029009681819657,0.023561220550874062,0.03159035755758152,0.029250675148894303,0.024697614618477613,0.029001772731384615,0.034944365797193414,0.029811071489668026,0.01689717638522294,0.00908975020419069,0.009399361577319295,0.012856602305798256,0.018809814331591724,0.026062023502836814,0.026933976100195732,0.022003590657570862,0.01752481771482623,0.013150229693225707,0.008701591743801354,0.0050920047849755965,0.002240916302085593,0.0006200561575482813,9.955527410321318e-05,9.046695215695333e-06,4.62081229977549e-07,1.3241947976833768e-08,2.1280399687813402e-10,1.917548816603155e-12,9.688067641359152e-15,2.744404458235406e-17,4.3589137075570806e-20,3.881748194244142e-23,1.9381853645354817e-26,5.426028909991336e-30,8.517021337745998e-34,7.495700135193401e-38,53.5
5.944663317746106e-06,2.177895037478284e-05,7.67940843299935e-05,0.00033322291813665713,0.0018790200846803432,0.008046412849102394,0.020477960469567957,0.02970032844411399,0.024692616837065896,0.012517146060748557,0.005140687965429392,0.003451783949946638,0.004589029026948777,0.007904031870386234,0.016334935198364504,0.030780864215526695,0.038647217641536974,0.029675630508852732,0.01751976779707956,0.018311453627,0.027721430589370773,0.031008428705408375,0.024743137775871834,0.01965038188462583,0.022213444341096147,0.02565970567765895,0.022712176909132263,0.016327646026410958,0.010666172929308871,0.008182636248677867,0.010657126697954152,0.013677965288657454,0.011178384474993072,0.005292942800576259,0.0014232878448852747,0.00021588472898381264,1.8414379913652827e-05,8.81961313798807e-07,2.370159192392341e-08,3.572574765959745e-10,3.019824813894451e-12,1.4313291884792944e-14,3.803953641717712e-17,5.66838295352481e-20,4.735945138960801e-23,2.2185810221940763e-26,5.827253441644082e-30,8.581672256129264e-34,7.085965916834437e-38,3.280538730732692e-42,54.0
3.5719117856244292e-06,1.1599575244375707e-05,6.318393844838685e-05,0.0004625068267243719,0.00279633904634165,0.0108382285707126,0.02467063969235617,0.03227257381346008,0.02425010439771024,0.010671947574305828,0.0034970197008642114,0.00317560520624914,0.006661846940728012,0.013381430119108952,0.023199613555756022,0.030158585969895773,0.029237884957872676,0.02435266085305804,0.01970486891125288,0.020001289360936907,0.027608167861244592,0.035595248710015744,0.03715183371944858,0.032475054815517546,0.024912824277051437,0.017033480080834943,0.009505332568888199,0.004090627328902806,0.0018344233403691022,0.0021880695460947818,0.006728403495003815,0.016246651283359777,0.022757275694119936,0.017929862836153783,0.007922898963303372,0.0019630114977495887,0.0002726978114675912,2.1240240089598593e-05,9.275899601352193e-07,2.271284280072536e-08,3.118213070184455e-10,2.4002634763058735e-12,1.0359311265917475e-14,2.5068115378189825e-17,3.401193371022297e-20,2.5873775146901983e-23,1.1035883620657875e-26,2.63920582406306e-30,3.5388181539085417e-34,2.6604926823080583e-38,54.5
2.6782897617950966e-06,8.421112482828403e-06,6.187869257956563e-05,0.0005849449850320071,0.0036093792031838077,0.013123989576223516,0.027616781939312947,0.03347687988397891,0.02347228242373775,0.00989804210435585,0.003984340746448927,0.005873675791989704,0.012944342291724078,0.02231301187067697,0.027721389277512682,0.023253962294934014,0.015134273981618072,0.015025427633479123,0.022466522220735058,0.03049921574584943,0.038733900275116064,0.04452258685517298,0.03989206389220371,0.026871681847834377,0.01388910514968527,0.005477668820744433,0.0019696769622068898,0.0010742806797881047,0.0011523515355616847,0.003682657148726119,0.012782885694143112,0.026703950159773254,0.03144985996379409,0.020776113303908373,0.0076956111604444604,0.0015982396478926514,0.00018610567278432084,1.2150556417391455e-05,4.4478646032896555e-07,9.1290542387375e-09,1.0505551422821949e-10,6.778455590014479e-13,2.452231652540969e-15,4.974060568131433e-18,5.656912762301895e-21,3.607170993914159e-24,1.2896528297096428e-27,2.585221370747676e-31,2.9056379289580015e-35,1.8310663907277472e-39,55.0
4.0028744564819125e-06,2.450141591709416e-05,0.00014377276898960622,0.0008159709732513299,0.004031980863013193,0.01380119690507127,0.028641952164372035,0.0346496137140647,0.02452872563911072,0.011188167620013421,0.007295104245121745,0.014782793696166684,0.027848218559361135,0.033034854519845086,0.02364849615793168,0.010692764922661696,0.00610404656064854,0.01217012300212937,0.025974459095699235,0.03992723661509078,0.04619026033236822,0.04235866875321418,0.029714606883053288,0.014500426943441086,0.004970312208877427,0.0019249046505486532,0.001330261346759995,0.001270378309655069,0.0037255375186235826,0.013357948384734867,0.028820105482462128,0.03500508307024914,0.02384426270210788,0.009106700282824431,0.0019501020400577937,0.00023413831254132783,1.576182382860202e-05,5.949209883395168e-07,1.2590151297448521e-08,1.4938997139263209e-10,9.93872732704702e-13,3.707310352943016e-15,7.75364564071543e-18,9.092258831790107e-21,5.978007679009335e-24,2.203738116316926e-27,4.5549365831329235e-31,5.278657970393892e-35,3.429916501240311e-39,1.2495752335314412e-43,55.5
2.8543488681301345e-05,0.00011091148267806395,0.0002781390390369167,0.0008068069096921279,0.0037101760865207757,0.013464300860265547,0.029050343860814412,0.036198581461409175,0.026606329688092047,0.013432196849520028,0.010960310438295442,0.02055098504173101,0.03134710802081941,0.029015395530836596,0.01585022226100458,0.005792034520537853,0.005262405460860586,0.016086691964731933,0.036048809297262646,0.0507318471705908,0.04820392550959299,0.03344467960388329,0.017191546097090407,0.006763177005204157,0.002709782871097672,0.0013679856543376153,0.0011343710443328602,0.004146225397846412,0.014741742493033212,0.030235968558806756,0.03480909566820034,0.02246976378578485,0.008132494884087533,0.001650319204515157,0.00018777204922941723,1.1978785135403648e-05,4.2846311485649667e-07,8.592765167352405e-09,9.662094528401924e-11,6.091559038484592e-13,2.153299650670954e-15,4.267753418014435e-18,4.742561860168341e-21,2.9549186325902634e-24,1.0322785077583663e-27,2.0219344913453e-31,2.2205272791762946e-35,1.3673005281614214e-39,4.720529183602823e-44,9.13768597161982e-49,56.0
7.52040642792448e-05,0.0001388603003308048,0.0001819625161546896,0.0005670960542286072,0.003355266171645044,0.01301761913641275,0.029015870228152985,0.0373743944459874,0.02891747577195563,0.016499927695251684,0.015335395890497696,0.024981076923969742,0.030894411503365655,0.022960142754258304,0.010256847265844436,0.003986065156144541,0.0069290715870510755,0.02185659007017261,0.04466552067662687,0.05567398692080573,0.0442546947496211,0.02430050508809628,0.010247599516281087,0.0037064885515485815,0.0012640430220090244,0.0010128464768485704,0.004378970373503411,0.015115346122521387,0.029640684589979847,0.032604773973942444,0.02010948990744117,0.00695408660244897,0.001348335556049038,0.0001465799998157352,8.934500616428663e-06,3.053406924096489e-07,5.850836010213621e-09,6.285936679746691e-11,3.7865257519412237e-13,1.2788825579659826e-15,2.421805440133519e-18,2.5713824365551285e-21,1.5307805398966513e-24,5.109495589984641e-28,9.562291116716087e-32,1.0033783607861211e-35,5.903184222502875e-40,1.9472727176108734e-44,3.601521887091303e-49,3.7347726885849635e-54,56.5
7.086284821241431e-06,1.4944617816761898e-05,5.500240172835414e-05,0.0004620603850349231,0.0031425753225872827,0.01257865573243376,0.028783716204674112,0.038165427451459906,0.030896978509839426,0.019369566890561615,0.018721715235208755,0.026600203194089223,0.028171131747809205,0.018364602401193465,0.007746065855018299,0.003990957674046611,0.00895310766375834,0.024932187641563366,0.04504678881928734,0.05179064490484056,0.03977325211175247,0.02127130731595112,0.008003006019034583,0.002189027255466298,0.0010487359858330184,0.0038369898971366734,0.013277721058195009,0.02636810078243804,0.029397986439954713,0.018378669363055485,0.006442170689770357,0.0012661041674826626,0.0001395164770879226,8.619863772538999e-06,2.9860298164205315e-07,5.799715821972502e-09,6.315941883613076e-11,3.856455929511731e-13,1.3202538935095378e-15,2.5342262070569236e-18,2.72742071833545e-21,1.6458025440432739e-24,5.568294032699776e-28,1.0562954946242753e-31,1.1234856545624734e-35,6.69990233590432e-40,2.240207512703803e-44,4.19978311585318e-49,4.414528386643601e-54,2.601720272558122e-59,57.0
-0.00016769694834450872,-0.00020643230971343322,-9.437861184831303e-05,0.0003984884529067183,0.0030370420793806303,0.01232179820898516,0.028570571662717863,0.03833320871914874,0.03174783836085873,0.0214474234640368,0.020900224593667353,0.02601649641218776,0.02516911518660215,0.015857314514804835,0.006734418858577261,0.005602785838396962,0.01670246460239188,0.038884073868865776,0.05774904607920058,0.06114544980106489,0.05149384894852729,0.03308188356469177,0.01429831113775731,0.004197617453725387,0.0029821978757715345,0.009147452274209482,0.02024983839203244,0.02543540447725612,0.017929881294712638,0.0070872570076652,0.0015707346255717342,0.00019518520096441144,1.3599090451566013e-05,5.312411201213313e-07,1.1635695372455683e-08,1.4289329092548168e-10,9.838982107789357e-13,3.7984580970527424e-15,8.222111187940923e-18,9.978796998724156e-21,6.79034541340033e-24,2.590743291281232e-27,5.542117567266787e-31,6.647309854529449e-35,4.470282288131866e-39,1.6855545443439204e-43,3.563440482831123e-48,4.223913782521022e-53,2.8072391820110185e-58,1.0460745242249753e-63,57.5
-0.00015554591717900686,-0.00040359725907028563,-0.0005342775340465987,2.2019659691113768e-05,0.002816602403323678,0.011882454396911452,0.02790932317694898,0.038085145558652944,0.03241890336076415,0.022973705975695233,0.021323949318690662,0.023573594053335784,0.022513594066007708,0.015604257620233885,0.008225785443661267,0.009397794377726655,0.024010500789807335,0.04660656797837014,0.06214938474991811,0.060681133033613804,0.04552090529464213,0.026856697214526402,0.012185114857693975,0.004715424470664255,0.005120201847185628,0.01229124101338743,0.01962568819130712,0.017801542108720602,0.009067604263052021,0.0025903383450880764,0.0004149145813291267,3.7263465128363104e-05,1.8764078780338645e-06,5.297734740984211e-08,8.386331555112978e-10,7.443422789115163e-12,3.7041808702766414e-14,1.033547683894868e-16,1.6169168552778523e-19,1.418285605376643e-22,6.975230097475129e-26,1.9234115458907578e-29,2.973751920042492e-33,2.5778407748358166e-37,1.2529284732551643e-41,3.4144071367423822e-46,5.217028014220306e-51,4.469406628072343e-56,2.1468188764199353e-61,5.781756249136608e-67,58.0
-4.3659639602401997e-05,-0.00022485232153051092,-0.0006164349901684012,-0.0006571260859033307,0.001756774556135993,0.010758774238107059,0.02692715549512272,0.03778725229737531,0.0329875389232372,0.023460927407156378,0.019904019558440712,0.019867117573719777,0.019898320916456224,0.017080674081430755,0.012679452802763343,0.01608540476324941,0.032207848223812875,0.052133577092947525,0.06070311734353662,0.05168475689319493,0.03642439698252059,0.025950333882415366,0.01706463809341964,0.008998484754944006,0.007420585040247198,0.012333583392020342,0.015525198002865222,0.011314865235475355,0.0046432741652980185,0.0010692323765072735,0.00013807697224889578,9.997922544346389e-06,4.059030457020776e-07,9.239639122392012e-09,1.1792527039961741e-10,8.438741326187748e-13,3.3858469813846e-15,7.616857336514426e-18,9.607339853430465e-21,6.794372031894497e-24,2.694103831888169e-27,5.989604859783863e-31,7.466221191501557e-35,5.218219798231723e-39,2.0448559570064605e-43,4.492849908318795e-48,5.534774565711101e-53,3.822933990506749e-58,1.4805139321208019e-63,3.2147487386030253e-69,58.5
1.907812911306607e-06,-7.08623821499351e-05,-0.00040690635369170446,-0.0008805212563006413,0.0006083785396017198,0.008972181473060304,0.025315209001281522,0.03718302910887145,0.033220514157542964,0.023127321489429586,0.017957560054103306,0.016585847392409484,0.017274255547885135,0.01855920920634616,0.018969387538680917,0.023196238922809507,0.03438553067631369,0.04797017373893058,0.05516508071040095,0.047151468583683534,0.03184304686635613,0.024257850911730217,0.021313607973436448,0.015325258561551083,0.011224207239734111,0.012376735458036633,0.012102297672102748,0.0072211172956998144,0.0024481505166022246,0.0004665720868549395,4.98892991742819e-05,2.9915972909656226e-06,1.0058813832370407e-07,1.8963526325175187e-09,2.0045349612246863e-11,1.1880320728399275e-13,3.947861694095041e-16,7.355541788635951e-19,7.683981106768133e-22,4.500665769263952e-25,1.4780396291599768e-28,2.721536938473944e-32,2.8097082406676635e-36,1.6263988333195743e-40,5.2785145094872196e-45,9.6053948447204e-50,9.800259168787218e-55,5.60633101588156e-60,1.7982031267623245e-65,3.2338330652458583e-71,59.0
0.00012669626637129986,0.00016636185119033866,0.00012020443191057412,0.00011998736649691753,0.0011541951975965147,0.00689925002793749,0.02055775935098151,0.03294832567750923,0.030773125938910604,0.020684505317537284,0.01521604048559048,0.015140383691574572,0.018993879929953016,0.024621088938984053,0.027215727227155578,0.025480606362783376,0.022708338445514495,0.026093743913297454,0.03759313047180371,0.04227418656710376,0.0323311708986417,0.022564187976788976,0.02069876217714391,0.018969173213918777,0.016020408242633375,0.01458229179877655,0.011057971352295266,0.005284554183030127,0.0014539438901098488,0.00022567655722005537,1.967342271161784e-05,9.621396485035246e-07,2.6388266853594296e-08,4.058290456819516e-10,3.4995501765658833e-12,1.6920308234934428e-14,4.586979860824806e-17,6.972136941692748e-20,5.94188967799278e-23,2.839242219175794e-26,7.606752745227073e-30,1.1426548426400838e-33,9.62386891297809e-38,4.5446786995780466e-42,1.2033044265183073e-46,1.7863505316776817e-51,1.486882639976178e-56,6.939138176357602e-62,1.81573814389352e-67,2.6639111484784298e-73,59.5
0.0002507417071422621,0.00037935161167156,0.00032995478015005543,0.0002930405620105192,0.0013166491408890518,0.006513571090844072,0.018674977216746172,0.03050026829826324,0.029730797903086865,0.020804622782996492,0.015756683502516515,0.0160887282555069,0.020285539575254617,0.026370895874020535,0.02813321802704719,0.02258955567265521,0.014888522711487454,0.013057530911609704,0.020915393852167483,0.03096003182484003,0.03170314149325388,0.02482033872003043,0.019586723243245174,0.01764094639302481,0.017855930490295064,0.01762752629711774,0.012445919405514904,0.005280087649246413,0.0012780199283701171,0.0001742517392499535,1.334057658527262e-05,5.729781173662598e-07,1.3801705494929678e-08,1.8642432221911282e-10,1.4119544098212178e-12,5.9961615747629904e-15,1.4277536179110467e-17,1.9061479634850482e-20,1.4268596291753102e-23,5.988610398816853e-27,1.4092577328931607e-30,1.8594051053127138e-34,1.3755508789276196e-38,5.705559633161933e-43,1.3269016594104095e-47,1.7302071224696808e-52,1.2649585894177608e-57,5.185293787853771e-63,1.1917612733804297e-68,1.5357623252674764e-74,60.0
-0.000222048370609145,-0.00042679520349395974,-0.0004542440556179724,-0.00017332903687487702,0.0009133146732513368,0.005409497565620183,0.01646026913898325,0.028472872347942886,0.029525335558916437,0.02220440868237213,0.018129309396357693,0.01892180428328514,0.02228371239287587,0.025248113101066012,0.022927380121042267,0.01622178835303363,0.011023599873593323,0.014766647153478018,0.030583584925321837,0.04548479272645542,0.04410823435071968,0.03195015748216548,0.020447100867164083,0.014433849126991591,0.01599790980439383,0.01883653972235625,0.014471898843002713,0.006399149391357525,0.0015946223082274275,0.00022310936456323733,1.7511772528327345e-05,7.708523187278092e-07,1.9027731937506128e-08,2.633606481004613e-10,2.04384952172991e-12,8.893523839339962e-15,2.1698111091052775e-17,2.968185695759427e-20,2.27656591597832e-23,9.790138888946172e-27,2.3605686930872733e-30,3.1912692211885406e-34,2.418962704955031e-38,1.0280489326738414e-42,2.449724595979703e-47,3.272951643910251e-52,2.4517758269853126e-57,1.0297712654623065e-62,2.425043973718496e-68,3.201970340434139e-74,60.5
-0.00015338922366436646,-0.0003517514007135126,-0.00044947091878756257,-0.0002677541949061066,0.0005037091131372626,0.0038314154156444354,0.013159959587329514,0.025545403960070136,0.029882514237615124,0.02574518483949223,0.023579026143722374,0.024443895693777085,0.023266695345684908,0.01891402750266138,0.013834836743333188,0.009880810089401526,0.007691464159680103,0.011226252858432246,0.025162935749519777,0.041922405858816125,0.04589059437326081,0.036487449976332964,0.02317547367780929,0.01389765878857883,0.01397650951486112,0.017745901933600046,0.014971044737874242,0.007236324744970578,0.001967205800678339,0.0003000542145718827,2.566683900881964e-05,1.231142373415357e-06,3.3111830025052096e-08,4.993283604864243e-10,4.2219436174558416e-12,2.0015178077532743e-14,5.320179064643162e-17,7.928888432163018e-20,6.625480794638536e-23,3.104140861655073e-26,8.154255615429504e-30,1.2010084927264126e-33,9.918058860178628e-38,4.59225636878105e-42,1.192187070524412e-46,1.7353278128330864e-51,1.4162420482670963e-56,6.480556156342199e-62,1.6626694183865616e-67,2.3917642826871237e-73,61.0
-0.00010930624264589407,-0.0002623946274541114,-0.00035216119025712026,-0.0002420380818311892,0.00020066999473904173,0.0022163473963620266,0.009045827302429227,0.021023028225394844,0.030228210532435167,0.032335848292051765,0.031517340678412956,0.02674965979097311,0.018206693447208003,0.011854065875151351,0.008607660037866007,0.005902295114483969,0.00476949981125391,0.008842824563455882,0.02136716106935304,0.037945873745937955,0.044399456739745984,0.03626146498659594,0.02326049329707572,0.013927715516324895,0.012483111624674924,0.015234468053874822,0.013297537792969681,0.00674796571303913,0.0019296439365572978,0.0003096306295790042,2.7861187149232197e-05,1.405703408714385e-06,3.976613541369862e-08,6.307460045748086e-10,5.6093882232356524e-12,2.7970210905179856e-14,7.819788172039222e-17,1.2257817219760094e-19,1.0773334832933893e-22,5.308918060311532e-26,1.4668331894929835e-29,2.2723450164183103e-33,1.97372505276785e-37,9.61209096601015e-42,2.624629026001554e-46,4.0182487598066804e-51,3.449249006798446e-56,1.6600880109320144e-61,4.479778230690132e-67,6.777987342474346e-73,61.5
-9.449108204356449e-05,-0.000198142815743625,-0.00023283308334704224,-0.00014893114809448818,2.9613846521970417e-05,0.000863173952898219,0.004930580583424119,0.015911259987249814,0.030788148282599362,0.03849023679848378,0.03399490946176283,0.023173488970364933,0.014316517854092579,0.010027440891177762,0.0071449052096390145,0.003983689280802243,0.002567367316920933,0.00587678139179433,0.017421854715732578,0.03477706890206502,0.04418121323178377,0.03796452324353336,0.02509686916119343,0.015270697835012939,0.01185047766775715,0.012253592691144392,0.010038851028613257,0.004956818192871763,0.0013899397408371717,0.00021902968674068088,1.9360579935867176e-05,9.596045981286195e-07,2.6668253895628355e-08,4.155451953800033e-10,3.6304593665389233e-12,1.7783776697125747e-14,4.884333859338186e-17,7.521518994802215e-20,6.494184461983236e-23,3.1438551267461917e-26,8.533344283219961e-30,1.2986581580178492e-33,1.1081263067558633e-37,5.301545814799581e-42,1.4221146463903328e-46,2.138875650170914e-51,1.8036625999948904e-56,8.527935370410153e-62,2.260743742007612e-67,3.3602965878186096e-73,62.0
-7.79063518295469e-05,-0.00012308809766301026,-0.00010946580673098065,-6.200793795152541e-05,-7.709937148802329e-05,-7.480609059147807e-05,0.0018515388808315793,0.011458299166050002,0.029133567318568837,0.0388295447858232,0.03158018340348846,0.020754696493592874,0.015384732759271581,0.011935743442619304,0.007324668320657786,0.003208059178472657,0.0018149408042823574,0.0041928179782223405,0.012801398905987506,0.02849248703617445,0.041967798649015245,0.04117189523623038,0.029377970030265228,0.01843397125767974,0.012688547931529574,0.009789911260641358,0.006440228891252391,0.00278319580568581,0.0007070757077070317,0.00010205141805642473,8.28808272441208e-06,3.777773422620266e-07,9.657269041941132e-09,1.3842808792758048e-10,1.1125564786782685e-12,5.013503560455996e-15,1.2667186439415761e-17,1.794477630000344e-20,1.4253280600249716e-23,6.347613530325173e-27,1.5849842899672513e-30,2.219005022547756e-34,1.7418487683416017e-38,7.666222912508972e-43,1.8917828206233604e-47,2.617459364548452e-52,2.0305208602693404e-57,8.831893014704141e-63,2.1538674856630816e-68,2.9451200180721847e-74,62.5
-3.5124801576681846e-05,-3.720624760211673e-05,-2.329260366727399e-05,-2.7997764086255824e-05,-0.00017775240775228359,-0.0007024750229757599,-0.0006001275612573199,0.0048207200790190835,0.018917123851401516,0.03243789155764636,0.0328329036017328,0.02466462921065406,0.01851301761481438,0.014052734413272337,0.008280256723978887,0.003372691645157387,0.0016661028334870288,0.0031055692239683017,0.008992331876785432,0.021549370376333477,0.03602432788312866,0.041264567345755704,0.03402268015669811,0.022809775046480615,0.014753685875479166,0.008949997533796487,0.004167543901742407,0.0013008233484152185,0.0002542281574444106,2.979372001152839e-05,2.033926648638367e-06,7.946388326952725e-08,1.7592818102327347e-09,2.1956504267499617e-11,1.5405967620438145e-13,6.069100021756374e-16,1.3414477837819352e-18,1.6629899772665223e-21,1.156106998025932e-24,4.506735657027208e-28,9.850615728981364e-32,1.207237472126002e-35,8.295555605733403e-40,3.1960929162914195e-44,6.90419921345729e-49,8.362317608998201e-54,5.678833611124377e-59,2.1622735134150282e-64,4.616161991262857e-70,5.5254842572783726e-76,63.0
2.063939283301123e-05,1.7939143017300333e-05,6.172693368995782e-06,-2.7739795529654223e-05,-0.00017843710982044033,-0.000518080994683705,-0.000333960920937809,0.0028633248007829707,0.012400351524916035,0.026066617507193256,0.032502422547347885,0.027771143777721122,0.021217284629314142,0.016489131093843055,0.011428860382438929,0.006481656006514019,0.0031856527882693627,0.00274738694377311,0.0069158327554448345,0.017170859008970793,0.0295199141471374,0.037133741027764205,0.0371668774699073,0.02942628533980579,0.01917491028358674,0.011409865832617896,0.0055723588287319645,0.0017983026975733052,0.0003422549545649951,3.703562271120861e-05,2.2556980476268866e-06,7.71168557064527e-08,1.4787901836481186e-09,1.5903004328942297e-11,9.591295882597053e-14,3.2445972518265793e-16,6.158122255169398e-19,6.560728951519226e-22,3.9268481941758433e-25,1.3224201380639905e-28,2.5120768804107153e-32,2.703258369100459e-36,1.6593273035342503e-40,5.871270759392816e-45,1.214958948476597e-49,1.4951420400486623e-54,1.1099595193737104e-59,4.999493498401466e-65,1.3583535984436512e-70,2.1945070301823074e-76,63.5
4.1710891980722694e-05,5.680213469328219e-05,3.0216517406746798e-05,-3.863731783378176e-05,1.3477537913028593e-05,0.0006899682752737916,0.002210486624866931,0.004695599669044883,0.010939491457973197,0.02282611993384482,0.03153728100332118,0.027361704934853247,0.017628514639070045,0.012957948417906606,0.013702280153027515,0.017670586333226077,0.022431245179301958,0.022634556586305518,0.01864901061014553,0.019416609797275646,0.025070061641738906,0.028561116503298362,0.031766267709506364,0.03403513936516302,0.028336905080415437,0.018639922891383703,0.011155014344919884,0.0054400504789134056,0.0017352833785461961,0.00032523079981622153,3.4658426804953676e-05,2.080915809330568e-06,7.019806496605162e-08,1.32916457898623e-09,1.4119356054118893e-11,8.412555786716863e-14,2.8109824166912273e-16,5.267090442446581e-19,5.534089531147049e-22,3.2604222306331675e-25,1.0770831260969672e-28,1.9951330248164515e-32,2.0722607509864664e-36,1.2069024557891548e-40,3.9415141746164435e-45,7.218183710856912e-50,7.412773954898981e-55,4.2691326183788735e-60,1.3788836554233785e-65,2.4978933078925343e-71,64.0
2.600847013894578e-05,5.78913685379954e-05,7.798105188538889e-05,0.00018924105266633488,0.0007867984722934422,0.0018947141815191092,0.0025984190677344763,0.0031015101592833023,0.006520776525020141,0.01614849178143878,0.027502842576604285,0.028510229281645587,0.019098321912006177,0.011871760577237404,0.011265102924069148,0.015189199124037487,0.021064277457571532,0.02266607251118357,0.01961375289964846,0.020101446175198892,0.02412630198399339,0.02372179603575174,0.021465797617371676,0.026319998277478114,0.03259494710016854,0.028748081348457362,0.019297546437310204,0.011786220736924015,0.0058788050913155775,0.0019068807075526457,0.000361267594353316,3.876088932975871e-05,2.3372534866285206e-06,7.906398075093546e-08,1.4997788342089891e-09,1.5951736972620113e-11,9.512852169114148e-14,3.1807762701671306e-16,5.963133559236554e-19,6.268084638211732e-22,3.6941458165916353e-25,1.2207087889411936e-28,2.2616685534691304e-32,2.3494418238815117e-36,1.3684195731552566e-40,4.468818368304034e-45,8.182480371985545e-50,8.40032488046096e-55,4.8353290511114203e-60,1.5605397122902809e-65,64.5
1.110094913939312e-05,6.377123350939148e-05,0.0002894881527798374,0.0009560156960291209,0.002007276429472652,0.0025424748786784875,0.002145799363647962,0.0021675611460875064,0.004789194489408374,0.012304730971245313,0.023665454844046738,0.029159646475816405,0.022095758074440853,0.012861302759494686,0.01242901189075645,0.018345905592100968,0.0227362134784597,0.021278813774625274,0.018142396742094724,0.020040315648531898,0.024674827290406674,0.023792744643442533,0.016973892325748634,0.014166911546455071,0.022155241325077745,0.03212797428767929,0.03103983036314487,0.022399379341149647,0.014117961387274709,0.0069816233587684205,0.002219322453145611,0.00041172389127263145,4.327747029482441e-05,2.5573456949478646e-06,8.478626774903233e-08,1.5763514957221973e-09,1.6433029914524286e-11,9.605182613512462e-14,3.147846786012856e-16,5.784164943340192e-19,5.959182150966963e-22,3.442322112404374e-25,1.114898147850067e-28,2.0245929447805324e-32,2.061384855930199e-36,1.1767908418468515e-40,3.7666764375190737e-45,6.759836431464791e-50,6.801941556747141e-55,3.837500467792271e-60,65.0
2.9842537646066976e-05,0.00022138593943115897,0.000920946773169417,0.0021457977035648566,0.0028229534461044624,0.0022167501718105384,0.001375475823838194,0.001452888124016064,0.0033779423894732237,0.009297416949761085,0.020298807558725176,0.029537862370181283,0.026596366311944203,0.016185464084331608,0.012556589633275122,0.017519830089078318,0.021542612751401038,0.0195454743841156,0.017683676726459093,0.021994693089099106,0.027432677039917183,0.025514850607107384,0.016853544312398924,0.009047680502979223,0.009086229791185554,0.01922085424066639,0.030984019713010347,0.032845022789584614,0.02655851393534383,0.017749928091101166,0.00857241639570628,0.0025672527927146113,0.0004447756807621059,4.359171781247024e-05,2.4013796051205387e-06,7.42220302334084e-08,1.2864864052637643e-09,1.2503132223775123e-11,6.813298952168709e-14,2.081692593148534e-16,3.566112592165772e-19,3.4252515346222104e-22,1.84462784464743e-25,5.569855095468257e-29,9.429699927885078e-33,8.950982050728328e-37,4.763896708728991e-41,1.421584970941889e-45,2.378494475551035e-50,2.2312606545419568e-55,65.5
0.00011218156342658967,0.0006139458037176898,0.0018676188921152089,0.0031293943567024555,0.0028587594050235956,0.0015080350788493242,0.0009067822138363304,0.0016693890346068628,0.0038798047022446415,0.007913496940261827,0.015579049983989493,0.026720967519723374,0.031380443023300494,0.02398746492115713,0.015582341111599465,0.014123862551870134,0.016185818238146944,0.01747076649640282,0.02038520903722525,0.027606999446723988,0.0318939985591996,0.026808290692031396,0.01741787846303602,0.009350155870573596,0.00484282984749669,0.007073796670299977,0.017170771977843332,0.028710588856616363,0.03380630446613279,0.03162644677797273,0.022377073946160682,0.01030282296792912,0.0028056372509011984,0.00043559637185920804,3.8108720374710176e-05,1.8720701047374983e-06,5.1585313214310624e-08,7.970834149305155e-10,6.905838050294e-12,3.354691215216712e-14,9.137111590121007e-17,1.3953544663110404e-19,1.1947557232827353e-22,5.735781034959536e-26,1.5439202181873187e-29,2.3301076457167804e-33,1.971723228671025e-37,9.354805399952886e-42,2.4885272412089675e-46,3.711665903871565e-51,66.0
0.0002775368165740121,0.0010959015928699591,0.0024620402425331906,0.0032099353227732323,0.0025529153762814706,0.0015362460334956008,0.0018097890474298834,0.004510798080545433,0.008403645134290325,0.010086729221186285,0.011565308037293347,0.0192279357578127,0.029393165757678655,0.03078796666381717,0.02252597096852082,0.013884504467320796,0.011500186967867657,0.015424921640416854,0.024627982463787876,0.034671904896033966,0.03540174230652492,0.027176563604043455,0.02004022569388457,0.01450103338782394,0.007830424320793576,0.003848213786736575,0.00635948393850529,0.015054076219806804,0.02592240441477863,0.035339121607253096,0.03764818943764238,0.026885692143900224,0.011496768721824565,0.0028135377968603863,0.0003883933179357903,3.0114057527589663e-05,1.3097986786017824e-06,3.194637940420612e-08,4.3689361274137155e-10,3.35006931113113e-12,1.4402975577759333e-14,3.471921710786672e-17,4.6925248746559205e-20,3.5560029745049254e-23,1.5109026905595848e-26,3.599396691759858e-30,4.807748811969557e-34,3.6005816363167917e-38,1.5118976493808438e-42,3.559516071270989e-47,66.5
0.0004314158439937348,0.0013032821367928043,0.002233558385701879,0.002298977124390928,0.0018538486932955958,0.0021037511935995882,0.0040102694981814764,0.00832443136914835,0.012239427746604116,0.01092879318932574,0.006334393310525119,0.0039519838414192165,0.005149742185015389,0.009226902217574105,0.016414655335437966,0.02513791339031638,0.029664825058012798,0.02927292127028875,0.03205743354694762,0.03799317306533183,0.03575554200898371,0.025613849100093036,0.020405080510283526,0.02109052722175391,0.017110109655894577,0.008553739220928606,0.003796929631970992,0.005700378885557814,0.012530612701235452,0.023567595511174048,0.03804873890285134,0.0438196665181003,0.03075177568776075,0.012383734865742523,0.002812987863197195,0.00035881504039536925,2.5672129297480248e-05,1.0299473480805157e-06,2.316849967788135e-08,2.922149321130282e-10,2.066457305980471e-12,8.193500494038463e-15,1.821509385453091e-17,2.270451297645819e-20,1.5867620578624447e-23,6.217707123009883e-27,1.3660530089372687e-30,1.6827658110886603e-34,1.1622475626093573e-38,4.500828293912554e-43,67.0
0.00019217524748039398,0.0004331260821085883,0.0005382144858232421,0.00039082309537553884,0.0004176338133151762,0.0014994381261607846,0.004940746770505533,0.011093051984751592,0.01584558486100144,0.013861493667151281,0.007940957676246672,0.004605184820296728,0.004426861392333012,0.005107973752218769,0.009139666030837223,0.02146719032151164,0.036198754001201074,0.04126061663362209,0.040550986841018884,0.039330664432077986,0.030142669077987364,0.016950688454651853,0.013779796720619167,0.022592960702454125,0.029117563922311233,0.022041015978562024,0.009782466543945401,0.003931890864028486,0.004997133845452957,0.009967451110100807,0.02110063351393255,0.03967752953434201,0.049038533025168925,0.03524522680126848,0.014309004041716259,0.003261950098145614,0.00041705207130277234,2.989833192437007e-05,1.201786638886857e-06,2.7084921757389305e-08,3.422526551851899e-10,2.4248503480244588e-12,9.632563921750627e-15,2.1454465364168478e-17,2.6792443922913367e-20,1.8759696195922636e-23,7.364751678549019e-27,1.621097932409236e-30,2.0006873782521877e-34,1.38442058873564e-38,67.5
8.085477235309794e-05,0.00018982951591659504,0.0002582070005013696,0.0002227821439692311,0.00021049432364156584,0.0007816719034236172,0.0037264105879062726,0.010941084315676992,0.018538170746642588,0.01824717119998802,0.011237008367534683,0.005833675413991133,0.003628890351188634,0.0025480990735216487,0.004624627135449954,0.014744289335344428,0.031436478877131704,0.04214464433697523,0.04160874459178904,0.03637002737019187,0.026993637011133054,0.01534374809811415,0.011313093486525396,0.021048954575808205,0.0354958120951189,0.03561629848504697,0.020423113463872627,0.007090322522303991,0.0030396916678875406,0.004176119481634195,0.00770546422323668,0.018576247698925002,0.03972735654440333,0.05271777398292285,0.039850543773419386,0.016929267146183556,0.0040337296429929954,0.0005389088748765207,4.036879331657243e-05,1.695490953503147e-06,3.99267615517371e-08,5.271710361005989e-10,3.902634093147063e-12,1.6198804500364855e-14,3.769874828769101e-17,4.9191462392094545e-20,3.598913209944146e-23,1.476290584507997e-26,3.395401709505172e-30,4.378539910537629e-34,68.0
4.678132719074878e-05,0.000126944974731707,0.00020638583991680875,0.00020363946231279496,0.00014611582034015094,0.0003511099948043009,0.002087415669589849,0.007973560464782505,0.017411888684804852,0.021889229565403637,0.01648250611817816,0.008248828685156823,0.003213482812863389,0.0011990786842746804,0.0017147724285624141,0.0067663469064241375,0.01942383900715378,0.03660454525167219,0.04633020924671109,0.041461784864318,0.029147498327968337,0.019015235680018804,0.013811750215665561,0.01729149025684218,0.03127458286284698,0.04069121302071341,0.030986818469366184,0.013508958298542987,0.0039631602225520274,0.0024324266547444463,0.003588877641003631,0.006824118266483601,0.018984759502671675,0.04180640901589502,0.05438418395323026,0.03991568476454996,0.01643802795984964,0.0037958696848481755,0.0004914687926490564,3.567795263415016e-05,1.4521878417151225e-06,3.314091625577431e-08,4.240578075593923e-10,3.0423169194927076e-12,1.2237781038891318e-14,2.760067738456957e-17,3.4902427993136923e-20,2.474630580155345e-23,9.837481930625685e-27,2.1926855600155978e-30,68.5
9.289502669757657e-06,2.9967880812003852e-05,6.944048947920829e-05,9.804862306144743e-05,0.00010411496458616448,0.0002462314524043557,0.0010789192407520344,0.0041519347590496586,0.01138388789503631,0.01972486180241865,0.020492544670273016,0.012645128116031598,0.004718729951453885,0.001224689994982839,0.0008999986739223678,0.0031449837238494314,0.010322769022853982,0.026157826514838885,0.04582454163487108,0.0511890856679962,0.03803493299054669,0.024766382284795437,0.01988472222648194,0.019624272018649174,0.02583879978630001,0.03673845486743284,0.03681091724601277,0.02188348635319918,0.007605318219403199,0.002344016451775054,0.0023622775862081834,0.0038049847970211895,0.008920535930312059,0.025159208601875014,0.04761335071990785,0.05171865383430475,0.031583848988729374,0.010817746846474192,0.0020775086483991257,0.00022370179330532007,1.3505638743602929e-05,4.5717202933439184e-07,8.676868458710358e-09,9.233475742308672e-11,5.509170942883563e-13,1.8430033324465763e-15,3.4568841823654735e-18,3.6354851496654545e-21,2.143674081949084e-24,7.087188369574002e-28,69.0
-2.0992181127759043e-05,-0.00011580750518626982,-0.0002639031195736949,-0.00027183919125355706,-3.395029281934677e-05,0.00035535654862478387,0.0008134557625179827,0.0017040472691458104,0.0049387480403255465,0.012267393304447528,0.019112460167968928,0.017673752207416942,0.009809372725519834,0.003500050885311344,0.0012717736276855126,0.001854243494600603,0.005767222143624883,0.01760639892232625,0.040044190307560464,0.058445867110399924,0.05487145689753631,0.03716052736938417,0.021827774880331323,0.01730670237605779,0.026505353223252096,0.039517635150434716,0.039216501087677866,0.02531100476692912,0.011344621031274453,0.003910895424571507,0.001907210271545605,0.0025674716574757097,0.0044878446221698395,0.011752951330429718,0.030507380542273605,0.049701471787779554,0.04607485985961527,0.023991546983377784,0.007005924967111685,0.001147104262644468,0.00010530779248825815,5.420472253163736e-06,1.564345217538363e-07,2.5313191867442483e-09,2.2965719710069677e-11,1.168239929127018e-13,3.331983700656412e-16,5.328347337419748e-19,4.777503600148586e-22,2.4017530744813245e-25,69.5
1.3948164507418863e-05,-3.585958531659654e-05,-0.000258591663635936,-0.0005545331976885222,-0.00046477293324169314,9.114813261445012e-05,0.0005679644944288202,0.0009448383012378747,0.0020874852523380554,0.005270888939444649,0.011023550376191365,0.015550816917093929,0.013408883807673223,0.006975691528591108,0.002544814188426513,0.0015721332867088937,0.0035754891598125424,0.011877692484593853,0.03150880782426056,0.055255640326125746,0.06383726623025011,0.05100624026627519,0.028765647058702062,0.013151834821890572,0.013712292325788258,0.029051760050815594,0.04304888108948785,0.03774947932972102,0.020760577672229438,0.009430761148335838,0.004965742807334047,0.003119499040641448,0.0029413634417570188,0.004408785023617287,0.011665221862593061,0.030267229827900317,0.04861508493763421,0.04431623419287641,0.02268212488732886,0.00651018870828519,0.0010476839813797906,9.453372927796363e-05,4.782579748212029e-06,1.3566146385960776e-07,2.1575934527763524e-09,1.923984499897924e-11,9.619496898227327e-14,2.696633873586503e-16,4.238483031822325e-19,3.7352334380683544e-22,70.0
2.3487905933386424e-05,3.863520088229063e-05,5.656630241636807e-06,-0.000175297348748552,-0.0005443194894718746,-0.0007871758205514224,-0.00044708948318330913,0.00043862732301237653,0.0014087280736364287,0.002385189656377323,0.004810304938143182,0.009396562364527315,0.012002690066310839,0.00910269796236138,0.004285584626457697,0.0018448591773681667,0.0025449630179067203,0.008449226841824269,0.02396299188441295,0.04619618049053053,0.061056541131405205,0.05639237722370963,0.03511192397195414,0.014689066707859235,0.008854777647000621,0.01982639036734707,0.0394938744431029,0.04645430655974432,0.03253252142070973,0.01623209580912989,0.008458744949356728,0.0048321683265702756,0.003078108964684048,0.003136911503587307,0.004833926963250034,0.012960471007213863,0.03207570102416606,0.04818329766984558,0.04095279595593859,0.01953533465663534,0.0052254522622424545,0.0007837018006618996,6.590178754453911e-05,3.1071515876631217e-06,8.213845536566489e-08,1.2174453042771807e-09,1.0117453638885072e-11,4.714241467759735e-14,1.2316044830497788e-16,1.8040540087180556e-19,70.5
2.335746045489216e-05,6.53973509571557e-05,0.00015827258568373943,0.00021610054639343863,-0.00017007892597854899,-0.0011907366932764534,-0.0017649617755765108,-0.000820791466511367,0.0005999765802200667,0.0012188591096543235,0.002161340734261802,0.005361259443875194,0.009241510305651957,0.009266135875317445,0.005509105705736916,0.002442398758100767,0.0025463627888550706,0.007769988343763198,0.02066885630635788,0.037880927579312426,0.05075612532517124,0.05102392240812112,0.03531760517071152,0.01605523711856682,0.009674821359400596,0.02147054054170677,0.04319525811167057,0.0510703133162472,0.03518310395384157,0.01518022230120053,0.004984321528497731,0.0017990726551865175,0.0017923918733670798,0.003330583785941348,0.004725740905010092,0.0077374432940660876,0.019638842510252365,0.038972930620852775,0.04533247831014809,0.029706116704164634,0.010919874476380851,0.0022507684161863803,0.0002601148616994222,1.6854605897257786e-05,6.123375608971429e-07,1.247331922202187e-08,1.424596953251109e-10,9.122645986115364e-13,3.275431107612841e-15,6.593787597768729e-18,71.0
1.9980937069445218e-05,5.9407723651531746e-05,0.00013143718347955879,0.00016047248825338953,-8.466123382350484e-05,-0.0009092163964254699,-0.0020350580771600164,-0.0021784022412488875,-0.0010316190710078223,3.497752327521813e-05,0.0008735740161965932,0.003079129382665503,0.006853709316925152,0.00873886972458505,0.006524004703720909,0.0035617622119370053,0.003724357685315134,0.009261262436534528,0.020541015078937193,0.03327927852270132,0.043507756569967415,0.045421676166102064,0.03249615794819203,0.015910705075117756,0.013986270127391238,0.031313342309585344,0.051416832975903076,0.04919404002443887,0.027493296276341117,0.009430442219032852,0.002676181869105591,0.001775730133775483,0.0030584997285576384,0.005521278226671533,0.006914252207587232,0.007572559981651381,0.01489803740972618,0.031637988063515095,0.04165069883067973,0.03104735761458971,0.012987910303950146,0.0030465534083975085,0.0004006825674586767,2.9546853483494505e-05,1.221633387445449e-06,2.8319748205707716e-08,3.680922881140068e-10,2.6825194915983858e-12,1.0960942275128275e-14,2.5111446575538997e-17,71.5
1.8445258701881732e-05,6.024307125742884e-05,0.00013645940261817837,0.00020524706976405018,0.0002556451996421088,0.00018348800728912014,-0.0006273419978626864,-0.00221972324385891,-0.0028478901432502832,-0.001753870107255708,-0.00020242642256406286,0.0018679603911292762,0.006202575603604963,0.013517982480384782,0.02207565649955497,0.026177027284954087,0.020513482731203337,0.010803305832620444,0.0071625326596789695,0.014192591192182684,0.02887549499959964,0.035911436767941264,0.026419206183888034,0.016705991835067158,0.024441168222055838,0.04303461504740911,0.04925476209890156,0.03703471797336269,0.02079830281925333,0.009310238828533423,0.003753901115368639,0.003877197732602998,0.007729439492340062,0.010687573614256827,0.009144062622784452,0.00717741703570164,0.013562314136392618,0.028850077710142436,0.03711254512926146,0.026910907455370305,0.010944917000413557,0.002495894401704952,0.00031912403573787924,2.2877665798314096e-05,9.19565665735665e-07,2.072395403241549e-08,2.6186733583104015e-10,1.855277492852253e-12,7.369792475130174e-15,1.6414228626819337e-17,72.0
1.4840184759000888e-05,4.872014272192964e-05,0.00011692916194389122,0.00021285367949274892,0.00038059930504858174,0.0005481561251809784,-4.562656873611788e-05,-0.001981754652246195,-0.0035908274638519434,-0.0029297798075529854,-0.000935438599730432,0.001302788351259945,0.0053286970630721416,0.013310577594282284,0.02345327346383468,0.027620922125742846,0.020634470961942004,0.01054108367604051,0.008316932473491254,0.01661036872214521,0.027595401424729722,0.028505710708389184,0.021579562750018114,0.023269515819239903,0.035841662228598435,0.04164859986962663,0.03576089695637985,0.030137025852862414,0.02379019558489443,0.013206845990829535,0.006103559070887542,0.006825620889302098,0.01092895934615714,0.011798946604426486,0.00857910390774291,0.007619958669401356,0.01597864555324588,0.03004970798371485,0.03323387201432768,0.020688927464803195,0.00722363791959761,0.0014141810529220405,0.0001552293941334691,9.553485328620343e-06,3.296617536066787e-07,6.3781411395397226e-09,6.918923406464262e-11,4.208252180588593e-13,1.4351054970773088e-15,2.7440039705807577e-18,72.5
1.1030652095233915e-05,3.450616907445084e-05,9.00642317946507e-05,0.00020711730339147063,0.00044182014138509525,0.000688137047334833,0.0002733508685884337,-0.0014760153674437215,-0.0034396926388625417,-0.003320666323425352,-0.0011662328616976352,0.0013263118117614282,0.004873511458432496,0.012566469024111805,0.023628092644518366,0.02865516542729264,0.021759658028348568,0.012732957019405093,0.012739231051228333,0.01909997905647013,0.021781620358132955,0.019952866911937588,0.022933814910410442,0.03267322134753174,0.036390911638647896,0.029223336212809328,0.02660013450434516,0.03213714554225203,0.02971855843664303,0.01780670086788115,0.009735234688714234,0.0077566689324715075,0.006531029660469558,0.00614497285398045,0.008211699070089042,0.013170957870582752,0.023590318160947556,0.033455267707076006,0.029126111453338783,0.014480072717008467,0.004050277260638008,0.0006356229944902577,5.593529433198235e-05,2.75994810126108e-06,7.635484027531608e-08,1.184380938096459e-09,1.0300662210039844e-11,5.022936994786758e-14,1.3733118089669224e-16,2.1052293470471099e-19,73.0
8.625491466664768e-06,2.4448686253240785e-05,6.416703601794683e-05,0.0001772659991142296,0.0004447131394830327,0.0007373142400724281,0.0004331140368528571,-0.0010621053605783652,-0.002921987747123812,-0.002994918352652698,-0.0007916618176912833,0.001844083669742346,0.004668532296354646,0.011298204963367588,0.022760419024025206,0.029704994715013706,0.025255699634528825,0.018781858494591904,0.017284684053565574,0.0152478024509724,0.012878540875034102,0.017692781126601765,0.029065788488279967,0.03521100073544781,0.02859801764104014,0.02113139609488339,0.02606100395012906,0.034522168478247954,0.03089634643981621,0.018429319064342243,0.008975365075286826,0.00440279722441091,0.0029310227830857006,0.006339815026400768,0.01638730621621071,0.03002183054734607,0.040657031340208094,0.03999446353405359,0.025707461931037616,0.00989668124909459,0.0021888301287303455,0.0002737295580229692,1.9248420203011437e-05,7.596378968990469e-07,1.681426369306394e-08,2.0869651831163736e-10,1.4524033972693864e-12,5.667394814859691e-15,1.239938952935837e-17,1.5210257790381247e-20,73.5
7.552657529087687e-06,1.95656939686519e-05,4.628344181190009e-05,0.0001341289847655174,0.000393227292044762,0.0007371461685373448,0.0005422428048528387,-0.0007295805390224276,-0.0022249538991914427,-0.0020442938023554225,0.00018686288265999293,0.002670615003765378,0.004774467363382049,0.010159323831657295,0.021861304862424553,0.03251788215484154,0.032428600344231374,0.024214371347747326,0.014737375704581761,0.008920439367301112,0.010963887010104497,0.020164050870803887,0.029579584640783276,0.030157208706858063,0.023612143150076013,0.022484509721149,0.028377191997112496,0.03059900300067161,0.023338871722169516,0.01222514545088297,0.0057245057501734255,0.005577773342685911,0.0126355434311748,0.031038237912439783,0.05299259846839679,0.06096391615857688,0.05477035588464248,0.04056279226010418,0.021301137736884784,0.006857133367337521,0.0012717374339818186,0.00013326014105355014,7.845862978499284e-06,2.591504744654494e-07,4.800109366744488e-09,4.985261872891809e-11,2.9030119539904e-13,9.478288472629247e-16,1.7351229097896082e-18,1.7809409019645567e-21,74.0
7.250425722539214e-06,1.813820783559481e-05,3.929264277905189e-05,0.00010560835438054206,0.0003321222785288684,0.0007075753008934785,0.0006954573230980674,-0.00020192288291489093,-0.0011808828874713675,-0.0007214727863869735,0.0012931122700057312,0.0036974349125329896,0.006912871727385254,0.01402014734940298,0.026486527509115194,0.037263562839380183,0.0352371073265451,0.023060532416916888,0.013520890724795637,0.010871595753631417,0.011712254067907657,0.015889963854174405,0.023692658312233758,0.028656277095960914,0.028124018360721228,0.025789237615400244,0.023339222281261576,0.01905312136735139,0.011630645348276394,0.005753791033749282,0.006539200234807609,0.01516953438127816,0.03048165528342016,0.04567526883803823,0.04924033107639311,0.04474138092114779,0.04244035507082082,0.034051721673367154,0.017423718819947764,0.005144053469947871,0.0008564732516500825,8.004670773984877e-05,4.195576293909665e-06,1.2330433714181288e-07,2.03183216759356e-09,1.877227563413532e-11,9.724449004713199e-14,2.8244373839669186e-16,4.599575391186494e-19,4.1997396662129666e-22,74.5
7.304441518474798e-06,1.8676845779830018e-05,4.1374161283309855e-05,9.644586008529567e-05,0.00025987528516506237,0.0005728384667019564,0.0007552877617197612,0.00038552457828417255,-0.00012522762942587242,0.00038534381806968406,0.0021268310020559613,0.004273473560662672,0.007815817102350929,0.015565716701452145,0.026970830795689033,0.03655129430723447,0.03725984062016144,0.028491112935218322,0.017734881592069204,0.010334689205349716,0.00797958895225105,0.013028158649131807,0.024283616813495456,0.031238141295860524,0.027128582745683413,0.019543242293627097,0.013792503542417537,0.00824407605662698,0.0052873070682391415,0.009144711554439142,0.020692864612725556,0.03383176335509208,0.03972906455254465,0.03655271034401308,0.030057294980091447,0.03097797833660281,0.036389318397547395,0.030127755007858747,0.014592009472764919,0.003989892012142625,0.0006123468907183792,5.2702014815921884e-05,2.5432410654697923e-06,6.881268961700081e-08,1.043923488118628e-09,8.879483173255475e-12,4.234728306240145e-14,1.1323540897604216e-16,1.697687656095114e-19,1.427092637209725e-22,75.0
-2.839338390693817e-07,1.4646026142041185e-05,5.8034148770975784e-05,0.00012869355560716066,0.00021394413321806937,0.00035233196932441864,0.0005519338461130041,0.0006038256086961648,0.0005841204496016543,0.0014027833621825287,0.0036921908059611526,0.006290281620312248,0.008002342277831727,0.011561651578137608,0.021883797779550674,0.03718021282083476,0.044034500612954185,0.03325484885648747,0.01668840346724132,0.008480449742412651,0.009072616976356553,0.015841228158639708,0.0241169205922046,0.02455357717621967,0.0175637974445586,0.011407776409918012,0.007671687272946048,0.00710208025364399,0.014211129938261482,0.027395042403156104,0.03526525196001192,0.03363279582177108,0.029528499861104188,0.025012386386859237,0.023270503897048805,0.02565048841843283,0.022266241724858374,0.011704645649936863,0.0034973784474374666,0.0005872927679209116,5.5316540026031234e-05,2.9214781186802013e-06,8.651150656747133e-08,1.4363647857740178e-09,1.3371329605102089e-11,6.979162309656776e-14,2.0424472229251672e-16,3.351330237530185e-19,3.083205298123681e-22,1.5904004826566438e-25,75.5
-1.4729678430266308e-06,1.508214207605188e-05,6.870060079197517e-05,0.00014527183082392673,0.00018086127241769085,0.00018785912905019576,0.00032319551772068487,0.0007071039472511606,0.001470483441880142,0.0031148030868407357,0.005442413854263291,0.006426880929379967,0.005969157284088367,0.009072720823130103,0.02096410338575363,0.03814049240878033,0.045737018454235424,0.03523786774461083,0.01915016717463356,0.010487995568699907,0.009668136049871696,0.01376995857837249,0.01675663444393343,0.013028139047727235,0.0069368488672606815,0.005613541878260744,0.010674338407978039,0.021151254268793326,0.030753740456200954,0.03130450294604502,0.028589798057374445,0.028901608115628457,0.026277427401007504,0.020922113860249645,0.015874278881168543,0.009336197396825646,0.003426946911167081,0.0007244309851465295,8.63936940295487e-05,5.784814803277375e-06,2.172456992991715e-07,4.574694846417304e-09,5.401305212827504e-11,3.575655510078997e-13,1.3271860303763477e-15,2.762020171875503e-18,3.2228548338141442e-21,2.108499404710343e-24,7.734372041584781e-28,1.5907263376838071e-31,76.0
-3.1254593299605533e-06,1.1622338954110881e-05,6.724007988627957e-05,0.00015140883854996065,0.00017669517305109777,0.00011150726008385878,0.00017747729444258554,0.0008886761001854695,0.002497900161323323,0.004232442180802059,0.005391342868966829,0.006278327206735265,0.007310601848348412,0.009585641600455806,0.014132920184164689,0.019677197200518595,0.024319814335368128,0.029443141253966847,0.03299110551192949,0.02803341768988928,0.01895346346085881,0.01410247390800002,0.0107775110543766,0.006641247344738298,0.005447679801600629,0.010747484808770646,0.0218416125646873,0.02935141717429108,0.028298091284358735,0.02881063981278882,0.03219247491650851,0.028330220195934546,0.01889871757725842,0.01032304468010837,0.00421740695608661,0.0011002361753498047,0.0001681214369023504,1.4593548475696239e-05,7.129468761373122e-07,1.9549709952249212e-08,3.006598911867164e-10,2.592790217777647e-12,1.25368625365652e-14,3.3988519259829556e-17,5.166486886250556e-20,4.4032921598083683e-23,2.1041591233071607e-26,5.6376552355746494e-30,8.469100566894656e-34,7.133372523258945e-38,76.5
-5.133716640075688e-06,4.561448541168694e-06,5.190097763341676e-05,0.00013691304670118367,0.000184861010873509,0.00018238423684149846,0.0004326129231789012,0.0013325231498429245,0.002732172875254045,0.004056811021878334,0.005291537686165596,0.006878726812346574,0.00811433960371724,0.009006403853750398,0.012423015657083985,0.01837556398670244,0.023243510197760747,0.027586551866901208,0.031058680660151702,0.027755806814124637,0.019113552950752802,0.011326711567222356,0.006275621415068621,0.006011807421560753,0.011954270479607843,0.019564388450683885,0.02172740971544802,0.02216146338632018,0.029750179134828098,0.03657868859523769,0.03042060178014023,0.018196258583229662,0.009480634934508618,0.004149106479198203,0.001224938483545575,0.00021444199677445651,2.135688605454669e-05,1.1968957792578982e-06,3.7642713113601246e-08,6.639259614583199e-10,6.565996991068575e-12,3.6408796235936466e-14,1.131962972152715e-16,1.973228177568548e-19,1.928596255993073e-22,1.0568763703797513e-25,3.247326066736325e-29,5.594308953909643e-33,5.403632844521735e-37,2.926469855661515e-41,77.0
-7.204789499699953e-06,-3.6884572864608806e-06,2.766302976476972e-05,9.566458350644826e-05,0.00018635472399659118,0.00036662670773499354,0.0007872227580339363,0.0014633398025318638,0.002550693491110663,0.0040087807812782435,0.005040631220636775,0.00597520604756091,0.007804452100256214,0.010252832723250204,0.013570810242427457,0.016993194696914925,0.01892434394140621,0.023113459459784484,0.029874818985998284,0.02921005149997736,0.018911596852529678,0.008652392475926295,0.005695479117508071,0.01100714121792571,0.01861483482175545,0.019678317571052036,0.018399928280226012,0.02652574788489121,0.03730765594233946,0.03355460405073949,0.0182990626400541,0.006271120440621838,0.0014117374784654302,0.00021100343899247795,2.0230384942419687e-05,1.1834903094055275e-06,4.06517567504853e-08,8.018965110200153e-10,8.982534684331156e-12,5.682511626847937e-14,2.0246929324081143e-16,4.057221894687441e-19,4.568620938595977e-22,2.8893133088430923e-25,1.0258740676402592e-28,2.0443831757511842e-32,2.2861582251355446e-36,1.4343429467289076e-40,5.048293821681119e-45,9.9663271872876e-50,77.5
-9.362798828597113e-06,-1.3068634631486872e-05,-4.755300173222898e-06,3.13605829294851e-05,0.00017884974583499334,0.0005301713901665552,0.0009240106312583291,0.0014193050054936375,0.002724380798240281,0.004527684917692517,0.0052113372728321995,0.005439182442074508,0.00798036996088903,0.012478520422147994,0.015636485885514126,0.0155809766519475,0.01455146806437857,0.018897783592731743,0.028389610318278906,0.030103384547238057,0.019351072237085244,0.009128678917386928,0.009016035761354589,0.015427443625830798,0.019515223255266095,0.020299646487943912,0.02605911244431848,0.03605238754929893,0.03521661691954142,0.021027135285713386,0.008405885284579445,0.003315383292065355,0.0015014671420214296,0.0005138754509267883,0.00010489009667105928,1.2127930270354024e-05,7.875318988604953e-07,2.868011869725564e-08,5.856395098224702e-10,6.705041110177143e-12,4.304193662723617e-14,1.5491771038710135e-16,3.126289438589031e-19,3.5373345473430717e-22,2.244098547994801e-25,7.982272514768715e-29,1.5919521614170355e-32,1.7801324294349157e-36,1.116075173736001e-40,3.923317179903888e-45,78.0
-1.2647898272214223e-05,-2.956175893863018e-05,-5.349312222359673e-05,-3.5275113303866184e-05,0.0001572947648159592,0.0005314231137229536,0.000955067709155533,0.0016093707643205122,0.0029738493206505267,0.00484262362889478,0.005772601891499268,0.005710188624046979,0.007167816094745185,0.011559339770766324,0.01620579558331784,0.016105197666731748,0.012460472490858599,0.014151770072519903,0.02414184384663569,0.030032467809800536,0.022747846334462973,0.013943369823595647,0.014368212418449326,0.01780558698569249,0.018120814634489044,0.022333961500748442,0.03447537471579696,0.040711908845375344,0.029484847468671735,0.012558168368083936,0.003716263922836937,0.001807975723582597,0.001444519817239827,0.0007934257936340308,0.00024866706284961976,4.375514314578721e-05,4.317204648843336e-06,2.3883519505798753e-07,7.4082069600767314e-09,1.2883882180406433e-10,1.2563169556144475e-12,6.868636518009648e-15,2.1055263677945947e-17,3.6188424091511846e-20,3.4873657217985623e-23,1.8842744285513036e-26,5.708337611295923e-30,9.696030749059513e-34,9.234154868129539e-38,4.930820130849569e-42,78.5
-2.107143328755859e-05,-7.226347306457304e-05,-0.00017617797631650666,-0.0002540765203812228,-0.00011102790853160496,0.00035046803659309015,0.001018131345838889,0.0017404221248007504,0.0029072054753977255,0.004977609973292247,0.006454775427101646,0.005681394325065693,0.004901168008308086,0.007840679371580905,0.013442296937228806,0.015832494541962696,0.013126677699201634,0.011804341361381886,0.018364541044261887,0.02795894962389555,0.02914283180906937,0.023728718828046294,0.01983992320994379,0.01589641643758771,0.014729873175610891,0.02623140135525996,0.043500043806891375,0.04333273175311471,0.02444241660997541,0.007920445847201937,0.0020537369905710974,0.0015220752163939393,0.0015958095054587843,0.0010217238212155443,0.00036839818094367674,7.449295961178992e-05,8.445720862010427e-06,5.368801654663877e-07,1.9135370011559685e-08,3.82397647490182e-10,4.2846208555817934e-12,2.6917109424014627e-14,9.481199378206832e-17,1.8724790845885415e-19,2.0734306209722917e-22,1.287303284423783e-25,4.481166526770678e-29,8.746214532882039e-33,9.57123556238869e-37,5.872658146245771e-41,79.0
-3.2491120403665416e-05,-0.00011326936054879662,-0.00023784655707535029,-0.0002441468157245911,8.560561123149721e-05,0.0006762603451979846,0.0011048456910689119,0.0012166943340533038,0.0013590040069857545,0.0016128711149009237,0.0017905490668969745,0.002186236398061417,0.0040518337151314796,0.008594772908218789,0.013326323489793034,0.01353432759772543,0.0096109615503785,0.007111819419978956,0.011331950448333362,0.022723748886891076,0.033052740184952446,0.03312698202251676,0.024667389998717253,0.01580233476390134,0.016499806250604723,0.031570917907012955,0.04657190627366433,0.04204329272403261,0.023276147512517664,0.008220841962454217,0.0022402360866552572,0.0009169671013620538,0.0005340323163844868,0.00021755341417172686,5.105777998990073e-05,6.738876220781507e-06,4.988607978354602e-07,2.070651790752579e-08,4.81898552755008e-10,6.2881554093716444e-12,4.6005503304287254e-14,1.8871879286519424e-16,4.340495916752315e-19,5.5973490618281615e-22,4.047103091074979e-25,1.640684140039522e-28,3.729276026016095e-32,4.752727508280125e-36,3.3960974046728814e-40,1.3606179533304603e-44,79.5
-4.420729369653668e-05,-0.00014855915075375793,-0.0002616744400396044,-0.00012799445967467304,0.00044189631001580903,0.0012050802454747194,0.0017477402319762837,0.0019259675131728013,0.001756099087838155,0.0015212845183078464,0.001602989542021919,0.002177513344017734,0.003811041081862199,0.007124280252321165,0.010645090523523474,0.011517295042606887,0.00907026927997915,0.005993634087630168,0.006309672838467537,0.01339819144773969,0.027358872345857058,0.03792253348339511,0.03316708015217735,0.021488685155077875,0.021976187361313352,0.034743649728417314,0.04034029341386578,0.032827819590637346,0.023881924731244418,0.01587013823723096,0.007477964773765885,0.0021657863305667314,0.0003826351196396445,4.3794874380619295e-05,3.4875908455847958e-06,1.942038125324679e-07,7.054051346017378e-09,1.5513327420306426e-10,1.97691894563453e-12,1.431064663501154e-14,5.837463187176879e-17,1.3376198484594653e-19,1.7197736918773932e-22,1.240069269608641e-25,5.013990899080082e-29,1.1367280414961938e-32,1.44495621687573e-36,1.0298500360894802e-40,4.115409065046791e-45,9.220855163658945e-50,80.0
-6.172887274385177e-05,-0.0001778159295143367,-0.00023147452001764354,0.00010485591201537538,0.0009830146507229139,0.0019821042657456045,0.0023233339702108534,0.001728670430658929,0.0009310294992395615,0.0008434540057466713,0.0015887872037380528,0.0027571240466599837,0.004519585728981292,0.007176822451239734,0.009438840520886834,0.010190742946729425,0.00954376246635903,0.00784056192509223,0.0063293613975830346,0.007614280153710917,0.015142339071614823,0.025268801554739578,0.02686600095402345,0.022825608424097515,0.02751041678136394,0.035958357285475535,0.033439675733448616,0.028821727713212737,0.034547446798037354,0.036617802260651845,0.02375154584885096,0.00874540948010915,0.001808877898647567,0.00020989009123438524,1.3660373580212146e-05,4.986830402627704e-07,1.0211544230723836e-08,1.1729480409813942e-10,7.557944666857404e-13,2.7320240378126112e-15,5.540395239411886e-18,6.3036666228757265e-21,4.024057049631452e-24,1.4413746856786643e-27,2.8970521104978865e-31,3.267596840866575e-35,2.0683342551998206e-39,7.347872927846253e-44,1.4651459363389996e-48,1.6398690094121458e-53,80.5
-4.8268235139175776e-05,-0.000114773006795355,-6.95673818163008e-05,0.00038815375976393283,0.0013494992414445186,0.0022590533209394053,0.002290431874613101,0.0014369825874562584,0.0006107933383479518,0.0005421562614715216,0.0014593986771596222,0.0032305536132237085,0.00537829192131352,0.007136436016075147,0.007966853745283433,0.009089359752968165,0.010535251959470672,0.00944684772268343,0.006181734197638941,0.0055404822964335585,0.011792369558253142,0.02227591252342449,0.027355125507328645,0.026624600401570556,0.02867406557496016,0.029372051331093513,0.022039029322006257,0.015784781791712207,0.018977022319097495,0.029748133192228934,0.03999624866744781,0.036309242776239425,0.019711591403260256,0.006118895693958171,0.0010711124392663734,0.00010530239527295856,5.807245119409869e-06,1.795900124288113e-07,3.114089000035854e-09,3.027638343913598e-11,1.650431021175728e-13,5.044406322652118e-16,8.644536652351628e-19,8.306006309773223e-22,4.474676491890066e-25,1.3516052448717748e-28,2.2890587125809588e-32,2.1736160530331568e-36,1.1572510148945214e-40,3.454547307892668e-45,81.0
-4.029164133235336e-05,-3.480849279743213e-05,0.0001569897177740637,0.0006493408914535403,0.0013036672289328313,0.0018335119907198234,0.0020001015042196155,0.0015887679889716804,0.000876041246554932,0.0006435796932673943,0.0014039849994582532,0.003251884030133917,0.0056490347592147334,0.007013874928394573,0.006993829465284403,0.00820246296511586,0.010674104768007127,0.010086958205787403,0.006423710544803075,0.005531503703897892,0.011956459039598235,0.022623816666244724,0.027900468212025433,0.027101972409620013,0.026833729780272993,0.023935048064958133,0.016675136045516417,0.011423768621161248,0.0087808045244206,0.00863481446919137,0.01765340092622948,0.03570620466866769,0.046396316145806867,0.03810413723230035,0.020375468395714372,0.007078791532385555,0.0015398828143223476,0.0002007499116881665,1.5195388373663435e-05,6.559278562168442e-07,1.600161525807733e-08,2.1967038023157685e-10,1.6936265033554853e-12,7.326708130286912e-15,1.7777334718023184e-17,2.4188560752826972e-20,1.8454506449767286e-23,7.894549006332398e-27,1.8935519292280266e-30,2.546529660428555e-34,81.5
-4.9509044553953195e-05,-5.202689490775201e-05,0.00016162215986800752,0.000775301099229299,0.0014667521007055624,0.0016015870382592627,0.001416197610244705,0.00147004029226207,0.0014545687220576442,0.001301687691420165,0.0016695835596530503,0.0028665785817318045,0.004537442864939836,0.005479799051406327,0.0052779528295330705,0.005784640768946628,0.00787728183638924,0.00938039106314413,0.00819668610264871,0.0072920644414717906,0.012840488818462972,0.023841124476794942,0.03009981735023816,0.02880308455812595,0.025374307328181717,0.019861179541823627,0.014692460206084283,0.012796429568106853,0.009830601284858893,0.004806267859560472,0.0017073472899461137,0.0031221577997854596,0.012893789897535847,0.03279752782823373,0.04940827333307984,0.04578758713513925,0.027192335622679132,0.010512904049558038,0.002585632307857724,0.0003877186415763552,3.416173966950511e-05,1.728132521766289e-06,4.9576031141066005e-08,8.01667070874073e-10,7.286203763346347e-12,3.7172088107230756e-14,1.0638383368209654e-16,1.707480313376271e-19,1.5367438891726164e-22,7.755102641317606e-26,82.0
-4.279601267155126e-05,-3.385609923312587e-05,0.00013448448579404744,0.0005851405286249078,0.001210461604088829,0.0016474277412196836,0.001646974072916849,0.0014336063570780891,0.0015538772722424115,0.0020029162623807417,0.00242214308199204,0.0031377741029318088,0.004412239581722737,0.005408762600736811,0.005646728796583348,0.005953211521749923,0.00707287513086831,0.00847843404396459,0.008487889089686987,0.008075541007493069,0.013090133467601746,0.02472807428467231,0.03317056524458185,0.03203834069377284,0.024896911253517406,0.01676775661407909,0.013832426273793271,0.015386714357963897,0.013110376127213707,0.006605683783600279,0.0018805257650455957,0.00031213894154038635,0.0002110136077947518,0.0016317698001715737,0.008303290044976767,0.024882197050231696,0.045426397333620194,0.05246611990613796,0.03905143022751834,0.018442816872340076,0.0053259908414999176,0.0009075692435330813,8.908595962593733e-05,4.969389311401098e-06,1.5643773345067815e-07,2.769777832461934e-09,2.7536190824891555e-11,1.535966515815368e-13,4.805291310981276e-16,8.430298647751376e-19,82.5
-3.5491505246961784e-05,-5.656013408432515e-06,0.0001949535179526499,0.0006210988463420926,0.0009905593008637363,0.00101824836300783,0.0011341176439462596,0.001786588380858803,0.002512917656915015,0.002850616002922168,0.003024626337355065,0.003432600550824612,0.0039664120433652115,0.004473940649443583,0.005628872867503885,0.007057031464701223,0.007867225086131685,0.008349236936888282,0.008329421376198954,0.008286247423372181,0.012627688782230554,0.02489600472106897,0.037115925159373696,0.03729235411307316,0.026039216589676676,0.014849154208370689,0.013926988680950911,0.020278550049988006,0.020662733581612577,0.012087683929173256,0.003973808087049545,0.0007326369220730455,7.606445323893466e-05,1.3392231920801794e-05,0.00013836748661665512,0.0012059361658859457,0.006097234866754188,0.01864248343047885,0.03700498419888243,0.05093334363928756,0.04842663748089864,0.029684126051451962,0.01094864152488526,0.002334483122953966,0.0002825433973516361,1.9265790216265516e-05,7.379274240004303e-07,1.5858758823113844e-08,1.9114478656477965e-10,1.2918739257612742e-12,83.0
-3.275957844241543e-05,6.639504886568055e-06,0.00023617801671985887,0.0007127569995669932,0.0010856628212832452,0.000925566655145825,0.0005457322989484591,0.0007204305973837495,0.0019305674132712625,0.0037455315914404377,0.004905520374566802,0.004893284402629005,0.004011675292054481,0.002940959343177556,0.003517528529034259,0.006697038294471569,0.010190200479822224,0.011142324983566685,0.00951428243710612,0.007972337078250645,0.011303858312384495,0.02396862955557983,0.040572024863594056,0.04430905072254945,0.030309019294919342,0.015231012783990064,0.01480479534128761,0.026897427089962993,0.03335325088259157,0.0235217182595633,0.009309606785771894,0.0020660477191884984,0.000257081294965865,1.7952364973027664e-05,1.3988999546826096e-06,1.640249110371909e-05,0.0002162939770179071,0.001610527004822313,0.0068708860273584416,0.017661713887889167,0.0310649154404309,0.044024826665752775,0.049663664983785806,0.03769352115864517,0.017101660689843534,0.0044341864114928005,0.0006481058622261455,5.319196172094021e-05,2.448749866375102e-06,6.321370740238505e-08,83.5
-3.354506533149265e-05,4.01647706611751e-06,0.00023779212108962592,0.0007409228753895471,0.001161929200243886,0.0010381865288163054,0.0006550854427716043,0.0005969849386450309,0.0008916720324960726,0.0016231427117949586,0.0036042675359105837,0.006333853866214002,0.006835101711835614,0.004398269771204213,0.002480404845126765,0.004115167576552342,0.009354476096069249,0.014432390544210853,0.014473147174714438,0.01044256537450278,0.01011357812433048,0.021301886078938397,0.04112825879355094,0.050427047498403765,0.037328526552254285,0.018836103087389904,0.01580926686469257,0.027094256069906345,0.03333829263964591,0.023429417832251706,0.009243334186541321,0.0020447950499645775,0.0002536250317880896,1.7638199236378233e-05,6.907974260187092e-07,1.7756717377811118e-07,4.868397748013257e-06,8.176876159588615e-05,0.0007706149190505027,0.00408611154677828,0.012349632588403468,0.02253791268156626,0.030153947047771475,0.03888123749147379,0.044097640266623966,0.03316960671470129,0.014576664048399305,0.003623590839361002,0.000505988998008622,3.9630367205496755e-05,84.0
-3.583369719667729e-05,-8.559494823199441e-06,0.00020341783787635,0.0006969349791402242,0.0011702963687262367,0.0011572064446034836,0.0008807569900069457,0.0007851384573795545,0.0008097702542093222,0.0011624377579737292,0.002435935933713273,0.004207514076540887,0.005420300707845865,0.005917022876117547,0.005463228306832236,0.004943510060751405,0.00742092787045529,0.013397706501428068,0.017668538569353007,0.015367355304237476,0.011872194110172339,0.019156931483560673,0.03957962213344035,0.054398586100918994,0.04471231405600961,0.02464616713013621,0.01930677440688809,0.02718696640394154,0.02826659909663755,0.016916519605744217,0.005688482197169485,0.001072694161277004,0.0001134177522700571,6.723689489954831e-06,2.2352405620891035e-07,7.351230646757889e-09,1.7198304240640284e-07,5.202961443475753e-06,8.828408018026049e-05,0.0008402646082752111,0.0044931467631099,0.01360281623838798,0.02415486811334268,0.028829827922161252,0.030797771461996207,0.03139595798354303,0.023064543012208692,0.01016697566415126,0.00255067747748424,0.0003599157225921846,84.5
-3.774188582346485e-05,-2.5246105629771337e-05,0.00014025963620722102,0.0005783775930813751,0.0010979006806456824,0.001244537967408095,0.0010627885590520103,0.0008755282675307919,0.0007829179491102338,0.0013269906561770054,0.002959571460183043,0.004330867524123687,0.003794159623516326,0.0028558280184192105,0.004159333726489794,0.00719704284080342,0.00995536069931137,0.013521747284106078,0.0176303398976451,0.016871684286176643,0.013083956357410978,0.01882665305272951,0.039350246433681464,0.056703188535861856,0.04925936891374028,0.029517031417841306,0.02269896395082761,0.02520564274594679,0.020388523284143,0.009563990180271703,0.002524819414296467,0.0003738685607359873,3.1041991618267225e-05,1.4451607128796134e-06,3.773110863988104e-08,9.226055578627038e-10,2.6792778840136613e-08,1.0874552804544041e-06,2.4751919178150783e-05,0.0003159222833918279,0.002262250351999649,0.009110520933330186,0.02087744660142364,0.028713003155751884,0.02858050600255413,0.027451656028268608,0.023705933911178093,0.013732897686318577,0.004659801724214521,0.0008947787792797242,85.0
-3.6830101568745755e-05,-3.773846687758554e-05,6.680342430660228e-05,0.0003947233160180069,0.0009082787641214152,0.001229698927320813,0.001114444908418574,0.0008237827374956597,0.0008004469086839122,0.0016751920793863968,0.003690800742065353,0.005151966256014135,0.004174108344042785,0.0020883001374189603,0.0015346449187889986,0.003845541777620496,0.00867264519904735,0.013930687057918464,0.017728536589050964,0.018188439579382376,0.016939050408321544,0.024089965445413974,0.04317223384806462,0.056799765823695864,0.04901739709350152,0.031858989165213986,0.023303870453328785,0.01917797388789629,0.011327500012612478,0.003942308079969606,0.0007760660959532553,8.579203645989875e-05,5.319162715302709e-06,1.849242343314646e-07,3.6095429175267896e-09,6.02096627715298e-10,3.9299905781397927e-08,1.5389928988496465e-06,3.379141083858386e-05,0.0004160189046049506,0.002872405766167775,0.011135963335241934,0.02441276356923651,0.03148445196186732,0.028643310135034256,0.02710413454572649,0.026216379256048045,0.017606808604995052,0.006928363553606423,0.0015405199509776542,85.5
-3.0667640389048386e-05,-3.813003873582071e-05,1.4262648575872838e-05,0.00020933635938664253,0.0006111079079790831,0.0010027304316073393,0.0009862388003326315,0.0007017989121812819,0.0008193056150875227,0.0019786421301180627,0.004311207026962621,0.006311550446658147,0.005949933650952082,0.0038757426631172457,0.0022840858741177126,0.002400268196730688,0.004881885985776825,0.010709151426542298,0.01830335569620223,0.02243749638213903,0.025279988647557164,0.03557160669094707,0.0484730313529318,0.05138172003702857,0.04314444461407177,0.030521455073598682,0.01969947856277122,0.011176041395092698,0.00454972021903601,0.0011364854511535106,0.0001636275441862053,1.3316902654061556e-05,6.091762288888964e-07,1.563778368347928e-08,3.258949978729542e-10,8.894253136434321e-09,4.399848654144221e-07,1.2206043341756567e-05,0.00018986234924704535,0.0016560313124139748,0.008103911248101376,0.022319180052376892,0.0352296569243418,0.03506252607764957,0.030389128116974425,0.029805828564700248,0.023933578094774557,0.011826348987089029,0.0033327478278012503,0.0005281274564161047,86.0
-1.947423802262248e-05,-2.605391268179256e-05,9.744805512674066e-07,0.00010508952567354698,0.00033402351349701056,0.0006025606784931221,0.0006657574871326019,0.0005625142265490677,0.0008013308247591408,0.0020058029824229855,0.004582806270406898,0.007347655993192561,0.007340834386184978,0.004438487510305548,0.00203106374257814,0.0016983556420890316,0.0027230352101649947,0.005879349072196896,0.013329673945877177,0.02494416478131091,0.039694663659757656,0.05175297134452445,0.05044675291907805,0.041548132003682826,0.03527060511480909,0.026435205068855345,0.014310182027150342,0.005417415292558749,0.001423122062807325,0.00024494144288587114,2.576455196861665e-05,1.5818280404884412e-06,5.54131735024578e-08,1.434200410805697e-09,2.615487439979851e-08,1.1349384368536356e-06,2.762685582891914e-05,0.0003771247330150635,0.0028885218286619435,0.01244294352910026,0.03044107555428787,0.04395381377267448,0.042477690463037315,0.034533279853245474,0.024777295554166183,0.012617163976897628,0.003879112322250523,0.0006814884427171852,6.743637856404687e-05,3.74561384709985e-06,86.5
-8.926915502589105e-06,-1.2345201198391353e-05,3.1118490933128327e-06,4.991559203722366e-05,0.0001160417988895076,0.00018673892422904316,0.0002805320608034284,0.0004868127500467598,0.0011694484839310135,0.002985878023939118,0.006115617849165179,0.009077879758669721,0.009778161065960533,0.00945470685848452,0.010799873097819589,0.011051930879429695,0.007522044984074158,0.004704217941038149,0.008497152296815217,0.022621663266503736,0.0434852883524571,0.053244584585386986,0.04454727206293267,0.03606273431847202,0.033421164788828256,0.024294217690485637,0.01093370425085873,0.002913475240345049,0.00046545285292330885,4.5911614056733285e-05,2.8708531089507717e-06,1.1439046666508784e-07,1.6518594384634756e-08,6.574913463372632e-07,1.771237869197946e-05,0.00026800177473518575,0.002283157668639918,0.011019318258699833,0.030574668876577536,0.050354012465001964,0.052125570461841825,0.03627041758942262,0.017366722934116608,0.005466429086315181,0.0010565830388899887,0.0001195213609746358,7.720938283738761e-06,2.817564209587959e-07,5.782386498598701e-09,6.661657666968497e-11,87.0
-3.832476896584368e-06,-3.0218358485134384e-06,1.761151195459908e-05,5.9858471578234126e-05,7.606794577844932e-05,6.418930604602644e-05,0.00017657158357308077,0.0006403562612982548,0.001686630433747309,0.0032543992719015606,0.004975240456334245,0.006945184854892911,0.008738259932824535,0.009732414985299167,0.011146063330182218,0.011607508652923587,0.009001191500539563,0.008081950889472238,0.015132925488688113,0.030462408762448052,0.045068296339818625,0.04519544632062472,0.03426554821247896,0.029533889025409616,0.02943838694204735,0.021508155486655422,0.009453850198901494,0.002417003093831671,0.00036193005770065545,3.236845593575038e-05,1.7965103805633917e-06,1.3303003189621016e-06,3.0980595007474394e-05,0.00042780865345526,0.003359995054291812,0.01508714980963732,0.03896797694573067,0.058263415297773555,0.05070454889798099,0.025768645986550796,0.007649119889224162,0.001322251860691042,0.00013240469541270388,7.632008725345842e-06,2.516733927430316e-07,4.722573487826188e-09,5.0213277814944245e-11,3.015588626897298e-13,1.0205628071716617e-15,1.9432066116779025e-18,87.5
-2.7533404707719266e-06,-1.9335608464236394e-06,1.4600180327941343e-05,3.920361574672216e-05,3.1915879320463673e-05,3.2720858082737676e-05,0.00021415871949119405,0.0007710413363606352,0.001751915440327846,0.0027875686404185136,0.0035542670717237787,0.004925146600694377,0.007446409864868512,0.009810576402576961,0.01177600833654088,0.01319592488187281,0.01375296295294886,0.01638785941892586,0.02311707485714425,0.03351042650147399,0.040030269018582476,0.0332709277188346,0.023439158554305638,0.024056559514866842,0.0262747014300257,0.0186127997682331,0.007625222645385312,0.0017859496323908639,0.0002405520511555156,2.2567096696412144e-05,8.018625571866646e-05,0.0009390191561074598,0.006254324257155421,0.02342786935183552,0.04933197915151633,0.05837127570984541,0.03879701982776005,0.01448104114137861,0.0030345559364679388,0.0003569374249164122,2.3562002907809324e-05,8.727487233763221e-07,1.8137076594801924e-08,2.1144599989716666e-10,1.3827588520521826e-12,5.071953961700139e-15,1.0434185616180737e-17,1.203852540723159e-20,7.789335598488343e-24,2.8263375798057745e-27,88.0
-2.3064841693732103e-06,-4.249671516890665e-06,1.545134728433921e-07,5.615209144528755e-06,3.0307809500369548e-06,6.329050137196264e-05,0.0003350974521590202,0.0009099972112764026,0.0016865804835859803,0.00230859735170714,0.0025577080096546257,0.0033445454834149435,0.005888113017529236,0.009521889125132046,0.013376672049505675,0.017898834702463187,0.022237842698471108,0.02469354114171477,0.027197524286798804,0.03094390051468635,0.028545381476285634,0.019533893314522585,0.016031691737616722,0.021201780917162266,0.022763742833856668,0.01451664697488996,0.005240979317703073,0.0010771133522186538,0.0003142114915151533,0.0018649689412705596,0.01013229313757553,0.031101299132466138,0.05365989665653024,0.052001163531088974,0.028291263331246302,0.00863795975681851,0.0014797097267060014,0.00014218932351431007,7.663445069713175e-06,2.3163582586374803e-07,3.926286101971052e-09,3.731909789201921e-11,1.989014225969249e-13,5.944169218000132e-16,9.960544257302067e-19,9.358536978207567e-22,4.9301689560410075e-25,1.4562693557487444e-28,2.4118240562766163e-32,2.2396082794166152e-36,88.5
-2.228323965590401e-06,-8.828417125362267e-06,-1.9492646160947356e-05,-1.8335972326838666e-05,3.772667419514036e-05,0.00021389029767212312,0.0005132540110534962,0.0008804566939938093,0.0013718025112545026,0.001857799412439759,0.001983865493799387,0.0023496324797517426,0.00454985325774155,0.009280484862602098,0.016058726526917193,0.023770824052823793,0.028463757206746418,0.02754375335825535,0.02432334031064616,0.019333158776675453,0.012218588641255959,0.007107098325264991,0.004671743193814892,0.0028198629677642917,0.0013253966861882008,0.0005049170001442732,0.0004222986472340206,0.002468935703588869,0.012047205406681196,0.03362880944382239,0.05292616378949935,0.04687489607245555,0.023337742902237373,0.00652676430006078,0.0010247615477204201,9.029557547296068e-05,4.463859490441233e-06,1.2378595316431797e-07,1.925263219310401e-09,1.6792885280093778e-11,8.213870721568004e-14,2.2528760066983757e-16,3.4648085972315115e-19,2.9878835680847553e-22,1.4447193593392337e-25,3.9168213541683323e-29,5.9540299134872396e-33,5.0747283961069616e-37,2.4251434400252097e-41,6.498059724850098e-46,89.0
-3.6795752954787203e-06,-1.70229014727274e-05,-3.84812784788835e-05,-2.350601562480954e-05,8.991573187662965e-05,0.0003001846362207781,0.0005248201851725969,0.000747972034796523,0.0011269913886784724,0.001582898035047355,0.0017224439724198475,0.0018937032435461954,0.003974616623158457,0.010595819594691245,0.022145646693745667,0.03237151928684849,0.03215021097309265,0.022806366191733925,0.01294040439541514,0.0062150718580904025,0.003304515897899589,0.003968777304978866,0.005582721342345142,0.00509847206021019,0.00298327450490754,0.0028984059924681282,0.010476527506669869,0.030130562415648314,0.04964241303319527,0.046013441268166796,0.023953168114237075,0.00699969965810312,0.0011479395357415166,0.00010563287573320242,5.453246566939936e-06,1.5791944983231388e-07,2.5650705193027744e-09,2.3367547445798566e-11,1.193852359075785e-13,3.4205079243594766e-16,5.495613058064068e-19,4.951237322998189e-22,2.5013392733480407e-25,7.085722079409023e-29,1.1254894131107959e-32,1.0023953133451682e-36,5.005789578404937e-41,1.4016469061000472e-45,2.200565774848467e-50,1.9371246837966456e-55,89.5
-7.0500143335627234e-06,-2.7790407751870723e-05,-4.9441693311122614e-05,1.2815619620962183e-07,0.00016295234579229764,0.0003529439548363372,0.00048418206482321927,0.000609322398663409,0.0008837974570478177,0.0013315068339714328,0.0016118274850726176,0.001942305352820747,0.004925108157458167,0.014877233344229805,0.029608737108705943,0.03527978222117045,0.025397285487608997,0.011716721508487868,0.003919598898779715,0.0013263822872264484,0.00133943541659489,0.0030456477667710753,0.005693468045312201,0.0073755151122554445,0.010154683829533292,0.02262344683956186,0.042670827738637014,0.04789184067576287,0.030336148618251686,0.010781694897482659,0.0021486779983150715,0.00024009598398447806,1.5042668832343641e-05,5.284346141363594e-07,1.0408406024277875e-08,1.14948708133086e-10,7.117888650917905e-13,2.471302219125607e-15,4.810923774177866e-18,5.2512106274811985e-21,3.2138024040320863e-24,1.1028288717394118e-27,2.1219091619176694e-31,2.2891574554727262e-35,1.3846987679566002e-39,4.696413059576987e-44,8.931187872504012e-49,9.52324097116875e-54,5.693687496722464e-59,1.9086949367152406e-64,90.0
-1.1290967371363331e-05,-3.626328517357804e-05,-4.990614538760824e-05,2.7601810104180524e-05,0.00021119397386848524,0.00038352971260908304,0.0004630327677844697,0.0004904455384885916,0.000652857345291017,0.0011299591551142477,0.0016804067073883796,0.0028381689211754283,0.008208201510818577,0.02056275721297643,0.031506001403578864,0.028578432586381416,0.015954549069162712,0.005932709898939738,0.0016156488310452698,0.0004738650816506637,0.0007366072364705575,0.002310936752647765,0.0065022493413100695,0.016307504958837326,0.033591297798149164,0.04762796842408474,0.041122828537022815,0.020573206903242252,0.005946540940804076,0.0010758961627729874,0.00016737420212649843,3.0456115480231437e-05,4.698951324175182e-06,4.496135937257721e-07,2.4556144065528965e-08,7.542038852410893e-10,1.299417713973733e-11,1.2553442778650363e-13,6.799885817357241e-16,2.0651909667383422e-18,3.516720211292246e-21,3.357641185616959e-24,1.7974200876291865e-27,5.3949041870395745e-31,9.078972861729015e-35,8.566600938904876e-39,4.532096949933692e-43,1.3443386456800795e-47,2.2358209019934114e-52,2.0848949481182874e-57,90.5
-1.4502740632970795e-05,-3.863159965782058e-05,-4.638493727097404e-05,3.0508020722006603e-05,0.00022258721336826257,0.0004256798138703397,0.0004732412469963602,0.00038965346338873695,0.0004854250174328553,0.0010547825134026194,0.0021917699067096966,0.005122376158286518,0.012484210686436216,0.02218676346389131,0.025985973017353326,0.020839847400617475,0.011935091636016562,0.00482348403499385,0.001317492100123449,0.00031422373633712753,0.0005740166821512688,0.003298180492619738,0.013802757717794456,0.03445930860822713,0.04937683363178103,0.04023926151159601,0.01860526850083597,0.0048852538431043415,0.0007555758875221019,0.0001591261713859692,0.0001942317926906587,0.00021096213533220462,0.00013039611393063567,4.520736441715676e-05,8.787734339953424e-06,9.577752405325905e-07,5.8528734292941986e-08,2.0053652994001628e-09,3.852447203716875e-11,4.1495283123306504e-13,2.5059915676334086e-15,8.485536680376278e-18,1.611008610247e-20,1.714885959673493e-23,1.023508525081258e-26,3.4250468838779985e-30,6.426291384935015e-34,6.760411678865544e-38,3.9875368506889316e-42,1.3187276508644317e-46,91.0
-1.5708128837808002e-05,-3.648022527055733e-05,-4.379931315393484e-05,1.6973056185727215e-05,0.00020580720778637772,0.00044170110570674465,0.00048779025958141863,0.0003594935388479564,0.0004523294067211397,0.0012381781342129079,0.003397271595544778,0.008068057193452901,0.014621038026583752,0.01912841741051005,0.019525826359853775,0.016502253800027816,0.010730605933545774,0.004844508429557931,0.0014570550978113136,0.0005296799307313925,0.0020787798398527063,0.00971434153430317,0.02667268366330801,0.04240485114699946,0.039938636184253855,0.023369489179378825,0.009025415779163928,0.0023731909455389586,0.0004125134041389201,4.669605168001017e-05,2.2304864733334372e-05,9.943195078450354e-05,0.00028431952508551733,0.0004563073964262813,0.0004106108873429844,0.00020716780916914875,5.8604764216248474e-05,9.295278561824425e-06,8.26629180765546e-07,4.121714364163278e-08,1.1522955586539874e-09,1.8062119896415726e-11,1.5874219831559344e-13,7.822307716528241e-16,2.161206370951778e-18,3.3479303815314128e-21,2.907872996699279e-24,1.416097927378552e-27,3.8666064977363266e-31,5.919506507723768e-35,91.5
-1.5316040021947714e-05,-3.260047005077196e-05,-3.6860927692506374e-05,1.5820766386957186e-05,0.0001658779198847184,0.00036591210916749707,0.0004712649209770755,0.00044604688586144,0.0006347138098914651,0.0018151656693368846,0.004970525041895484,0.009967868198028668,0.014259726298797541,0.01574311839965192,0.015358963514845163,0.013947475681655651,0.010535235056442454,0.005844236949487133,0.002377977304198684,0.0016872790423734883,0.006207501641781458,0.019490438403780105,0.035309761488830145,0.03716455634573778,0.02452828898333695,0.012467555517383891,0.006076623656883681,0.002614845073819712,0.0017989662336765008,0.00621498389694285,0.01870917163798381,0.03211152428168457,0.030917632991672456,0.016690795709393563,0.005052041200989551,0.000857384382872716,8.158364228305613e-05,4.35260692602189e-06,1.3020109713579762e-07,2.1837286676332567e-09,2.053532326134452e-11,1.0827376748689726e-13,3.200838707537244e-16,5.305461514154332e-19,4.930618301036384e-22,2.569203085040487e-25,7.506099601564271e-29,1.229558078863586e-32,1.1292825285250305e-36,5.815338605008822e-41,92.0
-1.4423890688301106e-05,-2.757880944825705e-05,-2.2020610377420098e-05,2.870576850200901e-05,0.00011691434474775346,0.00023265625519353525,0.0003980626024775289,0.000619169490519893,0.0011398713601554235,0.0027473768263122918,0.0060745515693951925,0.010250970045848093,0.013036309254302079,0.013197357987720076,0.012383616162299351,0.011828647901223142,0.009976552775831099,0.0069336565072786955,0.004463142528900472,0.004751656785130429,0.01223678989999534,0.026565664036012952,0.033914605953700584,0.025248056229821986,0.012798514501837733,0.007479137277210103,0.005981622100491425,0.003769385209334991,0.0014801806894269133,0.0007087408594418616,0.002999937510334836,0.01276285636442507,0.030853883600008323,0.04183002805461393,0.03179705851645302,0.013552037679143947,0.0032384790501258456,0.00043390676380209933,3.259647102137441e-05,1.372978024623457e-06,3.2424659500446826e-08,4.2934469270554803e-10,3.187539755507865e-12,1.3268565051294695e-14,3.096785626226132e-17,4.0524453212253425e-20,2.9733225290093443e-23,1.2231668882687599e-26,2.8212933622883736e-30,3.648628236780584e-34,92.5
-1.3152721663776855e-05,-2.0129057891590027e-05,-5.5910979389888225e-06,3.328418331130608e-05,7.46914313970356e-05,0.00013737034746483357,0.00034351843836857697,0.0008938684567287431,0.0018929841699288374,0.0035367313800508805,0.006400277087278693,0.009902206098266786,0.011615144917879901,0.01113850770847143,0.01101169044294658,0.011338979313968506,0.009705978462106553,0.007121645556246366,0.006479765637834578,0.00966504335991454,0.019074963863079938,0.029277757953873124,0.027269560684658467,0.014892790298269981,0.005837520233596241,0.0042485117504049005,0.005449580799606454,0.005014023433806503,0.0027501885482720872,0.0009041763576736023,0.0005889658035569514,0.0033517570452616,0.014497507341834085,0.03532677212403624,0.04826821913140142,0.03697752223488697,0.01588302354796998,0.0038251404794470245,0.0005165120235286418,3.9105002545039956e-05,1.659980697377398e-06,3.950868674656955e-08,5.272310595378396e-10,3.944829310020113e-12,1.6549096270991573e-14,3.892594682815289e-17,5.133610616208829e-20,3.795993851855714e-23,1.5737904765696018e-26,3.658366084395651e-30,93.0
-1.1767208330423799e-05,-1.3400380701983976e-05,2.7192566668246066e-06,2.966913814637783e-05,6.563564814658578e-05,0.00017168459700799994,0.0005180622930682834,0.001265810979928683,0.002337120202213831,0.003949554420623523,0.0065965898230843974,0.00907842089458715,0.009970501693074342,0.010454953649434493,0.011661712176354816,0.012335813416954057,0.010594871451269812,0.007340772184699848,0.0065767434766851535,0.01270428353844981,0.02330929395478603,0.02639356502437776,0.01756416045753012,0.007144080280794302,0.0022678360318570756,0.001910475350187626,0.0037668052485437917,0.005279440604942635,0.004382399083598383,0.002130359161221161,0.000928197428521946,0.0029577670638052354,0.013281203599764325,0.03446017446187902,0.05016165676224443,0.040940208895199115,0.018734718381047104,0.004806878252998298,0.00069150912077517,5.577653606121819e-05,2.52245834250933e-06,6.396100848644879e-08,9.093382079581109e-10,7.2486046384819315e-12,3.2396808034826353e-14,8.118370530163294e-17,1.140655114743563e-19,8.985839806486194e-23,3.969006667301458e-26,9.82932786459223e-30,93.5
-1.1076658686764512e-05,-8.16665511981378e-06,1.0216494587956587e-05,4.237342055047426e-05,0.00012667443393176144,0.00038408562551433883,0.0009091729625261147,0.0016009552132281056,0.0026161900524254134,0.004500876223394783,0.0065266520692878706,0.0075574941827813765,0.008825579521135003,0.011047248651987356,0.01248196342809175,0.011721979245520273,0.00988065514873,0.009690739148852053,0.013179948275833464,0.020072088201340377,0.023205458065955867,0.017052939901803964,0.008245116602927007,0.003220308803942059,0.001261873741853341,0.0009444282064106885,0.0021511937069658865,0.004279981720679694,0.005320636920249868,0.0043729780991480244,0.005179182091822648,0.015130590701257794,0.03491748260165071,0.04633885292429504,0.03453378753677894,0.01443124167829519,0.00338130704255569,0.0004442060976875563,3.271924467444042e-05,1.3512660336792806e-06,3.128940377347889e-08,4.0623052281757553e-10,2.9571043659518264e-12,1.2069230729449952e-14,2.7619217102372894e-17,3.543741010030497e-20,2.5493614934607674e-23,1.0282996919066418e-26,2.3255561302976762e-30,2.9488506904318634e-34,94.0
-6.694621973643528e-06,3.3021581484424855e-06,2.6366685810848396e-05,8.535243704082366e-05,0.00029231965639436055,0.0008003954162404815,0.0015596478698282857,0.0025049955636666362,0.0037879820470956773,0.004720384998269072,0.00477965558117693,0.005776201110891814,0.008873023216852297,0.011981668280546037,0.012502252401450607,0.010000996388953657,0.008320978841666127,0.012800363320016248,0.02170050089970898,0.02493702571465605,0.0179501841991611,0.010269639278411765,0.00958524918635108,0.011160010806347513,0.010056187792552863,0.011954855987115157,0.022299651751674136,0.031198612370532754,0.026486333187496876,0.014351692436723983,0.005646531815713902,0.0017246840125439771,0.00037276080347606257,5.024345707985561e-05,3.945280210609849e-06,1.7590695337529555e-07,4.415877913168094e-09,6.224666796922225e-11,4.922826431810074e-13,2.1837127938138187e-15,5.432747327660761e-18,7.580029341736146e-21,5.931186589694763e-24,2.602711207845834e-27,6.4050028078348654e-31,8.839287376043494e-35,6.84093787000357e-39,2.969002515835078e-43,7.226004775524735e-48,9.862228823737393e-53,94.5
5.939763997841938e-06,2.2455324271695746e-05,5.514810757066103e-05,0.00020188524375623057,0.0006857159419590962,0.0015944389744245008,0.0026699408406583684,0.003422985133725245,0.003217978461209173,0.0024714573344016056,0.003127721216456611,0.006154081797675641,0.009933562086101702,0.012102337685634347,0.01123357257595453,0.008162401407591332,0.008415436599333291,0.016273983121407962,0.024699682847219268,0.02326460757964061,0.01612281038087144,0.01215607330061328,0.00989818120568394,0.007382166858479922,0.010000374026092818,0.022485102044590127,0.035278870813833546,0.03192691498721773,0.017030488217374785,0.007092787234448015,0.004356431982485013,0.0029727478199648963,0.0013098454586103559,0.0003296486685338248,4.666872887176279e-05,3.7103486446742748e-06,1.656355428838738e-07,4.151942838528262e-09,5.844185585497637e-11,4.619410414461492e-13,2.0504655117797195e-15,5.111322638916092e-18,7.155475485266608e-21,5.625684303703998e-24,2.4839844334298772e-27,6.159730122226376e-31,8.57855355453911e-35,6.709712230075383e-39,2.94731589444138e-43,7.270690557564571e-48,95.0
-2.862752711616205e-05,-2.2631004289557327e-05,0.00013329746594610567,0.0006605216489862923,0.001489199404487697,0.0019564347181907525,0.0018647521151016575,0.00182734984007273,0.0018334371376765336,0.001993294689396633,0.0036493258468373864,0.007018988882372859,0.01051623292101243,0.014410892717085526,0.020429622880720116,0.027630602721735793,0.03302533523651556,0.03429746716880592,0.028458328914948736,0.018515959893275164,0.01240551490438428,0.010258404249046884,0.012702133987838003,0.027643817718225935,0.0538077763804728,0.07209281571613925,0.06631216383103883,0.0416797943275983,0.018540160977711703,0.008245705888286436,0.0050044190193658375,0.002566456744673421,0.0007986124370546799,0.00014094454644607128,1.396925931678006e-05,7.764497969030188e-07,2.4198336715545952e-08,4.2284220438790616e-10,4.142764371317579e-12,2.275731436584077e-14,7.009235092163856e-17,1.2104283354286885e-19,1.1719966587433574e-22,6.362568954247627e-26,1.93667821406392e-29,3.30522682575694e-33,3.1627430298292118e-37,1.696857539013126e-41,5.104411682614121e-46,8.609240544216269e-51,95.5
-2.2933603148271506e-05,2.8678202715404784e-05,0.00038387203569587903,0.0012697409538347734,0.0022298650347441357,0.0023316720536890358,0.0016894881721142567,0.0012033828157328886,0.0011668524635828743,0.0018979183223056504,0.003979528645017025,0.0069916801434954275,0.010480523119015709,0.015211315400913835,0.02457703345891355,0.04221012084836857,0.05711693293965228,0.053023607339852036,0.03560212676892207,0.02074338198827728,0.013421076128355615,0.00941749949943799,0.007191943734114529,0.013249380717449582,0.03540887105389798,0.06700228198840633,0.0813689200807307,0.06283214019402278,0.031000122253845068,0.011420800041079386,0.00532001812113698,0.003067653542191889,0.0012434891478496752,0.00029246722906480844,3.8743210327561647e-05,2.8793093103415006e-06,1.1998670565933946e-07,2.803503540274488e-09,3.6727256690462234e-11,2.6977070209915556e-13,1.1110149947243225e-15,2.565452018433544e-18,3.3214422774430012e-21,2.4110618920168504e-24,9.813159211887828e-28,2.2393819215313784e-31,2.8652751106265633e-35,2.055527651272719e-39,8.267975024496491e-44,1.8646349723126078e-48,96.0
-2.649751272527292e-05,-9.541168291908304e-08,0.0002078161904041021,0.0006743264021621189,0.0011826098959981832,0.0013692110064668654,0.0011774935310244815,0.0009445033539306296,0.0011082874245880133,0.0020146450061405492,0.0032483027730892387,0.004007272300489118,0.004880416925369846,0.007574928785657246,0.01637409973061254,0.03551722075771741,0.05277622945560184,0.04878221769666967,0.03153849545164775,0.019804512789073313,0.01504350529285265,0.011845844884154296,0.007892266638901942,0.006401929515859468,0.014938339473171747,0.039355383817441476,0.07055459295243326,0.0829717629430448,0.06358881846680944,0.03167611575863677,0.011316793440996972,0.0038271604281693867,0.0012865991167727848,0.0003140804075861421,4.594810136267828e-05,3.8224284130059534e-06,1.7880197626580863e-07,4.692173448713458e-09,6.90470101256464e-11,5.696979189830454e-13,2.6355135634550327e-15,6.8360483078118575e-18,9.941774522883931e-21,8.106652342882192e-24,3.706278307813633e-27,9.50065055077275e-31,1.365486773091455e-34,1.1003744243211145e-38,4.971784708711723e-43,1.2595139371886184e-47,96.5
-2.6272441329329854e-05,1.4238734014503809e-05,0.0002765969981438337,0.000832207164049095,0.0013924557551633853,0.0015688266098724674,0.0013711896667109066,0.0012696357689795928,0.0016335080309130203,0.002202546674368968,0.0023704495084927724,0.002494426971767414,0.004048191401278969,0.007769907460718312,0.015765057549363554,0.03201005054130149,0.0474080515290143,0.04334885512574821,0.02616836694533506,0.015851510357193635,0.013726491575135344,0.013068886146363748,0.010898408420559938,0.0072220989569006895,0.007006102385338027,0.01768519037069215,0.04141869370492722,0.067312340879732,0.07925373396952946,0.06705578922779015,0.03759485751528286,0.013095210067284544,0.0027971943486544784,0.00037526202127908273,3.259965918767048e-05,1.8404760204394249e-06,6.54537603374795e-08,1.4046695262440657e-09,1.7589811536330388e-11,1.2597891791676582e-13,5.106992772414721e-16,1.1659195576889631e-18,1.4954627552286373e-21,1.0764848417256213e-24,4.346557087070475e-28,9.842082733351743e-32,1.249644616306012e-35,8.896572876398085e-40,3.551288642392893e-44,7.9482548232257e-49,97.0
-3.5593528164434446e-05,9.79631137507198e-07,0.00030130186832624524,0.0010428562657050773,0.0019184792030820324,0.002215822893725436,0.0017858439859168111,0.0015177413887717964,0.0021242181109516678,0.0027343007545327152,0.0022759638047575195,0.0017344489485512404,0.0030150940406714036,0.006977607184440948,0.014782214516764309,0.028962958514545476,0.04281002064972055,0.03975311786979124,0.022716912841566392,0.011101834064846631,0.009474848972915985,0.011118880769396024,0.012151899588620828,0.010392921366125036,0.0071783149721195445,0.009727318193115985,0.024440218510958032,0.04616770779074137,0.0627080887443181,0.07127872655171691,0.06468204172967684,0.03888866709499229,0.013845675003536492,0.00280767978083733,0.00032067373147807917,2.056475201642815e-05,7.398612984974415e-07,1.4928848302840817e-08,1.6892984307705068e-10,1.0719328987606812e-12,3.814128019305125e-15,7.609895928401436e-18,8.513533222267184e-21,5.3405049496011316e-24,1.8784137798138147e-27,3.7045275274840567e-31,4.0964155053358955e-35,2.539817094302304e-39,8.829300761942314e-44,1.7209734544795742e-48,97.5
1.3917194232320304e-05,0.00011308068393799253,0.0005357919883729425,0.0015915532376015716,0.002791357374339572,0.0028730034574238564,0.001953561253148885,0.0014834372135805792,0.0020572946853593694,0.003112365213710448,0.003518170459286592,0.0029661729426117673,0.0032358244428805196,0.006440951742809983,0.013712641670707768,0.026279586892923187,0.03893657605085169,0.03743137785085265,0.02163624660017184,0.008428449140039939,0.005116919385207425,0.00758123659472669,0.011523822675660787,0.012663875557125759,0.009352336874798863,0.007949635775164537,0.017059057186744084,0.03535693483107658,0.049250142778096674,0.056947352618264196,0.0648690523245084,0.05775130819875443,0.03190521829657896,0.010124065627250774,0.001811813517409511,0.00018212507790425653,1.0272853047940316e-05,3.2504175053942875e-07,5.768318733525129e-09,5.7409185030194975e-11,3.2041120755546613e-13,1.0027855368773392e-15,1.759817966008035e-18,1.731713178683202e-21,9.554870144265092e-25,2.956027166677215e-28,5.127699878859223e-32,4.987285118740525e-36,2.7197621598458535e-40,8.316126914433178e-45,98.0
4.169359276318711e-06,0.0001212632980375107,0.0007573378547268921,0.0025213448982965695,0.004714531324611114,0.005028164784078925,0.00327464807098724,0.001779121244205412,0.001559336207971179,0.002388945903604597,0.003968146775466331,0.005135903062913778,0.005452504619193073,0.007256485051121979,0.01308384758823562,0.024008672528888005,0.035646244612970744,0.035566629274101626,0.02160491593158614,0.008037971917938987,0.003630131200072506,0.006739317081239951,0.01274912899594042,0.014719119336809004,0.01016627186641376,0.0058928157132820125,0.010128089705488563,0.025558203576307493,0.042881136893250425,0.052411766394175954,0.06015776066423706,0.060445844567700774,0.04060147806587506,0.016001350426396672,0.0035721604450126704,0.0004481195083215944,3.153454997751832e-05,1.2443551778076453e-06,2.7531574326389063e-08,3.415378278245884e-10,2.3755595148405642e-12,9.264286307356006e-15,2.0257081883182358e-17,2.4834798555162923e-20,1.7071168052412462e-23,6.579375460411931e-27,1.421755576682838e-30,1.7225984289234e-34,1.1702051088598819e-38,4.457165594493288e-43,98.5
-6.8249564113865175e-06,8.21036341854658e-05,0.0007274239689048905,0.002924223038370786,0.006454263891414035,0.008051092786867891,0.005878489600195816,0.0028604610281268428,0.001345464442994151,0.0011713066445964916,0.0024641177835388393,0.005324682660807272,0.008240518601578047,0.010496295769984195,0.01451412957312603,0.02291197501226536,0.03263636045650788,0.0331976564430285,0.021409408495710495,0.00918272592018884,0.006507990985007949,0.012648315509337371,0.019154445311838637,0.01702484457005633,0.0088585978906087,0.003313060934647073,0.003567753166894087,0.011548758036090295,0.029263717771836943,0.051088968563557435,0.0665120139575541,0.06441224985836234,0.041626784118965185,0.016272786549920717,0.0036672140324021415,0.0004677877008144435,3.356234331949103e-05,1.351536673373152e-06,3.052611526384947e-08,3.8661902651948783e-10,2.7455535053950805e-12,1.093202853065698e-14,2.440575166470754e-17,3.054942438814574e-20,2.144040089157892e-23,8.436876080147391e-27,1.8614410890031793e-30,2.302691540505495e-34,1.597132964859454e-38,6.2110527705477105e-43,99.0
-4.745079016655362e-05,-4.1698794511896764e-05,0.0004127941961452355,0.0022892045741230403,0.0057834216292290885,0.00801452605614117,0.0062733429865273575,0.0028579468885241155,0.0008660424895953946,0.0003262509266162316,0.0006785994770606036,0.0027074475260867197,0.007697358648360507,0.01477618081116953,0.021098300952524362,0.02636315977616568,0.030675942999141986,0.029254639713705947,0.019967680532424058,0.012054207893353989,0.017093288107784342,0.03364300041143206,0.043636438435589314,0.03424766741756061,0.01664893394914649,0.005406846161970113,0.0017759255606202681,0.0037047852686924333,0.014681003380839651,0.0383166491341034,0.062137854385633434,0.061497180500700716,0.03624997311582438,0.012446385456839407,0.0024499488741423214,0.0002737543681865892,1.7266001352052266e-05,6.12763046997382e-07,1.22161191772974e-08,1.366864803846159e-10,8.579545890458231e-13,3.020239916439419e-15,5.9621128461876795e-18,6.59949525339623e-21,4.095975718454344e-24,1.4253841752844434e-27,2.7811863419870127e-31,3.042633036164396e-35,1.866333327646969e-39,6.418719102047824e-44,99.5
-5.093465914198629e-05,-0.00010211213971228567,2.2850790816551336e-05,0.0008378445201835259,0.0030196420366512314,0.006264305084836816,0.008104847075143657,0.006414519065724702,0.0030344558394056896,0.0009417375308553394,0.0007013686373128773,0.0022663686741518983,0.007167864523416008,0.016779390443708415,0.02651625342194137,0.028649760746206426,0.024857683914758327,0.021284272034576515,0.01787089035944395,0.017656997928336728,0.02587722378686891,0.0384541558590218,0.04619380234697402,0.04111820886753047,0.024813903509792283,0.009524336116739383,0.0024653626094564953,0.0024843025100365745,0.011104644286783481,0.03187135411339357,0.051690823214074234,0.047215903574551944,0.02426547397295055,0.007010958083782135,0.0011381182360930232,0.00010375523335731997,5.309859519583047e-06,1.5250396486548826e-07,2.4575816976674307e-09,2.221721782571606e-11,1.1266001745964437e-13,3.2040945544759313e-16,5.110500059586197e-19,4.571082660920561e-22,2.2927324570653786e-25,6.448398866411018e-29,1.0169595247905397e-32,8.992913048568251e-37,4.4589824629731847e-41,1.2396668652292722e-45,100.0
